tree
version=v4
num_class=1
num_tree_per_iteration=1
label_index=0
max_feature_idx=24
objective=binary sigmoid:1
feature_names=ret20 ret60 ret120 momentum252_20 ma20 ma60 ma200 drawdown60 drawdown252 vol20 vol60 downside60 vol_expansion rsi14 volume_shock log_turnover turnover_shock range20 relative20 relative60 market_ret20 market_ret60 breadth200 market_vol20 dispersion20
feature_infos=[-0.9818074107170105:11.310866355895996] [-0.95954751968383789:13.263803482055664] [-0.99199998378753662:13.000000953674316] [-0.9963386058807373:22.935483932495117] [-0.96850407123565674:4.0509729385375977] [-0.96914470195770264:5.4120035171508789] [-0.99148815870285034:6.6862931251525879] [-0.99072206020355225:0] [-0.99882990121841431:0] [0.013567640446126461:40.780242919921875] [0.014185873791575432:23.541126251220703] [0.0084101734682917595:2.5332150459289551] [0.0082130823284387589:1.7618670463562012] [0:1] [0.0078309196978807449:12] [15.424999237060547:24.431047439575195] [0.084074698388576508:3] [0.0015483470633625984:1.0744723081588745] [-0.97252362966537476:11.417043685913086] [-1.0166565179824829:13.27064037322998] [-0.10673821717500687:0.13794340193271637] [-0.19602669775485992:0.16679386794567108] [0.11909021437168121:0.65175098180770874] [0.10708151012659073:0.34194949269294739] [0.031471334397792816:0.040385045111179352]
tree_sizes=1725 1781 1791 1799 1798 1792 1797 1781 1794 1791 1791 1787 1798 1800 1808 1787 1789 1781 1796 1797 1802 1802 1793 1789 1799 1800 1796 1815 1807 1798 1819 1788 1808 1806 1805 1813 1803 1795 1794 1795 1793 1804 1793 1800 1799 1813 1809 1818 1810 1806 1800 1801 1797 1807 1793 1814 1804 1807 1807 1805 1790 1801 1789 1794 1804 1790 1806 1807 1799 1803 1804 1818 1792 1808 1812 1796 1810 1812 1790 1817 1802 1795 1790 1811 1823 1810 1815 1803 1809 1805 1799 1813 1805 1812 1801 1782 1798 1824 1799 1810 1796 1816 1796 1806 1823 1815 1804 1794 1807 1805 1801 1817 1803 1824 1808 1783 1795 1796 1788 1818 1815 1815 1795 1804 1798 1811 1795 1794 1802 1808 1805 1805 1816 1773 1805 1799 1810 1809 1780 1795 1813 1812 1796 1797 1790 1818 1786 1782 1800 1807 1814 1812 1817 1798 1783 1798 1807 1817 1815 1803 1791 1806 1801 1809 1805 1819 1802 1791 1792 1812 1808 1795 1783 1799 1801 1798 1808 1806 1815 1796

Tree=0
num_leaves=15
num_cat=0
split_feature=10 3 17 3 10 24 21 21 3 15 22 15 21 22
split_gain=2684.45 826.555 325.76 277.412 193.353 179.291 177.222 151.915 134.309 124.215 134.012 106.004 79.0876 63.3859
threshold=0.34760650992393499 0.34252400696277624 0.023893499746918682 0.68045082688331615 0.49068976938724523 0.034263120964169509 0.047117670997977264 -0.010894828941673039 0.68045082688331615 19.511759757995609 0.31738407909870153 20.726525306701664 0.078718151897192015 0.22501113265752795
decision_type=2 2 2 2 2 2 2 2 2 2 2 2 2 2
left_child=1 2 -1 4 5 7 8 -2 13 12 -11 -7 -6 -3
right_child=3 6 -4 -5 9 11 -8 -9 -10 10 -12 -13 -14 -15
leaf_value=-1.7175997776065113 -1.6718592325511918 -1.7177707751430287 -1.7035317097655309 -1.6654929974374071 -1.6808378992464486 -1.6954923136278177 -1.7012759746494268 -1.6949397073531074 -1.636721984092911 -1.6852660040050909 -1.6439881677348793 -1.6525850577637604 -1.6921741888039095 -1.673965111546782
leaf_weight=5576.7597342953086 934.82718181610107 35.706916138529778 3181.0365772917867 882.00233355909586 4365.5599844679236 3747.7255144491792 302.0580043271184 555.02130402624607 118.60246542841196 182.66520483791828 209.38312496989965 61.886786945164204 919.07995490729809 541.94934111088514
leaf_count=42602 7021 271 24253 6754 33264 28693 2351 4252 903 1382 1606 474 7021 4129
internal_value=-1.69547 -1.70906 -1.7125 -1.68429 -1.68583 -1.69065 -1.67901 -1.6804 -1.66941 -1.68134 -1.66249 -1.69468 -1.6828 -1.67701
internal_weight=21614.3 9756.11 8757.8 11858.2 10976.1 5299.46 998.317 1489.85 696.259 5676.69 392.048 3809.61 5284.64 577.656
internal_count=164976 74509 66855 90467 83713 40440 7654 11273 5303 43273 2988 29167 40285 4400
is_linear=0
shrinkage=1


Tree=1
num_leaves=15
num_cat=0
split_feature=11 3 20 23 11 21 9 23 15 3 23 3 20 3
split_gain=2221.68 854.534 504.388 282.189 268.819 194.055 190.628 143.704 157.768 109.811 103.06 93.5926 89.7403 75.2915
threshold=0.22649338096380237 0.30798417329788214 -0.033946592360734933 0.13085953146219256 0.32113440334796911 0.022456310689449314 0.24342071264982226 0.22021089494228366 19.660930633544925 0.57051521539688121 0.2665951550006867 0.49058127403259283 -0.098063450306653963 0.85414555668830883
decision_type=2 2 2 2 2 2 2 2 2 2 2 2 2 2
left_child=1 6 5 9 10 7 -1 8 -2 -3 11 -4 -9 -5
right_child=2 3 4 13 -6 -7 -8 12 -10 -11 -12 -13 -14 -15
leaf_value=-0.023265185937038795 0.026582406280968331 0.023634284878391785 -0.002104683531408023 -0.00031168341695890554 0.0098397054034525967 0.0034227377872118954 -0.012184687038640347 0.037824402524972447 0.071934382289669405 0.06514509627542385 -0.015587896722655068 0.019955491786130732 0.012634982998477363 0.038001859436260672
leaf_weight=3825.8612635061145 1711.4351569116116 249.32369953393936 2672.0523983463645 855.20703727006912 4577.583446264267 823.23124486207962 3864.3778098747134 187.52530565857887 94.054255142807961 119.63181295990944 638.961227029562 248.27939769625664 1688.2693501412868 57.800580054521561
leaf_count=29674 12878 1897 20366 6541 34556 6290 29746 1398 702 894 4877 1887 12834 436
internal_value=-4.57451e-07 -0.0133118 0.00945031 0.0130659 0.00423889 0.0188339 -0.0177202 0.0222616 0.0293282 0.0384578 -0.00297166 -0.000167482 0.0153404 0.0024993
internal_weight=21613.6 8972.2 12641.4 1281.96 8136.88 4504.52 7690.24 3681.28 1805.49 368.956 3559.29 2920.33 1875.79 913.008
internal_count=164976 69188 95788 9768 61686 34102 59420 27812 13580 2791 27130 22253 14232 6977
is_linear=0
shrinkage=0.035


Tree=2
num_leaves=15
num_cat=0
split_feature=10 3 20 10 20 23 10 20 21 24 23 23 15 3
split_gain=2369.38 739.179 389.863 255.468 231.677 189.701 162.388 157.319 147.902 123.145 118.977 113.598 131.039 105.624
threshold=0.34760650992393499 0.34252400696277624 -0.033946592360734933 0.25640985369682318 -0.028148042969405648 0.1800835654139519 0.46645346283912664 -0.028148042969405648 0.022456310689449314 0.039040250703692443 0.25695779174566274 0.22021089494228366 18.93640232086182 0.57051521539688121
decision_type=2 2 2 2 2 2 2 2 2 2 2 2 2 2
left_child=1 3 8 -1 5 13 10 -5 11 -9 -4 12 -2 -3
right_child=2 4 6 7 -6 -7 -8 9 -10 -11 -12 -13 -14 -15
leaf_value=-0.023270128381857973 0.024792948044376116 0.026694165721053428 0.0029538012033665253 -0.0034324877707137473 -0.0029115337409378367 -0.0091300988589328811 0.0098647132450298183 -0.018547739560801746 0.0055625286752645151 0.0059734368902664703 -0.014083817550456349 0.015711724741902758 0.0550059683681604 0.064250253095677029
leaf_weight=3687.1103003174067 1454.8188133239746 284.79712927341461 2542.7995437160134 1991.2223918735981 470.85188370943069 114.23770072311163 4685.6081301942468 2622.272470138967 819.37157549709082 272.6548336148262 615.03047902882099 1700.0704004988074 201.57306282222271 148.89639803767204
leaf_count=28985 10753 2112 19356 15376 3612 863 35189 20380 6244 2114 4710 12748 1467 1067
internal_value=1.61113e-07 -0.0129651 0.0103493 -0.016315 0.0151093 0.0303697 0.00573742 -0.0110298 0.0189775 -0.0162256 -0.000398491 0.022226 0.0287777 0.0407455
internal_weight=21611.3 9592.04 12019.3 8573.26 1018.78 547.931 7843.44 4886.15 4175.83 2894.93 3157.83 3356.46 1656.39 433.694
internal_count=164976 74509 90467 66855 7654 4042 59255 37870 31212 22494 24066 24968 12220 3179
is_linear=0
shrinkage=0.035


Tree=3
num_leaves=15
num_cat=0
split_feature=17 20 23 10 23 15 2 22 10 24 17 23 20 10
split_gain=2243.29 354.732 344.446 289.94 260.5 250.798 199.963 166.319 164.689 104.466 91.0031 90.4189 88.3577 85.8531
threshold=0.027998196892440323 -0.028148042969405648 0.13350772112607959 0.28422835469245916 0.22021089494228366 19.256583213806156 0.14465010911226275 0.49088340997695928 0.45595477521419531 0.039040250703692443 0.02039874438196421 0.25695779174566274 -0.087301429361104951 0.34760650992393499
decision_type=2 2 2 2 2 2 2 2 2 2 2 2 2 2
left_child=2 4 6 10 5 7 -1 -2 11 13 -4 -3 -6 -5
right_child=1 8 3 9 12 -7 -8 -9 -10 -11 -12 -13 -14 -15
leaf_value=-0.0062771172538830374 0.025726975691290573 0.00095900027659210458 -0.027035755030528325 -0.014464356480015783 0.021347688577485164 0.062737679005976862 0.019045326929961942 0.00020696642627590582 0.0089470574592002573 0.014816067313617219 -0.016458662602435385 -0.01585036593832783 0.0057037376330979529 -0.0026639112334466523
leaf_weight=1406.2057260498405 1951.1801529228687 2079.7853264138103 2255.1452152207494 2012.0538040474057 560.61849649995565 191.78754886984825 513.12348137050867 372.40229295194149 4426.434427022934 212.51127848029137 1914.6347985491157 472.77675054967403 2025.6786205694079 1214.0518310964108
leaf_count=11054 14290 15896 17970 15717 4183 1369 3906 2838 33008 1629 15046 3645 15239 9186
internal_value=-1.10156e-06 0.0100103 -0.0126922 -0.0160307 0.0170172 0.0250237 0.000556343 0.0216553 0.00487122 -0.00847056 -0.0222301 -0.00220408 0.00916396 -0.0100456
internal_weight=21608.4 12080.7 9527.73 7608.4 5101.67 2515.37 1919.33 2323.58 6979 3438.62 4169.78 2552.56 2586.3 3226.11
internal_count=164976 90468 74508 59548 37919 18497 14960 17128 52549 26532 33016 19541 19422 24903
is_linear=0
shrinkage=0.035


Tree=4
num_leaves=15
num_cat=0
split_feature=17 23 20 10 23 15 2 10 22 24 17 20 23 7
split_gain=2094.32 327.421 323.612 279.369 234.517 220.766 184.724 152.226 110.433 97.7409 88.953 86.3584 85.3437 83.4577
threshold=0.027998196892440323 0.13350772112607959 -0.028148042969405648 0.28422835469245916 0.22021089494228366 18.222835540771488 0.14465010911226275 0.45595477521419531 0.49088340997695928 0.039040250703692443 0.02039874438196421 -0.03866703808307647 0.25695779174566274 -0.049102591350674622
decision_type=2 2 2 2 2 2 2 2 2 2 2 2 2 2
left_child=1 6 4 10 5 8 -1 12 -2 11 -3 -5 -4 -8
right_child=2 3 7 9 -6 -7 13 -9 -10 -11 -12 -13 -14 -15
leaf_value=-0.0060858886709596683 0.021943411795814497 -0.026605256117429952 0.00092497548407255924 0.00025452605492192669 0.0087910858184275797 0.044023137096713079 0.035220956526042381 0.0085813804629991091 -0.00023948868765272144 0.014179136314157592 -0.016072902920307094 -0.013049687462864586 -0.015476914894896993 0.006591530207539365
leaf_weight=1400.0526648759842 1711.4189255535603 2212.3524745032191 2081.1619991883636 793.13841488957405 2602.3360073119402 519.17784883081913 201.68371871113777 4453.4634525328875 326.9084312915802 214.69465005397797 1892.6018703579903 2410.4665073305368 467.5728345438838 318.159877166152
leaf_count=11054 12329 17970 15896 6088 19422 3677 1483 33008 2491 1629 15046 18815 3645 2423
internal_value=-3.01257e-06 -0.0123626 0.00959577 -0.0156509 0.0162393 0.0237543 0.000537519 0.00468407 0.0184019 -0.00822447 -0.0218001 -0.00976533 -0.00213273 0.018154
internal_weight=21605.2 9443.15 12162 7523.25 5159.84 2557.51 1919.9 7002.2 2038.33 3418.3 4104.95 3203.6 2548.73 519.844
internal_count=164976 74508 90468 59548 37919 18497 14960 52549 14820 26532 33016 24903 19541 3906
is_linear=0
shrinkage=0.035


Tree=5
num_leaves=15
num_cat=0
split_feature=10 3 20 17 20 23 23 15 24 10 22 23 20 3
split_gain=1969.2 676.112 306.51 278.602 192.76 160.807 151.146 195.831 141.39 137.109 112.28 90.9549 88.0352 84.1626
threshold=0.34760650992393499 0.34252400696277624 -0.028148042969405648 0.023478670045733455 -0.028148042969405648 0.1800835654139519 0.22021089494228366 19.256583213806156 0.039040250703692443 0.45595477521419531 0.48759272694587713 0.13085953146219256 -0.028148042969405648 0.57051521539688121
decision_type=2 2 2 2 2 2 2 2 2 2 2 2 2 2
left_child=1 3 6 11 5 13 7 10 9 -4 -2 -1 -5 -3
right_child=2 4 8 12 -6 -7 -8 -9 -10 -11 -12 -13 -14 -15
leaf_value=-0.010731741772917124 0.022716062858063626 0.024842228892962663 -0.0032574295077272652 -0.0016238935519030675 -0.0021195197540627175 -0.0085907927088521435 0.0097437321375019818 0.05298118841552648 0.022031455549322169 0.0070703826061040767 0.0032896262153978037 -0.022916199686294287 -0.012982993245227139 0.057725957790134744
leaf_weight=954.75750416517258 1805.4483429193497 291.86788767576218 2478.7360894083977 1611.9167598709464 462.95462112128735 112.61840609461069 2465.331575460732 220.67154951393604 522.31184804439545 4284.7197153419256 460.69990958273411 4037.4188747406006 1733.1979253292084 158.18080911040306
leaf_count=7629 12812 2112 18989 12450 3612 863 18250 1490 3885 31600 3441 33057 13719 1067
internal_value=-4.83883e-06 -0.0120794 0.00923541 -0.0153787 0.0146305 0.0282085 0.0159464 0.0220318 0.00465832 0.00328613 0.0187985 -0.020612 -0.00753052 0.0374036
internal_weight=21600.8 9362.91 12237.9 8337.29 1025.62 562.667 4952.15 2486.82 7285.77 6763.46 2266.15 4992.18 3345.11 450.049
internal_count=164976 74509 90467 66855 7654 4042 35993 17743 54474 50589 16253 40686 26169 3179
is_linear=0
shrinkage=0.035


Tree=6
num_leaves=15
num_cat=0
split_feature=17 3 20 10 23 10 21 23 23 3 10 24 21 23
split_gain=1842.15 585.336 275.19 257.111 167.104 130.862 129.05 137.143 111.261 88.1805 81.6285 80.5789 108.846 78.6718
threshold=0.027998196892440323 0.27847152948379522 -0.033946592360734933 0.28422835469245916 0.13085953146219256 0.47822181880474096 0.022456310689449314 0.19908910244703296 0.2665951550006867 -0.011403663549572228 0.36821170151233679 0.037889750674366958 -0.12335744500160216 0.13085953146219256
decision_type=2 2 2 2 2 2 2 2 2 2 2 2 2 2
left_child=1 3 6 13 -3 8 7 9 -4 -2 -5 12 -6 -1
right_child=2 4 5 10 11 -7 -8 -9 -10 -11 -12 -13 -14 -15
leaf_value=-0.011058812807095555 0.018252401229723197 0.027170488991713954 0.0026576137203459457 -0.011265005058591107 0.018287642565145524 0.0086878488838264198 0.0034448535639594138 0.012417307040177024 -0.01364799078394827 0.034938838839187414 0.0012203946036823958 0.019561536938586036 -0.012020785891525091 -0.023126016485390227
leaf_weight=841.73548667132854 889.84855741262436 424.72216980159283 2602.0109811499715 2532.9507770612836 184.51886747777462 4489.3530501127243 866.41613007336855 2078.652324564755 627.82669369876385 750.57337012887001 855.41970770806074 211.7838319838047 565.19866959005594 3673.3450745269656
leaf_count=6793 6141 3054 19760 20128 1359 32864 6462 15185 4921 5135 6470 1669 4485 30550
internal_value=-5.49017e-06 -0.0117636 0.00887387 -0.0154409 0.00916257 0.00482927 0.0156572 0.0184854 -0.000544267 0.0260527 -0.00811866 0.00101017 -0.00441881 -0.0209058
internal_weight=21594.4 9289.67 12304.7 7903.45 1386.22 7719.19 4585.49 3719.07 3229.84 1640.42 3388.37 961.501 749.718 4515.08
internal_count=164976 74508 90468 63941 10567 57545 32923 26461 24681 11276 26598 7513 5844 37343
is_linear=0
shrinkage=0.035


Tree=7
num_leaves=15
num_cat=0
split_feature=17 3 20 11 23 23 3 17 22 20 24 21 3 20
split_gain=1720.14 552.796 252.203 220.15 182.903 152.457 133.532 118.607 95.5136 91.8081 88.3598 88.631 80.6879 77.9676
threshold=0.027998196892440323 0.27847152948379522 -0.028148042969405648 0.17001836001873019 0.22021089494228366 0.13350772112607959 0.85414555668830883 0.034038459882140167 0.49088340997695928 -0.033946592360734933 0.037889750674366958 -0.13796672224998471 0.68045082688331615 -0.087301429361104951
decision_type=2 2 2 2 2 2 2 2 2 2 2 2 2 2
left_child=1 3 4 -1 6 12 8 -4 -2 -5 11 -7 -3 -6
right_child=2 5 7 9 13 10 -8 -9 -10 -11 -12 -13 -14 -15
leaf_value=-0.0223791894960567 0.021223388243908788 0.016941168643626433 -0.0031218303805620046 -0.003675918211407257 0.018953562199929736 0.020505404249261078 0.046314630509048015 0.0069832543404103106 0.0022326585551367376 -0.013890577073127587 0.018659694079869265 -0.012639211002256743 0.054405512771048825 0.0044916651988990515
leaf_weight=3066.8798995614052 2050.6095913499594 450.81689859926701 1965.1421467140317 1669.2778190374374 579.83333380520344 111.12831745296717 222.95396457612514 5100.66137496382 388.03770253062248 3080.4592993929982 214.67913559824228 539.19281790405512 78.51649621874094 2069.5671980306506
leaf_count=25811 14092 3267 15049 13199 4183 810 1497 37500 2908 24931 1669 4306 515 15239
internal_value=-6.83746e-06 -0.0114524 0.00851342 -0.0150715 0.0142701 0.0087995 0.0207407 0.00417239 0.018223 -0.0103159 -0.000303011 -0.00675062 0.023404 0.00771609
internal_weight=21587.8 9210.95 12376.8 7816.62 5311 1394.33 2661.6 7065.8 2438.65 4749.74 865 650.321 529.333 2649.4
internal_count=164976 74508 90468 63941 37919 10567 18497 52549 17000 38130 6785 5116 3782 19422
is_linear=0
shrinkage=0.035


Tree=8
num_leaves=15
num_cat=0
split_feature=10 3 17 20 20 23 24 3 10 23 20 21 24 23
split_gain=1642.74 575.632 249.423 241.708 156.281 129.665 127.371 120.845 116.227 85.9167 76.2182 74.3251 84.0761 73.2747
threshold=0.34760650992393499 0.34252400696277624 0.023478670045733455 -0.028148042969405648 -0.028148042969405648 0.1800835654139519 0.039040250703692443 0.85414555668830883 0.40795175731182104 0.13085953146219256 -0.028148042969405648 0.022456310689449314 0.036355888471007354 0.1800835654139519
decision_type=2 2 2 2 2 2 2 2 2 2 2 2 2 2
left_child=1 2 9 7 5 -3 8 11 -5 -1 -4 12 -2 -9
right_child=3 4 10 6 -6 -7 -8 13 -10 -11 -12 -13 -14 -15
leaf_value=-0.009811608294112064 0.018010160077658183 0.032750386141568881 -0.0014999503483851383 -0.0056730962717946995 -0.0021666131723004026 -0.0083887096421780862 0.020516725328571728 0.050326213030804617 0.0053299862058658713 -0.021805529865881516 -0.012136278566277817 0.0028847529614067346 0.0068745736751937569 0.015028476069803445
leaf_weight=932.14743040502071 2773.6037449240685 474.48506864905357 1607.1645738184452 1500.938363134861 463.29853396862745 111.99030480533838 533.44837300479412 167.08804157376289 5309.6690792068839 3868.4677353426814 1693.4355897456408 793.42566089332104 1209.221593350172 141.48002906143665
leaf_count=7629 19146 3179 12450 11602 3612 863 3885 1099 38987 33057 13719 5882 8880 986
internal_value=-6.66017e-06 -0.0112539 -0.014414 0.00827671 0.0130389 0.0248857 0.00420609 0.0141362 0.00290034 -0.0195019 -0.0069773 0.0127098 0.014655 0.0351218
internal_weight=21579.9 9150.99 8101.22 12428.9 1049.77 586.475 7344.06 5084.82 6810.61 4800.62 3300.6 4776.25 3982.83 308.568
internal_count=164976 74509 66855 90467 7654 4042 54474 35993 50589 40686 26169 33908 28026 2085
is_linear=0
shrinkage=0.035


Tree=9
num_leaves=15
num_cat=0
split_feature=10 3 17 20 20 2 15 10 20 3 21 20 20 3
split_gain=1534.6 541.324 239.528 221.436 142.42 111.445 105.081 111.047 72.078 71.1228 71.0257 69.1205 58.3476 56.8998
threshold=0.34760650992393499 0.34252400696277624 0.023478670045733455 -0.028148042969405648 -0.028148042969405648 0.50985348224639904 20.726525306701664 0.41677315533161169 -0.028148042969405648 0.57051521539688121 0.022456310689449314 0.075268819928169264 -0.028148042969405648 0.68045082688331615
decision_type=2 2 2 2 2 2 2 2 2 2 2 2 2 2
left_child=1 2 12 5 9 10 7 -5 -4 -3 -2 -6 -1 -7
right_child=3 4 8 6 11 13 -8 -9 -10 -11 -12 -13 -14 -15
leaf_value=-0.0142946487504728 0.013909553257107143 0.014475383008369893 -0.0014493039044455923 -0.0039928524918533131 -0.0095636526897641353 0.018060622762403025 0.037059457887514149 0.0060026158547323806 -0.011817068624005339 0.040377156728779978 0.0022978215753765318 0.021317029493932573 -0.022375026056157508 0.046661458542501477
leaf_weight=1942.6308356001973 3983.5674713179469 396.66751533746719 1605.490646392107 1805.817829079926 355.21319688111544 205.28969068080187 106.36863106489182 5452.4536810517311 1678.8410448431969 199.03668764233589 774.93672785907984 107.39082558453083 2790.2590987831354 167.36969397962093
leaf_count=16417 27738 2783 12450 13930 2780 1423 779 39765 13719 1259 5723 832 24269 1109
internal_value=-7.49017e-06 -0.0109548 -0.0140605 0.00794577 0.0124839 0.0135216 0.00404783 0.00351373 -0.00676874 0.0236534 0.0120273 -0.00209551 -0.0190955 0.0317896
internal_weight=21571.3 9075.53 8017.22 12495.8 1058.31 5131.16 7364.64 7258.27 3284.33 595.704 4758.5 462.604 4732.89 372.659
internal_count=164976 74509 66855 90467 7654 35993 54474 53695 26169 4042 33461 3612 40686 2532
is_linear=0
shrinkage=0.035


Tree=10
num_leaves=15
num_cat=0
split_feature=17 3 20 9 3 17 21 3 3 20 24 24 8 24
split_gain=1421.91 480.615 198.274 185.194 109.016 98.2508 97.1177 94.712 72.6187 68.1553 76.3724 67.819 63.5502 59.7658
threshold=0.027998196892440323 0.27847152948379522 -0.033946592360734933 0.24342071264982226 0.68045082688331615 0.034038459882140167 0.022456310689449314 0.34252400696277624 0.68045082688331615 -0.028148042969405648 0.037889750674366958 0.039040250703692443 -0.28162267804145807 0.037378439679741866
decision_type=2 2 2 2 2 2 2 2 2 2 2 2 2 2
left_child=1 3 6 -1 9 7 8 -4 13 -3 -11 -7 -5 -2
right_child=2 4 5 12 -6 11 -8 -9 -10 10 -12 -13 -14 -15
leaf_value=-0.019852379172075232 0.01519234193738995 0.012385197284311396 -0.0049384039615529337 0.00018850385880597644 0.033817534536372547 0.0055034468114616144 0.002687176981961182 0.01733644584260605 0.031140091549978644 -0.011655105024621906 0.015194183670483386 0.020432860540945983 -0.011018922137678916 -0.0040228647804795604
leaf_weight=3601.2433576136827 3332.138315975666 631.24278942495584 1890.6537331342697 766.25928193330765 167.14578984677792 5269.3057773336768 878.39730185270309 256.76759660243988 333.6403923779726 436.86816820502281 173.31081412732601 393.29406978189945 3224.9599455967546 206.84041282534599
leaf_count=31285 22815 4552 14548 6034 1134 38275 6462 1919 2127 3538 1343 2803 26622 1519
internal_value=-7.2966e-06 -0.0106183 0.00759876 -0.0140995 0.00811348 0.00416027 0.0132305 -0.00220698 0.0156089 0.00441009 -0.003907 0.00657456 -0.00887216 0.0140611
internal_weight=21562.1 9001.03 12561 7592.46 1408.57 7810.02 4751.02 2147.42 3872.62 1241.42 610.179 5662.6 3991.22 3538.98
internal_count=164976 74508 90468 63941 10567 57545 32923 16467 26461 9433 4881 41078 32656 24334
is_linear=0
shrinkage=0.035


Tree=11
num_leaves=15
num_cat=0
split_feature=10 3 11 20 20 23 23 3 23 20 24 15 21 3
split_gain=1357.6 483.529 207.174 189.511 123.864 114.173 130.63 137.971 113.487 106.931 101.302 97.6455 93.9998 87.5235
threshold=0.34760650992393499 0.34252400696277624 0.17001836001873019 -0.033946592360734933 -0.028148042969405648 0.2665951550006867 0.18840173631906512 0.43046869337558752 0.1800835654139519 -0.028148042969405648 0.039040250703692443 20.726525306701664 -0.026746975257992741 -0.10437268763780592
decision_type=2 2 2 2 2 2 2 2 2 2 2 2 2 2
left_child=1 2 -1 11 8 6 7 -5 -3 -4 -11 12 13 -2
right_child=3 4 9 5 -6 -7 -8 -9 -10 10 -12 -13 -14 -15
leaf_value=-0.020450187751781014 0.011223745962100389 0.028877585311731468 -0.0029951589440788862 -0.0013960295894033528 -0.0021318070964777189 -0.0042533606605257273 0.011655369023341964 0.017133227507263409 -0.0090965856606430584 -0.015820282023045119 0.0070899685992829118 0.053086664360887992 0.0082541434501581089 0.026976912762435905
leaf_weight=3113.2599195465446 947.62550546228886 496.35831491649151 2142.9378730729222 2962.120998762548 462.8564984574914 1581.4999541640282 2939.362132139504 580.11228587478399 114.04231391847134 2357.5560322329402 256.96277744323015 64.52222041785717 2708.9621602222323 824.79426278173923
leaf_count=27536 6420 3179 17104 22106 3612 11742 21181 4226 863 20107 2108 426 18913 5453
internal_value=-7.47054e-06 -0.0104307 -0.0134356 0.00738848 0.0115264 0.00415801 0.00621377 0.0016782 0.0217505 -0.00881204 -0.0135502 0.0130967 0.012404 0.0186647
internal_weight=21553 8943.97 7870.72 12609 1073.26 8063.1 6481.6 3542.23 610.401 4757.46 2614.52 4545.9 4481.38 1772.42
internal_count=164976 74509 66855 90467 7654 59255 47513 26332 4042 39319 22215 31212 30786 11873
is_linear=0
shrinkage=0.035


Tree=12
num_leaves=15
num_cat=0
split_feature=17 3 11 20 23 15 23 23 23 3 15 20 24 24
split_gain=1257.66 434.242 190.279 169.229 150.693 172.695 115.265 94.2686 95.6183 93.5521 87.736 76.581 75.8662 66.6368
threshold=0.027998196892440323 0.27847152948379522 0.17001836001873019 -0.028148042969405648 0.22021089494228366 19.256583213806156 0.13085953146219256 0.2665951550006867 0.18840173631906512 -0.034488411620259278 19.145993232727054 -0.033946592360734933 0.039040250703692443 0.037889750674366958
decision_type=2 2 2 2 2 2 2 2 2 2 2 2 2 2
left_child=1 2 -1 4 5 9 -3 8 10 -2 -5 -4 -13 -8
right_child=3 6 11 7 -6 -7 13 -9 -10 -11 -12 12 -14 -15
leaf_value=-0.020564321615630397 0.0080849351667177227 0.02193577579429494 -0.002954869650798162 -0.00047171315770023814 0.0058012334141739992 0.046316393360811441 -0.0043181451728981322 -0.0053809493818649254 0.010262672973556543 0.02154357824834624 0.019313168250779892 -0.014039651033480658 0.0065509618547899742 0.017219415208718093
leaf_weight=2860.2099209576845 1315.2685387134552 453.8046023324132 1642.2728523313999 3006.7382634654641 2735.8280627653003 224.01008802652359 746.42395296692848 1206.762903265655 2643.5216725543141 1244.8446940332651 292.11264215409756 2719.3334734588861 232.62469437718391 219.34745778888464
leaf_count=25811 8901 3054 13199 22425 19422 1369 5844 9055 18922 8227 2147 23045 1886 1669
internal_value=-7.70145e-06 -0.0101057 -0.013482 0.00706777 0.0116667 0.017389 0.00759442 0.00350554 0.00531619 0.0146875 0.00133331 -0.00903771 -0.0124004 0.000699837
internal_weight=21543.1 8874.02 7454.44 12669.1 5519.95 2784.12 1419.58 7149.14 5942.37 2560.11 3298.85 4594.23 2951.96 965.771
internal_count=164976 74508 63941 90468 37919 18497 10567 52549 43494 17128 24572 38130 24931 7513
is_linear=0
shrinkage=0.035


Tree=13
num_leaves=15
num_cat=0
split_feature=10 3 10 15 20 20 23 24 10 22 20 24 3 23
split_gain=1207.25 436.292 189.967 176.871 159.44 134.252 107.183 104.41 102.247 95.4096 87.0455 89.2462 84.5069 111.875
threshold=0.34760650992393499 0.27847152948379522 0.25640985369682318 20.726525306701664 -0.028148042969405648 -0.028148042969405648 0.1800835654139519 0.039040250703692443 0.40795175731182104 0.31738407909870153 -0.028148042969405648 0.039040250703692443 -0.034488411620259278 0.15058789402246478
decision_type=2 2 2 2 2 2 2 2 2 2 2 2 2 2
left_child=1 2 -1 4 12 6 -3 8 -6 -5 -4 -12 -2 -14
right_child=3 5 10 9 7 -7 -8 -9 -10 -11 11 -13 13 -15
leaf_value=-0.020180787382011525 0.0074289117416079398 0.02321245933169452 -0.0029183881834987679 0.0083838665763869523 -0.0063501461990697469 -0.0044600061772417082 -0.0072201057318846277 0.017549561396009952 0.0040835094742393248 0.059352195214816411 -0.015141888669104943 0.0068167945065617571 0.029137067500312405 0.011141025649282731
leaf_weight=3010.1785949170589 3161.5909227579832 647.25172052532434 1843.0327476859093 77.899192050099373 1458.5070915594697 650.03209614008665 175.63163375854492 550.78139707446098 5310.8517665117979 110.23317724466324 2250.8726114556193 246.29645873606205 605.67046441882849 1434.0443520843983
leaf_count=27442 21786 4235 14680 537 11383 5200 1369 3858 38454 746 19582 2001 3920 9783
internal_value=-7.72203e-06 -0.00994779 -0.0134292 0.00689531 0.00637057 0.00739921 0.0167084 0.00303459 0.00182945 0.0397363 -0.00871101 -0.0129575 0.0110507 0.0166008
internal_weight=21532.9 8823.3 7350.38 12709.6 12521.4 1472.92 822.883 7320.14 6769.36 188.132 4340.2 2497.17 5201.31 2039.71
internal_count=164976 74509 63705 90467 89184 10804 5604 53695 49837 1283 36263 21583 35489 13703
is_linear=0
shrinkage=0.035


Tree=14
num_leaves=15
num_cat=0
split_feature=10 23 17 20 10 21 21 15 6 24 23 24 21 24
split_gain=1130.07 255.671 198.464 191.647 145.698 114.699 100.436 112.654 90.5499 82.7903 78.762 71.9903 70.1577 68.6041
threshold=0.32292938232421881 0.13350772112607959 0.021319766528904441 -0.033946592360734933 0.40795175731182104 0.036737985908985145 -0.026746975257992741 20.726525306701664 0.01307046599686146 0.036192996427416808 0.25695779174566274 0.039040250703692443 -0.090231973677873598 0.039040250703692443
decision_type=2 2 2 2 2 2 2 2 2 2 2 2 2 2
left_child=1 5 13 6 10 8 9 -8 -1 -2 -5 12 -4 -3
right_child=3 2 11 4 -6 -7 7 -9 -10 -11 -12 -13 -14 -15
leaf_value=-0.0029444796002360742 0.020985501343286792 -0.023624162463792186 -0.0021229825593236688 -0.0013259868353443151 0.0055608954994878128 -0.013313094174090153 0.0062344852815275353 0.055848161693075472 0.01624308659214577 0.004179122427800345 -0.016881397487459402 0.011094536884167804 -0.013676488465855957 -0.004030891225216009
leaf_weight=587.74959163367748 1583.7559444755316 2323.2226380109787 944.56697780638933 2110.2702659294009 6343.7716505080462 477.19403414428234 3057.3453660160303 47.323104478418827 602.60884297639132 470.93682166188955 482.23686458170414 203.28229138255119 2040.7886367514729 246.63859476149082
leaf_count=4891 10187 21489 7593 16601 45536 4122 21206 296 4455 3341 3944 1641 17440 2234
internal_value=-7.72301e-06 -0.0110486 -0.0145381 0.00581271 0.00270633 0.00101609 0.0111775 0.0071676 0.00682346 0.0171724 -0.00427322 -0.00866239 -0.0100402 -0.0217666
internal_weight=21521.7 7426.05 5758.5 14095.6 8936.28 1667.55 5159.36 3104.67 1190.36 2054.69 2592.51 3188.64 2985.36 2569.86
internal_count=164976 63865 50397 101111 66081 13468 35030 21502 9346 13528 20545 26674 25033 23723
is_linear=0
shrinkage=0.035


Tree=15
num_leaves=15
num_cat=0
split_feature=10 3 17 15 3 20 20 23 22 10 21 3 23 20
split_gain=1058.5 405.437 199.242 155.63 143.407 116.748 116.594 96.555 82.2498 80.2932 71.4044 67.9009 64.2261 64.0152
threshold=0.34760650992393499 0.27847152948379522 0.023478670045733455 20.726525306701664 0.85414555668830883 -0.028148042969405648 -0.033946592360734933 0.22021089494228366 0.31738407909870153 0.46645346283912664 0.022456310689449314 0.49058127403259283 0.17157290875911715 0.075268819928169264
decision_type=2 2 2 2 2 2 2 2 2 2 2 2 2 2
left_child=1 2 -1 4 6 7 10 11 -5 -8 -2 -3 -4 -7
right_child=3 5 12 8 -6 13 9 -9 -10 -11 -12 -13 -14 -15
leaf_value=-0.017807525503520591 0.011700622164485166 0.011236726018466349 0.0014098944519245948 0.0076427455158933509 0.020991419803015457 -0.010095160334290591 -0.0020726846994052368 -0.015360851214872771 0.054352898086308936 0.005272293671364464 0.0001462028390053453 0.033243575060211632 -0.0094698280921485228 0.015183345374292589
leaf_weight=4169.4939084649086 3510.3489408716559 445.01158504188061 970.73867213726044 78.93172637373209 716.96466416865587 489.13511581718922 3024.9604615718126 99.471272826194763 115.59233644604683 4562.7381735891104 805.32292921096087 288.01919236779213 2082.153771109879 153.14847689121962
leaf_count=38645 23198 3084 7877 537 4760 4004 23087 801 746 32339 5800 1719 17183 1196
internal_value=-8.61778e-06 -0.00942663 -0.0128389 0.00638555 0.00588961 0.00725814 0.00496314 0.015832 0.0366998 0.00234522 0.00954984 0.0202146 -0.00601706 -0.00392729
internal_weight=21512 8697.17 7222.39 12814.9 12620.3 1474.79 11903.4 832.502 194.524 7587.7 4315.67 733.031 3052.89 642.284
internal_count=164976 74509 63705 90467 89184 10804 84424 5604 1283 55426 28998 4803 25060 5200
is_linear=0
shrinkage=0.035


Tree=16
num_leaves=15
num_cat=0
split_feature=10 3 3 11 11 24 7 23 23 21 23 9 23 7
split_gain=993.949 387.986 179.156 130.062 129.229 93.1879 124.615 100.585 78.4885 77.6956 73.6539 68.6817 63.96 58.9137
threshold=0.32292938232421881 0.34252400696277624 0.68045082688331615 0.17001836001873019 0.32113440334796911 0.034263120964169509 -0.09284722805023192 0.2665951550006867 0.13085953146219256 0.047117670997977264 0.22513678669929507 1.5017457604408266 0.17924155294895175 -0.38991765677928919
decision_type=2 2 2 2 2 2 2 2 2 2 2 2 2 2
left_child=1 3 4 8 5 6 -2 -7 -1 10 -3 13 -4 -6
right_child=2 9 12 -5 11 7 -8 -9 -10 -11 -12 -13 -14 -15
leaf_value=-0.0081968781441391341 0.016072107244792636 0.02072393882891771 0.027194588940482944 -0.0089822563300389398 0.016806738782024391 4.2080044193771327e-05 -0.0026093635970562794 -0.014677839450492227 -0.022183271601679044 -0.0059799922487995408 -0.015513674477060991 -0.0074132435300983844 0.0098433717213952821 0.0069896140450601127
leaf_weight=650.62671650201082 922.58441372215748 602.8252701535821 560.56662283092737 3511.7301102727652 857.96231236308813 3659.2339565083385 819.21207378059626 663.29440519958735 2227.088205255568 245.52319840341806 70.075713098049164 352.9841643422842 510.67672872543335 5845.6223980933428
leaf_count=5771 6428 3917 3618 30298 5827 27426 6065 5279 21358 1970 551 2440 3429 40599
internal_value=-8.39867e-06 -0.0104872 0.00539099 -0.013544 0.00425881 0.000509814 0.00732099 -0.00224536 -0.0190604 0.0106954 0.0167783 0.00747538 0.0190906 0.00826923
internal_weight=21500 7307.87 14192.1 6389.45 13120.9 6064.32 1741.8 4322.53 2877.71 918.424 672.901 7056.57 1071.24 6703.58
internal_count=164976 63865 101111 57427 94064 45198 12493 32705 27129 6438 4468 48866 7047 46426
is_linear=0
shrinkage=0.035


Tree=17
num_leaves=15
num_cat=0
split_feature=17 3 3 10 11 15 22 9 22 10 10 2 3 15
split_gain=939.697 326.727 169.736 130.838 129.119 79.1441 83.5864 69.0188 67.2558 58.705 53.1794 59.9719 44.1768 41.255
threshold=0.026099893264472488 0.22872756421566012 0.68045082688331615 0.25640985369682318 0.26160028576850897 19.256583213806156 0.31738407909870153 0.21256424486637118 0.36958597600460058 0.36821170151233679 0.75496375560760509 0.91703984141349804 0.18650984764099124 18.743915557861332
decision_type=2 2 2 2 2 2 2 2 2 2 2 2 2 2
left_child=1 3 4 -1 12 8 -7 -3 -6 -5 11 -4 -2 -9
right_child=2 7 10 9 5 6 -8 13 -10 -11 -12 -13 -14 -15
leaf_value=-0.019916662829941843 -0.0038897121453576157 -0.0054670792837786591 0.018466691628937937 -0.011334661227071094 0.0080474481170706488 0.004288021616870843 0.025477494220171027 0.0048596298739290141 0.0018808010178827368 0.0016488735049718141 0.0032851379913334984 0.046602358057377058 0.0051453526612516088 0.020594193815188889
leaf_weight=2590.2342484146357 2642.3573031127453 574.70845084637403 761.78538336604834 2620.9919506236911 4609.269397303462 422.22598528862 498.46839094907045 669.66011926531792 4095.1000105515122 506.36195036768913 230.81436592340469 103.60975511372089 874.41781647503376 289.61777183413506
leaf_count=24956 20588 4606 4933 23160 31397 2910 3350 5100 29400 3836 1505 666 6363 2206
internal_value=-9.65549e-06 -0.0102569 0.00521291 -0.0140998 0.00410101 0.00619634 0.0159106 0.00406521 0.00515174 -0.00923389 0.0183852 0.0223291 -0.001635 0.00977355
internal_weight=21489.6 7251.57 14238 5717.59 13141.8 9625.06 920.694 1533.99 8704.37 3127.35 1096.21 865.395 3516.78 959.278
internal_count=164976 63864 101112 51952 94008 67057 6260 11912 60797 26996 7104 5599 26951 7306
is_linear=0
shrinkage=0.035


Tree=18
num_leaves=15
num_cat=0
split_feature=17 23 9 20 23 15 17 2 10 23 20 22 15 10
split_gain=879.257 193.389 161.15 153.946 150.363 187.257 111.541 87.9643 84.5165 77.4497 60.7279 59.4686 58.1566 57.9552
threshold=0.026099893264472488 0.13350772112607959 0.21913824975490573 -0.028148042969405648 0.22021089494228366 18.1430778503418 0.034038459882140167 0.13285870105028155 0.39135991036891943 0.2665951550006867 -0.087301429361104951 0.49088340997695928 20.089847564697269 0.38340075314044958
decision_type=2 2 2 2 2 2 2 2 2 2 2 2 2 2
left_child=1 7 -3 4 5 11 9 -1 -4 -5 -6 -2 -7 -12
right_child=3 2 8 6 10 12 -8 -9 -10 -11 13 -13 -14 -15
leaf_value=-0.0049042292715913063 0.011935257167483759 -0.021208539197706842 -0.010244127655432521 -0.0016361850000901491 0.012616000469516057 0.025152651269708434 0.004716753461942275 0.012394982153112348 0.009468225457348687 -0.018801526612335619 -0.0084886201812301946 -0.0032286218147408066 0.054530244792770959 0.0040267626275620055
leaf_weight=1135.6652282848954 2121.5948514938354 1945.2693415209651 3317.1436667367816 2308.7052453160286 689.40110527724028 643.12830888479948 5301.3562307432294 515.13003668189049 281.92048023641109 364.66641859710217 595.42599320411682 367.74563797563314 97.952554069459438 1794.0653225108981
leaf_count=9753 13655 18748 29456 17951 4705 4081 37500 3794 2113 3062 4536 2690 555 12377
internal_value=-9.23461e-06 -0.00997869 -0.0131047 0.00501603 0.00909673 0.0143611 0.00178018 0.000536112 -0.00867807 -0.004039 0.00354462 0.00969117 0.02971 0.000885734
internal_weight=21479.2 7195.13 5544.33 14284 6309.31 3230.42 7974.73 1650.8 3599.06 2673.37 3078.89 2489.34 741.081 2389.49
internal_count=164976 63864 50317 101112 42599 20981 58513 13547 31569 21013 21618 16345 4636 16913
is_linear=0
shrinkage=0.035


Tree=19
num_leaves=15
num_cat=0
split_feature=10 3 20 10 3 23 24 8 24 6 24 21 23 23
split_gain=828.165 297.51 192.546 167.268 104.948 93.1642 97.7944 84.6116 79.4761 70.1364 65.2809 106.017 98.1659 65.0901
threshold=0.30016247928142553 0.381850615143776 -0.028148042969405648 0.40795175731182104 0.68045082688331615 0.13350772112607959 0.039040250703692443 -0.21152077615261075 0.039040250703692443 0.068794287741184248 0.035889882594347007 -0.019823805429041382 0.22021089494228366 0.1800835654139519
decision_type=2 2 2 2 2 2 2 2 2 2 2 2 2 2
left_child=1 5 4 8 10 -1 7 -7 -4 -10 11 -2 -12 -6
right_child=2 -3 3 -5 13 6 -8 -9 9 -11 12 -13 -14 -15
leaf_value=-0.005034067921936676 0.016366431310891022 0.012101239960055413 -0.0075787323217778244 0.0043116457498220701 0.033575808669584775 -0.0076584493153937895 0.0018262152190178069 -0.020624133741328446 -0.0025563094518494889 0.031351588022072351 0.017675318238230191 0.005041127121784692 -0.00198758202748921 0.0086174922027698678
leaf_weight=1158.7399716600776 1756.4521944373846 594.93223192542791 2780.3022807464004 5920.0957480892539 312.43932680785656 796.89636491239071 332.46692835539579 2984.219817712903 181.49459638446569 115.42612660676241 380.38356421142817 2404.2465155124664 1522.6464506164193 227.15417322516441
leaf_count=10192 11270 4112 23044 41836 1760 7107 3088 28722 1372 851 2556 16534 11094 1438
internal_value=-9.375e-06 -0.0112077 0.00420669 0.000873102 0.00874066 -0.0138558 -0.0163225 -0.0179189 -0.00573466 0.0112172 0.00739825 0.00984992 0.00201455 0.023417
internal_weight=21467.9 5867.26 15600.6 8997.32 6603.32 5272.32 4113.58 3781.12 3077.22 296.921 6063.73 4160.7 1903.03 539.594
internal_count=164976 53221 111755 67103 44652 49109 38917 35829 25267 2223 41454 27804 13650 3198
is_linear=0
shrinkage=0.035


Tree=20
num_leaves=15
num_cat=0
split_feature=17 3 3 10 11 20 23 17 20 23 15 24 23 10
split_gain=778.737 298.34 143.609 122.085 108.564 82.4766 65.4354 76.9341 62.9395 62.4888 74.7679 58.1378 58.0675 53.2731
threshold=0.026099893264472488 0.22872756421566012 0.68045082688331615 0.25640985369682318 0.26160028576850897 -0.033946592360734933 0.13085953146219256 0.022208143956959251 -0.087301429361104951 0.24698165804147723 20.089847564697269 0.037889750674366958 0.17924155294895175 0.80440732836723339
decision_type=2 2 2 2 2 2 2 2 2 2 2 2 2 2
left_child=1 3 4 -1 9 -6 -3 11 -5 10 -2 -8 13 -4
right_child=2 6 12 8 5 -7 7 -9 -10 -11 -12 -13 -14 -15
leaf_value=-0.018984519069968363 -0.00034704757604772391 0.014447289243404672 0.02857431753148696 0.017148199382323082 0.0097309966757369564 0.0030626106051319549 -0.015097494162703796 0.010111605712672361 -0.0094768926047395594 -0.010904066622886592 0.031104538539719232 0.010099409384183473 0.0078603617835935058 0.00062461042480560253
leaf_weight=2498.3042862042785 2728.2438614740968 499.35787940770388 501.06640622019768 103.98985620588064 3624.3213023021817 6101.3364452719688 451.28674032539129 437.78920584917068 2964.7601887956262 699.14657057821751 85.836430616676807 140.44332855194807 519.59428549557924 100.40422886610031
leaf_count=24956 20688 3390 3072 885 23662 43395 3902 3459 26111 5651 612 1161 3404 628
internal_value=-9.24608e-06 -0.00948699 0.0046775 -0.0132428 0.00365165 0.00555507 0.00418605 -0.000882155 -0.00852189 -0.00161838 0.000719047 -0.00904872 0.0166526 0.0239952
internal_weight=21455.9 7095.93 14359.9 5567.05 13238.9 9725.66 1528.88 1029.52 3068.75 3513.23 2814.08 591.73 1121.06 601.471
internal_count=164976 63864 101112 51952 94008 67057 11912 8522 26996 26951 21300 5063 7104 3700
is_linear=0
shrinkage=0.035


Tree=21
num_leaves=15
num_cat=0
split_feature=10 23 20 10 17 23 15 21 22 20 24 6 24 6
split_gain=732.615 191.363 169.424 149.455 114.942 93.0262 164.666 87.4053 81.5165 77.7688 73.9568 63.5506 59.0806 58.244
threshold=0.30016247928142553 0.13350772112607959 -0.028148042969405648 0.40795175731182104 0.020863308571279052 0.22021089494228366 20.089847564697269 0.036737985908985145 0.48759272694587713 -0.087301429361104951 0.039040250703692443 0.068794287741184248 0.039040250703692443 -0.019650006666779515
decision_type=2 2 2 2 2 2 2 2 2 2 2 2 2 2
left_child=1 7 5 10 -3 6 8 13 -2 -7 -4 -12 -6 -1
right_child=2 4 3 -5 12 9 -8 -9 -10 -11 11 -13 -14 -15
leaf_value=-0.0049761536645058215 0.01314426294355777 -0.020357862302533853 -0.0072868089688222521 0.0040162114533132424 -0.010376358168155906 0.014268074420696249 0.049051656271069603 -0.013419447427897057 -0.00052410211531382081 0.00088477945084546039 -0.002423067086444955 0.029682662210133624 0.01181727498669833 0.01206749590399955
leaf_weight=382.90036819130182 2717.6153910383582 2037.1173056140542 2760.1855269297957 5950.4363440796733 2157.8063225001097 667.549590729177 132.18796156346798 391.94011688232422 663.8376844599843 2481.0709333568811 180.95690047740936 117.96663680672646 149.45955808460712 653.41408422589302
leaf_count=3369 17287 20703 23044 41836 19351 4427 765 3563 4656 17517 1372 851 1265 4970
internal_value=-9.05058e-06 -0.0106574 0.0039175 0.000785877 -0.0143039 0.00814495 0.012054 0.000456665 0.0104673 0.00375841 -0.00549023 0.0107978 -0.00889391 0.00578279
internal_weight=21444.4 5772.64 15671.8 9009.55 4344.38 6662.26 3513.64 1428.25 3381.45 3148.62 3059.11 298.924 2307.27 1036.31
internal_count=164976 53221 111755 67103 41319 44652 22708 11902 21943 21944 25267 2223 20616 8339
is_linear=0
shrinkage=0.035


Tree=22
num_leaves=15
num_cat=0
split_feature=17 3 3 17 9 15 23 20 23 23 11 21 20 15
split_gain=690.5 242.26 159.638 127.816 80.8756 78.2196 76.9869 70.199 69.275 57.9526 56.5584 56.0132 55.3022 61.0236
threshold=0.024746114388108257 0.22872756421566012 0.68045082688331615 0.030139881186187271 0.21256424486637118 19.511759757995609 0.2837181836366654 -0.028148042969405648 0.13085953146219256 0.22513678669929507 0.26160028576850897 0.078718151897192015 0.075268819928169264 17.714315414428714
decision_type=2 2 2 2 2 2 2 2 2 2 2 2 2 2
left_child=1 4 3 7 -1 11 -7 -2 -3 -4 -6 -5 -10 -14
right_child=2 8 9 5 10 6 -8 -9 12 -11 -12 -13 13 -15
leaf_value=-0.019457684359034121 0.002477418634559548 0.014035491242391044 0.020303918165869714 0.0051211978939507477 -0.011649243993783193 0.021798932795210831 -0.0061815734178299409 -0.0072803911764700467 -0.0068271365825923408 0.0010482376610213573 0.0045342543681196005 -0.0022532653736884616 -0.0094863620360624776 0.032453390733852283
leaf_weight=1851.0072260126472 1671.0650886595249 456.51634775847197 921.13866846263409 8427.2940773069859 2566.7459666952491 562.89642391353846 147.72498918324709 1945.496778190136 714.11789716035128 242.44499064981937 289.5359615534544 1477.6914549618959 66.349741108715534 92.60632748156786
leaf_count=18797 12413 3079 5685 57945 24342 3663 1037 16095 6075 1593 2289 10664 548 751
internal_value=-8.92371e-06 -0.0100316 0.00392508 0.00289972 -0.0137515 0.00483459 0.0159772 -0.00277731 0.00314258 0.0163349 -0.00999866 0.00401986 -0.00264758 0.015422
internal_weight=21432.6 6036.88 15395.8 14232.2 4707.29 10615.6 710.621 3616.56 1329.59 1163.58 2856.28 9904.99 873.074 158.956
internal_count=164976 55881 109095 101817 45428 73309 4700 28508 10453 7278 26631 68609 7374 1299
is_linear=0
shrinkage=0.035


Tree=23
num_leaves=15
num_cat=0
split_feature=10 3 15 20 17 24 10 22 21 21 3 3 19 15
split_gain=649.651 300.286 123.594 111.862 111.053 96.175 91.8904 73.7948 70.3706 67.9962 67.4784 64.0704 50.2834 50.1528
threshold=0.32292938232421881 0.30798417329788214 20.726525306701664 -0.028148042969405648 0.01944289077073336 0.039040250703692443 0.40795175731182104 0.31738407909870153 0.047117670997977264 0.022456310689449314 0.25188769400119787 -0.10437268763780592 0.13566180318593982 17.714315414428714
decision_type=2 2 2 2 2 2 2 2 2 2 2 2 2 2
left_child=1 4 3 9 -1 6 -5 -4 12 11 -7 -2 13 -3
right_child=2 8 7 5 -6 10 -8 -9 -10 -11 -12 -13 -14 -15
leaf_value=-0.018681280127179876 0.0052981113271036171 0.0078546819237783217 0.0040863921177452071 -0.0062547734502473567 -0.0084578955021336159 0.0075238746220878047 0.0023870104360980667 0.044505160288162024 -0.0067100639663549896 -0.0010358116579385727 0.034121881385392315 0.013209421078906479 0.0019089670385595238 0.030255978512341526
leaf_weight=1972.3607873991132 2687.2775114551187 238.79511647671461 92.01576117426157 2068.7809575945139 3897.5808335393667 497.00600051134825 5472.8368742838502 137.64207570999861 286.6886181011796 978.1583548411727 146.48001435399055 2379.3867961242795 303.23552860319614 263.21785694360733
leaf_count=20392 17612 1585 621 17025 35699 3458 38454 847 2373 6914 969 15211 2030 1786
internal_value=-9.27264e-06 -0.00878603 0.00421964 0.00379698 -0.011919 0.00112742 1.12936e-05 0.029157 0.0080112 0.00740391 0.014008 0.00903209 0.0132704 0.0199618
internal_weight=21421.5 6961.88 14459.6 14229.9 5869.94 8185.1 7541.62 229.658 1091.94 6044.82 643.486 5066.66 805.249 502.013
internal_count=164976 63865 101111 99643 56091 59906 55479 1468 7774 39737 4427 32823 5401 3371
is_linear=0
shrinkage=0.035


Tree=24
num_leaves=15
num_cat=0
split_feature=10 3 20 10 23 24 23 8 3 21 11 20 24 6
split_gain=611.734 245.997 142.031 123.203 85.0793 94.8655 82.8548 81.3659 71.5255 111.641 80.5944 69.9233 64.604 56.2472
threshold=0.30016247928142553 0.381850615143776 -0.028148042969405648 0.40795175731182104 0.13350772112607959 0.039040250703692443 0.22021089494228366 -0.21152077615261075 -0.034488411620259278 -0.021595978178083893 0.32113440334796911 -0.087301429361104951 0.039040250703692443 0.054182076826691634
decision_type=2 2 2 2 2 2 2 2 2 2 2 2 2 2
left_child=1 4 6 12 -1 7 8 -6 10 -10 -2 -8 -4 -14
right_child=2 -3 3 -5 5 -7 11 -9 9 -11 -12 -13 13 -15
leaf_value=-0.0038964164884144445 -0.0027562108657080081 0.01110633157097924 -0.006791889437070809 0.0035637776406972164 -0.0062811559576505431 0.0032477127559831244 0.0131208894304225 -0.019225815683113594 0.024667847000056906 0.0072869475850925172 0.012400214711440368 0.00052163292452922039 -0.0034309383667666137 0.026192953227407893
leaf_weight=1126.7921817973256 748.21997537463903 602.78512240201235 2726.678149998188 5996.9661140590906 769.04517810791731 322.35871972888708 678.63222322613001 2822.493939653039 890.8206095919013 934.14236694574356 990.23781938105822 2497.422064781189 169.35544510185719 133.20199009031057
leaf_count=10192 5149 4112 23044 41836 7107 3088 4427 28722 5265 6127 6167 17517 1283 940
internal_value=-8.4379e-06 -0.00988676 0.00353163 0.000659105 -0.0124142 -0.0148503 0.00737213 -0.0164792 0.0110299 0.0158593 0.00589854 0.00324647 -0.00508407 0.0100318
internal_weight=21409.2 5643.48 15765.7 9026.2 5040.69 3913.9 6739.48 3591.54 3563.42 1824.96 1738.46 3176.05 3029.24 302.557
internal_count=164976 53221 111755 67103 49109 38917 44652 35829 22708 11392 11316 21944 25267 2223
is_linear=0
shrinkage=0.035


Tree=25
num_leaves=15
num_cat=0
split_feature=17 3 3 17 8 15 23 23 20 24 24 23 23 21
split_gain=584.134 181.103 147.587 124.235 74.227 69.9704 90.4442 67.021 63.716 62.4683 61.8934 59.3027 57.4551 56.4441
threshold=0.023893499746918682 0.22872756421566012 0.68045082688331615 0.030139881186187271 -0.28162267804145807 19.256583213806156 0.20564330369234088 0.13085953146219256 -0.028148042969405648 0.039040250703692443 0.037889750674366958 0.13085953146219256 0.17924155294895175 -0.026746975257992741
decision_type=2 2 2 2 2 2 2 2 2 2 2 2 2 2
left_child=1 4 3 8 -1 -5 -7 -3 13 11 -9 -6 -4 -2
right_child=2 7 12 5 9 6 -8 10 -10 -11 -12 -13 -14 -15
leaf_value=0.0018227015236878287 0.0078813529553385352 0.012929773084442655 0.021963278360812865 0.0034545386725694672 -0.0068280683730747261 0.025039165804055893 0.0034905156196541887 -0.0097630847314629857 -0.0067334958339046683 0.0014869267384438531 0.013173515257535648 -0.018483037322804357 0.0064810003167359463 -0.0039677846074745301
leaf_weight=348.73581127822399 962.29881868511438 423.42159185558558 656.83035960793495 9739.634265512228 679.73478534072638 430.77688781172037 528.53581733256578 585.66408815979958 2256.8864803910255 260.06605245172977 180.70939437299967 2809.0890704244375 545.34147468954325 988.95509802550077
leaf_count=3123 7162 2835 3894 67022 6404 2692 3595 5116 19075 2541 1461 29079 3495 7482
internal_value=-8.47396e-06 -0.0100914 0.00330519 0.00234847 -0.0135746 0.00435122 0.0133254 0.00191769 -0.00274165 -0.015008 -0.00425466 -0.0162383 0.0150515 0.00188624
internal_weight=21396.7 5287.42 16109.3 14907.1 4097.63 10698.9 959.313 1189.8 4208.14 3748.89 766.373 3488.82 1202.17 1951.25
internal_count=164976 50559 114417 107028 41147 73309 6287 9412 33719 38024 6577 35483 7389 14644
is_linear=0
shrinkage=0.035


Tree=26
num_leaves=15
num_cat=0
split_feature=17 23 10 15 17 23 2 10 2 23 22 8 21 22
split_gain=547.326 133.088 115.325 111.757 119.553 114.974 72.5416 70.8442 74.0943 66.6487 64.8769 52.0963 45.4889 45.3577
threshold=0.023893499746918682 0.13085953146219256 0.20935691893100741 19.85615158081055 0.030139881186187271 0.20564330369234088 0.061261650174856193 1.3777923583984377 0.91703984141349804 0.17157290875911715 0.36080022156238561 -0.28162267804145807 0.088003512471914305 0.46727332472801214
decision_type=2 2 2 2 2 2 2 2 2 2 2 2 2 2
left_child=1 6 -3 4 9 -5 -1 8 -6 10 -2 -4 -8 -13
right_child=3 2 11 5 7 -7 12 -9 -10 -11 -12 13 -14 -15
leaf_value=-0.0076886042360593421 0.015512367623794786 -0.024213615006085935 0.004654060439422964 0.02897242237768367 0.004385295259078029 0.0028769991009303664 0.014120954288824684 -0.010093615531412616 0.021686109336522302 -0.0060050184013179884 -0.0011050152706836925 -0.014460384059441528 -0.011777003377924464 -0.005462185257050358
leaf_weight=606.04876224696636 382.14283334463835 850.36705912649632 277.09817489236593 397.20675629377365 10569.469720683992 425.30049149692059 463.29123164713383 391.8638281673193 303.03434053808451 2593.6488667875528 1077.3366550058126 1833.8041946217418 92.794253692030907 1121.8726347461343
leaf_count=5496 2592 9257 2468 2541 71937 3011 3455 2602 1929 21191 8614 17855 801 11227
internal_value=-8.4989e-06 -0.00981963 -0.0127875 0.00318409 0.00250353 0.0156757 0.000628051 0.00435735 0.00488698 -0.00264659 0.00332195 -0.00971651 0.00966765 -0.0110749
internal_weight=21385.3 5245.28 4083.14 16140 15317.5 822.507 1162.13 11264.4 10872.5 4053.13 1459.48 3232.78 556.085 2955.68
internal_count=164976 50559 40807 114417 108865 5552 9752 76468 73866 32397 11206 31550 4256 29082
is_linear=0
shrinkage=0.035


Tree=27
num_leaves=15
num_cat=0
split_feature=10 23 20 10 10 24 21 23 15 2 22 20 23 21
split_gain=516.815 159.189 126.333 107.647 102.101 89.9454 76.3782 72.9585 131.932 70.7181 68.1331 63.8879 63.1623 61.6044
threshold=0.30016247928142553 0.13350772112607959 -0.028148042969405648 0.20935691893100741 0.40795175731182104 0.039040250703692443 0.036737985908985145 0.22021089494228366 20.089847564697269 0.016562900505959991 0.48759272694587713 -0.087301429361104951 0.25695779174566274 -0.13796672224998471
decision_type=2 2 2 2 2 2 2 2 2 2 2 2 2 2
left_child=1 6 7 -3 12 13 9 8 10 -1 -2 -9 -4 -5
right_child=2 3 4 5 -6 -7 -8 11 -10 -11 -12 -13 -14 -15
leaf_value=-0.0052669087633411028 0.011197143528806318 -0.024329884875790578 -0.0026077116255499321 0.00087755275951037926 0.0031178486835769623 0.0091732209163849221 -0.012309462529772362 0.012320485524103366 0.042391640497995854 0.013285847337957717 -0.0011983289086902056 0.00033574036288106868 -0.016725610755723357 -0.013555115132125643
leaf_weight=412.72740691900253 2790.4831108003855 780.67689058184624 2556.7801099568605 417.98421000689268 6043.2265236675739 271.26730071008205 378.42508748918772 686.50022844970226 140.35375741124153 618.11536808311939 671.67853505909443 2505.6602591127157 448.94823791086674 2652.8250250965357
leaf_count=3730 17287 8730 21271 3570 41836 2462 3563 4427 765 4609 4656 17517 3996 26557
internal_value=-9.13962e-06 -0.00920946 0.00320706 -0.0126735 0.000497125 -0.00988617 0.000942228 0.00681004 0.0102184 0.00587848 0.00879583 0.00294358 -0.00476489 -0.0115941
internal_weight=21375.7 5532.02 15843.6 4122.75 9048.95 3342.08 1409.27 6794.68 3602.52 1030.84 3462.16 3192.16 3005.73 3070.81
internal_count=164976 53221 111755 41319 67103 32589 11902 44652 22708 8339 21943 21944 25267 30127
is_linear=0
shrinkage=0.035


Tree=28
num_leaves=15
num_cat=0
split_feature=10 3 15 20 10 10 22 24 24 20 3 23 24 9
split_gain=484.091 217.91 120.214 113.827 100.469 73.4488 66.3237 57.2336 57.0833 75.1152 56.9706 91.7924 53.9397 53.2494
threshold=0.30016247928142553 0.30798417329788214 20.726525306701664 -0.028148042969405648 0.40795175731182104 0.20935691893100741 0.30037069320678716 0.039040250703692443 0.039040250703692443 -0.028148042969405648 -0.034488411620259278 0.15058789402246478 0.039040250703692443 0.19861671328544619
decision_type=2 2 2 2 2 2 2 2 2 2 2 2 2 2
left_child=1 5 3 10 7 -1 -4 -5 9 -7 -2 -12 -6 -3
right_child=2 13 6 4 12 8 -8 -9 -10 -11 11 -13 -14 -15
leaf_value=-0.019999003334832614 0.003331334576789296 -0.0068605342966895468 0.0010261278146305539 -0.0068426518794778091 0.0017575421499460816 -0.0051949893823683788 0.038250046535621432 0.0091179816368057668 0.006906368890412364 -0.015827332564487043 0.019070070661819288 0.0055684832729686815 0.014471591796434148 0.012001059410061021
leaf_weight=1081.8595224320889 3846.482971072197 246.60674061626196 87.195575997233391 2639.1286662742496 5534.5389740243554 1584.8797207325697 172.61719969660044 298.4487591907382 234.91623087972403 1695.2226326912642 898.70298650860786 1962.9907178431749 431.82735346257687 648.30064848065376
leaf_count=11898 25613 1850 594 22640 38454 14822 1050 2192 2193 17911 5376 13003 2833 4547
internal_value=-9.70959e-06 -0.00895696 0.00308978 0.00268766 9.24474e-05 -0.0120296 0.0262584 -0.00519567 -0.00952705 -0.0107214 0.00612708 0.00986024 0.00270042 0.00678505
internal_weight=21363.7 5491.79 15871.9 15612.1 8903.94 4596.88 259.813 2937.58 3515.02 3280.1 6708.18 2861.69 5966.37 894.907
internal_count=164976 53221 111755 110111 66119 46824 1644 24832 34926 32733 43992 18379 41287 6397
is_linear=0
shrinkage=0.035


Tree=29
num_leaves=15
num_cat=0
split_feature=17 3 3 17 8 15 23 24 23 23 9 20 21 23
split_gain=462.289 161.504 125.094 97.7463 65.9647 59.0894 74.4219 57.1109 53.1765 52.333 51.7753 51.5915 49.7632 49.7503
threshold=0.023893499746918682 0.22872756421566012 0.68045082688331615 0.030139881186187271 -0.28162267804145807 19.256583213806156 0.20564330369234088 0.039040250703692443 0.22513678669929507 0.13085953146219256 1.5017457604408266 -0.028148042969405648 -0.026746975257992741 0.17924155294895175
decision_type=2 2 2 2 2 2 2 2 2 2 2 2 2 2
left_child=1 4 3 11 -1 10 -7 9 -3 -6 -5 12 -2 -4
right_child=2 8 13 5 7 6 -8 -9 -10 -11 -12 -13 -14 -15
leaf_value=0.0019957456895255792 0.0071918266774744196 0.0044842117084149249 0.01994116360928128 0.0034322736299459687 -0.0062570797929901081 0.022342713120295361 0.0029986063692776089 0.0018934795032537993 -0.021458987114578259 -0.017317070048743815 -0.010151061519157768 -0.0061643934135794509 -0.0039100015087604406 0.0056694449732043349
leaf_weight=347.24174208194017 972.55220145732164 1084.0688307806849 672.17016708105803 9476.5732012540102 669.53525377064943 444.49796008318663 532.95394047349691 257.62203680723906 96.264318808913231 2686.5444434806705 347.18177346885204 2225.195779427886 986.7903176471591 552.27245152741671
leaf_count=3123 7162 8532 3894 64676 6404 2692 3595 2541 880 29079 2346 19075 7482 3495
internal_value=-9.54395e-06 -0.0091439 0.00289139 0.00200776 -0.0125231 0.00376624 0.0119326 -0.0139199 0.00220586 -0.0151358 0.00294239 -0.00252942 0.00160911 0.0136021
internal_weight=21351.5 5141.28 16210.2 14985.7 3960.94 10801.2 977.452 3613.7 1180.33 3356.08 9823.75 4184.54 1959.34 1224.44
internal_count=164976 50559 114417 107028 41147 73309 6287 38024 9412 35483 67022 33719 14644 7389
is_linear=0
shrinkage=0.035


Tree=30
num_leaves=15
num_cat=0
split_feature=9 3 3 11 24 22 22 24 20 21 17 20 24 24
split_gain=433.587 142.452 131.363 173.79 67.8449 87.3858 58.8487 58.8368 63.2439 59.8506 55.9239 40.3996 49.2463 39.2391
threshold=0.25503063201904302 0.25188769400119787 0.30798417329788214 0.26160028576850897 0.036819720640778549 0.40314695239067083 0.43019491434097296 0.039040250703692443 -0.028148042969405648 -0.026746975257992741 0.018935631029307846 -0.028148042969405648 0.039040250703692443 0.035889882594347007
decision_type=2 2 2 2 2 2 2 2 2 2 2 2 2 2
left_child=1 10 3 11 5 -5 -6 8 9 -4 -1 13 -13 -2
right_child=2 -3 7 4 6 -7 -8 -9 -10 -11 -12 12 -14 -15
leaf_value=-0.01844785337791683 0.0022647519069387213 0.0020760751576243352 0.019159847580820497 0.0087465345015185613 -0.0043632914981311345 0.00020594974311840652 0.0060191597939308148 0.029192907098865444 0.0023100299794302343 0.0047876460785503932 -0.00925618142504896 -0.0090913514729334729 0.0050163610053568907 -0.0083468052271308529
leaf_weight=1454.8780496045947 1505.8609444797039 946.18072228133678 819.92571959644556 4288.609099753201 1842.5645253360271 2229.1068492978811 1036.6569543033838 162.29164777696133 1288.8703341782093 635.26878818124533 1913.8163768127561 2289.7466990947723 342.61009614914656 584.29027672111988
leaf_count=16300 11656 7291 4681 27878 13055 15530 7226 1035 9036 3911 18985 20757 2758 4877
internal_value=-1.01085e-05 -0.00990686 0.00250238 0.00110474 0.00385628 0.00583038 -0.000617219 0.00926522 0.00798492 0.0129611 -0.0132687 -0.00436689 -0.00724315 -0.00072727
internal_weight=21340.7 4314.88 17025.8 14119.4 9396.94 6517.72 2879.22 2906.36 2744.06 1455.19 3368.69 4722.51 2632.36 2090.15
internal_count=164976 42576 122400 103737 63689 43408 20281 18663 17628 8592 35285 40048 23515 16533
is_linear=0
shrinkage=0.035


Tree=31
num_leaves=15
num_cat=0
split_feature=17 10 23 23 10 15 10 7 20 23 24 2 15 22
split_gain=408.928 124.739 157.411 97.85 79.3283 70.1818 63.1464 70.2441 62.7756 72.7597 59.827 59.8351 51.5158 48.3958
threshold=0.021319766528904441 0.39135991036891943 0.13350772112607959 0.13085953146219256 0.20935691893100741 20.726525306701664 1.3777923583984377 -0.38991765677928919 -0.073807202279567705 0.22679369151592257 0.039040250703692443 -0.15768879652023313 18.564900398254398 0.49088340997695928
decision_type=2 2 2 2 2 2 2 2 2 2 2 2 2 2
left_child=3 2 12 13 -5 6 7 -3 -4 -10 11 -6 -2 -1
right_child=1 5 8 4 10 -7 -8 -9 9 -11 -12 -13 -14 -15
leaf_value=0.0038171220948948919 0.0061550428938683668 0.01367943739778384 0.004946147439963456 -0.024353430943040721 0.011888808928163023 0.026246636914101441 -0.0094995801712580326 0.0036379099630920453 -0.0023631254151294315 -0.01130109751963356 0.0084450204544800379 -0.014556664964753819 0.024208964366163262 -0.014973698389333309
leaf_weight=643.76495932787657 933.36662765592337 928.79961438477039 809.78348491340876 734.226930975914 105.43481929600239 167.14577617496252 398.83355183899403 9621.9708734601736 3160.5215677693486 1720.6110068932176 175.28321120887995 1475.0449857711792 238.4484671279788 215.974779099226
leaf_count=5422 6746 5946 6216 8642 1046 976 2649 64329 27055 14794 1615 15790 1672 2078
internal_value=-1.02563e-05 0.00208311 -0.00162588 -0.011219 -0.0147219 0.00437219 0.00401463 0.004534 -0.00403363 -0.00553045 -0.0105791 -0.0127288 0.0100025 -0.0010212
internal_weight=21329.2 17979.5 6862.73 3349.73 2489.99 11116.7 10949.6 10550.8 5690.92 4881.13 1755.76 1580.48 1171.82 859.74
internal_count=164976 130383 56483 34593 27093 73900 72924 70275 48065 41849 18451 16836 8418 7500
is_linear=0
shrinkage=0.035


Tree=32
num_leaves=15
num_cat=0
split_feature=10 3 20 23 24 21 11 10 23 24 24 4 17 10
split_gain=387.986 189.158 98.9853 105.015 111.382 76.1144 76.0904 72.9477 61.2094 71.8855 56.7979 67.734 50.7008 48.1266
threshold=0.30016247928142553 0.381850615143776 -0.033946592360734933 0.2665951550006867 0.037930995225906379 -0.026746975257992741 0.35619890689849859 0.20935691893100741 0.13350772112607959 0.039040250703692443 0.037378439679741866 -0.059357687830924981 0.029575418680906299 0.65337535738945018
decision_type=2 2 2 2 2 2 2 2 2 2 2 2 2 2
left_child=1 7 5 4 12 10 -5 -1 -9 -10 13 -12 -4 -2
right_child=2 -3 3 6 -6 -7 -8 8 9 -11 11 -13 -14 -15
leaf_value=-0.018342562438707195 0.015365411839413833 0.010075442906918499 -0.0050503676366949269 -0.014074684818388441 0.010180439833327965 0.0029733098570985674 9.0554711166502573e-05 0.0014724953596013948 -0.011866083733380925 0.0074953806125696056 0.023853271557467762 -0.014870411382680273 0.0020285952077174034 0.0024875871036587117
leaf_weight=1109.9166608601809 1763.6801353022456 610.28394492715597 1676.2997170910239 911.08144734799862 1716.3071666061878 3576.9807370752096 936.94159969687462 669.681570738554 2722.7988012433052 250.32662584632635 66.407188914716244 192.28099390119314 4666.7197053134441 450.02998887002468
leaf_count=12527 10624 4112 14424 7473 12174 23803 6433 6013 28272 2297 449 1367 32367 2641
internal_value=-1.0477e-05 -0.00814591 0.00272721 0.000571435 0.00229825 0.00625105 -0.00693112 -0.0105019 -0.00806929 -0.0102163 0.0109621 -0.00441195 0.000152799 0.0127704
internal_weight=21319.7 5363.01 15956.7 9907.35 8059.33 6049.38 1848.02 4752.72 3642.81 2973.13 2472.4 258.688 6343.02 2213.71
internal_count=164976 53221 111755 72871 58965 38884 13906 49109 36582 30569 15081 1816 46791 13265
is_linear=0
shrinkage=0.035


Tree=33
num_leaves=15
num_cat=0
split_feature=9 10 23 22 23 15 24 20 24 10 7 20 10 21
split_gain=370.265 118.303 113.021 111.955 109.53 74.8026 61.9143 59.2111 69.704 58.6147 62.6362 52.228 47.3855 36.8001
threshold=0.24342071264982226 0.37577247619628912 0.17157290875911715 0.49088340997695928 0.13350772112607959 20.726525306701664 0.039040250703692443 -0.087301429361104951 0.039040250703692443 1.3777923583984377 -0.38991765677928919 -0.028148042969405648 0.20935691893100741 0.036737985908985145
decision_type=2 2 2 2 2 2 2 2 2 2 2 2 2 2
left_child=4 2 3 11 13 9 12 -4 -9 10 -3 -2 -6 -1
right_child=1 5 7 -5 6 -7 -8 8 -10 -11 -12 -13 -14 -15
leaf_value=0.0028914564021270653 0.01362556220756455 0.012818413912402443 0.0067646875353849145 -0.0070333600912261601 -0.024214882034398835 0.025743340349754482 0.0049812640325656646 -0.0091938618789293471 0.0061795865846464024 -0.0093146136879667506 0.0034164125451369592 -0.0012239072885883713 -0.012654529208069988 -0.011298898741071197
leaf_weight=813.25918439775705 1096.9968942478299 940.52734276652336 406.48939707130194 713.91680659353733 600.08138803392649 182.86334244161844 187.18074360489845 2869.2931136339903 406.04536820948124 397.20388738811016 10260.953570313752 391.09865520894527 1745.1957536190748 297.57579914480448
leaf_count=6746 7419 5957 3172 6302 7404 1059 1863 25674 3212 2649 68711 3567 18302 2939
internal_value=-1.09403e-05 0.00208559 -0.00196518 0.00429517 -0.0101544 0.00410854 -0.0141603 -0.00571083 -0.007275 0.00374557 0.00421658 0.00974073 -0.0157027 -0.000976816
internal_weight=21308.7 17665.4 5883.84 2202.01 3643.29 11781.5 2532.46 3681.83 3275.34 11598.7 11201.5 1488.1 2345.28 1110.83
internal_count=164976 127722 49346 17288 37254 78376 27569 32058 28886 77317 74668 10986 25706 9685
is_linear=0
shrinkage=0.035


Tree=34
num_leaves=15
num_cat=0
split_feature=17 3 11 23 23 9 21 3 24 24 22 24 0 23
split_gain=348.879 144.15 153.689 98.6216 88.0656 78.4472 78.1572 62.1113 54.3121 54.3008 77.7746 56.5817 53.7987 44.2205
threshold=0.021319766528904441 0.30798417329788214 0.26160028576850897 0.24243597686290744 0.13085953146219256 0.2667145729064942 -0.03169735521078109 0.15062501281499865 0.039040250703692443 0.036819720640778549 0.40314695239067083 0.037282371893525131 -0.16413493454456327 0.22513678669929507
decision_type=2 2 2 2 2 2 2 2 2 2 2 2 2 2
left_child=4 2 13 6 7 8 -3 -1 -6 10 -4 -11 -5 -2
right_child=1 3 9 12 5 -7 -8 -9 -10 11 -12 -13 -14 -15
leaf_value=-0.0097998356861161932 -0.002143773819531237 0.018183278908809216 0.0075419292510512555 0.01873292096153736 -0.018253106752210538 0.0014412727507732012 0.0061172940411070593 0.0088596066056917076 0.0014051318551848854 -0.0089825202026158832 -0.00040710613910193214 0.0020300433620283999 -0.012904742728651372 -0.0090273830670957386
leaf_weight=444.32438717782497 3599.455252751708 1117.6278036311269 4402.5538032576442 71.744894929230213 1884.1336531192064 347.97701354324818 1617.1721960753202 411.12935215979815 187.86717008054256 768.0680920034647 2288.9826265051961 2143.9233003482223 341.85969616472721 1671.6552807614207
leaf_count=4421 30907 6549 28313 460 21779 3425 10778 3079 1889 5516 15893 14924 2333 14710
internal_value=-1.14795e-05 0.00189965 0.000457383 0.00869063 -0.0105012 -0.0139013 0.0110966 -0.000833394 -0.0164725 0.00309218 0.00482624 -0.000895435 -0.00710412 -0.00433977
internal_weight=21298.5 18023 14874.6 3148.4 3275.43 2419.98 2734.8 855.454 2072 9603.53 6691.54 2911.99 413.605 5271.11
internal_count=164976 130383 110263 20120 34593 27093 17327 7500 23668 64646 44206 20440 2793 45617
is_linear=0
shrinkage=0.035


Tree=35
num_leaves=15
num_cat=0
split_feature=9 3 11 3 24 24 24 21 24 1 17 20 24 3
split_gain=328.713 119.142 152.744 106.233 55.5659 57.6016 54.724 60.1469 48.4342 46.7956 38.0731 37.3531 27.6687 25.1923
threshold=0.24342071264982226 0.27847152948379522 0.26160028576850897 0.22872756421566012 0.039040250703692443 0.038493515923619277 0.036819720640778549 0.078718151897192015 0.037483181804418571 -0.089629594236612306 0.018935631029307846 -0.087301429361104951 0.039040250703692443 0.43046869337558752
decision_type=2 2 2 2 2 2 2 2 2 2 2 2 2 2
left_child=3 2 11 10 5 9 7 -4 -8 -3 -1 -2 -13 -5
right_child=1 4 6 13 -6 -7 8 -9 -10 -11 -12 12 -14 -15
leaf_value=-0.01749109263904855 0.0064702718391005647 0.01588315990794089 0.0062755074539117949 -0.0034998194515168867 0.025926001411868731 -0.015804465771071197 -0.0067503581465437282 -0.0033867432615576308 0.0026273981096180607 0.0053614798293430315 -0.0090325210801007975 -0.0060338212158441212 0.0040491191765846743 0.0086512477830070107
leaf_weight=1286.1244777068496 350.83504649996758 664.62049336731434 5669.2238031774759 589.18994864076376 189.02163212001324 123.73292238265276 1061.8786146268249 910.09915617853403 1811.1989128217101 2321.3285535499454 1402.3442880213261 4241.8162163197994 354.9387875571847 311.06822600960732
leaf_count=15309 2770 4029 36936 5194 1176 894 7611 6373 12563 15051 14619 37454 2865 2132
internal_value=-1.19893e-05 0.00194773 0.000571201 -0.00965538 0.00793687 0.0067638 0.00317819 0.00493584 -0.000849977 0.00774862 -0.0131288 -0.00440583 -0.00524817 0.000747683
internal_weight=21287.4 17698.7 14400 3588.73 3298.7 3109.68 9452.4 6579.32 2873.08 2985.95 2688.47 4947.59 4596.76 900.258
internal_count=164976 127722 106572 37254 21150 19974 63483 43309 20174 19080 29928 43089 40319 7326
is_linear=0
shrinkage=0.035


Tree=36
num_leaves=15
num_cat=0
split_feature=9 3 11 23 23 15 21 24 22 22 0 15 10 20
split_gain=310.28 142.162 178.858 93.4785 81.8431 62.7807 65.3281 50.2845 73.3986 50.5106 45.5682 61.4473 45.3986 39.8391
threshold=0.21913824975490573 0.27847152948379522 0.26160028576850897 0.24243597686290744 0.13085953146219256 17.921761512756351 -0.03169735521078109 0.036819720640778549 0.40314695239067083 0.43019491434097296 -0.16413493454456327 17.116715431213382 0.25640985369682318 -0.087301429361104951
decision_type=2 2 2 2 2 2 2 2 2 2 2 2 2 2
left_child=4 2 12 5 -1 -3 -7 8 -4 -9 -5 -12 -2 -14
right_child=1 3 7 10 -6 6 -8 9 -10 -11 11 -13 13 -15
leaf_value=-0.0016946781413684944 -0.011753573516254315 0.0063028559888411977 0.0072788553142213164 0.016006386785362495 -0.015731485720501183 0.02657259247284724 0.0090298997708184239 -0.0043792701843325191 -0.00046752243761375085 0.0051926590785779155 0.0052445326066223076 -0.023205625652348204 0.0084256439992242745 -0.0042843395197772376
leaf_weight=720.01725003868341 959.2130485996604 2014.0981765985489 4402.5582322329283 78.149301014840603 1746.7183662429452 465.81532661616802 609.58870727568865 1833.1964062899351 2267.0938351154327 1056.0659525543451 148.94361651688814 224.51687160879374 314.9627585336566 4436.0078622847795
leaf_count=6409 10375 12895 28122 494 20201 2719 4093 13037 15731 7287 1015 1579 2381 38638
internal_value=-1.21529e-05 0.0015204 5.33892e-05 0.00782811 -0.0116577 0.0100003 0.0168034 0.00298024 0.00464901 -0.000874753 -0.00692701 -0.0120183 -0.00484283 -0.00342581
internal_weight=21276.9 18810.2 15269.1 3541.11 2466.74 3089.5 1075.4 9558.91 6669.65 2889.26 451.61 373.46 5710.18 4750.97
internal_count=164976 138366 115571 22795 26610 19707 6812 64177 43853 20324 3088 2594 51394 41019
is_linear=0
shrinkage=0.035


Tree=37
num_leaves=15
num_cat=0
split_feature=17 3 11 23 23 9 21 3 15 24 15 22 23 3
split_gain=293.179 116.709 118.886 81.0437 79.565 71.5169 66.8698 55.3078 54.3447 52.757 50.2604 51.0725 45.3836 94.4705
threshold=0.021319766528904441 0.34252400696277624 0.26160028576850897 0.13085953146219256 0.24243597686290744 0.2667145729064942 -0.03169735521078109 0.15062501281499865 18.93640232086182 0.039040250703692443 19.511759757995609 0.29079861938953405 0.22513678669929507 -0.10437268763780592
decision_type=2 2 2 2 2 2 2 2 2 2 2 2 2 2
left_child=3 2 12 7 6 9 8 -1 -3 -5 -4 -12 13 -2
right_child=1 4 10 5 -6 -7 -8 -9 -10 -11 11 -13 -14 -15
leaf_value=-0.0090693479137026328 -0.0091190625185709438 0.013073270195603379 0.0020592747909450176 -0.017411031089350999 -0.00687280196654186 0.0015481717594185093 0.005516808944098504 0.0086115517609629318 0.033887197851459314 0.0021002276103939802 -0.00053886846993999454 0.018613523667695135 -0.0084621941451331652 0.0025943428508268503
leaf_weight=435.13431578874588 1290.2876360565424 863.04668201506138 9057.336024530232 1821.9354615807533 371.99586095660925 346.9818686619401 1503.9145139604807 412.39788692444563 186.38211399316788 184.8712692707777 268.58018061518669 454.7339228913188 1676.1701276004314 2392.1678403317928
leaf_count=4421 10933 4939 60866 21779 2512 3425 9810 3079 999 1889 1779 2803 14918 20824
internal_value=-1.22303e-05 0.00171917 0.000480439 -0.00975721 0.00810639 -0.0130866 0.010307 -0.000465961 0.0170549 -0.0156121 0.00277534 0.0115915 -0.00370561 -0.00152347
internal_weight=21265.9 18064.6 15139.3 3201.32 2925.34 2353.79 2553.34 847.532 1049.43 2006.81 9780.65 723.314 5358.63 3682.46
internal_count=164976 130383 112123 34593 18260 27093 15748 7500 5938 23668 65448 4582 46675 31757
is_linear=0
shrinkage=0.035


Tree=38
num_leaves=15
num_cat=0
split_feature=17 3 17 23 23 21 15 23 24 8 3 15 22 0
split_gain=275.081 108.222 106.002 76.9194 73.7521 61.4245 58.523 64.8578 51.9194 61.6594 51.6556 49.4531 43.609 42.8879
threshold=0.021319766528904441 0.34252400696277624 0.029575418680906299 0.13085953146219256 0.24243597686290744 -0.03169735521078109 19.256583213806156 0.20564330369234088 0.039040250703692443 -0.28162267804145807 0.15062501281499865 18.93640232086182 0.36958597600460058 -0.16413493454456327
decision_type=2 2 2 2 2 2 2 2 2 2 2 2 2 2
left_child=3 2 -2 10 5 11 12 -8 9 -5 -1 -3 -4 -6
right_child=1 4 6 8 13 -7 7 -9 -10 -11 -12 -13 -14 -15
leaf_value=-0.0088206187389813819 -0.0038243981884065878 0.012532548041479791 0.003914777369616592 0.010922095815133712 0.016767953105804648 0.0053071307961289711 0.02101806418797629 0.0024403121745475696 0.0025039317088205006 -0.015919891431713538 0.0082716401491650365 0.03225460427075319 -0.00085129040502579403 -0.012328939351142773
leaf_weight=432.08228844404221 4808.9319157898426 869.09431899338961 4890.9164884388447 103.91148543357849 68.252503976225853 1508.9197242632508 410.29118635505438 515.65649835765362 241.5085629299283 1983.5929510444403 414.68698647618294 189.41278359293938 4515.6903169453144 302.12964589893818
leaf_count=4421 42553 4939 31835 1039 427 9810 2427 3430 2380 23674 3079 999 31878 2085
internal_value=-1.20333e-05 0.00165814 0.000463339 -0.00949546 0.00779368 0.00989761 0.00246069 0.0108088 -0.0127677 -0.0145381 -0.000451208 0.0163305 0.00162833 -0.00666722
internal_weight=21255.1 18079.3 15141.5 3175.78 2937.81 2567.43 10332.6 925.948 2329.01 2087.5 846.769 1058.51 9406.61 370.382
internal_count=164976 130383 112123 34593 18260 15748 69570 5857 27093 24713 7500 5938 63713 2512
is_linear=0
shrinkage=0.035


Tree=39
num_leaves=15
num_cat=0
split_feature=9 3 11 23 23 21 11 7 10 0 20 10 24 23
split_gain=265.239 116.047 148.315 76.1625 71.9531 50.3762 46.1741 74.931 41.7073 40.441 36.9094 35.8796 35.1883 34.0509
threshold=0.21913824975490573 0.27847152948379522 0.26160028576850897 0.24243597686290744 0.13085953146219256 -0.03169735521078109 0.85798567533493053 -0.43948669731616968 0.25640985369682318 -0.16413493454456327 -0.087301429361104951 0.20023489743471148 0.039040250703692443 0.13350772112607959
decision_type=2 2 2 2 2 2 2 2 2 2 2 2 2 2
left_child=4 2 8 5 -1 -3 7 -4 -2 -5 -10 -6 -13 -7
right_child=1 3 6 9 11 13 -8 -9 10 -11 -12 12 -14 -15
leaf_value=-0.0016040948377251841 -0.011129382953172007 0.014175394539178305 0.016888639014471303 0.015027181062809378 -0.022873392196557294 0.013091636403215479 -0.0094154864651484448 0.0024601491034506743 0.008312693470133704 -0.01127254847403069 -0.0039130703983944921 -0.013060595346144342 0.0097433387381336695 0.0022572707745118943
leaf_weight=717.79324802011251 940.59179398417473 1316.0644706785679 454.72440157830715 79.313984178006649 486.8839126676321 476.44644095748663 360.8595867305994 8786.1134413480759 315.51643367111683 366.72472404688597 4397.772095002234 1122.2176232710481 82.350534453988075 1340.1268599703908
leaf_count=6409 10375 7606 2837 494 6427 2909 2398 58942 2381 2594 38638 12981 793 9192
internal_value=-1.11304e-05 0.00138949 5.73176e-05 0.00705245 -0.010921 0.00897764 0.00270467 0.00318764 -0.00443539 -0.006369 -0.00307879 -0.0148421 -0.0114342 0.005155
internal_weight=21243.5 18834.3 15255.6 3578.68 2409.25 3132.64 9601.7 9240.84 5653.88 446.039 4713.29 1691.45 1204.57 1816.57
internal_count=164976 138366 115571 22795 26610 19707 64177 61779 51394 3088 41019 20201 13774 12101
is_linear=0
shrinkage=0.035


Tree=40
num_leaves=15
num_cat=0
split_feature=9 3 11 23 21 15 23 9 15 9 23 23 10 24
split_gain=249.194 108.798 156.799 115.884 71.0449 84.1895 68.5973 52.9353 49.8769 46.9108 42.7534 41.1951 34.936 33.2731
threshold=0.21913824975490573 0.16801075637340548 0.26160028576850897 0.24243597686290744 -0.03169735521078109 17.854129791259769 0.13085953146219256 0.49990151822566992 19.511759757995609 1.5017457604408266 0.1630380526185036 0.20564330369234088 0.20023489743471148 0.039040250703692443
decision_type=2 2 2 2 2 2 2 2 2 2 2 2 2 2
left_child=6 2 -2 4 5 -3 -1 -5 9 -4 -6 -10 -8 -14
right_child=1 3 8 7 10 -7 12 -9 11 -11 -12 -13 13 -15
leaf_value=-0.0015505058702970831 -0.0052266250450429715 0.0072715446177935936 0.0022945401936522013 -0.017370195823195475 0.0097782196982694435 0.023327366766766718 -0.022511033363597825 0.0025347476904268047 0.021007923040433016 -0.011039637655981475 0.00035068909290363542 0.0037010654087268244 -0.012741052930194167 0.0093769158141104175
leaf_weight=716.97130233794451 4940.6822190731764 1050.0808270275593 8120.3964942470193 331.26497466117144 983.0794223845005 650.92985351383686 477.73015159368515 310.20374029874802 301.12733621895313 326.77362814545631 1451.0665608495474 379.03716688603163 1110.5600635781884 82.953470394015312
leaf_count=6409 45163 6491 54425 2645 6772 4001 6427 2022 1767 2220 10360 2500 12981 793
internal_value=-1.13348e-05 0.00134032 -0.000210378 0.00589829 0.00804532 0.0135161 -0.0106379 -0.00785334 0.0025077 0.00176627 0.00418262 0.0115567 -0.014504 -0.0111386
internal_weight=21232.9 18844.6 14068 4776.63 4135.16 1701.01 2388.21 641.469 9127.33 8447.17 2434.15 680.165 1671.24 1193.51
internal_count=164976 138366 106075 32291 27624 10492 26610 4667 60912 56645 17132 4267 20201 13774
is_linear=0
shrinkage=0.035


Tree=41
num_leaves=15
num_cat=0
split_feature=10 3 15 20 24 11 10 22 6 16 3 1 24 24
split_gain=235.663 134.364 91.233 72.9956 73.1876 63.0055 59.7606 54.9969 50.1786 49.0542 45.1224 44.8031 41.9143 38.9213
threshold=0.30016247928142553 0.22872756421566012 20.726525306701664 -0.028148042969405648 0.039040250703692443 0.3668257743120194 0.20935691893100741 0.30037069320678716 0.068794287741184248 1.0352904200553896 -0.10437268763780592 -0.013272735290229319 0.03718423284590245 0.039040250703692443
decision_type=2 2 2 2 2 2 2 2 2 2 2 2 2 2
left_child=1 6 3 10 5 -5 -1 -4 -6 -9 12 -3 -2 -8
right_child=2 11 7 4 8 -7 13 9 -10 -11 -12 -13 -14 -15
leaf_value=-0.018139034211427443 0.0028802426565848935 0.012837743712468618 -0.00073135698189176414 -0.0038157674397434468 0.0033119534702484433 0.0024461308077475901 -0.0086201160357118368 0.050659573813195496 0.022146383936606524 0.013370217270521604 0.0072399403444576181 -0.0011637109362662877 -0.0097748694235776108 0.0064701500203873464
leaf_weight=827.54225344210863 3067.2811744883657 395.41301494091749 89.87107652425766 4949.4568933099508 497.57124946266413 3254.9002839326859 2774.8281871005893 84.357895001769066 259.53450644761324 98.052553325891495 3456.3168571740389 900.07935352623463 348.07866739481688 219.27795732021332
leaf_count=10711 19673 2973 594 39380 3370 21714 30214 486 1655 564 21879 7265 2440 2058
internal_value=-1.15584e-05 -0.00654727 0.00206779 0.00171504 -0.000366439 -0.00133154 -0.00984284 0.0217931 0.0099729 0.0323518 0.00442611 0.00317544 0.00156572 -0.0074971
internal_weight=21222.6 5117.14 16105.4 15833.1 8961.46 8204.36 3821.65 272.282 757.106 182.41 6871.68 1295.49 3415.36 2994.11
internal_count=164976 53221 111755 110111 66119 61094 42983 1644 5025 1050 43992 10238 22113 32272
is_linear=0
shrinkage=0.035


Tree=42
num_leaves=15
num_cat=0
split_feature=9 3 11 23 23 21 15 7 6 15 23 22 23 9
split_gain=223.963 96.6489 140.688 107.244 65.6728 63.4032 76.2531 53.2521 57.9176 45.025 45.6871 41.3399 39.7055 34.3267
threshold=0.21913824975490573 0.16801075637340548 0.26160028576850897 0.24243597686290744 0.13085953146219256 -0.03169735521078109 17.854129791259769 -0.20376101136207578 0.32156743109226232 19.511759757995609 0.18840173631906512 0.30037069320678716 0.1630380526185036 0.15217534452676776
decision_type=2 2 2 2 2 2 2 2 2 2 2 2 2 2
left_child=4 2 -2 5 -1 6 -3 -5 -9 10 -4 -11 -7 -6
right_child=1 3 9 7 13 12 -8 8 -10 11 -12 -13 -14 -15
leaf_value=-0.0012647330183395949 -0.004977002115890891 0.0067941716694284423 -0.0017095337182514085 0.0088717829614507523 -0.025244477532426871 0.0093143021816488245 0.021981715229346201 -0.019550213499199796 0.010621059285257568 0.00053753113745092461 0.0036162115812813029 0.017943853249592141 0.00025040927370480637 -0.011577592932780078
leaf_weight=712.09609019756317 4909.9465163201094 1057.1819492727518 3116.4660137668252 167.31978558003902 274.17007660493255 989.67693868279457 660.94903875142336 381.2722015157342 90.47997460514307 281.0186203494668 5346.3102100938559 404.78774929046631 1453.3577833250165 1366.9800224043429
leaf_count=6409 45163 6491 21089 1078 3678 6772 4001 2972 617 1840 35556 2427 10360 16523
internal_value=-1.05436e-05 0.00126163 -0.000203469 0.00554398 -0.0101678 0.00759427 0.0127301 -0.00771734 -0.0136631 0.00236107 0.00165527 0.0109216 0.00394521 -0.0139998
internal_weight=21212 18858.8 14058.5 4800.24 2353.25 4161.17 1718.13 639.072 471.752 9148.58 8462.78 685.806 2443.03 1641.15
internal_count=164976 138366 106075 32291 26610 27624 10492 4667 3589 60912 56645 4267 17132 20201
is_linear=0
shrinkage=0.035


Tree=43
num_leaves=15
num_cat=0
split_feature=9 3 10 23 23 15 23 23 21 20 7 6 15 23
split_gain=210.374 89.7268 132.126 99.6584 62.5251 60.7867 60.2585 108.797 56.2211 50.729 50.2802 52.7813 48.7858 36.3961
threshold=0.21913824975490573 0.16801075637340548 0.38340075314044958 0.24243597686290744 0.13085953146219256 20.373504638671879 0.18840173631906512 0.20564330369234088 -0.03169735521078109 -0.087301429361104951 -0.21286083757877347 0.32156743109226232 19.373398780822757 0.22513678669929507
decision_type=2 2 2 2 2 2 2 2 2 2 2 2 2 2
left_child=4 2 9 5 -1 8 12 -8 -3 -2 -5 -12 -4 -11
right_child=1 3 6 10 -6 -7 7 -9 -10 13 11 -13 -14 -15
leaf_value=-0.001222190603317133 0.0074259384182330636 0.011355680014194559 -0.0026124157951979057 0.009443187410698349 -0.013673146763183484 0.028862699951671168 0.014369368183347919 0.0021449721016678462 0.0029626172379931784 -0.0034661843761467533 -0.018578465089037897 0.0099710051630478979 0.012688714915249153 -0.0099740774971315872
leaf_weight=711.45188806205988 380.84223464876413 1668.9279262572527 3095.3030956983566 154.52848045527935 1622.7457964010537 145.08527770638466 1101.8426195681095 4533.4370860680938 2364.8399191349745 3065.1943966820836 388.77868470549583 92.21876198798418 268.21489123255014 1608.5626722052693
leaf_count=6409 3034 10163 21033 987 20201 865 7062 30040 16596 28394 3056 624 1577 14935
internal_value=-1.06381e-05 0.00121735 -0.000196298 0.00533571 -0.00989956 0.00729968 0.00234658 0.00455638 0.00645465 -0.00471913 -0.00749125 -0.0130132 -0.00135827 -0.00572251
internal_weight=21202 18867.8 14053.4 4814.38 2334.2 4178.85 8998.8 5635.28 4033.77 5054.6 635.526 480.997 3363.52 4673.76
internal_count=164976 138366 106075 32291 26610 27624 59712 37102 26759 46363 4667 3680 22610 43329
is_linear=0
shrinkage=0.035


Tree=44
num_leaves=15
num_cat=0
split_feature=17 3 11 24 23 21 23 10 2 24 9 10 2 3
split_gain=201.086 78.8986 71.2984 80.3723 103.485 78.4747 63.9181 65.1047 49.0836 52.8576 46.8241 44.5172 44.6858 42.7358
threshold=0.021319766528904441 0.68045082688331615 0.33706296980381018 0.034890316426754005 0.2665951550006867 0.086410630494356169 0.13350772112607959 0.20935691893100741 -0.15768879652023313 0.039040250703692443 1.5017457604408266 0.75496375560760509 0.91703984141349804 0.15062501281499865
decision_type=2 2 2 2 2 2 2 2 2 2 2 2 2 2
left_child=6 2 3 5 -5 -2 13 -8 -9 -10 -4 12 -3 -1
right_child=1 11 10 4 -6 -7 7 8 9 -11 -12 -13 -14 -15
leaf_value=-0.0081960621523735518 0.0049069101887742423 0.0098967806990677611 0.004193771903201673 -0.0015826399831498311 -0.013736635988972153 -0.0091309663472280284 -0.021794570150917191 0.014788538842267615 -0.012016859631274612 0.0083079959480791728 -0.0086485575308168031 -0.0034168164947810751 0.032021714752598664 0.006425050950579588
leaf_weight=473.31107837706804 3277.0785499364138 959.21879930049181 6429.1976967826486 5143.4591867476702 1020.9074349552393 563.39533510804176 563.98529055714607 100.3677606806159 1265.4844057783484 171.55949408560991 358.47887712717056 257.94854624569416 120.5580198392272 486.53655164688826
leaf_count=5065 24313 5494 41327 41030 8982 4636 8014 1049 15180 1563 2425 1505 671 3722
internal_value=-1.01872e-05 0.00139202 0.000737639 -0.00114066 -0.0036145 0.0028292 -0.00829223 -0.0116968 -0.00787557 -0.00954976 0.0035038 0.00954 0.0126382 -0.000794944
internal_weight=21191.5 18130.2 16792.5 10004.8 6164.37 3840.47 3061.24 2101.4 1537.41 1437.04 6787.68 1337.73 1079.78 959.848
internal_count=164976 130383 122713 78961 50012 28949 34593 25806 17792 16743 43752 7670 6165 8787
is_linear=0
shrinkage=0.035


Tree=45
num_leaves=15
num_cat=0
split_feature=11 3 20 23 15 22 20 23 23 22 22 9 21 19
split_gain=188.537 94.9146 87.0595 65.7712 113.855 71.3523 67.0939 65.5951 75.9774 72.59 50.7037 49.89 44.4662 40.6802
threshold=0.17413470894098285 0.381850615143776 -0.028148042969405648 0.22021089494228366 20.089847564697269 0.48759272694587713 -0.098063450306653963 0.2665951550006867 0.18840173631906512 0.41241422295570379 0.47683593630790716 0.56922665238380443 -0.069101542234420762 0.047816965728998191
decision_type=2 2 2 2 2 2 2 2 2 2 2 2 2 2
left_child=1 13 3 4 5 -2 -5 8 10 -10 -4 12 -9 -1
right_child=2 -3 7 6 -6 -7 -8 11 9 -11 -12 -13 -14 -15
leaf_value=-0.015485021477662239 0.0078917162010784195 0.0062268016063212082 -0.0069879138992879264 0.01639488713023644 0.033588527754043883 -0.0038166658797079991 -0.00082212590768600486 -0.0027351972016866587 5.7544372815542974e-05 0.0098777046368488559 0.00039767405717835205 -0.00029425859001234105 -0.019717993912810108 -0.0066892708862124981
leaf_weight=1134.5462552532554 3458.8373799920082 487.24488716572523 1917.6809022352099 292.14791390299797 178.54456613957882 774.80146666616201 3359.3530624061823 304.99214833974838 2290.739507086575 1533.4688816890121 2779.6111978366971 629.05258844792843 502.06753625720739 1539.1696832515299
leaf_count=14238 21685 3322 15086 1834 991 5527 23958 2618 17055 10896 21938 4277 4517 17034
internal_value=-1.0518e-05 -0.00788086 0.00137356 0.00407451 0.00694514 0.00574501 0.000596381 -0.000815576 0.000353656 0.00401082 -0.00262595 -0.00770795 -0.0134121 -0.0104654
internal_weight=21182.3 3160.96 18021.3 8063.68 4412.18 4233.64 3651.5 9957.61 8521.5 3824.21 4697.29 1436.11 807.06 2673.72
internal_count=164976 34594 130382 53995 28203 27212 25792 76387 64975 27951 37024 11412 7135 31272
is_linear=0
shrinkage=0.035


Tree=46
num_leaves=15
num_cat=0
split_feature=10 3 20 23 23 11 23 21 10 22 23 10 4 23
split_gain=182.528 113.153 62.459 78.1844 66.0504 55.9584 55.1338 53.5882 52.1523 48.9003 45.6995 43.895 40.7786 39.692
threshold=0.30016247928142553 0.381850615143776 -0.033946592360734933 0.2665951550006867 0.18840173631906512 0.38898509740829473 0.17157290875911715 -0.026746975257992741 0.20935691893100741 0.31738407909870153 0.13350772112607959 0.75496375560760509 -0.0022395914420485492 0.22513678669929507
decision_type=2 2 2 2 2 2 2 2 2 2 2 2 2 2
left_child=1 8 7 4 6 -5 -4 11 -1 -6 -10 12 -2 -9
right_child=2 -3 3 5 9 -7 -8 13 10 -11 -12 -13 -14 -15
leaf_value=-0.014957251706239743 0.013392851661142603 0.0080021185551673469 0.0019397879358896369 -0.011818201024442447 0.00099869034927076573 0.00050904900414754204 -0.0059649191316194453 0.0045129497311216585 0.0025338232578091756 0.009032564167278382 -0.0077223573284616936 -0.0027344626349126177 0.0028828292643038717 -0.0031179996236727708
leaf_weight=970.56183374300599 1538.8406782820821 624.90464889258146 2608.4159662202001 1024.8226737529039 1870.3478570654988 798.28688460588455 1831.5832725688815 2354.7680825814605 653.37523750960827 1837.7760257720947 2763.8576353192329 365.07781474292278 647.98946477472782 1282.1102526336908
leaf_count=12527 9061 4112 19273 8510 13180 5396 13884 15017 6013 12628 30569 2142 3878 8786
internal_value=-1.05667e-05 -0.00583865 0.00179975 8.45619e-05 0.00155211 -0.00644712 -0.00132713 0.00455862 -0.00782355 0.00499393 -0.0057597 0.00843693 0.0103059 0.00182163
internal_weight=21172.7 5012.7 16160 9971.23 8148.12 1823.11 4440 6188.79 4387.79 3708.12 3417.23 2551.91 2186.83 3636.88
internal_count=164976 53221 111755 72871 58965 13906 33157 38884 49109 25808 36582 15081 12939 23803
is_linear=0
shrinkage=0.035


Tree=47
num_leaves=15
num_cat=0
split_feature=9 20 23 15 11 10 24 23 10 22 23 23 22 6
split_gain=172.959 76.8513 85.3445 110.151 98.5926 80.7284 60.4218 56.6811 55.8395 51.3491 50.8948 68.7355 43.6179 40.3359
threshold=0.21913824975490573 -0.028148042969405648 0.22021089494228366 18.654656410217289 0.20158305764198306 0.34760650992393499 0.039040250703692443 0.13085953146219256 0.75496375560760509 0.48759272694587713 0.2665951550006867 0.18840173631906512 0.47683593630790716 0.019667643122375015
decision_type=2 2 2 2 2 2 2 2 2 2 2 2 2 2
left_child=7 2 3 9 -4 6 12 -1 -6 -2 11 -7 -3 -8
right_child=1 5 4 -5 8 10 13 -9 -10 -11 -12 -13 -14 -15
leaf_value=-0.00083084214254112976 0.0059789104278320194 -0.012611101613997127 -0.014978156015819781 0.017501650184896401 0.0038078541211633539 -0.0012414402093898671 -0.0060073282276133693 -0.012778827936060583 -0.0083912880058015591 -0.0044652069503548436 -0.0058432859716234095 0.0059431584108069254 -0.0028466031408395302 0.016388696351341814
leaf_weight=704.35856772959232 3081.1783125177026 1273.8037113472819 481.36027876660228 919.69578920304775 2793.700305595994 3521.4753114059567 169.16563216596842 1572.3599613383412 540.08634741604328 701.16974510997534 1159.867798820138 3024.3824989199638 1007.5862245596945 213.02463517338037
leaf_count=6409 19362 13232 4881 5822 19238 25098 1460 20201 3465 5048 8574 20133 10355 1698
internal_value=-1.08825e-05 0.00108929 0.00355076 0.00670146 -0.000339731 -0.000933997 -0.00617452 -0.00910222 0.00181236 0.00403612 0.000883109 0.00208206 -0.00832981 0.00657532
internal_weight=21163.2 18886.5 8517.19 4702.04 3815.15 10369.3 2663.58 2276.72 3333.79 3782.35 7705.73 6545.86 2281.39 382.19
internal_count=164976 138366 57816 30232 27584 80550 26745 26610 22703 24410 53805 45231 23587 3158
is_linear=0
shrinkage=0.035


Tree=48
num_leaves=15
num_cat=0
split_feature=17 3 21 24 10 3 24 4 10 10 2 16 8 15
split_gain=163.987 69.2216 64.7817 68.0496 92.9611 58.3272 48.6529 44.691 41.1515 40.1788 35.9629 32.9791 30.6195 30.2405
threshold=0.021319766528904441 0.68045082688331615 0.078718151897192015 0.035096112638711936 0.51754996180534374 0.20637089759111407 0.037483181804418571 0.0063407185953110465 0.20935691893100741 0.65337535738945018 -0.12293323129415511 0.86859008669853222 -0.060125390067696564 17.99348068237305
decision_type=2 2 2 2 2 2 2 2 2 2 2 2 2 2
left_child=5 2 3 7 -5 8 -4 -2 -1 -3 -10 -8 13 -7
right_child=1 9 6 4 -6 12 11 -9 10 -11 -12 -13 -14 -15
leaf_value=-0.017661670043354692 0.0068529830355240559 0.012784356547739116 -0.0069645898365318266 -0.0032698472353965974 0.0043978758398822261 -0.0018372751141914041 0.016760014715301027 0.00057280374212796172 0.0058865429721328306 -0.00033876456225864359 -0.0094555797163289358 -0.0011296935180844475 -0.0052913272605134955 0.018570147582512107
leaf_weight=684.35355008766055 3609.4273071736097 940.54393185675144 2033.697942122817 5301.1896698996425 3038.7771214991808 178.39662606269121 174.48981650173664 2254.7339156717062 212.25684633105993 407.94721615314484 1269.8709794618189 396.14997944235802 486.98373074457049 164.23013374209404
leaf_count=9627 24125 5305 16050 42223 19736 1467 1270 16178 2258 2365 15334 3131 4474 1433
internal_value=-1.15626e-05 0.00124141 0.000626823 0.00155778 -0.00047409 -0.00758373 -0.00443718 0.00444338 -0.0105937 0.00884106 -0.0072337 0.00453504 0.000309238 0.00819377
internal_weight=21153 18157 16808.5 14204.1 8339.97 2996.09 2604.34 5864.16 2166.48 1348.49 1482.13 570.64 829.61 342.627
internal_count=164976 130383 122713 102262 61959 34593 20451 40303 27219 7670 17592 4401 7374 2900
is_linear=0
shrinkage=0.035


Tree=49
num_leaves=15
num_cat=0
split_feature=10 3 3 20 24 23 2 20 23 23 11 21 10 6
split_gain=153.923 113.548 55.4177 52.904 84.5615 50.5008 48.3021 46.6755 59.7407 59.8048 48.5348 40.0036 33.0153 32.4584
threshold=0.30547024309635168 0.381850615143776 1.2416156530380251 -0.028148042969405648 0.039040250703692443 0.22021089494228366 0.23533736914396289 -0.033946592360734933 0.2665951550006867 0.18840173631906512 0.38898509740829473 0.022456310689449314 0.20935691893100741 0.092551581561565413
decision_type=2 2 2 2 2 2 2 2 2 2 2 2 2 2
left_child=1 3 7 5 12 6 -1 11 9 -9 -10 -2 -5 -6
right_child=2 -3 -4 4 13 -7 -8 8 10 -11 -12 -13 -14 -15
leaf_value=-0.001762350366352256 0.0051431413333860899 0.0082069707337791026 0.013449393311285071 -0.023201410524504182 -0.0014512461708738452 -0.011007246100931786 0.019021973949262437 -0.0017050022448797688 -0.01111809378677386 0.004447374597243192 0.00054699224744425351 -0.0023184449543688962 -0.011299499148493534 0.022317232071348104
leaf_weight=1402.8341586589813 4824.4581734091043 667.15561131387949 467.65329679846764 352.82960937544703 233.2211617231369 702.67724927514791 141.67819009721279 4166.3368965312839 980.49627286940813 3598.371219329536 780.19574285298586 1069.9503330290318 1666.5574572496116 90.129787042737007
leaf_count=14085 29451 4359 2623 5388 2343 7657 1253 31263 8207 24841 5278 7431 19933 864
internal_value=-1.13981e-05 -0.00519693 0.00170666 -0.00715882 -0.0108303 -0.00330026 0.000254298 0.00134204 -0.000173363 0.00114823 -0.00597518 0.00378708 -0.0134831 0.00564464
internal_weight=21144.5 5257.08 15887.5 4589.93 2342.74 2247.19 1544.51 15419.8 9525.4 7764.71 1760.69 5894.41 2019.39 323.351
internal_count=164976 55882 109094 51523 28528 22995 15338 106471 69589 56104 13485 36882 25321 3207
is_linear=0
shrinkage=0.035


Tree=50
num_leaves=15
num_cat=0
split_feature=9 15 20 24 10 23 11 15 6 23 22 8 9 24
split_gain=148.251 72.3542 64.9917 71.7404 82.3332 66.6174 87.1523 80.7485 53.049 52.4176 48.9168 40.5571 33.7659 28.1034
threshold=0.21913824975490573 20.726525306701664 -0.028148042969405648 0.039040250703692443 0.40795175731182104 0.22021089494228366 0.20158305764198306 17.854129791259769 0.068794287741184248 0.13085953146219256 0.31738407909870153 -0.50804832577705372 0.15217534452676776 0.039040250703692443
decision_type=2 2 2 2 2 2 2 2 2 2 2 2 2 2
left_child=9 2 5 4 -4 7 -7 -2 -5 -1 11 -3 -11 -14
right_child=1 10 3 8 -6 6 -8 -9 -10 12 -12 -13 13 -15
leaf_value=-0.00055431104160058337 0.002493052294866978 0.03010971043433399 -0.006324049399136185 0.0017068870212744566 0.00048204196352020644 -0.014511159542364442 0.0015303680534025736 0.012256921388813668 0.018574422933835644 -0.023745739700797269 0.026872134763203936 -0.012575122885706553 -0.011150852537860427 0.0079404437187916149
leaf_weight=699.43926280736923 3099.8666387498379 27.476638078689575 3534.8665645234287 643.88357139378786 5640.34351991117 464.59717341884971 3287.880494274199 1554.989898212254 345.95683481544256 249.93065882101655 208.79020115360618 90.177354071289301 1190.9712487012148 95.531629748642445
leaf_count=6409 19754 165 34145 4611 38245 4800 22329 10069 2301 3678 1308 639 15500 1023
internal_value=-1.14795e-05 0.000998298 0.000706509 -0.00117605 -0.00214412 0.00298135 -0.000489035 0.00577403 0.00772903 -0.00851312 0.0170846 -0.00102881 -0.0121092 -0.00968288
internal_weight=21134.7 18898.8 18572.4 10165.1 9175.21 8407.33 3752.48 4654.86 989.84 2235.87 326.444 117.654 1536.43 1286.5
internal_count=164976 138366 136254 79302 72390 56952 27129 29823 6912 26610 2112 804 20201 16523
is_linear=0
shrinkage=0.035


Tree=51
num_leaves=15
num_cat=0
split_feature=17 15 21 24 10 3 23 24 23 7 8 3 24 9
split_gain=140.481 65.0086 57.0996 69.6059 79.2404 53.7906 53.7778 44.9781 43.5488 45.3985 42.0757 41.2222 40.538 33.3136
threshold=0.021319766528904441 20.373504638671879 0.078718151897192015 0.03500685282051564 0.51754996180534374 0.15062501281499865 0.20564330369234088 0.034643387421965606 0.22513678669929507 -0.042541604489088052 -0.28162267804145807 -0.28793604671955103 0.037483181804418571 0.25503063201904302
decision_type=2 2 2 2 2 2 2 2 2 2 2 2 2 2
left_child=5 2 3 7 -5 10 -3 -2 9 -7 13 -8 -4 -1
right_child=1 6 12 4 -6 8 11 -9 -10 -11 -12 -13 -14 -15
leaf_value=-0.006137634860403432 0.0033940275790648711 0.023929308822422182 -0.006119060295182447 -0.0029402377558224455 0.0038814096776573466 0.008773934840878567 0.018773638704923195 0.012667976242973217 -0.023793460976371892 -0.0061156952041364612 -0.012061016206076674 -0.0094568948646756232 0.0040695268305156939 0.027388185479322858
leaf_weight=81.373662497848272 5359.4767373502254 265.76524323225021 2134.495795480907 5484.4824181348085 3352.5803478211164 492.9610781557858 92.755324430763721 720.46799141913652 82.154743507504463 490.7629283927381 1752.1041760221124 155.44041536003351 608.09320420771837 51.685768611729145
leaf_count=892 35911 1600 16724 43237 21506 4426 587 5028 1007 4965 22846 1158 4632 457
internal_value=-1.11543e-05 0.00114008 0.000779147 0.00163289 -0.000350798 -0.00708074 0.0132899 0.00451198 -0.000782845 0.00135896 -0.0106187 0.00141187 -0.00385345 0.00788933
internal_weight=21124.6 18173.6 17659.6 14917 8837.06 2951.04 513.961 6079.94 1065.88 983.724 1885.16 248.196 2742.59 133.059
internal_count=164976 130383 127038 105682 64743 34593 3345 40939 10398 9391 24195 1745 21356 1349
is_linear=0
shrinkage=0.035


Tree=52
num_leaves=15
num_cat=0
split_feature=11 23 15 23 21 24 11 12 6 24 21 22 7 16
split_gain=134.021 76.6239 60.2124 67.196 53.6333 71.4302 77.8446 51.7736 44.2286 34.7695 32.7903 30.8368 34.7594 30.3784
threshold=0.17413470894098285 0.13350772112607959 20.373504638671879 0.13085953146219256 0.078718151897192015 0.03500685282051564 0.33706296980381018 0.82701644301414501 0.15276584774255755 0.037483181804418571 0.036737985908985145 0.30037069320678716 -0.222834937274456 0.86859008669853222
decision_type=2 2 2 2 2 2 2 2 2 2 2 2 2 2
left_child=1 10 4 -4 5 7 -7 -2 -3 -6 -1 12 -5 -11
right_child=2 8 3 11 9 6 -8 -9 -10 13 -12 -13 -14 -15
leaf_value=0.0050650887582790972 -0.000201448561628757 -0.013589827288505656 0.046294450131168688 0.017652988421745994 -0.0059475505902758701 -0.0033087296614323033 0.0033232236944725755 0.0067239505664621162 -0.0016100862081168607 0.014719678511709985 -0.0086628998178241452 0.014754265323974414 -0.013309526698729051 -0.0018544853386472692
leaf_weight=723.58365731686354 1940.721033141017 1540.2327286861837 54.522517465054989 56.273019045591354 2055.9016758948565 4959.4517816565931 3836.2592305243015 4136.5492462366819 502.92879673093557 191.12140414118767 290.55414209142327 293.67172046378255 125.6758124679327 409.32255354523659
leaf_count=6057 13369 20423 291 357 16133 40135 24747 27893 5108 1400 3006 1936 948 3173
internal_value=-1.07089e-05 -0.0067751 0.00113755 0.0126478 0.000782435 0.001601 -0.000415707 0.00451569 -0.0106632 -0.00378955 0.00108579 0.00791686 -0.00331267 0.00357578
internal_weight=21116.8 3057.3 18059.5 530.143 17529.3 14873 8795.71 6077.27 2043.16 2656.35 1014.14 475.621 181.949 600.444
internal_count=164976 34594 130382 3532 126850 106144 64882 41262 25531 20706 9063 3241 1305 4573
is_linear=0
shrinkage=0.035


Tree=53
num_leaves=15
num_cat=0
split_feature=17 3 21 21 4 3 10 23 7 8 24 15 23 16
split_gain=126.008 58.8305 52.4924 61.0003 53.2913 50.0316 41.4307 41.2046 41.7274 39.4198 38.9953 31.6146 31.4804 27.1888
threshold=0.021319766528904441 0.85414555668830883 0.078718151897192015 0.068315757438540473 0.0042266016826033601 0.15062501281499865 0.65337535738945018 0.22513678669929507 -0.042541604489088052 -0.28162267804145807 0.037483181804418571 17.921761512756351 0.22513678669929507 0.86859008669853222
decision_type=2 2 2 2 2 2 2 2 2 2 2 2 2 2
left_child=5 2 3 4 -2 9 12 8 11 -1 -4 -7 -3 -12
right_child=1 6 10 -5 -6 7 -8 -9 -10 -11 13 -13 -14 -15
leaf_value=0.0076777808721601726 0.0028627143798647106 0.018433715105934431 -0.0061846558196668525 0.014755611922675164 -0.0014808318809131267 -0.0007710398961240948 -0.000296613498773237 -0.023340746082965567 -0.0058250854343950475 -0.011609487251041266 0.014880878755805739 0.016733624992720617 -0.0029778033704017009 -0.0010993234252290849
leaf_weight=133.5515428557992 8260.1643526628613 505.17101266980171 2057.947022549808 399.11991880089045 5941.1644301041961 238.43981786817312 336.68548312783241 80.01799076795578 487.04828570783138 1725.8691885583103 180.81958451867104 256.95033779740334 97.486101768910885 408.21486636996269
leaf_count=1349 57339 2718 16409 3060 43841 2061 1920 1007 4965 22846 1283 2365 601 3212
internal_value=-9.85859e-06 0.00107509 0.000607827 0.00143043 0.00104582 -0.00674358 0.00955778 -0.000672238 0.00139066 -0.0101905 -0.00391788 0.00845978 0.0149781 0.00397274
internal_weight=21108.6 18186.8 17247.4 14600.4 14201.3 2921.88 939.343 1062.46 982.438 1859.42 2646.98 495.39 602.657 589.034
internal_count=164976 130383 125144 104240 101180 34593 5239 10398 9391 24195 20904 4426 3319 4495
is_linear=0
shrinkage=0.035


Tree=54
num_leaves=15
num_cat=0
split_feature=9 3 11 23 22 23 24 23 18 11 7 9 1 7
split_gain=122.115 64.957 87.0925 82.2868 46.8198 46.6401 45.5845 75.7031 42.2956 40.8468 61.8671 32.8332 31.6394 30.0414
threshold=0.21913824975490573 0.16801075637340548 0.26160028576850897 0.24243597686290744 0.17154361307621005 0.13085953146219256 0.037889750674366958 0.1699025630950928 -0.097763374447822557 0.85798567533493053 -0.43948669731616968 0.15217534452676776 0.19220630079507831 -0.10963984951376914
decision_type=2 2 2 2 2 2 2 2 2 2 2 2 2 2
left_child=5 2 -2 6 8 -1 7 -3 -5 10 -4 -7 -6 -8
right_child=1 3 9 4 12 11 13 -9 -10 -11 -12 -13 -14 -15
leaf_value=-0.00031344003949288548 -0.0041301358198934397 0.0081960724645332057 0.0144703497218424 0.029639379750734558 -0.019017997072478112 -0.023000261688083386 0.0029948829010099077 -0.0025364743677834685 -0.0044126379923329967 -0.009816566315800768 0.001451200899070433 -0.0088833383673473706 0.0014534630635539287 0.019146152698583076
leaf_weight=695.04393140971661 4801.2305777184665 2339.0373025611043 462.45252157747746 57.716144979000092 321.71143934503198 239.17313867434859 204.98267764598131 1219.0057362988591 125.22818495705724 354.29752013087273 8426.5273242294788 1254.8812499418855 126.36758837848902 474.34147492796183
leaf_count=6409 45163 14564 2798 350 2513 3678 1276 8574 913 2355 55759 16523 891 3210
internal_value=-9.62533e-06 0.0008976 -0.000310757 0.004377 -0.00733192 -0.00781611 0.00613384 0.00452224 0.00730963 0.00167546 0.00214403 -0.0112811 -0.0133389 0.0143867
internal_weight=21102 18912.9 14044.5 4868.39 631.023 2189.1 4237.37 3558.04 182.944 9243.28 8888.98 1494.05 448.079 679.324
internal_count=164976 138366 106075 32291 4667 26610 27624 23138 1263 60912 58557 20201 3404 4486
is_linear=0
shrinkage=0.035


Tree=55
num_leaves=15
num_cat=0
split_feature=11 23 15 20 24 21 24 11 6 24 23 6 23 21
split_gain=115.543 69.2756 56.7122 53.7028 70.665 62.2775 73.6133 60.6161 49.8743 42.8888 39.9848 38.3825 35.1123 30.1479
threshold=0.17413470894098285 0.13350772112607959 20.726525306701664 -0.028148042969405648 0.039040250703692443 -0.026746975257992741 0.036479571834206588 0.26160028576850897 0.068794287741184248 0.037483181804418571 0.29939925670623785 0.10124514624476434 0.22513678669929507 0.036737985908985145
decision_type=2 2 2 2 2 2 2 2 2 2 2 2 2 2
left_child=1 13 3 5 7 6 -2 -5 -6 -3 -4 -11 -7 -1
right_child=2 9 10 4 8 12 -8 -9 -10 11 -12 -13 -14 -15
leaf_value=0.0049186338808737996 0.0087107660800697876 -0.013401837675673784 0.020534666292110742 -0.0061327771845334092 0.0025424957988876549 0.0022281149504153222 -0.0020721995708420553 7.6370402339822051e-05 0.020109738021388778 -0.0099368906139100637 -0.015072669677828096 0.0076464507583875576 -0.0046293728402231503 -0.0082916557124373021
leaf_weight=724.71669967472553 3017.2353203520179 1408.9134832024574 266.33804238587618 2818.1384965181351 600.38305354118347 2563.8898641802371 1038.1934021934867 6037.2661478593946 287.98535480350256 333.39698258414865 37.510343916714191 263.45010182261467 1408.9191861301661 287.38333373516798
leaf_count=6057 18459 18321 1594 27597 4167 16993 7568 41747 1774 4410 278 2800 10205 3006
internal_value=-9.7394e-06 -0.00633762 0.00104965 0.000788746 -0.000957394 0.00290657 0.00595201 -0.00190431 0.00839778 -0.0100892 0.0157987 -0.00217744 -0.000209346 0.00112318
internal_weight=21093.7 3017.86 18075.9 17772 9743.77 8028.24 4055.43 8855.4 888.368 2005.76 303.848 596.847 3972.81 1012.1
internal_count=164976 34594 130382 128510 75285 53225 26027 69344 5941 25531 1872 7210 27198 9063
is_linear=0
shrinkage=0.035


Tree=56
num_leaves=15
num_cat=0
split_feature=9 3 10 23 23 23 15 22 15 2 21 20 23 6
split_gain=111.106 62.1348 82.4718 78.7933 49.8922 79.2602 44.6546 44.0444 39.908 39.3354 37.5365 33.5797 31.1639 30.8333
threshold=0.21256424486637118 0.16801075637340548 0.37577247619628912 0.24243597686290744 0.18840173631906512 0.20564330369234088 20.373504638671879 0.17154361307621005 19.256583213806156 0.15709659457206729 0.036737985908985145 -0.087301429361104951 0.22513678669929507 0.32156743109226232
decision_type=2 2 2 2 2 2 2 2 2 2 2 2 2 2
left_child=9 2 11 6 8 -6 10 -5 -4 -1 -3 -2 -13 -9
right_child=1 3 4 7 5 -7 -8 13 -10 -11 -12 12 -14 -15
leaf_value=-0.010828169670504624 0.0059557533799857905 0.0073667573824926684 -0.0029752863382741675 0.0068246629478502293 0.011615073726390233 0.0014638286004652252 0.023689674959438849 -0.017597964440530921 0.0098803178938158976 0.00072548689242858927 0.00021367721150972291 -0.0028574554739474183 -0.0090791390563472255 0.0050357668924073361
leaf_weight=1455.3345999717712 367.36752112209797 2864.3608261346817 3169.4811268746853 184.49713111296296 1168.4096903577447 4720.5902338325977 156.13938299193978 359.41609745100141 316.38627000898123 477.37387158349156 1308.3475645370781 2971.3232847563922 1477.8069532476366 87.336820594966412
leaf_count=18815 2988 17693 21597 1272 7292 31064 893 2849 1853 5134 9720 28710 14506 590
internal_value=-9.81332e-06 0.000798807 -0.000380419 0.00416667 0.00153194 0.00349417 0.00585229 -0.00730359 -0.00178355 -0.0079854 0.00512979 -0.00409811 -0.00493975 -0.0131599
internal_weight=21084.2 19151.5 14191.4 4960.1 9374.87 5889 4328.85 631.25 3485.87 1932.71 4172.71 4816.5 4449.13 446.753
internal_count=164976 141027 108010 33017 61806 38356 28306 4711 23450 23949 27413 46204 43216 3439
is_linear=0
shrinkage=0.035


Tree=57
num_leaves=15
num_cat=0
split_feature=9 23 3 10 20 23 2 10 7 2 21 23 2 23
split_gain=104.409 66.1682 108.797 87.1208 45.6995 53.7064 33.3724 32.9283 47.8621 30.6938 26.1442 22.7847 31.9165 21.3878
threshold=0.19861671328544619 0.13350772112607959 -0.034488411620259278 0.39135991036891943 -0.087301429361104951 0.22513678669929507 0.016562900505959991 1.3777923583984377 -0.38991765677928919 0.15709659457206729 0.088003512471914305 0.13350772112607959 -0.14566403627395627 0.13085953146219256
decision_type=2 2 2 2 2 2 2 2 2 2 2 2 2 2
left_child=9 2 6 4 -3 -6 13 8 -5 11 -4 -1 -13 -2
right_child=1 3 10 7 5 -7 -8 -9 -10 -11 -12 12 -14 -15
leaf_value=-0.0054081729110381548 -0.0099026764004772286 0.0065142314036932642 0.011960092150762679 0.01009176775642116 -0.0018581307622214686 -0.0088860655312033455 0.0070237975653032929 -0.0089479227805449174 0.001442179962586032 -8.6572069066231884e-05 -0.00038618776879503736 0.01311594721167726 -0.017714096273181046 0.0056700205892632263
leaf_weight=432.15927851572633 640.02221497893333 519.80803463235497 1670.0970855467021 848.98423519730568 3973.8978925123811 1999.195710375905 256.87957276403904 326.13452714681625 9013.4850492402911 358.87173780798912 239.43444699794054 36.916289605200291 636.34504823759198 122.75410595163703
leaf_count=4512 4555 4166 10411 5182 37204 19286 1806 2189 58763 3931 1918 492 9692 869
internal_value=-9.48178e-06 0.000665489 0.00550766 -0.000187563 -0.00335314 -0.0042213 -0.00370001 0.00183108 0.00219622 -0.0089923 0.0104181 -0.0118568 -0.0158564 -0.00735561
internal_weight=21075 19610.7 2929.19 16681.5 6492.9 5973.09 1019.66 10188.6 9862.47 1464.29 1909.53 1105.42 673.261 762.776
internal_count=164976 146349 19559 126790 60656 56490 7230 66134 63945 18627 12329 14696 10184 5424
is_linear=0
shrinkage=0.035


Tree=58
num_leaves=15
num_cat=0
split_feature=11 23 3 21 24 24 23 17 6 24 21 2 15 16
split_gain=100.922 64.3534 53.9206 45.5478 64.5474 76.9868 66.8424 41.3941 39.7152 32.7742 30.8703 30.0345 30.1401 26.5178
threshold=0.17001836001873019 0.13350772112607959 1.2416156530380251 0.078718151897192015 0.034890316426754005 0.034643387421965606 0.2665951550006867 0.035636486485600478 0.15276584774255755 0.037483181804418571 0.036737985908985145 0.0082723470404744166 17.921761512756351 0.86859008669853222
decision_type=2 2 2 2 2 2 2 2 2 2 2 2 2 2
left_child=1 10 3 4 5 -2 -6 -4 -3 -5 11 -1 -13 -11
right_child=2 8 7 9 6 -7 -8 -9 -10 13 -12 12 -14 -15
leaf_value=-0.0074827467150482179 0.0030517310556704797 -0.013225963743086253 0.038980359842645661 -0.0056716931319111185 0.0012201516099192076 0.018040611461667116 -0.0056927344544714089 0.0082501440561456342 -0.0011440347910909303 0.01373256766929104 -0.008780100904317252 0.00059949858389281361 0.017453923663269508 -0.0015617280435206722
leaf_weight=168.39552187174559 5467.6182342320681 1326.2020333409309 53.423693843185902 2076.7765648700297 7009.6227296479046 445.53478572890162 2256.8165742047131 421.80213939398527 446.72998286411166 196.92109379172325 268.4801172092557 255.48722568154335 256.12490662187338 417.03594614937901
leaf_count=1847 37251 18698 277 16635 51077 3046 17727 2333 4672 1425 2853 1894 1969 3272
internal_value=-9.59364e-06 -0.00628646 0.000924448 0.000611513 0.00135586 0.00420964 -0.000467785 0.0124369 -0.0102051 -0.00357714 0.00106847 0.00502776 0.00921007 0.00348525
internal_weight=21067 2721.42 18345.6 17870.3 15179.6 5913.15 9266.44 475.226 1772.93 2690.73 948.488 680.008 511.612 613.957
internal_count=164976 31933 133043 130433 109101 40297 68804 2610 23370 21332 8563 5710 3863 4697
is_linear=0
shrinkage=0.035


Tree=59
num_leaves=15
num_cat=0
split_feature=9 3 15 20 21 23 24 8 24 22 8 10 23 24
split_gain=96.4616 64.5932 47.923 43.321 51.1623 49.4725 60.3882 53.671 39.446 35.9614 36.6029 30.0904 25.1597 30.8647
threshold=0.25503063201904302 0.22872756421566012 20.726525306701664 -0.028148042969405648 0.022456310689449314 0.2665951550006867 0.038123669102787978 -0.21967404335737226 0.036355888471007354 0.31738407909870153 -0.50804832577705372 0.1900497302412987 0.13350772112607959 0.039040250703692443
decision_type=2 2 2 2 2 2 2 2 2 2 2 2 2 2
left_child=1 11 3 4 8 6 -5 -7 -2 10 -4 -1 -13 -14
right_child=2 -3 9 5 -6 7 -8 -9 -10 -11 -12 12 13 -15
leaf_value=-0.01639009071278888 0.0056535011173401853 0.0024251657097874861 0.027407252431217957 -0.0013084413104448294 -0.0038110066880559642 -0.0017340848030320127 0.0061055250033479414 -0.01623188159373324 -0.00049457179755107495 0.023176015505138859 -0.013136408182558169 0.00046734426849644016 -0.0094861199391311369 0.0083565638000532433
leaf_weight=424.09307109192014 4760.2399294637144 1014.9379984512925 28.60860849916935 6230.5570402480662 1208.8961441256106 880.07169337570667 1705.8806134052575 477.6947908103466 1744.3300349153578 197.05524407327175 83.063207723200321 524.660768520087 1659.357929404825 120.31976708769798
leaf_count=6455 29149 8381 165 47087 8738 6607 12062 4475 12405 1132 580 5231 21203 1306
internal_value=-8.76516e-06 -0.00509569 0.00109321 0.000840713 0.00277799 -0.000768332 0.000290816 -0.00691614 0.00400654 0.0145402 -0.00135085 -0.00789198 -0.00626392 -0.00823987
internal_weight=21059.8 3743.37 17316.4 17007.7 7713.47 9294.2 7936.44 1357.77 6504.57 308.727 111.672 2728.43 2304.34 1779.68
internal_count=164976 42576 122400 120523 50292 70231 59149 11082 41554 1877 745 34195 27740 22509
is_linear=0
shrinkage=0.035


Tree=60
num_leaves=15
num_cat=0
split_feature=10 3 15 24 20 15 10 1 2 22 8 21 6 15
split_gain=91.4925 73.5742 56.2156 41.08 63.4819 46.22 38.9791 50.5107 57.7964 33.6737 31.7455 28.2111 28.2087 26.612
threshold=0.30016247928142553 0.381850615143776 20.726525306701664 0.039040250703692443 -0.028148042969405648 18.307807922363285 1.3777923583984377 -0.23274820297956464 0.91703984141349804 0.31738407909870153 -0.50804832577705372 -0.026746975257992741 0.092551581561565413 18.1430778503418
decision_type=2 2 2 2 2 2 2 2 2 2 2 2 2 2
left_child=1 3 6 4 11 -6 7 -2 -9 10 -4 -1 -5 -3
right_child=2 13 9 12 5 -7 -8 8 -10 -11 -12 -13 -14 -15
leaf_value=0.0010977513287708284 0.0059475036514479596 3.9929359067512584e-05 0.026393322802832152 -0.00063206869498815357 -0.0071267833044486072 -0.018761232399496522 -0.0097020875948930409 1.7219286769670963e-05 0.014454224875829147 0.025014843975259174 -0.011722246890947835 -0.007042313847103427 0.022209253092609734 0.014309814914489131
leaf_weight=1099.6762213893235 2359.5998408868909 338.60600551217794 29.044118031859398 215.60674993693829 1080.0151376388967 695.94522629678249 399.22453404217958 12880.155748769641 338.89181946963072 182.50057119131088 75.138850025832653 978.13143645226955 85.265167020261288 293.763551607728
leaf_count=10906 14632 2167 165 2262 14291 9726 2650 90839 1990 972 507 11098 826 1945
internal_value=-8.7244e-06 -0.00425669 0.00124339 -0.00595012 -0.00692414 -0.0117655 0.000962467 0.00124181 0.000397982 0.0163402 0.000284503 -0.00274957 0.00634721 0.00678849
internal_weight=21051.6 4787.01 16264.6 4154.64 3853.77 1775.96 15977.9 15578.6 13219 286.684 104.183 2077.81 300.872 632.37
internal_count=164976 53221 111755 49109 46021 24017 110111 107461 92829 1644 672 22004 3088 4112
is_linear=0
shrinkage=0.035


Tree=61
num_leaves=15
num_cat=0
split_feature=10 3 17 23 20 24 10 2 23 21 11 7 3 8
split_gain=88.1566 55.5777 55.6914 41.5625 40.4865 59.4731 37.6213 38.3113 37.773 36.0446 33.6939 50.7893 27.6453 26.4467
threshold=0.20935691893100741 0.68045082688331615 0.030139881186187271 0.13085953146219256 -0.028148042969405648 0.039040250703692443 0.75496375560760509 0.63361105322837841 0.17924155294895175 -0.026746975257992741 0.85798567533493053 -0.43948669731616968 0.43046869337558752 -0.68587321043014515
decision_type=2 2 2 2 2 2 2 2 2 2 2 2 2 2
left_child=3 2 4 12 9 -6 7 8 -3 -2 11 -4 -1 -12
right_child=1 6 10 -5 5 -7 -8 -9 -10 -11 13 -13 -14 -15
leaf_value=-0.0047069161716349695 0.0042678228191214947 0.012187837533920155 0.012714421396289675 -0.01595765398348338 -0.0062207704411336153 0.0067918892005579276 -0.0046640950410882145 0.021776523511231164 -0.0022661305519095856 -0.0029541580631985637 -0.014550041082042659 0.0013776182506318728 0.022542904727809093 0.0053054908827127149
leaf_weight=353.72414062917233 1607.5219273902476 539.22232612967491 498.2644082903862 591.79341673478484 3617.1813443414867 479.82289560884237 262.68922129273415 249.11096917837858 366.60341585427523 1766.3835347294807 262.32179319858551 10295.633410051465 42.175254374742508 111.51531371474266
leaf_count=3671 12541 2846 2944 9409 38393 3920 1505 1355 2189 15614 1748 67875 225 741
internal_value=-7.95572e-06 0.000496931 -1.28448e-05 -0.0101625 -0.00235018 -0.00468396 0.0071525 0.00985713 0.0063772 0.000489251 0.00155147 0.00191223 -0.00132012 -0.00864324
internal_weight=21044 20056.3 18638.6 987.693 7470.91 4097 1417.63 1154.94 905.826 3373.91 11167.7 10793.9 395.899 373.837
internal_count=164976 151671 143776 13305 70468 42313 7895 6390 5035 28155 73308 70819 3896 2489
is_linear=0
shrinkage=0.035


Tree=62
num_leaves=15
num_cat=0
split_feature=9 15 17 3 10 2 22 5 24 16 16 15 2 17
split_gain=83.8813 55.283 47.7095 52.4383 42.6923 43.2245 42.2244 52.6398 37.1936 32.7046 31.2204 30.1264 27.4593 25.7962
threshold=0.19861671328544619 19.85615158081055 0.030139881186187271 0.68045082688331615 1.3777923583984377 0.91703984141349804 0.30037069320678716 -0.037086904048919671 0.036192996427416808 1.0029940009117129 0.91776660084724437 20.726525306701664 0.15709659457206729 0.10665899142622949
decision_type=2 2 2 2 2 2 2 2 2 2 2 2 2 2
left_child=12 2 3 10 5 -4 7 8 -3 11 -2 -8 -1 -6
right_child=1 6 4 -5 13 -7 9 -9 -10 -11 -12 -13 -14 -15
leaf_value=-0.010945749738946768 0.00038142231857423223 0.021002458820623789 0.0014688880560865822 0.014920962731817216 0.0030978889775487213 0.014104437478108578 0.013081695247010647 -0.016048211777534033 -0.0083230911298244371 0.0059660452260418498 -0.0046592291904926902 0.036336608406642094 0.00026236857753357637 -0.015871976473521277
leaf_weight=1071.1558973528445 2379.5622699558735 125.92864554747939 11046.250975772738 201.29135748744011 125.34487026929855 332.13179141283035 256.23463748395443 165.45007232949138 79.707910269498825 459.21259066462517 4079.9116275273263 95.592978596687317 355.30730753391981 262.46537153422832
leaf_count=14696 21341 865 71916 1115 813 1928 1889 1337 597 3333 38854 572 3931 1789
internal_value=-7.49304e-06 0.000590268 0.000117642 -0.00224738 0.00145724 0.00184978 0.00789477 -0.00185646 0.00977658 0.0123247 -0.00280462 0.0202298 -0.00817161 -0.00981694
internal_weight=21035.5 19609.1 18427 6660.77 11766.2 11378.4 1182.13 371.087 205.637 811.04 6459.47 351.828 1426.46 387.81
internal_count=164976 146349 137756 61310 76446 73844 8593 2799 1462 5794 60195 2461 18627 2602
is_linear=0
shrinkage=0.035


Tree=63
num_leaves=15
num_cat=0
split_feature=10 15 21 23 3 8 23 22 24 8 16 15 16 16
split_gain=79.4195 57.0361 50.3815 59.1334 85.6491 72.0417 39.9832 36.8772 36.5579 32.4123 31.9613 27.8823 25.2893 22.4823
threshold=0.20935691893100741 20.726525306701664 0.078718151897192015 0.13350772112607959 -0.16652353852987287 -0.25342641770839686 0.13085953146219256 0.31738407909870153 0.037483181804418571 -0.50804832577705372 0.97949734330177318 16.249622344970707 1.0269719958305361 0.86859008669853222
decision_type=2 2 2 2 2 2 2 2 2 2 2 2 2 2
left_child=6 2 3 4 -2 -5 11 9 -4 -3 -9 -1 -13 -10
right_child=1 7 8 5 -6 -7 -8 10 13 -11 -12 12 -14 -15
leaf_value=-0.024675776272911121 -0.0060691351454304548 0.025220232773974588 -0.005925075053705312 0.0024166900732800513 0.0092025883845515081 -0.0026149331405050276 -0.015476734814347946 0.038443662853653283 0.012141947779756863 -0.012229937480824073 0.011295353942867707 0.0089205802714656269 -0.010481577476675854 -0.0011161321799578051
leaf_weight=43.17799973487854 570.38452384620905 29.546658292412758 2400.4889893494546 7498.2782940603793 2019.4547630101442 6496.577241871506 580.37986113503575 82.050890553742647 218.67685287073255 89.880513858050108 156.79913391917944 235.82525566220284 114.06821975111961 493.03024871647358
leaf_count=448 3739 165 20550 50441 13095 55636 9409 495 1693 658 991 2343 1105 4208
internal_value=-6.68712e-06 0.000469281 0.000214013 0.000981321 0.00582875 8.07518e-05 -0.0097177 0.0141162 -0.00386497 -0.00173191 0.0217916 -0.00104134 0.00247983 0.0030693
internal_weight=21028.6 20055.2 19696.9 16584.7 2589.84 13994.9 973.451 358.277 3112.2 119.427 238.85 393.071 349.893 711.707
internal_count=164976 151671 149362 122911 16834 106077 13305 2309 26451 823 1486 3896 3448 5901
is_linear=0
shrinkage=0.035


Tree=64
num_leaves=15
num_cat=0
split_feature=9 3 17 24 1 12 20 2 15 10 21 18 10 16
split_gain=76.4973 52.5177 73.8845 42.401 45.2653 40.4164 38.8875 38.6839 29.4501 23.0491 22.3612 20.2068 18.0207 20.0868
threshold=0.17454569041728976 0.16801075637340548 0.029575418680906299 0.039040250703692443 -0.089629594236612306 1.2565097808837893 -0.098063450306653963 0.43055538833141332 17.644682884216312 0.40795175731182104 -0.033373324200510972 -0.14684751629829404 0.20023489743471148 1.0711643695831301
decision_type=2 2 2 2 2 2 2 2 2 2 2 2 2 2
left_child=12 2 6 4 10 8 -2 -6 -4 -8 -3 -7 -1 -14
right_child=1 3 5 -5 7 11 9 -9 -10 -11 -12 -13 13 -15
leaf_value=-0.015636923291138548 0.013473283290328236 0.01246961356909825 0.00067935415204996058 0.01559829019942984 -0.001109474765354999 0.0029699102180297241 -0.0053432684171095058 0.0068319315856896368 0.0051848984577467011 0.0021030131037285283 0.0016049044276355727 -0.0062244899981570914 -0.0084543144600756834 0.012441407861187199
leaf_weight=412.88936358690262 142.16374899819493 714.15369146317244 5410.4447811320424 316.70753038302064 3015.938033182174 381.57022430747747 4534.9794129654765 989.83592855930328 2639.1412930712104 568.13147041201591 346.31541609764099 1180.6970216333866 309.8340842500329 59.187627069652081
leaf_count=5947 1249 4215 36001 1940 22413 2425 48499 6020 17241 4067 2283 7979 3940 757
internal_value=-6.3771e-06 0.000410949 -0.000662516 0.00336948 0.0025758 0.00116083 -0.00399962 0.000864991 0.00216114 -0.00451178 0.00896968 -0.00397423 -0.0106778 -0.00486301
internal_weight=21022 20240.1 14857.1 5382.95 5066.24 9611.85 5245.27 4005.77 8049.59 5103.11 1060.47 1562.27 781.911 369.022
internal_count=164976 154332 117461 36871 34931 63646 53815 28433 53242 52566 6498 10404 10644 4697
is_linear=0
shrinkage=0.035


Tree=65
num_leaves=15
num_cat=0
split_feature=11 3 3 8 24 24 15 16 19 22 15 1 1 22
split_gain=72.2508 50.5568 44.8289 58.3378 50.468 50.3346 46.2244 37.5446 33.0268 39.1848 31.5717 28.8691 25.8884 25.0968
threshold=0.17001836001873019 0.381850615143776 0.088628415018320097 -0.25342641770839686 0.039040250703692443 0.038493515923619277 19.85615158081055 1.8367773890495303 0.054132198914885528 0.40993298590183264 18.1430778503418 -0.089629594236612306 0.37296395003795629 0.29079861938953405
decision_type=2 2 2 2 2 2 2 2 2 2 2 2 2 2
left_child=1 8 3 6 5 11 7 -2 -1 -10 -3 -4 -7 -8
right_child=2 10 4 -5 -6 12 13 -9 9 -11 -12 -13 -14 -15
leaf_value=-0.012460536789763013 0.0010102299507670142 -0.0034273736369635419 0.0076996686856316381 -0.0038810132407373615 0.016355529668705578 -0.018621444580722266 0.0019247926321229974 -0.013261843122362919 -0.010772429195565543 0.0016574030380660004 0.014812734897384256 0.0016626227856538945 0.014669753588590686 0.018415543119141908
leaf_weight=952.27445359155536 8101.8205727338791 240.62861957401037 1303.2152915038168 3979.4005294032395 335.16287171840668 181.56242783740163 191.6877878382802 222.2769235894084 541.95330450683832 705.60134395211935 209.58952925354242 3748.5996378846467 25.990044005215168 274.87654947116971
leaf_count=13781 55288 1612 8328 35105 2022 1546 1300 1524 6972 8124 1444 26087 180 1663
internal_value=-5.90573e-06 -0.00539711 0.00077457 -0.000370434 0.00338415 0.00252806 0.00122136 0.00061367 -0.0075799 -0.00378499 0.00520128 0.00323213 -0.01397 0.0118229
internal_weight=21014.6 2650.05 18364.6 12770.1 5594.53 5259.37 8790.66 8324.1 2199.83 1247.55 450.218 5051.81 207.552 466.564
internal_count=164976 31933 133043 94880 38163 36141 59775 56812 28877 15096 3056 34415 1726 2963
is_linear=0
shrinkage=0.035


Tree=66
num_leaves=15
num_cat=0
split_feature=9 23 3 8 24 23 6 15 2 21 10 15 2 17
split_gain=69.6297 49.7229 89.3524 71.3666 89.0074 68.8264 49.0946 42.9507 36.5964 36.2904 53.7038 36.1582 23.9387 23.6614
threshold=0.17454569041728976 0.13350772112607959 -0.080512739717960344 -0.25342641770839686 0.039040250703692443 0.22513678669929507 0.019667643122375015 18.743915557861332 0.061261650174856193 -0.069101542234420762 0.75496375560760509 19.85615158081055 0.0082723470404744166 0.030139881186187271
decision_type=2 2 2 2 2 2 2 2 2 2 2 2 2 2
left_child=-1 2 12 9 5 -5 -6 13 -9 10 -3 -11 -2 -4
right_child=1 3 7 4 6 -7 -8 8 -10 11 -12 -13 -14 -15
leaf_value=-0.010257685488884097 -0.0078742475524710524 0.0069821819224761637 0.0021643399362226102 -0.0015801655638248778 -0.0051745922419760421 -0.0088255654395503758 0.01518280879958982 0.0037939193519186719 0.024603469750887154 -0.00061266441148477384 -0.004023398859363112 0.011607009063233873 0.0050337640109176882 0.010321667495145145
leaf_weight=771.41032916679978 700.63417791202664 2631.2670286893845 1032.145007148385 5290.8638907708228 198.99539480358362 2299.8291785679758 487.53418114036322 161.37958302721381 301.16389785334468 5172.4116998240352 676.66406610608101 304.64615340530872 226.26896695047617 752.57003808766603
leaf_count=10644 5043 17618 7738 46946 1725 21038 3439 1295 1793 35782 4212 1883 1586 4234
internal_value=-5.83183e-06 0.000389842 0.00440495 -0.00035925 -0.0026896 -0.0037841 0.0092925 0.00816586 0.017577 0.00183697 0.00472556 8.69358e-05 -0.00470314 0.00564243
internal_weight=21007.8 20236.4 3174.16 17062.2 8277.22 7590.69 686.53 2247.26 462.543 8784.99 3307.93 5477.06 926.903 1784.72
internal_count=164976 154332 21689 132643 73148 67984 5164 15060 3088 59495 21830 37665 6629 11972
is_linear=0
shrinkage=0.035


Tree=67
num_leaves=15
num_cat=0
split_feature=11 23 19 3 17 20 12 24 21 12 3 21 8 15
split_gain=66.1697 55.2419 53.2811 41.9568 37.0793 36.7633 32.1557 39.2154 29.6811 29.3231 26.3998 33.1832 20.2241 17.514
threshold=0.17413470894098285 0.22513678669929507 0.047816965728998191 1.2416156530380251 0.035636486485600478 -0.098063450306653963 1.2565097808837893 0.039040250703692443 -0.050333308055996888 0.99121421575546276 0.11844838783144952 0.036737985908985145 -0.15989059209823606 18.743915557861332
decision_type=2 2 2 2 2 2 2 2 2 2 2 2 2 2
left_child=1 2 10 5 -5 -2 7 -7 9 -4 12 -12 -1 -8
right_child=3 -3 8 4 -6 6 13 -9 -10 -11 11 -13 -14 -15
leaf_value=-0.0049297516026941606 0.0092062179504885568 -0.016669817332593415 -0.01371679615903894 0.035839234272465291 0.0069625113050897948 0.00041245168785439273 -0.005192820316275942 0.0093479507763306151 0.004807208930360924 0.0021074752615683097 0.0099631357020887844 -0.010982425653914349 -0.018637267356743384 0.0028989980437680459
leaf_weight=213.50048384442925 564.63111933320761 409.30363012850285 256.40358575060964 54.021490231156349 428.07500705122948 14247.53049049899 1803.1184432506561 618.25878087431192 972.21105916425586 305.87805375829339 156.04166746512055 199.9994282796979 378.71946406364441 393.10904370993376
leaf_count=3017 3506 5517 2954 271 2333 105020 12444 4106 9876 3173 1548 2624 5885 2702
internal_value=-5.39466e-06 -0.00491203 -0.00291456 0.000780498 0.0108608 0.000498795 0.000205417 0.000790108 0.00112218 -0.00522208 -0.00939042 -0.00178124 -0.0138595 -0.00373787
internal_weight=21000.8 2892.06 2482.75 18108.7 482.096 17626.6 17062 14865.8 1534.49 562.282 948.261 356.041 592.22 2196.23
internal_count=164976 34594 29077 130382 2604 127778 124272 109126 16003 6127 13074 4172 8902 15146
is_linear=0
shrinkage=0.035


Tree=68
num_leaves=15
num_cat=0
split_feature=9 15 21 24 11 24 22 5 24 16 24 15 6 20
split_gain=63.6519 44.6876 37.3887 56.366 64.9099 39.0727 35.928 47.8649 33.9078 28.9845 27.5752 22.8664 21.0021 22.1803
threshold=0.19861671328544619 19.85615158081055 0.078718151897192015 0.03500685282051564 0.35619890689849859 0.034643387421965606 0.30037069320678716 -0.037086904048919671 0.036192996427416808 0.93348601460456859 0.037483181804418571 20.726525306701664 0.15276584774255755 0.079146865755319609
decision_type=2 2 2 2 2 2 2 2 2 2 2 2 2 2
left_child=12 2 3 5 -5 -2 7 8 -3 11 -4 -8 -1 -14
right_child=1 6 10 4 -6 -7 9 -9 -10 -11 -12 -13 13 -15
leaf_value=-0.0090252771848393712 0.0022598648236062478 0.019580979705507616 -0.0054827096880771366 -0.0032597557208073752 0.002839748621222259 0.010696777965689673 0.013485912577071846 -0.01565264420989142 -0.008315118916617974 0.0066904760167707774 0.0026867137286739782 0.038608204287225459 -0.0031131274278076346 0.023045365472516174
leaf_weight=1178.1951806992292 5667.6336495243013 128.26935600116849 2187.0140194483101 5776.8593703582883 3379.5622361078858 754.68513117358088 177.14357482269406 163.18552048504353 79.611718557775021 584.38878105580807 650.93172565475106 60.515521816909313 166.80978614836931 41.404913004487753
leaf_count=16405 38902 865 18475 48219 21510 5409 1229 1337 597 4228 5241 337 1751 471
internal_value=-5.36961e-06 0.000508506 8.15259e-05 0.000755167 -0.00100784 0.00326637 0.00704383 -0.00196421 0.00900637 0.0110847 -0.00360606 0.0211835 -0.00722537 0.00290637
internal_weight=20996.2 19609.8 18416.7 15578.7 9156.42 6422.32 1193.11 371.067 207.881 822.048 2837.95 237.659 1386.41 208.215
internal_count=164976 146349 137756 114040 69729 44311 8593 2799 1462 5794 23716 1566 18627 2222
is_linear=0
shrinkage=0.035


Tree=69
num_leaves=15
num_cat=0
split_feature=9 20 24 11 22 23 15 11 3 22 24 17 15 23
split_gain=60.575 47.43 61.4013 58.0729 67.4735 52.4313 84.6593 69.8927 45.8096 42.9649 40.8044 27.0546 21.4284 21.3093
threshold=0.17454569041728976 -0.028148042969405648 0.039040250703692443 0.26160028576850897 0.47683593630790716 0.22021089494228366 18.654656410217289 0.20158305764198306 -0.10437268763780592 0.48759272694587713 0.036355888471007354 0.050384880974888809 20.089847564697269 0.13350772112607959
decision_type=2 2 2 2 2 2 2 2 2 2 2 2 2 2
left_child=13 5 3 4 -3 6 9 -7 11 -2 -9 -4 -8 -1
right_child=1 2 8 -5 -6 7 12 10 -10 -11 -12 -13 -14 -15
leaf_value=-0.0029180378571354612 0.0038698056809953383 -0.010240723008392546 -0.0075878013368979279 2.3676783397222687e-05 -0.00083335280889041742 -0.01276593892345727 0.01027428147331075 0.0038386571203921868 0.012435480154486389 -0.0051710987766551584 -0.004132328891163225 0.010937505580869485 0.022277132149197545 -0.014791124768739261
leaf_weight=334.00689038261771 3476.2321767248213 1847.0766423456371 312.41407226026058 6150.7642444297671 1882.8120839931071 514.70369803160429 857.04558319970965 2166.1950152888894 654.62829584255815 780.67695105820894 1222.5083590298891 128.11548085510731 239.86366609856486 423.01218152791262
leaf_count=3538 22335 20327 2317 42236 19614 5978 5889 14090 4657 5870 8810 771 1438 7106
internal_value=-4.26647e-06 0.000361555 -0.00119428 -0.00206754 -0.0055069 0.00220552 0.00445147 -0.000878467 0.00663181 0.00220356 0.000959347 -0.00207706 0.0130765 -0.0096589
internal_weight=20990.1 20233 10975.8 9880.65 3729.89 9257.23 5353.82 3903.41 1095.16 4256.91 3388.7 440.53 1096.91 757.019
internal_count=164976 154332 89922 82177 39941 64410 35532 28878 7745 28205 22900 3088 7327 10644
is_linear=0
shrinkage=0.035


Tree=70
num_leaves=15
num_cat=0
split_feature=10 15 20 24 10 21 3 23 3 23 22 16 3 16
split_gain=59.7337 46.2201 43.8031 59.4977 63.872 47.4418 58.6166 49.3442 43.0041 35.4945 30.6299 26.4585 26.056 24.097
threshold=0.20023489743471148 20.726525306701664 -0.028148042969405648 0.039040250703692443 0.32292938232421881 -0.026746975257992741 -0.15357713401317594 0.22513678669929507 -0.10437268763780592 0.13085953146219256 0.31738407909870153 0.97949734330177318 -0.2376114800572395 1.0269719958305361
decision_type=2 2 2 2 2 2 2 2 2 2 2 2 2 2
left_child=9 2 5 4 -4 6 -2 -7 -5 13 12 -12 -3 -1
right_child=1 10 3 8 -6 7 -8 -9 -10 -11 11 -13 -14 -15
leaf_value=0.0058938207457672224 -0.00088877086105131867 0.015969793288495845 -0.0075567396752531015 -0.0020538311695125501 -0.00073259798457360708 0.0020030261333435079 0.0074074934077772497 -0.0057171105971497785 0.012048310266857667 -0.016280940759779181 0.034239271077147894 0.009943738260315943 -0.014620674550804404 -0.013680345379341916
leaf_weight=213.78562743216753 1619.3300885595381 48.883697830140591 2147.3358965963125 440.35082110390067 7608.1609902866185 2975.4188357964158 2912.6186362691224 1526.1494972705841 645.28649303689599 419.51757466048002 85.086795017123222 160.39578415825963 71.274029858410358 107.53690756112337
leaf_count=2198 10213 298 26449 3091 55479 20897 19417 11917 4529 7342 500 1009 533 1104
internal_value=-4.49726e-06 0.000354935 0.00012499 -0.00137436 -0.0022409 0.00192389 0.00444769 -0.000621173 0.00636173 -0.00969839 0.0125177 0.0193754 -0.00190477 -0.000872241
internal_weight=20981.1 20240.3 19874.7 10841.1 9755.5 9033.52 4531.95 4501.57 1085.64 740.84 365.64 245.483 120.158 321.323
internal_count=164976 154332 151992 89548 81928 62444 29630 32814 7620 10644 2340 1509 831 3302
is_linear=0
shrinkage=0.035


Tree=71
num_leaves=15
num_cat=0
split_feature=10 15 20 20 11 21 3 20 16 15 24 22 8 2
split_gain=56.2267 43.1202 40.784 55.6357 44.1127 44.0449 54.2546 31.5733 39.7724 31.4761 29.2313 28.3388 28.4907 27.3645
threshold=0.20023489743471148 20.726525306701664 -0.028148042969405648 1.0000000180025095e-35 0.37711803615093237 -0.026746975257992741 -0.15357713401317594 -0.028148042969405648 1.0187168121337893 17.576017379760746 0.036729488521814353 0.31738407909870153 -0.50804832577705372 -0.036199375987052911
decision_type=2 2 2 2 2 2 2 2 2 2 2 2 2 2
left_child=7 2 5 13 -5 6 -2 8 9 -1 -7 12 -3 -4
right_child=1 11 3 4 -6 10 -8 -9 -10 -11 -12 -13 -14 -15
leaf_value=-0.011061380107791344 -0.00085830953971394869 0.023058183095525035 -0.0023956766027414794 -0.0017951722614984967 0.0035454449957499283 -0.0013527463986817811 0.0071186674065425335 -0.018345541036478463 -0.015232856181068998 0.013777877546018684 0.0099118715352654284 0.018614935736228858 -0.011784649675592857 -0.010902429982085805
leaf_weight=86.189218163490295 1618.4822153411806 30.481834635138512 900.61980631574988 6264.0092012323439 2704.2542910501361 4206.9072454497218 2924.8968550600111 285.63764556497335 190.8507500551641 172.14839585870504 292.46754710376263 247.39862580224872 89.493263766169548 959.72267048805952
leaf_count=1017 10213 165 7070 56479 17568 30792 19417 5128 2462 2037 2022 1509 666 8431
internal_value=-4.30209e-06 0.000343096 0.000120457 -0.00132799 -0.000182629 0.00185451 0.00428139 -0.00944856 -0.00351467 0.00538737 -0.000600169 0.0120634 -0.00183924 -0.00681901
internal_weight=20973.6 20238.7 19871.4 10828.6 8968.26 9042.75 4543.38 734.826 449.188 258.338 4499.37 367.374 119.975 1860.34
internal_count=164976 154332 151992 89548 74047 62444 29630 10644 5516 3054 32814 2340 831 15501
is_linear=0
shrinkage=0.035


Tree=72
num_leaves=15
num_cat=0
split_feature=10 2 8 23 0 18 3 10 2 7 22 9 15 3
split_gain=54.3362 64.5734 61.4304 59.6261 49.4104 36.8618 37.4393 36.7574 42.5277 42.2512 30.3972 28.304 28.2712 27.6973
threshold=0.34760650992393499 0.15709659457206729 -0.16641222685575482 0.22513678669929507 -0.017159267328679558 -0.031599577516317361 0.27847152948379522 1.3777923583984377 0.91703984141349804 -0.43948669731616968 0.40993298590183264 0.64176437258720409 20.726525306701664 0.20637089759111407
decision_type=2 2 2 2 2 2 2 2 2 2 2 2 2 2
left_child=1 2 5 4 -3 -1 -7 8 9 -2 -6 -10 -11 -4
right_child=7 3 13 -5 10 6 -8 -9 11 12 -12 -13 -14 -15
leaf_value=-0.0059932082080194271 0.010010799684134966 0.016621205871040448 -0.010263650790076191 -0.012175842963574822 -0.0071877103583468044 0.0012696381415082823 0.023493444390100877 -0.0091224987712944221 0.022777355949811132 0.0005706024965951409 0.005655358688217281 0.0032877581312779265 0.012892081788057485 -0.0024817791954996581
leaf_weight=957.34860026836395 631.87693662941456 384.44901990145445 1955.3729094043374 250.61930858716369 299.86293787881732 1580.9320607036352 88.767162814736366 394.53575026243925 178.85776307433844 12218.155187360942 825.62844533845782 184.31824518740177 222.49549016356468 794.61948277056217
leaf_count=9120 3718 2841 25685 2782 2673 16029 509 2660 994 80849 7873 1072 1174 6997
internal_value=-4.4736e-06 -0.00248258 -0.00438571 0.00332185 0.00595733 -0.0005526 0.00258397 0.00127531 0.0015872 0.00125362 0.00220043 0.0132392 0.000801144 -0.00803219
internal_weight=20967.8 7137.6 5377.04 1760.56 1509.94 2627.05 1669.7 13830.2 13435.7 13072.5 1125.49 363.176 12440.7 2749.99
internal_count=164976 74509 58340 16169 13387 25658 16538 90467 87807 85741 10546 2066 82023 32682
is_linear=0
shrinkage=0.035


Tree=73
num_leaves=15
num_cat=0
split_feature=10 23 3 8 23 3 6 15 22 10 10 23 17 20
split_gain=52.2954 39.9783 76.1001 61.3371 69.6273 51.3649 45.6906 44.3106 31.8382 74.5622 51.7892 26.548 24.7943 24.1747
threshold=0.1900497302412987 0.13350772112607959 -0.15357713401317594 -0.25342641770839686 0.22513678669929507 0.012016052380204202 0.32156743109226232 18.743915557861332 0.40314695239067083 0.75496375560760509 0.50377649068832409 0.13350772112607959 0.030139881186187271 0.035229472443461425
decision_type=2 2 2 2 2 2 2 2 2 2 2 2 2 2
left_child=11 2 -2 8 5 -5 -6 12 9 -3 -10 -1 -4 -9
right_child=1 3 7 4 6 -7 -8 13 10 -11 -12 -13 -14 -15
leaf_value=-0.0030312047283394803 -0.0061070730144403484 0.0051962526697979551 0.0010127495368488205 -0.0048174224249095902 -0.0089783111133765296 0.0019618456683192097 0.0076874143022320814 0.01878130375130501 -0.0068131308228196932 -0.004387869475665062 0.0025695355337673233 -0.018585276437986509 0.0088793140670274037 -0.0030911184991098592
leaf_weight=279.95909337326884 723.25560096278787 4606.2398282252252 1169.8780387379229 2130.275134909898 2229.8420597091317 3790.1546130627394 213.87552130222321 441.29142193868756 1219.6197307482362 1259.1138789504766 1732.147518992424 257.19847072660923 839.28266391903162 68.738452110439539
leaf_count=3070 5014 30677 8980 21001 21005 31813 1405 2819 9735 7784 11416 4913 4746 598
internal_value=-3.8808e-06 0.000282058 0.0038403 -0.000391296 -0.00253689 -0.000481465 -0.00749433 0.00670903 0.00164464 0.00313487 -0.00131714 -0.0106823 0.00432653 0.0158307
internal_weight=20960.9 20423.7 3242.45 17181.3 8364.15 5920.43 2443.72 2519.19 8817.12 5865.35 2951.77 537.158 2009.16 510.03
internal_count=164976 156993 22157 134836 75224 52814 22410 17143 59612 38461 21151 7983 13726 3417
is_linear=0
shrinkage=0.035


Tree=74
num_leaves=15
num_cat=0
split_feature=9 21 24 24 23 24 24 4 24 20 8 16 0 23
split_gain=50.8031 37.7371 52.0348 70.1014 66.6155 70.2019 64.1132 61.1429 38.9655 28.2006 20.6262 26.5371 21.4221 18.2924
threshold=0.17454569041728976 0.078718151897192015 0.034890316426754005 0.034643387421965606 0.2665951550006867 0.037889750674366958 0.034263120964169509 -0.054487742483615868 0.037483181804418571 0.038012521341443069 -0.03998937085270881 0.86859008669853222 0.14955490827560428 0.13350772112607959
decision_type=2 2 2 2 2 2 2 2 2 2 2 2 2 2
left_child=13 2 3 6 5 -4 -2 -6 -3 -5 11 -10 -12 -1
right_child=1 8 4 9 7 -7 -8 -9 10 -11 12 -13 -14 -15
leaf_value=-0.0027328611320214732 0.0038072066667310649 -0.0052988039624139839 -0.0010335514868110944 0.0079195393342441894 0.0040716940317199442 0.0064343224381881933 -0.0059466895980178503 -0.0090292126283065023 0.011037778718607819 0.024259030496059746 0.025896276732491869 -0.0043094403874347756 -0.0024852888325051061 -0.013841594512401124
leaf_weight=332.22369875013828 5292.5302165150642 2431.2258124761283 5855.2332514226437 306.52024620398879 573.58242853358388 2082.3254195228219 968.51091218739748 1751.2754719816148 201.64694409817457 234.7611505240202 82.115418326109648 387.09674480557442 47.887878704816103 407.14620052278042
leaf_count=3538 36439 21183 45156 1928 3914 15524 7403 14824 1507 2009 806 3258 381 7106
internal_value=-4.34863e-06 0.000327226 0.000977304 0.00334883 -0.000596363 0.000931189 0.00229131 -0.0057934 -0.00318647 0.0153177 0.00393336 0.0010436 0.0160109 -0.00895315
internal_weight=20954.1 20214.7 17064.7 6802.32 10262.4 7937.56 6261.04 2324.86 3149.97 541.281 718.747 588.744 130.003 739.37
internal_count=164976 154332 127197 47779 79418 60680 43842 18738 27135 3937 5952 4765 1187 10644
is_linear=0
shrinkage=0.035


Tree=75
num_leaves=15
num_cat=0
split_feature=11 23 19 3 11 20 12 24 21 7 3 12 2 10
split_gain=49.165 46.3481 46.538 35.4983 33.3014 29.8207 29.1814 37.0466 27.5241 25.1327 25.7177 24.4615 22.4681 20.8016
threshold=0.17001836001873019 0.22513678669929507 0.054132198914885528 1.2416156530380251 0.31354972720146185 -0.098063450306653963 1.2565097808837893 0.039040250703692443 -0.050333308055996888 -0.10088868066668509 0.11844838783144952 1.0107593536376955 0.43055538833141332 0.87123095989227306
decision_type=2 2 2 2 2 2 2 2 2 2 2 2 2 2
left_child=1 2 9 5 12 -2 7 -7 11 10 -1 -4 -5 -6
right_child=3 -3 8 4 13 6 -8 -9 -10 -11 -12 -13 -14 -15
leaf_value=-0.0077324983959511755 0.008129385224650388 -0.016326171068522251 -0.012685941537899063 0.0033886422980924065 0.009084566877198285 0.00029360301338650677 -0.003630034606990816 0.0087978312089532686 0.0052261110832612897 -0.011638933686641163 0.018736480092554877 0.0026179697913720763 0.034184709264305696 -0.0092773956281087342
leaf_weight=100.40970888361335 577.61386774852872 342.27820549160242 245.37177426740527 45.442291274666786 263.14730032533407 14442.889690004289 2215.135838329792 646.04868160933256 855.35509895160794 719.67899878323078 66.273161735385656 250.72808364406228 84.009780593216419 95.410264790058136
leaf_count=1450 3568 4932 2903 244 1417 107247 15350 4268 8733 10613 644 2658 416 533
internal_value=-3.97919e-06 -0.00451848 -0.00264788 0.000632214 0.00984933 0.000375305 0.000111926 0.000663306 0.00144359 -0.00883275 0.00325639 -0.00505247 0.0243924 0.0040794
internal_weight=20949.8 2580.1 2237.82 18369.7 488.01 17881.7 17304.1 15088.9 1351.45 886.362 166.683 496.1 129.452 358.558
internal_count=164976 31933 27001 133043 2610 130433 126865 111515 14294 12707 2094 5561 660 1950
is_linear=0
shrinkage=0.035


Tree=76
num_leaves=15
num_cat=0
split_feature=11 2 23 21 0 24 24 11 23 17 23 15 15 15
split_gain=46.6285 68.8616 64.4067 40.2664 33.1393 29.0846 57.571 56.8334 52.5294 46.8053 63.9642 34.7422 34.6236 28.1629
threshold=0.22205140441656115 0.15709659457206729 0.22513678669929507 -0.050333308055996888 -1.0000000180025095e-35 0.034890316426754005 0.034643387421965606 0.37711803615093237 0.2665951550006867 0.060703096911311157 0.24541131407022479 20.726525306701664 17.180552482604984 17.782155990600589
decision_type=2 2 2 2 2 2 2 2 2 2 2 2 2 2
left_child=1 -1 3 -3 -5 6 9 8 11 10 -2 -7 -10 -9
right_child=5 2 -4 4 -6 7 -8 13 12 -11 -12 -13 -14 -15
leaf_value=-0.0051296253243574581 0.00099629008444093682 -0.0034205808700818112 -0.012572772477707406 0.017284782126975096 0.0048008223707181746 -0.0013158400047690421 0.01640460821093237 0.0011378419392836946 -0.0017895486170322603 -0.0057684972663799303 0.010571420820349909 0.019488457713187596 -0.015225426639796423 0.0076730135745657979
leaf_weight=4165.1450522691011 3261.3032680936158 490.89034698903561 284.21554094925523 353.64878536015749 964.43370008096099 4203.1105932369828 360.49030862376094 2735.8967643603683 397.66780370473862 774.92268642038107 1149.3372718915343 90.696730948984623 574.85628819093108 1138.910662330687
leaf_count=48072 21059 3931 3069 2855 8600 30117 2161 17550 3283 4690 7235 465 4830 7059
internal_value=-3.64315e-06 -0.00253109 0.00263944 0.00508547 0.00825527 0.00107431 0.00307141 -0.00013939 -0.00250469 0.00211472 0.00350967 -0.000832137 -0.00980559 0.00307351
internal_weight=20945.5 6258.33 2093.19 1808.97 1318.08 14687.2 5546.05 9141.14 5266.33 5185.56 4410.64 4293.81 972.524 3874.81
internal_count=164976 66527 18455 15386 11455 98449 35145 63304 38695 32984 28294 30582 8113 24609
is_linear=0
shrinkage=0.035


Tree=77
num_leaves=15
num_cat=0
split_feature=10 23 3 8 24 23 6 24 23 24 21 16 21 3
split_gain=45.6342 36.5667 70.0837 54.1073 74.624 51.2679 45.7568 33.3783 62.3153 46.1787 26.2445 25.8458 27.0121 24.1917
threshold=0.1900497302412987 0.13350772112607959 -0.15357713401317594 -0.25342641770839686 0.039040250703692443 0.23093006759881976 0.019667643122375015 0.036819720640778549 0.24243597686290744 0.037282371893525131 0.088003512471914305 1.0438995957374575 0.036737985908985145 0.048678733408451087
decision_type=2 2 2 2 2 2 2 2 2 2 2 2 2 2
left_child=11 2 -2 7 5 -5 -6 8 -3 -9 -4 12 13 -1
right_child=1 3 10 4 6 -7 -8 9 -10 -11 -12 -13 -14 -15
leaf_value=-0.012048528735789299 -0.005913349655112126 0.00057926566336294328 0.00776899937316353 -0.0017370032544463897 -0.0055120035390453523 -0.0083206343639975634 0.013877308663962182 -0.0096068673561826041 0.0081958819238680623 0.00092593229545587935 -0.0027947155234533112 -0.019849433452748446 -0.019534177532155715 0.010078910650275677
leaf_weight=84.456693634390831 720.20594814419746 4228.8678642623127 2201.860124990344 5682.8416067957878 202.77319821342826 1938.4892205893993 509.25725877285004 670.14589670300484 1901.3607842624187 2031.4044923968613 326.0876322761178 195.62489861622453 86.89092693477869 159.25585065409541
leaf_count=1403 5014 28428 14319 51698 1769 18236 3521 4945 12213 14026 2824 3117 1555 1908
internal_value=-3.38336e-06 0.000261245 0.00366057 -0.000383765 -0.00240527 -0.00342026 0.00835572 0.00152422 0.00295115 -0.00171263 0.00640071 -0.0100822 -0.00388967 0.00223816
internal_weight=20939.5 20413.3 3248.15 17165.1 8333.36 7621.33 712.03 8831.78 6130.23 2701.55 2527.95 526.228 330.603 243.713
internal_count=164976 156993 22157 134836 75224 69934 5290 59612 40641 18971 17143 7983 4866 3311
is_linear=0
shrinkage=0.035


Tree=78
num_leaves=15
num_cat=0
split_feature=9 15 23 17 3 10 2 0 3 17 3 24 17 20
split_gain=44.3792 36.7375 36.01 32.8172 42.6095 34.6868 33.8777 31.5477 27.7247 23.2884 20.3066 30.5137 23.1928 20.0103
threshold=0.17454569041728976 19.85615158081055 0.20564330369234088 0.030139881186187271 0.68045082688331615 1.3777923583984377 0.91703984141349804 0.028317469172179702 0.012016052380204202 0.10665899142622949 -0.25342568755149836 0.039464315399527557 0.057496471330523498 -0.028148042969405648
decision_type=2 2 2 2 2 2 2 2 2 2 2 2 2 2
left_child=-1 3 7 4 8 6 -5 13 -2 -7 12 -12 -4 -3
right_child=1 2 10 5 -6 9 -8 -9 -10 -11 11 -13 -14 -15
leaf_value=-0.008439830182324224 -0.0046426809505595076 0.023612826852101268 0.014470411974356574 0.0010581920868078156 0.012959391949803896 0.0030309887931463837 0.012125517717707191 0.0025201953553008181 -0.000209491870617992 -0.01505494225604097 -0.0098362604080929339 0.018416323806012783 -0.012302036843222328 0.0073022212144039202
leaf_weight=727.13772975280881 3477.2934255823493 245.5340434461832 150.48480832576752 11106.825144179165 217.34822494536638 125.28060467541218 339.63741124421358 304.06410134956241 3427.6383206285536 256.54036043584347 303.00508897006512 45.621624860912561 44.185739830136299 163.36444121599197
leaf_count=10644 34964 1463 965 71932 1193 813 1929 2216 32374 1789 2675 317 266 1436
internal_value=-4.41431e-06 0.000303157 0.00607503 -8.24711e-05 -0.00195789 0.0010475 0.00139688 0.0111919 -0.00244551 -0.0091948 -0.000720711 -0.00572867 0.00808952 0.0174262
internal_weight=20934 20206.8 1256.26 18950.6 7122.28 11828.3 11446.5 712.963 6904.93 381.821 543.297 348.627 194.671 408.898
internal_count=164976 154332 9338 144994 68531 76463 73861 5115 67338 2602 4223 2992 1231 2899
is_linear=0
shrinkage=0.035


Tree=79
num_leaves=15
num_cat=0
split_feature=11 23 19 24 24 23 24 15 13 21 6 10 21 12
split_gain=42.4088 42.2915 41.4008 28.1986 43.6091 50.9055 65.462 50.3148 41.9459 46.9129 37.6889 36.9131 24.9226 24.7568
threshold=0.17001836001873019 0.22513678669929507 0.047816965728998191 0.039040250703692443 0.036819720640778549 0.2665951550006867 0.037889750674366958 16.187140464782718 0.65707772970199596 0.078718151897192015 0.068794287741184248 0.43559227883815771 -0.050333308055996888 1.0107593536376955
decision_type=2 2 2 2 2 2 2 2 2 2 2 2 2 2
left_child=1 2 -1 4 8 6 -6 -7 9 -2 -5 -10 13 -4
right_child=3 -3 12 10 5 7 -8 -9 11 -11 -12 -13 -14 -15
leaf_value=-0.0086157895436012721 0.002887643317971277 -0.015660465443713953 -0.012631228246043489 0.0012755853317690869 -0.0052546253797454805 0.0047782800508097602 0.0058140270527055971 -0.010468822615492956 -0.0088672501220083463 -0.0040510802983801239 0.015742179035952951 0.0010480616991785958 0.0047193965567671557 0.0026338846815249011
leaf_weight=823.82617676258087 9954.5061843581498 333.18031649291515 246.81685750186443 626.84748382866383 1301.3428613580763 322.61064068228006 1296.8477207869291 1357.912612427026 861.60323137044907 1347.2050867900252 332.07542320340872 969.85953172296286 894.73723189905286 258.09948174282908
leaf_count=12094 68101 4932 2976 4290 10414 2556 9683 11293 7738 10775 1922 6271 9170 2761
internal_value=-3.75866e-06 -0.00421808 -0.00244105 0.000584724 0.000261185 -0.00280357 0.000271235 -0.00753088 0.00126104 0.00205767 0.00639614 -0.00363937 0.0012287 -0.00492851
internal_weight=20927.5 2556.66 2223.48 18370.8 17411.9 4278.71 2598.19 1680.52 13133.2 11301.7 958.923 1831.46 1399.65 504.916
internal_count=164976 31933 27001 133043 126831 33946 20097 13849 92885 78876 6212 14009 14907 5737
is_linear=0
shrinkage=0.035


Tree=80
num_leaves=15
num_cat=0
split_feature=10 2 8 4 24 24 22 10 2 19 24 17 3 20
split_gain=40.2873 52.7622 54.9734 52.2683 45.9153 42.435 39.5902 31.4302 35.0101 38.7791 28.6309 28.5767 23.0823 22.7845
threshold=0.34760650992393499 0.15709659457206729 -0.093431204557418809 1.0000000180025095e-35 0.034890316426754005 0.039040250703692443 0.43019491434097296 1.3777923583984377 0.91703984141349804 -0.2403500825166702 0.034643387421965606 0.050384880974888809 -0.10437268763780592 0.025237264111638073
decision_type=2 2 2 2 2 2 2 2 2 2 2 2 2 2
left_child=1 2 4 -3 10 -4 13 8 9 -2 -1 -10 -11 -5
right_child=7 3 5 6 -6 -7 -8 -9 11 12 -12 -13 -14 -15
leaf_value=0.0007065298785139144 0.006311781782468398 0.011283024600838723 -0.012298554364915478 -0.0052386716272288707 -0.0053724967151450691 0.0089443586425599613 0.0041964967917592659 -0.008583498110381926 0.024524485316058043 -0.0010445472682098157 0.015465210147585527 0.0043445126021369922 0.0020911844853394941 -0.025287322851905839
leaf_weight=1717.570088353008 1519.5579007491469 609.2880202382803 1147.6740903705359 409.7647046931088 2149.1422294825315 120.76322852447629 667.92084089294076 389.61252328753471 129.09810990095139 6314.0404391884804 167.81275933980942 239.69316159188747 5264.196310184896 75.941784083843231
leaf_count=16915 9322 4965 14852 3708 23802 1230 6520 2660 694 42157 1541 1372 34262 976
internal_value=-4.47661e-06 -0.00215345 -0.00389568 0.00307972 -0.00188638 -0.010222 -0.00131258 0.00109214 0.00137823 0.001074 0.00209482 0.0118696 0.000381728 -0.00882023
internal_weight=20922.1 7065.88 5302.96 1762.92 4034.53 1268.44 1153.63 13856.2 13466.6 13097.8 1885.38 368.791 11578.2 485.706
internal_count=164976 74509 58340 16169 42258 16082 11204 90467 87807 85741 18456 2066 76419 4684
is_linear=0
shrinkage=0.035


Tree=81
num_leaves=15
num_cat=0
split_feature=10 15 23 17 3 23 2 10 2 7 10 22 23 17
split_gain=39.2331 35.6323 32.9979 30.1143 37.1422 40.7934 31.5166 30.6032 29.088 24.9938 45.0816 42.9162 24.8316 22.165
threshold=0.1900497302412987 19.85615158081055 0.20564330369234088 0.030139881186187271 0.074774600565433516 0.22513678669929507 -0.24700960516929624 1.3777923583984377 0.91703984141349804 -0.18734751641750333 0.60381641983985912 0.31738407909870153 0.13350772112607959 0.10665899142622949
decision_type=2 2 2 2 2 2 2 2 2 2 2 2 2 2
left_child=12 3 -3 4 6 -6 -2 8 -5 10 -4 -11 -1 -9
right_child=1 2 9 7 5 -7 -8 13 -10 11 -12 -13 -14 -15
leaf_value=-0.0020522922459744321 0.0064055260006289109 0.010712501553399336 0.022636818173494635 0.00096012948472311494 0.0026788002873596121 -0.0088189164553551316 -0.0048935707842047505 0.0031831858614229307 0.011157689121708218 -0.016136846166553191 -0.011623456500306247 0.0075486619463747771 -0.01736868763247626 -0.014505001387025901
leaf_weight=273.0181568339467 319.15715716779232 727.50221557170153 111.89753946661949 11123.006884679198 2622.8470061793923 431.4903879724443 3912.1914307139814 124.92865317314863 343.70319437980652 204.96660775318742 68.658120408654213 158.0438321121037 242.34216244891286 252.80191449075937
leaf_count=3070 2523 5250 736 71937 22468 4685 41363 813 1929 1829 417 1254 4913 1789
internal_value=-4.34717e-06 0.000238728 0.00588978 -0.000139628 -0.00190876 0.00103102 -0.00402822 0.000949281 0.00127525 -0.000641809 0.0096827 -0.00589897 -0.00944816 -0.00872368
internal_weight=20916.6 20401.2 1271.07 19130.1 7285.69 3054.34 4231.35 11844.4 11466.7 543.566 180.556 363.01 515.36 377.731
internal_count=164976 156993 9486 147507 71039 27153 43886 76468 73866 4236 1153 3083 7983 2602
is_linear=0
shrinkage=0.035


Tree=82
num_leaves=15
num_cat=0
split_feature=9 15 23 0 3 10 10 15 3 15 7 22 10 20
split_gain=37.9644 32.2646 30.3771 28.907 27.2378 36.5658 29.4979 43.07 42.308 25.7313 23.4793 42.442 42.0496 18.0697
threshold=0.17454569041728976 19.85615158081055 0.20564330369234088 0.028317469172179702 0.85414555668830883 0.65337535738945018 0.49068976938724523 17.37358379364014 -0.10437268763780592 15.82517719268799 -0.18734751641750333 0.31738407909870153 0.60381641983985912 -0.028148042969405648
decision_type=2 2 2 2 2 2 2 2 2 2 2 2 2 2
left_child=-1 4 3 13 6 -6 8 -8 -2 -7 12 -12 -4 -3
right_child=1 2 10 -5 5 9 7 -9 -10 -11 11 -13 -14 -15
leaf_value=-0.0078762053381809874 -0.0042937967676737908 0.022086907950030696 0.021744716917579548 0.0020654342291714341 0.010954965346346506 0.020149112273520009 -0.00061436732763528467 0.0052522101618639452 0.0001485702524348573 -0.0071319365191702703 -0.016028525192671696 0.0076101875502022397 -0.011335674361270344 0.0067002833918984725
leaf_weight=714.59236219897866 4130.3145611584187 248.90881641209126 113.17855637893081 306.06372646987438 586.38617462664843 39.393812075257301 4348.5549456253648 2356.1795227304101 7179.6409206837416 294.78347624838352 201.97852697223425 157.66350699216127 68.199231952428818 164.95250761508942
leaf_count=10644 34293 1463 733 2216 3105 219 27582 14757 63400 1638 1824 1249 417 1436
internal_value=-4.67777e-06 0.000277597 0.00567595 0.0103347 -8.46993e-05 0.00575451 -0.000386114 0.00145202 -0.00147611 -0.00342398 -0.000598364 -0.00574002 0.0093639 0.016257
internal_weight=20910.8 20196.2 1260.94 719.925 18935.3 920.563 18014.7 6704.73 11310 334.177 541.02 359.642 181.378 413.861
internal_count=164976 154332 9338 5115 144994 4962 140032 42339 97693 1857 4223 3073 1150 2899
is_linear=0
shrinkage=0.035


Tree=83
num_leaves=15
num_cat=0
split_feature=21 24 10 10 3 23 13 24 24 15 23 10 8 10
split_gain=37.6798 44.0627 64.3545 60.0623 66.978 74.6546 56.087 67.2764 39.1866 37.6341 39.8165 27.3979 26.6708 26.442
threshold=0.078718151897192015 0.034263120964169509 0.65337535738945018 0.51754996180534374 0.012016052380204202 0.24243597686290744 0.53940325975418102 0.03320316597819329 0.037483181804418571 17.782155990600589 0.20564330369234088 0.22494093328714374 -0.53394356369972218 0.29471483826637274
decision_type=2 2 2 2 2 2 2 2 2 2 2 2 2 2
left_child=1 2 6 4 11 -6 7 -1 13 -5 -11 -3 -4 -2
right_child=8 3 12 9 5 -7 -8 -9 -10 10 -12 -13 -14 -15
leaf_value=0.0035796163254232182 -0.012307509889464045 -0.016650444486268318 -0.010556593624490913 0.00070215527138382089 0.0030606714545002999 -0.012027254041402596 -0.00055911816373893609 0.014248141084726931 0.0035723715155245301 0.014989834559808428 0.0022722045048860131 -0.0045663546042093101 0.0012505959652500955 -0.0036169960032761722
leaf_weight=1931.1267846822739 544.07482023537159 235.59823339432478 500.71475932747126 2900.4410463944077 3195.0188741460443 449.37841825559735 1538.9159843102098 1157.8464050665498 742.48651823401451 542.24763058125973 673.80732022970915 4094.0225663594902 429.56883429735899 1970.0809406526387
leaf_count=13495 7633 4031 2966 18257 27136 4614 12078 8344 6365 3071 4260 34927 2442 15357
internal_value=-3.94488e-06 0.000634847 0.00321118 -0.000551205 -0.0023228 0.00117241 0.00489923 0.0076116 -0.00345709 0.00287785 0.00801909 -0.00526077 -0.00514918 -0.00553897
internal_weight=20905.3 17648.7 5558.17 12090.5 7974.02 3644.4 4627.89 3088.97 3256.64 4116.5 1216.05 4329.62 930.284 2514.16
internal_count=164976 135621 39325 96296 70708 31750 33917 21839 29355 25588 7331 38958 5408 22990
is_linear=0
shrinkage=0.035


Tree=84
num_leaves=15
num_cat=0
split_feature=21 24 23 24 4 6 24 17 13 24 24 24 17 0
split_gain=35.1884 40.9643 50.0237 62.2832 53.5644 51.8916 47.6022 45.5362 39.4582 72.389 36.6746 30.4417 25.2976 21.4986
threshold=0.078718151897192015 0.034263120964169509 0.2665951550006867 0.037889750674366958 -0.054487742483615868 0.068794287741184248 0.034483484923839576 0.060703096911311157 0.53940325975418102 0.03320316597819329 0.037483181804418571 0.03718423284590245 0.026552117429673675 -0.22069720178842542
decision_type=2 2 2 2 2 2 2 2 2 2 2 2 2 2
left_child=1 7 3 6 13 -5 -3 8 9 -1 12 -6 -2 -4
right_child=10 2 4 5 11 -7 -8 -9 -10 -11 -12 -13 -14 -15
leaf_value=0.0023444815066363577 -0.010317089627313642 -0.011845828253754853 0.015632303420599195 0.001599542865192771 -0.00066477462115224208 0.012772365454532128 -0.00023263241332420934 -0.0060882370945693695 -0.00024826446044851514 0.012984283969768584 0.0034406221282977153 -0.011084653261106373 -0.0028543680897177002 0.00014606298738890311
leaf_weight=2083.5253415778279 833.53632777184248 450.18582203984261 136.8106144964695 1369.8491824902594 474.03231405839324 803.75191622599959 7161.8838808164001 583.26806841045618 1651.4154186584055 1250.7738414034247 744.28612940758467 1249.8002092577517 1670.2708213627338 436.51458651572466
leaf_count=14326 10581 4091 860 10817 3985 5893 56545 3434 12741 8824 6365 11050 12409 3055
internal_value=-4.53046e-06 0.000611999 -0.000532964 0.00055953 -0.00516914 0.00577059 -0.000934089 0.00309269 0.00417678 0.00636261 -0.00334666 -0.00823968 -0.00536992 0.00404613
internal_weight=20899.9 17651.8 12082.8 9785.67 2297.16 2173.6 7612.07 5568.98 4985.71 3334.3 3248.09 1723.83 2503.81 573.325
internal_count=164976 135621 96296 77346 18950 16710 60636 39325 35891 23150 29355 15035 22990 3915
is_linear=0
shrinkage=0.035


Tree=85
num_leaves=15
num_cat=0
split_feature=11 23 19 12 24 24 13 8 3 8 15 21 12 8
split_gain=34.9543 40.3942 34.5084 30.6038 31.1247 48.3736 35.2458 27.6958 22.0896 29.4436 22.0142 21.7388 23.9779 19.2494
threshold=0.17413470894098285 0.22513678669929507 0.047816965728998191 1.2565097808837893 0.039040250703692443 0.038834853097796447 0.6382979452610017 -0.11970962584018706 0.11844838783144952 -0.026470463722944256 16.675472259521488 -0.050333308055996888 0.99121421575546276 -0.15989059209823606
decision_type=2 2 2 2 2 2 2 2 2 2 2 2 2 2
left_child=1 2 8 4 5 6 -2 10 13 -10 -6 12 -4 -1
right_child=3 -3 11 -5 7 -7 -8 -9 9 -11 -12 -13 -14 -15
leaf_value=-0.0029033984610420472 0.0019961635189555378 -0.014234667437579375 -0.012274385188352383 -0.0031833281268762105 0.012852886591416141 -0.0097561308541638907 -0.0023428972228710723 0.01834390975465458 0.0048782061361746804 -0.019250485403614716 -0.0029130272220339874 0.0043505805601106225 0.0022614892011066979 -0.016615234534617218
leaf_weight=201.49348331615329 11784.629652120173 371.56451738253236 242.75651780515909 2325.1083567477763 167.6492418423295 505.51740076392889 2837.8435485512018 220.23411387950182 273.71370419859886 69.264481268823147 271.46988699585199 976.36259473860264 303.21321972459555 345.30567703396082
leaf_count=3017 83816 5517 2954 15919 1060 4515 21911 1323 3157 1015 1838 9876 3173 5885
internal_value=-4.68744e-06 -0.00364885 -0.00196616 0.000557083 0.00110962 0.000782293 0.00115304 0.00849592 -0.00740117 -0.000401911 0.00325833 0.00123808 -0.00430617 -0.0117054
internal_weight=20896.1 2783.67 2412.11 18112.5 15787.3 15128 14622.5 659.353 889.777 342.978 439.119 1522.33 545.97 546.799
internal_count=164976 34594 29077 130382 114463 110242 105727 4221 13074 4172 2898 16003 6127 8902
is_linear=0
shrinkage=0.035


Tree=86
num_leaves=15
num_cat=0
split_feature=10 23 3 11 24 3 20 22 23 6 20 23 17 10
split_gain=35.09 33.2682 65.4169 46.3783 46.217 54.0065 29.3673 36.3772 36.0447 21.8423 21.8204 19.4978 19.3114 17.8198
threshold=0.17838168889284137 0.13350772112607959 -0.080512739717960344 0.22205140441656115 0.037889750674366958 -0.069060187786817537 -0.042127339169383042 0.40844422578811651 0.31619535386562353 0.040093021467328079 0.056490141898393638 0.13085953146219256 0.020863308571279052 1.0693629384040835
decision_type=2 2 2 2 2 2 2 2 2 2 2 2 2 2
left_child=-1 2 9 4 12 -6 7 -5 -8 11 13 -2 -3 -4
right_child=1 3 10 6 5 -7 8 -9 -10 -11 -12 -13 -14 -15
leaf_value=-0.011178514192995245 -0.0092184458502627895 -0.010018758270830161 0.0077728993771695957 0.0044786995900958975 -0.0089438364288302093 0.0077509351675590817 1.6489813838047064e-05 -0.0054350257007919397 -0.010280086748215643 0.0071774285186822712 -0.0063414468999532592 0.0054774859719839081 -0.0039628558325225105 -0.010703739296016522
leaf_weight=328.75370053201914 657.30593748763204 890.00532220304012 2207.4928635209799 3369.6713596209884 333.01364643871784 763.31802756711841 8535.4402611739933 515.01168472319841 427.83976634219289 156.40461115911603 146.83180185779929 125.63130199536681 2378.4624227881432 57.472212955355644
leaf_count=5322 4807 13934 14672 20133 3723 7757 60141 3637 3392 1159 1287 894 23815 303
internal_value=-5.47457e-06 0.000178495 0.00336355 -0.000443194 -0.00355582 0.00264485 0.000616191 0.00315381 -0.0004859 -0.00443913 0.0064083 -0.00682098 -0.00563741 0.00725908
internal_weight=20892.7 20563.9 3351.14 17212.8 4364.8 1096.33 12848 3884.68 8963.28 939.342 2411.8 782.937 3268.47 2264.97
internal_count=164976 159654 23122 136532 49229 11480 87303 23770 63533 6860 16262 5701 37749 14975
is_linear=0
shrinkage=0.035


Tree=87
num_leaves=15
num_cat=0
split_feature=10 15 21 21 4 17 20 4 3 2 10 16 20 16
split_gain=33.0432 31.6621 30.1073 36.2383 34.0194 21.6658 20.9433 27.587 19.9274 32.8146 22.8966 14.9787 17.8104 14.5498
threshold=0.17838168889284137 20.726525306701664 0.078718151897192015 0.068315757438540473 1.0000000180025095e-35 0.023893499746918682 0.1171386204659939 0.042108759284019477 -0.19306283444166181 0.061261650174856193 0.44559065997600561 1.0029940009117129 -0.028148042969405648 0.94115966558456432
decision_type=2 2 2 2 2 2 2 2 2 2 2 2 2 2
left_child=11 2 3 4 -2 -5 13 -8 -3 -10 -11 12 -1 -4
right_child=1 8 6 5 -6 -7 7 -9 9 10 -12 -13 -14 -15
leaf_value=0.0047374755236695466 0.0016880607079023159 0.020190134623014409 -0.0011721529166120943 -0.0036490914466932008 -0.0015036883892853535 0.013599022885683473 -0.0057425943364619496 0.011048596406780077 -0.013650763985769209 0.01966045657135658 -0.0092891177688336646 -0.018429437879468869 -0.017695535979046342 -0.0064738236885838497
leaf_weight=112.90510371699929 9244.5837834998965 138.32064233720303 1055.9918508976698 110.37260211259127 7321.7190443202853 386.91564036905766 207.81998145207763 258.76399858295918 79.523920729756355 121.26447271928191 38.196277856826782 155.30714289844036 57.501567911356688 1597.1661560796201
leaf_count=1428 66964 761 9416 1357 58275 2716 1985 2012 683 804 180 2681 1213 14501
internal_value=-6.33995e-06 0.000171422 -1.87839e-05 0.0005597 0.000277365 0.00977435 -0.00317451 0.00360611 0.0100839 0.00365865 0.0125871 -0.0108984 -0.00339354 -0.00437601
internal_weight=20886.4 20560.6 20183.3 17063.6 16566.3 497.288 3119.74 466.584 377.305 238.985 159.461 325.714 170.407 2653.16
internal_count=164976 159654 157226 129312 125239 4073 27914 3997 2428 1667 984 5322 2641 23917
is_linear=0
shrinkage=0.035


Tree=88
num_leaves=15
num_cat=0
split_feature=9 12 5 23 24 22 24 24 6 23 6 15 16 9
split_gain=31.7105 31.1397 33.5508 54.4619 64.1746 48.6355 43.1781 28.908 18.9731 15.8932 20.3356 19.9192 13.1724 13.1417
threshold=0.17454569041728976 1.2565097808837893 -0.060899104923009865 0.2665951550006867 0.037889750674366958 0.40314695239067083 0.036479571834206588 0.033361051231622703 0.076228901743888869 0.13350772112607959 0.15276584774255755 17.921761512756351 1.0528064370155337 0.48519551753997808
decision_type=2 2 2 2 2 2 2 2 2 2 2 2 2 2
left_child=9 2 5 4 -4 7 -5 -2 -7 11 -11 -1 -13 -3
right_child=1 13 3 6 -6 8 -8 -9 -10 10 -12 12 -14 -15
leaf_value=-0.010845731980694917 -7.1029092056760964e-05 -0.0072797737543201764 -0.00054737631340940414 0.0018209066249083037 0.0068134650986694436 -0.0033756112547437952 -0.010436856697953583 0.0068612938545441335 0.010718205763545255 -0.015575111321360429 0.0054039213115371796 0.010588783370740906 -0.011621962923004115 -0.0017454474549190456
leaf_weight=142.38050825148821 983.28887923806906 730.83590867742896 8881.7722474001348 526.4259661398828 1723.9587900266051 1410.3345183953643 1036.7799681052566 2928.0581630580127 117.80785758420825 316.15523670986295 63.235248930752277 146.82843860983849 32.503892716020346 1842.8574720397592
leaf_count=1545 6218 6607 72368 3986 13662 10007 9644 19231 675 6241 865 1617 376 11934
internal_value=-6.4543e-06 0.000249371 0.000775467 -0.000246425 0.000654418 0.00305785 -0.00632359 0.00512281 -0.00222647 -0.00727065 -0.0120294 -0.00146523 0.00616188 -0.00333909
internal_weight=20883.2 20182.1 17608.4 12168.9 10605.7 5439.49 1563.21 3911.35 1528.14 701.103 379.39 321.713 179.332 2573.69
internal_count=164976 154332 135791 99660 86030 36131 13630 25449 10682 10644 7106 3538 1993 18541
is_linear=0
shrinkage=0.035


Tree=89
num_leaves=15
num_cat=0
split_feature=10 23 8 24 15 23 6 2 21 24 23 24 5 8
split_gain=30.4021 31.2589 47.3125 58.9132 45.5886 37.8672 34.1414 33.7846 30.7462 25.8708 51.6306 40.9967 20.5198 18.0899
threshold=0.17838168889284137 0.13350772112607959 -0.25342641770839686 0.039040250703692443 18.743915557861332 0.22513678669929507 0.019667643122375015 0.061261650174856193 0.036737985908985145 0.036819720640778549 0.24243597686290744 0.037282371893525131 0.039164960384368903 -0.68587321043014515
decision_type=2 2 2 2 2 2 2 2 2 2 2 2 2 2
left_child=-1 4 9 5 13 -4 -5 8 -6 10 -3 -11 -9 -2
right_child=1 2 3 6 7 -7 -8 12 -10 11 -12 -13 -14 -15
leaf_value=-0.010523093342290544 -0.013505157144468606 0.00042560610440767075 -0.0016606075620110912 -0.0049532193653234122 0.0098585490179738146 -0.0070955702214657622 0.011693078328888152 0.025664494387550581 -0.014334661301792562 -0.0090216630509109066 0.0073270221336027667 0.00095745605584739981 0.0081960144417572676 0.0017984592974106266
leaf_weight=321.41872680932283 88.20977134257555 4234.8299637958407 5413.1715391166508 202.86553395166993 193.9200629144907 2207.5218691676855 530.4920442737639 203.97567958384752 84.201569799333811 660.55291613936424 1925.4033518098295 2027.9937961250544 155.5448193103075 2629.9277148209512
leaf_count=5322 560 28462 50083 1816 1400 21356 3617 1127 813 4946 12218 14034 1015 18207
internal_value=-6.85649e-06 0.000162593 -0.000440691 -0.00232838 0.00324735 -0.00324221 0.0070836 0.0115934 0.00229073 0.00134208 0.00259105 -0.00151867 0.0185332 0.00125414
internal_weight=20880 20558.6 17202.8 8354.05 3355.78 7620.69 733.358 637.642 278.122 8848.78 6160.23 2688.55 359.52 2718.14
internal_count=164976 159654 136532 76872 23122 71439 5433 4355 2213 59660 40680 18980 2142 18767
is_linear=0
shrinkage=0.035


Tree=90
num_leaves=15
num_cat=0
split_feature=10 23 9 16 12 24 8 15 17 10 19 3 15 23
split_gain=29.6064 41.1846 34.0829 28.1956 29.0758 26.6013 31.9862 28.8478 26.5654 26.1527 29.7796 25.2739 42.0657 22.8228
threshold=0.34760650992393499 0.13350772112607959 0.15217534452676776 0.9871833622455598 0.83722543716430675 0.039040250703692443 -0.16641222685575482 19.85615158081055 0.031309070065617568 1.3777923583984377 -0.2403500825166702 -0.10437268763780592 20.726525306701664 0.13350772112607959
decision_type=2 2 2 2 2 2 2 2 2 2 2 2 2 2
left_child=1 3 -3 4 -1 6 -4 -7 -5 10 -2 12 -12 -13
right_child=9 2 5 8 -6 7 -8 -9 -10 -11 11 13 -14 -15
leaf_value=-0.0012058407061760303 0.0057613933047349977 -0.018726850654556367 -0.00038230307405892979 -0.0039500927289033844 0.011309317213361182 0.00182506695890719 -0.0062819870152324743 0.028922655343418879 0.018438678195251797 -0.0079596286079100208 -0.0013471261002492205 0.0070864760979038035 0.017754623675761756 0.0012622799569860454
leaf_weight=356.03945867344737 1534.7480373755097 162.83043236657977 1990.1765446439385 752.42986559122801 610.8147828169167 435.62271784991026 2585.9349319562316 44.351610418409109 61.065413914620876 384.13439836353064 6214.4027030542493 995.40395368635654 134.52980448305607 4611.7558216750622
leaf_count=3207 9347 3392 20229 6439 4910 3785 31826 356 365 2660 41722 5508 698 30532
internal_value=-6.83883e-06 -0.00186115 -0.00342778 0.00272477 0.0067355 -0.00289909 -0.00372261 0.00486818 -0.00206597 0.00092924 0.00118805 0.000596664 -0.000915088 0.00230699
internal_weight=20874.2 6999.27 5218.92 1780.35 966.854 5056.09 4576.11 479.974 813.495 13875 13490.8 11956.1 6348.93 5607.16
internal_count=164976 74509 59588 14921 8117 56196 52055 4141 6804 90467 87807 78460 42420 36040
is_linear=0
shrinkage=0.035


Tree=91
num_leaves=15
num_cat=0
split_feature=21 24 24 23 15 17 24 13 24 24 17 8 16 15
split_gain=28.2229 33.3565 45.7085 51.0551 56.4862 42.6344 40.311 33.5784 65.9244 32.5825 21.8004 18.9426 24.76 23.9862
threshold=0.078718151897192015 0.034263120964169509 0.034483484923839576 0.2665951550006867 16.187140464782718 0.060703096911311157 0.037889750674366958 0.53940325975418102 0.03320316597819329 0.037483181804418571 0.026552117429673675 -0.046883389353752129 0.86859008669853222 17.507804870605472
decision_type=2 2 2 2 2 2 2 2 2 2 2 2 2 2
left_child=1 5 -3 6 -5 7 -4 8 -1 10 -2 12 13 -11
right_child=9 2 3 4 -6 -7 -8 -9 -10 11 -12 -13 -14 -15
leaf_value=0.0019912520928155359 -0.0095978495522797153 -0.011385854950227394 -0.00019515027231383381 0.0064566359732549372 -0.0074413061036825798 -0.0061078586918474204 0.0052213254359105565 -0.00026778514429845647 0.012099072043198383 -0.00042821941763955957 -0.0026122714861426788 0.013752082066929957 -0.0048144649795099108 0.02314031594597786
leaf_weight=2091.7501535527408 814.68563627079129 444.06141011416912 7148.2190777100623 436.23645640909672 1837.1529266647995 583.22831996530294 2191.2834079302847 1649.6072492785752 1265.4303437769413 119.14327233657241 1661.6337620168924 157.57723311707377 383.32525620982051 84.627503361552954
leaf_count=14326 10581 4091 56545 3512 15438 3434 16710 12741 8824 862 12409 1527 3307 669
internal_value=-5.98926e-06 0.000544353 -0.000492024 -6.6021e-05 -0.00475786 0.00277658 0.00107992 0.00382161 0.00582584 -0.00301352 -0.00493982 0.00337271 0.000403215 0.00998457
internal_weight=20868 17647 12057 11612.9 2273.39 5590.02 9339.5 5006.79 3357.18 3220.99 2476.32 744.673 587.096 203.771
internal_count=164976 135621 96296 92205 18950 39325 73255 35891 23150 29355 22990 6365 4838 1531
is_linear=0
shrinkage=0.035


Tree=92
num_leaves=15
num_cat=0
split_feature=10 3 15 23 3 11 10 3 22 23 15 22 15 23
split_gain=28.5143 32.5076 27.5567 37.9748 25.404 32.3431 24.6954 42.474 84.6685 57.3247 31.6672 42.9017 21.7619 24.2818
threshold=0.20935691893100741 0.49058127403259283 20.373504638671879 0.13085953146219256 -0.30714456737041468 0.28607898950576788 0.49068976938724523 -0.10437268763780592 0.30844902992248541 0.22513678669929507 17.576017379760746 0.31738407909870153 16.311563491821293 0.13085953146219256
decision_type=2 2 2 2 2 2 2 2 2 2 2 2 2 2
left_child=1 12 6 -4 -5 -6 7 8 -2 -9 -8 -12 -1 -14
right_child=2 -3 3 4 5 -7 10 9 -10 -11 11 -13 13 -15
leaf_value=-0.021782541215158865 0.0025383503600983821 0.018955609359198749 0.028438000674999551 0.015804759458178531 0.0058822083590539106 -0.014572891430488013 2.6166323043264752e-05 0.0022286437086350766 -0.0076472726734943802 -0.0050462480212757413 -0.00076576856298313722 0.0087015743174138523 0.0019955873904146885 -0.010968905854928176
leaf_weight=109.83991070091724 1606.3244062438607 49.712038349360228 80.271427303552628 148.57825280353427 287.5926805101335 128.90494583547115 5106.1983398124576 5893.2884294651449 2620.1279670633376 1701.6691159829497 981.43809536844492 1440.9966519773006 302.77000260353088 407.10495691001415
leaf_count=1891 12271 347 438 808 2456 742 32025 48928 22885 16295 6010 8813 3271 7796
internal_value=-5.79418e-06 -0.00617398 0.000265359 0.00732388 0.00388218 -0.000641843 2.62875e-05 -0.000971286 -0.00377923 0.000594194 0.00159188 0.00487855 -0.00790807 -0.00548849
internal_weight=20864.8 869.427 19995.4 645.347 565.076 416.498 19350 11821.4 4226.45 7594.96 7528.63 2422.43 819.715 709.875
internal_count=164976 13305 151671 4444 4006 3198 147227 100379 35156 65223 46848 14823 12958 11067
is_linear=0
shrinkage=0.035


Tree=93
num_leaves=15
num_cat=0
split_feature=17 15 12 7 24 23 24 4 21 23 15 5 12 24
split_gain=27.3846 45.6458 28.2055 25.1413 24.9263 25.2893 23.6048 31.1719 38.2071 37.0737 22.5454 20.512 20.3059 19.3773
threshold=0.021319766528904441 15.884930133819582 1.2565097808837893 -0.1139402538537979 0.039040250703692443 0.13350772112607959 0.039464315399527557 0.012925834860652687 0.078718151897192015 0.21423670649528506 19.660930633544925 1.0000000180025095e-35 0.67797651886940014 0.037282371893525131
decision_type=2 2 2 2 2 2 2 2 2 2 2 2 2 2
left_child=1 -1 6 12 5 -5 7 8 -2 -9 -6 -8 -3 -14
right_child=2 3 -4 4 10 -7 11 9 -10 -11 -12 -13 13 -15
leaf_value=-0.020641823681449213 0.0027855224261495249 -0.010647689635052443 -0.0030257464265123104 0.00049064259217195406 0.0017248643182972076 -0.0080112773508700767 -0.00098998220940584416 0.00068227631990652043 -0.0050075510272374222 -0.0051825775901808303 0.029887467765814177 0.014354749709140408 0.01184465233639314 -0.012952819382931337
leaf_weight=164.44465623795986 8367.0287226438522 69.258483521640301 2429.2173938713968 665.51435104012489 166.43012484163046 1188.2942041158676 165.20903130993247 4225.4733030349016 839.5961008630693 1909.1791737005115 34.512018941342831 285.22369416803122 314.63755990192294 35.485956218093634
leaf_count=2380 57190 709 16960 6482 1748 18960 1071 31327 6825 15233 351 1777 3544 419
internal_value=-5.51334e-06 -0.00333103 0.000477619 -0.00210199 -0.00369718 -0.00497285 0.00101811 0.000783223 0.00207017 -0.0011484 0.00774937 0.00882737 0.00561767 0.00904147
internal_weight=20859.5 2638.58 18220.9 2474.13 2054.75 1853.81 15791.7 15341.3 9206.62 6134.65 200.942 450.433 419.382 350.124
internal_count=164976 34593 130383 32213 27541 25442 113423 110575 64015 46560 2099 2848 4672 3963
is_linear=0
shrinkage=0.035


Tree=94
num_leaves=15
num_cat=0
split_feature=10 15 23 16 20 3 0 15 10 3 23 23 10 19
split_gain=26.8282 26.9461 26.8367 24.8095 27.3611 25.3814 23.7524 22.1768 21.5378 43.3287 57.14 56.4336 29.1961 27.8052
threshold=0.1900497302412987 19.85615158081055 0.20564330369234088 1.0438995957374575 -0.028148042969405648 0.13413828611373904 0.028317469172179702 17.921761512756351 0.49068976938724523 -0.10437268763780592 0.24243597686290744 0.22513678669929507 1.3777923583984377 0.0060097915120422849
decision_type=2 2 2 2 2 2 2 2 2 2 2 2 2 2
left_child=3 8 6 4 5 -1 -3 -7 9 10 -2 -11 13 -10
right_child=1 2 -4 -5 -6 7 -8 -9 12 11 -12 -13 -14 -15
leaf_value=-0.0069770883471645308 -0.0065122976284698849 0.01471241970903756 -0.00081706948214917044 -0.01802813532545583 -0.015447089957252412 -0.003253953605977372 0.0019826327258133545 0.027910444919841411 0.0038757368054832663 0.0020867731555691449 0.0026446718956581803 -0.0051951957059981294 -0.0080772093076988041 -0.00055810054770494342
leaf_weight=97.786331158131361 2972.7020921260118 422.9511503726244 542.68950487673283 178.81596767902374 107.1183079443872 41.253857154399157 312.83684903010726 65.977316942065954 3799.1974568590522 5956.9589500427246 1152.8049118109047 1658.2426962479949 372.23321718722582 3174.1657823696733
leaf_count=1499 25428 2949 4236 3117 2308 404 2301 655 23316 50806 9326 16182 2604 19845
internal_value=-5.67091e-06 0.000191073 0.00508991 -0.00800753 -0.00188551 0.00558907 0.00939922 0.0166661 -0.000139565 -0.00106923 -0.00395333 0.00049636 0.00134578 0.00185961
internal_weight=20855.7 20364.8 1278.48 490.952 312.136 205.018 735.788 107.231 19086.3 11740.7 4125.51 7615.2 7345.6 6973.36
internal_count=164976 156993 9486 7983 4866 2558 5250 1059 147507 101742 34754 66988 45765 43161
is_linear=0
shrinkage=0.035


Tree=95
num_leaves=15
num_cat=0
split_feature=3 12 9 23 24 15 22 22 10 2 15 15 1 10
split_gain=26.2357 25.0276 29.7403 28.658 39.7014 24.8119 23.4116 23.8244 22.2552 17.7476 27.9742 17.8631 15.9565 15.0264
threshold=1.2416156530380251 1.2565097808837893 0.25503063201904302 0.13350772112607959 0.037889750674366958 16.187140464782718 0.55994480848312389 0.55128791928291332 0.87123095989227306 0.63361105322837841 17.116715431213382 18.479482650756839 0.16415643692016604 0.34152996540069586
decision_type=2 2 2 2 2 2 2 2 2 2 2 2 2 2
left_child=1 2 3 5 -5 -1 7 -4 9 10 -2 -11 -12 -3
right_child=8 13 6 4 -6 -7 -8 -9 -10 11 12 -13 -14 -15
leaf_value=-0.010407836471277441 0.017092989312417473 -0.0080358573174817201 0.0011527237032589168 -0.0073842363234886341 0.0035903952949288909 0.0039482076891955917 -0.0034607691650593996 0.010182882290999794 -0.0066285369696390132 0.012563000822208058 0.0035883633243238193 0.041716180821002924 -0.019769707860536005 -0.0018572018912824638
leaf_weight=163.29991900548339 119.6269106939435 643.78301028907299 12704.975694335997 1777.3689267709851 514.979452136904 987.132319919765 1323.5980751551688 358.52879691123962 98.393930181860924 120.49244165420532 88.909847125411034 29.689202189445496 47.378749720752239 1873.2160557210445
leaf_count=1486 635 6075 88731 24897 6559 8988 10729 2564 549 617 459 140 259 12288
internal_value=-5.9621e-06 -0.000203234 0.000258634 -0.0026588 -0.00491388 0.00183829 0.000958128 0.00140816 0.00779963 0.0113707 0.00540124 0.0205708 -0.00532808 -0.00346309
internal_weight=20851.4 20346.9 17829.9 3442.78 2292.35 1150.43 14387.1 13063.5 504.491 406.097 255.916 150.182 136.289 2517
internal_count=164976 162317 143954 41930 31456 10474 102024 91295 2659 2110 1353 757 718 18363
is_linear=0
shrinkage=0.035


Tree=96
num_leaves=15
num_cat=0
split_feature=20 17 3 24 15 23 10 8 12 15 23 3 0 15
split_gain=26.5374 26.3938 31.9233 28.0208 36.2149 23.5224 23.4457 26.8687 22.1797 19.4551 25.2762 20.9966 17.3853 13.1805
threshold=-0.098063450306653963 0.023893499746918682 0.20637089759111407 0.037889750674366958 17.714315414428714 0.13085953146219256 0.36121010780334478 -0.28162267804145807 1.2565097808837893 19.85615158081055 0.20564330369234088 -0.10437268763780592 0.082013141363859191 18.743915557861332
decision_type=2 2 2 2 2 2 2 2 2 2 2 2 2 2
left_child=-1 2 6 5 -5 -4 12 -8 9 11 -11 -3 -2 -10
right_child=1 8 3 4 -6 -7 7 -9 13 10 -12 -13 -14 -15
leaf_value=0.0069428827125110086 -0.0069313475298736788 -0.00073736973870715337 0.005094530763708487 -0.0052050813345992921 0.024823037261652671 -0.0053512556179047691 0.020837545121734555 -0.0024226287763950949 -0.004051002597802388 0.012351798219054532 -0.00041285767947021591 0.0020663130271778812 0.00080553294086826825 0.0030227371106716552
leaf_weight=642.31083281710744 2226.7030581012368 6761.012994043529 497.59786084666848 73.750890236347914 121.82302378863096 540.5053990483284 79.538864016532898 184.34866977483034 1839.9722538590431 395.33811039850116 356.5817906036973 6323.9282878898084 420.76072819903493 383.1823741979897
leaf_count=4195 31354 47070 3157 647 999 5798 589 1598 12814 2159 2461 43985 5602 2548
internal_value=-5.34269e-06 -0.000229549 -0.002716 0.00199119 0.0137971 -0.000343403 -0.00471064 0.0050931 0.000413484 0.000935262 0.00637247 0.000618188 -0.00570332 -0.0028237
internal_weight=20847.4 20205 4145.03 1233.68 195.574 1038.1 2911.35 263.888 16060 13836.9 751.92 13084.9 2647.46 2223.15
internal_count=164976 160781 49744 10601 1646 8955 39143 2187 111037 95675 4620 91055 36956 15362
is_linear=0
shrinkage=0.035


Tree=97
num_leaves=15
num_cat=0
split_feature=20 20 11 23 24 22 2 24 15 23 19 23 11 22
split_gain=25.6521 48.1462 31.9741 32.4433 39.7199 29.0193 28.0441 29.8453 29.5813 44.3607 27.9584 26.2268 24.6563 23.1708
threshold=-0.028148042969405648 1.0000000180025095e-35 0.37711803615093237 0.2665951550006867 0.037483181804418571 0.36958597600460058 0.50985348224639904 0.032028134912252433 17.99348068237305 0.22679369151592257 0.017977044917643074 0.18840173631906512 0.18193462491035464 0.41241422295570379
decision_type=2 2 2 2 2 2 2 2 2 2 2 2 2 2
left_child=6 12 3 4 -3 -5 7 -1 -9 -10 11 -4 -2 -12
right_child=1 2 10 5 -6 -7 -8 8 9 -11 13 -13 -14 -15
leaf_value=-0.007476383923357928 -0.017731642602181397 -0.0026702128639701939 -0.00033136836639374517 4.2700756666035683e-05 0.0034022094553839712 -0.014360609777738512 0.0091112583854593247 -0.00014094617161513703 0.0072698070115504165 -0.0017112190835677473 -0.0079555080327162377 0.0084131631158938444 -0.0048000579189942504 0.0032534580326877074
leaf_weight=487.88922217860818 194.84889936447144 3820.5248715393245 632.67661259323359 288.67248612642288 2003.1619306690991 411.4299677759409 524.10774876922369 5693.0653837621212 1937.2276842035353 1025.1718628145754 417.82871077209711 1236.4727750495076 1698.4856553114951 470.17328138649464
leaf_count=3995 3118 37557 4309 2843 17055 4346 2822 39692 14278 8115 2694 7644 13419 3089
internal_value=-4.52372e-06 -0.00114617 -0.000106115 -0.00144148 -0.000579242 -0.00850474 0.00131488 0.000858519 0.00133642 0.00416652 0.00304734 0.00546727 -0.00621706 -0.00205052
internal_weight=20841.7 11174.3 9280.94 6523.79 5823.69 700.102 9667.46 9143.35 8655.46 2962.4 2757.15 1869.15 1893.33 888.002
internal_count=164976 96074 79537 61801 54612 7189 68902 66080 62085 22393 17736 11953 16537 5783
is_linear=0
shrinkage=0.035


Tree=98
num_leaves=15
num_cat=0
split_feature=10 15 21 24 12 10 24 22 8 8 17 17 14 20
split_gain=25.074 23.9252 23.0635 31.5132 42.1323 39.4724 21.6586 19.3868 22.928 17.5761 15.8343 14.6819 13.7771 12.9829
threshold=0.17838168889284137 20.726525306701664 0.078718151897192015 0.03500685282051564 0.86761564016342174 0.51754996180534374 0.037483181804418571 0.3508602380752564 -0.50804832577705372 -0.079893298447132097 0.048503691330552108 0.026552117429673675 1.0844158530235293 -0.035793244838714593
decision_type=2 2 2 2 2 2 2 2 2 2 2 2 2 2
left_child=13 2 3 4 -2 -5 11 8 -3 -8 12 -4 -9 -1
right_child=1 7 6 5 -6 -7 9 10 -10 -11 -12 -13 -14 -15
leaf_value=-0.0030311664021039565 -0.0012132170613965536 0.0202783682002852 -0.0084763133540588613 -0.0024231994817654409 0.0043231817430207419 0.0022047238342449787 -0.0010310885565128886 0.023326668981504668 -0.0093635389046337753 0.010772128364168807 -0.00868414228295066 -0.0025281182489934376 0.0035730181898395563 -0.017356744387999778
leaf_weight=174.10623797029257 2687.1747171655297 33.778365269303322 740.30049511045218 6410.512307099998 4483.4416050203145 3472.7603891268373 520.45839263871312 147.64309949800372 108.79161773622036 208.93095658347011 25.748910516500473 1620.3955903872848 65.256144192069769 137.66847492754459
leaf_count=2403 19375 172 9531 56690 31512 21735 4145 915 784 2000 116 12238 441 2919
internal_value=-5.08892e-06 0.000146822 -1.96568e-05 0.000484886 0.00224963 -0.000796466 -0.00279677 0.00871937 -0.00147182 0.00244986 0.014622 -0.00442132 0.0177039 -0.00969965
internal_weight=20837 20525.2 20144 17053.9 7170.62 9883.27 3090.09 381.218 142.57 729.389 238.648 2360.7 212.899 311.775
internal_count=164976 159654 157226 129312 50887 78425 27914 2428 956 6145 1472 21769 1356 5322
is_linear=0
shrinkage=0.035


Tree=99
num_leaves=15
num_cat=0
split_feature=20 17 24 23 8 23 2 2 12 15 23 15 15 7
split_gain=24.0143 23.5305 25.8309 36.4671 51.6791 33.4884 33.2465 29.5006 21.0288 20.4264 22.2132 17.8276 12.522 12.3244
threshold=-0.098063450306653963 0.024314922280609611 0.037889750674366958 0.13350772112607959 -0.20351012051105496 0.2665951550006867 0.033924322575330741 0.016562900505959991 1.2565097808837893 19.85615158081055 0.20564330369234088 15.82517719268799 18.743915557861332 -0.077500000596046434
decision_type=2 2 2 2 2 2 2 2 2 2 2 2 2 2
left_child=13 2 3 7 -5 6 -4 -2 9 11 -11 -3 -10 -1
right_child=1 8 5 4 -6 -7 -8 -9 12 10 -12 -13 -14 -15
leaf_value=0.0084347270024627222 -0.0055849246758482036 0.0041265594780319683 -0.0035189437414915731 0.0025635354904827183 -0.0094848792741919208 -0.016441677878970169 0.011766831480039852 0.0049973425630914338 -0.0039536526708516314 0.012267446313668665 0.00014187993597626392 0.00011895408402903849 0.0029781961605715827 -0.0054965673482907573
leaf_weight=562.61042941361666 520.60812982544303 1535.7262995913625 282.86546885594726 580.82508797943592 1697.2670152951032 84.628421725705266 429.11136401817203 814.05001386627555 1822.4402193576097 383.94254589825869 349.50657940655947 11307.039077263325 378.88965490087867 82.98018092289567
leaf_count=3517 5422 10498 3494 6596 24479 1337 4494 6521 12681 2062 2390 78310 2497 678
internal_value=-4.9385e-06 -0.000218928 -0.00247625 -0.00373307 -0.00641522 0.00319924 0.00572923 0.000858697 0.000413096 0.00092803 0.00656894 0.000601018 -0.00275248 0.00658756
internal_weight=20832.5 20186.9 4409.36 3612.75 2278.09 796.605 711.977 1334.66 15777.5 13576.2 733.449 12842.8 2201.33 645.591
internal_count=164976 160781 52343 43018 31075 9325 7988 11943 108438 93260 4452 88808 15178 4195
is_linear=0
shrinkage=0.035


Tree=100
num_leaves=15
num_cat=0
split_feature=9 3 17 15 3 23 1 18 23 17 3 23 0 15
split_gain=23.1948 22.2708 19.5632 17.8044 24.5421 29.1037 17.6672 20.8806 16.2108 14.3035 12.2584 13.4168 21.2915 12.6428
threshold=0.17454569041728976 1.2416156530380251 0.035636486485600478 19.85615158081055 -0.28793604671955103 0.17157290875911715 -0.23274820297956464 -0.11791911721229552 0.18840173631906512 0.069067511707544341 0.22872756421566012 0.13875585794448855 0.094784140586853041 18.654656410217289
decision_type=2 2 2 2 2 2 2 2 2 2 2 2 2 2
left_child=10 3 -3 6 9 -6 8 -8 -2 -5 11 13 -13 -1
right_child=1 2 -4 4 5 -7 7 -9 -10 -11 -12 12 -14 -15
leaf_value=-0.0090640246779287136 -0.00088724211446401292 0.023870317469600732 0.0044458661835914378 0.015446822738020323 0.0085864484249581399 -0.0037794418635166186 -0.0052216786942828469 -0.00032768329758279326 0.0048304610850139831 -0.0070744504873419831 0.0010793726699027664 -0.0176799781130383 0.014395456976132776 0.0071419127660387648
leaf_weight=143.24226348847151 1027.390400364995 65.876961477100849 440.25515416264534 260.34344602003694 383.53078420460224 562.70775437727571 1141.3768143840134 14766.384699013084 1466.5559859275818 33.71815549582243 194.32751821354032 234.40612540580332 20.800731729716063 86.679097114130855
leaf_count=2005 6243 320 2336 1486 2723 4790 8016 119193 9029 196 1986 5103 378 1172
internal_value=-4.97075e-06 0.000210937 0.00738761 2.23446e-05 0.00406397 0.0012701 -0.000252126 -0.000681886 0.0024809 0.0127167 -0.00631756 -0.0092425 -0.0146214 -0.00291145
internal_weight=20827.6 20148.1 506.132 19642 1240.3 946.239 18401.7 15907.8 2493.95 294.062 679.456 485.128 255.207 229.921
internal_count=164976 154332 2656 151676 9195 7513 142481 127209 15272 1682 10644 8658 5481 3177
is_linear=0
shrinkage=0.035


Tree=101
num_leaves=15
num_cat=0
split_feature=20 20 21 23 6 15 23 2 11 11 23 24 24 19
split_gain=22.4413 45.1709 29.4823 28.4524 35.2456 28.1684 61.7974 37.4344 33.3748 27.9557 30.6248 33.7311 27.4003 25.74
threshold=-0.028148042969405648 1.0000000180025095e-35 0.022456310689449314 0.15058789402246478 1.0000000180025095e-35 18.1430778503418 0.1800835654139519 -0.10181619226932524 0.20158305764198306 0.37711803615093237 0.25695779174566274 0.037483181804418571 0.038493515923619277 0.017977044917643074
decision_type=2 2 2 2 2 2 2 2 2 2 2 2 2 2
left_child=2 -2 5 4 -4 -1 7 -7 -8 10 11 -3 -12 -11
right_child=1 9 3 -5 -6 6 8 -9 -10 13 12 -13 -14 -15
leaf_value=0.00070103579258327649 -0.006001646506615603 -0.0023889887197049565 -0.0071705391557747994 -0.0068338376679439039 0.010271496496884854 -0.0011268211599870434 -0.0098506618527098716 0.015496922463823393 0.0032369151241875144 0.0051876118802511679 -0.0014083616665278428 0.0032488653380323379 -0.013937168134305483 -0.0020222699633321191
leaf_weight=5664.0022369138896 1882.5197842102498 3643.3741011340171 235.11636438220739 966.52363333106041 328.74644949287176 209.20426081493497 286.49292445555329 769.03873690590262 1215.0916952826083 1877.0745409652591 445.72652200236917 2008.198696533218 405.50983436405659 887.36377115547657
leaf_count=38186 16537 36093 1904 8381 2332 1449 3573 5164 7913 11953 4307 17055 4346 5783
internal_value=-4.35595e-06 -0.00107416 0.00122846 -0.00321451 0.0030004 0.0020663 0.00516926 0.0119664 0.000691239 -6.7819e-05 -0.00132107 -0.000383465 -0.00746933 0.00287435
internal_weight=20824 11149.8 9674.22 1530.39 563.863 8143.83 2479.83 978.243 1501.58 9267.25 6502.81 5651.57 851.236 2764.44
internal_count=164976 96074 68902 12617 4236 56285 18099 6613 11486 79537 61801 53148 8653 17736
is_linear=0
shrinkage=0.035


Tree=102
num_leaves=15
num_cat=0
split_feature=10 3 10 21 21 24 17 24 16 2 15 15 24 16
split_gain=23.3237 20.5241 20.414 19.7873 32.0034 23.6942 22.1728 21.728 17.7386 16.546 26.4941 16.6078 16.1531 13.3222
threshold=0.17838168889284137 1.2416156530380251 0.87123095989227306 0.078718151897192015 0.068315757438540473 0.03500685282051564 0.023893499746918682 0.037483181804418571 0.86859008669853222 0.63361105322837841 17.116715431213382 18.479482650756839 0.037241810932755477 1.0029940009117129
decision_type=2 2 2 2 2 2 2 2 2 2 2 2 2 2
left_child=13 3 9 4 5 -2 -6 12 -9 10 -3 -11 -5 -1
right_child=1 2 -4 7 6 -7 -8 8 -10 11 -12 -13 -14 -15
leaf_value=-0.0023337631095451789 0.0017316543767170141 0.016000433879180154 -0.0067733522538867214 -0.0032920420487372211 -0.0042690732835207095 -0.00096084173443665476 0.012980252571461385 0.010556646251083705 -0.0010687077322793931 0.011619918356282025 -0.0057225370590093094 0.039456258646487143 -0.013127116720852866 -0.016829737643661268
leaf_weight=164.62423442304134 6862.8280353024602 121.10697496682405 98.549106568098068 2112.6572761069983 113.18984659016132 9581.1613259389997 386.66613206267357 225.59107121825218 501.41083964332938 121.68826600164175 136.68063344061375 30.126991927623749 218.68174267932773 143.69221770390868
leaf_count=2641 48668 635 549 19671 1385 76443 2663 1723 4398 617 718 140 2044 2681
internal_value=-4.71144e-06 0.000141128 0.00701842 -3.7008e-05 0.000431094 0.000163229 0.00906711 -0.00262334 0.00263297 0.010419 0.00469918 0.0192409 -0.00426671 -0.00940615
internal_weight=20818.7 20510.3 508.152 20002.2 16943.8 16444 499.856 3058.34 727.002 409.603 257.788 151.815 2331.34 308.316
internal_count=164976 159654 2659 156995 129159 125111 4048 27836 6121 2110 1353 757 21715 5322
is_linear=0
shrinkage=0.035


Tree=103
num_leaves=15
num_cat=0
split_feature=20 12 24 24 9 9 3 17 10 3 23 15 15 7
split_gain=22.0418 21.6665 28.2365 33.5015 33.9534 26.5251 22.3642 20.3526 16.9496 15.3545 16.3967 13.8899 13.0789 11.2765
threshold=-0.098063450306653963 1.2565097808837893 0.039040250703692443 0.038834853097796447 0.25503063201904302 0.5149366855621339 -0.069060187786817537 0.045297000557184226 0.34152996540069586 0.10327651724219324 0.23850326985120776 15.82517719268799 18.392399787902836 -0.077500000596046434
decision_type=2 2 2 2 2 2 2 2 2 2 2 2 2 2
left_child=13 2 3 4 -2 -5 7 -4 -3 10 -10 -8 -11 -1
right_child=1 8 6 5 -6 -7 11 -9 9 12 -12 -13 -14 -15
leaf_value=0.0080544924535511739 -0.0030890849402845141 -0.0082820602302398176 -0.0061577322505749141 -0.016036010130889278 0.00095896115018874017 -0.00024179068485759083 -0.0078677613912372518 0.012462859764280567 -0.006246776906939173 0.00045861555767732435 0.0017135782931944853 0.012412651868361902 0.013781400617383277 -0.0052929937887173087
leaf_weight=565.49915089830756 3131.4704843405634 611.94494961760938 237.51598208397627 274.41823108308017 13208.478821922094 240.88483618944883 38.468362804502249 91.382957488298416 890.9533052816987 361.17206295579672 483.49295698106289 486.41170972958207 110.66799186170101 82.554387360811234
leaf_count=3517 38674 5868 1931 3283 92877 1729 269 523 5975 2248 3316 3462 626 678
internal_value=-4.07015e-06 -0.000209653 0.000218408 -9.78258e-05 0.000181758 -0.00879796 0.00639033 -0.000769007 -0.00328178 -0.00158877 -0.00345439 0.010807 0.00380458 0.00629958
internal_weight=20815.3 20167.3 17709 16855.3 16339.9 515.303 853.779 328.899 2458.23 1846.29 1374.45 524.88 471.84 648.054
internal_count=164976 160781 142748 136563 131551 5012 6185 2454 18033 12165 9291 3731 2874 4195
is_linear=0
shrinkage=0.035


Tree=104
num_leaves=15
num_cat=0
split_feature=10 12 5 23 24 19 21 21 0 3 8 23 2 2
split_gain=21.5749 20.8968 24.4431 40.3707 54.4537 32.4715 31.7808 31.925 19.8453 14.3621 25.4389 24.8766 13.7386 13.0041
threshold=0.17838168889284137 1.2361178994178774 -0.046114377677440636 0.2665951550006867 0.037889750674366958 0.43834219872951513 -0.069101542234420762 -0.10063671320676802 1.0000000180025095e-35 0.15062501281499865 -0.46220052242279047 0.24243597686290744 -0.17075639963150022 0.016562900505959991
decision_type=2 2 2 2 2 2 2 2 2 2 2 2 2 2
left_child=13 2 6 4 -4 -5 7 -2 -8 10 11 -3 -12 -1
right_child=1 9 3 5 -6 -7 8 -9 -10 -11 12 -13 -14 -15
leaf_value=-0.017795060631433417 0.0025398989718287031 -0.0034883223592977494 -0.00078174476379202986 -0.0073930756428041335 0.0060753058299035977 0.015400743847899984 -0.0011458673040315192 0.010359815799073253 0.0070535040645000845 0.0015317354498089752 -0.012985090528818691 0.010119718215501491 -0.0048059385353753734 -0.0030850642947467992
leaf_weight=116.61008013226092 2143.1417414583266 453.48636006563902 8337.4550519064069 1268.7192290760577 1699.2225408405066 72.230584934353828 2803.5107949189842 907.66629603505135 404.93364188075066 746.42633282765746 326.98780272528529 245.40063986927271 1097.2711460925639 188.61804337799549
leaf_count=2298 14436 2942 70520 11625 13692 483 19622 5619 2822 4944 2309 1592 9048 3024
internal_value=-4.17752e-06 0.000135443 0.000586487 -0.000380131 0.000384054 -0.00606037 0.00234134 0.0048927 -9.23346e-05 -0.00262916 -0.00409231 0.00136523 -0.00676119 -0.00909114
internal_weight=20811.7 20506.5 17636.9 11377.6 10036.7 1340.95 6259.25 3050.81 3208.44 2869.57 2123.15 698.887 1424.26 305.228
internal_count=164976 159654 138819 96320 84212 12108 42499 20055 22444 20835 15891 4534 11357 5322
is_linear=0
shrinkage=0.035


Tree=105
num_leaves=15
num_cat=0
split_feature=20 20 10 21 15 22 21 6 2 11 22 19 10 10
split_gain=20.9299 41.3688 27.6901 26.2253 26.4473 31.0838 30.4782 25.6759 22.781 20.8438 26.459 23.2519 19.2593 18.2904
threshold=-0.028148042969405648 1.0000000180025095e-35 0.1900497302412987 0.022456310689449314 18.1430778503418 0.2154868766665459 -0.026746975257992741 0.1298250034451485 -0.036199375987052911 0.37711803615093237 0.46727332472801214 0.017977044917643074 0.94849461317062389 0.34152996540069586
decision_type=2 2 2 2 2 2 2 2 2 2 2 2 2 2
left_child=3 8 -3 4 -1 12 -7 -5 -2 10 -4 -11 -6 -10
right_child=1 2 9 7 5 6 -8 -9 13 11 -12 -13 -14 -15
leaf_value=0.00065089496994967478 -0.0017629399265205337 -0.014692075882187355 -0.0033522077412783033 -0.0057210729690556931 -4.0203378306595869e-05 0.011465231880949873 0.0024824740649011779 0.0045042006960293113 -0.015896931090540644 0.0048887615114750387 0.0011726695806256349 -0.0019617949669185329 -0.023343173281526099 -0.0057508771201621742
leaf_weight=5666.6159944273531 908.85406312532723 146.13466005586088 2950.3239298574626 1122.1248969957232 586.08362302184105 976.79506849497557 884.37064893729985 401.28656795993447 343.22183983586729 1885.6319991052151 3394.6108898445964 886.13524248450994 36.927951067686081 619.92931012809277
leaf_count=38186 7372 3262 27255 9797 4498 6682 6682 2820 4743 11953 31284 5783 237 4422
internal_value=-4.24567e-06 -0.00103846 -7.71954e-05 0.00118596 0.00197402 0.00497746 0.00723297 -0.00301579 -0.0057692 0.000172913 -0.000933312 0.00269946 -0.00176839 -0.00949266
internal_weight=20809 11134.8 9262.84 9674.2 8150.79 2484.18 1861.17 1523.41 1872.01 9116.7 6344.93 2771.77 623.012 963.151
internal_count=164976 96074 79537 68902 56285 18099 13364 12617 16537 76275 58539 17736 4735 9165
is_linear=0
shrinkage=0.035


Tree=106
num_leaves=15
num_cat=0
split_feature=21 24 24 21 24 10 10 3 23 10 0 22 24 5
split_gain=20.5564 24.3277 38.2118 46.7461 45.6527 57.5787 33.5091 52.3988 55.7729 29.7419 29.7219 25.942 21.6583 18.168
threshold=0.078718151897192015 0.03500685282051564 0.034643387421965606 0.031130155548453334 0.034263120964169509 0.65337535738945018 0.51754996180534374 0.012016052380204202 0.24243597686290744 0.60381641983985912 0.015897273086011413 0.40844422578811651 0.037483181804418571 -0.11745759099721907
decision_type=2 2 2 2 2 2 2 2 2 2 2 2 2 2
left_child=1 2 4 10 5 -1 7 11 -9 -6 -4 -3 -2 -5
right_child=12 6 3 13 9 -7 -8 8 -10 -11 -12 -13 -14 -15
leaf_value=0.0038836117024572021 -0.0041938927400085382 -0.0021383101559959128 0.010121724292709256 -0.0058557393950141486 -0.0089506099954014626 -0.0055876269623117867 0.0020960698043110751 0.003229667308961947 -0.010304487982937037 0.0055523784376569803 -0.0053604883939789814 -0.0080872764738385249 0.0025654112817588646 0.024339637063785308
leaf_weight=4683.3947010785341 2429.2370137572289 1909.4303658362478 343.64243964850903 23.388974033296108 780.33414342813194 935.38230401277542 3534.9696372896433 2585.3817716352642 425.71327485889196 214.4405782520771 257.81356139853597 1701.9526525586843 754.6715206746012 225.10578288137913
leaf_count=33917 22990 16954 2199 155 6957 5408 22009 21874 4614 1279 1900 16319 6365 2036
internal_value=-5.13262e-06 0.0004629 0.0019787 0.00891997 0.00107451 0.00229977 -0.000651732 -0.00211941 0.00128841 -0.0058001 0.00350616 -0.0049565 -0.00258874 0.021381
internal_weight=20804.9 17621 7463.5 849.951 6613.55 5618.78 10157.4 6622.48 3011.1 994.775 601.456 3611.38 3183.91 248.495
internal_count=164976 135621 53851 6290 47561 39325 81770 59761 26488 8236 4099 33273 29355 2191
is_linear=0
shrinkage=0.035


Tree=107
num_leaves=15
num_cat=0
split_feature=9 12 1 24 23 3 24 3 9 3 9 15 23 0
split_gain=20.1609 22.0534 22.1456 31.0747 30.729 26.3185 22.2417 17.4601 16.325 13.4195 17.4882 12.8858 27.5151 12.7304
threshold=0.17454569041728976 1.2361178994178774 -0.089629594236612306 0.039040250703692443 0.20564330369234088 0.43046869337558752 0.036819720640778549 -0.069060187786817537 0.33392968773841863 0.15062501281499865 0.34775920212268835 17.854129791259769 0.22840204834938052 0.2371136620640755
decision_type=2 2 2 2 2 2 2 2 2 2 2 2 2 2
left_child=-1 2 5 4 -4 6 -2 -5 -7 10 -3 13 -13 -11
right_child=1 9 3 7 -6 8 -8 -9 -10 11 -12 12 -14 -15
leaf_value=-0.0059287424890488421 0.0030805211045032027 -0.014426805790519808 0.0006911532817450932 -0.0015278720559716579 -0.0032251340163208077 0.0220609697122373 -0.0020605327348857858 0.011502891313883233 0.0065240666142648814 -0.0047150823497267118 -0.0030645765771103325 0.011700990794465391 -0.012659965406009773 0.01271170627842416
leaf_weight=670.85253959149122 3855.8889332562685 172.74729839339852 7212.1206759363413 177.54644818976521 3708.3927389159799 101.63774984329939 1397.7555527240038 406.24452716857195 384.76997160166502 389.22524260729551 1956.1255012489855 255.03440727293491 63.448397345840931 49.199852257966995
leaf_count=10644 26035 2181 58581 1385 31422 515 10455 2715 2042 2589 13943 1626 541 302
internal_value=-5.26762e-06 0.000194983 0.000669241 -0.000217056 -0.000640475 0.00244286 0.0017114 0.0075809 0.0101496 -0.00263153 -0.0040497 0.001358 0.00661012 -0.00251959
internal_weight=20801 20130.1 17244.4 11504.3 10920.5 5740.05 5253.64 583.791 486.408 2885.78 2128.87 756.908 318.483 438.425
internal_count=164976 154332 133150 94103 90003 39047 36490 4100 2557 21182 16124 5058 2167 2891
is_linear=0
shrinkage=0.035


Tree=108
num_leaves=15
num_cat=0
split_feature=15 11 23 20 24 2 10 7 2 17 23 16 2 24
split_gain=20.0015 21.7459 29.2175 23.7781 22.9962 19.9201 18.134 27.7448 26.7093 18.9283 16.935 23.4792 16.0868 14.6369
threshold=20.726525306701664 0.17001836001873019 0.22513678669929507 -0.028148042969405648 0.037483181804418571 -0.0091286986134946329 1.3777923583984377 -0.43948669731616968 0.91703984141349804 0.10665899142622949 0.29939925670623785 0.93348601460456859 -0.5820057988166808 0.034483484923839576
decision_type=2 2 2 2 2 2 2 2 2 2 2 2 2 2
left_child=1 2 3 5 -5 -1 7 12 -9 -8 11 -2 -3 -11
right_child=10 6 -4 4 -6 -7 9 8 -10 13 -12 -13 -14 -15
leaf_value=-0.007222065232638704 0.023958053012129884 -0.00077462981449898018 -0.013394274346608738 -0.0092871566865807796 0.0015337506532799188 0.0043993123154199626 0.003554986599029808 -5.5131801388606216e-05 0.0095555027091704364 -0.024179808766566196 -0.012576270377913316 0.0042462839942522578 0.011067434293812671 -0.0061680919321407063
leaf_weight=220.69975557923317 96.600102631375194 200.53337346017361 295.98784206062555 678.40336465463042 365.95025227032602 829.07808013819158 127.54993824660778 16632.378114309162 351.94333878904581 80.366160444915295 36.883661318570375 261.70960869081318 450.03997620940208 168.92899842560291
leaf_count=3024 583 1199 4831 10804 4863 7678 835 122791 1954 572 303 1774 2523 1242
internal_value=-4.91052e-06 -0.000157763 -0.00328731 -0.00180191 -0.00551684 0.001911 0.000259115 0.000423318 0.000149522 -0.00723726 0.00769525 0.0100668 0.00746076 -0.0126832
internal_weight=20797.1 20401.9 2390.12 2094.13 1044.35 1049.78 18011.7 17634.9 16984.3 376.845 395.193 358.31 650.573 249.295
internal_count=164976 162316 31200 26369 15667 10702 131116 128467 124745 2649 2660 2357 3722 1814
is_linear=0
shrinkage=0.035


Tree=109
num_leaves=15
num_cat=0
split_feature=20 17 3 2 23 16 11 7 3 2 6 1 7 17
split_gain=19.4755 18.948 40.4109 24.0113 32.5463 23.3173 21.6685 27.3727 20.9431 18.001 15.7024 10.6423 10.1125 9.75495
threshold=-0.098063450306653963 0.029575418680906299 0.68045082688331615 0.15709659457206729 0.22513678669929507 0.93348601460456859 0.85798567533493053 -0.43948669731616968 -0.61334294080734242 0.91703984141349804 -0.33103910088539118 -0.039743470028042786 -0.077500000596046434 0.024746114388108257
decision_type=2 2 2 2 2 2 2 2 2 2 2 2 2 2
left_child=12 2 3 5 -5 -2 7 10 -8 -9 -3 -10 13 -1
right_child=1 6 -4 4 -6 -7 8 9 11 -11 -12 -13 -14 -15
leaf_value=0.019451213098130547 -0.00060127135951148158 0.011808741121033025 0.011909788082229403 0.0033064875685607175 -0.010611915344361752 -0.0051080053160074178 -0.014674584040427914 0.00028160934093576827 0.0066729113625980134 0.0076662069090283691 -0.0024665114483288226 -0.011555864372316512 -0.0051004181342370301 0.0056595882872098706
leaf_weight=65.426226291805506 2506.3565895725042 409.69616661965847 254.01449570804834 1568.4833826832473 226.81584672257304 3203.0159931089729 208.10885366052389 11064.586807891726 127.83066470175982 409.75479902327061 117.82488056272268 44.980343587696552 82.168076734989882 503.91460105031729
leaf_count=676 26344 2335 1366 14110 2781 36145 1462 72161 825 2308 637 307 678 2841
internal_value=-5.18419e-06 -0.000199163 -0.00155426 -0.00202523 0.00149901 -0.00313411 0.000650473 0.000913883 -0.00746002 0.000551763 0.00863371 0.00155563 0.00590405 0.00755285
internal_weight=20793 20141.5 7758.69 7504.67 1795.3 5709.37 12382.8 12001.9 380.92 11474.3 527.521 172.811 651.509 569.341
internal_count=164976 160781 80746 79380 16891 62489 80035 77441 2594 74469 2972 1132 4195 3517
is_linear=0
shrinkage=0.035


Tree=110
num_leaves=15
num_cat=0
split_feature=10 15 21 21 13 2 22 3 16 6 24 17 16 2
split_gain=19.0138 18.8114 17.9559 26.6923 21.2262 19.3904 17.8006 20.4424 17.7265 17.0189 18.8772 16.8014 12.8472 13.886
threshold=0.17838168889284137 20.726525306701664 0.078718151897192015 0.068315757438540473 0.53940325975418102 -0.18390440940856931 0.3508602380752564 -0.2376114800572395 1.3840002417564394 0.10124514624476434 0.033951222896575935 0.031952491030097015 1.0029940009117129 0.061261650174856193
decision_type=2 2 2 2 2 2 2 2 2 2 2 2 2 2
left_child=12 2 3 4 -2 -5 7 -3 -8 11 -11 -4 13 -1
right_child=1 6 9 5 -6 -7 8 -9 -10 10 -12 -13 -14 -15
leaf_value=-0.01120076792494127 0.0011213687817520088 0.013005701539529554 -0.0079438654300431847 0.021673204910045745 -0.0014854097681918977 0.0046845146608217618 0.016787414116747654 -0.012238589358967726 -0.0097665025107483636 -0.0060805005001386258 0.0036549343370529939 -0.0013556714779415346 -0.016042024001688956 0.0081754534640546637
leaf_weight=81.326281256973743 10534.328783739358 56.624400459229946 904.95206376351416 95.764858674257994 5996.1726165898144 412.96497912332416 211.84096017479897 86.158383242785931 29.066707503050566 333.63765736669302 832.22865290567279 994.70826014876366 138.56762363761663 80.192095823585987
leaf_count=1533 76960 316 10756 629 48279 3444 1319 640 153 2929 7197 7032 2681 1108
internal_value=-4.90658e-06 0.000125221 -2.31375e-05 0.000420905 0.000175476 0.00823868 0.0077021 -0.00203129 0.013322 -0.00248462 0.000840913 -0.00451929 -0.00860693 -0.00166491
internal_weight=20788.5 20488.4 20104.8 17039.2 16530.5 508.73 383.69 142.783 240.908 3065.53 1165.87 1899.66 300.086 161.518
internal_count=164976 159654 157226 129312 125239 4073 2428 956 1472 27914 10126 17788 5322 2641
is_linear=0
shrinkage=0.035


Tree=111
num_leaves=15
num_cat=0
split_feature=12 20 24 10 8 21 4 8 15 18 6 9 23 6
split_gain=18.3468 22.7352 32.0677 40.107 30.6463 25.3283 31.2921 32.6087 24.4395 22.8153 19.9834 19.9227 19.6259 19.1526
threshold=1.2361178994178774 -0.028148042969405648 0.039040250703692443 0.32292938232421881 -0.20351012051105496 -0.019823805429041382 -0.019122044555842873 -0.56287091970443714 18.1430778503418 0.0064508335199207076 0.1298250034451485 0.35506105422973638 0.15058789402246478 0.092551581561565413
decision_type=2 2 2 2 2 2 2 2 2 2 2 2 2 2
left_child=1 5 3 4 -3 6 7 -1 -8 -5 11 -7 -12 -4
right_child=-2 2 13 9 -6 10 8 -9 -10 -11 12 -13 -14 -15
leaf_value=-0.0026666531502268849 -0.0025910681343635799 0.0030712396004759922 0.0016022756975640046 0.0020186119991920872 -0.0076743596997881861 -0.0046966979074233549 -0.0021904146720130935 0.0078915552851828927 0.0057225714586495594 -0.0020591557310941735 0.011364985050453824 0.0011117950863482533 -0.00014278420342596861 0.012534164191413993
leaf_weight=426.92885652929544 2882.9622373878956 396.98956687562168 516.97875956073403 3301.755098272115 1675.7812172491103 1422.5364501811564 1472.6421367246658 2089.2508573271334 695.76154267787933 3402.9823909513652 301.49266923964024 1454.9744112193584 434.58651208505034 310.019037283957
leaf_count=2367 21281 5040 4041 23740 24406 13684 10582 13441 5465 25302 1687 8939 3076 1925
internal_value=-4.8468e-06 0.00041284 -0.000746217 -0.00136899 -0.00561143 0.00175364 0.00344916 0.00609664 0.000363188 -5.1039e-05 -0.000447846 -0.00176603 0.00465987 0.00580113
internal_weight=20785.6 17902.7 9604.51 8777.51 2072.77 8298.17 4684.58 2516.18 2168.4 6704.74 3613.59 2877.51 736.079 826.998
internal_count=164976 143695 84454 78488 29446 59241 31855 15808 16047 49042 27386 22623 4763 5966
is_linear=0
shrinkage=0.035


Tree=112
num_leaves=15
num_cat=0
split_feature=10 15 12 24 24 13 9 6 15 15 10 18 3 23
split_gain=18.1146 19.7815 17.252 21.9279 30.0028 25.1981 23.6546 18.7392 13.6097 13.3723 13.3402 13.1053 12.5464 17.8592
threshold=0.16102923452854159 17.714315414428714 1.2565097808837893 0.039040250703692443 0.038834853097796447 0.65707772970199596 0.5149366855621339 0.092551581561565413 16.249622344970707 16.4320821762085 0.34152996540069586 -0.016843183897435662 0.10327651724219324 0.24243597686290744
decision_type=2 2 2 2 2 2 2 2 2 2 2 2 2 2
left_child=1 -1 3 4 5 -2 -6 9 -9 -5 -4 -3 13 -12
right_child=2 11 10 7 6 -7 -8 8 -10 -11 12 -13 -14 -15
leaf_value=-0.027755004482414355 0.0010665683523496232 -0.02138752549239888 -0.0070432370042560139 0.010244003257833107 -0.015136161695328085 -0.00251809387612986 -9.7733652342544126e-05 -0.0041812242706428925 0.015426355116619777 -0.0016876568673417217 -0.0054742902470629375 0.0054351093354509548 0.0036157710485438758 0.0029389667416684726
leaf_weight=49.619648339226842 13857.170995250344 20.397655544802547 618.71637601777911 153.00211289152503 265.07755002006888 2895.7307291347533 240.09374995529652 46.876860935240984 271.15475779399276 383.95903704315424 968.49649327248335 74.508740501478314 491.13769809156656 444.18370827287436
leaf_count=1032 107495 474 5876 1058 3264 25362 1729 279 1651 3063 6520 1155 2976 3042
internal_value=-4.51538e-06 -0.0119434 8.48454e-05 0.000462925 0.000190254 0.000445829 -0.00812945 0.00590098 0.0124969 0.00183729 -0.00262107 -0.00181892 -0.00115463 -0.00282688
internal_weight=20780.1 144.526 20635.6 18113.1 17258.1 16752.9 505.171 854.993 318.032 536.961 2522.53 94.9064 1903.82 1412.68
internal_count=164976 2661 162315 143901 137850 132857 4993 6051 1930 4121 18414 1629 12538 9562
is_linear=0
shrinkage=0.035


Tree=113
num_leaves=15
num_cat=0
split_feature=20 23 8 6 21 24 24 20 15 17 6 0 15 7
split_gain=17.8397 17.8835 56.7297 46.4623 40.0037 34.3675 32.9735 45.6641 50.1652 40.1077 31.135 40.0926 22.8238 21.92
threshold=-0.098063450306653963 0.22513678669929507 -0.20351012051105496 0.32156743109226232 -0.033373324200510972 0.036899002268910415 0.037889750674366958 -0.028148042969405648 17.99348068237305 0.023048896342515949 0.068794287741184248 0.12735586613416675 18.836316108703617 -0.18734751641750333
decision_type=2 2 2 2 2 2 2 2 2 2 2 2 2 2
left_child=-1 6 4 12 5 -3 7 8 -2 -9 -8 -12 -4 -6
right_child=1 2 3 -5 13 -7 10 9 -10 -11 11 -13 -14 -15
leaf_value=0.0056392656702607263 -0.00036371493297358945 0.0059348585196019573 -0.0068697419162806195 0.0085391120082740687 -0.0083051071465495528 -0.0021742073862758764 0.00090052351545564287 -0.0081737066019849629 0.006686559881610518 -0.00098217158704342277 0.014924490102067116 0.00065271331516213822 -0.017328778244943006 6.7791935962101485e-05
leaf_weight=654.00038692913949 3613.9007369894534 1707.0302011184394 1193.0418723132461 196.70144329965115 761.86793378740549 1014.1947493162006 1441.7322167828679 1158.6028751488775 1868.4136599767953 5098.2365610599518 567.73853592015803 415.48478554934263 327.08223771117628 759.99504198879004
leaf_count=4195 24234 11236 12600 1313 5111 7658 11551 17667 13294 38726 4601 2791 3894 6105
internal_value=-5.31304e-06 -0.000191463 -0.00179827 -0.0071465 0.000377437 0.00291573 0.000485432 -0.000283163 0.00204687 -0.00232477 0.00419206 0.0089609 -0.00921874 -0.00415066
internal_weight=20778 20124 5959.91 1716.83 4243.09 2721.22 14164.1 11739.2 5482.31 6256.84 2424.96 983.223 1520.12 1521.86
internal_count=164976 160781 47917 17807 30110 18894 112864 93921 37528 56393 18943 7392 16494 11216
is_linear=0
shrinkage=0.035


Tree=114
num_leaves=15
num_cat=0
split_feature=15 3 2 18 20 24 11 23 15 3 23 23 17 24
split_gain=17.0371 20.9628 29.4046 24.4443 19.9338 26.8459 19.1957 28.5032 21.4519 19.2487 37.3997 35.9801 33.7919 21.8383
threshold=19.85615158081055 -0.28793604671955103 0.061261650174856193 0.0611903052777052 -0.028148042969405648 0.039040250703692443 0.17001836001873019 0.13085953146219256 16.187140464782718 -0.10437268763780592 0.18840173631906512 0.19908910244703296 0.041398046538233764 0.039040250703692443
decision_type=2 2 2 2 2 2 2 2 2 2 2 2 2 2
left_child=6 -2 4 -4 -3 -6 7 8 -1 10 12 -12 -8 -11
right_child=1 2 3 -5 5 -7 9 -9 -10 13 11 -13 -14 -15
leaf_value=-0.012432140474227929 0.011840872950480639 0.0020887276000858702 0.012558757625163742 -0.0023204831948825211 -0.015827532155152951 0.017888012455444465 -0.0074481887005566957 -0.0061612801427183639 0.0046703878251535408 0.00083423954332156804 0.0078953491736495195 -0.00042773875809774348 -0.00010095404298595831 0.0081321997141843693
leaf_weight=94.750545814633369 296.60561983659863 253.44929389841855 342.08912162669003 215.20496583171189 215.1394007075578 24.748739257454872 1687.201465703547 1457.7851727120578 630.15178083628416 8125.3867173604667 723.77092922478914 4781.1623392999172 1399.384993955493 525.69177393615246
leaf_count=928 1685 2140 2716 1556 2319 224 13942 22030 5668 60950 4853 33522 9239 3204
internal_value=-5.4821e-06 0.00378575 0.00142149 0.00687336 -0.00475137 -0.0117725 -0.000270235 -0.00335477 0.0022962 0.000121945 -0.0010509 0.000678886 -0.00412821 0.00128659
internal_weight=20772.5 1347.24 1050.63 557.294 493.337 239.888 19425.3 2182.69 724.902 17242.6 8591.52 5504.93 3086.59 8651.08
internal_count=164976 10640 8955 4272 4683 2543 154336 28626 6596 125710 61556 38375 23181 64154
is_linear=0
shrinkage=0.035


Tree=115
num_leaves=15
num_cat=0
split_feature=10 15 10 7 2 15 8 12 1 2 2 18 16 17
split_gain=17.3153 18.885 16.3515 26.1214 27.8761 20.4475 19.6224 18.5135 16.3358 14.65 24.4562 12.3625 12.409 10.3707
threshold=0.16102923452854159 17.714315414428714 1.3777923583984377 -0.43948669731616968 0.91703984141349804 17.116715431213382 -0.68587321043014515 1.2565097808837893 0.65686604380607616 -0.17075639963150022 -0.5820057988166808 -0.016843183897435662 1.0108475685119631 0.085528682917356505
decision_type=2 2 2 2 2 2 2 2 2 2 2 2 2 2
left_child=1 -1 3 9 7 -6 -4 -5 13 10 -2 -3 -13 -8
right_child=2 11 6 4 5 -7 8 -9 -10 -11 -12 12 -14 -15
leaf_value=-0.027449924747015693 -0.00070996465828891795 -0.021113319148682759 -0.014439899018002111 0.00018378329571897434 0.0014143728155755803 0.017589121961924793 0.028445422917586415 -0.0032573741100377805 -0.0074349971691280428 -0.0058446308217606231 0.014261491206903112 0.015582158615402608 -0.010149546429320705 0.002760375334778695
leaf_weight=48.162993615493178 204.57023457437754 19.922737993299961 195.83066967874765 17062.137280676514 199.59443718194962 177.45580634474754 22.441705703735352 2147.2524746283889 104.13375311344862 87.324461475014687 370.68435546755791 44.289398152381182 30.834787666797638 53.51057180762291
leaf_count=1032 1219 474 1427 137866 1114 949 141 15969 712 460 2078 638 517 380
internal_value=-5.16346e-06 -0.011728 8.18786e-05 0.000217789 -1.50934e-05 0.00928465 -0.00705496 -0.000202369 0.00131281 0.00699987 0.00901623 -0.00190655 0.00506896 0.0127761
internal_weight=20768.1 143.21 20624.9 20249 19586.4 377.05 375.917 19209.4 180.086 662.579 575.255 95.0469 75.1242 75.9523
internal_count=164976 2661 162315 159655 155898 2063 2660 153835 1233 3757 3297 1629 1155 521
is_linear=0
shrinkage=0.035


Tree=116
num_leaves=15
num_cat=0
split_feature=10 16 20 3 5 11 20 3 11 11 0 17 2 17
split_gain=16.7419 22.1565 20.2332 20.5965 19.0979 16.2633 16.4068 15.2167 19.8187 16.1274 12.8162 10.7133 11.506 9.64522
threshold=0.1900497302412987 1.0438995957374575 -0.028148042969405648 0.13413828611373904 -0.024192321114242073 0.10261419415473939 -0.098063450306653963 1.2416156530380251 0.31354972720146185 0.85798567533493053 0.032516803592443473 0.024746114388108257 -0.3127556294202804 0.01456429483368993
decision_type=2 2 2 2 2 2 2 2 2 2 2 2 2 2
left_child=1 2 3 13 -5 -2 11 9 -9 -8 -4 -7 -13 -1
right_child=5 -3 10 4 -6 6 7 8 -10 -11 -12 12 -14 -15
leaf_value=0.0070545619483214283 0.020218526720328017 -0.016389823501339818 -0.022302675598825067 0.032027382051515972 0.0030849110980556986 0.016667622916332735 -0.00010066123799631164 0.016415502519093465 0.0013312330029889871 -0.0074408793717305214 0.0023990119792333979 0.012895229006467475 0.00099945724915685404 -0.013949740616586435
leaf_weight=35.806488526985049 39.331225160509348 165.17763832770288 58.060446236282587 39.182894136756659 70.252617698162794 81.883422903716564 18744.212949061766 143.13707430660725 358.55961280316114 363.99892121553421 38.506515940651298 118.59201671183109 450.72278938442469 59.151949025690556
leaf_count=553 453 3117 1437 376 683 847 147330 702 1903 2517 871 615 2626 946
internal_value=-5.29883e-06 -0.00649271 -0.000708442 0.00550978 0.0152616 0.000146788 9.78699e-05 -8.49261e-05 0.00587157 -0.000244306 -0.0131519 0.00552054 0.00365725 -0.00611201
internal_weight=20766.6 466.139 300.961 204.394 109.436 20300.4 20261.1 19609.9 501.697 19108.2 96.567 651.198 569.315 94.9584
internal_count=164976 7983 4866 2558 1059 156993 156540 152452 2605 149847 2308 4088 3241 1499
is_linear=0
shrinkage=0.035


Tree=117
num_leaves=15
num_cat=0
split_feature=9 15 3 2 18 20 16 19 3 3 9 22 22 3
split_gain=16.2765 16.4312 18.1731 23.5052 24.2077 21.0525 16.3734 17.2482 22.0918 13.7229 12.8772 13.1146 11.464 10.4641
threshold=0.17454569041728976 19.85615158081055 -0.28793604671955103 0.052049672231078155 0.0611903052777052 -0.028148042969405648 1.8367773890495303 -0.2403500825166702 -0.10437268763780592 -0.61334294080734242 0.70912408828735363 0.29079861938953405 0.55538171529769909 0.036306155845522887
decision_type=2 2 2 2 2 2 2 2 2 2 2 2 2 2
left_child=13 6 10 5 -5 -4 7 12 -9 -8 -3 -12 -2 -1
right_child=1 2 3 4 -6 -7 9 8 -10 -11 11 -13 -14 -15
leaf_value=-0.011176307136666324 0.0045600582597049273 0.015597600829822318 0.0031081201023096133 0.012411011201346507 -0.0027161854910143285 -0.011862966714556326 -0.015988512984380816 -0.0017183323131172046 0.00083510992911378884 -0.001966489101299792 -0.015662344381275284 0.010249131780240948 -0.0049005910397601883 -0.0020141443441063435
leaf_weight=233.20714362151921 1419.6775161325932 219.83266519382596 228.84543881192803 323.29622591659427 207.0260238237679 214.96485923603177 130.96149180084467 7307.2699755132198 9581.662260254845 225.76606669649482 31.392399504780769 46.754844769835472 167.99657937884331 425.77334947511554
leaf_count=4510 8525 1242 1819 2311 1425 2101 981 55008 77683 1570 194 246 1227 6134
internal_value=-4.36378e-06 0.000174255 0.00400815 0.0016468 0.00656471 -0.00424492 -8.66981e-05 5.86216e-05 -0.000270041 -0.00740985 0.0114236 -0.000755714 0.00353459 -0.00537515
internal_weight=20764.4 20105.4 1272.11 974.133 530.322 443.81 18833.3 18476.6 16888.9 356.728 297.98 78.1472 1587.67 658.98
internal_count=164976 154332 9338 7656 3736 3920 144994 142443 132691 2551 1682 440 9752 10644
is_linear=0
shrinkage=0.035


Tree=118
num_leaves=15
num_cat=0
split_feature=10 15 23 15 23 2 20 15 3 3 3 12 20 14
split_gain=15.7286 18.3841 15.881 31.0386 22.5606 29.9726 21.8841 20.1111 16.482 16.3206 14.5617 11.2181 11.154 11.1237
threshold=0.16102923452854159 17.714315414428714 0.31619535386562353 16.187140464782718 0.30651316046714788 -0.018145581707358357 -0.032046774402260773 20.726525306701664 0.088628415018320097 -0.35107228159904474 -0.19306283444166181 1.2795389890670779 -0.028148042969405648 1.0530814528465273
decision_type=2 2 2 2 2 2 2 2 2 2 2 2 2 2
left_child=1 -1 4 9 7 11 -5 8 -2 -4 -9 -6 13 -3
right_child=2 12 3 6 5 -7 -8 10 -10 -11 -12 -13 -14 -15
leaf_value=-0.027078417363997822 -0.00078505231289767799 0.016015102874819741 -0.005872310282803047 -5.2977112782467093e-05 0.019021497987683097 -0.0081149170346104423 -0.013329299176333867 0.016935045998449756 0.001370588283897866 0.017314244181759628 0.0026399835520043071 -0.0016856405265737236 -0.016337688924588457 -0.010524897621302296
leaf_weight=46.444626355543733 12527.25330783613 41.666550422087312 51.417243905365467 249.06023157387972 192.21553833410144 80.705594416707754 380.97580900043249 133.00503284111619 6639.5668108165264 94.619112253189087 235.92684741318226 36.247189607471228 30.213106155395508 22.33373149484396
leaf_count=1032 102255 529 342 1705 1183 581 3468 695 49376 796 1658 256 780 320
internal_value=-4.7096e-06 -0.0112724 7.75754e-05 -0.00480162 0.000270708 0.009501 -0.00816385 0.000119845 -3.79928e-05 0.00929745 0.00810446 0.0158033 -0.00162986 0.00658289
internal_weight=20761.7 140.658 20621 776.072 19844.9 309.168 630.036 19535.8 19166.8 146.036 368.932 228.463 94.2134 64.0003
internal_count=164976 2661 162315 6311 156004 2020 5173 153984 151631 1138 2353 1439 1629 849
is_linear=0
shrinkage=0.035


Tree=119
num_leaves=15
num_cat=0
split_feature=20 23 11 24 20 22 15 0 6 24 10 15 3 22
split_gain=15.4279 16.6626 42.2743 30.1313 40.8375 46.1352 44.6198 28.0424 43.2964 26.8459 40.6911 33.6198 19.0517 15.2601
threshold=-0.098063450306653963 0.22513678669929507 0.19778240472078326 0.037889750674366958 -0.028148042969405648 0.47683593630790716 17.99348068237305 0.12735586613416675 0.068794287741184248 0.036899002268910415 0.65337535738945018 16.187140464782718 -0.17981056123971936 0.61410078406333934
decision_type=2 2 2 2 2 2 2 2 2 2 2 2 2 2
left_child=-1 3 12 4 6 -6 -2 8 -5 10 -4 -11 -3 -9
right_child=1 2 9 7 5 -7 -8 13 -10 11 -12 -13 -14 -15
leaf_value=0.0052283908777267839 -0.00033976273797738164 0.0070584819400940088 0.0031491993708313865 0.0024507650723769466 -0.00523110134910786 0.00078305418538801466 0.0063013073972929927 0.0015273019590544424 0.014169016104627981 0.0053316576111407058 -0.00550910140092208 -0.0066978055852773694 -0.012209159625126781 -0.0095531934612501177
leaf_weight=657.89467246457934 3610.356260959059 63.967300163581967 2705.7512247338891 1158.8994366321713 3087.0231633223593 3148.9047935586423 1876.3762793373317 488.54982859641314 573.47608989663422 349.39677938073874 870.75035692751408 1386.8463574871421 571.46037613973022 209.79343097284436
leaf_count=4195 24234 839 19440 9620 26745 29648 13294 3076 4601 2657 5373 11369 8239 1646
internal_value=-4.87947e-06 -0.000178671 -0.00173147 0.000474676 -0.00026172 -0.00219779 0.00193871 0.00401262 0.00638897 -0.000702518 0.00103173 -0.00426036 -0.0101902 -0.00188933
internal_weight=20759.4 20101.6 5948.17 14153.4 11722.7 6235.93 5486.73 2430.72 1732.38 5312.74 3576.5 1736.24 635.428 698.343
internal_count=164976 160781 47917 112864 93921 56393 37528 18943 14221 38839 24813 14026 9078 4722
is_linear=0
shrinkage=0.035


Tree=120
num_leaves=15
num_cat=0
split_feature=21 21 17 4 24 22 20 24 1 20 4 24 3 3
split_gain=15.423 22.1586 20.6193 18.8366 25.2562 42.3005 29.6313 20.6402 25.2572 18.0582 27.4719 15.6071 19.8785 17.4127
threshold=0.078718151897192015 0.068315757438540473 0.023893499746918682 1.0000000180025095e-35 0.036819720640778549 0.48759272694587713 0.079146865755319609 0.039464315399527557 0.45696476101875311 0.1171386204659939 0.042108759284019477 0.038667606189846999 0.18650984764099124 -0.034488411620259278
decision_type=2 2 2 2 2 2 2 2 2 2 2 2 2 2
left_child=1 3 -3 4 5 -1 -6 8 -5 11 -11 12 -2 -13
right_child=9 2 -4 7 6 -7 -8 -9 -10 10 -12 13 -14 -15
leaf_value=0.0029999601644210882 -0.0063021031352941013 -0.0051337074184360032 0.011046628760613677 -0.0022251055069067638 -0.0041804304456996748 -0.0048298656108907096 0.010761517830466348 0.0045338785710656217 0.0073837442372175904 -0.0053724140624359122 0.011256946485345554 0.010646658721641606 0.00062141716105197414 -0.0079779751866935564
leaf_weight=6911.1127090342343 1699.5840717740357 118.70441706292331 410.18896619230509 6443.2605714667588 1544.4872885234654 953.7022549752146 171.95629419386387 702.75720797479153 343.81708904355764 209.42428210005164 266.06949984282255 177.49330523237586 720.38166938535869 82.838761100545526
leaf_count=48014 17112 1535 2752 53958 12849 8088 1217 5065 2143 2084 2042 1380 6015 722
internal_value=-4.89823e-06 0.000399433 0.00738725 0.00017874 0.00120612 0.00204557 -0.00262986 -0.00113538 -0.0017282 -0.00225401 0.00397299 -0.00336936 -0.00424702 0.00464433
internal_weight=20755.8 17600 528.893 17071.1 9581.26 7864.81 1716.44 7489.83 6787.08 3155.79 475.494 2680.3 2419.97 260.332
internal_count=164976 135621 4287 131334 70168 56102 14066 61166 56101 29355 4126 25229 23127 2102
is_linear=0
shrinkage=0.035


Tree=121
num_leaves=15
num_cat=0
split_feature=9 12 1 22 9 22 23 20 17 9 15 22 19 18
split_gain=15.2281 16.4529 18.1842 33.8452 36.8444 24.0884 40.7492 30.22 19.7229 10.8207 13.1812 10.1648 13.6039 9.68695
threshold=0.17454569041728976 1.2361178994178774 -0.089629594236612306 0.40314695239067083 0.75156462192535411 0.40993298590183264 0.2665951550006867 0.059742288663983352 0.034803140908479697 0.27849462628364569 18.743915557861332 0.4182021170854569 0.047816965728998191 0.20240169763565066
decision_type=2 2 2 2 2 2 2 2 2 2 2 2 2 2
left_child=11 2 3 4 -2 7 -7 -4 -5 -3 13 -1 -13 -11
right_child=1 9 5 8 -6 6 -8 -9 -10 10 -12 12 -14 -15
leaf_value=-0.010653437328154863 0.0051648777723643973 -0.013797125852043082 -0.00073116439938799519 -0.0068012258100807275 -0.004661114388210051 0.0019397146932588194 -0.012059760343783517 -0.0076639701656817947 0.00099483693378137213 -0.0040391781800606635 0.003077058136969115 -0.0070665712882184003 0.0055719887563640061 0.0021796742018823528
leaf_weight=248.15965550206602 3566.2537286318839 86.907621327787638 4617.1691703926772 638.65776264667511 529.82988896965981 5690.5977571904659 256.7107860557735 915.09205377846956 1021.2269664555788 1890.0874249972403 524.71472381800413 235.36122284270823 172.05610677041113 359.31430431455374
leaf_count=4046 23820 1181 35920 5469 3229 47407 2731 8045 6529 13764 3748 4280 2318 2489
internal_value=-4.54364e-06 0.000167876 0.000576202 0.00217985 0.00388563 -0.00022908 0.00131621 -0.00188968 -0.00202754 -0.00228542 -0.00187652 -0.00521312 -0.00172357 -0.00304054
internal_weight=20752.1 20096.6 17235.5 5755.97 4096.08 11479.6 5947.31 5532.26 1659.88 2861.02 2774.12 655.577 407.417 2249.4
internal_count=164976 154332 133150 39047 27049 94103 50138 43965 11998 21182 20001 10644 6598 16253
is_linear=0
shrinkage=0.035


Tree=122
num_leaves=15
num_cat=0
split_feature=19 10 8 6 16 11 24 3 2 10 10 3 8 22
split_gain=14.8932 17.41 19.2054 18.2782 17.8124 16.9674 27.5554 22.2688 24.7982 18.8467 18.6583 17.3566 15.7585 34.4176
threshold=-0.2403500825166702 1.3777923583984377 -0.82127928733825672 -0.2980272620916366 1.2991899847984316 0.51798611879348766 0.033588260412216193 -0.61334294080734242 0.91703984141349804 0.94849461317062389 1.0693629384040835 -0.15357713401317594 -0.48441351950168604 0.31738407909870153
decision_type=2 2 2 2 2 2 2 2 2 2 2 2 2 2
left_child=1 3 -3 -1 -5 7 11 -2 10 -10 -9 -7 13 -8
right_child=5 2 -4 4 -6 6 12 8 9 -11 -12 -13 -14 -15
leaf_value=0.0068693212971793717 0.0095218720266061901 -0.018270816352753093 0.0086657499307450682 0.0010652145371668916 -0.019708835269571744 -0.019285833040854284 -0.011844972363580055 -0.0003895373938632135 0.013204674284357693 -0.0088973744373080123 0.020825204797201208 -0.0011018297363684212 0.0033686247067571842 0.0030031291504355171
leaf_weight=1026.3106931596994 287.06845665723085 81.563468158245087 42.766202732920647 527.27760036475956 45.836210448294878 190.09546986967325 384.07038985192776 16866.165679899976 261.16156131029129 49.882874861359596 40.940319329500198 96.618559077382088 484.81544686108828 365.23868507891893
leaf_count=6030 1793 601 308 3403 306 1204 2474 140957 1399 299 265 552 2998 2387
internal_value=-5.404e-06 0.00310016 -0.00904998 0.004095 -0.000905742 -0.000288248 -0.00382176 2.07472e-05 -0.000143095 0.00949339 -0.000325886 -0.0134017 -0.00150629 -0.00466327
internal_weight=20749.8 1723.75 124.33 1599.42 573.114 19026.1 1520.84 17505.2 17218.2 311.044 16907.1 286.714 1234.12 749.309
internal_count=164976 10648 909 9739 3709 154328 9615 144713 142920 1698 141222 1756 7859 4861
is_linear=0
shrinkage=0.035


Tree=123
num_leaves=15
num_cat=0
split_feature=10 15 24 24 24 11 6 8 21 15 10 11 18 16
split_gain=14.6584 17.7663 14.1919 14.94 58.0516 37.8011 42.1254 36.5051 29.1122 21.7028 12.3545 20.2273 11.5014 10.9783
threshold=0.16102923452854159 17.714315414428714 0.032028134912252433 0.034890316426754005 0.034643387421965606 0.38898509740829473 0.10124514624476434 -0.060125390067696564 0.031130155548453334 18.065177917480472 0.62716931104660045 0.21363487839698794 -0.016843183897435662 1.0108475685119631
decision_type=2 2 2 2 2 2 2 2 2 2 2 2 2 2
left_child=1 -1 10 4 7 6 -5 -4 -6 -7 11 -2 -3 -14
right_child=2 12 3 5 8 9 -8 -9 -10 -11 -12 -13 13 -15
leaf_value=-0.026749752313417634 -0.014754101971807541 -0.020484352712702884 0.0015841797224174455 -0.003378751504578489 0.0048291755111657233 0.00095258982022558602 0.0018794862479975202 -0.0055704051924982297 0.020846096935337205 0.0072978563026535534 -0.015246071077674702 0.0026776298572153447 0.014801981177976979 -0.0095069119687454847
leaf_weight=45.018953271210194 105.55480712838471 18.882571272552013 6114.897830883041 6105.1621374338865 317.33409341052175 2787.5546030774713 2678.5887431185693 1009.0391156058758 249.13341988064349 856.89643050730228 116.02333348989487 269.35531958565116 44.971510667353868 29.998412873595953
leaf_count=1032 1437 474 43979 56729 1958 17748 21816 8736 2126 5159 762 1865 638 517
internal_value=-5.59311e-06 -0.0109488 7.34184e-05 0.000218203 0.00142968 -0.000531993 -0.00177495 0.000564412 0.0121129 0.0024604 -0.00574579 -0.00248603 -0.00152346 0.00510093
internal_weight=20748.4 138.871 20609.5 20118.6 7690.4 12428.2 8783.75 7123.94 566.468 3644.45 490.933 374.91 93.8525 74.9699
internal_count=164976 2661 162315 158251 56799 101452 78545 52715 4084 22907 4064 3302 1629 1155
is_linear=0
shrinkage=0.035


Tree=124
num_leaves=15
num_cat=0
split_feature=10 15 11 23 8 16 24 15 23 5 8 10 15 19
split_gain=14.0243 24.3184 20.8376 20.2113 18.656 18.0156 15.3005 14.1436 30.3962 16.1713 16.1663 13.3754 25.5806 25.4388
threshold=0.20935691893100741 16.311563491821293 0.10261419415473939 0.13085953146219256 -0.10017097368836402 1.0711643695831301 0.037889750674366958 20.373504638671879 0.13085953146219256 0.019093237817287449 -0.48441351950168604 0.49068976938724523 17.576017379760746 -0.16129291057586667
decision_type=2 2 2 2 2 2 2 2 2 2 2 2 2 2
left_child=1 -1 -2 5 -5 -3 -6 11 9 -9 -10 13 -13 -4
right_child=2 3 7 4 6 -7 -8 8 10 -11 -12 12 -14 -15
leaf_value=-0.019859170205430217 0.026091984090392893 0.008404702160030841 -0.0061048945285870392 0.0024075694961595891 -0.017970232055292124 -0.010565143742705988 0.001756638842749181 0.035176820332722104 0.014882946811113483 0.0035933709419082435 -0.00054919599958462703 -0.000304901952542863 0.0040394349425659079 -0.0002840911814110833
leaf_weight=99.265043271705508 27.943987600505352 261.0312388241291 996.56576044484973 146.52505752258003 183.38340799696743 70.059994697570801 61.912283182144165 47.795062534511089 90.418544344604015 34.069723181426525 480.03038667142391 5123.8703512474895 2445.4000681862235 10677.353577736765
leaf_count=1906 294 2665 7314 2990 3872 755 1117 249 458 187 3538 32024 14822 92785
internal_value=-6.31231e-06 -0.00445794 0.000179537 -0.00210105 -0.00739627 0.00419856 -0.0131174 0.000130052 0.00515889 0.0238547 0.00211113 -4.30089e-05 0.0011021 -0.000785795
internal_weight=20745.6 822.177 19923.4 722.912 391.821 331.091 245.296 19895.5 652.314 81.8648 570.449 19243.2 7569.27 11673.9
internal_count=164976 13305 151671 11399 7979 3420 4989 151377 4432 436 3996 146945 46846 100099
is_linear=0
shrinkage=0.035


Tree=125
num_leaves=15
num_cat=0
split_feature=20 24 3 16 17 15 10 19 17 8 14 15 15 13
split_gain=13.8893 14.7313 20.0761 19.1257 27.0914 25.2728 26.886 18.4763 18.3901 22.2083 18.2924 14.7557 12.5166 9.88855
threshold=-0.098063450306653963 0.039040250703692443 -0.11618942767381667 0.91776660084724437 0.027998196892440323 17.37358379364014 0.49068976938724523 -0.012104610446840523 0.050384880974888809 -0.48441351950168604 1.0530814528465273 15.762049674987795 18.479482650756839 0.19773899763822558
decision_type=2 2 2 2 2 2 2 2 2 2 2 2 2 2
left_child=13 3 8 5 7 11 -7 -5 12 -10 -6 -2 -3 -1
right_child=1 2 -4 4 10 6 -8 -9 9 -11 -12 -13 -14 -15
leaf_value=-0.0082362054180747327 0.0037556298584882925 -0.010926208018984845 0.0070022840548601565 -0.0073357142612765613 -0.0017926750427726002 0.00092623292396713797 0.0077173313989764864 -0.0020496180713322435 -0.0028040845107265679 0.0253144526338102 0.00154401878776125 -0.0017779648424834124 0.0056926738870107926 0.0062625731515311943
leaf_weight=54.979400150477886 707.77217062935233 230.80252333730459 754.73862993717194 1177.4330301638693 4010.9811728708446 1959.1516519710422 1116.6987072005868 2587.7105753645301 85.480654448270798 45.709336623549461 4019.7691545747221 3320.7969490513206 65.247572652995586 605.34453538618982
leaf_count=350 5299 1720 5311 14247 27215 18447 6652 28690 499 264 26794 25098 545 3845
internal_value=-5.56169e-06 -0.000170905 0.00360303 -0.000408698 -0.00127235 0.00102505 0.00340878 -0.00371774 -0.00242472 0.00809204 -0.000122659 -0.000798885 -0.00719718 0.00495053
internal_weight=20742.6 20082.3 1181.98 18900.3 11795.9 7104.42 3075.85 3765.14 427.24 131.19 8030.75 4028.57 296.05 660.324
internal_count=164976 160781 8339 152442 96946 55496 25099 42937 3028 763 54009 30397 2265 4195
is_linear=0
shrinkage=0.035


Tree=126
num_leaves=15
num_cat=0
split_feature=23 15 23 2 20 15 10 3 3 3 23 0 3 22
split_gain=14.1478 28.5698 20.7363 27.1399 19.482 18.4509 20.4804 15.2503 14.8623 13.9979 21.3131 11.0121 15.0263 10.7035
threshold=0.31619535386562353 16.187140464782718 0.30651316046714788 -0.018145581707358357 -0.032046774402260773 19.85615158081055 0.16102923452854159 0.088628415018320097 -0.35107228159904474 -0.30714456737041468 0.17157290875911715 -0.10317923501133917 -0.17981056123971936 0.31738407909870153
decision_type=2 2 2 2 2 2 2 2 2 2 2 2 2 2
left_child=2 8 5 11 -3 6 -1 -8 -2 13 -11 -4 -13 -7
right_child=1 4 3 -5 -6 9 7 -9 -10 10 -12 12 -14 -15
leaf_value=-0.014643000827289672 -0.0057022148748785747 -0.00025845579769051444 0.0023186743795829312 -0.0078538805871671002 -0.012815401797159662 0.002319475305767938 -0.00089079970064010513 0.001235177571444654 0.016388813829985874 0.0078029197333429673 -0.0022848414461685159 0.026793943787318104 0.0042274024709009414 0.016960076610249075
leaf_weight=110.3506823591888 51.208771631121635 249.94193140231073 65.729245241731405 80.148044139146805 375.36867649666965 104.74896524101496 11966.438032217324 6301.6486837100238 96.056876666843891 451.02582556381822 570.89694371446967 106.93557251244783 58.546260688453913 150.27272172644734
leaf_count=2153 342 1708 369 582 3482 618 97662 46767 807 3507 5125 630 445 779
internal_value=-5.13802e-06 -0.00462155 0.00017571 0.00899466 -0.00787936 3.15066e-05 -0.000252055 -0.000157161 0.00883296 0.00408292 0.00219986 0.0149186 0.0195059 0.0112609
internal_weight=20739.3 772.576 19966.7 311.359 625.311 19655.4 18378.4 18268.1 147.266 1276.94 1021.92 231.211 165.482 255.022
internal_count=164976 6339 158637 2026 5190 156611 146582 144429 1149 10029 8632 1444 1075 1397
is_linear=0
shrinkage=0.035


Tree=127
num_leaves=15
num_cat=0
split_feature=10 7 3 17 24 23 3 9 2 2 22 11 2 1
split_gain=13.5079 22.5777 22.9102 16.1256 14.4903 13.6573 39.2976 32.6282 13.4697 21.6152 13.4017 12.212 20.3493 16.2728
threshold=1.3777923583984377 -0.43948669731616968 1.2416156530380251 0.10665899142622949 0.034483484923839576 0.13350772112607959 -0.080512739717960344 0.15217534452676776 -0.17075639963150022 -0.5820057988166808 0.26816761493682867 0.31354972720146185 0.50985348224639904 -0.046401103958487504
decision_type=2 2 2 2 2 2 2 2 2 2 2 2 2 2
left_child=1 8 5 -2 -5 6 -3 -7 9 10 -1 12 -4 -13
right_child=3 2 11 4 -6 7 -8 -9 -10 -11 -12 13 -14 -15
leaf_value=-0.0081911092616231869 0.003371388804315859 -0.0046962602582895537 0.00020165589295058209 -0.023276625582637756 -0.0052169262802867818 -0.016650798116789916 0.0040383472135465124 -0.00055146204836895789 -0.0059043294379103042 0.013203764161739904 0.0090804476366724562 0.014246804828940569 0.026022858257331943 -0.0019723303970383375
leaf_weight=118.50498685240746 127.79612619429827 843.16226580180228 63.096400171518326 77.52011851221323 165.8396125510335 145.74699081294239 2418.9788247141987 15819.286627605557 87.322028324007988 375.3823407292366 86.325767323374748 103.65024330466986 82.326523415744305 221.44782875478268
leaf_count=709 837 6471 321 575 1248 3438 17200 129038 460 2078 510 521 386 1184
internal_value=-4.53887e-06 0.000117583 -9.84475e-05 -0.00653263 -0.0116613 -0.000286954 0.00177327 -0.000708766 0.00639961 0.00832001 -0.000828174 0.00745025 0.0155533 0.00346961
internal_weight=20736.4 20365.2 19697.7 371.156 243.36 19227.2 3262.14 15965 667.535 580.213 204.831 470.521 145.423 325.098
internal_count=164976 162316 158559 2660 1823 156147 23671 132476 3757 3297 1219 2412 707 1705
is_linear=0
shrinkage=0.035


Tree=128
num_leaves=15
num_cat=0
split_feature=12 1 24 3 10 23 8 15 15 12 8 1 10 10
split_gain=14.0109 17.4999 24.3017 22.3101 23.7948 20.7889 40.8275 21.8809 16.773 17.8424 16.4175 27.4356 21.0317 15.4097
threshold=1.2361178994178774 -0.089629594236612306 0.039040250703692443 0.43046869337558752 0.62716931104660045 0.20564330369234088 -0.11970962584018706 20.373504638671879 19.660930633544925 0.86761564016342174 -0.74504911899566639 -0.45773996412754053 0.94849461317062389 0.32292938232421881
decision_type=2 2 2 2 2 2 2 2 2 2 2 2 2 2
left_child=1 3 5 10 -5 7 -7 -3 9 -4 12 -12 -1 -10
right_child=-2 2 8 4 -6 6 -8 -9 13 -11 11 -13 -14 -15
leaf_value=0.0021489581293583581 -0.0022747444858093081 -0.00011834798898032401 0.014346025102561284 0.013576682202456617 -0.0034038030152992223 -0.00077951731954029198 -0.0092063659026469045 0.0093746445909600514 0.032404658680484817 0.0003878145475840218 0.017049132713414229 0.0014218634939805713 -0.012242882211228892 -0.0012549238389771675
leaf_weight=252.58311555534601 2859.5487418584526 7410.9886228796095 142.58493323996663 359.26218032836914 134.45010393857956 2773.322578875348 935.0480108782649 299.86515752598643 42.024783831089735 425.90040436387062 131.90576128661633 4711.8344732280821 230.35719027370214 23.448089592158794
leaf_count=1470 21281 64389 1080 1854 713 22115 10333 2303 367 3107 719 33660 1471 114
internal_value=-4.46451e-06 0.000359821 -0.000401352 0.00193408 0.0089767 -0.000773761 -0.00292335 0.000262486 0.00621454 0.00407622 0.00126573 0.00188168 -0.00482489 0.0217809
internal_weight=20733.1 17873.6 12053.2 5820.39 493.712 11419.2 3708.37 7710.85 633.958 568.485 5326.68 4843.74 482.94 65.4729
internal_count=164976 143695 103808 39887 2567 99140 32448 66692 4668 4187 37320 34379 2941 481
is_linear=0
shrinkage=0.035


Tree=129
num_leaves=15
num_cat=0
split_feature=21 21 2 6 17 15 16 24 24 12 24 23 15 24
split_gain=13.5765 20.4008 20.923 16.7622 16.8433 21.0996 16.6544 16.5697 16.3508 40.3195 41.1476 20.8223 48.1926 30.4923
threshold=0.078718151897192015 0.068315757438540473 -0.18390440940856931 0.10124514624476434 0.031952491030097015 16.865507125854496 0.9871833622455598 0.033951222896575935 0.03500685282051564 0.86761564016342174 0.034643387421965606 0.2665951550006867 16.187140464782718 0.037889750674366958
decision_type=2 2 2 2 2 2 2 2 2 2 2 2 2 2
left_child=1 8 -3 4 5 6 -2 -5 9 -1 -11 13 -13 -10
right_child=3 2 -4 7 -6 -7 -8 -9 11 10 -12 12 -14 -15
leaf_value=-0.0020020127750597925 0.0056495918997111266 0.020764773587003647 0.0035099678818397641 -0.0052370769219573076 -0.00096125547966994119 -0.011098377785675401 -0.01130267481341629 0.003701287896287095 -0.001193969411157312 0.0021486508160201397 0.012140490738747929 0.0066117847600096567 -0.0062917284149483716 0.003867019889305726
leaf_weight=2649.4010837543756 207.29174033179879 99.489710655063391 431.5507461167872 348.76475654914975 1000.6787038818002 629.20254931226373 95.441540008410811 862.30047916248441 5676.4486908093095 3995.9778916686773 569.21880754083395 433.50359516218305 1779.2389799207449 1951.3294454757124
leaf_count=19181 2401 637 3650 3138 7087 8016 1268 7445 46110 28309 4175 3512 15438 14609
internal_value=-3.44202e-06 0.000375573 0.00706668 -0.00211817 -0.0041335 -0.00749337 0.000114597 0.00110539 0.000163216 0.0014278 0.00341831 -0.000764427 -0.0037454 0.000104095
internal_weight=20729.8 17586.2 531.04 3143.68 1932.61 931.936 302.733 1211.07 17055.1 7214.6 4565.2 9840.52 2212.74 7627.78
internal_count=164976 135621 4287 29355 18772 11685 3669 10583 131334 51665 32484 79669 18950 60719
is_linear=0
shrinkage=0.035


Tree=130
num_leaves=15
num_cat=0
split_feature=12 1 22 8 9 22 8 6 23 15 8 4 17 24
split_gain=13.3986 16.2101 35.0081 35.593 25.9984 24.3847 37.6593 37.0303 36.7255 29.9105 28.6529 22.0607 20.32 19.8153
threshold=1.2361178994178774 -0.089629594236612306 0.40314695239067083 -0.74504911899566639 0.53170508146286022 0.40993298590183264 -0.046883389353752129 0.27724717557430273 0.2665951550006867 20.373504638671879 -0.46220052242279047 0.055627437308430679 0.034803140908479697 0.036819720640778549
decision_type=2 2 2 2 2 2 2 2 2 2 2 2 2 2
left_child=1 2 3 4 -1 6 10 -8 9 -7 -3 -10 -4 -5
right_child=-2 5 12 13 -6 8 7 -9 11 -11 -12 -13 -14 -15
leaf_value=0.022238181642540451 -0.0022246242509579477 -0.0074523625290342762 -0.0070939858111332115 0.0059632025693207996 -0.00911573850929151 0.0011490076194082236 -0.016130989334110963 0.0021080773282241738 -0.018038368875321564 0.013487996257179488 2.8544727068792708e-05 0.0038949037590874287 0.00072584319835771751 -0.00021868734036321961
leaf_weight=26.043971545994282 2856.5418958887458 722.85237675905228 663.38682690635324 2946.8793637026101 355.81288798898458 5869.7709068786353 408.00873713754117 199.24619017913938 179.66641069948673 241.12442396022379 4349.368707511574 75.419323571026325 1025.1257884353399 808.06805028021336
leaf_count=141 21281 4494 5889 18879 2138 52126 4757 1283 2054 1888 36468 738 6529 6311
internal_value=-3.2071e-06 0.000352919 0.00186705 0.00359806 -0.00646436 -0.000380271 -0.00204568 -0.0102094 0.00110642 0.00165712 -0.00105014 -0.0116512 -0.00237011 0.00463581
internal_weight=20727.3 17870.8 5825.32 4136.8 381.857 12045.5 5679.48 607.255 6365.98 6110.9 5072.22 255.086 1688.51 3754.95
internal_count=164976 143695 39887 27469 2279 103808 47002 6040 56806 54014 40962 2792 12418 25190
is_linear=0
shrinkage=0.035


Tree=131
num_leaves=15
num_cat=0
split_feature=20 17 10 15 23 8 21 6 3 10 24 15 8 17
split_gain=12.9535 13.3534 33.1681 21.0643 16.3565 37.5106 40.2257 39.5695 27.2581 66.766 22.2444 16.192 15.9297 8.84595
threshold=-0.098063450306653963 0.01944289077073336 0.34152996540069586 17.37358379364014 0.22513678669929507 -0.20351012051105496 -0.033373324200510972 0.32156743109226232 -0.10437268763780592 0.53200706839561474 0.037889750674366958 15.947656631469728 -0.10017097368836402 0.024746114388108257
decision_type=2 2 2 2 2 2 2 2 2 2 2 2 2 2
left_child=13 2 11 -4 8 6 -6 -7 9 -3 -10 -2 -13 -1
right_child=1 4 3 -5 5 7 -8 -9 10 -11 -12 12 -14 -15
leaf_value=0.01453734131701098 -0.017461259979110855 -0.0046751731566406912 -0.0035814349365805402 0.0293293217725893 0.0028276663091560891 -0.0081601539773569331 -0.0043215389773991501 0.0083113664357115855 0.0013256434887760557 0.0031497957030114784 0.006476364289951045 0.0010907240560415123 -0.0063478753745762331 0.0030567507643206389
leaf_weight=88.009087778627872 98.64543361030519 2899.931586638093 35.905083183199167 50.88044174388051 2706.2157733030617 1367.1229873951524 1484.6477595232427 197.06383261457086 6077.2495344597846 2459.851711474359 1228.2394247353077 581.82553665526211 875.45030745118856 573.8351123072207
leaf_count=953 1757 23429 327 446 18650 14134 10862 1310 44700 15433 8584 8659 12490 3242
internal_value=-3.51883e-06 -0.000163523 -0.00317728 0.0167502 0.00010682 -0.00143887 0.000290743 -0.00604538 0.000809758 -0.00108476 0.00219928 -0.00438866 -0.00339078 0.00477705
internal_weight=20724.9 20063 1642.71 86.7855 18420.3 5755.05 4190.86 1564.19 12665.3 5359.78 7305.49 1555.92 1457.28 661.844
internal_count=164976 160781 23679 773 137102 44956 29512 15444 92146 38862 53284 22906 21149 4195
is_linear=0
shrinkage=0.035


Tree=132
num_leaves=15
num_cat=0
split_feature=21 21 2 13 21 21 13 13 4 21 21 14 1 8
split_gain=12.8354 18.5866 19.4293 16.0776 21.9695 23.9956 23.4697 21.161 15.6738 20.0594 35.0411 18.7656 27.5573 26.0783
threshold=0.078718151897192015 0.068315757438540473 -0.18390440940856931 0.53940325975418102 0.12066358700394632 0.089740335941314711 0.64748549461364757 0.67769768834114086 1.0000000180025095e-35 0.036737985908985145 0.031130155548453334 1.1381896734237673 0.37296395003795629 -0.033287500962615006
decision_type=2 2 2 2 2 2 2 2 2 2 2 2 2 2
left_child=1 8 -3 -2 5 -5 -6 -7 9 10 -1 12 -10 -13
right_child=3 2 -4 4 6 7 -8 -9 11 -11 -12 13 -14 -15
leaf_value=0.0011101446622171268 -0.0053841963932955549 0.019850491205230171 0.0033058285208250101 0.0027024633198882986 -0.0030661886272562106 -0.00056530002866364071 0.010474329779649558 -0.011984109573425297 -0.0026702106210981184 -0.0041479774320970454 0.011907580436811484 0.0040980066028615215 0.0078011379577137448 -0.0058613295081603673
leaf_weight=8400.8821472935379 1128.6635989323258 100.71439003571868 433.03936947509646 580.68186467327178 253.79607616364956 377.06247478350997 385.36635533720255 412.99397353082895 5256.8450218476355 807.65288748592138 375.28197393193841 1489.4638718832284 317.4199982881546 400.805554529652
leaf_count=60195 10633 637 3650 5291 2358 3515 3488 4070 44235 7129 2844 11655 1974 3302
internal_value=-3.21906e-06 0.000365131 0.0067353 -0.00206131 -0.000177913 -0.00267373 0.00513331 -0.00660955 0.000161861 0.00109794 0.00158489 -0.00103985 -0.00206103 0.00196653
internal_weight=20720.7 17582.1 533.754 3138.56 2009.9 1370.74 639.162 790.056 17048.4 9583.82 8776.16 7464.53 5574.27 1890.27
internal_count=164976 135621 4287 29355 18722 12876 5846 7585 131334 70168 63039 61166 46209 14957
is_linear=0
shrinkage=0.035


Tree=133
num_leaves=15
num_cat=0
split_feature=10 7 2 15 11 24 17 15 24 15 3 2 2 16
split_gain=12.6717 20.0611 21.4607 17.994 33.8809 20.3083 15.2042 14.6214 13.9199 15.3537 14.5034 12.7513 18.804 12.7225
threshold=1.3777923583984377 -0.43948669731616968 0.91703984141349804 17.116715431213382 0.31354972720146185 0.0356238391250372 0.10665899142622949 17.180552482604984 0.034483484923839576 18.065177917480472 -0.77303957939147938 -0.17075639963150022 -0.5820057988166808 0.9871833622455598
decision_type=2 2 2 2 2 2 2 2 2 2 2 2 2 2
left_child=1 11 -3 5 -5 -4 7 -2 -8 10 -10 12 13 -1
right_child=6 2 3 4 -6 -7 8 -9 9 -11 -12 -13 -14 -15
leaf_value=-0.0068876213063687828 0.012035727021751097 -0.00025356200538717008 0.0099312905311651541 0.033214424514844333 0.0029703224420703517 -0.011458152286433713 -0.022844462785243328 -0.010482663996366326 -0.020066142624804412 0.018188576743830578 0.0012052722516352997 -0.0059390238825658883 0.012398675669736183 0.010499050880621317
leaf_weight=133.8270692974329 78.84926650673151 19296.734403276816 115.49390272051096 69.388526894152164 111.05524925887585 85.984212890267372 76.221931725740433 49.170130208134651 66.794639267027378 20.218730337917805 78.170813702046871 87.342070311307907 379.07253018021584 70.397631756961346
leaf_count=793 529 156496 620 346 603 494 575 308 522 141 585 460 2078 426
internal_value=-2.83848e-06 0.00011527 -8.90118e-05 0.00801928 0.0157339 0.000692812 -0.00634026 0.00325393 -0.0113552 -0.00505221 -0.00925821 0.00602278 0.00788383 -0.00068399
internal_weight=20718.7 20349.3 19678.7 381.922 180.444 201.478 369.426 128.019 241.406 165.184 144.965 670.639 583.297 204.225
internal_count=164976 162316 158559 2063 949 1114 2660 837 1823 1248 1107 3757 3297 1219
is_linear=0
shrinkage=0.035


Tree=134
num_leaves=15
num_cat=0
split_feature=12 20 20 2 22 17 17 2 23 24 6 12 9 9
split_gain=12.7833 14.806 27.5607 27.9642 22.3609 29.4324 20.5853 21.701 17.1581 24.3442 17.2661 16.17 14.897 12.085
threshold=1.2361178994178774 -0.028148042969405648 1.0000000180025095e-35 -0.036199375987052911 0.50607720017433178 0.069067511707544341 0.057496471330523498 0.91703984141349804 0.2665951550006867 0.037483181804418571 0.026295965537428859 1.0301225185394289 0.3624344021081925 0.27849462628364569
decision_type=2 2 2 2 2 2 2 2 2 2 2 2 2 2
left_child=1 4 3 -3 6 -6 7 -1 9 -4 -10 -8 -5 -2
right_child=13 2 8 12 5 -7 11 -9 10 -11 -12 -13 -14 -15
leaf_value=0.0022817235877763313 -0.014195602002767519 5.139642582353091e-05 -0.00057920427599430222 -0.013913188595149823 -0.0086679916069935265 0.028993158860261339 -0.006349639484183673 0.020899442976634909 -0.00067900474603246853 0.0038229934174166306 -0.010813318218413297 0.0032878578474740245 -0.0043336761613174384 -0.0017365355622862976
leaf_weight=6911.1738158017397 89.091388368979096 751.86901663802564 4852.9037912413478 410.78138908557594 395.00305872969329 17.446362145245075 607.76667761802673 67.736677572131157 575.858677405864 2241.9552494119853 311.86833726242185 318.00436001271009 401.88929287344217 2763.6842731721699
leaf_count=49922 1280 6243 44051 5250 3504 115 3539 314 4993 17773 3364 1847 2780 20001
internal_value=-2.4747e-06 0.000345299 -0.00059494 -0.00482697 0.00142401 -0.00642635 0.00184122 0.00249207 0.000239513 0.000815301 -0.00432009 -0.00303938 -0.0092861 -0.00217386
internal_weight=20717 17864.3 9547.13 1564.54 8317.13 412.449 7904.68 6978.91 7982.59 7094.86 887.727 925.771 812.671 2852.78
internal_count=164976 143695 84454 14273 59241 3619 55622 50236 70181 61824 8357 5386 8030 21281
is_linear=0
shrinkage=0.035


Tree=135
num_leaves=15
num_cat=0
split_feature=23 15 23 2 20 15 10 3 16 3 23 18 4 15
split_gain=12.3724 25.5799 18.9706 24.3761 17.4647 16.0873 18.719 13.622 13.5705 13.4243 18.8858 10.1918 13.4724 10.1913
threshold=0.31619535386562353 16.187140464782718 0.30651316046714788 -0.018145581707358357 -0.032046774402260773 19.85615158081055 0.16102923452854159 -0.35107228159904474 1.8367773890495303 -0.30714456737041468 0.17157290875911715 -0.053393254056572907 -0.0069034937769174567 17.714315414428714
decision_type=2 2 2 2 2 2 2 2 2 2 2 2 2 2
left_child=2 7 5 11 -3 6 13 -2 -8 -7 -11 -4 -13 -1
right_child=1 4 3 -5 -6 9 8 -9 -10 10 -12 12 -14 -15
leaf_value=-0.025934497531221994 -0.0056217849697307734 -0.00026656473153189669 0.0022566809761389306 -0.0074965156113044546 -0.012198804394566356 0.010821331849250113 -1.3454692154397823e-05 0.015477909206786801 -0.0069300493137427911 0.0072165731316305446 -0.0022681846701928035 0.031034116668735928 0.0096677843413510243 -0.0043552347057140119
leaf_weight=41.445702534168959 51.098443955183029 249.89969522692263 67.956681367009878 79.396028611809015 368.60691409744322 255.92225511372089 17902.670446960256 97.411293115466833 344.37293515354395 453.57013186067343 569.73979094065726 58.819150995463133 106.8576014302671 66.529751868918538
leaf_count=1006 342 1708 381 582 3482 1397 141936 807 2493 3507 5125 351 712 1147
internal_value=-2.59804e-06 -0.00433557 0.000166103 0.00857897 -0.00745868 2.76778e-05 -0.000237645 0.00832138 -0.000147715 0.00380697 0.00196498 0.0141254 0.0185881 -0.0141345
internal_weight=20714.3 767.016 19947.3 313.029 618.507 19634.3 18355 148.51 18247 1279.23 1023.31 233.633 165.677 107.975
internal_count=164976 6339 158637 2026 5190 156611 146582 1149 144429 10029 8632 1444 1063 2153
is_linear=0
shrinkage=0.035


Tree=136
num_leaves=15
num_cat=0
split_feature=21 21 2 20 4 16 24 12 24 10 3 17 24 2
split_gain=12.1638 16.9532 17.8895 15.1139 23.781 14.2867 14.2211 37.5245 39.8216 19.3991 46.1027 16.6165 15.0352 14.0495
threshold=0.078718151897192015 0.068315757438540473 -0.18390440940856931 0.1171386204659939 0.042108759284019477 0.94115966558456432 0.03500685282051564 0.88706147670745861 0.034643387421965606 0.51754996180534374 0.012016052380204202 0.052463550120592124 0.036819720640778549 -0.0091286986134946329
decision_type=2 2 2 2 2 2 2 2 2 2 2 2 2 2
left_child=1 6 -3 5 -5 -2 7 11 -9 10 -8 -1 -11 -6
right_child=3 2 -4 4 13 -7 9 8 -10 12 -12 -13 -14 -15
leaf_value=-0.00063277225734217923 0.00013428406713743413 0.018928927248505038 0.0031302069471393951 -0.005094416512540452 0.018744923266017042 -0.0051059646881620587 -0.0045849064548045019 0.0020974131673333718 0.012106784486978122 0.0036412542356871894 0.0013676979207981068 -0.0080405550995866493 -0.00098959842281462528 0.0027988933334359197
leaf_weight=2446.9696783609688 1052.0962757691741 101.95432426035404 434.33948510140181 207.7781488429755 120.96691210195422 1604.7073916047812 3447.6624490413815 3795.2161011360586 549.85058035328984 1777.7830217182636 2950.146661683917 427.67501356452703 1646.4183288440108 148.75458337552845
leaf_count=18359 9811 637 3650 2084 851 15418 32340 26845 3990 10650 26002 2471 10677 1191
internal_value=-2.44943e-06 0.000356004 0.00642521 -0.00200749 0.00367149 -0.0030381 0.000161354 0.00133965 0.00338895 -0.000705236 -0.0018422 -0.00175892 0.00141826 0.010365
internal_weight=20712.3 17578 536.294 3134.3 477.5 2656.8 17041.7 7219.71 4345.07 9822.01 6397.81 2874.64 3424.2 269.721
internal_count=164976 135621 4287 29355 4126 25229 131334 51665 30835 79669 58342 20830 21327 2042
is_linear=0
shrinkage=0.035


Tree=137
num_leaves=15
num_cat=0
split_feature=12 21 13 22 22 24 1 6 13 21 4 21 0 16
split_gain=11.8776 13.9002 17.3764 25.5212 28.6645 23.9449 23.3501 19.1133 15.5174 20.088 21.6364 19.677 13.5475 13.1442
threshold=1.2565097808837893 0.078718151897192015 0.53940325975418102 0.55128791928291332 0.48759272694587713 0.039464315399527557 0.37296395003795629 0.22096353024244311 0.53940325975418102 0.12066358700394632 0.069272462278604521 0.089740335941314711 0.041432583704590804 0.90962305665016185
decision_type=2 2 2 2 2 2 2 2 2 2 2 2 2 2
left_child=1 2 3 4 -1 6 -4 -5 13 11 -11 -10 -7 -3
right_child=-2 8 5 7 -6 12 -8 -9 9 10 -12 -13 -14 -15
leaf_value=0.0019726658691890013 -0.0022563704812435959 -0.00060460482225682113 -0.00221524780656884 0.016276241076293146 -0.0042699787534529136 -0.0062488192115254084 0.0068711861838708921 -0.0088464621531507449 0.0026313462704929415 -0.00055787945888503972 0.012639624746902816 -0.0061230047025750039 0.0092428719681430446 -0.008709120495505613
leaf_weight=8541.6878695692867 2505.3357387352735 416.88341874442995 4682.0622285865247 216.33203043043613 997.71074457094073 76.149610560387373 364.40520988404751 37.741998635232449 528.08179023116827 350.17979390732944 258.03388425335288 751.77284252643585 392.2631175853312 590.6052454225719
leaf_count=62302 18620 3752 40457 1935 8489 620 2267 231 4810 3671 1892 7311 2756 5863
internal_value=-1.90404e-06 0.000309438 0.000730266 0.00161455 0.00131597 -0.000840152 -0.00154683 0.0123507 -0.00191027 -3.24269e-05 0.00515503 -0.00251847 0.00664642 -0.0053945
internal_weight=20709.2 18203.9 15308.4 9793.47 9539.4 5514.88 5046.47 254.074 2895.56 1888.07 608.214 1279.85 468.413 1007.49
internal_count=164976 146356 119057 72957 70791 46100 42724 2166 27299 17684 5563 12121 3376 9615
is_linear=0
shrinkage=0.035


Tree=138
num_leaves=15
num_cat=0
split_feature=10 2 10 3 22 2 15 15 17 15 24 15 12 5
split_gain=11.7996 12.0503 11.8089 18.3006 40.2703 18.0377 16.4285 15.9114 14.2139 13.682 13.3859 14.4871 13.0142 11.1153
threshold=0.17838168889284137 0.016562900505959991 1.3777923583984377 -0.77303957939147938 0.31738407909870153 0.91703984141349804 17.99348068237305 17.116715431213382 0.10665899142622949 17.180552482604984 0.034483484923839576 18.065177917480472 1.2361178994178774 -0.024192321114242073
decision_type=2 2 2 2 2 2 2 2 2 2 2 2 2 2
left_child=1 -1 3 4 6 12 -2 -7 9 -4 -10 -12 -5 -3
right_child=2 13 8 5 -6 7 -8 -9 10 -11 11 -13 -14 -15
leaf_value=-0.015786401486194989 0.0045757973493575667 0.015727002265868737 0.01164628523476279 0.0002869311041835422 0.024122422332076055 0.00061538973673619574 -0.018335599465915665 0.014654455634245766 -0.022318795344177533 -0.010159392404276452 -0.0089037940070241794 0.017695692999907864 -0.0023932612830033992 -0.0052109421464777619
leaf_weight=105.36437881737947 123.81224449723959 28.606185941025615 79.342211917042732 16842.189112637192 113.2623565942049 204.08924522995949 43.891818396747112 183.55115108191967 74.67542802542448 48.7720707654953 143.62798139452934 20.411688238382339 2545.9457350149751 149.69070409983397
leaf_count=2298 771 376 529 134278 706 1125 266 959 575 308 1107 141 18889 2648
internal_value=-1.84721e-06 -0.00696778 9.82647e-05 0.00021349 0.0089273 8.52383e-05 -0.00211498 0.00746437 -0.00604028 0.0032105 -0.0109345 -0.0047674 -6.60697e-05 -0.00119481
internal_weight=20707.2 283.661 20423.6 20056.7 280.966 19775.8 167.704 387.64 366.829 128.114 238.715 164.04 19388.1 178.297
internal_count=164976 5322 159654 156994 1743 155251 1037 2084 2660 837 1823 1248 153167 3024
is_linear=0
shrinkage=0.035


Tree=139
num_leaves=15
num_cat=0
split_feature=23 15 23 2 20 15 16 1 13 23 8 22 11 18
split_gain=11.5599 23.9629 17.6523 22.6893 16.2383 15.1332 15.3995 12.488 20.8557 19.2627 12.3047 11.9133 10.3865 9.3968
threshold=0.31619535386562353 16.187140464782718 0.30651316046714788 -0.018145581707358357 -0.032046774402260773 20.726525306701664 1.4528238773345949 -0.23274820297956464 0.19773899763822558 0.18840173631906512 -0.56287091970443714 0.3429033905267716 0.33706296980381018 -0.053393254056572907
decision_type=2 2 2 2 2 2 2 2 2 2 2 2 2 2
left_child=2 10 5 13 -3 7 11 9 -9 -1 -2 -7 -12 -4
right_child=1 4 3 -5 -6 6 -8 8 -10 -11 12 -13 -14 -15
leaf_value=-0.0011490026493832469 -0.0064227512725892741 -0.00032146605063263514 0.002166253341445195 -0.0073038070716061991 -0.011849173625983754 -0.00064006724103308219 -0.014983209613450935 -0.0079267330550971734 -0.00024273304924140904 0.0051658468335381872 0.0020974269212672121 0.013120883455131644 0.023712108129509649 0.01781914125505701
leaf_weight=1090.0677795857191 44.534876354038715 250.11470193602145 68.05101865157485 79.024609219282866 364.94081529788673 109.7587216142565 27.289056662470102 434.41874123178422 16447.097022054717 1276.5723425913602 51.634949004277587 241.82644299603999 53.130910441279411 167.36465354450047
leaf_count=6506 290 1708 381 582 3482 750 143 3369 136581 7670 522 1592 337 1063
internal_value=-1.80667e-06 -0.00419752 0.000161038 0.00825836 -0.00724153 2.71735e-05 0.00686294 -0.000110873 -0.000445044 0.00226465 0.00800987 0.00892606 0.0141701 0.013567
internal_weight=20705.8 764.356 19941.5 314.44 615.056 19627 378.874 19248.2 16881.5 2366.64 149.301 351.585 104.766 235.416
internal_count=164976 6339 158637 2026 5190 156611 2485 154126 139950 14176 1149 2342 859 1444
is_linear=0
shrinkage=0.035


Tree=140
num_leaves=15
num_cat=0
split_feature=20 17 10 21 9 15 20 20 13 20 21 12 1 16
split_gain=11.5128 11.5909 31.1124 16.9832 16.7031 15.3085 15.3686 12.2339 30.8304 24.2467 21.2802 13.4963 13.3076 10.8689
threshold=-0.098063450306653963 0.01944289077073336 0.32292938232421881 -0.10063671320676802 0.25503063201904302 15.947656631469728 -0.035793244838714593 -0.062295727431774132 0.48592977225780493 -0.059193730354309075 -0.12335744500160216 0.78242582082748424 0.45696476101875311 1.8367773890495303
decision_type=2 2 2 2 2 2 2 2 2 2 2 2 2 2
left_child=-1 2 5 -4 -5 -2 -7 8 10 11 -3 -9 -10 -11
right_child=1 7 3 4 -6 6 -8 9 12 13 -12 -13 -14 -15
leaf_value=0.0044956972152561756 -0.017316561502547036 0.0081720962004177538 -0.013072165527030112 0.0049511964455311612 0.03272845740908923 0.00091444338316655288 -0.0064467146899447247 0.015117698657965056 -0.0092222057808367206 0.0003411325255842124 -0.0014162811231397054 0.0034935515876930415 0.007473758128187259 -0.0064117027064748405
leaf_weight=664.58007222227752 94.806359047070146 336.66741451621056 17.833378329873085 60.029219806194305 44.481073565781116 591.42509158700705 824.60862161964178 185.32969892397523 717.27321327477694 14924.991238480434 1547.5549336783588 350.48657550662756 56.236037582159042 287.80976617336273
leaf_count=4195 1736 2032 175 580 401 6960 13827 1190 5616 112959 10581 2254 356 2114
internal_value=-1.64307e-06 -0.000152958 -0.0029695 0.0133438 0.0185993 -0.00436956 -0.00338738 9.84283e-05 -0.00209353 0.000469436 0.00033104 0.00771746 -0.00792847 0.000209248
internal_weight=20704.1 20039.5 1633.18 122.344 104.51 1510.84 1416.03 18406.3 2657.73 15748.6 1884.22 535.816 773.509 15212.8
internal_count=164976 160781 23679 1156 981 22523 20787 137102 18585 118517 12613 3444 5972 115073
is_linear=0
shrinkage=0.035


Tree=141
num_leaves=15
num_cat=0
split_feature=24 13 21 24 21 24 10 24 21 11 19 12 10 17
split_gain=11.3234 12.0939 41.505 31.5642 21.8997 19.7712 58.5742 27.4596 17.3697 12.7044 19.9592 11.8143 11.6627 19.2194
threshold=0.032028134912252433 0.65707772970199596 0.12066358700394632 0.039464315399527557 0.10439518839120866 0.034263120964169509 0.65337535738945018 0.034483484923839576 0.089740335941314711 0.37711803615093237 -0.012104610446840523 1.1048176288604739 0.62716931104660045 0.025646567344665531
decision_type=2 2 2 2 2 2 2 2 2 2 2 2 2 2
left_child=12 4 3 8 5 6 -2 -7 -3 10 -4 -5 13 -1
right_child=1 2 9 11 -6 7 -8 -9 -10 -11 -12 -13 -14 -15
leaf_value=-0.014196735649248698 0.0043441447119251849 -0.002856672437053362 -0.0097862627292240444 0.011892742044921079 -0.0051719689164717924 -0.0094006141913412621 -0.0059164280276611889 0.00032071830621451181 -0.01010468676778003 0.02076345727782623 0.010766655344231144 0.00049565020002061329 -0.01455039029340258 0.0029340666390547418
leaf_weight=103.02872568182647 4138.1835113018751 2712.6559878736734 69.515958983451128 204.96926759369671 769.95146388560534 358.85530791804194 806.51085434108973 10156.979743510485 469.91812521778047 83.675651364028454 212.52989156916738 233.19222272187471 113.7625877186656 268.14095934480429
leaf_count=1443 29815 23396 783 1506 7344 3304 4689 81277 4666 535 1945 1628 762 1883
internal_value=-1.34025e-06 0.000126642 -0.00159823 -0.0027405 0.000551022 0.000839192 0.00266202 -1.96402e-05 -0.00395517 0.00948247 0.00553933 0.00597354 -0.00523172 -0.00206878
internal_weight=20701.9 20216.9 3986.46 3620.74 16230.5 15460.5 4944.69 10515.8 3182.57 365.722 282.046 438.161 484.932 371.17
internal_count=164976 160888 34459 31196 126429 119085 34504 84581 28062 3263 2728 3134 4088 3326
is_linear=0
shrinkage=0.035


Tree=142
num_leaves=15
num_cat=0
split_feature=3 10 24 2 15 20 0 14 16 15 23 13 20 22
split_gain=11.0172 16.6645 13.4534 16.3477 24.6361 12.8321 11.7419 15.9951 13.9058 24.54 47.242 18.9828 17.7677 13.9227
threshold=1.2416156530380251 0.87123095989227306 0.037889750674366958 0.50985348224639904 17.307589530944828 -0.028148042969405648 -0.27993342280387873 0.58874675631523143 0.9563589096069337 17.37358379364014 0.20564330369234088 0.24623318761587146 -0.087301429361104951 0.39343349635601049
decision_type=2 2 2 2 2 2 2 2 2 2 2 2 2 2
left_child=6 2 3 4 -2 -5 7 -1 9 13 -11 -10 -13 -8
right_child=1 -3 -4 5 -6 -7 8 -9 11 10 -12 12 -14 -15
leaf_value=-0.014274133277152021 0.0095645286429223743 -0.0073737257022034484 0.021162778350780651 0.020167233926274446 -0.015079014494486995 0.00093520343486374962 0.00090708331886730478 0.0075656934583103316 -0.0066216606134711616 0.0058932458326475274 -0.0019156295595059846 0.0043990527230294485 -0.0011232806602112454 -0.0028348566543611228
leaf_weight=36.394911304116249 93.380301550030708 99.174223616719246 69.14814555644989 96.249775543808937 86.032987363636494 72.522511631250381 2528.7012861259282 401.44306375086308 701.4831398781389 2396.9676570799202 1560.3789106421173 762.05834756046534 9462.4638153389096 2333.5744849834591
leaf_count=237 478 549 355 439 450 388 18002 2370 5279 20212 12718 5255 79127 19117
internal_value=-1.84389e-06 0.00499634 0.0080397 0.00491544 -0.00242485 0.0124177 -0.000132162 0.00547208 -0.000259137 0.000774178 0.00281714 -0.00109319 -0.000707792 -0.000890936
internal_weight=20700 516.508 417.334 348.186 179.413 168.772 20183.5 437.838 19745.6 8819.62 3957.35 10926 10224.5 4862.28
internal_count=164976 2659 2110 1755 928 827 162317 2607 159710 70049 32930 89661 84382 37119
is_linear=0
shrinkage=0.035


Tree=143
num_leaves=15
num_cat=0
split_feature=9 17 16 15 3 2 16 18 3 17 21 5 24 3
split_gain=10.9096 11.559 21.5901 10.5621 14.3996 20.0612 11.4847 13.6243 11.9368 11.3909 9.78281 9.69618 9.36147 7.06459
threshold=0.17454569041728976 0.015632616356015209 0.88531154394149791 19.85615158081055 -0.28793604671955103 0.052049672231078155 1.8367773890495303 0.25450208783149725 -0.61334294080734242 0.069067511707544341 -0.056625531986355775 0.09681005030870439 0.033588260412216193 0.036306155845522887
decision_type=2 2 2 2 2 2 2 2 2 2 2 2 2 2
left_child=11 2 10 6 9 -6 7 -3 -8 -5 -2 13 -13 -1
right_child=1 3 -4 4 5 -7 8 -9 -10 -11 -12 12 -14 -15
leaf_value=-0.010786674025993195 -0.00037047202279928367 -0.000206552744752108 0.00077319422665675353 0.012058923798306795 -0.004495420302075101 0.0055632790641371608 -0.014569043361896773 0.0052296077767444733 -0.0013188432389738536 -0.0077464037053194554 0.032220344687354567 -0.012394112907219723 0.015431821259787152 -0.0027875213689942616
leaf_weight=211.71497927978635 14.206085268408058 17671.520402368158 146.48860744945705 268.76689535751939 435.13630124740303 525.07009942643344 125.27210818976164 573.39798380434513 222.60661073029041 33.839857123792171 40.900487683713436 12.008445037528871 43.74157876521349 373.17221382632852
leaf_count=4293 185 136317 1915 1485 3817 3620 981 3730 1568 196 518 167 591 5593
internal_value=-1.55191e-06 0.000143068 0.00828024 5.63243e-05 0.00314084 0.00100563 -0.00015475 -3.29349e-05 -0.00636405 0.00966719 0.0250522 -0.00446195 0.00846472 -0.00581567
internal_weight=20697.8 20057.2 201.595 19855.6 1262.81 960.206 18592.8 18244.9 347.879 302.607 55.1066 640.637 55.75 584.887
internal_count=164976 154332 2618 151714 9118 7437 142596 140047 2549 1681 703 10644 758 9886
is_linear=0
shrinkage=0.035


Tree=144
num_leaves=15
num_cat=0
split_feature=10 15 18 23 15 23 2 20 15 16 19 6 0 16
split_gain=10.7882 16.4686 11.0877 10.827 22.5995 16.0586 21.0172 14.2369 12.9993 14.4649 12.0048 10.747 8.64275 8.40971
threshold=0.16102923452854159 17.714315414428714 -0.016843183897435662 0.31619535386562353 16.065952301025394 0.30651316046714788 -0.018145581707358357 -0.032046774402260773 20.726525306701664 1.4528238773345949 -0.2403500825166702 0.11021561548113824 -0.10317923501133917 1.0528064370155337
decision_type=2 2 2 2 2 2 2 2 2 2 2 2 2 2
left_child=1 -1 -3 5 -5 8 12 -6 10 -10 -2 13 -7 -4
right_child=3 2 11 4 7 6 -8 -9 9 -11 -12 -13 -14 -15
leaf_value=-0.025655501807867687 0.002846650494117814 -0.019781453798776261 0.01858435537271293 0.0089694393672651064 -0.00034083693636908455 0.0018693141832303083 -0.0071028004409450264 -0.010977638300202569 0.0085120340682870426 -0.01470581773949421 -0.00030027468825896296 -0.016534106316811299 0.016960567429013099 -0.0067200265799860553
leaf_weight=40.524339385330677 1612.5530919395387 17.787791859358549 45.047748623415828 127.36959013901651 258.13576855510473 66.173899799585342 78.625012997537851 375.06763985008001 345.58056004345417 27.142931152135134 17502.281084466726 11.965335300192235 171.05372991040349 16.708310417830944
leaf_count=1032 9920 474 662 968 1759 369 581 3584 2210 143 141711 176 1070 317
internal_value=-1.32387e-06 -0.00961422 -0.000682832 6.50399e-05 -0.00400533 0.00022331 0.00792899 -0.00671409 9.44141e-05 0.00648117 -3.34462e-05 0.00573771 0.0129968 0.0117558
internal_weight=20696 132.034 91.5092 20564 760.573 19803.4 315.853 633.203 19487.6 372.723 19114.8 73.7214 237.228 61.7561
internal_count=164976 2661 1629 162315 6311 156004 2020 5343 153984 2353 151631 1155 1439 979
is_linear=0
shrinkage=0.035


Tree=145
num_leaves=15
num_cat=0
split_feature=24 20 20 2 15 23 16 11 23 11 23 19 17 22
split_gain=10.5673 12.2316 31.5232 19.8429 19.1884 34.4578 26.4851 20.1311 17.5052 16.0517 18.0855 17.8248 12.571 11.74
threshold=0.032028134912252433 -0.028148042969405648 1.0000000180025095e-35 -0.036199375987052911 18.1430778503418 0.22679369151592257 0.89348018169403087 0.20158305764198306 0.15924271941185 0.37711803615093237 0.25695779174566274 0.017977044917643074 0.038299575448036201 0.48759272694587713
decision_type=2 2 2 2 2 2 2 2 2 2 2 2 2 2
left_child=-1 4 3 12 13 6 -6 -7 -5 10 -4 -11 -3 -2
right_child=1 2 9 8 5 7 -8 -9 -10 11 -12 -13 -14 -15
leaf_value=-0.0050654261955270499 0.00052718296353669787 0.0032555553086884965 -8.1590382668896865e-05 -0.015903864390291612 0.012705376739660941 -0.013709607316669054 0.0035260366252581389 0.00019243790970376842 -0.0052471634888409139 0.0042877150322637846 -0.0056504880788504751 -0.0017180231981156796 -0.0049694795599188853 -0.0042122423139003152
leaf_weight=482.91980717331171 5647.0131868403405 420.90665104985237 5587.1567805595696 263.61133215762675 531.49359291791916 141.74918592534959 1377.5171585883945 800.10978856310248 668.33721349388361 1899.499822691083 809.16100545972586 879.78031767904758 473.33184204995632 711.96758735366166
leaf_count=4088 38168 4198 53148 2668 3510 1962 10012 5523 6497 11953 8653 5783 3174 5639
internal_value=-2.14333e-06 0.00012128 -0.00066624 -0.00485239 0.00106173 0.00344224 0.00613458 -0.00202186 -0.00839836 0.000171289 -0.0007938 0.00238726 -0.00110487 -9.23561e-06
internal_weight=20694.6 20211.6 11001.8 1826.19 9209.85 2850.87 1909.01 941.859 931.949 9175.6 6396.32 2779.28 894.238 6358.98
internal_count=164976 160888 96074 16537 64814 21007 13522 7485 9165 79537 61801 17736 7372 43807
is_linear=0
shrinkage=0.035


Tree=146
num_leaves=15
num_cat=0
split_feature=17 15 8 3 7 17 9 22 11 8 19 3 22 7
split_gain=10.3645 22.6785 25.5403 16.7168 25.3341 19.7207 12.1498 18.1573 10.5355 26.754 22.1334 21.5587 33.9565 14.2841
threshold=0.01944289077073336 15.947656631469728 -0.18080909550189969 0.15062501281499865 -0.066573813557624803 0.01456429483368993 0.2667145729064942 0.31738407909870153 0.85798567533493053 -0.68587321043014515 -0.056140815839171403 -0.77303957939147938 0.30037069320678716 -0.38991765677928919
decision_type=2 2 2 2 2 2 2 2 2 2 2 2 2 2
left_child=1 -1 6 5 -5 -4 -3 -8 11 -10 -11 12 -2 -14
right_child=8 2 3 4 -6 -7 7 -9 9 10 -12 -13 13 -15
leaf_value=-0.017929266154071605 -0.0026727891547468296 0.0040577365828271062 0.0044196668203011318 0.011137731118543751 -0.0040438525250797372 -0.010265814856791726 0.040477530162805087 0.0015700534689788552 -0.011992170291046019 0.018147905586329002 -0.0092888941972562554 0.00020035914799742551 0.037293456274863405 0.012051825778162033
leaf_weight=101.23139888048172 132.16288910806179 205.33780840598047 134.48212584480643 184.29401868022978 428.81201137788594 540.96445262990892 21.742566019296646 28.926505167037249 250.37461718171835 76.922828212380409 53.323369026184082 18395.904670726508 40.766085043549538 95.966997571289539
leaf_count=1838 824 2962 2655 1762 4973 9240 220 299 1792 483 384 136679 233 632
internal_value=-2.78262e-06 -0.00265889 -0.00154917 -0.00356399 0.0006251 -0.0073201 0.00834475 0.0221856 0.000228017 -0.00546103 0.00705376 0.000346893 0.010005 0.0216062
internal_weight=20691.2 1645.79 1544.56 1288.55 613.106 675.447 256.007 50.6691 19045.4 380.621 130.246 18664.8 268.896 136.733
internal_count=164976 23949 22111 18630 6735 11895 3481 519 141027 2659 867 138368 1689 865
is_linear=0
shrinkage=0.035


Tree=147
num_leaves=15
num_cat=0
split_feature=10 11 23 3 15 17 19 3 10 24 11 7 8 9
split_gain=10.3896 14.9016 12.1301 13.6931 13.6708 14.125 13.1313 9.97864 15.5297 12.4496 10.9613 21.9765 19.7461 8.60523
threshold=0.1900497302412987 0.10261419415473939 0.13350772112607959 0.048678733408451087 17.99348068237305 0.015632616356015209 0.12636848539114001 1.2416156530380251 0.87123095989227306 0.037889750674366958 0.85798567533493053 -0.43948669731616968 -0.68587321043014515 0.15217534452676776
decision_type=2 2 2 2 2 2 2 2 2 2 2 2 2 2
left_child=2 -2 3 -1 5 -5 -6 10 9 -9 11 -3 -12 -4
right_child=1 7 13 4 6 -7 -8 8 -10 -11 12 -13 -14 -15
leaf_value=-0.012015288784263625 0.019194697103953644 0.0068776069897208371 -0.021408427032610311 -0.022082530134584714 0.017342051542291764 0.0061940870150926928 -0.0097183633107077606 0.0047375772068631939 -0.0071491498045068488 0.020319634587870967 -0.011540595482828082 -0.00014756613155790418 0.0053671020386301107 -0.0056212711254991126
leaf_weight=73.960565643385053 40.027114985510707 551.80218134820461 63.222980979830027 28.733469968661666 93.113199912011623 41.64814162440598 20.917239401489496 348.42918521165848 98.752232164144516 69.741280153393745 244.4601262062788 18769.236688749865 119.53636144846678 125.55422024801373
leaf_count=1173 453 3021 1966 361 944 405 187 1755 549 355 1770 148289 801 2947
internal_value=-1.62418e-06 0.000116159 -0.00521946 -0.000210532 0.00489841 -0.00666098 0.0119949 6.88801e-05 0.00482218 0.00775018 -5.83249e-05 5.65244e-05 -0.00599307 -0.0117195
internal_weight=20689.1 20242 447.15 258.373 184.412 70.3816 114.03 20202 516.923 418.17 19685 19321 363.996 188.777
internal_count=164976 156993 7983 3070 1897 766 1131 156540 2659 2110 153881 151310 2571 4913
is_linear=0
shrinkage=0.035


Tree=148
num_leaves=15
num_cat=0
split_feature=12 21 1 13 21 6 14 0 11 7 3 20 8 8
split_gain=9.98431 11.8595 16.3653 22.1011 17.2048 15.1239 15.7032 16.3616 15.0787 14.669 13.3927 11.565 16.7515 11.0279
threshold=1.2565097808837893 0.078718151897192015 0.37296395003795629 0.65707772970199596 0.05675837583839894 0.10124514624476434 1.2263967990875246 0.28972283005714422 0.71205112338066112 -0.011780553031712769 -0.10437268763780592 0.08993044495582582 -0.079893298447132097 -0.50804832577705372
decision_type=2 2 2 2 2 2 2 2 2 2 2 2 2 2
left_child=1 2 3 4 -1 6 9 -8 -4 -3 -5 -7 -13 -2
right_child=13 5 8 10 -6 11 7 -9 -10 -11 -12 12 -14 -15
leaf_value=0.00071060488407217451 0.002305072964715384 -0.00066725177285151282 0.007562465696659435 -0.0059118443540573775 0.0068596265101935772 -0.0021189043540202168 -0.012856842932239506 0.013049600709778626 -0.012986736069452469 -0.010450402547682487 -0.0003878378861995426 -0.0021968499741888705 0.010000161159293737 -0.0032984664327649887
leaf_weight=11925.018586035818 543.36694008857012 1234.2519985996187 594.30000037699938 950.02194134145975 575.0069337002933 556.80667191185057 303.67767535708845 24.988896228373051 38.179626621305943 211.78684935346246 1225.4737460892648 230.49648759700358 322.56972173787653 1951.3735764473677
leaf_count=91121 3592 11719 3570 7925 4979 5042 3132 170 259 2497 11203 1722 3017 15028
internal_value=-1.8467e-06 0.000283243 0.000671344 0.000431673 0.00099872 -0.00177155 -0.00376774 -0.01056 0.00613919 -0.00216202 -0.00281614 0.00142553 0.00496818 -0.00207366
internal_weight=20687.3 18192.6 15308 14675.5 12500 2884.58 1774.71 328.667 632.48 1446.04 2175.5 1109.87 553.066 2494.74
internal_count=164976 146356 119057 115228 96100 27299 17518 3302 3829 14216 19128 9781 4739 18620
is_linear=0
shrinkage=0.035


Tree=149
num_leaves=15
num_cat=0
split_feature=24 6 12 19 17 24 8 22 1 24 23 4 22 22
split_gain=10.523 17.1612 20.364 27.8137 15.9714 15.6406 29.6718 32.8701 24.3619 24.0411 31.2037 38.5913 18.3148 64.2424
threshold=0.039040250703692443 0.01307046599686146 0.88706147670745861 0.19288592040538791 0.030716869048774246 0.036819720640778549 -0.046883389353752129 0.40993298590183264 0.37296395003795629 0.037282371893525131 0.2665951550006867 -0.050233308225870126 0.48759272694587713 0.47683593630790716
decision_type=2 2 2 2 2 2 2 2 2 2 2 2 2 2
left_child=5 4 3 -3 -2 6 12 8 -8 -7 -11 -12 13 -1
right_child=1 2 -4 -5 -6 9 7 -9 -10 10 11 -13 -14 -15
leaf_value=0.00115077667022743 -0.008693973496689527 0.026904823434746254 0.0034436873873416557 -0.005319976019996015 0.0032844936334180501 -0.0063765594315249681 -0.014698435875358885 -0.00061517786220916166 0.0051145376805192847 0.0018674785374170487 0.0092456606933258075 -0.0080337213534332919 -0.0015756065461467047 0.019835390019954074
leaf_weight=10280.343953957781 209.32052443362772 106.03900370374322 479.06876678206027 41.691063210368156 351.23166204243898 1137.6003784369677 429.30958505906165 1052.5888241603971 86.672751747071743 2255.3405701369047 180.76313153281808 953.56559479422867 2901.9404743462801 220.54017603397369
leaf_count=73872 1972 824 3182 234 2127 10484 4366 10057 519 18880 1201 9319 26115 1824
internal_value=-2.09617e-06 0.00318278 0.00711561 0.0180499 -0.00126247 -0.000197568 0.000347782 -0.00419139 -0.0113364 -0.0019978 -0.000513818 -0.0052234 0.000881743 0.00156169
internal_weight=20686 1187.35 626.799 147.73 560.552 19498.7 14971.4 1568.57 515.982 4527.27 3389.67 1134.33 13402.8 10500.9
internal_count=164976 8339 4240 1058 4099 156637 116753 14942 4885 39884 29400 10520 101811 75696
is_linear=0
shrinkage=0.035


Tree=150
num_leaves=15
num_cat=0
split_feature=24 10 10 20 20 2 15 23 10 11 21 12 18 10
split_gain=9.88781 11.1997 18.5788 10.9043 29.6173 18.5206 17.9197 31.8878 19.3104 18.9054 16.6438 16.4098 16.8865 15.4642
threshold=0.032028134912252433 0.62716931104660045 0.28944413363933569 -0.028148042969405648 1.0000000180025095e-35 -0.036199375987052911 18.1430778503418 0.22679369151592257 0.56463307142257702 0.20158305764198306 -0.10554360598325728 1.217626750469208 0.20240169763565066 0.1900497302412987
decision_type=2 2 2 2 2 2 2 2 2 2 2 2 2 2
left_child=1 2 -1 6 5 -5 11 8 -8 -9 -7 -2 -13 -6
right_child=3 -3 -4 4 13 10 7 9 -10 -11 -12 12 -14 -15
leaf_value=-0.016609950258959189 0.00075751730391966361 -0.014096459383046716 0.0021834398525185871 -0.0010772329047677547 -0.011468660881886477 -0.01550866992540781 0.0044630093937803143 -0.013366835917901903 0.014768296139453073 0.00017296031160413984 -0.005066290312194451 -0.0056598787037062852 0.0077907432063946498 0.00036085146502398804
leaf_weight=71.692946283146739 5318.9812941402197 112.33981709182262 297.12427804991603 893.78811614774168 127.43067270889878 260.19339839555323 1663.574656099081 139.95386668667197 251.26976035535336 800.21846693754196 665.35532672889531 918.74389475397766 121.54760145395994 9041.0123098380864
leaf_count=1154 36539 762 2172 7372 3262 2668 12309 1962 1213 5523 6497 6466 802 76275
internal_value=-1.83399e-06 -0.00490859 -0.00181177 0.000117402 -0.000626995 -0.00469322 0.00100479 0.00330309 0.00588499 -0.00196204 -0.00813628 -3.06045e-05 -0.00402909 0.000184119
internal_weight=20683.2 481.157 368.817 20202.1 10987.8 1819.34 9214.29 2855.02 1914.84 940.172 925.549 6359.27 1040.29 9168.44
internal_count=164976 4088 3326 160888 96074 16537 64814 21007 13522 7485 9165 43807 7268 79537
is_linear=0
shrinkage=0.035


Tree=151
num_leaves=15
num_cat=0
split_feature=24 3 24 8 22 1 24 23 9 15 22 22 5 3
split_gain=9.7941 16.2359 14.4574 27.6931 30.7595 22.9891 22.6948 29.2161 43.5001 19.3718 17.2119 59.1405 25.3293 16.9194
threshold=0.039040250703692443 -0.11618942767381667 0.036819720640778549 -0.046883389353752129 0.40993298590183264 0.37296395003795629 0.037282371893525131 0.2665951550006867 0.5149366855621339 16.865507125854496 0.48759272694587713 0.47683593630790716 0.0075982685666531333 -0.35107228159904474
decision_type=2 2 2 2 2 2 2 2 2 2 2 2 2 2
left_child=2 -2 3 10 5 -5 9 -8 -9 13 11 -1 -12 -4
right_child=1 -3 6 4 -6 -7 7 8 -10 -11 12 -13 -14 -15
leaf_value=0.0011094016010955142 -0.0023705483088492865 0.006095131776909503 -0.0099160854952363604 -0.014313983883665346 -0.00060983700477812799 0.0049332346965944166 0.0018155437282271331 -0.012666806137410884 0.0010727058727430818 -0.0098545113701026116 -0.0052015757998196913 0.018930703438250842 0.0013668253394276797 0.0041973339480032125
leaf_weight=10285.198511827737 426.10317606665194 763.07729996927083 145.97485074400902 424.54690044932067 1052.2502483408898 86.89800163730979 2257.317341350019 498.96065731160343 630.6120782494545 683.92798339016736 1277.9786130432039 223.35227216593921 1621.3174688164145 302.69768988527358
leaf_count=73872 3028 5311 1065 4366 10057 519 18880 5964 4556 6537 11692 1824 14423 2882
internal_value=-2.8139e-06 0.00306727 -0.000191601 0.000332367 -0.00406043 -0.0110119 -0.00192423 -0.000483767 -0.00505428 -0.00618981 0.000847322 0.00150582 -0.00153638 -0.000510524
internal_weight=20680.2 1189.18 19491 14971.5 1563.7 511.445 4519.49 3386.89 1129.57 1132.6 13407.8 10508.6 2899.3 448.673
internal_count=164976 8339 156637 116753 14942 4885 39884 29400 10520 10484 101811 75696 26115 3947
is_linear=0
shrinkage=0.035


Tree=152
num_leaves=15
num_cat=0
split_feature=20 20 20 13 21 3 2 11 9 24 20 12 12 8
split_gain=9.47831 10.8584 24.425 24.0119 20.4795 21.4562 12.73 11.8582 26.4082 24.0509 11.006 12.5772 9.76132 8.94914
threshold=-0.098063450306653963 -0.062295727431774132 -0.059193730354309075 0.48592977225780493 -0.12335744500160216 -0.069060187786817537 0.30583609640598303 0.3668257743120194 0.67248654365539562 0.034263120964169509 -0.073807202279567705 0.84744608402252208 1.0009769797325136 -0.53394356369972218
decision_type=2 2 2 2 2 2 2 2 2 2 2 2 2 2
left_child=-1 3 12 4 5 -2 -6 9 -9 -4 13 -12 -3 -5
right_child=1 2 7 10 6 -7 -8 8 -10 -11 11 -13 -14 -15
leaf_value=0.0040653478245550904 -0.0041100235585896086 0.0099584783370548768 0.0017009699461812064 -0.015281421716769073 -0.0026218073524156785 0.01365069788668581 0.0080859857417796225 0.0036636532731849514 -0.0012723993665195367 -0.0017925665882619066 0.00044027354475025617 -0.013396192469887753 0.00035351505801288756 0.00010668095854356936
leaf_weight=668.43774862028658 122.4910216704011 417.77872905321419 3495.6332206372172 44.748987920582294 1548.2886829208583 227.56950795650482 139.31343439593911 2761.9710638746619 2540.9685986712575 7746.420231949538 100.79663399606943 377.31581640988588 187.04335865937173 298.99305786006153
leaf_count=4195 760 2978 29278 289 11234 1445 820 16856 16143 73256 836 3361 1232 2293
internal_value=-3.22208e-06 -0.000141101 0.000192219 -0.00213388 -8.77772e-05 0.00749443 -0.00169544 -6.22914e-05 0.00130054 -0.000705731 -0.00714483 -0.0105299 0.00704217 -0.00227193
internal_weight=20677.8 20009.3 17149.8 2859.52 2037.66 350.061 1687.6 16545 5302.94 11242.1 821.854 478.112 604.822 343.742
internal_count=164976 160781 139743 21038 14259 2205 12054 135533 32999 102534 6779 4197 4210 2582
is_linear=0
shrinkage=0.035


Tree=153
num_leaves=15
num_cat=0
split_feature=10 15 18 6 24 6 12 19 15 16 13 21 19 24
split_gain=9.66277 15.4124 10.3962 10.0719 9.47755 15.9868 18.666 26.1792 16.6639 20.0674 13.5855 42.9344 18.4644 18.1976
threshold=0.16102923452854159 17.714315414428714 -0.016843183897435662 0.11021561548113824 0.039040250703692443 0.01307046599686146 0.88706147670745861 0.19288592040538791 16.738338470458988 0.90164455771446239 0.65707772970199596 0.12066358700394632 0.6324903964996339 0.036819720640778549
decision_type=2 2 2 2 2 2 2 2 2 2 2 2 2 2
left_child=1 -1 -3 -4 10 8 7 -7 9 -6 13 12 -12 -2
right_child=4 2 3 -5 5 6 -8 -9 -10 -11 11 -13 -14 -15
leaf_value=-0.025107401776962735 0.00089694465598934466 -0.019382911573231139 0.011275394784225212 -0.016214861590062982 -0.0087785642865799637 0.025953007081974535 0.0033592347034483968 -0.0052958574525134557 -0.0060728363587360138 0.012828622332526577 -0.004174127722316125 0.0090169633569370175 0.007600267786593078 -0.0020359523778549207
leaf_weight=38.551040532067418 12725.910737682134 17.190082579851151 62.322282917797565 11.691581692546604 69.191443827003241 105.9603570997715 477.11292335018516 41.668340802192688 335.42050626501441 153.99511012807488 2861.6549916286021 366.91345796361566 163.97846481204033 3243.7405654024333
leaf_count=1032 95735 474 979 176 457 781 3104 234 2571 1032 25783 3227 1058 28333
internal_value=-3.1862e-06 -0.00917518 -0.000625338 0.00551976 5.91748e-05 0.00308642 0.00688819 0.0173566 -0.0012118 0.00604085 -0.000127338 -0.00213539 -0.00351306 0.000300316
internal_weight=20675.3 129.755 91.2039 74.0139 20545.5 1183.35 624.742 147.629 558.607 223.187 19362.2 3392.55 3025.63 15969.7
internal_count=164976 2661 1629 1155 162315 8179 4119 1015 4060 1489 154136 30068 26841 124068
is_linear=0
shrinkage=0.035


Tree=154
num_leaves=15
num_cat=0
split_feature=10 16 15 11 20 15 3 10 3 22 2 8 6 11
split_gain=9.3432 22.3532 19.6878 17.0534 15.9188 15.3432 13.943 9.20858 16.07 34.4167 15.8032 15.6735 13.7726 8.0081
threshold=0.20023489743471148 1.0528064370155337 15.947656631469728 0.10261419415473939 -0.028148042969405648 17.507804870605472 0.43046869337558752 1.3777923583984377 -0.77303957939147938 0.31738407909870153 0.91703984141349804 -0.82127928733825672 0.53708842396736156 0.1241627372801304
decision_type=2 2 2 2 2 2 2 2 2 2 2 2 2 2
left_child=1 2 -1 -2 6 -6 -4 8 9 -5 -10 -9 -13 -3
right_child=3 13 4 7 5 -7 -8 11 10 -11 -12 12 -14 -15
leaf_value=-0.024252285829258358 0.022297431929182342 -0.019782144890920672 0.0041031555071680756 -0.0019836993293444456 0.012991857759961154 -0.013633286468063378 0.026832350953913946 -0.015283324972442619 -8.3688070919791431e-05 0.022131194127215561 0.0069548435772062824 0.0056084148497495172 -0.011298368981250292 -0.0055149743911728256
leaf_weight=25.97375063970685 32.415860094130039 104.42925893142819 235.26373801194131 167.14068973809481 26.661974664777517 95.518824795261025 29.634415253996849 118.1763750910759 18988.823184842244 116.06263936311007 388.97414276748896 163.46883115917444 79.467559665441513 101.7176521141082
leaf_count=587 341 2216 3021 1037 642 2319 172 924 147505 706 2084 1200 535 1687
internal_value=-3.50233e-06 -0.00420319 0.000555801 0.000128196 0.00278932 -0.00727989 0.00752948 8.11915e-05 0.000184198 0.00831683 6.1112e-05 -0.00538088 -0.000150047 -0.0133232
internal_weight=20673.7 619.2 413.053 20054.5 387.079 122.181 264.898 20022.1 19661 283.203 19377.8 361.113 242.936 206.147
internal_count=164976 10644 6741 154332 6154 2961 3193 153991 151332 1743 149589 2659 1735 3903
is_linear=0
shrinkage=0.035


Tree=155
num_leaves=15
num_cat=0
split_feature=24 10 10 2 8 6 24 9 23 22 23 15 9 19
split_gain=9.18536 10.5472 17.6056 9.88754 26.0794 22.8372 23.9113 22.2267 21.6961 16.2241 15.1463 26.4717 25.5892 23.4887
threshold=0.032028134912252433 0.62716931104660045 0.28944413363933569 -0.3127556294202804 -0.74504911899566639 -0.43775801360607142 0.036819720640778549 0.5149366855621339 0.15924271941185 0.29079861938953405 0.13350772112607959 18.743915557861332 0.15217534452676776 -0.2403500825166702
decision_type=2 2 2 2 2 2 2 2 2 2 2 2 2 2
left_child=1 2 -1 4 7 8 -7 -2 -6 -9 11 13 -12 -5
right_child=3 -3 -4 10 5 6 -8 9 -10 -11 12 -13 -14 -15
leaf_value=-0.016271637097540963 0.02337511710063319 -0.013710121445128809 0.0021211489228611345 0.01597734811373849 -0.0066837103505466957 0.0053495857646108274 -0.0038894562177417468 -0.011236325749492551 0.017397487194784508 0.00019041400706176271 -0.015252734060117994 0.0079351447265713498 -0.00052204660591510018 -0.00038647981541041097
leaf_weight=70.567749261856079 24.723573967814445 111.15869415551424 297.46380771324039 102.26644185557961 50.572365656495094 1110.6890822444111 486.1424358561635 292.97482542693615 238.31854629516602 305.23480932414532 135.95986053533852 701.56559150852263 14245.295620918274 2499.1277117840946
leaf_count=1154 136 762 2172 607 281 6680 3264 1835 1387 1999 3409 5034 118271 17985
internal_value=-3.36535e-06 -0.00474231 -0.00174269 0.000111385 0.00216311 0.00420988 0.00253013 -0.00400142 0.0130993 -0.0054986 -0.000180728 0.00195305 -0.000671812 0.000315538
internal_weight=20672.1 479.19 368.032 20192.9 2508.66 1885.72 1596.83 622.933 288.891 598.21 17684.2 3302.96 14381.3 2601.39
internal_count=164976 4088 3326 160888 15582 11612 9944 3970 1668 3834 145306 23626 121680 18592
is_linear=0
shrinkage=0.035


Tree=156
num_leaves=15
num_cat=0
split_feature=6 8 18 23 22 22 10 22 22 5 6 6 20 14
split_gain=8.89787 30.3486 23.9618 22.7649 19.3881 19.0286 36.6401 66.8762 32.168 27.1099 25.7476 13.4618 14.3842 12.6987
threshold=0.1298250034451485 -0.05344859138131141 0.003276324132457376 0.13350772112607959 0.40993298590183264 0.40314695239067083 0.75496375560760509 0.31738407909870153 0.40844422578811651 0.24686548858880999 -0.3755104392766952 0.10124514624476434 0.075268819928169264 0.91008615493774425
decision_type=2 2 2 2 2 2 2 2 2 2 2 2 2 2
left_child=1 5 -2 -4 -3 6 10 -8 13 -10 -1 -6 -13 -7
right_child=2 4 3 -5 11 8 7 -9 9 -11 -12 12 -14 -15
leaf_value=0.010415936033968232 0.0058073838245219726 -0.016220072628397114 0.0051347280742058028 -0.0017517299873057075 -0.0089668542293468417 -0.0061702750886465643 -0.009447822092730887 0.0091288954953969732 -0.0012692109970925162 0.016481714337848254 0.0013370663128122453 -0.0030277884391297421 0.017521835992757293 -0.020584079111330887
leaf_weight=393.23602326959372 1112.6668308060616 215.84531990997493 759.86923479288816 2479.9173242915422 204.77414005808532 200.66151408664882 911.54660619795322 310.91400817036629 6049.6139427181333 97.291547916829586 7640.5834147185087 115.7600522916764 53.279938206076622 123.54954401403666
leaf_count=2168 8051 3192 4653 19203 3117 1965 5804 1794 52269 684 58819 1491 612 1154
internal_value=-3.33278e-06 -0.000378518 0.00140085 -0.000125729 -0.00810638 -8.3814e-05 0.000933751 -0.00468739 -0.00153853 -0.000961941 0.00179385 -0.00312089 0.00406616 -0.0121146
internal_weight=20669.5 16317.1 4352.45 3239.79 589.659 15727.4 9256.28 1222.46 6471.12 6146.91 8033.82 373.814 169.04 324.211
internal_count=164976 133069 31907 23856 8412 124657 68585 7598 56072 52953 60987 5220 2103 3119
is_linear=0
shrinkage=0.035


Tree=157
num_leaves=15
num_cat=0
split_feature=24 3 17 8 16 15 23 10 12 6 0 24 8 19
split_gain=9.10623 14.7063 15.8177 20.9248 12.2784 21.2338 49.7205 54.2332 20.0719 20.372 19.8122 22.6342 21.3761 21.0702
threshold=0.039040250703692443 -0.11618942767381667 0.050384880974888809 -0.48441351950168604 0.91776660084724437 17.37358379364014 0.20564330369234088 0.50377649068832409 0.77030211687088024 -0.081984922289848314 -0.27993342280387873 0.035096112638711936 -0.060125390067696564 0.035973811522126205
decision_type=2 2 2 2 2 2 2 2 2 2 2 2 2 2
left_child=4 2 -2 -4 5 8 7 -7 -1 -10 -6 12 -12 -13
right_child=1 -3 3 -5 10 6 -8 -9 9 -11 11 13 -14 -15
leaf_value=-0.0041965869516606387 -0.006716643193819068 0.0058254742869612757 -0.003099193249823102 0.024024347958078375 0.0075433147245372303 0.0029283075793640838 -0.0025218742539243051 0.01597602148372863 -0.0018370356055694825 0.0041676841316274195 0.0015866253628928123 -0.0044942954573787908 -0.0041182226407882839 -0.00049824006471575863
leaf_weight=1342.5124788805842 292.53069232776761 765.79529653675854 85.844635665416718 46.50243878364563 324.33677594363689 1424.4452406130731 1187.0584390312433 530.80050555616617 1454.1922522913665 1303.5887212157249 4477.2800529133528 3224.2894396763295 970.52459758520126 3236.8192062526941
leaf_count=10020 2265 5311 499 264 1932 12945 9551 2992 9762 11089 33905 27515 8781 28145
internal_value=-3.46908e-06 0.00295482 -0.00223419 0.00744935 -0.000185751 0.000955578 0.00311566 0.00653371 -0.000703377 0.00100617 -0.000861693 -0.00109674 0.000564625 -0.00249626
internal_weight=20666.5 1190.67 424.878 132.347 19475.8 7242.6 3142.3 1955.25 4100.29 2757.78 12233.3 11908.9 5447.8 6461.11
internal_count=164976 8339 3028 763 156637 56359 25488 15937 30871 20851 100278 98346 42686 55660
is_linear=0
shrinkage=0.035


Tree=158
num_leaves=15
num_cat=0
split_feature=12 10 8 23 1 23 23 3 23 9 8 11 21 21
split_gain=8.82862 12.0448 11.1021 28.4135 29.7327 22.8866 19.666 17.7937 29.1581 23.6982 21.6582 21.4505 18.3774 16.0237
threshold=1.2565097808837893 0.34152996540069586 -0.18831069022417066 0.13350772112607959 0.37296395003795629 0.24243597686290744 0.18989720195531848 -0.2376114800572395 0.15924271941185 0.70912408828735363 -0.6399916112422942 0.28607898950576788 -0.0669240467250347 0.088003512471914305
decision_type=2 2 2 2 2 2 2 2 2 2 2 2 2 2
left_child=2 -2 7 13 5 -5 -6 8 11 -10 -9 -1 -12 -4
right_child=1 -3 3 4 6 -7 -8 10 9 -11 12 -13 -14 -15
leaf_value=-0.016410091438503277 -0.0061803331568256736 -0.00055289900927468099 0.0043854217422065458 -0.0017959823394687055 -3.8074936294357429e-05 -0.0082243024554726867 0.013899916498180707 -0.018496319136158325 0.0020476157564751803 -0.0038009405875620186 0.0050187474001606126 -0.0031972014928207332 0.00089124930415420312 -0.0050051212400617036
leaf_weight=195.16049520857632 610.90919686853886 1876.0448352321982 1533.3550327252597 4244.0768557414412 281.6332280151546 799.92920892313123 211.4934222176671 50.412264689803123 3453.4375591985881 1114.3677517026663 2245.4222056288272 591.90080067515373 3204.2201305236667 251.53741261363029
leaf_count=1704 6082 12538 10792 44071 1872 9204 1339 296 23378 7080 15497 3817 24761 2545
internal_value=-2.9506e-06 -0.00195447 0.000264982 -0.000787569 -0.00202514 -0.00282971 0.00609715 0.000975037 -0.000460956 0.000615608 0.00237142 -0.00663826 0.00259798 0.00304154
internal_weight=20663.9 2486.95 18176.9 7322.03 5537.13 5044.01 493.127 10854.9 5354.87 4567.81 5500.05 787.061 5449.64 1784.89
internal_count=164976 18620 146356 69823 56486 53275 3211 76533 35979 30458 40554 5521 40258 13337
is_linear=0
shrinkage=0.035


Tree=159
num_leaves=15
num_cat=0
split_feature=24 10 11 15 2 24 23 19 8 3 10 8 23 2
split_gain=8.77827 9.9097 16.7765 11.82 9.48805 23.1878 22.5193 17.5756 19.5305 15.8924 15.5427 14.6331 12.6882 24.8186
threshold=0.032028134912252433 0.28944413363933569 0.37711803615093237 16.675472259521488 -0.3127556294202804 0.036819720640778549 0.13085953146219256 -0.3208546638488769 -0.74504911899566639 -0.46968296170234675 0.75496375560760509 -0.74504911899566639 0.13350772112607959 0.0082723470404744166
decision_type=2 2 2 2 2 2 2 2 2 2 2 2 2 2
left_child=1 -1 3 -3 5 6 9 8 -7 -2 -9 -8 13 -6
right_child=4 2 -4 -5 12 7 11 10 -10 -11 -12 -13 -14 -15
leaf_value=-0.015968331595855013 -0.018107870349306783 0.013081969263355153 -0.011323423196107006 -0.0022253822284206059 -0.0020486017545384839 -0.0058288094669395911 2.4249117364001816e-05 -0.0019183075440809445 0.014118351873232833 0.0010747306608918682 -0.014299208706528555 0.0078262393831640201 -0.00062825224289692072 0.0041623850882354643
leaf_weight=69.579883113503456 74.252633608877659 83.599000360816717 149.56310122460127 175.15900192409754 1274.1757991667837 102.77373631298542 396.42890818417072 354.25347925722599 121.75394298136234 139.42759334295988 184.47934555262327 1135.8372728861868 14363.847386946902 2035.7068979330361
leaf_count=1154 488 612 1006 1316 10209 693 2445 2421 727 842 1266 6700 121680 13417
internal_value=-3.66331e-06 -0.00464264 -0.0023771 0.00302283 0.000108425 0.00211796 0.00433522 -0.00294447 0.00512866 -0.00610265 -0.00634125 0.00582095 -0.000177912 0.00177243
internal_weight=20660.8 477.901 408.321 258.758 20182.9 2509.21 1745.95 763.261 224.528 213.68 538.733 1532.27 17673.7 3309.88
internal_count=164976 4088 2934 1928 160888 15582 10475 5107 1420 1330 3687 9145 145306 23626
is_linear=0
shrinkage=0.035


Tree=160
num_leaves=15
num_cat=0
split_feature=24 6 12 19 15 17 3 9 23 3 8 17 11 13
split_gain=8.81112 13.9156 17.2299 23.9449 15.1593 14.8045 19.0204 11.6689 20.9594 19.892 27.6197 19.1542 20.9088 13.0593
threshold=0.039040250703692443 0.01307046599686146 0.88706147670745861 0.19288592040538791 16.738338470458988 0.030716869048774246 -0.35107228159904474 0.25503063201904302 0.20332494378089908 -0.17981056123971936 -0.18080909550189969 0.023048896342515949 0.21780706197023394 0.64748549461364757
decision_type=2 2 2 2 2 2 2 2 2 2 2 2 2 2
left_child=7 4 3 -3 5 -2 -7 8 9 -1 -11 -10 -13 -9
right_child=1 2 -4 -5 -6 6 -8 13 11 10 -12 12 -14 -15
leaf_value=-0.010284765842204151 -0.0092619530171895378 0.024370997255630977 0.0030336027151274818 -0.0053432093950272685 -0.0057754629722359795 -0.0023175762649588053 0.020339821889416666 0.00066644909786020437 -0.012703414675432383 0.0079335036731254197 -0.0016448265612052481 0.010948297793244499 -0.011644589072253573 -0.0018785307790956456
leaf_weight=235.30011293105781 52.672188077121973 109.39066637866199 481.7139644715935 41.688963666558266 334.14091951958835 76.737406216561794 94.892635524272919 13286.306486696005 371.84884838014841 445.84119714051485 1921.157519839704 103.486138895154 80.012301243841648 3023.5411514472216
leaf_count=2781 475 824 3182 234 2591 460 573 92611 6650 4795 24189 1325 741 23545
internal_value=-4.21016e-06 0.00290499 0.00641753 0.016349 -0.00111808 0.00577037 0.0106396 -0.000183628 -0.00212755 -0.000797327 0.000185107 -0.00823646 0.00100427 0.000193795
internal_weight=20658.7 1191.24 632.794 151.08 558.443 224.302 171.63 19467.5 3157.65 2602.3 2367 555.347 183.498 16309.8
internal_count=164976 8339 4240 1058 4099 1508 1033 156637 40481 31765 28984 8716 2066 116156
is_linear=0
shrinkage=0.035


Tree=161
num_leaves=15
num_cat=0
split_feature=10 15 18 6 12 10 24 13 20 24 16 15 9 14
split_gain=8.66378 14.7523 9.80633 9.62383 8.48594 10.8163 10.6966 15.7043 26.8837 23.4501 15.5482 17.2298 16.0994 10.5794
threshold=0.16102923452854159 17.714315414428714 -0.016843183897435662 0.11021561548113824 1.2565097808837893 0.34152996540069586 0.039040250703692443 0.67769768834114086 0.1171386204659939 0.038493515923619277 0.92548859119415294 16.551396369934086 0.31428325176239019 0.81168779730796825
decision_type=2 2 2 2 2 2 2 2 2 2 2 2 2 2
left_child=1 -1 -3 -4 6 -6 7 9 -9 -2 12 -12 -8 -7
right_child=4 2 3 -5 5 13 10 8 -10 -11 11 -13 -14 -15
leaf_value=-0.024669938352146367 0.00086512902534452841 -0.018949169736447058 0.011022472800401162 -0.015956208160672398 -0.0059132095191251092 -0.0055366340434210536 0.0069714230502147942 -0.0035236324413984695 0.0094280629642964214 -0.0058919199002788894 0.017413432813241685 0.00368539411084759 -0.0089393152209647202 0.00082823359542815692
leaf_weight=36.998009422793984 14024.762299023569 16.56818437948823 62.59495990909636 11.456587625667451 599.70715855807066 397.64573089033365 124.68162578344345 2300.137095015496 204.97621593810618 648.77370658330619 145.56854829192162 428.85023083165288 175.97261293232441 1477.8287585154176
leaf_count=1032 108810 474 979 176 5876 2776 1028 21100 1626 6314 946 3051 1026 9762
internal_value=-4.12104e-06 -0.00875667 -0.000453538 0.00544678 5.4526e-05 -0.00186306 0.000318315 0.000124918 -0.00243061 0.000562565 0.00407059 0.00740277 -0.0023291 -0.000543479
internal_weight=20656.5 127.618 90.6197 74.0515 20528.9 2475.18 18053.7 17178.6 2505.11 14673.5 875.073 574.419 300.654 1875.47
internal_count=164976 2661 1629 1155 162315 18414 143901 137850 22726 115124 6051 3997 2054 12538
is_linear=0
shrinkage=0.035


Tree=162
num_leaves=15
num_cat=0
split_feature=9 17 16 10 22 10 15 3 2 17 16 18 3 1
split_gain=8.46726 11.4243 19.4634 18.7715 9.08631 11.6403 9.04359 13.5957 17.6495 10.1516 10.1213 13.678 10.6347 8.93413
threshold=0.17454569041728976 0.015632616356015209 0.88531154394149791 0.23845518380403521 0.4152646958827973 0.20023489743471148 19.85615158081055 -0.28793604671955103 0.052049672231078155 0.069067511707544341 1.8367773890495303 0.25450208783149725 -0.61334294080734242 -0.053078578785061829
decision_type=2 2 2 2 2 2 2 2 2 2 2 2 2 2
left_child=4 2 3 -2 -1 -6 10 9 -9 -8 11 -3 -12 -7
right_child=1 6 -4 -5 5 13 7 8 -10 -11 12 -13 -14 -15
leaf_value=-0.0092948390243834476 -0.0011681322161412784 -0.00022009326196062697 0.0009913101830237199 0.037571730194752351 -0.0066938040129742053 -0.01091616054050192 0.011459119149110786 -0.0043655704717961673 0.0050811334843780731 -0.0073350277747704761 -0.013867406011163725 0.0052299899971590801 -0.0012749920756902951 0.0079637161977663979
leaf_weight=233.26041756756604 22.849312828853726 17645.184723142534 145.43466252274811 33.146588627249002 192.15551455132663 27.715895503759384 269.83472215756774 432.79462688229978 525.35701326094568 33.357160493731499 122.52709513157606 572.71473998203874 222.22742592357099 176.71129324100912
leaf_count=3978 330 136317 1915 373 3823 382 1485 3817 3620 196 981 3730 1568 2461
internal_value=-4.76822e-06 0.00012181 0.00821453 0.0239821 -0.00396824 -0.000683714 3.54801e-05 0.00289127 0.000813064 0.00922321 -0.000160025 -4.59842e-05 -0.00601513 0.0050143
internal_weight=20655.3 20025.4 201.431 55.9959 629.843 396.583 19824 1261.34 958.152 303.192 18562.7 18217.9 344.755 204.427
internal_count=164976 154332 2618 703 10644 6666 151714 9118 7437 1681 142596 140047 2549 2843
is_linear=0
shrinkage=0.035


Tree=163
num_leaves=15
num_cat=0
split_feature=20 20 20 13 21 3 1 12 11 9 24 16 7 3
split_gain=8.29869 10.617 21.5079 21.039 18.9418 19.8806 10.9261 10.6162 10.207 22.3681 20.7454 9.58243 13.6429 10.0992
threshold=-0.098063450306653963 -0.062295727431774132 -0.059193730354309075 0.48592977225780493 -0.12335744500160216 -0.069060187786817537 0.45696476101875311 1.1689349412918093 0.3668257743120194 0.67248654365539562 0.034263120964169509 0.86859008669853222 -0.12799509614706037 0.27847152948379522
decision_type=2 2 2 2 2 2 2 2 2 2 2 2 2 2
left_child=-1 3 11 4 5 -2 -5 -6 10 -10 -4 13 -13 -3
right_child=1 2 8 6 7 -7 -8 -9 9 -11 -12 12 -14 -15
leaf_value=0.0037961574355493345 -0.0041077360319183775 0.017074282296046812 0.0015903618475676575 -0.0079378775750762083 -0.00040801786678279831 0.012963768430746037 0.0071118573537330343 -0.0074874006977507087 0.0033864713112553221 -0.0011556505963386098 -0.0016552224480072108 -0.00399870944777836 0.0085197176186388515 -0.0028598287530728138
leaf_weight=670.60325068607926 122.37026683241129 144.46951197087765 3498.5095995347947 758.54996831901371 1376.2341398634017 229.37234934978187 56.406092561781406 310.16147928126156 2772.3060810267925 2533.8459231704473 7717.060808474198 168.91886566579342 259.02107802592218 35.733371861279011
leaf_count=4195 760 996 29278 6422 9732 1445 357 2322 16856 16143 73256 1002 2021 191
internal_value=-4.48443e-06 -0.000133864 0.000195766 -0.00210672 -0.00019694 0.00707527 -0.00682265 -0.00174652 -4.40246e-05 0.00121938 -0.000642302 0.0066056 0.0035999 0.0131789
internal_weight=20653.6 19983 17129.9 2853.09 2038.14 351.743 814.956 1686.4 16521.7 5306.15 11215.6 608.143 427.94 180.203
internal_count=164976 160781 139743 21038 14259 2205 6779 12054 135533 32999 102534 4210 3023 1187
is_linear=0
shrinkage=0.035


Tree=164
num_leaves=15
num_cat=0
split_feature=6 8 23 15 11 24 24 5 15 5 21 18 22 22
split_gain=8.18233 40.3166 24.5396 31.8506 29.2468 28.4625 19.6611 36.7623 21.0038 19.8018 29.1349 17.9893 17.3703 26.8171
threshold=0.10124514624476434 -0.066942866891622529 0.22513678669929507 17.782155990600589 0.31354972720146185 0.040051266551017768 0.037889750674366958 0.15911584347486499 17.644682884216312 -0.028472091071307656 -0.047561954706907265 -0.14684751629829404 0.40314695239067083 0.40844422578811651
decision_type=2 2 2 2 2 2 2 2 2 2 2 2 2 2
left_child=1 12 6 4 -4 -5 9 8 -8 11 -11 -2 -1 -14
right_child=2 -3 3 5 -6 -7 7 -9 -10 10 -12 -13 13 -15
leaf_value=0.00090485571935532301 -0.0075929143847350495 -0.0098675999357903995 -0.0069960024292217626 -0.015563077953948335 0.0086261236523746867 0.013774915691540154 0.0055271149747634354 -0.0028094124159411737 0.019462723491938481 -0.006137798445914491 0.0020340531953927225 0.01340202215867457 -0.011506991590455699 -0.00097960126694797249
leaf_weight=8930.0649057142437 54.959928344935179 523.0823705624789 271.20599072799087 314.24608781374991 297.39575307071209 38.456580270081758 283.26694381982088 294.95065673068166 258.92350394651294 668.79402700811625 2503.6536088753492 250.09496508911252 303.0089746657759 5659.2331580668688
leaf_count=65832 306 7758 2656 2955 1939 237 1997 1974 1927 4963 19579 1351 2920 48582
internal_value=-4.03076e-06 -0.000410113 0.00119004 -0.00396698 0.00118271 -0.0120726 0.00229784 0.00708049 0.012414 0.00112951 0.000297445 0.00949855 -7.15266e-05 -0.00153299
internal_weight=20651.3 15415.4 5235.95 921.304 568.602 352.703 4314.64 837.141 542.19 3477.5 3172.45 305.055 14892.3 5962.24
internal_count=164976 125092 39884 7787 4595 3192 32097 5898 3924 26199 24542 1657 117334 51502
is_linear=0
shrinkage=0.035


Tree=165
num_leaves=15
num_cat=0
split_feature=24 10 11 5 11 19 24 24 8 23 9 23 3 3
split_gain=7.99231 9.55944 15.9629 9.4829 8.54954 26.0114 25.5782 23.7617 39.8381 29.4234 21.2558 27.4072 17.3513 17.0032
threshold=0.032028134912252433 0.62716931104660045 0.21363487839698794 -0.11745759099721907 0.38898509740829473 -0.14763396233320233 0.033361051231622703 0.034263120964169509 -0.066942866891622529 0.2665951550006867 0.67248654365539562 0.18840173631906512 -0.51029437780380238 -0.35107228159904474
decision_type=2 2 2 2 2 2 2 2 2 2 2 2 2 2
left_child=1 2 -1 -4 5 13 12 8 -7 -9 11 -8 -6 -2
right_child=4 -3 3 -5 6 7 10 9 -10 -11 -12 -13 -14 -15
leaf_value=-0.012958071926233166 -0.014321184971909868 -0.01306111132308657 -0.0085074520650938248 0.0063858579996715677 -0.01392765460534824 0.0039819941982950635 -0.00047029485013564971 -0.00017199971901508222 -0.004081608529017058 -0.0061467418071987721 -1.5440971310602717e-05 0.0075142627084227934 -0.0015412975080974244 -0.003317806761135069
leaf_weight=98.307642050087452 204.81208008527756 109.18950462341309 59.514187090098858 208.48011085391045 183.15322326868773 3404.1905539799482 822.5803329795599 8036.4975878652185 953.26228637807071 1144.8847396895289 2556.1055771932006 1448.1494168788195 500.79773073643446 918.46384168975055
leaf_count=1461 1347 762 390 1475 1159 25708 4978 72135 8453 12112 16127 8532 2856 7481
internal_value=-4.07151e-06 -0.00444171 -0.00159357 0.00289141 0.000102676 -0.000339145 0.00127668 8.71554e-05 0.00221265 -0.000922905 0.00217616 0.00463245 -0.00501111 -0.00543277
internal_weight=20648.4 475.491 366.302 267.994 20172.9 14662.1 5510.79 13538.8 4357.45 9181.38 4826.84 2270.73 683.951 1123.28
internal_count=164976 4088 3326 1865 160888 127236 33652 118408 34161 84247 29637 13510 4015 8828
is_linear=0
shrinkage=0.035


Tree=166
num_leaves=15
num_cat=0
split_feature=19 11 24 3 2 10 10 3 5 6 24 10 15 23
split_gain=8.09259 14.7055 22.3947 18.3638 15.1832 16.7918 15.2302 14.9949 13.6031 12.2285 18.3192 10.9886 17.9653 15.0663
threshold=-0.2403500825166702 0.51798611879348766 0.033588260412216193 -0.61334294080734242 0.91703984141349804 1.0693629384040835 0.94849461317062389 -0.15357713401317594 0.17802155762910846 -0.33103910088539118 0.036479571834206588 0.46645346283912664 17.180552482604984 0.29105880856513983
decision_type=2 2 2 2 2 2 2 2 2 2 2 2 2 2
left_child=11 3 7 8 5 -5 -6 -3 -2 10 -4 -1 -13 -14
right_child=1 2 9 4 6 -7 -8 -9 -10 -11 -12 12 13 -15
leaf_value=-0.0045902075106527386 0.011890381721311056 -0.017935941905727993 0.00073494661466089856 -0.00028463858370612232 0.010688759372590425 0.019713326746758627 -0.0090469653155150556 -0.00088566759049428219 -0.0075722778943604447 0.00057075752026220308 -0.016150495558306822 0.00045326555062262682 0.010761283856382029 -0.0050061012455925773
leaf_weight=237.43795678950846 244.16034731268883 182.49274429678917 161.6216592118144 16753.198305116966 266.73759989440441 41.595033250749111 49.930911682546139 95.669903844594955 46.02369149774313 924.718934006989 141.90233558416367 952.29049421846867 467.0609647333622 81.822138965129852
leaf_count=1689 1489 1204 1008 140957 1399 265 299 552 304 5860 991 5797 2649 513
internal_value=-5.13216e-06 -0.000215694 -0.00352135 7.23241e-05 -7.81799e-05 -0.000223409 0.00739523 -0.012306 0.00865415 -0.00144856 -0.00742261 0.00227295 0.00338167 0.00836332
internal_weight=20646.7 18908.1 1506.41 17401.6 17111.5 16794.8 316.669 278.163 290.184 1228.24 303.524 1738.61 1501.17 548.883
internal_count=164976 154328 9615 144713 142920 141222 1698 1756 1793 7859 1999 10648 8959 3162
is_linear=0
shrinkage=0.035


Tree=167
num_leaves=15
num_cat=0
split_feature=15 8 11 2 24 22 2 24 1 22 7 11 23 19
split_gain=7.91507 14.0877 26.8579 27.1292 33.2135 17.5103 15.8503 14.3816 28.5219 11.9888 10.5608 9.39692 19.3078 19.4901
threshold=19.85615158081055 -0.17349161207675931 0.25601688027381903 0.061261650174856193 0.037889750674366958 0.46792790293693548 0.052049672231078155 0.034890316426754005 -0.081948440521955476 0.54243603348732006 -0.070257846266031251 0.17001836001873019 0.22246219217777255 0.060493839904665954
decision_type=2 2 2 2 2 2 2 2 2 2 2 2 2 2
left_child=11 6 3 4 -3 -4 7 8 -2 -9 -5 12 13 -1
right_child=1 2 5 10 -6 -7 -8 9 -10 -11 -12 -13 -14 -15
leaf_value=-0.0054351130169039957 0.021356932801671832 -0.018806096525495801 -0.023762940483835582 0.018103142009887975 0.018436391852911481 0.00084314247699907984 0.015861574957233837 -0.0037493590353611392 -0.0031995189197868259 0.013784703933982309 0.0041128542224241416 8.4694932738996404e-05 -0.010771840709714393 0.0018831842514875814
leaf_weight=733.37692970596254 114.3273208681494 108.53308019787073 81.719489365816116 81.640686569735408 30.184868274256587 56.641062639653683 144.4616549089551 312.98007634840906 104.23939363099635 46.121921103447676 270.82254140637815 17175.058570109308 280.24409516900778 1104.8666171822697
leaf_count=11832 722 1514 484 567 408 299 815 2196 784 298 2553 125710 4810 11984
internal_value=-5.18344e-06 0.00257386 -0.00124722 0.00264512 -0.0100074 -0.014312 0.00587655 0.00315211 0.0100178 -0.00118489 0.00776345 -0.000187106 -0.00238071 -0.0010501
internal_weight=20645.2 1351.67 629.542 491.181 138.718 138.361 722.13 577.669 218.567 359.102 352.463 19293.5 2118.49 1838.24
internal_count=164976 10640 5825 5042 1922 783 4815 4000 1506 2494 3120 154336 28626 23816
is_linear=0
shrinkage=0.035


Tree=168
num_leaves=15
num_cat=0
split_feature=24 3 17 15 3 15 13 17 24 0 24 22 6 2
split_gain=7.77102 12.6911 14.9625 21.9883 18.6141 15.4056 10.4231 18.4129 14.304 11.1734 9.91786 23.8665 19.1848 16.915
threshold=0.039040250703692443 -0.11618942767381667 0.034038459882140167 16.738338470458988 -0.35107228159904474 18.479482650756839 0.77134776115417492 0.035636486485600478 0.037930995225906379 0.16422397643327716 0.036819720640778549 0.54243603348732006 0.10124514624476434 -0.3127556294202804
decision_type=2 2 2 2 2 2 2 2 2 2 2 2 2 2
left_child=6 2 5 4 -4 -2 10 8 -8 -10 13 -12 -13 -1
right_child=1 -3 3 -5 -6 -7 7 -9 9 -11 11 12 -14 -15
leaf_value=0.0035607247044571154 -0.016383944714843078 0.0053762488149872011 0.00096966713082171578 -0.00731640943237972 0.02622055578448456 0.0060605750681379288 -0.010169466900573264 0.0019100484111540573 0.012877064757353842 -0.0093364651526335433 -0.0028084989055994526 -0.00041387434085344844 0.010782500757382834 -1.5732853527073266e-05
leaf_weight=1850.1639438197017 118.19331620447338 770.15030886232853 80.1962521225214 122.55983933061361 55.732800737023354 46.786420036107302 473.09278464503586 416.65462651848793 59.254090785980225 37.205548599362373 3294.5436449861154 475.89092775434256 298.57878056168556 12543.68694415316
leaf_count=11146 1032 5311 477 742 338 439 5236 2804 664 350 29521 4321 2378 100217
internal_value=-4.65601e-06 0.00272451 -0.00211089 0.0031329 0.0124102 -0.0100363 -0.000173463 -0.00366069 -0.0076986 0.00423688 1.46903e-05 -0.00150886 0.00398505 0.000446133
internal_weight=20642.7 1193.62 423.469 258.489 135.929 164.98 19449.1 986.207 569.552 96.4596 18462.9 4069.01 774.47 14393.9
internal_count=164976 8339 3028 1557 815 1471 156637 9054 6250 1014 147583 36220 6699 111363
is_linear=0
shrinkage=0.035


Tree=169
num_leaves=15
num_cat=0
split_feature=6 8 24 5 6 24 24 10 10 15 21 5 12 24
split_gain=7.60039 25.728 22.391 19.089 17.7517 14.3147 34.0172 29.6966 27.7253 26.6426 23.9604 21.7831 14.0502 14.0164
threshold=0.1298250034451485 -0.05344859138131141 0.037483181804418571 0.03506030701100827 0.092551581561565413 0.034890316426754005 0.034643387421965606 0.51754996180534374 0.65337535738945018 17.576017379760746 -0.069101542234420762 0.019093237817287449 0.77030211687088024 0.033951222896575935
decision_type=2 2 2 2 2 2 2 2 2 2 2 2 2 2
left_child=1 5 -3 12 -4 6 8 10 -1 -9 -7 -8 -2 -5
right_child=3 2 4 13 -6 7 11 9 -10 -11 -12 -13 -14 -15
leaf_value=0.0015153838177753038 -0.0027608832827732714 -0.011907766813191965 -0.0093511737930945284 -0.0037736542918016297 0.012190164410225161 0.00084042362000835138 0.006781411040311624 -0.00059992917013166377 -0.0049869012770219932 0.0058359366778095514 -0.0039956376615208952 0.02778294213032078 0.0077599592873903141 0.0013707472155485745
leaf_weight=4972.4779936764389 189.36139204911888 407.90629466809332 73.311006855219603 859.7588303592056 98.061283076182008 1821.3180614840239 403.01524979062378 2310.8859205842018 947.78809130191803 1184.3621565550566 4004.744678796269 64.065459864214063 759.85360770113766 2543.6827818229795
leaf_count=38567 1217 6103 1173 6362 1136 16029 2797 14806 5777 7200 38968 513 4829 19499
internal_value=-4.26966e-06 -0.000351583 -0.00753142 0.00129323 0.00296754 -8.21936e-05 0.00119308 -0.000956407 0.000467765 0.00159129 -0.00248496 0.010184 0.00565423 6.39485e-05
internal_weight=20640.6 16287.9 579.279 4352.66 171.372 15708.7 6387.35 9321.31 5920.27 3495.25 5826.06 467.081 949.215 3403.44
internal_count=164976 133069 8412 31907 2309 124657 47654 77003 44344 22006 54997 3310 6046 25861
is_linear=0
shrinkage=0.035


Tree=170
num_leaves=15
num_cat=0
split_feature=23 23 2 20 24 23 10 0 24 8 10 0 4 19
split_gain=7.54419 13.9267 18.338 10.8936 10.5567 20.2793 42.4436 22.9893 16.4179 18.0204 10.4207 8.03144 13.3528 6.82164
threshold=0.31619535386562353 0.30651316046714788 0.016562900505959991 -0.032046774402260773 0.037889750674366958 0.2665951550006867 0.68268057703971874 0.12735586613416675 0.036819720640778549 -0.046883389353752129 0.25640985369682318 -0.10317923501133917 -0.0069034937769174567 0.22633233666419986
decision_type=2 2 2 2 2 2 2 2 2 2 2 2 2 2
left_child=1 4 11 -2 8 7 -7 -6 9 -1 -10 -3 -13 -5
right_child=3 2 -4 13 5 6 -8 -9 10 -11 -12 12 -14 -15
leaf_value=0.00046626450750716583 0.001565696955187751 0.00090822281713139887 -0.00859207640216645 -0.0082498409911611822 0.0050822080628089104 -0.0090871424070738185 0.011078537869689317 -0.0020324450564081966 -0.012957118016119469 -0.0035398115207420362 -0.002716137297558313 0.026628766020196336 0.0070309970216975428 0.0062075869076266459
leaf_weight=12810.278691606596 310.60438529588282 68.213570903986692 63.451408199965954 401.76064268127084 1973.6718388609588 473.37141062505543 164.48419641703367 766.86263471096754 122.19680750928819 1530.8225784935057 1727.6608582362533 66.292699994519353 120.54503643512726 37.043541649356484
leaf_count=97816 2096 378 472 3916 15917 5151 1128 5108 2407 14815 14269 382 794 327
internal_value=-3.86078e-06 0.00012681 0.00727354 -0.00342762 6.83739e-06 0.00178346 -0.00379627 0.00309122 -0.000364744 3.64724e-05 -0.00345866 0.0113958 0.0149841 -0.00691824
internal_weight=20637.3 19887.9 318.503 749.409 19569.3 3378.39 637.856 2740.53 16191 14341.1 1849.86 255.051 186.838 438.804
internal_count=164976 158637 2026 6339 156611 27304 6279 21025 129307 112631 16676 1554 1176 4243
is_linear=0
shrinkage=0.035


Tree=171
num_leaves=15
num_cat=0
split_feature=6 8 10 23 2 15 15 16 24 9 23 22 10 22
split_gain=7.55397 35.3136 22.1053 22.012 30.3294 22.7095 17.5826 21.1659 15.7263 16.7234 15.6768 14.1251 34.741 61.7048
threshold=0.10124514624476434 -0.093431204557418809 0.34760650992393499 0.22513678669929507 0.37749175727367407 17.782155990600589 20.373504638671879 1.0438995957374575 0.038946369662880904 0.5149366855621339 0.23850326985120776 0.40314695239067083 0.75496375560760509 0.31738407909870153
decision_type=2 2 2 2 2 2 2 2 2 2 2 2 2 2
left_child=1 11 -3 6 8 -6 -2 -8 9 -5 -4 12 -1 -14
right_child=3 2 10 4 5 -7 7 -9 -10 -11 -12 -13 13 -15
leaf_value=0.0018222123521729717 0.0016605094073076118 -0.0084954302452375334 0.013952772776753185 -0.016107191676725467 0.0094205395416521332 -0.0084359685959749103 0.022360829398276577 0.00088882749019953387 0.0062429485745545384 -0.0022672047308336372 -0.012598121175911581 -0.0013039788617283058 -0.0092383637945001353 0.0087387961743322241
leaf_weight=7516.6596402097493 4102.6885347124189 907.08440551906824 90.543355889618397 300.86814384348691 261.10514234006405 119.58030476979911 103.55532283335924 113.1273084897548 65.620955115184188 168.68653248995543 28.623658828437328 5662.0028471741825 887.65138280391693 307.48487482219934
leaf_count=55684 30804 13189 681 3404 1782 881 621 672 532 1188 279 47779 5718 1762
internal_value=-3.67019e-06 -0.000394168 -0.00663425 0.00114359 -0.00375803 0.00373912 0.00218918 0.0116843 -0.00906173 -0.0112862 0.00709371 5.56603e-05 0.000939804 -0.00457906
internal_weight=20635.3 15400.1 1026.25 5235.23 915.861 380.685 4319.37 216.683 535.176 469.555 119.167 14373.8 8711.8 1195.14
internal_count=164976 125092 14149 39884 7787 2663 32097 1293 5124 4592 960 110943 63164 7480
is_linear=0
shrinkage=0.035


Tree=172
num_leaves=15
num_cat=0
split_feature=10 3 23 12 2 8 6 7 2 17 15 8 6 17
split_gain=7.47312 17.7213 14.9818 16.5002 14.6059 13.9804 13.4614 21.1857 12.8521 14.7567 24.1966 12.0362 37.87 13.4925
threshold=1.3777923583984377 -0.77303957939147938 0.20564330369234088 1.0301225185394289 -0.5820057988166808 -0.82127928733825672 0.53708842396736156 -0.12799509614706037 0.91703984141349804 0.050384880974888809 17.180552482604984 -0.74504911899566639 -0.43775801360607142 0.069067511707544341
decision_type=2 2 2 2 2 2 2 2 2 2 2 2 2 2
left_child=1 2 -1 4 -4 -2 7 -7 11 10 -10 13 -13 -3
right_child=5 8 3 -5 -6 6 -8 -9 9 -11 -12 12 -14 -15
leaf_value=0.020255258990756548 -0.014451100845391198 0.00079663093368779884 -0.01890510905642705 0.013070824827743549 0.0053714546710311017 -0.0011567711891427852 -0.011101573355730613 0.027406162505277751 -0.00080627341441225553 0.00083981410300795951 0.027020975422676192 0.012398046299391997 -0.00023695534364518082 -0.012320707755195864
leaf_weight=83.242081880569458 115.12535680085421 175.96132227778435 47.157012559473515 93.324248060584068 57.593071714043617 131.54100989550352 79.019679181277752 31.649038478732109 68.028303116559982 248.17531256377697 75.901303201913834 285.11500686407089 18941.326575552113 198.55348339676857
leaf_count=499 924 1032 298 591 355 964 536 236 356 1356 372 1610 154604 1243
internal_value=-3.64151e-06 8.59568e-05 0.00865619 0.00304241 -0.0062526 -0.0049512 -4.18253e-05 0.0056453 -3.88995e-05 0.00615522 0.0146705 -0.000165884 -4.32392e-05 -0.00629725
internal_weight=20631.7 20274.4 281.316 198.074 104.75 357.335 242.21 163.19 19993.1 392.105 143.93 19601 19226.4 374.515
internal_count=164976 162316 1743 1244 653 2660 1736 1200 160573 2084 728 158489 156214 2275
is_linear=0
shrinkage=0.035


Tree=173
num_leaves=15
num_cat=0
split_feature=12 10 14 17 6 17 8 22 3 12 2 22 3 19
split_gain=7.43966 10.3934 9.51625 9.02604 29.7411 35.8478 23.6129 37.459 22.1386 17.8796 16.9464 17.1466 15.5491 13.9335
threshold=1.2565097808837893 0.34152996540069586 0.81168779730796825 0.060703096911311157 -0.2980272620916366 0.041398046538233764 -0.48441351950168604 0.30037069320678716 -0.68240937590599049 0.83722543716430675 -0.018145581707358357 0.3508602380752564 -0.27003793418407435 -0.070550452917814241
decision_type=2 2 2 2 2 2 2 2 2 2 2 2 2 2
left_child=3 -2 -3 4 5 12 7 9 -9 -5 11 -8 -1 -7
right_child=1 2 -4 6 -6 13 10 8 -10 -11 -12 -13 -14 -15
leaf_value=-0.0075335587024993366 -0.0057503986352945291 -0.0052545421318086413 0.00079809347316914887 -0.021383352347529874 0.00012539492077354042 0.01269777842763287 0.02502539661636375 0.0091809194518543413 -0.003885659338270453 -0.007328350672715889 0.00029893918881200961 0.0012024556625336122 0.0097380756648114703 -0.0022913588903100209
leaf_weight=243.75146219134331 604.00171858817339 394.92572319507599 1477.3702317178249 146.50452045351267 15256.926628045738 594.16296400874853 68.524398751556873 241.91900181770325 420.29314748942852 452.95710518211126 497.12614710628986 72.013515524566174 75.940255843102932 83.708698034286499
leaf_count=1449 6082 2776 9762 947 128831 3375 428 1539 2552 2896 2945 451 437 506
internal_value=-2.81278e-06 -0.00179841 -0.000499729 0.000242974 0.000510096 0.00633414 -0.00203374 -0.00479559 0.000953383 -0.0110578 0.00342048 0.013709 -0.00325989 0.0108404
internal_weight=20630.1 2476.3 1872.3 18153.8 16254.5 997.563 1899.34 1261.67 662.212 599.462 637.664 140.538 319.692 677.872
internal_count=164976 18620 12538 146356 134598 5767 11758 7934 4091 3843 3824 879 1886 3881
is_linear=0
shrinkage=0.035


Tree=174
num_leaves=15
num_cat=0
split_feature=0 21 10 4 21 14 23 3 9 23 15 5 18 15
split_gain=7.43429 15.6329 18.3204 13.6153 15.4111 10.1811 8.75907 30.8741 24.6379 22.0375 20.0738 13.3039 11.6989 8.61032
threshold=-0.27993342280387873 -0.13796672224998471 0.87123095989227306 -0.09725498408079146 0.022456310689449314 0.58874675631523143 0.13350772112607959 -0.20738089829683301 0.15217534452676776 0.15924271941185 16.249622344970707 0.083348192274570479 0.20240169763565066 18.836316108703617
decision_type=2 2 2 2 2 2 2 2 2 2 2 2 2 2
left_child=1 2 -1 4 -2 -3 7 12 11 -10 -9 -8 -5 -6
right_child=3 5 -4 6 13 -7 8 10 9 -11 -12 -13 -14 -15
leaf_value=0.027236819778979831 -0.0016047937880679082 -0.01427326631689892 -0.0039078293187826338 -0.0083949277779550094 -0.013317440448331148 0.0030741629835730629 -0.019472116091451021 -0.0028501769528864063 -0.0038735231600822997 0.00039416971395719869 0.0046445977548239623 0.0072048464708654369 0.0087809155688916493 0.0038627750287148991
leaf_weight=56.598925843834877 1146.2627448327839 37.031385831534863 32.001716628670692 413.78960395231843 228.19067050516605 341.39119599759579 109.56021082773805 536.21936593391001 1651.4782496020198 13728.070191888139 2241.5905931163579 22.794388448819518 46.666266947984695 37.465769462287426
leaf_count=293 6724 243 199 2907 1596 2013 3039 3793 14850 112075 16287 400 332 225
internal_value=-2.77142e-06 0.00431583 0.0167322 -0.000104895 -0.00340688 0.00105283 0.000145433 0.00179813 -0.00020052 -6.63205e-05 0.0031928 -0.0146944 -0.00650455 -0.0108423
internal_weight=20629.1 467.023 88.6006 20162.1 1411.92 378.423 18750.2 3238.27 15511.9 15379.5 2777.81 132.355 460.456 265.656
internal_count=164976 2748 492 162228 8545 2256 153683 23319 130364 126925 20080 3439 3239 1821
is_linear=0
shrinkage=0.035


Tree=175
num_leaves=15
num_cat=0
split_feature=24 10 10 2 3 11 9 6 15 24 24 24 3 8
split_gain=7.38739 21.8001 23.6529 12.96 19.6885 9.88314 22.248 25.2262 23.6356 21.5641 25.1344 48.2903 22.7014 29.3498
threshold=0.032652989029884345 0.75496375560760509 0.29471483826637274 0.50985348224639904 0.49058127403259283 0.38898509740829473 0.67248654365539562 -0.2980272620916366 18.065177917480472 0.034263120964169509 0.034643387421965606 0.034890316426754005 0.85414555668830883 -0.060125390067696564
decision_type=2 2 2 2 2 2 2 2 2 2 2 2 2 2
left_child=1 2 -1 4 -4 9 7 -7 -9 12 -11 -12 13 -2
right_child=5 -3 3 -5 -6 6 -8 8 -10 10 11 -13 -14 -15
leaf_value=-0.011649735122062398 0.0024375437919686984 -0.016375893851060419 0.0029267574469802752 0.022615752557495532 -0.016518180794849648 0.0094863147446525835 -0.00074413331688573349 -0.00058251371805651073 0.008323330032489952 -0.0075112788778025951 0.010050024107345656 -0.0013382719317019875 0.01215737556944332 -0.0054011297698145179
leaf_weight=187.52704375237226 3417.8467737585306 118.73105447739363 611.64258450269699 25.662353746592999 61.1102574467659 680.4705036431551 2797.2947177737951 1438.9079063609242 478.6291288882494 715.48183953948319 471.38420969806612 8696.0022020768374 231.07438566535711 695.86358080618083
leaf_count=2662 26043 826 4237 152 387 3811 17646 8740 2724 6690 3591 79809 1107 6551
internal_value=-3.0212e-06 -0.00291513 -0.000948523 0.00204868 0.00094439 0.000147485 0.00142157 0.00374732 0.00167209 -0.000336325 -0.00123952 -0.000742376 0.00171625 0.00110169
internal_weight=20627.6 1004.67 885.942 698.415 672.753 19623 5395.3 2598.01 1917.54 14227.7 9882.87 9167.39 4344.78 4113.71
internal_count=164976 8264 7438 4776 4624 156712 32921 15275 11464 123791 90090 83400 33701 32594
is_linear=0
shrinkage=0.035


Tree=176
num_leaves=15
num_cat=0
split_feature=6 8 18 23 15 2 24 20 10 8 22 10 22 10
split_gain=7.24206 32.6677 21.108 22.9633 19.0576 16.1604 17.1775 14.7651 26.2247 22.9091 13.9001 29.5008 55.4986 26.1695
threshold=0.10124514624476434 -0.066942866891622529 0.019717223942279819 0.13350772112607959 20.373504638671879 -0.018145581707358357 0.039464315399527557 0.079146865755319609 0.50377649068832409 -0.03998937085270881 0.40314695239067083 0.75496375560760509 0.31738407909870153 0.87123095989227306
decision_type=2 2 2 2 2 2 2 2 2 2 2 2 2 2
left_child=1 10 4 -4 7 -5 -7 9 -9 -2 11 -1 -13 -12
right_child=2 -3 3 5 -6 6 -8 8 -10 -11 13 12 -14 -15
leaf_value=0.0015759301869716388 0.0034634876237903626 -0.0090135205002748343 0.004624803879623102 0.016102437852829214 0.019582884900867906 -0.0032540653778107441 0.0074591914049242499 0.013749337895678891 -0.0065978686662112023 -0.009310730122037968 -0.0020537728938811433 -0.0087908329742764531 0.0082405648564565556 0.0067472231751066957
leaf_weight=7751.2164176162332 1072.5734815970063 509.43183016031981 818.24609716981649 48.934254106134176 84.19215927273035 2413.1685762647539 188.95471377670765 317.365952571854 95.022012762725353 194.63934956490993 5503.5922713829204 879.05905391275883 309.46699327975512 437.75560192763805
leaf_count=58351 7187 7758 5159 356 537 19776 1068 2965 585 2251 48560 5718 1763 2942
internal_value=-2.96242e-06 -0.000385462 0.00112056 -0.000466084 0.00422644 -0.00204886 -0.00245054 0.00334534 0.00901575 0.00144388 -8.42386e-05 0.000787526 -0.00432446 -0.00139507
internal_weight=20623.6 15390.5 5233.1 3469.3 1763.79 2651.06 2602.12 1679.6 412.388 1267.21 14881.1 8939.74 1188.53 5941.35
internal_count=164976 125092 39884 26359 13525 21200 20844 12988 3550 9438 117334 65832 7481 51502
is_linear=0
shrinkage=0.035


Tree=177
num_leaves=15
num_cat=0
split_feature=24 10 11 15 16 15 23 11 21 15 9 11 20 23
split_gain=7.07194 8.57419 14.0636 10.8384 7.58502 19.7775 27.7617 54.4719 15.7067 14.0455 19.3428 17.7986 13.9931 34.4268
threshold=0.032028134912252433 0.28944413363933569 0.37711803615093237 16.675472259521488 0.9563589096069337 17.37358379364014 0.20564330369234088 0.5885969102382661 0.088003512471914305 15.762049674987795 0.22537024319171908 0.19371156394481662 0.035229472443461425 0.1630380526185036
decision_type=2 2 2 2 2 2 2 2 2 2 2 2 2 2
left_child=1 -1 3 -3 5 9 7 -7 12 10 -2 -11 -6 -14
right_child=4 2 -4 -5 8 6 -8 -9 -10 11 -12 -13 13 -15
leaf_value=-0.014968698980900589 -0.01354775264734783 0.012349031475257625 -0.010431539525963433 -0.0022532582925570825 -0.00078715829172133333 0.0037793175225707639 -0.0010679502181161601 0.028152967476076627 -0.0042323498058186391 0.004618516761863316 0.0050341162028074487 -0.0023440859431624007 0.011381091173165924 0.00035841645026971937
leaf_weight=66.420947403647006 65.55151997320354 84.613462705165148 146.10575167834759 175.16646059975028 7583.8452861029655 2380.3796693347394 1500.7206258289516 108.31298607587814 1224.3026796355844 504.76470689289272 781.14359415322542 3579.7842757031322 409.76876677013934 2009.2254515392706
leaf_count=1154 964 612 1006 1316 58788 19996 12141 580 11763 6094 5379 24775 3403 17005
internal_value=-2.33951e-06 -0.00419067 -0.00210939 0.00278433 9.7874e-05 0.000859213 0.00268827 0.00494853 -0.000507283 -0.000622952 0.00345415 -0.00147448 -4.75797e-05 0.00226479
internal_weight=20620.1 472.307 405.886 259.78 20147.8 8920.66 3989.41 2488.69 11227.1 4931.24 846.695 4084.55 10002.8 2418.99
internal_count=164976 4088 2934 1928 160888 69929 32717 20576 90959 37212 6343 30869 79196 20408
is_linear=0
shrinkage=0.035


Tree=178
num_leaves=15
num_cat=0
split_feature=20 20 20 13 21 2 2 1 13 6 17 2 11 2
split_gain=7.00129 10.2581 19.2668 17.6716 15.899 15.2049 10.7649 10.3256 9.66083 17.7007 9.17875 9.9834 8.85482 8.75136
threshold=-0.098063450306653963 -0.062295727431774132 -0.059193730354309075 0.48592977225780493 -0.12335744500160216 -0.082309965044260011 0.30583609640598303 0.45696476101875311 0.30574657022953039 -0.3755104392766952 0.024746114388108257 -0.13409948348999021 0.85798567533493053 -0.3127556294202804
decision_type=2 2 2 2 2 2 2 2 2 2 2 2 2 2
left_child=10 3 -3 4 5 -2 -6 -5 9 -4 11 -1 -10 -12
right_child=1 2 8 7 6 -7 -8 -9 12 -11 13 -13 -14 -15
leaf_value=0.031284199944254194 -0.00069643899801817902 0.006257624574574773 0.0054779318418560104 -0.0075118305970013821 -0.0026016213668606219 0.013558657651145873 0.0072275394338413446 0.0071223515352271723 0.00039703590679126296 -0.0037349047706843816 0.0096808504373231304 0.0055274816846197497 -0.0063896144898268553 -0.00050349739445983458
leaf_weight=17.991349451243877 185.08031065762043 610.41728371568024 292.57797925174236 749.96716836467385 1543.0076559158042 169.80733887664974 140.02416172623634 56.278268843889236 14311.658371025696 1657.5501284878701 122.96306703984737 71.859258878976107 229.46327212452888 460.2678066380322
leaf_count=153 1167 4210 1734 6422 11234 1038 820 357 119220 12898 615 800 1681 2627
internal_value=-2.14369e-06 -0.000121408 0.000202659 -0.00206387 -0.000319323 0.00630902 -0.001746 -0.00641558 -2.51196e-05 -0.00233181 0.00348213 0.0133015 0.000285623 0.00177067
internal_weight=20618.9 19945.8 17101.7 2844.16 2037.92 354.888 1683.03 806.245 16491.2 1950.13 673.081 89.8506 14541.1 583.231
internal_count=164976 160781 139743 21038 14259 2205 12054 6779 135533 14632 4195 953 120901 3242
is_linear=0
shrinkage=0.035


Tree=179
num_leaves=15
num_cat=0
split_feature=24 6 12 19 15 16 8 16 7 16 15 23 11 12
split_gain=6.93604 11.1771 15.0185 22.2381 13.4887 17.5406 15.5196 10.2821 10.4934 9.41687 17.6571 41.7483 49.2828 18.5968
threshold=0.039040250703692443 0.01307046599686146 0.88706147670745861 0.19288592040538791 16.738338470458988 0.90164455771446239 -0.56287091970443714 0.96382489800453197 -0.029627501964569088 0.91776660084724437 17.37358379364014 0.20564330369234088 0.5885969102382661 0.77030211687088024
decision_type=2 2 2 2 2 2 2 2 2 2 2 2 2 2
left_child=9 4 3 -3 5 -2 -7 -4 -9 10 13 12 -12 -1
right_child=1 2 7 -5 -6 6 -8 8 -10 -11 11 -13 -14 -15
leaf_value=-0.0040498251901804816 -0.0085096620809716316 0.022517363225380494 -0.0055401328518229114 -0.0058411382360384857 -0.0054675183150224085 -0.0068799418209632684 0.017438023923988671 0.012828745603370457 0.00067653977506165525 -0.00075478660107785049 0.0045650241960079998 -0.0023843111206933131 0.029006559378415155 0.00096626780905603531
leaf_weight=1336.4586832784116 68.630757767707109 111.74658531323075 131.20158233679831 42.063813880085945 331.68709716200829 36.640546180307865 119.97648709267378 137.13223499059677 216.05937808938324 12181.874908189289 1869.6293473877013 1181.2635108493268 97.452547676861286 2755.7602911833674
leaf_count=10020 457 824 867 234 2591 216 835 833 1482 100278 15422 9551 515 20851
internal_value=-1.05924e-06 0.0025755 0.00570112 0.0148788 -0.0010436 0.00542631 0.0116774 0.00254491 0.00561814 -0.000160849 0.000838084 0.00280433 0.00591649 -0.000677793
internal_weight=20617.6 1195.14 638.204 153.81 556.935 225.248 156.617 484.393 353.192 19422.4 7240.56 3148.35 1967.08 4092.22
internal_count=164976 8339 4240 1058 4099 1508 1051 3182 2315 156637 56359 25488 15937 30871
is_linear=0
shrinkage=0.035


end of trees

feature_importances:
market_vol20=292
dispersion20=261
vol60=220
momentum252_20=219
log_turnover=215
market_ret20=161
market_ret60=133
range20=119
breadth200=113
ret120=104
downside60=96
drawdown252=89
vol20=80
ma200=70
turnover_shock=62
vol_expansion=53
drawdown60=37
relative60=37
ret60=30
ret20=29
rsi14=26
relative20=23
ma20=21
ma60=20
volume_shock=10

parameters:
[boosting: gbdt]
[objective: binary]
[metric: binary_logloss]
[tree_learner: serial]
[device_type: cpu]
[data_sample_strategy: bagging]
[data: ]
[valid: ]
[num_iterations: 180]
[learning_rate: 0.035]
[num_leaves: 15]
[num_threads: 1]
[seed: 804]
[deterministic: 1]
[force_col_wise: 1]
[force_row_wise: 0]
[histogram_pool_size: -1]
[max_depth: 5]
[min_data_in_leaf: 150]
[min_sum_hessian_in_leaf: 0.001]
[bagging_fraction: 1]
[pos_bagging_fraction: 1]
[neg_bagging_fraction: 1]
[bagging_freq: 0]
[bagging_seed: 31454]
[bagging_by_query: 0]
[feature_fraction: 0.85]
[feature_fraction_bynode: 1]
[feature_fraction_seed: 16221]
[extra_trees: 0]
[extra_seed: 23160]
[early_stopping_round: 0]
[early_stopping_min_delta: 0]
[first_metric_only: 0]
[max_delta_step: 0]
[lambda_l1: 0]
[lambda_l2: 10]
[linear_lambda: 0]
[min_gain_to_split: 0]
[drop_rate: 0.1]
[max_drop: 50]
[skip_drop: 0.5]
[xgboost_dart_mode: 0]
[uniform_drop: 0]
[drop_seed: 31648]
[top_rate: 0.2]
[other_rate: 0.1]
[min_data_per_group: 100]
[max_cat_threshold: 32]
[cat_l2: 10]
[cat_smooth: 10]
[max_cat_to_onehot: 4]
[top_k: 20]
[monotone_constraints: ]
[monotone_constraints_method: basic]
[monotone_penalty: 0]
[feature_contri: ]
[forcedsplits_filename: ]
[refit_decay_rate: 0.9]
[cegb_tradeoff: 1]
[cegb_penalty_split: 0]
[cegb_penalty_feature_lazy: ]
[cegb_penalty_feature_coupled: ]
[path_smooth: 0]
[interaction_constraints: ]
[verbosity: -1]
[saved_feature_importance_type: 0]
[use_quantized_grad: 0]
[num_grad_quant_bins: 4]
[quant_train_renew_leaf: 0]
[stochastic_rounding: 1]
[linear_tree: 0]
[max_bin: 63]
[max_bin_by_feature: ]
[min_data_in_bin: 3]
[bin_construct_sample_cnt: 200000]
[data_random_seed: 2664]
[is_enable_sparse: 1]
[enable_bundle: 1]
[use_missing: 1]
[zero_as_missing: 0]
[feature_pre_filter: 1]
[pre_partition: 0]
[two_round: 0]
[header: 0]
[label_column: ]
[weight_column: ]
[group_column: ]
[ignore_column: ]
[categorical_feature: ]
[forcedbins_filename: ]
[precise_float_parser: 0]
[parser_config_file: ]
[objective_seed: 11469]
[num_class: 1]
[is_unbalance: 0]
[scale_pos_weight: 1]
[sigmoid: 1]
[boost_from_average: 1]
[reg_sqrt: 0]
[alpha: 0.9]
[fair_c: 1]
[poisson_max_delta_step: 0.7]
[tweedie_variance_power: 1.5]
[lambdarank_truncation_level: 30]
[lambdarank_norm: 1]
[label_gain: ]
[lambdarank_position_bias_regularization: 0]
[eval_at: ]
[multi_error_top_k: 1]
[auc_mu_weights: ]
[num_machines: 1]
[local_listen_port: 12400]
[time_out: 120]
[machine_list_filename: ]
[machines: ]
[gpu_platform_id: -1]
[gpu_device_id: -1]
[gpu_device_id_list: ]
[gpu_use_dp: 0]
[num_gpu: 1]

end of parameters

pandas_categorical:[]
