rcept_no,reprt_code,bsns_year,corp_code,sj_div,sj_nm,account_id,account_nm,account_detail,thstrm_nm,thstrm_amount,frmtrm_nm,frmtrm_amount,ord,currency,thstrm_add_amount,frmtrm_q_nm,frmtrm_q_amount,frmtrm_add_amount,ticker,corp_name,fs_div
20251114001763,11014,2025,00128546,BS,재무상태표,ifrs-full_Assets,자산총계,-,제 82 기 3분기말,529956225170,제 81 기말,519772210839,7,KRW,,,,,000250,삼천당제약,CFS
20251114001763,11014,2025,00128546,BS,재무상태표,ifrs-full_CurrentAssets,유동자산,-,제 82 기 3분기말,221318682280,제 81 기말,242532347978,8,KRW,,,,,000250,삼천당제약,CFS
20251114001763,11014,2025,00128546,BS,재무상태표,ifrs-full_CashAndCashEquivalents,현금및현금성자산,-,제 82 기 3분기말,103138602901,제 81 기말,105584562702,9,KRW,,,,,000250,삼천당제약,CFS
20251114001763,11014,2025,00128546,BS,재무상태표,ifrs-full_CurrentFinancialAssetsAtFairValueThroughProfitOrLossMandatorilyMeasuredAtFairValue,"유동 당기손익인식금융자산, 의무적으로 측정된 공정가치",-,제 82 기 3분기말,984395890,제 81 기말,524461990,10,KRW,,,,,000250,삼천당제약,CFS
20251114001763,11014,2025,00128546,BS,재무상태표,ifrs-full_CurrentFinancialAssetsMeasuredAtFairValueThroughOtherComprehensiveIncome,기타포괄손익-공정가치 측정 유동금융자산,-,제 82 기 3분기말,1991347435,제 81 기말,502409705,11,KRW,,,,,000250,삼천당제약,CFS
20251114001763,11014,2025,00128546,BS,재무상태표,ifrs-full_Inventories,유동재고자산,-,제 82 기 3분기말,47753141501,제 81 기말,38190977608,12,KRW,,,,,000250,삼천당제약,CFS
20251114001763,11014,2025,00128546,BS,재무상태표,ifrs-full_OtherCurrentAssets,기타유동자산,-,제 82 기 3분기말,9236017200,제 81 기말,1412550801,13,KRW,,,,,000250,삼천당제약,CFS
20251114001763,11014,2025,00128546,BS,재무상태표,ifrs-full_OtherCurrentFinancialAssets,기타유동금융자산,-,제 82 기 3분기말,11703198137,제 81 기말,38178722632,14,KRW,,,,,000250,삼천당제약,CFS
20251114001763,11014,2025,00128546,BS,재무상태표,ifrs-full_TradeAndOtherCurrentReceivables,매출채권 및 기타유동채권,-,제 82 기 3분기말,46511979216,제 81 기말,58138662540,15,KRW,,,,,000250,삼천당제약,CFS
20251114001763,11014,2025,00128546,BS,재무상태표,ifrs-full_NoncurrentAssets,비유동자산,-,제 82 기 3분기말,308637542890,제 81 기말,277239862861,16,KRW,,,,,000250,삼천당제약,CFS
20251114001763,11014,2025,00128546,BS,재무상태표,dart_LongTermTradeAndOtherNonCurrentReceivablesGross,장기매출채권 및 기타비유동채권,-,제 82 기 3분기말,2624808849,제 81 기말,1735372859,17,KRW,,,,,000250,삼천당제약,CFS
20251114001763,11014,2025,00128546,BS,재무상태표,-표준계정코드 미사용-,무형자산,-,제 82 기 3분기말,127520034748,제 81 기말,122186393648,18,KRW,,,,,000250,삼천당제약,CFS
20251114001763,11014,2025,00128546,BS,재무상태표,ifrs-full_DeferredTaxAssets,이연법인세자산,-,제 82 기 3분기말,7212876835,제 81 기말,8677135452,19,KRW,,,,,000250,삼천당제약,CFS
20251114001763,11014,2025,00128546,BS,재무상태표,ifrs-full_InvestmentProperty,투자부동산,-,제 82 기 3분기말,751170222,제 81 기말,757315476,20,KRW,,,,,000250,삼천당제약,CFS
20251114001763,11014,2025,00128546,BS,재무상태표,ifrs-full_NoncurrentFinancialAssetsAtFairValueThroughProfitOrLossMandatorilyMeasuredAtFairValue,"비유동 당기손익인식금융자산, 의무적으로 측정된 공정가치",-,제 82 기 3분기말,19124777329,제 81 기말,19116227329,21,KRW,,,,,000250,삼천당제약,CFS
20251114001763,11014,2025,00128546,BS,재무상태표,ifrs-full_NoncurrentFinancialAssetsMeasuredAtFairValueThroughOtherComprehensiveIncome,기타포괄손익-공정가치 측정 비유동금융자산,-,제 82 기 3분기말,9411653746,제 81 기말,11324168223,22,KRW,,,,,000250,삼천당제약,CFS
20251114001763,11014,2025,00128546,BS,재무상태표,ifrs-full_OtherNoncurrentAssets,기타비유동자산,-,제 82 기 3분기말,5533919323,제 81 기말,5942050575,23,KRW,,,,,000250,삼천당제약,CFS
20251114001763,11014,2025,00128546,BS,재무상태표,ifrs-full_OtherNoncurrentFinancialAssets,기타비유동금융자산,-,제 82 기 3분기말,4213180516,제 81 기말,3906120866,24,KRW,,,,,000250,삼천당제약,CFS
20251114001763,11014,2025,00128546,BS,재무상태표,ifrs-full_PropertyPlantAndEquipment,유형자산,-,제 82 기 3분기말,132245121322,제 81 기말,103595078433,25,KRW,,,,,000250,삼천당제약,CFS
20251114001763,11014,2025,00128546,BS,재무상태표,ifrs-full_Equity,자본총계,-,제 82 기 3분기말,354987480876,제 81 기말,349404158895,27,KRW,,,,,000250,삼천당제약,CFS
20251114001763,11014,2025,00128546,BS,재무상태표,ifrs-full_EquityAttributableToOwnersOfParent,지배기업의 소유주에게 귀속되는 자본,-,제 82 기 3분기말,267530492968,제 81 기말,266105335241,28,KRW,,,,,000250,삼천당제약,CFS
20251114001763,11014,2025,00128546,BS,재무상태표,dart_CapitalSurplus,기타자본잉여금,-,제 82 기 3분기말,106236292275,제 81 기말,99846182650,29,KRW,,,,,000250,삼천당제약,CFS
20251114001763,11014,2025,00128546,BS,재무상태표,dart_GainsSaleTreasuryStock,자기주식처분이익,-,제 82 기 3분기말,58406688572,제 81 기말,58327881725,30,KRW,,,,,000250,삼천당제약,CFS
20251114001763,11014,2025,00128546,BS,재무상태표,dart_OtherComprehensiveIncomeLossAccumulatedAmount,기타포괄손익누계액,-,제 82 기 3분기말,1389537675,제 81 기말,1318620484,31,KRW,,,,,000250,삼천당제약,CFS
20251114001763,11014,2025,00128546,BS,재무상태표,ifrs-full_IssuedCapital,자본금,-,제 82 기 3분기말,11728736000,제 81 기말,11728736000,32,KRW,,,,,000250,삼천당제약,CFS
20251114001763,11014,2025,00128546,BS,재무상태표,ifrs-full_RetainedEarnings,이익잉여금(결손금),-,제 82 기 3분기말,90336178535,제 81 기말,95452007700,33,KRW,,,,,000250,삼천당제약,CFS
20251114001763,11014,2025,00128546,BS,재무상태표,ifrs-full_TreasuryShares,자기주식,-,제 82 기 3분기말,566940089,제 81 기말,568093318,34,KRW,,,,,000250,삼천당제약,CFS
20251114001763,11014,2025,00128546,BS,재무상태표,ifrs-full_NoncontrollingInterests,비지배지분,-,제 82 기 3분기말,87456987908,제 81 기말,83298823654,35,KRW,,,,,000250,삼천당제약,CFS
20251114001763,11014,2025,00128546,BS,재무상태표,ifrs-full_EquityAndLiabilities,자본과부채총계,-,제 82 기 3분기말,529956225170,제 81 기말,519772210839,36,KRW,,,,,000250,삼천당제약,CFS
20251114001763,11014,2025,00128546,BS,재무상태표,ifrs-full_CurrentLiabilities,유동부채,-,제 82 기 3분기말,89249330410,제 81 기말,93420519276,38,KRW,,,,,000250,삼천당제약,CFS
20251114001763,11014,2025,00128546,BS,재무상태표,dart_CurrentDerivativeLiabilities,유동파생상품부채,-,제 82 기 3분기말,0,제 81 기말,0,39,KRW,,,,,000250,삼천당제약,CFS
20251114001763,11014,2025,00128546,BS,재무상태표,ifrs-full_CurrentLeaseLiabilities,유동 리스부채,-,제 82 기 3분기말,1644476705,제 81 기말,1535796924,40,KRW,,,,,000250,삼천당제약,CFS
20251114001763,11014,2025,00128546,BS,재무상태표,ifrs-full_CurrentPortionOfLongtermBorrowings,비유동차입금의 유동성 대체 부분,-,제 82 기 3분기말,33000000000,제 81 기말,16000000000,41,KRW,,,,,000250,삼천당제약,CFS
20251114001763,11014,2025,00128546,BS,재무상태표,ifrs-full_CurrentRefundsProvision,유동반품충당부채,-,제 82 기 3분기말,2067034721,제 81 기말,2118852519,42,KRW,,,,,000250,삼천당제약,CFS
20251114001763,11014,2025,00128546,BS,재무상태표,ifrs-full_CurrentTaxLiabilities,당기법인세부채,-,제 82 기 3분기말,592429957,제 81 기말,21225956708,43,KRW,,,,,000250,삼천당제약,CFS
20251114001763,11014,2025,00128546,BS,재무상태표,ifrs-full_ShorttermBorrowings,유동 차입금,-,제 82 기 3분기말,12641988560,제 81 기말,12290078744,44,KRW,,,,,000250,삼천당제약,CFS
20251114001763,11014,2025,00128546,BS,재무상태표,ifrs-full_TradeAndOtherCurrentPayables,매입채무 및 기타유동채무,-,제 82 기 3분기말,39303400467,제 81 기말,40249834381,45,KRW,,,,,000250,삼천당제약,CFS
20251114001763,11014,2025,00128546,BS,재무상태표,ifrs-full_Liabilities,부채총계,-,제 82 기 3분기말,174968744294,제 81 기말,170368051944,46,KRW,,,,,000250,삼천당제약,CFS
20251114001763,11014,2025,00128546,BS,재무상태표,ifrs-full_NoncurrentLiabilities,비유동부채,-,제 82 기 3분기말,85719413884,제 81 기말,76947532668,47,KRW,,,,,000250,삼천당제약,CFS
20251114001763,11014,2025,00128546,BS,재무상태표,dart_BondsIssuedNominalValue,사채,-,제 82 기 3분기말,21153016986,제 81 기말,0,48,KRW,,,,,000250,삼천당제약,CFS
20251114001763,11014,2025,00128546,BS,재무상태표,dart_LongTermBorrowingsGross,장기차입금,-,제 82 기 3분기말,0,제 81 기말,17000000000,49,KRW,,,,,000250,삼천당제약,CFS
20251114001763,11014,2025,00128546,BS,재무상태표,dart_PresentValueOfDefinedBenefitObligation,확정급여채무의현재가치,-,제 82 기 3분기말,10240204795,제 81 기말,11398079160,50,KRW,,,,,000250,삼천당제약,CFS
20251114001763,11014,2025,00128546,BS,재무상태표,ifrs-full_LongtermProvisionForDecommissioningRestorationAndRehabilitationCosts,"비유동 사후처리, 복구, 정화 비용을 위한 충당부채",-,제 82 기 3분기말,163417538,제 81 기말,158810982,51,KRW,,,,,000250,삼천당제약,CFS
20251114001763,11014,2025,00128546,BS,재무상태표,ifrs-full_NoncurrentLeaseLiabilities,비유동 리스부채,-,제 82 기 3분기말,2654608472,제 81 기말,3115423421,52,KRW,,,,,000250,삼천당제약,CFS
20251114001763,11014,2025,00128546,BS,재무상태표,ifrs-full_NoncurrentProvisionsForEmployeeBenefits,비유동종업원급여충당부채,-,제 82 기 3분기말,703192776,제 81 기말,655272312,53,KRW,,,,,000250,삼천당제약,CFS
20251114001763,11014,2025,00128546,BS,재무상태표,ifrs-full_OtherNoncurrentLiabilities,기타 비유동 부채,-,제 82 기 3분기말,50804973317,제 81 기말,44619946793,54,KRW,,,,,000250,삼천당제약,CFS
20251114001763,11014,2025,00128546,CIS,포괄손익계산서,dart_OperatingIncomeLoss,영업이익(손실),-,제 82 기 3분기,3433627849,,,6,KRW,3041714692,제 81 기 3분기,-814399905,3186811915,000250,삼천당제약,CFS
20251114001763,11014,2025,00128546,CIS,포괄손익계산서,dart_OtherGains,기타이익,-,제 82 기 3분기,978624527,,,7,KRW,1900673739,제 81 기 3분기,535893417,3108444461,000250,삼천당제약,CFS
20251114001763,11014,2025,00128546,CIS,포괄손익계산서,dart_OtherLosses,기타손실,-,제 82 기 3분기,451010944,,,8,KRW,1320013825,제 81 기 3분기,70406792,1449962247,000250,삼천당제약,CFS
20251114001763,11014,2025,00128546,CIS,포괄손익계산서,dart_TotalSellingGeneralAdministrativeExpenses,판매비와관리비,-,제 82 기 3분기,23679976078,,,9,KRW,74773716616,제 81 기 3분기,24837135561,70567364830,000250,삼천당제약,CFS
20251114001763,11014,2025,00128546,CIS,포괄손익계산서,ifrs-full_ComprehensiveIncome,총포괄손익,-,제 82 기 3분기,4395538518,,,10,KRW,3998640273,제 81 기 3분기,-250104044,1790593117,000250,삼천당제약,CFS
20251114001763,11014,2025,00128546,CIS,포괄손익계산서,ifrs-full_ComprehensiveIncomeAttributableToNoncontrollingInterests,"포괄손익, 비지배지분",-,제 82 기 3분기,1886356635,,,12,KRW,4392057847,제 81 기 3분기,885220902,3501421535,000250,삼천당제약,CFS
20251114001763,11014,2025,00128546,CIS,포괄손익계산서,ifrs-full_ComprehensiveIncomeAttributableToOwnersOfParent,"포괄손익, 지배기업의 소유주에게 귀속되는 지분",-,제 82 기 3분기,2509181883,,,13,KRW,-393417574,제 81 기 3분기,-1135324946,-1710828418,000250,삼천당제약,CFS
20251114001763,11014,2025,00128546,CIS,포괄손익계산서,ifrs-full_CostOfSales,매출원가,-,제 82 기 3분기,30910809434,,,14,KRW,87727152533,제 81 기 3분기,28360001111,81975492161,000250,삼천당제약,CFS
20251114001763,11014,2025,00128546,CIS,포괄손익계산서,ifrs-full_BasicEarningsLossPerShare,기본주당이익(손실),-,제 82 기 3분기,111,,,16,KRW,-12,제 81 기 3분기,-48,9,000250,삼천당제약,CFS
20251114001763,11014,2025,00128546,CIS,포괄손익계산서,ifrs-full_DilutedEarningsLossPerShare,희석주당이익(손실),-,제 82 기 3분기,111,,,17,KRW,-12,제 81 기 3분기,-48,9,000250,삼천당제약,CFS
20251114001763,11014,2025,00128546,CIS,포괄손익계산서,ifrs-full_FinanceCosts,금융원가,-,제 82 기 3분기,589759678,,,18,KRW,1637280883,제 81 기 3분기,1108955408,1312333272,000250,삼천당제약,CFS
20251114001763,11014,2025,00128546,CIS,포괄손익계산서,ifrs-full_FinanceIncome,금융수익,-,제 82 기 3분기,1879107337,,,19,KRW,3099192152,제 81 기 3분기,1439967592,3650660027,000250,삼천당제약,CFS
20251114001763,11014,2025,00128546,CIS,포괄손익계산서,ifrs-full_GrossProfit,매출총이익,-,제 82 기 3분기,27113603927,,,20,KRW,77815431308,제 81 기 3분기,24022735656,73754176745,000250,삼천당제약,CFS
20251114001763,11014,2025,00128546,CIS,포괄손익계산서,ifrs-full_IncomeTaxExpenseContinuingOperations,법인세비용(수익),-,제 82 기 3분기,789234870,,,21,KRW,962453618,제 81 기 3분기,266962829,3320017090,000250,삼천당제약,CFS
20251114001763,11014,2025,00128546,CIS,포괄손익계산서,ifrs-full_OtherComprehensiveIncome,기타포괄손익,-,제 82 기 3분기,-65815703,,,22,KRW,-123191984,제 81 기 3분기,34759881,-2073010677,000250,삼천당제약,CFS
20251114001763,11014,2025,00128546,CIS,포괄손익계산서,ifrs-full_OtherComprehensiveIncomeThatWillBeReclassifiedToProfitOrLossNetOfTax,당기손익으로 재분류될 수 있는 항목(세후기타포괄손익),-,제 82 기 3분기,44776407,,,23,KRW,103231764,제 81 기 3분기,333473112,337630030,000250,삼천당제약,CFS
20251114001763,11014,2025,00128546,CIS,포괄손익계산서,ifrs-full_GainsLossesOnExchangeDifferencesOnTranslationNetOfTax,해외사업장환산외환차이(세후기타포괄손익),-,제 82 기 3분기,41134552,,,24,KRW,39296746,제 81 기 3분기,-115074453,82607127,000250,삼천당제약,CFS
20251114001763,11014,2025,00128546,CIS,포괄손익계산서,ifrs-full_GainsLossesOnFinancialAssetsMeasuredAtFairValueThroughOtherComprehensiveIncomeNetOfTax,기타포괄손익-공정가치로 측정되는 금융자산의 세후차손익,-,제 82 기 3분기,3641855,,,25,KRW,63935018,제 81 기 3분기,448547565,255022903,000250,삼천당제약,CFS
20251114001763,11014,2025,00128546,CIS,포괄손익계산서,ifrs-full_ReclassificationAdjustmentsOnFinancialAssetsMeasuredAtFairValueThroughOtherComprehensiveIncomeNetOfTax,기타포괄손익-공정가치로 측정되는 금융자산의 세후재분류조정,-,제 82 기 3분기,0,,,26,KRW,0,제 81 기 3분기,0,0,000250,삼천당제약,CFS
20251114001763,11014,2025,00128546,CIS,포괄손익계산서,ifrs-full_OtherComprehensiveIncomeThatWillNotBeReclassifiedToProfitOrLossNetOfTax,당기손익으로 재분류되지 않는항목(세후기타포괄손익),-,제 82 기 3분기,-110592110,,,27,KRW,-226423748,제 81 기 3분기,-298713231,-2410640707,000250,삼천당제약,CFS
20251114001763,11014,2025,00128546,CIS,포괄손익계산서,-표준계정코드 미사용-,기타포괄손익-공정가치로 측정되는 금융자산의 세후차손익,-,제 82 기 3분기,0,,,28,KRW,0,제 81 기 3분기,-304218600,-304218600,000250,삼천당제약,CFS
20251114001763,11014,2025,00128546,CIS,포괄손익계산서,ifrs-full_OtherComprehensiveIncomeNetOfTaxGainsLossesOnRemeasurementsOfDefinedBenefitPlans,확정급여제도의 재측정손익(세후기타포괄손익),-,제 82 기 3분기,-110592110,,,29,KRW,-226423748,제 81 기 3분기,5505369,-2106422107,000250,삼천당제약,CFS
20251114001763,11014,2025,00128546,CIS,포괄손익계산서,ifrs-full_ProfitLoss,당기순이익(손실),-,제 82 기 3분기,4461354221,,,30,KRW,4121832257,제 81 기 3분기,-284863925,3863603794,000250,삼천당제약,CFS
20251114001763,11014,2025,00128546,CIS,포괄손익계산서,ifrs-full_ProfitLossAttributableToNoncontrollingInterests,비지배지분에 귀속되는 당기순이익(손실),-,제 82 기 3분기,1888539725,,,32,KRW,4406847989,제 81 기 3분기,826427372,3661042531,000250,삼천당제약,CFS
20251114001763,11014,2025,00128546,CIS,포괄손익계산서,ifrs-full_ProfitLossAttributableToOwnersOfParent,지배기업의 소유주에게 귀속되는 당기순이익(손실),-,제 82 기 3분기,2572814496,,,33,KRW,-285015732,제 81 기 3분기,-1111291297,202561263,000250,삼천당제약,CFS
20251114001763,11014,2025,00128546,CIS,포괄손익계산서,ifrs-full_ProfitLossBeforeTax,법인세비용차감전순이익(손실),-,제 82 기 3분기,5250589091,,,34,KRW,5084285875,제 81 기 3분기,-17901096,7183620884,000250,삼천당제약,CFS
20251114001763,11014,2025,00128546,CIS,포괄손익계산서,ifrs-full_Revenue,수익(매출액),-,제 82 기 3분기,58024413361,,,35,KRW,165542583841,제 81 기 3분기,52382736767,155729668906,000250,삼천당제약,CFS
20251114001763,11014,2025,00128546,CF,현금흐름표,dart_CashAndCashEquivalentsAtBeginningOfPeriodCf,기초현금및현금성자산,-,제 82 기 3분기,105584562702,,,2,KRW,,제 81 기 3분기,40427235975,,000250,삼천당제약,CFS
20251114001763,11014,2025,00128546,CF,현금흐름표,dart_CashAndCashEquivalentsAtEndOfPeriodCf,기말현금및현금성자산,-,제 82 기 3분기,103138602901,,,3,KRW,,제 81 기 3분기,134013462324,,000250,삼천당제약,CFS
20251114001763,11014,2025,00128546,CF,현금흐름표,ifrs-full_CashFlowsFromUsedInFinancingActivities,재무활동현금흐름,-,제 82 기 3분기,24054071254,,,8,KRW,,제 81 기 3분기,76388346683,,000250,삼천당제약,CFS
20251114001763,11014,2025,00128546,CF,현금흐름표,dart_AcquisitionOfTreasuryShares,자기주식의 취득으로 인한 현금의 유출,-,제 82 기 3분기,0,,,9,KRW,,제 81 기 3분기,0,,000250,삼천당제약,CFS
20251114001763,11014,2025,00128546,CF,현금흐름표,dart_DispositionOfTreasuryShares,자기주식의 처분,-,제 82 기 3분기,46842624,,,10,KRW,,제 81 기 3분기,71160787160,,000250,삼천당제약,CFS
20251114001763,11014,2025,00128546,CF,현금흐름표,dart_PaymentForBondIssueExpenses,사채발행비 지급,-,제 82 기 3분기,0,,,11,KRW,,제 81 기 3분기,0,,000250,삼천당제약,CFS
20251114001763,11014,2025,00128546,CF,현금흐름표,dart_PaymentsOfFinanceLeaseLiabilitiesClassifiedAsFinancingActivities,금융리스부채의 지급,-,제 82 기 3분기,1235086786,,,12,KRW,,제 81 기 3분기,1149665280,,000250,삼천당제약,CFS
20251114001763,11014,2025,00128546,CF,현금흐름표,dart_ProceedsFromExchangeableBond,교환사채의 증가,-,제 82 기 3분기,29541900000,,,13,KRW,,제 81 기 3분기,0,,000250,삼천당제약,CFS
20251114001763,11014,2025,00128546,CF,현금흐름표,dart_ProceedsFromLongTermBorrowings,장기차입금의 증가,-,제 82 기 3분기,0,,,14,KRW,,제 81 기 3분기,6949816000,,000250,삼천당제약,CFS
20251114001763,11014,2025,00128546,CF,현금흐름표,dart_ProceedsFromShortTermBorrowings,단기차입금의 증가,-,제 82 기 3분기,6768014115,,,15,KRW,,제 81 기 3분기,10318559703,,000250,삼천당제약,CFS
20251114001763,11014,2025,00128546,CF,현금흐름표,dart_RepaymentsOfLongTermBorrowings,유동성장기차입금의 감소,-,제 82 기 3분기,0,,,16,KRW,,제 81 기 3분기,10000000000,,000250,삼천당제약,CFS
20251114001763,11014,2025,00128546,CF,현금흐름표,dart_RepaymentsOfShortTermBorrowings,단기차입금의 상환,-,제 82 기 3분기,6416104299,,,17,KRW,,제 81 기 3분기,1000000,,000250,삼천당제약,CFS
20251114001763,11014,2025,00128546,CF,현금흐름표,ifrs-full_DividendsPaidClassifiedAsFinancingActivities,배당금지급,-,제 82 기 3분기,4651494400,,,18,KRW,,제 81 기 3분기,890150900,,000250,삼천당제약,CFS
20251114001763,11014,2025,00128546,CF,현금흐름표,ifrs-full_CashFlowsFromUsedInInvestingActivities,투자활동현금흐름,-,제 82 기 3분기,-26350085669,,,19,KRW,,제 81 기 3분기,623518230,,000250,삼천당제약,CFS
20251114001763,11014,2025,00128546,CF,현금흐름표,dart_DecreaseInGuaranteeDeposits,임차보증금의 감소,-,제 82 기 3분기,4643075,,,20,KRW,,제 81 기 3분기,27562047,,000250,삼천당제약,CFS
20251114001763,11014,2025,00128546,CF,현금흐름표,dart_IncreaseInGuaranteeDeposits,임차보증금의 증가,-,제 82 기 3분기,967070754,,,21,KRW,,제 81 기 3분기,21300000,,000250,삼천당제약,CFS
20251114001763,11014,2025,00128546,CF,현금흐름표,dart_ProceedsFromSalesOfFairValueFinancialAsset,당기손익인식금융자산의 처분,-,제 82 기 3분기,706433360,,,22,KRW,,제 81 기 3분기,14623747714,,000250,삼천당제약,CFS
20251114001763,11014,2025,00128546,CF,현금흐름표,dart_ProceedsFromSalesOfLongTermFinancialInstruments,장기금융상품의 처분,-,제 82 기 3분기,2000000,,,23,KRW,,제 81 기 3분기,0,,000250,삼천당제약,CFS
20251114001763,11014,2025,00128546,CF,현금흐름표,dart_ProceedsFromSalesOfLongTermLoansAndReceivables,장기대여금및수취채권의 처분,-,제 82 기 3분기,0,,,24,KRW,,제 81 기 3분기,4500000,,000250,삼천당제약,CFS
20251114001763,11014,2025,00128546,CF,현금흐름표,dart_ProceedsFromSalesOfShortTermFinancialInstruments,단기금융상품의 처분,-,제 82 기 3분기,31000000000,,,25,KRW,,제 81 기 3분기,40000000000,,000250,삼천당제약,CFS
20251114001763,11014,2025,00128546,CF,현금흐름표,dart_ProceedsFromSalesOfShortTermLoansAndReceivables,단기대여금및수취채권의 처분,-,제 82 기 3분기,33062000,,,26,KRW,,제 81 기 3분기,29884000,,000250,삼천당제약,CFS
20251114001763,11014,2025,00128546,CF,현금흐름표,dart_PurchaseOfFairValueFinancialAsset,당기손익인식금융자산의 취득,-,제 82 기 3분기,444942000,,,27,KRW,,제 81 기 3분기,0,,000250,삼천당제약,CFS
20251114001763,11014,2025,00128546,CF,현금흐름표,dart_PurchaseOfFinancialAssetsHeldToMaturity,만기보유금융자산의 취득,-,제 82 기 3분기,0,,,28,KRW,,제 81 기 3분기,-71470684,,000250,삼천당제약,CFS
20251114001763,11014,2025,00128546,CF,현금흐름표,dart_PurchaseOfLongTermLoansAndReceivables,장기대여금및수취채권의 취득,-,제 82 기 3분기,0,,,29,KRW,,제 81 기 3분기,2800000000,,000250,삼천당제약,CFS
20251114001763,11014,2025,00128546,CF,현금흐름표,dart_PurchaseOfShortTermFinancialInstruments,단기금융상품의 취득,-,제 82 기 3분기,6680351505,,,30,KRW,,제 81 기 3분기,24959409014,,000250,삼천당제약,CFS
20251114001763,11014,2025,00128546,CF,현금흐름표,dart_PurchaseOfShortTermLoansAndReceivables,단기대여금및수취채권의 취득,-,제 82 기 3분기,712850000,,,31,KRW,,제 81 기 3분기,0,,000250,삼천당제약,CFS
20251114001763,11014,2025,00128546,CF,현금흐름표,-표준계정코드 미사용-,기타포괄손익인식금융자산(채무)의 처분,-,제 82 기 3분기,500000000,,,32,KRW,,제 81 기 3분기,0,,000250,삼천당제약,CFS
20251114001763,11014,2025,00128546,CF,현금흐름표,ifrs-full_ProceedsFromSalesOfPropertyPlantAndEquipmentClassifiedAsInvestingActivities,유형자산의 처분,-,제 82 기 3분기,33272727,,,33,KRW,,제 81 기 3분기,16818182,,000250,삼천당제약,CFS
20251114001763,11014,2025,00128546,CF,현금흐름표,ifrs-full_PurchaseOfIntangibleAssetsClassifiedAsInvestingActivities,무형자산의 취득,-,제 82 기 3분기,16304854890,,,34,KRW,,제 81 기 3분기,11445387663,,000250,삼천당제약,CFS
20251114001763,11014,2025,00128546,CF,현금흐름표,ifrs-full_PurchaseOfPropertyPlantAndEquipmentClassifiedAsInvestingActivities,유형자산의 취득,-,제 82 기 3분기,33519427682,,,35,KRW,,제 81 기 3분기,14924367720,,000250,삼천당제약,CFS
20251114001763,11014,2025,00128546,CF,현금흐름표,ifrs-full_CashFlowsFromUsedInOperatingActivities,영업활동현금흐름,-,제 82 기 3분기,168495464,,,36,KRW,,제 81 기 3분기,16488186074,,000250,삼천당제약,CFS
20251114001763,11014,2025,00128546,CF,현금흐름표,dart_AdjustmentsForAssetsLiabilitiesOfOperatingActivities,영업활동으로 인한 자산 부채의 변동,-,제 82 기 3분기,5078844671,,,37,KRW,,제 81 기 3분기,675357654,,000250,삼천당제약,CFS
20251114001763,11014,2025,00128546,CF,현금흐름표,dart_AdjustmentsForDecreaseincreaseInFairValueOfPlanAssets,사외적립자산의공정가치의 감소(증가),-,제 82 기 3분기,-1809444796,,,38,KRW,,제 81 기 3분기,1083886692,,000250,삼천당제약,CFS
20251114001763,11014,2025,00128546,CF,현금흐름표,dart_AdjustmentsForDecreaseincreaseInTradeAndOtherCurrentReceivables,매출채권 및 기타유동채권의 감소(증가),-,제 82 기 3분기,11479885682,,,39,KRW,,제 81 기 3분기,-1740232304,,000250,삼천당제약,CFS
20251114001763,11014,2025,00128546,CF,현금흐름표,dart_AdjustmentsForIncreaseDecreaseInOtherNonCurrentLiabilities,기타비유동부채의 증가(감소),-,제 82 기 3분기,8563190000,,,40,KRW,,제 81 기 3분기,5080343121,,000250,삼천당제약,CFS
20251114001763,11014,2025,00128546,CF,현금흐름표,dart_AdjustmentsForIncreasedecreaseInPostemploymentBenefitObligations,퇴직급여채무의 증가(감소),-,제 82 기 3분기,-2814284932,,,41,KRW,,제 81 기 3분기,-1575521040,,000250,삼천당제약,CFS
20251114001763,11014,2025,00128546,CF,현금흐름표,-표준계정코드 미사용-,국민연금전환금의 감소(증가),-,제 82 기 3분기,1900300,,,42,KRW,,제 81 기 3분기,1019870,,000250,삼천당제약,CFS
20251114001763,11014,2025,00128546,CF,현금흐름표,ifrs-full_AdjustmentsForDecreaseIncreaseInInventories,재고자산의 감소(증가),-,제 82 기 3분기,-7676528179,,,43,KRW,,제 81 기 3분기,-6740914386,,000250,삼천당제약,CFS
20251114001763,11014,2025,00128546,CF,현금흐름표,ifrs-full_AdjustmentsForDecreaseIncreaseInOtherCurrentAssets,기타유동자산의 감소(증가) 조정,-,제 82 기 3분기,-1650439727,,,44,KRW,,제 81 기 3분기,165350324,,000250,삼천당제약,CFS
20251114001763,11014,2025,00128546,CF,현금흐름표,ifrs-full_AdjustmentsForIncreaseDecreaseInTradeAndOtherPayables,매입채무 및 기타채무의 증가(감소),-,제 82 기 3분기,-1015433677,,,45,KRW,,제 81 기 3분기,4401425377,,000250,삼천당제약,CFS
20251114001763,11014,2025,00128546,CF,현금흐름표,ifrs-full_AdjustmentsForReconcileProfitLoss,당기순이익조정을 위한 가감,-,제 82 기 3분기,10901993849,,,46,KRW,,제 81 기 3분기,12118153274,,000250,삼천당제약,CFS
20251114001763,11014,2025,00128546,CF,현금흐름표,dart_AdjustmentsForBadDebtExpenses,대손상각비 조정,-,제 82 기 3분기,-8483525,,,47,KRW,,제 81 기 3분기,109003601,,000250,삼천당제약,CFS
20251114001763,11014,2025,00128546,CF,현금흐름표,dart_AdjustmentsForGainOnDispositionOfTangibleAssets,유형자산처분이익 조정,-,제 82 기 3분기,32270727,,,48,KRW,,제 81 기 3분기,11713334,,000250,삼천당제약,CFS
20251114001763,11014,2025,00128546,CF,현금흐름표,dart_AdjustmentsForGainOnForeignExchangeTranslations,외화환산이익 조정,-,제 82 기 3분기,351483214,,,49,KRW,,제 81 기 3분기,381549876,,000250,삼천당제약,CFS
20251114001763,11014,2025,00128546,CF,현금흐름표,dart_AdjustmentsForGainsOnDisposalsOfFinancialAssets,당기손익인식금융자산처분이익 조정,-,제 82 기 3분기,706433360,,,50,KRW,,제 81 기 3분기,1914682204,,000250,삼천당제약,CFS
20251114001763,11014,2025,00128546,CF,현금흐름표,dart_AdjustmentsForGainsOnDisposalsOfInvestments,투자자산처분이익 조정,-,제 82 기 3분기,0,,,51,KRW,,제 81 기 3분기,0,,000250,삼천당제약,CFS
20251114001763,11014,2025,00128546,CF,현금흐름표,dart_AdjustmentsForGainsOnEvaluationOfFairValueFinancialAssets,당기손익인식금융자산평가이익 조정,-,제 82 기 3분기,34573525,,,52,KRW,,제 81 기 3분기,560450414,,000250,삼천당제약,CFS
20251114001763,11014,2025,00128546,CF,현금흐름표,dart_AdjustmentsForImpairmentLossesOfIntangibleAssets,무형자산손상차손 조정,-,제 82 기 3분기,0,,,53,KRW,,제 81 기 3분기,0,,000250,삼천당제약,CFS
20251114001763,11014,2025,00128546,CF,현금흐름표,dart_AdjustmentsForLossesFromInventoryShrinkage,재고자산감모손실 조정,-,제 82 기 3분기,1348882378,,,54,KRW,,제 81 기 3분기,1222765233,,000250,삼천당제약,CFS
20251114001763,11014,2025,00128546,CF,현금흐름표,dart_AdjustmentsForLossesOnDispositionOfPropertyPlantAndEquipment,유형자산처분손실 조정,-,제 82 기 3분기,39237103,,,55,KRW,,제 81 기 3분기,122650425,,000250,삼천당제약,CFS
20251114001763,11014,2025,00128546,CF,현금흐름표,dart_AdjustmentsForLossesOnEvaluationOfDerivativeFinancialLiabilities,파생금융부채평가손실,-,제 82 기 3분기,0,,,56,KRW,,제 81 기 3분기,0,,000250,삼천당제약,CFS
20251114001763,11014,2025,00128546,CF,현금흐름표,dart_AdjustmentsForLossesOnEvaluationOfFairValueFinancialAssets,당기손익인식금융자산평가손실 조정,-,제 82 기 3분기,11031625,,,57,KRW,,제 81 기 3분기,1097808564,,000250,삼천당제약,CFS
20251114001763,11014,2025,00128546,CF,현금흐름표,dart_AdjustmentsForLossesOnForeignExchangeTranslations,외화환산손실 조정,-,제 82 기 3분기,719035389,,,58,KRW,,제 81 기 3분기,414250826,,000250,삼천당제약,CFS
20251114001763,11014,2025,00128546,CF,현금흐름표,dart_AdjustmentsForOtherBadDebtExpenses,기타의 대손상각비 조정,-,제 82 기 3분기,99172847,,,59,KRW,,제 81 기 3분기,78754720,,000250,삼천당제약,CFS
20251114001763,11014,2025,00128546,CF,현금흐름표,dart_AdjustmentsForProvisionForSeveranceIndemnities,퇴직급여 조정,-,제 82 기 3분기,3177705065,,,60,KRW,,제 81 기 3분기,2891262531,,000250,삼천당제약,CFS
20251114001763,11014,2025,00128546,CF,현금흐름표,dart_AdjustmentsForShareBasedPayment,주식보상비용(환입) 조정,-,제 82 기 3분기,-498663877,,,61,KRW,,제 81 기 3분기,377346599,,000250,삼천당제약,CFS
20251114001763,11014,2025,00128546,CF,현금흐름표,dart_AdjustmentsForWritedownsOfInventories,재고자산평가손실 조정,-,제 82 기 3분기,253852083,,,62,KRW,,제 81 기 3분기,695026258,,000250,삼천당제약,CFS
20251114001763,11014,2025,00128546,CF,현금흐름표,-표준계정코드 미사용-,사채할인상각비에 대한 조정,-,제 82 기 3분기,62479655,,,63,KRW,,제 81 기 3분기,0,,000250,삼천당제약,CFS
20251114001763,11014,2025,00128546,CF,현금흐름표,-표준계정코드 미사용-,배당금수익에 대한 조정,-,제 82 기 3분기,-47978724,,,64,KRW,,제 81 기 3분기,-109028976,,000250,삼천당제약,CFS
20251114001763,11014,2025,00128546,CF,현금흐름표,-표준계정코드 미사용-,복리후생비 조정,-,제 82 기 3분기,-1956910,,,65,KRW,,제 81 기 3분기,44651709,,000250,삼천당제약,CFS
20251114001763,11014,2025,00128546,CF,현금흐름표,-표준계정코드 미사용-,금융수익에 대한 조정,-,제 82 기 3분기,-2747708938,,,66,KRW,,제 81 기 3분기,-3269110151,,000250,삼천당제약,CFS
20251114001763,11014,2025,00128546,CF,현금흐름표,-표준계정코드 미사용-,리스자산처분이익 조정,-,제 82 기 3분기,-7947030,,,67,KRW,,제 81 기 3분기,-4506833,,000250,삼천당제약,CFS
20251114001763,11014,2025,00128546,CF,현금흐름표,-표준계정코드 미사용-,장기종업원급여 조정,-,제 82 기 3분기,12503321,,,68,KRW,,제 81 기 3분기,415224814,,000250,삼천당제약,CFS
20251114001763,11014,2025,00128546,CF,현금흐름표,-표준계정코드 미사용-,기타포괄손익인식금융자산처분손실,-,제 82 기 3분기,3000000,,,69,KRW,,제 81 기 3분기,0,,000250,삼천당제약,CFS
20251114001763,11014,2025,00128546,CF,현금흐름표,ifrs-full_AdjustmentsForAmortisationExpense,무형자산상각비에 대한 조정,-,제 82 기 3분기,1057670087,,,70,KRW,,제 81 기 3분기,455353875,,000250,삼천당제약,CFS
20251114001763,11014,2025,00128546,CF,현금흐름표,ifrs-full_AdjustmentsForDepreciationExpense,감가상각비에 대한 조정,-,제 82 기 3분기,6736704669,,,71,KRW,,제 81 기 3분기,6226996371,,000250,삼천당제약,CFS
20251114001763,11014,2025,00128546,CF,현금흐름표,ifrs-full_AdjustmentsForFinanceCosts,금융원가의 조정,-,제 82 기 3분기,855765839,,,72,KRW,,제 81 기 3분기,898082446,,000250,삼천당제약,CFS
20251114001763,11014,2025,00128546,CF,현금흐름표,ifrs-full_AdjustmentsForIncomeTaxExpense,법인세비용 조정,-,제 82 기 3분기,962453618,,,73,KRW,,제 81 기 3분기,3320017090,,000250,삼천당제약,CFS
20251114001763,11014,2025,00128546,CF,현금흐름표,ifrs-full_DividendsReceivedClassifiedAsOperatingActivities,배당금수취(영업),-,제 82 기 3분기,14078724,,,74,KRW,,제 81 기 3분기,109028976,,000250,삼천당제약,CFS
20251114001763,11014,2025,00128546,CF,현금흐름표,ifrs-full_IncomeTaxesPaidRefundClassifiedAsOperatingActivities,법인세환급(납부),-,제 82 기 3분기,21650068941,,,75,KRW,,제 81 기 3분기,2380277680,,000250,삼천당제약,CFS
20251114001763,11014,2025,00128546,CF,현금흐름표,ifrs-full_InterestPaidClassifiedAsOperatingActivities,이자지급(영업),-,제 82 기 3분기,594892945,,,76,KRW,,제 81 기 3분기,719143695,,000250,삼천당제약,CFS
20251114001763,11014,2025,00128546,CF,현금흐름표,ifrs-full_InterestReceivedClassifiedAsOperatingActivities,이자수취,-,제 82 기 3분기,2296707849,,,77,KRW,,제 81 기 3분기,2821463751,,000250,삼천당제약,CFS
20251114001763,11014,2025,00128546,CF,현금흐름표,ifrs-full_ProfitLoss,당기순이익(손실),-,제 82 기 3분기,4461354221,,,78,KRW,,제 81 기 3분기,-284863925,,000250,삼천당제약,CFS
20251114001763,11014,2025,00128546,CF,현금흐름표,ifrs-full_EffectOfExchangeRateChangesOnCashAndCashEquivalents,현금및현금성자산에 대한 환율변동효과,-,제 82 기 3분기,-318440850,,,79,KRW,,제 81 기 3분기,86175362,,000250,삼천당제약,CFS
20251114001763,11014,2025,00128546,CF,현금흐름표,ifrs-full_IncreaseDecreaseInCashAndCashEquivalents,현금및현금성자산의순증가(감소),-,제 82 기 3분기,-2445959801,,,80,KRW,,제 81 기 3분기,93586226349,,000250,삼천당제약,CFS
20251114001763,11014,2025,00128546,CF,현금흐름표,ifrs-full_IncreaseDecreaseInCashAndCashEquivalentsBeforeEffectOfExchangeRateChanges,환율변동효과 반영전 현금및현금성자산의 순증가(감소),-,제 82 기 3분기,-2127518951,,,81,KRW,,제 81 기 3분기,93500050987,,000250,삼천당제약,CFS
20251114001763,11014,2025,00128546,SCE,자본변동표,dart_AppropriationTransferReservationOfRetainedEarnings,이익잉여금 처분으로 인한 증감,연결재무제표 [member],제 82 기 3분기,0,,,3,KRW,,제 81 기 3분기,0,,000250,삼천당제약,CFS
20251114001763,11014,2025,00128546,SCE,자본변동표,dart_AppropriationTransferReservationOfRetainedEarnings,이익잉여금 처분으로 인한 증감,자본 [구성요소]|비지배지분 [구성요소],제 82 기 3분기,0,,,3,KRW,,제 81 기 3분기,0,,000250,삼천당제약,CFS
20251114001763,11014,2025,00128546,SCE,자본변동표,dart_AppropriationTransferReservationOfRetainedEarnings,이익잉여금 처분으로 인한 증감,자본 [구성요소]|지배기업의 소유주에게 귀속되는 지분 [구성요소],제 82 기 3분기,0,,,3,KRW,,제 81 기 3분기,0,,000250,삼천당제약,CFS
20251114001763,11014,2025,00128546,SCE,자본변동표,dart_AppropriationTransferReservationOfRetainedEarnings,이익잉여금 처분으로 인한 증감,자본 [구성요소]|지배기업의 소유주에게 귀속되는 지분 [구성요소]|기타포괄손익누계액 [구성요소],제 82 기 3분기,0,,,3,KRW,,제 81 기 3분기,0,,000250,삼천당제약,CFS
20251114001763,11014,2025,00128546,SCE,자본변동표,dart_AppropriationTransferReservationOfRetainedEarnings,이익잉여금 처분으로 인한 증감,자본 [구성요소]|지배기업의 소유주에게 귀속되는 지분 [구성요소]|자본잉여금 [구성요소],제 82 기 3분기,0,,,3,KRW,,제 81 기 3분기,0,,000250,삼천당제약,CFS
20251114001763,11014,2025,00128546,SCE,자본변동표,dart_AppropriationTransferReservationOfRetainedEarnings,이익잉여금 처분으로 인한 증감,자본 [구성요소]|지배기업의 소유주에게 귀속되는 지분 [구성요소]|자기주식,제 82 기 3분기,0,,,3,KRW,,제 81 기 3분기,0,,000250,삼천당제약,CFS
20251114001763,11014,2025,00128546,SCE,자본변동표,dart_AppropriationTransferReservationOfRetainedEarnings,이익잉여금 처분으로 인한 증감,자본 [구성요소]|지배기업의 소유주에게 귀속되는 지분 [구성요소]|자기주식처분이익,제 82 기 3분기,0,,,3,KRW,,제 81 기 3분기,0,,000250,삼천당제약,CFS
20251114001763,11014,2025,00128546,SCE,자본변동표,dart_AppropriationTransferReservationOfRetainedEarnings,이익잉여금 처분으로 인한 증감,자본 [구성요소]|지배기업의 소유주에게 귀속되는 지분 [구성요소]|자본금 [구성요소],제 82 기 3분기,0,,,3,KRW,,제 81 기 3분기,0,,000250,삼천당제약,CFS
20251114001763,11014,2025,00128546,SCE,자본변동표,dart_AppropriationTransferReservationOfRetainedEarnings,이익잉여금 처분으로 인한 증감,자본 [구성요소]|지배기업의 소유주에게 귀속되는 지분 [구성요소]|이익잉여금 [구성요소],제 82 기 3분기,0,,,3,KRW,,제 81 기 3분기,0,,000250,삼천당제약,CFS
20251114001763,11014,2025,00128546,SCE,자본변동표,dart_BonusIssue,무상증자,자본 [구성요소]|지배기업의 소유주에게 귀속되는 지분 [구성요소]|기타포괄손익누계액 [구성요소],제 82 기 3분기,0,,,4,KRW,,제 81 기 3분기,0,,000250,삼천당제약,CFS
20251114001763,11014,2025,00128546,SCE,자본변동표,dart_BonusIssue,무상증자,자본 [구성요소]|지배기업의 소유주에게 귀속되는 지분 [구성요소],제 82 기 3분기,0,,,4,KRW,,제 81 기 3분기,0,,000250,삼천당제약,CFS
20251114001763,11014,2025,00128546,SCE,자본변동표,dart_BonusIssue,무상증자,자본 [구성요소]|비지배지분 [구성요소],제 82 기 3분기,0,,,4,KRW,,제 81 기 3분기,0,,000250,삼천당제약,CFS
20251114001763,11014,2025,00128546,SCE,자본변동표,dart_BonusIssue,무상증자,연결재무제표 [member],제 82 기 3분기,0,,,4,KRW,,제 81 기 3분기,0,,000250,삼천당제약,CFS
20251114001763,11014,2025,00128546,SCE,자본변동표,dart_BonusIssue,무상증자,자본 [구성요소]|지배기업의 소유주에게 귀속되는 지분 [구성요소]|이익잉여금 [구성요소],제 82 기 3분기,0,,,4,KRW,,제 81 기 3분기,0,,000250,삼천당제약,CFS
20251114001763,11014,2025,00128546,SCE,자본변동표,dart_BonusIssue,무상증자,자본 [구성요소]|지배기업의 소유주에게 귀속되는 지분 [구성요소]|자본잉여금 [구성요소],제 82 기 3분기,0,,,4,KRW,,제 81 기 3분기,0,,000250,삼천당제약,CFS
20251114001763,11014,2025,00128546,SCE,자본변동표,dart_BonusIssue,무상증자,자본 [구성요소]|지배기업의 소유주에게 귀속되는 지분 [구성요소]|자본금 [구성요소],제 82 기 3분기,0,,,4,KRW,,제 81 기 3분기,0,,000250,삼천당제약,CFS
20251114001763,11014,2025,00128546,SCE,자본변동표,dart_BonusIssue,무상증자,자본 [구성요소]|지배기업의 소유주에게 귀속되는 지분 [구성요소]|자기주식처분이익,제 82 기 3분기,0,,,4,KRW,,제 81 기 3분기,0,,000250,삼천당제약,CFS
20251114001763,11014,2025,00128546,SCE,자본변동표,dart_BonusIssue,무상증자,자본 [구성요소]|지배기업의 소유주에게 귀속되는 지분 [구성요소]|자기주식,제 82 기 3분기,0,,,4,KRW,,제 81 기 3분기,0,,000250,삼천당제약,CFS
20251114001763,11014,2025,00128546,SCE,자본변동표,dart_ChangesInConsolidatedCompanies,연결대상범위의 변동,연결재무제표 [member],제 82 기 3분기,0,,,5,KRW,,제 81 기 3분기,0,,000250,삼천당제약,CFS
20251114001763,11014,2025,00128546,SCE,자본변동표,dart_ChangesInConsolidatedCompanies,연결대상범위의 변동,자본 [구성요소]|비지배지분 [구성요소],제 82 기 3분기,0,,,5,KRW,,제 81 기 3분기,0,,000250,삼천당제약,CFS
20251114001763,11014,2025,00128546,SCE,자본변동표,dart_ChangesInConsolidatedCompanies,연결대상범위의 변동,자본 [구성요소]|지배기업의 소유주에게 귀속되는 지분 [구성요소],제 82 기 3분기,0,,,5,KRW,,제 81 기 3분기,0,,000250,삼천당제약,CFS
20251114001763,11014,2025,00128546,SCE,자본변동표,dart_ChangesInConsolidatedCompanies,연결대상범위의 변동,자본 [구성요소]|지배기업의 소유주에게 귀속되는 지분 [구성요소]|기타포괄손익누계액 [구성요소],제 82 기 3분기,0,,,5,KRW,,제 81 기 3분기,0,,000250,삼천당제약,CFS
20251114001763,11014,2025,00128546,SCE,자본변동표,dart_ChangesInConsolidatedCompanies,연결대상범위의 변동,자본 [구성요소]|지배기업의 소유주에게 귀속되는 지분 [구성요소]|자본잉여금 [구성요소],제 82 기 3분기,0,,,5,KRW,,제 81 기 3분기,0,,000250,삼천당제약,CFS
20251114001763,11014,2025,00128546,SCE,자본변동표,dart_ChangesInConsolidatedCompanies,연결대상범위의 변동,자본 [구성요소]|지배기업의 소유주에게 귀속되는 지분 [구성요소]|자기주식처분이익,제 82 기 3분기,0,,,5,KRW,,제 81 기 3분기,0,,000250,삼천당제약,CFS
20251114001763,11014,2025,00128546,SCE,자본변동표,dart_ChangesInConsolidatedCompanies,연결대상범위의 변동,자본 [구성요소]|지배기업의 소유주에게 귀속되는 지분 [구성요소]|자기주식,제 82 기 3분기,0,,,5,KRW,,제 81 기 3분기,0,,000250,삼천당제약,CFS
20251114001763,11014,2025,00128546,SCE,자본변동표,dart_ChangesInConsolidatedCompanies,연결대상범위의 변동,자본 [구성요소]|지배기업의 소유주에게 귀속되는 지분 [구성요소]|이익잉여금 [구성요소],제 82 기 3분기,0,,,5,KRW,,제 81 기 3분기,0,,000250,삼천당제약,CFS
20251114001763,11014,2025,00128546,SCE,자본변동표,dart_ChangesInConsolidatedCompanies,연결대상범위의 변동,자본 [구성요소]|지배기업의 소유주에게 귀속되는 지분 [구성요소]|자본금 [구성요소],제 82 기 3분기,0,,,5,KRW,,제 81 기 3분기,0,,000250,삼천당제약,CFS
20251114001763,11014,2025,00128546,SCE,자본변동표,dart_ChangesInForeignExchangeRates,환율변동,자본 [구성요소]|지배기업의 소유주에게 귀속되는 지분 [구성요소]|기타포괄손익누계액 [구성요소],제 82 기 3분기,0,,,6,KRW,,제 81 기 3분기,0,,000250,삼천당제약,CFS
20251114001763,11014,2025,00128546,SCE,자본변동표,dart_ChangesInForeignExchangeRates,환율변동,자본 [구성요소]|지배기업의 소유주에게 귀속되는 지분 [구성요소],제 82 기 3분기,0,,,6,KRW,,제 81 기 3분기,0,,000250,삼천당제약,CFS
20251114001763,11014,2025,00128546,SCE,자본변동표,dart_ChangesInForeignExchangeRates,환율변동,자본 [구성요소]|비지배지분 [구성요소],제 82 기 3분기,0,,,6,KRW,,제 81 기 3분기,0,,000250,삼천당제약,CFS
20251114001763,11014,2025,00128546,SCE,자본변동표,dart_ChangesInForeignExchangeRates,환율변동,연결재무제표 [member],제 82 기 3분기,0,,,6,KRW,,제 81 기 3분기,0,,000250,삼천당제약,CFS
20251114001763,11014,2025,00128546,SCE,자본변동표,dart_ChangesInForeignExchangeRates,환율변동,자본 [구성요소]|지배기업의 소유주에게 귀속되는 지분 [구성요소]|이익잉여금 [구성요소],제 82 기 3분기,0,,,6,KRW,,제 81 기 3분기,0,,000250,삼천당제약,CFS
20251114001763,11014,2025,00128546,SCE,자본변동표,dart_ChangesInForeignExchangeRates,환율변동,자본 [구성요소]|지배기업의 소유주에게 귀속되는 지분 [구성요소]|자본잉여금 [구성요소],제 82 기 3분기,0,,,6,KRW,,제 81 기 3분기,0,,000250,삼천당제약,CFS
20251114001763,11014,2025,00128546,SCE,자본변동표,dart_ChangesInForeignExchangeRates,환율변동,자본 [구성요소]|지배기업의 소유주에게 귀속되는 지분 [구성요소]|자본금 [구성요소],제 82 기 3분기,0,,,6,KRW,,제 81 기 3분기,0,,000250,삼천당제약,CFS
20251114001763,11014,2025,00128546,SCE,자본변동표,dart_ChangesInForeignExchangeRates,환율변동,자본 [구성요소]|지배기업의 소유주에게 귀속되는 지분 [구성요소]|자기주식처분이익,제 82 기 3분기,0,,,6,KRW,,제 81 기 3분기,0,,000250,삼천당제약,CFS
20251114001763,11014,2025,00128546,SCE,자본변동표,dart_ChangesInForeignExchangeRates,환율변동,자본 [구성요소]|지배기업의 소유주에게 귀속되는 지분 [구성요소]|자기주식,제 82 기 3분기,0,,,6,KRW,,제 81 기 3분기,0,,000250,삼천당제약,CFS
20251114001763,11014,2025,00128546,SCE,자본변동표,dart_ChangesInReserveOfGainsAndLossesFromInvestmentsInEquityInstruments,지분상품투자 평가손익 적립금,자본 [구성요소]|지배기업의 소유주에게 귀속되는 지분 [구성요소]|기타포괄손익누계액 [구성요소],제 82 기 3분기,0,,,7,KRW,,제 81 기 3분기,0,,000250,삼천당제약,CFS
20251114001763,11014,2025,00128546,SCE,자본변동표,dart_ChangesInReserveOfGainsAndLossesFromInvestmentsInEquityInstruments,지분상품투자 평가손익 적립금,자본 [구성요소]|지배기업의 소유주에게 귀속되는 지분 [구성요소],제 82 기 3분기,0,,,7,KRW,,제 81 기 3분기,0,,000250,삼천당제약,CFS
20251114001763,11014,2025,00128546,SCE,자본변동표,dart_ChangesInReserveOfGainsAndLossesFromInvestmentsInEquityInstruments,지분상품투자 평가손익 적립금,자본 [구성요소]|비지배지분 [구성요소],제 82 기 3분기,0,,,7,KRW,,제 81 기 3분기,0,,000250,삼천당제약,CFS
20251114001763,11014,2025,00128546,SCE,자본변동표,dart_ChangesInReserveOfGainsAndLossesFromInvestmentsInEquityInstruments,지분상품투자 평가손익 적립금,연결재무제표 [member],제 82 기 3분기,0,,,7,KRW,,제 81 기 3분기,0,,000250,삼천당제약,CFS
20251114001763,11014,2025,00128546,SCE,자본변동표,dart_ChangesInReserveOfGainsAndLossesFromInvestmentsInEquityInstruments,지분상품투자 평가손익 적립금,자본 [구성요소]|지배기업의 소유주에게 귀속되는 지분 [구성요소]|자본잉여금 [구성요소],제 82 기 3분기,0,,,7,KRW,,제 81 기 3분기,0,,000250,삼천당제약,CFS
20251114001763,11014,2025,00128546,SCE,자본변동표,dart_ChangesInReserveOfGainsAndLossesFromInvestmentsInEquityInstruments,지분상품투자 평가손익 적립금,자본 [구성요소]|지배기업의 소유주에게 귀속되는 지분 [구성요소]|자기주식,제 82 기 3분기,0,,,7,KRW,,제 81 기 3분기,0,,000250,삼천당제약,CFS
20251114001763,11014,2025,00128546,SCE,자본변동표,dart_ChangesInReserveOfGainsAndLossesFromInvestmentsInEquityInstruments,지분상품투자 평가손익 적립금,자본 [구성요소]|지배기업의 소유주에게 귀속되는 지분 [구성요소]|자기주식처분이익,제 82 기 3분기,0,,,7,KRW,,제 81 기 3분기,0,,000250,삼천당제약,CFS
20251114001763,11014,2025,00128546,SCE,자본변동표,dart_ChangesInReserveOfGainsAndLossesFromInvestmentsInEquityInstruments,지분상품투자 평가손익 적립금,자본 [구성요소]|지배기업의 소유주에게 귀속되는 지분 [구성요소]|자본금 [구성요소],제 82 기 3분기,0,,,7,KRW,,제 81 기 3분기,0,,000250,삼천당제약,CFS
20251114001763,11014,2025,00128546,SCE,자본변동표,dart_ChangesInReserveOfGainsAndLossesFromInvestmentsInEquityInstruments,지분상품투자 평가손익 적립금,자본 [구성요소]|지배기업의 소유주에게 귀속되는 지분 [구성요소]|이익잉여금 [구성요소],제 82 기 3분기,0,,,7,KRW,,제 81 기 3분기,0,,000250,삼천당제약,CFS
20251114001763,11014,2025,00128546,SCE,자본변동표,dart_ChangesInReserveOfGainsAndLossesOnFinancialAssetsMeasuredAtFairValueThroughOtherComprehensiveIncome,기타포괄손익-공정가치 측정 금융자산 평가손익 적립금,자본 [구성요소]|지배기업의 소유주에게 귀속되는 지분 [구성요소]|기타포괄손익누계액 [구성요소],제 82 기 3분기,31620445,,,8,KRW,,제 81 기 3분기,-174959626,,000250,삼천당제약,CFS
20251114001763,11014,2025,00128546,SCE,자본변동표,dart_ChangesInReserveOfGainsAndLossesOnFinancialAssetsMeasuredAtFairValueThroughOtherComprehensiveIncome,기타포괄손익-공정가치 측정 금융자산 평가손익 적립금,자본 [구성요소]|지배기업의 소유주에게 귀속되는 지분 [구성요소],제 82 기 3분기,31620445,,,8,KRW,,제 81 기 3분기,-174959626,,000250,삼천당제약,CFS
20251114001763,11014,2025,00128546,SCE,자본변동표,dart_ChangesInReserveOfGainsAndLossesOnFinancialAssetsMeasuredAtFairValueThroughOtherComprehensiveIncome,기타포괄손익-공정가치 측정 금융자산 평가손익 적립금,자본 [구성요소]|비지배지분 [구성요소],제 82 기 3분기,32314573,,,8,KRW,,제 81 기 3분기,125763929,,000250,삼천당제약,CFS
20251114001763,11014,2025,00128546,SCE,자본변동표,dart_ChangesInReserveOfGainsAndLossesOnFinancialAssetsMeasuredAtFairValueThroughOtherComprehensiveIncome,기타포괄손익-공정가치 측정 금융자산 평가손익 적립금,연결재무제표 [member],제 82 기 3분기,63935018,,,8,KRW,,제 81 기 3분기,-49195697,,000250,삼천당제약,CFS
20251114001763,11014,2025,00128546,SCE,자본변동표,dart_ChangesInReserveOfGainsAndLossesOnFinancialAssetsMeasuredAtFairValueThroughOtherComprehensiveIncome,기타포괄손익-공정가치 측정 금융자산 평가손익 적립금,자본 [구성요소]|지배기업의 소유주에게 귀속되는 지분 [구성요소]|이익잉여금 [구성요소],제 82 기 3분기,0,,,8,KRW,,제 81 기 3분기,0,,000250,삼천당제약,CFS
20251114001763,11014,2025,00128546,SCE,자본변동표,dart_ChangesInReserveOfGainsAndLossesOnFinancialAssetsMeasuredAtFairValueThroughOtherComprehensiveIncome,기타포괄손익-공정가치 측정 금융자산 평가손익 적립금,자본 [구성요소]|지배기업의 소유주에게 귀속되는 지분 [구성요소]|자본잉여금 [구성요소],제 82 기 3분기,0,,,8,KRW,,제 81 기 3분기,0,,000250,삼천당제약,CFS
20251114001763,11014,2025,00128546,SCE,자본변동표,dart_ChangesInReserveOfGainsAndLossesOnFinancialAssetsMeasuredAtFairValueThroughOtherComprehensiveIncome,기타포괄손익-공정가치 측정 금융자산 평가손익 적립금,자본 [구성요소]|지배기업의 소유주에게 귀속되는 지분 [구성요소]|자본금 [구성요소],제 82 기 3분기,0,,,8,KRW,,제 81 기 3분기,0,,000250,삼천당제약,CFS
20251114001763,11014,2025,00128546,SCE,자본변동표,dart_ChangesInReserveOfGainsAndLossesOnFinancialAssetsMeasuredAtFairValueThroughOtherComprehensiveIncome,기타포괄손익-공정가치 측정 금융자산 평가손익 적립금,자본 [구성요소]|지배기업의 소유주에게 귀속되는 지분 [구성요소]|자기주식처분이익,제 82 기 3분기,0,,,8,KRW,,제 81 기 3분기,0,,000250,삼천당제약,CFS
20251114001763,11014,2025,00128546,SCE,자본변동표,dart_ChangesInReserveOfGainsAndLossesOnFinancialAssetsMeasuredAtFairValueThroughOtherComprehensiveIncome,기타포괄손익-공정가치 측정 금융자산 평가손익 적립금,자본 [구성요소]|지배기업의 소유주에게 귀속되는 지분 [구성요소]|자기주식,제 82 기 3분기,0,,,8,KRW,,제 81 기 3분기,0,,000250,삼천당제약,CFS
20251114001763,11014,2025,00128546,SCE,자본변동표,dart_ChangesInReserveOfGainsAndLossesOnHedgingInstrumentsThatHedgeInvestmentsInEquityInstruments,지분상품투자에 대한 위험회피수단 평가손익 적립금,연결재무제표 [member],제 82 기 3분기,0,,,9,KRW,,제 81 기 3분기,0,,000250,삼천당제약,CFS
20251114001763,11014,2025,00128546,SCE,자본변동표,dart_ChangesInReserveOfGainsAndLossesOnHedgingInstrumentsThatHedgeInvestmentsInEquityInstruments,지분상품투자에 대한 위험회피수단 평가손익 적립금,자본 [구성요소]|비지배지분 [구성요소],제 82 기 3분기,0,,,9,KRW,,제 81 기 3분기,0,,000250,삼천당제약,CFS
20251114001763,11014,2025,00128546,SCE,자본변동표,dart_ChangesInReserveOfGainsAndLossesOnHedgingInstrumentsThatHedgeInvestmentsInEquityInstruments,지분상품투자에 대한 위험회피수단 평가손익 적립금,자본 [구성요소]|지배기업의 소유주에게 귀속되는 지분 [구성요소],제 82 기 3분기,0,,,9,KRW,,제 81 기 3분기,0,,000250,삼천당제약,CFS
20251114001763,11014,2025,00128546,SCE,자본변동표,dart_ChangesInReserveOfGainsAndLossesOnHedgingInstrumentsThatHedgeInvestmentsInEquityInstruments,지분상품투자에 대한 위험회피수단 평가손익 적립금,자본 [구성요소]|지배기업의 소유주에게 귀속되는 지분 [구성요소]|기타포괄손익누계액 [구성요소],제 82 기 3분기,0,,,9,KRW,,제 81 기 3분기,0,,000250,삼천당제약,CFS
20251114001763,11014,2025,00128546,SCE,자본변동표,dart_ChangesInReserveOfGainsAndLossesOnHedgingInstrumentsThatHedgeInvestmentsInEquityInstruments,지분상품투자에 대한 위험회피수단 평가손익 적립금,자본 [구성요소]|지배기업의 소유주에게 귀속되는 지분 [구성요소]|자본잉여금 [구성요소],제 82 기 3분기,0,,,9,KRW,,제 81 기 3분기,0,,000250,삼천당제약,CFS
20251114001763,11014,2025,00128546,SCE,자본변동표,dart_ChangesInReserveOfGainsAndLossesOnHedgingInstrumentsThatHedgeInvestmentsInEquityInstruments,지분상품투자에 대한 위험회피수단 평가손익 적립금,자본 [구성요소]|지배기업의 소유주에게 귀속되는 지분 [구성요소]|자기주식,제 82 기 3분기,0,,,9,KRW,,제 81 기 3분기,0,,000250,삼천당제약,CFS
20251114001763,11014,2025,00128546,SCE,자본변동표,dart_ChangesInReserveOfGainsAndLossesOnHedgingInstrumentsThatHedgeInvestmentsInEquityInstruments,지분상품투자에 대한 위험회피수단 평가손익 적립금,자본 [구성요소]|지배기업의 소유주에게 귀속되는 지분 [구성요소]|자기주식처분이익,제 82 기 3분기,0,,,9,KRW,,제 81 기 3분기,0,,000250,삼천당제약,CFS
20251114001763,11014,2025,00128546,SCE,자본변동표,dart_ChangesInReserveOfGainsAndLossesOnHedgingInstrumentsThatHedgeInvestmentsInEquityInstruments,지분상품투자에 대한 위험회피수단 평가손익 적립금,자본 [구성요소]|지배기업의 소유주에게 귀속되는 지분 [구성요소]|자본금 [구성요소],제 82 기 3분기,0,,,9,KRW,,제 81 기 3분기,0,,000250,삼천당제약,CFS
20251114001763,11014,2025,00128546,SCE,자본변동표,dart_ChangesInReserveOfGainsAndLossesOnHedgingInstrumentsThatHedgeInvestmentsInEquityInstruments,지분상품투자에 대한 위험회피수단 평가손익 적립금,자본 [구성요소]|지배기업의 소유주에게 귀속되는 지분 [구성요소]|이익잉여금 [구성요소],제 82 기 3분기,0,,,9,KRW,,제 81 기 3분기,0,,000250,삼천당제약,CFS
20251114001763,11014,2025,00128546,SCE,자본변동표,dart_CompoundFinancialInstrumentConversion,복합금융상품 전환,자본 [구성요소]|비지배지분 [구성요소],제 82 기 3분기,0,,,10,KRW,,제 81 기 3분기,0,,000250,삼천당제약,CFS
20251114001763,11014,2025,00128546,SCE,자본변동표,dart_CompoundFinancialInstrumentConversion,복합금융상품 전환,자본 [구성요소]|지배기업의 소유주에게 귀속되는 지분 [구성요소],제 82 기 3분기,0,,,10,KRW,,제 81 기 3분기,0,,000250,삼천당제약,CFS
20251114001763,11014,2025,00128546,SCE,자본변동표,dart_CompoundFinancialInstrumentConversion,복합금융상품 전환,자본 [구성요소]|지배기업의 소유주에게 귀속되는 지분 [구성요소]|기타포괄손익누계액 [구성요소],제 82 기 3분기,0,,,10,KRW,,제 81 기 3분기,0,,000250,삼천당제약,CFS
20251114001763,11014,2025,00128546,SCE,자본변동표,dart_CompoundFinancialInstrumentConversion,복합금융상품 전환,자본 [구성요소]|지배기업의 소유주에게 귀속되는 지분 [구성요소]|이익잉여금 [구성요소],제 82 기 3분기,0,,,10,KRW,,제 81 기 3분기,0,,000250,삼천당제약,CFS
20251114001763,11014,2025,00128546,SCE,자본변동표,dart_CompoundFinancialInstrumentConversion,복합금융상품 전환,자본 [구성요소]|지배기업의 소유주에게 귀속되는 지분 [구성요소]|자기주식,제 82 기 3분기,0,,,10,KRW,,제 81 기 3분기,0,,000250,삼천당제약,CFS
20251114001763,11014,2025,00128546,SCE,자본변동표,dart_CompoundFinancialInstrumentConversion,복합금융상품 전환,자본 [구성요소]|지배기업의 소유주에게 귀속되는 지분 [구성요소]|자기주식처분이익,제 82 기 3분기,0,,,10,KRW,,제 81 기 3분기,0,,000250,삼천당제약,CFS
20251114001763,11014,2025,00128546,SCE,자본변동표,dart_CompoundFinancialInstrumentConversion,복합금융상품 전환,자본 [구성요소]|지배기업의 소유주에게 귀속되는 지분 [구성요소]|자본금 [구성요소],제 82 기 3분기,0,,,10,KRW,,제 81 기 3분기,0,,000250,삼천당제약,CFS
20251114001763,11014,2025,00128546,SCE,자본변동표,dart_CompoundFinancialInstrumentConversion,복합금융상품 전환,자본 [구성요소]|지배기업의 소유주에게 귀속되는 지분 [구성요소]|자본잉여금 [구성요소],제 82 기 3분기,0,,,10,KRW,,제 81 기 3분기,0,,000250,삼천당제약,CFS
20251114001763,11014,2025,00128546,SCE,자본변동표,dart_CompoundFinancialInstrumentConversion,복합금융상품 전환,연결재무제표 [member],제 82 기 3분기,0,,,10,KRW,,제 81 기 3분기,0,,000250,삼천당제약,CFS
20251114001763,11014,2025,00128546,SCE,자본변동표,dart_CompoundFinancialInstrumentDividendInterest,복합금융상품 배당,자본 [구성요소]|지배기업의 소유주에게 귀속되는 지분 [구성요소]|기타포괄손익누계액 [구성요소],제 82 기 3분기,0,,,11,KRW,,제 81 기 3분기,0,,000250,삼천당제약,CFS
20251114001763,11014,2025,00128546,SCE,자본변동표,dart_CompoundFinancialInstrumentDividendInterest,복합금융상품 배당,자본 [구성요소]|지배기업의 소유주에게 귀속되는 지분 [구성요소],제 82 기 3분기,0,,,11,KRW,,제 81 기 3분기,0,,000250,삼천당제약,CFS
20251114001763,11014,2025,00128546,SCE,자본변동표,dart_CompoundFinancialInstrumentDividendInterest,복합금융상품 배당,자본 [구성요소]|지배기업의 소유주에게 귀속되는 지분 [구성요소]|자본잉여금 [구성요소],제 82 기 3분기,0,,,11,KRW,,제 81 기 3분기,0,,000250,삼천당제약,CFS
20251114001763,11014,2025,00128546,SCE,자본변동표,dart_CompoundFinancialInstrumentDividendInterest,복합금융상품 배당,자본 [구성요소]|지배기업의 소유주에게 귀속되는 지분 [구성요소]|자본금 [구성요소],제 82 기 3분기,0,,,11,KRW,,제 81 기 3분기,0,,000250,삼천당제약,CFS
20251114001763,11014,2025,00128546,SCE,자본변동표,dart_CompoundFinancialInstrumentDividendInterest,복합금융상품 배당,자본 [구성요소]|지배기업의 소유주에게 귀속되는 지분 [구성요소]|자기주식처분이익,제 82 기 3분기,0,,,11,KRW,,제 81 기 3분기,0,,000250,삼천당제약,CFS
20251114001763,11014,2025,00128546,SCE,자본변동표,dart_CompoundFinancialInstrumentDividendInterest,복합금융상품 배당,자본 [구성요소]|지배기업의 소유주에게 귀속되는 지분 [구성요소]|자기주식,제 82 기 3분기,0,,,11,KRW,,제 81 기 3분기,0,,000250,삼천당제약,CFS
20251114001763,11014,2025,00128546,SCE,자본변동표,dart_CompoundFinancialInstrumentDividendInterest,복합금융상품 배당,자본 [구성요소]|지배기업의 소유주에게 귀속되는 지분 [구성요소]|이익잉여금 [구성요소],제 82 기 3분기,0,,,11,KRW,,제 81 기 3분기,0,,000250,삼천당제약,CFS
20251114001763,11014,2025,00128546,SCE,자본변동표,dart_CompoundFinancialInstrumentDividendInterest,복합금융상품 배당,연결재무제표 [member],제 82 기 3분기,0,,,11,KRW,,제 81 기 3분기,0,,000250,삼천당제약,CFS
20251114001763,11014,2025,00128546,SCE,자본변동표,dart_CompoundFinancialInstrumentDividendInterest,복합금융상품 배당,자본 [구성요소]|비지배지분 [구성요소],제 82 기 3분기,0,,,11,KRW,,제 81 기 3분기,0,,000250,삼천당제약,CFS
20251114001763,11014,2025,00128546,SCE,자본변동표,dart_CompoundFinancialInstrumentIssue,복합금융상품 발행,연결재무제표 [member],제 82 기 3분기,0,,,12,KRW,,제 81 기 3분기,0,,000250,삼천당제약,CFS
20251114001763,11014,2025,00128546,SCE,자본변동표,dart_CompoundFinancialInstrumentIssue,복합금융상품 발행,자본 [구성요소]|지배기업의 소유주에게 귀속되는 지분 [구성요소]|자본금 [구성요소],제 82 기 3분기,0,,,12,KRW,,제 81 기 3분기,0,,000250,삼천당제약,CFS
20251114001763,11014,2025,00128546,SCE,자본변동표,dart_CompoundFinancialInstrumentIssue,복합금융상품 발행,자본 [구성요소]|지배기업의 소유주에게 귀속되는 지분 [구성요소]|자기주식처분이익,제 82 기 3분기,0,,,12,KRW,,제 81 기 3분기,0,,000250,삼천당제약,CFS
20251114001763,11014,2025,00128546,SCE,자본변동표,dart_CompoundFinancialInstrumentIssue,복합금융상품 발행,자본 [구성요소]|지배기업의 소유주에게 귀속되는 지분 [구성요소]|자기주식,제 82 기 3분기,0,,,12,KRW,,제 81 기 3분기,0,,000250,삼천당제약,CFS
20251114001763,11014,2025,00128546,SCE,자본변동표,dart_CompoundFinancialInstrumentIssue,복합금융상품 발행,자본 [구성요소]|지배기업의 소유주에게 귀속되는 지분 [구성요소]|자본잉여금 [구성요소],제 82 기 3분기,0,,,12,KRW,,제 81 기 3분기,0,,000250,삼천당제약,CFS
20251114001763,11014,2025,00128546,SCE,자본변동표,dart_CompoundFinancialInstrumentIssue,복합금융상품 발행,자본 [구성요소]|지배기업의 소유주에게 귀속되는 지분 [구성요소]|기타포괄손익누계액 [구성요소],제 82 기 3분기,0,,,12,KRW,,제 81 기 3분기,0,,000250,삼천당제약,CFS
20251114001763,11014,2025,00128546,SCE,자본변동표,dart_CompoundFinancialInstrumentIssue,복합금융상품 발행,자본 [구성요소]|지배기업의 소유주에게 귀속되는 지분 [구성요소],제 82 기 3분기,0,,,12,KRW,,제 81 기 3분기,0,,000250,삼천당제약,CFS
20251114001763,11014,2025,00128546,SCE,자본변동표,dart_CompoundFinancialInstrumentIssue,복합금융상품 발행,자본 [구성요소]|비지배지분 [구성요소],제 82 기 3분기,0,,,12,KRW,,제 81 기 3분기,0,,000250,삼천당제약,CFS
20251114001763,11014,2025,00128546,SCE,자본변동표,dart_CompoundFinancialInstrumentIssue,복합금융상품 발행,자본 [구성요소]|지배기업의 소유주에게 귀속되는 지분 [구성요소]|이익잉여금 [구성요소],제 82 기 3분기,0,,,12,KRW,,제 81 기 3분기,0,,000250,삼천당제약,CFS
20251114001763,11014,2025,00128546,SCE,자본변동표,dart_CompoundFinancialInstrumentRedemption,복합금융상품 상환,자본 [구성요소]|지배기업의 소유주에게 귀속되는 지분 [구성요소]|기타포괄손익누계액 [구성요소],제 82 기 3분기,0,,,13,KRW,,제 81 기 3분기,0,,000250,삼천당제약,CFS
20251114001763,11014,2025,00128546,SCE,자본변동표,dart_CompoundFinancialInstrumentRedemption,복합금융상품 상환,자본 [구성요소]|지배기업의 소유주에게 귀속되는 지분 [구성요소],제 82 기 3분기,0,,,13,KRW,,제 81 기 3분기,0,,000250,삼천당제약,CFS
20251114001763,11014,2025,00128546,SCE,자본변동표,dart_CompoundFinancialInstrumentRedemption,복합금융상품 상환,자본 [구성요소]|비지배지분 [구성요소],제 82 기 3분기,0,,,13,KRW,,제 81 기 3분기,0,,000250,삼천당제약,CFS
20251114001763,11014,2025,00128546,SCE,자본변동표,dart_CompoundFinancialInstrumentRedemption,복합금융상품 상환,연결재무제표 [member],제 82 기 3분기,0,,,13,KRW,,제 81 기 3분기,0,,000250,삼천당제약,CFS
20251114001763,11014,2025,00128546,SCE,자본변동표,dart_CompoundFinancialInstrumentRedemption,복합금융상품 상환,자본 [구성요소]|지배기업의 소유주에게 귀속되는 지분 [구성요소]|이익잉여금 [구성요소],제 82 기 3분기,0,,,13,KRW,,제 81 기 3분기,0,,000250,삼천당제약,CFS
20251114001763,11014,2025,00128546,SCE,자본변동표,dart_CompoundFinancialInstrumentRedemption,복합금융상품 상환,자본 [구성요소]|지배기업의 소유주에게 귀속되는 지분 [구성요소]|자본잉여금 [구성요소],제 82 기 3분기,0,,,13,KRW,,제 81 기 3분기,0,,000250,삼천당제약,CFS
20251114001763,11014,2025,00128546,SCE,자본변동표,dart_CompoundFinancialInstrumentRedemption,복합금융상품 상환,자본 [구성요소]|지배기업의 소유주에게 귀속되는 지분 [구성요소]|자본금 [구성요소],제 82 기 3분기,0,,,13,KRW,,제 81 기 3분기,0,,000250,삼천당제약,CFS
20251114001763,11014,2025,00128546,SCE,자본변동표,dart_CompoundFinancialInstrumentRedemption,복합금융상품 상환,자본 [구성요소]|지배기업의 소유주에게 귀속되는 지분 [구성요소]|자기주식처분이익,제 82 기 3분기,0,,,13,KRW,,제 81 기 3분기,0,,000250,삼천당제약,CFS
20251114001763,11014,2025,00128546,SCE,자본변동표,dart_CompoundFinancialInstrumentRedemption,복합금융상품 상환,자본 [구성요소]|지배기업의 소유주에게 귀속되는 지분 [구성요소]|자기주식,제 82 기 3분기,0,,,13,KRW,,제 81 기 3분기,0,,000250,삼천당제약,CFS
20251114001763,11014,2025,00128546,SCE,자본변동표,dart_DebtForEquitySwaps,출자전환,연결재무제표 [member],제 82 기 3분기,0,,,14,KRW,,제 81 기 3분기,0,,000250,삼천당제약,CFS
20251114001763,11014,2025,00128546,SCE,자본변동표,dart_DebtForEquitySwaps,출자전환,자본 [구성요소]|비지배지분 [구성요소],제 82 기 3분기,0,,,14,KRW,,제 81 기 3분기,0,,000250,삼천당제약,CFS
20251114001763,11014,2025,00128546,SCE,자본변동표,dart_DebtForEquitySwaps,출자전환,자본 [구성요소]|지배기업의 소유주에게 귀속되는 지분 [구성요소]|자본잉여금 [구성요소],제 82 기 3분기,0,,,14,KRW,,제 81 기 3분기,0,,000250,삼천당제약,CFS
20251114001763,11014,2025,00128546,SCE,자본변동표,dart_DebtForEquitySwaps,출자전환,자본 [구성요소]|지배기업의 소유주에게 귀속되는 지분 [구성요소]|자본금 [구성요소],제 82 기 3분기,0,,,14,KRW,,제 81 기 3분기,0,,000250,삼천당제약,CFS
20251114001763,11014,2025,00128546,SCE,자본변동표,dart_DebtForEquitySwaps,출자전환,자본 [구성요소]|지배기업의 소유주에게 귀속되는 지분 [구성요소]|자기주식처분이익,제 82 기 3분기,0,,,14,KRW,,제 81 기 3분기,0,,000250,삼천당제약,CFS
20251114001763,11014,2025,00128546,SCE,자본변동표,dart_DebtForEquitySwaps,출자전환,자본 [구성요소]|지배기업의 소유주에게 귀속되는 지분 [구성요소]|자기주식,제 82 기 3분기,0,,,14,KRW,,제 81 기 3분기,0,,000250,삼천당제약,CFS
20251114001763,11014,2025,00128546,SCE,자본변동표,dart_DebtForEquitySwaps,출자전환,자본 [구성요소]|지배기업의 소유주에게 귀속되는 지분 [구성요소]|이익잉여금 [구성요소],제 82 기 3분기,0,,,14,KRW,,제 81 기 3분기,0,,000250,삼천당제약,CFS
20251114001763,11014,2025,00128546,SCE,자본변동표,dart_DebtForEquitySwaps,출자전환,자본 [구성요소]|지배기업의 소유주에게 귀속되는 지분 [구성요소]|기타포괄손익누계액 [구성요소],제 82 기 3분기,0,,,14,KRW,,제 81 기 3분기,0,,000250,삼천당제약,CFS
20251114001763,11014,2025,00128546,SCE,자본변동표,dart_DebtForEquitySwaps,출자전환,자본 [구성요소]|지배기업의 소유주에게 귀속되는 지분 [구성요소],제 82 기 3분기,0,,,14,KRW,,제 81 기 3분기,0,,000250,삼천당제약,CFS
20251114001763,11014,2025,00128546,SCE,자본변동표,dart_DividendfromFinancialGuaranteeContract,금융보증계약관련배당,연결재무제표 [member],제 82 기 3분기,0,,,15,KRW,,제 81 기 3분기,0,,000250,삼천당제약,CFS
20251114001763,11014,2025,00128546,SCE,자본변동표,dart_DividendfromFinancialGuaranteeContract,금융보증계약관련배당,자본 [구성요소]|지배기업의 소유주에게 귀속되는 지분 [구성요소]|이익잉여금 [구성요소],제 82 기 3분기,0,,,15,KRW,,제 81 기 3분기,0,,000250,삼천당제약,CFS
20251114001763,11014,2025,00128546,SCE,자본변동표,dart_DividendfromFinancialGuaranteeContract,금융보증계약관련배당,자본 [구성요소]|지배기업의 소유주에게 귀속되는 지분 [구성요소]|자기주식,제 82 기 3분기,0,,,15,KRW,,제 81 기 3분기,0,,000250,삼천당제약,CFS
20251114001763,11014,2025,00128546,SCE,자본변동표,dart_DividendfromFinancialGuaranteeContract,금융보증계약관련배당,자본 [구성요소]|지배기업의 소유주에게 귀속되는 지분 [구성요소]|자기주식처분이익,제 82 기 3분기,0,,,15,KRW,,제 81 기 3분기,0,,000250,삼천당제약,CFS
20251114001763,11014,2025,00128546,SCE,자본변동표,dart_DividendfromFinancialGuaranteeContract,금융보증계약관련배당,자본 [구성요소]|지배기업의 소유주에게 귀속되는 지분 [구성요소]|자본잉여금 [구성요소],제 82 기 3분기,0,,,15,KRW,,제 81 기 3분기,0,,000250,삼천당제약,CFS
20251114001763,11014,2025,00128546,SCE,자본변동표,dart_DividendfromFinancialGuaranteeContract,금융보증계약관련배당,자본 [구성요소]|지배기업의 소유주에게 귀속되는 지분 [구성요소]|기타포괄손익누계액 [구성요소],제 82 기 3분기,0,,,15,KRW,,제 81 기 3분기,0,,000250,삼천당제약,CFS
20251114001763,11014,2025,00128546,SCE,자본변동표,dart_DividendfromFinancialGuaranteeContract,금융보증계약관련배당,자본 [구성요소]|지배기업의 소유주에게 귀속되는 지분 [구성요소],제 82 기 3분기,0,,,15,KRW,,제 81 기 3분기,0,,000250,삼천당제약,CFS
20251114001763,11014,2025,00128546,SCE,자본변동표,dart_DividendfromFinancialGuaranteeContract,금융보증계약관련배당,자본 [구성요소]|비지배지분 [구성요소],제 82 기 3분기,0,,,15,KRW,,제 81 기 3분기,0,,000250,삼천당제약,CFS
20251114001763,11014,2025,00128546,SCE,자본변동표,dart_DividendfromFinancialGuaranteeContract,금융보증계약관련배당,자본 [구성요소]|지배기업의 소유주에게 귀속되는 지분 [구성요소]|자본금 [구성요소],제 82 기 3분기,0,,,15,KRW,,제 81 기 3분기,0,,000250,삼천당제약,CFS
20251114001763,11014,2025,00128546,SCE,자본변동표,dart_EquityAtBeginningOfPeriod,기초자본,연결재무제표 [member],제 82 기 3분기,349404158895,,,16,KRW,,제 81 기 3분기,298460071937,,000250,삼천당제약,CFS
20251114001763,11014,2025,00128546,SCE,자본변동표,dart_EquityAtBeginningOfPeriod,기초자본,자본 [구성요소]|비지배지분 [구성요소],제 82 기 3분기,83298823654,,,16,KRW,,제 81 기 3분기,77961431897,,000250,삼천당제약,CFS
20251114001763,11014,2025,00128546,SCE,자본변동표,dart_EquityAtBeginningOfPeriod,기초자본,자본 [구성요소]|지배기업의 소유주에게 귀속되는 지분 [구성요소],제 82 기 3분기,266105335241,,,16,KRW,,제 81 기 3분기,220498640040,,000250,삼천당제약,CFS
20251114001763,11014,2025,00128546,SCE,자본변동표,dart_EquityAtBeginningOfPeriod,기초자본,자본 [구성요소]|지배기업의 소유주에게 귀속되는 지분 [구성요소]|기타포괄손익누계액 [구성요소],제 82 기 3분기,1318620484,,,16,KRW,,제 81 기 3분기,1889448465,,000250,삼천당제약,CFS
20251114001763,11014,2025,00128546,SCE,자본변동표,dart_EquityAtBeginningOfPeriod,기초자본,자본 [구성요소]|지배기업의 소유주에게 귀속되는 지분 [구성요소]|이익잉여금 [구성요소],제 82 기 3분기,95452007700,,,16,KRW,,제 81 기 3분기,106015414420,,000250,삼천당제약,CFS
20251114001763,11014,2025,00128546,SCE,자본변동표,dart_EquityAtBeginningOfPeriod,기초자본,자본 [구성요소]|지배기업의 소유주에게 귀속되는 지분 [구성요소]|자기주식,제 82 기 3분기,-568093318,,,16,KRW,,제 81 기 3분기,-1988326610,,000250,삼천당제약,CFS
20251114001763,11014,2025,00128546,SCE,자본변동표,dart_EquityAtBeginningOfPeriod,기초자본,자본 [구성요소]|지배기업의 소유주에게 귀속되는 지분 [구성요소]|자기주식처분이익,제 82 기 3분기,58327881725,,,16,KRW,,제 81 기 3분기,3213125198,,000250,삼천당제약,CFS
20251114001763,11014,2025,00128546,SCE,자본변동표,dart_EquityAtBeginningOfPeriod,기초자본,자본 [구성요소]|지배기업의 소유주에게 귀속되는 지분 [구성요소]|자본금 [구성요소],제 82 기 3분기,11728736000,,,16,KRW,,제 81 기 3분기,11728736000,,000250,삼천당제약,CFS
20251114001763,11014,2025,00128546,SCE,자본변동표,dart_EquityAtBeginningOfPeriod,기초자본,자본 [구성요소]|지배기업의 소유주에게 귀속되는 지분 [구성요소]|자본잉여금 [구성요소],제 82 기 3분기,99846182650,,,16,KRW,,제 81 기 3분기,99640242567,,000250,삼천당제약,CFS
20251114001763,11014,2025,00128546,SCE,자본변동표,dart_IncreaseDecreaseThroughBusinessCombinations,사업결합,연결재무제표 [member],제 82 기 3분기,0,,,17,KRW,,제 81 기 3분기,0,,000250,삼천당제약,CFS
20251114001763,11014,2025,00128546,SCE,자본변동표,dart_IncreaseDecreaseThroughBusinessCombinations,사업결합,자본 [구성요소]|비지배지분 [구성요소],제 82 기 3분기,0,,,17,KRW,,제 81 기 3분기,0,,000250,삼천당제약,CFS
20251114001763,11014,2025,00128546,SCE,자본변동표,dart_IncreaseDecreaseThroughBusinessCombinations,사업결합,자본 [구성요소]|지배기업의 소유주에게 귀속되는 지분 [구성요소],제 82 기 3분기,0,,,17,KRW,,제 81 기 3분기,0,,000250,삼천당제약,CFS
20251114001763,11014,2025,00128546,SCE,자본변동표,dart_IncreaseDecreaseThroughBusinessCombinations,사업결합,자본 [구성요소]|지배기업의 소유주에게 귀속되는 지분 [구성요소]|기타포괄손익누계액 [구성요소],제 82 기 3분기,0,,,17,KRW,,제 81 기 3분기,0,,000250,삼천당제약,CFS
20251114001763,11014,2025,00128546,SCE,자본변동표,dart_IncreaseDecreaseThroughBusinessCombinations,사업결합,자본 [구성요소]|지배기업의 소유주에게 귀속되는 지분 [구성요소]|이익잉여금 [구성요소],제 82 기 3분기,0,,,17,KRW,,제 81 기 3분기,0,,000250,삼천당제약,CFS
20251114001763,11014,2025,00128546,SCE,자본변동표,dart_IncreaseDecreaseThroughBusinessCombinations,사업결합,자본 [구성요소]|지배기업의 소유주에게 귀속되는 지분 [구성요소]|자기주식,제 82 기 3분기,0,,,17,KRW,,제 81 기 3분기,0,,000250,삼천당제약,CFS
20251114001763,11014,2025,00128546,SCE,자본변동표,dart_IncreaseDecreaseThroughBusinessCombinations,사업결합,자본 [구성요소]|지배기업의 소유주에게 귀속되는 지분 [구성요소]|자기주식처분이익,제 82 기 3분기,0,,,17,KRW,,제 81 기 3분기,0,,000250,삼천당제약,CFS
20251114001763,11014,2025,00128546,SCE,자본변동표,dart_IncreaseDecreaseThroughBusinessCombinations,사업결합,자본 [구성요소]|지배기업의 소유주에게 귀속되는 지분 [구성요소]|자본금 [구성요소],제 82 기 3분기,0,,,17,KRW,,제 81 기 3분기,0,,000250,삼천당제약,CFS
20251114001763,11014,2025,00128546,SCE,자본변동표,dart_IncreaseDecreaseThroughBusinessCombinations,사업결합,자본 [구성요소]|지배기업의 소유주에게 귀속되는 지분 [구성요소]|자본잉여금 [구성요소],제 82 기 3분기,0,,,17,KRW,,제 81 기 3분기,0,,000250,삼천당제약,CFS
20251114001763,11014,2025,00128546,SCE,자본변동표,dart_IncreaseDecreaseThroughChangesInAccountingPolicies,회계정책변경에 따른 증가(감소),연결재무제표 [member],제 82 기 3분기,0,,,18,KRW,,제 81 기 3분기,0,,000250,삼천당제약,CFS
20251114001763,11014,2025,00128546,SCE,자본변동표,dart_IncreaseDecreaseThroughChangesInAccountingPolicies,회계정책변경에 따른 증가(감소),자본 [구성요소]|비지배지분 [구성요소],제 82 기 3분기,0,,,18,KRW,,제 81 기 3분기,0,,000250,삼천당제약,CFS
20251114001763,11014,2025,00128546,SCE,자본변동표,dart_IncreaseDecreaseThroughChangesInAccountingPolicies,회계정책변경에 따른 증가(감소),자본 [구성요소]|지배기업의 소유주에게 귀속되는 지분 [구성요소],제 82 기 3분기,0,,,18,KRW,,제 81 기 3분기,0,,000250,삼천당제약,CFS
20251114001763,11014,2025,00128546,SCE,자본변동표,dart_IncreaseDecreaseThroughChangesInAccountingPolicies,회계정책변경에 따른 증가(감소),자본 [구성요소]|지배기업의 소유주에게 귀속되는 지분 [구성요소]|기타포괄손익누계액 [구성요소],제 82 기 3분기,0,,,18,KRW,,제 81 기 3분기,0,,000250,삼천당제약,CFS
20251114001763,11014,2025,00128546,SCE,자본변동표,dart_IncreaseDecreaseThroughChangesInAccountingPolicies,회계정책변경에 따른 증가(감소),자본 [구성요소]|지배기업의 소유주에게 귀속되는 지분 [구성요소]|이익잉여금 [구성요소],제 82 기 3분기,0,,,18,KRW,,제 81 기 3분기,0,,000250,삼천당제약,CFS
20251114001763,11014,2025,00128546,SCE,자본변동표,dart_IncreaseDecreaseThroughChangesInAccountingPolicies,회계정책변경에 따른 증가(감소),자본 [구성요소]|지배기업의 소유주에게 귀속되는 지분 [구성요소]|자기주식,제 82 기 3분기,0,,,18,KRW,,제 81 기 3분기,0,,000250,삼천당제약,CFS
20251114001763,11014,2025,00128546,SCE,자본변동표,dart_IncreaseDecreaseThroughChangesInAccountingPolicies,회계정책변경에 따른 증가(감소),자본 [구성요소]|지배기업의 소유주에게 귀속되는 지분 [구성요소]|자기주식처분이익,제 82 기 3분기,0,,,18,KRW,,제 81 기 3분기,0,,000250,삼천당제약,CFS
20251114001763,11014,2025,00128546,SCE,자본변동표,dart_IncreaseDecreaseThroughChangesInAccountingPolicies,회계정책변경에 따른 증가(감소),자본 [구성요소]|지배기업의 소유주에게 귀속되는 지분 [구성요소]|자본금 [구성요소],제 82 기 3분기,0,,,18,KRW,,제 81 기 3분기,0,,000250,삼천당제약,CFS
20251114001763,11014,2025,00128546,SCE,자본변동표,dart_IncreaseDecreaseThroughChangesInAccountingPolicies,회계정책변경에 따른 증가(감소),자본 [구성요소]|지배기업의 소유주에게 귀속되는 지분 [구성요소]|자본잉여금 [구성요소],제 82 기 3분기,0,,,18,KRW,,제 81 기 3분기,0,,000250,삼천당제약,CFS
20251114001763,11014,2025,00128546,SCE,자본변동표,dart_IncreaseDecreaseThroughCorrectionsOfErrors,오류수정에 따른 증가(감소),연결재무제표 [member],제 82 기 3분기,0,,,19,KRW,,제 81 기 3분기,0,,000250,삼천당제약,CFS
20251114001763,11014,2025,00128546,SCE,자본변동표,dart_IncreaseDecreaseThroughCorrectionsOfErrors,오류수정에 따른 증가(감소),자본 [구성요소]|비지배지분 [구성요소],제 82 기 3분기,0,,,19,KRW,,제 81 기 3분기,0,,000250,삼천당제약,CFS
20251114001763,11014,2025,00128546,SCE,자본변동표,dart_IncreaseDecreaseThroughCorrectionsOfErrors,오류수정에 따른 증가(감소),자본 [구성요소]|지배기업의 소유주에게 귀속되는 지분 [구성요소],제 82 기 3분기,0,,,19,KRW,,제 81 기 3분기,0,,000250,삼천당제약,CFS
20251114001763,11014,2025,00128546,SCE,자본변동표,dart_IncreaseDecreaseThroughCorrectionsOfErrors,오류수정에 따른 증가(감소),자본 [구성요소]|지배기업의 소유주에게 귀속되는 지분 [구성요소]|기타포괄손익누계액 [구성요소],제 82 기 3분기,0,,,19,KRW,,제 81 기 3분기,0,,000250,삼천당제약,CFS
20251114001763,11014,2025,00128546,SCE,자본변동표,dart_IncreaseDecreaseThroughCorrectionsOfErrors,오류수정에 따른 증가(감소),자본 [구성요소]|지배기업의 소유주에게 귀속되는 지분 [구성요소]|이익잉여금 [구성요소],제 82 기 3분기,0,,,19,KRW,,제 81 기 3분기,0,,000250,삼천당제약,CFS
20251114001763,11014,2025,00128546,SCE,자본변동표,dart_IncreaseDecreaseThroughCorrectionsOfErrors,오류수정에 따른 증가(감소),자본 [구성요소]|지배기업의 소유주에게 귀속되는 지분 [구성요소]|자기주식,제 82 기 3분기,0,,,19,KRW,,제 81 기 3분기,0,,000250,삼천당제약,CFS
20251114001763,11014,2025,00128546,SCE,자본변동표,dart_IncreaseDecreaseThroughCorrectionsOfErrors,오류수정에 따른 증가(감소),자본 [구성요소]|지배기업의 소유주에게 귀속되는 지분 [구성요소]|자기주식처분이익,제 82 기 3분기,0,,,19,KRW,,제 81 기 3분기,0,,000250,삼천당제약,CFS
20251114001763,11014,2025,00128546,SCE,자본변동표,dart_IncreaseDecreaseThroughCorrectionsOfErrors,오류수정에 따른 증가(감소),자본 [구성요소]|지배기업의 소유주에게 귀속되는 지분 [구성요소]|자본금 [구성요소],제 82 기 3분기,0,,,19,KRW,,제 81 기 3분기,0,,000250,삼천당제약,CFS
20251114001763,11014,2025,00128546,SCE,자본변동표,dart_IncreaseDecreaseThroughCorrectionsOfErrors,오류수정에 따른 증가(감소),자본 [구성요소]|지배기업의 소유주에게 귀속되는 지분 [구성요소]|자본잉여금 [구성요소],제 82 기 3분기,0,,,19,KRW,,제 81 기 3분기,0,,000250,삼천당제약,CFS
20251114001763,11014,2025,00128546,SCE,자본변동표,dart_IntercompanyAcquisition,상호취득,연결재무제표 [member],제 82 기 3분기,0,,,20,KRW,,제 81 기 3분기,0,,000250,삼천당제약,CFS
20251114001763,11014,2025,00128546,SCE,자본변동표,dart_IntercompanyAcquisition,상호취득,자본 [구성요소]|비지배지분 [구성요소],제 82 기 3분기,0,,,20,KRW,,제 81 기 3분기,0,,000250,삼천당제약,CFS
20251114001763,11014,2025,00128546,SCE,자본변동표,dart_IntercompanyAcquisition,상호취득,자본 [구성요소]|지배기업의 소유주에게 귀속되는 지분 [구성요소],제 82 기 3분기,0,,,20,KRW,,제 81 기 3분기,0,,000250,삼천당제약,CFS
20251114001763,11014,2025,00128546,SCE,자본변동표,dart_IntercompanyAcquisition,상호취득,자본 [구성요소]|지배기업의 소유주에게 귀속되는 지분 [구성요소]|기타포괄손익누계액 [구성요소],제 82 기 3분기,0,,,20,KRW,,제 81 기 3분기,0,,000250,삼천당제약,CFS
20251114001763,11014,2025,00128546,SCE,자본변동표,dart_IntercompanyAcquisition,상호취득,자본 [구성요소]|지배기업의 소유주에게 귀속되는 지분 [구성요소]|이익잉여금 [구성요소],제 82 기 3분기,0,,,20,KRW,,제 81 기 3분기,0,,000250,삼천당제약,CFS
20251114001763,11014,2025,00128546,SCE,자본변동표,dart_IntercompanyAcquisition,상호취득,자본 [구성요소]|지배기업의 소유주에게 귀속되는 지분 [구성요소]|자기주식,제 82 기 3분기,0,,,20,KRW,,제 81 기 3분기,0,,000250,삼천당제약,CFS
20251114001763,11014,2025,00128546,SCE,자본변동표,dart_IntercompanyAcquisition,상호취득,자본 [구성요소]|지배기업의 소유주에게 귀속되는 지분 [구성요소]|자기주식처분이익,제 82 기 3분기,0,,,20,KRW,,제 81 기 3분기,0,,000250,삼천당제약,CFS
20251114001763,11014,2025,00128546,SCE,자본변동표,dart_IntercompanyAcquisition,상호취득,자본 [구성요소]|지배기업의 소유주에게 귀속되는 지분 [구성요소]|자본금 [구성요소],제 82 기 3분기,0,,,20,KRW,,제 81 기 3분기,0,,000250,삼천당제약,CFS
20251114001763,11014,2025,00128546,SCE,자본변동표,dart_IntercompanyAcquisition,상호취득,자본 [구성요소]|지배기업의 소유주에게 귀속되는 지분 [구성요소]|자본잉여금 [구성요소],제 82 기 3분기,0,,,20,KRW,,제 81 기 3분기,0,,000250,삼천당제약,CFS
20251114001763,11014,2025,00128546,SCE,자본변동표,dart_OtherTransactions,기타거래,연결재무제표 [member],제 82 기 3분기,0,,,21,KRW,,제 81 기 3분기,0,,000250,삼천당제약,CFS
20251114001763,11014,2025,00128546,SCE,자본변동표,dart_OtherTransactions,기타거래,자본 [구성요소]|비지배지분 [구성요소],제 82 기 3분기,0,,,21,KRW,,제 81 기 3분기,0,,000250,삼천당제약,CFS
20251114001763,11014,2025,00128546,SCE,자본변동표,dart_OtherTransactions,기타거래,자본 [구성요소]|지배기업의 소유주에게 귀속되는 지분 [구성요소],제 82 기 3분기,0,,,21,KRW,,제 81 기 3분기,0,,000250,삼천당제약,CFS
20251114001763,11014,2025,00128546,SCE,자본변동표,dart_OtherTransactions,기타거래,자본 [구성요소]|지배기업의 소유주에게 귀속되는 지분 [구성요소]|기타포괄손익누계액 [구성요소],제 82 기 3분기,0,,,21,KRW,,제 81 기 3분기,0,,000250,삼천당제약,CFS
20251114001763,11014,2025,00128546,SCE,자본변동표,dart_OtherTransactions,기타거래,자본 [구성요소]|지배기업의 소유주에게 귀속되는 지분 [구성요소]|이익잉여금 [구성요소],제 82 기 3분기,0,,,21,KRW,,제 81 기 3분기,0,,000250,삼천당제약,CFS
20251114001763,11014,2025,00128546,SCE,자본변동표,dart_OtherTransactions,기타거래,자본 [구성요소]|지배기업의 소유주에게 귀속되는 지분 [구성요소]|자기주식,제 82 기 3분기,0,,,21,KRW,,제 81 기 3분기,0,,000250,삼천당제약,CFS
20251114001763,11014,2025,00128546,SCE,자본변동표,dart_OtherTransactions,기타거래,자본 [구성요소]|지배기업의 소유주에게 귀속되는 지분 [구성요소]|자기주식처분이익,제 82 기 3분기,0,,,21,KRW,,제 81 기 3분기,0,,000250,삼천당제약,CFS
20251114001763,11014,2025,00128546,SCE,자본변동표,dart_OtherTransactions,기타거래,자본 [구성요소]|지배기업의 소유주에게 귀속되는 지분 [구성요소]|자본금 [구성요소],제 82 기 3분기,0,,,21,KRW,,제 81 기 3분기,0,,000250,삼천당제약,CFS
20251114001763,11014,2025,00128546,SCE,자본변동표,dart_OtherTransactions,기타거래,자본 [구성요소]|지배기업의 소유주에게 귀속되는 지분 [구성요소]|자본잉여금 [구성요소],제 82 기 3분기,0,,,21,KRW,,제 81 기 3분기,0,,000250,삼천당제약,CFS
20251114001763,11014,2025,00128546,SCE,자본변동표,dart_PurchaseDisposalsOfOddShares,단주취득 및 처분,연결재무제표 [member],제 82 기 3분기,0,,,22,KRW,,제 81 기 3분기,0,,000250,삼천당제약,CFS
20251114001763,11014,2025,00128546,SCE,자본변동표,dart_PurchaseDisposalsOfOddShares,단주취득 및 처분,자본 [구성요소]|비지배지분 [구성요소],제 82 기 3분기,0,,,22,KRW,,제 81 기 3분기,0,,000250,삼천당제약,CFS
20251114001763,11014,2025,00128546,SCE,자본변동표,dart_PurchaseDisposalsOfOddShares,단주취득 및 처분,자본 [구성요소]|지배기업의 소유주에게 귀속되는 지분 [구성요소],제 82 기 3분기,0,,,22,KRW,,제 81 기 3분기,0,,000250,삼천당제약,CFS
20251114001763,11014,2025,00128546,SCE,자본변동표,dart_PurchaseDisposalsOfOddShares,단주취득 및 처분,자본 [구성요소]|지배기업의 소유주에게 귀속되는 지분 [구성요소]|기타포괄손익누계액 [구성요소],제 82 기 3분기,0,,,22,KRW,,제 81 기 3분기,0,,000250,삼천당제약,CFS
20251114001763,11014,2025,00128546,SCE,자본변동표,dart_PurchaseDisposalsOfOddShares,단주취득 및 처분,자본 [구성요소]|지배기업의 소유주에게 귀속되는 지분 [구성요소]|이익잉여금 [구성요소],제 82 기 3분기,0,,,22,KRW,,제 81 기 3분기,0,,000250,삼천당제약,CFS
20251114001763,11014,2025,00128546,SCE,자본변동표,dart_PurchaseDisposalsOfOddShares,단주취득 및 처분,자본 [구성요소]|지배기업의 소유주에게 귀속되는 지분 [구성요소]|자기주식,제 82 기 3분기,0,,,22,KRW,,제 81 기 3분기,0,,000250,삼천당제약,CFS
20251114001763,11014,2025,00128546,SCE,자본변동표,dart_PurchaseDisposalsOfOddShares,단주취득 및 처분,자본 [구성요소]|지배기업의 소유주에게 귀속되는 지분 [구성요소]|자기주식처분이익,제 82 기 3분기,0,,,22,KRW,,제 81 기 3분기,0,,000250,삼천당제약,CFS
20251114001763,11014,2025,00128546,SCE,자본변동표,dart_PurchaseDisposalsOfOddShares,단주취득 및 처분,자본 [구성요소]|지배기업의 소유주에게 귀속되는 지분 [구성요소]|자본금 [구성요소],제 82 기 3분기,0,,,22,KRW,,제 81 기 3분기,0,,000250,삼천당제약,CFS
20251114001763,11014,2025,00128546,SCE,자본변동표,dart_PurchaseDisposalsOfOddShares,단주취득 및 처분,자본 [구성요소]|지배기업의 소유주에게 귀속되는 지분 [구성요소]|자본잉여금 [구성요소],제 82 기 3분기,0,,,22,KRW,,제 81 기 3분기,0,,000250,삼천당제약,CFS
20251114001763,11014,2025,00128546,SCE,자본변동표,dart_PurchaseDispostionOfAssociatesOrJointVenture,관계기업 및 공동기업 주식 취득 및 처분,연결재무제표 [member],제 82 기 3분기,0,,,23,KRW,,제 81 기 3분기,0,,000250,삼천당제약,CFS
20251114001763,11014,2025,00128546,SCE,자본변동표,dart_PurchaseDispostionOfAssociatesOrJointVenture,관계기업 및 공동기업 주식 취득 및 처분,자본 [구성요소]|비지배지분 [구성요소],제 82 기 3분기,0,,,23,KRW,,제 81 기 3분기,0,,000250,삼천당제약,CFS
20251114001763,11014,2025,00128546,SCE,자본변동표,dart_PurchaseDispostionOfAssociatesOrJointVenture,관계기업 및 공동기업 주식 취득 및 처분,자본 [구성요소]|지배기업의 소유주에게 귀속되는 지분 [구성요소],제 82 기 3분기,0,,,23,KRW,,제 81 기 3분기,0,,000250,삼천당제약,CFS
20251114001763,11014,2025,00128546,SCE,자본변동표,dart_PurchaseDispostionOfAssociatesOrJointVenture,관계기업 및 공동기업 주식 취득 및 처분,자본 [구성요소]|지배기업의 소유주에게 귀속되는 지분 [구성요소]|기타포괄손익누계액 [구성요소],제 82 기 3분기,0,,,23,KRW,,제 81 기 3분기,0,,000250,삼천당제약,CFS
20251114001763,11014,2025,00128546,SCE,자본변동표,dart_PurchaseDispostionOfAssociatesOrJointVenture,관계기업 및 공동기업 주식 취득 및 처분,자본 [구성요소]|지배기업의 소유주에게 귀속되는 지분 [구성요소]|이익잉여금 [구성요소],제 82 기 3분기,0,,,23,KRW,,제 81 기 3분기,0,,000250,삼천당제약,CFS
20251114001763,11014,2025,00128546,SCE,자본변동표,dart_PurchaseDispostionOfAssociatesOrJointVenture,관계기업 및 공동기업 주식 취득 및 처분,자본 [구성요소]|지배기업의 소유주에게 귀속되는 지분 [구성요소]|자기주식,제 82 기 3분기,0,,,23,KRW,,제 81 기 3분기,0,,000250,삼천당제약,CFS
20251114001763,11014,2025,00128546,SCE,자본변동표,dart_PurchaseDispostionOfAssociatesOrJointVenture,관계기업 및 공동기업 주식 취득 및 처분,자본 [구성요소]|지배기업의 소유주에게 귀속되는 지분 [구성요소]|자기주식처분이익,제 82 기 3분기,0,,,23,KRW,,제 81 기 3분기,0,,000250,삼천당제약,CFS
20251114001763,11014,2025,00128546,SCE,자본변동표,dart_PurchaseDispostionOfAssociatesOrJointVenture,관계기업 및 공동기업 주식 취득 및 처분,자본 [구성요소]|지배기업의 소유주에게 귀속되는 지분 [구성요소]|자본금 [구성요소],제 82 기 3분기,0,,,23,KRW,,제 81 기 3분기,0,,000250,삼천당제약,CFS
20251114001763,11014,2025,00128546,SCE,자본변동표,dart_PurchaseDispostionOfAssociatesOrJointVenture,관계기업 및 공동기업 주식 취득 및 처분,자본 [구성요소]|지배기업의 소유주에게 귀속되는 지분 [구성요소]|자본잉여금 [구성요소],제 82 기 3분기,0,,,23,KRW,,제 81 기 3분기,0,,000250,삼천당제약,CFS
20251114001763,11014,2025,00128546,SCE,자본변동표,dart_ReclassificationAdjustments,재분류조정,연결재무제표 [member],제 82 기 3분기,0,,,24,KRW,,제 81 기 3분기,0,,000250,삼천당제약,CFS
20251114001763,11014,2025,00128546,SCE,자본변동표,dart_ReclassificationAdjustments,재분류조정,자본 [구성요소]|비지배지분 [구성요소],제 82 기 3분기,0,,,24,KRW,,제 81 기 3분기,0,,000250,삼천당제약,CFS
20251114001763,11014,2025,00128546,SCE,자본변동표,dart_ReclassificationAdjustments,재분류조정,자본 [구성요소]|지배기업의 소유주에게 귀속되는 지분 [구성요소],제 82 기 3분기,0,,,24,KRW,,제 81 기 3분기,0,,000250,삼천당제약,CFS
20251114001763,11014,2025,00128546,SCE,자본변동표,dart_ReclassificationAdjustments,재분류조정,자본 [구성요소]|지배기업의 소유주에게 귀속되는 지분 [구성요소]|기타포괄손익누계액 [구성요소],제 82 기 3분기,0,,,24,KRW,,제 81 기 3분기,0,,000250,삼천당제약,CFS
20251114001763,11014,2025,00128546,SCE,자본변동표,dart_ReclassificationAdjustments,재분류조정,자본 [구성요소]|지배기업의 소유주에게 귀속되는 지분 [구성요소]|이익잉여금 [구성요소],제 82 기 3분기,0,,,24,KRW,,제 81 기 3분기,0,,000250,삼천당제약,CFS
20251114001763,11014,2025,00128546,SCE,자본변동표,dart_ReclassificationAdjustments,재분류조정,자본 [구성요소]|지배기업의 소유주에게 귀속되는 지분 [구성요소]|자기주식,제 82 기 3분기,0,,,24,KRW,,제 81 기 3분기,0,,000250,삼천당제약,CFS
20251114001763,11014,2025,00128546,SCE,자본변동표,dart_ReclassificationAdjustments,재분류조정,자본 [구성요소]|지배기업의 소유주에게 귀속되는 지분 [구성요소]|자기주식처분이익,제 82 기 3분기,0,,,24,KRW,,제 81 기 3분기,0,,000250,삼천당제약,CFS
20251114001763,11014,2025,00128546,SCE,자본변동표,dart_ReclassificationAdjustments,재분류조정,자본 [구성요소]|지배기업의 소유주에게 귀속되는 지분 [구성요소]|자본금 [구성요소],제 82 기 3분기,0,,,24,KRW,,제 81 기 3분기,0,,000250,삼천당제약,CFS
20251114001763,11014,2025,00128546,SCE,자본변동표,dart_ReclassificationAdjustments,재분류조정,자본 [구성요소]|지배기업의 소유주에게 귀속되는 지분 [구성요소]|자본잉여금 [구성요소],제 82 기 3분기,0,,,24,KRW,,제 81 기 3분기,0,,000250,삼천당제약,CFS
20251114001763,11014,2025,00128546,SCE,자본변동표,dart_SpinoffOrDropdown,인/물적분할,연결재무제표 [member],제 82 기 3분기,0,,,25,KRW,,제 81 기 3분기,0,,000250,삼천당제약,CFS
20251114001763,11014,2025,00128546,SCE,자본변동표,dart_SpinoffOrDropdown,인/물적분할,자본 [구성요소]|비지배지분 [구성요소],제 82 기 3분기,0,,,25,KRW,,제 81 기 3분기,0,,000250,삼천당제약,CFS
20251114001763,11014,2025,00128546,SCE,자본변동표,dart_SpinoffOrDropdown,인/물적분할,자본 [구성요소]|지배기업의 소유주에게 귀속되는 지분 [구성요소],제 82 기 3분기,0,,,25,KRW,,제 81 기 3분기,0,,000250,삼천당제약,CFS
20251114001763,11014,2025,00128546,SCE,자본변동표,dart_SpinoffOrDropdown,인/물적분할,자본 [구성요소]|지배기업의 소유주에게 귀속되는 지분 [구성요소]|기타포괄손익누계액 [구성요소],제 82 기 3분기,0,,,25,KRW,,제 81 기 3분기,0,,000250,삼천당제약,CFS
20251114001763,11014,2025,00128546,SCE,자본변동표,dart_SpinoffOrDropdown,인/물적분할,자본 [구성요소]|지배기업의 소유주에게 귀속되는 지분 [구성요소]|이익잉여금 [구성요소],제 82 기 3분기,0,,,25,KRW,,제 81 기 3분기,0,,000250,삼천당제약,CFS
20251114001763,11014,2025,00128546,SCE,자본변동표,dart_SpinoffOrDropdown,인/물적분할,자본 [구성요소]|지배기업의 소유주에게 귀속되는 지분 [구성요소]|자기주식,제 82 기 3분기,0,,,25,KRW,,제 81 기 3분기,0,,000250,삼천당제약,CFS
20251114001763,11014,2025,00128546,SCE,자본변동표,dart_SpinoffOrDropdown,인/물적분할,자본 [구성요소]|지배기업의 소유주에게 귀속되는 지분 [구성요소]|자기주식처분이익,제 82 기 3분기,0,,,25,KRW,,제 81 기 3분기,0,,000250,삼천당제약,CFS
20251114001763,11014,2025,00128546,SCE,자본변동표,dart_SpinoffOrDropdown,인/물적분할,자본 [구성요소]|지배기업의 소유주에게 귀속되는 지분 [구성요소]|자본금 [구성요소],제 82 기 3분기,0,,,25,KRW,,제 81 기 3분기,0,,000250,삼천당제약,CFS
20251114001763,11014,2025,00128546,SCE,자본변동표,dart_SpinoffOrDropdown,인/물적분할,자본 [구성요소]|지배기업의 소유주에게 귀속되는 지분 [구성요소]|자본잉여금 [구성요소],제 82 기 3분기,0,,,25,KRW,,제 81 기 3분기,0,,000250,삼천당제약,CFS
20251114001763,11014,2025,00128546,SCE,자본변동표,dart_StockDividends,주식배당,연결재무제표 [member],제 82 기 3분기,0,,,26,KRW,,제 81 기 3분기,0,,000250,삼천당제약,CFS
20251114001763,11014,2025,00128546,SCE,자본변동표,dart_StockDividends,주식배당,자본 [구성요소]|비지배지분 [구성요소],제 82 기 3분기,0,,,26,KRW,,제 81 기 3분기,0,,000250,삼천당제약,CFS
20251114001763,11014,2025,00128546,SCE,자본변동표,dart_StockDividends,주식배당,자본 [구성요소]|지배기업의 소유주에게 귀속되는 지분 [구성요소],제 82 기 3분기,0,,,26,KRW,,제 81 기 3분기,0,,000250,삼천당제약,CFS
20251114001763,11014,2025,00128546,SCE,자본변동표,dart_StockDividends,주식배당,자본 [구성요소]|지배기업의 소유주에게 귀속되는 지분 [구성요소]|기타포괄손익누계액 [구성요소],제 82 기 3분기,0,,,26,KRW,,제 81 기 3분기,0,,000250,삼천당제약,CFS
20251114001763,11014,2025,00128546,SCE,자본변동표,dart_StockDividends,주식배당,자본 [구성요소]|지배기업의 소유주에게 귀속되는 지분 [구성요소]|이익잉여금 [구성요소],제 82 기 3분기,0,,,26,KRW,,제 81 기 3분기,0,,000250,삼천당제약,CFS
20251114001763,11014,2025,00128546,SCE,자본변동표,dart_StockDividends,주식배당,자본 [구성요소]|지배기업의 소유주에게 귀속되는 지분 [구성요소]|자기주식,제 82 기 3분기,0,,,26,KRW,,제 81 기 3분기,0,,000250,삼천당제약,CFS
20251114001763,11014,2025,00128546,SCE,자본변동표,dart_StockDividends,주식배당,자본 [구성요소]|지배기업의 소유주에게 귀속되는 지분 [구성요소]|자기주식처분이익,제 82 기 3분기,0,,,26,KRW,,제 81 기 3분기,0,,000250,삼천당제약,CFS
20251114001763,11014,2025,00128546,SCE,자본변동표,dart_StockDividends,주식배당,자본 [구성요소]|지배기업의 소유주에게 귀속되는 지분 [구성요소]|자본금 [구성요소],제 82 기 3분기,0,,,26,KRW,,제 81 기 3분기,0,,000250,삼천당제약,CFS
20251114001763,11014,2025,00128546,SCE,자본변동표,dart_StockDividends,주식배당,자본 [구성요소]|지배기업의 소유주에게 귀속되는 지분 [구성요소]|자본잉여금 [구성요소],제 82 기 3분기,0,,,26,KRW,,제 81 기 3분기,0,,000250,삼천당제약,CFS
20251114001763,11014,2025,00128546,SCE,자본변동표,dart_StockRedemption,유상감자,연결재무제표 [member],제 82 기 3분기,0,,,27,KRW,,제 81 기 3분기,0,,000250,삼천당제약,CFS
20251114001763,11014,2025,00128546,SCE,자본변동표,dart_StockRedemption,유상감자,자본 [구성요소]|비지배지분 [구성요소],제 82 기 3분기,0,,,27,KRW,,제 81 기 3분기,0,,000250,삼천당제약,CFS
20251114001763,11014,2025,00128546,SCE,자본변동표,dart_StockRedemption,유상감자,자본 [구성요소]|지배기업의 소유주에게 귀속되는 지분 [구성요소],제 82 기 3분기,0,,,27,KRW,,제 81 기 3분기,0,,000250,삼천당제약,CFS
20251114001763,11014,2025,00128546,SCE,자본변동표,dart_StockRedemption,유상감자,자본 [구성요소]|지배기업의 소유주에게 귀속되는 지분 [구성요소]|기타포괄손익누계액 [구성요소],제 82 기 3분기,0,,,27,KRW,,제 81 기 3분기,0,,000250,삼천당제약,CFS
20251114001763,11014,2025,00128546,SCE,자본변동표,dart_StockRedemption,유상감자,자본 [구성요소]|지배기업의 소유주에게 귀속되는 지분 [구성요소]|이익잉여금 [구성요소],제 82 기 3분기,0,,,27,KRW,,제 81 기 3분기,0,,000250,삼천당제약,CFS
20251114001763,11014,2025,00128546,SCE,자본변동표,dart_StockRedemption,유상감자,자본 [구성요소]|지배기업의 소유주에게 귀속되는 지분 [구성요소]|자기주식,제 82 기 3분기,0,,,27,KRW,,제 81 기 3분기,0,,000250,삼천당제약,CFS
20251114001763,11014,2025,00128546,SCE,자본변동표,dart_StockRedemption,유상감자,자본 [구성요소]|지배기업의 소유주에게 귀속되는 지분 [구성요소]|자기주식처분이익,제 82 기 3분기,0,,,27,KRW,,제 81 기 3분기,0,,000250,삼천당제약,CFS
20251114001763,11014,2025,00128546,SCE,자본변동표,dart_StockRedemption,유상감자,자본 [구성요소]|지배기업의 소유주에게 귀속되는 지분 [구성요소]|자본금 [구성요소],제 82 기 3분기,0,,,27,KRW,,제 81 기 3분기,0,,000250,삼천당제약,CFS
20251114001763,11014,2025,00128546,SCE,자본변동표,dart_StockRedemption,유상감자,자본 [구성요소]|지배기업의 소유주에게 귀속되는 지분 [구성요소]|자본잉여금 [구성요소],제 82 기 3분기,0,,,27,KRW,,제 81 기 3분기,0,,000250,삼천당제약,CFS
20251114001763,11014,2025,00128546,SCE,자본변동표,dart_StockRedemptionWithoutRefund,무상감자,연결재무제표 [member],제 82 기 3분기,0,,,28,KRW,,제 81 기 3분기,0,,000250,삼천당제약,CFS
20251114001763,11014,2025,00128546,SCE,자본변동표,dart_StockRedemptionWithoutRefund,무상감자,자본 [구성요소]|비지배지분 [구성요소],제 82 기 3분기,0,,,28,KRW,,제 81 기 3분기,0,,000250,삼천당제약,CFS
20251114001763,11014,2025,00128546,SCE,자본변동표,dart_StockRedemptionWithoutRefund,무상감자,자본 [구성요소]|지배기업의 소유주에게 귀속되는 지분 [구성요소],제 82 기 3분기,0,,,28,KRW,,제 81 기 3분기,0,,000250,삼천당제약,CFS
20251114001763,11014,2025,00128546,SCE,자본변동표,dart_StockRedemptionWithoutRefund,무상감자,자본 [구성요소]|지배기업의 소유주에게 귀속되는 지분 [구성요소]|기타포괄손익누계액 [구성요소],제 82 기 3분기,0,,,28,KRW,,제 81 기 3분기,0,,000250,삼천당제약,CFS
20251114001763,11014,2025,00128546,SCE,자본변동표,dart_StockRedemptionWithoutRefund,무상감자,자본 [구성요소]|지배기업의 소유주에게 귀속되는 지분 [구성요소]|이익잉여금 [구성요소],제 82 기 3분기,0,,,28,KRW,,제 81 기 3분기,0,,000250,삼천당제약,CFS
20251114001763,11014,2025,00128546,SCE,자본변동표,dart_StockRedemptionWithoutRefund,무상감자,자본 [구성요소]|지배기업의 소유주에게 귀속되는 지분 [구성요소]|자기주식,제 82 기 3분기,0,,,28,KRW,,제 81 기 3분기,0,,000250,삼천당제약,CFS
20251114001763,11014,2025,00128546,SCE,자본변동표,dart_StockRedemptionWithoutRefund,무상감자,자본 [구성요소]|지배기업의 소유주에게 귀속되는 지분 [구성요소]|자기주식처분이익,제 82 기 3분기,0,,,28,KRW,,제 81 기 3분기,0,,000250,삼천당제약,CFS
20251114001763,11014,2025,00128546,SCE,자본변동표,dart_StockRedemptionWithoutRefund,무상감자,자본 [구성요소]|지배기업의 소유주에게 귀속되는 지분 [구성요소]|자본금 [구성요소],제 82 기 3분기,0,,,28,KRW,,제 81 기 3분기,0,,000250,삼천당제약,CFS
20251114001763,11014,2025,00128546,SCE,자본변동표,dart_StockRedemptionWithoutRefund,무상감자,자본 [구성요소]|지배기업의 소유주에게 귀속되는 지분 [구성요소]|자본잉여금 [구성요소],제 82 기 3분기,0,,,28,KRW,,제 81 기 3분기,0,,000250,삼천당제약,CFS
20251114001763,11014,2025,00128546,SCE,자본변동표,dart_SubscriptionOnNewStocks,신주청약,연결재무제표 [member],제 82 기 3분기,0,,,29,KRW,,제 81 기 3분기,0,,000250,삼천당제약,CFS
20251114001763,11014,2025,00128546,SCE,자본변동표,dart_SubscriptionOnNewStocks,신주청약,자본 [구성요소]|비지배지분 [구성요소],제 82 기 3분기,0,,,29,KRW,,제 81 기 3분기,0,,000250,삼천당제약,CFS
20251114001763,11014,2025,00128546,SCE,자본변동표,dart_SubscriptionOnNewStocks,신주청약,자본 [구성요소]|지배기업의 소유주에게 귀속되는 지분 [구성요소],제 82 기 3분기,0,,,29,KRW,,제 81 기 3분기,0,,000250,삼천당제약,CFS
20251114001763,11014,2025,00128546,SCE,자본변동표,dart_SubscriptionOnNewStocks,신주청약,자본 [구성요소]|지배기업의 소유주에게 귀속되는 지분 [구성요소]|기타포괄손익누계액 [구성요소],제 82 기 3분기,0,,,29,KRW,,제 81 기 3분기,0,,000250,삼천당제약,CFS
20251114001763,11014,2025,00128546,SCE,자본변동표,dart_SubscriptionOnNewStocks,신주청약,자본 [구성요소]|지배기업의 소유주에게 귀속되는 지분 [구성요소]|이익잉여금 [구성요소],제 82 기 3분기,0,,,29,KRW,,제 81 기 3분기,0,,000250,삼천당제약,CFS
20251114001763,11014,2025,00128546,SCE,자본변동표,dart_SubscriptionOnNewStocks,신주청약,자본 [구성요소]|지배기업의 소유주에게 귀속되는 지분 [구성요소]|자기주식,제 82 기 3분기,0,,,29,KRW,,제 81 기 3분기,0,,000250,삼천당제약,CFS
20251114001763,11014,2025,00128546,SCE,자본변동표,dart_SubscriptionOnNewStocks,신주청약,자본 [구성요소]|지배기업의 소유주에게 귀속되는 지분 [구성요소]|자기주식처분이익,제 82 기 3분기,0,,,29,KRW,,제 81 기 3분기,0,,000250,삼천당제약,CFS
20251114001763,11014,2025,00128546,SCE,자본변동표,dart_SubscriptionOnNewStocks,신주청약,자본 [구성요소]|지배기업의 소유주에게 귀속되는 지분 [구성요소]|자본금 [구성요소],제 82 기 3분기,0,,,29,KRW,,제 81 기 3분기,0,,000250,삼천당제약,CFS
20251114001763,11014,2025,00128546,SCE,자본변동표,dart_SubscriptionOnNewStocks,신주청약,자본 [구성요소]|지배기업의 소유주에게 귀속되는 지분 [구성요소]|자본잉여금 [구성요소],제 82 기 3분기,0,,,29,KRW,,제 81 기 3분기,0,,000250,삼천당제약,CFS
20251114001763,11014,2025,00128546,SCE,자본변동표,dart_TreasuryShareTransactions,자기주식 거래로 인한 증감,연결재무제표 [member],제 82 기 3분기,0,,,30,KRW,,제 81 기 3분기,56534989819,,000250,삼천당제약,CFS
20251114001763,11014,2025,00128546,SCE,자본변동표,dart_TreasuryShareTransactions,자기주식 거래로 인한 증감,자본 [구성요소]|비지배지분 [구성요소],제 82 기 3분기,0,,,30,KRW,,제 81 기 3분기,0,,000250,삼천당제약,CFS
20251114001763,11014,2025,00128546,SCE,자본변동표,dart_TreasuryShareTransactions,자기주식 거래로 인한 증감,자본 [구성요소]|지배기업의 소유주에게 귀속되는 지분 [구성요소],제 82 기 3분기,0,,,30,KRW,,제 81 기 3분기,56534989819,,000250,삼천당제약,CFS
20251114001763,11014,2025,00128546,SCE,자본변동표,dart_TreasuryShareTransactions,자기주식 거래로 인한 증감,자본 [구성요소]|지배기업의 소유주에게 귀속되는 지분 [구성요소]|기타포괄손익누계액 [구성요소],제 82 기 3분기,0,,,30,KRW,,제 81 기 3분기,0,,000250,삼천당제약,CFS
20251114001763,11014,2025,00128546,SCE,자본변동표,dart_TreasuryShareTransactions,자기주식 거래로 인한 증감,자본 [구성요소]|지배기업의 소유주에게 귀속되는 지분 [구성요소]|이익잉여금 [구성요소],제 82 기 3분기,0,,,30,KRW,,제 81 기 3분기,0,,000250,삼천당제약,CFS
20251114001763,11014,2025,00128546,SCE,자본변동표,dart_TreasuryShareTransactions,자기주식 거래로 인한 증감,자본 [구성요소]|지배기업의 소유주에게 귀속되는 지분 [구성요소]|자기주식,제 82 기 3분기,0,,,30,KRW,,제 81 기 3분기,1420233292,,000250,삼천당제약,CFS
20251114001763,11014,2025,00128546,SCE,자본변동표,dart_TreasuryShareTransactions,자기주식 거래로 인한 증감,자본 [구성요소]|지배기업의 소유주에게 귀속되는 지분 [구성요소]|자기주식처분이익,제 82 기 3분기,0,,,30,KRW,,제 81 기 3분기,55114756527,,000250,삼천당제약,CFS
20251114001763,11014,2025,00128546,SCE,자본변동표,dart_TreasuryShareTransactions,자기주식 거래로 인한 증감,자본 [구성요소]|지배기업의 소유주에게 귀속되는 지분 [구성요소]|자본금 [구성요소],제 82 기 3분기,0,,,30,KRW,,제 81 기 3분기,0,,000250,삼천당제약,CFS
20251114001763,11014,2025,00128546,SCE,자본변동표,dart_TreasuryShareTransactions,자기주식 거래로 인한 증감,자본 [구성요소]|지배기업의 소유주에게 귀속되는 지분 [구성요소]|자본잉여금 [구성요소],제 82 기 3분기,0,,,30,KRW,,제 81 기 3분기,0,,000250,삼천당제약,CFS
20251114001763,11014,2025,00128546,SCE,자본변동표,dart_UnissuedStockDividends,미교부주식배당금,연결재무제표 [member],제 82 기 3분기,0,,,31,KRW,,제 81 기 3분기,0,,000250,삼천당제약,CFS
20251114001763,11014,2025,00128546,SCE,자본변동표,dart_UnissuedStockDividends,미교부주식배당금,자본 [구성요소]|비지배지분 [구성요소],제 82 기 3분기,0,,,31,KRW,,제 81 기 3분기,0,,000250,삼천당제약,CFS
20251114001763,11014,2025,00128546,SCE,자본변동표,dart_UnissuedStockDividends,미교부주식배당금,자본 [구성요소]|지배기업의 소유주에게 귀속되는 지분 [구성요소],제 82 기 3분기,0,,,31,KRW,,제 81 기 3분기,0,,000250,삼천당제약,CFS
20251114001763,11014,2025,00128546,SCE,자본변동표,dart_UnissuedStockDividends,미교부주식배당금,자본 [구성요소]|지배기업의 소유주에게 귀속되는 지분 [구성요소]|기타포괄손익누계액 [구성요소],제 82 기 3분기,0,,,31,KRW,,제 81 기 3분기,0,,000250,삼천당제약,CFS
20251114001763,11014,2025,00128546,SCE,자본변동표,dart_UnissuedStockDividends,미교부주식배당금,자본 [구성요소]|지배기업의 소유주에게 귀속되는 지분 [구성요소]|이익잉여금 [구성요소],제 82 기 3분기,0,,,31,KRW,,제 81 기 3분기,0,,000250,삼천당제약,CFS
20251114001763,11014,2025,00128546,SCE,자본변동표,dart_UnissuedStockDividends,미교부주식배당금,자본 [구성요소]|지배기업의 소유주에게 귀속되는 지분 [구성요소]|자기주식,제 82 기 3분기,0,,,31,KRW,,제 81 기 3분기,0,,000250,삼천당제약,CFS
20251114001763,11014,2025,00128546,SCE,자본변동표,dart_UnissuedStockDividends,미교부주식배당금,자본 [구성요소]|지배기업의 소유주에게 귀속되는 지분 [구성요소]|자기주식처분이익,제 82 기 3분기,0,,,31,KRW,,제 81 기 3분기,0,,000250,삼천당제약,CFS
20251114001763,11014,2025,00128546,SCE,자본변동표,dart_UnissuedStockDividends,미교부주식배당금,자본 [구성요소]|지배기업의 소유주에게 귀속되는 지분 [구성요소]|자본금 [구성요소],제 82 기 3분기,0,,,31,KRW,,제 81 기 3분기,0,,000250,삼천당제약,CFS
20251114001763,11014,2025,00128546,SCE,자본변동표,dart_UnissuedStockDividends,미교부주식배당금,자본 [구성요소]|지배기업의 소유주에게 귀속되는 지분 [구성요소]|자본잉여금 [구성요소],제 82 기 3분기,0,,,31,KRW,,제 81 기 3분기,0,,000250,삼천당제약,CFS
20251114001763,11014,2025,00128546,SCE,자본변동표,-표준계정코드 미사용-,종속기업의 자기주식변동,연결재무제표 [member],제 82 기 3분기,84424132,,,32,KRW,,제 81 기 3분기,98220736,,000250,삼천당제약,CFS
20251114001763,11014,2025,00128546,SCE,자본변동표,-표준계정코드 미사용-,종속기업의 자기주식변동,자본 [구성요소]|비지배지분 [구성요소],제 82 기 3분기,311254599,,,32,KRW,,제 81 기 3분기,-49288751,,000250,삼천당제약,CFS
20251114001763,11014,2025,00128546,SCE,자본변동표,-표준계정코드 미사용-,종속기업의 자기주식변동,자본 [구성요소]|지배기업의 소유주에게 귀속되는 지분 [구성요소],제 82 기 3분기,-226830467,,,32,KRW,,제 81 기 3분기,147509487,,000250,삼천당제약,CFS
20251114001763,11014,2025,00128546,SCE,자본변동표,-표준계정코드 미사용-,종속기업의 자기주식변동,자본 [구성요소]|지배기업의 소유주에게 귀속되는 지분 [구성요소]|기타포괄손익누계액 [구성요소],제 82 기 3분기,0,,,32,KRW,,제 81 기 3분기,0,,000250,삼천당제약,CFS
20251114001763,11014,2025,00128546,SCE,자본변동표,-표준계정코드 미사용-,종속기업의 자기주식변동,자본 [구성요소]|지배기업의 소유주에게 귀속되는 지분 [구성요소]|이익잉여금 [구성요소],제 82 기 3분기,0,,,32,KRW,,제 81 기 3분기,0,,000250,삼천당제약,CFS
20251114001763,11014,2025,00128546,SCE,자본변동표,-표준계정코드 미사용-,종속기업의 자기주식변동,자본 [구성요소]|지배기업의 소유주에게 귀속되는 지분 [구성요소]|자기주식,제 82 기 3분기,0,,,32,KRW,,제 81 기 3분기,0,,000250,삼천당제약,CFS
20251114001763,11014,2025,00128546,SCE,자본변동표,-표준계정코드 미사용-,종속기업의 자기주식변동,자본 [구성요소]|지배기업의 소유주에게 귀속되는 지분 [구성요소]|자기주식처분이익,제 82 기 3분기,0,,,32,KRW,,제 81 기 3분기,0,,000250,삼천당제약,CFS
20251114001763,11014,2025,00128546,SCE,자본변동표,-표준계정코드 미사용-,종속기업의 자기주식변동,자본 [구성요소]|지배기업의 소유주에게 귀속되는 지분 [구성요소]|자본금 [구성요소],제 82 기 3분기,0,,,32,KRW,,제 81 기 3분기,0,,000250,삼천당제약,CFS
20251114001763,11014,2025,00128546,SCE,자본변동표,-표준계정코드 미사용-,종속기업의 자기주식변동,자본 [구성요소]|지배기업의 소유주에게 귀속되는 지분 [구성요소]|자본잉여금 [구성요소],제 82 기 3분기,-226830467,,,32,KRW,,제 81 기 3분기,147509487,,000250,삼천당제약,CFS
20251114001763,11014,2025,00128546,SCE,자본변동표,-표준계정코드 미사용-,종속기업의 배당,연결재무제표 [member],제 82 기 3분기,0,,,33,KRW,,제 81 기 3분기,-890150900,,000250,삼천당제약,CFS
20251114001763,11014,2025,00128546,SCE,자본변동표,-표준계정코드 미사용-,종속기업의 배당,자본 [구성요소]|비지배지분 [구성요소],제 82 기 3분기,0,,,33,KRW,,제 81 기 3분기,-890150900,,000250,삼천당제약,CFS
20251114001763,11014,2025,00128546,SCE,자본변동표,-표준계정코드 미사용-,종속기업의 배당,자본 [구성요소]|지배기업의 소유주에게 귀속되는 지분 [구성요소],제 82 기 3분기,0,,,33,KRW,,제 81 기 3분기,0,,000250,삼천당제약,CFS
20251114001763,11014,2025,00128546,SCE,자본변동표,-표준계정코드 미사용-,종속기업의 배당,자본 [구성요소]|지배기업의 소유주에게 귀속되는 지분 [구성요소]|기타포괄손익누계액 [구성요소],제 82 기 3분기,0,,,33,KRW,,제 81 기 3분기,0,,000250,삼천당제약,CFS
20251114001763,11014,2025,00128546,SCE,자본변동표,-표준계정코드 미사용-,종속기업의 배당,자본 [구성요소]|지배기업의 소유주에게 귀속되는 지분 [구성요소]|이익잉여금 [구성요소],제 82 기 3분기,0,,,33,KRW,,제 81 기 3분기,0,,000250,삼천당제약,CFS
20251114001763,11014,2025,00128546,SCE,자본변동표,-표준계정코드 미사용-,종속기업의 배당,자본 [구성요소]|지배기업의 소유주에게 귀속되는 지분 [구성요소]|자기주식,제 82 기 3분기,0,,,33,KRW,,제 81 기 3분기,0,,000250,삼천당제약,CFS
20251114001763,11014,2025,00128546,SCE,자본변동표,-표준계정코드 미사용-,종속기업의 배당,자본 [구성요소]|지배기업의 소유주에게 귀속되는 지분 [구성요소]|자기주식처분이익,제 82 기 3분기,0,,,33,KRW,,제 81 기 3분기,0,,000250,삼천당제약,CFS
20251114001763,11014,2025,00128546,SCE,자본변동표,-표준계정코드 미사용-,종속기업의 배당,자본 [구성요소]|지배기업의 소유주에게 귀속되는 지분 [구성요소]|자본금 [구성요소],제 82 기 3분기,0,,,33,KRW,,제 81 기 3분기,0,,000250,삼천당제약,CFS
20251114001763,11014,2025,00128546,SCE,자본변동표,-표준계정코드 미사용-,종속기업의 배당,자본 [구성요소]|지배기업의 소유주에게 귀속되는 지분 [구성요소]|자본잉여금 [구성요소],제 82 기 3분기,0,,,33,KRW,,제 81 기 3분기,0,,000250,삼천당제약,CFS
20251114001763,11014,2025,00128546,SCE,자본변동표,-표준계정코드 미사용-,교환권 행사,연결재무제표 [member],제 82 기 3분기,79960076,,,34,KRW,,제 81 기 3분기,0,,000250,삼천당제약,CFS
20251114001763,11014,2025,00128546,SCE,자본변동표,-표준계정코드 미사용-,교환권 행사,자본 [구성요소]|비지배지분 [구성요소],제 82 기 3분기,0,,,34,KRW,,제 81 기 3분기,0,,000250,삼천당제약,CFS
20251114001763,11014,2025,00128546,SCE,자본변동표,-표준계정코드 미사용-,교환권 행사,자본 [구성요소]|지배기업의 소유주에게 귀속되는 지분 [구성요소],제 82 기 3분기,79960076,,,34,KRW,,제 81 기 3분기,0,,000250,삼천당제약,CFS
20251114001763,11014,2025,00128546,SCE,자본변동표,-표준계정코드 미사용-,교환권 행사,자본 [구성요소]|지배기업의 소유주에게 귀속되는 지분 [구성요소]|기타포괄손익누계액 [구성요소],제 82 기 3분기,0,,,34,KRW,,제 81 기 3분기,0,,000250,삼천당제약,CFS
20251114001763,11014,2025,00128546,SCE,자본변동표,-표준계정코드 미사용-,교환권 행사,자본 [구성요소]|지배기업의 소유주에게 귀속되는 지분 [구성요소]|이익잉여금 [구성요소],제 82 기 3분기,0,,,34,KRW,,제 81 기 3분기,0,,000250,삼천당제약,CFS
20251114001763,11014,2025,00128546,SCE,자본변동표,-표준계정코드 미사용-,교환권 행사,자본 [구성요소]|지배기업의 소유주에게 귀속되는 지분 [구성요소]|자기주식,제 82 기 3분기,1153229,,,34,KRW,,제 81 기 3분기,0,,000250,삼천당제약,CFS
20251114001763,11014,2025,00128546,SCE,자본변동표,-표준계정코드 미사용-,교환권 행사,자본 [구성요소]|지배기업의 소유주에게 귀속되는 지분 [구성요소]|자기주식처분이익,제 82 기 3분기,78806847,,,34,KRW,,제 81 기 3분기,0,,000250,삼천당제약,CFS
20251114001763,11014,2025,00128546,SCE,자본변동표,-표준계정코드 미사용-,교환권 행사,자본 [구성요소]|지배기업의 소유주에게 귀속되는 지분 [구성요소]|자본금 [구성요소],제 82 기 3분기,0,,,34,KRW,,제 81 기 3분기,0,,000250,삼천당제약,CFS
20251114001763,11014,2025,00128546,SCE,자본변동표,-표준계정코드 미사용-,교환권 행사,자본 [구성요소]|지배기업의 소유주에게 귀속되는 지분 [구성요소]|자본잉여금 [구성요소],제 82 기 3분기,0,,,34,KRW,,제 81 기 3분기,0,,000250,삼천당제약,CFS
20251114001763,11014,2025,00128546,SCE,자본변동표,-표준계정코드 미사용-,해외사업장환산외환차이(세후기타포괄손익),연결재무제표 [member],제 82 기 3분기,39296746,,,35,KRW,,제 81 기 3분기,82607127,,000250,삼천당제약,CFS
20251114001763,11014,2025,00128546,SCE,자본변동표,-표준계정코드 미사용-,해외사업장환산외환차이(세후기타포괄손익),자본 [구성요소]|비지배지분 [구성요소],제 82 기 3분기,0,,,35,KRW,,제 81 기 3분기,0,,000250,삼천당제약,CFS
20251114001763,11014,2025,00128546,SCE,자본변동표,-표준계정코드 미사용-,해외사업장환산외환차이(세후기타포괄손익),자본 [구성요소]|지배기업의 소유주에게 귀속되는 지분 [구성요소],제 82 기 3분기,39296746,,,35,KRW,,제 81 기 3분기,82607127,,000250,삼천당제약,CFS
20251114001763,11014,2025,00128546,SCE,자본변동표,-표준계정코드 미사용-,해외사업장환산외환차이(세후기타포괄손익),자본 [구성요소]|지배기업의 소유주에게 귀속되는 지분 [구성요소]|기타포괄손익누계액 [구성요소],제 82 기 3분기,39296746,,,35,KRW,,제 81 기 3분기,82607127,,000250,삼천당제약,CFS
20251114001763,11014,2025,00128546,SCE,자본변동표,-표준계정코드 미사용-,해외사업장환산외환차이(세후기타포괄손익),자본 [구성요소]|지배기업의 소유주에게 귀속되는 지분 [구성요소]|이익잉여금 [구성요소],제 82 기 3분기,0,,,35,KRW,,제 81 기 3분기,0,,000250,삼천당제약,CFS
20251114001763,11014,2025,00128546,SCE,자본변동표,-표준계정코드 미사용-,해외사업장환산외환차이(세후기타포괄손익),자본 [구성요소]|지배기업의 소유주에게 귀속되는 지분 [구성요소]|자기주식,제 82 기 3분기,0,,,35,KRW,,제 81 기 3분기,0,,000250,삼천당제약,CFS
20251114001763,11014,2025,00128546,SCE,자본변동표,-표준계정코드 미사용-,해외사업장환산외환차이(세후기타포괄손익),자본 [구성요소]|지배기업의 소유주에게 귀속되는 지분 [구성요소]|자기주식처분이익,제 82 기 3분기,0,,,35,KRW,,제 81 기 3분기,0,,000250,삼천당제약,CFS
20251114001763,11014,2025,00128546,SCE,자본변동표,-표준계정코드 미사용-,해외사업장환산외환차이(세후기타포괄손익),자본 [구성요소]|지배기업의 소유주에게 귀속되는 지분 [구성요소]|자본금 [구성요소],제 82 기 3분기,0,,,35,KRW,,제 81 기 3분기,0,,000250,삼천당제약,CFS
20251114001763,11014,2025,00128546,SCE,자본변동표,-표준계정코드 미사용-,해외사업장환산외환차이(세후기타포괄손익),자본 [구성요소]|지배기업의 소유주에게 귀속되는 지분 [구성요소]|자본잉여금 [구성요소],제 82 기 3분기,0,,,35,KRW,,제 81 기 3분기,0,,000250,삼천당제약,CFS
20251114001763,11014,2025,00128546,SCE,자본변동표,-표준계정코드 미사용-,종속기업투자주식,연결재무제표 [member],제 82 기 3분기,0,,,36,KRW,,제 81 기 3분기,0,,000250,삼천당제약,CFS
20251114001763,11014,2025,00128546,SCE,자본변동표,-표준계정코드 미사용-,종속기업투자주식,자본 [구성요소]|비지배지분 [구성요소],제 82 기 3분기,0,,,36,KRW,,제 81 기 3분기,0,,000250,삼천당제약,CFS
20251114001763,11014,2025,00128546,SCE,자본변동표,-표준계정코드 미사용-,종속기업투자주식,자본 [구성요소]|지배기업의 소유주에게 귀속되는 지분 [구성요소],제 82 기 3분기,0,,,36,KRW,,제 81 기 3분기,0,,000250,삼천당제약,CFS
20251114001763,11014,2025,00128546,SCE,자본변동표,-표준계정코드 미사용-,종속기업투자주식,자본 [구성요소]|지배기업의 소유주에게 귀속되는 지분 [구성요소]|기타포괄손익누계액 [구성요소],제 82 기 3분기,0,,,36,KRW,,제 81 기 3분기,0,,000250,삼천당제약,CFS
20251114001763,11014,2025,00128546,SCE,자본변동표,-표준계정코드 미사용-,종속기업투자주식,자본 [구성요소]|지배기업의 소유주에게 귀속되는 지분 [구성요소]|이익잉여금 [구성요소],제 82 기 3분기,0,,,36,KRW,,제 81 기 3분기,0,,000250,삼천당제약,CFS
20251114001763,11014,2025,00128546,SCE,자본변동표,-표준계정코드 미사용-,종속기업투자주식,자본 [구성요소]|지배기업의 소유주에게 귀속되는 지분 [구성요소]|자기주식,제 82 기 3분기,0,,,36,KRW,,제 81 기 3분기,0,,000250,삼천당제약,CFS
20251114001763,11014,2025,00128546,SCE,자본변동표,-표준계정코드 미사용-,종속기업투자주식,자본 [구성요소]|지배기업의 소유주에게 귀속되는 지분 [구성요소]|자기주식처분이익,제 82 기 3분기,0,,,36,KRW,,제 81 기 3분기,0,,000250,삼천당제약,CFS
20251114001763,11014,2025,00128546,SCE,자본변동표,-표준계정코드 미사용-,종속기업투자주식,자본 [구성요소]|지배기업의 소유주에게 귀속되는 지분 [구성요소]|자본금 [구성요소],제 82 기 3분기,0,,,36,KRW,,제 81 기 3분기,0,,000250,삼천당제약,CFS
20251114001763,11014,2025,00128546,SCE,자본변동표,-표준계정코드 미사용-,종속기업투자주식,자본 [구성요소]|지배기업의 소유주에게 귀속되는 지분 [구성요소]|자본잉여금 [구성요소],제 82 기 3분기,0,,,36,KRW,,제 81 기 3분기,0,,000250,삼천당제약,CFS
20251114001763,11014,2025,00128546,SCE,자본변동표,-표준계정코드 미사용-,교환사채 발행,연결재무제표 [member],제 82 기 3분기,6616940092,,,37,KRW,,제 81 기 3분기,0,,000250,삼천당제약,CFS
20251114001763,11014,2025,00128546,SCE,자본변동표,-표준계정코드 미사용-,교환사채 발행,자본 [구성요소]|비지배지분 [구성요소],제 82 기 3분기,0,,,37,KRW,,제 81 기 3분기,0,,000250,삼천당제약,CFS
20251114001763,11014,2025,00128546,SCE,자본변동표,-표준계정코드 미사용-,교환사채 발행,자본 [구성요소]|지배기업의 소유주에게 귀속되는 지분 [구성요소],제 82 기 3분기,6616940092,,,37,KRW,,제 81 기 3분기,0,,000250,삼천당제약,CFS
20251114001763,11014,2025,00128546,SCE,자본변동표,-표준계정코드 미사용-,교환사채 발행,자본 [구성요소]|지배기업의 소유주에게 귀속되는 지분 [구성요소]|기타포괄손익누계액 [구성요소],제 82 기 3분기,0,,,37,KRW,,제 81 기 3분기,0,,000250,삼천당제약,CFS
20251114001763,11014,2025,00128546,SCE,자본변동표,-표준계정코드 미사용-,교환사채 발행,자본 [구성요소]|지배기업의 소유주에게 귀속되는 지분 [구성요소]|이익잉여금 [구성요소],제 82 기 3분기,0,,,37,KRW,,제 81 기 3분기,0,,000250,삼천당제약,CFS
20251114001763,11014,2025,00128546,SCE,자본변동표,-표준계정코드 미사용-,교환사채 발행,자본 [구성요소]|지배기업의 소유주에게 귀속되는 지분 [구성요소]|자기주식,제 82 기 3분기,0,,,37,KRW,,제 81 기 3분기,0,,000250,삼천당제약,CFS
20251114001763,11014,2025,00128546,SCE,자본변동표,-표준계정코드 미사용-,교환사채 발행,자본 [구성요소]|지배기업의 소유주에게 귀속되는 지분 [구성요소]|자기주식처분이익,제 82 기 3분기,0,,,37,KRW,,제 81 기 3분기,0,,000250,삼천당제약,CFS
20251114001763,11014,2025,00128546,SCE,자본변동표,-표준계정코드 미사용-,교환사채 발행,자본 [구성요소]|지배기업의 소유주에게 귀속되는 지분 [구성요소]|자본금 [구성요소],제 82 기 3분기,0,,,37,KRW,,제 81 기 3분기,0,,000250,삼천당제약,CFS
20251114001763,11014,2025,00128546,SCE,자본변동표,-표준계정코드 미사용-,교환사채 발행,자본 [구성요소]|지배기업의 소유주에게 귀속되는 지분 [구성요소]|자본잉여금 [구성요소],제 82 기 3분기,6616940092,,,37,KRW,,제 81 기 3분기,0,,000250,삼천당제약,CFS
20251114001763,11014,2025,00128546,SCE,자본변동표,-표준계정코드 미사용-,확정급여제도의 재측정손익(세후기타포괄손익),연결재무제표 [member],제 82 기 3분기,-226423748,,,38,KRW,,제 81 기 3분기,-2106422107,,000250,삼천당제약,CFS
20251114001763,11014,2025,00128546,SCE,자본변동표,-표준계정코드 미사용-,확정급여제도의 재측정손익(세후기타포괄손익),자본 [구성요소]|비지배지분 [구성요소],제 82 기 3분기,-47104715,,,38,KRW,,제 81 기 3분기,-285384925,,000250,삼천당제약,CFS
20251114001763,11014,2025,00128546,SCE,자본변동표,-표준계정코드 미사용-,확정급여제도의 재측정손익(세후기타포괄손익),자본 [구성요소]|지배기업의 소유주에게 귀속되는 지분 [구성요소],제 82 기 3분기,-179319033,,,38,KRW,,제 81 기 3분기,-1821037182,,000250,삼천당제약,CFS
20251114001763,11014,2025,00128546,SCE,자본변동표,-표준계정코드 미사용-,확정급여제도의 재측정손익(세후기타포괄손익),자본 [구성요소]|지배기업의 소유주에게 귀속되는 지분 [구성요소]|기타포괄손익누계액 [구성요소],제 82 기 3분기,0,,,38,KRW,,제 81 기 3분기,0,,000250,삼천당제약,CFS
20251114001763,11014,2025,00128546,SCE,자본변동표,-표준계정코드 미사용-,확정급여제도의 재측정손익(세후기타포괄손익),자본 [구성요소]|지배기업의 소유주에게 귀속되는 지분 [구성요소]|이익잉여금 [구성요소],제 82 기 3분기,-179319033,,,38,KRW,,제 81 기 3분기,-1821037182,,000250,삼천당제약,CFS
20251114001763,11014,2025,00128546,SCE,자본변동표,-표준계정코드 미사용-,확정급여제도의 재측정손익(세후기타포괄손익),자본 [구성요소]|지배기업의 소유주에게 귀속되는 지분 [구성요소]|자기주식,제 82 기 3분기,0,,,38,KRW,,제 81 기 3분기,0,,000250,삼천당제약,CFS
20251114001763,11014,2025,00128546,SCE,자본변동표,-표준계정코드 미사용-,확정급여제도의 재측정손익(세후기타포괄손익),자본 [구성요소]|지배기업의 소유주에게 귀속되는 지분 [구성요소]|자기주식처분이익,제 82 기 3분기,0,,,38,KRW,,제 81 기 3분기,0,,000250,삼천당제약,CFS
20251114001763,11014,2025,00128546,SCE,자본변동표,-표준계정코드 미사용-,확정급여제도의 재측정손익(세후기타포괄손익),자본 [구성요소]|지배기업의 소유주에게 귀속되는 지분 [구성요소]|자본금 [구성요소],제 82 기 3분기,0,,,38,KRW,,제 81 기 3분기,0,,000250,삼천당제약,CFS
20251114001763,11014,2025,00128546,SCE,자본변동표,-표준계정코드 미사용-,확정급여제도의 재측정손익(세후기타포괄손익),자본 [구성요소]|지배기업의 소유주에게 귀속되는 지분 [구성요소]|자본잉여금 [구성요소],제 82 기 3분기,0,,,38,KRW,,제 81 기 3분기,0,,000250,삼천당제약,CFS
20251114001763,11014,2025,00128546,SCE,자본변동표,-표준계정코드 미사용-,종속기업의주식기준보상거래의 인식,연결재무제표 [member],제 82 기 3분기,-545148192,,,39,KRW,,제 81 기 3분기,387015982,,000250,삼천당제약,CFS
20251114001763,11014,2025,00128546,SCE,자본변동표,-표준계정코드 미사용-,종속기업의주식기준보상거래의 인식,자본 [구성요소]|비지배지분 [구성요소],제 82 기 3분기,-545148192,,,39,KRW,,제 81 기 3분기,387015982,,000250,삼천당제약,CFS
20251114001763,11014,2025,00128546,SCE,자본변동표,-표준계정코드 미사용-,종속기업의주식기준보상거래의 인식,자본 [구성요소]|지배기업의 소유주에게 귀속되는 지분 [구성요소],제 82 기 3분기,0,,,39,KRW,,제 81 기 3분기,0,,000250,삼천당제약,CFS
20251114001763,11014,2025,00128546,SCE,자본변동표,-표준계정코드 미사용-,종속기업의주식기준보상거래의 인식,자본 [구성요소]|지배기업의 소유주에게 귀속되는 지분 [구성요소]|기타포괄손익누계액 [구성요소],제 82 기 3분기,0,,,39,KRW,,제 81 기 3분기,0,,000250,삼천당제약,CFS
20251114001763,11014,2025,00128546,SCE,자본변동표,-표준계정코드 미사용-,종속기업의주식기준보상거래의 인식,자본 [구성요소]|지배기업의 소유주에게 귀속되는 지분 [구성요소]|이익잉여금 [구성요소],제 82 기 3분기,0,,,39,KRW,,제 81 기 3분기,0,,000250,삼천당제약,CFS
20251114001763,11014,2025,00128546,SCE,자본변동표,-표준계정코드 미사용-,종속기업의주식기준보상거래의 인식,자본 [구성요소]|지배기업의 소유주에게 귀속되는 지분 [구성요소]|자기주식,제 82 기 3분기,0,,,39,KRW,,제 81 기 3분기,0,,000250,삼천당제약,CFS
20251114001763,11014,2025,00128546,SCE,자본변동표,-표준계정코드 미사용-,종속기업의주식기준보상거래의 인식,자본 [구성요소]|지배기업의 소유주에게 귀속되는 지분 [구성요소]|자기주식처분이익,제 82 기 3분기,0,,,39,KRW,,제 81 기 3분기,0,,000250,삼천당제약,CFS
20251114001763,11014,2025,00128546,SCE,자본변동표,-표준계정코드 미사용-,종속기업의주식기준보상거래의 인식,자본 [구성요소]|지배기업의 소유주에게 귀속되는 지분 [구성요소]|자본금 [구성요소],제 82 기 3분기,0,,,39,KRW,,제 81 기 3분기,0,,000250,삼천당제약,CFS
20251114001763,11014,2025,00128546,SCE,자본변동표,-표준계정코드 미사용-,종속기업의주식기준보상거래의 인식,자본 [구성요소]|지배기업의 소유주에게 귀속되는 지분 [구성요소]|자본잉여금 [구성요소],제 82 기 3분기,0,,,39,KRW,,제 81 기 3분기,0,,000250,삼천당제약,CFS
20251114001763,11014,2025,00128546,SCE,자본변동표,ifrs-full_DividendsPaid,소유주에 대한 배분으로 인식된 배당금,연결재무제표 [member],제 82 기 3분기,4651494400,,,40,KRW,,제 81 기 3분기,0,,000250,삼천당제약,CFS
20251114001763,11014,2025,00128546,SCE,자본변동표,ifrs-full_DividendsPaid,소유주에 대한 배분으로 인식된 배당금,자본 [구성요소]|비지배지분 [구성요소],제 82 기 3분기,0,,,40,KRW,,제 81 기 3분기,0,,000250,삼천당제약,CFS
20251114001763,11014,2025,00128546,SCE,자본변동표,ifrs-full_DividendsPaid,소유주에 대한 배분으로 인식된 배당금,자본 [구성요소]|지배기업의 소유주에게 귀속되는 지분 [구성요소],제 82 기 3분기,4651494400,,,40,KRW,,제 81 기 3분기,0,,000250,삼천당제약,CFS
20251114001763,11014,2025,00128546,SCE,자본변동표,ifrs-full_DividendsPaid,소유주에 대한 배분으로 인식된 배당금,자본 [구성요소]|지배기업의 소유주에게 귀속되는 지분 [구성요소]|기타포괄손익누계액 [구성요소],제 82 기 3분기,0,,,40,KRW,,제 81 기 3분기,0,,000250,삼천당제약,CFS
20251114001763,11014,2025,00128546,SCE,자본변동표,ifrs-full_DividendsPaid,소유주에 대한 배분으로 인식된 배당금,자본 [구성요소]|지배기업의 소유주에게 귀속되는 지분 [구성요소]|이익잉여금 [구성요소],제 82 기 3분기,4651494400,,,40,KRW,,제 81 기 3분기,0,,000250,삼천당제약,CFS
20251114001763,11014,2025,00128546,SCE,자본변동표,ifrs-full_DividendsPaid,소유주에 대한 배분으로 인식된 배당금,자본 [구성요소]|지배기업의 소유주에게 귀속되는 지분 [구성요소]|자기주식,제 82 기 3분기,0,,,40,KRW,,제 81 기 3분기,0,,000250,삼천당제약,CFS
20251114001763,11014,2025,00128546,SCE,자본변동표,ifrs-full_DividendsPaid,소유주에 대한 배분으로 인식된 배당금,자본 [구성요소]|지배기업의 소유주에게 귀속되는 지분 [구성요소]|자기주식처분이익,제 82 기 3분기,0,,,40,KRW,,제 81 기 3분기,0,,000250,삼천당제약,CFS
20251114001763,11014,2025,00128546,SCE,자본변동표,ifrs-full_DividendsPaid,소유주에 대한 배분으로 인식된 배당금,자본 [구성요소]|지배기업의 소유주에게 귀속되는 지분 [구성요소]|자본금 [구성요소],제 82 기 3분기,0,,,40,KRW,,제 81 기 3분기,0,,000250,삼천당제약,CFS
20251114001763,11014,2025,00128546,SCE,자본변동표,ifrs-full_DividendsPaid,소유주에 대한 배분으로 인식된 배당금,자본 [구성요소]|지배기업의 소유주에게 귀속되는 지분 [구성요소]|자본잉여금 [구성요소],제 82 기 3분기,0,,,40,KRW,,제 81 기 3분기,0,,000250,삼천당제약,CFS
20251114001763,11014,2025,00128546,SCE,자본변동표,ifrs-full_Equity,자본총계,연결재무제표 [member],제 82 기 3분기,354987480876,,349404158895,41,KRW,,제 81 기 3분기,356380740691,,000250,삼천당제약,CFS
20251114001763,11014,2025,00128546,SCE,자본변동표,ifrs-full_Equity,자본총계,자본 [구성요소]|비지배지분 [구성요소],제 82 기 3분기,87456987908,,,41,KRW,,제 81 기 3분기,80910429763,,000250,삼천당제약,CFS
20251114001763,11014,2025,00128546,SCE,자본변동표,ifrs-full_Equity,자본총계,자본 [구성요소]|지배기업의 소유주에게 귀속되는 지분 [구성요소],제 82 기 3분기,267530492968,,,41,KRW,,제 81 기 3분기,275470310928,,000250,삼천당제약,CFS
20251114001763,11014,2025,00128546,SCE,자본변동표,ifrs-full_Equity,자본총계,자본 [구성요소]|지배기업의 소유주에게 귀속되는 지분 [구성요소]|기타포괄손익누계액 [구성요소],제 82 기 3분기,1389537675,,,41,KRW,,제 81 기 3분기,1797095966,,000250,삼천당제약,CFS
20251114001763,11014,2025,00128546,SCE,자본변동표,ifrs-full_Equity,자본총계,자본 [구성요소]|지배기업의 소유주에게 귀속되는 지분 [구성요소]|이익잉여금 [구성요소],제 82 기 3분기,90336178535,,,41,KRW,,제 81 기 3분기,104396938501,,000250,삼천당제약,CFS
20251114001763,11014,2025,00128546,SCE,자본변동표,ifrs-full_Equity,자본총계,자본 [구성요소]|지배기업의 소유주에게 귀속되는 지분 [구성요소]|자기주식,제 82 기 3분기,-566940089,,,41,KRW,,제 81 기 3분기,-568093318,,000250,삼천당제약,CFS
20251114001763,11014,2025,00128546,SCE,자본변동표,ifrs-full_Equity,자본총계,자본 [구성요소]|지배기업의 소유주에게 귀속되는 지분 [구성요소]|자기주식처분이익,제 82 기 3분기,58406688572,,,41,KRW,,제 81 기 3분기,58327881725,,000250,삼천당제약,CFS
20251114001763,11014,2025,00128546,SCE,자본변동표,ifrs-full_Equity,자본총계,자본 [구성요소]|지배기업의 소유주에게 귀속되는 지분 [구성요소]|자본금 [구성요소],제 82 기 3분기,11728736000,,,41,KRW,,제 81 기 3분기,11728736000,,000250,삼천당제약,CFS
20251114001763,11014,2025,00128546,SCE,자본변동표,ifrs-full_Equity,자본총계,자본 [구성요소]|지배기업의 소유주에게 귀속되는 지분 [구성요소]|자본잉여금 [구성요소],제 82 기 3분기,106236292275,,,41,KRW,,제 81 기 3분기,99787752054,,000250,삼천당제약,CFS
20251114001763,11014,2025,00128546,SCE,자본변동표,ifrs-full_IncreaseDecreaseThroughChangesInOwnershipInterestsInSubsidiariesThatDoNotResultInLossOfControl,"지배력을 상실하지 않는 종속기업에 대한 소유지분의 변동에 따른 증가(감소), 자본",연결재무제표 [member],제 82 기 3분기,0,,,42,KRW,,제 81 기 3분기,0,,000250,삼천당제약,CFS
20251114001763,11014,2025,00128546,SCE,자본변동표,ifrs-full_IncreaseDecreaseThroughChangesInOwnershipInterestsInSubsidiariesThatDoNotResultInLossOfControl,"지배력을 상실하지 않는 종속기업에 대한 소유지분의 변동에 따른 증가(감소), 자본",자본 [구성요소]|비지배지분 [구성요소],제 82 기 3분기,0,,,42,KRW,,제 81 기 3분기,0,,000250,삼천당제약,CFS
20251114001763,11014,2025,00128546,SCE,자본변동표,ifrs-full_IncreaseDecreaseThroughChangesInOwnershipInterestsInSubsidiariesThatDoNotResultInLossOfControl,"지배력을 상실하지 않는 종속기업에 대한 소유지분의 변동에 따른 증가(감소), 자본",자본 [구성요소]|지배기업의 소유주에게 귀속되는 지분 [구성요소],제 82 기 3분기,0,,,42,KRW,,제 81 기 3분기,0,,000250,삼천당제약,CFS
20251114001763,11014,2025,00128546,SCE,자본변동표,ifrs-full_IncreaseDecreaseThroughChangesInOwnershipInterestsInSubsidiariesThatDoNotResultInLossOfControl,"지배력을 상실하지 않는 종속기업에 대한 소유지분의 변동에 따른 증가(감소), 자본",자본 [구성요소]|지배기업의 소유주에게 귀속되는 지분 [구성요소]|기타포괄손익누계액 [구성요소],제 82 기 3분기,0,,,42,KRW,,제 81 기 3분기,0,,000250,삼천당제약,CFS
20251114001763,11014,2025,00128546,SCE,자본변동표,ifrs-full_IncreaseDecreaseThroughChangesInOwnershipInterestsInSubsidiariesThatDoNotResultInLossOfControl,"지배력을 상실하지 않는 종속기업에 대한 소유지분의 변동에 따른 증가(감소), 자본",자본 [구성요소]|지배기업의 소유주에게 귀속되는 지분 [구성요소]|이익잉여금 [구성요소],제 82 기 3분기,0,,,42,KRW,,제 81 기 3분기,0,,000250,삼천당제약,CFS
20251114001763,11014,2025,00128546,SCE,자본변동표,ifrs-full_IncreaseDecreaseThroughChangesInOwnershipInterestsInSubsidiariesThatDoNotResultInLossOfControl,"지배력을 상실하지 않는 종속기업에 대한 소유지분의 변동에 따른 증가(감소), 자본",자본 [구성요소]|지배기업의 소유주에게 귀속되는 지분 [구성요소]|자기주식,제 82 기 3분기,0,,,42,KRW,,제 81 기 3분기,0,,000250,삼천당제약,CFS
20251114001763,11014,2025,00128546,SCE,자본변동표,ifrs-full_IncreaseDecreaseThroughChangesInOwnershipInterestsInSubsidiariesThatDoNotResultInLossOfControl,"지배력을 상실하지 않는 종속기업에 대한 소유지분의 변동에 따른 증가(감소), 자본",자본 [구성요소]|지배기업의 소유주에게 귀속되는 지분 [구성요소]|자기주식처분이익,제 82 기 3분기,0,,,42,KRW,,제 81 기 3분기,0,,000250,삼천당제약,CFS
20251114001763,11014,2025,00128546,SCE,자본변동표,ifrs-full_IncreaseDecreaseThroughChangesInOwnershipInterestsInSubsidiariesThatDoNotResultInLossOfControl,"지배력을 상실하지 않는 종속기업에 대한 소유지분의 변동에 따른 증가(감소), 자본",자본 [구성요소]|지배기업의 소유주에게 귀속되는 지분 [구성요소]|자본금 [구성요소],제 82 기 3분기,0,,,42,KRW,,제 81 기 3분기,0,,000250,삼천당제약,CFS
20251114001763,11014,2025,00128546,SCE,자본변동표,ifrs-full_IncreaseDecreaseThroughChangesInOwnershipInterestsInSubsidiariesThatDoNotResultInLossOfControl,"지배력을 상실하지 않는 종속기업에 대한 소유지분의 변동에 따른 증가(감소), 자본",자본 [구성요소]|지배기업의 소유주에게 귀속되는 지분 [구성요소]|자본잉여금 [구성요소],제 82 기 3분기,0,,,42,KRW,,제 81 기 3분기,0,,000250,삼천당제약,CFS
20251114001763,11014,2025,00128546,SCE,자본변동표,ifrs-full_IncreaseDecreaseThroughSharebasedPaymentTransactions,"주식기준보상거래에 따른 증가(감소), 지분",연결재무제표 [member],제 82 기 3분기,0,,,43,KRW,,제 81 기 3분기,0,,000250,삼천당제약,CFS
20251114001763,11014,2025,00128546,SCE,자본변동표,ifrs-full_IncreaseDecreaseThroughSharebasedPaymentTransactions,"주식기준보상거래에 따른 증가(감소), 지분",자본 [구성요소]|비지배지분 [구성요소],제 82 기 3분기,0,,,43,KRW,,제 81 기 3분기,0,,000250,삼천당제약,CFS
20251114001763,11014,2025,00128546,SCE,자본변동표,ifrs-full_IncreaseDecreaseThroughSharebasedPaymentTransactions,"주식기준보상거래에 따른 증가(감소), 지분",자본 [구성요소]|지배기업의 소유주에게 귀속되는 지분 [구성요소],제 82 기 3분기,0,,,43,KRW,,제 81 기 3분기,0,,000250,삼천당제약,CFS
20251114001763,11014,2025,00128546,SCE,자본변동표,ifrs-full_IncreaseDecreaseThroughSharebasedPaymentTransactions,"주식기준보상거래에 따른 증가(감소), 지분",자본 [구성요소]|지배기업의 소유주에게 귀속되는 지분 [구성요소]|기타포괄손익누계액 [구성요소],제 82 기 3분기,0,,,43,KRW,,제 81 기 3분기,0,,000250,삼천당제약,CFS
20251114001763,11014,2025,00128546,SCE,자본변동표,ifrs-full_IncreaseDecreaseThroughSharebasedPaymentTransactions,"주식기준보상거래에 따른 증가(감소), 지분",자본 [구성요소]|지배기업의 소유주에게 귀속되는 지분 [구성요소]|이익잉여금 [구성요소],제 82 기 3분기,0,,,43,KRW,,제 81 기 3분기,0,,000250,삼천당제약,CFS
20251114001763,11014,2025,00128546,SCE,자본변동표,ifrs-full_IncreaseDecreaseThroughSharebasedPaymentTransactions,"주식기준보상거래에 따른 증가(감소), 지분",자본 [구성요소]|지배기업의 소유주에게 귀속되는 지분 [구성요소]|자기주식,제 82 기 3분기,0,,,43,KRW,,제 81 기 3분기,0,,000250,삼천당제약,CFS
20251114001763,11014,2025,00128546,SCE,자본변동표,ifrs-full_IncreaseDecreaseThroughSharebasedPaymentTransactions,"주식기준보상거래에 따른 증가(감소), 지분",자본 [구성요소]|지배기업의 소유주에게 귀속되는 지분 [구성요소]|자기주식처분이익,제 82 기 3분기,0,,,43,KRW,,제 81 기 3분기,0,,000250,삼천당제약,CFS
20251114001763,11014,2025,00128546,SCE,자본변동표,ifrs-full_IncreaseDecreaseThroughSharebasedPaymentTransactions,"주식기준보상거래에 따른 증가(감소), 지분",자본 [구성요소]|지배기업의 소유주에게 귀속되는 지분 [구성요소]|자본금 [구성요소],제 82 기 3분기,0,,,43,KRW,,제 81 기 3분기,0,,000250,삼천당제약,CFS
20251114001763,11014,2025,00128546,SCE,자본변동표,ifrs-full_IncreaseDecreaseThroughSharebasedPaymentTransactions,"주식기준보상거래에 따른 증가(감소), 지분",자본 [구성요소]|지배기업의 소유주에게 귀속되는 지분 [구성요소]|자본잉여금 [구성요소],제 82 기 3분기,0,,,43,KRW,,제 81 기 3분기,0,,000250,삼천당제약,CFS
20251114001763,11014,2025,00128546,SCE,자본변동표,ifrs-full_IncreaseDecreaseThroughTransfersAndOtherChangesEquity,"기타변동에 따른 증가(감소), 자본",연결재무제표 [member],제 82 기 3분기,0,,,44,KRW,,제 81 기 3분기,0,,000250,삼천당제약,CFS
20251114001763,11014,2025,00128546,SCE,자본변동표,ifrs-full_IncreaseDecreaseThroughTransfersAndOtherChangesEquity,"기타변동에 따른 증가(감소), 자본",자본 [구성요소]|비지배지분 [구성요소],제 82 기 3분기,0,,,44,KRW,,제 81 기 3분기,0,,000250,삼천당제약,CFS
20251114001763,11014,2025,00128546,SCE,자본변동표,ifrs-full_IncreaseDecreaseThroughTransfersAndOtherChangesEquity,"기타변동에 따른 증가(감소), 자본",자본 [구성요소]|지배기업의 소유주에게 귀속되는 지분 [구성요소],제 82 기 3분기,0,,,44,KRW,,제 81 기 3분기,0,,000250,삼천당제약,CFS
20251114001763,11014,2025,00128546,SCE,자본변동표,ifrs-full_IncreaseDecreaseThroughTransfersAndOtherChangesEquity,"기타변동에 따른 증가(감소), 자본",자본 [구성요소]|지배기업의 소유주에게 귀속되는 지분 [구성요소]|기타포괄손익누계액 [구성요소],제 82 기 3분기,0,,,44,KRW,,제 81 기 3분기,0,,000250,삼천당제약,CFS
20251114001763,11014,2025,00128546,SCE,자본변동표,ifrs-full_IncreaseDecreaseThroughTransfersAndOtherChangesEquity,"기타변동에 따른 증가(감소), 자본",자본 [구성요소]|지배기업의 소유주에게 귀속되는 지분 [구성요소]|이익잉여금 [구성요소],제 82 기 3분기,0,,,44,KRW,,제 81 기 3분기,0,,000250,삼천당제약,CFS
20251114001763,11014,2025,00128546,SCE,자본변동표,ifrs-full_IncreaseDecreaseThroughTransfersAndOtherChangesEquity,"기타변동에 따른 증가(감소), 자본",자본 [구성요소]|지배기업의 소유주에게 귀속되는 지분 [구성요소]|자기주식,제 82 기 3분기,0,,,44,KRW,,제 81 기 3분기,0,,000250,삼천당제약,CFS
20251114001763,11014,2025,00128546,SCE,자본변동표,ifrs-full_IncreaseDecreaseThroughTransfersAndOtherChangesEquity,"기타변동에 따른 증가(감소), 자본",자본 [구성요소]|지배기업의 소유주에게 귀속되는 지분 [구성요소]|자기주식처분이익,제 82 기 3분기,0,,,44,KRW,,제 81 기 3분기,0,,000250,삼천당제약,CFS
20251114001763,11014,2025,00128546,SCE,자본변동표,ifrs-full_IncreaseDecreaseThroughTransfersAndOtherChangesEquity,"기타변동에 따른 증가(감소), 자본",자본 [구성요소]|지배기업의 소유주에게 귀속되는 지분 [구성요소]|자본금 [구성요소],제 82 기 3분기,0,,,44,KRW,,제 81 기 3분기,0,,000250,삼천당제약,CFS
20251114001763,11014,2025,00128546,SCE,자본변동표,ifrs-full_IncreaseDecreaseThroughTransfersAndOtherChangesEquity,"기타변동에 따른 증가(감소), 자본",자본 [구성요소]|지배기업의 소유주에게 귀속되는 지분 [구성요소]|자본잉여금 [구성요소],제 82 기 3분기,0,,,44,KRW,,제 81 기 3분기,0,,000250,삼천당제약,CFS
20251114001763,11014,2025,00128546,SCE,자본변동표,ifrs-full_IssueOfEquity,지분의 발행,연결재무제표 [member],제 82 기 3분기,0,,,45,KRW,,제 81 기 3분기,0,,000250,삼천당제약,CFS
20251114001763,11014,2025,00128546,SCE,자본변동표,ifrs-full_IssueOfEquity,지분의 발행,자본 [구성요소]|비지배지분 [구성요소],제 82 기 3분기,0,,,45,KRW,,제 81 기 3분기,0,,000250,삼천당제약,CFS
20251114001763,11014,2025,00128546,SCE,자본변동표,ifrs-full_IssueOfEquity,지분의 발행,자본 [구성요소]|지배기업의 소유주에게 귀속되는 지분 [구성요소],제 82 기 3분기,0,,,45,KRW,,제 81 기 3분기,0,,000250,삼천당제약,CFS
20251114001763,11014,2025,00128546,SCE,자본변동표,ifrs-full_IssueOfEquity,지분의 발행,자본 [구성요소]|지배기업의 소유주에게 귀속되는 지분 [구성요소]|기타포괄손익누계액 [구성요소],제 82 기 3분기,0,,,45,KRW,,제 81 기 3분기,0,,000250,삼천당제약,CFS
20251114001763,11014,2025,00128546,SCE,자본변동표,ifrs-full_IssueOfEquity,지분의 발행,자본 [구성요소]|지배기업의 소유주에게 귀속되는 지분 [구성요소]|이익잉여금 [구성요소],제 82 기 3분기,0,,,45,KRW,,제 81 기 3분기,0,,000250,삼천당제약,CFS
20251114001763,11014,2025,00128546,SCE,자본변동표,ifrs-full_IssueOfEquity,지분의 발행,자본 [구성요소]|지배기업의 소유주에게 귀속되는 지분 [구성요소]|자기주식,제 82 기 3분기,0,,,45,KRW,,제 81 기 3분기,0,,000250,삼천당제약,CFS
20251114001763,11014,2025,00128546,SCE,자본변동표,ifrs-full_IssueOfEquity,지분의 발행,자본 [구성요소]|지배기업의 소유주에게 귀속되는 지분 [구성요소]|자기주식처분이익,제 82 기 3분기,0,,,45,KRW,,제 81 기 3분기,0,,000250,삼천당제약,CFS
20251114001763,11014,2025,00128546,SCE,자본변동표,ifrs-full_IssueOfEquity,지분의 발행,자본 [구성요소]|지배기업의 소유주에게 귀속되는 지분 [구성요소]|자본금 [구성요소],제 82 기 3분기,0,,,45,KRW,,제 81 기 3분기,0,,000250,삼천당제약,CFS
20251114001763,11014,2025,00128546,SCE,자본변동표,ifrs-full_IssueOfEquity,지분의 발행,자본 [구성요소]|지배기업의 소유주에게 귀속되는 지분 [구성요소]|자본잉여금 [구성요소],제 82 기 3분기,0,,,45,KRW,,제 81 기 3분기,0,,000250,삼천당제약,CFS
20251114001763,11014,2025,00128546,SCE,자본변동표,ifrs-full_ProfitLoss,당기순이익(손실),연결재무제표 [member],제 82 기 3분기,4461354221,,,46,KRW,,제 81 기 3분기,-284863925,,000250,삼천당제약,CFS
20251114001763,11014,2025,00128546,SCE,자본변동표,ifrs-full_ProfitLoss,당기순이익(손실),자본 [구성요소]|비지배지분 [구성요소],제 82 기 3분기,4406847989,,,46,KRW,,제 81 기 3분기,3661042531,,000250,삼천당제약,CFS
20251114001763,11014,2025,00128546,SCE,자본변동표,ifrs-full_ProfitLoss,당기순이익(손실),자본 [구성요소]|지배기업의 소유주에게 귀속되는 지분 [구성요소],제 82 기 3분기,-285015732,,,46,KRW,,제 81 기 3분기,202561263,,000250,삼천당제약,CFS
20251114001763,11014,2025,00128546,SCE,자본변동표,ifrs-full_ProfitLoss,당기순이익(손실),자본 [구성요소]|지배기업의 소유주에게 귀속되는 지분 [구성요소]|기타포괄손익누계액 [구성요소],제 82 기 3분기,0,,,46,KRW,,제 81 기 3분기,0,,000250,삼천당제약,CFS
20251114001763,11014,2025,00128546,SCE,자본변동표,ifrs-full_ProfitLoss,당기순이익(손실),자본 [구성요소]|지배기업의 소유주에게 귀속되는 지분 [구성요소]|이익잉여금 [구성요소],제 82 기 3분기,-285015732,,,46,KRW,,제 81 기 3분기,202561263,,000250,삼천당제약,CFS
20251114001763,11014,2025,00128546,SCE,자본변동표,ifrs-full_ProfitLoss,당기순이익(손실),자본 [구성요소]|지배기업의 소유주에게 귀속되는 지분 [구성요소]|자기주식,제 82 기 3분기,0,,,46,KRW,,제 81 기 3분기,0,,000250,삼천당제약,CFS
20251114001763,11014,2025,00128546,SCE,자본변동표,ifrs-full_ProfitLoss,당기순이익(손실),자본 [구성요소]|지배기업의 소유주에게 귀속되는 지분 [구성요소]|자기주식처분이익,제 82 기 3분기,0,,,46,KRW,,제 81 기 3분기,0,,000250,삼천당제약,CFS
20251114001763,11014,2025,00128546,SCE,자본변동표,ifrs-full_ProfitLoss,당기순이익(손실),자본 [구성요소]|지배기업의 소유주에게 귀속되는 지분 [구성요소]|자본금 [구성요소],제 82 기 3분기,0,,,46,KRW,,제 81 기 3분기,0,,000250,삼천당제약,CFS
20251114001763,11014,2025,00128546,SCE,자본변동표,ifrs-full_ProfitLoss,당기순이익(손실),자본 [구성요소]|지배기업의 소유주에게 귀속되는 지분 [구성요소]|자본잉여금 [구성요소],제 82 기 3분기,0,,,46,KRW,,제 81 기 3분기,0,,000250,삼천당제약,CFS
