rcept_no,reprt_code,bsns_year,corp_code,sj_div,sj_nm,account_id,account_nm,account_detail,thstrm_nm,thstrm_amount,frmtrm_nm,frmtrm_amount,bfefrmtrm_nm,bfefrmtrm_amount,ord,currency,thstrm_add_amount,ticker,corp_name,fs_div
20260602000573,11011,2025,00128546,BS,재무상태표,ifrs-full_Assets,자산총계,-,제 82 기,561231384431,제 81 기,519772210839,제 80 기,408021822012,7,KRW,,000250,삼천당제약,CFS
20260602000573,11011,2025,00128546,BS,재무상태표,ifrs-full_CurrentAssets,유동자산,-,제 82 기,241758626803,제 81 기,242532347978,제 80 기,163905937639,8,KRW,,000250,삼천당제약,CFS
20260602000573,11011,2025,00128546,BS,재무상태표,ifrs-full_CashAndCashEquivalents,현금및현금성자산,-,제 82 기,95943976392,제 81 기,105584562702,제 80 기,40427235975,9,KRW,,000250,삼천당제약,CFS
20260602000573,11011,2025,00128546,BS,재무상태표,ifrs-full_CurrentFinancialAssetsAtFairValueThroughProfitOrLossMandatorilyMeasuredAtFairValue,"유동 당기손익인식금융자산, 의무적으로 측정된 공정가치",-,제 82 기,20294495997,제 81 기,524461990,제 80 기,11310540990,10,KRW,,000250,삼천당제약,CFS
20260602000573,11011,2025,00128546,BS,재무상태표,ifrs-full_CurrentFinancialAssetsMeasuredAtFairValueThroughOtherComprehensiveIncome,기타포괄손익-공정가치 측정 유동금융자산,-,제 82 기,4795440599,제 81 기,502409705,제 80 기,0,11,KRW,,000250,삼천당제약,CFS
20260602000573,11011,2025,00128546,BS,재무상태표,ifrs-full_Inventories,유동재고자산,-,제 82 기,52612528705,제 81 기,38190977608,제 80 기,35262548841,12,KRW,,000250,삼천당제약,CFS
20260602000573,11011,2025,00128546,BS,재무상태표,ifrs-full_OtherCurrentAssets,기타유동자산,-,제 82 기,4572277693,제 81 기,1412550801,제 80 기,1442051975,13,KRW,,000250,삼천당제약,CFS
20260602000573,11011,2025,00128546,BS,재무상태표,ifrs-full_OtherCurrentFinancialAssets,기타유동금융자산,-,제 82 기,8238933000,제 81 기,38178722632,제 80 기,41047388000,14,KRW,,000250,삼천당제약,CFS
20260602000573,11011,2025,00128546,BS,재무상태표,ifrs-full_TradeAndOtherCurrentReceivables,매출채권 및 기타유동채권,-,제 82 기,55300974417,제 81 기,58138662540,제 80 기,34416171858,15,KRW,,000250,삼천당제약,CFS
20260602000573,11011,2025,00128546,BS,재무상태표,ifrs-full_NoncurrentAssets,비유동자산,-,제 82 기,319472757628,제 81 기,277239862861,제 80 기,244115884373,16,KRW,,000250,삼천당제약,CFS
20260602000573,11011,2025,00128546,BS,재무상태표,dart_LongTermTradeAndOtherNonCurrentReceivablesGross,장기매출채권 및 기타비유동채권,-,제 82 기,2651692641,제 81 기,1735372859,제 80 기,1726369611,17,KRW,,000250,삼천당제약,CFS
20260602000573,11011,2025,00128546,BS,재무상태표,-표준계정코드 미사용-,무형자산,-,제 82 기,129756399023,제 81 기,122186393648,제 80 기,96300604312,18,KRW,,000250,삼천당제약,CFS
20260602000573,11011,2025,00128546,BS,재무상태표,ifrs-full_DeferredTaxAssets,이연법인세자산,-,제 82 기,8314548389,제 81 기,8677135452,제 80 기,16601690215,19,KRW,,000250,삼천당제약,CFS
20260602000573,11011,2025,00128546,BS,재무상태표,ifrs-full_InvestmentProperty,투자부동산,-,제 82 기,749121799,제 81 기,757315476,제 80 기,765509153,20,KRW,,000250,삼천당제약,CFS
20260602000573,11011,2025,00128546,BS,재무상태표,ifrs-full_NoncurrentFinancialAssetsAtFairValueThroughProfitOrLossMandatorilyMeasuredAtFairValue,"비유동 당기손익인식금융자산, 의무적으로 측정된 공정가치",-,제 82 기,8480757143,제 81 기,19116227329,제 80 기,20256157834,21,KRW,,000250,삼천당제약,CFS
20260602000573,11011,2025,00128546,BS,재무상태표,ifrs-full_NoncurrentFinancialAssetsMeasuredAtFairValueThroughOtherComprehensiveIncome,기타포괄손익-공정가치 측정 비유동금융자산,-,제 82 기,6506779424,제 81 기,11324168223,제 80 기,12638790311,22,KRW,,000250,삼천당제약,CFS
20260602000573,11011,2025,00128546,BS,재무상태표,ifrs-full_OtherNoncurrentAssets,기타비유동자산,-,제 82 기,14129918055,제 81 기,5942050575,제 80 기,1090739085,23,KRW,,000250,삼천당제약,CFS
20260602000573,11011,2025,00128546,BS,재무상태표,ifrs-full_OtherNoncurrentFinancialAssets,기타비유동금융자산,-,제 82 기,5789901839,제 81 기,3906120866,제 80 기,4727178352,24,KRW,,000250,삼천당제약,CFS
20260602000573,11011,2025,00128546,BS,재무상태표,ifrs-full_PropertyPlantAndEquipment,유형자산,-,제 82 기,143093639315,제 81 기,103595078433,제 80 기,90008845500,25,KRW,,000250,삼천당제약,CFS
20260602000573,11011,2025,00128546,BS,재무상태표,ifrs-full_Equity,자본총계,-,제 82 기,363593225648,제 81 기,349404158895,제 80 기,298460071937,27,KRW,,000250,삼천당제약,CFS
20260602000573,11011,2025,00128546,BS,재무상태표,ifrs-full_EquityAttributableToOwnersOfParent,지배기업의 소유주에게 귀속되는 자본,-,제 82 기,276019546060,제 81 기,266105335241,제 80 기,220498640040,28,KRW,,000250,삼천당제약,CFS
20260602000573,11011,2025,00128546,BS,재무상태표,dart_CapitalSurplus,기타자본잉여금,-,제 82 기,109149379187,제 81 기,99846182650,제 80 기,99640242567,29,KRW,,000250,삼천당제약,CFS
20260602000573,11011,2025,00128546,BS,재무상태표,dart_GainsSaleTreasuryStock,자기주식처분이익,-,제 82 기,58390217941,제 81 기,58327881725,제 80 기,3213125198,30,KRW,,000250,삼천당제약,CFS
20260602000573,11011,2025,00128546,BS,재무상태표,dart_OtherComprehensiveIncomeLossAccumulatedAmount,기타포괄손익누계액,-,제 82 기,1352700281,제 81 기,1318620484,제 80 기,1889448465,31,KRW,,000250,삼천당제약,CFS
20260602000573,11011,2025,00128546,BS,재무상태표,ifrs-full_IssuedCapital,자본금,-,제 82 기,11728736000,제 81 기,11728736000,제 80 기,11728736000,32,KRW,,000250,삼천당제약,CFS
20260602000573,11011,2025,00128546,BS,재무상태표,ifrs-full_RetainedEarnings,이익잉여금(결손금),-,제 82 기,95965452740,제 81 기,95452007700,제 80 기,106015414420,33,KRW,,000250,삼천당제약,CFS
20260602000573,11011,2025,00128546,BS,재무상태표,ifrs-full_TreasuryShares,자기주식,-,제 82 기,566940089,제 81 기,568093318,제 80 기,1988326610,34,KRW,,000250,삼천당제약,CFS
20260602000573,11011,2025,00128546,BS,재무상태표,ifrs-full_NoncontrollingInterests,비지배지분,-,제 82 기,87573679588,제 81 기,83298823654,제 80 기,77961431897,35,KRW,,000250,삼천당제약,CFS
20260602000573,11011,2025,00128546,BS,재무상태표,ifrs-full_EquityAndLiabilities,자본과부채총계,-,제 82 기,561231384431,제 81 기,519772210839,제 80 기,408021822012,36,KRW,,000250,삼천당제약,CFS
20260602000573,11011,2025,00128546,BS,재무상태표,ifrs-full_CurrentLiabilities,유동부채,-,제 82 기,106571860871,제 81 기,93420519276,제 80 기,57957199035,38,KRW,,000250,삼천당제약,CFS
20260602000573,11011,2025,00128546,BS,재무상태표,dart_CurrentDerivativeLiabilities,유동파생상품부채,-,제 82 기,0,제 81 기,0,제 80 기,0,39,KRW,,000250,삼천당제약,CFS
20260602000573,11011,2025,00128546,BS,재무상태표,ifrs-full_CurrentLeaseLiabilities,유동 리스부채,-,제 82 기,1623944360,제 81 기,1535796924,제 80 기,1470023750,40,KRW,,000250,삼천당제약,CFS
20260602000573,11011,2025,00128546,BS,재무상태표,ifrs-full_CurrentPortionOfLongtermBorrowings,비유동차입금의 유동성 대체 부분,-,제 82 기,33000000000,제 81 기,16000000000,제 80 기,20000000000,41,KRW,,000250,삼천당제약,CFS
20260602000573,11011,2025,00128546,BS,재무상태표,ifrs-full_CurrentRefundsProvision,유동반품충당부채,-,제 82 기,2146578504,제 81 기,2118852519,제 80 기,1911486707,42,KRW,,000250,삼천당제약,CFS
20260602000573,11011,2025,00128546,BS,재무상태표,ifrs-full_CurrentTaxLiabilities,당기법인세부채,-,제 82 기,1428388067,제 81 기,21225956708,제 80 기,1298008394,43,KRW,,000250,삼천당제약,CFS
20260602000573,11011,2025,00128546,BS,재무상태표,ifrs-full_ShorttermBorrowings,유동 차입금,-,제 82 기,11784077259,제 81 기,12290078744,제 80 기,12225990010,44,KRW,,000250,삼천당제약,CFS
20260602000573,11011,2025,00128546,BS,재무상태표,ifrs-full_TradeAndOtherCurrentPayables,매입채무 및 기타유동채무,-,제 82 기,56588872681,제 81 기,40249834381,제 80 기,21051690174,45,KRW,,000250,삼천당제약,CFS
20260602000573,11011,2025,00128546,BS,재무상태표,ifrs-full_Liabilities,부채총계,-,제 82 기,197638158783,제 81 기,170368051944,제 80 기,109561750075,46,KRW,,000250,삼천당제약,CFS
20260602000573,11011,2025,00128546,BS,재무상태표,ifrs-full_NoncurrentLiabilities,비유동부채,-,제 82 기,91066297912,제 81 기,76947532668,제 80 기,51604551040,47,KRW,,000250,삼천당제약,CFS
20260602000573,11011,2025,00128546,BS,재무상태표,dart_BondsIssuedNominalValue,사채,-,제 82 기,21032110176,제 81 기,0,제 80 기,0,48,KRW,,000250,삼천당제약,CFS
20260602000573,11011,2025,00128546,BS,재무상태표,dart_LongTermBorrowingsGross,장기차입금,-,제 82 기,0,제 81 기,17000000000,제 80 기,16000000000,49,KRW,,000250,삼천당제약,CFS
20260602000573,11011,2025,00128546,BS,재무상태표,dart_PresentValueOfDefinedBenefitObligation,확정급여채무의현재가치,-,제 82 기,7607202498,제 81 기,11398079160,제 80 기,12315039689,50,KRW,,000250,삼천당제약,CFS
20260602000573,11011,2025,00128546,BS,재무상태표,ifrs-full_LongtermProvisionForDecommissioningRestorationAndRehabilitationCosts,"비유동 사후처리, 복구, 정화 비용을 위한 충당부채",-,제 82 기,164987511,제 81 기,158810982,제 80 기,152902441,51,KRW,,000250,삼천당제약,CFS
20260602000573,11011,2025,00128546,BS,재무상태표,ifrs-full_NoncurrentLeaseLiabilities,비유동 리스부채,-,제 82 기,2391305229,제 81 기,3115423421,제 80 기,3928919386,52,KRW,,000250,삼천당제약,CFS
20260602000573,11011,2025,00128546,BS,재무상태표,ifrs-full_NoncurrentProvisionsForEmployeeBenefits,비유동종업원급여충당부채,-,제 82 기,483139955,제 81 기,655272312,제 80 기,0,53,KRW,,000250,삼천당제약,CFS
20260602000573,11011,2025,00128546,BS,재무상태표,ifrs-full_OtherNoncurrentLiabilities,기타 비유동 부채,-,제 82 기,59387552543,제 81 기,44619946793,제 80 기,19207689524,54,KRW,,000250,삼천당제약,CFS
20260602000573,11011,2025,00128546,CIS,포괄손익계산서,dart_OperatingIncomeLoss,영업이익(손실),-,제 82 기,8466512950,제 81 기,2641971274,제 80 기,9559814333,6,KRW,,000250,삼천당제약,CFS
20260602000573,11011,2025,00128546,CIS,포괄손익계산서,dart_OtherGains,기타이익,-,제 82 기,10254168822,제 81 기,6102609902,제 80 기,6490134785,7,KRW,,000250,삼천당제약,CFS
20260602000573,11011,2025,00128546,CIS,포괄손익계산서,dart_OtherLosses,기타손실,-,제 82 기,8940483909,제 81 기,2994950898,제 80 기,20532236106,8,KRW,,000250,삼천당제약,CFS
20260602000573,11011,2025,00128546,CIS,포괄손익계산서,dart_TotalSellingGeneralAdministrativeExpenses,판매비와관리비,-,제 82 기,100909423459,제 81 기,97020457393,제 80 기,87406479105,9,KRW,,000250,삼천당제약,CFS
20260602000573,11011,2025,00128546,CIS,포괄손익계산서,ifrs-full_ComprehensiveIncome,총포괄손익,-,제 82 기,12155525062,제 81 기,-5428018403,제 80 기,-5632435852,10,KRW,,000250,삼천당제약,CFS
20260602000573,11011,2025,00128546,CIS,포괄손익계산서,ifrs-full_ComprehensiveIncomeAttributableToNoncontrollingInterests,"포괄손익, 비지배지분",-,제 82 기,6956505825,제 81 기,5706216298,제 80 기,6292667919,12,KRW,,000250,삼천당제약,CFS
20260602000573,11011,2025,00128546,CIS,포괄손익계산서,ifrs-full_ComprehensiveIncomeAttributableToOwnersOfParent,"포괄손익, 지배기업의 소유주에게 귀속되는 지분",-,제 82 기,5199019237,제 81 기,-11134234701,제 80 기,-11925103771,13,KRW,,000250,삼천당제약,CFS
20260602000573,11011,2025,00128546,CIS,포괄손익계산서,ifrs-full_CostOfSales,매출원가,-,제 82 기,122429341329,제 81 기,111261375855,제 80 기,95702222190,14,KRW,,000250,삼천당제약,CFS
20260602000573,11011,2025,00128546,CIS,포괄손익계산서,ifrs-full_BasicEarningsLossPerShare,기본주당이익(손실),-,제 82 기,226,제 81 기,-474,제 80 기,-463,16,KRW,,000250,삼천당제약,CFS
20260602000573,11011,2025,00128546,CIS,포괄손익계산서,ifrs-full_DilutedEarningsLossPerShare,희석주당이익(손실),-,제 82 기,226,제 81 기,-474,제 80 기,159,17,KRW,,000250,삼천당제약,CFS
20260602000573,11011,2025,00128546,CIS,포괄손익계산서,ifrs-full_FinanceCosts,금융원가,-,제 82 기,1441337041,제 81 기,616330909,제 80 기,2875846454,18,KRW,,000250,삼천당제약,CFS
20260602000573,11011,2025,00128546,CIS,포괄손익계산서,ifrs-full_FinanceIncome,금융수익,-,제 82 기,4178726627,제 81 기,5904371936,제 80 기,2809613671,19,KRW,,000250,삼천당제약,CFS
20260602000573,11011,2025,00128546,CIS,포괄손익계산서,ifrs-full_GrossProfit,매출총이익,-,제 82 기,109375936409,제 81 기,99662428667,제 80 기,96966293438,20,KRW,,000250,삼천당제약,CFS
20260602000573,11011,2025,00128546,CIS,포괄손익계산서,ifrs-full_IncomeTaxExpenseContinuingOperations,법인세비용(수익),-,제 82 기,487740828,제 81 기,16115718132,제 80 기,-360766223,21,KRW,,000250,삼천당제약,CFS
20260602000573,11011,2025,00128546,CIS,포괄손익계산서,ifrs-full_OtherComprehensiveIncome,기타포괄손익,-,제 82 기,125678441,제 81 기,-349971576,제 80 기,-1444682304,22,KRW,,000250,삼천당제약,CFS
20260602000573,11011,2025,00128546,CIS,포괄손익계산서,ifrs-full_OtherComprehensiveIncomeThatWillBeReclassifiedToProfitOrLossNetOfTax,당기손익으로 재분류될 수 있는 항목(세후기타포괄손익),-,제 82 기,61463960,제 81 기,548251891,제 80 기,646245134,23,KRW,,000250,삼천당제약,CFS
20260602000573,11011,2025,00128546,CIS,포괄손익계산서,ifrs-full_GainsLossesOnExchangeDifferencesOnTranslationNetOfTax,해외사업장환산외환차이(세후기타포괄손익),-,제 82 기,64307191,제 81 기,200078634,제 80 기,45279519,24,KRW,,000250,삼천당제약,CFS
20260602000573,11011,2025,00128546,CIS,포괄손익계산서,ifrs-full_GainsLossesOnFinancialAssetsMeasuredAtFairValueThroughOtherComprehensiveIncomeNetOfTax,기타포괄손익-공정가치로 측정되는 금융자산의 세후차손익,-,제 82 기,-2843231,제 81 기,348173257,제 80 기,600965615,25,KRW,,000250,삼천당제약,CFS
20260602000573,11011,2025,00128546,CIS,포괄손익계산서,ifrs-full_ReclassificationAdjustmentsOnFinancialAssetsMeasuredAtFairValueThroughOtherComprehensiveIncomeNetOfTax,기타포괄손익-공정가치로 측정되는 금융자산의 세후재분류조정,-,제 82 기,0,제 81 기,0,제 80 기,0,26,KRW,,000250,삼천당제약,CFS
20260602000573,11011,2025,00128546,CIS,포괄손익계산서,ifrs-full_OtherComprehensiveIncomeThatWillNotBeReclassifiedToProfitOrLossNetOfTax,당기손익으로 재분류되지 않는항목(세후기타포괄손익),-,제 82 기,64214481,제 81 기,-898223467,제 80 기,-2090927438,27,KRW,,000250,삼천당제약,CFS
20260602000573,11011,2025,00128546,CIS,포괄손익계산서,-표준계정코드 미사용-,기타포괄손익-공정가치로 측정되는 금융자산의 세후차손익,-,제 82 기,-20695400,제 81 기,-962844750,제 80 기,-318496150,28,KRW,,000250,삼천당제약,CFS
20260602000573,11011,2025,00128546,CIS,포괄손익계산서,ifrs-full_OtherComprehensiveIncomeNetOfTaxGainsLossesOnRemeasurementsOfDefinedBenefitPlans,확정급여제도의 재측정손익(세후기타포괄손익),-,제 82 기,84909881,제 81 기,64621283,제 80 기,-1772431288,29,KRW,,000250,삼천당제약,CFS
20260602000573,11011,2025,00128546,CIS,포괄손익계산서,ifrs-full_ProfitLoss,당기순이익(손실),-,제 82 기,12029846621,제 81 기,-5078046827,제 80 기,-4187753548,30,KRW,,000250,삼천당제약,CFS
20260602000573,11011,2025,00128546,CIS,포괄손익계산서,ifrs-full_ProfitLossAttributableToNoncontrollingInterests,비지배지분에 귀속되는 당기순이익(손실),-,제 82 기,6768023880,제 81 기,5838058139,제 80 기,6194967543,32,KRW,,000250,삼천당제약,CFS
20260602000573,11011,2025,00128546,CIS,포괄손익계산서,ifrs-full_ProfitLossAttributableToOwnersOfParent,지배기업의 소유주에게 귀속되는 당기순이익(손실),-,제 82 기,5261822741,제 81 기,-10916104966,제 80 기,-10382721091,33,KRW,,000250,삼천당제약,CFS
20260602000573,11011,2025,00128546,CIS,포괄손익계산서,ifrs-full_ProfitLossBeforeTax,법인세비용차감전순이익(손실),-,제 82 기,12517587449,제 81 기,11037671305,제 80 기,-4548519771,34,KRW,,000250,삼천당제약,CFS
20260602000573,11011,2025,00128546,CIS,포괄손익계산서,ifrs-full_Revenue,수익(매출액),-,제 82 기,231805277738,제 81 기,210923804522,제 80 기,192668515628,35,KRW,,000250,삼천당제약,CFS
20260602000573,11011,2025,00128546,CF,현금흐름표,dart_CashAndCashEquivalentsAtBeginningOfPeriodCf,기초현금및현금성자산,-,제 82 기,105584562702,제 81 기,40427235975,제 80 기,22100771530,2,KRW,,000250,삼천당제약,CFS
20260602000573,11011,2025,00128546,CF,현금흐름표,dart_CashAndCashEquivalentsAtEndOfPeriodCf,기말현금및현금성자산,-,제 82 기,95943976392,제 81 기,105584562702,제 80 기,40427235975,3,KRW,,000250,삼천당제약,CFS
20260602000573,11011,2025,00128546,CF,현금흐름표,ifrs-full_CashFlowsFromUsedInFinancingActivities,재무활동현금흐름,-,제 82 기,22779368821,제 81 기,65759144315,제 80 기,3386553071,8,KRW,,000250,삼천당제약,CFS
20260602000573,11011,2025,00128546,CF,현금흐름표,dart_AcquisitionOfTreasuryShares,자기주식의 취득으로 인한 현금의 유출,-,제 82 기,0,제 81 기,0,제 80 기,0,9,KRW,,000250,삼천당제약,CFS
20260602000573,11011,2025,00128546,CF,현금흐름표,dart_DispositionOfTreasuryShares,자기주식의 처분,-,제 82 기,90281152,제 81 기,71215115458,제 80 기,0,10,KRW,,000250,삼천당제약,CFS
20260602000573,11011,2025,00128546,CF,현금흐름표,dart_PaymentForBondIssueExpenses,사채발행비 지급,-,제 82 기,0,제 81 기,0,제 80 기,0,11,KRW,,000250,삼천당제약,CFS
20260602000573,11011,2025,00128546,CF,현금흐름표,dart_PaymentForStockIssueCost,신주발행비 지급,-,제 82 기,0,제 81 기,0,제 80 기,99466,12,KRW,,000250,삼천당제약,CFS
20260602000573,11011,2025,00128546,CF,현금흐름표,dart_PaymentsOfFinanceLeaseLiabilitiesClassifiedAsFinancingActivities,금융리스부채의 지급,-,제 82 기,1695316446,제 81 기,1588853977,제 80 기,1202786958,13,KRW,,000250,삼천당제약,CFS
20260602000573,11011,2025,00128546,CF,현금흐름표,dart_ProceedsFromExchangeableBond,교환사채의 증가,-,제 82 기,29541900000,제 81 기,0,제 80 기,0,14,KRW,,000250,삼천당제약,CFS
20260602000573,11011,2025,00128546,CF,현금흐름표,dart_ProceedsFromLongTermBorrowings,장기차입금의 증가,-,제 82 기,0,제 81 기,6958945000,제 80 기,16000000000,15,KRW,,000250,삼천당제약,CFS
20260602000573,11011,2025,00128546,CF,현금흐름표,dart_ProceedsFromShortTermBorrowings,단기차입금의 증가,-,제 82 기,8083119758,제 81 기,17550919918,제 80 기,35224400820,16,KRW,,000250,삼천당제약,CFS
20260602000573,11011,2025,00128546,CF,현금흐름표,dart_RepaymentsOfLongTermBorrowings,유동성장기차입금의 감소,-,제 82 기,0,제 81 기,10000000000,제 80 기,20000000000,17,KRW,,000250,삼천당제약,CFS
20260602000573,11011,2025,00128546,CF,현금흐름표,dart_RepaymentsOfShortTermBorrowings,단기차입금의 상환,-,제 82 기,8589121243,제 81 기,17486831184,제 80 기,25754139825,18,KRW,,000250,삼천당제약,CFS
20260602000573,11011,2025,00128546,CF,현금흐름표,ifrs-full_DividendsPaidClassifiedAsFinancingActivities,배당금지급,-,제 82 기,4651494400,제 81 기,890150900,제 80 기,880821500,19,KRW,,000250,삼천당제약,CFS
20260602000573,11011,2025,00128546,CF,현금흐름표,ifrs-full_CashFlowsFromUsedInInvestingActivities,투자활동현금흐름,-,제 82 기,-42356058487,제 81 기,-23157647503,제 80 기,-8421494008,20,KRW,,000250,삼천당제약,CFS
20260602000573,11011,2025,00128546,CF,현금흐름표,dart_DecreaseInGuaranteeDeposits,임차보증금의 감소,-,제 82 기,14646191,제 81 기,22547419,제 80 기,266789348,21,KRW,,000250,삼천당제약,CFS
20260602000573,11011,2025,00128546,CF,현금흐름표,dart_IncreaseInGuaranteeDeposits,임차보증금의 증가,-,제 82 기,967070754,제 81 기,16300000,제 80 기,234956332,22,KRW,,000250,삼천당제약,CFS
20260602000573,11011,2025,00128546,CF,현금흐름표,dart_ProceedsFromSalesOfFairValueFinancialAsset,당기손익인식금융자산의 처분,-,제 82 기,10489435463,제 81 기,15167889249,제 80 기,11505283942,23,KRW,,000250,삼천당제약,CFS
20260602000573,11011,2025,00128546,CF,현금흐름표,dart_ProceedsFromSalesOfFinancialAssetsHeldToMaturity,만기보유금융자산의 처분,-,제 82 기,0,제 81 기,71470684,제 80 기,0,24,KRW,,000250,삼천당제약,CFS
20260602000573,11011,2025,00128546,CF,현금흐름표,dart_ProceedsFromSalesOfLongTermFinancialInstruments,장기금융상품의 처분,-,제 82 기,2000000,제 81 기,0,제 80 기,500000,25,KRW,,000250,삼천당제약,CFS
20260602000573,11011,2025,00128546,CF,현금흐름표,dart_ProceedsFromSalesOfLongTermLoansAndReceivables,장기대여금및수취채권의 처분,-,제 82 기,0,제 81 기,6000000,제 80 기,76500000,26,KRW,,000250,삼천당제약,CFS
20260602000573,11011,2025,00128546,CF,현금흐름표,dart_ProceedsFromSalesOfShortTermFinancialInstruments,단기금융상품의 처분,-,제 82 기,31319648495,제 81 기,62000000000,제 80 기,50959911782,27,KRW,,000250,삼천당제약,CFS
20260602000573,11011,2025,00128546,CF,현금흐름표,dart_ProceedsFromSalesOfShortTermLoansAndReceivables,단기대여금및수취채권의 처분,-,제 82 기,2242050000,제 81 기,45353000,제 80 기,557339000,28,KRW,,000250,삼천당제약,CFS
20260602000573,11011,2025,00128546,CF,현금흐름표,dart_PurchaseOfFairValueFinancialAsset,당기손익인식금융자산의 취득,-,제 82 기,17686678169,제 81 기,0,제 80 기,0,29,KRW,,000250,삼천당제약,CFS
20260602000573,11011,2025,00128546,CF,현금흐름표,dart_PurchaseOfFinancialAssetsHeldToMaturity,만기보유금융자산의 취득,-,제 82 기,0,제 81 기,0,제 80 기,1006200000,30,KRW,,000250,삼천당제약,CFS
20260602000573,11011,2025,00128546,CF,현금흐름표,dart_PurchaseOfLongTermLoansAndReceivables,장기대여금및수취채권의 취득,-,제 82 기,0,제 81 기,2800000000,제 80 기,3250000000,31,KRW,,000250,삼천당제약,CFS
20260602000573,11011,2025,00128546,CF,현금흐름표,dart_PurchaseOfShortTermFinancialInstruments,단기금융상품의 취득,-,제 82 기,7000000000,제 81 기,56370509316,제 80 기,47000000000,32,KRW,,000250,삼천당제약,CFS
20260602000573,11011,2025,00128546,CF,현금흐름표,dart_PurchaseOfShortTermLoansAndReceivables,단기대여금및수취채권의 취득,-,제 82 기,2417990000,제 81 기,0,제 80 기,0,33,KRW,,000250,삼천당제약,CFS
20260602000573,11011,2025,00128546,CF,현금흐름표,-표준계정코드 미사용-,기타포괄손익인식금융자산(채무)의 취득,-,제 82 기,0,제 81 기,0,제 80 기,0,34,KRW,,000250,삼천당제약,CFS
20260602000573,11011,2025,00128546,CF,현금흐름표,-표준계정코드 미사용-,기타포괄손익인식금융자산(채무)의 처분,-,제 82 기,500000000,제 81 기,0,제 80 기,992975000,35,KRW,,000250,삼천당제약,CFS
20260602000573,11011,2025,00128546,CF,현금흐름표,ifrs-full_ProceedsFromSalesOfIntangibleAssetsClassifiedAsInvestingActivities,투자활동으로 분류된 무형자산의 처분,-,제 82 기,703000000,제 81 기,0,제 80 기,0,36,KRW,,000250,삼천당제약,CFS
20260602000573,11011,2025,00128546,CF,현금흐름표,ifrs-full_ProceedsFromSalesOfPropertyPlantAndEquipmentClassifiedAsInvestingActivities,유형자산의 처분,-,제 82 기,33272727,제 81 기,16818182,제 80 기,683790000,37,KRW,,000250,삼천당제약,CFS
20260602000573,11011,2025,00128546,CF,현금흐름표,ifrs-full_PurchaseOfIntangibleAssetsClassifiedAsInvestingActivities,무형자산의 취득,-,제 82 기,13442293094,제 81 기,24278511056,제 80 기,15207546152,38,KRW,,000250,삼천당제약,CFS
20260602000573,11011,2025,00128546,CF,현금흐름표,ifrs-full_PurchaseOfPropertyPlantAndEquipmentClassifiedAsInvestingActivities,유형자산의 취득,-,제 82 기,46146079346,제 81 기,17022405665,제 80 기,6765880596,39,KRW,,000250,삼천당제약,CFS
20260602000573,11011,2025,00128546,CF,현금흐름표,ifrs-full_CashFlowsFromUsedInOperatingActivities,영업활동현금흐름,-,제 82 기,9793496690,제 81 기,21770705374,제 80 기,23428068368,40,KRW,,000250,삼천당제약,CFS
20260602000573,11011,2025,00128546,CF,현금흐름표,dart_AdjustmentsForAssetsLiabilitiesOfOperatingActivities,영업활동으로 인한 자산 부채의 변동,-,제 82 기,1960687415,제 81 기,1299039148,제 80 기,726088209,41,KRW,,000250,삼천당제약,CFS
20260602000573,11011,2025,00128546,CF,현금흐름표,dart_AdjustmentsForDecreaseincreaseInFairValueOfPlanAssets,사외적립자산의공정가치의 감소(증가),-,제 82 기,-4493950489,제 81 기,-2074657750,제 80 기,-167337511,42,KRW,,000250,삼천당제약,CFS
20260602000573,11011,2025,00128546,CF,현금흐름표,dart_AdjustmentsForDecreaseincreaseInTradeAndOtherCurrentReceivables,매출채권 및 기타유동채권의 감소(증가),-,제 82 기,2864473351,제 81 기,-23530827939,제 80 기,3209201315,43,KRW,,000250,삼천당제약,CFS
20260602000573,11011,2025,00128546,CF,현금흐름표,dart_AdjustmentsForIncreaseDecreaseInOtherNonCurrentLiabilities,기타비유동부채의 증가(감소),-,제 82 기,23602414000,제 81 기,25570943121,제 80 기,11827052266,44,KRW,,000250,삼천당제약,CFS
20260602000573,11011,2025,00128546,CF,현금흐름표,dart_AdjustmentsForIncreasedecreaseInPostemploymentBenefitObligations,퇴직급여채무의 증가(감소),-,제 82 기,-3434101568,제 81 기,-2740581250,제 80 기,-2220698616,45,KRW,,000250,삼천당제약,CFS
20260602000573,11011,2025,00128546,CF,현금흐름표,-표준계정코드 미사용-,국민연금전환금의 감소(증가),-,제 82 기,1900300,제 81 기,1019870,제 80 기,2093080,46,KRW,,000250,삼천당제약,CFS
20260602000573,11011,2025,00128546,CF,현금흐름표,ifrs-full_AdjustmentsForDecreaseIncreaseInInventories,재고자산의 감소(증가),-,제 82 기,-15823630377,제 81 기,-5070881426,제 80 기,-5752720655,47,KRW,,000250,삼천당제약,CFS
20260602000573,11011,2025,00128546,CF,현금흐름표,ifrs-full_AdjustmentsForDecreaseIncreaseInOtherCurrentAssets,기타유동자산의 감소(증가) 조정,-,제 82 기,-10227859702,제 81 기,-4081398023,제 80 기,128207978,48,KRW,,000250,삼천당제약,CFS
20260602000573,11011,2025,00128546,CF,현금흐름표,ifrs-full_AdjustmentsForIncreaseDecreaseInTradeAndOtherPayables,매입채무 및 기타채무의 증가(감소),-,제 82 기,9471441900,제 81 기,13225422545,제 80 기,-6299709648,49,KRW,,000250,삼천당제약,CFS
20260602000573,11011,2025,00128546,CF,현금흐름표,ifrs-full_AdjustmentsForReconcileProfitLoss,당기순이익조정을 위한 가감,-,제 82 기,14767986637,제 81 기,23745665132,제 80 기,28535922957,50,KRW,,000250,삼천당제약,CFS
20260602000573,11011,2025,00128546,CF,현금흐름표,dart_AdjustmentsForBadDebtExpenses,대손상각비 조정,-,제 82 기,23808097,제 81 기,265625967,제 80 기,77687841,51,KRW,,000250,삼천당제약,CFS
20260602000573,11011,2025,00128546,CF,현금흐름표,dart_AdjustmentsForGainOnDispositionOfTangibleAssets,유형자산처분이익 조정,-,제 82 기,32270727,제 81 기,11713334,제 80 기,294945432,52,KRW,,000250,삼천당제약,CFS
20260602000573,11011,2025,00128546,CF,현금흐름표,dart_AdjustmentsForGainOnForeignExchangeTranslations,외화환산이익 조정,-,제 82 기,669239754,제 81 기,1297957241,제 80 기,21556445,53,KRW,,000250,삼천당제약,CFS
20260602000573,11011,2025,00128546,CF,현금흐름표,dart_AdjustmentsForGainsOnDisposalsOfFinancialAssets,당기손익인식금융자산처분이익 조정,-,제 82 기,6280864105,제 81 기,2372522217,제 80 기,1179046007,54,KRW,,000250,삼천당제약,CFS
20260602000573,11011,2025,00128546,CF,현금흐름표,dart_AdjustmentsForGainsOnDisposalsOfIntangibleAssets,무형자산처분이익 조정,-,제 82 기,436683620,제 81 기,0,제 80 기,0,55,KRW,,000250,삼천당제약,CFS
20260602000573,11011,2025,00128546,CF,현금흐름표,dart_AdjustmentsForGainsOnDisposalsOfInvestments,투자자산처분이익 조정,-,제 82 기,0,제 81 기,0,제 80 기,0,56,KRW,,000250,삼천당제약,CFS
20260602000573,11011,2025,00128546,CF,현금흐름표,dart_AdjustmentsForGainsOnEvaluationOfFairValueFinancialAssets,당기손익인식금융자산평가이익 조정,-,제 82 기,1464453420,제 81 기,2776738821,제 80 기,4357368283,57,KRW,,000250,삼천당제약,CFS
20260602000573,11011,2025,00128546,CF,현금흐름표,dart_AdjustmentsForImpairmentLossesOfIntangibleAssets,무형자산손상차손 조정,-,제 82 기,50466904,제 81 기,62276934,제 80 기,1045409932,58,KRW,,000250,삼천당제약,CFS
20260602000573,11011,2025,00128546,CF,현금흐름표,dart_AdjustmentsForLossesFromInventoryShrinkage,재고자산감모손실 조정,-,제 82 기,2358241836,제 81 기,1960751015,제 80 기,1405651657,59,KRW,,000250,삼천당제약,CFS
20260602000573,11011,2025,00128546,CF,현금흐름표,dart_AdjustmentsForLossesOnDispositionOfPropertyPlantAndEquipment,유형자산처분손실 조정,-,제 82 기,39237103,제 81 기,122650425,제 80 기,3659750,60,KRW,,000250,삼천당제약,CFS
20260602000573,11011,2025,00128546,CF,현금흐름표,dart_AdjustmentsForLossesOnEvaluationOfDerivativeFinancialLiabilities,파생금융부채평가손실,-,제 82 기,0,제 81 기,0,제 80 기,16803423769,61,KRW,,000250,삼천당제약,CFS
20260602000573,11011,2025,00128546,CF,현금흐름표,dart_AdjustmentsForLossesOnEvaluationOfFairValueFinancialAssets,당기손익인식금융자산평가손실 조정,-,제 82 기,4309156604,제 81 기,1907381294,제 80 기,2066424272,62,KRW,,000250,삼천당제약,CFS
20260602000573,11011,2025,00128546,CF,현금흐름표,dart_AdjustmentsForLossesOnForeignExchangeTranslations,외화환산손실 조정,-,제 82 기,461368474,제 81 기,233792549,제 80 기,298780853,63,KRW,,000250,삼천당제약,CFS
20260602000573,11011,2025,00128546,CF,현금흐름표,dart_AdjustmentsForOtherBadDebtExpenses,기타의 대손상각비 조정,-,제 82 기,141312411,제 81 기,78754720,제 80 기,0,64,KRW,,000250,삼천당제약,CFS
20260602000573,11011,2025,00128546,CF,현금흐름표,dart_AdjustmentsForProvisionForSeveranceIndemnities,퇴직급여 조정,-,제 82 기,4244133916,제 81 기,3978954283,제 80 기,3351125154,65,KRW,,000250,삼천당제약,CFS
20260602000573,11011,2025,00128546,CF,현금흐름표,dart_AdjustmentsForShareBasedPayment,주식보상비용(환입) 조정,-,제 82 기,-503281259,제 81 기,519159189,제 80 기,81405113,66,KRW,,000250,삼천당제약,CFS
20260602000573,11011,2025,00128546,CF,현금흐름표,dart_AdjustmentsForWritedownsOfInventories,재고자산평가손실 조정,-,제 82 기,671189634,제 81 기,206202599,제 80 기,997103687,67,KRW,,000250,삼천당제약,CFS
20260602000573,11011,2025,00128546,CF,현금흐름표,dart_Commissions,지급수수료,-,제 82 기,-114924,제 81 기,0,제 80 기,0,68,KRW,,000250,삼천당제약,CFS
20260602000573,11011,2025,00128546,CF,현금흐름표,-표준계정코드 미사용-,사채할인상각비에 대한 조정,-,제 82 기,0,제 81 기,0,제 80 기,0,69,KRW,,000250,삼천당제약,CFS
20260602000573,11011,2025,00128546,CF,현금흐름표,-표준계정코드 미사용-,배당금수익에 대한 조정,-,제 82 기,-70872379,제 81 기,-117127976,제 80 기,-106425153,70,KRW,,000250,삼천당제약,CFS
20260602000573,11011,2025,00128546,CF,현금흐름표,-표준계정코드 미사용-,복리후생비 조정,-,제 82 기,-8203010,제 81 기,70477133,제 80 기,490726440,71,KRW,,000250,삼천당제약,CFS
20260602000573,11011,2025,00128546,CF,현금흐름표,-표준계정코드 미사용-,금융수익에 대한 조정,-,제 82 기,-3509486873,제 81 기,-4606414695,제 80 기,-2788057226,72,KRW,,000250,삼천당제약,CFS
20260602000573,11011,2025,00128546,CF,현금흐름표,-표준계정코드 미사용-,리스자산처분이익 조정,-,제 82 기,-12181412,제 81 기,-5239236,제 80 기,-4426688,73,KRW,,000250,삼천당제약,CFS
20260602000573,11011,2025,00128546,CF,현금흐름표,-표준계정코드 미사용-,장기종업원급여 조정,-,제 82 기,0,제 81 기,0,제 80 기,0,74,KRW,,000250,삼천당제약,CFS
20260602000573,11011,2025,00128546,CF,현금흐름표,-표준계정코드 미사용-,당기손익인식금융자산처분손실 조정,-,제 82 기,1498839806,제 81 기,0,제 80 기,19616510,75,KRW,,000250,삼천당제약,CFS
20260602000573,11011,2025,00128546,CF,현금흐름표,-표준계정코드 미사용-,기타포괄손익인식금융자산처분손실,-,제 82 기,3000000,제 81 기,0,제 80 기,0,76,KRW,,000250,삼천당제약,CFS
20260602000573,11011,2025,00128546,CF,현금흐름표,-표준계정코드 미사용-,상각후원가측정금융자산평가손실,-,제 82 기,1493754174,제 81 기,0,제 80 기,0,77,KRW,,000250,삼천당제약,CFS
20260602000573,11011,2025,00128546,CF,현금흐름표,ifrs-full_AdjustmentsForAmortisationExpense,무형자산상각비에 대한 조정,-,제 82 기,1908400342,제 81 기,635066378,제 80 기,440862168,78,KRW,,000250,삼천당제약,CFS
20260602000573,11011,2025,00128546,CF,현금흐름표,ifrs-full_AdjustmentsForDepreciationExpense,감가상각비에 대한 조정,-,제 82 기,9085019424,제 81 기,8394029674,제 80 기,7989571667,79,KRW,,000250,삼천당제약,CFS
20260602000573,11011,2025,00128546,CF,현금흐름표,ifrs-full_AdjustmentsForFinanceCosts,금융원가의 조정,-,제 82 기,979968567,제 81 기,382538360,제 80 기,2577065601,80,KRW,,000250,삼천당제약,CFS
20260602000573,11011,2025,00128546,CF,현금흐름표,ifrs-full_AdjustmentsForIncomeTaxExpense,법인세비용 조정,-,제 82 기,487740828,제 81 기,16115718132,제 80 기,-360766223,81,KRW,,000250,삼천당제약,CFS
20260602000573,11011,2025,00128546,CF,현금흐름표,ifrs-full_DividendsReceivedClassifiedAsOperatingActivities,배당금수취(영업),-,제 82 기,70872379,제 81 기,117127976,제 80 기,106425153,82,KRW,,000250,삼천당제약,CFS
20260602000573,11011,2025,00128546,CF,현금흐름표,ifrs-full_IncomeTaxesPaidRefundClassifiedAsOperatingActivities,법인세환급(납부),-,제 82 기,21972329832,제 81 기,2627075429,제 80 기,1431612640,83,KRW,,000250,삼천당제약,CFS
20260602000573,11011,2025,00128546,CF,현금흐름표,ifrs-full_InterestPaidClassifiedAsOperatingActivities,이자지급(영업),-,제 82 기,137616167,제 81 기,128409962,제 80 기,2852225514,84,KRW,,000250,삼천당제약,CFS
20260602000573,11011,2025,00128546,CF,현금흐름표,ifrs-full_InterestReceivedClassifiedAsOperatingActivities,이자수취,-,제 82 기,3074049637,제 81 기,4442405336,제 80 기,2531223751,85,KRW,,000250,삼천당제약,CFS
20260602000573,11011,2025,00128546,CF,현금흐름표,ifrs-full_ProfitLoss,당기순이익(손실),-,제 82 기,12029846621,제 81 기,-5078046827,제 80 기,-4187753548,86,KRW,,000250,삼천당제약,CFS
20260602000573,11011,2025,00128546,CF,현금흐름표,ifrs-full_EffectOfExchangeRateChangesOnCashAndCashEquivalents,현금및현금성자산에 대한 환율변동효과,-,제 82 기,142606666,제 81 기,785124541,제 80 기,-66662986,87,KRW,,000250,삼천당제약,CFS
20260602000573,11011,2025,00128546,CF,현금흐름표,ifrs-full_IncreaseDecreaseInCashAndCashEquivalents,현금및현금성자산의순증가(감소),-,제 82 기,-9640586310,제 81 기,65157326727,제 80 기,18326464445,88,KRW,,000250,삼천당제약,CFS
20260602000573,11011,2025,00128546,CF,현금흐름표,ifrs-full_IncreaseDecreaseInCashAndCashEquivalentsBeforeEffectOfExchangeRateChanges,환율변동효과 반영전 현금및현금성자산의 순증가(감소),-,제 82 기,-9783192976,제 81 기,64372202186,제 80 기,18393127431,89,KRW,,000250,삼천당제약,CFS
20260602000573,11011,2025,00128546,SCE,자본변동표,dart_AppropriationTransferReservationOfRetainedEarnings,이익잉여금 처분으로 인한 증감,연결재무제표 [member],제 82 기,0,제 81 기,0,제 80 기,0,3,KRW,,000250,삼천당제약,CFS
20260602000573,11011,2025,00128546,SCE,자본변동표,dart_AppropriationTransferReservationOfRetainedEarnings,이익잉여금 처분으로 인한 증감,자본 [구성요소]|비지배지분 [구성요소],제 82 기,0,제 81 기,0,제 80 기,0,3,KRW,,000250,삼천당제약,CFS
20260602000573,11011,2025,00128546,SCE,자본변동표,dart_AppropriationTransferReservationOfRetainedEarnings,이익잉여금 처분으로 인한 증감,자본 [구성요소]|지배기업의 소유주에게 귀속되는 지분 [구성요소],제 82 기,0,제 81 기,0,제 80 기,0,3,KRW,,000250,삼천당제약,CFS
20260602000573,11011,2025,00128546,SCE,자본변동표,dart_AppropriationTransferReservationOfRetainedEarnings,이익잉여금 처분으로 인한 증감,자본 [구성요소]|지배기업의 소유주에게 귀속되는 지분 [구성요소]|기타자본잉여금 [구성요소],제 82 기,0,제 81 기,0,제 80 기,0,3,KRW,,000250,삼천당제약,CFS
20260602000573,11011,2025,00128546,SCE,자본변동표,dart_AppropriationTransferReservationOfRetainedEarnings,이익잉여금 처분으로 인한 증감,자본 [구성요소]|지배기업의 소유주에게 귀속되는 지분 [구성요소]|자본금 [구성요소],제 82 기,0,제 81 기,0,제 80 기,0,3,KRW,,000250,삼천당제약,CFS
20260602000573,11011,2025,00128546,SCE,자본변동표,dart_AppropriationTransferReservationOfRetainedEarnings,이익잉여금 처분으로 인한 증감,자본 [구성요소]|지배기업의 소유주에게 귀속되는 지분 [구성요소]|이익잉여금 [구성요소],제 82 기,0,제 81 기,0,제 80 기,0,3,KRW,,000250,삼천당제약,CFS
20260602000573,11011,2025,00128546,SCE,자본변동표,dart_AppropriationTransferReservationOfRetainedEarnings,이익잉여금 처분으로 인한 증감,자본 [구성요소]|지배기업의 소유주에게 귀속되는 지분 [구성요소]|자기주식,제 82 기,0,제 81 기,0,제 80 기,0,3,KRW,,000250,삼천당제약,CFS
20260602000573,11011,2025,00128546,SCE,자본변동표,dart_AppropriationTransferReservationOfRetainedEarnings,이익잉여금 처분으로 인한 증감,자본 [구성요소]|지배기업의 소유주에게 귀속되는 지분 [구성요소]|자기주식처분이익,제 82 기,0,제 81 기,0,제 80 기,0,3,KRW,,000250,삼천당제약,CFS
20260602000573,11011,2025,00128546,SCE,자본변동표,dart_AppropriationTransferReservationOfRetainedEarnings,이익잉여금 처분으로 인한 증감,자본 [구성요소]|지배기업의 소유주에게 귀속되는 지분 [구성요소]|기타포괄손익누계액 [구성요소],제 82 기,0,제 81 기,0,제 80 기,0,3,KRW,,000250,삼천당제약,CFS
20260602000573,11011,2025,00128546,SCE,자본변동표,dart_BonusIssue,무상증자,자본 [구성요소]|지배기업의 소유주에게 귀속되는 지분 [구성요소]|기타자본잉여금 [구성요소],제 82 기,0,제 81 기,0,제 80 기,0,4,KRW,,000250,삼천당제약,CFS
20260602000573,11011,2025,00128546,SCE,자본변동표,dart_BonusIssue,무상증자,자본 [구성요소]|지배기업의 소유주에게 귀속되는 지분 [구성요소],제 82 기,0,제 81 기,0,제 80 기,0,4,KRW,,000250,삼천당제약,CFS
20260602000573,11011,2025,00128546,SCE,자본변동표,dart_BonusIssue,무상증자,자본 [구성요소]|비지배지분 [구성요소],제 82 기,0,제 81 기,0,제 80 기,0,4,KRW,,000250,삼천당제약,CFS
20260602000573,11011,2025,00128546,SCE,자본변동표,dart_BonusIssue,무상증자,연결재무제표 [member],제 82 기,0,제 81 기,0,제 80 기,0,4,KRW,,000250,삼천당제약,CFS
20260602000573,11011,2025,00128546,SCE,자본변동표,dart_BonusIssue,무상증자,자본 [구성요소]|지배기업의 소유주에게 귀속되는 지분 [구성요소]|기타포괄손익누계액 [구성요소],제 82 기,0,제 81 기,0,제 80 기,0,4,KRW,,000250,삼천당제약,CFS
20260602000573,11011,2025,00128546,SCE,자본변동표,dart_BonusIssue,무상증자,자본 [구성요소]|지배기업의 소유주에게 귀속되는 지분 [구성요소]|자본금 [구성요소],제 82 기,0,제 81 기,0,제 80 기,0,4,KRW,,000250,삼천당제약,CFS
20260602000573,11011,2025,00128546,SCE,자본변동표,dart_BonusIssue,무상증자,자본 [구성요소]|지배기업의 소유주에게 귀속되는 지분 [구성요소]|자기주식처분이익,제 82 기,0,제 81 기,0,제 80 기,0,4,KRW,,000250,삼천당제약,CFS
20260602000573,11011,2025,00128546,SCE,자본변동표,dart_BonusIssue,무상증자,자본 [구성요소]|지배기업의 소유주에게 귀속되는 지분 [구성요소]|자기주식,제 82 기,0,제 81 기,0,제 80 기,0,4,KRW,,000250,삼천당제약,CFS
20260602000573,11011,2025,00128546,SCE,자본변동표,dart_BonusIssue,무상증자,자본 [구성요소]|지배기업의 소유주에게 귀속되는 지분 [구성요소]|이익잉여금 [구성요소],제 82 기,0,제 81 기,0,제 80 기,0,4,KRW,,000250,삼천당제약,CFS
20260602000573,11011,2025,00128546,SCE,자본변동표,dart_ChangesInConsolidatedCompanies,연결대상범위의 변동,연결재무제표 [member],제 82 기,0,제 81 기,0,제 80 기,0,5,KRW,,000250,삼천당제약,CFS
20260602000573,11011,2025,00128546,SCE,자본변동표,dart_ChangesInConsolidatedCompanies,연결대상범위의 변동,자본 [구성요소]|비지배지분 [구성요소],제 82 기,0,제 81 기,0,제 80 기,0,5,KRW,,000250,삼천당제약,CFS
20260602000573,11011,2025,00128546,SCE,자본변동표,dart_ChangesInConsolidatedCompanies,연결대상범위의 변동,자본 [구성요소]|지배기업의 소유주에게 귀속되는 지분 [구성요소],제 82 기,0,제 81 기,0,제 80 기,0,5,KRW,,000250,삼천당제약,CFS
20260602000573,11011,2025,00128546,SCE,자본변동표,dart_ChangesInConsolidatedCompanies,연결대상범위의 변동,자본 [구성요소]|지배기업의 소유주에게 귀속되는 지분 [구성요소]|기타자본잉여금 [구성요소],제 82 기,0,제 81 기,0,제 80 기,0,5,KRW,,000250,삼천당제약,CFS
20260602000573,11011,2025,00128546,SCE,자본변동표,dart_ChangesInConsolidatedCompanies,연결대상범위의 변동,자본 [구성요소]|지배기업의 소유주에게 귀속되는 지분 [구성요소]|자본금 [구성요소],제 82 기,0,제 81 기,0,제 80 기,0,5,KRW,,000250,삼천당제약,CFS
20260602000573,11011,2025,00128546,SCE,자본변동표,dart_ChangesInConsolidatedCompanies,연결대상범위의 변동,자본 [구성요소]|지배기업의 소유주에게 귀속되는 지분 [구성요소]|자기주식,제 82 기,0,제 81 기,0,제 80 기,0,5,KRW,,000250,삼천당제약,CFS
20260602000573,11011,2025,00128546,SCE,자본변동표,dart_ChangesInConsolidatedCompanies,연결대상범위의 변동,자본 [구성요소]|지배기업의 소유주에게 귀속되는 지분 [구성요소]|이익잉여금 [구성요소],제 82 기,0,제 81 기,0,제 80 기,0,5,KRW,,000250,삼천당제약,CFS
20260602000573,11011,2025,00128546,SCE,자본변동표,dart_ChangesInConsolidatedCompanies,연결대상범위의 변동,자본 [구성요소]|지배기업의 소유주에게 귀속되는 지분 [구성요소]|기타포괄손익누계액 [구성요소],제 82 기,0,제 81 기,0,제 80 기,0,5,KRW,,000250,삼천당제약,CFS
20260602000573,11011,2025,00128546,SCE,자본변동표,dart_ChangesInConsolidatedCompanies,연결대상범위의 변동,자본 [구성요소]|지배기업의 소유주에게 귀속되는 지분 [구성요소]|자기주식처분이익,제 82 기,0,제 81 기,0,제 80 기,0,5,KRW,,000250,삼천당제약,CFS
20260602000573,11011,2025,00128546,SCE,자본변동표,dart_ChangesInForeignExchangeRates,환율변동,자본 [구성요소]|지배기업의 소유주에게 귀속되는 지분 [구성요소]|기타자본잉여금 [구성요소],제 82 기,0,제 81 기,0,제 80 기,0,6,KRW,,000250,삼천당제약,CFS
20260602000573,11011,2025,00128546,SCE,자본변동표,dart_ChangesInForeignExchangeRates,환율변동,자본 [구성요소]|지배기업의 소유주에게 귀속되는 지분 [구성요소],제 82 기,0,제 81 기,0,제 80 기,0,6,KRW,,000250,삼천당제약,CFS
20260602000573,11011,2025,00128546,SCE,자본변동표,dart_ChangesInForeignExchangeRates,환율변동,자본 [구성요소]|비지배지분 [구성요소],제 82 기,0,제 81 기,0,제 80 기,0,6,KRW,,000250,삼천당제약,CFS
20260602000573,11011,2025,00128546,SCE,자본변동표,dart_ChangesInForeignExchangeRates,환율변동,연결재무제표 [member],제 82 기,0,제 81 기,0,제 80 기,0,6,KRW,,000250,삼천당제약,CFS
20260602000573,11011,2025,00128546,SCE,자본변동표,dart_ChangesInForeignExchangeRates,환율변동,자본 [구성요소]|지배기업의 소유주에게 귀속되는 지분 [구성요소]|기타포괄손익누계액 [구성요소],제 82 기,0,제 81 기,0,제 80 기,0,6,KRW,,000250,삼천당제약,CFS
20260602000573,11011,2025,00128546,SCE,자본변동표,dart_ChangesInForeignExchangeRates,환율변동,자본 [구성요소]|지배기업의 소유주에게 귀속되는 지분 [구성요소]|자본금 [구성요소],제 82 기,0,제 81 기,0,제 80 기,0,6,KRW,,000250,삼천당제약,CFS
20260602000573,11011,2025,00128546,SCE,자본변동표,dart_ChangesInForeignExchangeRates,환율변동,자본 [구성요소]|지배기업의 소유주에게 귀속되는 지분 [구성요소]|자기주식처분이익,제 82 기,0,제 81 기,0,제 80 기,0,6,KRW,,000250,삼천당제약,CFS
20260602000573,11011,2025,00128546,SCE,자본변동표,dart_ChangesInForeignExchangeRates,환율변동,자본 [구성요소]|지배기업의 소유주에게 귀속되는 지분 [구성요소]|자기주식,제 82 기,0,제 81 기,0,제 80 기,0,6,KRW,,000250,삼천당제약,CFS
20260602000573,11011,2025,00128546,SCE,자본변동표,dart_ChangesInForeignExchangeRates,환율변동,자본 [구성요소]|지배기업의 소유주에게 귀속되는 지분 [구성요소]|이익잉여금 [구성요소],제 82 기,0,제 81 기,0,제 80 기,0,6,KRW,,000250,삼천당제약,CFS
20260602000573,11011,2025,00128546,SCE,자본변동표,dart_ChangesInReserveOfGainsAndLossesFromInvestmentsInEquityInstruments,지분상품투자 평가손익 적립금,자본 [구성요소]|지배기업의 소유주에게 귀속되는 지분 [구성요소]|기타자본잉여금 [구성요소],제 82 기,0,제 81 기,0,제 80 기,0,7,KRW,,000250,삼천당제약,CFS
20260602000573,11011,2025,00128546,SCE,자본변동표,dart_ChangesInReserveOfGainsAndLossesFromInvestmentsInEquityInstruments,지분상품투자 평가손익 적립금,자본 [구성요소]|지배기업의 소유주에게 귀속되는 지분 [구성요소],제 82 기,0,제 81 기,0,제 80 기,0,7,KRW,,000250,삼천당제약,CFS
20260602000573,11011,2025,00128546,SCE,자본변동표,dart_ChangesInReserveOfGainsAndLossesFromInvestmentsInEquityInstruments,지분상품투자 평가손익 적립금,자본 [구성요소]|비지배지분 [구성요소],제 82 기,0,제 81 기,0,제 80 기,0,7,KRW,,000250,삼천당제약,CFS
20260602000573,11011,2025,00128546,SCE,자본변동표,dart_ChangesInReserveOfGainsAndLossesFromInvestmentsInEquityInstruments,지분상품투자 평가손익 적립금,연결재무제표 [member],제 82 기,0,제 81 기,0,제 80 기,0,7,KRW,,000250,삼천당제약,CFS
20260602000573,11011,2025,00128546,SCE,자본변동표,dart_ChangesInReserveOfGainsAndLossesFromInvestmentsInEquityInstruments,지분상품투자 평가손익 적립금,자본 [구성요소]|지배기업의 소유주에게 귀속되는 지분 [구성요소]|자본금 [구성요소],제 82 기,0,제 81 기,0,제 80 기,0,7,KRW,,000250,삼천당제약,CFS
20260602000573,11011,2025,00128546,SCE,자본변동표,dart_ChangesInReserveOfGainsAndLossesFromInvestmentsInEquityInstruments,지분상품투자 평가손익 적립금,자본 [구성요소]|지배기업의 소유주에게 귀속되는 지분 [구성요소]|이익잉여금 [구성요소],제 82 기,0,제 81 기,0,제 80 기,0,7,KRW,,000250,삼천당제약,CFS
20260602000573,11011,2025,00128546,SCE,자본변동표,dart_ChangesInReserveOfGainsAndLossesFromInvestmentsInEquityInstruments,지분상품투자 평가손익 적립금,자본 [구성요소]|지배기업의 소유주에게 귀속되는 지분 [구성요소]|자기주식,제 82 기,0,제 81 기,0,제 80 기,0,7,KRW,,000250,삼천당제약,CFS
20260602000573,11011,2025,00128546,SCE,자본변동표,dart_ChangesInReserveOfGainsAndLossesFromInvestmentsInEquityInstruments,지분상품투자 평가손익 적립금,자본 [구성요소]|지배기업의 소유주에게 귀속되는 지분 [구성요소]|자기주식처분이익,제 82 기,0,제 81 기,0,제 80 기,0,7,KRW,,000250,삼천당제약,CFS
20260602000573,11011,2025,00128546,SCE,자본변동표,dart_ChangesInReserveOfGainsAndLossesFromInvestmentsInEquityInstruments,지분상품투자 평가손익 적립금,자본 [구성요소]|지배기업의 소유주에게 귀속되는 지분 [구성요소]|기타포괄손익누계액 [구성요소],제 82 기,0,제 81 기,0,제 80 기,,7,KRW,,000250,삼천당제약,CFS
20260602000573,11011,2025,00128546,SCE,자본변동표,dart_ChangesInReserveOfGainsAndLossesOnFinancialAssetsMeasuredAtFairValueThroughOtherComprehensiveIncome,기타포괄손익-공정가치 측정 금융자산 평가손익 적립금,자본 [구성요소]|지배기업의 소유주에게 귀속되는 지분 [구성요소]|기타자본잉여금 [구성요소],제 82 기,0,제 81 기,0,제 80 기,0,8,KRW,,000250,삼천당제약,CFS
20260602000573,11011,2025,00128546,SCE,자본변동표,dart_ChangesInReserveOfGainsAndLossesOnFinancialAssetsMeasuredAtFairValueThroughOtherComprehensiveIncome,기타포괄손익-공정가치 측정 금융자산 평가손익 적립금,자본 [구성요소]|지배기업의 소유주에게 귀속되는 지분 [구성요소],제 82 기,-30227394,제 81 기,-770906615,제 80 기,73168358,8,KRW,,000250,삼천당제약,CFS
20260602000573,11011,2025,00128546,SCE,자본변동표,dart_ChangesInReserveOfGainsAndLossesOnFinancialAssetsMeasuredAtFairValueThroughOtherComprehensiveIncome,기타포괄손익-공정가치 측정 금융자산 평가손익 적립금,자본 [구성요소]|비지배지분 [구성요소],제 82 기,6688763,제 81 기,156235122,제 80 기,209301107,8,KRW,,000250,삼천당제약,CFS
20260602000573,11011,2025,00128546,SCE,자본변동표,dart_ChangesInReserveOfGainsAndLossesOnFinancialAssetsMeasuredAtFairValueThroughOtherComprehensiveIncome,기타포괄손익-공정가치 측정 금융자산 평가손익 적립금,연결재무제표 [member],제 82 기,-23538631,제 81 기,-614671493,제 80 기,282469465,8,KRW,,000250,삼천당제약,CFS
20260602000573,11011,2025,00128546,SCE,자본변동표,dart_ChangesInReserveOfGainsAndLossesOnFinancialAssetsMeasuredAtFairValueThroughOtherComprehensiveIncome,기타포괄손익-공정가치 측정 금융자산 평가손익 적립금,자본 [구성요소]|지배기업의 소유주에게 귀속되는 지분 [구성요소]|기타포괄손익누계액 [구성요소],제 82 기,-30227394,제 81 기,-770906615,제 80 기,73168358,8,KRW,,000250,삼천당제약,CFS
20260602000573,11011,2025,00128546,SCE,자본변동표,dart_ChangesInReserveOfGainsAndLossesOnFinancialAssetsMeasuredAtFairValueThroughOtherComprehensiveIncome,기타포괄손익-공정가치 측정 금융자산 평가손익 적립금,자본 [구성요소]|지배기업의 소유주에게 귀속되는 지분 [구성요소]|자본금 [구성요소],제 82 기,0,제 81 기,0,제 80 기,0,8,KRW,,000250,삼천당제약,CFS
20260602000573,11011,2025,00128546,SCE,자본변동표,dart_ChangesInReserveOfGainsAndLossesOnFinancialAssetsMeasuredAtFairValueThroughOtherComprehensiveIncome,기타포괄손익-공정가치 측정 금융자산 평가손익 적립금,자본 [구성요소]|지배기업의 소유주에게 귀속되는 지분 [구성요소]|자기주식처분이익,제 82 기,0,제 81 기,0,제 80 기,0,8,KRW,,000250,삼천당제약,CFS
20260602000573,11011,2025,00128546,SCE,자본변동표,dart_ChangesInReserveOfGainsAndLossesOnFinancialAssetsMeasuredAtFairValueThroughOtherComprehensiveIncome,기타포괄손익-공정가치 측정 금융자산 평가손익 적립금,자본 [구성요소]|지배기업의 소유주에게 귀속되는 지분 [구성요소]|자기주식,제 82 기,0,제 81 기,0,제 80 기,0,8,KRW,,000250,삼천당제약,CFS
20260602000573,11011,2025,00128546,SCE,자본변동표,dart_ChangesInReserveOfGainsAndLossesOnFinancialAssetsMeasuredAtFairValueThroughOtherComprehensiveIncome,기타포괄손익-공정가치 측정 금융자산 평가손익 적립금,자본 [구성요소]|지배기업의 소유주에게 귀속되는 지분 [구성요소]|이익잉여금 [구성요소],제 82 기,0,제 81 기,0,제 80 기,0,8,KRW,,000250,삼천당제약,CFS
20260602000573,11011,2025,00128546,SCE,자본변동표,dart_ChangesInReserveOfGainsAndLossesOnHedgingInstrumentsThatHedgeInvestmentsInEquityInstruments,지분상품투자에 대한 위험회피수단 평가손익 적립금,연결재무제표 [member],제 82 기,0,제 81 기,0,제 80 기,0,9,KRW,,000250,삼천당제약,CFS
20260602000573,11011,2025,00128546,SCE,자본변동표,dart_ChangesInReserveOfGainsAndLossesOnHedgingInstrumentsThatHedgeInvestmentsInEquityInstruments,지분상품투자에 대한 위험회피수단 평가손익 적립금,자본 [구성요소]|비지배지분 [구성요소],제 82 기,0,제 81 기,0,제 80 기,0,9,KRW,,000250,삼천당제약,CFS
20260602000573,11011,2025,00128546,SCE,자본변동표,dart_ChangesInReserveOfGainsAndLossesOnHedgingInstrumentsThatHedgeInvestmentsInEquityInstruments,지분상품투자에 대한 위험회피수단 평가손익 적립금,자본 [구성요소]|지배기업의 소유주에게 귀속되는 지분 [구성요소],제 82 기,0,제 81 기,0,제 80 기,0,9,KRW,,000250,삼천당제약,CFS
20260602000573,11011,2025,00128546,SCE,자본변동표,dart_ChangesInReserveOfGainsAndLossesOnHedgingInstrumentsThatHedgeInvestmentsInEquityInstruments,지분상품투자에 대한 위험회피수단 평가손익 적립금,자본 [구성요소]|지배기업의 소유주에게 귀속되는 지분 [구성요소]|기타자본잉여금 [구성요소],제 82 기,0,제 81 기,0,제 80 기,0,9,KRW,,000250,삼천당제약,CFS
20260602000573,11011,2025,00128546,SCE,자본변동표,dart_ChangesInReserveOfGainsAndLossesOnHedgingInstrumentsThatHedgeInvestmentsInEquityInstruments,지분상품투자에 대한 위험회피수단 평가손익 적립금,자본 [구성요소]|지배기업의 소유주에게 귀속되는 지분 [구성요소]|자본금 [구성요소],제 82 기,0,제 81 기,0,제 80 기,0,9,KRW,,000250,삼천당제약,CFS
20260602000573,11011,2025,00128546,SCE,자본변동표,dart_ChangesInReserveOfGainsAndLossesOnHedgingInstrumentsThatHedgeInvestmentsInEquityInstruments,지분상품투자에 대한 위험회피수단 평가손익 적립금,자본 [구성요소]|지배기업의 소유주에게 귀속되는 지분 [구성요소]|이익잉여금 [구성요소],제 82 기,0,제 81 기,0,제 80 기,0,9,KRW,,000250,삼천당제약,CFS
20260602000573,11011,2025,00128546,SCE,자본변동표,dart_ChangesInReserveOfGainsAndLossesOnHedgingInstrumentsThatHedgeInvestmentsInEquityInstruments,지분상품투자에 대한 위험회피수단 평가손익 적립금,자본 [구성요소]|지배기업의 소유주에게 귀속되는 지분 [구성요소]|자기주식,제 82 기,0,제 81 기,0,제 80 기,0,9,KRW,,000250,삼천당제약,CFS
20260602000573,11011,2025,00128546,SCE,자본변동표,dart_ChangesInReserveOfGainsAndLossesOnHedgingInstrumentsThatHedgeInvestmentsInEquityInstruments,지분상품투자에 대한 위험회피수단 평가손익 적립금,자본 [구성요소]|지배기업의 소유주에게 귀속되는 지분 [구성요소]|자기주식처분이익,제 82 기,0,제 81 기,0,제 80 기,0,9,KRW,,000250,삼천당제약,CFS
20260602000573,11011,2025,00128546,SCE,자본변동표,dart_ChangesInReserveOfGainsAndLossesOnHedgingInstrumentsThatHedgeInvestmentsInEquityInstruments,지분상품투자에 대한 위험회피수단 평가손익 적립금,자본 [구성요소]|지배기업의 소유주에게 귀속되는 지분 [구성요소]|기타포괄손익누계액 [구성요소],제 82 기,0,제 81 기,0,제 80 기,0,9,KRW,,000250,삼천당제약,CFS
20260602000573,11011,2025,00128546,SCE,자본변동표,dart_CompoundFinancialInstrumentConversion,복합금융상품 전환,자본 [구성요소]|비지배지분 [구성요소],제 82 기,0,제 81 기,0,제 80 기,0,10,KRW,,000250,삼천당제약,CFS
20260602000573,11011,2025,00128546,SCE,자본변동표,dart_CompoundFinancialInstrumentConversion,복합금융상품 전환,자본 [구성요소]|지배기업의 소유주에게 귀속되는 지분 [구성요소],제 82 기,0,제 81 기,0,제 80 기,0,10,KRW,,000250,삼천당제약,CFS
20260602000573,11011,2025,00128546,SCE,자본변동표,dart_CompoundFinancialInstrumentConversion,복합금융상품 전환,자본 [구성요소]|지배기업의 소유주에게 귀속되는 지분 [구성요소]|기타자본잉여금 [구성요소],제 82 기,0,제 81 기,0,제 80 기,0,10,KRW,,000250,삼천당제약,CFS
20260602000573,11011,2025,00128546,SCE,자본변동표,dart_CompoundFinancialInstrumentConversion,복합금융상품 전환,자본 [구성요소]|지배기업의 소유주에게 귀속되는 지분 [구성요소]|기타포괄손익누계액 [구성요소],제 82 기,0,제 81 기,0,제 80 기,0,10,KRW,,000250,삼천당제약,CFS
20260602000573,11011,2025,00128546,SCE,자본변동표,dart_CompoundFinancialInstrumentConversion,복합금융상품 전환,자본 [구성요소]|지배기업의 소유주에게 귀속되는 지분 [구성요소]|이익잉여금 [구성요소],제 82 기,0,제 81 기,0,제 80 기,0,10,KRW,,000250,삼천당제약,CFS
20260602000573,11011,2025,00128546,SCE,자본변동표,dart_CompoundFinancialInstrumentConversion,복합금융상품 전환,자본 [구성요소]|지배기업의 소유주에게 귀속되는 지분 [구성요소]|자기주식,제 82 기,0,제 81 기,0,제 80 기,0,10,KRW,,000250,삼천당제약,CFS
20260602000573,11011,2025,00128546,SCE,자본변동표,dart_CompoundFinancialInstrumentConversion,복합금융상품 전환,자본 [구성요소]|지배기업의 소유주에게 귀속되는 지분 [구성요소]|자기주식처분이익,제 82 기,0,제 81 기,0,제 80 기,0,10,KRW,,000250,삼천당제약,CFS
20260602000573,11011,2025,00128546,SCE,자본변동표,dart_CompoundFinancialInstrumentConversion,복합금융상품 전환,자본 [구성요소]|지배기업의 소유주에게 귀속되는 지분 [구성요소]|자본금 [구성요소],제 82 기,0,제 81 기,0,제 80 기,0,10,KRW,,000250,삼천당제약,CFS
20260602000573,11011,2025,00128546,SCE,자본변동표,dart_CompoundFinancialInstrumentConversion,복합금융상품 전환,연결재무제표 [member],제 82 기,0,제 81 기,0,제 80 기,0,10,KRW,,000250,삼천당제약,CFS
20260602000573,11011,2025,00128546,SCE,자본변동표,dart_CompoundFinancialInstrumentDividendInterest,복합금융상품 배당,자본 [구성요소]|지배기업의 소유주에게 귀속되는 지분 [구성요소]|기타자본잉여금 [구성요소],제 82 기,0,제 81 기,0,제 80 기,0,11,KRW,,000250,삼천당제약,CFS
20260602000573,11011,2025,00128546,SCE,자본변동표,dart_CompoundFinancialInstrumentDividendInterest,복합금융상품 배당,자본 [구성요소]|지배기업의 소유주에게 귀속되는 지분 [구성요소],제 82 기,0,제 81 기,0,제 80 기,0,11,KRW,,000250,삼천당제약,CFS
20260602000573,11011,2025,00128546,SCE,자본변동표,dart_CompoundFinancialInstrumentDividendInterest,복합금융상품 배당,자본 [구성요소]|지배기업의 소유주에게 귀속되는 지분 [구성요소]|자본금 [구성요소],제 82 기,0,제 81 기,0,제 80 기,0,11,KRW,,000250,삼천당제약,CFS
20260602000573,11011,2025,00128546,SCE,자본변동표,dart_CompoundFinancialInstrumentDividendInterest,복합금융상품 배당,자본 [구성요소]|지배기업의 소유주에게 귀속되는 지분 [구성요소]|자기주식처분이익,제 82 기,0,제 81 기,0,제 80 기,0,11,KRW,,000250,삼천당제약,CFS
20260602000573,11011,2025,00128546,SCE,자본변동표,dart_CompoundFinancialInstrumentDividendInterest,복합금융상품 배당,자본 [구성요소]|지배기업의 소유주에게 귀속되는 지분 [구성요소]|자기주식,제 82 기,0,제 81 기,0,제 80 기,0,11,KRW,,000250,삼천당제약,CFS
20260602000573,11011,2025,00128546,SCE,자본변동표,dart_CompoundFinancialInstrumentDividendInterest,복합금융상품 배당,자본 [구성요소]|지배기업의 소유주에게 귀속되는 지분 [구성요소]|이익잉여금 [구성요소],제 82 기,0,제 81 기,0,제 80 기,0,11,KRW,,000250,삼천당제약,CFS
20260602000573,11011,2025,00128546,SCE,자본변동표,dart_CompoundFinancialInstrumentDividendInterest,복합금융상품 배당,자본 [구성요소]|지배기업의 소유주에게 귀속되는 지분 [구성요소]|기타포괄손익누계액 [구성요소],제 82 기,0,제 81 기,0,제 80 기,0,11,KRW,,000250,삼천당제약,CFS
20260602000573,11011,2025,00128546,SCE,자본변동표,dart_CompoundFinancialInstrumentDividendInterest,복합금융상품 배당,연결재무제표 [member],제 82 기,0,제 81 기,0,제 80 기,0,11,KRW,,000250,삼천당제약,CFS
20260602000573,11011,2025,00128546,SCE,자본변동표,dart_CompoundFinancialInstrumentDividendInterest,복합금융상품 배당,자본 [구성요소]|비지배지분 [구성요소],제 82 기,0,제 81 기,0,제 80 기,0,11,KRW,,000250,삼천당제약,CFS
20260602000573,11011,2025,00128546,SCE,자본변동표,dart_CompoundFinancialInstrumentIssue,복합금융상품 발행,연결재무제표 [member],제 82 기,0,제 81 기,0,제 80 기,0,12,KRW,,000250,삼천당제약,CFS
20260602000573,11011,2025,00128546,SCE,자본변동표,dart_CompoundFinancialInstrumentIssue,복합금융상품 발행,자본 [구성요소]|지배기업의 소유주에게 귀속되는 지분 [구성요소]|자기주식처분이익,제 82 기,0,제 81 기,0,제 80 기,0,12,KRW,,000250,삼천당제약,CFS
20260602000573,11011,2025,00128546,SCE,자본변동표,dart_CompoundFinancialInstrumentIssue,복합금융상품 발행,자본 [구성요소]|지배기업의 소유주에게 귀속되는 지분 [구성요소]|자기주식,제 82 기,0,제 81 기,0,제 80 기,0,12,KRW,,000250,삼천당제약,CFS
20260602000573,11011,2025,00128546,SCE,자본변동표,dart_CompoundFinancialInstrumentIssue,복합금융상품 발행,자본 [구성요소]|지배기업의 소유주에게 귀속되는 지분 [구성요소]|이익잉여금 [구성요소],제 82 기,0,제 81 기,0,제 80 기,0,12,KRW,,000250,삼천당제약,CFS
20260602000573,11011,2025,00128546,SCE,자본변동표,dart_CompoundFinancialInstrumentIssue,복합금융상품 발행,자본 [구성요소]|지배기업의 소유주에게 귀속되는 지분 [구성요소]|자본금 [구성요소],제 82 기,0,제 81 기,0,제 80 기,0,12,KRW,,000250,삼천당제약,CFS
20260602000573,11011,2025,00128546,SCE,자본변동표,dart_CompoundFinancialInstrumentIssue,복합금융상품 발행,자본 [구성요소]|지배기업의 소유주에게 귀속되는 지분 [구성요소]|기타자본잉여금 [구성요소],제 82 기,0,제 81 기,0,제 80 기,0,12,KRW,,000250,삼천당제약,CFS
20260602000573,11011,2025,00128546,SCE,자본변동표,dart_CompoundFinancialInstrumentIssue,복합금융상품 발행,자본 [구성요소]|지배기업의 소유주에게 귀속되는 지분 [구성요소],제 82 기,0,제 81 기,0,제 80 기,0,12,KRW,,000250,삼천당제약,CFS
20260602000573,11011,2025,00128546,SCE,자본변동표,dart_CompoundFinancialInstrumentIssue,복합금융상품 발행,자본 [구성요소]|비지배지분 [구성요소],제 82 기,0,제 81 기,0,제 80 기,0,12,KRW,,000250,삼천당제약,CFS
20260602000573,11011,2025,00128546,SCE,자본변동표,dart_CompoundFinancialInstrumentIssue,복합금융상품 발행,자본 [구성요소]|지배기업의 소유주에게 귀속되는 지분 [구성요소]|기타포괄손익누계액 [구성요소],제 82 기,0,제 81 기,0,제 80 기,0,12,KRW,,000250,삼천당제약,CFS
20260602000573,11011,2025,00128546,SCE,자본변동표,dart_CompoundFinancialInstrumentRedemption,복합금융상품 상환,자본 [구성요소]|지배기업의 소유주에게 귀속되는 지분 [구성요소]|기타자본잉여금 [구성요소],제 82 기,0,제 81 기,0,제 80 기,0,13,KRW,,000250,삼천당제약,CFS
20260602000573,11011,2025,00128546,SCE,자본변동표,dart_CompoundFinancialInstrumentRedemption,복합금융상품 상환,자본 [구성요소]|지배기업의 소유주에게 귀속되는 지분 [구성요소],제 82 기,0,제 81 기,0,제 80 기,0,13,KRW,,000250,삼천당제약,CFS
20260602000573,11011,2025,00128546,SCE,자본변동표,dart_CompoundFinancialInstrumentRedemption,복합금융상품 상환,자본 [구성요소]|비지배지분 [구성요소],제 82 기,0,제 81 기,0,제 80 기,0,13,KRW,,000250,삼천당제약,CFS
20260602000573,11011,2025,00128546,SCE,자본변동표,dart_CompoundFinancialInstrumentRedemption,복합금융상품 상환,연결재무제표 [member],제 82 기,0,제 81 기,0,제 80 기,0,13,KRW,,000250,삼천당제약,CFS
20260602000573,11011,2025,00128546,SCE,자본변동표,dart_CompoundFinancialInstrumentRedemption,복합금융상품 상환,자본 [구성요소]|지배기업의 소유주에게 귀속되는 지분 [구성요소]|기타포괄손익누계액 [구성요소],제 82 기,0,제 81 기,0,제 80 기,0,13,KRW,,000250,삼천당제약,CFS
20260602000573,11011,2025,00128546,SCE,자본변동표,dart_CompoundFinancialInstrumentRedemption,복합금융상품 상환,자본 [구성요소]|지배기업의 소유주에게 귀속되는 지분 [구성요소]|자본금 [구성요소],제 82 기,0,제 81 기,0,제 80 기,0,13,KRW,,000250,삼천당제약,CFS
20260602000573,11011,2025,00128546,SCE,자본변동표,dart_CompoundFinancialInstrumentRedemption,복합금융상품 상환,자본 [구성요소]|지배기업의 소유주에게 귀속되는 지분 [구성요소]|자기주식처분이익,제 82 기,0,제 81 기,0,제 80 기,0,13,KRW,,000250,삼천당제약,CFS
20260602000573,11011,2025,00128546,SCE,자본변동표,dart_CompoundFinancialInstrumentRedemption,복합금융상품 상환,자본 [구성요소]|지배기업의 소유주에게 귀속되는 지분 [구성요소]|자기주식,제 82 기,0,제 81 기,0,제 80 기,0,13,KRW,,000250,삼천당제약,CFS
20260602000573,11011,2025,00128546,SCE,자본변동표,dart_CompoundFinancialInstrumentRedemption,복합금융상품 상환,자본 [구성요소]|지배기업의 소유주에게 귀속되는 지분 [구성요소]|이익잉여금 [구성요소],제 82 기,0,제 81 기,0,제 80 기,0,13,KRW,,000250,삼천당제약,CFS
20260602000573,11011,2025,00128546,SCE,자본변동표,dart_DebtForEquitySwaps,출자전환,연결재무제표 [member],제 82 기,0,제 81 기,0,제 80 기,0,14,KRW,,000250,삼천당제약,CFS
20260602000573,11011,2025,00128546,SCE,자본변동표,dart_DebtForEquitySwaps,출자전환,자본 [구성요소]|비지배지분 [구성요소],제 82 기,0,제 81 기,0,제 80 기,0,14,KRW,,000250,삼천당제약,CFS
20260602000573,11011,2025,00128546,SCE,자본변동표,dart_DebtForEquitySwaps,출자전환,자본 [구성요소]|지배기업의 소유주에게 귀속되는 지분 [구성요소]|자본금 [구성요소],제 82 기,0,제 81 기,0,제 80 기,0,14,KRW,,000250,삼천당제약,CFS
20260602000573,11011,2025,00128546,SCE,자본변동표,dart_DebtForEquitySwaps,출자전환,자본 [구성요소]|지배기업의 소유주에게 귀속되는 지분 [구성요소]|자기주식처분이익,제 82 기,0,제 81 기,0,제 80 기,0,14,KRW,,000250,삼천당제약,CFS
20260602000573,11011,2025,00128546,SCE,자본변동표,dart_DebtForEquitySwaps,출자전환,자본 [구성요소]|지배기업의 소유주에게 귀속되는 지분 [구성요소]|자기주식,제 82 기,0,제 81 기,0,제 80 기,0,14,KRW,,000250,삼천당제약,CFS
20260602000573,11011,2025,00128546,SCE,자본변동표,dart_DebtForEquitySwaps,출자전환,자본 [구성요소]|지배기업의 소유주에게 귀속되는 지분 [구성요소]|이익잉여금 [구성요소],제 82 기,0,제 81 기,0,제 80 기,0,14,KRW,,000250,삼천당제약,CFS
20260602000573,11011,2025,00128546,SCE,자본변동표,dart_DebtForEquitySwaps,출자전환,자본 [구성요소]|지배기업의 소유주에게 귀속되는 지분 [구성요소]|기타포괄손익누계액 [구성요소],제 82 기,0,제 81 기,0,제 80 기,0,14,KRW,,000250,삼천당제약,CFS
20260602000573,11011,2025,00128546,SCE,자본변동표,dart_DebtForEquitySwaps,출자전환,자본 [구성요소]|지배기업의 소유주에게 귀속되는 지분 [구성요소]|기타자본잉여금 [구성요소],제 82 기,0,제 81 기,0,제 80 기,0,14,KRW,,000250,삼천당제약,CFS
20260602000573,11011,2025,00128546,SCE,자본변동표,dart_DebtForEquitySwaps,출자전환,자본 [구성요소]|지배기업의 소유주에게 귀속되는 지분 [구성요소],제 82 기,0,제 81 기,0,제 80 기,0,14,KRW,,000250,삼천당제약,CFS
20260602000573,11011,2025,00128546,SCE,자본변동표,dart_DividendfromFinancialGuaranteeContract,금융보증계약관련배당,연결재무제표 [member],제 82 기,0,제 81 기,0,제 80 기,0,15,KRW,,000250,삼천당제약,CFS
20260602000573,11011,2025,00128546,SCE,자본변동표,dart_DividendfromFinancialGuaranteeContract,금융보증계약관련배당,자본 [구성요소]|지배기업의 소유주에게 귀속되는 지분 [구성요소]|기타포괄손익누계액 [구성요소],제 82 기,0,제 81 기,0,제 80 기,0,15,KRW,,000250,삼천당제약,CFS
20260602000573,11011,2025,00128546,SCE,자본변동표,dart_DividendfromFinancialGuaranteeContract,금융보증계약관련배당,자본 [구성요소]|지배기업의 소유주에게 귀속되는 지분 [구성요소]|이익잉여금 [구성요소],제 82 기,0,제 81 기,0,제 80 기,0,15,KRW,,000250,삼천당제약,CFS
20260602000573,11011,2025,00128546,SCE,자본변동표,dart_DividendfromFinancialGuaranteeContract,금융보증계약관련배당,자본 [구성요소]|지배기업의 소유주에게 귀속되는 지분 [구성요소]|자기주식,제 82 기,0,제 81 기,0,제 80 기,0,15,KRW,,000250,삼천당제약,CFS
20260602000573,11011,2025,00128546,SCE,자본변동표,dart_DividendfromFinancialGuaranteeContract,금융보증계약관련배당,자본 [구성요소]|지배기업의 소유주에게 귀속되는 지분 [구성요소]|자본금 [구성요소],제 82 기,0,제 81 기,0,제 80 기,0,15,KRW,,000250,삼천당제약,CFS
20260602000573,11011,2025,00128546,SCE,자본변동표,dart_DividendfromFinancialGuaranteeContract,금융보증계약관련배당,자본 [구성요소]|지배기업의 소유주에게 귀속되는 지분 [구성요소]|기타자본잉여금 [구성요소],제 82 기,0,제 81 기,0,제 80 기,0,15,KRW,,000250,삼천당제약,CFS
20260602000573,11011,2025,00128546,SCE,자본변동표,dart_DividendfromFinancialGuaranteeContract,금융보증계약관련배당,자본 [구성요소]|지배기업의 소유주에게 귀속되는 지분 [구성요소],제 82 기,0,제 81 기,0,제 80 기,0,15,KRW,,000250,삼천당제약,CFS
20260602000573,11011,2025,00128546,SCE,자본변동표,dart_DividendfromFinancialGuaranteeContract,금융보증계약관련배당,자본 [구성요소]|비지배지분 [구성요소],제 82 기,0,제 81 기,0,제 80 기,0,15,KRW,,000250,삼천당제약,CFS
20260602000573,11011,2025,00128546,SCE,자본변동표,dart_DividendfromFinancialGuaranteeContract,금융보증계약관련배당,자본 [구성요소]|지배기업의 소유주에게 귀속되는 지분 [구성요소]|자기주식처분이익,제 82 기,0,제 81 기,0,제 80 기,0,15,KRW,,000250,삼천당제약,CFS
20260602000573,11011,2025,00128546,SCE,자본변동표,dart_EquityAtBeginningOfPeriod,기초자본,연결재무제표 [member],제 82 기,349404158895,제 81 기,298460071937,제 80 기,245641663641,16,KRW,,000250,삼천당제약,CFS
20260602000573,11011,2025,00128546,SCE,자본변동표,dart_EquityAtBeginningOfPeriod,기초자본,자본 [구성요소]|비지배지분 [구성요소],제 82 기,83298823654,제 81 기,77961431897,제 80 기,71900704708,16,KRW,,000250,삼천당제약,CFS
20260602000573,11011,2025,00128546,SCE,자본변동표,dart_EquityAtBeginningOfPeriod,기초자본,자본 [구성요소]|지배기업의 소유주에게 귀속되는 지분 [구성요소],제 82 기,266105335241,제 81 기,220498640040,제 80 기,173740958933,16,KRW,,000250,삼천당제약,CFS
20260602000573,11011,2025,00128546,SCE,자본변동표,dart_EquityAtBeginningOfPeriod,기초자본,자본 [구성요소]|지배기업의 소유주에게 귀속되는 지분 [구성요소]|기타자본잉여금 [구성요소],제 82 기,99846182650,제 81 기,99640242567,제 80 기,47282563371,16,KRW,,000250,삼천당제약,CFS
20260602000573,11011,2025,00128546,SCE,자본변동표,dart_EquityAtBeginningOfPeriod,기초자본,자본 [구성요소]|지배기업의 소유주에게 귀속되는 지분 [구성요소]|기타포괄손익누계액 [구성요소],제 82 기,1318620484,제 81 기,1889448465,제 80 기,1771000588,16,KRW,,000250,삼천당제약,CFS
20260602000573,11011,2025,00128546,SCE,자본변동표,dart_EquityAtBeginningOfPeriod,기초자본,자본 [구성요소]|지배기업의 소유주에게 귀속되는 지분 [구성요소]|이익잉여금 [구성요소],제 82 기,95452007700,제 81 기,106015414420,제 80 기,112078575886,16,KRW,,000250,삼천당제약,CFS
20260602000573,11011,2025,00128546,SCE,자본변동표,dart_EquityAtBeginningOfPeriod,기초자본,자본 [구성요소]|지배기업의 소유주에게 귀속되는 지분 [구성요소]|자기주식,제 82 기,-568093318,제 81 기,-1988326610,제 80 기,-1988326610,16,KRW,,000250,삼천당제약,CFS
20260602000573,11011,2025,00128546,SCE,자본변동표,dart_EquityAtBeginningOfPeriod,기초자본,자본 [구성요소]|지배기업의 소유주에게 귀속되는 지분 [구성요소]|자기주식처분이익,제 82 기,58327881725,제 81 기,3213125198,제 80 기,3213125198,16,KRW,,000250,삼천당제약,CFS
20260602000573,11011,2025,00128546,SCE,자본변동표,dart_EquityAtBeginningOfPeriod,기초자본,자본 [구성요소]|지배기업의 소유주에게 귀속되는 지분 [구성요소]|자본금 [구성요소],제 82 기,11728736000,제 81 기,11728736000,제 80 기,11384020500,16,KRW,,000250,삼천당제약,CFS
20260602000573,11011,2025,00128546,SCE,자본변동표,dart_IncreaseDecreaseThroughBusinessCombinations,사업결합,연결재무제표 [member],제 82 기,0,제 81 기,0,제 80 기,0,17,KRW,,000250,삼천당제약,CFS
20260602000573,11011,2025,00128546,SCE,자본변동표,dart_IncreaseDecreaseThroughBusinessCombinations,사업결합,자본 [구성요소]|비지배지분 [구성요소],제 82 기,0,제 81 기,0,제 80 기,0,17,KRW,,000250,삼천당제약,CFS
20260602000573,11011,2025,00128546,SCE,자본변동표,dart_IncreaseDecreaseThroughBusinessCombinations,사업결합,자본 [구성요소]|지배기업의 소유주에게 귀속되는 지분 [구성요소],제 82 기,0,제 81 기,0,제 80 기,0,17,KRW,,000250,삼천당제약,CFS
20260602000573,11011,2025,00128546,SCE,자본변동표,dart_IncreaseDecreaseThroughBusinessCombinations,사업결합,자본 [구성요소]|지배기업의 소유주에게 귀속되는 지분 [구성요소]|기타자본잉여금 [구성요소],제 82 기,0,제 81 기,0,제 80 기,0,17,KRW,,000250,삼천당제약,CFS
20260602000573,11011,2025,00128546,SCE,자본변동표,dart_IncreaseDecreaseThroughBusinessCombinations,사업결합,자본 [구성요소]|지배기업의 소유주에게 귀속되는 지분 [구성요소]|기타포괄손익누계액 [구성요소],제 82 기,0,제 81 기,0,제 80 기,0,17,KRW,,000250,삼천당제약,CFS
20260602000573,11011,2025,00128546,SCE,자본변동표,dart_IncreaseDecreaseThroughBusinessCombinations,사업결합,자본 [구성요소]|지배기업의 소유주에게 귀속되는 지분 [구성요소]|이익잉여금 [구성요소],제 82 기,0,제 81 기,0,제 80 기,0,17,KRW,,000250,삼천당제약,CFS
20260602000573,11011,2025,00128546,SCE,자본변동표,dart_IncreaseDecreaseThroughBusinessCombinations,사업결합,자본 [구성요소]|지배기업의 소유주에게 귀속되는 지분 [구성요소]|자기주식,제 82 기,0,제 81 기,0,제 80 기,0,17,KRW,,000250,삼천당제약,CFS
20260602000573,11011,2025,00128546,SCE,자본변동표,dart_IncreaseDecreaseThroughBusinessCombinations,사업결합,자본 [구성요소]|지배기업의 소유주에게 귀속되는 지분 [구성요소]|자기주식처분이익,제 82 기,0,제 81 기,0,제 80 기,0,17,KRW,,000250,삼천당제약,CFS
20260602000573,11011,2025,00128546,SCE,자본변동표,dart_IncreaseDecreaseThroughBusinessCombinations,사업결합,자본 [구성요소]|지배기업의 소유주에게 귀속되는 지분 [구성요소]|자본금 [구성요소],제 82 기,0,제 81 기,0,제 80 기,0,17,KRW,,000250,삼천당제약,CFS
20260602000573,11011,2025,00128546,SCE,자본변동표,dart_IncreaseDecreaseThroughChangesInAccountingPolicies,회계정책변경에 따른 증가(감소),연결재무제표 [member],제 82 기,0,제 81 기,0,제 80 기,0,18,KRW,,000250,삼천당제약,CFS
20260602000573,11011,2025,00128546,SCE,자본변동표,dart_IncreaseDecreaseThroughChangesInAccountingPolicies,회계정책변경에 따른 증가(감소),자본 [구성요소]|비지배지분 [구성요소],제 82 기,0,제 81 기,0,제 80 기,0,18,KRW,,000250,삼천당제약,CFS
20260602000573,11011,2025,00128546,SCE,자본변동표,dart_IncreaseDecreaseThroughChangesInAccountingPolicies,회계정책변경에 따른 증가(감소),자본 [구성요소]|지배기업의 소유주에게 귀속되는 지분 [구성요소],제 82 기,0,제 81 기,0,제 80 기,0,18,KRW,,000250,삼천당제약,CFS
20260602000573,11011,2025,00128546,SCE,자본변동표,dart_IncreaseDecreaseThroughChangesInAccountingPolicies,회계정책변경에 따른 증가(감소),자본 [구성요소]|지배기업의 소유주에게 귀속되는 지분 [구성요소]|기타자본잉여금 [구성요소],제 82 기,0,제 81 기,0,제 80 기,0,18,KRW,,000250,삼천당제약,CFS
20260602000573,11011,2025,00128546,SCE,자본변동표,dart_IncreaseDecreaseThroughChangesInAccountingPolicies,회계정책변경에 따른 증가(감소),자본 [구성요소]|지배기업의 소유주에게 귀속되는 지분 [구성요소]|기타포괄손익누계액 [구성요소],제 82 기,0,제 81 기,0,제 80 기,0,18,KRW,,000250,삼천당제약,CFS
20260602000573,11011,2025,00128546,SCE,자본변동표,dart_IncreaseDecreaseThroughChangesInAccountingPolicies,회계정책변경에 따른 증가(감소),자본 [구성요소]|지배기업의 소유주에게 귀속되는 지분 [구성요소]|이익잉여금 [구성요소],제 82 기,0,제 81 기,0,제 80 기,0,18,KRW,,000250,삼천당제약,CFS
20260602000573,11011,2025,00128546,SCE,자본변동표,dart_IncreaseDecreaseThroughChangesInAccountingPolicies,회계정책변경에 따른 증가(감소),자본 [구성요소]|지배기업의 소유주에게 귀속되는 지분 [구성요소]|자기주식,제 82 기,0,제 81 기,0,제 80 기,0,18,KRW,,000250,삼천당제약,CFS
20260602000573,11011,2025,00128546,SCE,자본변동표,dart_IncreaseDecreaseThroughChangesInAccountingPolicies,회계정책변경에 따른 증가(감소),자본 [구성요소]|지배기업의 소유주에게 귀속되는 지분 [구성요소]|자기주식처분이익,제 82 기,0,제 81 기,0,제 80 기,0,18,KRW,,000250,삼천당제약,CFS
20260602000573,11011,2025,00128546,SCE,자본변동표,dart_IncreaseDecreaseThroughChangesInAccountingPolicies,회계정책변경에 따른 증가(감소),자본 [구성요소]|지배기업의 소유주에게 귀속되는 지분 [구성요소]|자본금 [구성요소],제 82 기,0,제 81 기,0,제 80 기,0,18,KRW,,000250,삼천당제약,CFS
20260602000573,11011,2025,00128546,SCE,자본변동표,dart_IncreaseDecreaseThroughCorrectionsOfErrors,오류수정에 따른 증가(감소),연결재무제표 [member],제 82 기,0,제 81 기,0,제 80 기,0,19,KRW,,000250,삼천당제약,CFS
20260602000573,11011,2025,00128546,SCE,자본변동표,dart_IncreaseDecreaseThroughCorrectionsOfErrors,오류수정에 따른 증가(감소),자본 [구성요소]|비지배지분 [구성요소],제 82 기,0,제 81 기,0,제 80 기,0,19,KRW,,000250,삼천당제약,CFS
20260602000573,11011,2025,00128546,SCE,자본변동표,dart_IncreaseDecreaseThroughCorrectionsOfErrors,오류수정에 따른 증가(감소),자본 [구성요소]|지배기업의 소유주에게 귀속되는 지분 [구성요소],제 82 기,0,제 81 기,0,제 80 기,0,19,KRW,,000250,삼천당제약,CFS
20260602000573,11011,2025,00128546,SCE,자본변동표,dart_IncreaseDecreaseThroughCorrectionsOfErrors,오류수정에 따른 증가(감소),자본 [구성요소]|지배기업의 소유주에게 귀속되는 지분 [구성요소]|기타자본잉여금 [구성요소],제 82 기,0,제 81 기,0,제 80 기,0,19,KRW,,000250,삼천당제약,CFS
20260602000573,11011,2025,00128546,SCE,자본변동표,dart_IncreaseDecreaseThroughCorrectionsOfErrors,오류수정에 따른 증가(감소),자본 [구성요소]|지배기업의 소유주에게 귀속되는 지분 [구성요소]|기타포괄손익누계액 [구성요소],제 82 기,0,제 81 기,0,제 80 기,0,19,KRW,,000250,삼천당제약,CFS
20260602000573,11011,2025,00128546,SCE,자본변동표,dart_IncreaseDecreaseThroughCorrectionsOfErrors,오류수정에 따른 증가(감소),자본 [구성요소]|지배기업의 소유주에게 귀속되는 지분 [구성요소]|이익잉여금 [구성요소],제 82 기,0,제 81 기,0,제 80 기,0,19,KRW,,000250,삼천당제약,CFS
20260602000573,11011,2025,00128546,SCE,자본변동표,dart_IncreaseDecreaseThroughCorrectionsOfErrors,오류수정에 따른 증가(감소),자본 [구성요소]|지배기업의 소유주에게 귀속되는 지분 [구성요소]|자기주식,제 82 기,0,제 81 기,0,제 80 기,0,19,KRW,,000250,삼천당제약,CFS
20260602000573,11011,2025,00128546,SCE,자본변동표,dart_IncreaseDecreaseThroughCorrectionsOfErrors,오류수정에 따른 증가(감소),자본 [구성요소]|지배기업의 소유주에게 귀속되는 지분 [구성요소]|자기주식처분이익,제 82 기,0,제 81 기,0,제 80 기,0,19,KRW,,000250,삼천당제약,CFS
20260602000573,11011,2025,00128546,SCE,자본변동표,dart_IncreaseDecreaseThroughCorrectionsOfErrors,오류수정에 따른 증가(감소),자본 [구성요소]|지배기업의 소유주에게 귀속되는 지분 [구성요소]|자본금 [구성요소],제 82 기,0,제 81 기,0,제 80 기,0,19,KRW,,000250,삼천당제약,CFS
20260602000573,11011,2025,00128546,SCE,자본변동표,dart_IntercompanyAcquisition,상호취득,연결재무제표 [member],제 82 기,0,제 81 기,0,제 80 기,0,20,KRW,,000250,삼천당제약,CFS
20260602000573,11011,2025,00128546,SCE,자본변동표,dart_IntercompanyAcquisition,상호취득,자본 [구성요소]|비지배지분 [구성요소],제 82 기,0,제 81 기,0,제 80 기,0,20,KRW,,000250,삼천당제약,CFS
20260602000573,11011,2025,00128546,SCE,자본변동표,dart_IntercompanyAcquisition,상호취득,자본 [구성요소]|지배기업의 소유주에게 귀속되는 지분 [구성요소],제 82 기,0,제 81 기,0,제 80 기,0,20,KRW,,000250,삼천당제약,CFS
20260602000573,11011,2025,00128546,SCE,자본변동표,dart_IntercompanyAcquisition,상호취득,자본 [구성요소]|지배기업의 소유주에게 귀속되는 지분 [구성요소]|기타자본잉여금 [구성요소],제 82 기,0,제 81 기,0,제 80 기,0,20,KRW,,000250,삼천당제약,CFS
20260602000573,11011,2025,00128546,SCE,자본변동표,dart_IntercompanyAcquisition,상호취득,자본 [구성요소]|지배기업의 소유주에게 귀속되는 지분 [구성요소]|기타포괄손익누계액 [구성요소],제 82 기,0,제 81 기,0,제 80 기,0,20,KRW,,000250,삼천당제약,CFS
20260602000573,11011,2025,00128546,SCE,자본변동표,dart_IntercompanyAcquisition,상호취득,자본 [구성요소]|지배기업의 소유주에게 귀속되는 지분 [구성요소]|이익잉여금 [구성요소],제 82 기,0,제 81 기,0,제 80 기,0,20,KRW,,000250,삼천당제약,CFS
20260602000573,11011,2025,00128546,SCE,자본변동표,dart_IntercompanyAcquisition,상호취득,자본 [구성요소]|지배기업의 소유주에게 귀속되는 지분 [구성요소]|자기주식,제 82 기,0,제 81 기,0,제 80 기,0,20,KRW,,000250,삼천당제약,CFS
20260602000573,11011,2025,00128546,SCE,자본변동표,dart_IntercompanyAcquisition,상호취득,자본 [구성요소]|지배기업의 소유주에게 귀속되는 지분 [구성요소]|자기주식처분이익,제 82 기,0,제 81 기,0,제 80 기,0,20,KRW,,000250,삼천당제약,CFS
20260602000573,11011,2025,00128546,SCE,자본변동표,dart_IntercompanyAcquisition,상호취득,자본 [구성요소]|지배기업의 소유주에게 귀속되는 지분 [구성요소]|자본금 [구성요소],제 82 기,0,제 81 기,0,제 80 기,0,20,KRW,,000250,삼천당제약,CFS
20260602000573,11011,2025,00128546,SCE,자본변동표,dart_OtherTransactions,기타거래,연결재무제표 [member],제 82 기,0,제 81 기,0,제 80 기,0,21,KRW,,000250,삼천당제약,CFS
20260602000573,11011,2025,00128546,SCE,자본변동표,dart_OtherTransactions,기타거래,자본 [구성요소]|비지배지분 [구성요소],제 82 기,0,제 81 기,0,제 80 기,0,21,KRW,,000250,삼천당제약,CFS
20260602000573,11011,2025,00128546,SCE,자본변동표,dart_OtherTransactions,기타거래,자본 [구성요소]|지배기업의 소유주에게 귀속되는 지분 [구성요소],제 82 기,0,제 81 기,0,제 80 기,0,21,KRW,,000250,삼천당제약,CFS
20260602000573,11011,2025,00128546,SCE,자본변동표,dart_OtherTransactions,기타거래,자본 [구성요소]|지배기업의 소유주에게 귀속되는 지분 [구성요소]|기타자본잉여금 [구성요소],제 82 기,0,제 81 기,0,제 80 기,0,21,KRW,,000250,삼천당제약,CFS
20260602000573,11011,2025,00128546,SCE,자본변동표,dart_OtherTransactions,기타거래,자본 [구성요소]|지배기업의 소유주에게 귀속되는 지분 [구성요소]|기타포괄손익누계액 [구성요소],제 82 기,0,제 81 기,0,제 80 기,0,21,KRW,,000250,삼천당제약,CFS
20260602000573,11011,2025,00128546,SCE,자본변동표,dart_OtherTransactions,기타거래,자본 [구성요소]|지배기업의 소유주에게 귀속되는 지분 [구성요소]|이익잉여금 [구성요소],제 82 기,0,제 81 기,0,제 80 기,0,21,KRW,,000250,삼천당제약,CFS
20260602000573,11011,2025,00128546,SCE,자본변동표,dart_OtherTransactions,기타거래,자본 [구성요소]|지배기업의 소유주에게 귀속되는 지분 [구성요소]|자기주식,제 82 기,0,제 81 기,0,제 80 기,0,21,KRW,,000250,삼천당제약,CFS
20260602000573,11011,2025,00128546,SCE,자본변동표,dart_OtherTransactions,기타거래,자본 [구성요소]|지배기업의 소유주에게 귀속되는 지분 [구성요소]|자기주식처분이익,제 82 기,0,제 81 기,0,제 80 기,0,21,KRW,,000250,삼천당제약,CFS
20260602000573,11011,2025,00128546,SCE,자본변동표,dart_OtherTransactions,기타거래,자본 [구성요소]|지배기업의 소유주에게 귀속되는 지분 [구성요소]|자본금 [구성요소],제 82 기,0,제 81 기,0,제 80 기,0,21,KRW,,000250,삼천당제약,CFS
20260602000573,11011,2025,00128546,SCE,자본변동표,dart_PurchaseDisposalsOfOddShares,단주취득 및 처분,연결재무제표 [member],제 82 기,0,제 81 기,0,제 80 기,0,22,KRW,,000250,삼천당제약,CFS
20260602000573,11011,2025,00128546,SCE,자본변동표,dart_PurchaseDisposalsOfOddShares,단주취득 및 처분,자본 [구성요소]|비지배지분 [구성요소],제 82 기,0,제 81 기,0,제 80 기,0,22,KRW,,000250,삼천당제약,CFS
20260602000573,11011,2025,00128546,SCE,자본변동표,dart_PurchaseDisposalsOfOddShares,단주취득 및 처분,자본 [구성요소]|지배기업의 소유주에게 귀속되는 지분 [구성요소],제 82 기,0,제 81 기,0,제 80 기,0,22,KRW,,000250,삼천당제약,CFS
20260602000573,11011,2025,00128546,SCE,자본변동표,dart_PurchaseDisposalsOfOddShares,단주취득 및 처분,자본 [구성요소]|지배기업의 소유주에게 귀속되는 지분 [구성요소]|기타자본잉여금 [구성요소],제 82 기,0,제 81 기,0,제 80 기,0,22,KRW,,000250,삼천당제약,CFS
20260602000573,11011,2025,00128546,SCE,자본변동표,dart_PurchaseDisposalsOfOddShares,단주취득 및 처분,자본 [구성요소]|지배기업의 소유주에게 귀속되는 지분 [구성요소]|기타포괄손익누계액 [구성요소],제 82 기,0,제 81 기,0,제 80 기,0,22,KRW,,000250,삼천당제약,CFS
20260602000573,11011,2025,00128546,SCE,자본변동표,dart_PurchaseDisposalsOfOddShares,단주취득 및 처분,자본 [구성요소]|지배기업의 소유주에게 귀속되는 지분 [구성요소]|이익잉여금 [구성요소],제 82 기,0,제 81 기,0,제 80 기,0,22,KRW,,000250,삼천당제약,CFS
20260602000573,11011,2025,00128546,SCE,자본변동표,dart_PurchaseDisposalsOfOddShares,단주취득 및 처분,자본 [구성요소]|지배기업의 소유주에게 귀속되는 지분 [구성요소]|자기주식,제 82 기,0,제 81 기,0,제 80 기,0,22,KRW,,000250,삼천당제약,CFS
20260602000573,11011,2025,00128546,SCE,자본변동표,dart_PurchaseDisposalsOfOddShares,단주취득 및 처분,자본 [구성요소]|지배기업의 소유주에게 귀속되는 지분 [구성요소]|자기주식처분이익,제 82 기,0,제 81 기,0,제 80 기,0,22,KRW,,000250,삼천당제약,CFS
20260602000573,11011,2025,00128546,SCE,자본변동표,dart_PurchaseDisposalsOfOddShares,단주취득 및 처분,자본 [구성요소]|지배기업의 소유주에게 귀속되는 지분 [구성요소]|자본금 [구성요소],제 82 기,0,제 81 기,0,제 80 기,0,22,KRW,,000250,삼천당제약,CFS
20260602000573,11011,2025,00128546,SCE,자본변동표,dart_PurchaseDispostionOfAssociatesOrJointVenture,관계기업 및 공동기업 주식 취득 및 처분,연결재무제표 [member],제 82 기,0,제 81 기,0,제 80 기,0,23,KRW,,000250,삼천당제약,CFS
20260602000573,11011,2025,00128546,SCE,자본변동표,dart_PurchaseDispostionOfAssociatesOrJointVenture,관계기업 및 공동기업 주식 취득 및 처분,자본 [구성요소]|비지배지분 [구성요소],제 82 기,0,제 81 기,0,제 80 기,0,23,KRW,,000250,삼천당제약,CFS
20260602000573,11011,2025,00128546,SCE,자본변동표,dart_PurchaseDispostionOfAssociatesOrJointVenture,관계기업 및 공동기업 주식 취득 및 처분,자본 [구성요소]|지배기업의 소유주에게 귀속되는 지분 [구성요소],제 82 기,0,제 81 기,0,제 80 기,0,23,KRW,,000250,삼천당제약,CFS
20260602000573,11011,2025,00128546,SCE,자본변동표,dart_PurchaseDispostionOfAssociatesOrJointVenture,관계기업 및 공동기업 주식 취득 및 처분,자본 [구성요소]|지배기업의 소유주에게 귀속되는 지분 [구성요소]|기타자본잉여금 [구성요소],제 82 기,0,제 81 기,0,제 80 기,0,23,KRW,,000250,삼천당제약,CFS
20260602000573,11011,2025,00128546,SCE,자본변동표,dart_PurchaseDispostionOfAssociatesOrJointVenture,관계기업 및 공동기업 주식 취득 및 처분,자본 [구성요소]|지배기업의 소유주에게 귀속되는 지분 [구성요소]|기타포괄손익누계액 [구성요소],제 82 기,0,제 81 기,0,제 80 기,0,23,KRW,,000250,삼천당제약,CFS
20260602000573,11011,2025,00128546,SCE,자본변동표,dart_PurchaseDispostionOfAssociatesOrJointVenture,관계기업 및 공동기업 주식 취득 및 처분,자본 [구성요소]|지배기업의 소유주에게 귀속되는 지분 [구성요소]|이익잉여금 [구성요소],제 82 기,0,제 81 기,0,제 80 기,0,23,KRW,,000250,삼천당제약,CFS
20260602000573,11011,2025,00128546,SCE,자본변동표,dart_PurchaseDispostionOfAssociatesOrJointVenture,관계기업 및 공동기업 주식 취득 및 처분,자본 [구성요소]|지배기업의 소유주에게 귀속되는 지분 [구성요소]|자기주식,제 82 기,0,제 81 기,0,제 80 기,0,23,KRW,,000250,삼천당제약,CFS
20260602000573,11011,2025,00128546,SCE,자본변동표,dart_PurchaseDispostionOfAssociatesOrJointVenture,관계기업 및 공동기업 주식 취득 및 처분,자본 [구성요소]|지배기업의 소유주에게 귀속되는 지분 [구성요소]|자기주식처분이익,제 82 기,0,제 81 기,0,제 80 기,0,23,KRW,,000250,삼천당제약,CFS
20260602000573,11011,2025,00128546,SCE,자본변동표,dart_PurchaseDispostionOfAssociatesOrJointVenture,관계기업 및 공동기업 주식 취득 및 처분,자본 [구성요소]|지배기업의 소유주에게 귀속되는 지분 [구성요소]|자본금 [구성요소],제 82 기,0,제 81 기,0,제 80 기,0,23,KRW,,000250,삼천당제약,CFS
20260602000573,11011,2025,00128546,SCE,자본변동표,dart_ReclassificationAdjustments,재분류조정,연결재무제표 [member],제 82 기,0,제 81 기,0,제 80 기,0,24,KRW,,000250,삼천당제약,CFS
20260602000573,11011,2025,00128546,SCE,자본변동표,dart_ReclassificationAdjustments,재분류조정,자본 [구성요소]|비지배지분 [구성요소],제 82 기,0,제 81 기,0,제 80 기,0,24,KRW,,000250,삼천당제약,CFS
20260602000573,11011,2025,00128546,SCE,자본변동표,dart_ReclassificationAdjustments,재분류조정,자본 [구성요소]|지배기업의 소유주에게 귀속되는 지분 [구성요소],제 82 기,0,제 81 기,0,제 80 기,0,24,KRW,,000250,삼천당제약,CFS
20260602000573,11011,2025,00128546,SCE,자본변동표,dart_ReclassificationAdjustments,재분류조정,자본 [구성요소]|지배기업의 소유주에게 귀속되는 지분 [구성요소]|기타자본잉여금 [구성요소],제 82 기,0,제 81 기,0,제 80 기,0,24,KRW,,000250,삼천당제약,CFS
20260602000573,11011,2025,00128546,SCE,자본변동표,dart_ReclassificationAdjustments,재분류조정,자본 [구성요소]|지배기업의 소유주에게 귀속되는 지분 [구성요소]|기타포괄손익누계액 [구성요소],제 82 기,0,제 81 기,0,제 80 기,0,24,KRW,,000250,삼천당제약,CFS
20260602000573,11011,2025,00128546,SCE,자본변동표,dart_ReclassificationAdjustments,재분류조정,자본 [구성요소]|지배기업의 소유주에게 귀속되는 지분 [구성요소]|이익잉여금 [구성요소],제 82 기,0,제 81 기,0,제 80 기,0,24,KRW,,000250,삼천당제약,CFS
20260602000573,11011,2025,00128546,SCE,자본변동표,dart_ReclassificationAdjustments,재분류조정,자본 [구성요소]|지배기업의 소유주에게 귀속되는 지분 [구성요소]|자기주식,제 82 기,0,제 81 기,0,제 80 기,0,24,KRW,,000250,삼천당제약,CFS
20260602000573,11011,2025,00128546,SCE,자본변동표,dart_ReclassificationAdjustments,재분류조정,자본 [구성요소]|지배기업의 소유주에게 귀속되는 지분 [구성요소]|자기주식처분이익,제 82 기,0,제 81 기,0,제 80 기,0,24,KRW,,000250,삼천당제약,CFS
20260602000573,11011,2025,00128546,SCE,자본변동표,dart_ReclassificationAdjustments,재분류조정,자본 [구성요소]|지배기업의 소유주에게 귀속되는 지분 [구성요소]|자본금 [구성요소],제 82 기,0,제 81 기,0,제 80 기,0,24,KRW,,000250,삼천당제약,CFS
20260602000573,11011,2025,00128546,SCE,자본변동표,dart_SpinoffOrDropdown,인/물적분할,연결재무제표 [member],제 82 기,0,제 81 기,0,제 80 기,0,25,KRW,,000250,삼천당제약,CFS
20260602000573,11011,2025,00128546,SCE,자본변동표,dart_SpinoffOrDropdown,인/물적분할,자본 [구성요소]|비지배지분 [구성요소],제 82 기,0,제 81 기,0,제 80 기,0,25,KRW,,000250,삼천당제약,CFS
20260602000573,11011,2025,00128546,SCE,자본변동표,dart_SpinoffOrDropdown,인/물적분할,자본 [구성요소]|지배기업의 소유주에게 귀속되는 지분 [구성요소],제 82 기,0,제 81 기,0,제 80 기,0,25,KRW,,000250,삼천당제약,CFS
20260602000573,11011,2025,00128546,SCE,자본변동표,dart_SpinoffOrDropdown,인/물적분할,자본 [구성요소]|지배기업의 소유주에게 귀속되는 지분 [구성요소]|기타자본잉여금 [구성요소],제 82 기,0,제 81 기,0,제 80 기,0,25,KRW,,000250,삼천당제약,CFS
20260602000573,11011,2025,00128546,SCE,자본변동표,dart_SpinoffOrDropdown,인/물적분할,자본 [구성요소]|지배기업의 소유주에게 귀속되는 지분 [구성요소]|기타포괄손익누계액 [구성요소],제 82 기,0,제 81 기,0,제 80 기,0,25,KRW,,000250,삼천당제약,CFS
20260602000573,11011,2025,00128546,SCE,자본변동표,dart_SpinoffOrDropdown,인/물적분할,자본 [구성요소]|지배기업의 소유주에게 귀속되는 지분 [구성요소]|이익잉여금 [구성요소],제 82 기,0,제 81 기,0,제 80 기,0,25,KRW,,000250,삼천당제약,CFS
20260602000573,11011,2025,00128546,SCE,자본변동표,dart_SpinoffOrDropdown,인/물적분할,자본 [구성요소]|지배기업의 소유주에게 귀속되는 지분 [구성요소]|자기주식,제 82 기,0,제 81 기,0,제 80 기,0,25,KRW,,000250,삼천당제약,CFS
20260602000573,11011,2025,00128546,SCE,자본변동표,dart_SpinoffOrDropdown,인/물적분할,자본 [구성요소]|지배기업의 소유주에게 귀속되는 지분 [구성요소]|자기주식처분이익,제 82 기,0,제 81 기,0,제 80 기,0,25,KRW,,000250,삼천당제약,CFS
20260602000573,11011,2025,00128546,SCE,자본변동표,dart_SpinoffOrDropdown,인/물적분할,자본 [구성요소]|지배기업의 소유주에게 귀속되는 지분 [구성요소]|자본금 [구성요소],제 82 기,0,제 81 기,0,제 80 기,0,25,KRW,,000250,삼천당제약,CFS
20260602000573,11011,2025,00128546,SCE,자본변동표,dart_StockDividends,주식배당,연결재무제표 [member],제 82 기,0,제 81 기,0,제 80 기,0,26,KRW,,000250,삼천당제약,CFS
20260602000573,11011,2025,00128546,SCE,자본변동표,dart_StockDividends,주식배당,자본 [구성요소]|비지배지분 [구성요소],제 82 기,0,제 81 기,0,제 80 기,0,26,KRW,,000250,삼천당제약,CFS
20260602000573,11011,2025,00128546,SCE,자본변동표,dart_StockDividends,주식배당,자본 [구성요소]|지배기업의 소유주에게 귀속되는 지분 [구성요소],제 82 기,0,제 81 기,0,제 80 기,0,26,KRW,,000250,삼천당제약,CFS
20260602000573,11011,2025,00128546,SCE,자본변동표,dart_StockDividends,주식배당,자본 [구성요소]|지배기업의 소유주에게 귀속되는 지분 [구성요소]|기타자본잉여금 [구성요소],제 82 기,0,제 81 기,0,제 80 기,0,26,KRW,,000250,삼천당제약,CFS
20260602000573,11011,2025,00128546,SCE,자본변동표,dart_StockDividends,주식배당,자본 [구성요소]|지배기업의 소유주에게 귀속되는 지분 [구성요소]|기타포괄손익누계액 [구성요소],제 82 기,0,제 81 기,0,제 80 기,0,26,KRW,,000250,삼천당제약,CFS
20260602000573,11011,2025,00128546,SCE,자본변동표,dart_StockDividends,주식배당,자본 [구성요소]|지배기업의 소유주에게 귀속되는 지분 [구성요소]|이익잉여금 [구성요소],제 82 기,0,제 81 기,0,제 80 기,0,26,KRW,,000250,삼천당제약,CFS
20260602000573,11011,2025,00128546,SCE,자본변동표,dart_StockDividends,주식배당,자본 [구성요소]|지배기업의 소유주에게 귀속되는 지분 [구성요소]|자기주식,제 82 기,0,제 81 기,0,제 80 기,0,26,KRW,,000250,삼천당제약,CFS
20260602000573,11011,2025,00128546,SCE,자본변동표,dart_StockDividends,주식배당,자본 [구성요소]|지배기업의 소유주에게 귀속되는 지분 [구성요소]|자기주식처분이익,제 82 기,0,제 81 기,0,제 80 기,0,26,KRW,,000250,삼천당제약,CFS
20260602000573,11011,2025,00128546,SCE,자본변동표,dart_StockDividends,주식배당,자본 [구성요소]|지배기업의 소유주에게 귀속되는 지분 [구성요소]|자본금 [구성요소],제 82 기,0,제 81 기,0,제 80 기,0,26,KRW,,000250,삼천당제약,CFS
20260602000573,11011,2025,00128546,SCE,자본변동표,dart_StockRedemption,유상감자,연결재무제표 [member],제 82 기,0,제 81 기,0,제 80 기,0,27,KRW,,000250,삼천당제약,CFS
20260602000573,11011,2025,00128546,SCE,자본변동표,dart_StockRedemption,유상감자,자본 [구성요소]|비지배지분 [구성요소],제 82 기,0,제 81 기,0,제 80 기,0,27,KRW,,000250,삼천당제약,CFS
20260602000573,11011,2025,00128546,SCE,자본변동표,dart_StockRedemption,유상감자,자본 [구성요소]|지배기업의 소유주에게 귀속되는 지분 [구성요소],제 82 기,0,제 81 기,0,제 80 기,0,27,KRW,,000250,삼천당제약,CFS
20260602000573,11011,2025,00128546,SCE,자본변동표,dart_StockRedemption,유상감자,자본 [구성요소]|지배기업의 소유주에게 귀속되는 지분 [구성요소]|기타자본잉여금 [구성요소],제 82 기,0,제 81 기,0,제 80 기,0,27,KRW,,000250,삼천당제약,CFS
20260602000573,11011,2025,00128546,SCE,자본변동표,dart_StockRedemption,유상감자,자본 [구성요소]|지배기업의 소유주에게 귀속되는 지분 [구성요소]|기타포괄손익누계액 [구성요소],제 82 기,0,제 81 기,0,제 80 기,0,27,KRW,,000250,삼천당제약,CFS
20260602000573,11011,2025,00128546,SCE,자본변동표,dart_StockRedemption,유상감자,자본 [구성요소]|지배기업의 소유주에게 귀속되는 지분 [구성요소]|이익잉여금 [구성요소],제 82 기,0,제 81 기,0,제 80 기,0,27,KRW,,000250,삼천당제약,CFS
20260602000573,11011,2025,00128546,SCE,자본변동표,dart_StockRedemption,유상감자,자본 [구성요소]|지배기업의 소유주에게 귀속되는 지분 [구성요소]|자기주식,제 82 기,0,제 81 기,0,제 80 기,0,27,KRW,,000250,삼천당제약,CFS
20260602000573,11011,2025,00128546,SCE,자본변동표,dart_StockRedemption,유상감자,자본 [구성요소]|지배기업의 소유주에게 귀속되는 지분 [구성요소]|자기주식처분이익,제 82 기,0,제 81 기,0,제 80 기,0,27,KRW,,000250,삼천당제약,CFS
20260602000573,11011,2025,00128546,SCE,자본변동표,dart_StockRedemption,유상감자,자본 [구성요소]|지배기업의 소유주에게 귀속되는 지분 [구성요소]|자본금 [구성요소],제 82 기,0,제 81 기,0,제 80 기,0,27,KRW,,000250,삼천당제약,CFS
20260602000573,11011,2025,00128546,SCE,자본변동표,dart_StockRedemptionWithoutRefund,무상감자,연결재무제표 [member],제 82 기,0,제 81 기,0,제 80 기,0,28,KRW,,000250,삼천당제약,CFS
20260602000573,11011,2025,00128546,SCE,자본변동표,dart_StockRedemptionWithoutRefund,무상감자,자본 [구성요소]|비지배지분 [구성요소],제 82 기,0,제 81 기,0,제 80 기,0,28,KRW,,000250,삼천당제약,CFS
20260602000573,11011,2025,00128546,SCE,자본변동표,dart_StockRedemptionWithoutRefund,무상감자,자본 [구성요소]|지배기업의 소유주에게 귀속되는 지분 [구성요소],제 82 기,0,제 81 기,0,제 80 기,0,28,KRW,,000250,삼천당제약,CFS
20260602000573,11011,2025,00128546,SCE,자본변동표,dart_StockRedemptionWithoutRefund,무상감자,자본 [구성요소]|지배기업의 소유주에게 귀속되는 지분 [구성요소]|기타자본잉여금 [구성요소],제 82 기,0,제 81 기,0,제 80 기,0,28,KRW,,000250,삼천당제약,CFS
20260602000573,11011,2025,00128546,SCE,자본변동표,dart_StockRedemptionWithoutRefund,무상감자,자본 [구성요소]|지배기업의 소유주에게 귀속되는 지분 [구성요소]|기타포괄손익누계액 [구성요소],제 82 기,0,제 81 기,0,제 80 기,0,28,KRW,,000250,삼천당제약,CFS
20260602000573,11011,2025,00128546,SCE,자본변동표,dart_StockRedemptionWithoutRefund,무상감자,자본 [구성요소]|지배기업의 소유주에게 귀속되는 지분 [구성요소]|이익잉여금 [구성요소],제 82 기,0,제 81 기,0,제 80 기,0,28,KRW,,000250,삼천당제약,CFS
20260602000573,11011,2025,00128546,SCE,자본변동표,dart_StockRedemptionWithoutRefund,무상감자,자본 [구성요소]|지배기업의 소유주에게 귀속되는 지분 [구성요소]|자기주식,제 82 기,0,제 81 기,0,제 80 기,0,28,KRW,,000250,삼천당제약,CFS
20260602000573,11011,2025,00128546,SCE,자본변동표,dart_StockRedemptionWithoutRefund,무상감자,자본 [구성요소]|지배기업의 소유주에게 귀속되는 지분 [구성요소]|자기주식처분이익,제 82 기,0,제 81 기,0,제 80 기,0,28,KRW,,000250,삼천당제약,CFS
20260602000573,11011,2025,00128546,SCE,자본변동표,dart_StockRedemptionWithoutRefund,무상감자,자본 [구성요소]|지배기업의 소유주에게 귀속되는 지분 [구성요소]|자본금 [구성요소],제 82 기,0,제 81 기,0,제 80 기,0,28,KRW,,000250,삼천당제약,CFS
20260602000573,11011,2025,00128546,SCE,자본변동표,dart_SubscriptionOnNewStocks,신주청약,연결재무제표 [member],제 82 기,0,제 81 기,0,제 80 기,0,29,KRW,,000250,삼천당제약,CFS
20260602000573,11011,2025,00128546,SCE,자본변동표,dart_SubscriptionOnNewStocks,신주청약,자본 [구성요소]|비지배지분 [구성요소],제 82 기,0,제 81 기,0,제 80 기,0,29,KRW,,000250,삼천당제약,CFS
20260602000573,11011,2025,00128546,SCE,자본변동표,dart_SubscriptionOnNewStocks,신주청약,자본 [구성요소]|지배기업의 소유주에게 귀속되는 지분 [구성요소],제 82 기,0,제 81 기,0,제 80 기,0,29,KRW,,000250,삼천당제약,CFS
20260602000573,11011,2025,00128546,SCE,자본변동표,dart_SubscriptionOnNewStocks,신주청약,자본 [구성요소]|지배기업의 소유주에게 귀속되는 지분 [구성요소]|기타자본잉여금 [구성요소],제 82 기,0,제 81 기,0,제 80 기,0,29,KRW,,000250,삼천당제약,CFS
20260602000573,11011,2025,00128546,SCE,자본변동표,dart_SubscriptionOnNewStocks,신주청약,자본 [구성요소]|지배기업의 소유주에게 귀속되는 지분 [구성요소]|기타포괄손익누계액 [구성요소],제 82 기,0,제 81 기,0,제 80 기,0,29,KRW,,000250,삼천당제약,CFS
20260602000573,11011,2025,00128546,SCE,자본변동표,dart_SubscriptionOnNewStocks,신주청약,자본 [구성요소]|지배기업의 소유주에게 귀속되는 지분 [구성요소]|이익잉여금 [구성요소],제 82 기,0,제 81 기,0,제 80 기,0,29,KRW,,000250,삼천당제약,CFS
20260602000573,11011,2025,00128546,SCE,자본변동표,dart_SubscriptionOnNewStocks,신주청약,자본 [구성요소]|지배기업의 소유주에게 귀속되는 지분 [구성요소]|자기주식,제 82 기,0,제 81 기,0,제 80 기,0,29,KRW,,000250,삼천당제약,CFS
20260602000573,11011,2025,00128546,SCE,자본변동표,dart_SubscriptionOnNewStocks,신주청약,자본 [구성요소]|지배기업의 소유주에게 귀속되는 지분 [구성요소]|자기주식처분이익,제 82 기,0,제 81 기,0,제 80 기,0,29,KRW,,000250,삼천당제약,CFS
20260602000573,11011,2025,00128546,SCE,자본변동표,dart_SubscriptionOnNewStocks,신주청약,자본 [구성요소]|지배기업의 소유주에게 귀속되는 지분 [구성요소]|자본금 [구성요소],제 82 기,0,제 81 기,0,제 80 기,0,29,KRW,,000250,삼천당제약,CFS
20260602000573,11011,2025,00128546,SCE,자본변동표,dart_TreasuryShareTransactions,자기주식 거래로 인한 증감,연결재무제표 [member],제 82 기,0,제 81 기,56534989819,제 80 기,0,30,KRW,,000250,삼천당제약,CFS
20260602000573,11011,2025,00128546,SCE,자본변동표,dart_TreasuryShareTransactions,자기주식 거래로 인한 증감,자본 [구성요소]|비지배지분 [구성요소],제 82 기,0,제 81 기,0,제 80 기,0,30,KRW,,000250,삼천당제약,CFS
20260602000573,11011,2025,00128546,SCE,자본변동표,dart_TreasuryShareTransactions,자기주식 거래로 인한 증감,자본 [구성요소]|지배기업의 소유주에게 귀속되는 지분 [구성요소],제 82 기,0,제 81 기,56534989819,제 80 기,0,30,KRW,,000250,삼천당제약,CFS
20260602000573,11011,2025,00128546,SCE,자본변동표,dart_TreasuryShareTransactions,자기주식 거래로 인한 증감,자본 [구성요소]|지배기업의 소유주에게 귀속되는 지분 [구성요소]|기타자본잉여금 [구성요소],제 82 기,0,제 81 기,0,제 80 기,0,30,KRW,,000250,삼천당제약,CFS
20260602000573,11011,2025,00128546,SCE,자본변동표,dart_TreasuryShareTransactions,자기주식 거래로 인한 증감,자본 [구성요소]|지배기업의 소유주에게 귀속되는 지분 [구성요소]|기타포괄손익누계액 [구성요소],제 82 기,0,제 81 기,0,제 80 기,0,30,KRW,,000250,삼천당제약,CFS
20260602000573,11011,2025,00128546,SCE,자본변동표,dart_TreasuryShareTransactions,자기주식 거래로 인한 증감,자본 [구성요소]|지배기업의 소유주에게 귀속되는 지분 [구성요소]|이익잉여금 [구성요소],제 82 기,0,제 81 기,0,제 80 기,0,30,KRW,,000250,삼천당제약,CFS
20260602000573,11011,2025,00128546,SCE,자본변동표,dart_TreasuryShareTransactions,자기주식 거래로 인한 증감,자본 [구성요소]|지배기업의 소유주에게 귀속되는 지분 [구성요소]|자기주식,제 82 기,0,제 81 기,1420233292,제 80 기,0,30,KRW,,000250,삼천당제약,CFS
20260602000573,11011,2025,00128546,SCE,자본변동표,dart_TreasuryShareTransactions,자기주식 거래로 인한 증감,자본 [구성요소]|지배기업의 소유주에게 귀속되는 지분 [구성요소]|자기주식처분이익,제 82 기,0,제 81 기,55114756527,제 80 기,0,30,KRW,,000250,삼천당제약,CFS
20260602000573,11011,2025,00128546,SCE,자본변동표,dart_TreasuryShareTransactions,자기주식 거래로 인한 증감,자본 [구성요소]|지배기업의 소유주에게 귀속되는 지분 [구성요소]|자본금 [구성요소],제 82 기,0,제 81 기,0,제 80 기,0,30,KRW,,000250,삼천당제약,CFS
20260602000573,11011,2025,00128546,SCE,자본변동표,dart_UnissuedStockDividends,미교부주식배당금,연결재무제표 [member],제 82 기,0,제 81 기,0,제 80 기,0,31,KRW,,000250,삼천당제약,CFS
20260602000573,11011,2025,00128546,SCE,자본변동표,dart_UnissuedStockDividends,미교부주식배당금,자본 [구성요소]|비지배지분 [구성요소],제 82 기,0,제 81 기,0,제 80 기,0,31,KRW,,000250,삼천당제약,CFS
20260602000573,11011,2025,00128546,SCE,자본변동표,dart_UnissuedStockDividends,미교부주식배당금,자본 [구성요소]|지배기업의 소유주에게 귀속되는 지분 [구성요소],제 82 기,0,제 81 기,0,제 80 기,0,31,KRW,,000250,삼천당제약,CFS
20260602000573,11011,2025,00128546,SCE,자본변동표,dart_UnissuedStockDividends,미교부주식배당금,자본 [구성요소]|지배기업의 소유주에게 귀속되는 지분 [구성요소]|기타자본잉여금 [구성요소],제 82 기,0,제 81 기,0,제 80 기,0,31,KRW,,000250,삼천당제약,CFS
20260602000573,11011,2025,00128546,SCE,자본변동표,dart_UnissuedStockDividends,미교부주식배당금,자본 [구성요소]|지배기업의 소유주에게 귀속되는 지분 [구성요소]|기타포괄손익누계액 [구성요소],제 82 기,0,제 81 기,0,제 80 기,0,31,KRW,,000250,삼천당제약,CFS
20260602000573,11011,2025,00128546,SCE,자본변동표,dart_UnissuedStockDividends,미교부주식배당금,자본 [구성요소]|지배기업의 소유주에게 귀속되는 지분 [구성요소]|이익잉여금 [구성요소],제 82 기,0,제 81 기,0,제 80 기,0,31,KRW,,000250,삼천당제약,CFS
20260602000573,11011,2025,00128546,SCE,자본변동표,dart_UnissuedStockDividends,미교부주식배당금,자본 [구성요소]|지배기업의 소유주에게 귀속되는 지분 [구성요소]|자기주식,제 82 기,0,제 81 기,0,제 80 기,0,31,KRW,,000250,삼천당제약,CFS
20260602000573,11011,2025,00128546,SCE,자본변동표,dart_UnissuedStockDividends,미교부주식배당금,자본 [구성요소]|지배기업의 소유주에게 귀속되는 지분 [구성요소]|자기주식처분이익,제 82 기,0,제 81 기,0,제 80 기,0,31,KRW,,000250,삼천당제약,CFS
20260602000573,11011,2025,00128546,SCE,자본변동표,dart_UnissuedStockDividends,미교부주식배당금,자본 [구성요소]|지배기업의 소유주에게 귀속되는 지분 [구성요소]|자본금 [구성요소],제 82 기,0,제 81 기,0,제 80 기,0,31,KRW,,000250,삼천당제약,CFS
20260602000573,11011,2025,00128546,SCE,자본변동표,-표준계정코드 미사용-,종속기업의 자기주식변동,연결재무제표 [member],제 82 기,167563727,제 81 기,205019550,제 80 기,572131553,32,KRW,,000250,삼천당제약,CFS
20260602000573,11011,2025,00128546,SCE,자본변동표,-표준계정코드 미사용-,종속기업의 자기주식변동,자본 [구성요소]|비지배지분 [구성요소],제 82 기,382751411,제 81 기,-920533,제 80 기,648880770,32,KRW,,000250,삼천당제약,CFS
20260602000573,11011,2025,00128546,SCE,자본변동표,-표준계정코드 미사용-,종속기업의 자기주식변동,자본 [구성요소]|지배기업의 소유주에게 귀속되는 지분 [구성요소],제 82 기,-215187684,제 81 기,205940083,제 80 기,-76749217,32,KRW,,000250,삼천당제약,CFS
20260602000573,11011,2025,00128546,SCE,자본변동표,-표준계정코드 미사용-,종속기업의 자기주식변동,자본 [구성요소]|지배기업의 소유주에게 귀속되는 지분 [구성요소]|기타자본잉여금 [구성요소],제 82 기,-215187684,제 81 기,205940083,제 80 기,-76749217,32,KRW,,000250,삼천당제약,CFS
20260602000573,11011,2025,00128546,SCE,자본변동표,-표준계정코드 미사용-,종속기업의 자기주식변동,자본 [구성요소]|지배기업의 소유주에게 귀속되는 지분 [구성요소]|기타포괄손익누계액 [구성요소],제 82 기,0,제 81 기,0,제 80 기,0,32,KRW,,000250,삼천당제약,CFS
20260602000573,11011,2025,00128546,SCE,자본변동표,-표준계정코드 미사용-,종속기업의 자기주식변동,자본 [구성요소]|지배기업의 소유주에게 귀속되는 지분 [구성요소]|이익잉여금 [구성요소],제 82 기,0,제 81 기,0,제 80 기,0,32,KRW,,000250,삼천당제약,CFS
20260602000573,11011,2025,00128546,SCE,자본변동표,-표준계정코드 미사용-,종속기업의 자기주식변동,자본 [구성요소]|지배기업의 소유주에게 귀속되는 지분 [구성요소]|자기주식,제 82 기,0,제 81 기,0,제 80 기,0,32,KRW,,000250,삼천당제약,CFS
20260602000573,11011,2025,00128546,SCE,자본변동표,-표준계정코드 미사용-,종속기업의 자기주식변동,자본 [구성요소]|지배기업의 소유주에게 귀속되는 지분 [구성요소]|자기주식처분이익,제 82 기,0,제 81 기,0,제 80 기,0,32,KRW,,000250,삼천당제약,CFS
20260602000573,11011,2025,00128546,SCE,자본변동표,-표준계정코드 미사용-,종속기업의 자기주식변동,자본 [구성요소]|지배기업의 소유주에게 귀속되는 지분 [구성요소]|자본금 [구성요소],제 82 기,0,제 81 기,0,제 80 기,0,32,KRW,,000250,삼천당제약,CFS
20260602000573,11011,2025,00128546,SCE,자본변동표,-표준계정코드 미사용-,종속기업의 배당,연결재무제표 [member],제 82 기,0,제 81 기,-890150900,제 80 기,-880821500,33,KRW,,000250,삼천당제약,CFS
20260602000573,11011,2025,00128546,SCE,자본변동표,-표준계정코드 미사용-,종속기업의 배당,자본 [구성요소]|비지배지분 [구성요소],제 82 기,0,제 81 기,-890150900,제 80 기,-880821500,33,KRW,,000250,삼천당제약,CFS
20260602000573,11011,2025,00128546,SCE,자본변동표,-표준계정코드 미사용-,종속기업의 배당,자본 [구성요소]|지배기업의 소유주에게 귀속되는 지분 [구성요소],제 82 기,0,제 81 기,0,제 80 기,0,33,KRW,,000250,삼천당제약,CFS
20260602000573,11011,2025,00128546,SCE,자본변동표,-표준계정코드 미사용-,종속기업의 배당,자본 [구성요소]|지배기업의 소유주에게 귀속되는 지분 [구성요소]|기타자본잉여금 [구성요소],제 82 기,0,제 81 기,0,제 80 기,0,33,KRW,,000250,삼천당제약,CFS
20260602000573,11011,2025,00128546,SCE,자본변동표,-표준계정코드 미사용-,종속기업의 배당,자본 [구성요소]|지배기업의 소유주에게 귀속되는 지분 [구성요소]|기타포괄손익누계액 [구성요소],제 82 기,0,제 81 기,0,제 80 기,0,33,KRW,,000250,삼천당제약,CFS
20260602000573,11011,2025,00128546,SCE,자본변동표,-표준계정코드 미사용-,종속기업의 배당,자본 [구성요소]|지배기업의 소유주에게 귀속되는 지분 [구성요소]|이익잉여금 [구성요소],제 82 기,0,제 81 기,0,제 80 기,0,33,KRW,,000250,삼천당제약,CFS
20260602000573,11011,2025,00128546,SCE,자본변동표,-표준계정코드 미사용-,종속기업의 배당,자본 [구성요소]|지배기업의 소유주에게 귀속되는 지분 [구성요소]|자기주식,제 82 기,0,제 81 기,0,제 80 기,0,33,KRW,,000250,삼천당제약,CFS
20260602000573,11011,2025,00128546,SCE,자본변동표,-표준계정코드 미사용-,종속기업의 배당,자본 [구성요소]|지배기업의 소유주에게 귀속되는 지분 [구성요소]|자기주식처분이익,제 82 기,0,제 81 기,0,제 80 기,0,33,KRW,,000250,삼천당제약,CFS
20260602000573,11011,2025,00128546,SCE,자본변동표,-표준계정코드 미사용-,종속기업의 배당,자본 [구성요소]|지배기업의 소유주에게 귀속되는 지분 [구성요소]|자본금 [구성요소],제 82 기,0,제 81 기,0,제 80 기,0,33,KRW,,000250,삼천당제약,CFS
20260602000573,11011,2025,00128546,SCE,자본변동표,-표준계정코드 미사용-,교환권 행사,연결재무제표 [member],제 82 기,44308070,제 81 기,0,제 80 기,52779143913,34,KRW,,000250,삼천당제약,CFS
20260602000573,11011,2025,00128546,SCE,자본변동표,-표준계정코드 미사용-,교환권 행사,자본 [구성요소]|비지배지분 [구성요소],제 82 기,0,제 81 기,0,제 80 기,0,34,KRW,,000250,삼천당제약,CFS
20260602000573,11011,2025,00128546,SCE,자본변동표,-표준계정코드 미사용-,교환권 행사,자본 [구성요소]|지배기업의 소유주에게 귀속되는 지분 [구성요소],제 82 기,44308070,제 81 기,0,제 80 기,52779143913,34,KRW,,000250,삼천당제약,CFS
20260602000573,11011,2025,00128546,SCE,자본변동표,-표준계정코드 미사용-,교환권 행사,자본 [구성요소]|지배기업의 소유주에게 귀속되는 지분 [구성요소]|기타자본잉여금 [구성요소],제 82 기,-19181375,제 81 기,0,제 80 기,52434428413,34,KRW,,000250,삼천당제약,CFS
20260602000573,11011,2025,00128546,SCE,자본변동표,-표준계정코드 미사용-,교환권 행사,자본 [구성요소]|지배기업의 소유주에게 귀속되는 지분 [구성요소]|기타포괄손익누계액 [구성요소],제 82 기,0,제 81 기,0,제 80 기,0,34,KRW,,000250,삼천당제약,CFS
20260602000573,11011,2025,00128546,SCE,자본변동표,-표준계정코드 미사용-,교환권 행사,자본 [구성요소]|지배기업의 소유주에게 귀속되는 지분 [구성요소]|이익잉여금 [구성요소],제 82 기,0,제 81 기,0,제 80 기,0,34,KRW,,000250,삼천당제약,CFS
20260602000573,11011,2025,00128546,SCE,자본변동표,-표준계정코드 미사용-,교환권 행사,자본 [구성요소]|지배기업의 소유주에게 귀속되는 지분 [구성요소]|자기주식,제 82 기,1153229,제 81 기,0,제 80 기,0,34,KRW,,000250,삼천당제약,CFS
20260602000573,11011,2025,00128546,SCE,자본변동표,-표준계정코드 미사용-,교환권 행사,자본 [구성요소]|지배기업의 소유주에게 귀속되는 지분 [구성요소]|자기주식처분이익,제 82 기,62336216,제 81 기,0,제 80 기,0,34,KRW,,000250,삼천당제약,CFS
20260602000573,11011,2025,00128546,SCE,자본변동표,-표준계정코드 미사용-,교환권 행사,자본 [구성요소]|지배기업의 소유주에게 귀속되는 지분 [구성요소]|자본금 [구성요소],제 82 기,0,제 81 기,0,제 80 기,344715500,34,KRW,,000250,삼천당제약,CFS
20260602000573,11011,2025,00128546,SCE,자본변동표,-표준계정코드 미사용-,해외사업장환산외환차이(세후기타포괄손익),연결재무제표 [member],제 82 기,64307191,제 81 기,200078634,제 80 기,45279519,35,KRW,,000250,삼천당제약,CFS
20260602000573,11011,2025,00128546,SCE,자본변동표,-표준계정코드 미사용-,해외사업장환산외환차이(세후기타포괄손익),자본 [구성요소]|비지배지분 [구성요소],제 82 기,0,제 81 기,0,제 80 기,0,35,KRW,,000250,삼천당제약,CFS
20260602000573,11011,2025,00128546,SCE,자본변동표,-표준계정코드 미사용-,해외사업장환산외환차이(세후기타포괄손익),자본 [구성요소]|지배기업의 소유주에게 귀속되는 지분 [구성요소],제 82 기,64307191,제 81 기,200078634,제 80 기,45279519,35,KRW,,000250,삼천당제약,CFS
20260602000573,11011,2025,00128546,SCE,자본변동표,-표준계정코드 미사용-,해외사업장환산외환차이(세후기타포괄손익),자본 [구성요소]|지배기업의 소유주에게 귀속되는 지분 [구성요소]|기타자본잉여금 [구성요소],제 82 기,0,제 81 기,0,제 80 기,0,35,KRW,,000250,삼천당제약,CFS
20260602000573,11011,2025,00128546,SCE,자본변동표,-표준계정코드 미사용-,해외사업장환산외환차이(세후기타포괄손익),자본 [구성요소]|지배기업의 소유주에게 귀속되는 지분 [구성요소]|기타포괄손익누계액 [구성요소],제 82 기,64307191,제 81 기,200078634,제 80 기,45279519,35,KRW,,000250,삼천당제약,CFS
20260602000573,11011,2025,00128546,SCE,자본변동표,-표준계정코드 미사용-,해외사업장환산외환차이(세후기타포괄손익),자본 [구성요소]|지배기업의 소유주에게 귀속되는 지분 [구성요소]|이익잉여금 [구성요소],제 82 기,0,제 81 기,0,제 80 기,0,35,KRW,,000250,삼천당제약,CFS
20260602000573,11011,2025,00128546,SCE,자본변동표,-표준계정코드 미사용-,해외사업장환산외환차이(세후기타포괄손익),자본 [구성요소]|지배기업의 소유주에게 귀속되는 지분 [구성요소]|자기주식,제 82 기,0,제 81 기,0,제 80 기,0,35,KRW,,000250,삼천당제약,CFS
20260602000573,11011,2025,00128546,SCE,자본변동표,-표준계정코드 미사용-,해외사업장환산외환차이(세후기타포괄손익),자본 [구성요소]|지배기업의 소유주에게 귀속되는 지분 [구성요소]|자기주식처분이익,제 82 기,0,제 81 기,0,제 80 기,0,35,KRW,,000250,삼천당제약,CFS
20260602000573,11011,2025,00128546,SCE,자본변동표,-표준계정코드 미사용-,해외사업장환산외환차이(세후기타포괄손익),자본 [구성요소]|지배기업의 소유주에게 귀속되는 지분 [구성요소]|자본금 [구성요소],제 82 기,0,제 81 기,0,제 80 기,0,35,KRW,,000250,삼천당제약,CFS
20260602000573,11011,2025,00128546,SCE,자본변동표,-표준계정코드 미사용-,종속기업투자주식,연결재무제표 [member],제 82 기,0,제 81 기,0,제 80 기,5980390182,36,KRW,,000250,삼천당제약,CFS
20260602000573,11011,2025,00128546,SCE,자본변동표,-표준계정코드 미사용-,종속기업투자주식,자본 [구성요소]|비지배지분 [구성요소],제 82 기,0,제 81 기,0,제 80 기,0,36,KRW,,000250,삼천당제약,CFS
20260602000573,11011,2025,00128546,SCE,자본변동표,-표준계정코드 미사용-,종속기업투자주식,자본 [구성요소]|지배기업의 소유주에게 귀속되는 지분 [구성요소],제 82 기,0,제 81 기,0,제 80 기,5980390182,36,KRW,,000250,삼천당제약,CFS
20260602000573,11011,2025,00128546,SCE,자본변동표,-표준계정코드 미사용-,종속기업투자주식,자본 [구성요소]|지배기업의 소유주에게 귀속되는 지분 [구성요소]|기타자본잉여금 [구성요소],제 82 기,0,제 81 기,0,제 80 기,0,36,KRW,,000250,삼천당제약,CFS
20260602000573,11011,2025,00128546,SCE,자본변동표,-표준계정코드 미사용-,종속기업투자주식,자본 [구성요소]|지배기업의 소유주에게 귀속되는 지분 [구성요소]|기타포괄손익누계액 [구성요소],제 82 기,0,제 81 기,0,제 80 기,0,36,KRW,,000250,삼천당제약,CFS
20260602000573,11011,2025,00128546,SCE,자본변동표,-표준계정코드 미사용-,종속기업투자주식,자본 [구성요소]|지배기업의 소유주에게 귀속되는 지분 [구성요소]|이익잉여금 [구성요소],제 82 기,0,제 81 기,0,제 80 기,5980390182,36,KRW,,000250,삼천당제약,CFS
20260602000573,11011,2025,00128546,SCE,자본변동표,-표준계정코드 미사용-,종속기업투자주식,자본 [구성요소]|지배기업의 소유주에게 귀속되는 지분 [구성요소]|자기주식,제 82 기,0,제 81 기,0,제 80 기,0,36,KRW,,000250,삼천당제약,CFS
20260602000573,11011,2025,00128546,SCE,자본변동표,-표준계정코드 미사용-,종속기업투자주식,자본 [구성요소]|지배기업의 소유주에게 귀속되는 지분 [구성요소]|자기주식처분이익,제 82 기,0,제 81 기,0,제 80 기,0,36,KRW,,000250,삼천당제약,CFS
20260602000573,11011,2025,00128546,SCE,자본변동표,-표준계정코드 미사용-,종속기업투자주식,자본 [구성요소]|지배기업의 소유주에게 귀속되는 지분 [구성요소]|자본금 [구성요소],제 82 기,0,제 81 기,0,제 80 기,0,36,KRW,,000250,삼천당제약,CFS
20260602000573,11011,2025,00128546,SCE,자본변동표,-표준계정코드 미사용-,교환사채 발행,연결재무제표 [member],제 82 기,7076543760,제 81 기,0,제 80 기,0,37,KRW,,000250,삼천당제약,CFS
20260602000573,11011,2025,00128546,SCE,자본변동표,-표준계정코드 미사용-,교환사채 발행,자본 [구성요소]|비지배지분 [구성요소],제 82 기,0,제 81 기,0,제 80 기,0,37,KRW,,000250,삼천당제약,CFS
20260602000573,11011,2025,00128546,SCE,자본변동표,-표준계정코드 미사용-,교환사채 발행,자본 [구성요소]|지배기업의 소유주에게 귀속되는 지분 [구성요소],제 82 기,7076543760,제 81 기,0,제 80 기,0,37,KRW,,000250,삼천당제약,CFS
20260602000573,11011,2025,00128546,SCE,자본변동표,-표준계정코드 미사용-,교환사채 발행,자본 [구성요소]|지배기업의 소유주에게 귀속되는 지분 [구성요소]|기타자본잉여금 [구성요소],제 82 기,7076543760,제 81 기,0,제 80 기,0,37,KRW,,000250,삼천당제약,CFS
20260602000573,11011,2025,00128546,SCE,자본변동표,-표준계정코드 미사용-,교환사채 발행,자본 [구성요소]|지배기업의 소유주에게 귀속되는 지분 [구성요소]|기타포괄손익누계액 [구성요소],제 82 기,0,제 81 기,0,제 80 기,0,37,KRW,,000250,삼천당제약,CFS
20260602000573,11011,2025,00128546,SCE,자본변동표,-표준계정코드 미사용-,교환사채 발행,자본 [구성요소]|지배기업의 소유주에게 귀속되는 지분 [구성요소]|이익잉여금 [구성요소],제 82 기,0,제 81 기,0,제 80 기,0,37,KRW,,000250,삼천당제약,CFS
20260602000573,11011,2025,00128546,SCE,자본변동표,-표준계정코드 미사용-,교환사채 발행,자본 [구성요소]|지배기업의 소유주에게 귀속되는 지분 [구성요소]|자기주식,제 82 기,0,제 81 기,0,제 80 기,0,37,KRW,,000250,삼천당제약,CFS
20260602000573,11011,2025,00128546,SCE,자본변동표,-표준계정코드 미사용-,교환사채 발행,자본 [구성요소]|지배기업의 소유주에게 귀속되는 지분 [구성요소]|자기주식처분이익,제 82 기,0,제 81 기,0,제 80 기,0,37,KRW,,000250,삼천당제약,CFS
20260602000573,11011,2025,00128546,SCE,자본변동표,-표준계정코드 미사용-,교환사채 발행,자본 [구성요소]|지배기업의 소유주에게 귀속되는 지분 [구성요소]|자본금 [구성요소],제 82 기,0,제 81 기,0,제 80 기,0,37,KRW,,000250,삼천당제약,CFS
20260602000573,11011,2025,00128546,SCE,자본변동표,-표준계정코드 미사용-,확정급여제도의 재측정손익(세후기타포괄손익),연결재무제표 [member],제 82 기,84909881,제 81 기,64621283,제 80 기,-1772431288,38,KRW,,000250,삼천당제약,CFS
20260602000573,11011,2025,00128546,SCE,자본변동표,-표준계정코드 미사용-,확정급여제도의 재측정손익(세후기타포괄손익),자본 [구성요소]|비지배지분 [구성요소],제 82 기,181793182,제 81 기,-288076963,제 80 기,-111600731,38,KRW,,000250,삼천당제약,CFS
20260602000573,11011,2025,00128546,SCE,자본변동표,-표준계정코드 미사용-,확정급여제도의 재측정손익(세후기타포괄손익),자본 [구성요소]|지배기업의 소유주에게 귀속되는 지분 [구성요소],제 82 기,-96883301,제 81 기,352698246,제 80 기,-1660830557,38,KRW,,000250,삼천당제약,CFS
20260602000573,11011,2025,00128546,SCE,자본변동표,-표준계정코드 미사용-,확정급여제도의 재측정손익(세후기타포괄손익),자본 [구성요소]|지배기업의 소유주에게 귀속되는 지분 [구성요소]|기타자본잉여금 [구성요소],제 82 기,0,제 81 기,0,제 80 기,0,38,KRW,,000250,삼천당제약,CFS
20260602000573,11011,2025,00128546,SCE,자본변동표,-표준계정코드 미사용-,확정급여제도의 재측정손익(세후기타포괄손익),자본 [구성요소]|지배기업의 소유주에게 귀속되는 지분 [구성요소]|기타포괄손익누계액 [구성요소],제 82 기,0,제 81 기,0,제 80 기,0,38,KRW,,000250,삼천당제약,CFS
20260602000573,11011,2025,00128546,SCE,자본변동표,-표준계정코드 미사용-,확정급여제도의 재측정손익(세후기타포괄손익),자본 [구성요소]|지배기업의 소유주에게 귀속되는 지분 [구성요소]|이익잉여금 [구성요소],제 82 기,-96883301,제 81 기,352698246,제 80 기,-1660830557,38,KRW,,000250,삼천당제약,CFS
20260602000573,11011,2025,00128546,SCE,자본변동표,-표준계정코드 미사용-,확정급여제도의 재측정손익(세후기타포괄손익),자본 [구성요소]|지배기업의 소유주에게 귀속되는 지분 [구성요소]|자기주식,제 82 기,0,제 81 기,0,제 80 기,0,38,KRW,,000250,삼천당제약,CFS
20260602000573,11011,2025,00128546,SCE,자본변동표,-표준계정코드 미사용-,확정급여제도의 재측정손익(세후기타포괄손익),자본 [구성요소]|지배기업의 소유주에게 귀속되는 지분 [구성요소]|자기주식처분이익,제 82 기,0,제 81 기,0,제 80 기,0,38,KRW,,000250,삼천당제약,CFS
20260602000573,11011,2025,00128546,SCE,자본변동표,-표준계정코드 미사용-,확정급여제도의 재측정손익(세후기타포괄손익),자본 [구성요소]|지배기업의 소유주에게 귀속되는 지분 [구성요소]|자본금 [구성요소],제 82 기,0,제 81 기,0,제 80 기,0,38,KRW,,000250,삼천당제약,CFS
20260602000573,11011,2025,00128546,SCE,자본변동표,-표준계정코드 미사용-,종속기업의주식기준보상거래의 인식,연결재무제표 [member],제 82 기,-603379466,제 81 기,522246892,제 80 기,0,39,KRW,,000250,삼천당제약,CFS
20260602000573,11011,2025,00128546,SCE,자본변동표,-표준계정코드 미사용-,종속기업의주식기준보상거래의 인식,자본 [구성요소]|비지배지분 [구성요소],제 82 기,-603379466,제 81 기,522246892,제 80 기,0,39,KRW,,000250,삼천당제약,CFS
20260602000573,11011,2025,00128546,SCE,자본변동표,-표준계정코드 미사용-,종속기업의주식기준보상거래의 인식,자본 [구성요소]|지배기업의 소유주에게 귀속되는 지분 [구성요소],제 82 기,0,제 81 기,0,제 80 기,0,39,KRW,,000250,삼천당제약,CFS
20260602000573,11011,2025,00128546,SCE,자본변동표,-표준계정코드 미사용-,종속기업의주식기준보상거래의 인식,자본 [구성요소]|지배기업의 소유주에게 귀속되는 지분 [구성요소]|기타자본잉여금 [구성요소],제 82 기,0,제 81 기,0,제 80 기,0,39,KRW,,000250,삼천당제약,CFS
20260602000573,11011,2025,00128546,SCE,자본변동표,-표준계정코드 미사용-,종속기업의주식기준보상거래의 인식,자본 [구성요소]|지배기업의 소유주에게 귀속되는 지분 [구성요소]|기타포괄손익누계액 [구성요소],제 82 기,0,제 81 기,0,제 80 기,0,39,KRW,,000250,삼천당제약,CFS
20260602000573,11011,2025,00128546,SCE,자본변동표,-표준계정코드 미사용-,종속기업의주식기준보상거래의 인식,자본 [구성요소]|지배기업의 소유주에게 귀속되는 지분 [구성요소]|이익잉여금 [구성요소],제 82 기,0,제 81 기,0,제 80 기,0,39,KRW,,000250,삼천당제약,CFS
20260602000573,11011,2025,00128546,SCE,자본변동표,-표준계정코드 미사용-,종속기업의주식기준보상거래의 인식,자본 [구성요소]|지배기업의 소유주에게 귀속되는 지분 [구성요소]|자기주식,제 82 기,0,제 81 기,0,제 80 기,0,39,KRW,,000250,삼천당제약,CFS
20260602000573,11011,2025,00128546,SCE,자본변동표,-표준계정코드 미사용-,종속기업의주식기준보상거래의 인식,자본 [구성요소]|지배기업의 소유주에게 귀속되는 지분 [구성요소]|자기주식처분이익,제 82 기,0,제 81 기,0,제 80 기,0,39,KRW,,000250,삼천당제약,CFS
20260602000573,11011,2025,00128546,SCE,자본변동표,-표준계정코드 미사용-,종속기업의주식기준보상거래의 인식,자본 [구성요소]|지배기업의 소유주에게 귀속되는 지분 [구성요소]|자본금 [구성요소],제 82 기,0,제 81 기,0,제 80 기,0,39,KRW,,000250,삼천당제약,CFS
20260602000573,11011,2025,00128546,SCE,자본변동표,ifrs-full_DividendsPaid,소유주에 대한 배분으로 인식된 배당금,연결재무제표 [member],제 82 기,4651494400,제 81 기,0,제 80 기,0,40,KRW,,000250,삼천당제약,CFS
20260602000573,11011,2025,00128546,SCE,자본변동표,ifrs-full_DividendsPaid,소유주에 대한 배분으로 인식된 배당금,자본 [구성요소]|비지배지분 [구성요소],제 82 기,0,제 81 기,0,제 80 기,0,40,KRW,,000250,삼천당제약,CFS
20260602000573,11011,2025,00128546,SCE,자본변동표,ifrs-full_DividendsPaid,소유주에 대한 배분으로 인식된 배당금,자본 [구성요소]|지배기업의 소유주에게 귀속되는 지분 [구성요소],제 82 기,4651494400,제 81 기,0,제 80 기,0,40,KRW,,000250,삼천당제약,CFS
20260602000573,11011,2025,00128546,SCE,자본변동표,ifrs-full_DividendsPaid,소유주에 대한 배분으로 인식된 배당금,자본 [구성요소]|지배기업의 소유주에게 귀속되는 지분 [구성요소]|기타자본잉여금 [구성요소],제 82 기,0,제 81 기,0,제 80 기,0,40,KRW,,000250,삼천당제약,CFS
20260602000573,11011,2025,00128546,SCE,자본변동표,ifrs-full_DividendsPaid,소유주에 대한 배분으로 인식된 배당금,자본 [구성요소]|지배기업의 소유주에게 귀속되는 지분 [구성요소]|기타포괄손익누계액 [구성요소],제 82 기,0,제 81 기,0,제 80 기,0,40,KRW,,000250,삼천당제약,CFS
20260602000573,11011,2025,00128546,SCE,자본변동표,ifrs-full_DividendsPaid,소유주에 대한 배분으로 인식된 배당금,자본 [구성요소]|지배기업의 소유주에게 귀속되는 지분 [구성요소]|이익잉여금 [구성요소],제 82 기,4651494400,제 81 기,0,제 80 기,0,40,KRW,,000250,삼천당제약,CFS
20260602000573,11011,2025,00128546,SCE,자본변동표,ifrs-full_DividendsPaid,소유주에 대한 배분으로 인식된 배당금,자본 [구성요소]|지배기업의 소유주에게 귀속되는 지분 [구성요소]|자기주식,제 82 기,0,제 81 기,0,제 80 기,0,40,KRW,,000250,삼천당제약,CFS
20260602000573,11011,2025,00128546,SCE,자본변동표,ifrs-full_DividendsPaid,소유주에 대한 배분으로 인식된 배당금,자본 [구성요소]|지배기업의 소유주에게 귀속되는 지분 [구성요소]|자기주식처분이익,제 82 기,0,제 81 기,0,제 80 기,0,40,KRW,,000250,삼천당제약,CFS
20260602000573,11011,2025,00128546,SCE,자본변동표,ifrs-full_DividendsPaid,소유주에 대한 배분으로 인식된 배당금,자본 [구성요소]|지배기업의 소유주에게 귀속되는 지분 [구성요소]|자본금 [구성요소],제 82 기,0,제 81 기,0,제 80 기,0,40,KRW,,000250,삼천당제약,CFS
20260602000573,11011,2025,00128546,SCE,자본변동표,ifrs-full_Equity,자본총계,연결재무제표 [member],제 82 기,363593225648,제 81 기,349404158895,제 80 기,298460071937,41,KRW,,000250,삼천당제약,CFS
20260602000573,11011,2025,00128546,SCE,자본변동표,ifrs-full_Equity,자본총계,자본 [구성요소]|비지배지분 [구성요소],제 82 기,87573679588,제 81 기,83298823654,제 80 기,77961431897,41,KRW,,000250,삼천당제약,CFS
20260602000573,11011,2025,00128546,SCE,자본변동표,ifrs-full_Equity,자본총계,자본 [구성요소]|지배기업의 소유주에게 귀속되는 지분 [구성요소],제 82 기,276019546060,제 81 기,266105335241,제 80 기,220498640040,41,KRW,,000250,삼천당제약,CFS
20260602000573,11011,2025,00128546,SCE,자본변동표,ifrs-full_Equity,자본총계,자본 [구성요소]|지배기업의 소유주에게 귀속되는 지분 [구성요소]|기타자본잉여금 [구성요소],제 82 기,109149379187,제 81 기,99846182650,제 80 기,99640242567,41,KRW,,000250,삼천당제약,CFS
20260602000573,11011,2025,00128546,SCE,자본변동표,ifrs-full_Equity,자본총계,자본 [구성요소]|지배기업의 소유주에게 귀속되는 지분 [구성요소]|기타포괄손익누계액 [구성요소],제 82 기,1352700281,제 81 기,1318620484,제 80 기,1889448465,41,KRW,,000250,삼천당제약,CFS
20260602000573,11011,2025,00128546,SCE,자본변동표,ifrs-full_Equity,자본총계,자본 [구성요소]|지배기업의 소유주에게 귀속되는 지분 [구성요소]|이익잉여금 [구성요소],제 82 기,95965452740,제 81 기,95452007700,제 80 기,106015414420,41,KRW,,000250,삼천당제약,CFS
20260602000573,11011,2025,00128546,SCE,자본변동표,ifrs-full_Equity,자본총계,자본 [구성요소]|지배기업의 소유주에게 귀속되는 지분 [구성요소]|자기주식,제 82 기,-566940089,제 81 기,-568093318,제 80 기,-1988326610,41,KRW,,000250,삼천당제약,CFS
20260602000573,11011,2025,00128546,SCE,자본변동표,ifrs-full_Equity,자본총계,자본 [구성요소]|지배기업의 소유주에게 귀속되는 지분 [구성요소]|자기주식처분이익,제 82 기,58390217941,제 81 기,58327881725,제 80 기,3213125198,41,KRW,,000250,삼천당제약,CFS
20260602000573,11011,2025,00128546,SCE,자본변동표,ifrs-full_Equity,자본총계,자본 [구성요소]|지배기업의 소유주에게 귀속되는 지분 [구성요소]|자본금 [구성요소],제 82 기,11728736000,제 81 기,11728736000,제 80 기,11728736000,41,KRW,,000250,삼천당제약,CFS
20260602000573,11011,2025,00128546,SCE,자본변동표,ifrs-full_IncreaseDecreaseThroughChangesInOwnershipInterestsInSubsidiariesThatDoNotResultInLossOfControl,"지배력을 상실하지 않는 종속기업에 대한 소유지분의 변동에 따른 증가(감소), 자본",연결재무제표 [member],제 82 기,0,제 81 기,0,제 80 기,0,42,KRW,,000250,삼천당제약,CFS
20260602000573,11011,2025,00128546,SCE,자본변동표,ifrs-full_IncreaseDecreaseThroughChangesInOwnershipInterestsInSubsidiariesThatDoNotResultInLossOfControl,"지배력을 상실하지 않는 종속기업에 대한 소유지분의 변동에 따른 증가(감소), 자본",자본 [구성요소]|비지배지분 [구성요소],제 82 기,0,제 81 기,0,제 80 기,0,42,KRW,,000250,삼천당제약,CFS
20260602000573,11011,2025,00128546,SCE,자본변동표,ifrs-full_IncreaseDecreaseThroughChangesInOwnershipInterestsInSubsidiariesThatDoNotResultInLossOfControl,"지배력을 상실하지 않는 종속기업에 대한 소유지분의 변동에 따른 증가(감소), 자본",자본 [구성요소]|지배기업의 소유주에게 귀속되는 지분 [구성요소],제 82 기,0,제 81 기,0,제 80 기,0,42,KRW,,000250,삼천당제약,CFS
20260602000573,11011,2025,00128546,SCE,자본변동표,ifrs-full_IncreaseDecreaseThroughChangesInOwnershipInterestsInSubsidiariesThatDoNotResultInLossOfControl,"지배력을 상실하지 않는 종속기업에 대한 소유지분의 변동에 따른 증가(감소), 자본",자본 [구성요소]|지배기업의 소유주에게 귀속되는 지분 [구성요소]|기타자본잉여금 [구성요소],제 82 기,0,제 81 기,0,제 80 기,0,42,KRW,,000250,삼천당제약,CFS
20260602000573,11011,2025,00128546,SCE,자본변동표,ifrs-full_IncreaseDecreaseThroughChangesInOwnershipInterestsInSubsidiariesThatDoNotResultInLossOfControl,"지배력을 상실하지 않는 종속기업에 대한 소유지분의 변동에 따른 증가(감소), 자본",자본 [구성요소]|지배기업의 소유주에게 귀속되는 지분 [구성요소]|기타포괄손익누계액 [구성요소],제 82 기,0,제 81 기,0,제 80 기,0,42,KRW,,000250,삼천당제약,CFS
20260602000573,11011,2025,00128546,SCE,자본변동표,ifrs-full_IncreaseDecreaseThroughChangesInOwnershipInterestsInSubsidiariesThatDoNotResultInLossOfControl,"지배력을 상실하지 않는 종속기업에 대한 소유지분의 변동에 따른 증가(감소), 자본",자본 [구성요소]|지배기업의 소유주에게 귀속되는 지분 [구성요소]|이익잉여금 [구성요소],제 82 기,0,제 81 기,0,제 80 기,0,42,KRW,,000250,삼천당제약,CFS
20260602000573,11011,2025,00128546,SCE,자본변동표,ifrs-full_IncreaseDecreaseThroughChangesInOwnershipInterestsInSubsidiariesThatDoNotResultInLossOfControl,"지배력을 상실하지 않는 종속기업에 대한 소유지분의 변동에 따른 증가(감소), 자본",자본 [구성요소]|지배기업의 소유주에게 귀속되는 지분 [구성요소]|자기주식,제 82 기,0,제 81 기,0,제 80 기,0,42,KRW,,000250,삼천당제약,CFS
20260602000573,11011,2025,00128546,SCE,자본변동표,ifrs-full_IncreaseDecreaseThroughChangesInOwnershipInterestsInSubsidiariesThatDoNotResultInLossOfControl,"지배력을 상실하지 않는 종속기업에 대한 소유지분의 변동에 따른 증가(감소), 자본",자본 [구성요소]|지배기업의 소유주에게 귀속되는 지분 [구성요소]|자기주식처분이익,제 82 기,0,제 81 기,0,제 80 기,0,42,KRW,,000250,삼천당제약,CFS
20260602000573,11011,2025,00128546,SCE,자본변동표,ifrs-full_IncreaseDecreaseThroughChangesInOwnershipInterestsInSubsidiariesThatDoNotResultInLossOfControl,"지배력을 상실하지 않는 종속기업에 대한 소유지분의 변동에 따른 증가(감소), 자본",자본 [구성요소]|지배기업의 소유주에게 귀속되는 지분 [구성요소]|자본금 [구성요소],제 82 기,0,제 81 기,0,제 80 기,0,42,KRW,,000250,삼천당제약,CFS
20260602000573,11011,2025,00128546,SCE,자본변동표,ifrs-full_IncreaseDecreaseThroughSharebasedPaymentTransactions,"주식기준보상거래에 따른 증가(감소), 지분",연결재무제표 [member],제 82 기,0,제 81 기,0,제 80 기,0,43,KRW,,000250,삼천당제약,CFS
20260602000573,11011,2025,00128546,SCE,자본변동표,ifrs-full_IncreaseDecreaseThroughSharebasedPaymentTransactions,"주식기준보상거래에 따른 증가(감소), 지분",자본 [구성요소]|비지배지분 [구성요소],제 82 기,0,제 81 기,0,제 80 기,0,43,KRW,,000250,삼천당제약,CFS
20260602000573,11011,2025,00128546,SCE,자본변동표,ifrs-full_IncreaseDecreaseThroughSharebasedPaymentTransactions,"주식기준보상거래에 따른 증가(감소), 지분",자본 [구성요소]|지배기업의 소유주에게 귀속되는 지분 [구성요소],제 82 기,0,제 81 기,0,제 80 기,0,43,KRW,,000250,삼천당제약,CFS
20260602000573,11011,2025,00128546,SCE,자본변동표,ifrs-full_IncreaseDecreaseThroughSharebasedPaymentTransactions,"주식기준보상거래에 따른 증가(감소), 지분",자본 [구성요소]|지배기업의 소유주에게 귀속되는 지분 [구성요소]|기타자본잉여금 [구성요소],제 82 기,0,제 81 기,0,제 80 기,0,43,KRW,,000250,삼천당제약,CFS
20260602000573,11011,2025,00128546,SCE,자본변동표,ifrs-full_IncreaseDecreaseThroughSharebasedPaymentTransactions,"주식기준보상거래에 따른 증가(감소), 지분",자본 [구성요소]|지배기업의 소유주에게 귀속되는 지분 [구성요소]|기타포괄손익누계액 [구성요소],제 82 기,0,제 81 기,0,제 80 기,0,43,KRW,,000250,삼천당제약,CFS
20260602000573,11011,2025,00128546,SCE,자본변동표,ifrs-full_IncreaseDecreaseThroughSharebasedPaymentTransactions,"주식기준보상거래에 따른 증가(감소), 지분",자본 [구성요소]|지배기업의 소유주에게 귀속되는 지분 [구성요소]|이익잉여금 [구성요소],제 82 기,0,제 81 기,0,제 80 기,0,43,KRW,,000250,삼천당제약,CFS
20260602000573,11011,2025,00128546,SCE,자본변동표,ifrs-full_IncreaseDecreaseThroughSharebasedPaymentTransactions,"주식기준보상거래에 따른 증가(감소), 지분",자본 [구성요소]|지배기업의 소유주에게 귀속되는 지분 [구성요소]|자기주식,제 82 기,0,제 81 기,0,제 80 기,0,43,KRW,,000250,삼천당제약,CFS
20260602000573,11011,2025,00128546,SCE,자본변동표,ifrs-full_IncreaseDecreaseThroughSharebasedPaymentTransactions,"주식기준보상거래에 따른 증가(감소), 지분",자본 [구성요소]|지배기업의 소유주에게 귀속되는 지분 [구성요소]|자기주식처분이익,제 82 기,0,제 81 기,0,제 80 기,0,43,KRW,,000250,삼천당제약,CFS
20260602000573,11011,2025,00128546,SCE,자본변동표,ifrs-full_IncreaseDecreaseThroughSharebasedPaymentTransactions,"주식기준보상거래에 따른 증가(감소), 지분",자본 [구성요소]|지배기업의 소유주에게 귀속되는 지분 [구성요소]|자본금 [구성요소],제 82 기,0,제 81 기,0,제 80 기,0,43,KRW,,000250,삼천당제약,CFS
20260602000573,11011,2025,00128546,SCE,자본변동표,ifrs-full_IncreaseDecreaseThroughTransfersAndOtherChangesEquity,"기타변동에 따른 증가(감소), 자본",연결재무제표 [member],제 82 기,0,제 81 기,0,제 80 기,0,44,KRW,,000250,삼천당제약,CFS
20260602000573,11011,2025,00128546,SCE,자본변동표,ifrs-full_IncreaseDecreaseThroughTransfersAndOtherChangesEquity,"기타변동에 따른 증가(감소), 자본",자본 [구성요소]|비지배지분 [구성요소],제 82 기,0,제 81 기,0,제 80 기,0,44,KRW,,000250,삼천당제약,CFS
20260602000573,11011,2025,00128546,SCE,자본변동표,ifrs-full_IncreaseDecreaseThroughTransfersAndOtherChangesEquity,"기타변동에 따른 증가(감소), 자본",자본 [구성요소]|지배기업의 소유주에게 귀속되는 지분 [구성요소],제 82 기,0,제 81 기,0,제 80 기,0,44,KRW,,000250,삼천당제약,CFS
20260602000573,11011,2025,00128546,SCE,자본변동표,ifrs-full_IncreaseDecreaseThroughTransfersAndOtherChangesEquity,"기타변동에 따른 증가(감소), 자본",자본 [구성요소]|지배기업의 소유주에게 귀속되는 지분 [구성요소]|기타자본잉여금 [구성요소],제 82 기,0,제 81 기,0,제 80 기,0,44,KRW,,000250,삼천당제약,CFS
20260602000573,11011,2025,00128546,SCE,자본변동표,ifrs-full_IncreaseDecreaseThroughTransfersAndOtherChangesEquity,"기타변동에 따른 증가(감소), 자본",자본 [구성요소]|지배기업의 소유주에게 귀속되는 지분 [구성요소]|기타포괄손익누계액 [구성요소],제 82 기,0,제 81 기,0,제 80 기,0,44,KRW,,000250,삼천당제약,CFS
20260602000573,11011,2025,00128546,SCE,자본변동표,ifrs-full_IncreaseDecreaseThroughTransfersAndOtherChangesEquity,"기타변동에 따른 증가(감소), 자본",자본 [구성요소]|지배기업의 소유주에게 귀속되는 지분 [구성요소]|이익잉여금 [구성요소],제 82 기,0,제 81 기,0,제 80 기,0,44,KRW,,000250,삼천당제약,CFS
20260602000573,11011,2025,00128546,SCE,자본변동표,ifrs-full_IncreaseDecreaseThroughTransfersAndOtherChangesEquity,"기타변동에 따른 증가(감소), 자본",자본 [구성요소]|지배기업의 소유주에게 귀속되는 지분 [구성요소]|자기주식,제 82 기,0,제 81 기,0,제 80 기,0,44,KRW,,000250,삼천당제약,CFS
20260602000573,11011,2025,00128546,SCE,자본변동표,ifrs-full_IncreaseDecreaseThroughTransfersAndOtherChangesEquity,"기타변동에 따른 증가(감소), 자본",자본 [구성요소]|지배기업의 소유주에게 귀속되는 지분 [구성요소]|자기주식처분이익,제 82 기,0,제 81 기,0,제 80 기,0,44,KRW,,000250,삼천당제약,CFS
20260602000573,11011,2025,00128546,SCE,자본변동표,ifrs-full_IncreaseDecreaseThroughTransfersAndOtherChangesEquity,"기타변동에 따른 증가(감소), 자본",자본 [구성요소]|지배기업의 소유주에게 귀속되는 지분 [구성요소]|자본금 [구성요소],제 82 기,0,제 81 기,0,제 80 기,0,44,KRW,,000250,삼천당제약,CFS
20260602000573,11011,2025,00128546,SCE,자본변동표,ifrs-full_IssueOfEquity,지분의 발행,연결재무제표 [member],제 82 기,0,제 81 기,0,제 80 기,0,45,KRW,,000250,삼천당제약,CFS
20260602000573,11011,2025,00128546,SCE,자본변동표,ifrs-full_IssueOfEquity,지분의 발행,자본 [구성요소]|비지배지분 [구성요소],제 82 기,-2461021836,제 81 기,0,제 80 기,0,45,KRW,,000250,삼천당제약,CFS
20260602000573,11011,2025,00128546,SCE,자본변동표,ifrs-full_IssueOfEquity,지분의 발행,자본 [구성요소]|지배기업의 소유주에게 귀속되는 지분 [구성요소],제 82 기,2461021836,제 81 기,0,제 80 기,0,45,KRW,,000250,삼천당제약,CFS
20260602000573,11011,2025,00128546,SCE,자본변동표,ifrs-full_IssueOfEquity,지분의 발행,자본 [구성요소]|지배기업의 소유주에게 귀속되는 지분 [구성요소]|기타자본잉여금 [구성요소],제 82 기,2461021836,제 81 기,0,제 80 기,0,45,KRW,,000250,삼천당제약,CFS
20260602000573,11011,2025,00128546,SCE,자본변동표,ifrs-full_IssueOfEquity,지분의 발행,자본 [구성요소]|지배기업의 소유주에게 귀속되는 지분 [구성요소]|기타포괄손익누계액 [구성요소],제 82 기,0,제 81 기,0,제 80 기,0,45,KRW,,000250,삼천당제약,CFS
20260602000573,11011,2025,00128546,SCE,자본변동표,ifrs-full_IssueOfEquity,지분의 발행,자본 [구성요소]|지배기업의 소유주에게 귀속되는 지분 [구성요소]|이익잉여금 [구성요소],제 82 기,0,제 81 기,0,제 80 기,0,45,KRW,,000250,삼천당제약,CFS
20260602000573,11011,2025,00128546,SCE,자본변동표,ifrs-full_IssueOfEquity,지분의 발행,자본 [구성요소]|지배기업의 소유주에게 귀속되는 지분 [구성요소]|자기주식,제 82 기,0,제 81 기,0,제 80 기,0,45,KRW,,000250,삼천당제약,CFS
20260602000573,11011,2025,00128546,SCE,자본변동표,ifrs-full_IssueOfEquity,지분의 발행,자본 [구성요소]|지배기업의 소유주에게 귀속되는 지분 [구성요소]|자기주식처분이익,제 82 기,0,제 81 기,0,제 80 기,0,45,KRW,,000250,삼천당제약,CFS
20260602000573,11011,2025,00128546,SCE,자본변동표,ifrs-full_IssueOfEquity,지분의 발행,자본 [구성요소]|지배기업의 소유주에게 귀속되는 지분 [구성요소]|자본금 [구성요소],제 82 기,0,제 81 기,0,제 80 기,0,45,KRW,,000250,삼천당제약,CFS
20260602000573,11011,2025,00128546,SCE,자본변동표,ifrs-full_ProfitLoss,당기순이익(손실),연결재무제표 [member],제 82 기,12029846621,제 81 기,-5078046827,제 80 기,-4187753548,46,KRW,,000250,삼천당제약,CFS
20260602000573,11011,2025,00128546,SCE,자본변동표,ifrs-full_ProfitLoss,당기순이익(손실),자본 [구성요소]|비지배지분 [구성요소],제 82 기,6768023880,제 81 기,5838058139,제 80 기,6194967543,46,KRW,,000250,삼천당제약,CFS
20260602000573,11011,2025,00128546,SCE,자본변동표,ifrs-full_ProfitLoss,당기순이익(손실),자본 [구성요소]|지배기업의 소유주에게 귀속되는 지분 [구성요소],제 82 기,5261822741,제 81 기,-10916104966,제 80 기,-10382721091,46,KRW,,000250,삼천당제약,CFS
20260602000573,11011,2025,00128546,SCE,자본변동표,ifrs-full_ProfitLoss,당기순이익(손실),자본 [구성요소]|지배기업의 소유주에게 귀속되는 지분 [구성요소]|기타자본잉여금 [구성요소],제 82 기,0,제 81 기,0,제 80 기,0,46,KRW,,000250,삼천당제약,CFS
20260602000573,11011,2025,00128546,SCE,자본변동표,ifrs-full_ProfitLoss,당기순이익(손실),자본 [구성요소]|지배기업의 소유주에게 귀속되는 지분 [구성요소]|기타포괄손익누계액 [구성요소],제 82 기,0,제 81 기,0,제 80 기,0,46,KRW,,000250,삼천당제약,CFS
20260602000573,11011,2025,00128546,SCE,자본변동표,ifrs-full_ProfitLoss,당기순이익(손실),자본 [구성요소]|지배기업의 소유주에게 귀속되는 지분 [구성요소]|이익잉여금 [구성요소],제 82 기,5261822741,제 81 기,-10916104966,제 80 기,-10382721091,46,KRW,,000250,삼천당제약,CFS
20260602000573,11011,2025,00128546,SCE,자본변동표,ifrs-full_ProfitLoss,당기순이익(손실),자본 [구성요소]|지배기업의 소유주에게 귀속되는 지분 [구성요소]|자기주식,제 82 기,0,제 81 기,0,제 80 기,0,46,KRW,,000250,삼천당제약,CFS
20260602000573,11011,2025,00128546,SCE,자본변동표,ifrs-full_ProfitLoss,당기순이익(손실),자본 [구성요소]|지배기업의 소유주에게 귀속되는 지분 [구성요소]|자기주식처분이익,제 82 기,0,제 81 기,0,제 80 기,0,46,KRW,,000250,삼천당제약,CFS
20260602000573,11011,2025,00128546,SCE,자본변동표,ifrs-full_ProfitLoss,당기순이익(손실),자본 [구성요소]|지배기업의 소유주에게 귀속되는 지분 [구성요소]|자본금 [구성요소],제 82 기,0,제 81 기,0,제 80 기,0,46,KRW,,000250,삼천당제약,CFS
