rcept_no,reprt_code,bsns_year,corp_code,sj_div,sj_nm,account_id,account_nm,account_detail,thstrm_nm,thstrm_amount,frmtrm_nm,frmtrm_amount,bfefrmtrm_nm,bfefrmtrm_amount,ord,currency,thstrm_add_amount,ticker,corp_name,fs_div
20260331004202,11011,2025,00860332,BS,재무상태표,dart_CashAndDuefromBanks,현금및예치금,-,제 16 기,9292380462644,제 15 기,4999589217672,제 14 기,4928102291702,7,KRW,,138040,메리츠금융지주,CFS
20260331004202,11011,2025,00860332,BS,재무상태표,dart_LeasedAssets,리스자산,-,제 16 기,2052327595014,제 15 기,1828872818503,제 14 기,1638157034697,8,KRW,,138040,메리츠금융지주,CFS
20260331004202,11011,2025,00860332,BS,재무상태표,dart_LoansAtAmortisedCost,상각후원가측정대출채권,-,제 16 기,19081074498194,제 15 기,16719735743819,제 14 기,14634016327824,9,KRW,,138040,메리츠금융지주,CFS
20260331004202,11011,2025,00860332,BS,재무상태표,ifrs-full_Assets,자산총계,-,제 16 기,135457983800835,제 15 기,115578247112858,제 14 기,102235842680189,10,KRW,,138040,메리츠금융지주,CFS
20260331004202,11011,2025,00860332,BS,재무상태표,ifrs-full_CurrentTaxAssets,당기법인세자산,-,제 16 기,8861256048,제 15 기,2733501635,제 14 기,133128796118,11,KRW,,138040,메리츠금융지주,CFS
20260331004202,11011,2025,00860332,BS,재무상태표,ifrs-full_DeferredTaxAssets,이연법인세자산,-,제 16 기,349077124132,제 15 기,243386138549,제 14 기,14321916473,12,KRW,,138040,메리츠금융지주,CFS
20260331004202,11011,2025,00860332,BS,재무상태표,ifrs-full_DerivativeFinancialAssets,파생상품자산,-,제 16 기,1126936204016,제 15 기,1999065193225,제 14 기,1076245317071,13,KRW,,138040,메리츠금융지주,CFS
20260331004202,11011,2025,00860332,BS,재무상태표,ifrs-full_FinancialAssetsAtFairValueThroughOtherComprehensiveIncome,기타포괄손익-공정가치측정금융자산,-,제 16 기,33945140979818,제 15 기,31652211478537,제 14 기,27917741681483,14,KRW,,138040,메리츠금융지주,CFS
20260331004202,11011,2025,00860332,BS,재무상태표,ifrs-full_FinancialAssetsAtFairValueThroughProfitOrLoss,당기손익-공정가치측정금융자산,-,제 16 기,57255930460341,제 15 기,50935548977436,제 14 기,45835254461738,15,KRW,,138040,메리츠금융지주,CFS
20260331004202,11011,2025,00860332,BS,재무상태표,ifrs-full_InsuranceContractsIssuedThatAreAssets,보험계약자산,-,제 16 기,34774598623,제 15 기,13422443806,제 14 기,11342723029,16,KRW,,138040,메리츠금융지주,CFS
20260331004202,11011,2025,00860332,BS,재무상태표,ifrs-full_IntangibleAssetsAndGoodwill,무형자산,-,제 16 기,103383615230,제 15 기,94997984355,제 14 기,102089204265,17,KRW,,138040,메리츠금융지주,CFS
20260331004202,11011,2025,00860332,BS,재무상태표,ifrs-full_InvestmentProperty,투자부동산,-,제 16 기,720904425595,제 15 기,769793516758,제 14 기,689594746304,18,KRW,,138040,메리츠금융지주,CFS
20260331004202,11011,2025,00860332,BS,재무상태표,ifrs-full_InvestmentsInSubsidiariesJointVenturesAndAssociates,"종속기업, 공동기업과 관계기업에 대한 투자자산",-,제 16 기,4699985416667,제 15 기,745359519899,제 14 기,1012456902693,19,KRW,,138040,메리츠금융지주,CFS
20260331004202,11011,2025,00860332,BS,재무상태표,ifrs-full_NoncurrentAssetsOrDisposalGroupsClassifiedAsHeldForSale,매각예정비유동자산,-,제 16 기,1350716000,제 15 기,1350716000,제 14 기,1350716000,20,KRW,,138040,메리츠금융지주,CFS
20260331004202,11011,2025,00860332,BS,재무상태표,ifrs-full_OtherAssets,기타자산,-,제 16 기,4785528420185,제 15 기,3610852062924,제 14 기,2488523042983,21,KRW,,138040,메리츠금융지주,CFS
20260331004202,11011,2025,00860332,BS,재무상태표,ifrs-full_PropertyPlantAndEquipment,유형자산,-,제 16 기,1024965331349,제 15 기,994303316270,제 14 기,802228273710,22,KRW,,138040,메리츠금융지주,CFS
20260331004202,11011,2025,00860332,BS,재무상태표,ifrs-full_ReinsuranceContractsHeldThatAreAssets,재보험계약자산,-,제 16 기,975362696979,제 15 기,967024483470,제 14 기,951289244099,23,KRW,,138040,메리츠금융지주,CFS
20260331004202,11011,2025,00860332,BS,재무상태표,ifrs-full_Equity,자본총계,-,제 16 기,11261208003790,제 15 기,10930036028008,제 14 기,10097185065931,26,KRW,,138040,메리츠금융지주,CFS
20260331004202,11011,2025,00860332,BS,재무상태표,ifrs-full_EquityAttributableToOwnersOfParent,지배주주지분,-,제 16 기,10322630113710,제 15 기,10094442922761,제 14 기,9581907410678,27,KRW,,138040,메리츠금융지주,CFS
20260331004202,11011,2025,00860332,BS,재무상태표,dart_CapitalAdjustments,자본조정,-,제 16 기,540062652848,제 15 기,306706776424,제 14 기,586567536393,28,KRW,,138040,메리츠금융지주,CFS
20260331004202,11011,2025,00860332,BS,재무상태표,dart_CapitalSurplus,자본잉여금,-,제 16 기,124802859730,제 15 기,124846559730,제 14 기,125354977096,29,KRW,,138040,메리츠금융지주,CFS
20260331004202,11011,2025,00860332,BS,재무상태표,dart_HybridBonds,신종자본증권,-,제 16 기,1002463699699,제 15 기,891960616004,제 14 기,593207756004,30,KRW,,138040,메리츠금융지주,CFS
20260331004202,11011,2025,00860332,BS,재무상태표,ifrs-full_IssuedCapital,자본금,-,제 16 기,113093927000,제 15 기,113093927000,제 14 기,113093927000,31,KRW,,138040,메리츠금융지주,CFS
20260331004202,11011,2025,00860332,BS,재무상태표,ifrs-full_OtherReserves,기타적립금,-,제 16 기,-695727605072,제 15 기,-132859294421,제 14 기,553028906082,32,KRW,,138040,메리츠금융지주,CFS
20260331004202,11011,2025,00860332,BS,재무상태표,ifrs-full_AccumulatedOtherComprehensiveIncome,기타포괄손익누계액,-,제 16 기,-695727605072,제 15 기,-132859294421,제 14 기,553028906082,33,KRW,,138040,메리츠금융지주,CFS
20260331004202,11011,2025,00860332,BS,재무상태표,ifrs-full_RetainedEarnings,이익잉여금,-,제 16 기,9237934579505,제 15 기,8790694338024,제 14 기,7610654308103,34,KRW,,138040,메리츠금융지주,CFS
20260331004202,11011,2025,00860332,BS,재무상태표,ifrs-full_NoncontrollingInterests,비지배지분,-,제 16 기,938577890080,제 15 기,835593105247,제 14 기,515277655253,35,KRW,,138040,메리츠금융지주,CFS
20260331004202,11011,2025,00860332,BS,재무상태표,ifrs-full_EquityAndLiabilities,자본과부채총계,-,제 16 기,135457983800835,제 15 기,115578247112858,제 14 기,102235842680189,36,KRW,,138040,메리츠금융지주,CFS
20260331004202,11011,2025,00860332,BS,재무상태표,ifrs-full_Borrowings,차입부채,-,제 16 기,51613068156912,제 15 기,39593697075383,제 14 기,32968126345956,38,KRW,,138040,메리츠금융지주,CFS
20260331004202,11011,2025,00860332,BS,재무상태표,ifrs-full_CurrentTaxLiabilities,당기법인세부채,-,제 16 기,86715358267,제 15 기,457224152674,제 14 기,205116425713,39,KRW,,138040,메리츠금융지주,CFS
20260331004202,11011,2025,00860332,BS,재무상태표,ifrs-full_DeferredTaxLiabilities,이연법인세부채,-,제 16 기,439113678974,제 15 기,281020988985,제 14 기,371187733854,40,KRW,,138040,메리츠금융지주,CFS
20260331004202,11011,2025,00860332,BS,재무상태표,ifrs-full_DepositsFromCustomers,예수부채,-,제 16 기,16262460590644,제 15 기,13315505781250,제 14 기,11422710584672,41,KRW,,138040,메리츠금융지주,CFS
20260331004202,11011,2025,00860332,BS,재무상태표,ifrs-full_DerivativeFinancialLiabilities,파생상품부채,-,제 16 기,1555373442889,제 15 기,1189379944222,제 14 기,1276619449672,42,KRW,,138040,메리츠금융지주,CFS
20260331004202,11011,2025,00860332,BS,재무상태표,ifrs-full_FinancialLiabilitiesAtFairValueThroughProfitOrLoss,당기손익-공정가치측정금융부채,-,제 16 기,23685143889176,제 15 기,20178006177290,제 14 기,19862228955287,43,KRW,,138040,메리츠금융지주,CFS
20260331004202,11011,2025,00860332,BS,재무상태표,ifrs-full_InsuranceContractsIssuedThatAreLiabilities,보험계약부채,-,제 16 기,23735689272607,제 15 기,24376393199166,제 14 기,21575964736599,44,KRW,,138040,메리츠금융지주,CFS
20260331004202,11011,2025,00860332,BS,재무상태표,ifrs-full_Liabilities,부채총계,-,제 16 기,124196775797045,제 15 기,104648211084850,제 14 기,92138657614258,45,KRW,,138040,메리츠금융지주,CFS
20260331004202,11011,2025,00860332,BS,재무상태표,ifrs-full_OtherLiabilities,기타부채,-,제 16 기,6719963701806,제 15 기,5212455901483,제 14 기,4409348465225,46,KRW,,138040,메리츠금융지주,CFS
20260331004202,11011,2025,00860332,BS,재무상태표,ifrs-full_Provisions,충당부채,-,제 16 기,41678835018,제 15 기,44049093461,제 14 기,46537123971,47,KRW,,138040,메리츠금융지주,CFS
20260331004202,11011,2025,00860332,BS,재무상태표,ifrs-full_RecognisedLiabilitiesDefinedBenefitPlan,순확정급여부채,-,제 16 기,87718644,제 15 기,93608631,제 14 기,101932585,48,KRW,,138040,메리츠금융지주,CFS
20260331004202,11011,2025,00860332,BS,재무상태표,ifrs-full_ReinsuranceContractsHeldThatAreLiabilities,재보험계약부채,-,제 16 기,57481152108,제 15 기,385162305,제 14 기,715860724,49,KRW,,138040,메리츠금융지주,CFS
20260331004202,11011,2025,00860332,CIS,포괄손익계산서,dart_GainsOnChangeInFairValueAndOnDisposalOfFinancialInstruments,금융상품투자손익,-,제 16 기,-561722399067,제 15 기,-264566204035,제 14 기,-456678663083,6,KRW,,138040,메리츠금융지주,CFS
20260331004202,11011,2025,00860332,CIS,포괄손익계산서,dart_NetLeaseProfitLoss,리스관련손익,-,제 16 기,127411269170,제 15 기,112967108359,제 14 기,106488916026,7,KRW,,138040,메리츠금융지주,CFS
20260331004202,11011,2025,00860332,CIS,포괄손익계산서,dart_NonOperatingProfitLoss,영업외손익,-,제 16 기,288817439688,제 15 기,-47743918259,제 14 기,-89577981826,8,KRW,,138040,메리츠금융지주,CFS
20260331004202,11011,2025,00860332,CIS,포괄손익계산서,dart_OperatingIncomeLoss,영업이익(손실),-,제 16 기,2872733957980,제 15 기,3188889251285,제 14 기,2933502360678,9,KRW,,138040,메리츠금융지주,CFS
20260331004202,11011,2025,00860332,CIS,포괄손익계산서,ifrs-full_ComprehensiveIncome,총포괄손익,-,제 16 기,1786423281534,제 15 기,1649913711638,제 14 기,2397504009991,10,KRW,,138040,메리츠금융지주,CFS
20260331004202,11011,2025,00860332,CIS,포괄손익계산서,ifrs-full_ComprehensiveIncomeAttributableToNoncontrollingInterests,비지배지분에 귀속되는 총포괄손익,-,제 16 기,48931858668,제 15 기,28466290415,제 14 기,88909131214,12,KRW,,138040,메리츠금융지주,CFS
20260331004202,11011,2025,00860332,CIS,포괄손익계산서,ifrs-full_ComprehensiveIncomeAttributableToOwnersOfParent,지배기업의 소유주에게 귀속되는 총포괄손익,-,제 16 기,1737491422866,제 15 기,1621447421223,제 14 기,2308594878777,13,KRW,,138040,메리츠금융지주,CFS
20260331004202,11011,2025,00860332,CIS,포괄손익계산서,ifrs-full_BasicEarningsLossPerShare,보통주 기본주당이익(손실),-,제 16 기,12903,제 15 기,12259,제 14 기,11020,15,KRW,,138040,메리츠금융지주,CFS
20260331004202,11011,2025,00860332,CIS,포괄손익계산서,ifrs-full_DilutedEarningsLossPerShare,보통주 희석주당이익(손실),-,제 16 기,12903,제 15 기,12238,제 14 기,10970,16,KRW,,138040,메리츠금융지주,CFS
20260331004202,11011,2025,00860332,CIS,포괄손익계산서,ifrs-full_ProfitLossFromContinuingOperationsAttributableToParticipatingEquityInstrumentsOtherThanOrdinarySharesUsedInCalculatingBasicEarningsLossPerInstrument,보통주 계속영업 기본주당이익(손실),-,제 16 기,12903,제 15 기,12259,제 14 기,11016,17,KRW,,138040,메리츠금융지주,CFS
20260331004202,11011,2025,00860332,CIS,포괄손익계산서,ifrs-full_ProfitLossFromContinuingOperationsAttributableToParticipatingEquityInstrumentsOtherThanOrdinarySharesUsedInCalculatingDilutedEarningsLossPerInstrument,보통주 계속영업 희석주당이익(손실),-,제 16 기,12903,제 15 기,12238,제 14 기,10967,18,KRW,,138040,메리츠금융지주,CFS
20260331004202,11011,2025,00860332,CIS,포괄손익계산서,ifrs-full_FeeAndCommissionIncomeExpense,순수수료손익,-,제 16 기,652347807772,제 15 기,496727370020,제 14 기,582854323528,19,KRW,,138040,메리츠금융지주,CFS
20260331004202,11011,2025,00860332,CIS,포괄손익계산서,ifrs-full_FeeAndCommissionExpense,수수료비용,-,제 16 기,-179148470210,제 15 기,-101330468629,제 14 기,-96616142589,20,KRW,,138040,메리츠금융지주,CFS
20260331004202,11011,2025,00860332,CIS,포괄손익계산서,ifrs-full_FeeAndCommissionIncome,수수료수익,-,제 16 기,831496277982,제 15 기,598057838649,제 14 기,679470466117,21,KRW,,138040,메리츠금융지주,CFS
20260331004202,11011,2025,00860332,CIS,포괄손익계산서,ifrs-full_GeneralAndAdministrativeExpense,일반관리비,-,제 16 기,-1003957117301,제 15 기,-742945688143,제 14 기,-630333088653,22,KRW,,138040,메리츠금융지주,CFS
20260331004202,11011,2025,00860332,CIS,포괄손익계산서,ifrs-full_IncomeTaxExpenseContinuingOperations,법인세비용(수익),-,제 16 기,811416754043,제 15 기,807711694675,제 14 기,719189304434,23,KRW,,138040,메리츠금융지주,CFS
20260331004202,11011,2025,00860332,CIS,포괄손익계산서,ifrs-full_InsuranceFinanceIncomeExpenses,보험금융손익,-,제 16 기,-641670301545,제 15 기,-691302492212,제 14 기,-648062499298,24,KRW,,138040,메리츠금융지주,CFS
20260331004202,11011,2025,00860332,CIS,포괄손익계산서,dart_InsuranceFinanceExpensesFromInsuranceContractsIssuedRecognisedInProfitOrLoss,보험금융비용,-,제 16 기,-675238217876,제 15 기,-719221843999,제 14 기,-673995363422,25,KRW,,138040,메리츠금융지주,CFS
20260331004202,11011,2025,00860332,CIS,포괄손익계산서,dart_InsuranceFinanceIncomeFromInsuranceContractsIssuedRecognisedInProfitOrLoss,보험금융수익,-,제 16 기,33567916331,제 15 기,27919351787,제 14 기,25932864124,26,KRW,,138040,메리츠금융지주,CFS
20260331004202,11011,2025,00860332,CIS,포괄손익계산서,ifrs-full_InsuranceServiceResult,보험손익,-,제 16 기,1449099637078,제 15 기,1555331683422,제 14 기,1525933086128,27,KRW,,138040,메리츠금융지주,CFS
20260331004202,11011,2025,00860332,CIS,포괄손익계산서,dart_OperatingExpenseInsurance,보험비용,-,제 16 기,-7359599723954,제 15 기,-6721407590568,제 14 기,-6217470046479,28,KRW,,138040,메리츠금융지주,CFS
20260331004202,11011,2025,00860332,CIS,포괄손익계산서,dart_OperatingIncomeInsurance,보험수익,-,제 16 기,9136820731332,제 15 기,8731605997573,제 14 기,8369737816337,29,KRW,,138040,메리츠금융지주,CFS
20260331004202,11011,2025,00860332,CIS,포괄손익계산서,dart_OtherOperatingExpenseInsurance,기타사업비용,-,제 16 기,-110131244742,제 15 기,-134545732236,제 14 기,-238648984000,30,KRW,,138040,메리츠금융지주,CFS
20260331004202,11011,2025,00860332,CIS,포괄손익계산서,ifrs-full_ExpensesFromAllocationOfPremiumsPaidToReinsurer,재보험비용,-,제 16 기,-658951967185,제 15 기,-593294922438,제 14 기,-726081922453,31,KRW,,138040,메리츠금융지주,CFS
20260331004202,11011,2025,00860332,CIS,포괄손익계산서,ifrs-full_IncomeFromAmountsRecoveredFromReinsurer,재보험수익,-,제 16 기,440961841627,제 15 기,272973931091,제 14 기,338396222723,32,KRW,,138040,메리츠금융지주,CFS
20260331004202,11011,2025,00860332,CIS,포괄손익계산서,ifrs-full_InterestRevenueExpense,순이자손익,-,제 16 기,2109667463510,제 15 기,2044400531643,제 14 기,2050463037891,33,KRW,,138040,메리츠금융지주,CFS
20260331004202,11011,2025,00860332,CIS,포괄손익계산서,ifrs-full_InterestExpense,이자비용,-,제 16 기,-2036240440659,제 15 기,-1977306366199,제 14 기,-1853420915966,34,KRW,,138040,메리츠금융지주,CFS
20260331004202,11011,2025,00860332,CIS,포괄손익계산서,ifrs-full_RevenueFromInterest,이자수익,-,제 16 기,4145907904169,제 15 기,4021706897842,제 14 기,3903883953857,35,KRW,,138040,메리츠금융지주,CFS
20260331004202,11011,2025,00860332,CIS,포괄손익계산서,ifrs-full_OtherComprehensiveIncome,기타포괄손익,-,제 16 기,-563711362091,제 15 기,-683519926713,제 14 기,272127426558,36,KRW,,138040,메리츠금융지주,CFS
20260331004202,11011,2025,00860332,CIS,포괄손익계산서,dart_GainFromDerivativesHeldForHedging,위험회피목적파생상품평가손익,-,제 16 기,-388888031643,제 15 기,175504288526,제 14 기,297002758475,38,KRW,,138040,메리츠금융지주,CFS
20260331004202,11011,2025,00860332,CIS,포괄손익계산서,dart_OtherComprehensiveIncomeNetOfTaxChangeInFairValueOfFinancialAssetsMeasuredAtFairValueThroughOtherComprehensiveIncome,기타포괄손익-공정가치측정채무증권평가손익,-,제 16 기,-906256997680,제 15 기,685185037568,제 14 기,1135397334702,39,KRW,,138040,메리츠금융지주,CFS
20260331004202,11011,2025,00860332,CIS,포괄손익계산서,ifrs-full_OtherComprehensiveIncomeNetOfTaxExchangeDifferencesOnTranslation,해외사업환산손익,-,제 16 기,-7619659485,제 15 기,21979429793,제 14 기,2850934644,40,KRW,,138040,메리츠금융지주,CFS
20260331004202,11011,2025,00860332,CIS,포괄손익계산서,ifrs-full_OtherComprehensiveIncomeNetOfTaxFinanceIncomeExpensesFromReinsuranceContractsHeldExcludedFromProfitOrLoss,재보험계약관련금융손익,-,제 16 기,-52956074027,제 15 기,45160141473,제 14 기,85457738393,41,KRW,,138040,메리츠금융지주,CFS
20260331004202,11011,2025,00860332,CIS,포괄손익계산서,ifrs-full_OtherComprehensiveIncomeNetOfTaxInsuranceFinanceIncomeExpensesFromInsuranceContractsIssuedExcludedFromProfitOrLossThatWillBeReclassifiedToProfitOrLoss,보험계약관련금융손익,-,제 16 기,736604164917,제 15 기,-1690940215782,제 14 기,-1263324514720,42,KRW,,138040,메리츠금융지주,CFS
20260331004202,11011,2025,00860332,CIS,포괄손익계산서,ifrs-full_ShareOfOtherComprehensiveIncomeOfAssociatesAndJointVenturesAccountedForUsingEquityMethodThatWillBeReclassifiedToProfitOrLossNetOfTax,지분법자본변동 - 후속적으로 재분류 되는 항목,-,제 16 기,-530150280,제 15 기,3094719306,제 14 기,-1380847642,43,KRW,,138040,메리츠금융지주,CFS
20260331004202,11011,2025,00860332,CIS,포괄손익계산서,ifrs-full_OtherComprehensiveIncomeNetOfTaxChangeInFairValueOfFinancialLiabilityAttributableToChangeInCreditRiskOfLiability,당기손익-공정가치측정지정금융부채의 자기신용위험조정,-,제 16 기,133334096,제 15 기,-4341631757,제 14 기,-1743749934,45,KRW,,138040,메리츠금융지주,CFS
20260331004202,11011,2025,00860332,CIS,포괄손익계산서,ifrs-full_OtherComprehensiveIncomeNetOfTaxGainsLossesFromInvestmentsInEquityInstruments,기타포괄손익-공정가치측정지분상품평가손익,-,제 16 기,60515568256,제 15 기,4946609304,제 14 기,28689688447,46,KRW,,138040,메리츠금융지주,CFS
20260331004202,11011,2025,00860332,CIS,포괄손익계산서,ifrs-full_OtherComprehensiveIncomeNetOfTaxGainsLossesOnRemeasurementsOfDefinedBenefitPlans,확정급여제도의재측정요소,-,제 16 기,-1354498490,제 15 기,-11256363990,제 14 기,-10821915807,47,KRW,,138040,메리츠금융지주,CFS
20260331004202,11011,2025,00860332,CIS,포괄손익계산서,ifrs-full_RevaluationSurplus,재평가잉여금,-,제 16 기,-3359017755,제 15 기,87148058846,제 14 기,0,48,KRW,,138040,메리츠금융지주,CFS
20260331004202,11011,2025,00860332,CIS,포괄손익계산서,ifrs-full_OtherOperatingIncomeExpense,기타영업손익,-,제 16 기,273357934681,제 15 기,394385008850,제 14 기,339146714245,49,KRW,,138040,메리츠금융지주,CFS
20260331004202,11011,2025,00860332,CIS,포괄손익계산서,ifrs-full_ProfitLoss,당기순이익(손실),-,제 16 기,2350134643625,제 15 기,2333433638351,제 14 기,2125376583433,50,KRW,,138040,메리츠금융지주,CFS
20260331004202,11011,2025,00860332,CIS,포괄손익계산서,ifrs-full_ProfitLossAttributableToNoncontrollingInterests,비지배지분에 귀속되는 당기순이익(손실),-,제 16 기,49774910108,제 15 기,27337158324,제 14 기,83627720094,52,KRW,,138040,메리츠금융지주,CFS
20260331004202,11011,2025,00860332,CIS,포괄손익계산서,ifrs-full_ProfitLossAttributableToOwnersOfParent,지배기업의 소유주에게 귀속되는 당기순이익(손실),-,제 16 기,2300359733517,제 15 기,2306096480027,제 14 기,2041748863339,53,KRW,,138040,메리츠금융지주,CFS
20260331004202,11011,2025,00860332,CIS,포괄손익계산서,ifrs-full_ProfitLossBeforeTax,법인세차감전순이익,-,제 16 기,3161551397668,제 15 기,3141145333026,제 14 기,2843924378852,54,KRW,,138040,메리츠금융지주,CFS
20260331004202,11011,2025,00860332,CIS,포괄손익계산서,ifrs-full_ProfitLossFromContinuingOperations,계속영업이익(손실),-,제 16 기,2350134643625,제 15 기,2333433638351,제 14 기,2124735074418,55,KRW,,138040,메리츠금융지주,CFS
20260331004202,11011,2025,00860332,CIS,포괄손익계산서,ifrs-full_ProfitLossFromDiscontinuedOperations,중단영업이익(손실),-,제 16 기,0,제 15 기,0,제 14 기,641509015,56,KRW,,138040,메리츠금융지주,CFS
20260331004202,11011,2025,00860332,CIS,포괄손익계산서,ifrs-full_RevenueFromDividends,배당수익,-,제 16 기,468199663682,제 15 기,283891933381,제 14 기,63690533894,57,KRW,,138040,메리츠금융지주,CFS
20260331004202,11011,2025,00860332,CF,현금흐름표,dart_CashAndCashEquivalentsAtBeginningOfPeriodCf,기초현금및현금성자산,-,제 16 기,2376896632672,제 15 기,1992067252286,제 14 기,3655406354088,2,KRW,,138040,메리츠금융지주,CFS
20260331004202,11011,2025,00860332,CF,현금흐름표,ifrs-full_CashAndCashEquivalents,기말현금및현금성자산,-,제 16 기,3153298680186,제 15 기,2376896632672,제 14 기,1992067252286,7,KRW,,138040,메리츠금융지주,CFS
20260331004202,11011,2025,00860332,CF,현금흐름표,ifrs-full_CashFlowsFromUsedInFinancingActivities,재무활동순현금흐름,-,제 16 기,13824350529089,제 15 기,7014865227641,제 14 기,2261788801965,9,KRW,,138040,메리츠금융지주,CFS
20260331004202,11011,2025,00860332,CF,현금흐름표,dart_AcquisitionOfTreasuryShares,자기주식의 취득,-,제 16 기,1310114236000,제 15 기,858300688300,제 14 기,671968514793,10,KRW,,138040,메리츠금융지주,CFS
20260331004202,11011,2025,00860332,CF,현금흐름표,dart_CashInflowFromIssuanceOfHybridBond,신종자본증권의 발행,-,제 16 기,378659575047,제 15 기,298752860000,제 14 기,9189843,11,KRW,,138040,메리츠금융지주,CFS
20260331004202,11011,2025,00860332,CF,현금흐름표,dart_CashOutflowForRepaymentOfHybridBond,신종자본증권의 상환,-,제 16 기,270000000000,제 15 기,0,제 14 기,0,12,KRW,,138040,메리츠금융지주,CFS
20260331004202,11011,2025,00860332,CF,현금흐름표,dart_DecreaseInGuaranteeDepositsAsFinancialActivities,임대보증금의 감소,-,제 16 기,1581860000,제 15 기,1794350000,제 14 기,314329000,13,KRW,,138040,메리츠금융지주,CFS
20260331004202,11011,2025,00860332,CF,현금흐름표,dart_DividendsPaidToHybridBond,신종자본증권의 배당,-,제 16 기,46894750000,제 15 기,36503000000,제 14 기,26528000000,14,KRW,,138040,메리츠금융지주,CFS
20260331004202,11011,2025,00860332,CF,현금흐름표,dart_IncreaseInGuaranteeDepositsAsFinancialActivities,임대보증금의 증가,-,제 16 기,2782246733,제 15 기,778104137,제 14 기,3102342698,15,KRW,,138040,메리츠금융지주,CFS
20260331004202,11011,2025,00860332,CF,현금흐름표,dart_ProceedsFromBonds,사채의 발행,-,제 16 기,8420299485272,제 15 기,6631414838600,제 14 기,4815272920599,16,KRW,,138040,메리츠금융지주,CFS
20260331004202,11011,2025,00860332,CF,현금흐름표,dart_RepaymentsOfBonds,사채의 상환,-,제 16 기,-4530980000000,제 15 기,-4268556406270,제 14 기,-3618247115709,17,KRW,,138040,메리츠금융지주,CFS
20260331004202,11011,2025,00860332,CF,현금흐름표,-표준계정코드 미사용-,종속기업의 신종자본증권 발행,-,제 16 기,252689003061,제 15 기,318642012648,제 14 기,0,18,KRW,,138040,메리츠금융지주,CFS
20260331004202,11011,2025,00860332,CF,현금흐름표,-표준계정코드 미사용-,비지배지분의 순증감,-,제 16 기,-15458730,제 15 기,131400000,제 14 기,0,19,KRW,,138040,메리츠금융지주,CFS
20260331004202,11011,2025,00860332,CF,현금흐름표,-표준계정코드 미사용-,종속기업의 신종자본증권 배당,-,제 16 기,48100956658,제 15 기,25407870715,제 14 기,20066886425,20,KRW,,138040,메리츠금융지주,CFS
20260331004202,11011,2025,00860332,CF,현금흐름표,-표준계정코드 미사용-,종속기업투자주식 취득,-,제 16 기,0,제 15 기,0,제 14 기,-440883874,21,KRW,,138040,메리츠금융지주,CFS
20260331004202,11011,2025,00860332,CF,현금흐름표,-표준계정코드 미사용-,종속기업의 자기주식 취득,-,제 16 기,0,제 15 기,0,제 14 기,-118706641,22,KRW,,138040,메리츠금융지주,CFS
20260331004202,11011,2025,00860332,CF,현금흐름표,-표준계정코드 미사용-,종속기업의 신종자본증권 상환,-,제 16 기,160000000000,제 15 기,0,제 14 기,0,23,KRW,,138040,메리츠금융지주,CFS
20260331004202,11011,2025,00860332,CF,현금흐름표,ifrs-full_DividendsPaidClassifiedAsFinancingActivities,배당금지급,-,제 16 기,241094682980,제 15 기,448333971920,제 14 기,40345051935,24,KRW,,138040,메리츠금융지주,CFS
20260331004202,11011,2025,00860332,CF,현금흐름표,ifrs-full_PaymentsForShareIssueCosts,종속기업의 신주 발행비용,-,제 16 기,43700000,제 15 기,96000000,제 14 기,1785129439,25,KRW,,138040,메리츠금융지주,CFS
20260331004202,11011,2025,00860332,CF,현금흐름표,ifrs-full_PaymentsOfLeaseLiabilitiesClassifiedAsFinancingActivities,리스부채의 지급,-,제 16 기,35148961877,제 15 기,40088269230,제 14 기,42178781295,26,KRW,,138040,메리츠금융지주,CFS
20260331004202,11011,2025,00860332,CF,현금흐름표,ifrs-full_ProceedsFromBorrowingsClassifiedAsFinancingActivities,차입금의 순증감,-,제 16 기,11413894825221,제 15 기,5444226568691,제 14 기,1865376040423,27,KRW,,138040,메리츠금융지주,CFS
20260331004202,11011,2025,00860332,CF,현금흐름표,ifrs-full_ProceedsFromSaleOrIssueOfTreasuryShares,자기주식의 처분,-,제 16 기,0,제 15 기,0,제 14 기,21707513,28,KRW,,138040,메리츠금융지주,CFS
20260331004202,11011,2025,00860332,CF,현금흐름표,ifrs-full_CashFlowsFromUsedInInvestingActivities,투자활동순현금흐름,-,제 16 기,-6552315823041,제 15 기,-2742576768411,제 14 기,-2700422312242,30,KRW,,138040,메리츠금융지주,CFS
20260331004202,11011,2025,00860332,CF,현금흐름표,dart_AdjustmentsForDecreaseIncreaseInDerivativeAssets,파생상품의 정산,-,제 16 기,-85494448036,제 15 기,-68616186191,제 14 기,-46239939187,31,KRW,,138040,메리츠금융지주,CFS
20260331004202,11011,2025,00860332,CF,현금흐름표,dart_DecreaseInGuaranteeDeposits,임차보증금의 감소,-,제 16 기,26510108628,제 15 기,13648636828,제 14 기,13617852400,32,KRW,,138040,메리츠금융지주,CFS
20260331004202,11011,2025,00860332,CF,현금흐름표,dart_IncreaseInGuaranteeDeposits,보증금의 증가,-,제 16 기,3366546601,제 15 기,23953771112,제 14 기,7251492952,33,KRW,,138040,메리츠금융지주,CFS
20260331004202,11011,2025,00860332,CF,현금흐름표,dart_ProceedsFromSalesOfFinancialAssetsAtFairValueThroughOtherComprehensiveIncome,기타포괄손익-공정가치측정금융자산의처분,-,제 16 기,12372823594180,제 15 기,5748674391849,제 14 기,8348345357997,34,KRW,,138040,메리츠금융지주,CFS
20260331004202,11011,2025,00860332,CF,현금흐름표,dart_PurchaseOfFinancialAssetsAtFairValueThroughOtherComprehensiveIncome,기타포괄손익-공정가치측정금융자산의취득,-,제 16 기,15222961702561,제 15 기,8476389927410,제 14 기,11169807881565,35,KRW,,138040,메리츠금융지주,CFS
20260331004202,11011,2025,00860332,CF,현금흐름표,-표준계정코드 미사용-,예치금의 감소(증가),-,제 16 기,0,제 15 기,0,제 14 기,-589002485986,36,KRW,,138040,메리츠금융지주,CFS
20260331004202,11011,2025,00860332,CF,현금흐름표,ifrs-full_CashFlowsFromLosingControlOfSubsidiariesOrOtherBusinessesClassifiedAsInvestingActivities,종속기업투자주식 변동에 따른 순현금흐름,-,제 16 기,195148662884,제 15 기,7843588164,제 14 기,901238770960,37,KRW,,138040,메리츠금융지주,CFS
20260331004202,11011,2025,00860332,CF,현금흐름표,ifrs-full_DividendsReceivedFromAssociatesClassifiedAsInvestingActivities,관계기업으로부터의 배당금 수취,-,제 16 기,153709984420,제 15 기,54346410470,제 14 기,45776847907,38,KRW,,138040,메리츠금융지주,CFS
20260331004202,11011,2025,00860332,CF,현금흐름표,ifrs-full_ProceedsFromSalesOfIntangibleAssetsClassifiedAsInvestingActivities,무형자산의 처분,-,제 16 기,1895454545,제 15 기,1287204546,제 14 기,282880000,39,KRW,,138040,메리츠금융지주,CFS
20260331004202,11011,2025,00860332,CF,현금흐름표,ifrs-full_ProceedsFromSalesOfInterestsInAssociates,관계기업투자자산의 처분,-,제 16 기,-19281688942,제 15 기,196691596374,제 14 기,383584528592,40,KRW,,138040,메리츠금융지주,CFS
20260331004202,11011,2025,00860332,CF,현금흐름표,ifrs-full_ProceedsFromSalesOfInvestmentProperty,투자부동산의 처분,-,제 16 기,0,제 15 기,0,제 14 기,841413190,41,KRW,,138040,메리츠금융지주,CFS
20260331004202,11011,2025,00860332,CF,현금흐름표,ifrs-full_ProceedsFromSalesOfPropertyPlantAndEquipmentClassifiedAsInvestingActivities,유형자산의 처분,-,제 16 기,125412398,제 15 기,103288019,제 14 기,266148133,42,KRW,,138040,메리츠금융지주,CFS
20260331004202,11011,2025,00860332,CF,현금흐름표,ifrs-full_PurchaseOfIntangibleAssetsClassifiedAsInvestingActivities,무형자산의 취득,-,제 16 기,23698175285,제 15 기,8249697745,제 14 기,10494362929,43,KRW,,138040,메리츠금융지주,CFS
20260331004202,11011,2025,00860332,CF,현금흐름표,ifrs-full_PurchaseOfInterestsInAssociates,관계기업투자자산의 취득,-,제 16 기,3923643534947,제 15 기,115913141315,제 14 기,528231951506,44,KRW,,138040,메리츠금융지주,CFS
20260331004202,11011,2025,00860332,CF,현금흐름표,ifrs-full_PurchaseOfPropertyPlantAndEquipmentClassifiedAsInvestingActivities,유형자산의 취득,-,제 16 기,24082943724,제 15 기,72049160888,제 14 기,43347997296,45,KRW,,138040,메리츠금융지주,CFS
20260331004202,11011,2025,00860332,CF,현금흐름표,ifrs-full_CashFlowsFromUsedInOperatingActivities,영업활동순현금흐름,-,제 16 기,-6472006707057,제 15 기,-3918171095152,제 14 기,-1271036485179,47,KRW,,138040,메리츠금융지주,CFS
20260331004202,11011,2025,00860332,CF,현금흐름표,ifrs-full_CashFlowsFromUsedInOperations,영업에서 창출된 현금흐름,-,제 16 기,-7960008216525,제 15 기,-5602708811222,제 14 기,-2604410520964,48,KRW,,138040,메리츠금융지주,CFS
20260331004202,11011,2025,00860332,CF,현금흐름표,dart_AdjustmentsForAssetsLiabilitiesOfOperatingActivities,영업활동으로 인한 자산 부채의 변동,-,제 16 기,-7523163298202,제 15 기,-5509115863951,제 14 기,-2255035043832,49,KRW,,138040,메리츠금융지주,CFS
20260331004202,11011,2025,00860332,CF,현금흐름표,dart_AdjustmentsForDecreaseIncreaseInDuefromBanks,예치금의 감소(증가),-,제 16 기,-3534614577179,제 15 기,367691820898,제 14 기,-82955172253,50,KRW,,138040,메리츠금융지주,CFS
20260331004202,11011,2025,00860332,CF,현금흐름표,dart_AdjustmentsForDecreaseIncreaseInFinancialAssetsAtAmortisedCostClassifiedAsOperatingActivities,상각후원가측정금융자산의 감소(증가) - 영업활동,-,제 16 기,-5280736546515,제 15 기,-3172008147361,제 14 기,-2304168246609,51,KRW,,138040,메리츠금융지주,CFS
20260331004202,11011,2025,00860332,CF,현금흐름표,dart_AdjustmentsForDecreaseIncreaseInFinancialAssetsAtFairValueThroughProfitOrLossClassifiedAsOperatingActivities,당기손익-공정가치측정금융자산의 감소(증가) - 영업활동,-,제 16 기,-5632351222483,제 15 기,-4387560230914,제 14 기,-9673594006477,52,KRW,,138040,메리츠금융지주,CFS
20260331004202,11011,2025,00860332,CF,현금흐름표,dart_AdjustmentsForIncreaseDecreaseInFinancialLiabilitiesAtFairValueThroughProfitOrLossClassifiedAsOperatingActivities,당기손익-공정가치측정금융부채의 증가(감소) - 영업활동,-,제 16 기,2881075857340,제 15 기,-810851506856,제 14 기,4733014149919,53,KRW,,138040,메리츠금융지주,CFS
20260331004202,11011,2025,00860332,CF,현금흐름표,dart_AdjustmentsForIncreaseDecreaseInInsuranceContractsIssuedThatAreLiabilities,보험계약자산부채,-,제 16 기,1449167914358,제 15 기,1805020303724,제 14 기,2360034735712,54,KRW,,138040,메리츠금융지주,CFS
20260331004202,11011,2025,00860332,CF,현금흐름표,dart_DecreaseIncreaseInLeasedAssets,리스자산의 감소(증가),-,제 16 기,-361962619240,제 15 기,-310371846383,제 14 기,3157267486,55,KRW,,138040,메리츠금융지주,CFS
20260331004202,11011,2025,00860332,CF,현금흐름표,dart_IncreaseDecreaseInReInsuranceContractsLiabilityAsset,재보험계약자산부채,-,제 16 기,-221317027806,제 15 기,-246848667906,제 14 기,-183921912566,56,KRW,,138040,메리츠금융지주,CFS
20260331004202,11011,2025,00860332,CF,현금흐름표,dart_ProceedsFromSalesOfNonCurrentAssetsOrDisposalGroupsClassifiedAsHeldForSale,매각예정자산부채,-,제 16 기,0,제 15 기,0,제 14 기,-2193680897,57,KRW,,138040,메리츠금융지주,CFS
20260331004202,11011,2025,00860332,CF,현금흐름표,ifrs-full_AdjustmentsForDecreaseIncreaseInOtherAssets,기타자산의 감소(증가),-,제 16 기,-1141370728196,제 15 기,-947836302756,제 14 기,-155393594794,58,KRW,,138040,메리츠금융지주,CFS
20260331004202,11011,2025,00860332,CF,현금흐름표,ifrs-full_AdjustmentsForIncreaseDecreaseInDepositsFromCustomers,예수부채의 증가(감소),-,제 16 기,2954645590355,제 15 기,1767824959169,제 14 기,2667895041007,59,KRW,,138040,메리츠금융지주,CFS
20260331004202,11011,2025,00860332,CF,현금흐름표,ifrs-full_AdjustmentsForIncreaseDecreaseInEmployeeBenefitLiabilities,순확정급여부채 증가(감소),-,제 16 기,-26252626267,제 15 기,-18102308849,제 14 기,-15757282495,60,KRW,,138040,메리츠금융지주,CFS
20260331004202,11011,2025,00860332,CF,현금흐름표,ifrs-full_AdjustmentsForIncreaseDecreaseInOtherLiabilities,기타부채의 증가(감소),-,제 16 기,1390552687431,제 15 기,443926063283,제 14 기,398847658135,61,KRW,,138040,메리츠금융지주,CFS
20260331004202,11011,2025,00860332,CF,현금흐름표,ifrs-full_AdjustmentsForReconcileProfitLoss,비현금항목 가감,-,제 16 기,-2786979561948,제 15 기,-2427026585622,제 14 기,-2474752060565,62,KRW,,138040,메리츠금융지주,CFS
20260331004202,11011,2025,00860332,CF,현금흐름표,dart_AdjustmentsForAdditionalAllowanceRecognisedInProfitOrLossAllowanceAccountForCreditLossesOfFinancialAssets,기타포괄손익-공정가치측정금융상품 기대신용손실전입액,-,제 16 기,-12412393493,제 15 기,21428058530,제 14 기,87653284988,63,KRW,,138040,메리츠금융지주,CFS
20260331004202,11011,2025,00860332,CF,현금흐름표,dart_AdjustmentsForBadDebtExpenses,대손상각비 조정,-,제 16 기,201627915730,제 15 기,117873877806,제 14 기,177858587843,64,KRW,,138040,메리츠금융지주,CFS
20260331004202,11011,2025,00860332,CF,현금흐름표,dart_AdjustmentsForForeignExchangeGainLoss,외화거래손익,-,제 16 기,23708365,제 15 기,2903317656,제 14 기,-522347480,65,KRW,,138040,메리츠금융지주,CFS
20260331004202,11011,2025,00860332,CF,현금흐름표,dart_AdjustmentsForGainLossOnDisposalsOfIntangibleAssets,무형자산처분손익,-,제 16 기,1541557555,제 15 기,211658951,제 14 기,-3839910,66,KRW,,138040,메리츠금융지주,CFS
20260331004202,11011,2025,00860332,CF,현금흐름표,dart_AdjustmentsForGainLossOnDisposalsOfInvestmentProperty,투자부동산처분손익,-,제 16 기,0,제 15 기,0,제 14 기,-79143216,67,KRW,,138040,메리츠금융지주,CFS
20260331004202,11011,2025,00860332,CF,현금흐름표,dart_AdjustmentsForGainLossOnForeignExchangeTranslations,외화환산손익,-,제 16 기,-59766959431,제 15 기,256076217370,제 14 기,53008659218,68,KRW,,138040,메리츠금융지주,CFS
20260331004202,11011,2025,00860332,CF,현금흐름표,dart_AdjustmentsForGainsLossesOnTransactionOfDerivativeFinancialInstruments,위험회피목적파생상품거래손익,-,제 16 기,-5839310370,제 15 기,26231304365,제 14 기,18642070748,69,KRW,,138040,메리츠금융지주,CFS
20260331004202,11011,2025,00860332,CF,현금흐름표,dart_AdjustmentsForImpairmentLossesOfIntangibleAssets,무형자산손상차손(환입),-,제 16 기,6250000,제 15 기,3500000,제 14 기,-1750000,70,KRW,,138040,메리츠금융지주,CFS
20260331004202,11011,2025,00860332,CF,현금흐름표,dart_AdjustmentsForLossesFromDiscontinuedOperations,중단영업처분손익,-,제 16 기,0,제 15 기,0,제 14 기,-5430253849,71,KRW,,138040,메리츠금융지주,CFS
20260331004202,11011,2025,00860332,CF,현금흐름표,dart_AdjustmentsForOtherOperatingIncomeExpense,기타영업손익,-,제 16 기,177608084556,제 15 기,32271696662,제 14 기,-29312672132,72,KRW,,138040,메리츠금융지주,CFS
20260331004202,11011,2025,00860332,CF,현금흐름표,dart_AdjustmentsForProvisionForSeveranceIndemnities,퇴직급여 조정,-,제 16 기,15774359677,제 15 기,12830705871,제 14 기,11388274279,73,KRW,,138040,메리츠금융지주,CFS
20260331004202,11011,2025,00860332,CF,현금흐름표,dart_GainsLossesOnChangeInFairValueOfFinancialInstrumentsAtFairValueThroughProfitOrLoss,당기손익-공정가치측정금융상품평가손익,-,제 16 기,-49071475075,제 15 기,24719046708,제 14 기,403390643468,74,KRW,,138040,메리츠금융지주,CFS
20260331004202,11011,2025,00860332,CF,현금흐름표,dart_GainsLossesOnDisposalsOfFinancialAssetsAtFairValueThroughOtherComprehensiveIncome,기타포괄손익-공정가치측정금융자산처분손익,-,제 16 기,7893897170,제 15 기,25509064692,제 14 기,-3850364772,75,KRW,,138040,메리츠금융지주,CFS
20260331004202,11011,2025,00860332,CF,현금흐름표,dart_ImpairmentLossesOnInvestmentProperty,투자부동산손상차손,-,제 16 기,0,제 15 기,0,제 14 기,72579829424,76,KRW,,138040,메리츠금융지주,CFS
20260331004202,11011,2025,00860332,CF,현금흐름표,-표준계정코드 미사용-,재보험계약비용,-,제 16 기,658951967185,제 15 기,593294922438,제 14 기,726081922453,77,KRW,,138040,메리츠금융지주,CFS
20260331004202,11011,2025,00860332,CF,현금흐름표,-표준계정코드 미사용-,재보험계약수익,-,제 16 기,-440961841627,제 15 기,-272973931091,제 14 기,-338396222723,78,KRW,,138040,메리츠금융지주,CFS
20260331004202,11011,2025,00860332,CF,현금흐름표,ifrs-full_AdjustmentsForAmortisationExpense,무형자산상각비에 대한 조정,-,제 16 기,15152344420,제 15 기,14914652046,제 14 기,15138609412,79,KRW,,138040,메리츠금융지주,CFS
20260331004202,11011,2025,00860332,CF,현금흐름표,ifrs-full_AdjustmentsForDepreciationExpense,감가상각비에 대한 조정,-,제 16 기,74103148038,제 15 기,69000058227,제 14 기,71646159802,80,KRW,,138040,메리츠금융지주,CFS
20260331004202,11011,2025,00860332,CF,현금흐름표,ifrs-full_AdjustmentsForDividendIncome,배당수익에 대한 조정,-,제 16 기,468199663682,제 15 기,283891933381,제 14 기,63792174945,81,KRW,,138040,메리츠금융지주,CFS
20260331004202,11011,2025,00860332,CF,현금흐름표,ifrs-full_AdjustmentsForGainLossOnDisposalOfInvestmentsInSubsidiariesJointVenturesAndAssociates,"종속기업, 공동기업, 및 관계기업에 대한 투자지분의 처분이익(손실)에 대한 조정",-,제 16 기,257868962276,제 15 기,-71169525538,제 14 기,-52010192909,82,KRW,,138040,메리츠금융지주,CFS
20260331004202,11011,2025,00860332,CF,현금흐름표,ifrs-full_AdjustmentsForGainLossOnDisposalsPropertyPlantAndEquipment,유형자산처분손익,-,제 16 기,1498390413,제 15 기,268862849,제 14 기,-97429453,83,KRW,,138040,메리츠금융지주,CFS
20260331004202,11011,2025,00860332,CF,현금흐름표,ifrs-full_AdjustmentsForGainsLossesOnChangeInFairValueOfDerivatives,위험회피목적파생상품평가손익,-,제 16 기,2139275053,제 15 기,153315505909,제 14 기,14086480174,84,KRW,,138040,메리츠금융지주,CFS
20260331004202,11011,2025,00860332,CF,현금흐름표,ifrs-full_AdjustmentsForIncomeTaxExpense,법인세비용 조정,-,제 16 기,811416754043,제 15 기,807711694675,제 14 기,725712556998,85,KRW,,138040,메리츠금융지주,CFS
20260331004202,11011,2025,00860332,CF,현금흐름표,ifrs-full_AdjustmentsForInterestExpense,이자비용에 대한 조정,-,제 16 기,2036240440659,제 15 기,1977306366199,제 14 기,1853982680075,86,KRW,,138040,메리츠금융지주,CFS
20260331004202,11011,2025,00860332,CF,현금흐름표,ifrs-full_AdjustmentsForInterestIncome,이자수익에 대한 조정,-,제 16 기,4196776214372,제 15 기,4072811502976,제 14 기,3955558064845,87,KRW,,138040,메리츠금융지주,CFS
20260331004202,11011,2025,00860332,CF,현금흐름표,ifrs-full_AdjustmentsForProvisions,충당부채의 조정,-,제 16 기,-5055721547,제 15 기,-1573610097,제 14 기,-11457180593,88,KRW,,138040,메리츠금융지주,CFS
20260331004202,11011,2025,00860332,CF,현금흐름표,ifrs-full_ExpenseArisingFromInsuranceContracts,보험계약비용,-,제 16 기,7359599723954,제 15 기,6721407590568,제 14 기,6217470046479,89,KRW,,138040,메리츠금융지주,CFS
20260331004202,11011,2025,00860332,CF,현금흐름표,ifrs-full_IncomeArisingFromInsuranceContracts,보험계약수익,-,제 16 기,-9136820731332,제 15 기,-8731605997573,제 14 기,-8369737816337,90,KRW,,138040,메리츠금융지주,CFS
20260331004202,11011,2025,00860332,CF,현금흐름표,ifrs-full_IncreaseDecreaseThroughInsuranceFinanceIncomeOrExpensesInsuranceContractsLiabilityAsset,보험금융손익,-,제 16 기,641670301545,제 15 기,691302492212,제 14 기,648062499298,91,KRW,,138040,메리츠금융지주,CFS
20260331004202,11011,2025,00860332,CF,현금흐름표,ifrs-full_ProfitLoss,당기순이익(손실),-,제 16 기,2350134643625,제 15 기,2333433638351,제 14 기,2125376583433,92,KRW,,138040,메리츠금융지주,CFS
20260331004202,11011,2025,00860332,CF,현금흐름표,ifrs-full_DividendsReceivedClassifiedAsOperatingActivities,배당금수취,-,제 16 기,459390532167,제 15 기,275735938742,제 14 기,59348698269,93,KRW,,138040,메리츠금융지주,CFS
20260331004202,11011,2025,00860332,CF,현금흐름표,ifrs-full_IncomeTaxesPaidRefundClassifiedAsOperatingActivities,법인세납부(환급),-,제 16 기,919095567294,제 15 기,418330296781,제 14 기,611225280195,94,KRW,,138040,메리츠금융지주,CFS
20260331004202,11011,2025,00860332,CF,현금흐름표,ifrs-full_InterestPaidClassifiedAsOperatingActivities,이자지급,-,제 16 기,1996455706179,제 15 기,1898346892337,제 14 기,1750670088443,95,KRW,,138040,메리츠금융지주,CFS
20260331004202,11011,2025,00860332,CF,현금흐름표,ifrs-full_InterestReceivedClassifiedAsOperatingActivities,이자수취,-,제 16 기,3944162250774,제 15 기,3725478966446,제 14 기,3635920706154,96,KRW,,138040,메리츠금융지주,CFS
20260331004202,11011,2025,00860332,CF,현금흐름표,ifrs-full_EffectOfExchangeRateChangesOnCashAndCashEquivalents,현금및현금성자산에 대한 환율변동효과,-,제 16 기,-23625951477,제 15 기,30712016308,제 14 기,8370423654,98,KRW,,138040,메리츠금융지주,CFS
20260331004202,11011,2025,00860332,CF,현금흐름표,ifrs-full_IncreaseDecreaseInCashAndCashEquivalents,현금및현금성자산의순증가(감소),-,제 16 기,776402047514,제 15 기,384829380386,제 14 기,-1663339101802,99,KRW,,138040,메리츠금융지주,CFS
20260331004202,11011,2025,00860332,CF,현금흐름표,ifrs-full_ProceedsFromDisposalOfNoncurrentAssetsOrDisposalGroupsClassifiedAsHeldForSaleAndDiscontinuedOperations,매각예정자산의 처분,-,제 16 기,0,제 15 기,0,제 14 기,37960470000,100,KRW,,138040,메리츠금융지주,CFS
20260331004202,11011,2025,00860332,SCE,자본변동표,dart_EquityAtBeginningOfPeriod,기초자본,연결재무제표 [member],제 16 기,10930036028008,제 15 기,10097185065931,제 14 기,8541970794850,3,KRW,,138040,메리츠금융지주,CFS
20260331004202,11011,2025,00860332,SCE,자본변동표,dart_EquityAtBeginningOfPeriod,기초자본,자본 [구성요소]|비지배지분 [구성요소],제 16 기,835593105247,제 15 기,515277655253,제 14 기,3597999305548,3,KRW,,138040,메리츠금융지주,CFS
20260331004202,11011,2025,00860332,SCE,자본변동표,dart_EquityAtBeginningOfPeriod,기초자본,자본 [구성요소]|지배기업의 소유주에게 귀속되는 지분 [구성요소],제 16 기,10094442922761,제 15 기,9581907410678,제 14 기,4943971489302,3,KRW,,138040,메리츠금융지주,CFS
20260331004202,11011,2025,00860332,SCE,자본변동표,dart_EquityAtBeginningOfPeriod,기초자본,자본 [구성요소]|지배기업의 소유주에게 귀속되는 지분 [구성요소]|기타포괄손익누적액 [구성요소],제 16 기,-132859294421,제 15 기,553028906082,제 14 기,120980072540,3,KRW,,138040,메리츠금융지주,CFS
20260331004202,11011,2025,00860332,SCE,자본변동표,dart_EquityAtBeginningOfPeriod,기초자본,자본 [구성요소]|지배기업의 소유주에게 귀속되는 지분 [구성요소]|신종자본증권 [구성요소],제 16 기,891960616004,제 15 기,593207756004,제 14 기,593198566161,3,KRW,,138040,메리츠금융지주,CFS
20260331004202,11011,2025,00860332,SCE,자본변동표,dart_EquityAtBeginningOfPeriod,기초자본,자본 [구성요소]|지배기업의 소유주에게 귀속되는 지분 [구성요소]|이익잉여금 [구성요소],제 16 기,8790694338024,제 15 기,7610654308103,제 14 기,4081877176292,3,KRW,,138040,메리츠금융지주,CFS
20260331004202,11011,2025,00860332,SCE,자본변동표,dart_EquityAtBeginningOfPeriod,기초자본,자본 [구성요소]|지배기업의 소유주에게 귀속되는 지분 [구성요소]|자본금 [구성요소],제 16 기,113093927000,제 15 기,113093927000,제 14 기,71442909000,3,KRW,,138040,메리츠금융지주,CFS
20260331004202,11011,2025,00860332,SCE,자본변동표,dart_EquityAtBeginningOfPeriod,기초자본,자본 [구성요소]|지배기업의 소유주에게 귀속되는 지분 [구성요소]|자본잉여금 [구성요소],제 16 기,124846559730,제 15 기,125354977096,제 14 기,63236378044,3,KRW,,138040,메리츠금융지주,CFS
20260331004202,11011,2025,00860332,SCE,자본변동표,dart_EquityAtBeginningOfPeriod,기초자본,자본 [구성요소]|지배기업의 소유주에게 귀속되는 지분 [구성요소]|자본조정 [구성요소],제 16 기,306706776424,제 15 기,586567536393,제 14 기,13236387265,3,KRW,,138040,메리츠금융지주,CFS
20260331004202,11011,2025,00860332,SCE,자본변동표,dart_IncreaseDecreaseThroughChangesInAccountingPolicies,회계정책변경의 효과,연결재무제표 [member],제 16 기,-9283142307,제 15 기,0,제 14 기,0,4,KRW,,138040,메리츠금융지주,CFS
20260331004202,11011,2025,00860332,SCE,자본변동표,dart_IncreaseDecreaseThroughChangesInAccountingPolicies,회계정책변경의 효과,자본 [구성요소]|비지배지분 [구성요소],제 16 기,0,제 15 기,0,제 14 기,0,4,KRW,,138040,메리츠금융지주,CFS
20260331004202,11011,2025,00860332,SCE,자본변동표,dart_IncreaseDecreaseThroughChangesInAccountingPolicies,회계정책변경의 효과,자본 [구성요소]|지배기업의 소유주에게 귀속되는 지분 [구성요소],제 16 기,-9283142307,제 15 기,0,제 14 기,0,4,KRW,,138040,메리츠금융지주,CFS
20260331004202,11011,2025,00860332,SCE,자본변동표,dart_IncreaseDecreaseThroughChangesInAccountingPolicies,회계정책변경의 효과,자본 [구성요소]|지배기업의 소유주에게 귀속되는 지분 [구성요소]|기타포괄손익누적액 [구성요소],제 16 기,0,제 15 기,0,제 14 기,-13898413600,4,KRW,,138040,메리츠금융지주,CFS
20260331004202,11011,2025,00860332,SCE,자본변동표,dart_IncreaseDecreaseThroughChangesInAccountingPolicies,회계정책변경의 효과,자본 [구성요소]|지배기업의 소유주에게 귀속되는 지분 [구성요소]|신종자본증권 [구성요소],제 16 기,0,제 15 기,0,제 14 기,0,4,KRW,,138040,메리츠금융지주,CFS
20260331004202,11011,2025,00860332,SCE,자본변동표,dart_IncreaseDecreaseThroughChangesInAccountingPolicies,회계정책변경의 효과,자본 [구성요소]|지배기업의 소유주에게 귀속되는 지분 [구성요소]|이익잉여금 [구성요소],제 16 기,-9283142307,제 15 기,0,제 14 기,13898413600,4,KRW,,138040,메리츠금융지주,CFS
20260331004202,11011,2025,00860332,SCE,자본변동표,dart_IncreaseDecreaseThroughChangesInAccountingPolicies,회계정책변경의 효과,자본 [구성요소]|지배기업의 소유주에게 귀속되는 지분 [구성요소]|자본금 [구성요소],제 16 기,0,제 15 기,0,제 14 기,0,4,KRW,,138040,메리츠금융지주,CFS
20260331004202,11011,2025,00860332,SCE,자본변동표,dart_IncreaseDecreaseThroughChangesInAccountingPolicies,회계정책변경의 효과,자본 [구성요소]|지배기업의 소유주에게 귀속되는 지분 [구성요소]|자본잉여금 [구성요소],제 16 기,0,제 15 기,0,제 14 기,0,4,KRW,,138040,메리츠금융지주,CFS
20260331004202,11011,2025,00860332,SCE,자본변동표,dart_IncreaseDecreaseThroughChangesInAccountingPolicies,회계정책변경의 효과,자본 [구성요소]|지배기업의 소유주에게 귀속되는 지분 [구성요소]|자본조정 [구성요소],제 16 기,0,제 15 기,0,제 14 기,0,4,KRW,,138040,메리츠금융지주,CFS
20260331004202,11011,2025,00860332,SCE,자본변동표,-표준계정코드 미사용-,회계정책변경후 기초자본,연결재무제표 [member],제 16 기,10920752885701,제 15 기,10097185065931,제 14 기,8541970794850,5,KRW,,138040,메리츠금융지주,CFS
20260331004202,11011,2025,00860332,SCE,자본변동표,-표준계정코드 미사용-,회계정책변경후 기초자본,자본 [구성요소]|비지배지분 [구성요소],제 16 기,835593105247,제 15 기,515277655253,제 14 기,3597999305548,5,KRW,,138040,메리츠금융지주,CFS
20260331004202,11011,2025,00860332,SCE,자본변동표,-표준계정코드 미사용-,회계정책변경후 기초자본,자본 [구성요소]|지배기업의 소유주에게 귀속되는 지분 [구성요소],제 16 기,10085159780454,제 15 기,9581907410678,제 14 기,4943971489302,5,KRW,,138040,메리츠금융지주,CFS
20260331004202,11011,2025,00860332,SCE,자본변동표,-표준계정코드 미사용-,회계정책변경후 기초자본,자본 [구성요소]|지배기업의 소유주에게 귀속되는 지분 [구성요소]|기타포괄손익누적액 [구성요소],제 16 기,-132859294421,제 15 기,553028906082,제 14 기,107081658940,5,KRW,,138040,메리츠금융지주,CFS
20260331004202,11011,2025,00860332,SCE,자본변동표,-표준계정코드 미사용-,회계정책변경후 기초자본,자본 [구성요소]|지배기업의 소유주에게 귀속되는 지분 [구성요소]|신종자본증권 [구성요소],제 16 기,891960616004,제 15 기,593207756004,제 14 기,593198566161,5,KRW,,138040,메리츠금융지주,CFS
20260331004202,11011,2025,00860332,SCE,자본변동표,-표준계정코드 미사용-,회계정책변경후 기초자본,자본 [구성요소]|지배기업의 소유주에게 귀속되는 지분 [구성요소]|이익잉여금 [구성요소],제 16 기,8781411195717,제 15 기,7610654308103,제 14 기,4095775589892,5,KRW,,138040,메리츠금융지주,CFS
20260331004202,11011,2025,00860332,SCE,자본변동표,-표준계정코드 미사용-,회계정책변경후 기초자본,자본 [구성요소]|지배기업의 소유주에게 귀속되는 지분 [구성요소]|자본금 [구성요소],제 16 기,113093927000,제 15 기,113093927000,제 14 기,71442909000,5,KRW,,138040,메리츠금융지주,CFS
20260331004202,11011,2025,00860332,SCE,자본변동표,-표준계정코드 미사용-,회계정책변경후 기초자본,자본 [구성요소]|지배기업의 소유주에게 귀속되는 지분 [구성요소]|자본잉여금 [구성요소],제 16 기,124846559730,제 15 기,125354977096,제 14 기,63236378044,5,KRW,,138040,메리츠금융지주,CFS
20260331004202,11011,2025,00860332,SCE,자본변동표,-표준계정코드 미사용-,회계정책변경후 기초자본,자본 [구성요소]|지배기업의 소유주에게 귀속되는 지분 [구성요소]|자본조정 [구성요소],제 16 기,306706776424,제 15 기,586567536393,제 14 기,13236387265,5,KRW,,138040,메리츠금융지주,CFS
20260331004202,11011,2025,00860332,SCE,자본변동표,dart_AnnualDividendsPaid,연차배당,연결재무제표 [member],제 16 기,-240695655300,제 15 기,-448333971920,제 14 기,-43485192450,8,KRW,,138040,메리츠금융지주,CFS
20260331004202,11011,2025,00860332,SCE,자본변동표,dart_AnnualDividendsPaid,연차배당,자본 [구성요소]|비지배지분 [구성요소],제 16 기,0,제 15 기,0,제 14 기,-30764909700,8,KRW,,138040,메리츠금융지주,CFS
20260331004202,11011,2025,00860332,SCE,자본변동표,dart_AnnualDividendsPaid,연차배당,자본 [구성요소]|지배기업의 소유주에게 귀속되는 지분 [구성요소],제 16 기,-240695655300,제 15 기,-448333971920,제 14 기,-12720282750,8,KRW,,138040,메리츠금융지주,CFS
20260331004202,11011,2025,00860332,SCE,자본변동표,dart_AnnualDividendsPaid,연차배당,자본 [구성요소]|지배기업의 소유주에게 귀속되는 지분 [구성요소]|기타포괄손익누적액 [구성요소],제 16 기,0,제 15 기,0,제 14 기,0,8,KRW,,138040,메리츠금융지주,CFS
20260331004202,11011,2025,00860332,SCE,자본변동표,dart_AnnualDividendsPaid,연차배당,자본 [구성요소]|지배기업의 소유주에게 귀속되는 지분 [구성요소]|신종자본증권 [구성요소],제 16 기,0,제 15 기,0,제 14 기,0,8,KRW,,138040,메리츠금융지주,CFS
20260331004202,11011,2025,00860332,SCE,자본변동표,dart_AnnualDividendsPaid,연차배당,자본 [구성요소]|지배기업의 소유주에게 귀속되는 지분 [구성요소]|이익잉여금 [구성요소],제 16 기,-240695655300,제 15 기,-448333971920,제 14 기,-12720282750,8,KRW,,138040,메리츠금융지주,CFS
20260331004202,11011,2025,00860332,SCE,자본변동표,dart_AnnualDividendsPaid,연차배당,자본 [구성요소]|지배기업의 소유주에게 귀속되는 지분 [구성요소]|자본금 [구성요소],제 16 기,0,제 15 기,0,제 14 기,0,8,KRW,,138040,메리츠금융지주,CFS
20260331004202,11011,2025,00860332,SCE,자본변동표,dart_AnnualDividendsPaid,연차배당,자본 [구성요소]|지배기업의 소유주에게 귀속되는 지분 [구성요소]|자본잉여금 [구성요소],제 16 기,0,제 15 기,0,제 14 기,0,8,KRW,,138040,메리츠금융지주,CFS
20260331004202,11011,2025,00860332,SCE,자본변동표,dart_AnnualDividendsPaid,연차배당,자본 [구성요소]|지배기업의 소유주에게 귀속되는 지분 [구성요소]|자본조정 [구성요소],제 16 기,0,제 15 기,0,제 14 기,0,8,KRW,,138040,메리츠금융지주,CFS
20260331004202,11011,2025,00860332,SCE,자본변동표,dart_ChangesInConsolidatedCompanies,연결범위의 변동,연결재무제표 [member],제 16 기,6723851468,제 15 기,131400000,제 14 기,77200000,9,KRW,,138040,메리츠금융지주,CFS
20260331004202,11011,2025,00860332,SCE,자본변동표,dart_ChangesInConsolidatedCompanies,연결범위의 변동,자본 [구성요소]|비지배지분 [구성요소],제 16 기,6723851468,제 15 기,131400000,제 14 기,77200000,9,KRW,,138040,메리츠금융지주,CFS
20260331004202,11011,2025,00860332,SCE,자본변동표,dart_ChangesInConsolidatedCompanies,연결범위의 변동,자본 [구성요소]|지배기업의 소유주에게 귀속되는 지분 [구성요소],제 16 기,0,제 15 기,0,제 14 기,0,9,KRW,,138040,메리츠금융지주,CFS
20260331004202,11011,2025,00860332,SCE,자본변동표,dart_ChangesInConsolidatedCompanies,연결범위의 변동,자본 [구성요소]|지배기업의 소유주에게 귀속되는 지분 [구성요소]|기타포괄손익누적액 [구성요소],제 16 기,0,제 15 기,0,제 14 기,0,9,KRW,,138040,메리츠금융지주,CFS
20260331004202,11011,2025,00860332,SCE,자본변동표,dart_ChangesInConsolidatedCompanies,연결범위의 변동,자본 [구성요소]|지배기업의 소유주에게 귀속되는 지분 [구성요소]|신종자본증권 [구성요소],제 16 기,0,제 15 기,0,제 14 기,0,9,KRW,,138040,메리츠금융지주,CFS
20260331004202,11011,2025,00860332,SCE,자본변동표,dart_ChangesInConsolidatedCompanies,연결범위의 변동,자본 [구성요소]|지배기업의 소유주에게 귀속되는 지분 [구성요소]|이익잉여금 [구성요소],제 16 기,0,제 15 기,0,제 14 기,0,9,KRW,,138040,메리츠금융지주,CFS
20260331004202,11011,2025,00860332,SCE,자본변동표,dart_ChangesInConsolidatedCompanies,연결범위의 변동,자본 [구성요소]|지배기업의 소유주에게 귀속되는 지분 [구성요소]|자본금 [구성요소],제 16 기,0,제 15 기,0,제 14 기,0,9,KRW,,138040,메리츠금융지주,CFS
20260331004202,11011,2025,00860332,SCE,자본변동표,dart_ChangesInConsolidatedCompanies,연결범위의 변동,자본 [구성요소]|지배기업의 소유주에게 귀속되는 지분 [구성요소]|자본잉여금 [구성요소],제 16 기,0,제 15 기,0,제 14 기,0,9,KRW,,138040,메리츠금융지주,CFS
20260331004202,11011,2025,00860332,SCE,자본변동표,dart_ChangesInConsolidatedCompanies,연결범위의 변동,자본 [구성요소]|지배기업의 소유주에게 귀속되는 지분 [구성요소]|자본조정 [구성요소],제 16 기,0,제 15 기,0,제 14 기,0,9,KRW,,138040,메리츠금융지주,CFS
20260331004202,11011,2025,00860332,SCE,자본변동표,dart_DividendToHybridBond,신종자본증권배당,연결재무제표 [member],제 16 기,-48118142474,제 15 기,-38837139785,제 14 기,-26528000000,10,KRW,,138040,메리츠금융지주,CFS
20260331004202,11011,2025,00860332,SCE,자본변동표,dart_DividendToHybridBond,신종자본증권배당,자본 [구성요소]|비지배지분 [구성요소],제 16 기,0,제 15 기,0,제 14 기,0,10,KRW,,138040,메리츠금융지주,CFS
20260331004202,11011,2025,00860332,SCE,자본변동표,dart_DividendToHybridBond,신종자본증권배당,자본 [구성요소]|지배기업의 소유주에게 귀속되는 지분 [구성요소],제 16 기,-48118142474,제 15 기,-38837139785,제 14 기,-26528000000,10,KRW,,138040,메리츠금융지주,CFS
20260331004202,11011,2025,00860332,SCE,자본변동표,dart_DividendToHybridBond,신종자본증권배당,자본 [구성요소]|지배기업의 소유주에게 귀속되는 지분 [구성요소]|기타포괄손익누적액 [구성요소],제 16 기,0,제 15 기,0,제 14 기,0,10,KRW,,138040,메리츠금융지주,CFS
20260331004202,11011,2025,00860332,SCE,자본변동표,dart_DividendToHybridBond,신종자본증권배당,자본 [구성요소]|지배기업의 소유주에게 귀속되는 지분 [구성요소]|신종자본증권 [구성요소],제 16 기,0,제 15 기,0,제 14 기,0,10,KRW,,138040,메리츠금융지주,CFS
20260331004202,11011,2025,00860332,SCE,자본변동표,dart_DividendToHybridBond,신종자본증권배당,자본 [구성요소]|지배기업의 소유주에게 귀속되는 지분 [구성요소]|이익잉여금 [구성요소],제 16 기,-48118142474,제 15 기,-38837139785,제 14 기,-26528000000,10,KRW,,138040,메리츠금융지주,CFS
20260331004202,11011,2025,00860332,SCE,자본변동표,dart_DividendToHybridBond,신종자본증권배당,자본 [구성요소]|지배기업의 소유주에게 귀속되는 지분 [구성요소]|자본금 [구성요소],제 16 기,0,제 15 기,0,제 14 기,0,10,KRW,,138040,메리츠금융지주,CFS
20260331004202,11011,2025,00860332,SCE,자본변동표,dart_DividendToHybridBond,신종자본증권배당,자본 [구성요소]|지배기업의 소유주에게 귀속되는 지분 [구성요소]|자본잉여금 [구성요소],제 16 기,0,제 15 기,0,제 14 기,0,10,KRW,,138040,메리츠금융지주,CFS
20260331004202,11011,2025,00860332,SCE,자본변동표,dart_DividendToHybridBond,신종자본증권배당,자본 [구성요소]|지배기업의 소유주에게 귀속되는 지분 [구성요소]|자본조정 [구성요소],제 16 기,0,제 15 기,0,제 14 기,0,10,KRW,,138040,메리츠금융지주,CFS
20260331004202,11011,2025,00860332,SCE,자본변동표,ifrs-full_CancellationOfTreasuryShares,자기주식 소각,연결재무제표 [member],제 16 기,0,제 15 기,0,제 14 기,0,12,KRW,,138040,메리츠금융지주,CFS
20260331004202,11011,2025,00860332,SCE,자본변동표,ifrs-full_CancellationOfTreasuryShares,자기주식 소각,자본 [구성요소]|비지배지분 [구성요소],제 16 기,0,제 15 기,0,제 14 기,0,12,KRW,,138040,메리츠금융지주,CFS
20260331004202,11011,2025,00860332,SCE,자본변동표,ifrs-full_CancellationOfTreasuryShares,자기주식 소각,자본 [구성요소]|지배기업의 소유주에게 귀속되는 지분 [구성요소],제 16 기,0,제 15 기,0,제 14 기,0,12,KRW,,138040,메리츠금융지주,CFS
20260331004202,11011,2025,00860332,SCE,자본변동표,ifrs-full_CancellationOfTreasuryShares,자기주식 소각,자본 [구성요소]|지배기업의 소유주에게 귀속되는 지분 [구성요소]|기타포괄손익누적액 [구성요소],제 16 기,0,제 15 기,0,제 14 기,0,12,KRW,,138040,메리츠금융지주,CFS
20260331004202,11011,2025,00860332,SCE,자본변동표,ifrs-full_CancellationOfTreasuryShares,자기주식 소각,자본 [구성요소]|지배기업의 소유주에게 귀속되는 지분 [구성요소]|신종자본증권 [구성요소],제 16 기,0,제 15 기,0,제 14 기,0,12,KRW,,138040,메리츠금융지주,CFS
20260331004202,11011,2025,00860332,SCE,자본변동표,ifrs-full_CancellationOfTreasuryShares,자기주식 소각,자본 [구성요소]|지배기업의 소유주에게 귀속되는 지분 [구성요소]|이익잉여금 [구성요소],제 16 기,-1551724309450,제 15 기,-640124480100,제 14 기,-300067036350,12,KRW,,138040,메리츠금융지주,CFS
20260331004202,11011,2025,00860332,SCE,자본변동표,ifrs-full_CancellationOfTreasuryShares,자기주식 소각,자본 [구성요소]|지배기업의 소유주에게 귀속되는 지분 [구성요소]|자본금 [구성요소],제 16 기,0,제 15 기,0,제 14 기,0,12,KRW,,138040,메리츠금융지주,CFS
20260331004202,11011,2025,00860332,SCE,자본변동표,ifrs-full_CancellationOfTreasuryShares,자기주식 소각,자본 [구성요소]|지배기업의 소유주에게 귀속되는 지분 [구성요소]|자본잉여금 [구성요소],제 16 기,0,제 15 기,0,제 14 기,0,12,KRW,,138040,메리츠금융지주,CFS
20260331004202,11011,2025,00860332,SCE,자본변동표,ifrs-full_CancellationOfTreasuryShares,자기주식 소각,자본 [구성요소]|지배기업의 소유주에게 귀속되는 지분 [구성요소]|자본조정 [구성요소],제 16 기,1551724309450,제 15 기,640124480100,제 14 기,300067036350,12,KRW,,138040,메리츠금융지주,CFS
20260331004202,11011,2025,00860332,SCE,자본변동표,ifrs-full_PurchaseOfTreasuryShares,자기주식의 취득,연결재무제표 [member],제 16 기,-1317312066400,제 15 기,-862437395100,제 14 기,-672160023343,13,KRW,,138040,메리츠금융지주,CFS
20260331004202,11011,2025,00860332,SCE,자본변동표,ifrs-full_PurchaseOfTreasuryShares,자기주식의 취득,자본 [구성요소]|비지배지분 [구성요소],제 16 기,0,제 15 기,0,제 14 기,0,13,KRW,,138040,메리츠금융지주,CFS
20260331004202,11011,2025,00860332,SCE,자본변동표,ifrs-full_PurchaseOfTreasuryShares,자기주식의 취득,자본 [구성요소]|지배기업의 소유주에게 귀속되는 지분 [구성요소],제 16 기,-1317312066400,제 15 기,-862437395100,제 14 기,-672160023343,13,KRW,,138040,메리츠금융지주,CFS
20260331004202,11011,2025,00860332,SCE,자본변동표,ifrs-full_PurchaseOfTreasuryShares,자기주식의 취득,자본 [구성요소]|지배기업의 소유주에게 귀속되는 지분 [구성요소]|기타포괄손익누적액 [구성요소],제 16 기,0,제 15 기,0,제 14 기,0,13,KRW,,138040,메리츠금융지주,CFS
20260331004202,11011,2025,00860332,SCE,자본변동표,ifrs-full_PurchaseOfTreasuryShares,자기주식의 취득,자본 [구성요소]|지배기업의 소유주에게 귀속되는 지분 [구성요소]|신종자본증권 [구성요소],제 16 기,0,제 15 기,0,제 14 기,0,13,KRW,,138040,메리츠금융지주,CFS
20260331004202,11011,2025,00860332,SCE,자본변동표,ifrs-full_PurchaseOfTreasuryShares,자기주식의 취득,자본 [구성요소]|지배기업의 소유주에게 귀속되는 지분 [구성요소]|이익잉여금 [구성요소],제 16 기,0,제 15 기,0,제 14 기,0,13,KRW,,138040,메리츠금융지주,CFS
20260331004202,11011,2025,00860332,SCE,자본변동표,ifrs-full_PurchaseOfTreasuryShares,자기주식의 취득,자본 [구성요소]|지배기업의 소유주에게 귀속되는 지분 [구성요소]|자본금 [구성요소],제 16 기,0,제 15 기,0,제 14 기,0,13,KRW,,138040,메리츠금융지주,CFS
20260331004202,11011,2025,00860332,SCE,자본변동표,ifrs-full_PurchaseOfTreasuryShares,자기주식의 취득,자본 [구성요소]|지배기업의 소유주에게 귀속되는 지분 [구성요소]|자본잉여금 [구성요소],제 16 기,0,제 15 기,0,제 14 기,0,13,KRW,,138040,메리츠금융지주,CFS
20260331004202,11011,2025,00860332,SCE,자본변동표,ifrs-full_PurchaseOfTreasuryShares,자기주식의 취득,자본 [구성요소]|지배기업의 소유주에게 귀속되는 지분 [구성요소]|자본조정 [구성요소],제 16 기,-1317312066400,제 15 기,-862437395100,제 14 기,-672160023343,13,KRW,,138040,메리츠금융지주,CFS
20260331004202,11011,2025,00860332,SCE,자본변동표,ifrs-full_SaleOrIssueOfTreasuryShares,자기주식의 처분 및 발행,연결재무제표 [member],제 16 기,0,제 15 기,0,제 14 기,21772800,14,KRW,,138040,메리츠금융지주,CFS
20260331004202,11011,2025,00860332,SCE,자본변동표,ifrs-full_SaleOrIssueOfTreasuryShares,자기주식의 처분 및 발행,자본 [구성요소]|비지배지분 [구성요소],제 16 기,0,제 15 기,0,제 14 기,0,14,KRW,,138040,메리츠금융지주,CFS
20260331004202,11011,2025,00860332,SCE,자본변동표,ifrs-full_SaleOrIssueOfTreasuryShares,자기주식의 처분 및 발행,자본 [구성요소]|지배기업의 소유주에게 귀속되는 지분 [구성요소],제 16 기,0,제 15 기,0,제 14 기,21772800,14,KRW,,138040,메리츠금융지주,CFS
20260331004202,11011,2025,00860332,SCE,자본변동표,ifrs-full_SaleOrIssueOfTreasuryShares,자기주식의 처분 및 발행,자본 [구성요소]|지배기업의 소유주에게 귀속되는 지분 [구성요소]|기타포괄손익누적액 [구성요소],제 16 기,0,제 15 기,0,제 14 기,0,14,KRW,,138040,메리츠금융지주,CFS
20260331004202,11011,2025,00860332,SCE,자본변동표,ifrs-full_SaleOrIssueOfTreasuryShares,자기주식의 처분 및 발행,자본 [구성요소]|지배기업의 소유주에게 귀속되는 지분 [구성요소]|신종자본증권 [구성요소],제 16 기,0,제 15 기,0,제 14 기,0,14,KRW,,138040,메리츠금융지주,CFS
20260331004202,11011,2025,00860332,SCE,자본변동표,ifrs-full_SaleOrIssueOfTreasuryShares,자기주식의 처분 및 발행,자본 [구성요소]|지배기업의 소유주에게 귀속되는 지분 [구성요소]|이익잉여금 [구성요소],제 16 기,0,제 15 기,0,제 14 기,0,14,KRW,,138040,메리츠금융지주,CFS
20260331004202,11011,2025,00860332,SCE,자본변동표,ifrs-full_SaleOrIssueOfTreasuryShares,자기주식의 처분 및 발행,자본 [구성요소]|지배기업의 소유주에게 귀속되는 지분 [구성요소]|자본금 [구성요소],제 16 기,0,제 15 기,0,제 14 기,0,14,KRW,,138040,메리츠금융지주,CFS
20260331004202,11011,2025,00860332,SCE,자본변동표,ifrs-full_SaleOrIssueOfTreasuryShares,자기주식의 처분 및 발행,자본 [구성요소]|지배기업의 소유주에게 귀속되는 지분 [구성요소]|자본잉여금 [구성요소],제 16 기,0,제 15 기,0,제 14 기,0,14,KRW,,138040,메리츠금융지주,CFS
20260331004202,11011,2025,00860332,SCE,자본변동표,ifrs-full_SaleOrIssueOfTreasuryShares,자기주식의 처분 및 발행,자본 [구성요소]|지배기업의 소유주에게 귀속되는 지분 [구성요소]|자본조정 [구성요소],제 16 기,0,제 15 기,0,제 14 기,21772800,14,KRW,,138040,메리츠금융지주,CFS
20260331004202,11011,2025,00860332,SCE,자본변동표,dart_IssueOfHybridBond,신종자본증권발행,연결재무제표 [member],제 16 기,378659575047,제 15 기,298752860000,제 14 기,0,15,KRW,,138040,메리츠금융지주,CFS
20260331004202,11011,2025,00860332,SCE,자본변동표,dart_IssueOfHybridBond,신종자본증권발행,자본 [구성요소]|비지배지분 [구성요소],제 16 기,0,제 15 기,0,제 14 기,0,15,KRW,,138040,메리츠금융지주,CFS
20260331004202,11011,2025,00860332,SCE,자본변동표,dart_IssueOfHybridBond,신종자본증권발행,자본 [구성요소]|지배기업의 소유주에게 귀속되는 지분 [구성요소],제 16 기,378659575047,제 15 기,298752860000,제 14 기,0,15,KRW,,138040,메리츠금융지주,CFS
20260331004202,11011,2025,00860332,SCE,자본변동표,dart_IssueOfHybridBond,신종자본증권발행,자본 [구성요소]|지배기업의 소유주에게 귀속되는 지분 [구성요소]|기타포괄손익누적액 [구성요소],제 16 기,0,제 15 기,0,제 14 기,0,15,KRW,,138040,메리츠금융지주,CFS
20260331004202,11011,2025,00860332,SCE,자본변동표,dart_IssueOfHybridBond,신종자본증권발행,자본 [구성요소]|지배기업의 소유주에게 귀속되는 지분 [구성요소]|신종자본증권 [구성요소],제 16 기,378659575047,제 15 기,298752860000,제 14 기,0,15,KRW,,138040,메리츠금융지주,CFS
20260331004202,11011,2025,00860332,SCE,자본변동표,dart_IssueOfHybridBond,신종자본증권발행,자본 [구성요소]|지배기업의 소유주에게 귀속되는 지분 [구성요소]|이익잉여금 [구성요소],제 16 기,0,제 15 기,0,제 14 기,0,15,KRW,,138040,메리츠금융지주,CFS
20260331004202,11011,2025,00860332,SCE,자본변동표,dart_IssueOfHybridBond,신종자본증권발행,자본 [구성요소]|지배기업의 소유주에게 귀속되는 지분 [구성요소]|자본금 [구성요소],제 16 기,0,제 15 기,0,제 14 기,0,15,KRW,,138040,메리츠금융지주,CFS
20260331004202,11011,2025,00860332,SCE,자본변동표,dart_IssueOfHybridBond,신종자본증권발행,자본 [구성요소]|지배기업의 소유주에게 귀속되는 지분 [구성요소]|자본잉여금 [구성요소],제 16 기,0,제 15 기,0,제 14 기,0,15,KRW,,138040,메리츠금융지주,CFS
20260331004202,11011,2025,00860332,SCE,자본변동표,dart_IssueOfHybridBond,신종자본증권발행,자본 [구성요소]|지배기업의 소유주에게 귀속되는 지분 [구성요소]|자본조정 [구성요소],제 16 기,0,제 15 기,0,제 14 기,0,15,KRW,,138040,메리츠금융지주,CFS
20260331004202,11011,2025,00860332,SCE,자본변동표,dart_RepaymentOfHybridBond,신종자본증권상환,연결재무제표 [member],제 16 기,-270000000000,제 15 기,0,제 14 기,0,16,KRW,,138040,메리츠금융지주,CFS
20260331004202,11011,2025,00860332,SCE,자본변동표,dart_RepaymentOfHybridBond,신종자본증권상환,자본 [구성요소]|비지배지분 [구성요소],제 16 기,0,제 15 기,0,제 14 기,0,16,KRW,,138040,메리츠금융지주,CFS
20260331004202,11011,2025,00860332,SCE,자본변동표,dart_RepaymentOfHybridBond,신종자본증권상환,자본 [구성요소]|지배기업의 소유주에게 귀속되는 지분 [구성요소],제 16 기,-270000000000,제 15 기,0,제 14 기,0,16,KRW,,138040,메리츠금융지주,CFS
20260331004202,11011,2025,00860332,SCE,자본변동표,dart_RepaymentOfHybridBond,신종자본증권상환,자본 [구성요소]|지배기업의 소유주에게 귀속되는 지분 [구성요소]|기타포괄손익누적액 [구성요소],제 16 기,0,제 15 기,0,제 14 기,0,16,KRW,,138040,메리츠금융지주,CFS
20260331004202,11011,2025,00860332,SCE,자본변동표,dart_RepaymentOfHybridBond,신종자본증권상환,자본 [구성요소]|지배기업의 소유주에게 귀속되는 지분 [구성요소]|신종자본증권 [구성요소],제 16 기,-270000000000,제 15 기,0,제 14 기,0,16,KRW,,138040,메리츠금융지주,CFS
20260331004202,11011,2025,00860332,SCE,자본변동표,dart_RepaymentOfHybridBond,신종자본증권상환,자본 [구성요소]|지배기업의 소유주에게 귀속되는 지분 [구성요소]|이익잉여금 [구성요소],제 16 기,0,제 15 기,0,제 14 기,0,16,KRW,,138040,메리츠금융지주,CFS
20260331004202,11011,2025,00860332,SCE,자본변동표,dart_RepaymentOfHybridBond,신종자본증권상환,자본 [구성요소]|지배기업의 소유주에게 귀속되는 지분 [구성요소]|자본금 [구성요소],제 16 기,0,제 15 기,0,제 14 기,0,16,KRW,,138040,메리츠금융지주,CFS
20260331004202,11011,2025,00860332,SCE,자본변동표,dart_RepaymentOfHybridBond,신종자본증권상환,자본 [구성요소]|지배기업의 소유주에게 귀속되는 지분 [구성요소]|자본잉여금 [구성요소],제 16 기,0,제 15 기,0,제 14 기,0,16,KRW,,138040,메리츠금융지주,CFS
20260331004202,11011,2025,00860332,SCE,자본변동표,dart_RepaymentOfHybridBond,신종자본증권상환,자본 [구성요소]|지배기업의 소유주에게 귀속되는 지분 [구성요소]|자본조정 [구성요소],제 16 기,0,제 15 기,0,제 14 기,0,16,KRW,,138040,메리츠금융지주,CFS
20260331004202,11011,2025,00860332,SCE,자본변동표,-표준계정코드 미사용-,연결실체내 자본거래,자본 [구성요소]|비지배지분 [구성요소],제 16 기,0,제 15 기,0,제 14 기,-3120748767802,17,KRW,,138040,메리츠금융지주,CFS
20260331004202,11011,2025,00860332,SCE,자본변동표,-표준계정코드 미사용-,연결실체내 자본거래,자본 [구성요소]|지배기업의 소유주에게 귀속되는 지분 [구성요소],제 16 기,0,제 15 기,0,제 14 기,786399326061,17,KRW,,138040,메리츠금융지주,CFS
20260331004202,11011,2025,00860332,SCE,자본변동표,-표준계정코드 미사용-,연결실체내 자본거래,자본 [구성요소]|지배기업의 소유주에게 귀속되는 지분 [구성요소]|기타포괄손익누적액 [구성요소],제 16 기,0,제 15 기,0,제 14 기,178819488720,17,KRW,,138040,메리츠금융지주,CFS
20260331004202,11011,2025,00860332,SCE,자본변동표,-표준계정코드 미사용-,연결실체내 자본거래,자본 [구성요소]|지배기업의 소유주에게 귀속되는 지분 [구성요소]|신종자본증권 [구성요소],제 16 기,0,제 15 기,0,제 14 기,0,17,KRW,,138040,메리츠금융지주,CFS
20260331004202,11011,2025,00860332,SCE,자본변동표,-표준계정코드 미사용-,연결실체내 자본거래,자본 [구성요소]|지배기업의 소유주에게 귀속되는 지분 [구성요소]|이익잉여금 [구성요소],제 16 기,0,제 15 기,0,제 14 기,-337273083044,17,KRW,,138040,메리츠금융지주,CFS
20260331004202,11011,2025,00860332,SCE,자본변동표,-표준계정코드 미사용-,연결실체내 자본거래,자본 [구성요소]|지배기업의 소유주에게 귀속되는 지분 [구성요소]|자본금 [구성요소],제 16 기,0,제 15 기,0,제 14 기,0,17,KRW,,138040,메리츠금융지주,CFS
20260331004202,11011,2025,00860332,SCE,자본변동표,-표준계정코드 미사용-,연결실체내 자본거래,자본 [구성요소]|지배기업의 소유주에게 귀속되는 지분 [구성요소]|자본잉여금 [구성요소],제 16 기,0,제 15 기,0,제 14 기,-4739361131,17,KRW,,138040,메리츠금융지주,CFS
20260331004202,11011,2025,00860332,SCE,자본변동표,-표준계정코드 미사용-,연결실체내 자본거래,자본 [구성요소]|지배기업의 소유주에게 귀속되는 지분 [구성요소]|자본조정 [구성요소],제 16 기,0,제 15 기,0,제 14 기,949592281516,17,KRW,,138040,메리츠금융지주,CFS
20260331004202,11011,2025,00860332,SCE,자본변동표,-표준계정코드 미사용-,연결실체내 자본거래,연결재무제표 [member],제 16 기,0,제 15 기,0,제 14 기,-2334349441741,17,KRW,,138040,메리츠금융지주,CFS
20260331004202,11011,2025,00860332,SCE,자본변동표,-표준계정코드 미사용-,종속기업 신종자본증권 배당,연결재무제표 [member],제 16 기,-48352469697,제 15 기,-26924253069,제 14 기,-20194304007,18,KRW,,138040,메리츠금융지주,CFS
20260331004202,11011,2025,00860332,SCE,자본변동표,-표준계정코드 미사용-,종속기업 신종자본증권 배당,자본 [구성요소]|비지배지분 [구성요소],제 16 기,-48352469697,제 15 기,-26924253069,제 14 기,-20194304007,18,KRW,,138040,메리츠금융지주,CFS
20260331004202,11011,2025,00860332,SCE,자본변동표,-표준계정코드 미사용-,종속기업 신종자본증권 배당,자본 [구성요소]|지배기업의 소유주에게 귀속되는 지분 [구성요소],제 16 기,0,제 15 기,0,제 14 기,0,18,KRW,,138040,메리츠금융지주,CFS
20260331004202,11011,2025,00860332,SCE,자본변동표,-표준계정코드 미사용-,종속기업 신종자본증권 배당,자본 [구성요소]|지배기업의 소유주에게 귀속되는 지분 [구성요소]|기타포괄손익누적액 [구성요소],제 16 기,0,제 15 기,0,제 14 기,0,18,KRW,,138040,메리츠금융지주,CFS
20260331004202,11011,2025,00860332,SCE,자본변동표,-표준계정코드 미사용-,종속기업 신종자본증권 배당,자본 [구성요소]|지배기업의 소유주에게 귀속되는 지분 [구성요소]|자본조정 [구성요소],제 16 기,0,제 15 기,0,제 14 기,0,18,KRW,,138040,메리츠금융지주,CFS
20260331004202,11011,2025,00860332,SCE,자본변동표,-표준계정코드 미사용-,종속기업 신종자본증권 배당,자본 [구성요소]|지배기업의 소유주에게 귀속되는 지분 [구성요소]|이익잉여금 [구성요소],제 16 기,0,제 15 기,0,제 14 기,0,18,KRW,,138040,메리츠금융지주,CFS
20260331004202,11011,2025,00860332,SCE,자본변동표,-표준계정코드 미사용-,종속기업 신종자본증권 배당,자본 [구성요소]|지배기업의 소유주에게 귀속되는 지분 [구성요소]|자본금 [구성요소],제 16 기,0,제 15 기,0,제 14 기,0,18,KRW,,138040,메리츠금융지주,CFS
20260331004202,11011,2025,00860332,SCE,자본변동표,-표준계정코드 미사용-,종속기업 신종자본증권 배당,자본 [구성요소]|지배기업의 소유주에게 귀속되는 지분 [구성요소]|자본잉여금 [구성요소],제 16 기,0,제 15 기,0,제 14 기,0,18,KRW,,138040,메리츠금융지주,CFS
20260331004202,11011,2025,00860332,SCE,자본변동표,-표준계정코드 미사용-,종속기업 신종자본증권 배당,자본 [구성요소]|지배기업의 소유주에게 귀속되는 지분 [구성요소]|신종자본증권 [구성요소],제 16 기,0,제 15 기,0,제 14 기,0,18,KRW,,138040,메리츠금융지주,CFS
20260331004202,11011,2025,00860332,SCE,자본변동표,-표준계정코드 미사용-,종속기업 신종자본증권 발행,연결재무제표 [member],제 16 기,252689003061,제 15 기,318642012648,제 14 기,0,19,KRW,,138040,메리츠금융지주,CFS
20260331004202,11011,2025,00860332,SCE,자본변동표,-표준계정코드 미사용-,종속기업 신종자본증권 발행,자본 [구성요소]|비지배지분 [구성요소],제 16 기,252689003061,제 15 기,318642012648,제 14 기,0,19,KRW,,138040,메리츠금융지주,CFS
20260331004202,11011,2025,00860332,SCE,자본변동표,-표준계정코드 미사용-,종속기업 신종자본증권 발행,자본 [구성요소]|지배기업의 소유주에게 귀속되는 지분 [구성요소],제 16 기,0,제 15 기,0,제 14 기,0,19,KRW,,138040,메리츠금융지주,CFS
20260331004202,11011,2025,00860332,SCE,자본변동표,-표준계정코드 미사용-,종속기업 신종자본증권 발행,자본 [구성요소]|지배기업의 소유주에게 귀속되는 지분 [구성요소]|기타포괄손익누적액 [구성요소],제 16 기,0,제 15 기,0,제 14 기,0,19,KRW,,138040,메리츠금융지주,CFS
20260331004202,11011,2025,00860332,SCE,자본변동표,-표준계정코드 미사용-,종속기업 신종자본증권 발행,자본 [구성요소]|지배기업의 소유주에게 귀속되는 지분 [구성요소]|신종자본증권 [구성요소],제 16 기,0,제 15 기,0,제 14 기,0,19,KRW,,138040,메리츠금융지주,CFS
20260331004202,11011,2025,00860332,SCE,자본변동표,-표준계정코드 미사용-,종속기업 신종자본증권 발행,자본 [구성요소]|지배기업의 소유주에게 귀속되는 지분 [구성요소]|이익잉여금 [구성요소],제 16 기,0,제 15 기,0,제 14 기,0,19,KRW,,138040,메리츠금융지주,CFS
20260331004202,11011,2025,00860332,SCE,자본변동표,-표준계정코드 미사용-,종속기업 신종자본증권 발행,자본 [구성요소]|지배기업의 소유주에게 귀속되는 지분 [구성요소]|자본금 [구성요소],제 16 기,0,제 15 기,0,제 14 기,0,19,KRW,,138040,메리츠금융지주,CFS
20260331004202,11011,2025,00860332,SCE,자본변동표,-표준계정코드 미사용-,종속기업 신종자본증권 발행,자본 [구성요소]|지배기업의 소유주에게 귀속되는 지분 [구성요소]|자본잉여금 [구성요소],제 16 기,0,제 15 기,0,제 14 기,0,19,KRW,,138040,메리츠금융지주,CFS
20260331004202,11011,2025,00860332,SCE,자본변동표,-표준계정코드 미사용-,종속기업 신종자본증권 발행,자본 [구성요소]|지배기업의 소유주에게 귀속되는 지분 [구성요소]|자본조정 [구성요소],제 16 기,0,제 15 기,0,제 14 기,0,19,KRW,,138040,메리츠금융지주,CFS
20260331004202,11011,2025,00860332,SCE,자본변동표,-표준계정코드 미사용-,종속기업 유상증자,연결재무제표 [member],제 16 기,-43700000,제 15 기,0,제 14 기,0,20,KRW,,138040,메리츠금융지주,CFS
20260331004202,11011,2025,00860332,SCE,자본변동표,-표준계정코드 미사용-,종속기업 유상증자,자본 [구성요소]|비지배지분 [구성요소],제 16 기,0,제 15 기,0,제 14 기,0,20,KRW,,138040,메리츠금융지주,CFS
20260331004202,11011,2025,00860332,SCE,자본변동표,-표준계정코드 미사용-,종속기업 유상증자,자본 [구성요소]|지배기업의 소유주에게 귀속되는 지분 [구성요소],제 16 기,-43700000,제 15 기,0,제 14 기,0,20,KRW,,138040,메리츠금융지주,CFS
20260331004202,11011,2025,00860332,SCE,자본변동표,-표준계정코드 미사용-,종속기업 유상증자,자본 [구성요소]|지배기업의 소유주에게 귀속되는 지분 [구성요소]|기타포괄손익누적액 [구성요소],제 16 기,0,제 15 기,0,제 14 기,0,20,KRW,,138040,메리츠금융지주,CFS
20260331004202,11011,2025,00860332,SCE,자본변동표,-표준계정코드 미사용-,종속기업 유상증자,자본 [구성요소]|지배기업의 소유주에게 귀속되는 지분 [구성요소]|신종자본증권 [구성요소],제 16 기,0,제 15 기,0,제 14 기,0,20,KRW,,138040,메리츠금융지주,CFS
20260331004202,11011,2025,00860332,SCE,자본변동표,-표준계정코드 미사용-,종속기업 유상증자,자본 [구성요소]|지배기업의 소유주에게 귀속되는 지분 [구성요소]|이익잉여금 [구성요소],제 16 기,0,제 15 기,0,제 14 기,0,20,KRW,,138040,메리츠금융지주,CFS
20260331004202,11011,2025,00860332,SCE,자본변동표,-표준계정코드 미사용-,종속기업 유상증자,자본 [구성요소]|지배기업의 소유주에게 귀속되는 지분 [구성요소]|자본금 [구성요소],제 16 기,0,제 15 기,0,제 14 기,0,20,KRW,,138040,메리츠금융지주,CFS
20260331004202,11011,2025,00860332,SCE,자본변동표,-표준계정코드 미사용-,종속기업 유상증자,자본 [구성요소]|지배기업의 소유주에게 귀속되는 지분 [구성요소]|자본잉여금 [구성요소],제 16 기,-43700000,제 15 기,0,제 14 기,0,20,KRW,,138040,메리츠금융지주,CFS
20260331004202,11011,2025,00860332,SCE,자본변동표,-표준계정코드 미사용-,종속기업 유상증자,자본 [구성요소]|지배기업의 소유주에게 귀속되는 지분 [구성요소]|자본조정 [구성요소],제 16 기,0,제 15 기,0,제 14 기,0,20,KRW,,138040,메리츠금융지주,CFS
20260331004202,11011,2025,00860332,SCE,자본변동표,-표준계정코드 미사용-,종속기업 신종자본증권 상환,연결재무제표 [member],제 16 기,-160000000000,제 15 기,0,제 14 기,0,21,KRW,,138040,메리츠금융지주,CFS
20260331004202,11011,2025,00860332,SCE,자본변동표,-표준계정코드 미사용-,종속기업 신종자본증권 상환,자본 [구성요소]|비지배지분 [구성요소],제 16 기,-159292198667,제 15 기,0,제 14 기,0,21,KRW,,138040,메리츠금융지주,CFS
20260331004202,11011,2025,00860332,SCE,자본변동표,-표준계정코드 미사용-,종속기업 신종자본증권 상환,자본 [구성요소]|지배기업의 소유주에게 귀속되는 지분 [구성요소],제 16 기,-707801333,제 15 기,0,제 14 기,0,21,KRW,,138040,메리츠금융지주,CFS
20260331004202,11011,2025,00860332,SCE,자본변동표,-표준계정코드 미사용-,종속기업 신종자본증권 상환,자본 [구성요소]|지배기업의 소유주에게 귀속되는 지분 [구성요소]|기타포괄손익누적액 [구성요소],제 16 기,0,제 15 기,0,제 14 기,0,21,KRW,,138040,메리츠금융지주,CFS
20260331004202,11011,2025,00860332,SCE,자본변동표,-표준계정코드 미사용-,종속기업 신종자본증권 상환,자본 [구성요소]|지배기업의 소유주에게 귀속되는 지분 [구성요소]|신종자본증권 [구성요소],제 16 기,0,제 15 기,0,제 14 기,0,21,KRW,,138040,메리츠금융지주,CFS
20260331004202,11011,2025,00860332,SCE,자본변동표,-표준계정코드 미사용-,종속기업 신종자본증권 상환,자본 [구성요소]|지배기업의 소유주에게 귀속되는 지분 [구성요소]|이익잉여금 [구성요소],제 16 기,-465640000,제 15 기,0,제 14 기,0,21,KRW,,138040,메리츠금융지주,CFS
20260331004202,11011,2025,00860332,SCE,자본변동표,-표준계정코드 미사용-,종속기업 신종자본증권 상환,자본 [구성요소]|지배기업의 소유주에게 귀속되는 지분 [구성요소]|자본금 [구성요소],제 16 기,0,제 15 기,0,제 14 기,0,21,KRW,,138040,메리츠금융지주,CFS
20260331004202,11011,2025,00860332,SCE,자본변동표,-표준계정코드 미사용-,종속기업 신종자본증권 상환,자본 [구성요소]|지배기업의 소유주에게 귀속되는 지분 [구성요소]|자본잉여금 [구성요소],제 16 기,0,제 15 기,0,제 14 기,0,21,KRW,,138040,메리츠금융지주,CFS
20260331004202,11011,2025,00860332,SCE,자본변동표,-표준계정코드 미사용-,종속기업 신종자본증권 상환,자본 [구성요소]|지배기업의 소유주에게 귀속되는 지분 [구성요소]|자본조정 [구성요소],제 16 기,-242161333,제 15 기,0,제 14 기,0,21,KRW,,138040,메리츠금융지주,CFS
20260331004202,11011,2025,00860332,SCE,자본변동표,-표준계정코드 미사용-,기타포괄손익의 자본내 대체,연결재무제표 [member],제 16 기,0,제 15 기,0,제 14 기,0,22,KRW,,138040,메리츠금융지주,CFS
20260331004202,11011,2025,00860332,SCE,자본변동표,-표준계정코드 미사용-,기타포괄손익의 자본내 대체,자본 [구성요소]|비지배지분 [구성요소],제 16 기,0,제 15 기,0,제 14 기,0,22,KRW,,138040,메리츠금융지주,CFS
20260331004202,11011,2025,00860332,SCE,자본변동표,-표준계정코드 미사용-,기타포괄손익의 자본내 대체,자본 [구성요소]|지배기업의 소유주에게 귀속되는 지분 [구성요소],제 16 기,0,제 15 기,0,제 14 기,0,22,KRW,,138040,메리츠금융지주,CFS
20260331004202,11011,2025,00860332,SCE,자본변동표,-표준계정코드 미사용-,기타포괄손익의 자본내 대체,자본 [구성요소]|지배기업의 소유주에게 귀속되는 지분 [구성요소]|기타포괄손익누적액 [구성요소],제 16 기,0,제 15 기,-1239141699,제 14 기,281742984,22,KRW,,138040,메리츠금융지주,CFS
20260331004202,11011,2025,00860332,SCE,자본변동표,-표준계정코드 미사용-,기타포괄손익의 자본내 대체,자본 [구성요소]|지배기업의 소유주에게 귀속되는 지분 [구성요소]|신종자본증권 [구성요소],제 16 기,0,제 15 기,0,제 14 기,0,22,KRW,,138040,메리츠금융지주,CFS
20260331004202,11011,2025,00860332,SCE,자본변동표,-표준계정코드 미사용-,기타포괄손익의 자본내 대체,자본 [구성요소]|지배기업의 소유주에게 귀속되는 지분 [구성요소]|이익잉여금 [구성요소],제 16 기,0,제 15 기,1239141699,제 14 기,-281742984,22,KRW,,138040,메리츠금융지주,CFS
20260331004202,11011,2025,00860332,SCE,자본변동표,-표준계정코드 미사용-,기타포괄손익의 자본내 대체,자본 [구성요소]|지배기업의 소유주에게 귀속되는 지분 [구성요소]|자본금 [구성요소],제 16 기,0,제 15 기,0,제 14 기,0,22,KRW,,138040,메리츠금융지주,CFS
20260331004202,11011,2025,00860332,SCE,자본변동표,-표준계정코드 미사용-,기타포괄손익의 자본내 대체,자본 [구성요소]|지배기업의 소유주에게 귀속되는 지분 [구성요소]|자본잉여금 [구성요소],제 16 기,0,제 15 기,0,제 14 기,0,22,KRW,,138040,메리츠금융지주,CFS
20260331004202,11011,2025,00860332,SCE,자본변동표,-표준계정코드 미사용-,기타포괄손익의 자본내 대체,자본 [구성요소]|지배기업의 소유주에게 귀속되는 지분 [구성요소]|자본조정 [구성요소],제 16 기,0,제 15 기,0,제 14 기,0,22,KRW,,138040,메리츠금융지주,CFS
20260331004202,11011,2025,00860332,SCE,자본변동표,-표준계정코드 미사용-,주식발행초과금의 이익잉여금 전입,연결재무제표 [member],제 16 기,0,제 15 기,0,제 14 기,0,23,KRW,,138040,메리츠금융지주,CFS
20260331004202,11011,2025,00860332,SCE,자본변동표,-표준계정코드 미사용-,주식발행초과금의 이익잉여금 전입,자본 [구성요소]|비지배지분 [구성요소],제 16 기,0,제 15 기,0,제 14 기,0,23,KRW,,138040,메리츠금융지주,CFS
20260331004202,11011,2025,00860332,SCE,자본변동표,-표준계정코드 미사용-,주식발행초과금의 이익잉여금 전입,자본 [구성요소]|지배기업의 소유주에게 귀속되는 지분 [구성요소],제 16 기,0,제 15 기,0,제 14 기,0,23,KRW,,138040,메리츠금융지주,CFS
20260331004202,11011,2025,00860332,SCE,자본변동표,-표준계정코드 미사용-,주식발행초과금의 이익잉여금 전입,자본 [구성요소]|지배기업의 소유주에게 귀속되는 지분 [구성요소]|기타포괄손익누적액 [구성요소],제 16 기,0,제 15 기,0,제 14 기,0,23,KRW,,138040,메리츠금융지주,CFS
20260331004202,11011,2025,00860332,SCE,자본변동표,-표준계정코드 미사용-,주식발행초과금의 이익잉여금 전입,자본 [구성요소]|지배기업의 소유주에게 귀속되는 지분 [구성요소]|신종자본증권 [구성요소],제 16 기,0,제 15 기,0,제 14 기,0,23,KRW,,138040,메리츠금융지주,CFS
20260331004202,11011,2025,00860332,SCE,자본변동표,-표준계정코드 미사용-,주식발행초과금의 이익잉여금 전입,자본 [구성요소]|지배기업의 소유주에게 귀속되는 지분 [구성요소]|이익잉여금 [구성요소],제 16 기,0,제 15 기,0,제 14 기,2150000000000,23,KRW,,138040,메리츠금융지주,CFS
20260331004202,11011,2025,00860332,SCE,자본변동표,-표준계정코드 미사용-,주식발행초과금의 이익잉여금 전입,자본 [구성요소]|지배기업의 소유주에게 귀속되는 지분 [구성요소]|자본금 [구성요소],제 16 기,0,제 15 기,0,제 14 기,0,23,KRW,,138040,메리츠금융지주,CFS
20260331004202,11011,2025,00860332,SCE,자본변동표,-표준계정코드 미사용-,주식발행초과금의 이익잉여금 전입,자본 [구성요소]|지배기업의 소유주에게 귀속되는 지분 [구성요소]|자본잉여금 [구성요소],제 16 기,0,제 15 기,0,제 14 기,-2150000000000,23,KRW,,138040,메리츠금융지주,CFS
20260331004202,11011,2025,00860332,SCE,자본변동표,-표준계정코드 미사용-,주식발행초과금의 이익잉여금 전입,자본 [구성요소]|지배기업의 소유주에게 귀속되는 지분 [구성요소]|자본조정 [구성요소],제 16 기,0,제 15 기,0,제 14 기,0,23,KRW,,138040,메리츠금융지주,CFS
20260331004202,11011,2025,00860332,SCE,자본변동표,ifrs-full_IncreaseDecreaseThroughSharebasedPaymentTransactions,주식기준보상거래에 따른 증가(감소),연결재무제표 [member],제 16 기,0,제 15 기,-57960262335,제 14 기,-4075930430,24,KRW,,138040,메리츠금융지주,CFS
20260331004202,11011,2025,00860332,SCE,자본변동표,ifrs-full_IncreaseDecreaseThroughSharebasedPaymentTransactions,주식기준보상거래에 따른 증가(감소),자본 [구성요소]|비지배지분 [구성요소],제 16 기,0,제 15 기,0,제 14 기,0,24,KRW,,138040,메리츠금융지주,CFS
20260331004202,11011,2025,00860332,SCE,자본변동표,ifrs-full_IncreaseDecreaseThroughSharebasedPaymentTransactions,주식기준보상거래에 따른 증가(감소),자본 [구성요소]|지배기업의 소유주에게 귀속되는 지분 [구성요소],제 16 기,0,제 15 기,-57960262335,제 14 기,-4075930430,24,KRW,,138040,메리츠금융지주,CFS
20260331004202,11011,2025,00860332,SCE,자본변동표,ifrs-full_IncreaseDecreaseThroughSharebasedPaymentTransactions,주식기준보상거래에 따른 증가(감소),자본 [구성요소]|지배기업의 소유주에게 귀속되는 지분 [구성요소]|기타포괄손익누적액 [구성요소],제 16 기,0,제 15 기,0,제 14 기,0,24,KRW,,138040,메리츠금융지주,CFS
20260331004202,11011,2025,00860332,SCE,자본변동표,ifrs-full_IncreaseDecreaseThroughSharebasedPaymentTransactions,주식기준보상거래에 따른 증가(감소),자본 [구성요소]|지배기업의 소유주에게 귀속되는 지분 [구성요소]|신종자본증권 [구성요소],제 16 기,0,제 15 기,0,제 14 기,0,24,KRW,,138040,메리츠금융지주,CFS
20260331004202,11011,2025,00860332,SCE,자본변동표,ifrs-full_IncreaseDecreaseThroughSharebasedPaymentTransactions,주식기준보상거래에 따른 증가(감소),자본 [구성요소]|지배기업의 소유주에게 귀속되는 지분 [구성요소]|이익잉여금 [구성요소],제 16 기,0,제 15 기,0,제 14 기,0,24,KRW,,138040,메리츠금융지주,CFS
20260331004202,11011,2025,00860332,SCE,자본변동표,ifrs-full_IncreaseDecreaseThroughSharebasedPaymentTransactions,주식기준보상거래에 따른 증가(감소),자본 [구성요소]|지배기업의 소유주에게 귀속되는 지분 [구성요소]|자본금 [구성요소],제 16 기,0,제 15 기,0,제 14 기,0,24,KRW,,138040,메리츠금융지주,CFS
20260331004202,11011,2025,00860332,SCE,자본변동표,ifrs-full_IncreaseDecreaseThroughSharebasedPaymentTransactions,주식기준보상거래에 따른 증가(감소),자본 [구성요소]|지배기업의 소유주에게 귀속되는 지분 [구성요소]|자본잉여금 [구성요소],제 16 기,0,제 15 기,-508417366,제 14 기,141266870,24,KRW,,138040,메리츠금융지주,CFS
20260331004202,11011,2025,00860332,SCE,자본변동표,ifrs-full_IncreaseDecreaseThroughSharebasedPaymentTransactions,주식기준보상거래에 따른 증가(감소),자본 [구성요소]|지배기업의 소유주에게 귀속되는 지분 [구성요소]|자본조정 [구성요소],제 16 기,0,제 15 기,-57451844969,제 14 기,-4217197300,24,KRW,,138040,메리츠금융지주,CFS
20260331004202,11011,2025,00860332,SCE,자본변동표,ifrs-full_IssueOfEquity,유상증자,연결재무제표 [member],제 16 기,0,제 15 기,0,제 14 기,2258367711313,25,KRW,,138040,메리츠금융지주,CFS
20260331004202,11011,2025,00860332,SCE,자본변동표,ifrs-full_IssueOfEquity,유상증자,자본 [구성요소]|비지배지분 [구성요소],제 16 기,0,제 15 기,0,제 14 기,0,25,KRW,,138040,메리츠금융지주,CFS
20260331004202,11011,2025,00860332,SCE,자본변동표,ifrs-full_IssueOfEquity,유상증자,자본 [구성요소]|지배기업의 소유주에게 귀속되는 지분 [구성요소],제 16 기,0,제 15 기,0,제 14 기,2258367711313,25,KRW,,138040,메리츠금융지주,CFS
20260331004202,11011,2025,00860332,SCE,자본변동표,ifrs-full_IssueOfEquity,유상증자,자본 [구성요소]|지배기업의 소유주에게 귀속되는 지분 [구성요소]|기타포괄손익누적액 [구성요소],제 16 기,0,제 15 기,0,제 14 기,0,25,KRW,,138040,메리츠금융지주,CFS
20260331004202,11011,2025,00860332,SCE,자본변동표,ifrs-full_IssueOfEquity,유상증자,자본 [구성요소]|지배기업의 소유주에게 귀속되는 지분 [구성요소]|신종자본증권 [구성요소],제 16 기,0,제 15 기,0,제 14 기,0,25,KRW,,138040,메리츠금융지주,CFS
20260331004202,11011,2025,00860332,SCE,자본변동표,ifrs-full_IssueOfEquity,유상증자,자본 [구성요소]|지배기업의 소유주에게 귀속되는 지분 [구성요소]|이익잉여금 [구성요소],제 16 기,0,제 15 기,0,제 14 기,0,25,KRW,,138040,메리츠금융지주,CFS
20260331004202,11011,2025,00860332,SCE,자본변동표,ifrs-full_IssueOfEquity,유상증자,자본 [구성요소]|지배기업의 소유주에게 귀속되는 지분 [구성요소]|자본금 [구성요소],제 16 기,0,제 15 기,0,제 14 기,41651018000,25,KRW,,138040,메리츠금융지주,CFS
20260331004202,11011,2025,00860332,SCE,자본변동표,ifrs-full_IssueOfEquity,유상증자,자본 [구성요소]|지배기업의 소유주에게 귀속되는 지분 [구성요소]|자본잉여금 [구성요소],제 16 기,0,제 15 기,0,제 14 기,2216716693313,25,KRW,,138040,메리츠금융지주,CFS
20260331004202,11011,2025,00860332,SCE,자본변동표,ifrs-full_IssueOfEquity,유상증자,자본 [구성요소]|지배기업의 소유주에게 귀속되는 지분 [구성요소]|자본조정 [구성요소],제 16 기,0,제 15 기,0,제 14 기,0,25,KRW,,138040,메리츠금융지주,CFS
20260331004202,11011,2025,00860332,SCE,자본변동표,ifrs-full_IncreaseDecreaseThroughTransfersAndOtherChangesEquity,기타변동 합계,연결재무제표 [member],제 16 기,481440850,제 15 기,-96000000,제 14 기,36468948,27,KRW,,138040,메리츠금융지주,CFS
20260331004202,11011,2025,00860332,SCE,자본변동표,ifrs-full_IncreaseDecreaseThroughTransfersAndOtherChangesEquity,기타변동 합계,자본 [구성요소]|비지배지분 [구성요소],제 16 기,2284740000,제 15 기,0,제 14 기,0,27,KRW,,138040,메리츠금융지주,CFS
20260331004202,11011,2025,00860332,SCE,자본변동표,ifrs-full_IncreaseDecreaseThroughTransfersAndOtherChangesEquity,기타변동 합계,자본 [구성요소]|지배기업의 소유주에게 귀속되는 지분 [구성요소],제 16 기,-1803299150,제 15 기,-96000000,제 14 기,36468948,27,KRW,,138040,메리츠금융지주,CFS
20260331004202,11011,2025,00860332,SCE,자본변동표,ifrs-full_IncreaseDecreaseThroughTransfersAndOtherChangesEquity,기타변동 합계,자본 [구성요소]|지배기업의 소유주에게 귀속되는 지분 [구성요소]|기타포괄손익누적액 [구성요소],제 16 기,0,제 15 기,0,제 14 기,0,27,KRW,,138040,메리츠금융지주,CFS
20260331004202,11011,2025,00860332,SCE,자본변동표,ifrs-full_IncreaseDecreaseThroughTransfersAndOtherChangesEquity,기타변동 합계,자본 [구성요소]|지배기업의 소유주에게 귀속되는 지분 [구성요소]|신종자본증권 [구성요소],제 16 기,1843508648,제 15 기,0,제 14 기,9189843,27,KRW,,138040,메리츠금융지주,CFS
20260331004202,11011,2025,00860332,SCE,자본변동표,ifrs-full_IncreaseDecreaseThroughTransfersAndOtherChangesEquity,기타변동 합계,자본 [구성요소]|지배기업의 소유주에게 귀속되는 지분 [구성요소]|이익잉여금 [구성요소],제 16 기,-2832602505,제 15 기,0,제 14 기,0,27,KRW,,138040,메리츠금융지주,CFS
20260331004202,11011,2025,00860332,SCE,자본변동표,ifrs-full_IncreaseDecreaseThroughTransfersAndOtherChangesEquity,기타변동 합계,자본 [구성요소]|지배기업의 소유주에게 귀속되는 지분 [구성요소]|자본금 [구성요소],제 16 기,0,제 15 기,0,제 14 기,0,27,KRW,,138040,메리츠금융지주,CFS
20260331004202,11011,2025,00860332,SCE,자본변동표,ifrs-full_IncreaseDecreaseThroughTransfersAndOtherChangesEquity,기타변동 합계,자본 [구성요소]|지배기업의 소유주에게 귀속되는 지분 [구성요소]|자본잉여금 [구성요소],제 16 기,0,제 15 기,0,제 14 기,0,27,KRW,,138040,메리츠금융지주,CFS
20260331004202,11011,2025,00860332,SCE,자본변동표,ifrs-full_IncreaseDecreaseThroughTransfersAndOtherChangesEquity,기타변동 합계,자본 [구성요소]|지배기업의 소유주에게 귀속되는 지분 [구성요소]|자본조정 [구성요소],제 16 기,-814205293,제 15 기,-96000000,제 14 기,27279105,27,KRW,,138040,메리츠금융지주,CFS
20260331004202,11011,2025,00860332,SCE,자본변동표,ifrs-full_ComprehensiveIncome,총포괄손익,연결재무제표 [member],제 16 기,1786423281534,제 15 기,1649913711638,제 14 기,2397504009991,29,KRW,,138040,메리츠금융지주,CFS
20260331004202,11011,2025,00860332,SCE,자본변동표,ifrs-full_ComprehensiveIncome,총포괄손익,자본 [구성요소]|비지배지분 [구성요소],제 16 기,48931858668,제 15 기,28466290415,제 14 기,88909131214,29,KRW,,138040,메리츠금융지주,CFS
20260331004202,11011,2025,00860332,SCE,자본변동표,ifrs-full_ComprehensiveIncome,총포괄손익,자본 [구성요소]|지배기업의 소유주에게 귀속되는 지분 [구성요소],제 16 기,1737491422866,제 15 기,1621447421223,제 14 기,2308594878777,29,KRW,,138040,메리츠금융지주,CFS
20260331004202,11011,2025,00860332,SCE,자본변동표,ifrs-full_ComprehensiveIncome,총포괄손익,자본 [구성요소]|지배기업의 소유주에게 귀속되는 지분 [구성요소]|기타포괄손익누적액 [구성요소],제 16 기,-562868310651,제 15 기,-684649058804,제 14 기,266846015438,29,KRW,,138040,메리츠금융지주,CFS
20260331004202,11011,2025,00860332,SCE,자본변동표,ifrs-full_ComprehensiveIncome,총포괄손익,자본 [구성요소]|지배기업의 소유주에게 귀속되는 지분 [구성요소]|신종자본증권 [구성요소],제 16 기,0,제 15 기,0,제 14 기,0,29,KRW,,138040,메리츠금융지주,CFS
20260331004202,11011,2025,00860332,SCE,자본변동표,ifrs-full_ComprehensiveIncome,총포괄손익,자본 [구성요소]|지배기업의 소유주에게 귀속되는 지분 [구성요소]|이익잉여금 [구성요소],제 16 기,2300359733517,제 15 기,2306096480027,제 14 기,2041748863339,29,KRW,,138040,메리츠금융지주,CFS
20260331004202,11011,2025,00860332,SCE,자본변동표,ifrs-full_ComprehensiveIncome,총포괄손익,자본 [구성요소]|지배기업의 소유주에게 귀속되는 지분 [구성요소]|자본금 [구성요소],제 16 기,0,제 15 기,0,제 14 기,0,29,KRW,,138040,메리츠금융지주,CFS
20260331004202,11011,2025,00860332,SCE,자본변동표,ifrs-full_ComprehensiveIncome,총포괄손익,자본 [구성요소]|지배기업의 소유주에게 귀속되는 지분 [구성요소]|자본잉여금 [구성요소],제 16 기,0,제 15 기,0,제 14 기,0,29,KRW,,138040,메리츠금융지주,CFS
20260331004202,11011,2025,00860332,SCE,자본변동표,ifrs-full_ComprehensiveIncome,총포괄손익,자본 [구성요소]|지배기업의 소유주에게 귀속되는 지분 [구성요소]|자본조정 [구성요소],제 16 기,0,제 15 기,0,제 14 기,0,29,KRW,,138040,메리츠금융지주,CFS
20260331004202,11011,2025,00860332,SCE,자본변동표,dart_GainFromDerivativesHeldForHedging,위험회피목적파생상품평가손익,연결재무제표 [member],제 16 기,-388888031643,제 15 기,175504288526,제 14 기,297002758475,31,KRW,,138040,메리츠금융지주,CFS
20260331004202,11011,2025,00860332,SCE,자본변동표,dart_GainFromDerivativesHeldForHedging,위험회피목적파생상품평가손익,자본 [구성요소]|비지배지분 [구성요소],제 16 기,0,제 15 기,0,제 14 기,0,31,KRW,,138040,메리츠금융지주,CFS
20260331004202,11011,2025,00860332,SCE,자본변동표,dart_GainFromDerivativesHeldForHedging,위험회피목적파생상품평가손익,자본 [구성요소]|지배기업의 소유주에게 귀속되는 지분 [구성요소],제 16 기,-388888031643,제 15 기,175504288526,제 14 기,297002758475,31,KRW,,138040,메리츠금융지주,CFS
20260331004202,11011,2025,00860332,SCE,자본변동표,dart_GainFromDerivativesHeldForHedging,위험회피목적파생상품평가손익,자본 [구성요소]|지배기업의 소유주에게 귀속되는 지분 [구성요소]|기타포괄손익누적액 [구성요소],제 16 기,-388888031643,제 15 기,175504288526,제 14 기,297002758475,31,KRW,,138040,메리츠금융지주,CFS
20260331004202,11011,2025,00860332,SCE,자본변동표,dart_GainFromDerivativesHeldForHedging,위험회피목적파생상품평가손익,자본 [구성요소]|지배기업의 소유주에게 귀속되는 지분 [구성요소]|신종자본증권 [구성요소],제 16 기,0,제 15 기,0,제 14 기,0,31,KRW,,138040,메리츠금융지주,CFS
20260331004202,11011,2025,00860332,SCE,자본변동표,dart_GainFromDerivativesHeldForHedging,위험회피목적파생상품평가손익,자본 [구성요소]|지배기업의 소유주에게 귀속되는 지분 [구성요소]|이익잉여금 [구성요소],제 16 기,0,제 15 기,0,제 14 기,0,31,KRW,,138040,메리츠금융지주,CFS
20260331004202,11011,2025,00860332,SCE,자본변동표,dart_GainFromDerivativesHeldForHedging,위험회피목적파생상품평가손익,자본 [구성요소]|지배기업의 소유주에게 귀속되는 지분 [구성요소]|자본금 [구성요소],제 16 기,0,제 15 기,0,제 14 기,0,31,KRW,,138040,메리츠금융지주,CFS
20260331004202,11011,2025,00860332,SCE,자본변동표,dart_GainFromDerivativesHeldForHedging,위험회피목적파생상품평가손익,자본 [구성요소]|지배기업의 소유주에게 귀속되는 지분 [구성요소]|자본잉여금 [구성요소],제 16 기,0,제 15 기,0,제 14 기,0,31,KRW,,138040,메리츠금융지주,CFS
20260331004202,11011,2025,00860332,SCE,자본변동표,dart_GainFromDerivativesHeldForHedging,위험회피목적파생상품평가손익,자본 [구성요소]|지배기업의 소유주에게 귀속되는 지분 [구성요소]|자본조정 [구성요소],제 16 기,0,제 15 기,0,제 14 기,0,31,KRW,,138040,메리츠금융지주,CFS
20260331004202,11011,2025,00860332,SCE,자본변동표,dart_OtherComprehensiveIncomeNetOfTaxChangeInFairValueOfFinancialAssetsMeasuredAtFairValueThroughOtherComprehensiveIncome,기타포괄손익-공정가치측정채무증권평가손익,연결재무제표 [member],제 16 기,-906256997680,제 15 기,685185037568,제 14 기,1135397334702,32,KRW,,138040,메리츠금융지주,CFS
20260331004202,11011,2025,00860332,SCE,자본변동표,dart_OtherComprehensiveIncomeNetOfTaxChangeInFairValueOfFinancialAssetsMeasuredAtFairValueThroughOtherComprehensiveIncome,기타포괄손익-공정가치측정채무증권평가손익,자본 [구성요소]|비지배지분 [구성요소],제 16 기,-3335783,제 15 기,4548795,제 14 기,4709168749,32,KRW,,138040,메리츠금융지주,CFS
20260331004202,11011,2025,00860332,SCE,자본변동표,dart_OtherComprehensiveIncomeNetOfTaxChangeInFairValueOfFinancialAssetsMeasuredAtFairValueThroughOtherComprehensiveIncome,기타포괄손익-공정가치측정채무증권평가손익,자본 [구성요소]|지배기업의 소유주에게 귀속되는 지분 [구성요소],제 16 기,-906253661897,제 15 기,685180488773,제 14 기,1130688165953,32,KRW,,138040,메리츠금융지주,CFS
20260331004202,11011,2025,00860332,SCE,자본변동표,dart_OtherComprehensiveIncomeNetOfTaxChangeInFairValueOfFinancialAssetsMeasuredAtFairValueThroughOtherComprehensiveIncome,기타포괄손익-공정가치측정채무증권평가손익,자본 [구성요소]|지배기업의 소유주에게 귀속되는 지분 [구성요소]|기타포괄손익누적액 [구성요소],제 16 기,-906253661897,제 15 기,685180488773,제 14 기,1130688165953,32,KRW,,138040,메리츠금융지주,CFS
20260331004202,11011,2025,00860332,SCE,자본변동표,dart_OtherComprehensiveIncomeNetOfTaxChangeInFairValueOfFinancialAssetsMeasuredAtFairValueThroughOtherComprehensiveIncome,기타포괄손익-공정가치측정채무증권평가손익,자본 [구성요소]|지배기업의 소유주에게 귀속되는 지분 [구성요소]|신종자본증권 [구성요소],제 16 기,0,제 15 기,0,제 14 기,0,32,KRW,,138040,메리츠금융지주,CFS
20260331004202,11011,2025,00860332,SCE,자본변동표,dart_OtherComprehensiveIncomeNetOfTaxChangeInFairValueOfFinancialAssetsMeasuredAtFairValueThroughOtherComprehensiveIncome,기타포괄손익-공정가치측정채무증권평가손익,자본 [구성요소]|지배기업의 소유주에게 귀속되는 지분 [구성요소]|이익잉여금 [구성요소],제 16 기,0,제 15 기,0,제 14 기,0,32,KRW,,138040,메리츠금융지주,CFS
20260331004202,11011,2025,00860332,SCE,자본변동표,dart_OtherComprehensiveIncomeNetOfTaxChangeInFairValueOfFinancialAssetsMeasuredAtFairValueThroughOtherComprehensiveIncome,기타포괄손익-공정가치측정채무증권평가손익,자본 [구성요소]|지배기업의 소유주에게 귀속되는 지분 [구성요소]|자본금 [구성요소],제 16 기,0,제 15 기,0,제 14 기,0,32,KRW,,138040,메리츠금융지주,CFS
20260331004202,11011,2025,00860332,SCE,자본변동표,dart_OtherComprehensiveIncomeNetOfTaxChangeInFairValueOfFinancialAssetsMeasuredAtFairValueThroughOtherComprehensiveIncome,기타포괄손익-공정가치측정채무증권평가손익,자본 [구성요소]|지배기업의 소유주에게 귀속되는 지분 [구성요소]|자본잉여금 [구성요소],제 16 기,0,제 15 기,0,제 14 기,0,32,KRW,,138040,메리츠금융지주,CFS
20260331004202,11011,2025,00860332,SCE,자본변동표,dart_OtherComprehensiveIncomeNetOfTaxChangeInFairValueOfFinancialAssetsMeasuredAtFairValueThroughOtherComprehensiveIncome,기타포괄손익-공정가치측정채무증권평가손익,자본 [구성요소]|지배기업의 소유주에게 귀속되는 지분 [구성요소]|자본조정 [구성요소],제 16 기,0,제 15 기,0,제 14 기,0,32,KRW,,138040,메리츠금융지주,CFS
20260331004202,11011,2025,00860332,SCE,자본변동표,dart_OtherComprehensiveIncomeNetOfTaxChangeInFairValueOfInvestmentsInEquityInstruments,기타포괄손익-공정가치측정지분증권평가손익,연결재무제표 [member],제 16 기,60515568256,제 15 기,4946609304,제 14 기,28689688447,33,KRW,,138040,메리츠금융지주,CFS
20260331004202,11011,2025,00860332,SCE,자본변동표,dart_OtherComprehensiveIncomeNetOfTaxChangeInFairValueOfInvestmentsInEquityInstruments,기타포괄손익-공정가치측정지분증권평가손익,자본 [구성요소]|비지배지분 [구성요소],제 16 기,0,제 15 기,0,제 14 기,-728879183,33,KRW,,138040,메리츠금융지주,CFS
20260331004202,11011,2025,00860332,SCE,자본변동표,dart_OtherComprehensiveIncomeNetOfTaxChangeInFairValueOfInvestmentsInEquityInstruments,기타포괄손익-공정가치측정지분증권평가손익,자본 [구성요소]|지배기업의 소유주에게 귀속되는 지분 [구성요소],제 16 기,60515568256,제 15 기,4946609304,제 14 기,29418567630,33,KRW,,138040,메리츠금융지주,CFS
20260331004202,11011,2025,00860332,SCE,자본변동표,dart_OtherComprehensiveIncomeNetOfTaxChangeInFairValueOfInvestmentsInEquityInstruments,기타포괄손익-공정가치측정지분증권평가손익,자본 [구성요소]|지배기업의 소유주에게 귀속되는 지분 [구성요소]|기타포괄손익누적액 [구성요소],제 16 기,60515568256,제 15 기,4946609304,제 14 기,29418567630,33,KRW,,138040,메리츠금융지주,CFS
20260331004202,11011,2025,00860332,SCE,자본변동표,dart_OtherComprehensiveIncomeNetOfTaxChangeInFairValueOfInvestmentsInEquityInstruments,기타포괄손익-공정가치측정지분증권평가손익,자본 [구성요소]|지배기업의 소유주에게 귀속되는 지분 [구성요소]|신종자본증권 [구성요소],제 16 기,0,제 15 기,0,제 14 기,0,33,KRW,,138040,메리츠금융지주,CFS
20260331004202,11011,2025,00860332,SCE,자본변동표,dart_OtherComprehensiveIncomeNetOfTaxChangeInFairValueOfInvestmentsInEquityInstruments,기타포괄손익-공정가치측정지분증권평가손익,자본 [구성요소]|지배기업의 소유주에게 귀속되는 지분 [구성요소]|이익잉여금 [구성요소],제 16 기,0,제 15 기,0,제 14 기,0,33,KRW,,138040,메리츠금융지주,CFS
20260331004202,11011,2025,00860332,SCE,자본변동표,dart_OtherComprehensiveIncomeNetOfTaxChangeInFairValueOfInvestmentsInEquityInstruments,기타포괄손익-공정가치측정지분증권평가손익,자본 [구성요소]|지배기업의 소유주에게 귀속되는 지분 [구성요소]|자본금 [구성요소],제 16 기,0,제 15 기,0,제 14 기,0,33,KRW,,138040,메리츠금융지주,CFS
20260331004202,11011,2025,00860332,SCE,자본변동표,dart_OtherComprehensiveIncomeNetOfTaxChangeInFairValueOfInvestmentsInEquityInstruments,기타포괄손익-공정가치측정지분증권평가손익,자본 [구성요소]|지배기업의 소유주에게 귀속되는 지분 [구성요소]|자본잉여금 [구성요소],제 16 기,0,제 15 기,0,제 14 기,0,33,KRW,,138040,메리츠금융지주,CFS
20260331004202,11011,2025,00860332,SCE,자본변동표,dart_OtherComprehensiveIncomeNetOfTaxChangeInFairValueOfInvestmentsInEquityInstruments,기타포괄손익-공정가치측정지분증권평가손익,자본 [구성요소]|지배기업의 소유주에게 귀속되는 지분 [구성요소]|자본조정 [구성요소],제 16 기,0,제 15 기,0,제 14 기,0,33,KRW,,138040,메리츠금융지주,CFS
20260331004202,11011,2025,00860332,SCE,자본변동표,dart_OtherComprehensiveIncomeNetOfTaxGainsLossesOnRevaluationOfPropertyPlandAndEquipment,재평가잉여금,연결재무제표 [member],제 16 기,-3359017755,제 15 기,87148058846,제 14 기,0,34,KRW,,138040,메리츠금융지주,CFS
20260331004202,11011,2025,00860332,SCE,자본변동표,dart_OtherComprehensiveIncomeNetOfTaxGainsLossesOnRevaluationOfPropertyPlandAndEquipment,재평가잉여금,자본 [구성요소]|비지배지분 [구성요소],제 16 기,0,제 15 기,0,제 14 기,0,34,KRW,,138040,메리츠금융지주,CFS
20260331004202,11011,2025,00860332,SCE,자본변동표,dart_OtherComprehensiveIncomeNetOfTaxGainsLossesOnRevaluationOfPropertyPlandAndEquipment,재평가잉여금,자본 [구성요소]|지배기업의 소유주에게 귀속되는 지분 [구성요소],제 16 기,-3359017755,제 15 기,87148058846,제 14 기,0,34,KRW,,138040,메리츠금융지주,CFS
20260331004202,11011,2025,00860332,SCE,자본변동표,dart_OtherComprehensiveIncomeNetOfTaxGainsLossesOnRevaluationOfPropertyPlandAndEquipment,재평가잉여금,자본 [구성요소]|지배기업의 소유주에게 귀속되는 지분 [구성요소]|기타포괄손익누적액 [구성요소],제 16 기,-3359017755,제 15 기,87148058846,제 14 기,0,34,KRW,,138040,메리츠금융지주,CFS
20260331004202,11011,2025,00860332,SCE,자본변동표,dart_OtherComprehensiveIncomeNetOfTaxGainsLossesOnRevaluationOfPropertyPlandAndEquipment,재평가잉여금,자본 [구성요소]|지배기업의 소유주에게 귀속되는 지분 [구성요소]|신종자본증권 [구성요소],제 16 기,0,제 15 기,0,제 14 기,0,34,KRW,,138040,메리츠금융지주,CFS
20260331004202,11011,2025,00860332,SCE,자본변동표,dart_OtherComprehensiveIncomeNetOfTaxGainsLossesOnRevaluationOfPropertyPlandAndEquipment,재평가잉여금,자본 [구성요소]|지배기업의 소유주에게 귀속되는 지분 [구성요소]|이익잉여금 [구성요소],제 16 기,0,제 15 기,0,제 14 기,0,34,KRW,,138040,메리츠금융지주,CFS
20260331004202,11011,2025,00860332,SCE,자본변동표,dart_OtherComprehensiveIncomeNetOfTaxGainsLossesOnRevaluationOfPropertyPlandAndEquipment,재평가잉여금,자본 [구성요소]|지배기업의 소유주에게 귀속되는 지분 [구성요소]|자본금 [구성요소],제 16 기,0,제 15 기,0,제 14 기,0,34,KRW,,138040,메리츠금융지주,CFS
20260331004202,11011,2025,00860332,SCE,자본변동표,dart_OtherComprehensiveIncomeNetOfTaxGainsLossesOnRevaluationOfPropertyPlandAndEquipment,재평가잉여금,자본 [구성요소]|지배기업의 소유주에게 귀속되는 지분 [구성요소]|자본잉여금 [구성요소],제 16 기,0,제 15 기,0,제 14 기,0,34,KRW,,138040,메리츠금융지주,CFS
20260331004202,11011,2025,00860332,SCE,자본변동표,dart_OtherComprehensiveIncomeNetOfTaxGainsLossesOnRevaluationOfPropertyPlandAndEquipment,재평가잉여금,자본 [구성요소]|지배기업의 소유주에게 귀속되는 지분 [구성요소]|자본조정 [구성요소],제 16 기,0,제 15 기,0,제 14 기,0,34,KRW,,138040,메리츠금융지주,CFS
20260331004202,11011,2025,00860332,SCE,자본변동표,ifrs-full_OtherComprehensiveIncome,기타포괄손익,연결재무제표 [member],제 16 기,-563711362091,제 15 기,-683519926713,제 14 기,272127426558,35,KRW,,138040,메리츠금융지주,CFS
20260331004202,11011,2025,00860332,SCE,자본변동표,ifrs-full_OtherComprehensiveIncome,기타포괄손익,자본 [구성요소]|비지배지분 [구성요소],제 16 기,-843051440,제 15 기,1129132091,제 14 기,5281411120,35,KRW,,138040,메리츠금융지주,CFS
20260331004202,11011,2025,00860332,SCE,자본변동표,ifrs-full_OtherComprehensiveIncome,기타포괄손익,자본 [구성요소]|지배기업의 소유주에게 귀속되는 지분 [구성요소],제 16 기,-562868310651,제 15 기,-684649058804,제 14 기,266846015438,35,KRW,,138040,메리츠금융지주,CFS
20260331004202,11011,2025,00860332,SCE,자본변동표,ifrs-full_OtherComprehensiveIncome,기타포괄손익,자본 [구성요소]|지배기업의 소유주에게 귀속되는 지분 [구성요소]|기타포괄손익누적액 [구성요소],제 16 기,-562868310651,제 15 기,-684649058804,제 14 기,266846015438,35,KRW,,138040,메리츠금융지주,CFS
20260331004202,11011,2025,00860332,SCE,자본변동표,ifrs-full_OtherComprehensiveIncome,기타포괄손익,자본 [구성요소]|지배기업의 소유주에게 귀속되는 지분 [구성요소]|신종자본증권 [구성요소],제 16 기,0,제 15 기,0,제 14 기,0,35,KRW,,138040,메리츠금융지주,CFS
20260331004202,11011,2025,00860332,SCE,자본변동표,ifrs-full_OtherComprehensiveIncome,기타포괄손익,자본 [구성요소]|지배기업의 소유주에게 귀속되는 지분 [구성요소]|이익잉여금 [구성요소],제 16 기,0,제 15 기,0,제 14 기,0,35,KRW,,138040,메리츠금융지주,CFS
20260331004202,11011,2025,00860332,SCE,자본변동표,ifrs-full_OtherComprehensiveIncome,기타포괄손익,자본 [구성요소]|지배기업의 소유주에게 귀속되는 지분 [구성요소]|자본금 [구성요소],제 16 기,0,제 15 기,0,제 14 기,0,35,KRW,,138040,메리츠금융지주,CFS
20260331004202,11011,2025,00860332,SCE,자본변동표,ifrs-full_OtherComprehensiveIncome,기타포괄손익,자본 [구성요소]|지배기업의 소유주에게 귀속되는 지분 [구성요소]|자본잉여금 [구성요소],제 16 기,0,제 15 기,0,제 14 기,0,35,KRW,,138040,메리츠금융지주,CFS
20260331004202,11011,2025,00860332,SCE,자본변동표,ifrs-full_OtherComprehensiveIncome,기타포괄손익,자본 [구성요소]|지배기업의 소유주에게 귀속되는 지분 [구성요소]|자본조정 [구성요소],제 16 기,0,제 15 기,0,제 14 기,0,35,KRW,,138040,메리츠금융지주,CFS
20260331004202,11011,2025,00860332,SCE,자본변동표,ifrs-full_OtherComprehensiveIncomeNetOfTaxChangeInFairValueOfFinancialLiabilityAttributableToChangeInCreditRiskOfLiability,당기손익-공정가치측정지정금융부채의 자기신용위험조정,연결재무제표 [member],제 16 기,133334096,제 15 기,-4341631757,제 14 기,-1743749934,36,KRW,,138040,메리츠금융지주,CFS
20260331004202,11011,2025,00860332,SCE,자본변동표,ifrs-full_OtherComprehensiveIncomeNetOfTaxChangeInFairValueOfFinancialLiabilityAttributableToChangeInCreditRiskOfLiability,당기손익-공정가치측정지정금융부채의 자기신용위험조정,자본 [구성요소]|비지배지분 [구성요소],제 16 기,0,제 15 기,0,제 14 기,-34944697,36,KRW,,138040,메리츠금융지주,CFS
20260331004202,11011,2025,00860332,SCE,자본변동표,ifrs-full_OtherComprehensiveIncomeNetOfTaxChangeInFairValueOfFinancialLiabilityAttributableToChangeInCreditRiskOfLiability,당기손익-공정가치측정지정금융부채의 자기신용위험조정,자본 [구성요소]|지배기업의 소유주에게 귀속되는 지분 [구성요소],제 16 기,133334096,제 15 기,-4341631757,제 14 기,-1708805237,36,KRW,,138040,메리츠금융지주,CFS
20260331004202,11011,2025,00860332,SCE,자본변동표,ifrs-full_OtherComprehensiveIncomeNetOfTaxChangeInFairValueOfFinancialLiabilityAttributableToChangeInCreditRiskOfLiability,당기손익-공정가치측정지정금융부채의 자기신용위험조정,자본 [구성요소]|지배기업의 소유주에게 귀속되는 지분 [구성요소]|기타포괄손익누적액 [구성요소],제 16 기,133334096,제 15 기,-4341631757,제 14 기,-1708805237,36,KRW,,138040,메리츠금융지주,CFS
20260331004202,11011,2025,00860332,SCE,자본변동표,ifrs-full_OtherComprehensiveIncomeNetOfTaxChangeInFairValueOfFinancialLiabilityAttributableToChangeInCreditRiskOfLiability,당기손익-공정가치측정지정금융부채의 자기신용위험조정,자본 [구성요소]|지배기업의 소유주에게 귀속되는 지분 [구성요소]|신종자본증권 [구성요소],제 16 기,0,제 15 기,0,제 14 기,0,36,KRW,,138040,메리츠금융지주,CFS
20260331004202,11011,2025,00860332,SCE,자본변동표,ifrs-full_OtherComprehensiveIncomeNetOfTaxChangeInFairValueOfFinancialLiabilityAttributableToChangeInCreditRiskOfLiability,당기손익-공정가치측정지정금융부채의 자기신용위험조정,자본 [구성요소]|지배기업의 소유주에게 귀속되는 지분 [구성요소]|이익잉여금 [구성요소],제 16 기,0,제 15 기,0,제 14 기,0,36,KRW,,138040,메리츠금융지주,CFS
20260331004202,11011,2025,00860332,SCE,자본변동표,ifrs-full_OtherComprehensiveIncomeNetOfTaxChangeInFairValueOfFinancialLiabilityAttributableToChangeInCreditRiskOfLiability,당기손익-공정가치측정지정금융부채의 자기신용위험조정,자본 [구성요소]|지배기업의 소유주에게 귀속되는 지분 [구성요소]|자본금 [구성요소],제 16 기,0,제 15 기,0,제 14 기,0,36,KRW,,138040,메리츠금융지주,CFS
20260331004202,11011,2025,00860332,SCE,자본변동표,ifrs-full_OtherComprehensiveIncomeNetOfTaxChangeInFairValueOfFinancialLiabilityAttributableToChangeInCreditRiskOfLiability,당기손익-공정가치측정지정금융부채의 자기신용위험조정,자본 [구성요소]|지배기업의 소유주에게 귀속되는 지분 [구성요소]|자본잉여금 [구성요소],제 16 기,0,제 15 기,0,제 14 기,0,36,KRW,,138040,메리츠금융지주,CFS
20260331004202,11011,2025,00860332,SCE,자본변동표,ifrs-full_OtherComprehensiveIncomeNetOfTaxChangeInFairValueOfFinancialLiabilityAttributableToChangeInCreditRiskOfLiability,당기손익-공정가치측정지정금융부채의 자기신용위험조정,자본 [구성요소]|지배기업의 소유주에게 귀속되는 지분 [구성요소]|자본조정 [구성요소],제 16 기,0,제 15 기,0,제 14 기,0,36,KRW,,138040,메리츠금융지주,CFS
20260331004202,11011,2025,00860332,SCE,자본변동표,ifrs-full_OtherComprehensiveIncomeNetOfTaxExchangeDifferencesOnTranslation,해외사업환산손익,연결재무제표 [member],제 16 기,-7619659485,제 15 기,21979429793,제 14 기,2850934644,37,KRW,,138040,메리츠금융지주,CFS
20260331004202,11011,2025,00860332,SCE,자본변동표,ifrs-full_OtherComprehensiveIncomeNetOfTaxExchangeDifferencesOnTranslation,해외사업환산손익,자본 [구성요소]|비지배지분 [구성요소],제 16 기,-835558990,제 15 기,1106714389,제 14 기,1923554540,37,KRW,,138040,메리츠금융지주,CFS
20260331004202,11011,2025,00860332,SCE,자본변동표,ifrs-full_OtherComprehensiveIncomeNetOfTaxExchangeDifferencesOnTranslation,해외사업환산손익,자본 [구성요소]|지배기업의 소유주에게 귀속되는 지분 [구성요소],제 16 기,-6784100495,제 15 기,20872715404,제 14 기,927380104,37,KRW,,138040,메리츠금융지주,CFS
20260331004202,11011,2025,00860332,SCE,자본변동표,ifrs-full_OtherComprehensiveIncomeNetOfTaxExchangeDifferencesOnTranslation,해외사업환산손익,자본 [구성요소]|지배기업의 소유주에게 귀속되는 지분 [구성요소]|기타포괄손익누적액 [구성요소],제 16 기,-6784100495,제 15 기,20872715404,제 14 기,927380104,37,KRW,,138040,메리츠금융지주,CFS
20260331004202,11011,2025,00860332,SCE,자본변동표,ifrs-full_OtherComprehensiveIncomeNetOfTaxExchangeDifferencesOnTranslation,해외사업환산손익,자본 [구성요소]|지배기업의 소유주에게 귀속되는 지분 [구성요소]|신종자본증권 [구성요소],제 16 기,0,제 15 기,0,제 14 기,0,37,KRW,,138040,메리츠금융지주,CFS
20260331004202,11011,2025,00860332,SCE,자본변동표,ifrs-full_OtherComprehensiveIncomeNetOfTaxExchangeDifferencesOnTranslation,해외사업환산손익,자본 [구성요소]|지배기업의 소유주에게 귀속되는 지분 [구성요소]|이익잉여금 [구성요소],제 16 기,0,제 15 기,0,제 14 기,0,37,KRW,,138040,메리츠금융지주,CFS
20260331004202,11011,2025,00860332,SCE,자본변동표,ifrs-full_OtherComprehensiveIncomeNetOfTaxExchangeDifferencesOnTranslation,해외사업환산손익,자본 [구성요소]|지배기업의 소유주에게 귀속되는 지분 [구성요소]|자본금 [구성요소],제 16 기,0,제 15 기,0,제 14 기,0,37,KRW,,138040,메리츠금융지주,CFS
20260331004202,11011,2025,00860332,SCE,자본변동표,ifrs-full_OtherComprehensiveIncomeNetOfTaxExchangeDifferencesOnTranslation,해외사업환산손익,자본 [구성요소]|지배기업의 소유주에게 귀속되는 지분 [구성요소]|자본잉여금 [구성요소],제 16 기,0,제 15 기,0,제 14 기,0,37,KRW,,138040,메리츠금융지주,CFS
20260331004202,11011,2025,00860332,SCE,자본변동표,ifrs-full_OtherComprehensiveIncomeNetOfTaxExchangeDifferencesOnTranslation,해외사업환산손익,자본 [구성요소]|지배기업의 소유주에게 귀속되는 지분 [구성요소]|자본조정 [구성요소],제 16 기,0,제 15 기,0,제 14 기,0,37,KRW,,138040,메리츠금융지주,CFS
20260331004202,11011,2025,00860332,SCE,자본변동표,ifrs-full_OtherComprehensiveIncomeNetOfTaxFinanceIncomeExpensesFromReinsuranceContractsHeldExcludedFromProfitOrLoss,재보험계약관련금융손익,연결재무제표 [member],제 16 기,-52956074027,제 15 기,45160141473,제 14 기,85457738393,38,KRW,,138040,메리츠금융지주,CFS
20260331004202,11011,2025,00860332,SCE,자본변동표,ifrs-full_OtherComprehensiveIncomeNetOfTaxFinanceIncomeExpensesFromReinsuranceContractsHeldExcludedFromProfitOrLoss,재보험계약관련금융손익,자본 [구성요소]|비지배지분 [구성요소],제 16 기,0,제 15 기,0,제 14 기,0,38,KRW,,138040,메리츠금융지주,CFS
20260331004202,11011,2025,00860332,SCE,자본변동표,ifrs-full_OtherComprehensiveIncomeNetOfTaxFinanceIncomeExpensesFromReinsuranceContractsHeldExcludedFromProfitOrLoss,재보험계약관련금융손익,자본 [구성요소]|지배기업의 소유주에게 귀속되는 지분 [구성요소],제 16 기,-52956074027,제 15 기,45160141473,제 14 기,85457738393,38,KRW,,138040,메리츠금융지주,CFS
20260331004202,11011,2025,00860332,SCE,자본변동표,ifrs-full_OtherComprehensiveIncomeNetOfTaxFinanceIncomeExpensesFromReinsuranceContractsHeldExcludedFromProfitOrLoss,재보험계약관련금융손익,자본 [구성요소]|지배기업의 소유주에게 귀속되는 지분 [구성요소]|기타포괄손익누적액 [구성요소],제 16 기,-52956074027,제 15 기,45160141473,제 14 기,85457738393,38,KRW,,138040,메리츠금융지주,CFS
20260331004202,11011,2025,00860332,SCE,자본변동표,ifrs-full_OtherComprehensiveIncomeNetOfTaxFinanceIncomeExpensesFromReinsuranceContractsHeldExcludedFromProfitOrLoss,재보험계약관련금융손익,자본 [구성요소]|지배기업의 소유주에게 귀속되는 지분 [구성요소]|신종자본증권 [구성요소],제 16 기,0,제 15 기,0,제 14 기,0,38,KRW,,138040,메리츠금융지주,CFS
20260331004202,11011,2025,00860332,SCE,자본변동표,ifrs-full_OtherComprehensiveIncomeNetOfTaxFinanceIncomeExpensesFromReinsuranceContractsHeldExcludedFromProfitOrLoss,재보험계약관련금융손익,자본 [구성요소]|지배기업의 소유주에게 귀속되는 지분 [구성요소]|이익잉여금 [구성요소],제 16 기,0,제 15 기,0,제 14 기,0,38,KRW,,138040,메리츠금융지주,CFS
20260331004202,11011,2025,00860332,SCE,자본변동표,ifrs-full_OtherComprehensiveIncomeNetOfTaxFinanceIncomeExpensesFromReinsuranceContractsHeldExcludedFromProfitOrLoss,재보험계약관련금융손익,자본 [구성요소]|지배기업의 소유주에게 귀속되는 지분 [구성요소]|자본금 [구성요소],제 16 기,0,제 15 기,0,제 14 기,0,38,KRW,,138040,메리츠금융지주,CFS
20260331004202,11011,2025,00860332,SCE,자본변동표,ifrs-full_OtherComprehensiveIncomeNetOfTaxFinanceIncomeExpensesFromReinsuranceContractsHeldExcludedFromProfitOrLoss,재보험계약관련금융손익,자본 [구성요소]|지배기업의 소유주에게 귀속되는 지분 [구성요소]|자본잉여금 [구성요소],제 16 기,0,제 15 기,0,제 14 기,0,38,KRW,,138040,메리츠금융지주,CFS
20260331004202,11011,2025,00860332,SCE,자본변동표,ifrs-full_OtherComprehensiveIncomeNetOfTaxFinanceIncomeExpensesFromReinsuranceContractsHeldExcludedFromProfitOrLoss,재보험계약관련금융손익,자본 [구성요소]|지배기업의 소유주에게 귀속되는 지분 [구성요소]|자본조정 [구성요소],제 16 기,0,제 15 기,0,제 14 기,0,38,KRW,,138040,메리츠금융지주,CFS
20260331004202,11011,2025,00860332,SCE,자본변동표,ifrs-full_OtherComprehensiveIncomeNetOfTaxGainsLossesOnRemeasurementsOfDefinedBenefitPlans,확정급여제도의재측정요소,연결재무제표 [member],제 16 기,-1354498490,제 15 기,-11256363990,제 14 기,-10821915807,39,KRW,,138040,메리츠금융지주,CFS
20260331004202,11011,2025,00860332,SCE,자본변동표,ifrs-full_OtherComprehensiveIncomeNetOfTaxGainsLossesOnRemeasurementsOfDefinedBenefitPlans,확정급여제도의재측정요소,자본 [구성요소]|비지배지분 [구성요소],제 16 기,-4156667,제 15 기,17868907,제 14 기,-626438770,39,KRW,,138040,메리츠금융지주,CFS
20260331004202,11011,2025,00860332,SCE,자본변동표,ifrs-full_OtherComprehensiveIncomeNetOfTaxGainsLossesOnRemeasurementsOfDefinedBenefitPlans,확정급여제도의재측정요소,자본 [구성요소]|지배기업의 소유주에게 귀속되는 지분 [구성요소],제 16 기,-1350341823,제 15 기,-11274232897,제 14 기,-10195477037,39,KRW,,138040,메리츠금융지주,CFS
20260331004202,11011,2025,00860332,SCE,자본변동표,ifrs-full_OtherComprehensiveIncomeNetOfTaxGainsLossesOnRemeasurementsOfDefinedBenefitPlans,확정급여제도의재측정요소,자본 [구성요소]|지배기업의 소유주에게 귀속되는 지분 [구성요소]|기타포괄손익누적액 [구성요소],제 16 기,-1350341823,제 15 기,-11274232897,제 14 기,-10195477037,39,KRW,,138040,메리츠금융지주,CFS
20260331004202,11011,2025,00860332,SCE,자본변동표,ifrs-full_OtherComprehensiveIncomeNetOfTaxGainsLossesOnRemeasurementsOfDefinedBenefitPlans,확정급여제도의재측정요소,자본 [구성요소]|지배기업의 소유주에게 귀속되는 지분 [구성요소]|신종자본증권 [구성요소],제 16 기,0,제 15 기,0,제 14 기,0,39,KRW,,138040,메리츠금융지주,CFS
20260331004202,11011,2025,00860332,SCE,자본변동표,ifrs-full_OtherComprehensiveIncomeNetOfTaxGainsLossesOnRemeasurementsOfDefinedBenefitPlans,확정급여제도의재측정요소,자본 [구성요소]|지배기업의 소유주에게 귀속되는 지분 [구성요소]|이익잉여금 [구성요소],제 16 기,0,제 15 기,0,제 14 기,0,39,KRW,,138040,메리츠금융지주,CFS
20260331004202,11011,2025,00860332,SCE,자본변동표,ifrs-full_OtherComprehensiveIncomeNetOfTaxGainsLossesOnRemeasurementsOfDefinedBenefitPlans,확정급여제도의재측정요소,자본 [구성요소]|지배기업의 소유주에게 귀속되는 지분 [구성요소]|자본금 [구성요소],제 16 기,0,제 15 기,0,제 14 기,0,39,KRW,,138040,메리츠금융지주,CFS
20260331004202,11011,2025,00860332,SCE,자본변동표,ifrs-full_OtherComprehensiveIncomeNetOfTaxGainsLossesOnRemeasurementsOfDefinedBenefitPlans,확정급여제도의재측정요소,자본 [구성요소]|지배기업의 소유주에게 귀속되는 지분 [구성요소]|자본잉여금 [구성요소],제 16 기,0,제 15 기,0,제 14 기,0,39,KRW,,138040,메리츠금융지주,CFS
20260331004202,11011,2025,00860332,SCE,자본변동표,ifrs-full_OtherComprehensiveIncomeNetOfTaxGainsLossesOnRemeasurementsOfDefinedBenefitPlans,확정급여제도의재측정요소,자본 [구성요소]|지배기업의 소유주에게 귀속되는 지분 [구성요소]|자본조정 [구성요소],제 16 기,0,제 15 기,0,제 14 기,0,39,KRW,,138040,메리츠금융지주,CFS
20260331004202,11011,2025,00860332,SCE,자본변동표,ifrs-full_OtherComprehensiveIncomeNetOfTaxInsuranceFinanceIncomeExpensesFromInsuranceContractsIssuedExcludedFromProfitOrLossThatWillBeReclassifiedToProfitOrLoss,보험계약관련금융손익,연결재무제표 [member],제 16 기,736604164917,제 15 기,-1690940215782,제 14 기,-1263324514720,40,KRW,,138040,메리츠금융지주,CFS
20260331004202,11011,2025,00860332,SCE,자본변동표,ifrs-full_OtherComprehensiveIncomeNetOfTaxInsuranceFinanceIncomeExpensesFromInsuranceContractsIssuedExcludedFromProfitOrLossThatWillBeReclassifiedToProfitOrLoss,보험계약관련금융손익,자본 [구성요소]|비지배지분 [구성요소],제 16 기,0,제 15 기,0,제 14 기,0,40,KRW,,138040,메리츠금융지주,CFS
20260331004202,11011,2025,00860332,SCE,자본변동표,ifrs-full_OtherComprehensiveIncomeNetOfTaxInsuranceFinanceIncomeExpensesFromInsuranceContractsIssuedExcludedFromProfitOrLossThatWillBeReclassifiedToProfitOrLoss,보험계약관련금융손익,자본 [구성요소]|지배기업의 소유주에게 귀속되는 지분 [구성요소],제 16 기,736604164917,제 15 기,-1690940215782,제 14 기,-1263324514720,40,KRW,,138040,메리츠금융지주,CFS
20260331004202,11011,2025,00860332,SCE,자본변동표,ifrs-full_OtherComprehensiveIncomeNetOfTaxInsuranceFinanceIncomeExpensesFromInsuranceContractsIssuedExcludedFromProfitOrLossThatWillBeReclassifiedToProfitOrLoss,보험계약관련금융손익,자본 [구성요소]|지배기업의 소유주에게 귀속되는 지분 [구성요소]|기타포괄손익누적액 [구성요소],제 16 기,736604164917,제 15 기,-1690940215782,제 14 기,-1263324514720,40,KRW,,138040,메리츠금융지주,CFS
20260331004202,11011,2025,00860332,SCE,자본변동표,ifrs-full_OtherComprehensiveIncomeNetOfTaxInsuranceFinanceIncomeExpensesFromInsuranceContractsIssuedExcludedFromProfitOrLossThatWillBeReclassifiedToProfitOrLoss,보험계약관련금융손익,자본 [구성요소]|지배기업의 소유주에게 귀속되는 지분 [구성요소]|신종자본증권 [구성요소],제 16 기,0,제 15 기,0,제 14 기,0,40,KRW,,138040,메리츠금융지주,CFS
20260331004202,11011,2025,00860332,SCE,자본변동표,ifrs-full_OtherComprehensiveIncomeNetOfTaxInsuranceFinanceIncomeExpensesFromInsuranceContractsIssuedExcludedFromProfitOrLossThatWillBeReclassifiedToProfitOrLoss,보험계약관련금융손익,자본 [구성요소]|지배기업의 소유주에게 귀속되는 지분 [구성요소]|이익잉여금 [구성요소],제 16 기,0,제 15 기,0,제 14 기,0,40,KRW,,138040,메리츠금융지주,CFS
20260331004202,11011,2025,00860332,SCE,자본변동표,ifrs-full_OtherComprehensiveIncomeNetOfTaxInsuranceFinanceIncomeExpensesFromInsuranceContractsIssuedExcludedFromProfitOrLossThatWillBeReclassifiedToProfitOrLoss,보험계약관련금융손익,자본 [구성요소]|지배기업의 소유주에게 귀속되는 지분 [구성요소]|자본금 [구성요소],제 16 기,0,제 15 기,0,제 14 기,0,40,KRW,,138040,메리츠금융지주,CFS
20260331004202,11011,2025,00860332,SCE,자본변동표,ifrs-full_OtherComprehensiveIncomeNetOfTaxInsuranceFinanceIncomeExpensesFromInsuranceContractsIssuedExcludedFromProfitOrLossThatWillBeReclassifiedToProfitOrLoss,보험계약관련금융손익,자본 [구성요소]|지배기업의 소유주에게 귀속되는 지분 [구성요소]|자본잉여금 [구성요소],제 16 기,0,제 15 기,0,제 14 기,0,40,KRW,,138040,메리츠금융지주,CFS
20260331004202,11011,2025,00860332,SCE,자본변동표,ifrs-full_OtherComprehensiveIncomeNetOfTaxInsuranceFinanceIncomeExpensesFromInsuranceContractsIssuedExcludedFromProfitOrLossThatWillBeReclassifiedToProfitOrLoss,보험계약관련금융손익,자본 [구성요소]|지배기업의 소유주에게 귀속되는 지분 [구성요소]|자본조정 [구성요소],제 16 기,0,제 15 기,0,제 14 기,0,40,KRW,,138040,메리츠금융지주,CFS
20260331004202,11011,2025,00860332,SCE,자본변동표,ifrs-full_ShareOfOtherComprehensiveIncomeOfAssociatesAndJointVenturesAccountedForUsingEquityMethod,지분법자본변동,연결재무제표 [member],제 16 기,-530150280,제 15 기,3094719306,제 14 기,-1380847642,41,KRW,,138040,메리츠금융지주,CFS
20260331004202,11011,2025,00860332,SCE,자본변동표,ifrs-full_ShareOfOtherComprehensiveIncomeOfAssociatesAndJointVenturesAccountedForUsingEquityMethod,지분법자본변동,자본 [구성요소]|비지배지분 [구성요소],제 16 기,0,제 15 기,0,제 14 기,38950481,41,KRW,,138040,메리츠금융지주,CFS
20260331004202,11011,2025,00860332,SCE,자본변동표,ifrs-full_ShareOfOtherComprehensiveIncomeOfAssociatesAndJointVenturesAccountedForUsingEquityMethod,지분법자본변동,자본 [구성요소]|지배기업의 소유주에게 귀속되는 지분 [구성요소],제 16 기,-530150280,제 15 기,3094719306,제 14 기,-1419798123,41,KRW,,138040,메리츠금융지주,CFS
20260331004202,11011,2025,00860332,SCE,자본변동표,ifrs-full_ShareOfOtherComprehensiveIncomeOfAssociatesAndJointVenturesAccountedForUsingEquityMethod,지분법자본변동,자본 [구성요소]|지배기업의 소유주에게 귀속되는 지분 [구성요소]|기타포괄손익누적액 [구성요소],제 16 기,-530150280,제 15 기,3094719306,제 14 기,-1419798123,41,KRW,,138040,메리츠금융지주,CFS
20260331004202,11011,2025,00860332,SCE,자본변동표,ifrs-full_ShareOfOtherComprehensiveIncomeOfAssociatesAndJointVenturesAccountedForUsingEquityMethod,지분법자본변동,자본 [구성요소]|지배기업의 소유주에게 귀속되는 지분 [구성요소]|신종자본증권 [구성요소],제 16 기,0,제 15 기,0,제 14 기,0,41,KRW,,138040,메리츠금융지주,CFS
20260331004202,11011,2025,00860332,SCE,자본변동표,ifrs-full_ShareOfOtherComprehensiveIncomeOfAssociatesAndJointVenturesAccountedForUsingEquityMethod,지분법자본변동,자본 [구성요소]|지배기업의 소유주에게 귀속되는 지분 [구성요소]|이익잉여금 [구성요소],제 16 기,0,제 15 기,0,제 14 기,0,41,KRW,,138040,메리츠금융지주,CFS
20260331004202,11011,2025,00860332,SCE,자본변동표,ifrs-full_ShareOfOtherComprehensiveIncomeOfAssociatesAndJointVenturesAccountedForUsingEquityMethod,지분법자본변동,자본 [구성요소]|지배기업의 소유주에게 귀속되는 지분 [구성요소]|자본금 [구성요소],제 16 기,0,제 15 기,0,제 14 기,0,41,KRW,,138040,메리츠금융지주,CFS
20260331004202,11011,2025,00860332,SCE,자본변동표,ifrs-full_ShareOfOtherComprehensiveIncomeOfAssociatesAndJointVenturesAccountedForUsingEquityMethod,지분법자본변동,자본 [구성요소]|지배기업의 소유주에게 귀속되는 지분 [구성요소]|자본잉여금 [구성요소],제 16 기,0,제 15 기,0,제 14 기,0,41,KRW,,138040,메리츠금융지주,CFS
20260331004202,11011,2025,00860332,SCE,자본변동표,ifrs-full_ShareOfOtherComprehensiveIncomeOfAssociatesAndJointVenturesAccountedForUsingEquityMethod,지분법자본변동,자본 [구성요소]|지배기업의 소유주에게 귀속되는 지분 [구성요소]|자본조정 [구성요소],제 16 기,0,제 15 기,0,제 14 기,0,41,KRW,,138040,메리츠금융지주,CFS
20260331004202,11011,2025,00860332,SCE,자본변동표,ifrs-full_ProfitLoss,당기순이익(손실),연결재무제표 [member],제 16 기,2350134643625,제 15 기,2333433638351,제 14 기,2125376583433,42,KRW,,138040,메리츠금융지주,CFS
20260331004202,11011,2025,00860332,SCE,자본변동표,ifrs-full_ProfitLoss,당기순이익(손실),자본 [구성요소]|비지배지분 [구성요소],제 16 기,49774910108,제 15 기,27337158324,제 14 기,83627720094,42,KRW,,138040,메리츠금융지주,CFS
20260331004202,11011,2025,00860332,SCE,자본변동표,ifrs-full_ProfitLoss,당기순이익(손실),자본 [구성요소]|지배기업의 소유주에게 귀속되는 지분 [구성요소],제 16 기,2300359733517,제 15 기,2306096480027,제 14 기,2041748863339,42,KRW,,138040,메리츠금융지주,CFS
20260331004202,11011,2025,00860332,SCE,자본변동표,ifrs-full_ProfitLoss,당기순이익(손실),자본 [구성요소]|지배기업의 소유주에게 귀속되는 지분 [구성요소]|기타포괄손익누적액 [구성요소],제 16 기,0,제 15 기,0,제 14 기,0,42,KRW,,138040,메리츠금융지주,CFS
20260331004202,11011,2025,00860332,SCE,자본변동표,ifrs-full_ProfitLoss,당기순이익(손실),자본 [구성요소]|지배기업의 소유주에게 귀속되는 지분 [구성요소]|신종자본증권 [구성요소],제 16 기,0,제 15 기,0,제 14 기,0,42,KRW,,138040,메리츠금융지주,CFS
20260331004202,11011,2025,00860332,SCE,자본변동표,ifrs-full_ProfitLoss,당기순이익(손실),자본 [구성요소]|지배기업의 소유주에게 귀속되는 지분 [구성요소]|이익잉여금 [구성요소],제 16 기,2300359733517,제 15 기,2306096480027,제 14 기,2041748863339,42,KRW,,138040,메리츠금융지주,CFS
20260331004202,11011,2025,00860332,SCE,자본변동표,ifrs-full_ProfitLoss,당기순이익(손실),자본 [구성요소]|지배기업의 소유주에게 귀속되는 지분 [구성요소]|자본금 [구성요소],제 16 기,0,제 15 기,0,제 14 기,0,42,KRW,,138040,메리츠금융지주,CFS
20260331004202,11011,2025,00860332,SCE,자본변동표,ifrs-full_ProfitLoss,당기순이익(손실),자본 [구성요소]|지배기업의 소유주에게 귀속되는 지분 [구성요소]|자본잉여금 [구성요소],제 16 기,0,제 15 기,0,제 14 기,0,42,KRW,,138040,메리츠금융지주,CFS
20260331004202,11011,2025,00860332,SCE,자본변동표,ifrs-full_ProfitLoss,당기순이익(손실),자본 [구성요소]|지배기업의 소유주에게 귀속되는 지분 [구성요소]|자본조정 [구성요소],제 16 기,0,제 15 기,0,제 14 기,0,42,KRW,,138040,메리츠금융지주,CFS
20260331004202,11011,2025,00860332,SCE,자본변동표,ifrs-full_Equity,자본총계,연결재무제표 [member],제 16 기,11261208003790,제 15 기,10930036028008,제 14 기,10097185065931,43,KRW,,138040,메리츠금융지주,CFS
20260331004202,11011,2025,00860332,SCE,자본변동표,ifrs-full_Equity,자본총계,자본 [구성요소]|비지배지분 [구성요소],제 16 기,938577890080,제 15 기,835593105247,제 14 기,515277655253,43,KRW,,138040,메리츠금융지주,CFS
20260331004202,11011,2025,00860332,SCE,자본변동표,ifrs-full_Equity,자본총계,자본 [구성요소]|지배기업의 소유주에게 귀속되는 지분 [구성요소],제 16 기,10322630113710,제 15 기,10094442922761,제 14 기,9581907410678,43,KRW,,138040,메리츠금융지주,CFS
20260331004202,11011,2025,00860332,SCE,자본변동표,ifrs-full_Equity,자본총계,자본 [구성요소]|지배기업의 소유주에게 귀속되는 지분 [구성요소]|기타포괄손익누적액 [구성요소],제 16 기,-695727605072,제 15 기,-132859294421,제 14 기,553028906082,43,KRW,,138040,메리츠금융지주,CFS
20260331004202,11011,2025,00860332,SCE,자본변동표,ifrs-full_Equity,자본총계,자본 [구성요소]|지배기업의 소유주에게 귀속되는 지분 [구성요소]|신종자본증권 [구성요소],제 16 기,1002463699699,제 15 기,891960616004,제 14 기,593207756004,43,KRW,,138040,메리츠금융지주,CFS
20260331004202,11011,2025,00860332,SCE,자본변동표,ifrs-full_Equity,자본총계,자본 [구성요소]|지배기업의 소유주에게 귀속되는 지분 [구성요소]|이익잉여금 [구성요소],제 16 기,9237934579505,제 15 기,8790694338024,제 14 기,7610654308103,43,KRW,,138040,메리츠금융지주,CFS
20260331004202,11011,2025,00860332,SCE,자본변동표,ifrs-full_Equity,자본총계,자본 [구성요소]|지배기업의 소유주에게 귀속되는 지분 [구성요소]|자본금 [구성요소],제 16 기,113093927000,제 15 기,113093927000,제 14 기,113093927000,43,KRW,,138040,메리츠금융지주,CFS
20260331004202,11011,2025,00860332,SCE,자본변동표,ifrs-full_Equity,자본총계,자본 [구성요소]|지배기업의 소유주에게 귀속되는 지분 [구성요소]|자본잉여금 [구성요소],제 16 기,124802859730,제 15 기,124846559730,제 14 기,125354977096,43,KRW,,138040,메리츠금융지주,CFS
20260331004202,11011,2025,00860332,SCE,자본변동표,ifrs-full_Equity,자본총계,자본 [구성요소]|지배기업의 소유주에게 귀속되는 지분 [구성요소]|자본조정 [구성요소],제 16 기,540062652848,제 15 기,306706776424,제 14 기,586567536393,43,KRW,,138040,메리츠금융지주,CFS
