tree
version=v4
num_class=1
num_tree_per_iteration=1
label_index=0
max_feature_idx=24
objective=binary sigmoid:1
feature_names=ret20 ret60 ret120 momentum252_20 ma20 ma60 ma200 drawdown60 drawdown252 vol20 vol60 downside60 vol_expansion rsi14 volume_shock log_turnover turnover_shock range20 relative20 relative60 market_ret20 market_ret60 breadth200 market_vol20 dispersion20
feature_infos=[-0.9818074107170105:11.310866355895996] [-0.95954751968383789:13.263803482055664] [-0.99199998378753662:13.000000953674316] [-0.9963386058807373:22.935483932495117] [-0.96850407123565674:4.0509729385375977] [-0.96914470195770264:5.4120035171508789] [-0.99148815870285034:6.6862931251525879] [-0.99072206020355225:0] [-0.99882990121841431:0] [0.013567640446126461:40.780242919921875] [0.014185873791575432:23.541126251220703] [0.0080801360309123993:2.5332150459289551] [0.0082130823284387589:1.7618670463562012] [0:1] [0.0020126826129853725:12] [15.424999237060547:24.431047439575195] [0.084074698388576508:3] [0.00134641258046031:1.0744723081588745] [-0.97252362966537476:11.417043685913086] [-1.0166565179824829:13.27064037322998] [-0.10673821717500687:0.13794340193271637] [-0.19602669775485992:0.16679386794567108] [0.11909021437168121:0.65175098180770874] [0.10708151012659073:0.34194949269294739] [0.031471334397792816:0.040385045111179352]
tree_sizes=1740 1777 1790 1790 1793 1781 1799 1802 1789 1800 1798 1792 1797 1793 1807 1799 1789 1802 1802 1793 1802 1792 1800 1799 1797 1805 1792 1804 1792 1799 1804 1801 1800 1793 1800 1808 1801 1806 1809 1807 1804 1808 1800 1798 1806 1804 1795 1803 1804 1809 1807 1806 1813 1799 1801 1807 1803 1803 1801 1798 1817 1813 1801 1815 1804 1799 1799 1814 1809 1798 1808 1813 1803 1806 1797 1796 1812 1798 1809 1811 1801 1808 1795 1810 1823 1808 1812 1815 1808 1805 1806 1797 1810 1804 1800 1809 1811 1809 1804 1795 1812 1807 1817 1811 1810 1806 1797 1815 1792 1799 1817 1811 1795 1809 1805 1814 1802 1815 1807 1803 1794 1801 1807 1806 1811 1810 1809 1808 1790 1813 1806 1809 1809 1810 1799 1809 1807 1811 1817 1806 1809 1802 1802 1809 1810 1804 1812 1822 1799 1805 1799 1804 1800 1801 1819 1811 1811 1801 1822 1796 1809 1801 1803 1814 1798 1804 1808 1797 1804 1794 1814 1796 1818 1795 1811 1787 1808 1810 1806 1801

Tree=0
num_leaves=15
num_cat=0
split_feature=10 10 10 21 21 21 21 11 17 17 24 24 21 24
split_gain=18577.9 3417.59 2343.74 1566.11 1315.72 1215.4 924.474 512.036 479.951 448.527 423.288 391.895 362.138 361.836
threshold=0.50342997908592235 0.716291904449463 0.36087167263031011 0.014401994645595552 0.014401994645595552 -0.017164681106805798 0.014401994645595552 0.17354831099510196 0.10721593350172044 0.054708315059542663 0.037483181804418571 0.0356238391250372 0.088003512471914305 0.0356238391250372
decision_type=2 2 2 2 2 2 2 2 2 2 2 2 2 2
left_child=2 4 6 11 13 8 -1 -8 -3 -7 12 -4 -5 -2
right_child=1 5 3 10 -6 9 7 -9 -10 -11 -12 -13 -14 -15
leaf_value=-1.3467207949047095 -1.2871265835329879 -1.2686626331830064 -1.3158196252031156 -1.2955044223088308 -1.2602027503625364 -1.2567207134290752 -1.3383789742123513 -1.3167465273713566 -1.2122452089470175 -1.2066995580442241 -1.3202791139611412 -1.3369865496654978 -1.2636031794613987 -1.3115173166531846
leaf_weight=8142.8529725074768 1384.8196313679218 1412.2914875149727 2064.7915322333574 1301.5863968878984 1521.9761939644814 314.84853133559227 2777.6307365000248 2588.7913171499968 213.79972320795059 1215.2420149147511 507.57047115266323 2223.2598928511143 661.21137042343616 1602.8740412741899
leaf_count=48368 8159 8403 12179 7911 9207 1894 16881 15691 1272 7310 3101 13308 3962 9604
internal_value=-1.31332 -1.26694 -1.33088 -1.31404 -1.28659 -1.23905 -1.33929 -1.32797 -1.26067 -1.21656 -1.2919 -1.32682 -1.28456 -1.30016
internal_weight=27933.5 7665.85 20267.7 6758.42 4509.67 3156.18 13509.3 5366.42 1626.09 1530.09 2470.37 4288.05 1962.8 2987.69
internal_count=167250 45849 121401 40461 26970 18879 80940 32572 9675 9204 14974 25487 11873 17763
is_linear=0
shrinkage=1


Tree=1
num_leaves=15
num_cat=0
split_feature=11 21 21 11 11 11 11 23 24 23 23 3 21 22
split_gain=15292.4 3034.23 2322.44 2006.63 1512.54 1202.46 757.75 574.456 442.449 424.305 399.583 393.139 366.691 333.44
threshold=0.33643853664398199 -0.017164681106805798 0.014401994645595552 0.21718776226043704 0.49022606015205389 0.4674366563558579 0.2449087128043175 0.17924155294895175 0.033361051231622703 0.17924155294895175 0.13085953146219256 -0.60760203003883351 0.088003512471914305 0.31738407909870153
decision_type=2 2 2 2 2 2 2 2 2 2 2 2 2 2
left_child=2 4 6 -4 8 7 -1 -3 -2 12 -8 -6 -5 -9
right_child=1 5 3 9 11 -7 10 13 -10 -11 -12 -13 -14 -15
leaf_value=-0.033409104765643793 0.040796282998298995 0.068431379796983355 -0.016422357769225602 0.017535408366270943 0.066751214689469068 0.086218442821413444 0.022782230747578788 0.051251289720856713 -0.00074791300827364556 0.0041587189169250737 -0.01782780900398372 0.032744241189246737 0.049769812151272325 0.0143636815341628
leaf_weight=7529.391130194068 350.40351864695549 800.27908167243004 4833.2387410104275 1119.5892039686441 670.94083291292191 1615.4063822925091 313.31114065647125 517.86345237493515 2438.2896930873394 1303.489000082016 3815.4406005889177 1187.4764538854361 713.68090863525867 722.43246527016163
leaf_count=45560 2071 4706 29579 6774 3873 9244 1882 2988 14445 7827 22878 6918 4204 4301
internal_value=-9.61828e-06 0.0397805 -0.0168533 -0.00228693 0.0209435 0.0636017 -0.026801 0.0453642 0.0045993 0.0194765 -0.0146985 0.0453133 0.030286 0.0300522
internal_weight=27931.2 8303.09 19628.1 7970 4647.11 3655.98 11658.1 2040.57 2788.69 3136.76 4128.75 1858.42 1833.27 1240.3
internal_count=167250 48546 118704 48384 27307 21239 70320 11995 16516 18805 24760 10791 10978 7289
is_linear=0
shrinkage=0.035


Tree=2
num_leaves=15
num_cat=0
split_feature=10 10 10 21 21 21 21 23 11 23 24 22 23 22
split_gain=15794.7 2596.98 2148.71 1358.86 1049.83 870.919 858.189 542.433 477.566 373.954 309.278 308.709 295.963 379.944
threshold=0.50342997908592235 0.716291904449463 0.36087167263031011 0.014401994645595552 0.014401994645595552 0.014401994645595552 -0.047561954706907265 0.13085953146219256 0.17354831099510196 0.17748750001192096 0.0356238391250372 0.29079861938953405 0.17748750001192096 0.31738407909870153
decision_type=2 2 2 2 2 2 2 2 2 2 2 2 2 2
left_child=2 4 5 7 10 -1 -3 -4 -7 -5 -2 -9 -8 -14
right_child=1 6 3 9 -6 8 12 11 -10 -11 -12 -13 13 -15
leaf_value=-0.032396944951616123 0.023905471241378866 0.041602124065064298 0.029351914937148716 0.032327500094408511 0.04705716776158362 -0.024205887969477841 0.098160015094258757 -0.004901515928197109 -0.0031679489582727913 0.0053647547256358962 0.0015357999619751898 -0.024888708169659098 0.089883144719784952 0.051582473438589002
leaf_weight=7842.5054709166288 1421.9874211996794 1290.0541309118271 334.44117912650108 1323.2074149996042 1606.5266761183739 2711.2623496204615 693.06066793203354 1635.6001293808222 2576.9284638017416 1203.841949030757 1609.6498381048441 2256.8502368628979 591.22352202236652 820.29023832082748
leaf_count=48368 8159 7278 1981 7759 9207 16881 3820 9801 15691 7215 9604 13705 3201 4580
internal_value=-1.69005e-05 0.041373 -0.0167496 -0.000704275 0.0242653 -0.0249959 0.0646079 -0.0128337 -0.0139795 0.0195547 0.0120724 -0.0165242 0.0784464 0.0681445
internal_weight=27917.4 8032.79 19884.6 6753.94 4638.16 13130.7 3394.63 4226.89 5288.19 2527.05 3031.64 3892.45 2104.57 1411.51
internal_count=167250 45849 121401 40461 26970 80940 18879 25487 32572 14974 17763 23506 11601 7781
is_linear=0
shrinkage=0.035


Tree=3
num_leaves=15
num_cat=0
split_feature=17 10 10 21 21 21 21 23 11 23 23 22 10 10
split_gain=14810.6 2543.73 1927.88 1434.32 1090.67 958.84 626.46 603.472 546.168 534.671 391.474 372.879 281.349 253.835
threshold=0.042577477172017104 0.38306824862957006 0.7553987205028535 -0.014650785364210604 0.031130155548453334 -0.014650785364210604 -0.047561954706907265 0.13350772112607959 0.17354831099510196 0.17748750001192096 0.17924155294895175 0.31738407909870153 0.56446537375450145 1.3854649066925051
decision_type=2 2 2 2 2 2 2 2 2 2 2 2 2 2
left_child=1 5 4 -3 7 -1 13 -2 -7 -5 -10 -11 -9 -4
right_child=2 3 6 9 -6 8 -8 12 10 11 -12 -13 -14 -15
leaf_value=-0.032206703025641256 0.072801604204692852 -0.012912400393563426 0.035774363713217495 0.036372415543530309 0.057416789711344729 -0.02478957244609541 0.077960138470235057 0.00025399601120693641 0.0061460763407282194 0.029645608474975826 -0.016301609165752191 -0.0042166545955935157 0.02217751125184228 0.0825775396485844
leaf_weight=7302.8414326310158 215.53203198313713 3312.0608343482018 930.61898858845234 1371.9891629368067 1139.8913578242064 3130.8342871367931 1800.5911778956652 1205.6607132703066 1904.0725015848875 591.83301812410355 1884.7941726893187 1172.2361840307713 1760.3136708587408 169.27086472511292
leaf_count=45782 1222 19907 5145 7820 6352 19769 9510 7198 11536 3369 11600 7012 10117 911
internal_value=-2.36416e-05 -0.0151001 0.0430897 0.00313205 0.0281692 -0.0233624 0.0651465 0.0175431 -0.0139954 0.0200641 -0.00503417 0.00724697 0.0132965 0.0436564
internal_weight=27892.5 20670.7 7221.88 6448.12 4321.4 14222.5 2900.48 3181.51 6919.7 3136.06 3788.87 1764.07 2965.97 1099.89
internal_count=167250 126795 40455 38108 24889 88687 15566 18537 42905 18201 23136 10381 17315 6056
is_linear=0
shrinkage=0.035


Tree=4
num_leaves=15
num_cat=0
split_feature=17 10 21 21 17 17 21 23 23 11 22 23 22 10
split_gain=13628.1 2184.88 1903.01 1254.77 1097.04 905.211 868.081 663.348 526.646 462.142 367.404 309.48 241.575 241.198
threshold=0.041332822293043144 0.36791300773620611 -0.047561954706907265 -0.014650785364210604 0.057469366118311889 0.060692619532346732 -0.014650785364210604 0.15058789402246478 0.17748750001192096 0.17354831099510196 0.31738407909870153 0.17924155294895175 0.31738407909870153 1.3854649066925051
decision_type=2 2 2 2 2 2 2 2 2 2 2 2 2 2
left_child=1 6 5 -3 7 -2 -1 -4 -5 -8 -10 -11 -9 -7
right_child=2 3 4 8 -6 13 9 12 10 11 -12 -13 -14 -15
leaf_value=-0.032527607226686177 0.002802517395054523 -0.014057144645169073 0.077458105950897652 0.031139759502786801 0.072169962426592529 0.034230339908094071 -0.024331764703823061 0.047929756336687473 0.024881692077351764 0.0049036929008109739 -0.0076855312116569253 -0.016201949292212414 0.021828026396757173 0.078881597341108306
leaf_weight=6696.5879956334829 1906.937387406826 3488.99684420228 423.0358132570982 1508.1858356893063 2089.0695360898972 1102.9408894479275 3064.6415601670742 621.11402341723442 632.4350713044405 1709.3668266534805 1240.9325219541788 1678.0311162620783 1523.8699951767921 172.09747597575188
leaf_count=42894 11082 21223 2291 8472 10826 6055 19648 3390 3567 10369 7476 10449 8620 888
internal_value=-2.95282e-05 -0.0153485 0.0390614 0.000648324 0.0533014 0.0181182 -0.0237015 0.0377315 0.0158177 -0.0145046 0.00338266 -0.00556842 0.0295735 0.0408241
internal_weight=27858.2 20019.2 7839.07 6870.55 4657.09 3181.98 13148.6 2568.02 3381.55 6452.04 1873.37 3387.4 2144.98 1275.04
internal_count=167250 124098 43152 40738 25127 18025 83360 14301 19515 40466 11043 20818 12010 6943
is_linear=0
shrinkage=0.035


Tree=5
num_leaves=15
num_cat=0
split_feature=17 17 10 23 23 20 20 17 22 24 19 22 24 20
split_gain=12599.2 2227.1 1552 1335.87 857.641 654.98 493.354 455.697 402.572 376.112 339.898 317.804 296.408 228.316
threshold=0.038235444575548179 0.057469366118311889 0.32870082557201391 0.15058789402246478 0.15058789402246478 0.10666488111019136 0.08993044495582582 0.085665170103311553 0.31738407909870153 0.0356238391250372 -0.10400865226984023 0.54243603348732006 0.0356238391250372 0.11053578183054925
decision_type=2 2 2 2 2 2 2 2 2 2 2 2 2 2
left_child=2 3 10 -2 -4 8 9 11 -6 -5 -1 12 -3 -7
right_child=1 7 4 6 5 13 -8 -9 -10 -11 -12 -13 -14 -15
leaf_value=-0.006875314210779096 0.06117167703533883 0.054471951264556978 0.017732353301987223 0.019370105275239646 -0.0031050368509254619 0.066931954989032857 0.041769495500391565 0.073694525531615762 -0.021639689667796641 -0.0013559012731976037 -0.027845919006593972 0.076369644782381549 0.028341600220040473 0.012961904673330249
leaf_weight=1061.930952206254 792.78003381192684 1026.9244690686464 1587.0822019428015 1981.4808143526316 2415.7594137489796 122.60383492708206 604.65877109766006 1076.2428419142962 3541.6528735309839 2321.8146462738514 9354.697861880064 365.88453352451324 1188.2018306255341 373.60501208901405
leaf_count=6678 4287 5253 9260 11079 14683 669 3261 5394 22004 13737 60597 1838 6394 2116
internal_value=-3.47188e-05 0.0330267 -0.0168059 0.0192961 -0.00524439 -0.0109136 0.0124213 0.0543182 -0.0141416 0.00821031 -0.0257167 0.0459853 0.0406459 0.0273557
internal_weight=27815.3 9357.99 18457.3 5700.73 8040.7 6453.62 4907.95 3657.25 5957.41 4303.3 10416.6 2581.01 2215.13 496.209
internal_count=167250 51243 116007 32364 48732 39472 28077 18879 36687 24816 67275 13485 11647 2785
is_linear=0
shrinkage=0.035


Tree=6
num_leaves=15
num_cat=0
split_feature=10 17 21 11 21 21 23 10 24 17 23 24 17 23
split_gain=11682.7 2013.24 1560.39 1267.76 942.812 809.387 506.626 445.546 342.545 290.456 349.644 272.721 270.146 255.449
threshold=0.47793224453926092 0.054708315059542663 -0.017164681106805798 0.21304056793451312 1.0000000180025095e-35 -0.037660010159015649 0.17924155294895175 0.36791300773620611 0.0356238391250372 0.020350486971437935 0.17924155294895175 0.037483181804418571 0.10721593350172044 0.13085953146219256
decision_type=2 2 2 2 2 2 2 2 2 2 2 2 2 2
left_child=2 4 7 9 8 12 -5 -1 -2 -4 -11 -6 -3 -9
right_child=1 5 3 6 11 -7 -8 13 -10 10 -12 -13 -14 -15
leaf_value=-0.031977321525143404 0.01652883672711275 0.026409573392161094 -0.026435146005640075 0.02216262563644485 0.040850264395285413 0.062776951956557289 -0.0030249832233555122 0.020335773198170797 -0.0066479905966914379 0.00073093544139792488 -0.023591320092106998 0.010769371796526385 0.068726802702742493 -0.018138531840495305
leaf_weight=6263.6927815675735 1495.8650906831026 1618.1788851767778 2406.6993696689606 1827.4228926151991 1729.1842953115702 2393.8387661427259 2087.6045127362013 222.66093963384628 1614.8519304096699 1642.744049847126 1283.8015026301146 479.88704942166805 205.51113493740559 2496.1050904244184
leaf_count=41526 8305 8639 15773 10420 9191 11778 12821 1292 9647 10339 8322 2688 995 15514
internal_value=-3.73775e-05 0.031331 -0.0164558 -0.0063536 0.0169632 0.0493708 0.00875838 -0.0268382 0.00451441 -0.0174426 -0.00998263 0.0343936 0.0315271 -0.0149246
internal_weight=27768 9537.32 18230.7 9248.27 5319.79 4217.53 3915.03 8982.46 3110.72 5333.24 2926.55 2209.07 1823.69 2718.77
internal_count=167250 51243 116007 57675 29831 21412 23241 58332 17952 34434 18661 11879 9634 16806
is_linear=0
shrinkage=0.035


Tree=7
num_leaves=15
num_cat=0
split_feature=17 21 21 11 17 17 23 24 20 11 17 23 21 12
split_gain=10899.9 1832.79 1602.06 1169.96 941.974 918.576 663.02 471.612 509.808 396.088 278.049 333.729 270.794 243.488
threshold=0.038235444575548179 -0.047561954706907265 -0.017164681106805798 0.21304056793451312 0.057469366118311889 0.060692619532346732 0.15058789402246478 0.037889750674366958 -0.05719425901770591 0.23992323130369189 0.020350486971437935 0.15058789402246478 0.036737985908985145 0.92431217432022106
decision_type=2 2 2 2 2 2 2 2 2 2 2 2 2 2
left_child=2 5 9 10 6 13 -3 8 -5 -1 -4 -12 -8 -2
right_child=1 4 3 7 -6 -7 12 -9 -10 -11 11 -13 -14 -15
leaf_value=-0.033011605562278744 0.0149699428707576 0.063114546567742999 -0.025951174908993908 -0.010735261057316037 0.060087001193798645 0.034351029260649889 0.014132885933286333 -0.017872372651241666 0.020532303331069403 -0.017527638911795648 0.0088588443871777268 -0.017225207291429498 0.0359189710891515 -0.0086637428840760054
leaf_weight=5233.6583368629217 761.63507780432701 636.42765721678734 2368.3543193638325 834.51403279602528 2268.2343275696039 1353.3587377369404 1628.2630187571049 723.68063524365425 2641.5586382299662 3366.9515705853701 834.27921256422997 2091.0925931334496 1245.1198472678661 1724.4686955362558
leaf_count=35430 4307 3234 15778 5066 10826 6943 9212 4523 15059 21403 5245 13503 6545 10176
internal_value=-4.24502e-05 0.0300477 -0.016044 -0.00612087 0.0424888 0.0112632 0.0309775 0.00766409 0.0130165 -0.0269774 -0.0170509 -0.00978153 0.0236653 -0.00139243
internal_weight=27711.6 9617.51 18094.1 9493.48 5778.04 3839.46 3509.81 4199.75 3476.07 8600.61 5293.73 2925.37 2873.38 2486.1
internal_count=167250 51243 116007 59174 29817 21426 18991 24648 20125 56833 34526 18748 15757 14483
is_linear=0
shrinkage=0.035


Tree=8
num_leaves=15
num_cat=0
split_feature=17 10 21 21 11 21 24 23 23 3 24 23 21 21
split_gain=10170.2 2045.24 1337.08 1243.67 600.809 561.99 541.384 499.646 442.589 441.272 354.16 321.367 316.78 249.348
threshold=0.035571094602346427 0.65341928601264965 0.086410630494356169 -0.034622838720679276 0.21718776226043704 1.0000000180025095e-35 0.037483181804418571 0.15924271941185 0.13085953146219256 -0.10703493282198905 0.0356238391250372 0.13350772112607959 -0.017164681106805798 0.078718151897192015
decision_type=2 2 2 2 2 2 2 2 2 2 2 2 2 2
left_child=2 3 4 11 -1 10 9 -5 -6 -4 -3 -2 -10 -9
right_child=1 5 6 7 8 -7 -8 13 12 -11 -12 -13 -14 -15
leaf_value=-0.028689897738162259 0.036919304489843797 0.046547461892206834 0.036074970865748839 0.052471349921539824 0.013361685592266767 0.057824264302059683 -0.018936601626211906 0.012648471811869708 -0.02364172201470132 0.0021594775206670567 0.021913388411200652 -0.0077797852248973369 -0.0057815279196042372 0.036011074366107967
leaf_weight=7574.6448553949594 202.97758986055851 1325.5426572412252 680.06148618459702 726.31594267487526 648.582853063941 1901.7930480092764 921.90334634482861 1877.1165037453175 3332.2096903771162 1477.6506170630455 1614.5403892397881 2639.8740052729845 1925.5238885432482 799.99950414896011
leaf_count=51410 1127 6491 3901 3724 3878 8961 6064 10709 21969 9067 8315 15801 11627 4206
internal_value=-4.7541e-05 0.0258813 -0.0174134 0.0126147 -0.0221636 0.0429346 0.00338534 0.0268567 -0.0137596 0.012966 0.0331398 -0.00447008 -0.0171242 0.0197379
internal_weight=27648.7 11088.2 16560.6 6246.28 13481 4841.88 3079.62 3403.43 5906.32 2157.71 2940.08 2842.85 5257.73 2677.12
internal_count=167250 59334 107916 35567 88884 23767 19032 18639 37474 12968 14806 16928 33596 14915
is_linear=0
shrinkage=0.035


Tree=9
num_leaves=15
num_cat=0
split_feature=10 17 21 21 10 21 3 10 17 21 22 20 3 17
split_gain=9495.69 1731.99 1247.05 882.5 832.005 602.085 386.11 356.589 261.062 228.102 209.29 206.977 193.052 174.438
threshold=0.4555776864290238 0.054708315059542663 -0.014650785364210604 1.0000000180025095e-35 0.29449389874935156 -0.019823805429041382 -0.24587870389223096 0.36791300773620611 0.10721593350172044 0.088003512471914305 0.29079861938953405 -0.032046774402260773 -0.08265542238950728 0.045234506949782378
decision_type=2 2 2 2 2 2 2 2 2 2 2 2 2 2
left_child=2 3 7 10 12 8 -6 -1 -3 -8 11 -2 -4 -12
right_child=1 5 4 -5 6 -7 9 -9 -10 -11 13 -13 -14 -15
leaf_value=-0.030381701141653849 -0.00039566226717276115 0.02474974112420706 -0.0031507978428623202 0.028901695049102668 0.026078145786933276 0.055302486253740103 -0.0069660886806740914 -0.014192256967142941 0.061475223835760047 0.011687342842607961 -0.011987513330367367 0.025509727590692866 -0.022888652420285118 0.0087436733237517428
leaf_weight=6144.4261184930801 760.5631816983223 1995.5329683870077 762.73066630959511 2690.9705183506012 746.77319085597992 2199.5025468468666 2636.0252097994089 2324.1537060588598 267.09808954596519 1143.08818615973 1370.8988589346409 740.16503463685513 3032.3070480823517 768.10080289840698
leaf_count=43059 4391 10204 5064 14010 4368 10071 16115 14779 1224 6761 8222 4186 20467 4329
internal_value=-5.04597e-05 0.0255494 -0.0165123 0.0137436 -0.00687675 0.0422309 0.00325831 -0.0259606 0.0293365 -0.00130793 0.00248828 0.0124653 -0.0189404 -0.00453703
internal_weight=27582.3 10792.8 16789.5 6330.7 8320.92 4462.13 4525.89 8468.58 2262.63 3779.11 3639.73 1500.73 3795.04 2139
internal_count=167250 56637 110613 35138 52775 21499 27244 57838 11428 22876 21128 8577 25531 12551
is_linear=0
shrinkage=0.035


Tree=10
num_leaves=15
num_cat=0
split_feature=17 17 21 21 3 21 24 17 24 20 21 21 12 17
split_gain=8876.81 1661.45 1258.84 1136.22 786.72 556.522 385.146 364.863 344.284 307.613 272.866 272.72 211.292 207.504
threshold=0.035571094602346427 0.054708315059542663 -0.017164681106805798 -0.047561954706907265 -0.13169669359922406 0.036737985908985145 0.0356238391250372 0.020350486971437935 0.0356238391250372 0.059742288663983352 0.088003512471914305 0.088003512471914305 0.99999472498893749 0.026049184612929824
decision_type=2 2 2 2 2 2 2 2 2 2 2 2 2 2
left_child=2 3 13 12 10 6 -3 -6 -5 -10 -4 -9 -2 -1
right_child=1 5 4 8 7 -7 -8 11 9 -11 -12 -13 -14 -15
leaf_value=-0.032474318217513946 0.0057188490012425952 0.045275853673644215 0.0017626539886797113 0.032972108307057872 -0.025308686988508196 0.059847787477241704 0.021019626803157745 -0.013339682259134723 1.4124434926121223e-05 0.028908617739270413 0.027705625072997293 0.006328467934368651 -0.014285930018796295 -0.020640452781235042
leaf_weight=4099.9865287691355 1155.7976287901402 1510.688003346324 1541.2110282927752 2325.559584364295 2209.0929818898439 1266.519668251276 1767.6012802273035 3025.1906660795212 1037.8503366708755 788.69728951156139 723.83237236738205 1200.1201401054859 1446.4277523308992 3413.1754878163338
leaf_count=29318 6731 7062 9518 12001 15238 5649 8865 19242 6086 4086 4174 7258 8854 23168
internal_value=-5.33097e-05 0.0237494 -0.0166466 0.0127097 -0.0075696 0.0400921 0.032301 -0.0138093 0.0240533 0.0125801 0.0101385 -0.00775156 -0.00541278 -0.0271329
internal_weight=27511.8 11299.1 16212.6 6754.33 8699.45 4544.81 3278.29 6434.4 4152.11 1826.55 2265.04 4225.31 2602.23 7513.16
internal_count=167250 59334 107916 37758 55430 21576 15927 41738 22173 10172 13692 26500 15585 52486
is_linear=0
shrinkage=0.035


Tree=11
num_leaves=15
num_cat=0
split_feature=10 10 21 21 11 11 21 23 22 23 8 24 23 24
split_gain=8284.91 1549.28 1080.93 830.818 687.822 446.398 354.191 336.652 350.763 292.372 286.125 232.845 228.739 203.187
threshold=0.44529379904270178 0.716291904449463 0.014401994645595552 0.014401994645595552 0.18138751387596133 0.23992323130369189 1.0000000180025095e-35 0.13350772112607959 0.29079861938953405 0.13085953146219256 -0.33379600942134852 0.0356238391250372 0.17748750001192096 0.037483181804418571
decision_type=2 2 2 2 2 2 2 2 2 2 2 2 2 2
left_child=2 3 5 7 -4 -1 11 -2 -9 -7 -6 -3 -12 -5
right_child=1 6 4 13 10 9 -8 8 -10 -11 12 -13 -14 -15
leaf_value=-0.02978330768620573 0.036126806856695504 0.04311995844288035 -0.018514332335852698 0.032772010315140786 0.028483446881345995 0.018625674424714165 0.052619150792847125 0.011855807091269351 -0.0083893879325761707 -0.0170240821539198 0.0088533607256811898 0.02113762293210826 -0.0095713270192965497 0.0093961473748905688
leaf_weight=5944.2392239123583 352.93669894337654 1109.3925447911024 2848.0160775184631 2229.1085503548384 504.08667276799679 301.80902636051178 1639.0004567801952 1942.5201382040977 2253.984310016036 3089.3217664211988 1791.6790007948875 1332.4900043159723 1513.3340917676687 584.49891319870949
leaf_count=43083 1882 5105 19646 11136 2861 1826 7257 10905 13363 20559 10421 6517 9520 3169
internal_value=-5.63208e-05 0.0226688 -0.016322 0.013052 -0.00553473 -0.0240004 0.039946 0.00378709 0.000987818 -0.0138058 0.00419302 0.0312597 0.000413448 0.0279664
internal_weight=27436.4 11443.9 15992.5 7363.05 6657.12 9335.37 4080.88 4549.44 4196.5 3391.13 3809.1 2441.88 3305.01 2813.61
internal_count=167250 59334 107916 40455 42448 65468 18879 26150 24268 22385 22802 11622 19941 14305
is_linear=0
shrinkage=0.035


Tree=12
num_leaves=15
num_cat=0
split_feature=17 17 21 21 3 23 21 17 23 22 11 24 20 12
split_gain=7775.59 1417.1 1179.01 1160.56 719.079 614.342 341.072 340.634 478.07 303.3 260.539 255.446 361.336 216.988
threshold=0.035571094602346427 0.060692619532346732 -0.017164681106805798 -0.047561954706907265 -0.13169669359922406 0.15058789402246478 -0.047924537211656563 0.020350486971437935 0.15058789402246478 0.31738407909870153 0.21718776226043704 0.037889750674366958 -0.05719425901770591 0.99999472498893749
decision_type=2 2 2 2 2 2 2 2 2 2 2 2 2 2
left_child=2 3 10 13 11 -5 -3 -6 -9 -7 -1 12 -4 -2
right_child=1 6 4 5 7 9 -8 8 -10 -11 -12 -13 -14 -15
leaf_value=-0.032677075434635362 0.0069317307966998152 0.02644011551180243 -0.013881642771464567 0.049454013377836753 -0.024503506710556785 0.033048568206161831 0.049007961738826579 0.010523705408100185 -0.015137073057371166 0.011736367370588629 -0.019288943256354101 -0.014319734389985213 0.023456698745168821 -0.0119015854987946
leaf_weight=3780.7321473509073 1347.6578649580479 1395.2237778156996 398.73884616792202 938.56641711294651 2147.8220940232277 1154.5460327267647 2154.4791138321161 1268.7560387402773 2919.7136051356792 2820.7823934853077 3487.5208308547735 431.06877700984478 1446.6663286834955 1664.4328288584948
leaf_count=28365 7678 6713 2512 4476 15238 5841 9469 7623 18877 15028 24121 2787 8393 10129
internal_value=-5.79368e-05 0.0218823 -0.0159159 0.0136218 -0.00714221 0.0240907 0.0402368 -0.0131989 -0.00735745 0.0179934 -0.0262884 0.00969993 0.0153576 -0.0034802
internal_weight=27356.7 11475.7 15881 7925.99 8612.77 4913.89 3549.7 6336.29 4188.47 3975.33 7268.25 2276.47 1845.41 3012.09
internal_count=167250 59334 107916 43152 55430 25345 16182 41738 26500 20869 52486 13692 10905 17807
is_linear=0
shrinkage=0.035


Tree=13
num_leaves=15
num_cat=0
split_feature=10 10 21 21 11 11 24 20 3 23 23 22 24 8
split_gain=7246.8 1302.6 1002.79 706.353 627.818 425.771 368.01 296.977 278.161 272.092 251.181 245.158 218.851 201.446
threshold=0.44529379904270178 0.65341928601264965 0.014401994645595552 0.014401994645595552 0.17354831099510196 0.23992323130369189 0.0356238391250372 0.059742288663983352 -0.24587870389223096 0.13085953146219256 0.13350772112607959 0.29079861938953405 0.037889750674366958 -0.5328056514263152
decision_type=2 2 2 2 2 2 2 2 2 2 2 2 2 2
left_child=2 3 5 10 -4 -1 13 -8 -6 -7 -2 -12 -10 -3
right_child=1 6 4 -5 8 9 7 -9 12 -11 11 -13 -14 -15
leaf_value=-0.028944512095562872 0.030651233006410355 0.052688755186634968 -0.019327173848840019 0.02475437209621726 0.025012617470093236 0.017985005116844852 0.015605358363486898 0.040181424972993304 0.0028356008889017883 -0.016322515736657144 0.008127545901666141 -0.010220188052459053 -0.021849154724112013 0.032546296443070187
leaf_weight=5721.0438564121723 308.48681016266346 1349.2607049942017 2427.3667754977942 2479.9512468278408 593.00559441745281 304.04025347530842 1711.9178312569857 939.87953306734562 3082.2470369040966 3031.7216587662697 1642.4073742181063 1929.3269862532616 502.96861879527569 1250.3715859055519
leaf_count=43083 1624 5958 17274 12492 3340 1826 8360 4273 18508 20559 9277 11668 3326 5682
internal_value=-6.08875e-05 0.0208823 -0.0155909 0.0102052 -0.00520955 -0.0231485 0.0337697 0.0244341 0.00301875 -0.0131511 0.000866723 -0.00178413 -0.000678555 0.0431625
internal_weight=27274 11611.6 15662.4 6360.17 6605.59 9056.81 5251.43 2651.8 4178.22 3335.76 3880.22 3571.73 3585.22 2599.63
internal_count=167250 59334 107916 35061 42448 65468 24273 12633 25174 22385 22569 20945 21834 11640
is_linear=0
shrinkage=0.035


Tree=14
num_leaves=15
num_cat=0
split_feature=17 21 21 17 17 11 23 24 20 11 23 12 21 21
split_gain=6821.79 1215.79 1102.42 669.129 648.805 641.279 465.5 347.681 385.062 251.912 225.737 195.752 193.488 192.365
threshold=0.035571094602346427 -0.047561954706907265 -0.017164681106805798 0.052416155114769943 0.060692619532346732 0.20102205872535708 0.15058789402246478 0.037889750674366958 -0.05719425901770591 0.21718776226043704 0.15058789402246478 0.92431217432022106 0.078718151897192015 0.088003512471914305
decision_type=2 2 2 2 2 2 2 2 2 2 2 2 2 2
left_child=2 4 9 6 11 13 -3 8 -7 -1 -5 -2 -8 -4
right_child=1 3 5 10 -6 7 12 -9 -10 -11 -12 -13 -14 -15
leaf_value=-0.03190955402180063 0.0094617596307377157 0.042948552310794835 -0.021219482319133121 0.062128542887998135 0.024837026531827098 -0.013632514807290989 0.0076848224130462665 -0.019116123532537981 0.013917852002732406 -0.018536455005733754 0.036656502192977718 -0.0095780820369078395 0.026729053641300127 -0.0053829080528291027
leaf_weight=3623.2746498808265 967.56021586060524 814.35638549923897 2944.5851048380136 535.00724245607853 1473.559201464057 799.07228437066078 2231.3290968835354 711.36371624469757 2684.0814604759216 3410.0415873676538 2644.8778772056103 2038.900207310915 922.25962470471859 1390.1922058165073
leaf_count=28365 5383 3826 20973 2279 6943 5049 12217 4650 15280 24121 11751 12424 4511 9478
internal_value=-6.20703e-05 0.0202098 -0.0152118 0.0291606 0.00589577 -0.00674007 0.0194944 0.00301496 0.00757657 -0.0254612 0.0411234 -0.00343949 0.0133211 -0.0161647
internal_weight=27190.5 11627.8 15562.6 7147.83 4480.02 8529.29 3967.95 4194.52 3483.15 7033.32 3179.89 3006.46 3153.59 4334.78
internal_count=167250 59334 107916 34584 24750 55430 20554 24979 20329 52486 14030 17807 16728 30451
is_linear=0
shrinkage=0.035


Tree=15
num_leaves=15
num_cat=0
split_feature=17 10 21 21 3 23 24 10 22 17 24 10 21 23
split_gain=6371.95 1201.84 1038.43 835.156 516.164 456.03 405.633 435.329 327.321 308.408 284.073 282.882 266.202 222.969
threshold=0.034740684553980834 0.716291904449463 0.036737985908985145 -0.047561954706907265 -0.13169669359922406 0.17924155294895175 0.0356238391250372 0.31673228740692144 0.31738407909870153 0.10721593350172044 0.037483181804418571 0.23823744803667071 1.0000000180025095e-35 0.24541131407022479
decision_type=2 2 2 2 2 2 2 2 2 2 2 2 2 2
left_child=2 3 6 -2 -4 -5 7 -1 -7 12 11 -6 -3 -9
right_child=1 9 4 5 10 8 -8 13 -10 -11 -12 -13 -14 -15
leaf_value=-0.024251616442898399 -0.0034156974765691506 0.021874638832494447 0.015065160327545991 0.033203476265449797 -0.022017569149264841 0.026197729424485817 -0.030281049766293897 0.00074323874947480168 0.0020546961713363183 0.056325123396186359 -0.026536721342223693 0.0021706869063936314 0.041661963722703754 -0.028975353324379033
leaf_weight=3104.6387837901711 3107.5754860937595 2173.6093015670776 1419.1659027636051 1890.2290579974651 797.74647624790668 1092.2865908369422 4254.4993888139725 1907.895307816565 1834.9040189310908 639.04597890377045 908.94178564846516 2214.8525537252426 1396.1380254626274 358.98053129017353
leaf_count=23781 18624 10016 8261 9022 5850 5547 32333 12356 10190 2695 6404 13731 5937 2503
internal_value=-6.36397e-05 0.0187766 -0.0153401 0.0107264 -0.0029548 0.0198372 -0.0222015 -0.0157578 0.0111222 0.0338736 -0.00949777 -0.0042861 0.0297083 -0.00406956
internal_weight=27100.5 12133.8 14966.7 7925 5340.71 4817.42 9626.01 5371.51 2927.19 4208.79 3921.54 3012.6 3569.75 2266.88
internal_count=167250 62031 105219 43383 34246 24759 70973 38640 15737 18648 25985 19581 15953 14859
is_linear=0
shrinkage=0.035


Tree=16
num_leaves=15
num_cat=0
split_feature=10 17 21 11 21 21 11 24 24 23 11 23 21 23
split_gain=5965.67 1060.27 905.934 600.82 574.14 432.11 312.919 289.6 289.17 268.831 195.161 233.696 194.63 183.814
threshold=0.44529379904270178 0.052416155114769943 -0.014650785364210604 0.20102205872535708 -0.017164681106805798 0.036737985908985145 0.23992323130369189 0.0356238391250372 0.037483181804418571 0.17924155294895175 0.14194848388433459 0.17748750001192096 0.086410630494356169 0.13350772112607959
decision_type=2 2 2 2 2 2 2 2 2 2 2 2 2 2
left_child=2 4 6 10 -2 7 -1 -3 12 -5 -4 -12 -6 -8
right_child=1 5 3 9 8 -7 13 -9 -10 -11 11 -13 -14 -15
leaf_value=-0.029065500054016136 -0.0023729009374913478 0.033983795751838117 -0.026540090383020236 0.013120339496944633 0.017137835215157559 0.046062599442918975 0.011021374957916641 0.014588592198419334 -0.00079515468739681954 -0.0057371156981816489 -0.0002576333288265741 -0.020336306627515236 0.037017818965614228 -0.01727628735119412
leaf_weight=4535.928619787097 2940.7784329950809 1800.8978006392717 1308.7960513532162 1905.0499455779791 1888.0519725680351 1502.6401338726282 309.44393356144428 2024.3868418186903 747.950608253479 1784.9635197371244 1439.0641738325357 1392.3049484491348 905.09347289800644 2524.9351600632071
leaf_count=36596 17420 7988 9844 10592 9490 6333 1948 9832 4107 11321 9704 10067 4164 17844
internal_value=-6.55885e-05 0.018587 -0.0145602 -0.006258 0.00905727 0.0301421 -0.0233599 0.0237844 0.0185297 0.0040076 -0.015395 -0.010168 0.0236888 -0.014159
internal_weight=27010.3 11809.8 15200.5 7830.18 6481.87 5327.92 7370.31 3825.28 3541.1 3690.01 4140.17 2831.37 2793.15 2834.38
internal_count=167250 59334 107916 51528 35181 24153 56388 17820 17761 21913 29615 19771 13654 19792
is_linear=0
shrinkage=0.035


Tree=17
num_leaves=15
num_cat=0
split_feature=17 17 21 21 11 21 3 21 21 21 17 12 10 17
split_gain=5604.45 1034.82 978.421 730.126 440.484 354.872 336.424 258.093 245.828 206.524 175.181 174.115 168.217 150.435
threshold=0.034740684553980834 0.054708315059542663 0.086410630494356169 -0.047561954706907265 0.21718776226043704 -0.047924537211656563 -0.10703493282198905 -0.017164681106805798 0.086410630494356169 -0.047924537211656563 0.020811253227293495 0.99999472498893749 1.3854649066925051 0.085665170103311553
decision_type=2 2 2 2 2 2 2 2 2 2 2 2 2 2
left_child=2 3 4 11 9 12 -4 -6 -5 -1 -8 -2 -3 -7
right_child=1 5 6 8 7 13 10 -9 -10 -11 -12 -13 -14 -15
leaf_value=-0.033364425148693665 0.0043817006585173636 0.013986555925719632 0.019977120285224494 0.012745279541327901 -0.017917349374467775 0.032321912890268714 -0.017821922859903316 -0.001957632918813579 0.031157864843826565 -0.020356314042600517 0.0033781755399126989 -0.01332387433435028 0.047105379653125751 0.050524763695956862
leaf_weight=2431.2135397419333 1245.3708392009139 1665.8561986386776 979.50351059436798 3473.3931204006076 3092.6941418424249 2166.8010008186102 778.36660155653954 2073.4671485722065 1198.6303161680698 4108.4467590376735 1204.3157922774553 1479.6427343189716 205.26209357380867 815.18085005879402
leaf_count=20222 7240 7981 5558 18184 22776 9349 5700 12567 5601 31017 7379 9430 869 3377
internal_value=-6.68261e-05 0.0174009 -0.0146571 0.00914104 -0.0192011 0.0299459 0.00330376 -0.011528 0.0175256 -0.0252358 -0.00499228 -0.00524573 0.0178508 0.0374502
internal_weight=26918.1 12250.1 14668 7397.04 11705.8 4853.1 2962.19 5166.16 4672.02 6539.66 1982.68 2725.01 1871.12 2981.98
internal_count=167250 62031 105219 40455 86582 21576 18637 35343 23785 51239 13079 16670 8850 12726
is_linear=0
shrinkage=0.035


Tree=18
num_leaves=15
num_cat=0
split_feature=17 17 21 23 21 11 23 23 21 23 10 17 21 21
split_gain=5233.68 963.796 934.145 656.837 450.582 445.334 404.947 322.796 321.022 319.58 278.278 244.125 220.061 219.324
threshold=0.034740684553980834 0.050327681005001075 0.088003512471914305 0.15058789402246478 -0.033373324200510972 0.21718776226043704 0.15058789402246478 0.13085953146219256 0.036737985908985145 0.18587674200534823 0.23823744803667071 0.085665170103311553 -0.047924537211656563 -0.017164681106805798
decision_type=2 2 2 2 2 2 2 2 2 2 2 2 2 2
left_child=2 3 5 -2 -5 12 -3 -7 11 10 -4 -8 -1 -9
right_child=1 6 9 4 -6 7 8 13 -10 -11 -12 -13 -14 -15
leaf_value=-0.033003660200586531 0.031807796801011944 0.050540254653270437 -0.013786217876131155 -0.0095706799731035963 0.011043635167411537 0.013130436105892545 0.013627460565909884 -0.020250262771618004 0.038222551415056517 -0.012638985325462626 0.020817188984823549 0.035576306868758692 -0.019596783281346751 -0.0049062024105997323
leaf_weight=2372.9097460880876 1090.6745023652911 765.6045468300581 352.36420260369778 2290.5406958758831 2973.7596947029233 603.89563796669245 3104.1001052558422 2749.6086573526263 1307.5382829755545 838.94382108747959 1352.447949424386 775.91914458572865 4287.1700581386685 1959.6344036310911
leaf_count=20222 5253 3249 2585 14300 15508 3669 14920 20739 5484 5721 7657 3317 32637 11989
internal_value=-6.72215e-05 0.0167152 -0.0142978 0.00721823 0.00207304 -0.0183875 0.0268241 -0.0107992 0.0232334 0.00494836 0.0136264 0.0180969 -0.0244158 -0.0138891
internal_weight=26825.1 12308.1 14517 6354.97 5264.3 11973.2 5953.16 5313.14 5187.56 2543.76 1704.81 3880.02 6660.08 4709.24
internal_count=167250 62031 105219 35061 29808 89256 26970 36397 23721 15963 10242 18237 52859 32728
is_linear=0
shrinkage=0.035


Tree=19
num_leaves=15
num_cat=0
split_feature=10 10 21 21 3 24 11 23 23 22 11 20 8 20
split_gain=4916.89 950.158 750.742 532.134 472.25 288.795 276.207 314.87 236.033 245.111 233.98 222.734 173.561 151.681
threshold=0.425733432173729 0.65341928601264965 -0.014650785364210604 0.014401994645595552 -0.13169669359922406 0.0356238391250372 0.14194848388433459 0.17748750001192096 0.13350772112607959 0.29079861938953405 0.2449087128043175 0.059742288663983352 -0.5328056514263152 -0.05719425901770591
decision_type=2 2 2 2 2 2 2 2 2 2 2 2 2 2
left_child=2 3 10 8 13 12 -6 -8 -2 -10 -1 -7 -3 -4
right_child=1 5 4 -5 6 11 7 -9 9 -11 -12 -13 -14 -15
leaf_value=-0.027659979192961853 0.025896804474412762 0.043235118036718007 -0.011264230901719689 0.018775550496695888 -0.026829753546029737 0.010984558815517074 0.0013748780916118849 -0.017381621391454376 0.0064456503590693895 -0.010820438452139564 -0.013528899600751263 0.031779851958934381 0.025115105717135492 0.014258845514596092
leaf_weight=4430.6454688832164 371.88185784220695 1414.8414247781038 349.9118726849556 2951.2599867135286 1163.1861260086298 1780.657038167119 2270.7861316278577 2107.5019453167915 1854.9405764639378 2181.1640776619315 2169.4111989289522 983.08134332299232 1305.5529511719942 1394.5811629444361
leaf_count=37780 1919 5958 2295 14424 9175 8360 14321 14991 10568 13544 15634 4273 5682 8326
internal_value=-6.7785e-05 0.0155347 -0.0144995 0.00730064 -0.00673969 0.0265507 -0.0117349 -0.00767265 -0.000407217 -0.00288885 -0.0230426 0.0184695 0.0346629 0.00910438
internal_weight=26729.4 12843.4 13886 7359.25 7285.97 5484.13 5541.47 4378.29 4407.99 4036.1 6600.06 2763.74 2720.39 1744.49
internal_count=167250 64728 102522 40455 49108 24273 38487 29312 26031 24112 53414 12633 11640 10621
is_linear=0
shrinkage=0.035


Tree=20
num_leaves=15
num_cat=0
split_feature=17 21 17 23 21 17 24 10 24 22 21 21 23 22
split_gain=4616.95 866.112 846.096 714.927 507.17 430.471 398.652 385.718 301.189 263.621 261.329 227.886 207.17 183.707
threshold=0.034740684553980834 0.036737985908985145 0.060692619532346732 0.15058789402246478 0.036737985908985145 0.020811253227293495 0.0356238391250372 0.31673228740692144 0.037483181804418571 0.29079861938953405 0.088003512471914305 -0.047924537211656563 0.24541131407022479 0.43463306128978735
decision_type=2 2 2 2 2 2 2 2 2 2 2 2 2 2
left_child=1 6 3 -2 9 -3 7 -1 10 -5 -7 -4 -9 -6
right_child=2 5 11 4 13 8 -8 12 -10 -11 -12 -13 -14 -15
leaf_value=-0.022173683198238887 0.0324618934746259 -0.017196831927562779 0.018502437430837033 0.0082338901775426097 0.037710011505911856 -0.00041794817344783001 -0.02864012576479328 0.0019219902758335055 -0.014056188615569037 -0.007523401243663309 0.020971280306794481 0.036316825016688647 -0.027534399338094408 0.013536033218719235
leaf_weight=2862.9840750098228 1380.9223371967673 1639.0163490176201 1489.8019704669714 2302.2811001762748 525.63798522949219 1455.0557387918234 3918.4123636707664 1864.2478034347296 828.12485365569592 2962.8495180010796 1337.2936144322157 2282.9697263240814 336.68550888448954 1451.6063144654036
leaf_count=23781 6428 12269 6713 12740 2298 9139 32333 12356 5527 17422 7311 9469 2503 6961
internal_value=-6.84166e-05 -0.0136582 0.0155433 0.00947591 0.0050544 -0.00237149 -0.0202571 -0.0137267 0.00436894 -0.000630671 0.00986392 0.0293497 -0.00268823 0.02012
internal_weight=26637.9 14241.8 12396.1 8623.3 7242.37 5259.49 8982.33 5063.92 3620.47 5265.13 2792.35 3772.77 2200.93 1977.24
internal_count=167250 105219 62031 45849 39421 34246 70973 38640 21977 30162 16450 16182 14859 9259
is_linear=0
shrinkage=0.035


Tree=21
num_leaves=15
num_cat=0
split_feature=10 17 21 21 17 23 23 21 24 8 20 10 23 20
split_gain=4329.36 861.401 703.407 453.828 430.59 400.95 365.496 290.945 252.122 235.392 221.971 215.779 193.201 145.872
threshold=0.425733432173729 0.048452220857143409 -0.017164681106805798 -0.017164681106805798 0.01987654343247414 0.15058789402246478 0.15058789402246478 0.036737985908985145 0.037483181804418571 -0.59660580754280079 0.10666488111019136 0.31673228740692144 0.13350772112607959 -0.05719425901770591
decision_type=2 2 2 2 2 2 2 2 2 2 2 2 2 2
left_child=2 3 11 -2 -4 -3 -6 9 13 -7 -8 -1 -13 -5
right_child=1 5 4 8 6 7 10 -9 -10 -11 -12 12 -14 -15
leaf_value=-0.028498517941809871 -0.005181793723559612 0.04582072324091397 -0.020537088337818091 0.0037824716264693785 0.01281443722884946 0.024681673427272829 -0.010729033539172799 0.033492315947754765 -0.00438449538311954 0.0079996139247828901 0.012243835518176796 0.01028742292881186 -0.018549736272999173 0.022693374013245463
leaf_weight=3405.9801849648356 2824.3459111824632 844.087776735425 1985.2409341707826 654.03566841781139 1547.5295412689447 1833.6364982426167 3339.421252720058 1447.5162315368652 753.36734385788441 2399.7901558876038 600.26736330986023 315.92348033189774 2419.3905052170157 2170.9319186657667
leaf_count=30545 17383 3534 15542 3462 9243 8163 22870 6028 4203 11700 3465 2098 18759 10255
internal_value=-6.9347e-05 0.0144309 -0.0138393 0.00529738 -0.00661302 0.0233713 -0.00154718 0.019961 0.0135599 0.0152663 -0.00720665 -0.022607 -0.0151938 0.0183439
internal_weight=26541.5 12927.7 13613.8 6402.68 7472.46 6525.03 5487.22 5680.94 3578.33 4233.43 3939.69 6141.29 2735.31 2824.97
internal_count=167250 64728 102522 35303 51120 29425 35578 25891 17920 19863 26335 51402 20857 13717
is_linear=0
shrinkage=0.035


Tree=22
num_leaves=15
num_cat=0
split_feature=17 21 23 17 3 21 23 17 11 21 22 21 12 23
split_gain=4069.8 827.025 735.011 681.249 535.522 392.083 241.184 319.762 230.744 207.365 187.786 180.438 155.012 153.311
threshold=0.035571094602346427 -0.017164681106805798 0.15058789402246478 0.057469366118311889 -0.10703493282198905 -0.037660010159015649 0.15924271941185 0.01888248231261969 0.21718776226043704 -0.10554360598325728 0.31738407909870153 0.088003512471914305 1.0097711086273196 0.13350772112607959
decision_type=2 2 2 2 2 2 2 2 2 2 2 2 2 2
left_child=1 8 -2 5 11 12 7 -6 -1 -5 -7 -3 -4 -10
right_child=2 4 3 9 6 10 -8 -9 13 -11 -12 -13 -14 -15
leaf_value=-0.029069058226661653 0.035444624633791125 0.0011974549175708246 0.003249511327411679 0.0065781590369093342 -0.023907525682151404 0.023336661293510922 -0.017011521830513878 0.0063831920890493445 0.0047992114961423289 0.026991429794733349 0.006310640783500728 0.020638256179343891 -0.013831773005101099 -0.018413836681727393
leaf_weight=3078.2281675860286 1812.5565146654844 1734.7733011841774 1179.5517553836107 769.87363682687283 581.00194393843412 1133.1649985611439 3509.9806683063507 1528.2555619850755 395.4649772644043 3067.0111851096153 2633.8442422747612 873.30745854228735 1433.3413450866938 2715.2719139531255
leaf_count=28365 8002 11069 6814 3557 4633 5409 25512 9421 2681 12999 13396 4795 9157 21440
internal_value=-6.9313e-05 -0.0126076 0.0149548 0.0112886 -0.00532594 0.00426665 -0.0114031 -0.00203393 -0.0222632 0.0229232 0.0114805 0.00776111 -0.00613769 -0.0154569
internal_weight=26445.6 14416.3 12029.3 10216.8 8227.32 6379.9 5619.24 2109.26 6188.97 3836.88 3767.01 2608.08 2612.89 3110.74
internal_count=167250 107916 59334 51332 55430 34776 39566 14054 52486 16556 18805 15864 15971 24121
is_linear=0
shrinkage=0.035


Tree=23
num_leaves=15
num_cat=0
split_feature=10 17 21 21 17 21 21 24 24 3 17 24 24 22
split_gain=3834.33 892.466 603.809 446.213 371.736 365.668 302.401 246.001 208.533 195.107 186.321 182.622 173.216 170.934
threshold=0.39907455444335943 0.04679082706570626 -0.047561954706907265 -0.014650785364210604 0.01888248231261969 -0.047924537211656563 0.088003512471914305 0.038397246971726424 0.0356238391250372 -0.67762821912765492 0.085665170103311553 0.037483181804418571 0.035685664042830474 0.25065520405769354
decision_type=2 2 2 2 2 2 2 2 2 2 2 2 2 2
left_child=2 3 -1 12 -4 9 8 -8 -6 -3 -7 -5 -2 -14
right_child=1 5 4 11 6 10 7 -9 -10 -11 -12 -13 13 -15
leaf_value=-0.025587956401789073 0.0024500035708414276 0.029793778308575943 -0.022976679994258727 0.015361551897835862 -0.0038642516752517165 0.02356903516404095 0.01603165437269927 -0.017246157540629085 -0.019276004166874482 0.005986905000208138 0.042136528038568426 -0.0042535992722295768 0.0037196110175566881 -0.020347473268084816
leaf_weight=4047.4662330821157 1619.6312848106027 516.971041187644 1798.4319865778089 3088.0779617726803 3038.9237886369228 3606.1953708678484 1189.8049050867558 343.03483758866787 1660.3765430673957 2152.3344961255789 832.5945366024971 711.15051562339067 504.59141885489225 1240.8052295967937
leaf_count=35752 9620 2263 14879 15170 21437 15801 6894 2528 12940 10731 3377 4025 3320 8513
internal_value=-7.00867e-05 0.0122081 -0.014577 0.00348186 -0.00900252 0.020986 -0.00493959 0.00852089 -0.00933897 0.0106916 0.0271387 0.0116884 -0.00579078 -0.0134082
internal_weight=26350.4 14272.4 12078 7164.26 8030.57 7108.1 6232.14 1532.84 4699.3 2669.31 4438.79 3799.23 3365.03 1745.4
internal_count=167250 72820 94430 40648 58678 32172 43799 9422 34377 12994 19178 19195 21453 11833
is_linear=0
shrinkage=0.035


Tree=24
num_leaves=15
num_cat=0
split_feature=10 8 23 21 21 11 23 24 22 20 3 22 22 21
split_gain=3596.36 918.513 601.363 551.201 477.12 325.113 434.962 276.704 257.648 246.217 241.179 194.91 150.81 132.469
threshold=0.38306824862957006 -0.5328056514263152 0.15058789402246478 -0.047924537211656563 0.036737985908985145 0.14194848388433459 0.17924155294895175 0.0356238391250372 0.29079861938953405 0.059742288663983352 -0.035436719655990594 0.43463306128978735 0.31738407909870153 -0.056625531986355775
decision_type=2 2 2 2 2 2 2 2 2 2 2 2 2 2
left_child=3 7 -3 -1 8 -5 10 13 -4 -9 -7 -6 -8 -2
right_child=1 2 4 5 11 6 12 9 -10 -11 -12 -13 -14 -15
leaf_value=-0.026416483668942631 0.021677170012351085 0.022666399391963382 0.0047645081959193786 -0.025032340249511172 0.029080555663680643 0.016407876109000161 -0.00495671024045264 0.0078856149707385997 -0.0096652185340474952 0.035341861860824109 -0.0042583840941247597 0.0082339162072949685 -0.020894797528667224 0.040872429711453939
leaf_weight=3604.7371739000082 716.17360402643681 2098.8889352232218 2624.4803507998586 1382.513376802206 741.03362248837948 1088.8807377070189 1137.6204835623503 1401.6606322154403 3563.1486117467284 554.80316087603569 1859.0999362841249 2098.1009844392538 2044.9078390449286 1340.4423406124115
leaf_count=32870 3316 9940 14792 11776 3326 6815 8603 6669 21670 2404 12573 10402 16397 5697
internal_value=-7.06051e-05 0.0110271 0.00583855 -0.0151783 0.00190501 -0.00975834 -0.00627869 0.0253612 -0.00354704 0.0158116 0.00340467 0.013758 -0.015231 0.0343253
internal_weight=26256.5 15138.7 11125.7 11117.8 9026.76 7513.02 6130.51 4013.08 6187.63 1956.46 2947.98 2839.13 3182.53 2056.62
internal_count=167250 78216 60130 89034 50190 56164 44388 18086 36462 9073 19388 13728 25000 9013
is_linear=0
shrinkage=0.035


Tree=25
num_leaves=15
num_cat=0
split_feature=17 21 17 23 21 24 11 24 23 22 22 20 3 22
split_gain=3408.11 722.828 639.322 570.296 422.272 402.204 338.293 328.658 257.603 252.973 212.457 234.793 187.141 157.063
threshold=0.034740684553980834 0.086410630494356169 0.069093093276023879 0.15058789402246478 0.036737985908985145 0.0356238391250372 0.21304056793451312 0.037483181804418571 0.24541131407022479 0.29079861938953405 0.31738407909870153 0.059742288663983352 -0.035436719655990594 0.43463306128978735
decision_type=2 2 2 2 2 2 2 2 2 2 2 2 2 2
left_child=1 5 3 -2 9 6 -1 12 -8 -5 11 -7 -3 -6
right_child=2 7 -4 4 13 10 8 -9 -10 -11 -12 -13 -14 -15
leaf_value=-0.018211945810985113 0.028429214626440564 0.021641317015183969 0.028567381731110186 0.0084304204198241833 0.033022734163557228 -0.018589561056561961 0.0021458024412513155 -0.015757587201422254 -0.028436225489330502 -0.0058440737351392888 -0.028984965628799098 0.022966431080787299 0.00087693623115685031 0.012439107486749116
leaf_weight=3388.1965549811721 1557.3850126639009 968.03928539156914 2584.6080410480499 2768.1657842099667 628.7892524600029 900.47329679876566 2523.3618454784155 805.53811686486006 379.30336428433657 3350.6050096526742 3293.5140678212047 194.89394821971655 1167.0278799459338 1658.2317330688238
leaf_count=28937 6968 5251 10788 14653 2636 8110 16752 5928 3052 19291 28475 1256 7458 7695
internal_value=-7.02297e-05 -0.0121895 0.0130842 0.00904294 0.00542164 -0.016417 -0.0107163 0.00316793 -0.00193439 0.000617005 -0.0245453 -0.0110548 0.0103485 0.0182175
internal_weight=26168.1 13620.3 12547.8 9963.18 8405.79 10679.7 6290.86 2940.61 2902.67 6118.77 4388.88 1095.37 2135.07 2287.02
internal_count=167250 105219 62031 51243 44275 86582 48741 18637 19804 33944 37841 9366 12709 10331
is_linear=0
shrinkage=0.035


Tree=26
num_leaves=15
num_cat=0
split_feature=17 21 8 23 17 10 23 11 21 23 22 22 23 12
split_gain=3213.52 889.664 658.771 487.102 348.812 342.336 373.419 327.69 280.001 190.725 211.997 178.516 131.569 125.536
threshold=0.041332822293043144 -0.017164681106805798 -0.32219547033309931 0.15058789402246478 0.085665170103311553 0.23823744803667071 0.17748750001192096 0.21718776226043704 -0.037660010159015649 0.13085953146219256 0.2154868766665459 0.31738407909870153 0.2665951550006867 1.0597913265228274
decision_type=2 2 2 2 2 2 2 2 2 2 2 2 2 2
left_child=1 7 12 -2 8 -4 -7 -1 13 -9 -11 -10 -3 -5
right_child=3 2 5 4 -6 6 -8 9 11 10 -12 -13 -14 -15
leaf_value=-0.027560362387278037 0.036521669530377103 0.020899637113614797 -0.021473044404918144 0.0088761149659424467 0.03154544813473166 0.0057446293919729656 -0.010973995740875625 0.009458054314188365 0.027050946364108281 -0.0027158135464376868 -0.020309349366970188 0.011123987990476399 -0.018663444789515413 -0.005548697177669387
leaf_weight=2896.2707506865263 1274.3357715904713 1495.118067137897 1473.9561731442809 1570.265796482563 1092.5937064886093 3177.7465877085924 3354.4024309515953 436.57759475708008 1289.7628161609173 1228.8908996731043 2657.8980169892311 2645.632810279727 102.97178017348051 1379.1761950999498
leaf_count=28622 5357 7902 12466 7995 4482 18409 23397 2700 5539 9204 20737 12203 661 7576
internal_value=-7.05423e-05 -0.00918077 -0.00219733 0.0164879 0.013246 -0.00629652 -0.0028444 -0.0184549 0.0103004 -0.0123055 -0.014768 0.0163991 0.0182502 0.00213503
internal_weight=26075.6 16823.8 9604.2 9251.77 7977.43 8006.11 6532.15 7219.64 6884.84 4323.37 3886.79 3935.4 1598.09 2949.44
internal_count=167250 124098 62835 43152 37795 54272 41806 61263 33313 32641 29941 17742 8563 15571
is_linear=0
shrinkage=0.035


Tree=27
num_leaves=15
num_cat=0
split_feature=10 17 21 21 23 17 23 17 24 21 20 21 24 22
split_gain=3018.91 802.85 516.381 399.615 380.887 305.01 387.592 260.264 225.194 218.877 162.575 148.045 128.01 165.183
threshold=0.38306824862957006 0.045234506949782378 -0.047924537211656563 -0.017164681106805798 0.15058789402246478 0.01888248231261969 0.17924155294895175 0.085665170103311553 0.037889750674366958 0.036737985908985145 -0.05719425901770591 0.088003512471914305 0.033703889697790153 0.25065520405769354
decision_type=2 2 2 2 2 2 2 2 2 2 2 2 2 2
left_child=2 3 -1 12 -3 -4 11 9 10 -6 -5 -7 -2 -14
right_child=1 4 5 8 7 6 -8 -9 -10 -11 -12 -13 13 -15
leaf_value=-0.025426216965773442 0.004661972792537686 0.037730279876005815 -0.02183905705012356 -0.0016525137568300791 0.0076371461598429037 -0.0017273036686586915 -0.014136468254763368 0.030361272729271263 -0.0088549310135360507 0.023517224052934216 0.016464736692596019 0.015055234739190751 0.0021907154740082365 -0.01750371996562437
leaf_weight=3429.645262606442 797.8108883947134 1022.1599242687225 1718.9234042093158 775.29861319810152 4169.8157675862312 1821.7728270292282 2830.1258948221803 1095.8057577610016 723.00672078132629 1425.7630656212568 2752.6692334413528 984.39490642398596 751.32136010378599 1681.8350478187203
leaf_count=32870 4589 4237 14990 4281 20223 12677 22802 4482 4398 5958 13187 5695 4961 11900
internal_value=-7.05942e-05 0.00997817 -0.0142251 0.00180442 0.0178939 -0.0089747 -0.00501967 0.014812 0.00884731 0.0117182 0.0124899 0.00419251 -0.0074606 -0.0114383
internal_weight=25980.3 15195.5 10784.9 7481.94 7713.54 7355.22 5636.29 6691.38 4250.97 5595.58 3527.97 2806.17 3230.97 2433.16
internal_count=167250 78216 89034 43316 34900 56164 41174 30663 21866 26181 17468 18372 21450 16861
is_linear=0
shrinkage=0.035


Tree=28
num_leaves=15
num_cat=0
split_feature=10 8 23 24 20 22 20 24 23 20 10 3 23 24
split_gain=2829.53 754.549 441.742 375.214 366.319 401.23 265.839 256.702 256.074 236.856 193.484 137.135 133.132 86.0085
threshold=0.38306824862957006 -0.50683027505874623 0.15058789402246478 0.037677077576518066 0.059742288663983352 0.60064271092414867 0.10666488111019136 0.0356238391250372 0.13085953146219256 0.059742288663983352 0.54741662740707409 -0.011708968784660099 0.13085953146219256 0.037483181804418571
decision_type=2 2 2 2 2 2 2 2 2 2 2 2 2 2
left_child=3 7 -3 4 5 8 10 12 -1 -9 -4 -6 -2 -11
right_child=1 2 6 -5 11 -7 -8 9 -10 13 -12 -13 -14 -15
leaf_value=-0.0034601265794614237 0.049924715712512321 0.019031858096130026 -0.0055686243812727758 -0.027887166884290295 0.018370582870929002 0.014333573097111059 0.020695808926816953 0.0055344213556655017 -0.019380267275558496 0.046176872520264922 0.0055452846665816251 -0.0066236918436856276 0.025927412025195162 0.0191956994355558
leaf_weight=1604.5204076692462 340.35632814466953 2062.332072019577 4546.6268419697881 1915.5130295306444 642.78765616565943 579.06340298056602 757.18130810558796 1571.8267997354269 5477.6399358808994 259.05904041230679 3305.000671364367 450.3021035566926 2000.5529072731733 370.43863650411367
leaf_count=12634 1430 9620 28632 17728 4080 3860 3378 7517 47525 1054 16086 3207 8824 1675
internal_value=-7.03349e-05 0.00961861 0.00452445 -0.0138812 -0.0107883 -0.0134913 0.00103099 0.0215502 -0.0157834 0.0128799 -0.000889322 0.0081074 0.029614 0.0308478
internal_weight=25883.2 15213.4 10671.1 10669.8 8754.31 7661.22 8608.81 4542.23 7082.16 2201.32 7851.63 1093.09 2340.91 629.498
internal_count=167250 78216 57716 89034 71306 64019 48096 20500 60159 10246 44718 7287 10254 2729
is_linear=0
shrinkage=0.035


Tree=29
num_leaves=15
num_cat=0
split_feature=17 21 21 8 3 23 3 24 21 24 20 24 20 23
split_gain=2689.27 604.508 594.129 415.627 375.476 309.734 302.191 206.637 170.758 159.305 161.769 149.447 232.008 118.683
threshold=0.032579096034169204 -0.056625531986355775 -0.017164681106805798 -0.50683027505874623 -0.08265542238950728 0.17924155294895175 -0.42884102463722223 0.037889750674366958 0.088003512471914305 0.0356238391250372 0.059742288663983352 0.037483181804418571 -0.05719425901770591 0.33515524864196783
decision_type=2 2 2 2 2 2 2 2 2 2 2 2 2 2
left_child=2 6 -1 9 11 -5 -2 8 -6 -3 -11 12 -4 -7
right_child=1 3 4 5 7 13 -8 -9 -10 10 -12 -13 -14 -15
leaf_value=-0.021603280444781818 0.013450339597977401 0.034686616798693538 -0.013923306901080439 0.019862155086348358 -0.012975785606974247 0.002708978686195625 -0.0056288540815965949 -0.028492760110267586 0.0031423262054353163 0.0069778049623707167 0.032542310689046824 -0.011297632084263726 0.015819670069252115 0.031548697121687633
leaf_weight=4871.0148963779211 1465.2727131545544 1513.9688510373235 396.17507699877024 2642.9216171577573 2784.32254447788 3503.4403725787997 3263.394244171679 735.49983723461628 1126.3650965243578 742.96410864591599 510.92579518258572 516.12497524172068 1551.5845185220242 174.18174270540476
leaf_count=46660 7000 6395 2854 11834 21280 18579 19769 6319 7199 3427 2153 3716 9100 965
internal_value=-6.83612e-05 0.010451 -0.0121983 0.0157268 -0.00573373 0.0107449 0.000299126 -0.0115822 -0.00833724 0.0270235 0.0175697 0.00529713 0.00972972 0.00415675
internal_weight=25798.2 13817.1 11981.1 9088.4 7110.07 6320.54 4728.67 4646.19 3910.69 2767.86 1253.89 2463.88 1947.76 3677.62
internal_count=167250 70122 97128 43353 50468 31378 26769 34798 28479 11975 5580 15670 11954 19544
is_linear=0
shrinkage=0.035


Tree=30
num_leaves=15
num_cat=0
split_feature=17 21 17 21 3 17 21 24 24 22 11 21 24 11
split_gain=2516.98 570.208 563.284 394.415 352.646 247.003 222.833 199.624 173.853 172.635 168.456 150.114 163.147 150.018
threshold=0.032579096034169204 -0.017164681106805798 0.050327681005001075 -0.056625531986355775 -0.08265542238950728 0.10721593350172044 0.086410630494356169 0.037889750674366958 0.0356238391250372 0.2154868766665459 0.14194848388433459 0.086410630494356169 0.0356238391250372 0.21718776226043704
decision_type=2 2 2 2 2 2 2 2 2 2 2 2 2 2
left_child=1 13 3 9 -3 6 8 10 -4 -2 -6 12 -5 -1
right_child=2 4 5 11 7 -7 -8 -9 -10 -11 -12 -13 -14 -15
leaf_value=-0.026862186405402395 0.0055868486550216109 0.0050968701500965479 0.019253198027687591 0.011369005990142166 -0.022426629639412797 0.037969161031121058 0.032149896287008414 -0.028080856173608084 0.0057512562558352642 -0.014121392566002488 -0.0043828278529235622 0.019305059773803805 -0.0033754579443897813 -0.014299798560170222
leaf_weight=2615.7261466011405 797.94000042974949 2469.4342122077942 2311.9821717888117 2369.3488894030452 789.26698579639196 666.15251208841801 824.47064048051834 720.5805045440793 2375.6405154764652 1674.2020141854882 3099.3610615879297 1328.7763067781925 1492.0546727329493 2176.0552257746458
leaf_count=27845 5005 15670 9824 11800 7016 2697 3346 6319 11103 11347 21463 6011 8989 18815
internal_value=-6.76489e-05 -0.0118871 0.0100706 0.00372201 -0.00556251 0.0179255 0.0154387 -0.0112721 0.0124374 -0.00776323 -0.00809327 0.00919696 0.00567771 -0.021199
internal_weight=25711 11870.4 13840.6 7662.32 7078.64 6178.25 5512.09 4609.21 4687.62 2472.14 3888.63 5190.18 3861.4 4791.78
internal_count=167250 97128 70122 43152 50468 26970 24273 34798 20927 16352 28479 26800 20789 46660
is_linear=0
shrinkage=0.035


Tree=31
num_leaves=15
num_cat=0
split_feature=10 17 24 23 20 22 23 24 20 17 17 8 10 23
split_gain=2371.03 634.917 352.568 327.662 325.938 367.701 322.974 253.535 264.977 223.567 207.27 170.331 151.479 141.449
threshold=0.38306824862957006 0.045234506949782378 0.037677077576518066 0.23850326985120776 0.059742288663983352 0.48759272694587713 0.15058789402246478 0.0356238391250372 0.059742288663983352 0.085665170103311553 0.01888248231261969 -0.40393109619617457 0.2840267419815064 0.29939925670623785
decision_type=2 2 2 2 2 2 2 2 2 2 2 2 2 2
left_child=2 3 4 7 5 12 -3 11 -9 -8 -7 -2 -1 -5
right_child=1 6 -4 13 -6 10 9 8 -10 -11 -12 -13 -14 -15
leaf_value=-0.024754429013136747 0.024097448857007275 0.033964536138396541 -0.026929663944821113 -0.021705185263003433 0.007788288420246107 -0.019313021783589412 0.010050729461622557 -0.016235979749433339 0.0071585124206303393 0.027291258881001892 0.0038694038330699854 0.0065150848680867986 -0.012348331701047459 0.00029231943696320285
leaf_weight=2292.0303997546434 892.75395914912224 1024.1485982835293 1820.0193755254149 911.84560968726873 1096.6074660047889 614.62385933846235 5645.7395339012146 1105.8431846424937 1257.1639765799046 1098.686424151063 1930.2319106310606 2726.1311618313193 2617.7782531902194 585.10946134477854
leaf_count=23367 4411 4237 17728 6259 7287 5315 26181 7480 6809 4482 12690 14416 22647 3941
internal_value=-6.74059e-05 0.0087122 -0.0129708 0.00142873 -0.00997181 -0.0125913 0.0157132 0.00509595 -0.00381196 0.0128955 -0.00178321 0.010907 -0.0181784 -0.0131622
internal_weight=25618.7 15247.4 10371.3 7478.85 8551.27 7454.66 7768.57 5981.89 2363.01 6744.43 2544.86 3618.89 4909.81 1496.96
internal_count=167250 78216 89034 43316 71306 64019 34900 33116 14289 30663 18005 18827 46014 10200
is_linear=0
shrinkage=0.035


Tree=32
num_leaves=15
num_cat=0
split_feature=17 21 21 8 24 23 3 3 24 23 22 21 10 24
split_gain=2223.4 536.735 519.713 365.417 313.788 263.947 258.498 258.294 235.043 226.768 184.895 182.578 149.803 148.32
threshold=0.032579096034169204 0.086410630494356169 -0.056625531986355775 -0.50683027505874623 0.0356238391250372 0.15924271941185 -0.08265542238950728 -0.42884102463722223 0.037483181804418571 0.24541131407022479 0.31738407909870153 -0.033373324200510972 0.22471404075622561 0.037241810932755477
decision_type=2 2 2 2 2 2 2 2 2 2 2 2 2 2
left_child=1 4 7 -4 6 -5 9 -2 13 -1 11 -6 -8 -3
right_child=2 8 3 5 10 -7 12 -9 -10 -11 -12 -13 -14 -15
leaf_value=0.0065666949438642278 0.01205978970970306 0.0051918685290863516 0.024849697204178654 0.022352376687299617 -0.019387054414674084 0.0056182108195838012 -0.027993845690427486 -0.0055392251075117955 -0.01485233086510398 -0.028089832583072082 -0.028018247222781699 0.015197504270279426 -0.011305353934127927 0.035777740991431217
leaf_weight=1460.0720593035221 1478.4329138249159 1770.1844677776098 2778.4607237875462 1510.339468061924 640.97440891712904 4847.6882492601871 863.66770586371422 3247.0750322714448 701.88061713427305 264.48176634311676 2690.0513772293925 253.82657785713673 2814.6266009509563 208.99289548397064
leaf_count=10847 7000 10770 11975 6593 6444 24785 8819 19769 5596 2481 26165 1930 22950 1126
internal_value=-6.76928e-05 -0.0113201 0.00940569 0.0142751 -0.0154161 0.00962224 -0.0100589 -1.93187e-05 0.00241707 0.00112038 -0.0234395 -0.00951698 -0.0152891 0.00858523
internal_weight=25530.8 11668.8 13862 9136.49 8987.7 6358.03 5402.85 4725.51 2681.06 1724.55 3584.85 894.801 3678.29 1979.18
internal_count=167250 97128 70122 43353 79636 31378 45097 26769 17492 13328 34539 8374 31769 11896
is_linear=0
shrinkage=0.035


Tree=33
num_leaves=15
num_cat=0
split_feature=10 8 21 21 23 11 23 24 23 20 15 22 8 22
split_gain=2104.32 557.656 454.429 412.534 353.557 282.327 309.921 185.649 176.142 146.829 140.809 122.043 117.76 111.247
threshold=0.38306824862957006 -0.56176775693893422 -0.047924537211656563 0.086410630494356169 0.13085953146219256 0.14194848388433459 0.17924155294895175 0.0356238391250372 0.33515524864196783 0.059742288663983352 19.041307449340824 0.31738407909870153 -0.2901345938444137 0.2154868766665459
decision_type=2 2 2 2 2 2 2 2 2 2 2 2 2 2
left_child=2 7 13 4 -3 -4 10 -2 -6 -9 -7 -8 -5 -1
right_child=1 3 5 12 8 6 11 9 -10 -11 -12 -13 -14 -15
leaf_value=-0.010042581336259612 0.027995908580307972 0.020755201168336623 -0.022555948248455974 0.026534486739611288 -0.002007140160366769 0.0073149652285949699 -0.0029014826105121473 0.0055423060961472459 0.032434336048923436 0.028114286156579189 -0.013201095719294094 -0.01773651261182518 0.010644020324749325 -0.026795304364162789
leaf_weight=622.69050849229097 1832.6825059354305 992.80851463228464 1239.0699347928166 1002.4190915077925 8153.854065194726 2425.153522990644 1083.4532475098968 1258.2454566434026 176.06002440303564 484.56067127734423 483.24045694619417 1831.7847928255796 1366.2149331122637 2496.5243225842714
leaf_count=6360 7778 4565 11776 4355 46393 16064 8603 5755 902 2053 3324 16397 6415 26510
internal_value=-6.80751e-05 0.00814929 -0.0123852 0.00444177 0.00112103 -0.00745284 -0.00420625 0.0202262 -0.00124117 0.0119427 0.00387259 -0.0122518 0.0174522 -0.0234937
internal_weight=25448.8 15266.8 10181.9 11691.4 9322.72 7062.7 5823.63 3575.49 8329.91 1742.81 2908.39 2915.24 2368.63 3119.21
internal_count=167250 78216 89034 62630 51860 56164 44388 15586 47295 7808 19388 25000 10770 32870
is_linear=0
shrinkage=0.035


Tree=34
num_leaves=15
num_cat=0
split_feature=17 21 8 23 24 21 11 17 21 23 22 22 23 22
split_gain=1992.49 649.404 490.312 339.348 296.203 297.289 277.92 253.305 193.324 154.804 192.007 121.033 92.7683 85.8902
threshold=0.041332822293043144 -0.017164681106805798 -0.33379600942134852 0.15058789402246478 0.037889750674366958 0.088003512471914305 0.21718776226043704 0.075507391244173064 0.036737985908985145 0.13085953146219256 0.2154868766665459 0.29079861938953405 0.2665951550006867 0.43463306128978735
decision_type=2 2 2 2 2 2 2 2 2 2 2 2 2 2
left_child=1 6 12 -2 5 -4 -1 8 11 -8 -11 -5 -3 -10
right_child=3 2 4 7 -6 -7 9 -9 13 10 -12 -13 -14 -15
leaf_value=-0.025098729840609995 0.029408189556337189 0.019016094861056494 -0.0071196903951975662 0.0091735726519799332 -0.020584284396417435 0.0088368743790710504 0.0093006444636241411 0.022216631595185533 0.029396574748732272 -0.0010329746916901059 -0.018183118971347986 -0.002008554962297536 -0.01604599134433856 0.011848573825977048
leaf_weight=2521.3286065384746 1283.6586145460606 1390.0284462943673 4584.1613328903913 2232.6554575562477 1263.3992721065879 2067.3445656374097 434.21156942099333 1660.382970765233 485.19603034853935 1183.1078603863716 2465.6318571791053 2509.8589262217283 91.580248281359673 1196.2879494726658
leaf_count=28622 5357 7140 32799 10698 10506 11787 2700 6833 1946 9204 20737 13175 603 5143
internal_value=-6.71157e-05 -0.00757111 -0.00165531 0.0127443 -0.00511852 -0.00215443 -0.0159728 0.0100653 0.0068949 -0.0102898 -0.0126402 0.00326393 0.0167558 0.0170559
internal_weight=25368.8 16000.8 9396.51 9368.04 7914.91 6651.51 6604.28 8084.38 6424 4082.95 3648.74 4742.51 1481.61 1681.48
internal_count=167250 124098 62835 43152 55092 44586 61263 37795 30962 32641 29941 23873 7743 7089
is_linear=0
shrinkage=0.035


Tree=35
num_leaves=15
num_cat=0
split_feature=11 21 21 17 3 17 24 10 24 21 20 20 21 15
split_gain=1881.46 485.719 484.496 276.944 255.51 224.58 197.326 158.982 118.345 122.814 117.009 167.153 135.187 111.104
threshold=0.27274246513843542 0.036737985908985145 -0.047561954706907265 0.057469366118311889 -0.42884102463722223 0.020811253227293495 0.0356238391250372 0.2840267419815064 0.037889750674366958 0.088003512471914305 -0.05719425901770591 0.0072473371401429185 0.031130155548453334 17.854388236999515
decision_type=2 2 2 2 2 2 2 2 2 2 2 2 2 2
left_child=1 6 4 10 -2 -3 7 -1 9 -7 12 -12 -4 -6
right_child=2 5 3 -5 13 8 -8 -9 -10 -11 11 -13 -14 -15
leaf_value=-0.019524529856159586 0.011421852207755327 -0.013756732015724339 -0.0049529114988562913 0.022941520417313805 -0.00096934426273259059 -0.0011107390789639683 -0.024215462969625789 -0.0050684302087611816 -0.012252277205627191 0.013828832265883856 0.021778372641218968 0.0075275266476609766 0.01865040721882644 -0.014064414836447946
leaf_weight=1735.4372236132622 1668.6609632149339 1413.1719985455275 1163.8941856473684 2624.2489595711231 2560.5595563948154 1436.7667109668255 2719.5266246199608 2020.2702351659536 516.69727231562138 1257.54511064291 1487.1814087331295 3146.3512128889561 388.07695585489273 1141.2945310920477
leaf_count=18059 7931 12036 6618 10795 15614 9265 28605 15915 4026 6524 7183 15395 1724 7560
internal_value=-6.63027e-05 -0.0108535 0.0083789 0.0134255 9.09534e-05 -0.00218156 -0.0170334 -0.0117824 0.00293959 0.00588752 0.00935772 0.0121385 0.00103082 -0.00503361
internal_weight=25279.7 11099.4 14180.3 8809.75 5370.52 4624.18 6475.23 3755.71 3211.01 2694.31 6185.5 4633.53 1551.97 3701.85
internal_count=167250 94430 72820 41715 31105 31851 62579 33974 19815 15789 30920 22578 8342 23174
is_linear=0
shrinkage=0.035


Tree=36
num_leaves=15
num_cat=0
split_feature=17 21 23 21 11 3 24 10 10 12 11 20 24 8
split_gain=1771.59 466.224 436.546 427.028 377.868 300.694 170.333 155.427 148.111 147.938 136.076 122.282 172.612 106.433
threshold=0.032579096034169204 -0.017164681106805798 0.13085953146219256 0.086410630494356169 0.4474292546510697 -0.08265542238950728 0.037889750674366958 0.23143345117568973 1.3854649066925051 1.0597913265228274 0.21718776226043704 -0.05719425901770591 0.037483181804418571 -0.30037538707256312
decision_type=2 2 2 2 2 2 2 2 2 2 2 2 2 2
left_child=1 10 13 4 9 11 7 -7 -6 -4 -1 -3 -13 -2
right_child=2 5 3 -5 8 6 -8 -9 -10 -11 -12 12 -14 -15
leaf_value=-0.024984340684771306 0.03556442370116758 -0.012771051512620223 0.0026484521265995953 0.021029131243170868 0.0091483102960427734 -0.020181238083140509 -0.026356607330425247 -0.0033066218546740794 0.030614355512707116 -0.0082283210181558694 -0.012555912678089124 0.014164037499926081 -0.0094231696086680694 0.01556381942447888
leaf_weight=2349.0378313437104 771.57146106660366 382.78154553472996 3489.0643509030342 1998.219163402915 3869.9942947179079 858.08650387823582 659.66821474581957 2934.7341110706329 431.69056281447411 2715.8873667865992 2061.6472150310874 1578.1290150806308 491.88733480125666 604.32936373353004
leaf_count=27845 3299 2854 19844 8621 17194 8103 6319 20376 1749 16707 18815 9100 3716 2708
internal_value=-6.60311e-05 -0.0103398 0.00831082 0.00623948 0.00340937 -0.00465023 -0.0100631 -0.00716736 0.0113685 -0.00211786 -0.0192166 0.00517652 0.00854077 0.0269554
internal_weight=25196.7 11316 13880.8 12504.9 10506.6 6905.29 4452.49 3792.82 4301.68 6204.95 4410.69 2452.8 2070.02 1375.9
internal_count=167250 97128 70122 64115 55494 50468 34798 28479 18943 36551 46660 15670 12816 6007
is_linear=0
shrinkage=0.035


Tree=37
num_leaves=15
num_cat=0
split_feature=17 21 8 23 11 24 21 17 21 23 22 20 22 21
split_gain=1672.11 590.391 454.327 280.19 263.71 257.939 240.266 203.832 168.985 149.65 191.787 111.987 111.346 98.8641
threshold=0.042577477172017104 -0.017164681106805798 -0.32219547033309931 0.15058789402246478 0.21718776226043704 0.037889750674366958 0.088003512471914305 0.10721593350172044 0.086410630494356169 0.13350772112607959 0.25065520405769354 -0.05719425901770591 0.43463306128978735 -0.10063671320676802
decision_type=2 2 2 2 2 2 2 2 2 2 2 2 2 2
left_child=1 4 11 -2 -1 6 -4 8 13 -6 -11 -3 -13 -5
right_child=3 2 5 7 9 -7 -8 -9 -10 10 -12 12 -14 -15
leaf_value=-0.02405626939177706 0.027827702304631559 -0.00046764072622180119 -0.0065693313210083886 -0.0019068403246089315 0.0074082894741627466 -0.01945697020099079 0.0077924697813306154 0.030327898008394659 0.021376820910368272 -0.002418829415871513 -0.018621242013190865 0.035025876637435532 0.012894652403294925 0.0084052467177912257
leaf_weight=2385.9946943745017 1198.307417139411 441.83968580514193 4523.5533563569188 1503.5309005081654 551.42724814265966 1229.5765348374844 2072.8323332518339 534.50559592247009 996.61038956046104 1513.5927852466702 2191.5345572829247 403.74812793731689 921.2321343049407 4644.5743352547288
leaf_count=28636 4996 2597 32639 7680 3500 10524 11746 2172 4096 11807 18815 1955 4576 21511
internal_value=-6.56357e-05 -0.00674298 -0.00118527 0.0121398 -0.0147553 -0.00480738 -0.00205135 0.0096588 0.00807229 -0.00949745 -0.0120267 0.0147953 0.0198503 0.0058844
internal_weight=25112.9 16235.3 9592.78 8877.53 6642.55 7825.96 6596.39 7679.22 7144.72 4256.55 3705.13 1766.82 1324.98 6148.11
internal_count=167250 126795 64037 40455 62758 54909 44385 35459 33287 34122 30622 9128 6531 29191
is_linear=0
shrinkage=0.035


Tree=38
num_leaves=15
num_cat=0
split_feature=17 21 21 8 3 23 3 24 15 24 20 20 22 17
split_gain=1572.98 426.147 394.422 280.151 275.744 212.137 189.55 158.182 124.571 122.593 115.189 112.012 158.887 110.573
threshold=0.032579096034169204 -0.017164681106805798 -0.056625531986355775 -0.5328056514263152 -0.08265542238950728 0.17924155294895175 -0.42884102463722223 0.037889750674366958 19.041307449340824 0.0356238391250372 0.059742288663983352 -0.05719425901770591 0.43463306128978735 0.026049184612929824
decision_type=2 2 2 2 2 2 2 2 2 2 2 2 2 2
left_child=1 13 6 9 11 -5 -2 8 -6 -4 -11 -3 -13 -1
right_child=2 4 3 5 7 -7 -8 -9 -10 10 -12 12 -14 -15
leaf_value=-0.023239823121911713 0.0098002471982859447 -0.012338784300036652 0.029214316760985889 0.015628330434708997 -0.0037295380944182568 0.0029974380675378805 -0.0052341812027312303 -0.025665303490000933 -0.019715763300480235 0.0041531145398084881 0.026870061043076494 0.023609685204086607 0.0021014209614173772 -0.011712630596472205
leaf_weight=2508.4309584721923 1498.5084093287587 378.57179129123688 1343.6666877567768 2791.9490345865488 3031.6669936999679 3905.1609963998199 3210.2625008150935 637.39652419835329 735.84871437400579 679.27934636920691 452.76255082339048 575.68920555710793 1502.0975681319833 1776.3823277205229
leaf_count=29318 7000 2854 5621 12276 22530 20516 19769 6319 5949 3043 1897 3255 9561 17342
internal_value=-6.42088e-05 -0.00985155 0.00779588 0.0120191 -0.00443202 0.00827856 -0.00043903 -0.00966375 -0.0068958 0.0220636 0.0133945 0.00495102 0.00814522 -0.0184993
internal_weight=25027.7 11146.1 13881.6 9172.82 6861.27 6697.11 4708.77 4404.91 3767.52 2475.71 1132.04 2456.36 2077.79 4284.81
internal_count=167250 97128 70122 43353 50468 32792 26769 34798 28479 10561 4940 15670 12816 46660
is_linear=0
shrinkage=0.035


Tree=39
num_leaves=15
num_cat=0
split_feature=11 21 17 21 23 17 23 21 3 10 7 17 21 11
split_gain=1502.1 420.21 410.689 357.163 248.571 293.825 247.386 179.297 146.217 108.781 105.557 98.97 77.1822 69.0408
threshold=0.26098705828189855 -0.047924537211656563 0.069093093276023879 -0.047561954706907265 0.17924155294895175 0.01888248231261969 0.13085953146219256 0.086410630494356169 -0.035436719655990594 0.50342997908592235 -0.12671256810426709 0.10721593350172044 -0.047924537211656563 0.17750225961208346
decision_type=2 2 2 2 2 2 2 2 2 2 2 2 2 2
left_child=1 -1 3 9 5 -3 10 -8 -7 -2 -5 12 -4 -6
right_child=2 4 11 6 13 8 7 -9 -10 -11 -12 -13 -14 -15
leaf_value=-0.022728390159804344 -0.0095756973425003139 -0.018205257560180939 0.0071844211434251397 0.032364734256745485 -0.020490704291342116 0.014104966704792353 0.0028750902183246863 0.015567870111890748 -0.0013621498919904297 0.0013373978613786123 0.0079446478142684678 0.031344309689113108 0.021413650330486426 -0.0097471747290359401
leaf_weight=2576.2996145188808 2022.4728662222624 884.56692355126143 820.62344746291637 697.35907837748528 1112.1252471357584 1195.5918281525373 4979.1133210137486 1870.6741458401084 1971.5667096078396 2484.5829870179296 324.31633158028126 654.95524156093597 1119.971683293581 2235.0403558388352
leaf_count=30050 15541 8385 3477 3070 11580 6966 25899 8339 13251 13167 1418 2697 4608 18802
internal_value=-6.35416e-05 -0.0105795 0.00694421 0.00428184 -0.00632431 -0.000487522 0.00877651 0.00635912 0.00450265 -0.00357005 0.0247651 0.0195763 0.0154642 -0.0133672
internal_weight=24949.3 9975.19 14974.1 12378.5 7398.89 4051.73 7871.46 6849.79 3167.16 4507.06 1021.68 2595.55 1940.6 3347.17
internal_count=167250 89034 78216 67434 58984 28602 38726 34238 20217 28708 4488 10782 8085 30382
is_linear=0
shrinkage=0.035


Tree=40
num_leaves=15
num_cat=0
split_feature=11 21 8 21 17 23 23 24 21 20 12 23 23 20
split_gain=1407.29 404.255 394.315 320.148 236.669 330.581 170.798 163.19 120.117 117.499 107.208 106.221 84.7861 78.9439
threshold=0.26098705828189855 -0.047924537211656563 -0.56176775693893422 -0.034622838720679276 0.019393950700759891 0.15924271941185 0.17924155294895175 0.0356238391250372 0.036737985908985145 0.059742288663983352 0.92431217432022106 0.18261452019214633 0.13350772112607959 0.027253079228103164
decision_type=2 2 2 2 2 2 2 2 2 2 2 2 2 2
left_child=1 -1 7 10 -3 -6 13 -2 -7 -9 -4 -8 -12 -5
right_child=2 4 3 6 5 8 11 9 -10 -11 12 -13 -14 -15
leaf_value=-0.022347384331261568 0.024043426885585726 -0.017603587773179066 0.003219669397210342 0.021592622842864617 0.0094005933414035535 -0.015114263216552105 -0.012747450016472168 0.0034272368256310581 -0.0026856171468056778 0.023599897030322434 0.013722197039256751 0.0054934492636314405 -0.0097067468171691627 0.0097513906257504224
leaf_weight=2529.5206858515739 1843.3066599592566 1687.8179372176528 1648.9260438084602 1187.735589876771 1852.2445777133107 1804.0625544413924 428.71325585246086 1273.3130511119962 2017.0015371143818 482.12737452983856 195.43166474997997 3622.9436145052314 2588.7812446206808 1703.7244786769152
leaf_count=30050 7836 16727 10443 5281 11679 16736 2456 5778 13842 2048 995 18777 17068 7534
internal_value=-6.23123e-05 -0.0103019 0.00670304 0.00350184 -0.00613793 -0.00270191 0.0081889 0.0167848 -0.00857777 0.0090699 -0.00384088 0.00353671 -0.00801898 0.0146731
internal_weight=24865.7 9890.65 14975 11376.3 7361.13 5673.31 6943.12 3598.75 3821.06 1755.44 4433.14 4051.66 2784.21 2891.46
internal_count=167250 89034 78216 62554 58984 42257 34048 15662 30578 7826 28506 21233 18063 12815
is_linear=0
shrinkage=0.035


Tree=41
num_leaves=15
num_cat=0
split_feature=17 17 3 24 20 24 22 17 20 22 20 24 20 24
split_gain=1339.08 420.183 288.74 225.117 199.731 190.917 185.44 180.644 170.112 168.779 193.841 168.055 161.837 128.061
threshold=0.028981529176235202 0.048452220857143409 -0.035436719655990594 0.0356238391250372 0.092776276171207442 0.037677077576518066 0.25065520405769354 0.10721593350172044 0.059742288663983352 0.40993298590183264 0.038012521341443069 0.0356238391250372 0.068957839161157622 0.033361051231622703
decision_type=2 2 2 2 2 2 2 2 2 2 2 2 2 2
left_child=2 3 5 9 6 8 -5 13 11 12 -11 -1 -2 -3
right_child=1 7 -4 4 -6 -7 -8 -9 -10 10 -12 -13 -14 -15
leaf_value=0.0011211579414591125 -0.0042624291026272685 0.02327440038411047 -0.016424543640302755 0.0065769746719215724 0.0084708544327436446 -0.020856578141019006 -0.013990461896123735 0.030015949667099851 0.015086383585455637 0.016489949021410103 -0.0091969975124395059 -0.020277963106346913 0.019163533288524402 0.0086193626021210511
leaf_weight=1729.4377676844597 2163.190216422081 845.14463667571545 5103.8940078094602 684.28563922643661 1005.830576017499 633.34980691224337 2401.8491155430675 650.73832210898399 704.03253188729286 2164.1465187445283 424.5280465260148 597.03797922283411 423.28878600895405 5259.0614145770669
leaf_count=14129 13894 3484 49695 4928 4998 6546 17873 2697 4164 10755 2087 6406 2108 23486
internal_value=-6.14165e-05 0.00595528 -0.0110505 0.00111283 -0.00501507 -0.00353993 -0.00942355 0.0125872 0.000135786 0.00595845 0.0122583 -0.00443373 -0.000369626 0.0106831
internal_weight=24789.8 16022.1 8767.75 9267.12 4091.97 3663.86 3086.13 6754.94 3030.51 5175.15 2588.67 2326.48 2586.48 6104.21
internal_count=167250 86310 80940 56643 27799 31245 22801 29667 24699 28844 12842 20535 16002 26970
is_linear=0
shrinkage=0.035


Tree=42
num_leaves=15
num_cat=0
split_feature=10 21 10 23 11 23 21 23 3 22 24 22 23 3
split_gain=1251.16 358.668 352.686 244.263 241.535 223.302 215.223 144.882 141.233 113.772 106.154 98.9812 95.4536 100.009
threshold=0.38306824862957006 -0.047924537211656563 0.7553987205028535 0.13085953146219256 0.14194848388433459 0.17924155294895175 0.078718151897192015 0.33515524864196783 -1.0000000180025095e-35 0.2154868766665459 0.033361051231622703 0.31738407909870153 0.13085953146219256 -0.77037078142166127
decision_type=2 2 2 2 2 2 2 2 2 2 2 2 2 2
left_child=1 9 3 -2 -3 8 7 -5 -6 -1 -4 -7 -12 -14
right_child=2 4 10 6 5 11 -8 -9 -10 -11 12 -13 13 -15
leaf_value=-0.0065622354668091673 0.017642425816448957 -0.020393264651935781 0.028939113270987016 -0.0021397661931186855 0.012656970150339984 -0.0013944764694579367 0.010981373257808801 0.029185396862030456 -0.0028817586733009522 -0.024348733750605575 0.036574326330842143 -0.015122904924241882 0.025111965685521292 0.0082992386513722465
leaf_weight=563.48015703260899 1239.8063077032566 1128.1770617067814 586.85942293703556 7811.1658542603254 1287.8498954698443 1044.1268703117967 2173.5906743854284 175.17167674005032 1593.2089976519346 2170.6516104266047 185.73711381852627 1675.3409628197551 517.62647575139999 2562.6323237344623
leaf_count=6360 5563 11776 2436 45664 8055 8603 9924 883 11333 26510 794 16397 2129 10823
internal_value=-6.03241e-05 -0.010052 0.00614112 0.00304102 -0.00569272 -0.00270036 0.00124363 -0.00141704 0.0040839 -0.0207204 0.015282 -0.00987636 0.0127471 0.0111967
internal_weight=24715.4 9462.84 15252.6 11399.7 6728.7 5600.53 10159.9 7986.34 2881.06 2734.13 3852.86 2719.47 3266 3080.26
internal_count=167250 89034 78216 62034 56164 44388 56471 46547 19388 32870 16182 25000 13746 12952
is_linear=0
shrinkage=0.035


Tree=43
num_leaves=15
num_cat=0
split_feature=11 21 23 21 8 24 22 10 23 22 22 23 3 22
split_gain=1185.64 374.587 327.101 319.154 251.823 221.656 191.631 184.028 172.309 137.551 136.969 135.582 124.547 111.236
threshold=0.27274246513843542 0.086410630494356169 0.13085953146219256 0.036737985908985145 -0.56176775693893422 0.0356238391250372 0.43463306128978735 0.21730648726224902 0.24541131407022479 0.61566752195358287 0.54632624983787548 0.33515524864196783 0.14483889937400821 0.31738407909870153
decision_type=2 2 2 2 2 2 2 2 2 2 2 2 2 2
left_child=1 5 -2 4 -4 7 12 -1 -9 -3 -8 -6 -5 -7
right_child=2 9 3 6 11 13 10 8 -10 -11 -12 -13 -14 -15
leaf_value=-0.023910223529834729 0.022741253909703604 0.0080330148091837944 0.010327755766407376 0.031474731493545523 -0.003445689999513773 -0.0075381678804237523 -0.0031071634005766543 -0.0024783959144070249 -0.024066237269392367 -0.0094304153374330721 0.013620787650423146 0.026614852501047413 -0.0016780415038020694 -0.023802534181967119
leaf_weight=753.95160035789013 1368.5007991194725 1772.7814676314592 2607.7988102808595 856.33886554837227 6203.8511438965797 674.84056302160025 862.91643815487623 3621.5004493147135 508.2159266024828 791.1129684150219 1931.4054101184011 179.47859068214893 164.13016839325428 2343.9128620997071
leaf_count=8941 6075 11366 11478 3618 37384 7321 4022 29574 5360 5700 8657 895 691 26168
internal_value=-5.84073e-05 -0.00898821 0.006537 0.00478894 0.00118518 -0.0127558 0.0132574 -0.0081203 -0.00518678 0.00262881 0.00846236 -0.00256018 0.026178 -0.0202035
internal_weight=24640.7 10466.3 14174.4 12805.9 8991.13 7902.42 3814.79 4883.67 4129.72 2563.89 2794.32 6383.33 1020.47 3018.75
internal_count=167250 94430 72820 66745 49757 77364 16988 43875 34934 17066 12679 38279 4309 33489
is_linear=0
shrinkage=0.035


Tree=44
num_leaves=15
num_cat=0
split_feature=17 10 23 21 23 22 17 21 21 22 11 3 12 8
split_gain=1145.7 459.724 363.177 370.942 210.405 185.852 153.469 135.619 123.725 120.692 101.979 88.0888 82.2623 77.9252
threshold=0.042577477172017104 0.27324403822422033 0.13085953146219256 0.099124651402235045 0.15058789402246478 0.31738407909870153 0.10721593350172044 -0.047924537211656563 0.086410630494356169 0.61566752195358287 0.13060905039310458 0.071941811591386809 1.0391074419021609 -0.34655204415321345
decision_type=2 2 2 2 2 2 2 2 2 2 2 2 2 2
left_child=1 7 13 5 -2 -4 8 -1 12 -5 -9 -12 -6 -3
right_child=4 2 3 9 6 -7 -8 10 -10 -11 11 -13 -14 -15
leaf_value=-0.027178422776503113 0.023672263470229184 0.026673172125080656 -0.0010405011496496647 0.019262956636853311 0.0084253232676827963 -0.011569388071089185 0.025942200279436608 -0.023714147315121337 0.017881447405188187 -0.00077415451097414742 -0.0017120432464226543 -0.016730499302844589 0.00033398081692249872 0.0084794432075408193
leaf_weight=1045.7300141900778 1183.8544057458639 364.11161325871944 3273.6706722155213 889.90940141677856 3268.2947738543153 5510.5621989294887 525.65344259142876 690.66257457435131 995.6753988713026 622.05705893039703 1134.3149180561304 820.65528625994921 2903.1040626317263 1342.9239547550678
leaf_count=14617 4996 1775 25274 4559 14975 43385 2172 7549 4096 3444 10378 7923 14216 7891
internal_value=-5.78115e-05 -0.00574067 -0.00241316 -0.0048942 0.00998515 -0.00765117 0.0078508 -0.016525 0.00648963 0.0110683 -0.0122276 -0.00806953 0.00462575 0.0124929
internal_weight=24571.2 15694.6 12003.2 10296.2 8876.58 8784.23 7692.73 3691.36 7167.07 1511.97 2645.63 1954.97 6171.4 1707.04
internal_count=167250 126795 86328 76662 40455 68659 35459 40467 33287 8003 25850 18301 29191 9666
is_linear=0
shrinkage=0.035


Tree=45
num_leaves=15
num_cat=0
split_feature=17 23 17 21 21 21 22 17 12 16 17 15 22 3
split_gain=1087.24 382.699 356.728 292.696 219.598 167.556 161.928 163.992 153.394 133.035 120.11 112.963 103.534 72.4523
threshold=0.028981529176235202 0.13085953146219256 0.04679082706570626 0.036737985908985145 0.036737985908985145 0.086410630494356169 0.43463306128978735 0.01888248231261969 1.0597913265228274 0.86133635044097911 0.10721593350172044 18.479951858520511 0.43463306128978735 -0.035436719655990594
decision_type=2 2 2 2 2 2 2 2 2 2 2 2 2 2
left_child=3 -2 4 9 8 10 -5 -8 -3 13 -4 -9 -6 -1
right_child=1 2 5 6 12 -7 7 11 -10 -11 -12 -13 -14 -15
leaf_value=0.0022489687614972395 0.020926504641941165 -0.0012394047626874162 0.0054441425887647244 0.013304861213615496 0.019958122456377139 0.022542313721370326 -0.020428664230242963 0.0033410713322079987 -0.013944166846249073 -0.019383310075761672 0.023793682316964659 -0.013613152854962297 0.0028100835643138883 -0.014073525706767023
leaf_weight=633.23316086083651 1709.8098682537675 3007.1436592340469 5268.2510938718915 629.7796845510602 533.65717756748199 989.11148053407669 728.65575586259365 1676.558350533247 1891.7920284792781 3501.9916269630194 468.14368829131126 663.86759743839502 2109.3888364061713 687.37093539535999
leaf_count=5929 7855 20389 23933 3935 2333 4104 7267 11618 15081 40138 1930 4724 10685 7329
internal_value=-5.65548e-05 0.00532747 0.00344474 -0.0101457 -0.0017813 0.00929917 -0.00272755 -0.00604995 -0.00616394 -0.015818 0.00698044 -0.00150549 0.00633462 -0.00628877
internal_weight=24498.8 15977.3 14267.5 8521.46 7541.98 6725.51 3698.86 3069.08 4898.94 4822.6 5736.39 2340.43 2643.05 1320.6
internal_count=167250 86310 78455 80940 48488 29967 27544 23609 35470 53396 25863 16342 13018 13258
is_linear=0
shrinkage=0.035


Tree=46
num_leaves=15
num_cat=0
split_feature=17 23 10 21 21 3 17 23 22 21 12 22 3 22
split_gain=1018.87 354.777 335.239 280.88 209.968 194.656 139.421 138.547 134.18 127.251 113.494 112.083 102.074 96.478
threshold=0.028981529176235202 0.13085953146219256 0.56446537375450145 -0.047924537211656563 0.036737985908985145 -0.035436719655990594 0.10721593350172044 0.17924155294895175 0.31738407909870153 0.086410630494356169 1.0597913265228274 0.2154868766665459 -0.18503049015998838 0.43640089035034185
decision_type=2 2 2 2 2 2 2 2 2 2 2 2 2 2
left_child=3 -2 4 11 10 7 9 13 -9 -4 -3 12 -1 -5
right_child=1 2 6 5 -6 -7 -8 8 -10 -11 -12 -13 -14 -15
leaf_value=0.025952888659188152 0.020139128792537406 -0.0012728675789881391 0.004986985975201353 0.031215604632218511 0.006562367857050418 -0.01148656647839535 0.025206157809326665 0.006340967746743819 -0.014840724499604059 0.017887308706520257 -0.012090723683220851 -0.025195774735957917 -0.013611294829274674 0.0051069910152104327
leaf_weight=89.758070088922977 1714.774851962924 2584.7528483718634 5469.9170375689864 200.15537643432617 2318.167900942266 3598.9270311966538 565.87755924463272 611.39110344648361 887.71269997954369 1124.3510841578245 2192.7453421652317 1642.7521365210414 396.52649131417274 1026.0859769508243
leaf_count=907 7855 18089 24957 1385 11557 32781 2368 4368 8519 4681 16803 21757 4683 6540
internal_value=-5.5634e-05 0.00514453 0.00332804 -0.00987462 -0.00206276 -0.00615465 0.00866571 0.0009026 -0.00621726 0.0072103 -0.00625286 -0.0208443 -0.00593277 0.00958665
internal_weight=24423.9 15970.6 14255.8 8453.31 7095.67 6324.27 7160.15 2725.35 1499.1 6594.27 4777.5 2129.04 486.285 1226.24
internal_count=167250 86310 78455 80940 46449 53593 32006 20812 12887 29638 34892 27347 5590 7925
is_linear=0
shrinkage=0.035


Tree=47
num_leaves=15
num_cat=0
split_feature=17 21 3 22 24 20 23 11 23 3 3 21 22 23
split_gain=956.526 409.916 319.441 197.162 206.864 204.144 181.614 163.549 194.852 163.491 140.859 126.2 105.613 297.87
threshold=0.042577477172017104 -0.034622838720679276 -0.11921780183911322 0.2154868766665459 0.033007496967911727 -0.033946592360734933 0.15058789402246478 0.14194848388433459 0.15924271941185 -0.18503049015998838 -0.67762821912765492 -0.056625531986355775 0.31738407909870153 0.17924155294895175
decision_type=2 2 2 2 2 2 2 2 2 2 2 2 2 2
left_child=1 3 12 5 -5 -1 -2 -4 -9 -7 -8 -12 -3 -14
right_child=6 2 7 4 -6 9 10 8 -10 -11 11 -13 13 -15
leaf_value=-0.017469200206673252 0.021862237372850788 0.016995960709236067 -0.019513796757156001 0.0055303156831061099 -0.020714575784909983 0.032343708419110745 0.018111345339459264 0.0049541499005893493 -0.0084471386456923224 -0.0017444894758713492 -0.0013065967676624123 0.0087942329223891728 0.013324546555780373 -0.0094921164969388617
leaf_weight=579.16152657568455 1176.4541493505239 924.60713019222021 926.28847236931324 410.66612148284912 3240.6670374795794 252.33018581569195 1197.4307114928961 2041.4704876765609 3770.5558062046766 499.7492109388113 2394.7889258265495 4104.7520351409912 1601.4799762219191 1231.1109358668327
leaf_count=5513 4996 5214 10286 3640 36092 1908 5004 12364 29729 4786 12251 18204 8118 9145
internal_value=-5.42599e-05 -0.00530554 -0.001377 -0.0135614 -0.0177558 -0.0020106 0.0091013 -0.00593365 -0.00373952 0.00996678 0.007125 0.00507624 0.00678914 0.00340938
internal_weight=24351.5 15478.1 10495.5 4982.57 3651.33 1331.24 8873.43 6738.31 5812.03 752.079 7696.97 6499.54 3757.2 2832.59
internal_count=167250 126795 74856 51939 39732 12207 40455 52379 42093 6694 35459 30455 22477 17263
is_linear=0
shrinkage=0.035


Tree=48
num_leaves=15
num_cat=0
split_feature=17 8 21 21 21 24 3 12 22 15 2 21 21 21
split_gain=919.359 347.142 257.39 207.652 207.007 168.856 151.877 128.428 114.692 101.421 89.0902 87.0656 87.133 77.268
threshold=0.027449795044958595 -0.44011300802230829 0.099124651402235045 -0.017164681106805798 -0.034622838720679276 0.037677077576518066 -0.035436719655990594 0.87648728489875805 0.61566752195358287 16.931183815002445 0.14473368227481845 0.088003512471914305 -0.03169735521078109 -0.090231973677873598
decision_type=2 2 2 2 2 2 2 2 2 2 2 2 2 2
left_child=2 3 5 9 7 6 -1 -3 -4 -2 -9 12 -6 -8
right_child=1 4 8 -5 11 -7 13 10 -10 -11 -12 -13 -14 -15
leaf_value=-0.0032871239930227295 0.010943778564458918 0.0051331240112462767 0.012170688806403308 0.018323211723537517 0.019797650539465576 -0.026678006482650316 -0.026398545586454835 -0.013480916854970191 -0.010233493030759209 -0.0011988177756145802 -9.2450983061226821e-05 0.010713441740413953 0.00072812777825859284 -0.01268535399960183
leaf_weight=2046.4470126479864 1803.0718955695629 978.5213957130909 789.47957121580839 2709.7018207013607 302.81053420901299 963.83279099687934 639.5997888892889 2030.2891480103135 421.58133833110332 1570.9651814699173 867.99949685484171 1875.8897942081094 4776.1386041715741 2502.6580714210868
leaf_count=18836 8583 6424 5170 11814 1775 12377 8766 16547 3142 7909 6147 8660 26545 24555
internal_value=-5.34407e-05 0.00444011 -0.0103679 0.0111229 0.000679811 -0.0132676 -0.01073 -0.00579188 0.00435165 0.0053033 -0.00948535 0.00429044 0.00190174 -0.0155515
internal_weight=24279 16915.4 7363.6 6083.74 10831.6 6152.54 5188.7 3876.81 1211.06 3374.04 2898.29 6954.84 5078.95 3142.26
internal_count=167250 94404 72846 28306 66098 64534 52157 29118 8312 16492 22694 36980 28320 33321
is_linear=0
shrinkage=0.035


Tree=49
num_leaves=15
num_cat=0
split_feature=17 23 17 21 21 3 22 21 22 8 23 8 24 22
split_gain=862.982 353.164 347.061 234.517 229.825 176.526 165.572 139.886 122.577 110.686 101.639 94.7569 71.0193 69.4654
threshold=0.02650750428438187 0.13085953146219256 0.043850667774677284 -0.047924537211656563 0.036737985908985145 -0.035436719655990594 0.29079861938953405 0.086410630494356169 0.43463306128978735 -0.74420359730720509 0.17748750001192096 -0.44011300802230829 0.037889750674366958 0.31738407909870153
decision_type=2 2 2 2 2 2 2 2 2 2 2 2 2 2
left_child=3 11 4 -1 6 10 -3 9 -6 -4 -5 -2 -7 -12
right_child=1 2 7 5 8 12 -8 -9 -10 -11 13 -13 -14 -15
leaf_value=-0.022493510955765364 0.031146414965788106 -0.00010956552616746165 0.016027155319990122 0.0095406781519458191 0.019073591191608261 -0.010311927963753589 -0.012940117258068391 0.018816484948350674 0.0012919963713955767 0.0035815386644760809 0.0046440622885359209 0.013354329435941757 -0.026038521658410727 -0.012469189886714884
leaf_weight=1579.4149519838393 498.63542696833611 2166.5204920917749 1033.2236030399799 899.27402251958847 589.00826085358858 2590.7264249771833 2847.0481920726597 1141.8234601765871 2300.399237960577 5509.0310875177383 464.9826457425952 1445.6470120325685 405.24416015297174 746.26858897507191
leaf_count=22015 2190 16363 4290 5920 2669 23949 24164 4767 12385 25871 3345 7101 4824 7397
internal_value=-5.32076e-05 0.0040272 0.00226716 -0.0107426 -0.00288118 -0.00707124 -0.00740689 0.00755903 0.00497007 0.00556855 0.000684209 0.0180534 -0.0125187 -0.00591541
internal_weight=24217.2 17531.3 15587.1 6685.91 7902.98 5106.5 5013.57 7684.08 2889.41 6542.25 2110.53 1944.28 2995.97 1211.25
internal_count=167250 99800 90509 67450 55581 45435 40527 34928 15054 30161 16662 9291 28773 10742
is_linear=0
shrinkage=0.035


Tree=50
num_leaves=15
num_cat=0
split_feature=8 10 23 23 17 20 24 20 24 23 10 24 10 22
split_gain=816.031 404.684 260.569 197.831 191.277 182.852 178.389 155.055 126.543 103.842 92.4305 87.9559 82.2166 71.6155
threshold=-0.38788388669490809 0.27324403822422033 0.15058789402246478 0.13085953146219256 0.045234506949782378 0.059742288663983352 0.0356238391250372 0.059742288663983352 0.037483181804418571 0.25695779174566274 0.68286317586898815 0.037677077576518066 0.20916596055030826 0.60064271092414867
decision_type=2 2 2 2 2 2 2 2 2 2 2 2 2 2
left_child=3 11 -3 -1 7 6 10 -4 -7 -8 -5 12 -2 -14
right_child=1 2 4 5 -6 8 9 -9 -10 -11 -12 -13 13 -15
leaf_value=0.027463563221295211 -0.021392735309093944 0.0075418405681440606 -0.010238932586803751 0.0051689808461765473 0.0045929791261672143 0.02755007745548884 -0.0089823273368402831 0.00023173367254793073 0.0065708853636790628 0.005321011637842459 0.017753790551296115 -0.028109120420438432 -0.011166684486777089 0.0080406288973167445
leaf_weight=674.04563098400831 893.09222298115492 2960.1850709170103 5315.9387183301151 1695.2258961200714 2315.229770116508 830.18869215250015 1301.2326048836112 2567.1541495472193 620.15407658368349 1173.3749570548534 1241.8798785209656 529.87307151779532 1760.8608901053667 267.35504326969385
leaf_count=3037 11176 16544 45621 9058 10938 3500 7049 17245 2964 5885 5159 7585 19546 1943
internal_value=-5.21961e-05 -0.00438599 -0.00158365 0.00949271 -0.00423723 0.00769008 0.00471414 -0.00683315 0.018686 -0.00220605 0.0105323 -0.0150352 -0.012576 -0.00860779
internal_weight=24145.8 16609.7 13158.5 7536.1 10198.3 6862.06 5411.71 7883.09 1450.34 2474.61 2937.11 3451.18 2921.31 2028.22
internal_count=167250 130598 90348 36652 73804 33615 27151 62866 6464 12934 14217 40250 32665 21489
is_linear=0
shrinkage=0.035


Tree=51
num_leaves=15
num_cat=0
split_feature=10 8 21 21 21 17 23 17 24 15 10 24 23 23
split_gain=772.045 324.572 224.694 178.616 176.18 145.192 156.898 136.019 157.296 118.519 96.7935 89.9816 80.841 75.3042
threshold=0.32870082557201391 -0.44011300802230829 -0.047924537211656563 0.088003512471914305 -0.017164681106805798 0.01888248231261969 0.15924271941185 0.043850667774677284 0.0356238391250372 17.055530548095707 1.3854649066925051 0.033703889697790153 0.18587674200534823 0.13085953146219256
decision_type=2 2 2 2 2 2 2 2 2 2 2 2 2 2
left_child=2 4 -1 7 10 -4 -7 8 -3 -8 11 -2 -5 -6
right_child=1 3 5 12 13 6 9 -9 -10 -11 -12 -13 -14 -15
leaf_value=-0.021500533974639482 0.01358080763179941 -3.7765377735312649e-05 -0.016351119806506019 0.01375217995740838 0.034039639236891531 0.0080356145601976434 0.0024501366104514267 0.0042133138991210855 -0.011113108953232744 -0.014501681781175309 0.02614481843914028 -0.00016990073091931084 -0.00022099716559793447 0.014743428044681737
leaf_weight=1689.0228711329401 761.15195955336094 3688.3615026623011 1310.3003894612193 1500.1522057279944 274.90067909657955 1112.6467237025499 807.232835508883 3048.6148518025875 2726.2912347875535 1329.1504223793745 232.71573030948639 2387.8204849883914 763.21886134147644 2448.0435717254877
leaf_count=24721 3548 23155 14612 6585 1204 8096 7408 14620 22866 12613 957 11942 4214 10709
internal_value=-5.10617e-05 0.00365919 -0.0106282 0.000250117 0.0101967 -0.00656219 -0.00257636 -0.00186435 -0.00475487 -0.00811486 0.00483866 0.00318631 0.00906012 0.0168089
internal_weight=24079.6 17831.3 6248.35 11726.6 6104.63 4559.33 3249.03 9463.27 6414.65 2136.38 3381.69 3148.97 2263.37 2722.94
internal_count=167250 99800 67450 71440 28360 42729 28117 60641 46021 20021 16447 15490 10799 11913
is_linear=0
shrinkage=0.035


Tree=52
num_leaves=15
num_cat=0
split_feature=11 21 8 15 21 21 23 11 24 2 20 22 22 10
split_gain=726.968 276.707 251.132 180.445 164.102 159.498 137.313 101.147 92.0736 85.5668 85.4019 111.609 82.9003 78.5641
threshold=0.2449087128043175 -0.047924537211656563 -0.44011300802230829 18.479951858520511 -0.017164681106805798 -0.034622838720679276 0.17924155294895175 0.13060905039310458 0.033361051231622703 0.15726712346076968 -0.05719425901770591 0.40993298590183264 0.2154868766665459 1.3854649066925051
decision_type=2 2 2 2 2 2 2 2 2 2 2 2 2 2
left_child=1 -1 4 6 8 9 7 -3 -2 12 -7 -12 -4 -10
right_child=2 3 5 -5 -6 10 -8 -9 13 -11 11 -13 -14 -15
leaf_value=-0.020458669704008923 0.017896682196952875 -0.015817422394282712 -0.00049225621727334661 -0.014186639750929092 0.016281331921509875 -0.0038623273595672207 -0.0083929170095372041 0.0065786553606881366 0.00059439741927032547 0.0036052692650460389 0.01466363700828339 0.0029943940432872363 -0.013258806859676515 0.023283805828613065
leaf_weight=1849.4067122153938 535.03601624071598 267.7497116625309 1016.3978694602847 1848.9397731423378 2701.4703286215663 1266.5924728289247 1844.8058939091861 2251.510850764811 2665.8926175385714 1015.8998764455318 1392.1944653317332 3562.2370620518923 1603.4165958985686 191.09352824091911
leaf_count=26857 2447 2939 7440 17386 11801 7358 18508 15250 13309 6059 6899 17634 12586 777
internal_value=-4.96909e-05 -0.00860906 0.00427952 -0.00505462 0.00985886 0.000823854 -0.00116203 0.00414525 0.00471105 -0.00499177 0.0042252 0.00629638 -0.00832653 0.00218793
internal_weight=24012.6 8062.41 15950.2 6213.01 6093.49 9856.74 4364.07 2519.26 3392.02 3635.71 6221.02 4954.43 2619.81 2856.99
internal_count=167250 80940 86310 54083 28334 57976 36697 18189 16533 26085 31891 24533 20026 14086
is_linear=0
shrinkage=0.035


Tree=53
num_leaves=15
num_cat=0
split_feature=17 23 3 21 21 3 23 24 21 22 3 8 23 8
split_gain=695.18 296.729 279.178 213.545 187.523 142.631 133.417 126.478 126.062 123.729 96.9288 75.2144 69.9042 66.8087
threshold=0.02650750428438187 0.13085953146219256 -0.36866962909698481 0.036737985908985145 0.036737985908985145 -0.023541995324194428 0.33515524864196783 0.035685664042830474 0.078718151897192015 0.29079861938953405 -1.0000000180025095e-35 -0.32219547033309931 0.24541131407022479 -0.2901345938444137
decision_type=2 2 2 2 2 2 2 2 2 2 2 2 2 2
left_child=3 11 8 7 6 -5 -4 10 9 -3 12 -2 -1 -6
right_child=1 2 4 5 13 -7 -8 -9 -10 -11 -12 -13 -14 -15
leaf_value=0.00043537438062405147 0.024310456781203412 0.013292967071900872 -0.0054818554639339172 0.0057850409062268288 0.012092783381257077 -0.0096298055487176633 0.02135533390063157 -0.024632379981190458 0.020904582569228679 0.000881161522985941 -0.017231533002978614 0.01029353496960656 -0.028200137562803158 0.0019549718383412911
leaf_weight=934.56528915464878 839.49667662382126 1721.803752169013 6741.066711243242 1299.1535758599639 1158.7300330400467 1669.3424496501684 225.12524238228798 1236.943357616663 869.8840594291687 2281.6543925665319 1245.1252064853907 1107.5311109721661 107.52829871699214 2514.7424494922161
leaf_count=9250 3757 7804 48074 8955 5215 14774 1361 18111 3718 11339 14980 5534 1380 12998
internal_value=-4.89796e-05 0.00358732 0.00196583 -0.00981817 -0.00121301 -0.00288677 -0.00458519 -0.015632 0.00889426 0.00623904 -0.0106785 0.0164305 -0.00275933 0.00517691
internal_weight=23952.7 17460 15513 6492.66 10639.7 2968.5 6966.19 3524.16 4873.34 4003.46 2287.22 1947.03 1042.09 3673.47
internal_count=167250 99800 90509 67450 67648 23729 49435 43721 22861 19143 25610 9291 10630 18213
is_linear=0
shrinkage=0.035


Tree=54
num_leaves=15
num_cat=0
split_feature=11 21 8 21 15 24 23 20 3 23 22 15 21 20
split_gain=647.2 259.33 225.961 174.722 169.181 134.433 125.396 105.834 94.6651 92.6197 179.442 79.7284 76.2415 72.7556
threshold=0.2449087128043175 -0.047924537211656563 -0.5328056514263152 -0.034622838720679276 18.479951858520511 0.0356238391250372 0.17924155294895175 0.059742288663983352 0.023218965157866481 0.17924155294895175 0.31738407909870153 17.854388236999515 -0.017164681106805798 0.027253079228103164
decision_type=2 2 2 2 2 2 2 2 2 2 2 2 2 2
left_child=1 -1 5 11 6 12 8 -7 -3 13 -11 -4 -2 -5
right_child=2 4 3 9 -6 7 -8 -9 -10 10 -12 -13 -14 -15
leaf_value=-0.019857510434333141 0.010803019876883651 0.011255903846040459 -0.00071557652080448959 0.015656624487371231 -0.01368827237819208 -0.00036919244844354441 -0.0079684114126446562 0.017495465789233954 -0.002297416386637476 0.010036985553919693 -0.0046281972665000804 -0.010772015205397103 0.024293088520097393 0.0048780869825438894
leaf_weight=1796.4997627921402 1114.3407182842493 1177.011569917202 3030.9882910773158 1309.5140942931175 1820.9011416882277 1466.0842617303133 1823.2443930245936 551.71868198364973 1342.5341235771775 1732.5664024949074 2462.5577797070146 1408.422124132514 990.70791076123714 1866.1060384735465
leaf_count=26857 4876 7749 20331 5893 17386 6720 18508 2407 10440 8503 14409 10556 4264 8351
internal_value=-4.80091e-05 -0.00819164 0.00402317 0.00155685 -0.00476479 0.0110672 -0.00100039 0.00457765 0.00405352 0.00485826 0.00143792 -0.00392306 0.0172367 0.00935797
internal_weight=23893.2 7960.19 15933 11810.2 6163.69 4122.85 4342.79 2017.8 2519.55 7370.74 4195.12 4439.41 2105.05 3175.62
internal_count=167250 80940 86310 68043 54083 18267 36697 9127 18189 37156 22912 30887 9140 14244
is_linear=0
shrinkage=0.035


Tree=55
num_leaves=15
num_cat=0
split_feature=17 23 17 21 21 12 24 20 21 24 21 20 8 17
split_gain=622.553 267.149 260.458 202.401 174.705 163.036 115.874 148.37 105.494 91.4366 87.909 69.4188 68.7274 62.0626
threshold=0.02650750428438187 0.13085953146219256 0.054708315059542663 0.086410630494356169 0.078718151897192015 1.0597913265228274 0.03703646361827851 0.059742288663983352 0.036737985908985145 0.038397246971726424 -0.072656657546758638 0.05296724662184716 -0.32219547033309931 0.10721593350172044
decision_type=2 2 2 2 2 2 2 2 2 2 2 2 2 2
left_child=3 12 4 6 5 -3 7 10 13 -5 -1 -6 -2 -4
right_child=1 2 8 9 11 -7 -8 -9 -10 -11 -12 -13 -14 -15
leaf_value=-0.02284368932602155 0.02310785956114891 0.00016362412086371529 0.0039692118819757956 0.0044959827784640527 0.015859767424173117 -0.0099676450154758192 -0.024554033054679254 0.014013667254360172 0.017678702398171254 -0.016448809620565514 -0.0094036724815634992 0.0031045304604150983 0.0097130725346953693 0.018938562666807147
leaf_weight=764.89701473340392 837.91876306384802 5314.7885581105947 3098.7592088133097 1440.305980399251 751.08883469551802 3059.2757682651281 882.34495121613145 273.36558932811022 1194.3830768913031 299.91030621528625 2742.054319228977 1690.2458410412073 1110.5018147006631 372.62153767049313
leaf_count=11485 3757 34882 13341 9714 3465 23961 13016 2171 5123 3263 27801 8191 5534 1546
internal_value=-4.68105e-05 0.00338205 0.00184005 -0.00937141 -0.00114296 -0.00354508 -0.0131661 -0.0104503 0.00874243 0.000812982 -0.0123917 0.00707743 0.0155621 0.00562582
internal_weight=23832.5 17429.6 15481.2 6402.88 10815.4 8374.06 4662.66 3780.32 4665.76 1740.22 3506.95 2441.33 1948.42 3471.38
internal_count=167250 99800 90509 67450 70499 58843 54473 41457 20010 12977 39286 11656 9291 14887
is_linear=0
shrinkage=0.035


Tree=56
num_leaves=15
num_cat=0
split_feature=10 3 23 21 24 20 17 23 24 21 22 15 22 23
split_gain=588.921 265.537 186.071 177.14 145.36 136.753 126.692 119.125 118.431 114.975 134.45 111.712 98.4541 80.0976
threshold=0.31673228740692144 -0.34359890222549433 0.15058789402246478 -0.047924537211656563 0.0356238391250372 0.09569913893938066 0.017746981233358387 0.15924271941185 0.036355888471007354 0.036737985908985145 0.29079861938953405 17.055530548095707 0.43463306128978735 0.24698165804147723
decision_type=2 2 2 2 2 2 2 2 2 2 2 2 2 2
left_child=3 4 -3 -1 13 8 -5 -8 -6 10 -4 -9 -11 -2
right_child=1 2 9 6 5 -7 7 11 -10 12 -12 -13 -14 -15
leaf_value=-0.020810515618765884 0.017828591625141596 0.0080612621633879954 0.00074373693851004447 -0.017643525678562998 -0.013942766449606242 0.021041042270970735 0.0062000835455463098 0.0028330617529579473 0.0044969942459118515 0.013227791038135059 -0.0092835943772499249 -0.014364180798158814 -0.00047735421289572724 0.00280668421446048
leaf_weight=1407.8967652283609 2242.2336808666587 2800.937034279108 2966.6434313319623 930.25190930068493 537.453284278512 459.70513853430748 1107.654228925705 725.12480850145221 1924.0080571509898 873.06962261348963 3643.8021341562271 1254.8457433320582 2350.6823665127158 544.01555007323623
leaf_count=22737 10050 14030 19234 10989 2761 1985 8606 6958 9706 3991 27845 12764 12935 2659
internal_value=-4.58019e-05 0.00295129 0.0001192 -0.0101647 0.00920982 0.00373479 -0.00639186 -0.0029559 0.000430599 -0.00214872 -0.00478919 -0.00808345 0.00326376 0.0149161
internal_weight=23768.3 18342.6 12635.1 5425.77 5707.42 2921.17 4017.88 3087.62 2461.46 9834.2 6610.45 1979.97 3223.75 2786.25
internal_count=167250 105196 78035 62054 27161 14452 39317 28328 12467 64005 47079 19722 16926 12709
is_linear=0
shrinkage=0.035


Tree=57
num_leaves=15
num_cat=0
split_feature=17 24 20 22 23 3 17 22 23 21 20 21 22 17
split_gain=564.392 311.609 329.023 296.807 239.015 161.767 132.115 110.179 104.38 83.1267 82.6823 78.3315 80.2225 61.1036
threshold=0.043850667774677284 0.037677077576518066 0.059742288663983352 0.60064271092414867 0.13085953146219256 -0.18503049015998838 0.10721593350172044 0.31738407909870153 0.15058789402246478 0.05675837583839894 0.11053578183054925 -0.10063671320676802 0.31738407909870153 0.01888248231261969
decision_type=2 2 2 2 2 2 2 2 2 2 2 2 2 2
left_child=1 2 3 4 -1 10 8 -3 -2 -9 -4 -10 -13 -5
right_child=6 7 5 13 -6 -7 -8 9 11 -11 -12 12 -14 -15
leaf_value=0.0040721444855538044 0.016851639783309093 0.014279699807069956 0.031434215143470841 -0.0071526917768980998 -0.0089572043397511836 0.003103257392668275 0.022782237053207918 -0.02350876241987274 -0.0027595115835741396 -0.0099038161058278441 0.0079410900455269967 0.012019420654979228 0.0031215661419057741 0.018503016400527771
leaf_weight=2209.8663620948792 948.21374100446701 135.55721058323979 507.67470806092024 127.62634392827749 7765.9533840417862 1321.5971360355616 615.85521477460861 1237.9976088181138 1432.1487527415156 1027.2593131959438 297.58853770047426 1975.6059786528349 3338.6858576610684 771.62058386951685
leaf_count=16283 4091 1222 2442 1188 69983 8303 2697 15789 7166 8785 1398 8450 15354 4099
internal_value=-4.52576e-05 -0.00401089 -0.00186642 -0.00433008 -0.00606973 0.0106921 0.00730066 -0.0155687 0.0060336 -0.0174098 0.0229561 0.00449043 0.00644574 0.0148232
internal_weight=23713.3 15402.7 13001.9 10875.1 9975.82 2126.86 8310.51 2400.81 7694.65 2265.26 805.263 6746.44 5314.29 899.247
internal_count=167250 129492 103696 91553 86266 12143 37758 25796 35061 24574 3840 30970 23804 5287
is_linear=0
shrinkage=0.035


Tree=58
num_leaves=15
num_cat=0
split_feature=17 17 23 3 12 21 23 3 15 21 15 22 16 16
split_gain=541.824 231.441 207.007 190.293 186.369 141.459 112.088 99.3976 90.1439 77.9409 75.6924 68.8902 64.5972 60.7985
threshold=0.02650750428438187 0.075507391244173064 0.13085953146219256 -0.035436719655990594 1.0597913265228274 -0.033373324200510972 0.21764539182186129 -0.2295916676521301 19.041307449340824 -0.047924537211656563 18.065536499023441 0.26816761493682867 0.90312373638153087 0.92715659737586986
decision_type=2 2 2 2 2 2 2 2 2 2 2 2 2 2
left_child=3 2 12 6 7 -6 10 -4 9 -5 -1 -8 -2 -11
right_child=1 -3 4 8 5 -7 11 -9 -10 13 -12 -13 -14 -15
leaf_value=0.0082872784805592282 0.021181001042003451 0.014671758632011511 0.0073312635878950219 -0.021485914059726861 -0.011536178129831216 0.00053352657379406661 -0.0044304923621839342 -8.9975649194953158e-05 -0.024033325236771524 -0.00059784756312665835 -0.005397067405632258 -0.028645111951380225 0.0074853951634883311 -0.01241164292298317
leaf_weight=1142.1934022419155 694.1819581091404 1890.7761230617762 3998.1565798893571 651.21893814578652 2305.0996424406767 2444.9005939513445 340.61513324826956 4929.8555803671479 832.3360832221806 886.62498384341598 859.26288507506251 245.01745511218905 1098.7902731858194 1334.425157982856
leaf_count=9587 3204 8091 20399 10675 18250 13690 3482 30826 10400 8328 7690 3712 5340 13576
internal_value=-4.35036e-05 0.00314565 0.00172843 -0.00883491 0.000258821 -0.00533564 -0.0015407 0.0032379 -0.0139109 -0.0109044 0.00241471 -0.0148723 0.012876 -0.00771949
internal_weight=23653.5 17361.8 15471 6291.69 13678 4750 2587.09 8928.01 3704.61 2872.27 2001.46 585.633 1792.97 2221.05
internal_count=167250 99800 91709 67450 83165 31940 24471 51225 42979 32579 17277 7194 8544 21904
is_linear=0
shrinkage=0.035


Tree=59
num_leaves=15
num_cat=0
split_feature=17 24 20 22 23 21 20 17 3 23 22 15 0 15
split_gain=510.253 310.582 298.441 262.462 187.049 154.345 144.905 102.183 84.1006 78.7627 145.838 73.504 60.1987 57.9599
threshold=0.038235444575548179 0.037677077576518066 0.059742288663983352 0.60064271092414867 0.13085953146219256 -0.056625531986355775 0.11053578183054925 0.085665170103311553 -0.18503049015998838 0.17924155294895175 0.31738407909870153 16.804273605346683 0.016109049320220951 18.065536499023441
decision_type=2 2 2 2 2 2 2 2 2 2 2 2 2 2
left_child=1 2 3 4 -1 11 8 9 -4 12 -11 -2 -7 -8
right_child=5 -3 6 -5 -6 7 13 -9 -10 10 -12 -13 -14 -15
leaf_value=0.0025411473860104798 0.0049249448535289512 -0.017596584841916098 0.0309048624252601 0.013893122533518936 -0.0098362867674677713 0.018729205616674013 0.0058686247551232628 0.020513043156627983 0.010683200034203829 0.01264917562525762 -0.001008571883336272 -0.0048391310751593848 0.0069551773790102927 -0.014074177329812107
leaf_weight=1954.3324143216014 1813.1426711007953 1944.5984335616231 408.39976994693279 806.79358100146055 6313.6432548947632 1008.7773661464453 477.48699428141117 782.78366276621819 678.38761778920889 1542.5858259797096 2496.2745483964682 1949.6432155892253 1153.5825837701559 271.80352893471718
leaf_count=15207 9200 23062 1997 4885 61979 4305 2730 3490 4449 6565 12324 10454 4905 1698
internal_value=-4.37553e-05 -0.00474733 -0.00244324 -0.0050482 -0.00691105 0.0055819 0.0103893 0.00865704 0.0184947 0.00712984 0.00422617 -0.000133613 0.0125089 -0.00145567
internal_weight=23602.2 12855.4 10910.8 9074.77 8267.98 10746.8 1836.08 6984 1086.79 6201.22 4038.86 3762.79 2162.36 749.291
internal_count=167250 116007 92945 82071 77186 51243 10874 31589 6446 28099 18889 19654 9210 4428
is_linear=0
shrinkage=0.035


Tree=60
num_leaves=15
num_cat=0
split_feature=11 15 21 8 21 15 22 20 21 17 24 1 3 24
split_gain=493.141 234.736 182.596 152.728 120.369 119.466 108.062 103.052 91.8998 87.7101 82.6882 78.5672 65.3788 64.2549
threshold=0.21304056793451312 17.374132156372074 -0.047924537211656563 -0.50683027505874623 -0.056625531986355775 18.479951858520511 0.31738407909870153 -0.073807202279567705 0.088003512471914305 0.016385981813073162 0.037677077576518066 -0.16341354697942731 -0.77037078142166127 0.035787722095847137
decision_type=2 2 2 2 2 2 2 2 2 2 2 2 2 2
left_child=2 3 -1 11 12 9 -6 -5 -8 -4 -9 -2 -3 -11
right_child=1 4 5 7 6 -7 8 10 -10 13 -12 -13 -14 -15
leaf_value=-0.021749975494046399 0.0078360655440069902 0.019983370098546969 -0.018703332480242845 -0.0096607101688327129 0.0096803637058432441 -0.014488571946024499 -0.0052075647450616916 0.0065878400673240866 0.0072167215474753799 0.0036299571972267064 -0.0031991543009952765 0.019219367938015194 -0.0095124227958397461 -0.0079564437570301145
leaf_weight=1116.8575280681252 1777.4102247878909 86.69390332698822 334.80363004654646 662.63948789983988 1317.7369199246168 1370.5336816459894 2759.0250925347209 5485.1239050142467 980.51216580718756 1879.5063276253641 1303.05220990628 1297.509480766952 2331.6627097204328 840.14230615273118
leaf_count=19514 8042 354 4010 4150 6850 14422 16711 31706 4666 15326 8937 5777 18003 8782
internal_value=-4.19763e-05 0.00276918 -0.00916188 0.00613511 -0.00197195 -0.0059428 0.00110145 0.00341815 -0.00193934 -0.00207354 0.0047072 0.0126862 -0.00837711 3.46996e-05
internal_weight=23543.2 18001.4 5541.84 10525.7 7475.63 4424.99 5057.27 7450.82 3739.54 3054.45 6788.18 3074.92 2418.36 2719.65
internal_count=167250 105196 62054 58612 46584 42540 28227 44793 21377 28118 40643 13819 18357 24108
is_linear=0
shrinkage=0.035


Tree=61
num_leaves=15
num_cat=0
split_feature=17 23 17 3 21 22 22 21 21 21 24 8 23 24
split_gain=467.462 202.527 193.527 178.493 143.458 165.642 108.185 103.73 84.5766 83.952 77.0723 64.8854 60.9502 60.4638
threshold=0.02650750428438187 0.13085953146219256 0.060692619532346732 -0.035436719655990594 0.036737985908985145 0.29079861938953405 0.43463306128978735 1.0000000180025095e-35 0.086410630494356169 -0.047924537211656563 0.0356238391250372 -0.56176775693893422 0.24541131407022479 0.037889750674366958
decision_type=2 2 2 2 2 2 2 2 2 2 2 2 2 2
left_child=3 11 4 7 5 -3 -6 10 -4 -5 12 -2 -1 -11
right_child=1 2 8 9 6 -7 -8 -9 -10 13 -12 -13 -14 -15
leaf_value=0.0033411010180574509 0.030671717084559194 0.0023436491321664325 0.0065825848271255276 -0.023069507335772493 0.015347300387978375 -0.0079566466293011021 0.0016691573504130845 0.0046931197190601655 0.022457529566420255 -0.0082987309947249368 -0.02024138389414179 0.01103999291674561 -0.027284632623710819 -0.023699463605181541
leaf_weight=520.51306499913335 230.20554485917091 3428.9391987994313 3040.0820425003767 825.16113573685288 899.39848230034113 4304.3087923936546 3218.2007570639253 1502.2461263462901 469.22299692034721 2444.9883472584188 456.08442876860499 1721.4595183618367 83.681886058300734 353.68518271297216
leaf_count=5555 1062 22670 12837 14206 3873 32773 16249 10690 2107 23949 7064 8229 1162 4824
internal_value=-4.16867e-05 0.00290962 0.00155607 -0.00829193 -0.000583649 -0.00339234 0.00468679 -0.00121306 0.00876298 -0.0132805 -0.00954683 0.0135002 -0.00127578 -0.0103225
internal_weight=23498.2 17311.8 15360.2 6186.36 11850.8 7733.25 4117.6 2562.53 3509.31 3623.83 1060.28 1951.67 604.195 2798.67
internal_count=167250 99800 90509 67450 75565 55443 20122 24471 14944 42979 13781 9291 6717 28773
is_linear=0
shrinkage=0.035


Tree=62
num_leaves=15
num_cat=0
split_feature=8 10 21 17 24 21 22 24 3 20 24 21 20 14
split_gain=447.342 265.56 177.113 155.654 205.987 150.075 92.4131 82.7223 72.9816 68.7138 109.98 74.8681 57.9207 52.9975
threshold=-0.3732220977544784 0.23823744803667071 0.10439518839120866 0.041332822293043144 0.0356238391250372 -0.017164681106805798 0.60164603590965282 0.033703889697790153 -0.77037078142166127 -0.05719425901770591 0.037483181804418571 0.031130155548453334 0.027253079228103164 1.0209310650825503
decision_type=2 2 2 2 2 2 2 2 2 2 2 2 2 2
left_child=5 -2 3 4 -3 7 -4 -1 -9 11 12 -7 -11 -10
right_child=1 2 6 -5 -6 9 -8 8 13 10 -12 -13 -14 -15
leaf_value=0.010597777143922311 -0.016311560453455085 -0.0016104253924135252 0.01705515812894819 0.003330902542982352 -0.012624518806843246 -0.0038658365958717214 0.0013596394389951791 0.01506074520434081 0.0014641032874161714 0.025617331309868565 0.0018636074116418001 0.016988007717445325 0.013558738534588445 -0.0082348206478564199
leaf_weight=1079.9278204292059 1746.3084333539009 5482.6690539494157 799.62742105126381 3083.9325139895082 3345.1044678837061 588.55629661679268 1067.133917786181 318.79658246040344 1753.8090975433588 850.04860606044531 632.39186213165522 316.29549922049046 1251.9028925597668 1125.3515694849193
leaf_count=5461 24204 41977 4231 15214 36525 2977 5829 1312 9657 3783 2936 1402 5440 6302
internal_value=-4.12669e-05 -0.00349357 -0.00185834 -0.00343043 -0.00579355 0.0067243 0.00813787 0.00227052 -0.000565811 0.0119392 0.014699 0.00352974 0.0185336 -0.00234221
internal_weight=23441.9 15524.8 13778.5 11911.7 8827.77 7917.08 1866.76 4277.89 3197.96 3639.2 2734.34 904.852 2101.95 2879.16
internal_count=167250 127980 103776 93716 78502 39270 10060 22732 17271 16538 12159 4379 9223 15959
is_linear=0
shrinkage=0.035


Tree=63
num_leaves=15
num_cat=0
split_feature=11 15 21 3 15 21 22 23 21 17 23 12 22 24
split_gain=418.736 212.61 169.698 132.363 112.175 106.497 95.8643 139.45 81.7581 81.2105 88.0464 59.9981 61.2491 55.5861
threshold=0.21304056793451312 17.374132156372074 -0.047924537211656563 -0.36866962909698481 18.479951858520511 -0.056625531986355775 0.31738407909870153 0.17924155294895175 0.014401994645595552 0.016385981813073162 0.17924155294895175 0.9804353415966035 0.29079861938953405 0.0356238391250372
decision_type=2 2 2 2 2 2 2 2 2 2 2 2 2 2
left_child=2 3 -1 13 9 11 -7 -8 -5 -4 -11 12 -3 -2
right_child=1 5 4 8 -6 6 7 -9 -10 10 -12 -13 -14 -15
leaf_value=-0.020972633126245071 0.016105735699088138 0.0054081530209734918 -0.017967026288868464 -0.00020654753573136122 -0.013839660248746732 0.0089610629594027522 0.0045718228884242982 -0.0089473449663708265 0.0073246189752995223 0.005369419002206847 -0.0075262369239908946 -0.013031532377006562 -0.011257977716148814 0.0070021163380777594
leaf_weight=1069.9261690862477 1632.0160379484296 608.07186263054609 324.6228063069284 4073.5296865105629 1341.0304448567331 1321.5973452702165 1921.3140632510185 1801.997607562691 3106.2267062738538 1643.1927198506892 1057.3099070191383 1317.1967042833567 470.24128280207515 1699.4461917057633
leaf_count=19514 7372 4056 4010 27959 14422 6850 9184 12193 15156 12264 11844 10409 3892 8125
internal_value=-3.96367e-05 0.00253805 -0.00854101 0.00574053 -0.00545367 -0.00198777 0.000900033 -0.00197759 0.00305737 -0.00170284 0.000311329 -0.00804791 -0.00189644 0.0114966
internal_weight=23387.7 17951.6 5436.08 10511.2 4366.16 7440.42 5044.91 3723.31 7179.76 3025.13 2700.5 2395.51 1078.31 3331.46
internal_count=167250 105196 62054 58612 42540 46584 28227 21377 43115 28118 24108 18357 7948 15497
is_linear=0
shrinkage=0.035


Tree=64
num_leaves=15
num_cat=0
split_feature=17 17 12 3 21 21 21 24 15 24 24 21 16 16
split_gain=395.918 182.612 170.048 166.2 112.002 103.163 93.5843 107.009 85.2922 84.3038 77.126 66.1613 57.0649 53.6863
threshold=0.02650750428438187 0.075507391244173064 1.1153780817985537 -0.035436719655990594 1.0000000180025095e-35 -0.10063671320676802 0.036737985908985145 0.0356238391250372 19.041307449340824 0.036479571834206588 0.0356238391250372 -0.047924537211656563 0.95798712968826305 0.98887497186660778
decision_type=2 2 2 2 2 2 2 2 2 2 2 2 2 2
left_child=3 2 5 6 13 9 7 -1 11 -2 -7 -5 -13 -4
right_child=1 -3 4 8 -6 10 -8 -9 -10 -11 -12 12 -14 -15
leaf_value=0.00035368782380829739 -0.01023757875667999 0.012961716514718559 -0.0010067473862788935 -0.019880122032945976 0.0026968360958249918 0.0076259159279212828 0.0060591342071518233 -0.02022326772019982 -0.022794504918025087 0.0048589435029161862 0.0011378615508395265 -0.00072489114985630637 -0.012097871569375801 -0.012336661995630551
leaf_weight=827.32839373499155 1072.7372445017099 1870.3905167430639 711.5363173596561 598.41931733116508 1558.7438132166862 5765.3591021075845 1225.2670851573348 484.40586544945836 779.4902242384851 771.26582964882255 3677.6866639591753 1022.5739755183458 1139.5102440081537 1837.4135498553514
leaf_count=8489 7670 8091 5256 10675 7998 29514 8381 7601 10400 5351 22168 9901 12003 13752
internal_value=-3.97355e-05 0.00266489 0.00140628 -0.00771552 -0.00468385 0.00362484 -0.00087071 -0.00734062 -0.0126047 -0.00393121 0.00510296 -0.00965549 -0.00674704 -0.00919022
internal_weight=23342.1 17265.1 15394.7 6077 4107.69 11287 2537 1311.73 3539.99 1844 9443.05 2760.5 2162.08 2548.95
internal_count=167250 99800 91709 67450 27006 64703 24471 16090 42979 13021 51682 32579 21904 19008
is_linear=0
shrinkage=0.035


Tree=65
num_leaves=15
num_cat=0
split_feature=8 10 15 21 21 6 12 16 20 24 21 21 22 22
split_gain=384.337 236.791 174.198 132.706 116.678 109.836 76.2026 70.3864 63.2115 98.1409 67.5718 58.3762 57.7646 48.1236
threshold=-0.3732220977544784 0.22471404075622561 18.479951858520511 -0.017164681106805798 0.10439518839120866 0.22712270170450213 0.99016332626342785 1.8479606509208681 -0.05719425901770591 0.037483181804418571 0.031130155548453334 0.086410630494356169 0.47683593630790716 0.61566752195358287
decision_type=2 2 2 2 2 2 2 2 2 2 2 2 2 2
left_child=3 -2 4 6 5 -3 -1 -8 10 12 -5 -4 -10 -13
right_child=1 2 11 8 -6 -7 7 -9 9 -11 -12 13 -14 -15
leaf_value=0.0069624635030897134 -0.017615674625211599 -0.0030400794998257153 -0.011844808552011381 -0.003954531139143804 0.0091986581995327464 0.0068395339031408365 -0.0040259956873794946 0.020498950478241202 0.023968633569196499 0.0016591705244825498 0.015868467570188317 0.0050247553948413477 0.012081292006320295 -0.013779589324884727
leaf_weight=2018.4078161194921 1280.1272860690951 7788.4913980662823 2398.0481890365481 587.9147797524929 1494.360362675041 1664.7160391509533 2112.0738255232573 143.84705793112516 925.16020622104406 631.82670053839684 315.79897402226925 534.99267324060202 1172.1112886741757 230.22415795177221
leaf_count=10465 18837 63655 23076 2977 7969 9680 11653 614 3992 2936 1402 3134 5231 1629
internal_value=-4.02207e-05 -0.00326192 -0.0019482 0.0062269 0.000144589 -0.00129488 0.00203835 -0.00237862 0.011136 0.0137859 0.00307039 -0.00916867 0.017414 -0.000737517
internal_weight=23298.1 15391 14110.8 7907.14 10947.6 9453.21 4274.33 2255.92 3632.81 2729.1 903.714 3163.27 2097.27 765.217
internal_count=167250 127980 109143 39270 81304 73335 22732 12267 16538 12159 4379 27839 9223 4763
is_linear=0
shrinkage=0.035


Tree=66
num_leaves=15
num_cat=0
split_feature=17 24 20 22 23 6 17 22 23 21 21 12 17 3
split_gain=364.359 245.479 251.681 233.979 192.954 127.948 102.914 102.312 81.2538 73.233 62.4266 64.5953 44.9725 44.4522
threshold=0.043850667774677284 0.037677077576518066 0.059742288663983352 0.60064271092414867 0.13085953146219256 -0.033731348812580102 0.10721593350172044 0.31738407909870153 0.15058789402246478 0.05675837583839894 -0.17700782418251035 1.3386537432670595 0.01888248231261969 0.085474483668804183
decision_type=2 2 2 2 2 2 2 2 2 2 2 2 2 2
left_child=1 2 3 4 -1 -4 8 -3 -2 -9 -10 -12 -5 -7
right_child=6 7 5 12 -6 13 -8 9 10 -11 11 -13 -14 -15
leaf_value=0.0039352912693451474 0.014401718998324792 0.015000273785014432 0.019756683617611952 -0.0059422957799711209 -0.0078611531467523785 0.006585050079669706 0.019756610904148979 -0.021829846365442551 -0.015222281335931693 -0.0086943490087657473 0.00516050867314281 -0.0064661705757484171 0.016388537964207372 -0.0076781002989570147
leaf_weight=2187.4022341631353 930.00185933709145 133.45146046578884 873.05025597661734 123.16381853818893 7510.5450653582811 892.95287057384849 596.32856212556362 1133.7636062726378 203.86077575385571 992.62714180350304 5881.45971878618 641.40445709228516 781.95589958131313 371.00293658673763
leaf_count=16283 4091 1222 4521 1188 69983 5229 2697 15789 992 8785 26910 3068 4099 2393
internal_value=-3.86803e-05 -0.00328795 -0.0013975 -0.00360735 -0.00519912 0.0095327 0.00586369 -0.0138924 0.00475731 -0.0157674 0.00340453 0.00400909 0.0133181 0.00237105
internal_weight=23253 14999.9 12740.1 10603.1 9697.95 2137.01 8253.06 2259.84 7656.73 2126.39 6726.72 6522.86 905.12 1263.96
internal_count=167250 129492 103696 91553 86266 12143 37758 25796 35061 24574 30970 29978 5287 7622
is_linear=0
shrinkage=0.035


Tree=67
num_leaves=15
num_cat=0
split_feature=11 15 21 8 11 23 20 21 17 1 3 24 12 15
split_gain=348.491 185.927 154.185 113.233 100.452 98.4315 94.2934 92.9737 87.7675 68.5456 66.0733 65.6318 64.7329 51.4918
threshold=0.21304056793451312 17.374132156372074 -0.047924537211656563 -0.50683027505874623 0.13060905039310458 0.17924155294895175 -0.073807202279567705 -0.10063671320676802 0.069093093276023879 -0.16341354697942731 0.071941811591386809 0.037677077576518066 1.1406371593475344 16.931183815002445
decision_type=2 2 2 2 2 2 2 2 2 2 2 2 2 2
left_child=2 3 -1 9 -4 10 -5 -3 12 -2 -6 -8 -9 -7
right_child=1 7 4 6 5 13 11 8 -10 -11 -12 -13 -14 -15
leaf_value=-0.020066751754589475 0.0064321649484732164 -0.010279916975993822 -0.018098338134709274 -0.0095944517027209374 0.0074438132203728602 -0.0004370241317989699 0.0058571444766914111 0.00054124697286576614 0.013130354094403295 0.017085201362039708 -0.0047311086019930001 -0.0029035465782740952 -0.0086951163242784662 -0.014122474733671255
leaf_weight=1019.2888215705752 1771.1834564134479 1332.7064510472119 602.63719378039241 658.35967767238617 1202.2909307070076 503.2479437738657 5484.9488231837749 4336.5062854625285 547.85160844027996 1286.7910776995122 984.43972219899297 1287.7764446511865 1172.7679534740746 1012.2037489227951
leaf_count=19514 8042 10611 7954 4150 8620 5546 31706 26046 2376 5777 8130 8937 7551 12290
internal_value=-3.77531e-05 0.00230349 -0.00788947 0.00529731 -0.00496633 -0.00278572 0.0029571 -0.00194733 -0.000100044 0.010956 0.00196622 0.00418955 -0.0014371 -0.0096105
internal_weight=23203 17878.9 5324.11 10489.1 4304.82 3702.18 7431.08 7389.83 6057.13 3057.97 2186.73 6772.73 5509.27 1515.45
internal_count=167250 105196 62054 58612 42540 34586 44793 46584 35973 13819 16750 40643 33597 17836
is_linear=0
shrinkage=0.035


Tree=68
num_leaves=15
num_cat=0
split_feature=17 15 3 21 20 24 20 21 22 12 22 22 21 24
split_gain=330.807 219.989 132.754 104.898 91.9689 83.8189 82.175 77.4207 72.8894 65.5748 62.9662 62.0678 49.7962 63.9217
threshold=0.020350486971437935 17.374132156372074 -0.36866962909698481 -0.056625531986355775 -0.073807202279567705 0.037677077576518066 -0.087301429361104951 0.099124651402235045 0.31738407909870153 0.91505810618400585 0.61566752195358287 0.22501113265752795 0.086410630494356169 0.0356238391250372
decision_type=2 2 2 2 2 2 2 2 2 2 2 2 2 2
left_child=7 2 12 9 -4 -6 -5 -1 -8 11 -9 -3 13 -2
right_child=1 3 4 6 5 -7 8 10 -10 -11 -12 -13 -14 -15
leaf_value=-0.015804780098427468 0.013646233657582947 0.0092220807241126541 -0.0086794185826915889 -0.016339374442296248 0.005042641182918698 -0.0042680782147569611 0.0078224163827959603 0.010021914996233616 -0.0014719691976506184 -0.012428610829756676 -0.019664256277877299 -0.0098157825942842558 0.02024401817819239 0.0030979074855492883
leaf_weight=1841.0047627091408 1422.0831745229661 401.49491799250245 858.7286408059299 361.80344611406326 6398.8670095279813 1444.8767895810306 1324.6075305119157 283.09824838861823 4573.977490965277 1800.5228232741356 114.82238889113069 417.97828261554241 519.18535198271275 1398.6520250290632
leaf_count=26005 6472 2734 6172 2811 40789 11822 7388 2393 29376 17155 1280 3697 2325 6831
internal_value=-3.77881e-05 0.00133266 0.00441301 -0.00284476 0.0021312 0.00332429 -0.000379985 -0.0127936 0.000624918 -0.00871043 0.00118373 -0.000489591 0.0103344 0.0084453
internal_weight=23161.7 20922.8 12042.4 8880.38 8702.47 7843.74 6260.39 2238.93 5898.59 2620 397.921 819.473 3339.92 2820.74
internal_count=167250 137572 74411 63161 58783 52611 39575 29678 36764 23586 3673 6431 15628 13303
is_linear=0
shrinkage=0.035


Tree=69
num_leaves=15
num_cat=0
split_feature=8 15 6 21 24 24 23 21 22 24 24 23 21 23
split_gain=316.618 203.354 124.253 113.856 116.21 111.664 108.419 170.821 82.1882 76.2078 96.8465 74.7075 73.6512 70.8666
threshold=-0.38788388669490809 18.479951858520511 0.22712270170450213 0.086410630494356169 0.0356238391250372 0.036355888471007354 0.21764539182186129 -0.10063671320676802 0.31738407909870153 0.034890316426754005 0.033703889697790153 0.33515524864196783 0.083047490566968932 0.29939925670623785
decision_type=2 2 2 2 2 2 2 2 2 2 2 2 2 2
left_child=3 2 6 4 9 -6 7 -2 -7 10 -1 -8 -11 -4
right_child=1 -3 13 -5 5 8 11 -9 -10 12 -12 -13 -14 -15
leaf_value=0.010816105233153463 -0.015552518344852363 -0.0099990329305434458 0.0058291258454435139 0.016685560319813143 -0.013283829988131999 0.011406132376450356 -0.0095745839366733736 0.001837705287027937 -0.0023790051583063377 0.019402710987729863 -0.003080401042278043 0.01668776734967465 -0.017440821207795484 0.038339638985798764
leaf_weight=1517.1380628682673 764.59701165929437 3717.1948307268322 1954.3319937698543 1023.6497243866324 682.2191561460495 836.8581398576498 2557.575100723654 6474.2247285544872 1408.0977624282241 898.22360562160611 1021.7700774110854 131.00965514779091 64.113107532262802 76.256047714501619
leaf_count=7269 9775 36690 11287 4535 3708 4021 24794 46686 7533 4147 5157 979 282 387
internal_value=-3.74246e-05 -0.0028608 -0.000635345 0.00589732 0.00415618 -0.000990614 -0.0022502 -1.80499e-05 0.00278751 0.00844966 0.00523339 -0.00823777 0.016794 0.00723192
internal_weight=23127.3 15675.2 11958 7452.07 6428.42 2927.18 9927.41 7238.82 2244.96 3501.24 2538.91 2688.58 962.337 2030.59
internal_count=167250 130598 93908 36652 32117 15262 82234 56461 11554 16855 12426 25773 4429 11674
is_linear=0
shrinkage=0.035


Tree=70
num_leaves=15
num_cat=0
split_feature=10 15 3 21 23 10 11 23 3 23 12 21 23 21
split_gain=308.004 183.309 109.793 85.9788 83.47 98.8442 82.9774 78.8407 72.0832 73.4441 68.3528 56.1847 49.2947 51.7273
threshold=0.27324403822422033 17.374132156372074 -0.36866962909698481 -0.047924537211656563 0.15058789402246478 0.54741662740707409 0.13060905039310458 0.15058789402246478 0.071941811591386809 0.18587674200534823 1.1539489626884463 0.022456310689449314 0.13085953146219256 0.099124651402235045
decision_type=2 2 2 2 2 2 2 2 2 2 2 2 2 2
left_child=3 2 12 -1 -3 10 -5 -4 9 -8 -6 -9 -2 -14
right_child=1 4 7 6 5 -7 8 11 -10 -11 -12 -13 13 -15
leaf_value=-0.021109048000822809 0.024734716841841489 0.0048531368498080651 0.0082798718014403163 -0.01888038353535151 -0.0051124188193836101 0.0013348138855157801 0.0095408308152012972 -0.0023734090871545504 -0.011926290624964203 -0.0097837325951983783 -0.016272389546757256 0.0043767810412292723 0.0068871853574737959 0.021571281964933246
leaf_weight=707.60801726952195 240.95077785849571 1578.627125043422 1982.3808398284018 547.97962272539735 3477.3523223772645 2604.4760880023241 657.44109072163701 3816.2266934253275 696.46533785387874 367.43890234827995 829.4201141372323 2485.8302459381521 2773.0679060071707 322.73272497206926
leaf_count=14617 1125 8863 10499 7549 29062 12173 5771 29281 7926 4607 7666 13613 13056 1442
internal_value=-3.59513e-05 0.00152093 0.00437542 -0.0105236 -0.00238692 -0.00404527 -0.00714475 0.00221102 -0.00332131 0.00258502 -0.00729438 0.000291902 0.0097265 0.00848251
internal_weight=23088 20111.1 11621.2 2976.93 8489.88 6911.25 2269.32 8284.44 1721.35 1024.88 4306.77 6302.06 3336.75 3095.8
internal_count=167250 126780 69016 40470 57764 48901 25853 53393 18304 10378 36728 42894 15623 14498
is_linear=0
shrinkage=0.035


Tree=71
num_leaves=15
num_cat=0
split_feature=17 15 8 20 21 24 20 21 22 1 12 22 22 22
split_gain=291.879 185.132 112.184 98.6479 94.8164 87.4002 76.7443 72.999 67.2087 61.4812 60.5811 59.2742 56.7009 50.2101
threshold=0.020350486971437935 17.374132156372074 -0.50683027505874623 -0.073807202279567705 -0.056625531986355775 0.037677077576518066 -0.087301429361104951 0.099124651402235045 0.31738407909870153 -0.16341354697942731 0.9804353415966035 0.61566752195358287 0.22501113265752795 0.31738407909870153
decision_type=2 2 2 2 2 2 2 2 2 2 2 2 2 2
left_child=7 2 9 -4 10 -5 -6 13 -8 -2 12 -9 -3 -1
right_child=1 4 3 5 6 -7 8 11 -10 -11 -12 -13 -14 -15
leaf_value=-0.0035033100227869918 0.0055728514913093571 0.0057989227161715923 -0.0096996488893625974 0.0049563124205407741 -0.015805336380408038 -0.0042983060606467316 0.0076150051502798426 0.0099215345346057408 -0.0013185800769965059 0.015665863010298924 -0.012876139121182824 -0.0191049573298804 -0.0098355608584180867 -0.018102870603788377
leaf_weight=368.01408453658223 1770.338856972754 557.21448894962668 783.42510801926255 6669.5206388011575 356.52209236845374 1529.709235727787 1322.8024922162294 283.32333257421851 4555.9082428440452 1282.4193576537073 1468.7728843055665 112.0841468423605 560.1089905872941 1426.6495552361012
leaf_count=5190 8041 3898 5878 42260 2811 12445 7388 2393 29376 5787 14467 1280 5221 20815
internal_value=-3.54368e-05 0.00124298 0.00406463 0.00208967 -0.00260699 0.00322657 -0.000266479 -0.0121605 0.000701135 0.00985008 -0.00822735 0.00142525 -0.00205629 -0.0151451
internal_weight=23046.8 20856.7 12035.4 8982.65 8821.33 8199.23 6235.23 2190.07 5878.71 3052.76 2586.1 395.407 1117.32 1794.66
internal_count=167250 137572 74411 60583 63161 54705 39575 29678 36764 13828 23586 3673 9119 26005
is_linear=0
shrinkage=0.035


Tree=72
num_leaves=15
num_cat=0
split_feature=11 21 23 21 22 20 22 15 7 11 23 22 21 3
split_gain=278.564 137.377 136.33 146.901 136.394 223.61 129.362 88.2737 79.8668 76.1221 80.771 72.5169 66.5747 99.9737
threshold=0.21304056793451312 -0.047924537211656563 0.13085953146219256 0.11223756149411203 0.31738407909870153 -0.042127339169383042 0.50607720017433178 19.512166976928714 -0.13664198666810987 0.13060905039310458 0.17924155294895175 0.4182021170854569 0.12066358700394632 0.085474483668804183
decision_type=2 2 2 2 2 2 2 2 2 2 2 2 2 2
left_child=1 -1 8 4 5 -4 -6 9 11 -3 -11 -2 13 -5
right_child=2 7 3 12 6 -7 -8 -9 -10 10 -12 -13 -14 -15
leaf_value=-0.019005505504734944 0.0047493112811656099 -0.01551696103010344 -0.0047159197047584069 0.033171591901256993 -0.0065007375861527005 0.0086296998168316191 0.0030169525868566278 -0.018870203470105661 0.0019823611148202156 0.0037278698679097258 -0.007403697928329421 0.022653224272106611 0.0071560476476528519 -0.013550269639794629
leaf_weight=964.95698602125049 439.56794162094593 480.19972108304501 2465.0840281099081 285.50584790110588 5141.5671413578093 4057.1553809568286 2641.5567230843008 451.57946965098381 799.30577401816845 1982.9477301724255 1322.444982111454 770.74283102154732 1148.8253822848201 63.386006221175194
leaf_count=19514 2386 6531 15625 1212 36268 23150 13405 5305 3845 14999 15705 3601 5435 269
internal_value=-3.55502e-05 -0.00715286 0.00204588 0.000950939 -0.000144134 0.00358622 -0.00327075 -0.00441519 0.0106089 -0.0026457 -0.000734625 0.016243 0.0113421 0.0245422
internal_weight=23014.8 5202.13 17812.7 15803.1 14305.4 6522.24 7783.12 4237.17 2009.62 3785.59 3305.39 1210.31 1497.72 348.892
internal_count=167250 62054 105196 95364 88448 38775 49673 42540 9832 37235 30704 5987 6916 1481
is_linear=0
shrinkage=0.035


Tree=73
num_leaves=15
num_cat=0
split_feature=17 3 23 23 22 23 17 15 23 17 23 10 20 23
split_gain=272.582 176.476 196.229 204.591 150.022 127.061 153.433 120.919 111.1 91.3503 66.7055 65.2752 63.2589 54.6632
threshold=0.043850667774677284 -0.11921780183911322 0.23850326985120776 0.29939925670623785 0.31738407909870153 0.15637215971946719 0.01888248231261969 16.931183815002445 0.17924155294895175 0.10721593350172044 0.15058789402246478 0.39907455444335943 -0.011756616178900002 0.16732890158891681
decision_type=2 2 2 2 2 2 2 2 2 2 2 2 2 2
left_child=1 2 4 -4 12 6 -3 13 -6 10 -2 -9 -1 -7
right_child=9 5 3 -5 8 7 -8 11 -10 -11 -12 -13 -14 -15
leaf_value=0.0048493883608550581 0.012838649116697957 -0.016712784238992862 -0.021903189362742499 0.0086095937960476415 0.0065122785368007894 -0.017276201026992163 0.0033328906983642846 -0.015780714392350584 -0.0063372751476746866 0.018291820886958427 0.0028155444542634469 -0.0056800272387570174 0.021989594922072208 -0.00014571375245480312
leaf_weight=415.3278929926455 917.47020876407623 560.0769964158535 737.08187339454889 413.95023128017783 2083.15157263726 250.17648395523429 2595.9060344099998 2612.7013533785939 1350.0884666852653 584.90600715577602 6710.6940177455544 1140.3264585323632 747.35840620100498 1857.3492764718831
leaf_count=2870 4091 7751 7479 3716 11948 2595 17795 34489 11412 2697 30970 7765 4016 17656
internal_value=-3.49965e-05 -0.00287787 0.00191335 -0.0109501 0.00515174 -0.00593044 -0.00026607 -0.00897512 0.00145559 0.00507253 0.00403629 -0.012735 0.0159604 -0.00225119
internal_weight=22976.6 14763.5 5746.96 1151.03 4595.93 9016.54 3155.98 5860.55 3433.24 8213.07 7628.16 3753.03 1162.69 2107.53
internal_count=167250 129492 41441 11195 30246 88051 25546 62505 23360 37758 35061 42254 6886 20251
is_linear=0
shrinkage=0.035


Tree=74
num_leaves=15
num_cat=0
split_feature=8 15 6 21 23 21 24 24 22 24 24 23 21 21
split_gain=252 177.359 115.537 103.125 130.377 101.669 116.072 106.546 74.7595 74.2469 96.9922 72.7758 69.247 50.1053
threshold=-0.3732220977544784 18.744083404541019 0.22712270170450213 0.10439518839120866 0.13085953146219256 0.088003512471914305 0.0356238391250372 0.036355888471007354 0.31738407909870153 0.034890316426754005 0.033703889697790153 0.29939925670623785 0.083047490566968932 -0.033373324200510972
decision_type=2 2 2 2 2 2 2 2 2 2 2 2 2 2
left_child=5 2 3 4 -2 6 9 -8 -9 10 -1 -4 -11 -3
right_child=1 13 11 -5 -6 -7 7 8 -10 12 -12 -13 -14 -15
leaf_value=0.0098170329366586723 0.0058558215544577434 -0.017411286008995358 0.0051838278393093211 0.0066265615580258647 -0.0056663643338166056 0.016398327431057905 -0.013137114574784519 0.0102352175814997 -0.0024401410828576728 0.018243907586702843 -0.0035062953229724561 0.037347683843052031 -0.015850205716548542 -0.0073459210421084366
leaf_weight=1748.935535877943 1429.7574524283409 888.41698447614908 2030.165153387934 1334.4388841204345 7345.7885757610202 850.81162114441395 712.64931071177125 883.03236772492528 1568.0421363897622 954.46706809476018 1073.8297506757081 80.430852685123682 71.425915524363518 1957.3874235600233
leaf_count=8450 10779 12339 11864 7759 67888 3825 3960 4279 8470 4451 5520 405 315 16946
internal_value=-3.47791e-05 -0.00268514 -0.000849294 -0.0024052 -0.00378458 0.00504045 0.00364101 -0.00132456 0.00214936 0.00771572 0.00475412 0.00657987 0.0157401 -0.0105381
internal_weight=22929.6 15066.4 12220.6 10110 8775.55 7863.19 7012.38 3163.72 2451.07 3848.66 2822.77 2110.6 1025.89 2845.8
internal_count=167250 127980 98695 86426 78667 39270 35445 16709 12749 18736 13970 12269 4766 29285
is_linear=0
shrinkage=0.035


Tree=75
num_leaves=15
num_cat=0
split_feature=10 23 21 10 22 23 3 14 7 22 24 3 10 21
split_gain=246.015 153.484 158.419 166.211 78.9988 86.713 75.6792 75.5962 70.8245 76.7237 65.3641 62.8291 51.3347 54.8729
threshold=0.26202417910099035 0.13085953146219256 0.11223756149411203 0.50342997908592235 0.61566752195358287 0.19671232253313067 -0.77037078142166127 0.98003539443016063 -0.13664198666810987 0.4182021170854569 0.037677077576518066 0.035082181915640838 0.17814408987760547 0.036737985908985145
decision_type=2 2 2 2 2 2 2 2 2 2 2 2 2 2
left_child=10 8 3 7 5 -4 -5 -3 9 -2 11 12 -1 -14
right_child=1 2 4 6 -6 -7 -8 -9 -10 -11 -12 -13 13 -15
leaf_value=-0.022437705510528677 0.003641175037777185 -0.001590737653147426 0.022696978648265108 0.014829926774893067 0.0021635793791721673 0.00032909836577591471 0.0015066685589997782 -0.0084953623296234581 0.0034952567607039395 0.021798356785282493 -0.024832291605393804 -0.01386974483693103 -0.0069349519431494144 0.010471796726757779
leaf_weight=117.99645169079304 452.1881200671196 4306.814463108778 715.89257606863976 551.30436590313911 961.45969543233514 300.49731610715389 7568.4573346301913 3537.0427517518401 1287.706263422966 783.49274785071611 330.32343420386314 1108.58152230829 460.46617881581187 410.00881679728627
leaf_count=1809 2539 38469 3226 2374 5027 1775 36198 31611 7241 3716 6577 16154 7100 3434
internal_value=-3.33886e-05 0.00121794 7.919e-05 -0.00108041 0.00939688 0.0161515 0.0024284 -0.0047111 0.00928226 0.0152364 -0.0105449 -0.00818717 -0.00173902 0.00128974
internal_weight=22892.2 20464.9 17941.5 15963.6 1977.85 1016.39 8119.76 7843.86 2523.39 1235.68 2427.38 2097.05 988.471 870.475
internal_count=167250 132176 118680 108652 10028 5001 38572 70080 13496 6255 35074 28497 12343 10534
is_linear=0
shrinkage=0.035


Tree=76
num_leaves=15
num_cat=0
split_feature=15 17 23 8 11 20 21 5 24 23 20 24 16 15
split_gain=237.77 163.372 127.725 121.135 95.6747 70.1636 70.0841 66.8398 65.8474 61.0399 59.0308 56.1838 45.7869 42.5563
threshold=16.994544029235843 0.023000110872089866 0.15058789402246478 -0.56176775693893422 0.26098705828189855 -0.073807202279567705 0.086410630494356169 -0.066195905208587633 0.037677077576518066 0.33515524864196783 0.059742288663983352 0.033361051231622703 0.82219812273979198 20.375073432922367
decision_type=2 2 2 2 2 2 2 2 2 2 2 2 2 2
left_child=3 6 13 11 -4 -5 12 -6 10 -10 -7 -1 -2 -3
right_child=1 2 4 5 7 8 -8 -9 9 -11 -12 -13 -14 -15
leaf_value=0.024484978953455895 -0.0024057066719228642 0.0081902836632157926 -0.0097039529599959803 -0.0082632701255671605 -0.0056143875158880295 0.0028867215673455591 -0.0020582619859108738 0.0019933772704535165 -0.0060027829262542312 0.020530916155562455 0.011598952992920209 0.0088285205651195981 -0.017161934145303911 -0.018937444246402119
leaf_weight=333.49301521480083 313.06202942505479 1752.4385398253798 2015.0501870214939 734.60181653872132 2272.8280183523893 5085.0315504148602 759.21196588873863 3710.9023975096643 1290.2546041831374 105.90317948907614 1165.8947478123009 1703.8438007086515 1544.0275224037468 64.551340434700251
leaf_count=1498 3946 9533 21767 5579 13514 35166 6812 20561 11016 673 5910 7609 23304 362
internal_value=-3.27274e-05 -0.00329993 -0.00122407 0.00386516 -0.00312788 0.00199825 -0.0110538 -0.000900861 0.00299351 -0.00385842 0.00452762 0.0114984 -0.0147006 0.00712815
internal_weight=22851.1 12432.1 9815.77 10419 7998.78 8381.69 2616.3 5983.73 7647.08 1396.16 6250.93 2037.34 1857.09 1816.99
internal_count=167250 99799 65737 67451 55842 58344 34062 34075 52765 11689 41076 9107 27250 9895
is_linear=0
shrinkage=0.035


Tree=77
num_leaves=15
num_cat=0
split_feature=17 23 3 17 21 22 21 22 7 21 22 21 22 22
split_gain=226.823 165.375 157.179 114.02 106.441 155.268 76.7034 69.1029 67.3474 64.3661 61.3363 58.7928 55.0971 49.3576
threshold=0.020350486971437935 0.13085953146219256 -0.21420251578092572 0.037299925461411483 0.086410630494356169 0.29079861938953405 0.11223756149411203 0.54243603348732006 -0.13664198666810987 0.099124651402235045 0.4182021170854569 -0.056625531986355775 0.61566752195358287 0.31738407909870153
decision_type=2 2 2 2 2 2 2 2 2 2 2 2 2 2
left_child=9 8 4 6 5 -3 -4 -6 10 13 -2 -5 -11 -1
right_child=1 2 3 11 7 -7 -8 -9 -10 12 -12 -13 -14 -15
leaf_value=-0.0021838737239655232 0.0048108427835628362 0.008239214304001952 -0.0076770795166653336 -0.0043257007689739288 0.02264814670435104 -0.0027456684089634722 0.0037997912698944131 0.0063351115377947948 0.0039058705311424829 0.0099344496727964485 0.021086975436935215 0.0043210884463300873 -0.018377010525733734 -0.01690205793710688
leaf_weight=354.94885078072548 452.90605517104268 2650.3127075619996 5136.1306097954512 1447.6957864649594 502.56372386217117 3859.6860895715654 821.93937212601304 869.7069948092103 1359.957612413913 282.27211809158325 783.03928789496422 2832.2714225053787 108.36333016306162 1354.8352357894182
leaf_count=5190 2643 13771 53398 8727 2182 22745 4808 4082 7980 2393 3736 13500 1280 20815
internal_value=-3.20117e-05 0.00108107 -0.000104479 -0.00296349 0.00360805 0.00173221 -0.00609009 0.01243 0.00932523 -0.0109633 0.0152091 0.00139305 0.00181811 -0.013877
internal_weight=22816.6 20716.2 18120.3 10238 7882.27 6510 5958.07 1372.27 2595.9 2100.42 1235.95 4279.97 390.635 1709.78
internal_count=167250 137572 123213 80433 42780 36516 58206 6264 14359 29678 6379 22227 3673 26005
is_linear=0
shrinkage=0.035


Tree=78
num_leaves=15
num_cat=0
split_feature=15 8 11 10 20 24 23 1 21 22 23 21 22 3
split_gain=221.534 117.954 105.79 82.0578 76.6563 93.134 70.8283 70.4652 54.5494 60.8147 67.8889 48.799 55.9513 44.6257
threshold=18.065536499023441 -0.38788388669490809 0.22148441523313525 0.21730648726224902 -0.073807202279567705 0.037677077576518066 0.13085953146219256 -0.062102336436510079 -0.056625531986355775 0.31738407909870153 0.17924155294895175 0.086410630494356169 0.61566752195358287 -0.67762821912765492
decision_type=2 2 2 2 2 2 2 2 2 2 2 2 2 2
left_child=1 6 11 -3 -5 -6 -1 13 -4 -10 -11 -2 -13 -8
right_child=2 3 8 4 5 -7 7 -9 9 10 -12 12 -14 -15
leaf_value=0.018140333376635287 -0.015072628534265445 -0.014322801665801735 -0.0079654235071531486 -0.0099204772159970749 0.003155635458127525 -0.005847146070401185 0.010181546105251389 0.01052622477774825 0.0086458226931804341 0.0034910075869603501 -0.0090870750649436755 0.0033757823773030737 -0.018762383053100427 5.6236573327122405e-05
leaf_weight=537.95990804582834 1554.8978398069739 462.44622519612312 1387.4400299564004 772.45934084430337 7574.699940379709 1718.8238593488932 647.56002877652645 1781.778808336705 793.52464237809181 1064.5892240181565 1020.7734558396041 443.86315977573395 192.65219349041581 2820.4029600061476
leaf_count=2547 23691 7372 11092 6533 52465 16049 2797 8366 4122 5097 7161 3563 1911 14484
internal_value=-3.09374e-05 0.00214085 -0.00551299 -6.6733e-05 0.000601777 0.00148609 0.00614985 0.00488899 -0.00229154 0.000461013 -0.00267988 -0.0117457 -0.00351128 0.00197074
internal_weight=22773.9 16316.1 6457.74 10528.4 10066 9293.52 5787.7 5249.74 4266.33 2878.89 2085.36 2191.41 636.515 3467.96
internal_count=167250 110613 56637 82419 75047 68514 28194 25647 27472 16380 12258 29165 5474 17281
is_linear=0
shrinkage=0.035


Tree=79
num_leaves=15
num_cat=0
split_feature=15 10 8 21 23 8 20 24 24 24 21 7 10 1
split_gain=208.778 136.247 105.873 87.2131 65.5934 63.8358 63.1295 57.7852 51.5636 49.8542 58.0205 48.0036 43.9105 42.8063
threshold=16.994544029235843 0.27324403822422033 -0.56176775693893422 -0.072656657546758638 0.13085953146219256 -0.30037538707256312 -0.073807202279567705 0.039040250703692443 0.033361051231622703 0.037677077576518066 0.086410630494356169 -0.05118428356945514 0.20916596055030826 0.183617077767849
decision_type=2 2 2 2 2 2 2 2 2 2 2 2 2 2
left_child=2 9 8 13 11 -6 -4 12 -1 10 -2 -5 -8 -3
right_child=1 3 6 4 5 -7 7 -9 -10 -11 -12 -13 -14 -15
leaf_value=0.023267465562998298 -0.012982200255879943 -0.0086995878395010554 -0.0079048732741197388 0.01285892415106411 0.0027746887989198226 -0.0039693810781007734 -0.014018990460902894 -0.012718214959191246 0.0082168634874438626 -0.025466609578058016 0.0020250252884180162 -0.0039146210235510605 0.0038209695087565317 0.0086312853736850124
leaf_weight=330.42346876859665 1256.8246180862188 2215.4054832756519 728.2180158495903 766.08777447789907 3070.3768547810614 3882.302127584815 163.44688636437058 272.99530631676316 1701.3918935582042 266.39459533989429 417.01465383172035 280.67620244249701 7205.9995910003781 181.56015395373106
leaf_count=1498 19790 18352 5579 3874 16232 29429 2515 2852 7609 5638 3745 1509 47398 1230
internal_value=-3.07375e-05 -0.0031092 0.00361959 -0.00151521 0.000242067 -0.000991421 0.00187406 0.00281497 0.0107664 -0.0115988 -0.00925353 0.00836683 0.00340684 -0.00735644
internal_weight=22739.1 12336.6 10402.5 10396.4 7999.44 6952.68 8370.66 7642.44 2031.82 1940.23 1673.84 1046.76 7369.45 2396.97
internal_count=167250 99799 67451 70626 51044 45661 58344 52765 9107 29173 23535 5383 49913 19582
is_linear=0
shrinkage=0.035


Tree=80
num_leaves=15
num_cat=0
split_feature=17 24 20 22 20 20 22 3 17 21 24 21 23 8
split_gain=196.565 182.509 181.383 174.717 154.595 108.568 88.0513 83.505 80.4034 63.9817 60.9592 47.9117 43.7379 37.3727
threshold=0.043850667774677284 0.037677077576518066 0.059742288663983352 0.60064271092414867 0.038012521341443069 0.11053578183054925 0.31738407909870153 0.085474483668804183 0.10721593350172044 0.07573214173316957 0.033361051231622703 -0.17700782418251035 0.31619535386562353 -0.42096169292926783
decision_type=2 2 2 2 2 2 2 2 2 2 2 2 2 2
left_child=1 2 3 4 -1 7 -3 -4 10 13 -2 -12 -13 -8
right_child=8 6 5 -5 -6 -7 9 -9 -10 -11 11 12 -14 -15
leaf_value=-0.0026116789439245593 0.011110663872796227 0.014755342564695772 0.018537733126559791 0.011788586686144414 -0.016893349827120832 -0.0013781075349033921 0.0015108190646480183 -0.0055582141038558923 0.016836274630946627 -0.005784693788205255 -0.014353932138985968 0.0019191385454787632 0.014765525407774161 -0.0206249007133072
leaf_weight=8335.7785280384123 1054.8448278009892 133.42962726950645 1091.6027478501201 908.82769890129566 1035.8019583486021 843.43395050615072 100.47191913425922 204.98819992691278 573.44695581495762 763.8967536687851 200.70083291828632 6012.7746857255697 333.62346428632736 1113.9599638469517
leaf_count=76485 4566 1222 5960 5287 9781 4861 820 1322 2697 6994 992 28004 1499 16760
internal_value=-3.05794e-05 -0.00247259 -0.000851279 -0.00278239 -0.0042065 0.00839532 -0.0119595 0.0147148 0.00430794 -0.0138264 0.00334199 0.0020753 0.00261663 -0.0187962
internal_weight=22707.6 14532.2 12420.4 10280.4 9371.58 2140.02 2111.76 1296.59 8175.39 1978.33 7601.94 6547.1 6346.4 1214.43
internal_count=167250 129492 103696 91553 86266 12143 25796 7282 37758 24574 35061 30495 29503 17580
is_linear=0
shrinkage=0.035


Tree=81
num_leaves=15
num_cat=0
split_feature=15 3 11 21 17 20 23 22 23 23 5 3 21 22
split_gain=196.08 102.325 94.7649 84.5695 78.1041 74.2556 86.939 92.9236 58.244 58.1527 54.803 51.2584 54.9926 50.3039
threshold=18.065536499023441 -0.17153724282979962 0.22148441523313525 -0.090231973677873598 0.038235444575548179 0.059742288663983352 0.13085953146219256 0.26816761493682867 0.21764539182186129 0.21764539182186129 0.073021933436393752 -0.77037078142166127 -0.056625531986355775 0.51145267486572277
decision_type=2 2 2 2 2 2 2 2 2 2 2 2 2 2
left_child=1 5 -2 10 9 6 -1 -8 13 -5 -3 -4 -13 -7
right_child=2 3 11 4 -6 8 7 -9 -10 -11 -12 12 -14 -15
leaf_value=0.015147713194746573 -0.011185922068260013 -0.010589428687230992 0.019535846638553428 0.00018872730219948562 0.0058406200281040073 0.020336807509936668 0.0075868447626132778 -0.0022880728246106076 -0.0041267164442524854 -0.0097706034575332397 0.0090474158798356727 -0.0087087805526967366 -6.898233775649615e-05 0.0074220160868161749
leaf_weight=637.19737882912159 2150.4904765896499 1313.0906517580152 119.33462823927402 3932.948470916599 2654.3875407241285 747.18180849403143 1882.5252054408193 3037.9471519030631 251.1912776120007 868.55310655385256 192.68755658715963 1320.5267137624323 2805.6596866510808 756.93323816731572
leaf_count=3119 29165 13821 515 32044 12752 3347 10021 17778 1803 10536 1588 10876 16081 3804
internal_value=-2.98116e-05 0.00201084 -0.00521727 -0.00049658 0.00103428 0.00508003 0.0030871 0.0014977 0.0113368 -0.0016294 -0.00803348 -0.00217478 -0.0028484 0.0139295
internal_weight=22670.7 16274.6 6396.01 8961.67 7455.89 7312.98 5557.67 4920.47 1755.31 4801.5 1505.78 4245.52 4126.19 1504.12
internal_count=167250 110613 56637 70741 55332 39872 30918 27799 8954 42580 15409 27472 26957 7151
is_linear=0
shrinkage=0.035


Tree=82
num_leaves=15
num_cat=0
split_feature=10 15 23 10 8 3 21 15 23 23 16 0 7 23
split_gain=188.117 145.315 100.556 110.361 83.9859 72.9127 56.4084 55.7189 46.9698 44.6825 39.3548 38.894 35.9355 35.4238
threshold=0.22471404075622561 16.994544029235843 0.15058789402246478 0.38306824862957006 -0.56176775693893422 -0.14468637853860852 0.11223756149411203 20.090690612792972 0.33515524864196783 0.13085953146219256 0.87859347462654125 0.095587890595197691 -0.13664198666810987 0.13085953146219256
decision_type=2 2 2 2 2 2 2 2 2 2 2 2 2 2
left_child=10 4 7 5 13 -4 9 12 -5 -6 -1 -9 -3 -2
right_child=1 2 3 8 6 -7 -8 11 -10 -11 -12 -13 -14 -15
leaf_value=-0.001418034860070339 0.026078374866241288 0.011838253322065726 -0.00060369271853936231 -0.0014676160530172476 0.0073718837831543808 -0.012663469391146577 0.010639031726554962 -0.024298772868966451 0.017810077968488561 -7.2913379521325904e-05 -0.017431573294837469 0.015624835466483281 0.0025034361177995066 0.0087074389021281201
leaf_weight=241.39900190755725 149.64022055268288 785.22973343357444 865.13262068852782 5960.114352863282 1170.205857411027 2115.5103342942894 847.65730029344559 118.95492140948772 148.97501622140408 6049.2605172134936 870.76820804178715 31.356308303773403 1405.2594138197601 1875.8612859100103
leaf_count=3784 767 4472 8677 33780 6427 27569 4269 869 692 43126 15102 180 9196 8340
internal_value=-2.85953e-05 0.000699485 -0.00200211 -0.0036677 0.00375817 -0.00917684 0.00215215 0.00445375 -0.000969177 0.00114234 -0.0139994 -0.0155152 0.0058883 0.0101126
internal_weight=22635.3 21523.2 11430.5 9089.73 10092.6 2980.64 8067.12 2340.8 6109.09 7219.47 1112.17 150.311 2190.49 2025.5
internal_count=167250 148364 85435 70718 62929 36246 53822 14717 34472 49553 18886 1049 13668 9107
is_linear=0
shrinkage=0.035


Tree=83
num_leaves=15
num_cat=0
split_feature=17 23 21 17 12 7 3 20 23 20 21 21 23 24
split_gain=179.666 134.253 132.871 133.56 140.474 58.7442 58.0466 56.8536 81.6737 49.3734 45.8725 39.9264 36.256 35.1916
threshold=0.019393950700759891 0.13085953146219256 0.11223756149411203 0.041332822293043144 0.99016332626342785 -0.13664198666810987 -0.77037078142166127 0.1306782625615597 0.18989720195531848 -0.073807202279567705 0.099124651402235045 0.14041382819414142 0.20332494378089908 0.037930995225906379
decision_type=2 2 2 2 2 2 2 2 2 2 2 2 2 2
left_child=10 5 3 4 -3 9 -5 8 -4 -2 12 -12 -1 -14
right_child=1 2 7 6 -6 -7 -8 -9 -10 -11 11 -13 13 -15
leaf_value=-0.017462257817139584 -0.0041715254856386176 -0.0005842442354947649 0.016315135634849855 0.012936335990897576 -0.009733103662692465 0.0032677313044670118 0.0011819734377519113 -0.0038461372718797699 -0.00036706101663864355 0.016321326519161548 0.0070960154815625188 -0.023505062439136897 0.0032317501878787172 -0.022259575768382084
leaf_weight=977.67202899605036 161.66037648171186 5034.1801107227802 1118.5717382878065 544.30798591673374 3466.6423911005259 1437.0455865487456 7242.0325139015913 384.9476875513792 526.93457481637597 1086.5851349271834 248.02895520627499 55.500095397233963 237.25984162092209 81.060582384467125
leaf_count=15939 1053 42557 5217 2371 37711 8756 34556 1823 3412 5512 2228 805 3285 2025
internal_value=-2.74063e-05 0.000835856 -0.000237152 -0.00129121 -0.00432221 0.00812906 0.00201921 0.00818283 0.0110031 0.0136552 -0.0112974 0.000929399 -0.0141462 -0.00373991
internal_weight=22602.4 21002.9 18317.6 16287.2 8500.82 2685.29 7786.34 2030.45 1645.51 1248.25 1599.52 303.529 1295.99 318.32
internal_count=167250 142968 127647 117195 80268 15321 36927 10452 8629 6565 24282 3033 21249 5310
is_linear=0
shrinkage=0.035


Tree=84
num_leaves=15
num_cat=0
split_feature=17 21 8 20 20 22 17 21 24 20 21 22 24 20
split_gain=169.242 127.264 111.019 93.5708 116.055 87.2912 99.9952 98.9178 86.2222 80.3425 80.1934 82.5737 56.3388 52.021
threshold=0.019393950700759891 -0.072656657546758638 -0.2901345938444137 0.038012521341443069 -0.05719425901770591 0.2154868766665459 0.043850667774677284 -0.17700782418251035 0.033703889697790153 0.056490141898393638 0.088003512471914305 0.31738407909870153 0.034263120964169509 -0.073807202279567705
decision_type=2 2 2 2 2 2 2 2 2 2 2 2 2 2
left_child=-1 5 10 4 -4 7 8 -2 -7 -5 11 -3 -8 -9
right_child=1 2 3 9 -6 6 12 13 -10 -11 -12 -13 -14 -15
leaf_value=-0.011020498564700139 -0.017803163453159888 0.0097390080290721166 -0.0058217618596409617 -0.015038759999424821 0.0057919310443218667 -0.001925884425432952 0.0061797186339990423 -0.009697979712447494 -0.019252851106168097 -0.002039572881563994 0.013571513863547421 0.0010406098780374579 -0.0082354424710533031 0.0072376083731537852
leaf_weight=1584.410101249814 268.44157968834043 1954.8929512575269 1448.9836938269436 732.68993846327066 3794.0495962537825 518.82178581506014 681.81285591423512 252.96656172722578 1098.8839791938663 2719.1723115518689 1235.3943261355162 4191.8561308532953 628.90772070735693 1454.9547358602285
leaf_count=24282 2044 9625 12524 5951 27515 5359 3113 2008 14709 18157 5611 22839 3294 10219
internal_value=-2.72842e-05 0.000807706 0.00231329 -0.000367212 0.00257736 -0.00412199 -0.00794783 0.00155832 -0.0137418 -0.00483424 0.00546668 0.00381835 -0.000746925 0.00468737
internal_weight=22566.2 20981.8 16077 8694.9 5243.03 4904.79 2928.43 1976.36 1617.71 3451.86 7382.14 6146.75 1310.72 1707.92
internal_count=167250 142968 102222 64147 40039 40746 26475 14271 20068 24108 38075 32464 6407 12227
is_linear=0
shrinkage=0.035


Tree=85
num_leaves=15
num_cat=0
split_feature=15 3 11 23 21 22 6 21 23 8 3 21 22 20
split_gain=169.452 86.4151 79.1642 79.1365 86.469 92.6575 74.2064 60.0371 57.9753 47.9323 45.8519 48.5362 57.6144 42.4714
threshold=18.065536499023441 -0.035436719655990594 0.22148441523313525 0.13085953146219256 0.086410630494356169 0.29079861938953405 0.18781600892543796 -0.10063671320676802 0.29939925670623785 -0.15150538086891172 -0.77037078142166127 -0.072656657546758638 0.31738407909870153 -0.0041903067613020531
decision_type=2 2 2 2 2 2 2 2 2 2 2 2 2 2
left_child=1 3 -2 -1 5 -5 7 -3 -8 -9 -4 -12 -13 -10
right_child=2 6 10 4 -6 -7 8 9 13 -11 11 12 -14 -15
leaf_value=0.013341985490948316 -0.010424349116587014 -0.012561978843246493 0.018468957882423226 0.0061736926038600762 0.010064187753253209 -0.0019812630428670849 0.0032730966063744395 0.0017800213965566089 0.0061386851800913009 -0.0060606773590846678 -0.0092094249190608091 0.0072291888149010088 -0.0034746142649627796 0.0579501838838778
leaf_weight=976.57122193649411 2097.9204488098621 763.1878797262907 118.73217958211899 2791.4678657874465 1655.3155948705971 4359.233132623136 1769.0040512569249 2050.8556095138192 40.765138823539019 1772.0707680881023 1049.0380222573876 841.83954197540879 2215.4478879421949 32.238178979605436
leaf_count=5225 29165 8804 515 16749 8221 29320 11093 12944 225 17870 8650 4487 13820 162
internal_value=-2.77169e-05 0.00186791 -0.00488297 0.00393784 0.00288099 0.00120642 -0.00128341 -0.00366504 0.004634 -0.00186077 -0.00211332 -0.00275187 -0.000513308 0.0332437
internal_weight=22533.7 16210.7 6322.98 9782.59 8806.02 7150.7 6428.12 4586.11 1842.01 3822.93 4225.06 4106.33 3057.29 73.0033
internal_count=167250 110613 56637 59515 54290 46069 51098 39618 11480 30814 27472 26957 18307 387
is_linear=0
shrinkage=0.035


Tree=86
num_leaves=15
num_cat=0
split_feature=10 17 12 24 21 22 17 17 16 24 23 24 19 11
split_gain=159.244 119.893 133.874 86.4949 74.1571 71.627 71.1412 48.5547 38.2883 36.5874 33.2596 27.6268 27.5611 19.5676
threshold=0.22471404075622561 0.085665170103311553 1.127379894256592 0.035484667867422111 -0.10063671320676802 0.54632624983787548 0.031899357214570052 0.041332822293043144 0.87859347462654125 0.037889750674366958 0.29939925670623785 0.032652989029884345 -0.086276419460773454 0.85994848608970653
decision_type=2 2 2 2 2 2 2 2 2 2 2 2 2 2
left_child=8 2 3 4 -2 7 -5 -4 12 -7 13 -10 -1 -3
right_child=1 10 5 6 -6 9 -8 -9 11 -11 -12 -13 -14 -15
leaf_value=0.023643166895088559 -0.0061591477318100121 0.0099839581119707237 -0.011387194420829234 -0.0056065667172320432 0.0049638333324026852 0.0085679628855777554 0.0014977177578732175 -0.0034867352509532737 0.0066273413691171346 -0.014959075050790721 -0.001401448840738247 -0.018232478026614984 -0.0060305794293841596 0.02050396487280454
leaf_weight=36.948456391692162 802.84831311553717 615.4356624931097 1766.0525660589337 2833.7088174670935 7718.0569242425263 568.94543559104204 4388.0102801695466 2084.3569262623787 53.910616047680378 84.823627810925245 203.63056077063084 784.94037800654769 199.31396233290434 364.62290704250336
leaf_count=411 7237 2798 19045 30517 47752 2968 24249 10621 753 581 845 14349 3373 1751
internal_value=-2.59025e-05 0.000636144 6.44418e-07 0.00152342 0.00390982 -0.00531322 -0.00129381 -0.00713052 -0.0131069 0.00533606 0.0114152 -0.0165756 -0.000618342 0.0140654
internal_weight=22505.6 21430.5 20246.8 15742.6 8520.91 4504.18 7221.72 3850.41 1075.11 653.769 1183.69 838.851 236.262 980.059
internal_count=167250 148364 142970 109755 54989 33215 54766 29666 18886 3549 5394 15102 3784 4549
is_linear=0
shrinkage=0.035


Tree=87
num_leaves=15
num_cat=0
split_feature=15 17 3 21 21 21 12 4 20 16 8 11 12 20
split_gain=157.904 103.851 86.3055 77.0068 62.3437 49.0203 54.2524 51.1017 47.8863 45.5348 43.424 43.1291 42.5891 41.4958
threshold=16.994544029235843 0.023000110872089866 0.04717779532074929 -0.072656657546758638 -0.021595978178083893 1.0000000180025095e-35 0.9804353415966035 0.01073721330612898 -0.087301429361104951 1.0126225948333742 -0.33379600942134852 0.4474292546510697 0.99016332626342785 -0.073807202279567705
decision_type=2 2 2 2 2 2 2 2 2 2 2 2 2 2
left_child=2 4 5 12 10 6 -1 -7 -5 -6 -2 -8 -3 -4
right_child=1 3 13 8 9 7 11 -9 -10 -11 -12 -13 -14 -15
leaf_value=0.0068049846542870707 0.023529717696305623 -0.0012718892969691702 -0.013764627671266906 -0.011042834481580062 -0.0014304752976967514 0.013053876675672994 -0.0055613348666046346 0.0041395718378629091 0.0013519523825194538 -0.012804016801792429 -0.020279579709744217 0.0046141078162663263 -0.01076743191049867 -0.00036544108554762431
leaf_weight=1988.1453781500459 20.92840913310647 1034.8689399771392 304.93692264705896 394.07643390074372 1130.4557448960841 1541.5603166297078 1199.2663973532617 1628.1206541992724 6934.7445096224546 690.06110318377614 615.82000601477921 873.23331907391548 1311.1307753659785 2809.3652877509594
leaf_count=13239 279 7683 2499 2984 12178 8451 10606 8612 42634 8290 13315 3820 12436 20224
internal_value=-2.52907e-05 -0.00273313 0.00315002 -0.00109732 -0.00914317 0.00524597 0.00268939 0.00850242 0.000671336 -0.00578798 -0.0184981 -0.00127241 -0.00660193 -0.00171728
internal_weight=22476.7 12132.1 10344.6 9674.82 2457.27 7230.33 4060.65 3169.68 7328.82 1820.52 636.748 2072.5 2346 3114.3
internal_count=167250 99799 67451 65737 34062 44728 27665 17063 45618 20468 13594 14426 20119 22723
is_linear=0
shrinkage=0.035


Tree=88
num_leaves=15
num_cat=0
split_feature=15 17 12 17 22 17 24 17 12 11 20 21 24 22
split_gain=148.534 85.33 81.1351 75.5379 75.1223 70.3743 63.4278 58.1406 58.0833 40.8922 39.0004 35.5523 28.5248 22.2797
threshold=18.065536499023441 0.10721593350172044 1.0597913265228274 0.016385981813073162 0.54632624983787548 0.057469366118311889 0.035484667867422111 0.031899357214570052 1.1539489626884463 0.13060905039310458 -0.087301429361104951 0.086410630494356169 0.037889750674366958 0.31738407909870153
decision_type=2 2 2 2 2 2 2 2 2 2 2 2 2 2
left_child=1 2 3 13 7 8 -5 -4 9 -2 -11 -7 -6 -1
right_child=5 -3 4 6 12 11 -8 -9 -10 10 -12 -13 -14 -15
leaf_value=0.0063055630321466171 -0.017418135865572899 0.015964546592986156 -0.011910076106280499 0.0059275380625326436 0.010552052485318247 0.0022698272963775803 0.00044694855580514363 -0.0020194597279140302 -0.013524032016880868 -0.018196620830845445 -0.0026301957876093953 0.023963058351745975 -0.0084215044442908105 -0.019531821798782812
leaf_weight=44.660620644688606 262.07629456743598 491.18051508069038 926.66494827345014 5777.5142362080514 639.45369816198945 658.58846174180508 4680.57385183312 3295.9524243138731 1008.8755806609988 197.76506877690554 4045.1263748705387 98.226545125246048 106.41505378484726 220.50470859743655
leaf_count=611 4954 2367 12641 35675 3401 2865 32830 18968 10479 1976 35895 468 702 3418
internal_value=-2.52538e-05 0.00174684 0.00129192 0.00300418 -0.0024022 -0.00459406 0.00347744 -0.00421299 -0.00596772 -0.0042493 -0.00339684 0.00536116 0.00776944 -0.0151091
internal_weight=22453.6 16182.9 15691.7 10723.3 4968.49 6270.66 10458.1 4222.62 5513.84 4504.97 4242.89 756.815 745.869 265.165
internal_count=167250 110613 108246 72534 35712 56637 68505 31609 53304 42825 37871 3333 4103 4029
is_linear=0
shrinkage=0.035


Tree=89
num_leaves=15
num_cat=0
split_feature=15 17 23 8 10 24 20 22 21 21 21 20 19 24
split_gain=140.829 95.4643 86.8295 74.4021 65.3113 53.7568 53.5049 55.7424 87.7962 52.8725 49.2751 48.0457 44.9073 44.0812
threshold=16.994544029235843 0.02257887460291386 0.15058789402246478 -0.56176775693893422 0.32870082557201391 0.037677077576518066 -0.073807202279567705 0.2154868766665459 -0.056625531986355775 -0.17700782418251035 0.086410630494356169 0.059742288663983352 0.19333927333354953 0.033361051231622703
decision_type=2 2 2 2 2 2 2 2 2 2 2 2 2 2
left_child=3 5 -3 13 -4 10 -5 9 -9 -8 11 -2 -6 -1
right_child=1 2 4 6 12 -7 7 8 -10 -11 -12 -13 -14 -15
leaf_value=0.020689974997579016 -0.012220948917618902 0.005688312246245714 -0.011090758821131974 -0.0075571135381969452 -0.0028203678718928342 -0.021981691422985863 -0.013611892091069458 -0.0066031062451987555 0.0033649111608362722 0.016019702469827642 0.0018485861507798243 0.011985773598656402 0.0044137905730228279 0.0066525885710367631
leaf_weight=322.57093864679337 1263.9218849912286 1863.49586994946 981.92018797248602 718.67420012503862 5693.9627276323736 327.77377058565617 77.089449591934681 1328.3480517864227 5656.1712993644178 554.42070470750332 571.19208254665136 101.18338222056627 1279.3020477332175 1688.9742562025785
leaf_count=1498 19830 10295 13744 5579 35851 6736 649 12806 35280 4030 4735 920 7688 7609
internal_value=-2.51775e-05 -0.00259056 -0.00109279 0.00297039 -0.0026864 -0.00905265 0.00150738 0.00237152 0.00146242 0.0122467 -0.00676234 -0.0103526 -0.00148878 0.00899483
internal_weight=22429 12082.8 9818.68 10346.2 7955.18 2264.07 8334.7 7616.03 6984.52 631.51 1936.3 1365.11 6973.26 2011.55
internal_count=167250 99799 67578 67451 57283 32221 58344 52765 48086 4679 25485 20750 43539 9107
is_linear=0
shrinkage=0.035


Tree=90
num_leaves=15
num_cat=0
split_feature=10 15 24 24 22 23 17 17 12 3 22 20 22 16
split_gain=134.877 105.561 62.5722 72.8441 125.395 65.8664 88.7368 56.5562 51.4597 46.6765 45.7949 45.7143 39.97 36.5104
threshold=0.22471404075622561 17.374132156372074 0.0356238391250372 0.036479571834206588 0.41241422295570379 0.24541131407022479 0.048452220857143409 0.10721593350172044 1.1153780817985537 -0.035436719655990594 0.60064271092414867 0.11053578183054925 0.54243603348732006 0.87859347462654125
decision_type=2 2 2 2 2 2 2 2 2 2 2 2 2 2
left_child=13 7 5 11 -5 10 -7 8 9 -2 -3 -4 -10 -1
right_child=1 2 3 4 -6 6 -8 -9 12 -11 -12 -13 -14 -15
leaf_value=-1.6846914332447497e-05 0.0055623564505196451 0.00067279333839445838 -0.016719329370757388 0.0043285687996180182 -0.0099015473054303027 -0.018906406665006918 0.0071982103241533197 0.015105935935174588 -0.0035233080943470729 0.00037041113419475195 0.012296090912888899 0.002555524274974384 0.0081929948632587478 -0.015735740384542309
leaf_weight=232.38338385149837 5471.2647304311395 3942.507952477783 865.4341528788209 1523.9601297974586 1492.1488629989326 440.59878630563617 240.22671144455671 424.7441258430481 2455.7051427252591 3462.6790905073285 454.31183703243732 179.13828206062317 407.34674257412553 809.1810330208391
leaf_count=3784 31747 27262 8186 12586 13562 4703 1075 2073 16779 24977 2429 916 2069 15102
internal_value=-2.48526e-05 0.000577327 -0.00226671 -0.00549959 -0.0027209 0.000324398 -0.00972463 0.00270396 0.00224502 0.00355269 0.00189898 -0.0134209 -0.00183363 -0.0122622
internal_weight=22401.6 21360.1 9138.33 4060.68 3016.11 5077.65 680.825 12221.7 11797 8933.94 4396.82 1044.57 2863.05 1041.56
internal_count=167250 148364 70719 35250 26148 35469 5778 77645 75572 56724 29691 9102 18848 18886
is_linear=0
shrinkage=0.035


Tree=91
num_leaves=15
num_cat=0
split_feature=17 23 21 17 12 22 23 23 15 7 22 22 7 21
split_gain=129.928 112.447 115.312 106.908 88.2869 57.1551 68.2613 56.2511 55.3655 58.4166 58.5024 41.146 75.5489 40.5161
threshold=0.01888248231261969 0.13085953146219256 0.11223756149411203 0.03326727822422982 0.95208811759948742 0.61566752195358287 0.19671232253313067 0.33515524864196783 20.090690612792972 -0.13664198666810987 0.4182021170854569 0.31738407909870153 -0.041348652914166444 0.10439518839120866
decision_type=2 2 2 2 2 2 2 2 2 2 2 2 2 2
left_child=11 8 3 4 -3 6 -4 -5 9 10 -2 12 -1 -13
right_child=1 2 5 7 -6 -7 -8 -9 -10 -11 -12 13 -14 -15
leaf_value=-0.0098969603007357972 0.0036908429041652134 -0.0013068844806177677 0.018742743858372667 0.00028880057529628026 -0.010185352509628483 0.0014752222417926293 -0.00096954122173333577 0.01592012226851406 -0.019162243452667482 0.003330679346947741 0.019634133657032721 -0.016996428055160856 0.03172158027421991 -0.00047455777354675759
leaf_weight=171.05272320285439 452.01447991654277 3080.0291572809219 746.50934930890799 10453.468969888985 2469.0813951771706 1007.8733298927546 299.42146962881088 279.85098247975111 84.653038084506989 1421.7652568258345 764.28596780076623 851.4668730571866 65.869290500879288 231.20440236851573
leaf_count=2601 2734 29657 3434 55835 32371 5472 1802 1305 563 8764 3729 15485 980 2518
internal_value=-2.45892e-05 0.000645072 -0.00034185 -0.00132898 -0.00526858 0.00745257 0.0131439 0.000710797 0.00726846 0.00818575 0.0137875 -0.010636 0.00248994 -0.0135048
internal_weight=22378.5 21059 18336.2 16282.4 5549.11 2053.8 1045.93 10733.3 2722.72 2638.07 1216.3 1319.59 236.922 1082.67
internal_count=167250 145666 129876 119168 62028 10708 5236 57140 15790 15227 6463 21584 3581 18003
is_linear=0
shrinkage=0.035


Tree=92
num_leaves=15
num_cat=0
split_feature=3 15 6 21 16 24 24 21 23 22 10 21 23 21
split_gain=125.6 108.671 80.2642 81.0886 80.0493 73.9696 101.81 97.8581 97.0796 93.6449 83.2799 77.6267 67.5463 59.3479
threshold=-0.21420251578092572 18.744083404541019 0.22712270170450213 -0.10063671320676802 0.92715659737586986 0.0356238391250372 0.036355888471007354 0.15560228377580645 0.24698165804147723 0.31738407909870153 0.65341928601264965 0.093311432749032988 0.29939925670623785 -0.033373324200510972
decision_type=2 2 2 2 2 2 2 2 2 2 2 2 2 2
left_child=5 2 3 -2 -5 8 7 -7 -1 -8 -10 -11 -4 -3
right_child=1 13 12 4 -6 6 9 -9 10 11 -12 -13 -14 -15
leaf_value=0.0089329045962161444 -0.0095125543312717942 -0.0167229025110688 0.0043781750793984667 0.0037124453828292904 -0.0034560756729205343 -0.015510663875474862 0.01243852188258647 0.015118111845471108 -0.014069903549523569 -0.0043727879728047633 0.0094410013006856197 0.0097764419259122951 0.035984328124668945 -0.0050018644396724859
leaf_weight=3563.8472690284252 1468.2185956835747 774.61051667481661 1868.1070311143994 3175.7386183720082 4749.0830554850399 747.71450976654887 896.36641317605972 145.3613670617342 457.92320349439979 1828.5294884704053 295.90931668877602 630.49474303424358 77.020640660077333 1669.3439141660929
leaf_count=17816 17073 11596 11176 24564 39729 4684 4556 645 3209 11859 1217 3036 383 15707
internal_value=-2.36035e-05 -0.00209172 -0.000645782 -0.00198686 -0.000582353 0.00330236 2.1659e-05 -0.0104132 0.00652296 0.0028217 -0.00483816 -0.000720017 0.00580732 -0.00876985
internal_weight=22348.3 13782.1 11338.2 9393.04 7924.82 8566.15 4248.47 893.076 4317.68 3355.39 753.833 2459.02 1945.13 2443.95
internal_count=167250 120228 92925 81366 64293 47022 24780 5329 22242 19451 4426 14895 11559 27303
is_linear=0
shrinkage=0.035


Tree=93
num_leaves=15
num_cat=0
split_feature=17 21 17 12 23 21 22 7 20 19 20 24 17 12
split_gain=120.315 104.946 99.8618 127.738 76.717 45.5004 39.3026 69.8156 40.2803 37.7921 36.8128 30.7551 23.8814 22.7339
threshold=0.01888248231261969 -0.17700782418251035 0.085665170103311553 1.1677832603454592 0.13085953146219256 1.0000000180025095e-35 0.31738407909870153 -0.041348652914166444 0.10666488111019136 0.1098773628473282 0.11053578183054925 0.035484667867422111 0.014498088508844377 0.696323722600937
decision_type=2 2 2 2 2 2 2 2 2 2 2 2 2 2
left_child=6 -2 3 4 -3 -5 7 -1 11 -9 -10 12 -8 -4
right_child=1 2 13 5 -6 -7 8 9 10 -11 -12 -13 -14 -15
leaf_value=-0.0095786543808101133 -0.016321115218773916 0.0079310872130257514 0.027963922281969054 -0.0089351537833774006 0.00077519644178831938 -0.00086646761403072643 -0.021963083631361294 0.045533620762620117 0.030919175942284872 -0.0063640203737298411 -0.0093409381452036911 -0.023775276689253201 -0.0063249258710366494 0.0094694848454053935
leaf_weight=169.22043296322227 428.65290275216103 2106.9066397286952 82.388291537761688 2076.6251371316612 13817.786670943722 1455.7992652207613 156.27358627691865 45.787013217806816 37.621616534888744 21.63905369117856 58.923637997359037 336.73797188140452 478.18293978646398 1046.6465800255537
leaf_count=2601 3866 12327 396 18316 97489 8436 2595 527 260 453 653 7419 7076 4836
internal_value=-2.27625e-05 0.000619476 0.000979973 0.000390106 0.00172634 -0.00562168 -0.0102958 0.00252241 -0.0131338 0.0302073 0.00777707 -0.0152706 -0.0104578 0.0110527
internal_weight=22319.2 21014.8 20586.2 19457.1 15924.7 3532.42 1304.39 236.646 1067.74 67.4261 96.5453 971.194 634.457 1129.03
internal_count=167250 145666 141800 136568 109816 26752 21584 3581 18003 980 913 17090 9671 5232
is_linear=0
shrinkage=0.035


Tree=94
num_leaves=15
num_cat=0
split_feature=15 23 21 11 7 19 17 21 24 20 3 21 23 17
split_gain=118.026 82.4386 102.072 94.0947 67.1137 65.7987 53.5256 46.2811 47.3212 44.6672 44.3313 32.4373 31.3541 29.9616
threshold=18.836343765258793 0.13085953146219256 0.11223756149411203 0.18138751387596133 -0.11266077309846877 0.2750226110219956 0.034740684553980834 0.12066358700394632 0.036599867045879371 -0.073807202279567705 0.19708286225795749 -0.10063671320676802 0.20564330369234088 0.017746981233358387
decision_type=2 2 2 2 2 2 2 2 2 2 2 2 2 2
left_child=1 4 3 -3 9 -5 -2 10 -9 -1 -4 -8 -13 -6
right_child=6 2 7 5 13 -7 11 8 -10 -11 -12 12 -14 -15
leaf_value=-0.0047751637619562817 -0.0097309200569535275 -0.010019629685841936 0.023159180450055345 -0.00086954762188779086 -0.013240450908994844 0.0069902178103595867 -0.01145458087566705 0.011934151033658613 -0.00052143745132056678 0.014628700577969179 -0.012462836077079648 -0.0037189654035572808 0.0076176197220141116 0.0030378287793623986
leaf_weight=160.81929202377796 1971.5989022925496 1245.9807997085154 324.30474827438593 11681.373871767893 147.66535894945264 1458.6759545579553 276.42686809971929 662.33443752676249 839.27944187819958 1175.1366845704615 42.680081002414227 621.17315533384681 558.40362756699324 1133.0470109470189
leaf_count=1192 24764 19637 1505 80344 2260 7654 1717 3365 5207 6435 190 2952 2930 7098
internal_value=-2.20852e-05 0.00106393 0.000134173 -0.000867205 0.00681705 7.61658e-06 -0.00598705 0.00780719 0.0050151 0.0122748 0.0187957 -0.000885624 0.00166662 0.00107291
internal_weight=22298.9 18871.3 16254.6 14386 2616.67 13140 3427.6 1868.6 1501.61 1335.96 366.985 1456 1179.58 1280.71
internal_count=167250 134887 117902 107635 16985 87998 32363 10267 8572 7627 1695 7599 5882 9358
is_linear=0
shrinkage=0.035


Tree=95
num_leaves=15
num_cat=0
split_feature=3 15 24 21 22 23 23 21 10 23 23 10 24 22
split_gain=115.269 93.4949 87.1613 99.381 94.5895 80.2587 78.8715 73.0856 69.6147 69.1299 65.6874 57.6438 45.8032 44.9708
threshold=-0.11921780183911322 19.041307449340824 0.033703889697790153 0.088003512471914305 0.26816761493682867 0.24541131407022479 0.13085953146219256 -0.17700782418251035 0.4555776864290238 0.15637215971946719 0.16732890158891681 0.17814408987760547 0.039040250703692443 0.54243603348732006
decision_type=2 2 2 2 2 2 2 2 2 2 2 2 2 2
left_child=2 9 5 4 7 -1 -6 -4 -7 11 -11 -2 -12 -5
right_child=1 -3 3 13 6 8 -8 -9 -10 10 12 -13 -14 -15
leaf_value=0.011755052495956366 -0.022692950595315557 -0.01052636335369987 -0.012267435830614204 0.017408563192779031 0.011705343601095219 -0.021894326767189408 -0.0042823130755794657 0.0088452050242802827 0.0050481109251321373 -0.013330504626978195 -0.0013268711232086066 0.0039046812453046842 -0.015135744082137892 0.0044977700372172474
leaf_weight=1879.0487049333751 93.347346371039748 1531.1852149162441 221.35725301504135 518.97584013640881 399.01156233996153 163.96656309813261 5040.3116845209152 1563.7894003167748 353.61220341920853 700.81431916356087 5572.1792015638202 3027.5188598297536 300.87059322744608 908.20414984598756
leaf_count=9699 1734 18091 1499 2291 2070 1545 33832 9228 1597 7377 48115 21301 4250 4621
internal_value=-2.15999e-05 -0.0025183 0.00251523 0.000875297 -0.000795783 0.00840701 -0.00309018 0.0061735 -0.00374034 -0.00124396 -0.00327887 0.00303919 -0.00205881 0.00928108
internal_weight=22274.2 11225.9 11048.3 8651.65 7224.47 2396.63 5439.32 1785.15 517.579 9694.73 6573.86 3120.87 5873.05 1427.18
internal_count=167250 100868 66382 53541 46629 12841 35902 10727 3142 82777 59742 23035 52365 6912
is_linear=0
shrinkage=0.035


Tree=96
num_leaves=15
num_cat=0
split_feature=15 21 3 22 17 12 17 24 24 20 24 23 8 20
split_gain=111.332 75.2745 73.2185 70.9998 68.9412 64.3215 59.8714 54.632 78.005 49.2522 48.2754 69.0202 65.8381 64.3667
threshold=16.994544029235843 -0.056625531986355775 0.04717779532074929 0.2154868766665459 0.054708315059542663 0.91505810618400585 0.045234506949782378 0.037483181804418571 0.037241810932755477 0.0072473371401429185 0.0356238391250372 0.24541131407022479 -0.5328056514263152 0.10666488111019136
decision_type=2 2 2 2 2 2 2 2 2 2 2 2 2 2
left_child=2 3 10 5 7 -2 -5 8 -3 -9 11 -1 -13 -12
right_child=1 4 -4 6 -6 -7 -8 9 -10 -11 13 12 -14 -15
leaf_value=0.0093389863617353245 0.009667861087035835 -0.0012903520728598577 -0.0018517362456401429 -0.015090391113013361 0.0072508915068829442 -0.0065646370806410614 -0.0022726322524490982 0.012022550759447118 0.019088647698208904 -0.01082482057153893 -0.00052220491547392905 0.009404201011382533 -0.013434006597121831 0.012697433620405669
leaf_weight=3190.1640960387886 480.22291957214475 6042.0111624710262 3100.8957868218422 1351.5294317603111 1169.7849132716656 756.7629911005497 670.14801207184792 120.46364254131913 229.18750943243504 1120.3621869664639 2884.6939663738012 265.89676044136286 342.9719620347023 524.69063932448626
leaf_count=18097 3383 46241 22723 21306 5224 6532 3440 959 1073 11641 20104 1161 2824 2542
internal_value=-2.18427e-05 -0.00232144 0.00264127 -0.00684863 -0.000616262 -0.00023586 -0.0108736 -0.00184936 -0.000516376 -0.00852834 0.00457394 0.00728244 -0.00346962 0.00154343
internal_weight=22249.8 11940.5 10309.3 3258.66 8681.81 1236.99 2021.68 7512.02 6271.2 1240.83 7208.42 3799.03 608.869 3409.38
internal_count=167250 99799 67451 34661 65138 9915 24746 59914 47314 12600 44728 22082 3985 22646
is_linear=0
shrinkage=0.035


Tree=97
num_leaves=15
num_cat=0
split_feature=11 20 24 17 24 24 22 17 23 24 22 22 1 24
split_gain=107.514 89.6406 132.071 109.401 97.0597 125.13 84.8335 58.9048 54.9858 46.8051 50.1055 44.427 32.5633 32.1043
threshold=0.14194848388433459 -0.05719425901770591 0.037282371893525131 0.040239216759800918 0.036819720640778549 0.035787722095847137 0.46367530524730688 0.037299925461411483 0.2665951550006867 0.036729488521814353 0.50607720017433178 0.31738407909870153 0.32808592915534979 0.034643387421965606
decision_type=2 2 2 2 2 2 2 2 2 2 2 2 2 2
left_child=12 7 4 11 5 -3 -6 9 -5 10 -2 -4 -1 -9
right_child=1 2 3 8 6 -7 -8 13 -10 -11 -12 -13 -14 -15
leaf_value=-0.013211940379681594 -0.011662531629586335 0.0037850679859231001 0.011451107991521287 -0.0024365107342567199 0.014637477743976402 -0.0068762057278392991 -0.0093396791897221686 0.0040409890378888379 0.0094515790618605912 0.008658955916908349 0.0076565814990226886 -0.011255795569881641 0.014575796124094608 -0.0037511710179816945
leaf_weight=874.88189966417849 1704.3458418883383 9517.3369474858046 104.30826338753104 1382.2195685468614 1374.6930198669434 1561.5714081320912 200.95352513343096 1154.1516895592213 715.14194667339325 176.39011299982667 175.06238137558103 1784.073920885101 46.831852480769157 1450.1457636170089
leaf_count=15718 18325 60551 1021 7099 8157 11630 1894 5231 3505 2356 1265 22376 470 7652
internal_value=-2.10571e-05 0.000487766 0.00168947 -0.00385991 0.003439 0.00227752 0.0115399 -0.00379771 0.00164261 -0.00821122 -0.009832 -0.00994782 -0.0116588 -0.000295656
internal_weight=22222.1 21300.4 16640.3 3985.74 12654.6 11078.9 1575.65 4660.1 2097.36 2055.8 1879.41 1888.38 921.714 2604.3
internal_count=167250 151062 116233 34001 82232 72181 10051 34829 10604 21946 19590 23397 16188 12883
is_linear=0
shrinkage=0.035


Tree=98
num_leaves=15
num_cat=0
split_feature=15 17 3 23 12 21 22 20 19 17 10 24 23 8
split_gain=102.929 71.739 67.5366 65.9703 55.6001 54.1033 57.8189 52.93 52.5125 47.589 44.1881 42.9089 63.8825 61.2121
threshold=16.994544029235843 0.023000110872089866 0.04717779532074929 0.15058789402246478 1.1829013824462893 -0.021595978178083893 0.40844422578811651 0.038012521341443069 0.35786904394626623 0.045234506949782378 0.32260569930076605 0.0356238391250372 0.24541131407022479 -0.5328056514263152
decision_type=2 2 2 2 2 2 2 2 2 2 2 2 2 2
left_child=2 5 11 10 8 -2 -7 -8 -5 -6 -3 12 -1 -14
right_child=1 3 -4 4 9 6 7 -9 -10 -11 -12 -13 13 -15
leaf_value=0.0089176278173034133 -0.016830916174728434 0.016890737512105548 -0.0017808644816045755 -0.0016831645776114869 -0.014639418815494807 0.0055720619496474862 -0.0024419242194651286 -0.016917175892089957 0.011251636326961032 -0.0021997700659912292 0.002564560349206131 0.0015335221488938615 0.0089629804681420882 -0.013093874652520095
leaf_weight=3195.7643032371998 586.70905943401158 311.32571942359209 3095.0694529339671 5831.9802335500717 732.6046857777983 487.93317457661033 745.05501033365726 524.25140552595258 401.61990839801729 773.10713595896959 1501.9214364215732 3403.9101436808705 266.07615441083908 340.15454578772187
leaf_count=18097 13594 2471 22723 41592 8304 5302 8297 6869 2178 3768 7424 22646 1161 2824
internal_value=-2.06323e-05 -0.00223753 0.00253933 -0.000887914 -0.00229641 -0.00771064 -0.00458755 -0.00850602 -0.000833112 -0.00830894 0.00510345 0.00439483 0.00694581 -0.00342472
internal_weight=22197.5 11896.5 10301 9552.56 7739.31 2343.95 1757.24 1269.31 6233.6 1505.71 1813.25 7205.91 3802 606.231
internal_count=167250 99799 67451 65737 55842 34062 20468 15166 43770 12072 9895 44728 22082 3985
is_linear=0
shrinkage=0.035


Tree=99
num_leaves=15
num_cat=0
split_feature=17 21 17 12 20 22 7 22 19 20 16 12 2 24
split_gain=99.0276 93.0244 89.1056 114.322 66.4431 47.754 69.8161 37.8205 32.185 26.9457 22.575 36.6857 20.5273 14.6695
threshold=0.017746981233358387 -0.17700782418251035 0.085665170103311553 1.1677832603454592 -0.087301429361104951 0.31738407909870153 -0.041348652914166444 0.54632624983787548 0.080268338322639479 0.10666488111019136 1.8479606509208681 1.5203247070312502 0.089930333197116866 0.035484667867422111
decision_type=2 2 2 2 2 2 2 2 2 2 2 2 2 2
left_child=5 -2 3 4 -3 6 -1 -5 -8 13 11 -4 -11 -7
right_child=1 2 10 7 -6 9 8 -9 -10 12 -12 -13 -14 -15
leaf_value=-0.0098380359984101082 -0.015600190686319213 -0.0085854362617369638 0.0086109465938407816 -0.0069617298672522308 0.0019923264408556901 -0.012727867996362781 0.055054376825722798 0.0032020221642747749 -0.0001317639870275839 -0.0078317992093665228 0.017562989113519629 -0.02402648570697723 0.02793320442588576 -0.024112987826141602
leaf_weight=108.01969372108579 422.48502520471811 753.5921856276691 728.51315235346556 3001.325832804665 15444.912453537807 457.75582789443433 29.466511443257332 520.94648274406791 19.194251999258995 45.032358527183533 356.22026620805264 35.22980210185051 21.142488785088062 233.81353129446507
leaf_count=1763 3957 5976 3326 24376 108618 7483 325 2903 387 423 1748 158 217 5590
internal_value=-2.05809e-05 0.000466745 0.000799781 0.000251968 0.00149523 -0.0112349 0.00604675 -0.00545369 0.0369746 -0.0148405 0.0103583 0.00681439 0.00576184 -0.0168659
internal_weight=22177.6 21263.2 20840.7 19720.8 16198.5 914.425 156.68 3522.27 48.6608 757.744 1119.96 763.743 66.1748 691.569
internal_count=167250 151062 147105 141873 114594 16188 2475 27279 712 13713 5232 3484 640 13073
is_linear=0
shrinkage=0.035


Tree=100
num_leaves=15
num_cat=0
split_feature=15 17 24 17 24 21 22 17 8 23 3 5 21 22
split_gain=97.8065 71.1705 69.8223 87.3483 83.2843 151.275 47.0054 45.7686 41.4452 35.7325 29.8086 37.4866 27.4081 32.5227
threshold=18.836343765258793 0.10721593350172044 0.037677077576518066 0.040239216759800918 0.036819720640778549 -0.15391862392425534 0.46367530524730688 0.034740684553980834 -0.42096169292926783 0.2665951550006867 -0.77037078142166127 -0.084617026150226579 -0.033373324200510972 0.40844422578811651
decision_type=2 2 2 2 2 2 2 2 2 2 2 2 2 2
left_child=1 2 4 8 5 -1 -6 12 -4 -5 -9 -12 -2 -14
right_child=7 -3 3 9 6 -7 -8 10 -10 -11 11 -13 13 -15
leaf_value=-0.015512707086296819 -0.015593516794203647 0.013772896584114042 0.010338093808631208 -0.0026954445808725267 0.011230605576812934 0.0014271583484720839 -0.0016470513466543032 0.020585512134637534 -0.012262834526669483 0.0081839787294353226 -0.010050289313578403 0.0021063937611925784 0.0015494971509020018 -0.0099413558367296099
leaf_weight=670.38256420195103 548.57402597554028 506.98504272848368 100.06597150489688 972.39634483680129 1505.6677103228867 12691.994950490072 447.36660182476044 65.885335326194763 1306.6954454202205 583.50909808278084 455.47509526833892 926.96698846295476 438.4557089060545 940.7035424169153
leaf_count=6470 10431 2517 721 5075 9955 86213 3295 289 17780 2861 2465 4845 4191 10142
internal_value=-2.01201e-05 0.000966363 0.000603807 -0.00430565 0.0015557 0.00056633 0.00828746 -0.00549575 -0.0105936 0.00141086 -0.000783363 -0.0019423 -0.0090139 -0.00630338
internal_weight=22161.1 18785.1 18278.1 2962.67 15315.4 13362.4 1953.03 3376.06 1406.76 1555.91 1448.33 1382.44 1927.73 1379.16
internal_count=167250 134887 132370 26437 105933 92683 13250 32363 18501 7936 7599 7310 24764 14333
is_linear=0
shrinkage=0.035


Tree=101
num_leaves=15
num_cat=0
split_feature=11 21 20 24 17 24 23 21 24 5 17 2 17 1
split_gain=93.1758 86.3482 91.9667 93.8614 102.396 78.8424 69.6021 68.8973 56.5657 49.6702 39.4009 31.3713 30.4827 30.2176
threshold=0.14194848388433459 -0.10063671320676802 -0.087301429361104951 0.037677077576518066 0.039203055202960975 0.036479571834206588 0.29105880856513983 -0.11142588034272193 0.034643387421965606 0.023350147530436519 0.038235444575548179 0.14473368227481845 0.041332822293043144 0.32808592915534979
decision_type=2 2 2 2 2 2 2 2 2 2 2 2 2 2
left_child=13 5 10 6 -5 8 -4 9 12 -7 -3 -10 -2 -1
right_child=1 2 3 4 -6 7 -8 -9 11 -11 -12 -13 -14 -15
leaf_value=-0.012527778169651928 -0.0087054408876231365 -0.01721617249528988 0.0038600633974118911 -0.010181419524394636 0.0021810181910108055 0.0020162332694951888 -0.0086663367277110253 -0.012728276721559288 -0.018443719899242022 0.020737131997808942 -0.003138052482494459 -0.0026683147910530796 0.0036196775713248554 0.014174584946858861
leaf_weight=852.62898581661284 547.59160732477903 396.98971417546272 12956.301105400547 1447.6171407885849 1872.0305192433298 928.99386810511351 557.92347789183259 314.70361720584333 762.32670034095645 204.30108204856515 620.60959254950285 197.6949272993952 431.8814542144537 47.140285313129425
leaf_count=15718 7150 4898 79704 18899 9545 7045 3989 3720 7634 1308 3096 1978 2096 470
internal_value=-1.98024e-05 0.000449824 0.00142247 0.00204187 -0.00322433 -0.00466493 0.0033369 0.00151187 -0.00926055 0.00554294 -0.00874435 -0.0152561 -0.00328924 -0.0109884
internal_weight=22138.7 21239 17851.5 16833.9 3319.65 3387.49 13514.2 1448 1939.49 1133.29 1017.6 960.022 979.473 899.769
internal_count=167250 151062 120131 112137 28444 30931 83693 12073 18858 8353 7994 9612 9246 16188
is_linear=0
shrinkage=0.035


Tree=102
num_leaves=15
num_cat=0
split_feature=3 21 17 24 15 6 24 21 22 17 17 22 22 17
split_gain=92.5034 83.9047 83.0734 107.218 72.5319 64.2034 60.0499 82.7491 61.3902 67.2306 44.6949 37.7208 35.5232 34.9169
threshold=-0.21420251578092572 -0.090231973677873598 0.038235444575548179 0.037677077576518066 20.090690612792972 0.39900143444538122 0.033703889697790153 0.088003512471914305 0.26816761493682867 0.064403973519802107 0.039203055202960975 0.22501113265752795 0.54243603348732006 0.025161866098642353
decision_type=2 2 2 2 2 2 2 2 2 2 2 2 2 2
left_child=6 5 3 4 -3 13 -1 8 10 -10 -8 -4 -9 -2
right_child=1 2 11 -5 -6 -7 7 12 9 -11 -12 -13 -14 -15
leaf_value=0.0084916904087405046 -0.017977834767106647 -0.00011211992843222931 -0.0080577965503075936 -0.012534385432278885 -0.017522008822831718 0.018440212828758833 0.017654513451572068 0.018755169901815857 -0.005058372792894855 0.0050729828408499463 0.0026240771884797967 0.0049036066369492889 0.0053083557624496918 -0.0069261919320501549
leaf_weight=1803.5010416731238 441.37646087631583 6368.4962226245552 291.17500315606594 1129.171585034579 297.28954440355301 98.414624232798815 299.53686780482531 378.44319103658199 3155.2583498172462 1065.895919084549 1139.332882784307 3280.5218069329858 664.55141499266028 1702.2940978296101
leaf_count=8913 10244 55164 1416 17873 3283 548 2474 1691 20739 4708 5261 15993 3236 15707
internal_value=-2.04098e-05 -0.00180963 -0.000586261 -0.00261094 -0.000913673 -0.00798161 0.00284076 0.00130994 -0.0003655 -0.00249413 0.00585329 0.00382741 0.0103192 -0.00927461
internal_weight=22115.3 13608.7 11366.7 7794.96 6665.79 2242.09 8506.52 6703.02 5660.02 4221.15 1438.87 3571.7 1042.99 2143.67
internal_count=167250 120228 93729 76320 58447 26499 47022 38109 33182 25447 7735 17409 4927 25951
is_linear=0
shrinkage=0.035


Tree=103
num_leaves=15
num_cat=0
split_feature=15 19 3 3 17 24 20 22 24 22 24 24 20 22
split_gain=89.193 61.7181 61.0737 54.687 57.5028 54.0139 50.9722 59.2005 59.1882 41.5485 37.1214 57.3497 56.2963 74.0486
threshold=16.994544029235843 0.30903960764408117 0.04717779532074929 -0.095051500946283327 0.02650750428438187 0.037677077576518066 0.059742288663983352 0.43019491434097296 0.0356238391250372 0.4182021170854569 0.0356238391250372 0.034890316426754005 0.059742288663983352 0.25065520405769354
decision_type=2 2 2 2 2 2 2 2 2 2 2 2 2 2
left_child=2 3 10 6 5 -5 8 -8 -2 -6 11 -1 13 -12
right_child=1 -3 -4 4 9 -7 7 -9 -10 -11 12 -13 -14 -15
leaf_value=0.0035744595361958784 0.0010254281238309662 0.0062520413893741066 -0.0017525710445349184 -0.0072752343356051888 -0.0059768959364911714 -0.022729384239875104 0.011814604302135703 -0.0024974197269176639 -0.0075854634693119719 0.0023339382844534034 0.0077505992074871537 0.012844135480661859 0.007237968160567469 -0.0063789428484742339
leaf_weight=2610.2170824632049 2462.9023179598153 985.24114792607725 3083.7205149419606 2087.0660205446184 1560.8274472281337 314.10150251165032 767.15001143142581 644.92425235174596 1609.5363078266382 1380.2461309209466 646.48384653031826 1188.816512234509 1275.6737958658487 1467.8909318428487
leaf_count=15527 15769 5672 22723 28602 12639 7333 4009 4362 13060 8353 4060 6555 7646 10940
internal_value=-1.99086e-05 -0.00209338 0.00236396 -0.00285789 -0.00537479 -0.00938271 -0.000400955 0.0053064 -0.00238807 -0.00208193 0.0041297 0.00650129 0.00146069 -0.0020426
internal_weight=22084.8 11812 10272.8 10826.8 5342.24 2401.17 5484.51 1412.07 4072.44 2941.07 7189.08 3799.03 3390.05 2114.37
internal_count=167250 99799 67451 94127 56927 35935 37200 8371 28829 20992 44728 22082 22646 15000
is_linear=0
shrinkage=0.035


Tree=104
num_leaves=15
num_cat=0
split_feature=10 14 24 24 21 24 21 17 24 24 8 12 23 15
split_gain=86.763 78.4514 91.2061 80.0344 82.0195 75.2879 67.8553 58.9272 46.7012 128.21 41.4686 41.4021 34.1734 26.3023
threshold=0.17814408987760547 1.0066995620727541 0.035484667867422111 0.034890316426754005 0.083047490566968932 0.034643387421965606 0.086410630494356169 0.026049184612929824 0.036819720640778549 0.037282371893525131 -0.32219547033309931 0.99999472498893749 0.15637215971946719 18.065536499023441
decision_type=2 2 2 2 2 2 2 2 2 2 2 2 2 2
left_child=-1 2 3 5 -5 -2 7 12 13 -10 -8 -9 -3 -4
right_child=1 6 8 4 -6 -7 10 11 9 -11 -12 -13 -14 -15
leaf_value=-0.02044721862823291 0.0031954580842363509 -0.0014199475562265867 -0.0025978419675889344 0.01223377494260486 -0.020778719314023225 -0.017994339146013612 0.012279891366459258 0.0013024396585497222 0.011434236640261428 -0.0028505593629950822 0.00034261872252746857 -0.0048393274321568858 -0.014890946952710354 -0.010551335265606017
leaf_weight=241.79913578554988 4877.2333703469485 321.64763359725475 1828.5072170104831 1860.8669265694916 88.115927554666996 204.5439843069762 490.75469928234816 2171.8176121748984 1077.1088263094425 2626.9775963593274 1239.4815177284181 3504.8062473088503 826.56317169964314 701.59992205910385
leaf_count=5396 32909 4128 12457 12153 547 1737 2324 13147 6719 24064 7731 24033 13598 6307
internal_value=-1.96044e-05 0.000216028 0.0019009 0.00463095 0.0106428 0.00230889 -0.0023956 -0.00396436 -0.00118047 0.00132291 0.00377955 -0.00249139 -0.0111622 -0.00483621
internal_weight=22061.8 21820 13265 7030.76 1948.98 5081.78 8555.07 6824.83 6234.19 3704.09 1730.24 5676.62 1148.21 2530.11
internal_count=167250 161854 96893 47346 12700 34646 64961 54906 49547 30783 10055 37180 17726 18764
is_linear=0
shrinkage=0.035


Tree=105
num_leaves=15
num_cat=0
split_feature=15 21 14 24 24 22 19 17 20 22 8 16 24 21
split_gain=85.4501 70.036 74.5383 61.7519 87.4772 59.6094 47.1184 46.7364 42.8802 41.9191 36.5798 26.7547 25.4173 24.3657
threshold=19.041307449340824 0.11223756149411203 0.95452988147735607 0.035484667867422111 0.034890316426754005 0.31738407909870153 0.2750226110219956 0.034740684553980834 -0.087301429361104951 0.61566752195358287 -0.20977911353111264 0.77286911010742199 0.038667606189846999 -0.10063671320676802
decision_type=2 2 2 2 2 2 2 2 2 2 2 2 2 2
left_child=1 2 3 4 -1 -5 8 11 -4 12 -11 -2 -3 -9
right_child=7 9 6 5 -6 -7 -8 13 -10 10 -12 -13 -14 -15
leaf_value=0.0017939044561548611 0.0069711257786596948 0.015555732302496043 -0.012818625896944756 0.0046536001537182941 0.011565147216757362 -0.0042649063972028762 0.0050218102707200981 -0.010613902318064677 -0.002585355767885406 0.0096733189575440581 -0.0042566949537223876 -0.010958307177203962 0.0029963977873566235 0.0018396606269248238
leaf_weight=3907.1058399304748 102.95726209133863 714.1897899210453 535.21032950654626 1411.3002727534622 1567.4544745795429 2584.036791998893 915.1642239484936 228.83210174739361 6437.6548688206822 394.62947355210781 528.76541793718934 1457.737632272765 279.01189444214106 981.65496399253607
leaf_count=26429 970 3507 4607 9357 9989 23196 5249 1448 50786 1844 3512 19630 1805 4921
internal_value=-2.02283e-05 0.000806915 0.000104153 0.00219636 0.00460755 -0.00111081 -0.00240722 -0.00575551 -0.00338805 0.007138 0.0017364 -0.00973867 0.0120926 -0.000582253
internal_weight=22045.7 19274.5 17357.9 9469.9 5474.56 3995.34 7888.03 2771.18 6972.87 1916.6 923.395 1560.69 993.202 1210.49
internal_count=167250 140281 129613 68971 36418 32553 60642 26969 55393 10668 5356 20600 5312 6369
is_linear=0
shrinkage=0.035


Tree=106
num_leaves=15
num_cat=0
split_feature=10 17 24 22 20 22 2 21 17 21 11 19 3 5
split_gain=81.9015 75.3934 77.6775 115.344 102.367 76.7356 71.9678 61.0259 48.746 36.1961 31.6881 24.3589 22.0131 19.614
threshold=0.17814408987760547 0.069093093276023879 0.037677077576518066 0.31738407909870153 -0.05719425901770591 0.2154868766665459 0.043212579563260085 0.056388445198535926 0.039203055202960975 -0.10554360598325728 0.43052947521209722 0.22686765342950824 0.320007935166359 -0.055653700605034821
decision_type=2 2 2 2 2 2 2 2 2 2 2 2 2 2
left_child=12 2 4 6 7 -6 -4 -2 -5 13 -11 -12 -1 -3
right_child=1 9 3 8 5 -7 -8 -9 -10 10 11 -13 -14 -15
leaf_value=-0.023072295616133422 -0.0060517436118898583 -0.00673262870119626 0.0048427734846316246 -0.012106509642480289 0.01034785011035946 0.001116584092432305 0.046333574240487931 0.0057105854746411274 -0.0026571093381639595 -0.010753710315146821 0.0065838128476693137 0.015559384973916216 0.012444851421658352 0.0072536666333655082
leaf_weight=219.42257720977068 3573.7969263810664 350.24616008996964 184.55344872921705 1475.4953278806061 1216.0028548166156 11041.538002450019 62.421152360737324 628.10324918106198 1229.2013895362616 92.685364961624146 1218.4002540260553 543.05805385112762 17.36068819463253 176.83197972178459
leaf_count=4980 30648 1493 1244 21711 9145 77085 444 3836 6953 414 5552 2579 416 750
internal_value=-1.95743e-05 0.000207382 -0.000514747 -0.00573296 0.000423948 0.00204006 0.0167243 -0.00428412 -0.00783766 0.00607153 0.00836231 0.0094232 -0.0200695 -0.00199261
internal_weight=22029.1 21792.3 19411.1 2951.67 16459.4 12257.5 246.975 4201.9 2704.7 2381.22 1854.14 1761.46 236.783 527.078
internal_count=167250 161854 151066 30352 120714 86230 1688 34484 28664 10788 8545 8131 5396 2243
is_linear=0
shrinkage=0.035


Tree=107
num_leaves=15
num_cat=0
split_feature=15 21 23 23 20 24 7 11 20 21 23 20 23 3
split_gain=79.4809 66.0229 83.9237 67.1637 104.58 101.761 62.5964 39.3166 39.2491 32.1234 41.8969 30.172 37.7867 27.7393
threshold=19.041307449340824 0.11223756149411203 0.13085953146219256 0.16732890158891681 -0.042127339169383042 0.034643387421965606 -0.11266077309846877 0.23032917082309726 -0.062295727431774132 -0.10063671320676802 0.20564330369234088 0.1306782625615597 0.18989720195531848 0.035082181915640838
decision_type=2 2 2 2 2 2 2 2 2 2 2 2 2 2
left_child=1 2 6 5 -5 -4 8 -2 -1 -9 -11 12 13 -3
right_child=7 11 3 4 -6 -7 -8 9 -10 10 -12 -13 -14 -15
leaf_value=0.00031954249388405369 -0.01132789573454589 0.016638945916444905 -0.00097183460815668157 -0.0049624664404682899 0.0023173545636817508 -0.014816877854808851 0.00032793061369942595 -0.01229511297730904 0.014291943024400145 -0.0055701660575183057 0.0061655731742685949 -0.0022596290878747231 0.0010088568275976536 0.0044874673080760935
leaf_weight=322.3793658837676 942.57477541454136 712.26752816140652 1894.3119534160942 3382.3904946818948 8400.8687867838889 981.52970493771136 1317.7265569642186 326.29588281363249 1039.6679830700159 821.80745014175773 665.10356954671443 352.97152811288834 497.05522204563022 351.58492252230644
leaf_count=2366 15275 3396 14213 26346 62665 8730 9807 2783 5486 4678 4233 1750 3655 1867
internal_value=-1.84815e-05 0.000778156 9.55507e-05 -0.000946596 0.000225242 -0.00573214 0.0057787 -0.00556673 0.0110113 -0.00252615 -0.000314585 0.00692961 0.00900875 0.0127023
internal_weight=22008.5 19252.8 17338.9 14659.1 11783.3 2875.84 2679.77 2755.78 1362.05 1813.21 1486.91 1913.88 1560.91 1063.85
internal_count=167250 140281 129613 111954 89011 22943 17659 26969 7852 11694 8911 10668 8918 5263
is_linear=0
shrinkage=0.035


Tree=108
num_leaves=15
num_cat=0
split_feature=10 15 21 22 4 17 2 23 19 17 12 24 22 12
split_gain=77.6269 70.799 52.6852 46.7794 56.1479 45.9319 44.6335 43.7301 35.6575 35.0527 42.331 31.9434 23.3967 12.668
threshold=0.20916596055030826 16.994544029235843 -0.056625531986355775 0.2154868766665459 -0.019009583629667755 0.054708315059542663 0.14473368227481845 0.15924271941185 -0.063228033483028398 0.10721593350172044 1.5203247070312502 0.039040250703692443 0.31738407909870153 0.95208811759948742
decision_type=2 2 2 2 2 2 2 2 2 2 2 2 2 2
left_child=8 9 3 4 -3 7 -5 -4 -1 10 11 -2 -7 -11
right_child=1 2 5 6 -6 12 -8 -9 -10 13 -12 -13 -14 -15
leaf_value=0.002420114119078953 0.0027177519122560338 -0.0083221841846105107 0.0031962601154774933 -0.01218728992024103 0.0066141141934858488 0.01407836987379754 0.00016500649945244453 -0.0029031346356084178 -0.016591724313676247 0.02550645999276507 -0.01610873931841483 -0.0089489688647151969 0.0031168218861305896 0.009175576711059355
leaf_weight=157.17205455154181 9298.2108379472047 553.47047366574407 2006.9326115064323 1363.0268503390253 670.83095551468432 329.86013671755791 484.53978589549661 5027.810335336253 481.39710847847164 72.326357997953892 144.6146284583956 287.08495970256627 828.5325964987278 286.27411413192749
leaf_count=2320 58944 4453 12219 15876 5310 1445 5597 40700 11170 378 789 2822 3779 1448
internal_value=-1.82122e-05 0.000343944 -0.00156263 -0.0054636 -0.000150864 -9.51547e-05 -0.00896435 -0.00116098 -0.0119471 0.00247229 0.00206862 0.00235936 0.00633197 0.013072
internal_weight=21992.1 21353.5 11265 3071.87 1224.3 8193.14 1847.57 7034.74 638.569 10088.5 9729.91 9585.3 1158.39 358.6
internal_count=167250 153760 89379 31236 9763 58143 21473 52919 13490 64381 62555 61766 5224 1826
is_linear=0
shrinkage=0.035


Tree=109
num_leaves=15
num_cat=0
split_feature=3 17 23 20 20 22 21 22 23 2 22 14 7 23
split_gain=77.1865 83.5795 64.422 88.1949 128.932 81.0463 78.3112 54.6859 54.1147 63.8086 55.0478 52.9562 38.7131 35.4746
threshold=-0.08265542238950728 0.038235444575548179 0.13085953146219256 0.059742288663983352 0.05296724662184716 0.43019491434097296 0.078718151897192015 0.17154361307621005 0.29939925670623785 0.043212579563260085 0.4182021170854569 0.96721264719963085 -0.13664198666810987 0.2837181836366654
decision_type=2 2 2 2 2 2 2 2 2 2 2 2 2 2
left_child=2 11 12 4 6 13 -4 -3 10 -10 -9 -2 -1 -5
right_child=1 7 3 5 -6 -7 -8 8 9 -11 -12 -13 -14 -15
leaf_value=0.016104187023411133 -0.0018768746318692726 -0.015517028096333509 -0.00091822487841907265 0.013885440362787011 -0.020234746263574049 0.00027388448956303915 0.011994795753464028 -0.00277940626269592 -0.0010228826586869836 0.036394650268780811 0.0065026061237392534 -0.0082322438358876752 0.0029477035820477432 -0.0024530501932530703
leaf_weight=576.32628213614225 3760.473440008238 194.20464564859867 6843.2337548322976 1316.6293996870518 389.82012155093253 1434.8866429980844 618.03704398870468 1531.4191515222192 99.907759130001068 115.03306134045124 1581.9127724133432 2803.8200117237866 524.50837786868215 182.4325518719852
leaf_count=2985 40789 1105 46489 6206 2498 9001 3007 8175 526 569 7492 33917 3022 1469
internal_value=-1.78067e-05 -0.00226844 0.00189246 0.00106481 -0.000871367 0.00623126 0.000166018 0.00207696 0.00314698 0.0197301 0.00194259 -0.00459985 0.00991856 0.011894
internal_weight=21972.6 10086.8 11885.9 10785 7851.09 2933.95 7461.27 3522.48 3328.27 214.941 3113.33 6564.29 1100.83 1499.06
internal_count=167250 92573 74677 68670 51994 16676 49496 17867 16762 1095 15667 74706 6007 7675
is_linear=0
shrinkage=0.035


Tree=110
num_leaves=15
num_cat=0
split_feature=3 21 2 24 20 20 24 20 20 22 22 0 22 24
split_gain=74.1393 76.3925 75.6805 58.6539 59.4436 71.6566 58.3643 58.6606 53.2561 71.114 50.4553 47.3431 41.5462 41.6197
threshold=-0.28034223616123194 -0.072656657546758638 0.25538006424903875 0.039040250703692443 -0.087301429361104951 0.027253079228103164 0.033703889697790153 0.059742288663983352 0.05296724662184716 0.44606359302997595 0.43019491434097296 0.032899202778935439 0.2154868766665459 0.033703889697790153
decision_type=2 2 2 2 2 2 2 2 2 2 2 2 2 2
left_child=6 2 12 4 -3 -6 -1 8 9 -8 -9 -4 -2 -14
right_child=1 3 11 -5 5 -7 7 10 -10 -11 -12 -13 13 -15
leaf_value=0.009262497718914119 -0.003254617417554991 -0.011099949201910051 -0.0041816907632966811 -0.014146120589774965 0.0036948612942729743 -0.0019026513856834583 -0.0024988255160690049 0.014013181811064077 -0.017762524740609697 0.0090749484754787356 0.0010991684876735161 0.016514802400458193 -0.0045031238775979782 -0.016751438763000854
leaf_weight=1430.475713558495 988.74403736554086 526.04758550971746 280.13464655540884 345.40010665357113 5464.5372303314507 5728.8703208565712 2910.3148036189377 698.726686777547 206.83857755735517 826.66270911321044 780.73748580366373 246.42690033279359 531.22556084580719 982.2890185713768
leaf_count=6816 9754 5089 2166 5229 43270 42540 16439 3465 1107 4122 4009 2184 6542 14518
internal_value=-1.68817e-05 -0.00138757 -0.00634734 -0.000138225 0.000286329 0.000830871 0.00299935 0.00133334 -0.000899457 7.88139e-05 0.00725138 0.00563139 -0.00888046 -0.0125102
internal_weight=21947.4 15093.7 3028.82 12064.9 11719.5 11193.4 6853.76 5423.28 3943.82 3736.98 1479.46 526.562 2502.26 1513.51
internal_count=167250 131292 35164 96128 90899 85810 35958 29142 21668 20561 7474 4350 30814 21060
is_linear=0
shrinkage=0.035


Tree=111
num_leaves=15
num_cat=0
split_feature=17 15 21 8 8 20 1 11 20 24 1 24 23 14
split_gain=73.79 68.6408 51.9839 47.4842 43.7033 55.9007 35.1829 34.9416 34.7581 34.2261 31.1313 28.8197 20.0082 18.9092
threshold=0.014498088508844377 16.994544029235843 -0.072656657546758638 -0.56176775693893422 -0.30037538707256312 0.038012521341443069 0.11660346016287805 0.25005979835987097 -0.073807202279567705 0.033361051231622703 0.32808592915534979 0.039040250703692443 0.13085953146219256 1.9833725094795229
decision_type=2 2 2 2 2 2 2 2 2 2 2 2 2 2
left_child=-1 3 6 9 10 -6 7 -3 13 -2 -4 -10 -11 -5
right_child=1 2 4 8 5 -7 -8 -9 11 12 -12 -13 -14 -15
leaf_value=-0.017990377751477743 0.017657261975770076 -0.015846891313462445 0.001780953913061946 -0.0079157108671287797 0.00051718227099848009 -0.0065934791309818904 0.0056125500262025705 -0.0051979346118437176 0.0022316055323186386 0.023670368862347739 0.01445185995919622 -0.0097011255643748712 0.0042864991632350982 0.013447743702808051
leaf_weight=266.29400659911335 311.38024993240833 480.19689047709107 3116.0316345728934 645.55354574136436 3444.8334745839238 2220.3972366284579 271.81807428970933 1730.7439287304878 7239.2260917425156 58.733428992331028 247.61404023319483 246.97084391489625 1602.2780940979719 46.028587386012077
leaf_count=5396 1498 11366 16964 5166 32188 19085 2373 12770 48603 375 1173 2741 7233 319
internal_value=-1.69934e-05 0.000212157 -0.00163724 0.00230916 -0.000401486 -0.00227644 -0.00611156 -0.00757173 0.00112958 0.00716946 0.00275379 0.00182553 0.00510946 -0.00632244
internal_weight=21928.1 21661.8 11511.6 10150.2 9028.88 5665.23 2482.76 2210.94 8177.78 1972.39 3363.65 7486.2 1661.01 691.582
internal_count=167250 161854 95919 65935 69410 51273 26509 24136 56829 9106 18137 51344 7608 5485
is_linear=0
shrinkage=0.035


Tree=112
num_leaves=15
num_cat=0
split_feature=10 21 21 21 21 13 3 23 22 12 3 3 17 23
split_gain=71.8093 65.1685 86.928 95.0029 100.992 47.1951 42.2883 63.3469 41.9341 26.21 21.7684 21.7206 16.7861 15.2838
threshold=0.17814408987760547 0.086410630494356169 0.083047490566968932 0.078718151897192015 0.059523314237594611 0.64989903569221508 1.0000000180025095e-35 0.1699025630950928 0.54243603348732006 0.86679935455322277 0.19708286225795749 0.320007935166359 0.017746981233358387 0.15058789402246478
decision_type=2 2 2 2 2 2 2 2 2 2 2 2 2 2
left_child=11 2 3 4 -2 6 12 -8 10 -10 -7 -1 -3 -13
right_child=1 5 -4 -5 -6 8 7 -9 9 -11 -12 13 -14 -15
leaf_value=-0.022326766539663645 -0.00019454635333325385 -0.0088530207325673536 -0.018940000768993881 0.017300301571970964 -0.01236527527368444 0.011994181737629067 0.010853933766419552 -0.0052722278411045723 -0.0075571359041865854 0.0018562132687641425 -0.013625368034021215 -0.011731954667894695 0.011250417068562897 0.034896960438976707
leaf_weight=208.971181306988 15564.117642372847 45.620407834649086 307.66321470960975 351.12017469480634 872.58182741701603 368.47565868496895 522.27623156458139 669.78492123633623 777.16724824905396 665.41181679442525 37.160634502768517 10.1294466201216 1499.9735749326646 6.8939471300691357
leaf_count=4980 125214 456 2025 2027 6148 1806 2978 4678 4709 4054 178 240 7581 176
internal_value=-1.62976e-05 0.000192626 -0.000801632 -0.000458141 -0.000847784 0.00389276 0.0068017 0.00182462 -0.000429496 -0.0032322 0.0093758 -0.0192188 0.0106039 0.0130772
internal_weight=21907.3 21681.4 17095.5 16787.8 16436.7 4585.87 2737.66 1192.06 1848.22 1442.58 405.636 225.995 1545.59 17.0234
internal_count=167250 161854 135414 133389 131362 26440 15693 7656 10747 8763 1984 5396 8037 416
is_linear=0
shrinkage=0.035


Tree=113
num_leaves=15
num_cat=0
split_feature=15 21 23 11 7 2 17 8 17 24 16 20 23 21
split_gain=70.0805 58.7297 70.5934 59.2357 55.5447 53.9297 38.9055 30.3323 28.8848 25.5437 24.424 24.1123 23.0723 29.5423
threshold=19.041307449340824 0.11223756149411203 0.13085953146219256 0.18138751387596133 -0.22158800065517423 0.25538006424903875 0.034740684553980834 -0.25195585191249842 0.016385981813073162 0.03889110870659352 0.77286911010742199 -0.073807202279567705 0.20564330369234088 -0.037660010159015649
decision_type=2 2 2 2 2 2 2 2 2 2 2 2 2 2
left_child=1 2 4 -4 11 -5 10 -3 -6 -9 -2 -1 -8 -14
right_child=6 7 3 5 8 -7 12 9 -10 -11 -12 -13 13 -15
leaf_value=-0.0011692910098926835 0.0070067303602264347 0.012169912280088697 -0.0081418138563741829 -0.0011411190247518715 -0.013668636376460649 0.0050022804918328475 -0.0057182489951764738 0.0049391051844582552 0.0035997130148453411 -0.010627381045341616 -0.010148047650061987 0.017693938642590112 -0.0025573935801618667 0.012343831305969596
leaf_weight=97.789587110280991 102.59069622308016 719.00785823538899 1245.311780333519 11284.442699516192 116.51747123152018 2061.4927136283368 555.77807641774416 1051.3479607105255 1959.3887301944196 137.52004288509488 1420.2571014016867 498.29936134442687 369.76062688603997 277.61542423069477
leaf_count=520 970 3385 20980 78447 2046 12527 2783 5860 12613 1423 19630 2480 2257 1329
internal_value=-1.61693e-05 0.000731312 8.57432e-05 -0.000872982 0.00530489 -0.000189138 -0.00525643 0.00654178 0.00256958 0.00306486 -0.0089542 0.0146312 -0.000540888 0.00392329
internal_weight=21897.1 19171.1 17263.2 14591.2 2672 13345.9 2726 1907.88 2075.91 1188.87 1522.85 596.089 1203.15 647.376
internal_count=167250 140281 129613 111954 17659 90974 26969 10668 14659 7283 20600 3000 6369 3586
is_linear=0
shrinkage=0.035


Tree=114
num_leaves=15
num_cat=0
split_feature=17 24 22 24 21 23 2 22 23 17 21 21 11 23
split_gain=67.3053 68.227 102.909 99.6974 160.912 73.8808 61.4371 60.362 52.8846 45.8317 55.4795 30.0534 28.8954 23.7308
threshold=0.069093093276023879 0.037677077576518066 0.31738407909870153 0.036819720640778549 -0.15391862392425534 0.24541131407022479 0.043212579563260085 0.46367530524730688 0.17157290875911715 0.039203055202960975 0.07573214173316957 -0.10554360598325728 0.43052947521209722 0.233523003757
decision_type=2 2 2 2 2 2 2 2 2 2 2 2 2 2
left_child=1 3 6 4 -1 -6 -3 8 -5 10 -4 -2 -13 -14
right_child=11 2 9 7 5 -7 -8 -9 -10 -11 -12 12 13 -15
leaf_value=-0.017907418520211462 -0.0018020966552211571 0.0044287081899198255 -0.017422192720556465 -0.008963703375014084 0.00093431771377991456 -0.0066935558275383967 0.042316525759911634 -0.0033695284912796577 0.012783405966856714 -0.0025729154194664323 -0.0035638675118359895 -0.010606346118715696 0.0058840265650650083 0.014788541332371369
leaf_weight=636.49510798417032 525.7581105530262 185.41249690204859 860.49801896139979 144.49240496009588 12115.288118720055 1774.369918063283 64.68877661600709 482.32856290973723 1416.867081547156 1225.8232373259962 606.8342935424298 92.434477850794792 1211.6460823863745 533.31907153129578
leaf_count=7582 2243 1250 16028 1970 87182 15263 465 3913 9334 6953 6522 414 5856 2275
internal_value=-1.56403e-05 -0.000692178 -0.00559314 0.000181215 -0.000838734 -4.42391e-05 0.0154786 0.00739961 0.0107266 -0.00759999 -0.0117538 0.00555005 0.00765218 0.0086743
internal_weight=21876.3 19513.1 2943.26 16569.8 14526.2 13889.7 250.101 2043.69 1561.36 2693.16 1467.33 2363.16 1837.4 1744.97
internal_count=167250 156462 31218 125244 110027 102445 1715 15217 11304 29503 22550 10788 8545 8131
is_linear=0
shrinkage=0.035


Tree=115
num_leaves=15
num_cat=0
split_feature=10 14 24 24 21 24 21 22 24 20 17 12 8 24
split_gain=66.4161 61.4119 71.1933 63.9914 67.0195 63.5742 50.3406 48.6484 89.6172 52.7665 48.2299 37.7647 31.3625 21.4776
threshold=0.17814408987760547 1.0066995620727541 0.035484667867422111 0.034890316426754005 0.083047490566968932 0.034643387421965606 0.086410630494356169 0.31738407909870153 0.036479571834206588 0.092964261770248427 0.026049184612929824 0.99999472498893749 -0.32219547033309931 0.035685664042830474
decision_type=2 2 2 2 2 2 2 2 2 2 2 2 2 2
left_child=-1 2 3 5 -5 -2 10 8 -4 -9 13 -12 -8 -3
right_child=1 6 7 4 -6 -7 12 9 -10 -11 11 -13 -14 -15
leaf_value=-0.018719991134856111 0.0028005752798806872 -0.0068966945239594861 -0.0088553067370184223 0.010847215599210251 -0.019293409559788251 -0.016939554375210872 0.010650598117756654 -0.0058003252517627064 0.0084837967542019058 0.0023437861697139877 0.0014473030682414509 -0.0044448460933413153 0.0002058865617646442 -0.017714655699318318
leaf_weight=220.10194606333971 4862.9507592562586 789.01879336312413 494.31911845132709 1874.8637080341578 85.998997204005718 198.51392684876919 483.18132808804512 2895.781520858407 1319.3398065585643 1459.5622989833355 2156.516123123467 3460.8404988646507 1233.1484468057752 319.99312998540699
leaf_count=5396 32909 10744 3437 12153 547 1737 2324 28333 8926 8851 13147 24033 7731 6982
internal_value=-1.54049e-05 0.000183454 0.00167484 0.00408233 0.00943413 0.00199448 -0.00214599 -0.00106784 0.00373532 -0.00307195 -0.0035105 -0.00218428 0.00319095 -0.0101485
internal_weight=21854.1 21634 13191.3 7022.33 1960.86 5061.46 8442.7 6169 1813.66 4355.34 6726.37 5617.36 1716.33 1109.01
internal_count=167250 161854 96893 47346 12700 34646 64961 49547 12363 37184 54906 37180 10055 17726
is_linear=0
shrinkage=0.035


Tree=116
num_leaves=15
num_cat=0
split_feature=17 17 14 24 22 22 21 21 3 16 21 11 16 14
split_gain=64.6496 60.4264 66.5421 58.9549 58.2018 51.9808 41.5574 34.127 28.4794 24.0242 20.6818 18.8559 13.3695 11.9895
threshold=0.014498088508844377 0.085665170103311553 1.0209310650825503 0.035484667867422111 0.60064271092414867 0.31738407909870153 0.086410630494356169 0.083047490566968932 -1.0000000180025095e-35 1.8479606509208681 -0.10554360598325728 0.85994848608970653 0.71821084618568432 0.70278584957122814
decision_type=2 2 2 2 2 2 2 2 2 2 2 2 2 2
left_child=-1 2 3 4 -2 -5 7 -4 -8 10 13 -11 -12 -3
right_child=1 9 6 5 -6 -7 8 -9 -10 11 12 -13 -14 -15
leaf_value=-0.017164515275644457 0.0023862055647255577 0.0096139291566235442 -0.0036509912112782528 0.003837353551245043 0.012933346027630637 -0.0033612331470831108 0.0062590196051849675 -0.017859924428874036 -0.0032562183927089907 0.0076329136670907002 0.020525973589068668 0.024244636235151433 0.0054170453346539926 -0.010045731899828464
leaf_weight=256.03664437867701 6237.8420350980014 41.514021322131157 5800.4456109236926 1722.7228828035295 705.52704786509275 4218.9872187301517 898.98291003331542 205.64235250279307 660.5118897035718 195.60780757665634 76.491543523967266 157.07131894677877 516.20570005476475 145.98921902477741
leaf_count=5396 43654 172 49626 12098 3763 36728 4750 1433 4408 960 372 821 2464 605
internal_value=-1.62187e-05 0.000195059 -0.000242513 0.0012871 0.00347498 -0.00127115 -0.00284588 -0.00416637 0.00223385 0.00802709 0.00449763 0.0154957 0.00767517 -0.00542661
internal_weight=21839.6 21583.5 20450.7 12885.1 6943.37 5941.71 7565.58 6006.09 1559.49 1132.88 780.2 352.679 592.697 187.503
internal_count=167250 161854 156460 96243 47417 48826 60217 51059 9158 5394 3613 1781 2836 777
is_linear=0
shrinkage=0.035


Tree=117
num_leaves=15
num_cat=0
split_feature=15 17 16 20 24 24 24 17 5 21 11 5 16 3
split_gain=64.731 52.6032 53.0617 51.6432 45.5111 44.3002 36.131 35.5436 25.5502 24.4993 23.8001 30.1934 22.4769 22.0543
threshold=19.041307449340824 0.10721593350172044 0.90312373638153087 -0.073807202279567705 0.039040250703692443 0.035484667867422111 0.036355888471007354 0.034740684553980834 0.0038394145667552952 -0.10554360598325728 0.85994848608970653 0.011550989933311941 0.77286911010742199 -0.77037078142166127
decision_type=2 2 2 2 2 2 2 2 2 2 2 2 2 2
left_child=1 2 5 8 -5 9 -7 12 -4 -1 -3 -12 -2 -9
right_child=7 10 3 4 -6 6 -8 13 -10 -11 11 -13 -14 -15
leaf_value=-0.0032928561021734037 0.0066382825576123067 0.0028416824577546912 -0.010918579734348899 0.00022210520174426499 -0.011752001629449662 -0.0064710497283837079 0.0020867501803748813 0.019779134300817201 0.00056465205722372642 0.0062616213397461559 0.0091533373589735307 0.03330384647280224 -0.0097902789691626645 -0.0016484928465299959
leaf_weight=357.06241243891418 103.13919468969107 213.63722571730614 879.05801848880947 10264.974193412811 394.13409781083465 834.54891610890627 2115.1782726384699 51.997727543115616 322.50978978723288 3454.3339115791023 183.37884847074747 97.320473857223988 1404.2067375145853 1148.3925177156925
leaf_count=3437 970 1074 7898 75682 5012 5850 16156 233 2438 21272 949 513 19630 6136
internal_value=-1.51834e-05 0.00070303 0.00040074 -0.00100978 -0.000231253 0.00287297 -0.000348141 -0.00506958 -0.00785717 0.00536026 0.0118567 0.0183841 -0.00862982 -0.000564562
internal_weight=21823.9 19116.1 18621.8 11860.7 10659.1 6761.12 2949.73 2707.74 1201.57 3811.4 494.337 280.699 1507.35 1200.39
internal_count=167250 140281 137745 91030 80694 46715 22006 26969 10336 24709 2536 1462 20600 6369
is_linear=0
shrinkage=0.035


Tree=118
num_leaves=15
num_cat=0
split_feature=3 17 23 20 20 24 22 20 22 5 23 15 20 13
split_gain=62.6264 76.9693 56.598 70.9796 119.988 83.1411 74.3922 54.0835 49.0588 72.8211 81.7099 48.5058 44.1896 40.1792
threshold=-0.035436719655990594 0.02650750428438187 0.13085953146219256 0.059742288663983352 0.05296724662184716 0.037483181804418571 0.60064271092414867 0.1306782625615597 0.4182021170854569 0.027289628982543949 0.29939925670623785 19.661643028259281 0.027253079228103164 0.66964286565780651
decision_type=2 2 2 2 2 2 2 2 2 2 2 2 2 2
left_child=2 11 -1 4 6 7 -4 -5 9 -3 -11 -2 -10 -7
right_child=1 8 3 5 -6 13 -8 -9 12 10 -12 -13 -14 -15
leaf_value=0.0085390085752891937 -0.0054380347294006115 -0.0073068301381150639 -0.0006824028017462341 0.012044133890757786 -0.018857273429328792 0.0038882515160951238 0.015118035544968062 -0.0052247612115485067 0.0084631188544853388 0.00049061316894334248 0.029962896292359625 -0.020814011656453784 -0.00023613155080151019 -0.0085751630586351525
leaf_weight=1264.192021779716 2646.9025076795369 1881.8801427856088 7728.4164692498744 1672.8392987027764 422.51666819117963 691.1818565633148 373.09835815057158 250.19934801012278 1161.436072692275 921.51831435784698 121.7622006572783 270.05872433073819 1835.7174117919058 568.7495543602854
leaf_count=7246 37813 14538 54796 8046 2917 5315 1868 1171 6121 6202 750 5166 10923 4378
internal_value=-1.42236e-05 -0.0022847 0.00153357 0.000770441 -0.000895838 0.00522158 6.29941e-05 0.00978194 1.00325e-05 -0.00320891 0.00418216 -0.00692782 0.00315187 -0.00176112
internal_weight=21810.5 8839.28 12971.2 11707 8524.03 3182.97 8101.51 1923.04 5922.31 2925.16 1043.28 2916.96 2997.15 1259.93
internal_count=167250 81513 85737 78491 59581 18910 56664 9217 38534 21490 6952 42979 17044 9693
is_linear=0
shrinkage=0.035


Tree=119
num_leaves=15
num_cat=0
split_feature=15 3 19 15 20 24 2 2 4 22 5 10 22 20
split_gain=60.9768 49.2071 45.3401 40.8549 40.4258 47.5478 35.1207 28.908 32.5392 46.3406 26.4344 26.2592 26.0476 25.5671
threshold=16.994544029235843 0.04717779532074929 0.30903960764408117 20.090690612792972 -0.087301429361104951 0.035484667867422111 -0.14536828547716138 0.27900794148445135 0.031241888180375103 0.50607720017433178 -0.060804817825555794 0.54741662740707409 0.29079861938953405 -0.073807202279567705
decision_type=2 2 2 2 2 2 2 2 2 2 2 2 2 2
left_child=1 7 3 4 11 -6 10 8 9 -1 -5 -2 -10 -3
right_child=2 13 -4 6 5 -7 -8 -9 12 -11 -12 -13 -14 -15
leaf_value=0.0028687991761861113 -0.017581596049997449 -0.011509431403170926 0.005429371239140327 -0.0095470243083176035 0.0010303061295691136 -0.0039355798385708593 -0.01590969853539111 0.01134636475582195 0.0058585685601857023 0.011954335659266128 0.013081569405330416 0.0002173545885299411 -0.0029329888092975609 -0.00070256901984190481
leaf_weight=3638.0373052693903 307.32703117094934 287.12891774065793 977.13358988426626 132.03486368246377 4961.8143388442695 4492.183213762939 471.10359713248909 529.83623450808227 547.66336303949356 841.33446979522705 104.01329058408737 148.95985382795334 1580.3818179611117 2769.8509699590504
leaf_count=24284 3758 2499 5672 967 39721 42383 5925 2959 3076 4739 687 686 9670 20224
internal_value=-1.38766e-05 0.00195973 -0.00174931 -0.00241446 -0.00182865 -0.00133096 -0.0104842 0.00354966 0.00290826 0.00459811 0.000550553 -0.0118909 -0.000653617 -0.00175183
internal_weight=21788.8 10194.2 11594.6 10617.4 9910.28 9454 707.152 7137.25 6607.42 4479.37 236.048 456.287 2128.05 3056.98
internal_count=167250 67451 99799 94127 86548 82104 7579 44728 41769 29023 1654 4444 12746 22723
is_linear=0
shrinkage=0.035


Tree=120
num_leaves=15
num_cat=0
split_feature=10 12 17 21 22 22 12 24 1 22 17 24 17 3
split_gain=60.1362 56.6032 59.0212 48.5387 53.4549 83.1065 68.2087 52.8091 47.9679 45.6647 45.9856 30.0327 28.573 21.6067
threshold=0.17814408987760547 1.1153780817985537 0.085665170103311553 -0.10063671320676802 0.31738407909870153 0.38233020901679998 0.81581512093544017 0.036479571834206588 0.11660346016287805 0.54632624983787548 0.028981529176235202 0.037889750674366958 0.04679082706570626 0.320007935166359
decision_type=2 2 2 2 2 2 2 2 2 2 2 2 2 2
left_child=13 3 9 7 6 -6 -5 12 -9 10 -3 -11 -2 -1
right_child=1 2 -4 4 5 -7 -8 8 -10 11 -12 -13 -14 -15
leaf_value=-0.021353075305726988 -0.011842615309120737 -0.013741553116948184 0.0068344624824986855 0.011811796924406346 -0.0076099731920099539 0.0018765925026173905 0.0020192215780283395 0.00016109779693901756 0.026787081524837678 0.0063611868230291939 -0.0039881533731076666 -0.014386816833783213 -0.0010179736952117 0.014172029097353224
leaf_weight=196.5514333602041 850.19076731801033 717.3101600445807 656.30462531745434 1349.97889742814 1288.3252463322133 8782.8679387271404 2439.8152017109096 923.98423098400235 81.066160036250949 644.74623362720013 3280.6877688728273 88.706683456897736 460.74165810644627 16.460755689069629
leaf_count=4980 11187 12256 3150 7635 11513 63688 15472 7669 578 3590 22211 694 2211 416
internal_value=-1.37807e-05 0.000173131 -0.00293074 0.00120805 0.00199199 0.000656709 0.00552938 -0.00347219 0.00255146 -0.00429684 -0.005768 0.00369208 -0.00807468 -0.0180954
internal_weight=21777.7 21564.7 5387.76 16177 13861 10071.2 3789.79 2315.98 1005.05 4731.45 3998 733.453 1310.93 213.012
internal_count=167250 161854 41901 119953 98308 75201 23107 21645 8247 38751 34467 4284 13398 5396
is_linear=0
shrinkage=0.035


Tree=121
num_leaves=15
num_cat=0
split_feature=17 12 17 21 22 3 17 22 17 24 16 12 22 20
split_gain=58.814 56.7189 56.0641 46.9686 46.5046 67.8239 58.0697 40.3397 45.4891 26.6648 21.4708 28.7203 11.0654 10.9693
threshold=0.014498088508844377 1.1153780817985537 0.085665170103311553 -0.17700782418251035 0.29079861938953405 -0.14468637853860852 0.057469366118311889 0.54632624983787548 0.025601538829505447 0.037889750674366958 1.8479606509208681 1.5203247070312502 0.31738407909870153 0.10666488111019136
decision_type=2 2 2 2 2 2 2 2 2 2 2 2 2 2
left_child=12 3 7 -2 5 -5 -6 8 -3 -9 11 -4 -1 -14
right_child=1 2 10 4 6 -7 -8 9 -10 -11 -12 -13 13 -15
leaf_value=0.001609473884739007 -0.013121482955734075 -0.016132931443651709 0.0042640874758064252 0.0085466822484576797 -0.00054102281161062219 -0.00068268310793117074 0.006957421779020998 0.0057328498152680561 -0.004290961085561238 -0.01388862980895828 0.013033806684377768 -0.025083381532277307 -0.021505536241811746 0.0061081160961463533
leaf_weight=33.881001565605402 264.85872563160956 439.96394273079932 302.52663055062294 2346.0129835642874 10414.064384980127 1662.1047142203897 1429.9449216350913 649.51224268972874 3562.1428133267909 87.7229571826756 315.54731970280409 36.994149774312973 200.28379217348993 15.003248918801544
leaf_count=624 2608 8551 1371 12597 83521 13985 6617 3675 26468 682 1612 167 4627 145
internal_value=-1.37238e-05 0.000185868 -0.00291734 0.00122569 0.00147352 0.00472723 0.000369381 -0.00424554 -0.00562975 0.00324349 0.00661134 0.000440228 -0.0165874 -0.0193954
internal_weight=21760.6 21511.4 5394.41 16117 15852.1 4008.12 11844 4739.34 4002.11 737.235 655.068 339.521 249.168 215.287
internal_count=167250 161854 42526 119328 116720 26582 90138 39376 35019 4357 3150 1538 5396 4772
is_linear=0
shrinkage=0.035


Tree=122
num_leaves=15
num_cat=0
split_feature=10 21 24 24 21 16 22 24 11 22 23 8 3 3
split_gain=55.3313 52.751 58.5443 86.4587 160.876 86.7598 84.7066 173.731 58.5954 46.8231 33.0661 26.2304 22.1014 20.8489
threshold=0.17814408987760547 0.11223756149411203 0.035484667867422111 0.034890316426754005 0.083047490566968932 0.9969046711921693 0.31738407909870153 0.036479571834206588 0.26098705828189855 0.61566752195358287 0.19671232253313067 -0.30037538707256312 0.19708286225795749 0.320007935166359
decision_type=2 2 2 2 2 2 2 2 2 2 2 2 2 2
left_child=13 2 3 5 -5 -2 7 -4 -8 10 12 -11 -3 -1
right_child=1 9 6 4 -6 -7 8 -9 -10 11 -12 -13 -14 -15
leaf_value=-0.020873763093199278 0.0024936773484195538 0.016838191498610867 -0.0093657012534895043 0.0088370512574799404 -0.017720197338209214 -0.0048726808432905146 -0.010702474614122433 0.0084935953949112665 -0.0027934847422267698 0.0085404088020702533 0.00048768916951442965 -0.0035615971181423883 0.0024460669289580626 0.013979470551848923
leaf_weight=190.96265662461519 4538.5399105958641 644.70358142256737 1022.4757248479873 2793.7071189507842 301.02312013879418 3430.0689285639673 1648.7135383747518 1877.4237080421299 3759.5453917607665 300.01863998919725 309.22405850887299 740.54028987884521 168.0200160741806 16.556464605033398
leaf_count=4980 31713 3162 8070 18223 2025 25804 27331 12577 23797 1380 2075 4849 848 416
internal_value=-1.42468e-05 0.000163095 -0.000416686 0.00125033 0.00620508 -0.000679287 -0.00263536 0.00218604 -0.00521985 0.00533472 0.0102612 -2.42121e-05 0.0139287 -0.0175782
internal_weight=21741.5 21534 19371.5 11063.3 3094.73 7968.61 8308.16 2899.9 5408.26 2162.51 1121.95 1040.56 812.724 207.519
internal_count=167250 161854 149540 77765 20248 57517 71775 20647 51128 12314 6085 6229 4010 5396
is_linear=0
shrinkage=0.035


Tree=123
num_leaves=15
num_cat=0
split_feature=15 21 22 15 8 24 8 2 22 24 17 24 24 2
split_gain=55.4492 44.7827 48.1539 58.0928 51.8728 45.9468 41.546 36.0358 35.7354 30.9624 28.9659 28.6292 30.5508 26.8434
threshold=16.994544029235843 -0.072656657546758638 0.31738407909870153 20.090690612792972 -0.05202971585094928 0.037677077576518066 -0.56176775693893422 0.14473368227481845 0.2154868766665459 0.033361051231622703 0.060692619532346732 0.037378439679741866 0.036899002268910415 -0.054143127053976052
decision_type=2 2 2 2 2 2 2 2 2 2 2 2 2 2
left_child=6 7 4 5 -3 -4 9 8 -2 -1 -10 12 -9 -11
right_child=1 2 3 -5 -6 -7 -8 11 10 13 -12 -13 -14 -15
leaf_value=0.01649618628429218 -0.0029036223498562449 0.0026177409490127893 0.00042854205965683645 -0.013902474482279088 0.024366889895398952 -0.0067681228678721341 0.00077511556228690404 0.0019557560800330413 -0.014682105858267394 0.0028295216110076527 0.0016869475439799584 -0.019941469689146143 0.028124871236037789 0.016648666185393301
leaf_weight=306.46410109102726 943.44408700987697 1932.8168033268303 5204.827389979735 453.03951236605644 134.73155664466321 1363.1955729406327 8222.6916033644229 362.87942894175649 897.54327785037458 1460.9033579714596 152.78503710031509 49.694403799250722 54.731120290234685 186.36525905132294
leaf_count=1498 7985 12067 39345 4772 1147 15216 58344 3930 13373 6745 665 740 559 864
internal_value=-1.42747e-05 -0.00167333 -0.000536799 -0.00191956 0.00414549 -0.00107315 0.00186846 -0.00585132 -0.00789435 0.00644264 -0.0123075 0.00284812 0.00596294 0.00448399
internal_weight=21726.1 11549.7 9088.61 7021.06 2067.55 6568.02 10176.4 2461.08 1993.77 1953.73 1050.33 467.305 417.611 1647.27
internal_count=167250 99799 72547 59333 13214 54561 67451 27252 22023 9107 14038 5229 4489 7609
is_linear=0
shrinkage=0.035


Tree=124
num_leaves=15
num_cat=0
split_feature=15 2 16 23 24 10 23 20 21 5 23 21 15 10
split_gain=52.79 49.1479 50.9694 70.0623 107.37 55.3311 40.2796 43.9158 32.9775 31.9888 30.715 38.3538 40.4086 32.4465
threshold=19.041307449340824 0.27900794148445135 0.90312373638153087 0.23850326985120776 0.036479571834206588 0.21730648726224902 0.27175790071487432 -0.032046774402260773 -0.10063671320676802 -0.028414312750101086 0.20564330369234088 0.088003512471914305 20.375073432922367 0.43528388440608984
decision_type=2 2 2 2 2 2 2 2 2 2 2 2 2 2
left_child=1 2 8 5 -5 -4 -3 -8 -1 -10 11 12 -2 -12
right_child=10 6 3 4 -6 -7 7 -9 9 -11 13 -13 -14 -15
leaf_value=-0.0031146021174471104 -0.0081664903543841854 0.0036373839106726672 -0.013738396572950003 -0.015502383955335611 -0.00025472191432105226 0.00057519354118030141 0.0010533155896715338 0.031928121263992901 0.0067049303309772816 0.0010973667056940013 -0.007687054903639909 0.00015450714107883334 -0.02594143287577699 0.0045386288697158318
leaf_weight=1079.6046537049115 868.97547300904989 2565.3308268040419 336.04898460395634 1005.6577172279358 1277.865071086213 7513.9062410276383 98.698855539783835 124.02304034680128 2245.7644371241331 2795.1356453727931 420.74995182082057 508.3304549138993 186.86107245460153 684.96286982670426
leaf_count=9416 10016 16827 7132 9203 10593 52753 505 682 13221 19949 7057 3749 2321 3826
internal_value=-1.34045e-05 0.000633568 -0.000103929 -0.00162662 -0.00700807 -5.42568e-05 0.00491809 0.0188792 0.00241568 0.00360391 -0.00461287 -0.00775325 -0.0115262 -0.000140735
internal_weight=21711.9 19042 16254 10133.5 2283.52 7849.96 2788.05 222.722 6120.5 5040.9 2669.88 1564.17 1055.84 1105.71
internal_count=167250 140281 122267 79681 19796 59885 18014 1187 42586 33170 26969 16086 12337 10883
is_linear=0
shrinkage=0.035


Tree=125
num_leaves=15
num_cat=0
split_feature=17 21 8 20 20 21 17 19 16 8 24 20 24 9
split_gain=53.2376 50.392 52.5717 46.9391 107.293 88.4569 40.6793 38.7266 29.9736 23.5768 15.9949 14.4153 24.4464 10.3999
threshold=0.014498088508844377 -0.072656657546758638 -0.74420359730720509 0.027253079228103164 -0.05719425901770591 0.10439518839120866 0.025601538829505447 0.094756375998258605 0.98887497186660778 -0.33379600942134852 0.037930995225906379 -0.058495789766311639 0.034483484923839576 0.28974609076976782
decision_type=2 2 2 2 2 2 2 2 2 2 2 2 2 2
left_child=13 6 11 4 -4 -5 9 8 -8 -2 -9 12 -3 -1
right_child=1 2 3 5 -6 -7 7 10 -10 -11 -12 -13 -14 -15
leaf_value=-0.017646413416559353 0.011349239414393888 0.015984802136219105 -0.0025839794086691755 -0.0036981909419173628 0.0057265794480165916 0.0042719543505541002 -0.0011331392130541672 0.0047665889847868194 -0.0082095358320144664 -0.014096906364419671 -0.012251562672744772 0.013381765722900103 -0.0093620178819615561 0.010249759586155417
leaf_weight=231.0927090998739 41.526894787326455 71.547068849205971 3070.9393288362771 5502.9563278909773 4974.0731529295444 2460.6448061019182 1921.6704159937799 1060.8925246968865 1179.5316314939409 497.28086886368692 62.754989067092538 514.39692371338606 99.005154214799404 11.25579137727618
leaf_count=5231 590 340 23942 41295 34977 13812 13101 8173 9545 12324 744 2559 452 165
internal_value=-1.36613e-05 0.000174218 0.00108046 0.000670915 0.00255501 -0.00123325 -0.00299718 -0.00182798 -0.00384236 -0.0119647 0.00371645 0.0105049 0.00156744 -0.015996
internal_weight=21699.6 21457.2 16693.6 16008.6 8045.01 7963.6 4763.66 4224.85 3101.2 538.808 1123.65 684.949 170.552 242.349
internal_count=167250 161854 117377 114026 58919 55107 44477 31563 22646 12914 8917 3351 792 5396
is_linear=0
shrinkage=0.035


Tree=126
num_leaves=15
num_cat=0
split_feature=3 6 23 20 21 23 20 20 24 21 20 13 5 11
split_gain=51.1574 62.4211 79.7276 68.8173 52.4138 51.0235 63.5779 107.881 68.4205 62.2712 49.4322 37.2296 34.3262 32.4441
threshold=-0.035436719655990594 0.18781600892543796 0.29939925670623785 -0.0041903067613020531 -0.090231973677873598 0.13085953146219256 0.059742288663983352 0.05296724662184716 0.037483181804418571 0.078718151897192015 0.1306782625615597 0.66964286565780651 0.035555236041545875 0.11496518552303316
decision_type=2 2 2 2 2 2 2 2 2 2 2 2 2 2
left_child=5 4 -3 -4 -2 12 7 9 10 -7 -8 -10 -1 -6
right_child=1 2 3 -5 13 6 8 -9 11 -11 -12 -13 -14 -15
leaf_value=0.011643530173393129 -0.010749868573762705 0.0012104589394998024 0.0015046271773046251 0.055634808764358029 -0.019223326466669612 -0.00096831829101874396 0.011164220290598161 -0.018085951757500329 0.003950954316235461 0.0098833076324233594 -0.0053549580220981939 -0.0080940369897907725 -0.0011219946408382441 -0.0019673128657933677
leaf_weight=903.6797856669873 1124.6096687819809 2390.7961182780564 53.957331856712699 53.067891754209995 127.32032370008528 7365.3573147132993 1673.8231234177947 416.07764411903918 687.52916611358523 700.16359577700496 249.51871107518673 562.73451598733664 357.29511978104711 5018.7715350668877
leaf_count=5388 15786 16560 308 268 3151 53135 8046 2917 5315 3529 1171 4378 1858 45440
internal_value=-1.34742e-05 -0.00207538 0.0025963 0.0308053 -0.00393743 0.00138683 0.00066009 -0.000921964 0.00487781 -1.52223e-05 0.00900454 -0.00149162 0.00804607 -0.0024307
internal_weight=21684.7 8768.52 2497.82 107.025 6270.7 12916.2 11655.2 8481.6 3173.61 8065.52 1923.34 1250.26 1260.97 5146.09
internal_count=167250 81513 17136 576 64377 85737 78491 59581 18910 56664 9217 9693 7246 48591
is_linear=0
shrinkage=0.035


Tree=127
num_leaves=15
num_cat=0
split_feature=17 20 24 24 22 24 22 20 17 20 14 10 11 22
split_gain=49.5693 48.0664 46.7752 85.728 76.3205 69.0301 117.003 49.2045 34.2103 21.989 17.2959 19.6087 15.6039 10.6868
threshold=0.014498088508844377 -0.087301429361104951 0.035484667867422111 0.035096112638711936 0.60064271092414867 0.036355888471007354 0.31738407909870153 0.08993044495582582 0.028442984446883205 -0.03866703808307647 1.9833725094795229 0.56446537375450145 0.35560095310211187 0.31738407909870153
decision_type=2 2 2 2 2 2 2 2 2 2 2 2 2 2
left_child=13 8 3 4 -3 7 -7 -4 -2 -5 11 -10 -12 -1
right_child=1 2 5 9 -6 6 -8 -9 10 -11 12 -13 -14 -15
leaf_value=0.0022776215655930495 -0.021202167891628355 -0.00033909357731876235 -0.0091744070308408636 0.001792372196613796 0.0094723253204499255 0.0080560963637370149 -0.0021066450532971053 0.0011302077977462153 -0.011098673504604011 0.011972792652644728 0.027309919723462892 0.00015817547499643605 -0.0032233116892238264 -0.018438158856413381
leaf_weight=33.163829084485769 169.45790294371545 8045.6951596215367 1841.281352141872 336.25472657755017 1094.4496838822961 1877.2784019391984 5233.6229097545147 815.7562810741365 393.30073211342096 1196.5491331480443 28.916137676686049 357.15993998199701 39.406324833631516 204.71091844700277
leaf_count=624 3064 57899 16294 2016 5947 12577 46518 4076 3234 8168 253 1612 196 4772
internal_value=-1.27775e-05 0.000167152 0.000533129 0.00213391 0.000844803 -0.00121636 0.000583865 -0.00601834 -0.00733228 0.00976558 -0.00424053 -0.00580967 0.0115362 -0.0155747
internal_weight=21667 21429.1 20440.9 10672.9 9140.14 9767.94 7110.9 2657.04 988.241 1532.8 818.783 750.461 68.3225 237.875
internal_count=167250 161854 153495 74030 63846 79465 59095 20370 8359 10184 5295 4846 449 5396
is_linear=0
shrinkage=0.035


Tree=128
num_leaves=15
num_cat=0
split_feature=15 3 19 21 3 8 15 16 4 21 12 11 12 23
split_gain=49.7345 42.2072 38.7417 39.9758 29.2507 29.164 37.7447 24.7479 24.099 44.5349 22.7761 22.2579 40.2535 22.4493
threshold=16.994544029235843 0.04717779532074929 0.30903960764408117 -0.072656657546758638 -0.77037078142166127 -0.30037538707256312 20.090690612792972 0.98887497186660778 0.031241888180375103 0.036737985908985145 1.4334301948547366 0.85994848608970653 1.3386537432670595 0.22679369151592257
decision_type=2 2 2 2 2 2 2 2 2 2 2 2 2 2
left_child=1 8 3 4 -2 -5 -7 -6 9 -1 -11 12 13 -4
right_child=2 -3 11 5 7 6 -8 -9 -10 10 -12 -13 -14 -15
leaf_value=0.0026279262913153209 0.013995741007804532 -0.0016753527243696757 0.0030086127361628441 0.0015946234210313945 -0.0037759107149635384 -0.0018804252692102797 -0.013813156644382067 -0.011314852817536402 0.00043268253693236818 0.011224143896573743 -0.013001383695467775 0.029272289071415922 -0.014416256229474912 0.015896419813455378
leaf_weight=3407.6780283320695 74.762106209993362 3042.4569654986262 599.01933144405484 3114.6145213190466 1241.689828293398 4808.8549799937755 338.76905265450478 946.4420992359519 2451.5284885689616 1214.3752576503903 41.416874416172504 34.624397255480289 118.74033904261887 222.37456151284277
leaf_count=23278 310 22723 3542 17075 13233 46766 4278 12465 14558 6668 224 181 628 1321
internal_value=-1.2708e-05 0.001771 -0.00158837 -0.00220771 -0.0063188 -0.00107547 -0.00269099 -0.0070734 0.00324499 0.00471929 0.0103288 0.00505355 0.0038629 0.00664694
internal_weight=21657.3 10157.5 11499.9 10525.1 2262.89 8262.24 5147.62 2188.13 7115 4663.47 1255.79 974.759 940.134 821.394
internal_count=167250 67451 99799 94127 26008 68119 51044 25698 44728 30170 6892 5672 5491 4863
is_linear=0
shrinkage=0.035


Tree=129
num_leaves=15
num_cat=0
split_feature=8 12 17 21 6 20 17 21 14 24 20 21 23 24
split_gain=48.024 55.321 48.7618 38.6344 54.2233 48.0202 38.0089 40.3535 36.1708 22.4916 27.0472 16.4376 11.9586 11.3249
threshold=-0.74420359730720509 1.1153780817985537 0.014498088508844377 -0.10063671320676802 0.39900143444538122 0.027253079228103164 0.02257887460291386 0.10439518839120866 0.87285390496253978 0.033361051231622703 -0.05719425901770591 -0.069101542234420762 0.18989720195531848 0.034890316426754005
decision_type=2 2 2 2 2 2 2 2 2 2 2 2 2 2
left_child=9 2 -2 4 -4 -5 -3 8 -8 -1 -11 -12 -9 -13
right_child=1 6 3 5 -6 -7 7 12 -10 10 11 13 -14 -15
leaf_value=0.018633156105264174 -0.015707642570976711 -0.014803798588804019 -0.0046583187234171281 0.0037056054455863836 0.024424027516078816 -0.00050717799188030861 0.0013422663841002884 0.012557303799879176 -0.0056897660592551431 -0.0060209848262749348 0.0022669274503281296 -0.00049201002668536353 -0.0042800376775059589 0.015230528299543578
leaf_weight=163.86394385248423 210.68189216218889 336.30240780301392 2019.2178815770894 6500.8477817326784 71.857095342129469 6747.3313923180103 1259.5268210060894 248.64848641306162 3067.0404908135533 210.95763702690601 347.63986565172672 66.291937433183193 59.245102755725384 334.96524113416672
leaf_count=845 4769 6556 20524 48073 387 47047 9153 1195 23961 929 1457 337 349 1668
internal_value=-1.21252e-05 -0.000399354 0.000628512 0.000862973 -0.00354745 0.00156126 -0.00360961 -0.00276718 -0.00364426 0.00700038 0.00484282 0.00794207 0.00928473 0.0126842
internal_weight=21644.4 20520.7 15549.9 15339.3 2091.07 13248.2 4970.76 4634.46 4326.57 1123.72 959.855 748.897 307.894 401.257
internal_count=167250 162014 120800 116031 20911 95120 41214 34658 33114 5236 4391 3462 1544 2005
is_linear=0
shrinkage=0.035


Tree=130
num_leaves=15
num_cat=0
split_feature=15 2 21 23 23 7 23 23 21 15 12 1 10 21
split_gain=46.782 45.1836 44.0519 49.9301 58.3991 41.0484 34.8365 28.6885 34.7069 38.482 31.6589 28.9541 28.1912 26.061
threshold=19.041307449340824 0.27900794148445135 0.11223756149411203 0.13085953146219256 0.16732890158891681 -0.13154929876327512 0.24698165804147723 0.20564330369234088 0.088003512471914305 20.375073432922367 0.9804353415966035 -0.05480219051241874 0.49033586680889135 0.12066358700394632
decision_type=2 2 2 2 2 2 2 2 2 2 2 2 2 2
left_child=1 2 3 5 -5 -1 -3 8 9 -2 11 -9 -12 -4
right_child=7 6 13 4 -6 -7 -8 10 -10 -11 12 -13 -14 -15
leaf_value=0.0091031961342176379 -0.0077650950500840624 0.0031229143407249704 0.014127433888815093 -0.0066756370516998639 -0.00045247749826156814 -0.00038205690685287939 0.014452669822353301 -0.0024867315580363431 0.00010777109888805598 -0.025295804585894418 -0.013282365184727985 0.013893047034758176 0.0019354279786071762 0.0030840179659655542
leaf_weight=1046.5350853111595 859.70119200460613 2410.75976677984 321.6527681723237 2250.8652219790965 10106.078610822558 1184.9714864604175 377.68817106820643 244.6818932313472 506.74578631855547 182.05903285741806 283.62462296709418 271.08365099318326 298.52394280582666 1287.0018188394606
leaf_count=6008 10016 15724 1519 19139 78820 9187 2290 1783 3749 2321 4643 2827 1630 7594
internal_value=-1.1432e-05 0.000596962 -0.000112502 -0.000719851 -0.00159053 0.00408712 0.00470366 -0.0043619 -0.00741474 -0.0110402 -2.80895e-05 0.00622289 -0.00557783 0.0053658
internal_weight=21632 18985.6 16197.1 14588.5 12356.9 2231.51 2788.45 2646.42 1548.51 1041.76 1097.91 515.766 582.149 1608.65
internal_count=167250 140281 122267 113154 97959 15195 18014 26969 16086 12337 10883 4610 6273 9113
is_linear=0
shrinkage=0.035


Tree=131
num_leaves=15
num_cat=0
split_feature=8 20 23 24 17 24 10 2 2 5 14 3 23 21
split_gain=46.1513 55.3355 51.1263 79.1978 70.0296 53.3086 42.9153 42.5834 40.7204 39.5843 54.7795 36.27 33.123 28.4048
threshold=-0.38788388669490809 -0.073807202279567705 0.33515524864196783 0.037889750674366958 0.040239216759800918 0.036729488521814353 0.39101272821426397 0.0253216652199626 -0.018043492920696732 0.0077229340095072993 1.9833725094795229 -0.77037078142166127 0.13085953146219256 0.086410630494356169
decision_type=2 2 2 2 2 2 2 2 2 2 2 2 2 2
left_child=6 9 3 5 -5 -3 -1 -4 11 10 -2 -8 -13 -11
right_child=1 2 7 4 -6 -7 8 -9 -10 13 -12 12 -14 -15
leaf_value=0.012793502024136686 -0.015793922952062615 -0.00072213228917404105 0.0033733527068513926 -0.012160999036302918 0.001712974969807358 0.0059118226941862395 0.0091536787904917694 0.035002209753009814 0.0080655616326510207 -0.0058090907640100777 0.021730530002477048 0.0092723433169602763 -0.0012472620957323373 0.015401602427429295
leaf_weight=436.66608803719282 684.54524251446128 9500.3312790933996 133.201116502285 1264.4684850657359 681.89043748378754 1748.1933202501386 521.03645049035549 78.339506283402443 999.60107678174973 224.70725577324629 42.605840647593141 386.85077904164791 4813.2808469645679 105.42634354159236
leaf_count=3517 8629 77205 985 20431 3847 15731 2484 539 4913 2149 413 1895 23843 669
internal_value=-1.1187e-05 -0.00114858 -0.000537555 -0.000816911 -0.00731646 0.000313221 0.00228564 0.0161377 0.00158493 -0.00881876 -0.0133303 0.000440535 -0.000448388 0.00121809
internal_weight=21621.1 14463.7 13406.4 13194.9 1946.36 11248.5 7157.44 211.541 6720.77 1057.28 727.151 5721.17 5200.13 330.134
internal_count=167250 130598 118738 117214 24278 92936 36652 1524 33135 11860 9042 28222 25738 2818
is_linear=0
shrinkage=0.035


Tree=132
num_leaves=15
num_cat=0
split_feature=10 12 17 19 18 21 15 21 20 16 12 3 11 10
split_gain=44.6614 44.4473 49.1297 38.8902 43.0595 42.2555 24.7812 28.1325 24.1261 22.0114 25.1538 20.5921 20.3226 50.3999
threshold=0.17814408987760547 1.1677832603454592 0.085665170103311553 0.35786904394626623 -0.010088596027344464 -0.10063671320676802 19.512166976928714 1.0000000180025095e-35 0.025237264111638073 1.8479606509208681 1.5203247070312502 0.29005803167819982 0.4474292546510697 0.65341928601264965
decision_type=2 2 2 2 2 2 2 2 2 2 2 2 2 2
left_child=11 3 6 4 5 -2 7 -3 -6 10 -4 -1 13 -5
right_child=1 2 9 12 8 -7 -8 -9 -10 -11 -12 -13 -14 -15
leaf_value=-0.020126246386682794 -0.0035105799460595547 -0.0065407074505008074 0.0035366023761471202 0.010933247906761385 0.00052221094349861827 0.0035587444924608325 -0.014468353790190965 0.00010936481243446087 -0.0031796855503758606 0.012581638922410905 -0.02441752355446997 0.012588987410087907 0.013920480962100638 -0.0069901331105703757
leaf_weight=174.41613813117146 1229.9235089812428 1882.435489140451 235.72935031354427 476.41423739306629 4603.9641002919525 6323.6536306031048 283.30849637649953 1324.2667581140995 4043.092353111133 303.28026302158833 36.985898822546005 20.174022037535906 359.01941969245672 308.99336851388216
leaf_count=4846 10021 17838 1067 2921 41881 43198 2938 7919 29216 1567 167 550 1703 1418
internal_value=-9.71133e-06 0.000145736 -0.00314334 0.000918125 0.000475546 0.00240455 -0.00470731 -0.00380264 -0.00121035 0.00625149 -0.000984143 -0.016285 0.00712493 0.00388264
internal_weight=21605.7 21411.1 4066.01 17345.1 16200.6 7553.58 3490.01 3206.7 8647.06 575.996 272.715 194.59 1144.43 785.408
internal_count=167250 161854 31496 130358 124316 53219 28695 25757 71097 2801 1234 5396 6042 4339
is_linear=0
shrinkage=0.035


Tree=133
num_leaves=15
num_cat=0
split_feature=15 3 1 15 23 23 17 20 2 4 22 5 17 22
split_gain=43.7518 39.4792 33.2092 33.9775 36.8687 34.5882 40.2426 28.3771 27.179 29.0301 39.8149 23.9108 22.9554 21.9972
threshold=16.994544029235843 0.059401651844382293 0.26113788783550268 20.090690612792972 0.20564330369234088 0.13085953146219256 0.01888248231261969 -0.087301429361104951 0.27900794148445135 0.031241888180375103 0.50607720017433178 -0.060804817825555794 0.025161866098642353 0.2154868766665459
decision_type=2 2 2 2 2 2 2 2 2 2 2 2 2 2
left_child=1 8 3 5 -5 6 -2 -7 9 10 -1 -6 -3 -11
right_child=2 12 -4 4 11 7 -8 -9 -10 13 -12 -13 -14 -15
leaf_value=0.0024157737129734363 -0.010263242295679686 -0.0082283972938882819 0.003399424161152961 -0.017695965457252657 -0.011958724910230251 -0.011086614710968504 0.0062804891938336282 -0.0020238684838645186 0.010523307824210487 0.0082228252308483296 0.010764014822788404 0.00731173332907698 -0.00027860565028545598 -0.0022865232100375559
leaf_weight=3671.2168791256845 205.89417864568532 536.61350557953119 1472.2960281074047 339.12611239030957 127.93536190502346 439.03870749846101 1094.2623106390238 7599.4467796925455 542.22488217242062 270.50328610092402 857.62495583109558 174.35179052408785 2396.4170573838055 1868.290018459782
leaf_count=24808 3611 6983 8591 4120 1052 4419 6874 68982 3044 1452 4861 2150 14820 11483
internal_value=-9.86554e-06 0.00166326 -0.00149185 -0.00221611 -0.00994718 -0.00167504 0.00360227 -0.00253201 0.00305479 0.00243258 0.00401691 -0.000965778 -0.00175608 -0.000925275
internal_weight=21595.2 10142.9 11452.4 9980.06 641.413 9338.64 1300.16 8038.49 7209.86 6667.64 4528.84 302.287 2933.03 2138.79
internal_count=167250 67451 99799 91208 7322 83886 10485 73401 45648 42604 29669 3202 21803 12935
is_linear=0
shrinkage=0.035


Tree=134
num_leaves=15
num_cat=0
split_feature=21 23 24 17 21 20 15 12 2 17 13 2 15 9
split_gain=42.9483 46.5203 64.3432 61.5478 51.9354 50.6574 45.0234 41.3646 33.1329 32.3067 15.7936 13.9521 13.9517 16.3219
threshold=-0.17700782418251035 0.31619535386562353 0.037889750674366958 0.040239216759800918 0.07573214173316957 -0.087301429361104951 20.090690612792972 1.4334301948547366 0.043212579563260085 0.028442984446883205 0.52631577849388134 0.14473368227481845 17.714569091796879 0.56860649585723888
decision_type=2 2 2 2 2 2 2 2 2 2 2 2 2 2
left_child=11 2 5 4 -4 9 -7 -5 12 -2 -10 -1 13 -3
right_child=1 8 3 7 -6 6 -8 -9 10 -11 -12 -13 -14 -15
leaf_value=-0.014316789656929165 -0.020600110415270153 0.018309023068175639 -0.016166830116335348 0.002044762075470006 -0.0025159416310865088 0.0015141079216172428 -0.0082998821691980529 -0.015573161228780873 0.0066472978974317313 -0.0039869360424949884 0.03439164250904795 0.0035397930358184483 -0.0019857175652573697 0.0025614443846077731
leaf_weight=321.58490384183824 166.21621181815863 139.97902109846473 775.00447595305741 1360.8261451721191 611.77784988284111 16081.665757808834 583.92370792571455 175.32082746177912 43.927326861768961 813.07961665093899 74.534413293004036 59.775508787482977 193.90818891301751 182.70389115065336
leaf_count=3510 3147 1183 14889 7098 6623 115147 5750 927 342 5295 496 620 1409 814
internal_value=-9.94954e-06 0.000202018 -8.8203e-05 -0.00488877 -0.0102059 0.000709344 0.00116548 -5.36934e-05 0.00945723 -0.00698642 0.025422 -0.011499 0.00538305 0.00973771
internal_weight=21584.2 21202.9 20567.8 2922.93 1386.78 17644.9 16665.6 1536.15 635.053 979.296 118.462 381.36 516.591 322.683
internal_count=167250 163120 158876 29537 21512 129339 120897 8025 4244 8442 838 4130 3406 1997
is_linear=0
shrinkage=0.035


Tree=135
num_leaves=15
num_cat=0
split_feature=3 17 22 23 20 20 22 6 15 23 2 22 5 20
split_gain=42.2803 57.6305 42.4334 41.5219 59.1366 99.8634 57.3217 55.5577 39.7756 33.3299 89.234 62.0897 31.1165 30.1607
threshold=-0.035436719655990594 0.02650750428438187 0.17154361307621005 0.13085953146219256 0.059742288663983352 0.05296724662184716 0.43019491434097296 0.045876096934080131 19.661643028259281 0.29939925670623785 0.10024551674723627 0.26194338500499731 0.062659155577421202 0.10666488111019136
decision_type=2 2 2 2 2 2 2 2 2 2 2 2 2 2
left_child=3 8 -3 12 5 7 13 -5 -2 11 -11 -4 -1 -6
right_child=1 2 9 4 6 -7 -8 -9 -10 10 -12 -13 -14 -15
leaf_value=0.010126795867437028 -0.0046566018683179113 -0.013505988460602577 -0.011381762590492306 -0.0012258174857746234 0.006899195869871721 -0.017529556709635383 -0.00014164518838392703 0.0071410089928629003 -0.019132067140664736 -0.0057902998448075161 0.032394531326695911 0.0013380534812284677 -0.0031801356117684186 0.019197849549157844
leaf_weight=989.08966922387481 2583.9904055604711 258.54229635372758 510.78898222744465 6915.3744196519256 1317.5375553928316 411.45305559970438 1546.1020669620484 1120.9776033330709 247.48911084420979 155.12828980572522 130.64179837331176 4820.3745688516647 269.22139644995332 297.87092315405607
leaf_count=5881 37813 2087 3817 48455 7101 2917 10430 8209 5166 1240 753 30637 1365 1379
internal_value=-1.01429e-05 -0.00189249 8.64427e-05 0.00126404 0.000606591 -0.000922321 0.00468199 -5.13181e-05 -0.00598473 0.00073498 0.0121712 0.000100316 0.00727709 0.00927115
internal_weight=21574.6 8706.96 5875.48 12867.6 11609.3 8447.81 3161.51 8036.35 2831.48 5616.93 285.77 5331.16 1258.31 1615.41
internal_count=167250 81513 38534 85737 78491 59581 18910 56664 42979 36447 1993 34454 7246 8480
is_linear=0
shrinkage=0.035


Tree=136
num_leaves=15
num_cat=0
split_feature=8 12 17 22 17 24 21 6 20 14 24 20 21 17
split_gain=42.5723 48.4286 43.3168 35.9158 39.662 34.7168 33.9832 47.8045 42.5134 26.0494 21.0657 24.4139 15.0851 14.6715
threshold=-0.74420359730720509 1.1153780817985537 0.014498088508844377 0.55538171529769909 0.025601538829505447 0.037889750674366958 -0.10063671320676802 0.39900143444538122 0.027253079228103164 0.87285390496253978 0.033361051231622703 -0.05719425901770591 -0.069101542234420762 0.02215556520968676
decision_type=2 2 2 2 2 2 2 2 2 2 2 2 2 2
left_child=10 2 -2 4 -3 13 7 -4 -8 -6 -1 -12 -13 -5
right_child=1 3 6 5 9 -7 8 -9 -10 -11 11 12 -14 -15
leaf_value=0.017938877263698954 -0.015037669786028622 -0.013769760144542365 -0.0044005043792026272 -0.0074708631806897283 0.0011853819914484239 -0.012203361093625374 0.0034751457182773792 0.0227622709325088 -0.00049207655678659983 -0.0050890021909031323 -0.0057997006360421726 0.002055031603560604 0.012053067953140735 0.011552407625445564
leaf_weight=161.83302160352468 204.40158937498927 487.08488025143743 2006.1256924588233 49.713592616841197 1142.0917877964675 106.33640252240002 6499.7335174810141 72.786331545561552 6725.2710002250969 2755.1215166803449 210.49841131269932 347.11568386107683 397.82392703741789 392.56139534339309
leaf_count=845 4769 9571 20524 519 7892 807 48073 387 47047 20442 929 1457 2005 1983
internal_value=-1.00431e-05 -0.000375024 0.000586168 -0.00339194 -0.00444912 0.00498512 0.000804526 -0.00334507 0.00145886 -0.00325194 0.00661161 0.00452705 0.00748327 0.00929621
internal_weight=21558.5 20441.2 15508.3 4932.91 4384.3 548.611 15303.9 2078.91 13225 3897.21 1117.27 955.438 744.94 442.275
internal_count=167250 162014 120800 41214 37905 3309 116031 20911 95120 28334 5236 4391 3462 2502
is_linear=0
shrinkage=0.035


Tree=137
num_leaves=15
num_cat=0
split_feature=8 20 24 24 10 1 24 5 14 6 8 6 21 11
split_gain=40.5498 48.2823 44.0408 41.6543 39.9581 43.8563 36.581 36.2904 52.3131 28.5686 27.5879 36.7117 25.5307 24.0972
threshold=-0.38788388669490809 -0.073807202279567705 0.039040250703692443 0.038948316127061851 0.39101272821426397 0.32808592915534979 0.037889750674366958 0.0077229340095072993 1.9833725094795229 0.066957484930753722 -0.74420359730720509 -0.26545381546020502 0.086410630494356169 0.23992323130369189
decision_type=2 2 2 2 2 2 2 2 2 2 2 2 2 2
left_child=4 7 3 6 -1 10 -3 8 -2 -5 -6 -12 -9 -4
right_child=1 2 13 9 5 -7 -8 12 -10 -11 11 -13 -14 -15
leaf_value=0.012257064719176355 -0.01515232719529514 0.00027441001484001718 -0.02221172466224006 0.0057542545741948552 0.0058465499065554474 0.012220483047289201 -0.0054843704175746638 -0.0054243333061740426 0.021471370375601626 0.033014639361478547 -0.0038026547051196067 0.0021426996407515834 0.014682102268710166 -0.0045573703604525062
leaf_weight=438.86461431905627 669.78893031738698 11231.801042969339 155.15684203524143 151.48469579964876 1057.6327088400722 424.45520783960819 1525.9075637403876 222.58335707522929 42.761194325983524 62.258404038846493 2166.5208825990558 3052.6154808290303 106.01149152591825 238.05578648857772
leaf_count=3517 8629 92936 4720 1140 4904 2130 17198 2149 413 384 10671 15430 669 2360
internal_value=-9.73608e-06 -0.00107858 -0.000510122 -0.0001559 0.00214524 0.00146574 -0.000418135 -0.00830128 -0.0126877 0.0148152 0.000720191 -0.000327835 0.00130446 -0.0119017
internal_weight=21545.9 14405.8 13364.7 12971.5 7140.09 6701.22 12757.7 1041.14 712.55 213.743 6276.77 5219.14 328.595 393.213
internal_count=167250 130598 118738 111658 36652 33135 110134 11860 9042 1524 31005 26101 2818 7080
is_linear=0
shrinkage=0.035


Tree=138
num_leaves=15
num_cat=0
split_feature=21 17 23 23 22 24 22 7 24 21 22 23 9 10
split_gain=40.0333 44.6973 45.9274 48.183 86.6318 83.2683 40.0202 36.7342 32.6706 25.0701 23.6245 23.5951 27.6411 23.2981
threshold=0.11223756149411203 0.020350486971437935 0.13085953146219256 0.16732890158891681 0.52127560973167431 0.034643387421965606 0.61566752195358287 -0.2115538492798805 0.037677077576518066 -0.017164681106805798 0.31738407909870153 0.19671232253313067 0.23094213008880618 0.37539386749267584
decision_type=2 2 2 2 2 2 2 2 2 2 2 2 2 2
left_child=1 8 7 5 -5 -4 11 13 9 -1 -11 -2 -13 -3
right_child=6 2 3 4 -6 -7 -8 -9 -10 10 -12 12 -14 -15
leaf_value=-0.011825106144217133 0.012094367674526346 0.028059604581053801 -0.00050934679332190484 -0.00096665233347640093 0.0075956263301960236 -0.013145456053123738 -0.00046018457616080059 0.0017485266475397649 -0.020838921263119977 0.0080771257339567644 -0.0045628654413704482 0.025724325291322979 -0.003431810763435599 0.008543591888620557
leaf_weight=385.18947592563927 820.26624722778797 79.629050444811583 1844.9220079984516 10866.918247481808 1659.7803654335439 967.90398008935153 1043.3003092184663 1878.3140945360065 160.09046634379774 235.60725886747241 681.4842226151377 36.414387216791511 271.15819669514894 601.90454903244972
leaf_count=9774 4174 523 12461 82254 10139 8383 6407 10872 5183 2373 9641 490 1612 2964
internal_value=-8.79434e-06 -0.000514945 -3.27414e-05 -0.000757741 0.000172998 -0.00488864 0.00448661 0.00429776 -0.00637679 -0.0044537 -0.00126347 0.00902645 0.000721401 0.0111966
internal_weight=21532.9 19361.7 17899.4 15339.5 12526.7 2812.83 2171.14 2559.85 1462.37 1302.28 917.091 1127.84 307.573 681.534
internal_count=167250 154567 127596 113237 92393 20844 12683 14359 26971 21788 12014 6276 2102 3487
is_linear=0
shrinkage=0.035


Tree=139
num_leaves=15
num_cat=0
split_feature=17 12 17 21 22 11 5 17 23 23 17 12 11 22
split_gain=39.8836 51.741 42.5684 33.0159 35.6156 27.7801 31.6821 25.9567 29.3615 41.8989 20.4528 18.1859 14.1801 13.8611
threshold=0.10721593350172044 1.1677832603454592 0.014498088508844377 -0.17700782418251035 0.29079861938953405 0.85994848608970653 0.011550989933311941 0.045234506949782378 0.2094620689749718 0.29939925670623785 0.021271335892379287 1.3386537432670595 0.71273529529571544 0.38233020901679998
decision_type=2 2 2 2 2 2 2 2 2 2 2 2 2 2
left_child=1 2 -1 -4 -5 12 -7 8 10 -10 -3 13 -2 -9
right_child=5 7 3 4 -6 6 -8 11 9 -11 -12 -13 -14 -15
leaf_value=-0.014833987380882579 0.0082698536689771417 -0.016083506105011278 -0.010946688867459699 0.0036980329494371751 1.1175980206912798e-05 0.0073822788494469502 0.031614714794578641 -0.0021587243424572955 -0.016738809325876337 0.0032594596669829551 -0.0017451127435832885 -0.0052989875698902867 -0.008654120840207849 0.0056593035316340841
leaf_weight=207.25475694891065 117.21399544924498 127.96671581175178 280.29634573496878 4310.5761355832219 12483.842856099829 188.2017190977931 99.679669171571732 531.74630234390497 564.28251897357404 161.51817586831748 1076.4857546184212 702.24517753720284 105.90695168077946 562.6054629534483
leaf_count=4948 608 2462 3010 29300 96681 999 553 2647 8570 2052 8672 3448 537 2763
internal_value=-8.15255e-06 -0.000245264 0.000561921 0.000757372 0.000959109 0.00955781 0.0165525 -0.00397979 -0.00678714 -0.0123046 -0.00338838 -0.000942718 0.000210056 0.00187537
internal_weight=21519.8 21008.8 17282 17074.7 16794.4 511.002 287.881 3726.85 1930.25 725.801 1204.45 1796.6 223.121 1094.35
internal_count=167250 164553 133939 128991 125981 2697 1552 30614 21756 10622 11134 8858 1145 5410
is_linear=0
shrinkage=0.035


Tree=140
num_leaves=15
num_cat=0
split_feature=15 21 21 17 16 22 3 2 10 4 22 22 22 20
split_gain=38.4139 31.9544 32.9371 29.8658 46.7292 30.301 29.7071 34.3803 31.8267 30.8505 60.2048 32.2326 26.7082 23.4723
threshold=17.374132156372074 0.086410630494356169 0.083047490566968932 0.02650750428438187 0.77286911010742199 0.60792922973632824 0.035082181915640838 0.27900794148445135 0.21730648726224902 0.023964769206941131 0.50607720017433178 0.2154868766665459 0.61566752195358287 -0.073807202279567705
decision_type=2 2 2 2 2 2 2 2 2 2 2 2 2 2
left_child=6 2 3 4 -2 -5 7 9 -8 10 -1 -11 -3 -10
right_child=1 12 -4 5 -6 -7 8 -9 13 11 -12 -13 -14 -15
leaf_value=0.0016475921303742626 0.0098197187319218979 0.0044999316282779171 -0.019908247603133464 -0.0015902350532441228 -0.0079887238024376004 0.013042582324665297 -0.018389868388892172 0.010377500127362171 -0.0093489153172717967 0.0085564846676773575 0.011629199679386604 -0.0025740116912206057 -0.0043030318752965251 0.00020784235878541752
leaf_weight=4109.2864143252373 192.67349104396999 1522.002208692953 125.86187774501741 4907.8083708006889 1745.3698586700484 169.74763279408216 118.55813976377249 609.73408212140203 336.87793123535812 356.42410825379193 894.1608617939055 2443.9258951917291 573.88604399003088 3403.0379495061934
leaf_count=27676 2435 9296 1089 34465 31034 912 2669 3476 2883 1968 4987 15531 4378 24451
internal_value=-8.29064e-06 -0.0017121 -0.00282653 -0.00249218 -0.00617695 -0.00107637 0.00127455 0.0024398 -0.00126606 0.00180712 0.00345103 -0.00113193 0.00208056 -0.000675631
internal_weight=21509.4 9237.35 7141.46 7015.6 1938.04 5077.56 12272 8413.53 3858.47 7803.8 5003.45 2800.35 2095.89 3739.92
internal_count=167250 83609 69935 68846 33469 35377 83641 53638 30003 50162 32663 17499 13674 27334
is_linear=0
shrinkage=0.035


Tree=141
num_leaves=15
num_cat=0
split_feature=17 12 17 21 22 11 5 17 23 23 10 12 3 15
split_gain=37.036 48.2945 39.8596 30.8521 33.1982 26.3954 30.6751 24.1212 27.7364 39.8497 20.6006 17.0833 19.9879 13.671
threshold=0.10721593350172044 1.1677832603454592 0.014498088508844377 -0.17700782418251035 0.29079861938953405 0.85994848608970653 0.084621153771877303 0.045234506949782378 0.2094620689749718 0.29939925670623785 0.49033586680889135 1.5203247070312502 -0.10703493282198905 16.931183815002445
decision_type=2 2 2 2 2 2 2 2 2 2 2 2 2 2
left_child=1 2 -1 -4 -5 13 -7 8 10 -10 -3 -9 -13 -2
right_child=5 7 3 4 -6 6 -8 11 9 -11 -12 12 -14 -15
leaf_value=-0.014466922596760171 0.0069601861100138203 -0.0011482229601847741 -0.01062765005918598 0.0035672280784552158 8.8137903763009322e-06 0.0078418882231624937 0.032549516366441565 0.00030074795428267596 -0.016349676444073622 0.0031708895209363983 -0.013155690521555095 -0.01882864728655206 0.0031793761947477022 -0.0099641562964404365
leaf_weight=204.07488598395139 134.80643440783024 997.94993611238897 278.08297982811928 4315.0516297984868 12477.079842371866 200.07910447567701 85.505323320627213 1597.558847412467 556.26655070949346 161.80994578450918 202.88881696388125 119.52819561213255 78.749050036072731 88.061813354492188
leaf_count=4948 705 10052 3010 29300 96681 1069 483 7903 8570 2052 1082 563 392 440
internal_value=-8.27803e-06 -0.000236434 0.000542681 0.000730486 0.000924794 0.00923295 0.0160904 -0.00385119 -0.00656925 -0.0119678 -0.00326885 -0.000926554 -0.0103548 0.000132163
internal_weight=21497.5 20989 17274.3 17070.2 16792.1 508.453 285.584 3714.75 1918.92 718.076 1200.84 1795.84 198.277 222.868
internal_count=167250 164553 133939 128991 125981 2697 1552 30614 21756 10622 11134 8858 955 1145
is_linear=0
shrinkage=0.035


Tree=142
num_leaves=15
num_cat=0
split_feature=10 20 24 24 22 24 22 20 8 14 6 3 23 8
split_gain=36.1844 37.2498 37.8095 77.4612 63.8672 61.3248 100.862 41.5309 24.138 36.8326 21.2012 20.4515 24.6522 19.1102
threshold=0.17814408987760547 -0.087301429361104951 0.035484667867422111 0.035096112638711936 0.60064271092414867 0.036355888471007354 0.31738407909870153 0.08993044495582582 -0.50683027505874623 1.9833725094795229 -0.26545381546020502 0.29005803167819982 0.16732890158891681 -0.32219547033309931
decision_type=2 2 2 2 2 2 2 2 2 2 2 2 2 2
left_child=11 8 3 4 -3 7 -7 -4 10 -10 -2 -1 -13 -5
right_child=1 2 5 13 -6 6 -8 -9 9 -11 -12 12 -14 -15
leaf_value=-0.019084803783680264 -0.0053459101164342925 -0.00043465463927176479 -0.0086302188927971507 0.014160887140746852 0.0085355922099094577 0.0074783805340587891 -0.0019511967191390891 0.00085809435349401715 -0.012884288379183572 0.015176917839696387 0.013065013045928442 -0.01258057342094145 0.045303305492811564 0.0060152146141808568
leaf_weight=164.18316288478673 198.92638263478875 7994.4633754752576 1809.7793125305325 573.74865454062819 1096.8178972639143 1885.1907221321017 5198.8687946703285 817.17680605500937 598.16966017335653 54.892321471124887 111.14412099868059 13.891904680058362 5.5938135199248782 966.00476991012692
leaf_count=4846 944 57436 16187 2813 5920 12577 47169 4089 6375 453 523 389 161 7368
internal_value=-8.55471e-06 0.000128287 0.000448091 0.00188943 0.00065575 -0.00113012 0.000565181 -0.00568659 -0.00656141 -0.0103323 0.00145545 -0.0150689 0.0137652 0.00912228
internal_weight=21488.9 21305.2 20342.1 10631 9091.28 9711.02 7084.06 2626.96 963.132 653.062 310.071 183.669 19.4857 1539.75
internal_count=167250 161854 153559 73537 63356 80022 59746 20276 8295 6828 1467 5396 550 10181
is_linear=0
shrinkage=0.035


Tree=143
num_leaves=15
num_cat=0
split_feature=21 17 12 22 3 22 17 22 7 22 15 8 19 24
split_gain=37.016 38.1534 37.6969 54.6858 60.7693 47.8246 53.6036 36.0818 62.4598 35.6604 33.9675 22.7468 22.6276 21.3227
threshold=0.11223756149411203 0.01888248231261969 0.99016332626342785 0.29079861938953405 -0.10703493282198905 0.54632624983787548 0.030086371116340164 0.31738407909870153 -0.041348652914166444 0.61566752195358287 19.041307449340824 -0.30037538707256312 0.1098773628473282 0.038667606189846999
decision_type=2 2 2 2 2 2 2 2 2 2 2 2 2 2
left_child=1 7 3 4 -3 6 -4 8 -1 13 -5 -11 -10 -2
right_child=9 2 5 10 -6 -7 -8 -9 12 11 -12 -13 -14 -15
leaf_value=-0.007384463478387962 0.011512477312520149 0.0089851263192664982 -0.0089473259615614319 0.0004564285873497881 -0.0014943681528202205 0.0049359347197041889 -0.00140518533663305 -0.010988737401477678 0.041620738822439822 0.0076614522416426903 -0.0074871456439280851 -0.0036320588552641191 -0.0022070165638164853 0.00070595437069478179
leaf_weight=154.82865558937192 820.78364459052682 1912.4073826316744 1433.5179365752265 6364.15500260517 1043.1461723223329 1085.920434622094 5790.002081848681 732.65930978581309 48.164307313039899 297.66409045830369 725.54676153883338 743.74712820351124 17.902195725589991 307.94144834391773
leaf_count=2601 4174 10151 22936 44209 8024 6368 36691 16028 527 1380 6579 5027 453 2102
internal_value=-7.69227e-06 -0.000495574 -0.000139116 0.00130295 0.00529388 -0.00188189 -0.00291223 -0.00728428 0.00494636 0.00431548 -0.000365903 -0.000361895 0.0310158 0.00859631
internal_weight=21478.4 19308.3 18354.7 10045.3 2955.55 8309.44 7223.52 953.554 220.895 2170.14 7089.7 1041.41 66.0665 1128.73
internal_count=167250 154567 134958 68963 18175 65995 59627 19609 3581 12683 50788 6407 980 6276
is_linear=0
shrinkage=0.035


Tree=144
num_leaves=15
num_cat=0
split_feature=19 16 23 24 3 2 24 23 20 11 11 10 23 20
split_gain=35.6069 41.0873 48.7565 108.432 52.99 47.6893 39.2904 41.72 44.9586 34.3564 29.3222 59.7351 27.1972 23.0518
threshold=0.2750226110219956 0.90312373638153087 0.23850326985120776 0.036479571834206588 -0.13169669359922406 0.17062607407569888 0.035484667867422111 0.20702414214611056 0.08993044495582582 0.14194848388433459 0.43052947521209722 0.65341928601264965 0.29939925670623785 0.059742288663983352
decision_type=2 2 2 2 2 2 2 2 2 2 2 2 2 2
left_child=1 6 4 5 13 -4 -1 8 -8 -6 11 12 -2 -3
right_child=10 2 3 -5 9 -7 7 -9 -10 -11 -12 -13 -14 -15
leaf_value=0.0038946594970301553 0.0043592515222086832 0.00065529206989836468 -0.016403225512465296 0.00011752348871275031 -0.01196994805271898 0.0096591411756327614 -0.010563713218407591 0.0033453740374700712 0.00046779408275253508 -0.0019808529362771461 0.0097813028129628346 -0.0088590809092223624 0.02672878075108074 0.0063453859665982253
leaf_weight=3999.6619750205427 1032.6558307055384 2744.756395297125 1014.655693391338 1518.0022015739232 452.16104399878532 87.437133485451341 854.80535105988383 1334.3749735578895 947.69196346960962 4925.8653467278928 740.08221080154181 477.20427731797099 61.897361118346453 1270.2511828541756
leaf_count=27059 7295 17157 10345 13433 10072 821 8548 10459 5453 43239 3545 2218 417 7189
internal_value=-7.15615e-06 -0.000503202 -0.00175223 -0.00596439 -0.000572199 -0.0142672 0.00159884 -0.00133152 -0.00479314 -0.00284135 0.00408621 0.00135972 0.00585479 0.00246679
internal_weight=21461.5 19149.7 12013.1 2620.1 9393.03 1102.09 7136.53 3136.87 1802.5 5378.03 2311.84 1571.76 1094.55 4015.01
internal_count=167250 153775 102256 24599 77657 11166 51519 24460 14001 53311 13475 9930 7712 24346
is_linear=0
shrinkage=0.035


Tree=145
num_leaves=15
num_cat=0
split_feature=15 24 2 20 20 23 8 20 6 11 23 5 11 5
split_gain=35.0148 35.408 33.57 58.0798 80.1416 49.9818 51.4364 36.0606 34.4507 31.3788 28.4497 25.0048 33.9429 19.81
threshold=20.090690612792972 0.039040250703692443 0.13294870406389239 0.059742288663983352 0.025237264111638073 0.27175790071487432 -0.2901345938444137 -0.0041903067613020531 -0.033731348812580102 0.23992323130369189 0.20564330369234088 -0.060804817825555794 0.26098705828189855 0.18044750392436984
decision_type=2 2 2 2 2 2 2 2 2 2 2 2 2 2
left_child=1 2 3 4 -1 6 -4 -7 -5 -3 13 -12 -13 -2
right_child=10 9 5 8 -6 7 -8 -9 -10 -11 11 12 -14 -15
leaf_value=0.00026247423417516554 -0.016347499445119769 -0.021877652658132747 0.010139849352551269 0.0070403935361209339 -0.006297148108679978 0.0039384254342358475 0.00034093050800273675 0.02490713121553877 -0.00037160636317452959 -0.0033725584567268789 -0.011314645537952214 -0.010342472860305846 0.018402428991141247 0.0049402596637782951
leaf_weight=8639.2786939581856 359.9961945656687 141.99529196694493 772.08245166577399 1796.0138279944658 3090.0165297072381 203.16420931741595 4082.4526800820604 197.80088441632688 1335.1040559075773 448.32401731610298 125.58956296276301 71.637938236817718 126.33911420032382 57.930722001940012
leaf_count=69044 4368 4427 3990 9311 23121 1272 33477 1412 9598 3508 1052 1519 797 354
internal_value=-6.92586e-06 0.000262298 0.000512019 -0.000338649 -0.00146951 0.00291344 0.00191703 0.0146369 0.00388881 -0.00811406 -0.00742845 0.000391181 0.00800392 -0.0133502
internal_weight=21447.7 20706.2 20115.9 14860.4 11729.3 5255.5 4854.54 400.965 3131.12 590.319 741.494 323.567 197.977 417.927
internal_count=167250 159160 151225 111074 92165 40151 37467 2684 18909 7935 8090 3368 2316 4722
is_linear=0
shrinkage=0.035


Tree=146
num_leaves=15
num_cat=0
split_feature=15 3 21 22 23 23 8 3 7 2 3 22 24 4
split_gain=34.0488 31.8784 28.6238 31.5175 46.5907 59.1054 42.4157 39.7544 36.2951 29.1379 36.1056 26.3081 25.2531 21.9686
threshold=16.994544029235843 0.059401651844382293 -0.072656657546758638 0.31738407909870153 0.15924271941185 0.16732890158891681 -0.05202971585094928 -0.070893552154302583 -0.11266077309846877 0.14473368227481845 -0.095051500946283327 0.2154868766665459 0.037378439679741866 0.031241888180375103
decision_type=2 2 2 2 2 2 2 2 2 2 2 2 2 2
left_child=1 13 9 6 8 -6 7 -4 -5 10 11 -2 -11 -1
right_child=2 -3 3 4 5 -7 -8 -9 -10 12 -12 -13 -14 -15
leaf_value=0.0041187069829901179 0.0020074213937295612 -0.0016145171846804844 0.0053878349009488635 0.0080392306462662676 -0.018264774829883729 -0.0025583201948264399 0.021447802046028003 -0.0053486310373640948 -0.00083969885963880095 0.0060315536971735102 -0.012855191096577859 -0.0082347997575413726 -0.018880180648934694 4.3215566798018756e-05
leaf_weight=4718.0137268733233 634.46354277618229 2911.5939221326262 1315.3530877716839 866.31821558624506 306.41332085058093 4149.6181598193944 137.77345289103687 610.87788735888898 1577.7318137679249 411.97792225237936 705.73220722563565 579.99034729972482 46.725309060886502 2465.2670965511352
leaf_count=30857 4303 21803 7131 4951 2630 38948 1147 4936 12804 4489 11869 5851 740 14791
internal_value=-6.89587e-06 0.0014709 -0.00132223 -0.000414504 -0.00154979 -0.00367683 0.00336998 0.00197287 0.00232746 -0.00472664 -0.00661367 -0.00291129 0.00314527 0.00272202
internal_weight=21437.9 10094.9 11343 8964.09 6900.08 4456.03 2064 1926.23 2444.05 2378.89 1920.19 1214.45 458.703 7183.28
internal_count=167250 67451 99799 72547 59333 41578 13214 12067 17755 27252 22023 10154 5229 45648
is_linear=0
shrinkage=0.035


Tree=147
num_leaves=15
num_cat=0
split_feature=21 14 20 22 23 4 22 20 17 22 15 12 23 17
split_gain=34.0112 37.2533 38.0926 80.019 50.0669 48.0748 48.4964 35.7882 35.6665 33.331 31.8355 28.9822 28.6502 26.3896
threshold=0.11223756149411203 0.96721264719963085 0.025237264111638073 0.44606359302997595 0.21242901682853702 -0.011551562696695326 0.29079861938953405 0.047260809689760215 0.0279490239918232 0.61566752195358287 19.512166976928714 1.1153780817985537 0.15637215971946719 0.069093093276023879
decision_type=2 2 2 2 2 2 2 2 2 2 2 2 2 2
left_child=1 2 3 4 -1 7 -7 -4 12 -2 -5 -10 -3 -13
right_child=9 8 5 10 -6 6 -8 -9 11 -11 -12 13 -14 -15
leaf_value=-0.003627374571606984 0.0082784302698140303 -0.00031618443408935014 -0.0011443925761511185 0.010869155069094116 0.0034685227053994848 0.0048599412998401835 -0.0058607041237425011 0.011561255741463092 0.00093177672851582605 -0.00038935277742049715 -0.0067864270262874516 -0.0059184161770892063 -0.0092963799962697321 0.0023026234604827294
leaf_weight=2155.8103341590613 1127.8060792442411 649.47867067344487 585.95132463984191 1454.2435099501163 2773.7126343753189 634.44262204505503 2633.4921479783952 493.55769460182637 3902.1163251306862 1038.7505416497588 130.15995219536126 1902.3366034533828 1313.5906130168587 631.78612542897463
leaf_count=21317 6276 7786 4052 8963 19649 3803 22157 2897 23278 6407 1083 14133 22550 2899
internal_value=-7.23705e-06 -0.000475648 0.000877723 0.00256948 0.000364239 -0.00165717 -0.0037709 0.0047175 -0.00222469 0.00413999 0.00938527 -0.000961024 -0.00634196 -0.00386782
internal_weight=21427.2 19260.7 10861.4 6513.93 4929.52 4347.44 3267.93 1079.51 8399.31 2166.56 1584.4 6436.24 1963.07 2534.12
internal_count=167250 154567 83921 51012 40966 32909 25960 6949 70646 12683 10046 40310 30336 17032
is_linear=0
shrinkage=0.035


Tree=148
num_leaves=15
num_cat=0
split_feature=3 12 11 21 6 18 11 15 23 23 9 16 9 3
split_gain=32.8591 39.7213 29.8501 30.3674 42.5898 38.2562 24.1856 22.9761 22.5627 22.1456 19.743 17.3897 13.9853 11.8898
threshold=-0.77037078142166127 1.1677832603454592 0.11496518552303316 -0.10063671320676802 0.39900143444538122 -0.10699408128857611 0.85994848608970653 19.512166976928714 0.23850326985120776 0.29939925670623785 0.30179762840271002 1.1634474992752077 0.19083917140960696 0.320007935166359
decision_type=2 2 2 2 2 2 2 2 2 2 2 2 2 2
left_child=6 2 12 4 -4 -5 -1 8 10 -10 -3 -8 13 -2
right_child=1 7 3 5 -6 -7 11 -9 9 -11 -12 -13 -14 -15
leaf_value=0.0029948028242943892 -0.021120493407714856 -0.013971580059952329 -0.0038691466337326709 0.006186719444474997 0.020818236803488589 0.00059468253765288567 0.0052042856175483418 -0.012784356585515751 -0.010797215499029992 -0.00027737130848509326 -9.2751912649747707e-05 0.027095908839766314 0.0069319582334207777 0.0050291620427305511
leaf_weight=380.50992254912853 130.43450950924307 122.62229008600116 2336.8867837982252 1688.8689544647932 79.000438701361418 12741.891774335876 82.113739736378193 288.96808201819658 659.34949710778892 387.63556999526918 2359.6682536015287 104.45845102518797 29.565805663354695 21.106594520621002
leaf_count=1765 3606 2769 23796 9398 418 94903 403 3174 6100 2954 16342 598 524 500
internal_value=-7.05835e-06 -0.000235014 0.000488961 0.00064462 -0.00297937 0.00125296 0.00823148 -0.00345648 -0.00265878 -0.00694182 -0.000831658 0.0182159 -0.0132666 -0.0173925
internal_weight=21413.1 20846 17027.8 16846.6 2415.89 14430.8 567.082 3818.24 3529.28 1046.99 2482.29 186.572 181.107 151.541
internal_count=167250 164484 133145 128515 24214 104301 2766 31339 28165 9054 19111 1001 4630 4106
is_linear=0
shrinkage=0.035


Tree=149
num_leaves=15
num_cat=0
split_feature=20 21 24 17 24 24 12 8 22 17 12 14 8 17
split_gain=32.1466 33.525 35.4361 60.1826 42.6895 55.231 42.4396 31.5619 29.1804 27.9605 21.9773 18.579 20.4603 11.238
threshold=-0.087301429361104951 -0.17700782418251035 0.037677077576518066 0.039203055202960975 0.036819720640778549 0.035484667867422111 1.4334301948547366 -0.42096169292926783 0.46367530524730688 0.028442984446883205 0.81581512093544017 1.9833725094795229 -0.40393109619617457 0.030658408999443058
decision_type=2 2 2 2 2 2 2 2 2 2 2 2 2 2
left_child=9 13 4 7 5 -3 -5 -4 -6 -1 -11 -12 -13 -2
right_child=1 2 3 6 8 -7 -8 -9 -10 10 11 12 -14 -15
leaf_value=-0.019366901779750197 -0.021234949774635029 0.0017157396285716309 0.010521501038556204 0.0030809332926388781 0.0075495383395331348 -0.0032253631031982553 -0.013584327695539179 -0.009490188409940134 -0.0018041004062000659 0.0083582273748169442 -0.0082385355436525257 -0.010040122485912923 0.024684778918423311 -0.0064615946813718116
leaf_weight=155.37878223322332 77.262506363913417 10588.755062127486 95.738208346068859 1723.9404211454093 1842.9693593177944 3742.4622423211113 199.918790332973 1363.2492816057056 519.80438903719187 146.98693089187145 588.76247576624155 29.278121903538704 37.726764932274818 289.74839079752564
leaf_count=3147 1999 74996 738 9048 12592 29224 1072 22865 4143 807 4049 153 286 2131
internal_value=-6.73432e-06 0.000288244 0.000482185 -0.00277918 0.00114433 0.000424068 0.00128786 -0.00811434 0.00549283 -0.00623871 -0.00349063 -0.00623214 0.0101782 -0.0100524
internal_weight=21402 20443.8 20076.8 3382.85 16694 14331.2 1923.86 1458.99 2362.77 958.133 802.754 655.767 67.0049 367.011
internal_count=167250 158808 154678 33723 120955 104220 10120 23603 16735 8442 5295 4488 439 4130
is_linear=0
shrinkage=0.035


Tree=150
num_leaves=15
num_cat=0
split_feature=17 12 20 10 21 8 11 5 6 21 6 22 20 20
split_gain=31.4989 40.0492 34.4881 33.423 29.7907 29.5194 24.6352 29.3574 19.3552 17.5235 20.8322 16.767 18.7935 15.5917
threshold=0.10721593350172044 1.3386537432670595 -0.087301429361104951 0.17814408987760547 -0.17700782418251035 -0.50683027505874623 0.85994848608970653 0.084621153771877303 -0.26545381546020502 1.0000000180025095e-35 -0.047303143888711922 0.2154868766665459 -0.073807202279567705 1.0000000180025095e-35
decision_type=2 2 2 2 2 2 2 2 2 2 2 2 2 2
left_child=1 2 5 -4 -5 8 -2 -8 -1 11 13 12 -3 -11
right_child=6 9 3 4 -6 -7 7 -9 -10 10 -12 -13 -14 -15
leaf_value=-0.0043994009494521605 -0.00021674973345586049 -0.015803157174131579 -0.014630670373859046 -0.0097015390591151766 0.00082502650580010143 -0.01103957678160784 0.0072186846479341876 0.031609382678955626 0.014025712482553127 0.0138591028924527 -0.0071235730238492726 -0.011515712010167574 0.017536077454900611 -0.0037625609306398771
leaf_weight=173.82716557011008 221.54057582467794 23.328174943104386 167.36542350891978 325.4249676335603 18254.903794968501 583.8092206120491 197.82144053280354 82.977645084261894 103.18110383301973 131.6337208673358 327.58999534510076 649.17682127282023 46.662332715466619 102.62364320084453
leaf_count=824 1145 206 5108 3675 138510 6469 1069 483 484 731 1954 5717 349 526
internal_value=-7.35556e-06 -0.000217536 0.000175509 0.000491527 0.00063554 -0.00663364 0.00856654 0.0152654 0.00271322 -0.00618864 -0.00151384 -0.00976997 0.0058375 0.0063014
internal_weight=21391.9 20889.5 19608.5 18747.7 18580.3 860.817 502.34 280.799 277.008 1281.01 561.847 719.167 69.9905 234.257
internal_count=167250 164553 155070 147293 142185 7777 2697 1552 1308 9483 3211 6272 555 1257
is_linear=0
shrinkage=0.035


Tree=151
num_leaves=15
num_cat=0
split_feature=15 24 2 23 8 23 24 23 21 8 10 24 23 3
split_gain=31.3734 30.9365 32.0608 45.4597 46.4746 37.9147 91.0183 39.0796 33.0451 29.6976 27.5755 17.7661 19.7893 16.1027
threshold=20.090690612792972 0.039040250703692443 0.13294870406389239 0.27175790071487432 -0.2901345938444137 0.24243597686290744 0.036479571834206588 0.20564330369234088 -0.12335744500160216 -0.27997095882892603 0.43528388440608984 0.033703889697790153 0.17157290875911715 0.87722137570381176
decision_type=2 2 2 2 2 2 2 2 2 2 2 2 2 2
left_child=1 2 5 4 -4 7 -7 -1 -5 -3 -2 -12 -13 -11
right_child=10 9 3 8 -6 6 -8 -9 -10 13 11 12 -14 -15
leaf_value=-0.00056213753765104108 -0.013619172156011067 -0.00016831866244134948 0.0096983302143089332 -0.003026851369782764 0.00037411764974722562 -0.0098867705304002615 0.001603977348788738 0.0041750995435299917 0.019664147651063321 -0.018551547888836322 0.013260515575318038 -0.021295766780231099 0.00054379837660900414 0.0082491361265864937
leaf_weight=8600.9710936257616 372.49031311739236 310.43134042993188 770.42274764925241 102.00785635598004 4074.6081694066525 1531.6452320385724 1861.9833162724972 2826.0220564613119 300.69196037389338 246.42772393673658 82.088147975504398 55.599139343947172 223.58818509802222 25.068465996533632
leaf_count=64682 6050 2237 3990 638 33477 13299 14279 18814 2046 5506 397 296 1347 192
internal_value=-7.08477e-06 0.000247163 0.000479533 0.00282772 0.00187371 -0.000353266 -0.00359595 0.00061206 0.0139822 -0.00763908 -0.00706946 -0.0001315 -0.00439148 -0.0158718
internal_weight=21384 20650.3 20068.4 5247.73 4845.03 14820.6 3393.63 11427 402.7 581.928 733.766 361.275 279.187 271.496
internal_count=167250 159160 151225 40151 37467 111074 27578 83496 2684 7935 8090 2040 1643 5698
is_linear=0
shrinkage=0.035


Tree=152
num_leaves=15
num_cat=0
split_feature=21 14 17 24 23 22 22 2 23 22 23 17 4 23
split_gain=31.2917 33.787 30.7089 57.9434 60.5528 47.06 29.5483 23.7579 46.5122 29.543 22.5893 21.2585 21.2441 17.5114
threshold=0.11223756149411203 0.65981471538543712 0.032579096034169204 0.0356238391250372 0.24541131407022479 0.31738407909870153 0.61566752195358287 0.13294870406389239 0.32700382173061376 0.60792922973632824 0.20702414214611056 0.021719396114349369 0.063932411372661604 0.13085953146219256
decision_type=2 2 2 2 2 2 2 2 2 2 2 2 2 2
left_child=1 10 3 4 -3 -5 12 9 -9 -4 13 -8 -2 -1
right_child=6 2 7 5 -6 -7 11 8 -10 -11 -12 -13 -14 -15
leaf_value=0.0055429642436777369 0.011379545021802088 0.00028665984752388818 -0.0013357928214909492 0.00086751961459968264 -0.016170374459579306 -0.011588919755631664 -0.013118675258717976 0.0021551626762257936 0.03041727621285319 0.010273635410879136 0.0066684481588812471 0.0016263654911306766 0.0013145919063319495 -0.0021314485804243498
leaf_weight=530.24109762348235 729.29839981906116 4125.7118075797334 7136.5303610842675 510.49901387095451 283.3359539732337 1341.9808564418927 127.73061420582235 2635.7678879220039 63.423157513141632 269.06284528970718 1206.9526421101764 909.17110877856612 398.10236447304487 1108.1043690182269
leaf_count=3184 4247 41063 39788 7371 5268 25830 1629 14549 321 1275 7920 4778 2029 7998
internal_value=-7.21e-06 -0.000457382 -0.00106973 -0.00299357 -0.000805108 -0.00817 0.00397251 0.000124184 0.00292906 -0.000900709 0.00305626 -0.00029796 0.00786826 0.00037089
internal_weight=21375.9 19211.6 16366.3 6261.53 4409.05 1852.48 2164.3 10104.8 2699.19 7405.59 2845.3 1036.9 1127.4 1638.35
internal_count=167250 154567 135465 79532 46331 33201 12683 55933 14870 41063 19102 6407 6276 11182
is_linear=0
shrinkage=0.035


Tree=153
num_leaves=15
num_cat=0
split_feature=8 12 17 23 23 6 15 24 20 6 19 16 23 21
split_gain=30.7049 32.246 32.8204 29.2264 29.1754 27.819 22.8399 19.586 20.6967 17.0989 15.4542 14.13 21.2296 13.4925
threshold=-0.74420359730720509 1.1677832603454592 0.014498088508844377 0.33515524864196783 0.13085953146219256 0.066957484930753722 18.065536499023441 0.033361051231622703 -0.05719425901770591 -0.43329846858978266 -0.12366831302642821 0.96556705236434948 0.15924271941185 -0.069101542234420762
decision_type=2 2 2 2 2 2 2 2 2 2 2 2 2 2
left_child=7 2 -2 4 -4 -5 9 -1 -9 -3 -11 -8 -13 -10
right_child=1 6 3 5 -6 -7 11 8 13 10 -12 12 -14 -15
leaf_value=0.016690533282193755 -0.01358410903861384 -0.014155190561164111 0.0039618070830400179 0.0055870551001528769 -0.00026283063573258748 0.03547547939279546 0.0042595872032106892 -0.0058610688767806469 0.0012937086753894024 0.0035798874422685433 -0.0025836140819310181 -1.2822933703226186e-05 -0.012487402557567114 0.010782084848773991
leaf_weight=158.16159967333078 194.83881909586489 117.04058072715998 2330.142976725474 151.55548164993525 13872.60913917236 43.403076767921448 99.733421132899821 209.35229228436947 345.21213667094707 662.19137701578438 1920.7314741415903 224.60562264919281 643.18243821337819 389.73881220072508
leaf_count=845 4947 552 15768 1029 109269 272 1162 929 1457 3764 15970 1942 7339 2005
internal_value=-6.77073e-06 -0.00031748 0.000339525 0.000513145 0.00034679 0.0136472 -0.00328277 0.00565467 0.00365075 -0.00161632 -0.000995747 -0.00786903 -0.00929559 0.00640251
internal_weight=21362.5 20260 16592.5 16397.7 16202.8 194.959 3667.48 1102.46 944.303 2699.96 2582.92 967.521 867.788 734.951
internal_count=167250 162014 131285 126338 125037 1301 30729 5236 4391 20286 19734 10443 9281 3462
is_linear=0
shrinkage=0.035


Tree=154
num_leaves=15
num_cat=0
split_feature=21 20 22 23 22 15 3 3 24 2 24 10 21 20
split_gain=29.3646 31.3243 147.904 91.6842 80.1062 45.8444 42.7206 38.4281 60.3886 39.3399 36.2622 58.2811 44.2077 28.2296
threshold=0.11223756149411203 0.025237264111638073 0.44606359302997595 0.1800835654139519 0.55994480848312389 19.512166976928714 0.506364405155182 -0.035436719655990594 0.033703889697790153 0.0082911136560142058 0.038397246971726424 0.56446537375450145 -0.12335744500160216 0.1306782625615597
decision_type=2 2 2 2 2 2 2 2 2 2 2 2 2 2
left_child=1 2 7 4 6 -4 -3 8 -1 -9 12 -12 -5 -2
right_child=13 3 5 10 -6 -7 -8 9 -10 -11 11 -13 -14 -15
leaf_value=0.0053232879596867757 0.005745249587172695 -0.014580251197399582 0.0092188802944401585 -0.01222299502567291 -0.00061655728321542431 -0.0078683218936328042 0.00258259712340211 -0.0088911185050287445 -0.0022515625929402593 -0.0013240724702417871 -0.010830911114375674 0.003464571777652416 0.0041793711109889952 -0.0044761894880826388
leaf_weight=1949.6364943087101 1765.2601852379739 1373.5850559528917 2466.7650618869811 206.95025814138353 1281.8667500922456 201.04971283301711 200.68269334547222 1379.7027174197137 3758.9774011131376 2144.8520693993196 697.55567255243659 682.80214349552989 2845.2746535651386 398.98192916810513
leaf_count=12347 10607 11518 15109 2065 8558 1645 1230 15753 28837 24247 11361 3391 18506 2076
internal_value=-6.07115e-06 -0.000442629 0.000663994 -0.00224795 -0.00712647 0.00790659 -0.0123899 -0.00143496 0.000340226 -0.004303 0.000904488 -0.00378551 0.00303096 0.00384899
internal_weight=21353.9 19189.7 11901 7288.72 2856.13 2667.81 1574.27 9233.17 5708.61 3524.55 4432.58 1380.36 3052.22 2164.24
internal_count=167250 154567 97938 56629 21306 16754 12748 81184 41184 40000 35323 14752 20571 12683
is_linear=0
shrinkage=0.035


Tree=155
num_leaves=15
num_cat=0
split_feature=15 3 2 15 20 17 21 3 22 3 20 22 2 4
split_gain=29.0367 29.5725 24.7002 43.5339 32.9289 30.5536 27.9343 32.1364 22.8244 51.6078 28.819 22.3858 20.9752 25.0084
threshold=16.994544029235843 0.059401651844382293 0.12151826918125154 20.375073432922367 0.047260809689760215 0.02257887460291386 -0.072656657546758638 -0.095051500946283327 0.31738407909870153 0.58670297265052807 -0.042127339169383042 0.2154868766665459 0.27900794148445135 0.031241888180375103
decision_type=2 2 2 2 2 2 2 2 2 2 2 2 2 2
left_child=1 12 6 4 5 -4 7 11 10 -10 -8 -2 13 -1
right_child=2 -3 3 -5 -6 -7 8 -9 9 -11 -12 -13 -14 -15
leaf_value=0.0034902685960561002 0.0019645760863128171 -0.0016178145052793622 -0.0050898536199331284 -0.01617478765280508 -0.003228022000878687 0.0064879911628032009 -0.0043713345450363044 -0.012177531879375614 -0.0031311192167983175 0.018133376649873564 0.0052350539013400078 -0.0075698290644549892 0.0091377907956211833 -0.0011139050540057503
leaf_weight=4502.0220849355683 630.89611398056149 2901.6479387767613 322.54852285142988 154.23424646351486 906.82892663870007 1797.1796372774988 547.78940079174936 656.75491116009653 4347.8335506925359 134.58710004389286 1213.2086282651871 562.46151846833527 540.12638463452458 2120.3109207348898
leaf_count=29669 4287 21803 6211 1716 7676 13500 4386 11244 37216 796 7029 5738 3044 12935
internal_value=-6.72453e-06 0.00135909 -0.00122605 0.00138409 0.00232922 0.00471062 -0.00225229 -0.00601779 -0.00112863 -0.0024537 0.00223901 -0.00255481 0.00256567 0.00201667
internal_weight=21338.4 10064.1 11274.3 3180.79 3026.56 2119.73 8093.53 1850.11 6243.42 4482.42 1761 1193.36 7162.46 6622.33
internal_count=167250 67451 99799 29103 27387 19711 70696 21269 49427 38012 11415 10025 45648 42604
is_linear=0
shrinkage=0.035


Tree=156
num_leaves=15
num_cat=0
split_feature=3 12 17 10 21 6 18 17 23 23 10 6 21 19
split_gain=28.3164 32.5815 31.1737 26.1783 25.035 38.1095 36.2054 20.3792 22.3188 34.9102 20.5059 19.8082 11.26 11.1954
threshold=-0.77037078142166127 1.1677832603454592 0.014498088508844377 1.3854649066925051 -0.10063671320676802 0.39900143444538122 -0.10699408128857611 0.045234506949782378 0.2094620689749718 0.29939925670623785 0.49033586680889135 -0.43329846858978266 -0.037660010159015649 -0.086276419460773454
decision_type=2 2 2 2 2 2 2 2 2 2 2 2 2 2
left_child=3 2 13 -1 5 -4 -6 8 10 -10 -3 12 -9 -2
right_child=1 7 4 -5 6 -7 -8 11 9 -11 -12 -13 -14 -15
leaf_value=0.0026294820693489027 0.0034448312289400737 -0.00065351898129934231 -0.0035521385500211795 0.018957872149993064 0.0059599495142139735 0.019725295221211331 0.00051193979593905045 -0.015463881663343617 -0.014988493784908498 0.0034619499903017397 -0.012689759461896918 0.00082037147509559033 -0.00085856714831381053 -0.017125722026198387
leaf_weight=396.91432932764292 36.587605487555265 983.18195034470409 2320.3141439734027 165.16078178584576 1683.8566784262657 79.611108727753162 12704.941562113352 147.03682846575975 527.42353163193911 159.65514571033418 200.84754768759012 1656.8380942344666 112.03048917651176 155.4508111756295
leaf_count=1817 572 10052 23737 949 9392 418 94651 675 8570 2051 1082 8367 542 4375
internal_value=-6.84073e-06 -0.00021834 0.000436803 0.00767495 0.000600914 -0.00270133 0.00115319 -0.00314938 -0.00573731 -0.010713 -0.00278441 -0.000605297 -0.00941463 -0.01323
internal_weight=21329.9 20767.8 16980.8 562.075 16788.7 2399.93 14388.8 3787.01 1871.11 687.079 1184.03 1915.91 259.067 192.038
internal_count=167250 164484 133145 2766 128198 24155 104043 31339 21755 10621 11134 9584 1217 4947
is_linear=0
shrinkage=0.035


Tree=157
num_leaves=15
num_cat=0
split_feature=19 18 24 12 15 23 16 6 3 8 23 20 17 10
split_gain=27.7446 31.7706 39.2795 34.4825 32.493 28.5263 24.3861 30.0611 16.2314 16.1086 31.0411 25.1291 15.6064 26.0943
threshold=0.2750226110219956 -0.027844994328916069 0.039040250703692443 1.4334301948547366 20.090690612792972 0.12856709212064746 0.81106391549110424 0.22712270170450213 0.085474483668804183 -0.30037538707256312 0.29939925670623785 -0.0041903067613020531 0.10721593350172044 0.6271287500858308
decision_type=2 2 2 2 2 2 2 2 2 2 2 2 2 2
left_child=1 3 6 4 5 -1 8 -8 -3 -2 12 -12 13 -11
right_child=9 2 -4 -5 -6 -7 7 -9 -10 10 11 -13 -14 -15
leaf_value=0.0086400793752979387 0.0081149728098878684 0.0037926439762026717 -0.013489413378884032 -0.0086048965161018478 -0.010783033029814709 0.0014570337928775632 -0.0027645422010687797 0.0042360156275546091 -0.0035192742962139546 0.0035155174130904018 0.0031529720224303987 0.03632004899225548 0.015424121544289257 -0.0059277892010991852
leaf_weight=746.73331982083619 675.80332740396261 1602.9551920872182 323.30683904048055 402.81297440454364 234.04901577159762 6526.4530535535887 7882.72413395904 821.56911364383996 474.75661618541926 842.99855816364288 61.175770560279489 45.073044404387474 69.962767511606216 608.33671614900231
leaf_count=4193 3370 10753 5074 2559 2365 46526 72746 5635 3924 6362 387 216 342 2798
internal_value=-6.89395e-06 -0.000446967 -0.00165375 0.00124725 0.00178662 0.00220536 -0.00128668 -0.00209968 0.00211302 0.00361236 0.00170462 0.0191371 0.000370089 -0.000456184
internal_weight=21318.7 19015.4 11105.3 7910.05 7507.24 7273.19 10782 8704.29 2077.71 2303.35 1627.55 106.249 1521.3 1451.34
internal_count=167250 153775 98132 55643 53084 50719 93058 78381 14677 13475 10105 603 9502 9160
is_linear=0
shrinkage=0.035


Tree=158
num_leaves=15
num_cat=0
split_feature=21 14 20 4 24 20 23 1 20 20 11 23 8 23
split_gain=27.4928 29.6424 33.8831 41.3481 39.3756 42.6178 34.0225 26.8434 26.3784 25.6268 23.8894 23.2124 29.859 19.5519
threshold=0.11223756149411203 0.96721264719963085 0.025237264111638073 -0.021556570194661614 0.035484667867422111 -0.0060065865982323876 0.30226299166679388 0.21618013828992846 0.1306782625615597 0.047260809689760215 0.2449087128043175 0.18989720195531848 -0.2901345938444137 0.15637215971946719
decision_type=2 2 2 2 2 2 2 2 2 2 2 2 2 2
left_child=1 2 4 9 5 -1 -6 -5 11 -4 13 12 -2 -3
right_child=8 10 3 7 6 -7 -8 -9 -10 -11 -12 -13 -14 -15
leaf_value=0.0026167418515103008 0.016948623386792702 -0.00041887541641024123 -0.00021936335712829252 -0.0046871949844781357 -0.0044048608601239079 0.011439430077563642 0.0045474920635671517 0.0035728907676737323 -0.0043305111567350386 0.011862388226593371 -0.00082061554793010896 -0.00044171573813803075 0.0047386562698157253 -0.0072135792781418502
leaf_weight=3383.1997823407874 336.91838204115629 773.80051886755973 477.26591138727963 2896.6761347260326 1498.6236951118335 829.73985493369401 784.08682888187468 570.06789998151362 398.46276035159826 380.93963110074401 5979.7796510849148 546.15078850649297 882.89665642008185 1572.1359367622063
leaf_count=25032 1647 8389 3156 24135 15450 5019 5511 3514 2076 2104 35815 4331 4629 26442
internal_value=-6.09865e-06 -0.000429437 0.000778355 -0.00161964 0.00237503 0.00437735 -0.0013234 -0.00332255 0.00372346 0.00521834 -0.00199821 0.00555487 0.0082215 -0.00498366
internal_weight=21310.7 19146.3 10820.6 4324.95 6495.65 4212.94 2282.71 3466.74 2164.43 858.206 8325.72 1765.97 1219.82 2345.94
internal_count=167250 154567 83921 32909 51012 30051 20961 27649 12683 5260 70646 10607 6276 34831
is_linear=0
shrinkage=0.035


Tree=159
num_leaves=15
num_cat=0
split_feature=11 21 23 24 17 20 2 3 2 3 13 3 3 17
split_gain=26.8442 26.8772 32.3363 40.4672 40.9821 32.609 22.8907 15.5853 12.7554 12.0805 11.9628 9.20446 8.41734 7.8859
threshold=0.11496518552303316 -0.17700782418251035 0.31619535386562353 0.037889750674366958 0.040239216759800918 -0.087301429361104951 0.043212579563260085 -0.08265542238950728 0.14473368227481845 -0.26272329688072199 0.53394883871078502 0.320007935166359 0.16094668209552768 0.019393950700759891
decision_type=2 2 2 2 2 2 2 2 2 2 2 2 2 2
left_child=11 8 3 5 -5 -3 7 -4 9 -2 -8 13 -10 -1
right_child=1 2 6 4 -6 -7 10 -9 12 -11 -12 -13 -14 -15
leaf_value=-0.018202206724369466 -0.004035850777926616 -0.0056329352610324894 0.0082140701492440151 -0.0084211867658555688 4.4627603165980166e-05 0.0010360128952707354 0.0054907226439510513 -0.0051454289159509996 0.020253646386474873 -0.018314744966568364 0.029146416640754368 0.0041992577458752197 -0.0041664264424088543 0.0029139298278227084
leaf_weight=148.56958606094122 137.79969249852002 940.45484269596636 378.90848790109158 1287.6847804142162 1521.8456011489034 16350.672309136018 46.162029098719358 139.76761672273278 17.393513612449169 162.20968945883214 73.762678779661655 30.394543927162886 39.857925085350871 22.162073973566294
leaf_count=4351 839 8348 2145 20494 8025 116738 346 1250 177 2612 461 676 419 369
internal_value=-5.4613e-06 0.00011876 0.000284829 3.66141e-05 -0.00385159 0.000670246 0.00797664 0.00458485 -0.00926694 -0.0120979 0.0211642 -0.0124237 0.00516107 -0.0154516
internal_weight=21297.6 21096.5 20739.3 20100.7 2809.53 17291.1 638.601 518.676 357.261 300.009 119.925 201.126 57.2514 170.732
internal_count=167250 161854 157807 153605 28519 125086 4202 3395 4047 3451 807 5396 596 4720
is_linear=0
shrinkage=0.035


Tree=160
num_leaves=15
num_cat=0
split_feature=8 12 17 22 24 17 21 6 20 14 24 20 22 19
split_gain=26.6021 27.5228 26.2296 28.86 31.2194 25.9994 23.1481 36.497 33.6416 21.6003 18.1405 18.8297 13.0172 10.6754
threshold=-0.74420359730720509 1.1153780817985537 0.02215556520968676 0.55538171529769909 0.037889750674366958 0.014498088508844377 -0.10063671320676802 0.39900143444538122 0.027253079228103164 0.87285390496253978 0.033361051231622703 -0.05719425901770591 0.26194338500499731 -0.086276419460773454
decision_type=2 2 2 2 2 2 2 2 2 2 2 2 2 2
left_child=10 5 -3 9 -5 13 7 -7 -8 -4 -1 -12 -13 -2
right_child=1 2 3 4 -6 6 8 -9 -10 -11 11 12 -14 -15
leaf_value=0.015967187357728143 0.0040976254125687896 -0.012925064602472619 0.0010062905523664002 0.010391816299655967 -0.010891697393314546 -0.0038117172849171628 0.0029218923630412235 0.019731083162906733 -0.00061628637059534571 -0.004581635358488414 -0.0057161535169189554 -0.00091217721431693347 0.0090926734556005129 -0.016278892873886987
leaf_weight=156.16758686304092 34.998841671273112 274.10698870103806 1200.4380811415613 391.5587489195168 98.150260798633099 1971.1942562684417 6484.1665520984679 74.247170578688383 6670.3342011608183 2846.1366379046813 209.09440880268812 228.75301125645638 502.19014285504818 147.37588900793344
leaf_count=845 541 6027 9058 1983 654 20524 48073 387 47047 23492 929 965 2497 4228
internal_value=-5.32049e-06 -0.000294691 -0.00260245 -0.00195165 0.00599346 0.000428219 0.000589666 -0.0028653 0.00112866 -0.00292555 0.00527953 0.00335462 0.00599154 -0.0123588
internal_weight=21288.9 20192.7 4810.39 4536.28 489.709 15382.3 15199.9 2045.44 13154.5 4046.57 1096.21 940.038 730.943 182.375
internal_count=167250 162014 41214 35187 2637 120800 116031 20911 95120 32550 5236 4391 3462 4769
is_linear=0
shrinkage=0.035


Tree=161
num_leaves=15
num_cat=0
split_feature=15 23 2 18 12 23 8 3 23 23 5 6 10 15
split_gain=26.0876 25.7553 25.064 32.8775 33.9165 30.8391 30.5512 27.0146 31.4254 24.9579 23.5193 23.1393 23.0575 21.099
threshold=20.090690612792972 0.20564330369234088 0.27900794148445135 -0.010088596027344464 1.4334301948547366 0.24698165804147723 -0.46058410406112665 -0.08265542238950728 0.15924271941185 0.13085953146219256 -0.078010860830545412 0.012806254439055921 0.41640700399875646 19.257236480712894
decision_type=2 2 2 2 2 2 2 2 2 2 2 2 2 2
left_child=2 -2 3 4 9 7 -5 13 -9 -1 -3 -8 -12 -4
right_child=1 10 5 6 -6 -7 11 8 -10 -11 12 -13 -14 -15
leaf_value=0.0067047940412621959 -0.012234445205611344 -0.011866719929692153 0.010151133218533595 0.002120715765550547 -0.0086290305254087141 0.011998051051796153 -0.0049048778375933213 0.0052154609264693464 -0.0036337257624459818 0.0009948169724190983 -0.0056872064425857339 -0.00087720245716967397 0.016879917116634426 -0.016522435655440721
leaf_weight=1070.0722944997251 405.14217985514551 105.25059968605638 532.64944382477552 1930.6010348126292 395.23640283197165 408.12404203601182 3408.1107634566724 802.26206464879215 1235.2606891524047 7159.1783811077476 88.261125095188618 3585.6715821092948 123.25266104377806 30.072437144815922
leaf_count=6410 4722 851 3063 9538 2526 2512 32187 5170 9076 53712 1761 34798 756 168
internal_value=-5.11745e-06 -0.0064984 0.000225955 -0.00028061 0.0012597 0.00317207 -0.00176891 0.00174612 -0.000140958 0.00174454 0.000987917 -0.00284411 0.00763141 0.00846207
internal_weight=21279.1 721.907 20557.2 17548.9 8624.49 3008.37 8924.38 2600.24 2037.52 8229.25 316.764 6993.78 211.514 562.722
internal_count=167250 8090 159160 139171 62648 19989 76523 17477 14246 60122 3368 66985 2517 3231
is_linear=0
shrinkage=0.035


Tree=162
num_leaves=15
num_cat=0
split_feature=15 3 2 15 20 17 3 6 17 20 20 20 0 10
split_gain=25.3968 27.6264 21.8586 39.4974 29.1451 28.4353 24.1075 32.7368 27.2134 26.1909 33.5613 30.9244 19.8489 18.8796
threshold=16.994544029235843 0.059401651844382293 0.12151826918125154 20.375073432922367 0.05296724662184716 0.02257887460291386 -0.095051500946283327 0.18781600892543796 0.041332822293043144 0.059742288663983352 0.05296724662184716 0.1171386204659939 0.10299533978104593 0.39101272821426397
decision_type=2 2 2 2 2 2 2 2 2 2 2 2 2 2
left_child=1 13 6 4 5 -4 9 8 -8 10 -2 -11 -5 -1
right_child=2 -3 3 12 -6 -7 7 -9 -10 11 -12 -13 -14 -15
leaf_value=0.00547328806713656 -0.0013147936533172819 -0.0016078202138893403 -0.0050955100351192661 -0.024285224530248135 -0.0032153555403870047 0.0060479881294090909 -0.0066067729762744835 0.018165399681322494 0.0020737616197844455 0.0058123968106305142 -0.016201565825723525 -0.0095564822280811441 0.0013862887655058805 0.001371440770449688
leaf_weight=1851.6126157259569 3465.114639586769 2894.8265747232363 322.82059635594487 97.325488689355552 861.14194276276976 1838.5429820585996 2505.3497947277501 66.43397237546742 531.87548208609223 1120.9890726394951 186.19912785664201 177.64402295649052 54.648324470035732 5296.1378541886806
leaf_count=18373 24924 21803 6311 1216 7232 13844 33402 402 2916 6833 1312 907 500 27275
internal_value=-5.23589e-06 0.00127288 -0.00114852 0.0013083 0.0022038 0.0043678 -0.00211734 -0.00453042 -0.00508483 -0.000598243 -0.00211612 0.00365308 -0.0155383 0.00244018
internal_weight=21270.7 10042.6 11228.1 3174.48 3022.51 2161.36 8053.61 3103.66 3037.23 4949.95 3651.31 1298.63 151.974 7147.75
internal_count=167250 67451 99799 29103 27387 20155 70696 36720 36318 33976 26236 7740 1716 45648
is_linear=0
shrinkage=0.035


Tree=163
num_leaves=15
num_cat=0
split_feature=21 20 22 23 22 15 3 12 4 3 24 0 23 22
split_gain=26.3656 26.4974 130.615 84.7011 74.9671 39.8449 39.6508 33.2677 35.4366 32.972 53.3411 35.7734 26.0281 25.491
threshold=0.11223756149411203 0.025237264111638073 0.44606359302997595 0.1800835654139519 0.55994480848312389 19.512166976928714 0.506364405155182 1.4334301948547366 -0.021556570194661614 -0.035436719655990594 0.033703889697790153 0.037409411743283279 0.16732890158891681 0.61566752195358287
decision_type=2 2 2 2 2 2 2 2 2 2 2 2 2 2
left_child=1 2 9 4 6 12 -3 8 -5 10 -1 -11 -4 -2
right_child=13 3 5 7 -6 -7 -8 -9 -10 11 -12 -13 -14 -15
leaf_value=0.0049427771333149604 0.0072707627517298451 -0.014055853458769587 0.0057589282454684441 0.0073841974050369982 -0.00049428362140287445 -0.0073831840347167868 0.002490890479221148 -0.013294781976833836 -0.00017565689979224367 -0.0058838486855753965 -0.0021824576834066135 0.0027520914703691021 0.013222863400460966 -0.00032357301902473807
leaf_weight=1948.314127124846 1125.6271963324398 1357.458698281087 1540.8264626041055 981.28684688732028 1276.4451913265511 199.17323161661625 200.6906523052603 182.27499453909695 3247.3600412169471 2755.9969474645332 3745.0025143921375 739.63577558938414 930.83939066529274 1033.2210353165865
leaf_count=12347 6276 11518 9463 6366 8558 1645 1230 1162 27795 32476 28837 7524 5646 6407
internal_value=-5.69035e-06 -0.000420625 0.000598162 -0.00208675 -0.006796 0.00739594 -0.0119223 0.000948089 0.00159194 -0.00138356 0.000260265 -0.00405394 0.00861183 0.00365139
internal_weight=21264.2 19105.3 11859.8 7245.52 2834.59 2670.84 1558.15 4410.92 4228.65 9188.95 5693.32 3495.63 2471.67 2158.85
internal_count=167250 154567 97938 56629 21306 16754 12748 35323 34161 81184 41184 40000 15109 12683
is_linear=0
shrinkage=0.035


Tree=164
num_leaves=15
num_cat=0
split_feature=17 12 20 8 17 11 11 5 6 23 23 13 21 11
split_gain=25.371 31.4881 28.3554 25.7104 24.6225 24.2652 23.6743 27.9819 18.0174 15.4797 17.8333 14.1651 14.1231 13.0474
threshold=0.10721593350172044 1.3386537432670595 -0.087301429361104951 -0.50683027505874623 0.014498088508844377 0.71273529529571544 0.85994848608970653 0.084621153771877303 -0.26545381546020502 0.23850326985120776 0.29939925670623785 0.22610995173454287 -0.12335744500160216 0.71273529529571544
decision_type=2 2 2 2 2 2 2 2 2 2 2 2 2 2
left_child=1 2 3 8 -4 -6 13 -8 -1 -3 -11 -5 -12 -2
right_child=6 9 4 11 5 -7 7 -9 -10 10 12 -13 -14 -15
leaf_value=-0.004252608048450666 0.0070151287261242543 -0.0031996439757872651 -0.011666709351508198 0.0052620816156209943 0.00080289997127331008 -0.0064209227696513148 0.0065568116645975576 0.030620792832480839 0.013529166687297561 -0.017257250642394598 0.018006090507016261 -0.012111446972488338 -0.0079943314241126256 -0.0093498490931803267
leaf_weight=173.30235990136862 114.62942380458117 941.82029164303094 193.56624842435122 58.965105583891273 17876.667656208389 578.42512670904398 195.05165412276983 80.217576950788498 103.28569547832012 224.78287233877927 28.079816373065114 511.83039426617324 68.082711214199662 104.61555927991867
leaf_count=824 608 6866 5197 663 139461 2635 1069 483 484 1926 239 5806 452 537
internal_value=-5.74323e-06 -0.000194127 0.000154001 -0.00606971 0.000439904 0.000573134 0.00774938 0.014397 0.00262798 -0.00552792 -0.0120571 -0.010257 0.000578825 -0.000860855
internal_weight=21253.3 20758.8 19496 847.384 18648.7 18455.1 494.514 275.269 276.588 1262.77 320.945 570.795 96.1625 219.245
internal_count=167250 164553 155070 7777 147293 142096 2697 1552 1308 9483 2617 6469 691 1145
is_linear=0
shrinkage=0.035


Tree=165
num_leaves=15
num_cat=0
split_feature=8 14 10 24 24 24 20 8 23 23 3 24 22 3
split_gain=24.418 25.3203 23.945 26.1921 34.1942 27.876 22.2616 23.1558 21.0821 34.3293 16.9199 16.7699 17.7954 14.6609
threshold=-0.74420359730720509 1.0209310650825503 0.17814408987760547 0.035484667867422111 0.034890316426754005 0.036729488521814353 0.10074893012642862 -0.1050322726368904 0.15924271941185 0.16732890158891681 0.14483889937400821 0.033361051231622703 0.38233020901679998 0.320007935166359
decision_type=2 2 2 2 2 2 2 2 2 2 2 2 2 2
left_child=11 2 13 4 -4 -5 8 -8 10 -10 -3 -1 -13 -2
right_child=1 6 3 5 -6 -7 7 -9 9 -11 -12 12 -14 -15
leaf_value=0.015394942898734693 -0.020305642590827285 0.0035074178661208713 0.00070012692512751119 -0.0040534320763584023 0.0061744509842944764 0.00095603621138098634 0.0099172231865238582 -0.0045566963993589069 -0.012285091746470004 -0.0026351910277378401 -0.003541358450601152 -0.00032771389438015987 0.009694227906410096 0.015240732202163296
leaf_weight=154.65027856826782 87.719663202762604 1096.8472410207614 4862.4655607957393 2167.4711050614715 1953.395660854876 3620.4488534228876 363.04958314448595 205.11695928126574 491.87291325349361 4639.4195051295683 659.86668718326837 612.07943846285343 325.75391283631325 9.1715593878179771
leaf_count=845 2805 8270 34440 16779 12618 32456 1834 1349 4652 41181 5389 2719 1672 241
internal_value=-5.44551e-06 -0.000282719 0.000667689 0.000806962 0.00227579 -0.000923674 -0.00190035 0.00470348 -0.0024511 -0.0035823 0.000854659 0.00506655 0.00321893 -0.0158298
internal_weight=21249.3 20156.8 12700.7 12603.8 6815.86 5787.92 7456.17 568.167 6888.01 5131.29 1756.71 1092.48 937.833 96.8912
internal_count=167250 162014 99339 96293 47058 49235 62675 3183 59492 45833 13659 5236 4391 3046
is_linear=0
shrinkage=0.035


Tree=166
num_leaves=15
num_cat=0
split_feature=21 14 17 24 23 24 2 23 9 23 21 3 24 15
split_gain=23.9801 25.8089 23.7173 46.1 53.4987 30.4176 22.2957 31.1186 29.6858 21.1152 19.8903 53.9943 23.9696 21.24
threshold=0.11223756149411203 0.65981471538543712 0.032579096034169204 0.0356238391250372 0.24541131407022479 0.036479571834206588 -0.24676547199487683 0.31619535386562353 0.45839589834213262 0.20702414214611056 0.12066358700394632 0.19708286225795749 0.036599867045879371 16.250203132629398
decision_type=2 2 2 2 2 2 2 2 2 2 2 2 2 2
left_child=1 9 3 4 -3 -5 8 -8 -4 -1 11 -2 -12 -14
right_child=10 2 6 5 -6 -7 7 -9 -10 -11 12 -13 13 -15
leaf_value=7.0228642090800796e-05 0.014813223136824531 0.00031392690389309716 0.005095046961211238 -0.014701392948557556 -0.015394807059794683 -0.0044969951832938525 0.00074462667868165165 0.01237470562960731 -0.0037781136514844502 0.0061633689484656383 0.0062529251236941525 -0.020250801400331576 0.0068849026509649226 -0.0050261618001654369
leaf_weight=1631.7082712585106 378.6536581069231 4112.0912256566808 547.67806521803141 490.16257623955607 273.89326145872474 1313.3850461458787 6520.7926208712161 284.66857146844268 2701.0515663065016 1206.1501110512763 785.01388411968946 53.538021147251129 237.22709609381855 704.46191750653088
leaf_count=11182 1836 41063 3264 9383 5268 23818 37672 1633 13364 7920 4196 244 1387 5020
internal_value=-5.12578e-06 -0.000401315 -0.000939638 -0.00264226 -0.000699831 -0.00733609 0.000110111 0.00124855 -0.00227121 0.00267249 0.00348233 0.0101099 0.0017748 -0.00198475
internal_weight=21240.5 19081.6 16243.7 6189.53 4385.98 1803.55 10054.2 6805.46 3248.73 2837.86 2158.89 432.192 1726.7 941.689
internal_count=167250 154567 135465 79532 46331 33201 55933 39305 16628 19102 12683 2080 10603 6407
is_linear=0
shrinkage=0.035


Tree=167
num_leaves=15
num_cat=0
split_feature=8 6 15 11 15 18 2 21 16 24 20 21 16 5
split_gain=23.2444 25.0046 30.2362 25.4716 23.5925 19.2634 19.009 18.335 16.04 16.32 16.6185 13.8517 10.4756 8.19348
threshold=-0.74420359730720509 -0.43329846858978266 15.947896957397463 0.85994848608970653 18.065536499023441 -0.044315630570054047 -0.22910474985837934 0.086410630494356169 1.8479606509208681 0.033361051231622703 -0.033946592360734933 -0.069101542234420762 1.0287854075431826 -0.084617026150226579
decision_type=2 2 2 2 2 2 2 2 2 2 2 2 2 2
left_child=8 2 -2 4 5 -3 -5 -6 9 12 -11 -12 -1 -4
right_child=1 3 13 6 7 -7 -8 -9 -10 10 11 -13 -14 -15
leaf_value=0.019858974651892465 0.010182553730162374 0.0024606455113448883 -0.015533157916266914 -0.0023063436595936182 -0.0033406406369225717 -0.00032781574942408856 0.022235383625103609 0.0014427995333332396 0.016586559305584073 -0.0056706514253429541 -0.00097548730285481613 0.0098071908580844875 -0.0011581144283634478 0.0017097550492717608
leaf_weight=96.690094701945782 74.245957612991333 4372.8402783600613 280.83559443056583 57.502838976681232 4073.6935670208186 9861.545268362388 98.042290844023228 1285.8549451688305 118.81830775737762 263.32524966448545 270.3464764803648 302.99778872728348 38.468626402318478 36.076862268149853
leaf_count=490 339 28094 1335 287 46185 76084 524 9004 713 1181 1134 1502 216 162
internal_value=-5.30693e-06 -0.000275834 -0.00892659 -0.000100066 -0.000215463 0.000529933 0.0135714 -0.00219246 0.00494755 0.00337009 0.00147191 0.00479332 0.0142094 -0.013578
internal_weight=21231.3 20140.6 391.158 19749.5 19593.9 14234.4 155.545 5359.55 1090.65 971.828 836.67 573.344 135.159 316.912
internal_count=167250 162014 1836 160178 159367 104178 811 55189 5236 4523 3817 2636 706 1497
is_linear=0
shrinkage=0.035


Tree=168
num_leaves=15
num_cat=0
split_feature=19 15 18 24 12 23 21 6 10 7 3 24 10 17
split_gain=22.909 25.6638 26.3833 34.5892 31.2363 26.3192 25.4924 22.4109 15.9698 22.8521 21.686 15.7854 13.5334 31.3691
threshold=0.35786904394626623 20.090690612792972 -0.027844994328916069 0.039040250703692443 1.4334301948547366 0.17157290875911715 -0.061588373035192483 0.045876096934080131 0.41640700399875646 -0.23226508498191831 -0.2295916676521301 0.036819720640778549 0.6271287500858308 0.052416155114769943
decision_type=2 2 2 2 2 2 2 2 2 2 2 2 2 2
left_child=1 2 4 7 6 -3 -1 -4 10 -10 -7 -6 -2 -14
right_child=12 5 3 -5 11 8 -8 -9 9 -11 -12 -13 13 -15
leaf_value=-0.0012113696706574075 0.0086743451303226294 -0.01741551779781975 -0.0020889480200609991 -0.012231884750711873 -0.0025533053426970982 0.01059359570435243 0.0033164604239111829 0.0011510839431477201 -0.0099812889363647666 0.010623975824418309 -0.015888192984268603 -0.017082585325165687 -0.010049531527399524 0.0049046367611445584
leaf_weight=2143.8347600065172 516.07854205928743 197.98441005405039 6702.1528720976785 325.82232620660216 248.08206800371408 42.068000149913132 5215.4127280134708 4276.1870604958385 94.302208889275789 170.96777103282511 148.38639859762043 139.38297619577497 208.84586938098073 792.79043103009462
leaf_count=16937 3260 2571 55058 5018 1484 450 34325 37658 535 1081 3080 968 1012 3813
internal_value=-4.20937e-06 -0.000324169 -8.8419e-05 -0.00116627 0.00148387 -0.00708973 0.0019976 -0.00082702 -0.00232618 0.00320241 -0.00980216 -0.00807822 0.00412478 0.0017181
internal_weight=21222.3 19704.6 19050.9 11304.2 7746.71 653.709 7359.25 10978.3 455.724 265.27 190.454 387.465 1517.71 1001.64
internal_count=167250 159165 151448 97734 53714 7717 51262 92716 5146 1616 3530 2452 8085 4825
is_linear=0
shrinkage=0.035


Tree=169
num_leaves=15
num_cat=0
split_feature=11 21 20 24 24 11 12 15 2 3 8 3 9 3
split_gain=22.9 23.0958 23.8082 25.1521 36.0496 31.7377 19.841 20.7101 11.501 11.7796 10.7154 8.62354 9.11972 8.01376
threshold=0.11496518552303316 -0.17700782418251035 -0.087301429361104951 0.037677077576518066 0.036819720640778549 0.27274246513843542 0.81581512093544017 16.372661590576175 0.14473368227481845 -0.26272329688072199 -0.50683027505874623 0.320007935166359 0.19083917140960696 0.16094668209552768
decision_type=2 2 2 2 2 2 2 2 2 2 2 2 2 2
left_child=11 8 6 4 -4 -5 10 -8 9 -2 -3 12 -1 -10
right_child=1 2 3 5 -6 -7 7 -9 13 -11 -12 -13 -14 -15
leaf_value=-0.018946423808288999 -0.0034783424500836389 0.014324872428759327 0.00041139597746801847 -0.0075021023315263438 0.0050951436884627034 -2.1072226407316659e-05 0.0016845275775809914 -0.011152802397854026 0.019674516120970483 -0.017639096204670243 -0.0024157753752245569 0.0043741707246188876 0.00024247965176274158 -0.0041238837800420475
leaf_weight=125.8599898731336 136.62453399784863 75.660053469240665 14102.823388338089 982.15278571285307 2338.6553861862049 2317.1966445688158 209.54556953720748 546.34135391470045 17.532093867659569 157.71454863902181 98.01782650500536 30.20477501489222 38.741220198571682 39.709208501502872
leaf_count=3867 839 345 100420 18532 16451 14056 1580 5497 177 2612 926 676 853 419
internal_value=-5.01371e-06 0.000108404 0.000261678 0.000520506 0.00108031 -0.00226397 -0.00518199 -0.00761853 -0.00866103 -0.0113963 0.00525987 -0.0116519 -0.0146748 0.00500713
internal_weight=21216.8 21022 20670.4 19740.8 16441.5 3299.35 929.565 755.887 351.58 294.339 173.678 194.806 164.601 57.2413
internal_count=167250 161854 157807 149459 116871 32588 8348 7077 4047 3451 1271 5396 4720 596
is_linear=0
shrinkage=0.035


Tree=170
num_leaves=15
num_cat=0
split_feature=3 17 22 5 24 24 24 23 24 23 23 2 23 10
split_gain=22.4977 35.3864 36.4749 56.1318 52.9791 28.2185 61.0877 64.469 62.0428 40.5398 39.6572 36.8282 33.0016 39.7734
threshold=-0.035436719655990594 0.02650750428438187 0.30037069320678716 0.0038394145667552952 0.036899002268910415 0.033703889697790153 0.034890316426754005 0.13085953146219256 0.035484667867422111 0.16732890158891681 0.30226299166679388 0.0082911136560142058 0.24541131407022479 0.4555776864290238
decision_type=2 2 2 2 2 2 2 2 2 2 2 2 2 2
left_child=5 -2 3 -3 -5 11 7 -7 9 -8 -10 12 -1 -14
right_child=1 2 -4 4 -6 6 8 -9 10 -11 -12 -13 13 -15
leaf_value=0.0043209888204518787 -0.0046862404303978289 -0.010931550248027347 0.0017261830380872749 -0.0018290429259405687 0.023728434626978531 0.0095847735636268357 -0.0024120749888576383 -0.0087589947523324663 -0.0014873217786350048 0.010036332225584277 0.0060648077136039556 0.012950286947130799 -0.018964613415841561 0.0016102096993984066
leaf_weight=1873.1877896934748 2714.7332627261057 782.01441869325936 4385.8439275249839 520.40950454957783 112.46787767857313 270.22714559733868 414.95321438834071 1474.1355010271072 5363.9265232766047 1348.8332388885319 1002.2163429055363 460.96538712084293 170.07269387505949 315.10229440033436
leaf_count=10444 42979 6208 28468 3199 659 1451 2354 10928 39870 7901 6516 2749 2053 1471
internal_value=-5.31573e-06 -0.00139615 0.00014902 -0.00471763 0.0030112 0.000928085 4.50413e-05 -0.00587884 0.00132173 0.0071106 -0.00029075 0.00400973 0.00221491 -0.0058394
internal_weight=21209.1 8515.47 5800.74 1414.89 632.877 12693.6 9874.29 1744.36 8129.93 1763.79 6366.14 2819.33 2358.36 485.175
internal_count=167250 81513 38534 10066 3858 85737 69020 12379 56641 10255 46386 16717 13968 3524
is_linear=0
shrinkage=0.035


Tree=171
num_leaves=15
num_cat=0
split_feature=3 12 10 17 23 2 23 15 23 24 17 15 16 11
split_gain=21.8494 25.7104 23.8451 23.6964 21.1879 33.0983 19.7791 17.6588 17.532 32.4045 21.4312 15.1558 9.41651 9.08375
threshold=-0.77037078142166127 1.1677832603454592 1.3854649066925051 0.012905888725072147 0.33515524864196783 0.033924322575330741 0.13085953146219256 19.512166976928714 0.23850326985120776 0.036479571834206588 0.027449795044958595 18.392987251281742 1.0206867456436159 0.85994848608970653
decision_type=2 2 2 2 2 2 2 2 2 2 2 2 2 2
left_child=2 3 11 -2 6 -6 -5 8 10 -10 -3 -1 -9 -4
right_child=1 7 13 4 5 -7 -8 12 9 -11 -12 -13 -14 -15
leaf_value=-0.0014264258732371419 -0.016956257996502015 -0.0080486925404732648 0.00075877719836557654 0.0033013429361089613 0.0021088980844343307 0.032162564485220202 -0.00014468611871757748 0.0026472841205742474 -0.013720028847006703 -0.00097461090242141623 0.00091315599363744806 0.015246610357566876 -0.013973490780678751 0.021635355331534746
leaf_weight=320.04886949062347 85.919617775827646 377.89164277166128 32.228441752493382 2371.5810551876202 147.37606014683843 55.5565091278404 14235.589894489385 47.067126522772014 390.9792706836015 629.92954409867525 2069.414225468412 73.949785344302654 230.19767998158932 128.23853472620249
leaf_count=1485 2445 6050 183 16547 962 372 112819 544 4078 4976 13061 332 2630 766
internal_value=-5.01802e-06 -0.00019071 0.00678879 0.000391292 0.000489987 0.0114607 0.000349113 -0.0028102 -0.00211267 -0.00594149 -0.000497777 0.00200288 -0.0111581 0.0177329
internal_weight=21196 20641.5 554.466 16896 16810.1 202.933 16607.2 3745.48 3468.21 1020.91 2447.31 393.999 277.265 160.467
internal_count=167250 164484 2766 133145 130700 1334 129366 31339 28165 9054 19111 1817 3174 949
is_linear=0
shrinkage=0.035


Tree=172
num_leaves=15
num_cat=0
split_feature=21 20 23 24 21 24 23 23 3 6 3 12 13 15
split_gain=21.6857 24.5826 78.9786 56.0066 47.3456 41.2743 37.6292 59.9311 36.9645 34.4791 32.4321 29.5818 29.6553 22.5461
threshold=0.11223756149411203 0.025237264111638073 0.1800835654139519 0.033703889697790153 0.022456310689449314 0.035484667867422111 0.15058789402246478 0.21242901682853702 -0.059390053153038018 0.052676761522889144 0.44475407898426061 1.4334301948547366 0.41626805067062383 16.066410064697269
decision_type=2 2 2 2 2 2 2 2 2 2 2 2 2 2
left_child=1 4 3 9 6 13 8 -8 -1 -3 -5 12 -4 -6
right_child=-2 2 11 10 5 -7 7 -9 -10 -11 -12 -13 -14 -15
leaf_value=0.010186954504611639 0.0033141737332892957 -0.0069379843559978704 0.0082842180885469817 -0.012316684625175987 0.013891232159792448 -0.0024752807048311906 -0.0064908771459518139 0.00042122063866209606 -0.00019741145829162179 0.0056803757432197797 0.00089415253807247649 -0.012573425762551393 0.0002702593389146655 0.0049399628848747551
leaf_weight=671.18707044608891 2155.6787524353713 481.7917411942035 662.67428368609399 1503.2604058617726 415.13441338948905 832.02385907713324 2320.0112388655543 4509.5085989683867 1093.8310082489625 565.91513320058584 266.4189969599247 180.01693007629365 3559.7830806067213 1971.3001356646419
leaf_count=4091 12683 2813 4389 13116 2284 6370 26839 35480 10507 3617 1760 1162 29772 12367
internal_value=-4.53092e-06 -0.000381953 -0.00198948 -0.0065544 0.000601383 0.00421531 -0.000755275 -0.0019329 0.00378662 -0.000132957 -0.010334 0.000940104 0.00154457 0.00654856
internal_weight=21188.5 19032.9 7219.86 2817.39 11813 3218.46 8594.54 6829.52 1765.02 1047.71 1769.68 4402.47 4222.46 2386.43
internal_count=167250 154567 56629 21306 97938 21021 76917 62319 14598 6430 14876 35323 34161 14651
is_linear=0
shrinkage=0.035


Tree=173
num_leaves=15
num_cat=0
split_feature=17 12 20 10 11 8 6 22 3 19 21 22 20 1
split_gain=21.4281 31.5058 24.2443 22.9782 23.4331 22.0195 22.706 18.859 16.9832 15.8605 15.2248 23.4724 21.7172 20.8254
threshold=0.085665170103311553 1.3386537432670595 -0.087301429361104951 0.17814408987760547 0.71273529529571544 -0.5328056514263152 -0.26545381546020502 0.2154868766665459 -0.77037078142166127 -0.11366629227995871 -0.010894828941673039 0.2154868766665459 -0.073807202279567705 -0.11949240416288374
decision_type=2 2 2 2 2 2 2 2 2 2 2 2 2 2
left_child=1 2 5 -4 -5 6 -1 9 -9 -2 11 12 -3 -12
right_child=7 10 3 4 -6 -7 -8 8 -10 -11 13 -13 -14 -15
leaf_value=-0.004609688043142904 -0.013189721094784584 -0.01521852186043476 -0.012711912096974743 0.00065195045884666378 -0.0080251292253177512 -0.0093564998426521623 0.017395362880996117 0.014828217042798755 0.0039088521685152295 0.0056821410905589049 0.0094338677021531848 -0.011936996405604651 0.023445373693244002 -0.0056879252178313041
leaf_weight=154.80924645066261 109.33304683864117 19.545476855710149 153.61034941207618 17608.981071951799 379.71931551396847 585.16735351178795 78.65850742906332 236.75106751918793 636.06773064285517 92.5073416903615 143.81204328872263 543.46320473402739 38.761701855808496 397.57889079954475
leaf_count=722 474 194 5108 138326 1729 6628 354 1343 3166 411 757 5314 316 2408
internal_value=-4.45397e-06 -0.000262857 7.87098e-05 0.000345926 0.000464431 -0.00577595 0.00321409 0.00478745 0.00700513 -0.00468045 -0.00587977 -0.00966554 0.0101541 -0.00157281
internal_weight=21178.8 20104.1 18960.9 18142.3 17988.7 818.635 233.468 1074.66 872.819 201.84 1143.16 601.77 58.3072 541.391
internal_count=167250 161856 152867 145163 140055 7704 1076 5394 4509 885 8989 5824 510 3165
is_linear=0
shrinkage=0.035


Tree=174
num_leaves=15
num_cat=0
split_feature=15 3 2 15 20 17 21 3 24 20 20 0 10 19
split_gain=20.7464 24.8293 19.8883 35.5196 26.9832 24.8017 21.5333 27.4292 21.3556 19.0603 19.5826 18.8001 18.4495 43.5344
threshold=16.994544029235843 0.059401651844382293 0.12151826918125154 20.375073432922367 0.05296724662184716 0.02257887460291386 -0.072656657546758638 -0.095051500946283327 0.03718423284590245 0.1171386204659939 0.09569913893938066 0.10299533978104593 0.39101272821426397 -0.086276419460773454
decision_type=2 2 2 2 2 2 2 2 2 2 2 2 2 2
left_child=1 12 6 4 5 -4 7 8 -2 10 -8 -5 13 -1
right_child=2 -3 3 11 -6 -7 9 -9 -10 -11 -12 -13 -14 -15
leaf_value=0.014292378147973218 -0.0045440028884156528 -0.0015846679654673546 -0.0046736860023609906 -0.023510066443825035 -0.0030811595173276811 0.0057942067305918844 -0.0011812365741011312 -0.011128666952291101 0.0068492655701174942 -0.010048727956259737 0.0059865922688943016 0.0016130715319541346 0.0011997527434146067 0.0020685397546477144
leaf_weight=473.76301583833992 932.82924712821841 2884.3268878916278 318.50478114560246 94.602111439220607 856.32505189999938 1836.7947821523994 5423.1231575850397 633.66452734079212 246.88426805566996 261.6627379450947 500.88099554087967 54.16395369451493 5276.9832072649151 1378.1695659039542
leaf_count=3447 7898 21803 6311 1216 7232 13844 44346 11244 2127 1597 3484 500 27275 14926
internal_value=-4.46507e-06 0.00115154 -0.00104184 0.00130596 0.00214987 0.00423285 -0.00196991 -0.00531315 -0.00212215 -0.000982821 -0.000566122 -0.0148376 0.00225926 0.00525562
internal_weight=21172.7 10013.2 11159.4 3160.39 3011.62 2155.3 7999.04 1813.38 1179.71 6185.67 5924 148.766 7128.92 1851.93
internal_count=167250 67451 99799 29103 27387 20155 70696 21269 10025 49427 47830 1716 45648 18373
is_linear=0
shrinkage=0.035


Tree=175
num_leaves=15
num_cat=0
split_feature=8 6 15 11 14 11 19 2 24 20 22 10 15 22
split_gain=20.4836 22.893 28.1497 23.6154 21.3904 25.656 24.4974 17.666 14.5787 15.8272 10.7898 9.03759 8.28316 7.72277
threshold=-0.74420359730720509 -0.43329846858978266 15.947896957397463 0.85994848608970653 1.0499410033226015 0.71273529529571544 -0.14749999344348905 -0.22910474985837934 0.033361051231622703 -0.05719425901770591 0.26194338500499731 0.87196952104568493 16.676260948181156 0.26816761493682867
decision_type=2 2 2 2 2 2 2 2 2 2 2 2 2 2
left_child=8 2 -2 4 5 -3 -6 -5 -1 11 -11 -10 -9 -4
right_child=1 3 13 7 6 -7 -8 12 9 10 -12 -13 -14 -15
leaf_value=0.014379453625020524 0.0098952849089545807 0.00081672636141416665 -0.0063655112568267776 -0.0021714282440158075 0.0025126869045404079 -0.011935328814345 -0.0028704592462284362 0.0090222497863013187 0.0043652698180419577 -0.00090342860769702384 0.0082267651077986993 -0.010373441165712099 0.031251968193009849 -0.017924775066510176
leaf_weight=151.83173001557589 74.077531434595585 12767.77148636058 142.58178425580263 57.376395530998707 1277.7401626799256 186.26296430081129 5308.5711736017838 50.569313891232014 70.937145113945007 228.29598747938871 495.75458586215973 137.34089908748865 46.145748794078827 172.87394981831312
leaf_count=845 339 102277 663 287 7482 862 48746 274 310 965 2497 619 250 834
internal_value=-4.84613e-06 -0.000258784 -0.00855314 -9.04741e-05 -0.000201407 0.000624303 -0.00182391 0.0131319 0.00465871 0.00293987 0.00537489 -0.00538359 0.0215634 -0.0130563
internal_weight=21168.1 20084 389.533 19694.4 19540.3 12954 6586.31 154.091 1084.16 932.329 724.051 208.278 96.7151 315.456
internal_count=167250 162014 1836 160178 159367 103139 56228 811 5236 4391 3462 929 524 1497
is_linear=0
shrinkage=0.035


Tree=176
num_leaves=15
num_cat=0
split_feature=11 21 20 22 23 22 15 4 21 20 23 8 15 15
split_gain=20.0368 20.4096 24.3737 108.634 72.8434 62.6083 33.5007 28.6346 28.376 21.8472 17.6341 24.6404 12.0137 11.3397
threshold=0.11496518552303316 0.11223756149411203 0.025237264111638073 0.44606359302997595 0.1800835654139519 0.55994480848312389 20.090690612792972 0.0021453887457028036 -0.12335744500160216 0.1306782625615597 0.18989720195531848 -0.2901345938444137 16.312094688415531 18.065536499023441
decision_type=2 2 2 2 2 2 2 2 2 2 2 2 2 2
left_child=-1 2 3 7 5 -4 -5 -2 -6 10 11 -3 -12 -11
right_child=1 9 4 6 8 -7 -8 -9 -10 13 12 -13 -14 -15
leaf_value=-0.011028438165160828 -0.0025253537719988005 0.015374409456128238 -0.011074841072897893 0.0076849744815538218 -0.011555667106827133 -0.00049894591640484414 -0.013709792599272635 0.0016108880253213919 0.0015602747620984318 -0.00017866620850945023 0.0078323800690486781 0.0041806420852975104 -0.0035348476105869541 -0.013009695627805755
leaf_weight=190.05418249219656 5949.0028847754002 330.86097274720669 1514.4139706306159 2554.044059349224 202.34814882837236 1248.0899032494053 84.034199183806777 3117.4019551659003 4183.6789331929758 281.11970807239413 150.22320461086929 863.83427993580699 383.95019766502082 110.73529297113419
leaf_count=5396 50812 1646 12046 15209 2059 8020 694 28284 32665 1352 946 4347 3122 652
internal_value=-4.20779e-06 0.000100897 -0.000265926 0.000717465 -0.00187481 -0.00631572 0.00695426 -0.00110294 0.000930264 0.00334786 0.00503552 0.00738255 -0.000252906 -0.00403813
internal_weight=21163.8 20973.7 18853 11704.5 7148.53 2762.5 2638.08 9066.4 4386.03 2120.72 1728.87 1194.7 534.173 391.855
internal_count=167250 161854 149789 94999 54790 20066 15903 79096 34724 12065 10061 5993 4068 2004
is_linear=0
shrinkage=0.035


Tree=177
num_leaves=15
num_cat=0
split_feature=8 10 2 23 24 24 21 10 21 8 11 2 23 16
split_gain=20.2552 40.6978 33.7556 29.4904 32.0688 48.6366 40.1063 30.1824 39.4049 25.7457 25.3797 22.8556 22.8003 27.9789
threshold=-0.38788388669490809 0.39101272821426397 -0.24676547199487683 0.33515524864196783 0.037889750674366958 0.036729488521814353 -0.15391862392425534 0.44529379904270178 0.07573214173316957 -0.74420359730720509 0.71273529529571544 0.0253216652199626 0.2665951550006867 0.9969046711921693
decision_type=2 2 2 2 2 2 2 2 2 2 2 2 2 2
left_child=1 -1 9 4 5 6 -2 8 -6 -3 -11 -5 -4 -14
right_child=3 2 12 11 7 -7 -8 -9 -10 10 -12 -13 13 -15
leaf_value=0.011765673123712158 -0.01306805514404275 0.0037108470129461452 0.0021992541855393173 0.002388985428482043 -0.015993856063216447 0.0050908392344695755 -0.00082538856430511851 -0.0008135175307595647 -0.0012406673242309383 -0.0018279501611647782 -0.012592739726070468 0.025223317242771107 0.017750262856654989 0.0016737900993898009
leaf_weight=435.69251567870378 328.98145595006645 931.49217344820499 2277.3612314686179 134.79875230416656 518.72203857824206 1734.1412161961198 10012.045028893277 925.60403956845403 385.12415087316185 2570.3015160001814 290.3677723929286 81.94203083589673 274.96138221397996 252.32996123284101
leaf_count=3517 5839 4487 11595 985 12951 15731 83226 5994 5333 13018 1372 539 1362 1301
internal_value=-4.68773e-06 0.00152875 0.000835854 -0.000768887 -0.000972389 -0.000316319 -0.00122712 -0.00527747 -0.00978996 -0.00131646 -0.00296067 0.0117535 0.00374032 0.0102314
internal_weight=21153.9 7032.51 6596.81 14121.4 13904.6 12075.2 10341 1829.45 903.846 3792.16 2860.67 216.741 2804.65 527.291
internal_count=167250 36652 33135 130598 129074 104796 89065 24278 18284 18877 14390 1524 14258 2663
is_linear=0
shrinkage=0.035


Tree=178
num_leaves=15
num_cat=0
split_feature=19 15 18 12 23 23 22 21 7 5 11 11 16 12
split_gain=19.6997 22.1875 24.6595 27.3028 24.5798 21.3739 20.3993 27.5536 25.6812 20.0559 24.0604 18.4498 18.7663 19.5714
threshold=0.35786904394626623 20.090690612792972 -0.027844994328916069 1.4334301948547366 0.20564330369234088 0.12856709212064746 0.2154868766665459 -0.15391862392425534 -0.10826201736927031 -0.060804817825555794 0.26098705828189855 0.85994848608970653 1.2287801504135134 0.96147069334983837
decision_type=2 2 2 2 2 2 2 2 2 2 2 2 2 2
left_child=1 2 3 5 -3 -1 8 -8 -4 -6 -11 12 13 -2
right_child=11 4 6 -5 9 -7 7 -9 -10 10 -12 -13 -14 -15
leaf_value=0.0074475883960831756 0.0034089842998978079 -0.012768753459691072 -0.00058363033619745054 -0.0075469675871818829 -0.0097277208273315614 0.0012714978313055768 -0.013308721938873095 -0.0013978462689571915 0.0092920696211310303 -0.0083069867208767304 0.01739606421734885 0.020669674503510049 -0.0012963549702701871 0.016408401018855014
leaf_weight=757.38677265681326 585.34125018492341 350.24775113910437 946.8104709610343 383.57688591536134 120.01052916329354 6583.7906427420676 234.16765316482633 9604.164180777967 478.39804605208337 62.762688673101366 112.03274299949408 66.011246472597122 681.26038795150816 180.74145998060703
leaf_count=4247 3133 4460 7168 2452 1052 47015 3937 81984 4645 1482 723 414 3509 1029
internal_value=-4.34418e-06 -0.000301689 -8.31663e-05 0.00143881 -0.00663483 0.00191795 -0.00112732 -0.00169457 0.00277298 0.000832479 0.00821693 0.00382989 0.00292529 0.00664784
internal_weight=21146.7 19633.3 18988.3 7724.75 645.054 7341.18 11263.5 9838.33 1425.21 294.806 174.795 1513.35 1447.34 766.083
internal_count=167250 159165 151448 53714 7717 51262 97734 85921 11813 3257 2205 8085 7671 4162
is_linear=0
shrinkage=0.035


Tree=179
num_leaves=15
num_cat=0
split_feature=19 18 24 21 2 20 11 11 15 2 23 10 11 23
split_gain=18.6889 24.0352 27.3534 27.145 22.0492 25.6492 25.3253 20.2099 17.4239 19.7304 17.1584 16.0145 47.983 19.2911
threshold=0.2750226110219956 -0.010088596027344464 0.039040250703692443 -0.061588373035192483 0.33810059726238256 0.047260809689760215 0.33643853664398199 0.85994848608970653 20.090690612792972 -0.11197302117943762 0.12856709212064746 0.6271287500858308 0.41512143611907965 0.29939925670623785
decision_type=2 2 2 2 2 2 2 2 2 2 2 2 2 2
left_child=1 3 4 -1 6 -6 -3 11 10 -10 -5 13 -13 -2
right_child=7 2 -4 8 5 -7 -8 -9 9 -11 -12 12 -14 -15
leaf_value=-0.0020928603730459151 0.0042097907947949223 -0.0032537206667201447 -0.012162941613701746 0.0073651517074447628 0.0079947871729709429 -0.005799859609218444 0.00071912309191764971 0.019941930161151929 0.004270284428578003 -0.016686318771379841 0.0017529316571538818 -0.0085602045285845946 0.00548503255427122 0.023522332895400365
leaf_weight=2651.377463016659 953.81109523959458 5348.7312498558313 281.36141247581691 747.89866297133267 588.79765992425382 219.74679107405245 3099.2626713216305 73.073962986469269 91.778111198917031 116.05435521062464 5706.6179296690971 502.89950470253825 701.0827678591013 58.755949009209871
leaf_count=22720 6932 58968 4412 4290 4416 1379 15750 460 625 1515 39700 2363 3328 392
internal_value=-3.94828e-06 -0.000367131 -0.00160129 0.00089709 -0.00126748 0.00422061 -0.0017971 0.00297492 0.00208834 -0.00766076 0.00241362 0.0023285 -0.000403805 0.00554951
internal_weight=21141.2 18851.6 9537.9 9313.73 9256.54 808.544 8447.99 2289.62 6662.35 207.832 6454.52 2216.55 1203.98 1012.57
internal_count=167250 153775 84925 68850 80513 5795 74718 13475 46130 2140 43990 13015 5691 7324
is_linear=0
shrinkage=0.035


end of trees

feature_importances:
market_ret60=372
market_vol20=300
dispersion20=264
range20=254
breadth200=227
market_ret20=186
momentum252_20=144
vol60=120
log_turnover=109
downside60=108
drawdown252=92
vol_expansion=78
ret120=46
turnover_shock=35
ma200=32
relative60=27
ma60=25
volume_shock=23
drawdown60=21
ret60=15
ma20=13
relative20=9
vol20=7
rsi14=7
ret20=6

parameters:
[boosting: gbdt]
[objective: binary]
[metric: binary_logloss]
[tree_learner: serial]
[device_type: cpu]
[data_sample_strategy: bagging]
[data: ]
[valid: ]
[num_iterations: 180]
[learning_rate: 0.035]
[num_leaves: 15]
[num_threads: 1]
[seed: 804]
[deterministic: 1]
[force_col_wise: 1]
[force_row_wise: 0]
[histogram_pool_size: -1]
[max_depth: 5]
[min_data_in_leaf: 150]
[min_sum_hessian_in_leaf: 0.001]
[bagging_fraction: 1]
[pos_bagging_fraction: 1]
[neg_bagging_fraction: 1]
[bagging_freq: 0]
[bagging_seed: 31454]
[bagging_by_query: 0]
[feature_fraction: 0.85]
[feature_fraction_bynode: 1]
[feature_fraction_seed: 16221]
[extra_trees: 0]
[extra_seed: 23160]
[early_stopping_round: 0]
[early_stopping_min_delta: 0]
[first_metric_only: 0]
[max_delta_step: 0]
[lambda_l1: 0]
[lambda_l2: 10]
[linear_lambda: 0]
[min_gain_to_split: 0]
[drop_rate: 0.1]
[max_drop: 50]
[skip_drop: 0.5]
[xgboost_dart_mode: 0]
[uniform_drop: 0]
[drop_seed: 31648]
[top_rate: 0.2]
[other_rate: 0.1]
[min_data_per_group: 100]
[max_cat_threshold: 32]
[cat_l2: 10]
[cat_smooth: 10]
[max_cat_to_onehot: 4]
[top_k: 20]
[monotone_constraints: ]
[monotone_constraints_method: basic]
[monotone_penalty: 0]
[feature_contri: ]
[forcedsplits_filename: ]
[refit_decay_rate: 0.9]
[cegb_tradeoff: 1]
[cegb_penalty_split: 0]
[cegb_penalty_feature_lazy: ]
[cegb_penalty_feature_coupled: ]
[path_smooth: 0]
[interaction_constraints: ]
[verbosity: -1]
[saved_feature_importance_type: 0]
[use_quantized_grad: 0]
[num_grad_quant_bins: 4]
[quant_train_renew_leaf: 0]
[stochastic_rounding: 1]
[linear_tree: 0]
[max_bin: 63]
[max_bin_by_feature: ]
[min_data_in_bin: 3]
[bin_construct_sample_cnt: 200000]
[data_random_seed: 2664]
[is_enable_sparse: 1]
[enable_bundle: 1]
[use_missing: 1]
[zero_as_missing: 0]
[feature_pre_filter: 1]
[pre_partition: 0]
[two_round: 0]
[header: 0]
[label_column: ]
[weight_column: ]
[group_column: ]
[ignore_column: ]
[categorical_feature: ]
[forcedbins_filename: ]
[precise_float_parser: 0]
[parser_config_file: ]
[objective_seed: 11469]
[num_class: 1]
[is_unbalance: 0]
[scale_pos_weight: 1]
[sigmoid: 1]
[boost_from_average: 1]
[reg_sqrt: 0]
[alpha: 0.9]
[fair_c: 1]
[poisson_max_delta_step: 0.7]
[tweedie_variance_power: 1.5]
[lambdarank_truncation_level: 30]
[lambdarank_norm: 1]
[label_gain: ]
[lambdarank_position_bias_regularization: 0]
[eval_at: ]
[multi_error_top_k: 1]
[auc_mu_weights: ]
[num_machines: 1]
[local_listen_port: 12400]
[time_out: 120]
[machine_list_filename: ]
[machines: ]
[gpu_platform_id: -1]
[gpu_device_id: -1]
[gpu_device_id_list: ]
[gpu_use_dp: 0]
[num_gpu: 1]

end of parameters

pandas_categorical:[]
