tree
version=v4
num_class=1
num_tree_per_iteration=1
label_index=0
max_feature_idx=24
objective=binary sigmoid:1
feature_names=ret20 ret60 ret120 momentum252_20 ma20 ma60 ma200 drawdown60 drawdown252 vol20 vol60 downside60 vol_expansion rsi14 volume_shock log_turnover turnover_shock range20 relative20 relative60 market_ret20 market_ret60 breadth200 market_vol20 dispersion20
feature_infos=[-0.92641878128051758:15.217391014099121] [-0.94255995750427246:21.247085571289062] [-0.95885497331619263:27.356060028076172] [-0.97449761629104614:40.181819915771484] [-0.86192613840103149:2.5155470371246338] [-0.90859663486480713:3.7914237976074219] [-0.90367245674133301:5.2354607582092285] [-0.94339066743850708:0] [-0.97403734922409058:0] [0.027096280828118324:28.299291610717773] [0.039521303027868271:38.344577789306641] [0:1.6623408794403076] [0.033108003437519073:1.762175440788269] [0:1] [0.00011126961908303201:12] [20.030130386352539:28.401023864746094] [0.00043789192568510771:3] [0.0039843423292040825:0.24489203095436096] [-0.95534378290176392:15.273717880249023] [-1.0279383659362793:21.212968826293945] [-0.19025871157646179:0.12816762924194336] [-0.21291881799697876:0.13406597077846527] [0.088342443108558655:0.54096168279647827] [0.074556596577167511:0.45299896597862244] [0.024956967681646347:0.037497468292713165]
tree_sizes=1775 1786 1779 1793 1778 1788 1797 1795 1796 1801 1800 1806 1799 1795 1795 1798 1804 1802 1799 1806 1809 1806 1800 1803 1796 1803 1809 1808 1807 1805 1798 1808 1803 1799 1808 1805 1805 1804 1806 1802 1810 1812 1809 1802 1808 1810 1817 1796 1811 1804 1809 1812 1799 1806 1801 1811 1807 1812 1815 1813 1809 1809 1814 1808 1806 1794 1816 1792 1813 1810 1809 1813 1811 1809 1809 1811 1815 1803 1801 1816 1817 1812 1816 1805 1805 1814 1807 1809 1817 1805 1811 1791 1811 1811 1811 1809 1806 1802 1825 1816 1809 1815 1807 1797 1809 1803 1816 1809 1802 1810 1822 1817 1811 1804 1812 1814 1805 1813 1804 1820 1817 1802 1812 1811 1806 1821 1805 1818 1812 1813 1812 1812 1796 1797 1827 1816 1813 1821 1815 1826 1815 1809 1807 1823 1820 1823 1814 1808 1804 1799 1823 1812 1823 1808 1830 1807 1805 1811 1822 1819 1810 1818 1809 1818 1808 1819 1814 1810 1826 1810 1806 1805 1804 1809 1820 1825 1812 1808 1826 1824

Tree=0
num_leaves=15
num_cat=0
split_feature=10 17 24 22 10 24 24 5 21 24 24 22 24 22
split_gain=13312.6 2530.07 1842.21 2040.11 1624.36 1041.73 908.242 825.815 770.82 865.411 720.369 639.494 356.443 275.178
threshold=0.47425603866577154 0.066748466342687621 0.026439630426466468 0.22323016822338107 0.3291096985340119 0.030150655657052997 0.027267058379948143 0.13458140939474109 0.053489156067371375 0.027459150180220607 0.030374678783118728 0.22323016822338107 0.030150655657052997 0.21714888513088229
decision_type=2 8 2 2 2 2 2 2 2 2 2 2 2 2
left_child=4 2 -2 6 12 8 -4 11 9 -6 -5 -3 -1 -7
right_child=1 7 3 10 5 13 -8 -9 -10 -11 -12 -13 -14 -15
leaf_value=-0.76569412716997876 -0.67613595765263679 -0.72911027881772006 -0.69655753403982701 -0.70924964082950792 -0.70047706515692387 -0.77449669335794302 -0.75552682153017414 -0.68677611733356114 -0.76543585671409398 -0.74192071239741209 -0.73009177079508558 -0.70075645313803536 -0.78117158271710907 -0.75805744931098673
leaf_weight=3420.7165801674128 748.20757193863392 1693.2780421823263 336.32763195037842 3244.7081095129251 764.96604087948799 1736.1036906838417 4249.3008696734905 2460.8769179284573 1211.8082640469074 3028.9673618525267 5448.5531269609928 2319.828626960516 4102.6965011954308 4589.7432734966278
leaf_count=16072 3645 7472 1571 14860 3700 7567 18810 11232 5804 14002 24721 10585 18776 21183
internal_value=-0.740356 -0.720839 -0.729206 -0.732242 -0.761576 -0.753187 -0.751116 -0.702755 -0.741252 -0.733482 -0.722286 -0.712662 -0.774177 -0.762616
internal_weight=39356.1 20501.1 14027.1 13278.9 18855 11331.6 4585.63 6473.98 5005.74 3793.93 8693.26 4013.11 7523.41 6325.85
internal_count=180000 92896 63607 59962 87104 52256 20381 29289 23506 17702 39581 18057 34848 28750
is_linear=0
shrinkage=1


Tree=1
num_leaves=15
num_cat=0
split_feature=11 20 9 5 24 11 11 23 23 6 24 5 22 24
split_gain=10474.1 2841.8 1740.33 1652.77 1423.51 1144.79 1126.07 976.181 731.944 651.895 571.335 472.162 451.559 383.404
threshold=0.30969442427158361 -0.055912442505359643 0.57473275065422069 0.10937166959047319 0.026439630426466468 0.22077568620443347 0.41381794214248663 0.089377358555793776 0.39969968795776373 0.069950636476278319 0.030956145375967029 0.19423979520797732 0.40473736822605139 0.030150655657052997
decision_type=2 2 2 2 2 2 2 2 2 2 2 2 2 2
left_child=2 8 5 4 -3 13 -6 10 9 -2 -7 -4 -9 -1
right_child=1 3 11 -5 6 7 -8 12 -10 -11 -12 -13 -14 -15
leaf_value=-0.023617274213199667 -0.023363158010904377 0.06180963058818182 -0.0018496733527487066 0.046549350419760958 0.0056040830316082197 0.028420343756426721 0.026708668508267069 -0.021870584118690903 0.033198707983571128 0.019548328550152361 -0.023997503666137395 0.031126365091172947 0.0015726792476961906 -0.039465436050366363
leaf_weight=3522.0333287864923 2636.7620644718409 856.82298624515533 1431.4616519063711 3165.4100847244263 6696.1231055855751 936.25476793944836 5763.0172524899244 6921.7268424332142 403.38108269870281 510.73456981778145 339.94931304454803 835.43278457224369 1175.9654694348574 4155.2180120199919
leaf_count=16679 11909 4091 6611 14182 30227 4374 25463 31726 1845 2276 1602 3859 5794 19362
internal_value=-4.11268e-06 0.017724 -0.0183873 0.0238405 0.0184114 -0.0222166 0.0153797 -0.0139857 -0.0106529 -0.0163602 0.0143795 0.0103865 -0.0184684 -0.0322351
internal_weight=39350.3 20032.3 19318 16481.4 13316 17051.1 12459.1 9373.9 3550.88 3147.5 1276.2 2266.89 8097.69 7677.25
internal_count=180000 89993 90007 73963 59781 79537 55690 43496 16030 14185 5976 10470 37520 36041
is_linear=0
shrinkage=0.035


Tree=2
num_leaves=15
num_cat=0
split_feature=10 10 23 10 24 24 23 24 22 0 21 21 21 24
split_gain=11673.8 2081.61 1547.51 1369.57 1341.31 954.755 955.775 947.393 1203.1 694.977 668.578 517.732 442.912 427.768
threshold=0.466051995754242 0.81470793485641491 0.13043972849845889 0.31989055871963507 0.030492831952869896 0.030258984304964546 0.13191533088684085 0.027267058379948143 0.23155066370964053 0.1613855063915253 0.083136986941099181 0.066371265798807158 0.066371265798807158 0.026439630426466468
decision_type=2 2 2 2 2 2 2 2 2 2 2 2 2 2
left_child=3 2 4 -1 12 6 11 10 -9 -3 -4 -5 -2 -8
right_child=1 9 7 5 -6 -7 13 8 -10 -11 -12 -13 -14 -15
leaf_value=-0.03327797994478017 0.047060829623609274 0.02748735462818341 0.060040624326242457 0.024045834463065345 0.004333576186610115 -0.02270707936369578 0.033012942843265385 -0.012291825032150899 0.012806643302005217 0.054301685532151242 -0.018042993785483442 -0.011693208403288661 0.016276473168477842 -0.020121193662363489
leaf_weight=6736.3998788148165 2493.9506525099277 4230.8872630894184 541.10947112739086 1722.2232205569744 2154.127911567688 6059.752863958478 191.1841844022274 4922.1644575744867 4440.9304308742285 1665.8866553008556 172.45143918693066 689.0017846673727 760.6820243448019 2554.1448452174664
leaf_count=31944 11091 18797 2529 7919 10108 27942 930 21844 19775 7330 797 3347 3528 12119
internal_value=-7.5719e-06 0.01746 0.0107086 -0.0208101 0.0257919 -0.013299 -0.00222059 0.00259483 -0.00038662 0.0351417 0.041181 0.0138274 0.0399377 -0.0163146
internal_weight=39334.9 21382.2 15485.4 17952.7 5408.76 11216.3 5156.55 10076.7 9363.09 5896.77 713.561 2411.23 3254.63 2745.33
internal_count=180000 95799 69672 84201 24727 52257 24315 44945 41619 26127 3326 11266 14619 13049
is_linear=0
shrinkage=0.035


Tree=3
num_leaves=15
num_cat=0
split_feature=10 10 17 20 24 24 23 24 23 5 22 24 20 23
split_gain=10900.2 1805.64 1798.61 1347.97 1110.05 998.04 977.181 734.355 695.312 601.689 505.358 379.995 330.784 322.974
threshold=0.5006084442138673 0.33808140456676489 0.066748466342687621 -0.055912442505359643 0.026439630426466468 0.026439630426466468 0.089377358555793776 0.030956145375967029 0.14419928938150409 0.13458140939474109 0.22323016822338107 0.030150655657052997 -0.084638353437185274 0.10932076349854471
decision_type=2 2 8 2 2 2 2 2 2 2 2 2 2 2
left_child=1 11 3 -2 -3 -5 7 -6 -7 10 -4 13 -8 -1
right_child=2 4 9 5 6 8 12 -9 -10 -11 -12 -13 -14 -15
leaf_value=-0.0093949042595976428 -0.018617975225484234 0.032907352787593831 0.010554151694072615 0.057195986854280303 0.033346884232356371 0.021737780463293509 -0.03286185044169735 -0.021751605157243378 0.0033645160881294214 0.047212200893239437 0.035765511936252811 -0.037987128767813759 -0.013395731232904167 -0.030886317273745693
leaf_weight=1428.3169395625591 1605.8794767558575 703.85311023890972 1674.2831786572933 656.24621070921421 922.12762862443924 5253.7670787423849 1207.6748298108578 426.2018124461174 4854.3669788390398 2545.671649992466 2356.926659360528 4271.632009640336 9226.0329839736223 2175.5131904035807
leaf_count=6827 7252 3333 7312 3033 4202 23609 5732 2035 21398 11143 10440 20350 42759 10575
internal_value=-1.05225e-05 -0.0177855 0.0190905 0.0112123 -0.00949528 0.0156757 -0.0120542 0.0158985 0.0129262 0.0338687 0.0253465 -0.0309002 -0.0156782 -0.0224181
internal_weight=39308.5 20361.4 18947.1 12370.3 12485.9 10764.4 11782 1348.33 10108.1 6576.88 4031.21 7875.46 10433.7 3603.83
internal_count=180000 95813 84187 55292 58061 48040 54728 6237 45007 28895 17752 37752 48491 17402
is_linear=0
shrinkage=0.035


Tree=4
num_leaves=15
num_cat=0
split_feature=10 17 20 10 24 24 23 23 22 21 24 23 4 22
split_gain=10215.2 1999.48 1453.03 1256 1120.09 867.118 847.31 709.09 562.246 462.124 376.484 358.967 346.212 310.131
threshold=0.466051995754242 0.066748466342687621 -0.055912442505359643 0.31989055871963507 0.026439630426466468 0.030258984304964546 0.13191533088684085 0.21982385218143466 0.22323016822338107 0.066371265798807158 0.026439630426466468 0.39969968795776373 0.056763892993330962 0.39701244235038763
decision_type=2 8 2 2 2 2 2 2 2 2 2 2 2 2
left_child=3 2 11 13 -4 6 9 -6 12 -5 -8 -2 -3 -1
right_child=1 8 4 5 7 -7 10 -9 -10 -11 -12 -13 -14 -15
leaf_value=-0.036115555023181312 -0.02392989569700479 0.0090509476872059277 0.052089642695528592 0.022524951915870707 0.013988195462148247 -0.021614670802822856 0.030381145040388392 -0.0099620044058660717 0.039315167497169304 -0.011249939569289651 -0.019070568892983673 0.025829722724558031 0.03811039044175648 -0.018039646450363454
leaf_weight=5011.8078395575285 1775.4285519421101 1643.1142385303974 838.79876159131527 1742.8496445417404 10272.2988679111 5965.0720391869545 194.92369367182255 1768.4892652630806 4391.7434140592813 685.10923756659031 2518.2125501334667 189.01162397861481 719.32899253070354 1556.0442314743996
leaf_count=24026 8110 7146 3825 7919 45958 27942 930 7648 19218 3347 12119 856 3038 7918
internal_value=-1.3651e-05 0.0161307 0.00893646 -0.0197405 0.0132143 -0.012547 -0.00200457 0.0104652 0.0319052 0.0129875 -0.0154192 -0.0190356 0.0180225 -0.031867
internal_weight=39272.2 21598.2 14844 17674 12879.6 11106.2 5141.1 12040.8 6754.19 2427.96 2713.14 1964.44 2362.44 6567.85
internal_count=180000 95799 66397 84201 57431 52257 24315 53606 29402 11266 13049 8966 10184 31944
is_linear=0
shrinkage=0.035


Tree=5
num_leaves=15
num_cat=0
split_feature=10 17 20 10 24 24 23 24 23 5 22 20 23 22
split_gain=9538.83 1831.93 1352.84 1205.2 1025.21 851.323 821.832 753.479 671.224 543.488 433.503 348.132 337.23 302.322
threshold=0.466051995754242 0.066748466342687621 -0.055912442505359643 0.31116937100887304 0.026439630426466468 0.030258984304964546 0.12251868098974229 0.026439630426466468 0.14419928938150409 0.13458140939474109 0.22323016822338107 0.084703385829925551 0.39969968795776373 0.21714888513088229
decision_type=2 8 2 2 2 2 2 2 2 2 2 2 2 2
left_child=3 2 12 -1 -4 6 11 -8 -6 10 -3 -5 -2 -7
right_child=1 9 4 5 8 13 7 -9 -10 -11 -12 -13 -14 -15
leaf_value=-0.032099228928713502 -0.023312658416701763 0.0091165475536339868 0.049649437001240269 0.019903598590423545 0.018027345838650101 -0.034551827732668357 0.031372224651209701 -0.01928927022002367 0.0015218738093699283 0.042993830125792332 0.032033698661594771 -0.025995354720341916 0.024759066592741109 -0.016861024764849891
leaf_weight=5893.3441976755857 1759.2057620435953 1734.2061683088541 849.51561217010021 1834.1095061451197 6246.779532507062 1604.9071936309338 400.26930207014084 2948.1332455724478 5834.8857679218054 2629.9700675606728 2451.3466086536646 218.71689194440842 190.68532422184944 4631.0675088614225
leaf_count=29040 8110 7524 3825 8440 27865 7257 1872 14239 25741 11252 10626 1086 856 22267
internal_value=-1.62605e-05 0.0154947 0.00860157 -0.0192112 0.0127008 -0.0126624 -0.00248194 -0.0131578 0.0100638 0.0305104 0.0225828 0.014911 -0.0185092 -0.021462
internal_weight=39227.1 21696.6 14881.1 17530.5 12931.2 11637.2 5401.23 3348.4 12081.7 6815.52 4185.55 2052.83 1949.89 6235.97
internal_count=180000 95799 66397 84201 57431 55161 25637 16111 53606 29402 18150 9526 8966 29524
is_linear=0
shrinkage=0.035


Tree=6
num_leaves=15
num_cat=0
split_feature=10 10 5 20 24 23 11 24 24 23 24 10 23 23
split_gain=8946.18 1693.55 1363.27 1025.3 927.078 781.388 698.484 638.847 493.18 479.182 444.742 436.974 433.294 370.618
threshold=0.50990408658981334 0.35513049364089971 0.12102962657809259 -0.055912442505359643 0.026439630426466468 0.089377358555793776 0.41381794214248663 0.030956145375967029 0.030258984304964546 0.21982385218143466 0.030150655657052997 0.84124213457107555 0.39372026920318609 0.10932076349854471
decision_type=2 2 2 2 2 2 2 2 2 2 2 2 2 2
left_child=1 10 3 12 -3 7 8 -6 -5 -8 13 -4 -2 -1
right_child=2 4 11 6 5 -7 9 -9 -10 -11 -12 -13 -14 -15
leaf_value=-0.0055506459480796485 -0.015015677993420492 0.031211638313052133 0.025046288965271109 0.018513594437005832 0.032630788975345638 -0.013062189947714522 0.02938823789166007 -0.020464555671641932 -0.0024311222822511695 0.0051848472344167805 -0.034733399908829087 0.047485006405517727 0.026128637483308882 -0.027328821036808407
leaf_weight=1574.2024920135736 2017.2472176104784 712.6761427372694 2603.0973382145166 2583.7759257853031 873.80173686146736 9797.788291990757 4971.5341419875622 396.64692267775536 2931.8308238536119 1260.4347115159035 4780.3375676870346 1850.2975388914347 361.53166455030441 2457.0627430677414
leaf_count=7645 9107 3280 11378 11558 3883 46073 21425 1921 13018 5321 23617 7799 1678 12297
internal_value=-1.86952e-05 -0.0159028 0.0175853 0.0122465 -0.00721216 -0.00971219 0.0164876 0.0160235 0.00739614 0.0245092 -0.0275007 0.0344546 -0.00867928 -0.0188593
internal_weight=39172.3 20592.5 18579.7 14126.4 11780.9 11068.2 11747.6 1270.45 5515.61 6231.97 8811.6 4453.39 2378.78 4031.27
internal_count=180000 98716 81284 62107 55157 51877 51322 5804 24576 26746 43559 19177 10785 19942
is_linear=0
shrinkage=0.035


Tree=7
num_leaves=15
num_cat=0
split_feature=11 20 17 17 24 22 21 23 17 24 5 23 23 23
split_gain=7356.76 2007.17 1546.15 1465.98 1215.24 950.413 665.865 661.368 655.061 635.227 516.317 501.771 449.426 432.832
threshold=0.29993277788162237 -0.055912442505359643 0.038049036636948592 0.056135557591915138 0.027267058379948143 0.22323016822338107 0.066371265798807158 0.089377358555793776 0.068847235292196288 0.030150655657052997 0.19423979520797732 0.39969968795776373 0.21982385218143466 0.13378148525953296
decision_type=2 2 8 8 2 2 2 2 8 2 2 2 2 2
left_child=2 8 9 4 6 -6 -3 -4 11 13 -9 -2 -5 -1
right_child=1 3 7 12 5 -7 -8 10 -10 -11 -12 -13 -14 -15
leaf_value=-0.0080206009644553933 -0.025388345883694131 0.050173318641761208 0.02267557119994465 0.033633595595304766 -0.014154854567033677 0.011662185391059045 -0.011198680013663108 -0.012859773716646964 0.012111188933687582 -0.033258054920854797 0.016440236044718469 0.023101429100079892 0.013423030854952769 -0.028742282835266298
leaf_weight=3136.1805345118046 2258.9592067301273 1173.1961094290018 987.9266167730093 6392.2047773003578 2437.6822739839554 6093.2888829708099 261.11357121169567 4684.7679634094238 1126.7326304614544 5640.1246332228184 865.00076664984226 287.59645283222198 1731.1925866156816 2039.2111283987761
leaf_count=15156 10676 5238 4505 27416 10863 26865 1223 22526 4930 27858 3927 1305 7283 10229
internal_value=-2.06318e-05 0.0135311 -0.0170133 0.0183196 0.009309 0.00427716 0.0390005 -0.00356765 -0.0100353 -0.02513 -0.00827165 -0.0198432 0.0293483 -0.0162251
internal_weight=39115.2 21762 17353.2 18088.7 9965.28 8530.97 1434.31 6537.7 3673.29 10815.5 5549.77 2546.56 8123.4 5175.39
internal_count=180000 95799 84201 78888 44189 37728 6461 30958 16911 53243 26453 11981 34699 25385
is_linear=0
shrinkage=0.035


Tree=8
num_leaves=15
num_cat=0
split_feature=10 17 20 10 24 24 23 24 17 10 22 21 23 22
split_gain=7891.85 1577.4 1107.14 1012.1 872.663 816.886 744.842 606.85 599.005 489.158 387.362 360.607 290.039 272.742
threshold=0.45801223814487463 0.064813114702701582 -0.055912442505359643 0.29223716259002691 0.026439630426466468 0.030258984304964546 0.12251868098974229 0.026439630426466468 0.042433535680174835 1.0015905499458315 0.22323016822338107 0.017405906692147258 0.39372026920318609 0.21714888513088229
decision_type=2 8 2 2 2 2 2 2 10 2 2 2 2 2
left_child=3 2 12 -1 -4 6 11 -8 -6 10 -3 -5 -2 -7
right_child=1 9 4 5 8 13 7 -9 -10 -11 -12 -13 -14 -15
leaf_value=-0.03244972711842449 -0.02376609543113033 0.0081139829125321666 0.043546533427930363 0.023272322670253354 -0.0038025324395337436 -0.034108679662087998 0.026580376027061762 -0.019076824019186207 0.013104296506570922 0.040308037035372016 0.027715439518742297 -0.0055235923837599985 0.014302055266053488 -0.017347377695437254
leaf_weight=4543.2699853032827 1616.6963823586702 1941.4567820131779 899.79312491416931 1385.4966569393873 3675.4530328810215 1605.6928419619799 395.94218714535236 2986.3905535340309 8473.9398349374533 2208.8092975020409 3437.6717619150877 856.43657356500626 281.79251162707806 4744.2192975431681
leaf_count=23232 7586 8333 3963 6305 16380 7507 1839 14799 37209 9233 14669 4145 1329 23471
internal_value=-2.30049e-05 0.0134446 0.00683885 -0.0183946 0.0104739 -0.0130391 -0.00331559 -0.0136695 0.0079907 0.0264313 0.020669 0.0122964 -0.0180703 -0.0216327
internal_weight=39053.1 22535.6 14947.7 16517.4 13049.2 11974.2 5624.27 3382.33 12149.4 7587.94 5379.13 2241.93 1898.49 6349.91
internal_count=180000 98702 66467 81298 57552 58066 27088 16638 53589 32235 23002 10450 8915 30978
is_linear=0
shrinkage=0.035


Tree=9
num_leaves=15
num_cat=0
split_feature=10 17 20 10 4 21 22 22 20 21 20 8 22 22
split_gain=7378.47 1452.88 1032.84 978.367 483.037 443.082 596.498 416.542 415.369 450.752 326.384 298.565 255.778 238.326
threshold=0.45801223814487463 0.064813114702701582 -0.055912442505359643 0.31116937100887304 0.069474250078201308 0.017405906692147258 0.33232145011425024 0.20845080167055133 -0.055912442505359643 0.039876388385891921 -0.035681441426277154 -0.34105347096920008 0.39701244235038763 0.25059181451797491
decision_type=2 8 2 2 2 2 2 2 2 2 2 2 2 2
left_child=3 2 13 12 7 6 -4 -3 -5 11 -7 -10 -1 -2
right_child=1 4 5 8 -6 10 -8 -9 9 -11 -12 -13 -14 -15
leaf_value=-0.033992022162490358 -0.021631189599434279 0.0052463458894769516 0.010006166840912179 -0.028200705720214957 0.038349758648906718 0.053702576075096327 0.032774042536276755 0.026254612364788987 0.005130510314304248 -0.021135893922835693 -0.00010114020266306311 -0.010053475998504844 -0.016358002895493173 0.019898386700942097
leaf_weight=4248.7295576184988 1703.7947250455618 1732.8228734582663 6564.0454525649548 1587.5639255791903 2401.8652917742729 132.3907478004694 1791.3178063929081 3500.1574915200472 2646.2763357013464 2604.1524215042591 4597.9872016012669 3932.631869867444 1359.1089918315411 180.02333827316761
leaf_count=21778 8079 7466 27907 7867 9974 602 8242 14795 12495 13138 20801 18758 7262 836
internal_value=-2.48526e-05 0.0129344 0.00658951 -0.0179073 0.0253499 0.0100795 0.0149207 0.0193213 -0.0117168 -0.00883944 0.00151479 -0.00394741 -0.029755 -0.0175784
internal_weight=38982.9 22604.4 14969.6 16378.5 7634.85 13085.7 8355.36 5232.98 10770.6 9183.06 4730.38 6578.91 5607.84 1883.82
internal_count=180000 98702 66467 81298 32235 57552 36149 22261 52258 44391 21403 31253 29040 8915
is_linear=0
shrinkage=0.035


Tree=10
num_leaves=15
num_cat=0
split_feature=17 22 24 24 17 17 17 20 20 21 1 21 24 21
split_gain=6044.01 1531.48 1405.65 1247.6 1043.8 791.89 760.676 543.788 502.182 492.889 484.069 385.881 524.105 276.362
threshold=0.042433535680174835 0.22323016822338107 0.026439630426466468 0.027031847275793556 0.028516206890344623 0.077233396470546736 0.056135557591915138 -0.055912442505359643 0.084703385829925551 -0.11719527095556258 -0.15053357183933255 0.017405906692147258 0.030258984304964546 -0.046499745920300477
decision_type=8 2 2 2 10 8 8 2 2 2 2 2 2 2
left_child=2 3 8 -2 -4 9 11 -6 -1 -5 -9 12 -3 -8
right_child=1 6 4 5 7 -7 13 10 -10 -11 -12 -13 -14 -15
leaf_value=0.032568852051084715 0.04853696242819551 0.037805445876357639 -0.030492805793174576 0.0051973507896347047 -0.032897102049689576 0.019078085741529884 0.041060500800902511 0.0059880357368978735 -0.028612961224580704 -0.01691609134924112 -0.01295651561068945 0.00041046808800110568 0.0084103644958567914 0.023595355569269921
leaf_weight=947.04297752678394 587.38391777873039 1100.9698112905025 5411.5533224791288 1796.9946942329407 1294.9397865235806 1431.2592907398939 1373.7495393753052 2111.2380826473236 190.3162420541048 3909.071967497468 7507.3065195977688 2733.1575731039047 2268.3265551924706 6253.4533543288708
leaf_count=4338 2592 4763 27580 8410 6477 5940 5530 9712 959 17541 36223 12731 10200 27004
internal_value=-2.62809e-05 0.0124151 -0.0153101 -5.32825e-05 -0.0179334 -0.00411445 0.0194251 -0.0116835 0.022171 -0.00995506 -0.00879635 0.0101904 0.0180991 0.0267907
internal_weight=38916.8 21454.4 17462.4 7724.71 16325 7137.33 13729.7 10913.5 1137.36 5706.07 9618.54 6102.45 3369.3 7627.2
internal_count=180000 94711 85289 34483 79992 31891 60228 52412 5297 25951 45935 27694 14963 32534
is_linear=0
shrinkage=0.035


Tree=11
num_leaves=15
num_cat=0
split_feature=10 10 18 22 24 24 23 23 21 24 21 24 22 23
split_gain=6584.64 1362.03 1059.5 896.716 1445.44 780.306 794.641 578.238 573.029 578.59 415.236 411.205 345.418 344.528
threshold=0.50990408658981334 0.35513049364089971 0.1905203312635422 0.22323016822338107 0.027267058379948143 0.030258984304964546 0.13378148525953296 0.16880477964878085 -0.046499745920300477 0.030258984304964546 0.017405906692147258 0.030150655657052997 0.21714888513088229 0.10932076349854471
decision_type=2 2 2 2 2 2 2 2 2 2 2 2 2 2
left_child=1 11 3 4 -2 6 10 -8 -5 -10 -3 13 -7 -1
right_child=2 5 -4 8 -6 12 7 -9 9 -11 -12 -13 -14 -15
leaf_value=-0.0034441766370216275 0.04374818846850647 0.027660204314276592 0.032675679083211007 0.033744619171498812 -0.0076498425969290136 -0.028611061571398425 -0.031109810109345454 0.0021770153842020413 0.025045280423783161 0.0056223787731339327 -0.0002849396868713145 -0.032038501629737842 -0.0098049944156163582 -0.024805876713058075
leaf_weight=1530.9503504782915 770.21569833159447 1651.1687644273043 3329.6121674329042 2028.0300015956163 4745.9190158545971 1629.4280871301889 994.09131702780724 1756.3244983702898 3002.4406749457121 5013.8409201949835 1071.1654484272003 4480.6656055301428 4503.9834053367376 2340.5040331333876
leaf_count=7645 3350 7223 13888 8144 20976 7700 4881 8565 13034 21892 5114 23617 21674 12297
internal_value=-2.73753e-05 -0.0140425 0.0147799 0.010932 -0.000406977 -0.0062772 0.00332833 -0.00992306 0.0171534 0.0129192 0.0167037 -0.0248128 -0.0148395 -0.0163891
internal_weight=38848.3 19958.3 18890.1 15560.4 5516.13 11606.2 5472.75 2750.42 10044.3 8016.28 2722.33 8352.12 6133.41 3871.45
internal_count=180000 98716 81284 67396 24326 55157 25783 13446 43070 34926 12337 43559 29374 19942
is_linear=0
shrinkage=0.035


Tree=12
num_leaves=15
num_cat=0
split_feature=11 20 17 17 24 22 23 23 24 17 18 21 23 23
split_gain=5559.57 1477.83 1370.12 938.235 929.685 778.108 695.085 514.624 504.382 460.83 455.003 448.242 379.401 369.889
threshold=0.30969442427158361 -0.055912442505359643 0.035234324634075172 0.056135557591915138 0.027267058379948143 0.22323016822338107 0.089377358555793776 0.39969968795776373 0.030150655657052997 0.085199870169162764 0.1905203312635422 0.066371265798807158 0.21982385218143466 0.34108707308769232
decision_type=2 2 8 8 2 2 2 2 2 8 2 2 2 2
left_child=2 7 8 4 11 -6 -4 9 -1 -2 -8 -3 -5 -14
right_child=1 3 6 12 5 -7 10 -9 -10 -11 -12 -13 13 -15
leaf_value=-0.015278382068434822 -0.019495390049929253 0.044359786303251506 0.018718162587359467 0.029105077803618512 -0.013230710874757835 0.011150000735093439 -0.012151973044999161 0.027301757100527398 -0.0317188048988052 0.01824463095742546 0.011950455159489675 -0.0096470503958631729 0.00039730356498761935 0.036218582388535793
leaf_weight=4524.2561159431934 2553.4052686542273 1130.7717400938272 1343.5795468688011 6383.7061751633883 2238.3441832363605 5585.0285268872976 6371.3762613683939 418.98289033770561 4685.2207491993904 460.66921049356461 1120.9860028922558 221.6457044929266 1246.9868784993887 482.74946539103985
leaf_count=22991 12236 4903 6087 26625 10037 24237 31279 1845 24599 1949 5051 1033 5154 1974
internal_value=-2.91356e-05 0.0123367 -0.0142282 0.0165003 0.00881874 0.00416645 -0.00437421 -0.00861891 -0.0236676 -0.013686 -0.00853471 0.0355028 0.0251661 0.0105453
internal_weight=38767.7 20722.3 18045.4 17289.2 9175.79 7823.37 8835.94 3433.06 9209.48 3014.07 7492.36 1352.42 8113.44 1729.74
internal_count=180000 89993 90007 73963 40210 34274 42417 16030 47590 14185 36330 5936 33753 7128
is_linear=0
shrinkage=0.035


Tree=13
num_leaves=15
num_cat=0
split_feature=10 10 5 10 24 22 24 23 21 24 24 24 22 23
split_gain=5825.91 1264.56 825.036 813.911 663.922 704.893 644.291 618.542 467.666 459.016 434.656 382.394 333.664 319.386
threshold=0.44989095628261572 0.63208806514740001 0.060197934508323676 0.29223716259002691 0.026439630426466468 0.22323016822338107 0.030258984304964546 0.12251868098974229 0.017405906692147258 0.026439630426466468 0.027267058379948143 0.030258984304964546 0.21714888513088229 0.13378148525953296
decision_type=2 2 2 2 2 2 2 2 2 2 2 2 2 2
left_child=3 4 11 -1 -2 10 7 -5 -7 -9 -6 13 -13 -3
right_child=1 2 -4 6 5 8 -8 9 -10 -11 -12 12 -14 -15
leaf_value=-0.029805352210756021 0.035206180975244111 0.032655685770073023 0.029841667357149 0.01161960454901525 0.027865312931143991 0.015485920395382382 -0.019818708303960708 0.023212527447019848 -0.0033564669199062222 -0.017772049231656994 -0.015344730144927503 -0.0085916977641212183 0.01143551762031683 0.0082609762780046676
leaf_weight=4259.0988668650389 694.14519001543522 1489.9946414232254 4867.1838514208794 2129.2581618577242 301.22833271324635 3601.8541386127472 5794.5207440406084 372.39348410069942 2911.2359004318714 2740.9149031490088 3507.1951653510332 1448.3752994537354 3381.138692304492 1186.1832049489021
leaf_count=23232 3005 6216 20180 9970 1330 15517 29462 1709 13275 14022 16224 6234 14271 5353
internal_value=-2.9923e-05 0.0109527 0.0186272 -0.0168191 0.00232369 8.03288e-05 -0.0117854 -0.0028854 0.00707147 -0.0128111 -0.011863 0.0113249 0.005424 0.021914
internal_weight=38684.7 23388.5 12372.9 15296.2 11015.7 10321.5 11037.1 5242.57 6513.09 3113.31 3808.42 7505.69 4829.51 2676.18
internal_count=180000 101605 52254 78395 49351 46346 55163 25701 28792 15731 17554 32074 20505 11569
is_linear=0
shrinkage=0.035


Tree=14
num_leaves=15
num_cat=0
split_feature=10 10 23 24 17 24 23 24 4 21 5 21 1 23
split_gain=5451.7 1178.66 899.775 1027.47 813.744 739.942 627.515 564.59 541.211 525.14 450.125 380.971 325.114 317.516
threshold=0.44989095628261572 0.84124213457107555 0.13043972849845889 0.030258984304964546 0.024753689765930179 0.030096776783466343 0.13378148525953296 0.027267058379948143 0.069474250078201308 0.083136986941099181 0.060197934508323676 0.017405906692147258 -0.030800504609942433 0.16880477964878085
decision_type=2 2 2 2 8 2 2 2 2 2 2 2 2 2
left_child=4 2 3 11 -1 6 12 9 -9 -4 -3 -2 -6 -8
right_child=1 10 7 -5 5 -7 13 8 -10 -11 -12 -13 -14 -15
leaf_value=-0.03216787134636858 0.03709754361097331 0.015684404279881829 0.042441770066601062 0.00060086317409203005 0.021017769409485916 -0.019797123207496096 -0.03194472703266469 -0.0056080043747917278 0.015245473261334307 -0.020622470989394102 0.035740479382371085 0.013033245789568755 -0.0025103858013271413 -0.0054669847558717378
leaf_weight=3156.7126162946224 2377.825653269887 3145.7103578299284 657.47689531743526 2770.4874882698059 1361.9907700270414 6797.875281482935 895.12577332556248 8733.0576087832451 1836.6860785037279 206.72164361178875 2460.6835243105888 1239.5590260028839 1508.6527006924152 1446.9947635382414
leaf_count=17152 9884 13238 2846 12429 6465 35278 4707 39092 7744 945 9986 5441 7369 7424
internal_value=-3.05254e-05 0.010552 0.00614189 0.0166523 -0.016373 -0.0121983 -0.00226998 0.00026058 -0.00197335 0.0272931 0.0245351 0.0289102 0.00868687 -0.0156792
internal_weight=38595.6 23428.2 17821.8 6387.87 15167.4 12010.6 5212.76 11433.9 10569.7 864.199 5606.39 3617.38 2870.64 2342.12
internal_count=180000 101605 78381 27754 78395 61243 25965 50627 46836 3791 23224 15325 13834 12131
is_linear=0
shrinkage=0.035


Tree=15
num_leaves=15
num_cat=0
split_feature=10 10 18 24 23 22 24 24 21 21 24 22 22 23
split_gain=5124.82 1236.06 826.691 768.233 714.77 681.468 1058.84 519.082 467.987 465.308 457.985 353.204 329.163 297.886
threshold=0.51910066604614269 0.33808140456676489 0.1905203312635422 0.030258984304964546 0.12877434492111209 0.22323016822338107 0.027267058379948143 0.027267058379948143 0.017405906692147258 -0.046499745920300477 0.030258984304964546 0.21714888513088229 0.39701244235038763 0.39969968795776373
decision_type=2 2 2 2 2 2 2 2 2 2 2 2 2 2
left_child=1 12 5 4 8 6 -2 -6 -3 -7 -11 13 -1 -5
right_child=2 3 -4 11 7 9 -8 -9 -10 10 -12 -13 -14 -15
leaf_value=-0.028579547904489591 0.03820798464863618 0.027575703388660125 0.02907938117255203 -0.030822695383300725 0.015171645469012911 0.030339659009408507 -0.00672401167228879 -0.015416005089031752 -0.0021025074700249634 0.02229836503832482 0.0048113607285998209 -0.0092406073916651375 -0.010538011647523219 0.025652976749566125
leaf_weight=5223.4662421196699 738.62645827233791 1695.7179846912622 3327.8721273541451 1714.6999549120665 907.80500741302967 1989.9840775877237 4520.9347447603941 2618.0841556936502 1050.3160647898912 2933.0735001266003 4891.4070409983397 5136.9466598927975 1644.149926930666 115.17852500081062
leaf_count=28578 3155 7288 13648 8366 4234 7853 20072 13170 5012 12505 21148 25216 9174 581
internal_value=-3.1319e-05 -0.0122435 0.0133114 -0.00598491 0.00289992 0.00981333 -0.000353454 -0.00752002 0.0162578 0.0152565 0.0113866 -0.0139762 -0.0242819 -0.0271478
internal_weight=38508.3 20106.4 18401.9 13238.7 6271.92 15074 5259.56 3525.89 2746.03 9814.46 7824.48 6966.83 6867.62 1829.88
internal_count=180000 101619 78381 63867 29704 64733 23227 17404 12300 41506 33653 34163 37752 8947
is_linear=0
shrinkage=0.035


Tree=16
num_leaves=15
num_cat=0
split_feature=10 10 17 5 24 24 21 23 23 24 24 24 23 11
split_gain=4813.57 1136.9 731.18 703.645 662.177 560.08 529.886 493.808 430.903 393.239 334.456 266.598 253.647 210.87
threshold=0.44197247922420507 0.6023424267768861 0.024753689765930179 0.12102962657809259 0.030096776783466343 0.026439630426466468 0.053489156067371375 0.10932076349854471 0.089377358555793776 0.030956145375967029 0.030956145375967029 0.027712903916835788 0.089377358555793776 0.46500721573829656
decision_type=2 2 8 2 2 2 2 2 2 2 2 2 2 2
left_child=2 5 -1 9 6 -2 7 -4 10 12 -7 -8 -3 -11
right_child=1 3 4 -5 -6 8 11 -9 -10 13 -12 -13 -14 -15
leaf_value=-0.031231135015762333 0.031187771748149372 0.036275322495528867 0.022698492508967667 0.028783108718665081 -0.019396857861360872 0.034131934592157347 -0.033021518503761976 -0.0045254472004756241 -0.0039839291609680772 -0.0036263603540411739 -0.0098656964295606407 0.0036620110821217328 0.014515910845049402 0.011077670419747235
leaf_weight=3062.2905283868313 678.8240170031786 769.19414335489273 1189.2987585067749 3846.5569586604834 6355.1039220243692 669.37244753539562 844.31936167180538 2547.3566960096359 8616.3461193293333 2336.0662332773209 301.97415737807751 336.39268651604652 4432.9435233175755 2427.4737215936184
leaf_count=17115 2922 3212 5387 15705 33688 2830 4544 13048 39298 10155 1398 1710 18903 10085
internal_value=-3.18671e-05 0.00952656 -0.016083 0.0160796 -0.0119439 0.000703214 -0.00229196 0.00417682 -0.00148539 0.0111524 0.0204927 -0.0226272 0.0177967 0.00387424
internal_weight=38413.5 24078.8 14334.8 13812.2 11272.5 10266.5 4917.37 3736.66 9587.69 9965.68 971.347 1180.71 5202.14 4763.54
internal_count=180000 104508 75492 58060 58377 46448 24689 18435 43526 42355 4228 6254 22115 20240
is_linear=0
shrinkage=0.035


Tree=17
num_leaves=15
num_cat=0
split_feature=10 10 5 17 22 22 21 22 11 21 1 10 3 8
split_gain=4522.81 1319.07 655.231 542.269 444.458 400.681 330.746 448.757 327.532 298.477 255.372 230.59 185.187 178.642
threshold=0.41010898351669317 0.6023424267768861 0.060197934508323676 0.024753689765930179 0.39701244235038763 0.16933333873748782 0.017405906692147258 0.33232145011425024 0.46500721573829656 -0.12961529940366742 -0.030800504609942433 1.0015905499458315 -0.29106999933719629 -0.46086701750755305
decision_type=2 2 2 8 2 2 2 2 2 2 2 2 2 2
left_child=3 5 8 -1 12 9 7 -7 -3 -2 -6 -4 -5 -8
right_child=1 2 11 4 10 6 13 -9 -10 -11 -12 -13 -14 -15
leaf_value=-0.030923767623652256 4.6138139123245596e-05 0.0021066710383750653 0.020757563982302909 -0.0070646587005051241 0.01556116462219838 0.0022024068125157887 0.0090031341918320584 0.023379851537786944 0.015874577515339019 -0.026119826567866433 -0.0098685341305186219 0.037641419073560417 -0.02081997100425341 -0.0094790706070110673
leaf_weight=2964.2156954407692 998.52930049598217 3992.5892069339752 4009.8215710818768 1557.4989846497774 842.46015383303165 5040.2019170671701 804.93423956632614 1610.6996602118015 4503.4248746931553 1137.9597332775593 1108.5696561783552 1344.094731926918 5404.8784950077534 3005.1728485822678
leaf_count=16877 4873 17350 16564 8082 4420 22221 3740 7422 18767 5551 5948 5379 28553 14253
internal_value=-3.21877e-05 0.00802515 0.0154757 -0.0179648 -0.0136254 -0.00017194 0.00265211 0.00735851 0.00941462 -0.0139474 0.00113544 0.0250585 -0.0177574 -0.00556112
internal_weight=38325.1 26447.4 13849.9 11877.6 8913.41 12597.5 10461 6650.9 8496.01 2136.49 1951.03 5353.92 6962.38 3810.11
internal_count=180000 116120 58060 63880 47003 58060 47636 29643 36117 10424 10368 21943 36635 17993
is_linear=0
shrinkage=0.035


Tree=18
num_leaves=15
num_cat=0
split_feature=10 17 20 17 23 21 23 22 23 8 22 4 11 23
split_gain=4241.12 1160.26 692.384 557.073 548.364 609.368 547.687 507.882 398.419 317.559 302.954 301.997 271.711 207.171
threshold=0.41810613870620733 0.056135557591915138 -0.055912442505359643 0.024753689765930179 0.21982385218143466 0.017405906692147258 0.089377358555793776 0.20845080167055133 0.34108707308769232 -0.24926229566335675 0.40473736822605139 0.056763892993330962 0.35917040705680853 0.39372026920318609
decision_type=2 8 2 8 2 2 2 2 2 2 2 2 2 2
left_child=3 2 13 -1 5 -4 9 11 -6 -5 -8 -3 -9 -2
right_child=1 7 4 6 8 -7 10 12 -10 -11 -12 -13 -14 -15
leaf_value=-0.030205108939169154 -0.025512337704882544 -0.0007146101496927124 0.013461033071634961 0.021596722837169881 -0.025840110394238072 -0.0032647803348291368 -0.019287166245132867 0.011107188689652643 0.016350278035253095 -0.01112062134912197 -0.0005937906482546717 0.022677917347894639 0.025131121137210218 0.010596545238773625
leaf_weight=2934.1693384647369 1365.8465498387814 2696.0650166273117 6596.3161110281944 803.17007528245449 1139.6129902601242 4470.9067027121782 6702.4595947265625 2436.3219183683395 352.48128370940685 648.55741262435913 1262.4148979336023 892.06660835444927 5723.619071662426 221.05083653330803
leaf_count=16970 6860 11936 28549 3866 5081 20769 35878 10494 1545 3236 6833 3648 23262 1073
internal_value=-3.28546e-05 0.00801619 0.00126209 -0.0169011 0.00401925 0.00670734 -0.012728 0.016141 -0.0158309 0.00700421 -0.0163288 0.00514801 0.0209627 -0.0204476
internal_weight=38245.1 25894.3 14146.2 12350.8 12559.3 11067.2 9416.6 11748.1 1492.09 1451.73 7964.87 3588.13 8159.94 1586.9
internal_count=180000 113217 63877 66783 55944 49318 49813 49340 6626 7102 42711 15584 33756 7933
is_linear=0
shrinkage=0.035


Tree=19
num_leaves=15
num_cat=0
split_feature=10 10 4 24 24 22 20 21 8 23 24 21 23 10
split_gain=3980.91 1163.75 610.395 589.702 563.631 534.078 403.575 394.713 423.459 453.185 394.207 382.172 312.042 245.597
threshold=0.41010898351669317 0.58809003233909618 0.097221400588750853 0.026439630426466468 0.030096776783466343 0.22323016822338107 -0.055912442505359643 0.039285084232687957 -0.26493307948112482 0.10932076349854471 0.027267058379948143 0.017405906692147258 0.21982385218143466 0.28147238492965704
decision_type=2 2 2 2 2 2 2 2 2 2 2 2 2 2
left_child=4 3 6 -2 7 10 -3 8 9 -1 -5 -7 -8 -6
right_child=1 2 -4 5 13 11 12 -9 -10 -11 -12 -13 -14 -15
leaf_value=0.030922863308372673 0.028144660652058361 -0.004755548059986724 0.029012675453247115 0.022388643539017695 -0.03455424175548015 0.010386812252832178 0.015981182390852611 -0.023862494468752452 -0.015080925221682934 -0.0037225711514390298 -0.016320309116067449 -0.0058904504606095065 -0.0010467453396416843 -0.019474895392386272
leaf_weight=703.04702910780907 802.41565951704979 1767.9379773139954 2725.3389122933149 344.61822135746479 1902.3741067051888 3890.2361989021301 8519.5721094310284 1455.4462706595659 1730.7272969037294 1311.1429621875286 3663.4415237009525 3221.7289061099291 1557.947287812829 4561.2535797506571
leaf_count=3277 3476 7978 11019 1549 11513 17079 35543 8175 9075 6974 17730 15323 6423 24866
internal_value=-3.38378e-05 0.00746714 0.0140991 -0.00064299 -0.0170631 -0.00274371 0.0106463 -0.0084619 -0.00242891 0.00846334 -0.0129446 0.00301527 0.0133503 -0.0239596
internal_weight=38157.2 26493.2 14570.8 11922.4 11664 11120 11845.5 5200.36 3744.92 2014.19 4008.06 7111.97 10077.5 6463.63
internal_count=180000 116120 60963 55157 63880 51681 49944 27501 19326 10251 19279 32402 41966 36379
is_linear=0
shrinkage=0.035


Tree=20
num_leaves=15
num_cat=0
split_feature=10 17 24 22 24 24 10 21 22 21 8 23 24 17
split_gain=3732.66 1090.43 738.793 671.074 539.626 510.404 476.676 431.488 410.131 374.142 396.337 417.07 302.364 242.054
threshold=0.41010898351669317 0.056135557591915138 0.026439630426466468 0.22323016822338107 0.030096776783466343 0.027267058379948143 1.0015905499458315 -0.053123654797673218 0.22323016822338107 0.039285084232687957 -0.26493307948112482 0.10932076349854471 0.030835845507681373 0.030109920538961891
decision_type=2 8 2 2 2 2 2 2 2 2 2 2 2 8
left_child=4 2 -2 5 9 -4 8 -5 12 10 11 -1 -3 -6
right_child=1 6 3 7 13 -7 -8 -9 -10 -11 -12 -13 -14 -15
leaf_value=0.029531598509688468 0.028921768074936235 0.012122697830638216 0.023532262245507782 0.021822359811428278 -0.031144380103520258 -0.016419079839424127 0.028491170352661278 0.00080118720732569413 0.016893968141502052 -0.023309518351327319 -0.014658033025039716 -0.0035993983050708295 -0.0089308376379196915 -0.017305992347611251
leaf_weight=710.73210722208023 1053.8210656642914 1652.2997965216637 425.30019682645798 1403.1333885341883 2806.7682168781757 4004.1265627592802 2550.5951341241598 7796.3045619875193 5950.0049638599157 1438.36788405478 1718.8389882147312 1308.9326155036688 1670.5463210642338 3573.0175086259842
leaf_count=3277 4541 7435 1873 5556 16693 19200 10282 35426 24725 8175 9075 6974 7082 19686
internal_value=-3.46391e-05 0.00720243 0.000830014 -0.00136173 -0.0166253 -0.0125387 0.0151085 0.00402763 0.0114007 -0.00820632 -0.00234877 0.00814765 0.00154309 -0.0234334
internal_weight=38062.8 26506.1 14682.7 13628.9 11556.7 4429.43 11823.4 9199.44 9272.85 5176.87 3738.5 2019.66 3322.85 6379.79
internal_count=180000 116120 66596 62055 63880 21073 49524 40982 39242 27501 19326 10251 14517 36379
is_linear=0
shrinkage=0.035


Tree=21
num_leaves=15
num_cat=0
split_feature=10 10 4 24 21 24 22 24 21 24 22 17 23 23
split_gain=3509.19 945.664 654.082 647.048 633.735 635.816 530.414 994.199 419.756 411.695 315.087 293.675 276.744 253.962
threshold=0.50990408658981334 0.31116937100887304 0.097221400588750853 0.030258984304964546 0.053489156067371375 0.027459150180220607 0.22323016822338107 0.027267058379948143 -0.046499745920300477 0.030258984304964546 0.21714888513088229 0.073995515704154982 0.39969968795776373 0.089377358555793776
decision_type=2 2 2 2 2 2 2 2 2 2 2 8 2 2
left_child=1 13 6 4 5 -3 7 -2 -8 -10 12 -9 -5 -1
right_child=2 3 -4 10 -6 -7 8 11 9 -11 -12 -13 -14 -15
leaf_value=-0.0077694709231167737 0.035465545481438411 0.031026425057682688 0.02480014534308812 -0.029542988678216368 -0.017980143160943547 0.0011424356181647373 0.026174982439452307 -0.012333159641077181 0.01855935026024829 0.002562503100452414 -0.0091366881831689405 0.0074033656035017558 0.025290837047777889 -0.028028695258276594
leaf_weight=951.72738963365555 768.87633953988552 1103.0276395380497 3236.4982517510653 1699.5329860448837 1530.7772485017776 4033.7807025462389 2094.4700562506914 3522.5066278129816 3176.6801459789276 5175.4007243812084 5411.6329204440117 1242.9065425097942 113.27762492001057 3905.4651593416929
leaf_count=5307 3263 5067 13152 8855 8000 19331 8133 16084 13363 22152 27836 5137 587 23733
internal_value=-3.50243e-05 -0.0108048 0.0104726 -0.00614824 0.00171464 0.00760724 0.00755725 -0.00120267 0.0121947 0.00866176 -0.0133974 -0.00718079 -0.0259966 -0.0240832
internal_weight=37966.6 18749.2 19217.3 13892 6667.59 5136.81 15980.8 5534.29 10446.6 8352.08 7224.44 4765.41 1812.81 4857.19
internal_count=180000 98716 81284 69676 32398 24398 68132 24484 43648 35515 37278 21221 9442 29040
is_linear=0
shrinkage=0.035


Tree=22
num_leaves=15
num_cat=0
split_feature=17 11 11 23 22 23 21 20 21 20 19 5 21 3
split_gain=3350.25 917.115 742.1 686.745 524.505 446.134 408.516 373.683 361.844 302.19 271.786 250.016 247.998 228.871
threshold=0.039463229477405555 0.39801150560379034 0.21545710414648059 0.14419928938150409 0.20845080167055133 0.13378148525953296 0.017405906692147258 -0.025503730401396748 0.017405906692147258 0.090242039412260069 0.25492268800735479 0.048187181353569038 -0.046499745920300477 -0.13331383466720578
decision_type=8 2 2 2 2 2 2 2 2 2 2 2 2 2
left_child=2 3 -1 7 11 6 13 -2 -9 -7 -5 -3 -6 -4
right_child=1 4 5 10 12 9 -8 8 -10 -11 -12 -13 -14 -15
leaf_value=-0.024681946440086262 -0.014161153020148139 -6.1747219147003242e-05 0.023415166928097576 -0.00860066643798231 0.032846814069952837 -0.016720110031534265 -0.010818040259192929 0.023011708943132019 0.0053977155543341194 0.028225419353305747 0.0090106316541755434 0.023730238437036831 0.017420505584742913 0.00056402464578834727
leaf_weight=4911.47872787714 681.90159410238266 2775.7691326886415 999.7579180598259 5972.767536252737 1722.5068367421627 4615.7189189046621 1948.2187700420618 2526.7405349612236 3289.8412163555622 182.00751267373562 1299.581928730011 662.03903816640377 5129.5790463536978 1147.7004905045033
leaf_count=29340 3096 12344 4528 28935 6570 23617 10012 10839 15212 815 5664 2672 21143 5213
internal_value=-3.51826e-05 0.00784977 -0.0137737 0.00193984 0.0157494 -0.00772856 0.000758104 0.0102003 0.0130756 -0.0149599 -0.00544544 0.00457555 0.0213407 0.0112617
internal_weight=37865.6 24060.7 13804.9 13770.8 10289.9 8893.4 4095.68 6498.48 5816.58 4797.73 7272.35 3437.81 6852.09 2147.46
internal_count=180000 106475 73525 63746 42729 44185 19753 29147 26051 24432 34599 15016 27713 9741
is_linear=0
shrinkage=0.035


Tree=23
num_leaves=15
num_cat=0
split_feature=10 17 24 24 22 10 24 22 21 8 21 24 20 21
split_gain=3135.23 927.044 642.636 501.102 485.631 456.867 425.165 420.149 338.526 360.511 334.634 322.077 279.686 244.046
threshold=0.41010898351669317 0.053820881992578513 0.026439630426466468 0.030096776783466343 0.22323016822338107 1.0015905499458315 0.027267058379948143 0.22323016822338107 0.039285084232687957 -0.26493307948112482 -0.053123654797673218 0.030835845507681373 -0.03768800571560859 0.0090673449449241179
decision_type=2 8 2 2 2 2 2 2 2 2 2 2 2 2
left_child=3 2 -2 8 6 7 -4 11 9 12 -6 -3 -1 -9
right_child=1 5 4 -5 10 -7 -8 13 -10 -11 -12 -13 -14 -15
leaf_value=-0.026599151744719596 0.026732865775921665 0.010584596270401696 0.021493353353458949 -0.022185094228480719 0.018935951586543241 0.026236984281517179 -0.016106200494948895 0.021602640095514405 -0.02196355006233611 -0.013672125738734648 -0.00035175185184200267 -0.009865296382660713 0.013029509093343519 0.0082225258395857859
leaf_weight=239.14818654954433 1013.5543753653765 1902.8738193958998 402.25806969404221 6177.6020191013813 1292.0212229788303 2613.8252914696932 3549.1491574496031 3449.2229537367821 1395.4578520059586 1686.3507500886917 7167.2372717857361 1851.5967017710209 1772.4472473561764 3266.2836755216122
leaf_count=1366 4363 8599 1758 36379 5068 10501 17324 14008 8175 9075 32655 7968 8885 13876
internal_value=-3.48434e-05 0.00653971 7.66241e-05 -0.0154895 -0.00212011 0.0131658 -0.0122339 0.0098807 -0.00734104 -0.00177873 0.00261303 0.000499883 0.00820999 0.0151167
internal_weight=37779 26508 13424.2 11271 12410.7 13083.8 3951.41 10470 5093.4 3697.95 8459.26 3754.47 2011.6 6715.51
internal_count=180000 116120 61168 63880 56805 54952 19082 44451 27501 19326 37723 16567 10251 27884
is_linear=0
shrinkage=0.035


Tree=24
num_leaves=15
num_cat=0
split_feature=10 10 5 24 24 23 23 23 8 22 21 24 20 23
split_gain=2939.38 874.196 503.944 479.291 471.46 623.579 587.895 393.749 395.347 329.673 356.565 324.042 307.703 296.954
threshold=0.41010898351669317 0.6023424267768861 0.12102962657809259 0.030258984304964546 0.030150655657052997 0.13378148525953296 0.16880477964878085 0.10932076349854471 -0.2250736057758331 0.21714888513088229 -0.049244273453950875 0.030258984304964546 0.084703385829925551 0.13378148525953296
decision_type=2 2 2 2 2 2 2 2 2 2 2 2 2 2
left_child=3 4 11 7 5 -2 -7 8 12 -6 -11 13 -1 -3
right_child=1 2 -4 -5 9 6 -8 -9 -10 10 -12 -13 -14 -15
leaf_value=0.02371165336159483 0.019001036123941967 0.025228504046654786 0.023005087196059346 -0.02221270717489001 -0.019083487413840305 -0.024396821655818208 0.0081798157144702312 -0.014878840999117788 -0.01401145729111916 0.017169600774628216 -0.0063790633824822958 0.0033957071050870306 -0.02929899611195071 0.0052573110204200933
leaf_weight=1065.362687215209 2749.19740447402 2059.5120021253824 3894.8247786909342 5675.4228058308363 1856.5905038714409 1090.9618038386106 1760.1853790581226 3457.1807994693518 830.77790762484074 964.32061102986336 4103.2618407160044 6387.5892884135246 144.61286772787571 1642.3536862134933
leaf_count=5147 11832 8360 15705 33966 9279 5402 8355 19527 4417 3983 19209 26700 823 7295
internal_value=-3.49953e-05 0.00631134 0.0123231 -0.0150839 -0.000405575 0.00713814 -0.004327 -0.0076979 0.00448035 -0.00650851 -0.00187295 0.00818083 0.0171877 0.0164062
internal_weight=37682.2 26508.8 13984.3 11173.4 12524.5 5600.34 2851.15 5497.93 2040.75 6924.17 5067.58 10089.5 1209.98 3701.87
internal_count=180000 116120 58060 63880 58060 25589 13757 29914 10387 32471 23192 42355 5970 15655
is_linear=0
shrinkage=0.035


Tree=25
num_leaves=15
num_cat=0
split_feature=17 20 11 24 7 23 23 23 6 23 23 24 11 24
split_gain=2874.23 769.419 771.409 707.984 577.106 571.559 526.145 438.219 383.567 358.049 355.814 381.647 286.472 239.065
threshold=0.039463229477405555 -0.055912442505359643 0.35334150493144995 0.030150655657052997 -0.15023548156023023 0.21982385218143466 0.34108707308769232 0.39372026920318609 0.069950636476278319 0.089377358555793776 0.13378148525953296 0.027459150180220607 0.22077568620443347 0.030956145375967029
decision_type=8 2 2 2 2 2 2 2 2 2 2 2 2 2
left_child=3 7 9 4 10 -4 -7 8 -2 13 -1 -12 -5 -3
right_child=1 2 5 12 -6 6 -8 -9 -10 -11 11 -13 -14 -15
leaf_value=0.018465813732245564 -0.018569761545736353 0.026144761211889515 0.019833333045785918 -0.030200282517812951 -0.013321290697047024 -0.010399215257164128 0.026002059418985635 0.018271748653593312 0.011291221028350647 -0.0010618256208798761 0.018103185619494051 -0.021646197031604232 -0.015190082760779475 -0.0074230819226648297
leaf_weight=1532.3816419094801 2548.923634916544 1075.3825154453516 9177.8795439004898 2596.6724687814713 4187.2691749483347 1634.0467649698257 680.80337493121624 682.37513129413128 656.34963977336884 7251.3261111974716 466.12376709282398 773.6443098038435 3984.7275743186474 336.76106305420399
leaf_count=6971 12842 4534 37646 16798 22697 6805 2766 3223 2916 34155 2290 4103 20666 1588
internal_value=-3.55635e-05 0.00722715 0.00997632 -0.0129275 -0.00513318 0.0159172 0.000372288 -0.00701546 -0.012439 0.00208599 0.0072382 -0.00667609 -0.0211491 0.0181438
internal_weight=37584.7 24043.8 20156.2 13540.8 6959.42 11492.7 2314.85 3887.65 3205.27 8663.47 2772.15 1239.77 6581.4 1412.14
internal_count=180000 106475 87494 73525 36061 47217 9571 18981 15758 40277 13364 6393 37464 6122
is_linear=0
shrinkage=0.035


Tree=26
num_leaves=15
num_cat=0
split_feature=17 10 11 23 21 23 4 23 21 8 23 23 11 23
split_gain=2690.27 859.499 655.538 429.261 411.559 393.276 384.681 331.285 231.378 226.219 219.821 275.905 171.901 170.444
threshold=0.039463229477405555 0.58809003233909618 0.19792443513870242 0.13378148525953296 0.017405906692147258 0.13043972849845889 0.097221400588750853 0.19261901080608371 0.017405906692147258 -0.21679798513650891 0.39969968795776373 0.26067323982715612 0.38376626372337347 0.39372026920318609
decision_type=8 2 2 2 2 2 2 2 2 2 2 2 2 2
left_child=2 5 -1 4 9 8 7 12 -2 -4 11 -7 -3 -9
right_child=1 6 3 -5 -6 10 -8 13 -10 -11 -12 -13 -14 -15
leaf_value=-0.025286781323518515 0.01769527484546727 0.0049065581137042952 0.016055345538873739 -0.014782040868276568 -0.010850995927198469 -0.0028927000210292107 0.024514872954179836 -0.0023921042134189816 -0.00020310394081177513 -0.0088668498782273637 0.017444119397787811 -0.019465057046523689 0.017004667390852941 0.020012051872718907
leaf_weight=3619.6868551373482 1779.9255151748657 1949.7341606020927 1807.4989894032478 5179.3380722552538 2250.3689617663622 4720.4217725396156 2713.5640105754137 2949.017853692174 1749.1756141632795 584.11489319801331 466.12211662530899 1656.8199042379856 5592.7625284940004 474.02340067923069
leaf_count=22898 7687 8264 8234 27549 12007 22967 10882 12740 8509 2837 2102 8591 22770 1963
internal_value=-3.59756e-05 0.00697201 -0.012572 -0.00786503 -0.000132117 -0.000626727 0.0127302 0.00979421 0.00884855 0.00995691 -0.00551888 -0.00722196 0.0138879 0.000759683
internal_weight=37492.6 24051.6 13441 9821.32 4641.98 10372.5 13679.1 10965.5 3529.1 2391.61 6843.36 6377.24 7542.5 3423.04
internal_count=180000 106475 73525 50627 23078 49856 56619 45737 16196 11071 33660 31558 31034 14703
is_linear=0
shrinkage=0.035


Tree=27
num_leaves=15
num_cat=0
split_feature=17 10 24 7 24 23 22 4 21 20 23 23 24 23
split_gain=2527.4 850.798 620.897 485.971 430.27 503.622 381.926 369.869 345.064 316.93 307.649 290.992 374.123 273.337
threshold=0.038049036636948592 0.58809003233909618 0.030150655657052997 -0.15509165078401563 0.030258984304964546 0.12877434492111209 0.23155066370964053 0.097221400588750853 0.053489156067371375 -0.055912442505359643 0.39969968795776373 0.10932076349854471 0.027267058379948143 0.21982385218143466
decision_type=8 2 2 2 2 2 2 2 2 2 2 2 2 2
left_child=2 4 3 11 5 -2 10 9 -7 -3 -6 -1 -13 -11
right_child=1 7 -4 -5 6 8 -8 -9 -10 13 -12 12 -14 -15
leaf_value=0.024345604521825746 0.019735390858692838 -0.004483117366322671 -0.021345038308726815 -0.013022934881386354 -0.022941206569390953 0.0029836827703775596 -0.00088323311216068371 0.023637700774678479 -0.028789402065014326 0.014415606448045752 0.027088648146013021 0.024711423928795384 -0.012419394086729155 -0.0016875218135226971
leaf_weight=780.59214556217194 2130.5230303108692 1732.7186790704727 5845.9229701906443 3949.7962952852249 1919.9723983556032 2279.3129107803106 4369.5402676910162 2724.7981450259686 502.55655187368393 7878.4310176372528 155.01491528749466 458.88544434309006 1132.3480216264725 1541.6466481983662
leaf_count=3532 9258 7825 34338 21817 9895 11252 21165 10916 2605 32335 770 2089 5867 6336
internal_value=-3.58717e-05 0.00628152 -0.013132 -0.00551536 -0.000823053 0.0069719 -0.00676642 0.0120921 -0.00283882 0.00925263 -0.0190917 0.00698918 -0.00162403 0.0117812
internal_weight=37402.1 25234.5 12167.5 6321.62 11356.9 4912.39 6444.53 13877.6 2781.87 11152.8 2074.99 2371.83 1591.23 9420.08
internal_count=180000 112357 67643 33305 54945 23115 31830 57412 13857 46496 10665 11488 7956 38671
is_linear=0
shrinkage=0.035


Tree=28
num_leaves=15
num_cat=0
split_feature=11 20 23 11 10 23 23 24 20 23 23 5 4 24
split_gain=2405.36 813.448 527.391 500.984 431.02 423.769 324.502 442.808 377.704 301.313 356.073 287.941 274.326 254.731
threshold=0.28073388338088995 -0.055912442505359643 0.089377358555793776 0.39071348309516912 0.29223716259002691 0.39372026920318609 0.14419928938150409 0.030258984304964546 -0.032916955649852746 0.21982385218143466 0.34108707308769232 0.042561644688248641 0.097221400588750853 0.030956145375967029
decision_type=2 2 2 2 2 2 2 2 2 2 2 2 2 2
left_child=2 5 13 6 -4 11 7 -3 -8 -5 -11 -2 -6 -1
right_child=1 3 4 9 12 -7 8 -9 -10 10 -12 -13 -14 -15
leaf_value=0.0085446585819018567 -0.018378382116362234 0.018912336645975535 -0.027368935259416038 0.017724227203465334 -0.01381732945961865 0.01646286985016707 0.019253064658195065 -0.00069852491174512369 -0.0066309243845669961 -0.0079550638554309241 0.025299820420449148 0.011520313270694254 0.0063899116428215354 -0.018846921718000353
leaf_weight=1872.5716796964407 2650.7225007861853 2982.7956099361181 2820.6318560242653 8064.740014269948 6692.3985946178436 674.84343262016773 812.44120220839977 2666.3867675811052 4301.5483087301254 1300.1938905268908 554.38314072787762 456.28413537144661 932.2685548812151 523.96430410444736
leaf_count=9107 13571 12620 18912 32822 37055 3151 3620 12162 19960 5374 2211 1920 4407 3108
internal_value=-3.59087e-05 0.00640251 -0.0122969 0.00913137 -0.0156915 -0.00850602 0.00389636 0.00967123 -0.00248928 0.0148021 0.00206809 -0.0139647 -0.0113415 0.0025025
internal_weight=37306.2 24464.3 12841.8 20682.5 10445.3 3781.85 10763.2 5649.18 5113.99 9919.32 1854.58 3107.01 7624.67 2396.54
internal_count=180000 107411 72589 88769 60374 18642 48362 24782 23580 40407 7585 15491 41462 12215
is_linear=0
shrinkage=0.035


Tree=29
num_leaves=15
num_cat=0
split_feature=17 17 23 24 24 20 24 7 20 21 22 17 3 17
split_gain=2281 734.404 730.199 715.661 499.21 427.691 421.174 394.888 305.964 256.234 241.121 176.716 165.936 153.887
threshold=0.035929122939705856 0.07126259803771974 0.14419928938150409 0.030258984304964546 0.030096776783466343 0.090242039412260069 0.027031847275793556 -0.15509165078401563 -0.0058676498010754577 0.017405906692147258 0.16933333873748782 0.098623964935541167 -0.22845178097486493 0.022354741580784324
decision_type=8 8 2 2 2 2 2 2 2 2 2 8 2 10
left_child=4 2 3 9 7 6 -4 10 -5 -2 -1 -3 -6 -9
right_child=1 11 5 8 12 -7 -8 13 -10 -11 -12 -13 -14 -15
leaf_value=-0.024107113516868724 0.025272450385785475 0.012438128079676803 0.022083063627002304 -0.016531365050464628 -0.011021107603319931 0.034087773388430172 -0.0066787044783916056 -0.028075650323700435 0.0044998172968683109 0.009030703629766039 0.01145301228979973 0.026058597000432844 -0.025517157354329845 -0.0096387002595111244
leaf_weight=263.03548921644688 2905.7476823329926 4323.2484992146492 653.79141452908516 1101.8591870069504 1328.347420103848 344.76492939889431 10394.87139877677 705.02267436683178 3552.457822740078 2037.9452304691076 1622.1228322982788 1613.4073841124773 3791.7849904745817 2574.1736136376858
leaf_count=1470 12042 17640 2972 5412 7866 1382 49920 4445 16113 9188 7723 6511 23236 14080
internal_value=-3.59676e-05 0.00531939 0.00224237 0.00934973 -0.0140496 -0.00374794 -0.00495833 -0.0063529 -0.000503855 0.0186088 0.0063903 0.0161774 -0.0217852 -0.0136759
internal_weight=37212.6 26928.1 20991.4 9598.01 10284.5 11393.4 11048.7 5164.35 4654.32 4943.69 1885.16 5936.66 5120.13 3279.2
internal_count=180000 121180 97029 42755 58820 54274 52892 27718 21525 21230 9193 24151 31102 18525
is_linear=0
shrinkage=0.035


Tree=30
num_leaves=15
num_cat=0
split_feature=11 20 17 11 4 24 21 24 21 4 20 24 22 17
split_gain=2161.99 739.247 569.518 448.802 368.358 337.296 389.11 260.372 336.94 222.569 215.377 214.184 211.153 197.186
threshold=0.28073388338088995 -0.055912442505359643 0.028516206890344623 0.38376626372337347 0.010796416550874712 0.030096776783466343 0.039285084232687957 0.030258984304964546 0.053489156067371375 0.12970329076051715 -0.03768800571560859 0.03548539616167546 0.25059181451797491 0.098623964935541167
decision_type=2 2 8 2 2 2 2 2 2 2 2 2 2 8
left_child=2 4 -1 7 12 6 10 8 -3 -7 -4 -5 -2 -13
right_child=1 3 5 11 -6 9 -8 -9 -10 -11 -12 13 -14 -15
leaf_value=-0.022588870342567114 -0.016257881199050035 0.013718935107577377 -0.023070350889609591 0.015238181463466756 0.015495687255762653 -0.015240450787902394 -0.014808480250383962 -0.0021563271961014532 -0.00815673590135663 0.01053901403729765 0.012029246779423724 -0.01076344063118052 0.014120121499864188 0.030943143338864918
leaf_weight=4040.6804694533348 2799.1585679799318 3993.8041632771492 226.32150986790657 9600.4140427261591 653.53769852221012 4362.9363694489002 1257.7251101881266 5121.3747333735228 1092.0900527089834 445.74015280604362 2347.7262466400862 714.95877541601658 303.70327050983906 161.8401140421629
leaf_count=26063 14376 17613 1265 39172 2893 25084 6867 23383 5038 2019 11291 2940 1373 623
internal_value=-3.58897e-05 0.00604778 -0.0117567 0.00864158 -0.00821991 -0.00667086 0.00107673 0.0034132 0.0090148 -0.0128339 0.0088658 0.0137271 -0.0132487 -0.00280309
internal_weight=37122 24440.9 12681.1 20684.5 3756.4 8640.45 3831.77 10207.3 5085.89 4808.68 2574.05 10477.2 3102.86 876.799
internal_count=180000 107411 72589 88769 18642 46526 19423 46034 22651 27103 12556 42735 15749 3563
is_linear=0
shrinkage=0.035


Tree=31
num_leaves=15
num_cat=0
split_feature=17 10 24 7 4 23 23 24 11 24 23 22 20 23
split_gain=2056.78 639.342 569.864 436.023 323.637 307.518 275.449 356.805 262.933 256.004 294.72 276.105 236.929 217.635
threshold=0.039463229477405555 0.58809003233909618 0.030150655657052997 -0.15023548156023023 0.11122308298945428 0.089377358555793776 0.10932076349854471 0.027267058379948143 0.20983508229255679 0.030258984304964546 0.12877434492111209 0.21714888513088229 -0.084638353437185274 0.34108707308769232
decision_type=8 2 2 2 2 2 2 2 2 2 2 2 2 2
left_child=2 5 3 6 9 -2 -1 -8 -4 10 -3 -11 -7 -14
right_child=1 4 8 -5 -6 12 7 -9 -10 11 -12 -13 13 -15
leaf_value=0.022227513449895424 0.016148933663440425 0.024898651855959998 -0.029153939024059227 -0.011531557557745669 0.022636881538668094 -0.017835509718876558 0.022461692384642334 -0.011045446265772082 -0.013784092670239114 -0.0070127078083162741 0.0061230327436116779 0.0085707279598914513 -0.0023804259558716343 0.018331776635117526
leaf_weight=902.93512007594109 1184.4173932373524 2033.0181656181812 2046.0550692155957 4044.1790378242731 2401.7369870692492 1107.2950638532639 540.53628379106522 1319.4942872077227 4173.3164925202727 1875.9821015149355 2070.9370893239975 5328.2661248147488 7338.0470044612885 668.8839905411005
leaf_count=4042 5143 8152 14590 22697 9623 6408 2455 6867 22874 8124 8999 21721 35276 3029
internal_value=-3.60908e-05 0.0060389 -0.0112287 -0.00422136 0.0109863 -0.000551507 0.00648165 -0.00124002 -0.0188792 0.00849402 0.015462 0.00450871 -0.00273709 -0.000629459
internal_weight=37035.1 24008.6 13026.5 6807.14 13709.9 10298.6 2762.97 1860.03 6219.37 11308.2 4103.96 7204.25 9114.23 8006.93
internal_count=180000 106475 73525 36061 56619 49856 13364 9322 37464 46996 17151 29845 44713 38305
is_linear=0
shrinkage=0.035


Tree=32
num_leaves=15
num_cat=0
split_feature=17 10 24 24 23 22 22 21 10 23 4 24 17 20
split_gain=1939.49 712.927 419.174 413.108 487.262 403.887 390.525 386.79 340.31 278.802 268.078 256.623 237.563 213.281
threshold=0.035234324634075172 0.58809003233909618 0.026439630426466468 0.030258984304964546 0.12877434492111209 0.39701244235038763 0.23155066370964053 0.053489156067371375 1.1471349000930788 0.39969968795776373 0.077183194458484664 0.030258984304964546 0.028516206890344623 0.084703385829925551
decision_type=8 2 2 2 2 2 2 2 2 2 2 2 10 2
left_child=2 3 13 4 -2 12 9 -6 10 -5 11 -3 -4 -1
right_child=1 8 5 6 7 -7 -8 -9 -10 -11 -12 -13 -14 -15
leaf_value=0.02012498544014962 0.016981590018362733 0.012829326783784961 -0.026638554312966769 -0.02222290081094349 0.0024224207649274684 -0.0017909243956395636 -0.0012962878775940386 -0.028482502635676782 0.026248899537135488 0.024094685373816052 0.017726150732332531 0.0011960110725296067 -0.013475152389625596 -0.0281393361189466
leaf_weight=611.78689180314541 2611.7834438830614 3710.1054350435734 3264.1516492292285 2097.7944510579109 2724.3670942783356 1961.8271865770221 5051.9668893143535 596.19507400691509 1433.9320954531431 164.12018389999866 2858.6421546041965 6190.8103871643543 3535.1818386763334 127.68277153372765
leaf_count=2898 11410 15566 21091 11265 13578 11592 25132 3216 5760 813 11484 25897 19574 724
internal_value=-3.56233e-05 0.00468371 -0.0136566 -0.00115627 0.00570143 -0.0157929 -0.0067188 -0.00319531 0.0101309 -0.0187709 0.00830042 0.00556383 -0.0198243 0.011527
internal_weight=36940.3 27439.7 9500.63 13246.2 5932.35 8761.16 7313.88 3320.56 14193.5 2261.91 12759.6 9900.92 6799.33 739.47
internal_count=180000 124121 55879 65414 28204 52257 37210 16794 58707 12078 52947 41463 40665 3622
is_linear=0
shrinkage=0.035


Tree=33
num_leaves=15
num_cat=0
split_feature=11 20 23 23 23 20 21 10 23 11 6 8 18 22
split_gain=1846.1 642.079 453.811 424.453 627.349 547.581 493.868 378.724 369.164 343.506 311.116 236.081 210.985 227.082
threshold=0.28073388338088995 -0.055912442505359643 0.089377358555793776 0.21982385218143466 0.34108707308769232 -0.010904236696660517 -0.10443458333611487 0.29223716259002691 0.39372026920318609 0.36489637196064001 0.069950636476278319 -0.34877288341522211 0.21838472783565524 0.40473736822605139
decision_type=2 2 2 2 2 2 2 2 2 2 2 2 2 2
left_child=2 8 11 6 5 -5 -3 -4 10 -8 -2 -1 13 -9
right_child=1 3 7 4 -6 -7 9 12 -10 -11 -12 -13 -14 -15
leaf_value=0.021574727743835974 -0.01831336062828183 0.034500513529412823 -0.025600604497831761 0.014281378309829959 0.021017931358012477 -0.022908977770863096 0.0029248626599809695 -0.015196289078670832 0.015385511047736047 0.013156039659494837 0.010454604193043952 -0.0036733809369956382 0.0082596937832101792 0.00098559187176276773
leaf_weight=599.41535955667496 2483.1550107449293 956.14909717440605 2642.5428160727024 659.56799760460854 920.37953984737396 1764.7571749538183 7096.8273269087076 5437.6453119292855 677.80685365200043 9283.6102015823126 557.91678689420223 1767.0043337345123 684.17836877703667 1318.2241016328335
leaf_count=2926 13055 4060 18912 3084 3821 7560 32214 31149 3151 38030 2436 9289 3099 7214
internal_value=-3.58287e-05 0.00555944 -0.0109983 0.0079669 -0.0034402 -0.0127738 0.0101684 -0.014233 -0.00781426 0.00872787 -0.0130186 0.00278585 -0.0101665 -0.012042
internal_weight=36849.2 24400.2 12449 20681.3 3344.7 2424.33 17336.6 10082.6 3718.88 16380.4 3041.07 2366.42 7440.05 6755.87
internal_count=180000 107411 72589 88769 14465 10644 74304 60374 18642 70244 15491 12215 41462 38363
is_linear=0
shrinkage=0.035


Tree=34
num_leaves=15
num_cat=0
split_feature=17 17 24 19 22 22 24 21 8 23 21 1 21 17
split_gain=1758.46 598.986 528.721 475.231 438.96 390.026 538.058 404.646 314.712 272.894 258.613 229.614 214.042 121.688
threshold=0.042433535680174835 0.024753689765930179 0.026439630426466468 0.25492268800735479 0.39701244235038763 0.22323016822338107 0.027031847275793556 -0.11719527095556258 -0.39598220586776728 0.089377358555793776 0.073982916772365584 -0.045534931123256676 0.017405906692147258 0.098623964935541167
decision_type=8 10 2 2 2 2 2 2 2 2 2 2 2 8
left_child=1 -1 10 5 9 6 -2 -8 -7 -4 -3 -6 -10 -5
right_child=3 2 4 13 11 8 7 -9 12 -11 -12 -13 -14 -15
leaf_value=-0.024506679339929647 0.031292972512216036 0.026692881885233243 0.0054423162152045165 0.013236455473805728 0.018215002313536777 0.014828223839822271 0.0068406565114432381 -0.013085227777563612 0.0081470162253216172 -0.0135963110399353 -0.023952911234523099 -0.0037276006792893264 -0.0051243592800838652 0.027577709609818559
leaf_weight=2573.3626101687551 491.24196092784405 803.15465891361237 1032.6071248352528 4124.3497888594866 982.06982354819775 4345.1532029211521 1851.4383563250303 3791.2023603916168 3482.0471356660128 8261.799899302423 137.59192575514317 1414.3734003230929 2585.9821029156446 886.78480413556099
leaf_count=17646 2120 3552 4994 17278 5092 18153 8866 17938 14912 45521 718 7766 11858 3586
internal_value=-3.56057e-05 -0.00914693 -0.00600087 0.00639186 -0.00803623 0.00352752 -0.00347025 -0.0065467 0.00764893 -0.0114775 0.0191115 0.00530287 0.00249209 0.0158242
internal_weight=36763.2 15205 12631.6 21558.2 11690.9 16547.1 6133.88 5642.64 10413.2 9294.41 940.747 2396.44 6068.03 5011.13
internal_count=180000 85289 67643 94711 63373 73847 28924 26804 44923 50515 4270 12858 26770 20864
is_linear=0
shrinkage=0.035


Tree=35
num_leaves=15
num_cat=0
split_feature=17 11 24 21 24 5 24 5 7 20 24 3 24 10
split_gain=1670.69 685.447 467.476 492.214 366.095 338.326 331.991 306.177 267.92 226.346 213.967 172.504 169.424 121.422
threshold=0.033097689971327789 0.39071348309516912 0.030258984304964546 0.053489156067371375 0.027459150180220607 0.048187181353569038 0.030096776783466343 0.19423979520797732 -0.12260331958532332 -0.055912442505359643 0.027712903916835788 -0.29106999933719629 0.03548539616167546 0.28147238492965704
decision_type=8 2 2 2 2 2 2 2 2 2 2 2 2 2
left_child=6 2 3 4 -2 9 8 11 -1 -3 -5 -4 -11 -8
right_child=1 5 7 10 -6 -7 13 -9 -10 12 -12 -13 -14 -15
leaf_value=0.0020227465045586954 0.02995810872874179 -0.004978532864274755 0.0010757066700065813 -0.019535004091306887 0.0067692915009835708 0.019995455916929 -0.030681733341261595 0.011035933001637587 -0.016215636867478948 0.011245586681788043 0.0039069367408077664 -0.010858340633160912 -0.0084304046919980499 -0.017267116199537393
leaf_weight=1897.1384446844459 993.4535031914711 1636.587611541152 1923.5442138910294 1113.7525193542242 5003.9476752653718 3240.9577472358942 1306.3899563774467 1155.0831269323826 2041.4184239730239 6085.5526179522276 823.77973614633083 6454.5828097462654 580.59742124378681 2417.2043037414551
leaf_count=9811 4449 7783 9681 5766 23150 12954 10208 4870 12431 24771 3843 33250 2427 14606
internal_value=-3.49182e-05 0.00380494 -0.000569253 0.00570269 0.0106539 0.0104188 -0.0145601 -0.00579018 -0.00744763 0.00666104 -0.00959932 -0.00812037 0.00952182 -0.0220431
internal_weight=36674 29011.8 17468.1 7934.93 5997.4 11543.7 7662.15 9533.21 3938.56 8302.74 1937.53 8378.13 6666.15 3723.59
internal_count=180000 132944 85009 37208 27599 47935 47056 47801 22242 34981 9609 42931 27198 24814
is_linear=0
shrinkage=0.035


Tree=36
num_leaves=15
num_cat=0
split_feature=17 17 24 23 4 22 24 24 22 11 20 24 23 21
split_gain=1569.94 603.274 513.203 440.269 395.54 373.502 386.858 366.826 314.641 236.314 232.205 224.388 211.524 141.892
threshold=0.044748174026608474 0.024753689765930179 0.026439630426466468 0.089377358555793776 0.069474250078201308 0.22323016822338107 0.030956145375967029 0.030956145375967029 0.40473736822605139 0.35334150493144995 0.084703385829925551 0.027031847275793556 0.17762426286935809 -0.046499745920300477
decision_type=8 10 2 2 2 2 2 2 2 2 2 2 2 2
left_child=1 -1 10 7 5 6 11 -4 -5 -7 -3 -2 -8 -11
right_child=4 2 3 8 -6 9 12 -9 -10 13 -12 -13 -14 -15
leaf_value=-0.023681565776582026 0.030158974255974812 0.024981392100860065 0.017726968429235438 -0.012033376111868379 0.015535187933872251 0.00078105234985752941 0.0037302506802674822 -0.016345384812262342 0.004124117988671165 0.021525801390028455 -0.021308014207880085 0.0013491219290980372 -0.019801723846503267 0.0091147800333016248
leaf_weight=2504.4634504467249 369.20041292905807 903.34727382659912 1409.1758599430323 9665.314632050693 4693.1658739447594 3485.4244330823421 626.12867045402527 523.39739646017551 1737.1387162730098 1502.6780533194542 147.46449193358421 2623.4988274425268 1809.4086963236332 4586.0908210724592
leaf_count=17646 1595 3987 6343 53001 19574 16117 2642 2900 9460 5744 772 12622 8710 18887
internal_value=-3.5082e-05 -0.00786182 -0.00509319 -0.00695257 0.00667746 0.00389802 -0.00343223 0.00846254 -0.00957036 0.00805327 0.0183458 0.00499191 -0.0137616 0.012208
internal_weight=36585.9 16890.3 14385.8 13335 19695.6 15002.4 5428.24 1932.57 11402.5 9574.19 1050.81 2992.7 2435.54 6088.77
internal_count=180000 94109 76463 71704 85891 66317 25569 9243 62461 40748 4759 14217 11352 24631
is_linear=0
shrinkage=0.035


Tree=37
num_leaves=15
num_cat=0
split_feature=11 20 17 23 23 23 20 21 17 23 22 4 17 22
split_gain=1511.59 542.744 459.697 426.278 371.059 564.579 505.214 445.211 330.291 327.563 286.562 245.361 245.297 198.123
threshold=0.28073388338088995 -0.055912442505359643 0.022354741580784324 0.089377358555793776 0.21982385218143466 0.34108707308769232 -0.010904236696660517 -0.10443458333611487 0.048938903957605369 0.39372026920318609 0.40473736822605139 0.12970329076051715 0.06312428787350656 0.41451641917228704
decision_type=2 2 8 2 2 2 2 2 8 2 2 2 8 2
left_child=2 9 -1 -4 7 6 -6 -3 -9 12 11 -5 -2 -12
right_child=1 4 3 10 5 -7 -8 8 -10 -11 13 -13 -14 -15
leaf_value=-0.028033552666832554 -0.020659056790274955 0.032315227593908175 0.007016187720488171 -0.015876220764638002 0.013500233327087482 0.019632887790401059 -0.022262998149033864 0.0022957921303334715 0.012312887454942172 0.014394022882127499 0.043562399073345047 0.0098813733421152586 -0.00031486604488691739 -0.0015045980824403928
leaf_weight=1522.069964684546 1767.835039883852 960.2392563521862 2001.7806580662727 6427.6892170161009 660.68196520209312 923.99990640580654 1742.8687449097633 7221.7360482662916 9135.8596049696207 680.92030222713947 118.96051454544067 480.77855103462934 1227.6800658851862 1621.2060469612479
leaf_count=11358 10027 4060 9923 39358 3084 3821 7560 32708 37536 3151 569 2178 5464 9203
internal_value=-3.46542e-05 0.00500425 -0.0100987 -0.00751172 0.00721049 -0.00348538 -0.0124173 0.00926648 0.00789453 -0.00737107 -0.0108785 -0.014072 -0.01235 0.00180755
internal_weight=36494.3 24321.8 12172.5 10650.4 20645.4 3327.55 2403.55 17317.8 16357.6 3676.44 8648.63 6908.47 2995.52 1740.17
internal_count=180000 107411 72589 61231 88769 14465 10644 74304 70244 18642 51308 41536 15491 9772
is_linear=0
shrinkage=0.035


Tree=38
num_leaves=15
num_cat=0
split_feature=17 17 23 24 20 24 8 20 21 23 24 22 17 17
split_gain=1434.61 567.588 575.445 615.033 399.536 373.594 338.799 288.217 257.23 222.154 230.624 149.368 149.364 147.921
threshold=0.033097689971327789 0.07126259803771974 0.14419928938150409 0.030258984304964546 0.090242039412260069 0.027031847275793556 -0.34105347096920008 -0.0058676498010754577 0.017405906692147258 0.089377358555793776 0.026439630426466468 0.40030081570148474 0.11145790293812753 0.023598484694957737
decision_type=8 8 2 2 2 2 2 2 2 2 2 2 8 10
left_child=6 2 3 8 5 -4 9 -5 -2 -1 -11 -12 -3 -8
right_child=1 12 4 7 -6 -7 13 -9 -10 10 11 -13 -14 -15
leaf_value=0.017370678139239284 0.021150673818887272 0.010803470233145436 0.018410482511755959 -0.016822457545566456 0.030109912724810999 -0.006957818905421252 -0.027895663732342282 0.0027292870722241242 0.0059387622120047915 0.026514823097720415 -0.01672938963755977 0.0083730807912004903 0.026463048713019806 -0.014795600971668831
leaf_weight=495.13909704983234 3305.6016331017017 5041.1986107975245 750.28478761017323 1196.5240799859166 392.89876927435398 11097.829849906266 1593.9619536921382 3930.3185128569603 2328.4189234152436 199.6579115986824 1581.4116239473224 348.69325029850006 875.18690831959248 3269.8995915874839
leaf_count=2484 13765 20580 3465 6107 1578 54951 11974 18260 10667 906 9549 2120 3571 20023
internal_value=-3.42836e-05 0.00350209 0.00101314 0.00691422 -0.0041758 -0.00533719 -0.0136767 -0.00185765 0.0148856 -0.00352435 -0.00844062 -0.0121746 0.0131607 -0.0191371
internal_weight=36407 28918.3 23001.9 10760.9 12241 11848.1 7488.76 5126.84 5634.02 2624.9 2129.76 1930.1 5916.39 4863.86
internal_count=180000 132944 108793 48799 59994 58416 47056 24367 24432 15059 12575 11669 24151 31997
is_linear=0
shrinkage=0.035


Tree=39
num_leaves=15
num_cat=0
split_feature=11 20 17 23 23 23 20 21 23 17 6 4 24 23
split_gain=1361.14 493.191 423.694 384.283 334.634 527.748 473.983 409.827 307.33 298.184 266.532 206.143 180.051 151.59
threshold=0.28073388338088995 -0.055912442505359643 0.022354741580784324 0.089377358555793776 0.21982385218143466 0.34108707308769232 -0.010904236696660517 -0.073069930076599107 0.39372026920318609 0.048061514273285873 0.069950636476278319 0.086212251335382475 0.030956145375967029 0.16880477964878085
decision_type=2 2 8 2 2 2 2 2 2 8 2 2 2 2
left_child=2 8 -1 12 7 6 -6 13 10 -9 -2 -5 -4 -3
right_child=1 4 3 11 5 -7 -8 9 -10 -11 -12 -13 -14 -15
leaf_value=-0.027201285512658432 -0.016994140015830324 0.010774421292045873 0.01194805250553271 -0.012529664257367856 0.013008373996990154 0.018955050351485113 -0.021649610400388562 0.0010978653975382599 0.013931448648335882 0.010980303560711936 0.0097372406093423937 0.0035086438595412156 -0.013631823284512939 0.031384394979705008
leaf_weight=1469.8252337127924 2413.0415468886495 699.98698563873768 1588.0105117857456 7433.8417566046119 662.06167648732662 926.2234695404768 1727.1184537559748 6405.2058627456427 682.45616556704044 8987.4853177815676 556.15072181820869 1126.4582281112671 418.24750728160143 1223.6542330533266
leaf_count=11358 13055 3019 7428 45764 3084 3821 7560 29212 3151 37095 2436 5544 2495 4978
internal_value=-3.33359e-05 0.0047366 -0.00965263 -0.00718817 0.00683499 -0.00334376 -0.0120314 0.00878463 -0.0071055 0.00687141 -0.0119713 -0.0104175 0.00657422 0.0239792
internal_weight=36319.8 24283.4 12036.4 10566.6 20631.7 3315.4 2389.18 17316.3 3651.65 15392.7 2969.19 8560.3 2006.26 1923.64
internal_count=180000 107411 72589 61231 88769 14465 10644 74304 18642 66307 15491 51308 9923 7997
is_linear=0
shrinkage=0.035


Tree=40
num_leaves=15
num_cat=0
split_feature=17 11 23 24 8 23 24 24 5 21 24 24 21 23
split_gain=1291.14 491.129 424.998 450.982 364.909 312.53 304.741 274.124 272.816 214.585 410.087 182.244 172.42 170.248
threshold=0.035234324634075172 0.39801150560379034 0.14419928938150409 0.030258984304964546 -0.26493307948112482 0.13378148525953296 0.027267058379948143 0.030696987174451355 0.042561644688248641 0.070106856524944319 0.027459150180220607 0.031444896012544639 0.017405906692147258 0.2161265313625336
decision_type=8 2 2 2 2 2 2 2 2 2 2 2 2 2
left_child=4 2 3 -2 5 7 -7 12 13 10 -4 -5 -1 -3
right_child=1 8 9 11 -6 6 -8 -9 -10 -11 -12 -13 -14 -15
leaf_value=0.019287475055904734 0.013484989338683402 0.0094925864216689124 0.021775750937695772 -0.0094759371322690709 -0.019420716926675786 0.015249596898320389 -0.019254487121643158 -0.013779647851791635 0.018256799468028662 -0.021659302183734176 -0.0061933934326455142 0.0060961049859708715 -0.0031507392563642966 -0.0018349952668431247
leaf_weight=1111.9090900495648 4280.7957671135664 5240.4918047487736 698.67827202379704 2230.7319890707731 3981.2526067569852 360.89194706827402 2090.7128168791533 786.46906108409166 3138.594914034009 891.09601160883904 6851.8685690164566 1553.8846437707543 666.09491250663996 2349.9162148535252
leaf_count=5245 18625 21443 3240 10901 26775 1860 13063 5150 12587 4567 34797 7455 3786 10506
internal_value=-3.30965e-05 0.00376466 -2.55164e-05 0.00571635 -0.0115208 -0.00522448 -0.0141339 0.00331467 0.00959061 -0.00551175 -0.00357993 -0.00308317 0.0109108 0.00598788
internal_weight=36233.4 27236.1 16507.1 8065.41 8997.33 5016.08 2451.6 2564.47 10729 8441.64 7550.55 3784.62 1778 7590.41
internal_count=180000 124121 79585 36981 55879 29104 14923 14181 44536 42604 38037 18356 9031 31949
is_linear=0
shrinkage=0.035


Tree=41
num_leaves=15
num_cat=0
split_feature=17 11 24 22 8 4 3 24 20 22 22 24 24 7
split_gain=1219.62 514.882 340.787 310.498 307.999 269.75 230.08 217.399 206.731 162.662 155.282 181.464 146.679 119.831
threshold=0.033097689971327789 0.39071348309516912 0.030258984304964546 0.21714888513088229 -0.26493307948112482 0.046911273151636131 -0.29106999933719629 0.030150655657052997 -0.066556084901094423 0.16933333873748782 0.39701244235038763 0.026439630426466468 0.027267058379948143 -0.16494582593441007
decision_type=8 2 2 2 2 2 2 2 2 2 2 2 2 2
left_child=4 2 10 -4 7 8 -5 9 -3 -1 11 -2 -10 -11
right_child=1 5 3 6 -6 -7 -8 -9 12 13 -12 -13 -14 -15
leaf_value=-0.026499352341417152 0.020132331788618774 -0.0075920645335847267 -0.016750833283121637 0.0099736794963679321 -0.020575768549515556 0.018714193706756737 -0.0049776235553965669 -0.015884087615769399 0.025790467977141105 0.013121023091601127 0.013176693734711616 -0.00015846066783364407 0.0067588297605505419 -0.0036477468647739941
leaf_weight=231.14413768053055 590.57876674830914 1180.5987737178802 2152.9392835199833 1614.1996580287814 3354.4628284722567 2652.4316438436508 5628.0995562076569 1636.7675824090838 525.06623412668705 933.18557585030794 1987.8025607764721 5344.172205761075 7154.7661271691322 1161.7702235728502
leaf_count=1457 2580 5863 11971 7754 23408 10637 28076 10891 2264 4507 9035 25593 29171 6793
internal_value=-3.29277e-05 0.00320666 -0.00060764 -0.00511376 -0.012784 0.00893972 -0.00163605 -0.00615332 0.00599587 0.000732449 0.00473581 0.00189119 0.00809186 0.00384865
internal_weight=36148 28830.7 17317.8 9395.24 7317.33 11512.9 7242.3 3962.87 8860.43 2326.1 7922.55 5934.75 7679.83 2094.96
internal_count=180000 132944 85009 47801 47056 47935 35830 23648 37298 12757 37208 28173 31435 11300
is_linear=0
shrinkage=0.035


Tree=42
num_leaves=15
num_cat=0
split_feature=11 20 23 22 11 6 19 23 23 21 23 23 24 21
split_gain=1161.36 452.3 325.964 304.194 300.514 268.673 255.382 242.945 310.921 273.47 225.495 207.651 190.544 158.707
threshold=0.26112087070941931 -0.055912442505359643 0.39372026920318609 0.39701244235038763 0.36489637196064001 0.015948550775647167 0.22955163568258288 0.21982385218143466 0.34108707308769232 -0.046499745920300477 0.089377358555793776 0.089377358555793776 0.030956145375967029 0.017405906692147258
decision_type=2 2 2 2 2 2 2 2 2 2 2 2 2 2
left_child=3 2 5 6 10 -2 11 9 -9 -6 12 -1 -3 -5
right_child=1 4 -4 13 7 -7 -8 8 -10 -11 -12 -13 -14 -15
leaf_value=-0.0020228283805499617 -0.017739472948287361 0.020347202607802248 0.013949395702494939 0.010130723830916273 0.020213927730438792 0.0062490820888531978 0.0039465303453291491 -0.0097221014990473854 0.018772531944935115 0.0077377988004163198 -0.00087638985471505252 -0.019567100714342991 -0.0075478739617924704 -0.0072107562268477182
leaf_weight=987.41392584890127 2416.5555519461632 1192.0366974771023 713.9143428504467 1051.0553034096956 3168.9740851074457 742.6698349416256 825.50023993104696 1539.6571052372456 662.76753076910973 6739.1237588077784 8851.6824403256178 5137.371621273458 393.81023556739092 1644.6721576228738
leaf_count=5447 13511 4964 3336 5730 12662 3395 4188 6549 2635 27961 42097 35442 1913 10170
internal_value=-3.25778e-05 0.00376246 -0.00727354 -0.0104206 0.00566053 -0.0120983 -0.0142867 0.00940937 -0.00110122 0.0117445 0.00130594 -0.0167466 0.0134162 -0.000436917
internal_weight=36067.2 26421.2 3873.14 9646.01 22548.1 3159.23 6950.29 12110.5 2202.42 9908.1 10437.5 6124.79 1585.85 2695.73
internal_count=180000 119023 20242 60977 98781 16906 45077 49807 9184 40623 48974 40889 6877 15900
is_linear=0
shrinkage=0.035


Tree=43
num_leaves=15
num_cat=0
split_feature=11 4 20 10 24 22 23 21 10 23 23 22 4 22
split_gain=1088.57 423.403 406.207 341.112 277.798 256.757 251.324 193.333 189.402 215.354 179.008 165.274 180.272 158.029
threshold=0.28073388338088995 0.019133294932544235 -0.055912442505359643 0.28147238492965704 0.027031847275793556 0.22323016822338107 0.089377358555793776 -0.14243798702955243 0.95030483603477489 0.21982385218143466 0.39372026920318609 0.40364904701709753 0.15544287115335467 0.29388138651847845
decision_type=2 2 2 2 2 2 2 2 2 2 2 2 2 2
left_child=3 2 10 -1 -4 -6 -5 -3 9 -9 13 12 -8 -2
right_child=1 7 4 6 5 -7 11 8 -10 -11 -12 -13 -14 -15
leaf_value=-0.019883528067144628 -0.016589083050661639 0.040816632813540983 0.021165622023246358 0.0064185789800465598 -0.0071746052624684859 0.0049211599734481793 -0.012663167934127089 0.010274063219721687 0.021762227251773156 -0.006019948050194953 0.0074769958123252159 0.0015844442946746345 0.012801112130707976 0.023653006695941118
leaf_weight=2614.6613384783268 2363.3709368780255 244.03222876787186 1006.5353665053844 1731.8634396865964 2792.1608115285635 9229.2973236739635 5472.8666934147477 5377.1446402072906 1324.1554189026356 1211.3671916425228 542.64474269747734 1603.846565566957 355.27500428259373 117.33419258892536
leaf_count=20328 12933 1080 4443 8369 12813 39512 33506 22818 5350 5299 2538 8828 1558 625
internal_value=-3.20952e-05 0.00421378 0.000912201 -0.00875469 0.00359559 0.00210811 -0.00556115 0.0107018 0.00972267 0.00727365 -0.0106246 -0.00835764 -0.0110916 -0.0145984
internal_weight=35986.6 24208 16051.3 11778.5 13028 12021.5 9163.85 8156.7 7912.67 6588.51 3023.35 7431.99 5828.14 2480.71
internal_count=180000 107411 72864 72589 56768 52325 52261 34547 33467 28117 16096 43892 35064 13558
is_linear=0
shrinkage=0.035


Tree=44
num_leaves=15
num_cat=0
split_feature=17 3 17 10 23 24 22 24 21 23 21 21 24 21
split_gain=1081.53 491.164 350.368 333.472 294.464 278.962 278.192 342.682 272.644 271.603 242.623 217.012 181.337 289.411
threshold=0.044748174026608474 -0.22845178097486493 0.028516206890344623 1.1471349000930788 0.13378148525953296 0.030096776783466343 0.22323016822338107 0.030956145375967029 0.017405906692147258 0.20932535827159884 0.053489156067371375 0.053489156067371375 0.027267058379948143 0.083136986941099181
decision_type=8 2 10 2 2 2 2 2 2 2 2 2 2 2
left_child=1 4 -3 6 -1 10 7 11 -8 -10 -4 -2 13 -6
right_child=3 2 5 -5 12 -7 8 -9 9 -11 -12 -13 -14 -15
leaf_value=0.01158569868619326 0.0081943210760419358 -0.021029664660248627 0.0046024149569491319 0.021955241693213709 0.032251595012312138 -0.012964666941057624 0.011999782051605729 -0.010996581159211738 0.0040487352542135716 -0.022175760682394793 -0.018048338971457089 -0.022075085806350907 -0.0086783680130708123 -0.028960029823599787
leaf_weight=2270.8793777450919 3214.7701228111982 3016.2727129086852 2925.7861427590251 1393.7753119915724 325.88010948896408 4392.6629926562309 6759.1662161201239 2737.6226894110441 4631.2437700033188 530.1173879057169 711.71090172231197 309.2248922586441 2561.288552775979 122.90545202046633
leaf_count=12016 15151 21928 14085 5658 1517 25012 28097 12881 20281 2370 3901 1453 14899 751
internal_value=-3.10189e-05 -0.00668037 -0.0108746 0.00551548 0.00209692 -0.00703879 0.0042439 -0.00172787 0.00737957 0.00131757 0.000133248 0.00548328 -0.00507632 0.0152222
internal_weight=35903.3 16327.4 11046.4 19575.9 5280.95 8030.16 18182.1 6261.62 11920.5 5161.36 3637.5 3524 3010.07 448.786
internal_count=180000 94109 64926 85891 29183 42998 80233 29485 50748 22651 17986 16604 17167 2268
is_linear=0
shrinkage=0.035


Tree=45
num_leaves=15
num_cat=0
split_feature=17 17 23 20 21 20 3 20 17 22 23 4 11 21
split_gain=1017.1 474.429 444.203 340.574 436.169 327.512 245.821 242.233 170.2 152.861 119.708 119.145 88.3607 87.8615
threshold=0.031616216525435455 0.06312428787350656 0.14419928938150409 -0.03768800571560859 0.017405906692147258 0.090242039412260069 -0.27821326255798334 0.039021838456392295 0.098623964935541167 0.39701244235038763 0.089377358555793776 -0.031320363283157342 0.17739234119653705 -0.14243798702955243
decision_type=8 8 2 2 2 2 2 2 8 2 2 2 2 2
left_child=6 2 3 -2 -5 7 10 -4 11 12 -1 -3 -8 -13
right_child=1 8 5 4 -6 -7 9 -9 -10 -11 -12 13 -14 -15
leaf_value=0.022451661952483552 -0.021455024560741148 0.0014966379304988499 -0.0037694460855961101 0.014470076852807941 -0.00048521325566072649 0.0264306862005271 -0.028635951642393225 -0.017657669943128389 0.019865752635780609 -0.0054296076555254711 -0.0045835153797259042 0.034051429169930682 -0.016528882815961782 0.0097148525985037825
leaf_weight=237.20666991919279 549.69933760166168 2753.0744415521622 8727.0578157007694 4553.9191268905997 5011.4754008129239 380.35645253956318 1076.0728980749846 1860.1619486659765 1588.3673920184374 1141.551673874259 1055.0314662009478 182.24468323588371 2589.9998410344124 4122.0592702925205
leaf_count=1209 2853 11689 45381 19552 24554 1536 9135 9039 6511 7440 6680 793 16710 16918
internal_value=-3.14415e-05 0.00264079 -0.000191715 0.0050958 0.00664242 -0.00506844 -0.0130379 -0.00622395 0.0095401 -0.0166738 0.000513433 0.00719133 -0.0201508 0.0108218
internal_weight=35828.3 29728.4 21082.7 10115.1 9565.39 10967.6 6099.86 10587.2 8645.75 4807.62 1292.24 7057.38 3666.07 4304.3
internal_count=180000 138826 102915 46959 44106 55956 41174 54420 35911 33285 7889 29400 25845 17711
is_linear=0
shrinkage=0.035


Tree=46
num_leaves=15
num_cat=0
split_feature=17 3 17 4 23 22 20 21 23 21 20 20 21 21
split_gain=962.146 480.219 322.714 305.761 272.088 222.234 215.381 203.257 229.972 170.869 303.036 169.733 213.537 161.837
threshold=0.045547828078269965 -0.22845178097486493 0.028516206890344623 0.12970329076051715 0.13378148525953296 0.22323016822338107 0.090242039412260069 -0.049244273453950875 0.28368386626243597 -0.084689632058143602 -0.091513566672801958 -0.055912442505359643 0.017405906692147258 0.039876388385891921
decision_type=8 2 10 2 2 2 2 2 2 2 2 2 2 2
left_child=1 4 -3 5 13 9 -6 -7 -9 10 -2 -4 -13 -1
right_child=3 2 11 -5 6 7 -8 8 -10 -11 -12 12 -14 -15
leaf_value=0.017818613650534599 -0.010336957514661087 -0.020193967772407301 -0.021136226466054973 0.016836051023234003 -0.0064872848738792045 0.017254749700012589 0.0350052911796414 0.0054516833850799503 -0.026704667530870873 -0.0074130487423278582 0.013883752866028829 -0.00014578998378978229 -0.012181330051679181 -0.0016240668246413326
leaf_weight=1565.8407372534275 1015.4584723114967 2943.0128713473678 885.21400479972363 2469.3720819503069 2981.0291173607111 1821.7004401534796 151.65017845481634 8600.6276078075171 271.54867313802242 3125.8322492241859 1645.000265955925 4481.9819515794516 3014.6782327443361 783.70406881719828
leaf_count=7672 5531 21928 5871 10190 17225 7045 661 37232 1125 14575 7253 22308 16725 4659
internal_value=-3.0901e-05 -0.00612524 -0.0102387 0.00537479 0.00237522 0.00364828 -0.00437367 0.00663585 0.00443852 -0.00187509 0.00463497 -0.00672328 -0.0049955 0.011354
internal_weight=35756.7 16807.1 11324.9 18949.5 5482.22 16480.2 3132.68 10693.9 8872.18 5786.29 2660.46 8381.87 7496.66 2349.54
internal_count=180000 97049 66832 82951 30217 72761 17886 45402 38357 27359 12784 44904 39033 12331
is_linear=0
shrinkage=0.035


Tree=47
num_leaves=15
num_cat=0
split_feature=11 17 23 4 24 22 22 4 24 22 22 21 21 10
split_gain=914.942 418.144 371.316 337.436 291.1 418.901 265.554 241.609 234.241 232.197 231.964 200.038 156.271 116.06
threshold=0.32539032399654394 0.022354741580784324 0.089377358555793776 0.022006093524396423 0.027031847275793556 0.22323016822338107 0.40473736822605139 0.086212251335382475 0.030956145375967029 0.40473736822605139 0.41451641917228704 -0.11719527095556258 -0.049244273453950875 1.1471349000930788
decision_type=2 8 2 2 2 2 2 2 2 2 2 2 2 2
left_child=1 -1 8 4 -2 11 7 -4 9 -3 -8 -6 -7 -5
right_child=3 2 6 13 5 12 10 -9 -10 -11 -12 -13 -14 -15
leaf_value=-0.024333306690447087 0.02248626420661139 0.019330220314131289 -0.01120552612829588 0.010599256627874046 0.0027785040163439069 0.014978121996955987 0.043068657883773932 0.004704690265839361 -0.011987037022525345 -0.0073878816234712423 0.00076500199715493617 -0.013083397040208862 0.0029765814085175538 0.027746226261565726
leaf_weight=1379.5086859315634 792.97912457585335 1614.9885509312153 9118.5531449019909 5433.4532856196165 1446.6195609867573 1706.5021466016769 161.24983936548233 1335.3469043299556 588.3053438141942 521.91835157573223 2186.4616942107677 2951.7505797073245 5922.1300497949123 526.74652546644211
leaf_count=11604 3500 7022 54925 22522 7057 6567 735 6304 3383 2694 12049 14364 25117 2157
internal_value=-3.0716e-05 -0.00593548 -0.00428629 0.00528522 0.00208269 0.000719856 -0.0067833 -0.00917065 0.00742528 0.0128006 0.00384093 -0.00787197 0.00567738 0.0121586
internal_weight=35686.5 16906.3 15526.8 18780.2 12820 12027 12801.6 10453.9 2725.21 2136.91 2347.71 4398.37 7628.63 5960.2
internal_count=180000 98716 87112 81284 56605 53105 74013 61229 13099 9716 12784 21421 31684 24679
is_linear=0
shrinkage=0.035


Tree=48
num_leaves=15
num_cat=0
split_feature=17 19 1 3 24 24 22 21 22 24 10 11 21 22
split_gain=875.38 360.575 357.816 276.353 234.912 227.281 395.779 201.249 181.647 206.393 178.18 170.681 142.81 140.057
threshold=0.038049036636948592 0.25492268800735479 -0.083325371146202074 -0.29106999933719629 0.030096776783466343 0.027459150180220607 0.21714888513088229 0.053489156067371375 0.21714888513088229 0.028159140609204773 0.28147238492965704 0.42233034968376165 0.053489156067371375 0.34918159246444708
decision_type=8 2 2 2 2 2 2 2 2 2 2 2 2 2
left_child=2 3 5 8 12 7 -7 -1 9 -2 -4 -6 -5 -8
right_child=1 -3 10 4 11 6 13 -9 -10 -11 -12 -13 -14 -15
leaf_value=0.024614080938538761 0.014095807178521073 0.011835741916687917 -0.02328198937435896 0.0077951058167108215 -0.0082876413255467841 -0.023041387671439782 -0.0051826487102249689 -0.02253998131684324 0.012491063083614666 -0.0070893433102472217 -0.010053724144477034 0.001826735053759124 -0.0084750010036374335 0.011107662939316356
leaf_weight=637.31748031824827 850.62285380065441 5135.5976199507713 1697.6233770474792 3848.2719177007675 5735.8712649121881 983.17364101111889 1284.5435798168182 125.5888772085309 3680.9909541085362 1620.8365687280893 4765.4580179676414 3167.3488278090954 788.83784836530685 1282.8636591657996
leaf_count=3051 3978 21694 14385 17025 28946 6433 7223 777 15877 7894 28349 13194 3749 7425
internal_value=-2.96983e-05 0.00358582 -0.00835517 0.00142944 -0.00136602 -0.000544842 -0.00427811 0.0166604 0.00757394 0.000229548 -0.0135589 -0.00469141 0.00501505 0.00296869
internal_weight=35604.9 24828.4 10776.6 19692.8 13540.3 4313.49 3550.58 762.906 6152.45 2471.46 6463.08 8903.22 4637.11 2567.41
internal_count=180000 112357 67643 90663 62914 24909 21081 3828 27749 11872 42734 42140 20774 14648
is_linear=0
shrinkage=0.035


Tree=49
num_leaves=15
num_cat=0
split_feature=11 4 20 17 23 23 21 24 23 23 22 21 20 5
split_gain=833.321 360.224 371.995 295.248 263.116 443.57 341.497 240.972 250.492 220.336 166.57 145.668 136.843 119.812
threshold=0.26112087070941931 0.056763892993330962 -0.055912442505359643 0.022354741580784324 0.28368386626243597 0.34108707308769232 -0.10443458333611487 0.030096776783466343 0.12251868098974229 0.39372026920318609 0.29388138651847845 0.053489156067371375 0.084703385829925551 0.33237655460834509
decision_type=2 2 2 8 2 2 2 2 2 2 2 2 2 2
left_child=3 2 9 -1 6 -6 -4 8 12 10 -2 -10 -5 -9
right_child=1 -3 4 7 5 -7 -8 13 11 -11 -12 -13 -14 -15
leaf_value=-0.024674731018850603 -0.015724512128117998 0.01135280977854263 0.026978999428188877 0.010863176851452683 -0.024396479232666603 0.01154227477469323 0.0033925530934831877 -0.013454402802339987 -0.0035407127905821207 0.0091275002776592482 0.021915108184487449 -0.026107899901467588 -0.018046939002300519 0.016773946469474658
leaf_weight=1266.3783043622971 2630.1036445274949 5248.2524589449167 781.81889165192842 1902.9394591450691 1022.776144772768 701.96136300265789 15079.998464919627 4064.2754061371088 1200.8929317817092 628.8699002340436 143.81503409892321 487.06215962767601 214.97615497559309 158.99957412481308
leaf_count=11149 14821 22089 3357 9366 4805 2957 67251 27820 7348 2961 782 3354 1275 665
internal_value=-2.98015e-05 0.00316072 0.00110791 -0.00902912 0.00315844 -0.00978733 0.00457138 -0.00653382 -0.000142616 -0.00946797 -0.0137014 -0.0101679 0.00785767 -0.0122794
internal_weight=35533.1 26237.6 20989.3 9295.52 17586.6 1724.74 15861.8 8029.15 3805.87 3402.79 2773.92 1687.96 2117.92 4223.27
internal_count=180000 119023 96934 60977 78370 7762 70608 49828 21343 18564 15603 10702 10641 28485
is_linear=0
shrinkage=0.035


Tree=50
num_leaves=15
num_cat=0
split_feature=17 17 23 24 20 24 20 8 20 10 23 24 24 17
split_gain=801.812 386.404 399.957 477.001 299.568 298.074 288.149 230.616 168.137 137.667 137.463 197.706 137.769 105.276
threshold=0.031616216525435455 0.077233396470546736 0.14419928938150409 0.030258984304964546 0.090242039412260069 0.027031847275793556 -0.0058676498010754577 -0.35649098455905909 -0.03768800571560859 1.1471349000930788 0.10932076349854471 0.027031847275793556 0.030696987174451355 0.022354741580784324
decision_type=8 8 2 2 2 2 2 2 2 2 2 2 2 10
left_child=7 2 3 8 5 -4 -5 10 -2 -3 12 -12 -1 -9
right_child=1 9 4 6 -6 -7 -8 13 -10 -11 11 -13 -14 -15
leaf_value=0.023633551226794603 -0.019772441685783928 0.0083810706243388385 0.015917285300645605 -0.016548760586873941 0.02455499375016966 -0.0059171277787999658 0.0022313703432614426 -0.02553318475758555 0.012956908896128933 0.022949502445403547 0.025078982612232185 -0.013861555661260697 -0.012261644515792983 -0.012868632257439522
leaf_weight=403.53300401568413 189.9700869768858 3402.565990075469 808.59288930147886 1290.937508136034 439.26378734409809 11995.005946405232 4330.6913623213768 1125.8337298855186 6070.9029667973518 1036.9549581408501 178.53041446954012 1053.5520488247275 184.21434125304222 2949.6521134823561
leaf_count=2015 855 14029 3809 6768 1755 60640 20317 10081 26411 4242 877 6903 1251 20047
internal_value=-2.99873e-05 0.00232112 0.000637305 0.00529683 -0.00354442 -0.00452686 -0.00210298 -0.0118047 0.0119339 0.0118278 -0.00143318 -0.00806254 0.0123662 -0.0164211
internal_weight=35460.2 29564.9 25125.4 11882.5 13242.9 12803.6 5621.63 5895.32 6260.87 4439.52 1819.83 1232.08 587.747 4075.49
internal_count=180000 138826 120555 54351 66204 64449 27085 41174 27266 18271 11046 7780 3266 30128
is_linear=0
shrinkage=0.035


Tree=51
num_leaves=15
num_cat=0
split_feature=17 3 24 15 23 21 24 20 10 24 17 3 23 24
split_gain=763.04 428.357 279.515 263.507 235.481 220.403 221.72 190.331 187.808 159.511 151.073 149.174 141.153 124.412
threshold=0.045547828078269965 -0.22845178097486493 0.030096776783466343 22.089489936828617 0.14419928938150409 0.053489156067371375 0.027459150180220607 0.090242039412260069 1.1471349000930788 0.027031847275793556 0.028516206890344623 -0.34830075502395624 0.089377358555793776 0.030956145375967029
decision_type=8 2 2 2 2 2 2 2 2 2 10 2 2 2
left_child=1 4 5 11 -1 6 -3 9 12 -6 -4 -2 13 -5
right_child=3 2 10 8 7 -7 -8 -9 -10 -11 -12 -13 -14 -15
leaf_value=0.0099594270154956567 0.0072454387088267663 0.016871655642837734 -0.02467780747299891 0.025461000151827888 0.017159993523749376 -0.017861600893956255 -0.0037801733568575357 0.032136990667244757 0.023126675520005972 -0.0099358890845331806 -0.011490773067714509 -0.00236974500998422 0.0053904397907393641 -0.00092612695041291145
leaf_weight=2655.5837656706572 2837.6961381733418 775.8581774532795 1402.1183605790138 835.10025256872177 291.20523841679096 1034.565344043076 3348.1995436176658 152.92797551304102 1000.9301239401102 2324.6086715310812 4520.0043276250362 6451.833083152771 7459.4250978305936 294.46839773654938
leaf_count=14106 12429 3954 12245 3440 1492 6435 17958 661 4138 13958 26240 29508 32174 1262
internal_value=-2.94044e-05 -0.00552457 -0.00946687 0.00477504 0.00253131 -0.00350063 0.000136464 -0.00460342 0.00884153 -0.00686558 -0.0146493 0.000572062 0.00715184 0.0186344
internal_weight=35384.5 16505.1 11080.7 18879.5 5424.33 5158.62 4124.06 2768.74 9589.92 2615.81 5922.12 9289.53 8588.99 1129.57
internal_count=180000 97049 66832 82951 30217 28347 21912 16111 41014 15450 38485 41937 36876 4702
is_linear=0
shrinkage=0.035


Tree=52
num_leaves=15
num_cat=0
split_feature=11 10 5 24 22 21 21 23 21 24 22 22 19 22
split_gain=728.741 324.546 258.023 282.187 420.399 286.498 275.433 256.459 249.065 199.072 212.588 172.463 179.305 173.475
threshold=0.32539032399654394 0.28147238492965704 0.10937166959047319 0.027267058379948143 0.21714888513088229 -0.11719527095556258 -0.049244273453950875 0.089377358555793776 0.066371265798807158 0.030956145375967029 0.40473736822605139 0.40473736822605139 0.17116747051477435 0.41451641917228704
decision_type=2 2 2 2 2 2 2 2 2 2 2 2 2 2
left_child=1 -1 3 8 5 -5 -6 9 -2 10 -3 12 -9 -13
right_child=2 7 -4 4 6 -7 -8 11 -10 -11 -12 13 -14 -15
leaf_value=-0.017269830402372552 0.025365980651365781 0.018977650593297122 0.013423675230219791 0.0041210091918790267 0.016604127445487608 -0.013431819857400698 0.0023283182550070144 -0.0099835514517307399 -0.013087004636975428 -0.011595487818204325 -0.0076233171677382036 0.03921226511935786 0.001658539561999624 0.00070711688385825062
leaf_weight=2389.1904491335154 1078.5567756593227 1429.1720233932137 3395.5297258198261 1796.2645616680384 2166.8918059319258 3085.6000674515963 6931.6788006275892 7568.811579965055 247.97327433526516 546.03015340864658 488.25993055105209 144.46682478487492 2058.0427200868726 1993.599591165781
leaf_count=20328 4722 6003 13925 8629 8283 15245 29381 45376 1099 3115 2486 629 10106 10673
internal_value=-2.84245e-05 -0.0053602 0.00470931 0.0027687 0.00129888 -0.0069781 0.0057427 -0.00334964 0.0181337 0.00689975 0.0121995 -0.0054998 -0.00749555 0.0034793
internal_weight=35320.1 16617.6 18702.5 15307 13980.4 4881.86 9098.57 14228.4 1326.53 2463.46 1917.43 11764.9 9626.85 2138.07
internal_count=180000 98716 81284 67359 61538 23874 37664 78388 5821 11604 8489 66784 55482 11302
is_linear=0
shrinkage=0.035


Tree=53
num_leaves=15
num_cat=0
split_feature=17 17 23 24 24 21 21 24 22 8 10 4 23 24
split_gain=698.72 366.819 378.958 407.194 301.623 779.431 235.85 221.817 220.144 167.027 163.317 130.214 106.675 153.937
threshold=0.029324358329176906 0.06312428787350656 0.14419928938150409 0.030258984304964546 0.027459150180220607 0.053489156067371375 0.060504643246531493 0.031444896012544639 0.21714888513088229 -0.34877288341522211 1.1471349000930788 -0.02087359223514795 0.10932076349854471 0.027031847275793556
decision_type=8 8 2 2 2 2 2 2 2 2 2 2 2 2
left_child=9 2 3 6 5 -4 -2 -5 -6 12 11 -3 -1 -14
right_child=1 10 4 7 8 -7 -8 -9 -10 -11 -12 -13 13 -15
leaf_value=0.010847252777223286 0.01420924841901005 0.00047190767911572793 0.026625073216225346 -0.0093521226619140019 -0.012359663902074509 -0.027036109653250508 -0.0021087116700061292 0.0056626951102248108 -0.0019147418004263788 -0.017669093474655985 0.019723290500693397 0.0099044616922602281 0.024257863193696199 -0.016309032558409792
leaf_weight=455.61341383308172 4510.1251333206892 3077.4187150746584 1028.3506233245134 2961.7144145667553 5029.7757824137807 477.82604973018169 1424.639939904213 2019.0338896363974 4859.9203032776713 3030.2758917063475 1229.2016329914331 4288.378267660737 126.90969058126211 715.9487950950861
leaf_count=2628 19372 13134 4750 15248 28238 2693 7089 10094 24254 24050 5056 17721 632 5041
internal_value=-2.75918e-05 0.00181827 -0.000549116 0.00410967 -0.00501122 0.00953533 0.0102952 -0.00326645 -0.00723402 -0.0131805 0.00795715 0.00596954 -0.00265024 -0.00998804
internal_weight=35235.1 30906.4 22311.4 10915.5 11395.9 1506.18 5934.77 4980.75 9889.7 4328.75 8595 7365.8 1298.47 842.858
internal_count=180000 147649 111738 51803 59935 7443 26461 25342 52492 32351 35911 30855 8301 5673
is_linear=0
shrinkage=0.035


Tree=54
num_leaves=15
num_cat=0
split_feature=11 3 2 24 23 22 22 24 21 19 4 23 8 21
split_gain=667.58 319.617 317.807 240.461 263.819 216.525 210.683 314.411 258.9 183.624 175.94 152.65 153.658 147.279
threshold=0.25148159265518194 -0.29106999933719629 0.30002669990062719 0.030258984304964546 0.11517768353223802 0.39701244235038763 0.21714888513088229 0.027267058379948143 -0.14243798702955243 0.22955163568258288 0.022006093524396423 0.089377358555793776 -0.233270488679409 -0.046499745920300477
decision_type=2 2 2 2 2 2 2 2 2 2 2 2 2 2
left_child=5 6 3 4 -3 9 7 -2 -9 11 -5 12 -1 -8
right_child=1 2 -4 10 -6 -7 13 8 -10 -11 -12 -13 -14 -15
leaf_value=0.01179532103861475 0.022941508785071719 0.014036867729197683 0.0080238770517293192 -0.0089261326102886493 -0.0019424045354525868 3.7176995249802491e-05 0.025808643044338008 0.021825554884835213 -0.0087372554202083796 0.0041222477589573326 0.0024860547848214367 -0.017747487909138899 -0.017374468240566869 0.010184852160488705
leaf_weight=472.39752819389105 664.63017156720161 1843.721491612494 4769.1615331098437 6536.0450104400516 3983.8112527132034 2360.1310736760497 928.60634289681911 393.31159156560898 2143.6712758243084 703.07807698100805 2209.7897309884429 4108.5278303101659 398.69701762497425 3636.257173627615
leaf_count=2489 2941 7597 20301 32367 19313 14558 3697 2018 10657 3697 9896 31860 2567 16042
internal_value=-2.71822e-05 0.00260043 0.000191081 -0.00237596 0.00312852 -0.00887598 0.00859298 0.00170081 -0.00393198 -0.0125713 -0.0060431 -0.0149319 -0.00160126 0.0134126
internal_weight=35151.8 27109 19342.5 14573.4 5827.53 8042.83 7766.48 3201.61 2536.98 5682.7 8745.83 4979.62 871.095 4564.86
internal_count=180000 124829 89474 69173 26910 55171 35355 15616 12675 40613 42263 36916 5056 19739
is_linear=0
shrinkage=0.035


Tree=55
num_leaves=15
num_cat=0
split_feature=17 1 20 19 20 21 23 17 23 10 10 6 21 24
split_gain=640.358 310.272 307.165 270.48 223.523 244.394 245.979 184.304 167.903 97.9516 92.5009 95.8746 74.3671 153.039
threshold=0.038049036636948592 -0.030800504609942433 -0.055912442505359643 0.25492268800735479 -0.084638353437185274 -0.14243798702955243 0.28368386626243597 0.022354741580784324 0.10932076349854471 1.2975878715515139 0.28147238492965704 0.24015785008668902 0.039876388385891921 0.027459150180220607
decision_type=8 2 2 2 2 2 2 10 2 2 2 2 2 2
left_child=1 2 -1 4 -2 -6 -7 -4 -9 -5 11 -3 13 -12
right_child=3 10 7 9 5 6 -8 8 -10 -11 12 -13 -14 -15
leaf_value=-0.026279122970105415 -0.010951575459205347 -0.024480472518770054 -0.016991750080702948 0.0086741430847369089 0.027504169199569641 0.0031214667418928612 -0.010172562629465965 0.013218037910917609 -0.0012497402616106466 0.025735274070190092 0.019525819182112564 0.033438547297369767 -0.017927382489091679 -0.010392582602262298
leaf_weight=563.79718369245529 1690.825055450201 1106.5815217420459 626.6260989010334 4661.7686379700899 450.17952796071768 15496.342774771154 1905.8118529170752 1392.0020086839795 3280.0835889726877 446.42163532972336 225.27641705423594 27.780727319419384 1264.6293148472905 1946.3765332922339
leaf_count=4601 10001 10202 5341 19835 2035 70179 8448 7258 18912 1859 1146 247 8299 11637
internal_value=-2.62818e-05 -0.00729052 -0.00195424 0.00304986 0.00117341 0.00232728 0.00166055 0.000678616 0.00307982 0.0102125 -0.0141159 -0.0227822 -0.0111972 -0.00721372
internal_weight=35084.5 10433.2 5862.51 24651.3 19543.2 17852.3 17402.2 5298.71 4672.09 5108.19 4570.64 1134.36 3436.28 2171.65
internal_count=180000 67643 36112 112357 90663 80662 78627 31511 26170 21694 31531 10449 21082 12783
is_linear=0
shrinkage=0.035


Tree=56
num_leaves=15
num_cat=0
split_feature=11 17 23 23 21 22 24 21 23 20 21 17 20 22
split_gain=609.868 305.465 264.924 228.867 271.333 268.428 349.285 270.384 227.937 241.056 402.671 221.648 207.811 199.901
threshold=0.32539032399654394 0.022354741580784324 0.089377358555793776 0.2161265313625336 -0.10443458333611487 0.1998756751418114 0.027267058379948143 -0.046499745920300477 0.34108707308769232 -0.010904236696660517 -0.053123654797673218 0.098623964935541167 -0.084638353437185274 0.40473736822605139
decision_type=2 8 2 2 2 2 2 2 2 2 2 8 2 2
left_child=1 -1 -3 4 -2 6 -6 -7 9 10 -5 -11 -10 -4
right_child=3 2 13 8 5 7 -8 -9 12 11 -12 -13 -14 -15
leaf_value=-0.021634349002176024 0.025960886882393924 0.0063276634383198239 -0.0078632482483157479 -0.014730609069942047 0.020935906057083106 0.01836271137986405 -0.012136618017268608 0.0047836714583641155 -0.0076608054460830096 -0.024005392931300464 0.024939270832885385 0.018894126257193306 0.015467540289857078 0.0034765950623366023
leaf_weight=1232.3437524735928 820.10338938236237 2708.3597889319062 10120.609715111554 734.05827314406633 483.25223137438297 2271.4960365220904 1886.4947434216738 8507.3527144938707 768.09034077078104 1242.7473402172327 531.68504066765308 159.74186445772648 1220.6500463038683 2339.0165284350514
leaf_count=11604 3444 13099 61229 3968 2172 9084 8851 35944 4235 5550 2449 610 4977 12784
internal_value=-2.60661e-05 -0.00494624 -0.00357703 0.00430658 0.00654557 0.00531579 -0.00533265 0.00765964 -0.00240894 -0.00907941 0.00199789 -0.01902 0.00654128 -0.00573337
internal_weight=35026 16400.3 15168 18625.7 13968.7 13148.6 2369.75 10778.8 4656.97 2668.23 1265.74 1402.49 1988.74 12459.6
internal_count=180000 98716 87112 81284 59495 56051 11023 45028 21789 12577 6417 6160 9212 74013
is_linear=0
shrinkage=0.035


Tree=57
num_leaves=15
num_cat=0
split_feature=17 11 23 24 21 24 24 21 4 24 24 22 21 7
split_gain=587.389 342.734 314.19 323.773 229.09 409.467 197.436 173.582 163.342 139.692 129.955 158.171 90.0503 88.4823
threshold=0.028516206890344623 0.39071348309516912 0.14419928938150409 0.030258984304964546 0.070106856524944319 0.027459150180220607 0.031444896012544639 0.017405906692147258 0.038487276062369354 0.030150655657052997 0.027267058379948143 0.22323016822338107 0.066371265798807158 -0.12260331958532332
decision_type=8 2 2 2 2 2 2 2 2 2 2 2 2 2
left_child=9 2 3 7 5 -4 -5 -2 10 13 12 -12 -3 -1
right_child=1 8 4 6 -6 -7 -8 -9 -10 -11 11 -13 -14 -15
leaf_value=0.00081801323208212373 0.014092921782099621 0.028257864316140715 0.017696446393976412 -0.010069936652452682 -0.021324692879065438 -0.0066260033548015806 0.0048041970467961733 0.0016618814703997439 0.013509732248017905 -0.020704510948124512 -0.0036828079795231247 0.0064650638352890012 -0.0072050350555096987 -0.013589926749544587
leaf_weight=953.96937050670385 3140.0953540056944 404.61873343586922 944.76564656943083 2643.7174802422523 1029.820376560092 7585.3162349611521 1851.0531100854278 2448.6137314885855 2895.1554574370384 1649.0167082026601 2926.056017011404 5234.743664726615 106.76770992577076 1140.6214644834399
leaf_count=5653 13505 1830 4588 14277 5810 42157 9561 11833 11825 14966 13619 21126 459 8791
internal_value=-2.53514e-05 0.0015474 -0.00126728 0.00304138 -0.00581035 -0.00391456 -0.00394735 0.00865913 0.0063242 -0.0131067 0.00391256 0.00282649 0.0208577 -0.00705521
internal_weight=34954.3 31210.7 19643.4 10083.5 9559.9 8530.08 4494.77 5588.71 11567.3 3743.61 8672.19 8160.8 511.386 2094.59
internal_count=180000 150590 101731 49176 52555 46745 23838 25338 48859 29410 37034 34745 2289 14444
is_linear=0
shrinkage=0.035


Tree=58
num_leaves=15
num_cat=0
split_feature=17 3 4 24 23 24 22 23 21 21 24 23 24 11
split_gain=567.36 360.425 222.971 213.46 199.788 180.676 269.517 177.408 246.32 173.314 168.633 158.924 137.711 123.734
threshold=0.044748174026608474 -0.21618927270174024 0.12970329076051715 0.030096776783466343 0.13378148525953296 0.030956145375967029 0.21714888513088229 0.089377358555793776 -0.049244273453950875 0.053489156067371375 0.027459150180220607 0.17762426286935809 0.031444896012544639 0.20983508229255679
decision_type=8 2 2 2 2 2 2 2 2 2 2 2 2 2
left_child=1 4 5 9 -1 7 11 -2 -9 10 -3 -7 -8 -6
right_child=2 3 -4 -5 13 6 12 8 -10 -11 -12 -13 -14 -15
leaf_value=0.0098315982235435122 0.017750616864275631 0.015079377511264841 0.013781064479243045 -0.013720774952247237 -0.022628300374054375 0.0044948094519626069 -0.0061814092396443102 0.011034796644836203 -0.0018402294423844156 -0.016864692750118721 -0.0037106805927141755 -0.017246194527367871 0.0057673262237903063 -0.0010511497718329592
leaf_weight=2384.1389533132315 1332.7089376151562 709.91942967474461 2465.6088009178638 5330.5547869130969 360.93010433018208 546.63620099425316 1598.2608817666769 3276.3287759721279 4075.0450876951218 944.46614201366901 3114.0606268122792 1617.6885417997837 4450.350409977138 2671.5999641567469
leaf_count=12795 5514 3666 10310 36305 3127 2394 7063 14866 17888 6103 17004 8451 19405 15109
internal_value=-2.50327e-05 -0.00501002 0.00397006 -0.00891382 0.00227136 0.00253114 -0.00119014 0.00604784 0.00390505 -0.00352274 -0.000192086 -0.0117597 0.00260505 -0.00368518
internal_weight=34878.3 15515.7 19362.6 10099 5416.67 16897 8212.94 8684.08 7351.37 4768.45 3823.98 2164.32 6048.61 3032.53
internal_count=180000 94109 85891 63078 31031 75581 37313 38268 32754 26773 20670 10845 26468 18236
is_linear=0
shrinkage=0.035


Tree=59
num_leaves=15
num_cat=0
split_feature=17 19 3 1 20 24 23 22 24 3 17 23 3 10
split_gain=539.058 265.318 263.656 224.797 217.064 175.632 236.592 145.504 169.302 144.716 143.556 116.363 97.6985 108.086
threshold=0.034523658454418189 0.25492268800735479 -0.31830923259258265 -0.030800504609942433 -0.055912442505359643 0.030096776783466343 0.12877434492111209 0.21714888513088229 0.027031847275793556 0.56573882699012767 0.020847779698669914 0.10932076349854471 -0.22845178097486493 1.2975878715515139
decision_type=8 2 2 2 2 2 2 2 2 2 10 2 2 2
left_child=3 2 7 4 -1 6 -4 8 -2 -7 -6 -12 -3 -14
right_child=1 12 5 -5 10 9 -8 -9 -10 -11 11 -13 13 -15
leaf_value=-0.028136542488424211 0.026647463136983515 0.018889147943393917 0.010322418431308933 -0.015156691450827351 -0.019367482085251009 -0.0063004817347534084 -0.0037593518965542893 0.011259833716352847 -0.0031037213660846425 0.0052102121770802468 0.010883115410779501 -0.00264009047295128 0.005119048429938159 0.024668253353670903
leaf_weight=373.8368089273572 252.98575809597969 1051.1835792437196 2836.4654532149434 3277.5913215354085 432.12228833884001 8611.4788644611835 2996.1171797439456 3620.6577637642622 2138.8152547627687 1575.9189901649952 1148.5430922210217 2373.7802948728204 3754.6196462661028 373.09564177691936
leaf_count=3346 1147 4411 12046 24691 3936 43323 14789 15875 10674 7020 6269 14696 16206 1571
internal_value=-2.4866e-05 0.00227801 0.000600843 -0.00825598 -0.00300752 -0.00174518 0.00309475 0.00684424 0.000140969 -0.00451649 -0.000566948 0.00178782 0.00939822 0.00694141
internal_weight=34817.2 27211.3 22032.4 7605.87 4328.28 16020 5832.58 6012.46 2391.8 10187.4 3954.45 3522.32 5178.9 4127.72
internal_count=180000 127062 104874 52938 28247 77178 26835 27696 11821 50343 24901 20965 22188 17777
is_linear=0
shrinkage=0.035


Tree=60
num_leaves=15
num_cat=0
split_feature=11 3 2 24 24 4 22 24 21 21 21 21 6 21
split_gain=517.405 288.754 278.011 188.91 170.3 169.449 167.92 342.406 225.656 200.167 167.899 161.161 132.501 128.659
threshold=0.23645348101854327 -0.22845178097486493 0.49897749722003942 0.030096776783466343 0.030258984304964546 0.022006093524396423 0.22323016822338107 0.027267058379948143 -0.14243798702955243 -0.046499745920300477 0.053489156067371375 0.039285084232687957 0.24015785008668902 0.083136986941099181
decision_type=2 2 2 2 2 2 2 2 2 2 2 2 2 2
left_child=3 6 4 11 10 -6 7 13 -9 -8 -3 -1 -5 -2
right_child=1 2 -4 12 5 -7 9 8 -10 -11 -12 -13 -14 -15
leaf_value=0.0023089737805244864 0.025435494747998277 0.0046785961251330369 0.0092638261617109131 -0.017234982153244618 -0.0084310514071569559 0.0023102616618412113 0.023203278326634307 0.017554814203000372 -0.0071392519924305996 0.0072405342860848987 -0.01024883682380435 -0.014966249468106596 0.0071106883440187679 -0.018081791142760657
leaf_weight=2188.0207230001688 787.16805788874626 5061.0897667557001 2907.5824259072542 2927.3815771043301 6697.9403788894415 2453.5041478723288 1214.0212403163314 524.9891407340765 2967.291113987565 4588.8046854883432 1118.6777984574437 936.91963656246662 296.60257329791784 85.806756667792797
leaf_count=13264 3512 23148 12347 24740 33861 11175 4936 2750 15017 20843 5519 6859 1599 430
internal_value=-2.41858e-05 0.00199534 -0.000639918 -0.00904905 -0.00252299 -0.00555192 0.00671827 0.00152677 -0.00338751 0.0106143 0.0019642 -0.0029017 -0.0149801 0.0210017
internal_weight=34755.8 28406.9 18238.8 6348.92 15331.2 9151.44 10168.1 4365.26 3492.28 5802.83 6179.77 3124.94 3223.98 872.975
internal_count=180000 133538 86050 46462 73703 45036 47488 21709 17767 25779 28667 20123 26339 3942
is_linear=0
shrinkage=0.035


Tree=61
num_leaves=15
num_cat=0
split_feature=17 11 23 20 24 21 20 24 10 8 4 24 3 24
split_gain=501.282 296.883 312.451 326.842 283.293 237.471 418.586 320.645 134.869 132.896 90.481 99.5112 88.4021 74.2709
threshold=0.028516206890344623 0.41381794214248663 0.14419928938150409 -0.025503730401396748 0.030696987174451355 0.022596485912799839 -0.032916955649852746 0.027459150180220607 1.2975878715515139 -0.37976269423961634 0.038487276062369354 0.027267058379948143 0.66682943701744091 0.030150655657052997
decision_type=8 2 2 2 2 2 2 2 2 2 2 2 2 2
left_child=9 2 3 -2 -5 7 -7 -4 10 -1 11 -3 13 -11
right_child=1 8 5 4 -6 6 -8 -9 -10 12 -12 -13 -14 -15
leaf_value=8.6838865843725952e-05 -0.015317186785104117 0.02070378553795553 0.019927646280529846 0.01027412796098023 -0.0018054710966540894 0.031204329517207505 -0.020118025632291765 -0.004509317895312683 0.021470881679006338 -0.011251352349482385 0.011642962653117386 0.0023432013900094428 0.037127708332624347 -0.022841390178086181
leaf_weight=825.14168512821198 1033.1384856104851 373.62595763802528 709.32220660895109 5755.3187694326043 4043.8618747219443 206.34913563728333 2024.4046864062548 7688.7092045545578 678.98186065256596 1532.554306216538 2135.9654815047979 6394.3848887979984 28.987612843513489 1263.6381170749664
leaf_count=5425 5288 1691 3333 26186 20990 941 11233 42321 2827 11266 8702 27078 238 12481
internal_value=-2.36825e-05 0.00142028 -0.000867313 0.00331447 0.00529244 -0.00512828 -0.0152525 -0.00242405 0.00653893 -0.0122742 0.00537747 0.00338584 -0.015872 -0.0165518
internal_weight=34694.4 31044.1 21461.1 10832.3 9799.18 10628.8 2230.75 8398.03 9582.96 3650.32 8903.98 6768.01 2825.18 2796.19
internal_count=180000 150590 110292 52464 47176 57828 12174 45654 40298 29410 37471 28769 23985 23747
is_linear=0
shrinkage=0.035


Tree=62
num_leaves=15
num_cat=0
split_feature=17 3 17 20 21 24 24 10 24 21 14 22 24 20
split_gain=479.486 362.92 204.606 175.626 220.49 267.741 178.415 168.466 160.336 178.599 124.392 120.68 88.0754 88.5561
threshold=0.049857644364237792 -0.22845178097486493 0.028516206890344623 -0.055912442505359643 0.053489156067371375 0.028159140609204773 0.027712903916835788 1.1471349000930788 0.030258984304964546 0.053489156067371375 0.37368440628051763 0.21714888513088229 0.036809016019105918 -0.02400617208331823
decision_type=8 2 10 2 2 2 2 2 2 2 2 2 2 2
left_child=1 3 -3 -1 5 -5 -6 10 9 -4 -2 -10 13 -12
right_child=7 2 8 4 6 -7 -8 -9 11 -11 12 -13 -14 -15
leaf_value=-0.016362201366218378 -0.003041816164153447 -0.016003682007996282 0.0030684467174517389 0.023057734540438725 -0.02236468949825297 0.0034987022919527699 0.0028879038592638652 0.016405157918562435 -0.01983798166045049 -0.013740170428921696 0.0011739641820474865 -0.006501547678934504 -0.010260429484401883 0.0078727413207097269
leaf_weight=513.2950422167778 2912.864878937602 2558.4183036759496 3851.6659669131041 1155.4402030333877 559.34792393445969 3261.2438806369901 856.16706196963787 1326.345562979579 1029.2770367637277 958.61012739688158 3606.9563622325659 4260.2041096910834 433.40464662015438 7345.2739424556494
leaf_count=3659 12818 21928 18469 5668 3488 17248 5102 5548 6994 5397 16847 23796 1859 31179
internal_value=-2.26757e-05 -0.00375627 -0.00717892 0.00307189 0.00480737 0.00865603 -0.00717767 0.00451779 -0.00492986 -0.000302794 0.00340441 -0.00912921 0.00505481 0.00566968
internal_weight=34628.5 19003.7 12658.2 6345.49 5832.2 4416.68 1415.51 15624.8 10099.8 4810.28 14298.5 5289.48 11385.6 10952.2
internal_count=180000 111749 76584 35165 31506 22916 8590 68251 54656 23866 62703 30790 49885 48026
is_linear=0
shrinkage=0.035


Tree=63
num_leaves=15
num_cat=0
split_feature=17 1 23 24 24 15 22 21 3 10 3 21 8 10
split_gain=451.138 269.706 222.142 271.385 222.154 220.306 215.721 204.094 151.545 144.266 110.678 111.024 94.9972 89.6452
threshold=0.039463229477405555 -0.030800504609942433 0.10932076349854471 0.027459150180220607 0.030696987174451355 22.089489936828617 0.21714888513088229 0.053489156067371375 -0.31830923259258265 1.1471349000930788 -0.27821326255798334 0.017405906692147258 -0.21679798513650891 0.28147238492965704
decision_type=8 2 2 2 2 2 2 2 2 2 2 2 2 2
left_child=1 2 4 7 12 8 -5 -4 -2 10 -7 -12 -1 -3
right_child=5 13 3 6 -6 9 -8 -9 -10 -11 11 -13 -14 -15
leaf_value=0.021260441647493598 0.0051605368535567941 -0.020921272935195308 0.019890468777759299 -0.02051670054813632 -0.010096667260013254 0.012156015895205603 -0.0028957857195550762 -0.024520369217046711 -0.0031208311897318632 0.019081172869446286 0.006190586620545389 -0.0025292001905036425 -0.0057510267890311748 -0.0094118536564956456
leaf_weight=1075.4835723936558 3982.4528794884682 1065.695235311985 729.2028714120388 1320.1476289927959 498.78183673322201 2123.7912404835224 2374.2823615893722 144.11710220575333 8397.0711519420147 983.76904588937759 5136.6068866550922 2734.6385549381375 182.60258083045483 3819.1352344453335
leaf_count=5207 18099 10574 3641 9494 3475 9265 15206 1055 40081 4170 22664 12196 1131 23742
internal_value=-2.30177e-05 -0.00579186 -0.00101621 -0.0050834 0.00952714 0.00274669 -0.00923073 0.0123671 -0.000454727 0.00635369 0.00508316 0.00316178 0.0173255 -0.0119604
internal_weight=34567.8 11209.4 6324.62 4567.75 1756.87 23358.3 3694.43 873.32 12379.5 10978.8 9995.04 7871.25 1258.09 4884.83
internal_count=180000 73525 39209 29396 9813 106475 24700 4696 58180 48295 44125 34860 6338 34316
is_linear=0
shrinkage=0.035


Tree=64
num_leaves=15
num_cat=0
split_feature=17 4 20 21 24 20 21 20 24 16 6 1 21 10
split_gain=432.05 272.556 233.895 323.668 497.317 235.669 186.021 163.485 117.779 120.386 68.8503 66.0002 50.8399 48.5703
threshold=0.028516206890344623 0.12970329076051715 -0.066556084901094423 0.017405906692147258 0.028159140609204773 -0.035681441426277154 -0.067441847175359712 -0.084638353437185274 0.030150655657052997 0.64042240381240856 0.21179386973381045 -0.030800504609942433 0.017405906692147258 0.257825717329979
decision_type=8 2 2 2 2 2 2 2 2 2 2 2 2 2
left_child=8 2 6 4 -4 -5 7 -2 9 11 13 -1 -3 -10
right_child=1 12 3 5 -6 -7 -8 -9 10 -11 -12 -13 -14 -15
leaf_value=0.015230376189970111 -0.007762076068885267 0.01569098184953752 0.019899829900293167 0.030147706086097164 0.0018969545621523368 -0.0048974266715176391 -0.025212568358724527 0.022035531805949408 -0.02817845850862126 -0.011317578085951029 0.038000874552855612 -0.0097828514089743773 0.0057391630432674203 -0.014787953919082643
leaf_weight=400.1490026190877 1844.7987716421485 1665.0234763100743 2155.4359258636832 231.62533599883318 14266.763768143952 8821.2206303104758 673.67477291822433 247.03148408979177 539.64125370979309 1456.0103141590953 16.854708172380924 180.51592783629894 1033.915604069829 979.25513143837452
leaf_count=2236 11396 6947 10095 1045 66442 44715 4161 1198 6550 11084 167 1124 4591 8249
internal_value=-2.29847e-05 0.00130897 0.000291602 0.00134229 0.00427053 -0.00396849 -0.00935702 -0.00415508 -0.01153 -0.00596516 -0.0188236 0.00742034 0.0119139 -0.0196986
internal_weight=34511.9 30939.5 28240.6 25475 16422.2 9052.85 2765.51 2091.83 3572.43 2036.68 1535.75 580.665 2698.94 1518.9
internal_count=180000 150590 139052 122297 76537 45760 16755 12594 29410 14444 14966 3360 11538 14799
is_linear=0
shrinkage=0.035


Tree=65
num_leaves=15
num_cat=0
split_feature=11 3 2 22 24 14 22 24 21 21 6 21 21 11
split_gain=409.639 245.382 227.319 174.165 162.589 159.67 147.548 253.56 346.374 252.161 141.521 138.472 130.597 99.6582
threshold=0.23645348101854327 -0.27821326255798334 0.30002669990062719 0.39701244235038763 0.030258984304964546 0.24212542176246646 0.21714888513088229 0.028159140609204773 -0.14243798702955243 0.053489156067371375 0.24015785008668902 0.053489156067371375 -0.046499745920300477 0.17739234119653705
decision_type=2 2 2 2 2 2 2 2 2 2 2 2 2 2
left_child=3 6 4 10 11 -6 7 9 -9 -2 13 -3 -8 -1
right_child=1 2 -4 -5 5 -7 12 8 -10 -11 -12 -13 -14 -15
leaf_value=-0.022228465424809073 0.01949754912836801 0.0043175581572657377 0.0061834864949214963 0.0006802467220315317 -0.016562302628298081 -0.003529674906719649 0.02188377505807864 0.02297872074103845 -0.013607676971792215 -0.019957874982603596 0.0094269854815315496 -0.0096426265730342447 0.0077205432916885135 -0.010147044052696176
leaf_weight=1218.7840374186635 1135.6484494954348 5012.3230770155787 4872.7797349393368 1892.8889005631208 1352.6618261411786 7500.0887363776565 988.911546677351 381.69639009982347 1661.1574775949121 231.50554806739092 339.20406147092581 1043.1275361776352 4085.0852407068014 2743.4359652549028
leaf_count=11955 5397 23281 20997 12424 6414 38117 4005 1905 8546 1213 1801 5293 18370 20282
internal_value=-2.22872e-05 0.00176476 -0.000371641 -0.00816639 -0.00251691 -0.00553744 0.00674049 0.00110453 -0.00669307 0.01272 -0.012052 0.00190081 0.0105185 -0.0139099
internal_weight=34459.3 28265 19781 6194.31 14908.2 8852.75 8484 3410.01 2042.85 1367.15 4301.42 6055.45 5074 3962.22
internal_count=180000 133538 94102 46462 73105 44531 39436 17061 10451 6610 34038 28574 22375 32237
is_linear=0
shrinkage=0.035


Tree=66
num_leaves=15
num_cat=0
split_feature=17 3 23 17 23 21 17 24 24 23 24 4 16 22
split_gain=400.609 313.669 200.092 173.198 169.72 203.829 155.1 135.086 133.838 164.514 130.398 125.387 181.439 110.408
threshold=0.049857644364237792 -0.21618927270174024 0.14419928938150409 0.028516206890344623 0.15895815938711169 0.053489156067371375 0.098623964935541167 0.031256623566150672 0.030258984304964546 0.12251868098974229 0.036809016019105918 0.056763892993330962 1.9656113982200625 0.21714888513088229
decision_type=8 2 2 10 2 2 8 2 2 2 2 2 2 2
left_child=1 2 -1 -3 7 -6 10 -4 9 -5 11 12 -2 -10
right_child=6 3 4 8 5 -7 -8 -9 13 -11 -12 -13 -14 -15
leaf_value=0.008965360517209189 0.0037359036901283191 -0.015216412055792281 -0.025855405958806678 0.0063810521994733865 0.0051127805217742539 -0.022379593914636692 0.014642815438964996 0.0054967572621224684 -0.019147735192309213 -0.0067627116159645999 -0.014436449618583052 0.0090821359633769892 -0.0087255333621850152 -0.0060943274643846194
leaf_weight=3185.8846132233739 8116.1362222284079 2396.4673168584704 584.71778406202793 2243.150065548718 2274.6269575357437 376.21852092444897 1537.5540198683739 230.53157744556665 978.7855878174305 2408.9369755089283 498.92259849607944 3716.9983918592334 1727.5289736837149 4129.0914199724793
leaf_count=16855 36130 21276 3451 10114 12950 2496 6511 1535 6813 13022 2162 15692 7756 23237
internal_value=-2.21283e-05 -0.00346054 0.00264713 -0.00680207 -0.0031694 0.00114151 0.00412377 -0.0170306 -0.00472254 -0.00042494 0.00296382 0.00361417 0.00154233 -0.00862818
internal_weight=34405.6 18808.4 6651.98 12156.4 3466.09 2650.85 15597.1 815.249 9759.96 4652.09 14059.6 13560.7 9843.67 5107.88
internal_count=180000 111749 37287 74462 20432 15446 68251 4986 53186 23136 61740 59578 43886 30050
is_linear=0
shrinkage=0.035


Tree=67
num_leaves=15
num_cat=0
split_feature=17 4 11 23 24 21 8 23 24 20 24 6 20 2
split_gain=379.16 214.678 195.561 207.923 267.97 173.067 165.637 169.765 168.325 175.826 161.209 89.623 77.5472 74.9211
threshold=0.033097689971327789 0.12970329076051715 0.42233034968376165 0.14419928938150409 0.030258984304964546 0.022596485912799839 -0.233270488679409 0.10932076349854471 0.030696987174451355 0.084703385829925551 0.027031847275793556 0.27324600517749792 0.090242039412260069 0.7085370421409608
decision_type=8 2 2 2 2 2 2 2 2 2 2 2 2 2
left_child=6 2 3 4 -2 -5 7 8 9 -1 -9 -8 -12 -4
right_child=1 -3 13 5 -6 -7 11 10 -10 -11 12 -13 -14 -15
leaf_value=0.01991543321629002 0.008265130685428463 0.011147485019699057 0.004033263489081099 -0.0026669120235019526 -0.0041969019640193282 -0.014928610231430765 -0.01644141298058318 0.012865988118402576 -0.012723269878598838 -0.025323942224715047 -0.013002792367237658 0.026301968181392667 0.022459730884213665 0.014685336901366804
leaf_weight=846.63159862905741 4602.9733564853668 2669.192139968276 7080.9028488099575 7122.1086561903358 3892.7722930237651 1750.2814181745052 2208.4801326319575 365.16650730371475 383.58562877774239 111.29622805118561 2290.96580478549 53.118299268186092 69.295028910040855 906.10618820786476
leaf_count=4314 20256 11411 29801 38364 19818 9497 19366 1909 2914 717 17111 383 342 3797
internal_value=-2.26433e-05 0.00172528 0.00072938 -0.00135527 0.00255677 -0.0050999 -0.00775339 -0.00351498 0.00664499 0.014452 -0.00852194 -0.0153261 -0.0118713 0.00525857
internal_weight=34352.9 28024.3 25355.1 17368.1 8495.75 8872.39 6328.54 4066.94 1341.51 957.928 2725.43 2261.6 2360.26 7987.01
internal_count=180000 132944 121533 87935 40074 47861 47056 27307 7945 5031 19362 19749 17453 33598
is_linear=0
shrinkage=0.035


Tree=68
num_leaves=15
num_cat=0
split_feature=11 17 14 21 24 22 24 22 21 24 21 6 20 20
split_gain=361.918 219.3 180.707 177.933 355.655 507.982 187.884 151.073 204.146 189.781 163.861 142.107 139.911 115.395
threshold=0.32539032399654394 0.022354741580784324 0.28770089149475103 0.039876388385891921 0.027459150180220607 0.34918159246444708 0.027712903916835788 0.20845080167055133 -0.046499745920300477 0.028159140609204773 -0.14243798702955243 -0.15368537604808805 0.035948697477579124 0.0018746108398772778
decision_type=2 8 2 2 2 2 2 2 2 2 2 2 2 2
left_child=1 -1 -2 4 -3 -6 -5 9 13 12 -11 -8 -4 -9
right_child=2 3 7 6 5 -7 11 8 -10 10 -12 -13 -14 -15
leaf_value=-0.018905723471516853 -0.003553437028895364 0.021503063840186246 0.00460793596869146 -0.021108758627065408 -0.0089436977579279205 0.0071510200882910213 0.015586565516979203 0.010456431234042338 0.0048009612995444746 0.010656829016332862 -0.0081189029166803435 -0.0072532861443988629 0.030169799173738989 0.026855774436466709
leaf_weight=1099.4221388623118 3735.4204549789429 827.61708750575781 1109.9458147287369 1122.3684478476644 5765.2329196184874 4103.7030060663819 373.70823814719915 1388.1259507015347 7494.9904334843159 704.98589518666267 2799.1694601252675 2571.8675489276648 335.50361326336861 859.47514376044273
leaf_count=11604 16571 4065 5367 7303 35852 21836 2266 5499 31914 3500 13693 15790 1387 3353
internal_value=-2.21177e-05 -0.00389614 0.00331325 -0.00276643 -0.000394472 -0.00225072 -0.00898718 0.0050603 0.00758783 7.99502e-05 -0.00432192 -0.00431264 0.0107076 0.0168187
internal_weight=34291.5 15863.9 18427.6 14764.5 10696.6 9868.94 4067.94 14692.2 9742.59 4949.6 3504.16 2945.58 1445.45 2247.6
internal_count=180000 98716 81284 87112 61753 57688 25359 64713 40766 23947 17193 18056 6754 8852
is_linear=0
shrinkage=0.035


Tree=69
num_leaves=15
num_cat=0
split_feature=17 20 1 4 11 23 23 21 17 3 23 2 17 21
split_gain=345.687 197.52 234.256 193.096 168.665 206.89 402.607 215.552 119.345 101.375 100.584 70.2713 60.5352 56.656
threshold=0.035929122939705856 -0.055912442505359643 -0.030800504609942433 0.19546860456466678 0.46500721573829656 0.26067323982715612 0.34108707308769232 -0.11719527095556258 0.020847779698669914 0.99590560793876659 0.10932076349854471 0.7085370421409608 0.023598484694957737 -0.046499745920300477
decision_type=8 2 2 2 2 2 2 2 10 2 2 2 10 2
left_child=1 -1 8 4 5 7 -7 -2 -3 12 -10 13 -4 -6
right_child=3 2 9 -5 11 6 -8 -9 10 -11 -12 -13 -14 -15
leaf_value=-0.02566624458989521 0.025722024605316158 -0.017373630488456776 -0.022239194479866033 0.014788166836700591 0.0087637096057486784 -0.023248522350113463 0.0025439578336333844 0.00056933732717077664 0.010525716082391418 0.048291824049966264 -0.0013748446952521693 0.016028446602069198 -0.0099715812155039343 0.0012716448757346926
leaf_weight=585.51330063119531 418.99925275146961 399.74396550655365 606.56891803815961 1353.6174325495958 2398.7457957863808 1309.3941468298435 1688.2157435640693 15417.682745754719 1274.1533917114139 24.581301674246788 2691.8732343912125 805.51218403875828 2712.7671897336841 2548.7868503928185
leaf_count=5682 1768 3936 6654 5730 10076 7300 8727 73667 6925 176 16720 3397 18727 10515
internal_value=-2.12849e-05 -0.00623629 -0.00472934 0.00196774 0.00125621 -0.000346815 -0.00876236 0.00125063 0.000613203 -0.0116855 0.00246527 0.00649567 -0.0122734 0.00491442
internal_weight=34236.2 8295.2 7709.69 25941 24587.3 18834.3 2997.61 15836.7 4365.77 3343.92 3966.03 5753.04 3319.34 4947.53
internal_count=180000 58820 53138 121180 115450 91462 16027 75435 27581 25557 23645 23988 25381 20591
is_linear=0
shrinkage=0.035


Tree=70
num_leaves=15
num_cat=0
split_feature=3 2 11 23 23 21 23 24 23 24 14 20 21 22
split_gain=341.067 338.315 240.394 171.773 186.288 211.953 216.806 170.717 286.868 145.686 144.164 104.243 90.4076 76.6939
threshold=-0.29106999933719629 0.30002669990062719 0.19792443513870242 0.14419928938150409 0.15895815938711169 0.053489156067371375 0.26067323982715612 0.030258984304964546 0.11517768353223802 0.031256623566150672 0.35248254239559179 -0.025503730401396748 -0.0087223635055124742 0.39701244235038763
decision_type=2 2 2 2 2 2 2 2 2 2 2 2 2 2
left_child=3 2 13 11 9 6 -6 8 -4 -5 -9 -1 -3 -2
right_child=1 12 7 4 5 -7 -8 10 -10 -11 -12 -13 -14 -15
leaf_value=-0.0064956428561801427 -0.018962416064478051 0.011405610663296446 0.010790815794752225 -0.020093849640379628 0.014624448823441352 -0.016794111678487413 -0.0025423064029318461 -0.013306474076706721 -0.0038079801605482339 0.0084683592625250034 -0.003452285592433713 0.013196109345093195 0.0020945837833177389 -0.005048984045370933
leaf_weight=357.37097524106503 1626.7248293533921 2029.3434920161963 2508.1225610002875 724.56678963452578 2230.9698729813099 478.67035070061684 1503.1089970842004 2383.3338711634278 4767.1068801507354 304.88567480444908 7624.808152012527 3508.3904006257653 3435.0444257333875 702.88790385425091
leaf_count=1742 16019 8833 10953 3810 10458 2752 7664 11799 24998 1679 41825 16432 15516 5520
internal_value=-2.08861e-05 -0.00212787 -0.00427348 0.00577634 0.0016423 0.00490661 0.00772584 -0.00284635 0.00123283 -0.0116347 -0.0058099 0.0113636 0.005567 -0.014804
internal_weight=34185.3 25077.4 19613 9107.96 5242.2 4212.75 3734.08 17283.4 7275.23 1029.45 10008.1 3865.76 5464.39 2329.61
internal_count=180000 135463 111114 44537 26363 20874 18122 89575 35951 5489 53624 18174 24349 21539
is_linear=0
shrinkage=0.035


Tree=71
num_leaves=15
num_cat=0
split_feature=17 3 20 21 24 24 24 21 17 16 24 4 16 22
split_gain=319.216 272.174 159.472 180.489 213.246 156.473 144.031 150.275 136.746 132.068 127.289 110.893 178.497 106.53
threshold=0.049857644364237792 -0.21618927270174024 -0.055912442505359643 0.053489156067371375 0.028159140609204773 0.027712903916835788 0.030258984304964546 0.053489156067371375 0.11145790293812753 0.70777744054794323 0.027712903916835788 0.056763892993330962 1.9656113982200625 0.21714888513088229
decision_type=8 2 2 2 2 2 2 2 8 2 2 2 2 2
left_child=1 2 -1 4 -4 -5 7 9 11 -3 -9 12 -2 -8
right_child=8 6 3 5 -6 -7 13 10 -10 -11 -12 -13 -14 -15
leaf_value=-0.01564772645326774 0.0031341905273150005 0.0078174321567762474 0.020140060940790631 -0.020954064309858574 0.0030790190839038154 0.002536968727367292 -0.019796943646347084 -0.024744741798816607 0.0174335295325301 -0.0041801699564445217 -0.0019415534601662148 0.0076984792416304373 -0.0086164669617766164 -0.0078182182757507278
leaf_weight=530.41068534180522 8597.6118575632572 1816.5140975937247 1208.6306242719293 555.93414049595594 3423.4019078761339 894.53864508867264 1114.7630388215184 594.67644696682692 828.0519415140152 2912.0898013599217 598.55330269038677 4194.2406509742141 1930.7178045287728 4939.5944867432117
leaf_count=3929 38284 8814 5968 3650 18333 5407 8740 4290 3571 16578 3562 17747 8649 32478
internal_value=-2.10006e-05 -0.00311571 0.00258115 0.00419384 0.00756453 -0.00654845 -0.00626088 -0.00237368 0.00367802 0.000435533 -0.0134173 0.00289305 0.000973187 -0.0100528
internal_weight=34139.7 18589.1 6612.92 6082.51 4632.03 1450.47 11976.2 5921.83 15550.6 4728.6 1193.23 14722.6 10528.3 6054.36
internal_count=180000 111749 37287 33358 24301 9057 74462 33244 68251 25392 7852 64680 46933 41218
is_linear=0
shrinkage=0.035


Tree=72
num_leaves=15
num_cat=0
split_feature=3 2 11 20 21 23 23 23 21 23 21 20 20 21
split_gain=308.664 296.162 237.34 156.801 251.886 137.658 127.163 127.159 147.523 135.562 82.8532 77.6937 71.798 71.6852
threshold=-0.34830075502395624 0.30002669990062719 0.18476696312427524 -0.055912442505359643 0.017405906692147258 0.14419928938150409 0.39372026920318609 0.15895815938711169 -0.026244873180985447 0.2161265313625336 -0.0087223635055124742 -0.032916955649852746 -0.02400617208331823 1.0000000180025095e-35
decision_type=2 2 2 2 2 2 2 2 2 2 2 2 2 2
left_child=5 2 -2 6 -5 12 -4 13 9 -9 -3 -10 -1 -7
right_child=1 10 3 4 -6 7 -8 8 11 -11 -12 -13 -14 -15
leaf_value=-0.0024747854822959837 -0.015405506319731529 0.01106427046870761 -0.013350629308434069 0.00208874371172886 -0.0068274422604993751 -0.018906413415682069 0.0051453830361298412 0.019073724264570952 0.014437163107715981 0.0016900840312736561 0.0022255742164673676 -0.010300087634192942 0.014533239008379172 0.0021610712668304745
leaf_weight=342.7907042875886 1875.4373376853764 2056.5009824708104 2386.5758105404675 10830.749265350401 6036.3965932279825 457.28538289666176 556.46536830067635 1117.1840542778373 182.8736085370183 1076.4719373136759 3517.0511235594749 807.21515989303589 2506.7343633621931 339.90088909119368
leaf_count=1622 18084 8956 15594 52913 33070 2301 2825 4913 939 5479 15897 4080 11473 1854
internal_value=-2.1214e-05 -0.00168876 -0.00353828 -0.0024076 -0.00110433 0.00662641 -0.00984785 0.00241158 0.00554302 0.0105896 0.00550081 -0.00563234 0.0124857 -0.0100083
internal_weight=34089.6 27259.2 21685.6 19810.2 16867.1 6830.46 2943.04 3980.93 3183.74 2193.66 5573.55 990.089 2849.53 797.186
internal_count=180000 147339 122486 104402 85983 32661 18419 19566 15411 10392 24853 5019 13095 4155
is_linear=0
shrinkage=0.035


Tree=73
num_leaves=15
num_cat=0
split_feature=17 3 19 20 1 23 23 22 23 6 23 16 10 22
split_gain=302.638 195.362 188.17 147.627 165.921 135.395 118.891 111.031 102.549 84.756 77.0682 69.2429 66.9186 62.9244
threshold=0.029324358329176906 -0.34830075502395624 0.25492268800735479 -0.066556084901094423 -0.098961032927036272 0.39969968795776373 0.14419928938150409 0.39701244235038763 0.15895815938711169 -0.05774703994393348 0.089377358555793776 0.70777744054794323 1.2975878715515139 0.28088808059692388
decision_type=8 2 2 2 2 2 2 2 2 2 2 2 2 2
left_child=7 6 3 5 -5 -3 -2 9 13 10 -1 -9 -4 -8
right_child=1 2 12 4 -6 -7 8 11 -10 -11 -12 -13 -14 -15
leaf_value=0.0089705207529552997 0.0124106011362886 -0.014039526174148619 0.0047628698557072502 0.0039449304552902848 -0.0032674875822378173 0.017221903623501938 -0.018295318342607544 0.012525592856309607 0.0054858716069679141 -0.019987721702001544 -0.010994370127637355 -0.0063109203497252802 0.019949180899318152 0.0019736294737053529
leaf_weight=276.98806937783957 2562.2969463989139 1730.7273439541459 4209.2210955843329 5932.353301204741 11400.227437011898 179.56956494599581 395.5786617398262 372.77044633030891 3067.9649566188455 1169.0151806659997 1395.0903045274317 626.86219662427902 380.04584333300591 345.85163366049528
leaf_count=1632 11369 11399 18439 27713 57886 879 1966 2306 14572 11568 11604 5241 1656 1770
internal_value=-2.08837e-05 0.00115686 -0.000299392 -0.00181868 -0.000798071 -0.0110265 0.00659562 -0.00926169 0.00266206 -0.0127809 -0.00765342 0.000767844 0.00606112 -0.00894011
internal_weight=34044.6 30203.8 23832.1 19242.9 17332.6 1910.3 6371.69 3840.73 3809.4 2841.09 1672.08 999.633 4589.27 741.43
internal_count=180000 147649 117972 97877 85599 12278 29677 32351 18308 24804 13236 7547 20095 3736
is_linear=0
shrinkage=0.035


Tree=74
num_leaves=15
num_cat=0
split_feature=3 3 4 24 23 23 23 21 23 10 24 20 20 10
split_gain=274.35 255.709 198.082 173.373 242.577 143.739 158.056 185.75 188.759 139.329 130.029 92.3624 61.2048 59.821
threshold=-0.29106999933719629 0.48615336418151861 0.077183194458484664 0.030258984304964546 0.11517768353223802 0.14419928938150409 0.15895815938711169 0.053489156067371375 0.26067323982715612 0.31116937100887304 0.031256623566150672 -0.025503730401396748 0.079157214611768736 1.2975878715515139
decision_type=2 2 2 2 2 2 2 2 2 2 2 2 2 2
left_child=5 2 3 4 -2 11 10 8 -8 -5 -7 -1 -13 -3
right_child=1 13 -4 9 -6 6 7 -9 -10 -11 -12 12 -14 -15
leaf_value=-0.0065367753990460548 0.0066230717980332423 0.0046367171535526769 0.0052920077102533245 -0.019820024084932757 -0.0057898902326612633 -0.01900819575249826 0.013418388241976236 -0.016080114284004098 -0.0025925908849044653 -0.0065450602764958957 0.008007171431199795 0.013350934548994069 -0.0037089712787245215 0.020521539783884647
leaf_weight=356.75413972884417 3074.6419412195683 4028.0662500187755 2689.5971241295338 1086.268806643784 5136.4021890312433 714.01585668325424 2239.7904879897833 472.31840666383505 1500.9919471219182 8580.8198103457689 305.75059262663126 3236.2049538418651 275.6551563590765 304.4681594222784
leaf_count=1742 15126 18157 12498 12666 29475 3810 10458 2752 7664 46226 1679 14991 1441 1315
internal_value=-2.04431e-05 -0.00192129 -0.0035493 -0.00488161 -0.00113943 0.00517638 0.00138883 0.00438432 0.00700419 -0.00805568 -0.0109092 0.0102828 0.0120051 0.00579771
internal_weight=34001.7 24900.3 20567.7 17878.1 8211.04 9101.48 5232.87 4213.1 3740.78 9667.09 1019.77 3868.61 3511.86 4332.53
internal_count=180000 135463 115991 103493 44601 44537 26363 20874 18122 58892 5489 18174 16432 19472
is_linear=0
shrinkage=0.035


Tree=75
num_leaves=15
num_cat=0
split_feature=11 21 22 24 20 23 8 14 18 22 21 24 21 23
split_gain=275.936 169.5 534.871 401.753 164.569 280.135 177.096 149.77 138.247 126.733 203.27 164.17 146.966 117.947
threshold=0.33631359040737158 0.017405906692147258 0.33232145011425024 0.027459150180220607 -0.035681441426277154 0.15720312297344211 -0.37193314731121058 0.24212542176246646 0.11210166662931444 0.20845080167055133 -0.046499745920300477 0.027267058379948143 -0.084689632058143602 0.17762426286935809
decision_type=2 2 2 2 2 2 2 2 2 2 2 2 2 2
left_child=1 2 3 -1 -3 6 -6 -2 -5 11 -11 -9 -13 -12
right_child=7 4 -4 8 5 -7 -8 9 -10 10 13 12 -14 -15
leaf_value=0.015948147142294138 -0.004348836034333713 0.026188408990626723 0.011134894626077805 -0.012183782453705265 0.0054339166979500871 -0.023024810394741191 -0.0086165986341233524 0.01588194779105067 0.0015585446200393704 0.016095238430041386 0.0060666235245820975 0.003606746267359399 -0.0095132700359198824 -0.005714540827928243
leaf_weight=870.00950957834721 2759.6247421577573 165.07690368592739 3335.8897082991898 4543.3500041514635 1499.7448302060366 1264.5599556192756 4044.0956379137933 670.07157081365585 1114.0477625839412 2235.4100708663464 6033.4016913175583 2182.9355685412884 1991.0285151749849 1249.3293204307556
leaf_count=4490 12266 853 18358 31586 8533 8606 26244 3105 5852 8809 25608 10624 9691 5375
internal_value=-2.02682e-05 -0.00320089 -0.000246574 -0.00607131 -0.00737315 -0.0082241 -0.00481265 0.00310745 -0.00947969 0.00454217 0.0068856 -6.71815e-05 -0.00265943 0.00404054
internal_weight=33958.6 16836.8 9863.3 6527.41 6973.48 6808.4 5543.84 17121.8 5657.4 14362.2 9518.14 4844.04 4173.96 7282.73
internal_count=180000 104522 60286 41928 44236 43383 34777 75478 37438 63212 39792 23420 20315 30983
is_linear=0
shrinkage=0.035


Tree=76
num_leaves=15
num_cat=0
split_feature=17 3 3 23 23 21 24 2 24 20 21 16 24 21
split_gain=279.716 209.915 205.884 169.318 177.032 236.713 153.316 142.937 121.003 98.3255 74.4112 60.3513 57.4441 56.8436
threshold=0.024753689765930179 -0.21618927270174024 0.48615336418151861 0.14419928938150409 0.15895815938711169 -0.026244873180985447 0.031256623566150672 0.19311680644750598 0.030956145375967029 -0.03768800571560859 0.017405906692147258 0.77053585648536693 0.030150655657052997 0.017405906692147258
decision_type=8 2 2 2 2 2 2 2 2 2 2 2 2 2
left_child=11 3 7 9 6 -6 -5 8 -3 -2 -11 12 -1 -9
right_child=1 2 -4 4 5 -7 -8 13 -10 10 -12 -13 -14 -15
leaf_value=0.0029628580755563412 -0.011142272026436953 -0.0021376521208945534 0.0053618626281534748 -0.019018864639318907 0.0083899578722356344 -0.007352639040223468 0.0069702657971125155 0.005700256555180778 -0.0093209140181948532 0.015072083061095387 0.0062698803190238545 -0.018692754993014999 -0.017808437914617434 -0.0023037396530703452
leaf_weight=408.99522728472948 264.86785113066435 6607.072685085237 4307.0675547197461 874.54729991406202 3796.8572816327214 1680.3103891909122 399.25711254030466 2431.8588941320777 5083.4214167743921 2253.198378495872 2502.1844543740153 1081.0283765383065 258.73465651273727 1951.2051121667027
leaf_count=2892 1430 34640 19270 4711 18810 8838 2161 11042 29848 9809 12281 12110 2644 9514
internal_value=-1.97613e-05 0.000723482 -0.00142574 0.00444268 0.000819509 0.00355577 -0.0108821 -0.00324675 -0.00526647 0.00930362 0.0104634 -0.0136111 -0.0052297 0.00213999
internal_weight=33900.6 32151.8 20380.6 11771.2 6750.97 5477.17 1273.8 16073.6 11690.5 5020.25 4755.38 1748.76 667.73 4383.06
internal_count=180000 162354 104314 58040 34520 27648 6872 85044 64488 23520 22090 17646 5536 20556
is_linear=0
shrinkage=0.035


Tree=77
num_leaves=15
num_cat=0
split_feature=17 17 24 3 8 23 3 21 22 24 22 22 21 3
split_gain=264.081 160.536 185.667 139.233 135.358 147.136 117.155 114.925 111.718 130.454 108.855 105.676 103.164 93.5761
threshold=0.034523658454418189 0.098623964935541167 0.036809016019105918 -0.21618927270174024 -0.1912034675478935 0.089377358555793776 0.48615336418151861 0.017405906692147258 0.40473736822605139 0.026439630426466468 0.21714888513088229 0.41451641917228704 -0.026244873180985447 0.99590560793876659
decision_type=8 8 2 2 2 2 2 2 2 2 2 2 2 2
left_child=4 2 3 10 5 7 -5 -1 9 -7 -2 -10 -4 -6
right_child=1 -3 12 6 13 8 -8 -9 11 -11 -12 -13 -14 -15
leaf_value=0.016698499076115231 -1.0798119333911836e-05 0.012602161579109292 0.0048193402683659762 -0.0022293992726910412 -0.015332942357229744 0.010778264494252747 0.0049199477276547872 -0.0062553352386519219 0.050228191090958149 -0.011134772752853014 0.0079684779110450309 0.0021928439284661888 -0.024300255966865594 0.049968023197763591
leaf_weight=693.67740489542484 3384.2545442804694 1514.0357287377119 201.61166466027498 12004.543710313737 1747.0218505114317 364.45315163582563 3654.185335598886 423.92481768131256 51.362720750272274 3117.7839209474623 5484.9848737195134 668.22460309416056 531.36320145428181 17.798280671238899
leaf_count=3416 17405 6511 870 58981 16033 1786 16087 2731 265 24003 24567 4562 2641 142
internal_value=-1.99e-05 0.0015704 0.000904476 0.00142605 -0.00602419 -0.0032247 -0.000558923 0.00801347 -0.00622576 -0.00881704 0.00492723 0.00626296 -0.0163336 -0.0143966
internal_weight=33859.2 26775 25260.9 24528 7084.25 5319.43 15658.7 1117.6 4201.82 3482.24 8869.24 719.587 732.975 1764.82
internal_count=180000 127062 120551 117040 52938 36763 75068 6147 30616 25789 41972 4827 3511 16175
is_linear=0
shrinkage=0.035


Tree=78
num_leaves=15
num_cat=0
split_feature=17 4 8 21 22 23 20 20 23 23 23 17 3 10
split_gain=258.034 198.227 224.275 200.532 464.41 179.3 158.365 148.073 118.443 66.1175 55.1607 47.009 46.4836 45.0164
threshold=0.022354741580784324 0.097221400588750853 -0.46086701750755305 0.017405906692147258 0.33232145011425024 0.21982385218143466 -0.055912442505359643 -0.035681441426277154 0.39969968795776373 0.34108707308769232 0.28368386626243597 0.098623964935541167 0.42362488806247717 0.24410899728536609
decision_type=8 2 2 2 2 2 2 2 2 2 2 8 2 2
left_child=12 2 5 4 -4 6 -2 -5 -7 10 -3 -12 13 -1
right_child=1 9 3 7 -6 8 -8 -9 -10 -11 11 -13 -14 -15
leaf_value=-0.024623631124979405 -0.010343314651661033 0.0078939123610197968 -0.0037075214974791057 0.024220766511391146 0.010756402622513315 -0.0083438969322849731 0.0095418286288815688 -0.0078897603210814089 0.015827746888829906 0.024366903135430516 -0.014711108671625785 0.018604867185881308 0.030556297478888422 -0.0096248957864140446
leaf_weight=569.27894040197134 532.80921030789614 3361.183446995914 10307.574439093471 170.96383134275675 3682.5917003527284 1616.3788581714034 5258.5063697993755 6996.8514532111585 283.60080928355455 269.10349336266518 233.89144039154053 56.758696958422661 15.924565624445675 460.14103087410331
leaf_count=7214 3045 15015 54815 820 18533 8809 24018 39657 1175 1133 989 227 163 4387
internal_value=-1.861e-05 0.000529812 -0.000474699 -0.00233527 0.00010474 0.00463993 0.00769769 -0.0070912 -0.00467193 0.00790316 0.00662672 -0.00780268 -0.0170531 -0.0180764
internal_weight=33815.6 32770.2 28849.3 21158 13990.2 7691.3 5791.32 7167.82 1899.98 3920.94 3651.83 290.65 1045.34 1029.42
internal_count=180000 168236 150872 113825 73348 37047 27063 40477 9984 17364 16231 1216 11764 11601
is_linear=0
shrinkage=0.035


Tree=79
num_leaves=15
num_cat=0
split_feature=11 4 20 21 8 21 21 6 24 20 23 21 8 23
split_gain=240.69 160.254 213.873 190.454 188.676 149.461 129.342 119.06 126.977 102.184 144.749 99.8983 99.0363 98.8139
threshold=0.22077568620443347 0.019133294932544235 -0.066556084901094423 -0.14243798702955243 -0.46086701750755305 -0.067441847175359712 0.017405906692147258 0.24015785008668902 0.030096776783466343 0.037173081189394004 0.28368386626243597 0.039285084232687957 -0.17276621609926221 0.28368386626243597
decision_type=2 2 2 2 2 2 2 2 2 2 2 2 2 2
left_child=7 2 5 -3 13 -2 -6 8 11 10 -5 12 -1 -4
right_child=1 3 4 9 6 -7 -8 -9 -10 -11 -12 -13 -14 -15
leaf_value=0.007779464610894727 -0.0055751765159551764 0.032889193169223431 0.0079891942412277112 0.0083416155759679644 0.00080400266718563861 -0.026200313359846416 -0.006991868660738647 0.010011433911338226 -0.015688127129136184 -0.0013341657873593802 -0.0064173561156862366 -0.01519072967281869 -0.011059989505113652 -0.0073201151059362098
leaf_weight=1009.5229548066854 1746.9873553290963 275.26679866015911 4511.8547949567437 5832.5680852085352 7725.0934137403965 564.7486399486661 3923.6381356418133 422.11032206565142 1982.2108508124948 3151.1646351888776 938.25249969214201 610.96661377698183 504.35794550925493 575.18131073564291
leaf_count=6483 10987 1236 20618 26492 37282 3727 20137 2248 20075 14796 4340 5260 3687 2632
internal_value=-1.77218e-05 0.00114579 -0.00075016 0.0046845 0.000630484 -0.010705 -0.00182562 -0.00751644 -0.00933784 0.00386969 0.00628997 -0.0033681 0.0014716 0.00624723
internal_weight=33773.9 29244.8 19047.5 10197.3 16735.8 2311.74 11648.7 4529.17 4107.06 9921.99 6770.82 2124.85 1513.88 5087.04
internal_count=180000 142247 95383 46864 80669 14714 57419 37753 35505 45628 30832 15430 10170 23250
is_linear=0
shrinkage=0.035


Tree=80
num_leaves=15
num_cat=0
split_feature=17 19 8 23 21 22 20 11 23 3 11 6 21 10
split_gain=237.911 190.527 234.687 203.607 182.851 299.031 143.655 117.798 100.739 85.4982 75.7085 49.3433 44.9319 43.2923
threshold=0.022354741580784324 0.25492268800735479 -0.39598220586776728 0.14419928938150409 0.017405906692147258 0.33232145011425024 -0.025503730401396748 0.45232743024826055 0.15720312297344211 -0.13331383466720578 0.53255313634872448 0.21179386973381045 -0.0087223635055124742 0.24410899728536609
decision_type=8 2 2 2 2 2 2 2 2 2 2 2 2 2
left_child=11 2 3 6 5 -4 -2 -5 -6 -3 12 13 -11 -1
right_child=1 9 4 7 8 -7 -8 -9 -10 10 -12 -13 -14 -15
leaf_value=-0.024128620001962798 -0.0078556696177362988 0.013807889837781783 -0.0043276738178770913 -0.0039657775075193384 -0.0062995021830717021 0.0088997412707105695 0.010914355841364213 0.0058524351881336211 -0.018600908914986447 0.006519112892586925 0.014544237176761631 0.033938871881163471 -0.0020504265570275466 -0.0093110854412394462
leaf_weight=553.39928855001926 559.5725442096591 1459.2757514715195 7544.4776934310794 4556.5789437144995 4576.2939399331808 2886.3794019930065 4195.2846499532461 2217.0975093841553 988.94640226662159 1268.8511667922139 653.39342445135117 14.362049825489519 1802.5271151214838 457.45968091487885
leaf_count=7213 2684 6334 41216 25183 26522 14850 19124 9534 6296 5728 2806 138 7959 4413
internal_value=-1.79165e-05 0.000504764 -0.000655228 0.0031501 -0.00339802 -0.000662425 0.00869357 -0.00074828 -0.00851491 0.00665313 0.0038206 -0.0165373 0.0014995 -0.0175799
internal_weight=33733.9 32708.7 27524.6 11528.5 15996.1 10430.9 4754.86 6773.68 5565.24 5184.05 3724.77 1025.22 3071.38 1010.86
internal_count=180000 168236 145409 56525 88884 56066 21808 34717 32818 22827 16493 11764 13687 11626
is_linear=0
shrinkage=0.035


Tree=81
num_leaves=15
num_cat=0
split_feature=17 23 11 20 14 3 22 3 17 3 23 11 8 11
split_gain=225.367 158.813 183.245 172.128 143.119 116.979 88.0101 76.8989 74.504 65.6931 72.1657 65.4931 58.7025 62.2346
threshold=0.028516206890344623 0.089377358555793776 0.46500721573829656 0.0036894936347380285 0.26502802968025213 -0.18094311654567716 0.39701244235038763 -0.19292420893907544 0.098623964935541167 -0.13331383466720578 0.089377358555793776 0.20403197407722476 -0.21679798513650891 0.65651488304138195
decision_type=8 2 2 2 2 2 2 2 8 2 2 2 2 2
left_child=6 3 4 12 -3 -6 9 -5 -4 10 -1 -12 13 -2
right_child=1 2 8 7 5 -7 -8 -9 -10 -11 11 -13 -14 -15
leaf_value=0.011880113555490821 0.0204744853556918 -0.0097828960034643669 0.0037051503958457827 0.009854819076335411 0.0025782325255063283 -0.0030083274870509958 0.00075692411993694695 -0.0051396962286800029 0.014363463696689402 -0.017842029250992195 -0.023009213044585555 -0.0036844357394754087 0.0062442032796853194 -0.011927827423207377
leaf_weight=212.45935509726405 1275.9508218467236 2297.3183430358768 4608.3799826130271 613.71796061098576 8215.1309111937881 10383.937612071633 875.17610944807529 1266.3909361436963 966.61288824677467 1224.4616736248136 317.65915419533849 638.12197121232748 725.44083112478256 70.682252004742622
leaf_count=1292 5308 11342 19323 2884 42414 55574 6915 6129 4141 12752 3867 4584 3178 297
internal_value=-1.74815e-05 0.000921694 -5.64543e-05 0.00745686 -0.00156097 -0.000540708 -0.00873723 -0.000218841 0.00557554 -0.0121986 -0.00618235 -0.0102789 0.014389 0.0186984
internal_weight=33691.4 30423.6 26471.4 3952.18 20896.4 18599.1 3267.88 1880.11 5574.99 2392.7 1168.24 955.781 2072.07 1346.63
internal_count=180000 150590 132794 17796 109330 97988 29410 9013 23464 22495 9743 8451 8783 5605
is_linear=0
shrinkage=0.035


Tree=82
num_leaves=15
num_cat=0
split_feature=19 8 23 21 22 21 20 20 20 20 23 23 3 10
split_gain=204.668 265.059 185.912 182.367 265.847 208.661 131.608 112.147 112.762 100.844 177.94 83.6713 78.9011 66.0219
threshold=0.25492268800735479 -0.39598220586776728 0.14419928938150409 0.017405906692147258 0.33232145011425024 -0.039221605286002152 -0.025503730401396748 0.090242039412260069 0.064059242606163039 -0.035681441426277154 0.15720312297344211 0.23214909434318545 -0.22845178097486493 1.2975878715515139
decision_type=2 2 2 2 2 2 2 2 2 2 2 2 2 2
left_child=1 2 6 4 5 -3 -1 8 -4 -5 -11 -6 -2 -14
right_child=12 3 7 9 11 -7 -8 -9 -10 10 -12 -13 13 -15
leaf_value=-0.0076937449835602304 0.014983404328078084 -0.00073610924992285095 -0.00027135199631470497 0.02015810035250485 0.0055559970057669997 -0.012876533458883828 0.010206456573350372 0.022927565290113673 -0.016381811286623759 -0.0069926031975389887 -0.023953513133581225 0.025660499470161406 0.0028250640054829465 0.018455965143349497
leaf_weight=562.71801726520061 1033.5315892621875 5281.4214117527008 6009.8747628554702 133.38777543604374 2802.1230239197612 2573.095303054899 4275.7083434574306 224.60598562657833 573.95997194200754 4873.8958124779165 891.40221712738276 270.35355340689421 3796.7977694869041 353.40974812209606
leaf_count=2726 4460 30360 31264 690 15025 15000 19707 910 2924 30510 6236 1760 16857 1571
internal_value=-1.71935e-05 -0.00118234 0.0028751 -0.00399097 -0.00131098 -0.00472456 0.00811305 -0.000853697 -0.00169853 -0.00894488 -0.00965195 0.00740254 0.00637252 0.00419727
internal_weight=33656.3 28472.5 11646.9 16825.7 10927 7854.52 4838.43 6808.44 6583.83 5898.69 5765.3 3072.48 5183.74 4150.21
internal_count=180000 157112 57531 99581 62145 45360 22433 35098 34188 37436 36746 16785 22888 18428
is_linear=0
shrinkage=0.035


Tree=83
num_leaves=15
num_cat=0
split_feature=17 3 3 23 23 21 24 2 24 20 20 10 10 6
split_gain=214.508 165.771 178.803 131.374 175.015 216.062 138.494 130.298 113.976 89.0778 72.395 50.7016 49.6167 47.1793
threshold=0.022354741580784324 -0.21618927270174024 0.48615336418151861 0.14419928938150409 0.15895815938711169 -0.026244873180985447 0.031256623566150672 0.19311680644750598 0.030956145375967029 -0.03768800571560859 0.079157214611768736 0.72663623094558727 1.2975878715515139 0.21179386973381045
decision_type=8 2 2 2 2 2 2 2 2 2 2 2 2 2
left_child=13 3 7 9 6 -6 -5 8 -3 -2 -11 -9 -4 -1
right_child=1 2 12 4 5 -7 -8 11 -10 10 -12 -13 -14 -15
leaf_value=-0.01694686525562759 -0.01135735646988967 -0.0020141316829493825 0.0038643479466737643 -0.01878890185193605 0.0078716228618406128 -0.0071335846806791911 0.0057221886546862423 -0.000897506961203961 -0.008913456646855512 0.010213443739973729 -0.006240685906236932 0.0068290420172176262 0.018449467309942923 0.033191533528100385
leaf_weight=986.25905284285545 268.83729199320078 6829.4960235282779 4004.5495083630085 877.74920643866062 3820.5875645764172 1686.9694637954235 408.44019550830126 2710.262376151979 5141.5880522653461 4547.6362618878484 346.42648912221193 1676.5411731004715 298.93102595210075 14.577392440289257
leaf_count=11626 1486 36946 18035 4834 19087 9054 2246 13690 31355 21238 1830 7120 1315 138
internal_value=-1.64319e-05 0.000475515 -0.00142249 0.00375377 0.000552935 0.00327092 -0.0110211 -0.00309252 -0.00498236 0.00795646 0.00903839 0.00206423 0.00491789 -0.0158955
internal_weight=33618.9 32618 20661.4 11956.6 6793.75 5507.56 1286.19 16357.9 11971.1 5162.9 4894.06 4386.8 4303.48 1000.84
internal_count=180000 168236 108461 59775 35221 28141 7080 89111 68301 24554 23068 20810 19350 11764
is_linear=0
shrinkage=0.035


Tree=84
num_leaves=15
num_cat=0
split_feature=17 20 1 4 12 23 23 23 21 14 23 22 2 23
split_gain=203.101 184.518 215.598 129.275 142.646 121.97 109.316 98.7812 98.1543 89.2383 72.2531 70.216 67.6334 55.4285
threshold=0.039463229477405555 -0.055912442505359643 -0.030800504609942433 0.19546860456466678 1.0382860302925112 0.39969968795776373 0.26067323982715612 0.28368386626243597 -0.10443458333611487 0.24212542176246646 0.34108707308769232 0.25059181451797491 0.17262873798608783 0.21982385218143466
decision_type=8 2 2 2 2 2 2 2 2 2 2 2 2 2
left_child=1 11 7 4 9 6 -6 8 -3 12 -9 -1 -2 -11
right_child=3 2 -4 -5 5 -7 -8 10 -10 13 -12 -13 -14 -15
leaf_value=-0.024175034345625266 -0.0064534684903100013 0.020493519291748679 -0.0086241297347111126 0.012432510894949038 -0.00088003546977457464 0.012112493673921186 -0.010089806251774122 -0.030752513849716157 0.001594054161570253 0.0067053726920712165 0.0065752931704761552 0.010909674524132341 0.0067999852842890269 -0.0013608831036049541
leaf_weight=674.46638841554523 1501.2969253659248 351.58951119333506 4289.7642366997898 1317.4169650450349 8123.4419588819146 723.48341439664364 1950.3554547578096 179.67122343927622 4915.2011564858258 7505.6010602042079 90.927165646106005 72.102159816771746 676.31219798326492 1208.3158361315727
leaf_count=6726 6853 1789 32000 5671 38071 3061 10593 1341 30332 33357 628 709 2891 5978
internal_value=-1.60803e-05 -0.00402892 -0.00274365 0.00182918 0.00117968 -0.00167045 -0.00267135 0.00181924 0.00289215 0.00400409 -0.0184222 -0.0206872 -0.002325 0.00558659
internal_weight=33579.9 10573.7 9827.15 23006.2 21688.8 10797.3 10073.8 5537.39 5266.79 10891.5 270.598 746.569 2177.61 8713.92
internal_count=180000 73525 66090 106475 100804 51725 48664 34090 32121 49079 1969 7435 9744 39335
is_linear=0
shrinkage=0.035


Tree=85
num_leaves=15
num_cat=0
split_feature=11 3 6 19 20 21 23 22 21 22 24 21 21 22
split_gain=194.118 145.472 143.045 127.589 139.701 162.164 117.772 80.5393 74.9375 72.0744 138.155 253.523 157.738 66.8198
threshold=0.19792443513870242 -0.34830075502395624 0.24015785008668902 0.18825316429138186 -0.066556084901094423 0.017405906692147258 0.39969968795776373 0.39701244235038763 -0.0087223635055124742 0.21714888513088229 0.028159140609204773 -0.14243798702955243 0.053489156067371375 0.34321255981922155
decision_type=2 2 2 2 2 2 2 2 2 2 2 2 2 2
left_child=2 9 7 4 6 -6 -3 -1 13 10 12 -12 -2 -5
right_child=1 3 -4 8 5 -7 -8 -9 -10 -11 11 -13 -14 -15
leaf_value=-0.015686897498135847 0.017266100030593427 -0.014134842361767737 0.015599599019084099 0.006634532373910952 0.0015848016699504714 -0.0056983920615343289 0.01573631088967169 -0.0023986898881646944 0.00049084168734957591 0.0083006877533780745 0.02452379014455244 -0.01261032797851957 -0.017116435062597971 0.025551090133174147
leaf_weight=1707.1663709543645 829.16846939176321 1605.3246752209961 257.74575158953667 2302.8205530792475 11043.126158278435 5654.3174163550138 171.39349833875895 834.3108653575182 3150.1976944953203 4037.0831230282784 265.01162226498127 1241.7942826896906 194.45662903040648 246.36711702495813
leaf_count=17989 4015 11204 1435 10294 54497 30937 838 6714 13917 18193 1296 6465 1115 1091
internal_value=-1.59715e-05 0.00078858 -0.00882291 -0.000466941 -0.00187936 -0.000883468 -0.0111813 -0.0113512 0.00410659 0.00540356 0.000766952 -0.00596069 0.0106321 0.00855543
internal_weight=33540.3 30741.1 2799.22 24173.5 18474.2 16697.4 1776.72 2541.48 5699.39 6567.51 2530.43 1506.81 1023.63 2549.19
internal_count=180000 153862 26138 122778 97476 85434 12042 24703 25302 31084 12891 7761 5130 11385
is_linear=0
shrinkage=0.035


Tree=86
num_leaves=15
num_cat=0
split_feature=17 21 22 24 17 23 20 20 24 23 20 19 23 6
split_gain=193.621 157.173 478.559 498.607 252.283 230.011 439.383 236.535 183.116 126.889 135.326 79.3227 65.7947 44.5896
threshold=0.022354741580784324 0.017405906692147258 0.33232145011425024 0.027459150180220607 0.06312428787350656 0.15720312297344211 -0.032916955649852746 -0.02400617208331823 0.027712903916835788 0.23214909434318545 0.0018746108398772778 0.17116747051477435 0.21352105587720874 0.21179386973381045
decision_type=8 2 2 2 8 2 2 2 2 2 2 2 2 2
left_child=13 2 3 12 -5 7 -7 -3 -9 10 -4 -8 -2 -1
right_child=1 5 9 4 -6 6 11 8 -10 -11 -12 -13 -14 -15
leaf_value=-0.016328846249307066 0.013811609489493429 -0.017718653088541338 0.005489362061063513 -0.0057937266807402705 0.0041164377433004079 0.027721113076391628 -0.024024241389641491 -0.013705152309813711 0.0033681860918253837 0.028670509999343258 0.01827796555327035 -0.0076668705854441533 0.033565222728610254 0.032082126606278009
leaf_weight=963.74977807328105 1583.3812762871385 866.05195204913616 3060.9750326760113 10429.51068026945 4496.1913855597377 268.8670190051198 1320.2344976216555 856.14677332341671 6894.5937719382346 474.50280218198895 1515.9710734523833 516.66195683926344 236.57925941050053 14.91379054635763
leaf_count=11626 7486 4877 15000 57905 18966 1258 8568 5026 35697 2694 7026 2466 1267 138
internal_value=-1.53277e-05 0.000448431 0.00215479 -0.000695321 -0.00280765 -0.00301908 -0.0133593 -0.000479573 0.00146704 0.0115857 0.0097558 -0.0194898 0.0165488 -0.0152741
internal_weight=33498.3 32519.7 21797.1 16745.7 14925.7 10722.6 2105.76 8616.79 7750.74 5051.45 4576.95 1836.9 1819.96 978.664
internal_count=180000 168236 110344 85624 76871 57892 12292 45600 40723 24720 22026 11034 8753 11764
is_linear=0
shrinkage=0.035


Tree=87
num_leaves=15
num_cat=0
split_feature=17 4 12 20 8 17 21 21 20 16 6 6 21 20
split_gain=183.265 148.939 174.879 131.056 144.278 106.29 103.305 109.237 77.4816 53.4827 50.394 41.8497 36.424 33.6378
threshold=0.024753689765930179 0.12970329076051715 1.0660135746002199 -0.055912442505359643 -0.39598220586776728 0.048938903957605369 0.017405906692147258 0.013949372339993717 -0.02400617208331823 0.77053585648536693 0.21179386973381045 -0.050852300599217408 0.017405906692147258 0.037173081189394004
decision_type=8 2 2 2 2 8 2 2 2 2 2 2 2 2
left_child=9 2 3 5 -5 -2 7 -4 -8 11 -11 -1 13 -3
right_child=1 12 6 4 -6 -7 8 -9 -10 10 -12 -13 -14 -15
leaf_value=0.0032510450984229054 -0.017142693670987575 0.014911150638836529 -0.0021006583826414888 0.007201995349642892 0.00039604052695466096 0.00040577368753481392 -0.020957743781501691 0.022015282967309355 -0.0063704882312828962 -0.017704132052355558 0.030223826827124572 -0.01514184491851297 0.0032815814706767029 0.0036640966340483762
leaf_weight=409.78246399387717 735.1800521351397 1162.2351817935705 7671.6908445619047 6126.0197220444679 10092.742123521864 976.34787683188915 524.33445289731026 227.22831576317549 2825.4964173920453 970.10187375545502 18.873434439301491 228.0043353587389 1019.897901929915 462.19434703886509
leaf_count=3330 5767 4988 40197 28476 51738 5016 2997 1173 15417 11932 178 2206 4615 1970
internal_value=-1.45374e-05 0.000572728 -0.000149281 0.00199654 0.00296958 -0.00718789 -0.00356842 -0.00137996 -0.00870935 -0.0114362 -0.0164961 -0.00345653 0.00851034 0.0117531
internal_weight=33450.1 31823.4 29179 17930.3 16218.8 1711.53 11248.8 7898.92 3349.83 1626.76 988.975 637.787 2644.33 1624.43
internal_count=180000 162354 150781 90997 80214 10783 59784 41370 18414 17646 12110 5536 11573 6958
is_linear=0
shrinkage=0.035


Tree=88
num_leaves=15
num_cat=0
split_feature=17 15 20 8 21 24 11 19 4 21 16 6 24 24
split_gain=177.001 145.563 122.555 108.894 109.986 144.66 90.5871 87.2477 90.1852 97.3869 96.2298 74.7893 74.2655 64.9442
threshold=0.033097689971327789 22.089489936828617 -0.055912442505359643 -0.21679798513650891 0.053489156067371375 0.027459150180220607 0.31488472223281866 -0.17342286556959149 0.019133294932544235 -0.14243798702955243 1.7190397381782534 0.27324600517749792 0.027712903916835788 0.030258984304964546
decision_type=8 2 2 2 2 2 2 2 2 2 2 2 2 2
left_child=2 7 -1 4 5 -4 -3 -2 10 -10 -9 -5 -6 -8
right_child=1 6 3 11 12 -7 13 8 9 -11 -12 -13 -14 -15
leaf_value=-0.024886187182395964 0.0040885528801055445 -0.00080512552359341804 0.018327226767395795 -0.012987586391866205 -0.025786260295993173 -0.0014224808636683754 0.009731553522598772 -0.0031914146783916697 0.027422200202973375 0.00037185704702846371 -0.014506204549187961 0.026735600672865345 -0.0043450203519403369 0.0035160314333939173
leaf_weight=365.19815209135413 3159.8275800123811 3401.7909562587738 548.74908418208361 1621.3840088993311 294.72725351154804 2424.6255621947348 3363.8649927005172 6419.8202444911003 159.00391852855682 4628.5024133473635 1067.1404174342752 51.119424760341644 579.42908147349954 5335.5641334578395
leaf_count=4406 14802 17590 2855 15846 2535 16315 14890 33517 714 22599 5606 349 4750 23226
internal_value=-1.42859e-05 0.00116371 -0.00551847 -0.00419444 -0.000944061 0.00227163 0.00403603 -0.00108947 -0.0024247 0.00132555 -0.00482135 -0.0116218 -0.011784 0.00592784
internal_weight=33420.7 27535.5 5885.23 5520.03 3847.53 2973.37 12101.2 15434.3 12274.5 4787.51 7486.96 1672.5 874.156 8699.43
internal_count=180000 132944 47056 42650 26455 19170 55706 77238 62436 23313 39123 16195 7285 38116
is_linear=0
shrinkage=0.035


Tree=89
num_leaves=15
num_cat=0
split_feature=17 23 24 22 11 4 16 21 8 20 21 22 15 6
split_gain=169.254 144.106 215.172 179.266 165.541 121.055 158.237 129.645 100.329 98.3339 93.9475 123.918 80.7744 40.4356
threshold=0.022354741580784324 0.089377358555793776 0.030956145375967029 0.40473736822605139 0.41381794214248663 0.019133294932544235 1.8775122761726382 -0.14243798702955243 -0.20829846709966657 0.024621242657303814 -0.049244273453950875 0.22323016822338107 21.688336372375492 0.21179386973381045
decision_type=8 2 2 2 2 2 2 2 2 2 2 2 2 2
left_child=13 2 3 8 5 6 -3 -7 -2 -4 11 -6 -12 -1
right_child=1 4 9 -5 10 7 -8 -9 -10 -11 12 -13 -14 -15
leaf_value=-0.015533752428287454 0.019562563501415955 -0.0031073274516258882 0.0014948272028519334 -0.0045216005472141002 0.0026222072161236091 0.02922730063676604 -0.016125069368524262 0.00039872069235239572 0.0047645643563434051 -0.019591626212798658 -0.0063057525309059611 0.015082800569369949 0.0035170114240604643 0.030003867308564691
leaf_weight=936.06649947166443 1794.0454702377319 10537.489486824721 664.84994345903397 739.4404291883111 2627.1457548886538 186.19361345469952 1274.5168456882238 7364.927394259721 826.26693964749575 445.7301938906312 1597.608089722693 1552.268347427249 2822.2415464222431 15.560667373239992
leaf_count=11626 7635 63803 3600 3784 12113 898 6775 38922 3745 2280 6714 5956 12011 138
internal_value=-1.41202e-05 0.000414808 0.00624235 0.0106499 -0.000518737 -0.00231314 -0.0045244 0.00114728 0.0149321 -0.00706751 0.00351974 0.00727513 -3.9765e-05 -0.0144849
internal_weight=33384.4 32432.7 4470.33 3359.75 27962.4 19363.1 11812 7551.12 2620.31 1110.58 8599.26 4179.41 4419.85 951.627
internal_count=180000 168236 21044 15164 147192 110398 70578 39820 11380 5880 36794 18069 18725 11764
is_linear=0
shrinkage=0.035


Tree=90
num_leaves=15
num_cat=0
split_feature=3 17 15 10 22 23 23 24 23 23 20 24 20 24
split_gain=165.28 164.226 116.868 93.0705 88.0166 80.7516 130.15 104.243 88.059 296.002 83.7292 78.4344 73.5577 66.1302
threshold=-0.27821326255798334 0.030109920538961891 22.089489936828617 1.2975878715515139 0.39701244235038763 0.14419928938150409 0.15895815938711169 0.031256623566150672 0.26067323982715612 0.34108707308769232 -0.066556084901094423 0.027459150180220607 -0.025503730401396748 0.030258984304964546
decision_type=2 8 2 2 2 2 2 2 2 2 2 2 2 2
left_child=5 4 -3 13 11 12 7 -7 10 -10 -8 -2 -1 -4
right_child=1 2 3 -5 -6 6 8 -9 9 -11 -12 -13 -14 -15
leaf_value=-0.007066500258092869 0.0014358108962298913 -0.0029804992362889721 0.0050306771139927301 0.018394720259821654 0.00071146951708821226 -0.017317523263145142 -0.012806542552513154 0.0063213171584023458 -0.018437839240082021 0.011756216766536046 0.0091673505840641732 -0.015648270455697853 0.0090785860799233124 -0.00087458716632536138
leaf_weight=373.73397842049599 397.47900838032365 10752.015108935535 3949.6270023658872 410.48296716809273 821.33390439674258 719.98876709491014 222.50900773331523 326.3972146473825 762.46626885980368 810.25581327825785 2609.2883096411824 1862.6490547992289 3714.5813316181302 5614.593106739223
leaf_count=1871 3267 56617 18200 1839 6531 3999 1328 1795 4176 4026 12730 19096 17581 26944
internal_value=-1.33807e-05 -0.0015731 -0.000450462 0.00227699 -0.00909834 0.00387696 0.00108401 -0.00995387 0.0037229 -0.00290607 0.00740176 -0.0126507 0.00758904 0.00156675
internal_weight=33347.4 23808.2 20726.7 9974.7 3081.46 9539.22 5450.91 1046.39 4404.52 1572.72 2831.8 2260.13 4088.32 9564.22
internal_count=180000 132494 103600 46983 28894 47506 28054 5794 22260 8202 14058 22363 19452 45144
is_linear=0
shrinkage=0.035


Tree=91
num_leaves=15
num_cat=0
split_feature=4 8 21 24 22 24 23 21 22 23 21 23 23 22
split_gain=161.435 182.569 138.609 305.559 283.828 184.33 133.804 101.579 121.072 93.273 90.5826 79.046 91.3347 74.7506
threshold=0.069474250078201308 -0.46086701750755305 0.053489156067371375 0.027459150180220607 0.34918159246444708 0.027712903916835788 0.21982385218143466 -0.11719527095556258 0.1998756751418114 0.39372026920318609 -0.16446474939584729 0.34108707308769232 0.28368386626243597 0.26030193269252783
decision_type=2 2 2 2 2 2 2 2 2 2 2 2 2 2
left_child=1 6 3 -3 -5 -4 7 -1 -9 10 -8 12 -2 -7
right_child=11 2 5 4 -6 13 9 8 -10 -11 -12 -13 -14 -15
leaf_value=0.029099076445631162 0.0055743323175501854 0.014513417310130689 -0.02228779951000805 -0.006283706468285374 0.0038140518131199353 0.01867070204738144 0.015571162422376 -0.0043624468205419676 0.0081398101180728735 0.010956643526713144 -0.01181338959890529 0.020586814967481291 -0.011594262672058639 -0.0057789798484609552
leaf_weight=219.49067904055119 4856.8292124420404 1339.889881066978 933.38964014872909 10050.56861134991 5150.0429960265756 152.83261892199516 158.50294740498066 1223.374378785491 4137.1352570317686 362.84011648595333 1275.1561539843678 380.43556623905897 402.40476483479142 2669.0162022002041
leaf_count=895 22652 6804 6682 58326 28465 721 845 6603 18933 1624 7178 1655 1779 16838
internal_value=-1.34018e-05 -0.00111379 -0.00282744 -0.00144681 -0.00286228 -0.00888864 0.00359861 0.0062709 0.00528374 -0.00469039 -0.00869891 0.0053783 0.00424118 -0.00439352
internal_weight=33311.9 27672.2 20295.7 16540.5 15200.6 3755.24 7376.5 5580 5360.51 1796.5 1433.66 5639.67 5259.23 2821.85
internal_count=180000 153914 117836 93595 86791 24241 36078 26431 25536 9647 8023 26086 24431 17559
is_linear=0
shrinkage=0.035


Tree=92
num_leaves=15
num_cat=0
split_feature=17 3 23 23 21 24 24 23 23 8 17 22 24 24
split_gain=156.939 159.721 116.028 136.367 157.961 124.824 93.5649 110.964 113.132 107.19 89.7463 89.0764 138.401 73.8578
threshold=0.053820881992578513 -0.18094311654567716 0.14419928938150409 0.15895815938711169 0.053489156067371375 0.031256623566150672 0.030258984304964546 0.12251868098974229 0.20932535827159884 -0.21679798513650891 0.11145790293812753 0.21714888513088229 0.031670397147536285 0.030696987174451355
decision_type=8 2 2 2 2 2 2 2 2 2 8 2 2 2
left_child=1 2 13 5 -5 -4 7 9 -9 -3 -2 -8 -13 -1
right_child=10 6 3 4 -6 -7 11 8 -10 -11 -12 12 -14 -15
leaf_value=0.0095355057369432283 0.0022531154796502188 0.0098686219888275539 -0.021936066642075744 0.0039498840784438615 -0.018638135580333979 0.0049493193722700063 -0.0163076570215075 -0.010555368981712195 0.0053031156436060545 -0.0033762134818625463 0.014279292627453729 -0.01025036155951215 0.0015659302471306888 -0.00032820073533956887
leaf_weight=2605.8747345209122 12065.583766758442 1516.1691578775644 673.21417283266783 3013.9996132068336 423.67092318832874 301.80581661313772 1142.0038158297539 2047.1239568553865 745.64413601160049 1461.4674448892474 801.92585657536983 3004.4523083120584 2029.3522251546383 1441.8628049008548
leaf_count=13126 52920 7104 4299 17477 3101 1973 9339 12485 4836 8177 3571 20012 13022 8558
internal_value=-1.25897e-05 -0.001921 0.00175729 -0.00216659 0.00112007 -0.0136483 -0.0045253 -0.00131708 -0.00631748 0.00337832 0.00301311 -0.00751595 -0.00549302 0.00602976
internal_weight=33274.2 20406.6 8460.43 4412.69 3437.67 975.02 11946.2 5770.4 2792.77 2977.64 12867.5 6175.81 5033.8 4047.74
internal_count=180000 123509 48534 26850 20578 6272 74975 32602 17321 15281 56491 42373 33034 21684
is_linear=0
shrinkage=0.035


Tree=93
num_leaves=15
num_cat=0
split_feature=17 21 22 24 17 23 20 20 8 23 20 19 23 6
split_gain=153.219 134.313 411.195 419.645 208.306 208.054 398.144 212.466 167.195 120.042 127.136 73.185 59.0319 38.6555
threshold=0.022354741580784324 0.017405906692147258 0.33232145011425024 0.027459150180220607 0.064813114702701582 0.15720312297344211 -0.032916955649852746 -0.02400617208331823 -0.32569709420204157 0.23214909434318545 0.0018746108398772778 0.17116747051477435 0.21352105587720874 0.21179386973381045
decision_type=8 2 2 2 8 2 2 2 2 2 2 2 2 2
left_child=13 2 3 12 -5 7 -7 -3 -9 10 -4 -8 -2 -1
right_child=1 5 9 4 -6 6 11 8 -10 -11 -12 -13 -14 -15
leaf_value=-0.014979284253939464 0.012548745358493594 -0.016876886215111322 0.0047874522325920483 -0.0052193220979683515 0.0040227833274320748 0.026258558187855101 -0.023140052074695029 0.0072989855093081417 -0.0030790173870180442 0.02725264569431686 0.017188433195609264 -0.0073430699058461731 0.031113350407586997 0.029362433469172312
leaf_weight=916.38493273407221 1568.9014364033937 853.88262835890055 3054.3081747926772 10661.649696737528 4140.4140663743019 269.4492349550128 1287.6536709219217 3348.77487770468 4374.4886344708502 478.31080478057265 1514.2031452506781 513.85334178805351 240.86256401985884 15.756408363580702
leaf_count=11626 7486 4877 15000 59437 17434 1258 8568 16493 24230 2694 7026 2466 1267 138
internal_value=-1.28804e-05 0.000392739 0.00197486 -0.000684892 -0.00263316 -0.00282418 -0.0127521 -0.000415029 0.00142446 0.0107136 0.00892624 -0.0186996 0.0151769 -0.0139261
internal_weight=33238.9 32306.8 21658.6 16611.8 14802.1 10648.1 2070.96 8577.15 7723.26 5046.82 4568.51 1801.51 1809.76 932.141
internal_count=180000 168236 110344 85624 76871 57892 12292 45600 40723 24720 22026 11034 8753 11764
is_linear=0
shrinkage=0.035


Tree=94
num_leaves=15
num_cat=0
split_feature=17 20 8 21 24 15 24 10 3 16 20 21 14 3
split_gain=148.191 138.786 137.598 139.195 181.328 131.43 112.215 81.1518 75.1357 73.8285 78.2671 92.2666 75.7732 65.0294
threshold=0.038049036636948592 -0.055912442505359643 -0.1912034675478935 0.053489156067371375 0.027459150180220607 22.089489936828617 0.027712903916835788 1.2975878715515139 0.99590560793876659 1.422317683696747 -0.091513566672801958 -0.14243798702955243 1.044004023075104 -0.19292420893907544
decision_type=8 2 2 2 2 2 2 2 2 2 2 2 2 2
left_child=1 -1 3 4 -3 9 -5 13 -4 10 -2 -12 -11 -7
right_child=5 2 8 6 -6 7 -8 -9 -10 12 11 -13 -14 -15
leaf_value=-0.019754456488258333 -0.010264826870317397 0.01676234836364484 -0.011410418878826893 -0.023084590112993759 -0.00048153567957610785 0.0078754933660036865 -0.0026873837696721596 0.018065946434369401 0.040194336917491615 -0.010750850943549313 0.020690231401080963 0.00097180212658357122 -0.00067709735551133693 0.001829134638476005
leaf_weight=610.58926651254296 720.43237359821796 894.51548686623573 2004.4482301622629 493.04264273867011 4287.260551456362 3063.6608917340636 971.91653605923057 487.25779254734516 25.597630515694618 1628.838782414794 291.54736074060202 8122.6938539147377 2073.278789639473 7517.7510117441416
leaf_count=6738 4871 4517 17675 4068 27070 13847 7403 2193 172 8086 1298 38086 10019 33957
internal_value=-1.20045e-05 -0.00376161 -0.00261474 -0.000174079 0.00252178 0.0014457 -0.00966218 0.00423871 -0.0105659 -0.000964039 0.000726619 0.00167878 -0.00512632 0.00358553
internal_weight=33192.8 9287.37 8676.78 6646.74 5181.78 23905.5 1464.96 11068.7 2030.05 12836.8 9134.67 8414.24 3702.12 10581.4
internal_count=180000 67643 60905 43058 31587 112357 11471 49997 17847 62360 44255 39384 18105 47804
is_linear=0
shrinkage=0.035


Tree=95
num_leaves=15
num_cat=0
split_feature=4 11 23 24 22 16 14 3 21 10 22 22 23 21
split_gain=143.667 168.781 124.981 206.89 162.278 112.101 109.149 95.6112 73.4516 71.8972 66.8264 62.998 59.3811 49.2022
threshold=0.069474250078201308 0.19792443513870242 0.089377358555793776 0.030956145375967029 0.40473736822605139 2.0612787008285527 0.24212542176246646 0.66682943701744091 0.017405906692147258 0.87198907136917125 0.39354364573955541 0.39701244235038763 0.14171040058135989 -0.14243798702955243
decision_type=2 2 2 2 2 2 2 2 2 2 2 2 2 2
left_child=1 7 3 4 -3 6 -4 11 13 -7 -5 -1 -10 -2
right_child=8 2 5 10 -6 9 -8 -9 12 -11 -12 -13 -14 -15
leaf_value=-0.015377937232901972 0.028778116972551337 0.015738255471227158 -0.0065583583155998625 -0.016574034759104316 -0.0061395087618151042 -0.012375965971787318 0.00069431828633987811 0.041096446593241229 0.0036163747938821253 0.0037224882910604873 0.003689268152749137 -0.0028193083783513016 -0.009231875451153804 0.0073683880175365547
leaf_weight=1469.4143313542008 128.49519446492195 1961.3271798491478 2979.6558303907514 516.61631424725056 520.34036596119404 1606.0923182666302 16963.615365341306 34.052307341247797 1570.7306260988116 425.34266702830791 315.84151086211205 738.95523967221379 600.97036347910762 3323.5313860848546
leaf_count=16785 576 8306 14251 2719 2607 7721 91609 271 7628 1791 1660 6194 3038 14844
internal_value=-1.16416e-05 -0.00105335 -0.000235549 0.00608978 0.0111448 -0.00119184 -0.000392023 -0.0102341 0.00508092 -0.00900354 -0.00893343 -0.0112073 3.48866e-05 0.00824615
internal_weight=33155 27531.3 25288.8 3314.13 2481.67 21974.7 19943.3 2242.42 5623.73 2031.43 832.458 2208.37 2171.7 3452.03
internal_count=180000 153914 130664 15292 10913 115372 105860 23250 26086 9512 4379 22979 10666 15420
is_linear=0
shrinkage=0.035


Tree=96
num_leaves=15
num_cat=0
split_feature=8 19 21 24 22 24 23 20 23 20 21 20 21 22
split_gain=142.827 188.142 152.061 252.837 233.215 172.761 118.747 117.327 114.55 124.854 104.753 101.062 106.588 98.8526
threshold=-0.45062938332557673 0.18825316429138186 0.053489156067371375 0.027459150180220607 0.3397038877010346 0.027712903916835788 0.21982385218143466 -0.055912442505359643 0.34108707308769232 -0.084638353437185274 -0.10443458333611487 -0.010904236696660517 -0.053123654797673218 0.16933333873748782
decision_type=2 2 2 2 2 2 2 2 2 2 2 2 2 2
left_child=6 2 3 -2 -5 -4 7 -1 11 -10 -9 12 -8 -12
right_child=1 -3 5 4 -6 -7 8 10 9 -11 13 -13 -14 -15
leaf_value=-0.0089468328034638459 0.012887235731663818 0.0037833353089738904 -0.023143795026418171 -0.0067717840368427583 0.0027641076011686444 -0.0051559220706391025 -0.010925434961176339 0.026107341018898188 -0.007829245941675448 0.017265068651957989 -0.0152475620007523 -0.019564487909221211 0.021217993538109613 0.0073505947920939471
leaf_weight=570.98998465761542 1318.7201683223248 6345.8680852800608 881.07676265016198 8204.7684520035982 5080.2218158841133 2492.3662189729512 333.04761549457908 341.6852018982172 446.01570482552052 511.92109467089176 238.64329149201512 661.9691457003355 190.10373874753714 5508.258978035301
leaf_count=3337 6676 29189 6687 48854 29327 16450 2254 1477 2721 2135 1253 3247 961 25432
internal_value=-1.10761e-05 -0.00139373 -0.0032223 -0.00167207 -0.00312589 -0.00990852 0.00380666 0.00611056 -0.00334786 0.00562097 0.007535 -0.0105838 0.000933798 0.00638734
internal_weight=33125.7 24323 17977.2 14603.7 13285 3373.44 8802.63 6659.58 2143.06 957.937 6088.59 1185.12 523.151 5746.9
internal_count=180000 137183 107994 84857 78181 23137 42817 31499 11318 4856 28162 6462 3215 26685
is_linear=0
shrinkage=0.035


Tree=97
num_leaves=15
num_cat=0
split_feature=17 3 3 23 23 20 2 14 20 22 11 3 22 3
split_gain=136.347 121.704 134.074 98.505 309.903 110.44 94.5954 105.663 80.3394 128.292 61.6929 43.2229 39.932 38.7243
threshold=0.022354741580784324 -0.21618927270174024 0.48615336418151861 0.26067323982715612 0.34108707308769232 -0.084638353437185274 0.17262873798608783 0.31046336889266973 -0.055912442505359643 0.15084906667470935 0.46500721573829656 0.030159357935190204 0.29388138651847845 0.56573882699012767
decision_type=8 2 2 2 2 2 2 2 2 2 2 2 2 2
left_child=13 3 6 8 10 -6 7 -3 12 -10 -5 -8 -2 -1
right_child=1 2 -4 4 5 -7 11 -9 9 -11 -12 -13 -14 -15
leaf_value=-0.014270685306365155 -0.011416396019445777 -0.011274066405269895 0.0042357127176432278 -0.023361888555415634 -0.0057045248753443047 0.017834571775609927 0.0056726005066665237 -0.002787601231455856 0.035028959130502087 0.0048034252758686648 -0.001402532950455461 -0.0012130746283452083 0.019369899015175822 0.033941206142570887
leaf_weight=899.05173128098249 494.34825041145086 2229.8300209268928 4269.2176749669015 719.83992190286517 381.21243205666542 650.32605941221118 1806.7895093970001 9156.2681666351855 165.64090999215841 9157.8417819328606 201.27339823544025 2891.2255188561976 48.397117152810097 11.664646871387957
leaf_count=11661 2929 11412 19350 4361 2406 2869 8808 54985 713 45310 882 13906 305 103
internal_value=-1.11275e-05 0.000368813 -0.00127149 0.00319228 -0.00397513 0.00916428 -0.002735 -0.00445801 0.00461339 0.00537737 -0.0186301 0.00144148 -0.00837039 -0.0132912
internal_weight=33082.9 32172.2 20353.3 11818.9 1952.65 1031.54 16084.1 11386.1 9866.23 9323.48 921.113 4698.02 542.745 910.716
internal_count=180000 168236 108461 59775 10518 5275 89111 66397 49257 46023 5243 22714 3234 11764
is_linear=0
shrinkage=0.035


Tree=98
num_leaves=15
num_cat=0
split_feature=21 22 24 17 23 21 20 24 20 23 20 24 22 19
split_gain=133.762 359.534 367.506 226.784 188.911 162.391 162.383 272.193 221.941 111.413 113.11 192.492 91.8744 88.4661
threshold=0.017405906692147258 0.33232145011425024 0.027459150180220607 0.039463229477405555 0.21094057708978656 -0.026244873180985447 -0.035681441426277154 0.027712903916835788 -0.02400617208331823 0.23214909434318545 0.0018746108398772778 0.030696987174451355 0.21714888513088229 0.17116747051477435
decision_type=2 2 2 8 2 2 2 2 2 2 2 2 2 2
left_child=1 2 -1 12 6 -5 -2 13 -9 10 11 -3 -4 -8
right_child=4 9 3 5 -6 -7 7 8 -10 -11 -12 -13 -14 -15
leaf_value=0.013593664687831962 0.023928846731037939 0.0096911945462946139 -0.016734630392350524 0.0017408064571684742 -0.021246068251663516 -0.0086485609343155048 -0.020379193447330326 -0.016853372857495913 0.0017266604040312857 0.025368588532706762 0.015499225947575199 -0.0090502638492188803 -0.0053984953530637307 -0.0010547673788153095
leaf_weight=1884.1632765009999 277.71696405857801 2216.0021815747023 1581.6676868163049 9109.3811694607139 655.38894227147102 2299.7955601066351 1233.5826826430857 869.1927578933537 7545.9350477866828 486.53984154388309 1583.4887683838606 952.19065692275763 1979.7395293489099 380.01177719980478
leaf_count=9448 1341 10694 13719 43266 3850 10271 8803 5237 41881 2785 7739 5596 13476 1894
internal_value=-1.05538e-05 0.00155765 -0.000932731 -0.00276884 -0.00316972 -0.000359162 -0.00200076 -0.00274192 -0.000210184 0.00955731 0.00788847 0.00404775 -0.0104658 -0.0158627
internal_weight=33054.8 22093 16854.7 14970.6 10961.8 11409.2 10306.4 10028.7 8415.13 5238.22 4751.68 3168.19 3561.41 1613.59
internal_count=180000 116994 90180 80732 63006 53537 59156 57815 47118 26814 24029 16290 27195 10697
is_linear=0
shrinkage=0.035


Tree=99
num_leaves=15
num_cat=0
split_feature=8 19 21 24 22 24 23 21 22 24 23 20 20 21
split_gain=132.293 169.309 136.925 219.2 211.418 155.233 107.636 105.307 113.263 141.579 101.591 110.971 91.2619 93.4365
threshold=-0.45062938332557673 0.18825316429138186 0.053489156067371375 0.027459150180220607 0.21714888513088229 0.027712903916835788 0.21982385218143466 -0.11719527095556258 0.1998756751418114 0.027267058379948143 0.34108707308769232 -0.084638353437185274 -0.010904236696660517 -0.053123654797673218
decision_type=2 2 2 2 2 2 2 2 2 2 2 2 2 2
left_child=6 2 3 -2 -5 -4 7 -1 9 -9 12 -12 13 -8
right_child=1 -3 5 4 -6 -7 10 8 -10 -11 11 -13 -14 -15
leaf_value=0.026814672985324899 0.011949770913001997 0.0035672130567338139 -0.022186466532235587 -0.010591783204319116 -0.00040531962744699525 -0.0049799475536568315 -0.010340963212801755 0.020434058388202388 0.0074073166014146305 -0.0088039968459751369 -0.0074752899826365923 0.016212678208237997 -0.018669252595069411 0.019755418449241877
leaf_weight=271.88424507528543 1316.9890874251723 6340.0412280596793 860.48705315217376 3326.6231144107878 9909.4711131304502 2484.5679938718677 328.61116887256503 235.1049632281065 4966.5041930712759 1173.3604443892837 443.23581481724977 512.72775937616825 651.38859764486551 191.61956141889095
leaf_count=1115 6676 29189 6687 22423 55758 16450 2254 1141 22773 6470 2721 2135 3247 961
internal_value=-1.07816e-05 -0.00134394 -0.00308463 -0.00161395 -0.00297154 -0.00945911 0.00366922 0.00586033 0.00492606 -0.00381385 -0.00317151 0.00526598 -0.0100423 0.00090812
internal_weight=33012.6 24238.2 17898.1 14553.1 13236.1 3345.06 8774.44 6646.85 6374.97 1408.47 2127.58 955.964 1171.62 520.231
internal_count=180000 137183 107994 84857 78181 23137 42817 31499 30384 7611 11318 4856 6462 3215
is_linear=0
shrinkage=0.035


Tree=100
num_leaves=15
num_cat=0
split_feature=4 8 23 21 22 23 21 22 21 22 2 23 23 4
split_gain=129.303 141.933 140.731 151.061 148.619 141.647 126.965 200.621 211.015 96.5268 85.3186 84.9537 68.047 62.3977
threshold=0.19546860456466678 -0.39598220586776728 0.21982385218143466 -0.11719527095556258 0.1998756751418114 0.34108707308769232 0.017405906692147258 0.33232145011425024 -0.026244873180985447 0.29388138651847845 0.17262873798608783 0.23214909434318545 0.21094057708978656 0.016226584091782573
decision_type=2 2 2 2 2 2 2 2 2 2 2 2 2 2
left_child=1 2 3 -1 -5 9 7 8 -3 -4 12 -9 -8 -7
right_child=-2 6 5 4 -6 13 10 11 -10 -11 -12 -13 -14 -15
leaf_value=0.026204230587245608 0.01067149919622975 -0.00039038060458473526 -0.016953243498993961 -0.0050678947114528661 0.0061254037616595659 -0.00014565055203767769 -0.008203104655252617 0.0049130498632418826 -0.013857469734813993 0.0028820916373314175 -0.0014346746961062125 0.02294829987743217 -0.028422809325111643 0.017782483204133732
leaf_weight=373.44154968112707 1322.0992694199085 7393.6635421328247 1090.8444131091237 1838.6945778168738 6804.9039706140757 960.26707794517279 3901.7141342684627 3373.2594522275031 1755.8375660292804 409.80995859578252 2883.250814538449 345.01150659844279 207.4469198435545 306.02393588423729
leaf_count=1551 5796 42320 6447 10205 32075 5174 27281 17676 9955 2081 14477 2064 1541 1357
internal_value=-1.05235e-05 -0.000460051 0.00258168 0.00469953 0.00374122 -0.00431214 -0.00226524 -0.000201219 -0.00298709 -0.0115532 -0.00605785 0.00664357 -0.0092904 0.00429241
internal_weight=32966.3 31644.2 11784 9017.04 8643.6 2766.95 19860.2 12867.8 9149.5 1500.65 6992.41 3718.27 4109.16 1266.29
internal_count=180000 174204 58890 43831 42280 15059 115314 72015 52275 8528 43299 19740 28822 6531
is_linear=0
shrinkage=0.035


Tree=101
num_leaves=15
num_cat=0
split_feature=11 17 23 20 23 21 24 24 14 2 17 21 22 15
split_gain=126.883 105.242 115.375 209.463 171.389 190.336 166.441 154.389 80.5156 69.47 53.6941 51.305 116.751 51.178
threshold=0.39071348309516912 0.018930126912891868 0.14419928938150409 -0.025503730401396748 0.15895815938711169 0.022596485912799839 0.030696987174451355 0.031256623566150672 0.28770089149475103 0.23970490694046023 0.11145790293812753 -0.046499745920300477 0.23155066370964053 21.688336372375492
decision_type=2 8 2 2 2 2 2 2 2 2 8 2 2 2
left_child=1 -1 3 -3 7 -6 -5 -4 9 -2 11 12 -10 -13
right_child=8 2 4 6 5 -7 -8 -9 10 -11 -12 13 -14 -15
leaf_value=-0.018999925852472267 -0.0056807441337245745 -0.013976236613780477 -0.021850525381657486 0.0061247386374537489 0.00072436936302378171 -0.013239645411232124 -0.0029165773345059486 -0.00056626816807228968 0.0025847654783072728 0.0074871576225760614 0.014164449352948876 -0.0040319350121821593 0.015966361832266882 0.0039491275040202884
leaf_weight=406.75601678341627 1957.2840919271111 1013.7718851454556 1101.8867582194507 6404.3274821899831 6503.2988091483712 1454.8788546733558 4073.4168907627463 669.34269671142101 2514.8912646025419 644.52827145159245 656.40451756119728 1480.8858751356602 1163.8446560055017 2888.310110874474
leaf_count=5873 8767 6103 7257 32315 40802 9581 24625 4093 11687 2732 2958 6276 4598 12333
internal_value=-1.0311e-05 -0.00158089 -0.00123821 0.0011362 -0.00404095 -0.00184188 0.00261033 -0.0138556 0.00299281 -0.00240258 0.00460645 0.00381027 0.00685012 0.00124101
internal_weight=32933.8 21627.7 21220.9 11491.5 9729.41 7958.18 10477.7 1771.23 11306.1 2601.81 8704.34 8047.93 3678.74 4369.2
internal_count=180000 130649 124776 63043 61733 50383 56940 11350 49351 11499 37852 34894 16285 18609
is_linear=0
shrinkage=0.035


Tree=102
num_leaves=15
num_cat=0
split_feature=3 3 17 19 1 23 23 21 2 16 23 21 22 24
split_gain=125.164 144.498 102.566 91.8118 90.2283 97.2512 212.353 119.93 68.0126 109.248 63.7756 60.2708 41.8524 53.6907
threshold=-0.21618927270174024 0.48615336418151861 0.028516206890344623 0.25492268800735479 -0.015941585414111611 0.26067323982715612 0.34108707308769232 -0.11719527095556258 0.19311680644750598 1.8775122761726382 0.14419928938150409 0.053489156067371375 0.39701244235038763 0.026439630426466468
decision_type=2 2 8 2 2 2 2 2 2 2 2 2 2 2
left_child=3 2 12 4 5 7 -7 -1 9 -4 -6 -12 13 -2
right_child=1 -3 8 -5 10 6 -8 -9 -10 -11 11 -13 -14 -15
leaf_value=0.024842123269000413 0.0094442734651496094 0.0040877582185104497 -0.0021979776998051728 0.012593660925234609 0.0016558045674395143 -0.019137964013369063 0.0074604263339542818 0.0047351006697721031 0.0016131432443388109 -0.012547399204958875 -0.0037912391337049868 -0.019154272347304033 -0.0023078076461217805 -0.015805718097417421
leaf_weight=379.7769633680582 105.55954717099667 4271.8939244411886 8999.0210029855371 1065.7591891288757 1881.2291464619339 632.65215634927154 850.57972079887986 5561.7394829802215 4242.9343703389168 1442.2888570725918 1221.9149656146765 413.86476309970021 536.20583536103368 1293.0868525952101
leaf_count=1642 677 19472 49932 4687 9653 3976 4472 28738 19983 7464 6321 2862 4668 15453
internal_value=-1.05961e-05 -0.00164708 -0.00312277 0.0028356 0.0018745 0.00406024 -0.00393694 0.00605991 -0.0021208 -0.00363821 -0.00273824 -0.00777097 -0.0106771 -0.0138465
internal_weight=32898.5 20891 16619.1 12007.5 10941.8 7424.75 1483.23 5941.52 14684.2 10441.3 3517.01 1635.78 1934.85 1398.65
internal_count=180000 117649 98177 62351 57664 38828 8448 30380 77379 57396 18836 9183 20798 16130
is_linear=0
shrinkage=0.035


Tree=103
num_leaves=15
num_cat=0
split_feature=3 3 19 2 23 11 23 24 24 22 22 24 9 22
split_gain=118.48 149.872 95.8062 94.0541 93.4707 89.1629 77.7962 76.1102 106.27 100.377 54.546 73.1557 40.9157 62.7632
threshold=-0.16903085261583325 0.48615336418151861 0.25492268800735479 0.17262873798608783 0.089377358555793776 0.22077568620443347 0.26067323982715612 0.030956145375967029 0.031350089237093932 0.26030193269252783 0.40473736822605139 0.030956145375967029 0.25765612721443182 0.28268262743949896
decision_type=2 2 2 2 2 2 2 2 2 2 2 2 2 2
left_child=2 3 4 7 10 -6 -7 9 -9 -2 11 -1 13 -3
right_child=1 12 -4 -5 5 6 -8 8 -10 -11 -12 -13 -14 -15
leaf_value=0.017478734580547668 0.0022598890068846332 -0.013487213430111901 0.011538933041410493 0.00076970168428164558 -0.0087222025177276438 0.002992471381573878 -0.0047703839108067013 -0.019108662972500755 -0.0059190236507436749 -0.0069443212597229192 -0.005602205217557909 -0.0018125036358971598 0.0034758977851626215 0.050971693225579505
leaf_weight=936.76218320429325 2680.897545453161 23.195489570498466 1275.5511792860925 4411.775383464992 1162.9574973657727 8077.3584270179272 1956.4016988426447 952.84880002215505 3440.0526153333485 3145.1600494720042 234.341467641294 320.58275908231735 4207.3865722343326 42.589560903608799
leaf_count=4225 15827 187 5628 21638 10630 39970 10816 6978 22795 19061 1265 1695 19005 280
internal_value=-1.06305e-05 -0.00181631 0.00243338 -0.0035002 0.00150965 0.000409569 0.00147561 -0.00534258 -0.00881684 -0.00271233 0.0097092 0.0125846 0.00394382 0.0294631
internal_weight=32867.9 18903.9 13964 14630.7 12688.4 11196.7 10033.8 10219 4392.9 5826.06 1491.69 1257.34 4273.17 65.7851
internal_count=180000 105771 74229 86299 68601 61416 50786 64661 29773 34888 7185 5920 19472 467
is_linear=0
shrinkage=0.035


Tree=104
num_leaves=15
num_cat=0
split_feature=17 15 10 19 1 23 24 15 24 4 21 3 3 21
split_gain=115.227 103.178 77.1684 71.7284 69.6628 72.8336 88.481 80.98 74.5918 68.8426 110.211 62.5215 59.3007 57.6404
threshold=0.032349450513720519 22.089489936828617 1.2975878715515139 -0.17342286556959149 -0.023583168163895604 0.10932076349854471 0.030696987174451355 22.229948043823246 0.027459150180220607 -0.015874451026320454 -0.14243798702955243 -0.15737624466419217 0.99590560793876659 0.053489156067371375
decision_type=8 2 2 2 2 2 2 2 2 2 2 2 2 2
left_child=4 3 11 -2 5 6 7 -1 13 -5 -11 -3 -6 -7
right_child=1 2 -4 9 12 8 -8 -9 -10 10 -12 -13 -14 -15
leaf_value=0.017213804762656139 0.0036759929772814024 0.0064247179429009205 0.016913150868201211 -0.0053062882854802334 -0.010572564000811909 0.012005830622152696 -0.010675112182960713 -0.0094927582493134922 -0.0088657521110509143 0.021696839008630404 -0.00086249489270273194 0.0009472767284694699 0.040476078052360663 -0.021201160706400719
leaf_weight=641.94118209555745 3190.2370246425271 3783.2823805436492 480.8661999553442 5117.084091514349 1978.3921964578331 397.88588905334473 289.4971708394587 169.81543303281069 1645.1503657884896 265.75956941395998 6972.822303570807 7819.2549174502492 18.656927332282066 66.553295958787203
leaf_count=3539 15149 17703 2200 27418 19369 2146 2537 1021 14645 1239 35623 36553 136 722
internal_value=-1.02386e-05 0.000890328 0.00331498 -0.000995203 -0.00478054 -0.00157781 0.00568572 0.0115794 -0.00537848 -0.0022033 -5.45453e-06 0.00273732 -0.00989636 0.00690076
internal_weight=32837.2 27629.3 12083.4 15545.9 5207.89 3210.84 1101.25 811.757 2109.59 12355.7 7238.58 11602.5 1997.05 464.439
internal_count=180000 135885 56456 79429 44115 24610 7097 4560 17513 64280 36862 54256 19505 2868
is_linear=0
shrinkage=0.035


Tree=105
num_leaves=15
num_cat=0
split_feature=17 17 24 20 21 22 20 17 10 6 16 7 24 8
split_gain=112.658 99.7409 123.875 119.766 157.823 156.585 77.3508 40.5992 35.8522 39.0664 30.3551 19.3322 12.9152 19.7415
threshold=0.022354741580784324 0.11145790293812753 0.036809016019105918 -0.055912442505359643 0.017405906692147258 0.29388138651847845 0.059344515204429633 0.058661280199885375 0.24410899728536609 0.21179386973381045 0.64042240381240856 -0.11812257021665572 0.030150655657052997 -0.32569709420204157
decision_type=8 8 2 2 2 2 2 10 2 2 2 2 2 2
left_child=8 2 3 5 -5 -2 7 -4 9 10 11 -1 13 -10
right_child=1 -3 6 4 -6 -7 -8 -9 12 -11 -12 -13 -14 -15
leaf_value=0.033778403409462754 -0.0071183727578806987 0.012564052157202205 -0.028711666582974894 0.0033300039773225864 -0.0022285920149767691 0.023643853948910241 0.0036087188567792442 -0.0096119803121972984 0.011449248927112876 0.031573482667469836 -0.022989511319459591 -0.010714088345662242 -0.012198478060877132 -0.0075810869293655115
leaf_weight=11.653400361537935 3611.6777265258133 786.280567958951 309.60175521299243 16433.973588708788 10091.743937857449 205.06181637570262 229.30296418443322 263.49889100342989 104.14920549094677 9.6710321791470033 426.20680190622807 19.001376517117023 156.18851817771792 150.92106937244534
leaf_count=127 23375 3571 2102 79803 55806 1347 1070 1162 766 86 6817 269 2131 1568
internal_value=-9.55219e-06 0.000332273 1.95373e-05 0.000380538 0.00121519 -0.00540814 -0.0134682 -0.0202455 -0.0123077 -0.0188579 -0.0205789 0.010348 -0.00460591 0.000328087
internal_weight=32808.9 31931.1 31144.9 30342.5 26525.7 3816.74 802.404 573.101 877.791 466.533 456.862 30.6548 411.259 255.07
internal_count=180000 168236 164665 160331 135609 24722 4334 3264 11764 7299 7213 396 4465 2334
is_linear=0
shrinkage=0.035


Tree=106
num_leaves=15
num_cat=0
split_feature=4 8 23 21 22 23 20 21 22 21 20 20 20 23
split_gain=111.24 122.945 123.492 131.851 133.715 126.545 126.909 106.936 182.487 192.14 98.4049 84.3871 135.362 79.3447
threshold=0.19546860456466678 -0.39598220586776728 0.21982385218143466 -0.11719527095556258 0.1998756751418114 0.34108707308769232 -0.010904236696660517 0.017405906692147258 0.33232145011425024 -0.026244873180985447 -0.084638353437185274 -0.035681441426277154 -0.02400617208331823 0.23214909434318545
decision_type=2 2 2 2 2 2 2 2 2 2 2 2 2 2
left_child=1 2 3 -1 -5 6 -4 8 9 -3 -7 -9 -13 -10
right_child=-2 7 5 4 -6 10 -8 11 13 -11 -12 12 -14 -15
leaf_value=0.024475267255349823 0.0099325265690360064 -0.00041139187505581404 0.00027016275698333209 -0.0048864453998381388 0.005754139335708711 -0.0066739614632343337 -0.020247391590045148 0.019135676224456031 0.0046317881222859483 -0.013329747270528637 0.012802704457860255 -0.020354711132022443 -0.004471612155573808 0.022023744424980774
leaf_weight=373.62404952943325 1313.066538952291 7360.7616721503437 672.51746935397387 1829.4437610507011 6789.8201133273542 570.32961866632104 808.37482317909598 155.33558936044574 3364.8710762485862 1734.894127804786 694.48321014642715 729.3549569286406 6038.7612121999264 346.75466391071677
leaf_count=1551 5796 42320 4307 10205 32075 3591 4221 786 17676 9955 2940 5021 37492 2064
internal_value=-9.32157e-06 -0.000427171 0.00240784 0.0043906 0.00349262 -0.00407858 -0.0109904 -0.0021142 -0.000218651 -0.00288736 0.00403682 -0.00561528 -0.00621073 0.00631142
internal_weight=32782.4 31469.3 11738.6 8992.89 8619.26 2745.71 1480.89 19730.7 12807.3 9095.66 1264.81 6923.45 6768.12 3711.63
internal_count=180000 174204 58890 43831 42280 15059 8528 115314 72015 52275 6531 43299 42513 19740
is_linear=0
shrinkage=0.035


Tree=107
num_leaves=15
num_cat=0
split_feature=4 12 3 3 23 21 23 20 23 23 23 20 21 20
split_gain=107.972 155.458 101.664 110.977 89.2142 88.743 190.265 61.9634 62.3975 61.8291 68.1721 60.0393 58.8203 53.3727
threshold=0.069474250078201308 1.0660135746002199 -0.13331383466720578 0.56573882699012767 0.39372026920318609 -0.16446474939584729 0.26067323982715612 -0.055912442505359643 0.21982385218143466 0.34108707308769232 0.28368386626243597 0.037173081189394004 -0.067441847175359712 0.03655372932553292
decision_type=2 2 2 2 2 2 2 2 2 2 2 2 2 2
left_child=1 2 7 11 5 -3 -7 12 -9 10 13 -4 -1 -2
right_child=9 4 3 -5 -6 6 -8 8 -10 -11 -12 -13 -14 -15
leaf_value=0.0022588755390747671 0.0071564347282412734 0.013403291208166381 -0.0017589142597068117 0.0055038988391812992 0.0064362749521453856 -0.0039256825653367147 -0.018394950752172037 0.0059367735238948375 -0.0070796127301679373 0.017931103829448677 -0.010419430522543866 -0.00960436043040498 -0.020680870210808576 -0.0006765749275587917
leaf_weight=334.59468724951148 3210.4766994342208 284.64625036343932 6285.5367117077112 2286.9659139215946 829.38438121601939 7233.9336258880794 1307.9664001949131 6454.2600435465574 476.72634845599532 377.02604733780026 393.65555073320866 1467.46363998577 219.76779760420322 1590.1510628387332
leaf_count=2275 14918 1640 37582 10377 4204 40628 9016 35126 2618 1655 1779 8749 1699 7734
internal_value=-8.99327e-06 -0.00091916 0.00104569 -0.00125584 -0.00448271 -0.00551483 -0.00616019 0.00413024 0.00503257 0.00442521 0.00341231 -0.00325433 -0.00704051 0.00456583
internal_weight=32752.6 27181.2 17525.3 10040 9655.93 8826.55 8541.9 7485.35 6930.99 5571.31 5194.28 7753 554.362 4800.63
internal_count=180000 153914 98426 56708 55488 51284 49644 41718 37744 26086 24431 46331 3974 22652
is_linear=0
shrinkage=0.035


Tree=108
num_leaves=15
num_cat=0
split_feature=17 17 24 20 22 20 20 10 14 6 16 17 15 23
split_gain=106.068 96.7174 121.844 118.922 153.652 150.673 84.3103 32.8107 34.8289 27.8772 21.1195 20.6797 14.0311 13.4868
threshold=0.018930126912891868 0.090809904038906111 0.036809016019105918 -0.055912442505359643 0.29388138651847845 0.037173081189394004 0.059344515204429633 1.2975878715515139 1.3907613158226015 0.11769914999604227 2.2764608860015874 0.058661280199885375 21.222558021545414 0.087692510336637511
decision_type=8 8 2 2 2 2 2 2 2 2 2 10 2 2
left_child=9 2 3 4 -2 -5 11 8 10 12 -3 -4 13 -1
right_child=1 7 6 5 -6 -7 -8 -9 -10 -11 -12 -13 -14 -15
leaf_value=0.0024454152331112471 -0.0076856889534550141 0.0041406400765696978 -0.027915713029509778 0.0023413748632126804 0.023512616151935364 -0.0039875856106913353 0.0039563673465458672 0.016056298750745709 0.010819019998480306 0.020810590375969669 -0.0069799502287852776 -0.01253761020962544 -0.027300451061938822 -0.017631184110685382
leaf_weight=51.821311321109533 3382.6221178807318 685.11015207320452 302.07915384694934 19917.802692893893 195.47295290976763 5984.2574673816562 212.59765576198697 420.26065009832382 746.50572271645069 13.927893370389937 289.37411740422249 205.029955111444 171.21436540409923 152.5905937217176
leaf_count=575 22888 2956 2163 104264 1322 32067 1024 1947 3305 184 1243 939 2704 2419
internal_value=-9.0995e-06 0.00021226 -0.000298405 5.12852e-05 -0.00592053 0.000878195 -0.0144266 0.00738251 0.00518387 -0.0179319 0.000801013 -0.0220609 -0.0198708 -0.0126648
internal_weight=32730.7 32341.1 30199.9 29480.2 3578.1 25902.1 719.707 2141.25 1720.99 389.554 974.484 507.109 375.626 204.412
internal_count=180000 174118 164667 160541 24210 136331 4126 9451 7504 5882 4199 3102 5698 2994
is_linear=0
shrinkage=0.035


Tree=109
num_leaves=15
num_cat=0
split_feature=17 20 1 14 16 12 4 23 16 3 22 6 3 23
split_gain=103.4 96.7099 94.5723 89.5617 87.6417 85.6151 108.96 88.3938 84.3769 67.5232 64.685 53.1919 51.3457 44.8898
threshold=0.034523658454418189 -0.055912442505359643 -0.023583168163895604 0.35248254239559179 0.86778968572616588 1.0382860302925112 0.097221400588750853 0.39969968795776373 1.2926474809646609 0.99590560793876659 0.34918159246444708 0.069950636476278319 -0.13331383466720578 0.34108707308769232
decision_type=8 2 2 2 2 2 2 2 2 2 2 2 2 2
left_child=1 -1 4 8 10 12 7 -7 11 -4 -3 -2 -5 -8
right_child=3 2 9 5 -6 6 13 -9 -10 -11 -12 -13 -14 -15
leaf_value=-0.020885098649770749 -0.0033842094233560672 -0.00023821556923918144 -0.0089029466433743383 0.0077442333243549931 -0.0065174205405819892 -0.0027972296403307117 0.0046697163785863046 0.011470125406676154 -0.013044059434264165 0.041978661458942079 0.011337354528730796 0.0051660049135075509 0.0023921239131394984 0.020545632155185407
leaf_weight=378.13635902106762 3356.0179591849446 1421.1513461247087 2393.6748629063368 3683.66290923208 1349.9229492619634 8251.6677898913622 2552.9765611588955 558.75673747807741 855.80724868178368 22.649442106485367 1002.3209048472345 1202.645588003099 5448.9131810069084 230.20677964389324
leaf_count=5001 16214 9080 21642 17665 10713 43010 11510 2469 4065 151 6351 5235 25896 998
internal_value=-9.24484e-06 -0.00393176 -0.00286405 0.000977416 0.000600764 0.0020245 2.73624e-05 -0.00188042 -0.0030271 -0.00825496 0.00457623 -0.00112216 0.00455703 0.00605172
internal_weight=32708.5 6567.86 6189.72 26140.7 3773.4 20726.2 11593.6 8810.42 5414.47 2416.32 2423.47 4558.66 9132.58 2783.18
internal_count=180000 52938 47937 127062 26144 101548 57987 45479 25514 21793 15431 21449 43561 12508
is_linear=0
shrinkage=0.035


Tree=110
num_leaves=15
num_cat=0
split_feature=21 22 24 20 21 22 20 20 24 24 22 20 21 20
split_gain=102.621 280.681 292.7 247.231 183.45 272.679 158.516 266.828 226.405 148.666 110.504 83.5618 81.7307 71.4687
threshold=0.017405906692147258 0.33232145011425024 0.028159140609204773 -0.03768800571560859 -0.026244873180985447 0.21714888513088229 -0.035681441426277154 -0.02400617208331823 0.027712903916835788 0.027712903916835788 0.33232145011425024 -0.02400617208331823 -0.0049976010341197244 -0.017610163427889344
decision_type=2 2 2 2 2 2 2 2 2 2 2 2 2 2
left_child=1 2 3 -1 5 -4 -2 -8 -9 -5 -10 -3 -6 -13
right_child=6 11 4 9 12 -7 7 8 10 -11 -12 13 -14 -15
leaf_value=-0.017882636403936981 0.022865152955533475 -0.0020377147401583989 -0.0064462288265150752 0.0086745736579302967 -0.016707695155320876 0.0044803234802320117 -0.018636495802619283 -0.014382348557388062 0.0082442985107353279 0.02973458440735724 -0.0014563099042269965 0.020002753509037477 -0.0037756956670479936 0.0082315108855434312
leaf_weight=356.01642346009612 277.27920147031546 789.26689457520843 5696.3401587195694 2090.5422855727375 1499.2918974123895 5479.5974232666194 1245.4316076301038 1396.5133530013263 1878.9522464834154 506.14538929238915 6024.088067099452 763.62407979741693 1004.3025083839893 3677.7357889637351
leaf_count=2657 1341 4128 34551 10727 8426 26700 7877 9420 9796 2504 34572 4082 4615 18604
internal_value=-8.63502e-06 0.00137107 -0.000853993 0.00912117 -0.00301221 -0.00108969 -0.00279457 -0.00349032 -0.00144404 0.0128779 0.000857519 0.00843441 -0.0115558 0.0102958
internal_weight=32685.1 21862.9 16632.2 2952.7 13679.5 11175.9 10822.3 10545 9299.55 2596.69 7903.04 5230.63 2503.59 4441.36
internal_count=180000 116994 90180 15888 74292 61251 63006 61665 53788 13231 44368 26814 13041 22686
is_linear=0
shrinkage=0.035


Tree=111
num_leaves=15
num_cat=0
split_feature=8 19 21 24 24 24 23 23 20 20 21 24 21 21
split_gain=104.852 125.136 109.387 175.963 140.031 105.421 72.1477 80.0537 77.625 77.3341 97.8813 70.1368 69.6797 69.2322
threshold=-0.45062938332557673 0.18825316429138186 0.053489156067371375 0.027459150180220607 0.027712903916835788 0.027712903916835788 0.21982385218143466 0.3174744993448258 -0.055912442505359643 -0.010904236696660517 -0.053123654797673218 0.030096776783466343 -0.10443458333611487 -0.057884303852915757
decision_type=2 2 2 2 2 2 2 2 2 2 2 2 2 2
left_child=6 2 3 -2 -4 -5 8 9 13 10 -8 -6 -10 -1
right_child=1 -3 4 5 11 -7 7 -9 12 -11 -12 -13 -14 -15
leaf_value=0.0017351738625983263 0.01078009825338695 0.0030296376319024379 -0.020835197278890098 -0.027726535106005486 0.0059159920550485743 -0.0022295357817287793 -0.014558987237587662 0.003318311907391072 0.021420359475684516 -0.021455951767833707 0.017780850089263698 -0.0076588065188182546 0.0052775984098153922 -0.02383337485952073
leaf_weight=360.74582944065332 1310.8216261379421 6297.4291416108608 827.64400801807642 191.86621961370111 616.24381010979414 12886.546412147582 252.70587280392647 1227.7202027738094 339.07608921825886 405.05285470187664 193.42603816092014 1829.8216761760414 5721.595720577985 191.50554451346397
leaf_count=2060 6676 29189 6687 1374 3541 76807 1746 6575 1477 2036 961 12909 26685 1277
internal_value=-8.56411e-06 -0.00120319 -0.0027132 -0.00139673 -0.00847775 -0.00262449 0.00328222 -0.0023964 0.00506833 -0.0105819 -0.000455227 -0.00422871 0.00621453 -0.00739749
internal_weight=32652.2 23960.4 17662.9 14389.2 3273.71 13078.4 8691.83 2078.9 6612.92 851.185 446.132 2446.07 6060.67 552.251
internal_count=180000 137183 107994 84857 23137 78181 42817 11318 31499 4743 2707 16450 28162 3337
is_linear=0
shrinkage=0.035


Tree=112
num_leaves=15
num_cat=0
split_feature=17 1 23 24 24 22 21 15 24 23 23 22 23 21
split_gain=99.6127 111.915 124.075 142.404 102.839 160.239 111.417 94.0384 61.3444 103.3 74.7151 79.7922 70.5909 54.5355
threshold=0.044748174026608474 -0.023583168163895604 0.10932076349854471 0.030696987174451355 0.027459150180220607 0.21714888513088229 0.053489156067371375 22.089489936828617 0.030258984304964546 0.12877434492111209 0.1366037651896477 0.21714888513088229 0.21352105587720874 -0.015407797880470751
decision_type=8 2 2 2 2 2 2 2 2 2 2 2 2 2
left_child=1 2 3 -1 6 -6 -4 -2 9 -9 13 -12 -11 -10
right_child=7 -3 4 -5 5 -7 -8 8 10 12 11 -13 -14 -15
leaf_value=0.013351062178066288 -0.00083871700706602073 -0.0059355651366584973 0.012437074767642562 -0.0064562661124561169 -0.012896498171393243 0.00032604854166793436 -0.018626152419113539 0.013462230826925986 0.0073156865335542928 -0.0021820818196370355 -0.0024769798292038707 0.0083101351818388215 0.013831558228206031 -0.006741010279614385
leaf_weight=1522.7949309013784 9262.0526951476932 5838.9333566315472 901.41998679190874 619.25424906611443 1718.1820678897202 3203.2964774668217 158.27789709717035 1848.2361020967364 424.05423044413328 1380.2209985479712 1251.2817813977599 2522.3177228420973 435.39978428184986 1533.4811899736524
leaf_count=7680 43927 42288 4559 4346 13604 20260 1372 8054 1831 6324 5979 10684 2084 7008
internal_value=-9.09638e-06 -0.00224401 0.000413493 0.00762148 -0.00217633 -0.00430699 0.00766668 0.00166373 0.00412903 0.00766034 0.00186209 0.00473616 0.00171284 -0.00367425
internal_weight=32619.2 13962.2 8123.23 2142.05 5981.18 4921.48 1059.7 18657 9394.99 3663.86 5731.13 3773.6 1815.62 1957.54
internal_count=180000 94109 51821 12026 39795 33864 5931 85891 41964 16462 25502 16663 8408 8839
is_linear=0
shrinkage=0.035


Tree=113
num_leaves=15
num_cat=0
split_feature=3 3 17 23 23 23 21 21 20 21 20 24 21 11
split_gain=98.9692 121.7 78.3191 76.7989 77.4521 119.531 223.191 172.816 67.611 70.4189 66.2817 42.965 41.2171 38.4555
threshold=-0.16903085261583325 0.48615336418151861 0.028516206890344623 0.089377358555793776 0.39969968795776373 0.26067323982715612 -0.16446474939584729 -0.11719527095556258 0.037173081189394004 -0.067441847175359712 -0.02400617208331823 0.031552704051136977 0.073982916772365584 0.16933094710111621
decision_type=2 2 8 2 2 2 2 2 2 2 2 2 2 2
left_child=3 2 -2 11 5 7 -7 -5 10 -10 -4 12 -1 -3
right_child=1 13 8 4 -6 6 -8 -9 9 -11 -12 -13 -14 -15
leaf_value=0.012969060655583099 -0.010446436581291628 0.034103326171638935 -0.0046955642485552599 0.022335505508147783 0.015476401447901094 0.01611478138219247 -0.014187051660353609 0.0011624948664674414 0.0060473761458567981 -0.010322864483986279 0.0010485752575224727 -0.015226154069880695 -0.0035811584468441507 0.0031620424663882244
leaf_weight=1320.3484862856567 1611.8814774379134 39.919166568666697 3902.0096505619586 486.82458038255572 443.78488838300109 370.49418213218451 1373.1752929203212 9574.4579630494118 378.03764305263758 1956.0133174955845 6626.2675344198942 73.997988503426313 209.59365714341402 4213.0813515335321
leaf_count=6208 18103 311 22696 2135 2016 2038 8477 51814 1693 10348 33459 397 1144 19161
internal_value=-8.82427e-06 -0.00166757 -0.0031967 0.0022332 0.00128644 0.000740343 -0.00769335 0.00220813 -0.00228076 -0.00765695 -0.00108276 0.00941051 0.0106932 0.00353178
internal_weight=32579.9 18727.2 14474.2 13852.7 12248.7 11805 1743.67 10061.3 12862.3 2334.05 10528.3 1603.94 1529.94 4253
internal_count=180000 105771 86299 74229 66480 64464 10515 53949 68196 12041 56155 7749 7352 19472
is_linear=0
shrinkage=0.035


Tree=114
num_leaves=15
num_cat=0
split_feature=17 14 16 17 23 2 23 15 20 24 16 5 24 6
split_gain=97.2754 93.2781 99.3168 101.285 100.126 91.8708 88.4197 72.1859 64.9174 58.4087 57.8341 47.9411 29.2243 26.8473
threshold=0.018930126912891868 0.24212542176246646 0.68582448363304149 0.045547828078269965 0.21982385218143466 0.17262873798608783 0.34108707308769232 22.089489936828617 -0.055912442505359643 0.030696987174451355 1.7190397381782534 -0.070467371493577943 0.03196563012897969 0.11769914999604227
decision_type=8 2 2 8 2 2 2 2 2 2 2 2 2 2
left_child=13 5 4 10 8 9 -6 -5 -3 11 -4 -2 -11 -1
right_child=1 2 3 7 6 -7 -8 -9 -10 12 -12 -13 -14 -15
leaf_value=-0.019353998740403788 0.0034400315973419577 -0.007589979948363329 -0.0021813668762106328 -0.0012270120918032972 -0.011057999072671335 0.004884634000141351 0.0062006756470959568 0.0039829889565696228 0.0079294633498258708 -0.017803559577200218 -0.011286458256604145 -0.0095522296714387472 -0.0072117053554770025 0.02047982850906974
leaf_weight=365.50781765952706 681.30379638075829 346.50169840827584 7815.1972489356995 5850.1827841028571 816.39751406013966 849.72874380648136 640.67699843645096 7330.8594000115991 4850.1110373847187 776.98324482515454 950.88235875219107 692.76334549859166 573.23038632050157 14.031124968081711
leaf_count=5698 3228 2430 54860 27850 4943 3748 3317 32871 24275 4032 6251 3394 2919 184
internal_value=-8.16768e-06 0.000202252 0.000868973 -0.000267182 0.00461135 -0.00512068 -0.0034788 0.00167144 0.00688206 -0.00824789 -0.00318076 -0.00313197 -0.0133929 -0.0173934
internal_weight=32554.4 32174.8 28600.8 21947.1 6653.69 3574.01 1457.07 13181 5196.61 2724.28 8766.08 1374.07 1350.21 379.539
internal_count=180000 174118 156797 121832 34965 17321 8260 60721 26705 13573 61111 6622 6951 5882
is_linear=0
shrinkage=0.035


Tree=115
num_leaves=15
num_cat=0
split_feature=8 19 21 24 22 22 24 15 24 8 7 24 21 14
split_gain=96.5791 112.167 98.1854 171.694 219.153 167.161 140.539 69.6427 67.6392 53.9254 52.7031 39.1093 38.0986 39.2917
threshold=-0.47202618420124048 0.18825316429138186 0.053489156067371375 0.028159140609204773 0.21714888513088229 0.41451641917228704 0.027712903916835788 20.802124023437504 0.030096776783466343 -0.1912034675478935 -0.19189477711915967 0.030890330672264103 0.017405906692147258 1.4699003696441653
decision_type=2 2 2 2 2 2 2 2 2 2 2 2 2 2
left_child=7 2 3 5 -5 -2 -4 -1 -8 10 11 -3 13 -11
right_child=1 9 6 4 -6 -7 8 -9 -10 12 -12 -13 -14 -15
leaf_value=-0.0016264145504900965 0.010232152934758584 0.0081531334308289419 -0.019959961014130726 -0.011171015416266356 -0.00031081905021338314 -0.026086814478341755 0.006139928187718518 0.0056715600810725844 -0.0069339664013438338 -0.0004809383157628721 0.011653870335154373 -0.0041465515578771456 -0.0041085069258205986 0.0088746932885663682
leaf_weight=2295.5566783584654 2120.7453306652606 588.50239031761885 858.22053208202124 2939.2976664975286 9976.021045923233 157.9484288841486 640.57433207705617 5261.6609956882894 1903.8085397742689 1446.8312339968979 1331.8862563371658 663.36439923942089 1470.0896773785353 876.11435148492455
leaf_count=11787 11572 2582 6996 20445 56304 960 3652 25318 13384 7041 6118 2879 6893 4069
internal_value=-8.55046e-06 -0.00105778 -0.00243113 -0.00122531 -0.00278914 0.00761171 -0.00779623 0.00345553 -0.00363133 0.00294484 0.006834 0.00165432 0.000284612 0.00307052
internal_weight=32530.6 24973.4 18596.6 15194 12915.3 2278.69 3402.6 7557.22 2544.38 6376.79 2583.75 1251.87 3793.04 2322.95
internal_count=180000 142895 113313 89281 76749 12532 24032 37105 17036 29582 11579 5461 18003 11110
is_linear=0
shrinkage=0.035


Tree=116
num_leaves=15
num_cat=0
split_feature=17 14 8 16 18 22 2 10 14 24 24 21 3 10
split_gain=92.19 89.8878 94.0187 96.6137 119.727 100.879 90.9313 67.3458 53.8808 53.6398 46.6563 43.3644 32.361 40.4189
threshold=0.022354741580784324 0.26502802968025213 -0.19978661835193631 1.9656113982200625 0.15189713239669803 0.21714888513088229 0.17262873798608783 1.1471349000930788 1.4699003696441653 0.030956145375967029 0.03196563012897969 -0.049244273453950875 0.66682943701744091 0.24410899728536609
decision_type=8 2 2 2 2 2 2 2 2 2 2 2 2 2
left_child=12 6 3 5 -5 -3 9 8 -4 11 -11 -2 13 -1
right_child=1 2 7 4 -6 -7 -8 -9 -10 10 -12 -13 -14 -15
leaf_value=-0.019581867843664773 0.0035349704013240015 -0.00046656805560719826 -0.0050379638715352211 -0.0090696373541011722 0.005354811739502867 0.0051958489173900887 0.0047049108691584645 0.014816228888539165 0.0015041791631672018 -0.019122873435969575 -0.0059541180131303609 -0.0076432270128403727 0.03222619861902281 -0.0041156842387985405
leaf_weight=434.32623395323753 673.57821136340499 5840.2854356803 4916.1322321556509 1834.0223162285984 1132.7041473686695 11314.813231647015 987.73685709387064 260.14763614535332 2239.3908643014729 677.1236342266202 658.50170690566301 1121.1263528726995 11.150999218225477 400.03528364375234
leaf_count=7237 3267 34894 28518 9293 5012 57705 4355 1282 11548 3599 3370 5393 89 4438
internal_value=-8.80879e-06 0.000297494 0.00101916 0.00226044 -0.00356286 0.00326899 -0.00451904 -0.00234748 -0.00299129 -0.00743525 -0.0127228 -0.00345155 -0.0113461 -0.0123032
internal_weight=32501.1 31655.6 27537.5 20121.8 2966.73 17155.1 4118.07 7415.67 7155.52 3130.33 1335.63 1794.7 845.513 834.362
internal_count=180000 168236 148252 106904 14305 92599 19984 41348 40066 15629 6969 8660 11764 11675
is_linear=0
shrinkage=0.035


Tree=117
num_leaves=15
num_cat=0
split_feature=3 3 4 24 19 2 16 18 22 21 21 20 24 8
split_gain=89.4803 108.279 77.2206 76.615 75.5138 69.8322 69.3365 78.2163 72.3043 110.846 92.3001 62.5346 53.6919 49.8303
threshold=-0.16903085261583325 0.48615336418151861 0.022006093524396423 0.030258984304964546 0.25492268800735479 -0.1701720133423805 1.8775122761726382 0.15189713239669803 0.1998756751418114 -0.039221605286002152 -0.14243798702955243 0.03655372932553292 0.03196563012897969 -0.17276621609926221
decision_type=2 2 2 2 2 2 2 2 2 2 2 2 2 2
left_child=4 2 3 5 6 -2 8 -8 10 -10 -1 13 -5 -4
right_child=1 -3 11 12 -6 -7 7 -9 9 -11 -12 -13 -14 -15
leaf_value=0.010903964521092147 0.0074410532916946021 0.0033156107381921525 0.008120941365794521 -0.010199336170140221 0.010251444990685392 -0.0035520491989324762 -0.0085959840181520728 0.0048095292896544089 0.01239533649558344 0.0020762416789024407 -0.004819581858815738 -0.0058631524101431182 -0.002886401091460314 -0.00051344761569001394
leaf_weight=549.61684897542 872.50084023550153 4248.5629311576486 1436.6967033855617 3453.4870950058103 1262.0704862363636 3571.1701859757304 1570.7950218729675 796.62486419826746 1652.8170104399323 5494.9032196700573 2496.9379327520728 1271.4490069821477 1923.0793271362782 1883.8757237121463
leaf_count=3234 4680 19472 7375 23470 5628 20641 8013 3543 8020 30558 15233 7211 12257 10665
internal_value=-8.74717e-06 -0.00158944 -0.00303669 -0.00478713 0.00212465 -0.00138173 0.00130065 -0.00408384 0.00255386 0.00447638 -0.00195657 0.000708993 -0.00759387 0.00323552
internal_weight=32484.6 18660.8 14412.3 9820.24 13823.8 4443.67 12561.7 2367.42 10194.3 7147.72 3046.55 4592.02 5376.57 3320.57
internal_count=180000 105771 86299 61048 74229 25321 68601 11556 57045 38578 18467 25251 35727 18040
is_linear=0
shrinkage=0.035


Tree=118
num_leaves=15
num_cat=0
split_feature=17 3 3 23 2 23 23 24 3 10 22 8 24 22
split_gain=87.8956 90.9831 87.5066 67.6506 65.5403 63.7672 110.46 62.0943 40.8933 36.7651 82.2821 38.7495 36.4711 42.9928
threshold=0.11145790293812753 -0.18094311654567716 0.48615336418151861 0.089377358555793776 0.17262873798608783 0.39969968795776373 0.26067323982715612 0.030956145375967029 0.14542297273874286 0.33808140456676489 0.34321255981922155 -0.11007652431726454 0.031552704051136977 0.40473736822605139
decision_type=8 2 2 2 2 2 2 2 2 2 2 2 2 2
left_child=1 3 4 12 7 6 -5 -3 -6 10 -4 -11 13 -1
right_child=-2 2 9 5 8 -7 -8 -9 -10 11 -12 -13 -14 -15
leaf_value=0.012819895563068227 0.011565466415359724 -0.0022983428624212192 -0.0070312373494405677 0.0019677695543374495 0.003640898157545135 0.01445263651852239 -0.0078956688728542643 -0.0077970595973738156 -0.0031990324504198317 0.0039402119015331831 0.063282514670909382 -0.0046422931271202957 -0.014545495234212932 -0.0030963926672519983
leaf_weight=1196.4434047043324 774.39265213906765 5932.9943196028471 39.893722537904978 9499.0961396805942 2326.9119724407792 407.90736878663301 1619.1976196914911 4373.7906849235296 1966.4096400216222 3183.8610163852572 28.227768093347549 798.36182101815939 68.95261238142848 247.0348434150219
leaf_count=5602 3571 36221 356 50865 11645 1841 9881 30546 9617 14331 192 3642 369 1321
internal_value=-8.36549e-06 -0.000294757 -0.00186242 0.00194734 -0.00312481 0.00103049 0.000525517 -0.00463708 0.000507947 0.00268454 0.0264759 0.00221226 0.00888197 0.0100934
internal_weight=32463.5 31689.1 18650.5 13038.6 14600.1 11526.2 11118.3 10306.8 4293.32 4050.34 68.1215 3982.22 1512.43 1443.48
internal_count=180000 176429 106550 69879 88029 62587 60746 66767 21262 18521 548 17973 7292 6923
is_linear=0
shrinkage=0.035


Tree=119
num_leaves=15
num_cat=0
split_feature=17 14 12 4 23 2 22 24 20 4 24 24 5 23
split_gain=86.9019 79.1741 91.9639 116.643 85.3167 73.6514 60.1535 57.7673 53.5073 57.6621 53.3364 52.0431 64.0566 40.8759
threshold=0.027683279477059845 0.28770089149475103 1.0382860302925112 0.097221400588750853 0.39969968795776373 0.19311680644750598 0.39701244235038763 0.027459150180220607 0.037173081189394004 -0.015874451026320454 0.031552704051136977 0.029990448616445068 -0.070467371493577943 0.089377358555793776
decision_type=8 2 2 2 2 2 2 2 2 2 2 2 2 2
left_child=6 5 8 4 -4 11 7 -1 9 -3 -10 12 -2 -9
right_child=1 2 3 -5 -6 -7 -8 13 10 -11 -12 -13 -14 -15
leaf_value=0.0021889212771910812 0.008230138637516142 0.0020484210827389471 -0.0034023203179699411 0.0054850270624279837 0.0097584756985704766 0.0044039851362851195 0.0023308908336213763 -0.0019611765772686945 -0.0035317298233152558 0.007506860246776049 0.0067871952293055027 -0.0094502075114709008 -0.00749287109844905 -0.016023156222051131
leaf_weight=399.0999652557075 559.16062921285629 4886.1547736562788 9412.5572310127318 2817.3428302146494 635.11707242578268 1035.8103419914842 724.17995136603713 331.82404793798923 2178.2960048019886 4614.3775317296386 842.78554992377758 2193.3325835131109 707.69544930383563 1102.1585724540055
leaf_count=3326 2601 25470 52015 12861 2944 4543 6240 2716 11124 23083 4330 11098 3462 14187
internal_value=-7.55272e-06 0.000523166 0.0012816 -0.000796515 -0.00256155 -0.00375267 -0.00618709 -0.0095466 0.00341564 0.00470467 -0.000640183 -0.00620003 -0.000542997 -0.0128053
internal_weight=32439.9 29882.6 25386.6 12865 10047.7 4496 2557.26 1833.08 12521.6 9500.53 3021.08 3460.19 1266.86 1433.98
internal_count=180000 153531 131827 67820 54959 21704 26469 20229 64007 48553 15454 17161 6063 16903
is_linear=0
shrinkage=0.035


Tree=120
num_leaves=15
num_cat=0
split_feature=21 22 24 20 23 21 22 23 20 24 20 23 20 24
split_gain=87.5694 246.272 238.714 211.498 223.88 176.288 224.076 158.669 129.351 208.22 178.996 89.51 106.502 172.728
threshold=0.017405906692147258 0.33232145011425024 0.028159140609204773 -0.03768800571560859 0.21094057708978656 -0.026244873180985447 0.21714888513088229 0.21094057708978656 -0.035681441426277154 0.027712903916835788 -0.02400617208331823 0.23214909434318545 0.0065876704175025233 0.030696987174451355
decision_type=2 2 2 2 2 2 2 2 2 2 2 2 2 2
left_child=1 2 3 -1 -5 6 -4 8 -2 -10 -11 12 13 -3
right_child=7 11 5 4 -6 -7 -8 -9 9 10 -12 -13 -14 -15
leaf_value=-0.01709445861616914 0.021627353620214437 0.0079827832171873708 -0.0058016792210995143 0.0048954416531438172 0.027352533888334706 -0.011211420626863467 0.0041516834041623023 -0.019538591477767226 -0.013982027018183957 -0.015224897321981241 0.0017350131663791666 0.021939366680259077 0.014859893487889724 -0.0095283374584178467
leaf_weight=347.42674012854695 277.3629526682198 2468.8235567882657 5610.5351549237967 1816.4727616012096 769.81645836681128 2475.7355336397886 5454.8137221559882 626.73885380104184 1537.6559456735849 839.03432580083609 7453.0064765997231 494.14645235240459 1302.1486721225083 946.82383946701884
leaf_count=2657 1341 11959 34551 9331 3900 13041 26700 3850 10697 5237 41881 2785 6474 5596
internal_value=-7.43562e-06 0.00127219 -0.00082668 0.00820777 0.0116595 -0.00278863 -0.000895716 -0.00259159 -0.00152243 -0.00219696 2.64442e-06 0.00789553 0.00638127 0.00311502
internal_weight=32420.5 21686.7 16474.8 2933.72 2586.29 13541.1 11065.3 10733.8 10107.1 9829.7 8292.04 5211.94 4717.8 3415.65
internal_count=180000 116994 90180 15888 13231 74292 61251 63006 59156 57815 47118 26814 24029 17555
is_linear=0
shrinkage=0.035


Tree=121
num_leaves=15
num_cat=0
split_feature=21 23 23 21 22 24 21 17 20 13 17 20 14 14
split_gain=88.5435 122.205 245.32 199.804 148.695 205.535 162.729 139.449 69.7366 41.0265 39.3748 29.5562 22.4577 19.4087
threshold=-0.16446474939584729 0.26067323982715612 0.39969968795776373 -0.11719527095556258 0.1998756751418114 0.027267058379948143 0.017405906692147258 0.068847235292196288 0.059344515204429633 0.40527692437171942 0.098623964935541167 -0.066556084901094423 3.3553544282913212 0.19461166113615039
decision_type=2 2 2 2 2 2 2 8 2 2 8 2 2 2
left_child=9 3 7 13 5 -5 -6 8 -3 -1 -9 -4 -13 -2
right_child=1 2 11 4 6 -7 -8 10 -10 -11 -12 12 -14 -15
leaf_value=0.004727910648119729 -0.00055493319104162953 -0.019367850590892084 0.017757427437485734 0.009490190362943152 0.0036352012156788327 -0.010078829738127281 -0.0023004008741687901 -0.0046242271687982903 0.0042530501465385647 0.021732961783565246 0.012244475817779679 0.0026266979155998406 0.023902401002683295 0.019247472062238813
leaf_weight=411.14419762417674 65.406100869178772 1672.806892670691 268.39146246016026 814.40908551961184 13177.306805323809 3261.3325494229794 9901.1346674636006 596.31037336587906 164.86733295023441 300.72605983540416 225.28950044512749 739.75371717661619 56.642057627439499 734.47861360013485
leaf_count=2553 269 12611 1329 4090 67479 20695 57946 2704 855 1517 938 3408 251 3355
internal_value=-7.48189e-06 -0.000283593 -0.00623063 0.00051062 -3.11946e-07 -0.00615492 0.00108881 -0.0119026 -0.0172371 0.0121132 9.29289e-05 0.00791394 0.00441754 0.0176414
internal_weight=32390 31678.1 3724.06 27954.1 27154.2 4075.74 23078.4 2659.27 1837.67 711.87 821.6 1064.79 796.396 799.885
internal_count=180000 175930 22096 153834 150210 24785 125425 17108 13466 4070 3642 4988 3659 3624
is_linear=0
shrinkage=0.035


Tree=122
num_leaves=15
num_cat=0
split_feature=8 19 21 24 22 22 24 24 23 23 20 21 21 22
split_gain=88.9174 94.4784 86.482 135.344 175.819 143.67 119.712 57.7161 55.9932 67.4921 68.6777 81.4082 62.6363 66.1645
threshold=-0.45062938332557673 0.18825316429138186 0.053489156067371375 0.028159140609204773 0.21714888513088229 0.41451641917228704 0.027712903916835788 0.030096776783466343 0.21982385218143466 0.3174744993448258 -0.010904236696660517 -0.053123654797673218 -0.11719527095556258 0.1998756751418114
decision_type=2 2 2 2 2 2 2 2 2 2 2 2 2 2
left_child=8 2 3 5 -5 -2 -4 -8 12 10 11 -10 -1 -14
right_child=1 -3 6 4 -6 -7 7 -9 9 -11 -12 -13 13 -15
leaf_value=0.020819845368217661 0.0093195958942890161 0.0025716007329897607 -0.019306094249623984 -0.010667785075839842 -0.00046862534539876208 -0.025392979778126292 0.0054724222988196515 -0.0068596795792946466 -0.013266628513765859 0.0032395562685311238 -0.02006880271932876 0.016398833283119654 -0.002912980709259722 0.0057644861131817358
leaf_weight=270.0119117051363 1997.5054841786623 6265.1004048846662 795.3222566768527 2640.5260593183339 9466.0422873795033 147.96600484848022 617.06126689165831 1801.2103211842477 244.40421482548118 1215.2320270054042 392.94066394865513 194.33583045750856 1368.7940921634436 4939.8167322054505
leaf_count=1115 10931 29189 6687 18943 54068 915 3541 12909 1746 6575 2036 961 7611 22773
internal_value=-6.68561e-06 -0.00111291 -0.0024353 -0.00126336 -0.0027001 0.00681889 -0.00761275 -0.00370337 0.00303456 -0.00201348 -0.00963638 -5.39666e-05 0.0046059 0.00388009
internal_weight=32356.3 23730.7 17465.6 14252 12106.6 2145.47 3213.59 2418.27 8625.54 2046.91 831.681 438.74 6578.62 6308.61
internal_count=180000 137183 107994 84857 73011 11846 23137 16450 42817 11318 4743 2707 31499 30384
is_linear=0
shrinkage=0.035


Tree=123
num_leaves=15
num_cat=0
split_feature=8 6 8 22 16 14 24 18 22 21 21 10 21 14
split_gain=85.0801 94.633 97.1573 83.8876 83.8326 71.7478 70.9743 68.791 66.2514 111.525 63.2792 63.1766 57.3451 31.7005
threshold=-0.39598220586776728 0.10392507165670396 -0.12169615924358367 0.39701244235038763 1.7190397381782534 0.24212542176246646 0.027031847275793556 0.092599831521511092 0.21714888513088229 -0.11719527095556258 -0.049244273453950875 0.84124213457107555 0.095337018370628371 2.8332070112228398
decision_type=2 2 2 2 2 2 2 2 2 2 2 2 2 2
left_child=3 2 4 6 5 -2 12 -6 9 -8 -10 13 -1 -3
right_child=1 11 -4 -5 7 -7 8 -9 10 -11 -12 -13 -14 -15
leaf_value=0.016128748973069394 -0.0084802498366341825 -0.0014280883706671186 -0.016059155965784676 0.01014034521262752 -0.014164512738359393 8.1136445284502945e-05 0.0046527706177736886 -0.0014958574393388569 0.0099475266402046566 -0.0075463359891857979 0.00091947323455220998 0.0065203543911937674 -0.0082450394458811176 0.0062041923867712373
leaf_weight=609.69912385195494 1387.809289984405 4805.0076970122755 675.87307233735919 1473.5770605392754 1223.7230685055256 8433.8371347859502 1443.7007786184549 918.61484325304627 1198.9222566857934 2485.9227710217237 4470.6926010921597 2292.2234120070934 139.52377293258905 763.80407446250319
leaf_count=3095 7189 24273 7068 7205 7101 56350 7719 4447 4835 15132 21137 10119 812 3518
internal_value=-7.14548e-06 -0.00137056 -0.00324489 0.00235635 -0.00250817 -0.00113599 0.00123923 -0.0087645 0.000424001 -0.00306408 0.00284274 0.00164348 0.0115409 -0.00037202
internal_weight=32322.9 20500.9 12639.9 11822 11964 9821.65 10348.5 2142.34 9599.24 3929.62 5669.61 7861.04 749.223 5568.81
internal_count=180000 120065 82155 59935 75087 63539 52730 11548 48823 22851 25972 37910 3907 27791
is_linear=0
shrinkage=0.035


Tree=124
num_leaves=15
num_cat=0
split_feature=21 23 23 21 22 24 24 10 8 4 20 4 8 5
split_gain=82.9736 111.328 225.37 177.954 131.941 179.993 155.711 121.409 49.5854 46.9185 42.0018 35.6281 46.5176 34.3457
threshold=-0.16446474939584729 0.26067323982715612 0.39969968795776373 -0.11719527095556258 0.1998756751418114 0.027267058379948143 0.03196563012897969 0.61672231554985057 -0.68276488780975331 -0.060146585106849663 0.059344515204429633 0.016226584091782573 -0.085121732205152498 -0.10601958259940146
decision_type=2 2 2 2 2 2 2 2 2 2 2 2 2 2
left_child=9 3 7 -2 5 -5 -6 10 -9 -1 -3 13 -13 -4
right_child=1 2 11 4 6 -7 -8 8 -10 -11 -12 12 -14 -15
leaf_value=0.0021967401674512182 0.016646217140951915 -0.020162822337909756 0.009504641710820735 0.0088260899732724232 -0.00026905333205908449 -0.009526844461847421 0.0074304384683173477 0.019817917432342076 -0.0054087924147250277 0.020127033617087797 0.0018589936719499629 0.021831889683574836 -0.011190689567012654 -0.0058602728587756822
leaf_weight=340.63873537257314 800.06105717271566 1301.97584926337 405.09714791178703 811.9670026153326 19188.178377781063 3229.4500616826117 3855.6815637126565 94.462170980870724 1119.4128200262785 372.69959205016494 113.67824903875589 299.58990873768926 56.390602882951498 303.40443309023976
leaf_count=2066 3624 10808 1749 4090 103792 20695 21633 456 5190 2004 654 1364 311 1564
internal_value=-7.06908e-06 -0.000275448 -0.00597651 0.000481652 -1.79393e-06 -0.00582685 0.00102188 -0.0114648 -0.0032998 0.0117136 -0.0183938 0.00756149 0.016438 0.00293488
internal_weight=32292.7 31579.3 3694.01 27885.3 27085.3 4041.42 23043.9 2629.53 1213.87 713.338 1415.65 1064.48 355.981 708.502
internal_count=180000 175930 22096 153834 150210 24785 125425 17108 5646 4070 11462 4988 1675 3313
is_linear=0
shrinkage=0.035


Tree=125
num_leaves=15
num_cat=0
split_feature=17 20 20 24 24 20 24 24 24 21 21 17 20 8
split_gain=84.1314 77.558 116.991 128.063 137.906 126.935 146.55 103.804 264.63 170.829 161.38 82.8095 68.6419 54.1582
threshold=0.018930126912891868 0.037173081189394004 0.0053461876232177028 0.036809016019105918 0.027930735610425476 0.0036894936347380285 0.030835845507681373 0.028459056280553344 0.031552704051136977 0.066371265798807158 -0.067441847175359712 0.090809904038906111 0.041316702961921699 -0.17276621609926221
decision_type=8 2 2 2 2 2 2 2 2 2 2 8 2 2
left_child=-1 2 5 4 -4 6 -2 9 10 13 -9 -5 -10 -3
right_child=1 7 3 11 -6 -7 -8 8 12 -11 -12 -13 -14 -15
leaf_value=-0.016501303322941741 0.002832040907890911 0.016750144767057485 -0.0092097147986243619 -0.022070897695885362 0.0075576309656111024 -0.014619221846056499 -0.0037224670418954742 -0.00078484873283217829 -0.007629981035309096 -0.0066805052106836465 -0.020832126244556201 0.019840858540060548 0.0059984163361077756 -0.0043115107361895366
leaf_weight=364.40134278684855 10289.138777375221 870.83978969603777 657.00673238188028 313.5892780162394 6181.2682917378843 731.07878790423274 7021.6857861801982 717.62252886593342 611.64769153296947 1051.2917979471385 1559.4505853205919 62.10498072206974 1659.9628327414393 175.82730770856142
leaf_count=5882 54464 4105 3929 2050 31674 4018 41907 3587 3719 6557 8362 249 8652 845
internal_value=-6.55904e-06 0.000186961 0.00107241 0.00483627 0.00593556 -0.000434394 0.000172761 -0.00317413 -0.00614039 0.00325577 -0.0145453 -0.0148078 0.00231151 0.0132047
internal_weight=32266.9 31902.5 25255.9 7213.97 6838.28 18041.9 17310.8 6646.64 4548.68 2097.96 2277.07 375.694 2271.61 1046.67
internal_count=180000 174118 138291 37902 35603 100389 96371 35827 24320 11507 11949 2299 12371 4950
is_linear=0
shrinkage=0.035


Tree=126
num_leaves=15
num_cat=0
split_feature=10 14 21 22 24 23 20 23 2 24 10 5 3 7
split_gain=78.4486 78.2421 72.9693 160.849 153.087 126.373 93.157 87.3593 72.0865 46.3192 41.0888 40.5367 37.0129 32.8317
threshold=0.24410899728536609 0.24212542176246646 0.017405906692147258 0.33232145011425024 0.028159140609204773 0.21094057708978656 -0.035681441426277154 0.23214909434318545 0.17262873798608783 0.030696987174451355 1.0015905499458315 -0.070467371493577943 0.66682943701744091 -0.16494582593441007
decision_type=2 2 2 2 2 2 2 2 2 2 2 2 2 2
left_child=12 8 3 4 -3 6 -4 -5 9 11 -7 -2 13 -1
right_child=1 2 5 7 -6 10 -8 -9 -10 -11 -12 -13 -14 -15
leaf_value=0.0098099435102888544 0.0031807084520539281 0.0080721632201536109 0.020197183132427615 0.0064006691854830208 -0.0013424960380217803 -0.020810919802755134 -0.0012416187182848917 0.023244597262238133 0.0042359648931886949 -0.012080387491876923 0.012144982052600234 -0.008832085252691111 0.031927507158596449 -0.013774719610506867
leaf_weight=72.760718692094088 677.23191344738007 2572.5895548090339 245.79693633317947 3956.1497709229589 11695.250920791179 495.12516349926591 8454.2339817658067 409.6011715978384 847.0351280272007 1320.3278185613453 44.567244485020638 681.47799910977483 15.22108284384012 757.18082258850336
leaf_count=744 3224 13752 1170 19368 63209 3098 48059 2234 3748 6951 187 3384 120 10752
internal_value=-7.20705e-06 0.000277564 0.00089946 0.00216012 0.000359496 -0.00164247 -0.000613428 0.0080305 -0.00462711 -0.0074347 -0.017918 -0.00286497 -0.0104665 -0.0116149
internal_weight=32244.6 31399.4 27873.3 18633.6 14267.8 9239.72 8700.03 4365.75 3526.07 2679.04 539.692 1358.71 845.163 829.942
internal_count=180000 168384 151077 98563 76961 52514 49229 21602 17307 13559 3285 6608 11616 11496
is_linear=0
shrinkage=0.035


Tree=127
num_leaves=15
num_cat=0
split_feature=17 20 1 16 20 4 16 24 24 22 23 24 23 3
split_gain=82.7068 86.2602 77.0887 68.2726 66.7131 88.5919 113.64 76.0134 180.875 82.1145 77.4424 74.9569 65.3982 59.6682
threshold=0.035929122939705856 -0.055912442505359643 -0.023583168163895604 0.86778968572616588 0.037173081189394004 0.002758928458206356 1.9656113982200625 0.03196563012897969 0.030374678783118728 0.40364904701709753 0.14696751534938815 0.03452891297638417 0.089377358555793776 0.99590560793876659
decision_type=8 2 2 2 2 2 2 2 2 2 2 2 2 2
left_child=1 -1 3 -3 5 6 12 8 10 -10 -6 -7 -2 -4
right_child=4 2 13 -5 7 11 -8 -9 9 -11 -12 -13 -14 -15
leaf_value=-0.018571734691653439 0.0087281139852051597 0.0039432604148315923 -0.0074920888610510465 -0.0052899894197950496 0.0064379615523162759 0.0056836089208598707 -0.00954827740078114 0.003841876773410558 -0.021870626454175909 -0.0017273529738882742 -0.0067311266170086616 -0.0053588332715485834 0.00010719742479641977 0.036947685852173506
leaf_weight=414.85278816707432 1216.1363586783409 2723.6226325146854 2694.4752123914659 1520.2355706989765 1198.4676084592938 7579.6004214771092 1372.2331592999399 1508.7883334085345 882.35765928030014 345.79655637592077 989.45350420475006 828.11325150728226 8920.7959422394633 27.772248581051826
leaf_count=5682 5267 17076 24046 11843 5619 35609 6723 7038 3925 1808 5010 4179 46002 173
internal_value=-6.49888e-06 -0.003257 -0.00231965 0.000631064 0.00096021 0.00186212 -0.00013358 -0.00268364 -0.00556858 -0.0162589 0.000478916 0.00459092 0.00114904 -0.00690515
internal_weight=32222.7 7380.96 6966.11 4243.86 24841.7 19916.9 11509.2 4924.86 3416.08 1228.15 2187.92 8407.71 10136.9 2722.25
internal_count=180000 58820 53138 28919 121180 97780 57992 23400 16362 5733 10629 39788 51269 24219
is_linear=0
shrinkage=0.035


Tree=128
num_leaves=15
num_cat=0
split_feature=8 4 16 20 8 15 6 24 23 24 24 10 11 12
split_gain=80.8652 84.7494 100.88 78.7205 76.0652 65.5087 63.0177 61.5813 109.502 107.265 55.6492 39.3465 37.2208 34.1889
threshold=-0.47202618420124048 0.019133294932544235 1.7190397381782534 0.03655372932553292 -0.17276621609926221 20.802124023437504 0.11769914999604227 0.030696987174451355 0.10932076349854471 0.031373530626297004 0.03452891297638417 0.79152297973632824 0.42233034968376165 0.99737510085105907
decision_type=2 2 2 2 2 2 2 2 2 2 2 2 2 2
left_child=5 2 7 4 10 -1 12 8 -2 -9 -3 -5 -4 -7
right_child=1 3 6 11 -6 13 -8 9 -10 -11 -12 -13 -14 -15
leaf_value=-0.001777215421969731 0.0071451192107742532 0.0084071400142192772 -0.015766763133944157 -0.0049902754055979994 -0.00043609139442433217 0.0082106060700821576 0.0014140842103377595 -0.010421883989613493 -0.002274125430142963 -0.00063204498678709801 -0.0063264750907730547 0.0053286402159715722 -0.0025216321369694902 0.0025344282636753806
leaf_weight=2272.4190771095455 2234.3230454027653 3353.0302117727697 1271.9110055975616 2476.8471323549747 3030.399255272001 2563.7567129172385 475.0208981744945 2095.1757574975491 4623.6345125213265 3935.3823028989136 339.15011858940125 544.7524229735136 331.34717203676701 2652.6096043623984
leaf_count=11787 11478 17214 7408 14378 16349 12265 2133 14326 28614 25277 1883 2426 1409 13053
internal_value=-6.60956e-06 -0.000972326 -0.0026255 0.00156699 0.00367447 0.00317704 -0.00976233 -0.001468 0.0008006 -0.00404492 0.00704033 -0.00311848 -0.013062 0.00533455
internal_weight=32199.8 24711 14966.8 9744.18 6722.58 7488.79 2078.28 12888.5 6857.96 6030.56 3692.18 3021.6 1603.26 5216.37
internal_count=180000 142895 90645 52250 35446 37105 10950 79695 40092 39603 19097 16804 8817 25318
is_linear=0
shrinkage=0.035


Tree=129
num_leaves=15
num_cat=0
split_feature=17 3 3 19 1 23 20 17 20 9 21 8 3 23
split_gain=78.7218 81.2474 77.072 62.1101 67.3533 61.5843 60.4847 55.0849 56.3399 37.3233 44.7589 40.002 26.0641 16.8436
threshold=0.11145790293812753 -0.16903085261583325 0.48615336418151861 0.25492268800735479 -0.015941585414111611 0.14419928938150409 -0.084638353437185274 0.028516206890344623 0.03655372932553292 0.25765612721443182 -0.0043114256113767615 -0.11007652431726454 0.045947581529617317 0.37483122944831854
decision_type=8 2 2 2 2 2 2 10 2 2 2 2 2 2
left_child=1 3 7 4 6 -6 -1 12 -9 10 -4 -11 -3 -5
right_child=-2 2 9 13 5 -7 -8 8 -10 11 -12 -13 -14 -15
leaf_value=-0.0072588654710377815 0.010996574986824915 -0.00587531221064973 -0.0072539903513164179 0.0084868882920504374 0.0013231291264989434 -0.0072913430215814099 0.0037757682558299099 -0.0010993716173618869 -0.0070345754372441883 0.0037519625830714979 0.046064856138340125 -0.0049279318379201152 -0.015496802432957094 0.027643637185329206
leaf_weight=652.70683981850743 767.27971614897251 1018.4347416628152 27.289573404937983 1076.2301784940064 2222.0459892340004 1859.9680326804519 7533.8883375450969 10013.477362047881 2427.4394923895597 3152.5427446141839 40.595464609563351 809.62458305433393 529.99109349027276 52.072803899645805
leaf_count=5071 3571 12126 197 4773 11974 11072 39681 54161 12828 14285 268 3771 5977 245
internal_value=-6.68762e-06 -0.000278834 -0.00181312 0.00178466 0.00105812 -0.00261028 0.00288821 -0.00304131 -0.00226215 0.00244721 0.0264515 0.00197038 -0.00924684 0.00960608
internal_weight=32183.6 31416.3 18019.4 13396.9 12268.6 4082.01 8186.6 13989.3 12440.9 4030.05 67.885 3962.17 1548.43 1128.3
internal_count=180000 176429 103613 72816 67798 23046 44752 85092 66989 18521 465 18056 18103 5018
is_linear=0
shrinkage=0.035


Tree=130
num_leaves=15
num_cat=0
split_feature=17 22 15 24 21 22 10 8 19 12 14 12 15 21
split_gain=75.3845 83.4832 71.4067 65.9444 92.6357 80.3417 56.708 56.445 53.4065 53.3866 51.9624 53.2591 51.4045 50.101
threshold=0.033097689971327789 0.39701244235038763 22.089489936828617 0.027459150180220607 0.053489156067371375 0.21714888513088229 1.2975878715515139 -0.19978661835193631 -0.23124223202466962 1.4952564239501955 0.35248254239559179 0.98415979743003856 22.229948043823246 -0.053123654797673218
decision_type=8 2 2 2 2 2 2 2 2 2 2 2 2 2
left_child=1 3 8 4 -1 -5 7 9 -2 -4 -10 -12 -3 -7
right_child=2 12 6 5 -6 13 -8 -9 10 -11 11 -13 -14 -15
leaf_value=0.0086672534467319706 0.0046740999600817408 0.0071820833094254346 0.0051279591893439508 -0.018896817666474476 -0.016722653367904558 0.0068947399858412433 0.014652913320710226 -0.0010916650335002181 -0.0055222959888533169 -0.0044438568411000346 0.0026809861165942206 -0.0025358566769414378 -0.008032117444319942 -0.007627655603861405
leaf_weight=662.25968933477998 1866.6886759027839 1093.0575484335423 6597.6315452642739 722.34321893192828 228.59508607536554 330.35152371227741 464.58565735816956 3928.5042921826243 3182.1175072006881 792.55512697249651 4069.7256988622248 5803.278628192842 351.99951077997684 2070.1680281851441
leaf_count=3648 8686 7768 31224 8372 2757 2466 2199 18674 15972 3609 20550 32030 2814 19231
internal_value=-6.09117e-06 -0.00374998 0.000760313 -0.006343 0.00203884 -0.00873295 0.00279581 0.00229662 -0.00084785 0.00409682 -0.00164038 -0.000384898 0.00344635 -0.00560882
internal_weight=32163.9 5458.77 26705.1 4013.72 890.855 3122.86 11783.3 11318.7 14921.8 7390.19 13055.1 9873 1445.06 2400.52
internal_count=180000 47056 132944 36474 6405 30069 55706 53507 77238 34833 68552 52580 10582 21697
is_linear=0
shrinkage=0.035


Tree=131
num_leaves=15
num_cat=0
split_feature=21 23 23 21 17 22 20 21 21 4 17 4 8 5
split_gain=75.8469 98.5949 207.897 157.478 124.197 117.993 163.644 145.676 63.7074 41.7715 33.6111 31.2906 42.6594 31.2425
threshold=-0.16446474939584729 0.26067323982715612 0.39969968795776373 -0.11719527095556258 0.068847235292196288 0.1998756751418114 -0.032916955649852746 -0.049244273453950875 0.0090673449449241179 -0.060146585106849663 0.098623964935541167 0.016226584091782573 -0.085121732205152498 -0.10601958259940146
decision_type=2 2 2 2 8 2 2 2 2 2 8 2 2 2
left_child=9 3 4 -2 8 6 -5 -7 -3 -1 -6 13 -13 -4
right_child=1 2 11 5 10 7 -8 -9 -10 -11 -12 12 -14 -15
leaf_value=0.0021926051225426464 0.015663371041237394 -0.01310734719882713 0.0092482503346901172 0.00054972446292675891 -0.0040551150625895479 0.0076455352452063675 -0.013735057610273186 -0.00020252969530852816 -0.03126471727019995 0.019107157673187554 0.011567488262236037 0.020826355901365758 -0.010839482932892735 -0.0054245527224879341
leaf_weight=340.20697249099612 799.01723289862275 1498.159303560853 405.1514631845057 2301.4897706918418 591.71112090349197 3390.6210076417774 1703.0888931304216 19573.870216572657 281.9079508446157 374.03546846285462 224.43094550073147 299.21726359426975 56.156778547912836 302.15173064917326
leaf_count=2066 3624 11632 1749 14435 2704 16967 10350 108458 1834 2004 938 1364 311 1564
internal_value=-6.268e-06 -0.00026425 -0.00565668 0.000448069 -0.0109825 -8.35609e-06 -0.00554447 0.000959031 -0.0161415 0.011192 0.000328962 0.00733576 0.0156628 0.00299196
internal_weight=32141.2 31427 3658.89 27768.1 2596.21 26969.1 4004.58 22964.5 1780.07 714.242 816.142 1062.68 355.374 707.303
internal_count=180000 175930 22096 153834 17108 150210 24785 125425 13466 4070 3642 4988 1675 3313
is_linear=0
shrinkage=0.035


Tree=132
num_leaves=15
num_cat=0
split_feature=17 4 12 14 8 21 17 4 2 6 8 14 15 21
split_gain=74.1015 69.8324 103.477 76.1468 67.3721 66.8796 55.3 34.0541 31.9872 25.0907 21.8796 24.2581 15.3928 15.0578
threshold=0.018930126912891868 0.19546860456466678 1.0660135746002199 0.16813946515321734 -0.2250736057758331 -0.16446474939584729 0.066748466342687621 -0.060146585106849663 0.19311680644750598 0.11769914999604227 -0.16317111253738401 5.2657952308654794 21.222558021545414 0.034437296912074096
decision_type=8 2 2 2 2 2 8 2 2 2 2 2 2 2
left_child=9 2 3 8 -5 7 -7 -4 -2 12 -3 13 -1 -12
right_child=1 10 5 4 -6 6 -8 -9 -10 -11 11 -13 -14 -15
leaf_value=-0.01016379204430745 -0.0083962481578166576 0.013249590668863798 1.2626184599349223e-05 0.0034872752078222344 -0.001484022194795572 -0.0049416071392683648 0.00029312784562832524 0.018419066461051594 0.0031224731350255135 0.020744994446276446 0.004222816871044607 0.013157197462339777 -0.025867554690814858 -0.0081730973158373518
leaf_weight=186.0655309446156 1258.2944136075675 563.65511263161898 229.75092938914895 12447.68933326751 4556.0181802362204 7724.3625879790634 3631.9353518635035 255.36232857778668 379.15321166813374 13.858462397009133 311.07135933637619 229.11461756378412 152.73643387295306 181.75678227841854
leaf_count=2994 6270 2514 1440 66581 27420 47631 15955 1352 1674 184 1433 1002 2704 846
internal_value=-6.23754e-06 0.000173295 -0.000164904 0.00146015 0.00215516 -0.0027222 -0.00326867 0.00987805 -0.00572631 -0.0157376 0.00813165 0.00400941 -0.0177819 -0.000420464
internal_weight=32120.8 31768.2 30482.6 18641.2 17003.7 11841.4 11356.3 485.113 1637.45 352.66 1285.6 721.943 338.802 492.828
internal_count=180000 174118 168323 101945 94001 66378 63586 2792 7944 5882 5795 3281 5698 2279
is_linear=0
shrinkage=0.035


Tree=133
num_leaves=15
num_cat=0
split_feature=17 17 3 15 16 23 24 20 22 6 15 5 10 14
split_gain=70.0644 67.1752 70.6923 68.2581 61.7086 58.5847 89.7267 63.416 32.1553 24.0536 15.0861 15.249 9.04384 15.2818
threshold=0.018930126912891868 0.11145790293812753 -0.16903085261583325 21.058372497558597 1.0769913792610171 0.11517768353223802 0.030258984304964546 0.090242039412260069 0.39701244235038763 0.11769914999604227 21.222558021545414 -0.081008750945329652 1.1471349000930788 0.73492941260337841
decision_type=8 8 2 2 2 2 2 2 2 2 2 2 2 2
left_child=9 2 5 8 -5 6 -2 -7 -4 10 11 -1 13 -3
right_child=1 12 3 4 -6 7 -8 -9 -10 -11 -12 -13 -14 -15
leaf_value=0.014582105616754177 0.010619623951351263 -0.0054392736422058134 -0.0068046897102549174 0.0017635363248875754 -0.0030369950606008562 8.9464816546456897e-05 -0.0020874322100959243 0.015598821380197482 0.00076040984468822017 0.02013645938990517 -0.025544643727780803 -0.013414506723646928 0.014060638219374304 0.010282574578793518
leaf_weight=19.187299840152264 1929.2829661332071 95.923346444964409 3509.7807861119509 7659.6846546605229 5721.6314934194088 9953.1668730899692 1044.478791911155 323.79397606104612 853.2312065847218 14.075861420482395 149.43885160051286 165.36694648861885 391.87188632786274 275.28677672147751
leaf_count=217 9125 420 23099 41273 29940 54971 5709 1438 4992 184 2704 2777 1903 1248
internal_value=-5.95557e-06 0.000167576 -8.65771e-05 -0.00153066 -0.000289827 0.00184692 0.00616447 0.000592803 -0.0053269 -0.0154017 -0.0174412 -0.00990392 0.0103584 0.00618382
internal_weight=32106.2 31758.1 30995.1 17744.3 13381.3 13250.7 2973.76 10277 4363.01 348.069 333.993 184.554 763.082 371.21
internal_count=180000 174118 170547 99304 71213 71243 14834 56409 28091 5882 5698 2994 3571 1668
is_linear=0
shrinkage=0.035


Tree=134
num_leaves=15
num_cat=0
split_feature=21 22 21 21 20 24 22 23 20 24 20 23 20 24
split_gain=71.9593 192.854 197.366 227.902 164.695 151.648 171.983 131.369 102.83 173.412 162.714 78.8922 94.0556 151.52
threshold=0.017405906692147258 0.33232145011425024 -0.026244873180985447 -0.0049976010341197244 -0.020113845355808731 0.028159140609204773 0.21714888513088229 0.21094057708978656 -0.035681441426277154 0.027712903916835788 -0.02400617208331823 0.23214909434318545 0.0018746108398772778 0.030696987174451355
decision_type=2 2 2 2 2 2 2 2 2 2 2 2 2 2
left_child=1 2 5 -4 -5 -1 -7 8 -2 -10 -11 12 13 -3
right_child=7 11 3 4 -6 6 -8 -9 9 10 -12 -13 -14 -15
leaf_value=0.0093154801050485299 0.019258624663722253 0.0071241482096673836 -0.016488883557459248 0.028785254697234804 -0.0033393143391917241 -0.0049404956584269072 0.0038362484797670364 -0.018055958017127345 -0.012900596358938914 -0.014620819298212833 0.0016458835276333009 0.020151849906335902 0.012558208427024502 -0.0095849954726349232
leaf_weight=2286.2570355087519 276.97979184240103 2186.6987690664828 1833.0278246551752 233.41456988453865 985.34664613753557 5493.2316360156983 5427.253962578252 605.40509631484747 1500.9339253902435 828.26508435606956 7421.106511797756 497.68046431615949 1569.2164092473686 943.63859731703997
leaf_count=12073 1341 10694 10961 1280 4615 34551 26700 3850 10697 5237 41881 2785 7739 5596
internal_value=-5.48956e-06 0.0011612 -0.000715848 -0.00872251 0.00299731 0.00113952 -0.000579117 -0.00235864 -0.00139385 -0.00199966 -3.07366e-06 0.00702327 0.00559312 0.0020727
internal_weight=32088.5 21455.8 16258.5 3051.79 1218.76 13206.7 10920.5 10632.7 10027.3 9750.31 8249.37 5197.23 4699.55 3130.34
internal_count=180000 116994 90180 16856 5895 73324 61251 63006 59156 57815 47118 26814 24029 16290
is_linear=0
shrinkage=0.035


Tree=135
num_leaves=15
num_cat=0
split_feature=17 20 5 15 16 12 16 22 10 1 23 10 9 3
split_gain=71.5902 91.4015 106.061 75.1334 48.6105 73.4428 47.0025 46.6098 57.8101 49.8095 43.7599 43.3058 47.5865 40.5835
threshold=0.042433535680174835 -0.066556084901094423 -0.047241276130080216 22.089489936828617 0.8488023877143861 0.64470547437667858 1.2556701898574831 0.39701244235038763 0.29223716259002691 -0.0083720502443611605 0.39372026920318609 1.2975878715515139 0.62010747194290172 -0.29106999933719629
decision_type=8 2 2 2 2 2 2 2 2 2 2 2 2 2
left_child=1 10 4 6 5 -3 -2 8 -4 -9 -1 12 -5 -14
right_child=3 2 7 11 -6 -7 -8 9 -10 -11 -12 -13 13 -15
leaf_value=-0.019926649721970287 0.0010177181747998757 -0.0021528561866962755 -0.014476434939148533 0.0064041538692778373 -0.0029815001161373595 0.0088690821119405544 -0.0038704456195574142 0.0082506440832964181 -0.0042864602285048892 -0.0037091623093456873 0.0087861720903001945 0.013853945064883624 0.0063712260261102795 -0.0003938693260992176
leaf_weight=467.67058131657541 6388.7024250775576 1139.6366605907679 806.28861203789711 3184.4162346795201 1314.7950032744557 2087.506518676877 3856.132175385952 654.02923858165741 4264.3964221738279 1183.1108418367803 69.447522111237049 458.25326611101627 1394.8076686263084 4786.1789711564779
leaf_count=5767 30982 5893 11479 15201 9120 12323 18982 4396 27638 8038 635 2189 6245 21112
internal_value=-5.41454e-06 -0.00214456 -0.00147539 0.00127272 0.00267536 0.00498216 -0.000824156 -0.00420446 -0.00593207 0.000570193 -0.0161214 0.00345812 0.00293521 0.00114057
internal_weight=32055.4 11986.9 11449.8 20068.5 4541.94 3227.14 10244.8 6907.83 5070.69 1837.14 537.118 9823.66 9365.4 6180.99
internal_count=180000 85289 78887 94711 27336 18216 49964 51551 39117 12434 6402 44747 42558 27357
is_linear=0
shrinkage=0.035


Tree=136
num_leaves=15
num_cat=0
split_feature=21 23 23 21 17 24 23 20 21 4 17 4 8 7
split_gain=69.3191 86.4884 190.868 140.428 115.371 111.03 138.666 135.307 61.4351 36.3823 30.2771 29.2614 40.2623 26.0281
threshold=-0.16446474939584729 0.26067323982715612 0.39969968795776373 -0.11719527095556258 0.068847235292196288 0.03196563012897969 0.23214909434318545 -0.062519842758774744 0.0090673449449241179 -0.060146585106849663 0.098623964935541167 0.016226584091782573 -0.11007652431726454 -0.32280185818672175
decision_type=2 2 2 2 8 2 2 2 2 2 8 2 2 2
left_child=9 3 4 -2 8 6 -5 -7 -3 -1 -6 13 -13 -4
right_child=1 2 11 5 10 7 -8 -9 -10 -11 -12 12 -14 -15
leaf_value=0.0022600176220638692 0.014791339352794957 -0.012534372257532652 0.012799563557440842 -0.00059563027202212888 -0.0037594803284053519 -0.016257772461959582 -0.018254201348413171 0.0066342180466872789 -0.030561556166735459 0.018037427424348645 0.011088508158952364 0.020794182919800817 -0.0080679253088521887 -0.0015624351754123611
leaf_weight=339.75953284278512 797.82225196063519 1475.7203105203807 214.08954118192196 21770.725035492331 589.6406871303916 332.23613128066063 548.75798899680376 4244.7952233180404 274.74456577003002 376.32391884736717 223.85545346140862 286.34365847706795 68.238418649882078 492.55083820596337
leaf_count=2066 3624 11632 876 120506 2704 2310 3553 23841 1834 2004 938 1300 375 2437
internal_value=-5.43483e-06 -0.000253209 -0.00532903 0.000412898 -0.0104842 -1.89433e-05 -0.00103777 0.00494072 -0.0155214 0.0106858 0.000411381 0.00710781 0.0151708 0.00290668
internal_weight=32035.6 31319.5 3625.18 27694.3 2563.96 26896.5 22319.5 4577.03 1750.46 716.083 813.496 1061.22 354.582 706.64
internal_count=180000 175930 22096 153834 17108 150210 124059 26151 13466 4070 3642 4988 1675 3313
is_linear=0
shrinkage=0.035


Tree=137
num_leaves=15
num_cat=0
split_feature=8 4 16 20 8 24 24 20 15 24 14 11 10 24
split_gain=69.4177 77.6841 94.6222 73.7798 65.4158 59.1927 100.445 58.3774 58.3487 46.9174 42.4144 41.7935 34.4615 33.9052
threshold=-0.47202618420124048 0.019133294932544235 2.0612787008285527 0.03655372932553292 -0.17276621609926221 0.030696987174451355 0.031373530626297004 0.079157214611768736 20.802124023437504 0.03452891297638417 5.2657952308654794 0.42233034968376165 0.79152297973632824 0.03171984106302262
decision_type=2 2 2 2 2 2 2 2 2 2 2 2 2 2
left_child=8 2 5 4 9 7 -7 -2 -1 -3 -6 -4 13 -5
right_child=1 3 11 12 10 6 -8 -9 -10 -11 -12 -13 -14 -15
leaf_value=-0.0017405084687207627 0.0011497343661590236 0.0079512091316912108 -0.015310233240125546 -0.0071652649222607072 -0.0015793895595107275 -0.010100162974078645 -0.00087878206675303305 -0.015524442109071822 0.00498962959321136 -0.0056780270508260807 0.012601509539302185 -0.00087919533272944527 0.0049082148518891592 0.0022466499287864057
leaf_weight=2258.5986563116312 6968.5394385997206 3344.4620121195912 941.23786351829767 1835.1820361949503 2739.1463823560625 2210.5917700883001 4159.8948919996619 257.06679691001773 5194.9353791698813 333.77250438556075 275.17435282841325 333.22673308849335 541.43987552821636 623.21359047293663
leaf_count=11787 40676 17214 5179 10704 15056 15130 26652 1576 25318 1883 1293 1432 2426 3674
internal_value=-5.5862e-06 -0.000903477 -0.0024919 0.00153361 0.00357651 -0.00163275 -0.00408946 0.000535878 0.00295064 0.00670242 -0.000247443 -0.0115733 -0.00302077 -0.00477987
internal_weight=32016.5 24562.9 14870.6 9692.39 6692.56 13596.1 6370.49 7225.61 7453.53 3678.23 3014.32 1274.46 2999.84 2458.4
internal_count=180000 142895 90645 52250 35446 84034 41782 42252 37105 19097 16349 6611 16804 14378
is_linear=0
shrinkage=0.035


Tree=138
num_leaves=15
num_cat=0
split_feature=17 22 14 16 24 21 22 12 4 21 24 15 16 3
split_gain=66.6267 68.2726 60.4176 73.2927 55.6092 72.8579 62.3021 54.912 73.5032 56.0966 47.0502 67.5625 46.5567 44.172
threshold=0.031616216525435455 0.39701244235038763 0.35248254239559179 0.86778968572616588 0.027459150180220607 0.053489156067371375 0.21714888513088229 0.99737510085105907 0.097221400588750853 -0.16446474939584729 0.030258984304964546 22.021204948425297 0.72922626137733471 0.045947581529617317
decision_type=8 2 2 2 2 2 2 2 2 2 2 2 2 2
left_child=1 4 3 10 5 -1 -6 -4 9 -9 11 -2 -3 -8
right_child=2 12 7 -5 6 -7 13 8 -10 -11 -12 -13 -14 -15
leaf_value=0.0082681321180322568 -0.00035321680591301959 0.010811704894333498 0.0035851356672261061 -0.0094235414731871497 -0.019212368663799211 -0.01658110702049603 -0.0029524980717891528 0.011223489783692442 0.0049189670669850085 -0.0019480731560727429 -0.0033410203410629432 0.014662444376925005 -0.002777310724842249 -0.014897624380944054
leaf_weight=550.29403582215309 1224.9512884281576 527.99103473499417 8933.8144223242998 1422.0072159543633 562.77491260692477 184.89211647212505 1479.0580411665142 403.25239534303546 2893.4274955317378 9596.0745654739439 2490.6457827612758 513.86236492544413 717.8259195946157 503.40994128957391
leaf_count=3099 5902 3203 44150 6941 7124 2404 13934 2249 13301 51623 12362 2298 6204 5206
internal_value=-5.81218e-06 -0.00393566 0.000642718 -0.00257961 -0.00657918 0.00188015 -0.00902043 0.00147786 1.60169e-05 -0.00140621 -0.000261781 0.00414275 0.0030221 -0.00604528
internal_weight=32004.3 4526.25 27478 5651.47 3280.43 735.186 2545.24 21826.6 12892.8 9999.33 4229.46 1738.81 1245.82 1982.47
internal_count=180000 41174 138826 27503 31767 5503 26264 111323 67173 53872 20562 8200 9407 19140
is_linear=0
shrinkage=0.035


Tree=139
num_leaves=15
num_cat=0
split_feature=21 22 21 21 20 23 20 20 20 23 23 23 23 23
split_gain=66.4851 173.344 180.381 215.305 150.962 125.002 224.895 140.804 126.967 112.069 236.778 164.68 109.952 71.528
threshold=0.017405906692147258 0.33232145011425024 -0.026244873180985447 -0.0049976010341197244 -0.020113845355808731 0.15720312297344211 -0.032916955649852746 -0.02400617208331823 -0.0066579433623701325 0.15895815938711169 0.2161265313625336 0.14696751534938815 0.12557828053832057 0.23214909434318545
decision_type=2 2 2 2 2 2 2 2 2 2 2 2 2 2
left_child=1 2 9 -4 -5 7 -7 -2 -9 11 -11 -1 -10 -3
right_child=5 13 3 4 -6 6 -8 8 12 10 -12 -13 -14 -15
leaf_value=0.00076531067128188593 -0.014149028761910546 0.0053074475498018046 -0.015955212029133761 0.02758061993795528 -0.0030821737881207277 0.018526275792866469 -0.015060957996591365 0.014510832766103625 -0.0037228332758025597 0.0087881051504423262 -0.0022325060188561285 -0.015492266644373299 0.0053775080313379891 0.019139398105922009
leaf_weight=2528.4718514233828 821.90942618437111 4694.970374725759 1814.9024906959385 235.56816055998206 980.63654385507107 276.75625034049153 1678.9697723388672 758.01058264821768 4543.5438051745296 4609.541391858831 4937.5362347885966 1082.7214537523687 2520.0927176829427 500.21849071979523
leaf_count=12479 5237 24029 10961 1280 4615 1341 11679 3541 26929 24162 30212 6471 14279 2785
internal_value=-6.01823e-06 0.00111735 -0.000668637 -0.00835127 0.00303343 -0.00227138 -0.0102379 -0.000459086 0.000995701 0.00110611 0.00309212 -0.00413842 -0.000473093 0.00667347
internal_weight=31983.8 21384.6 16189.4 3031.11 1216.2 10599.3 1955.73 8643.56 7821.65 13158.3 9547.08 3611.19 7063.64 5195.19
internal_count=180000 116994 90180 16856 5895 63006 13020 49986 44749 73324 54374 18950 41208 26814
is_linear=0
shrinkage=0.035


Tree=140
num_leaves=15
num_cat=0
split_feature=8 6 8 16 22 20 14 20 3 4 21 9 17 20
split_gain=66.7002 73.6196 80.6331 71.7878 66.5723 77.2384 61.4221 55.3126 52.5381 51.6926 47.8787 53.3636 48.9288 47.5655
threshold=-0.39598220586776728 0.10392507165670396 -0.12169615924358367 1.7190397381782534 0.39701244235038763 0.0065876704175025233 0.24212542176246646 0.079157214611768736 -0.096875987946987138 0.086212251335382475 -0.0087223635055124742 0.2123130485415459 0.041670016944408424 -0.00047184990762616502
decision_type=2 2 2 2 2 2 2 2 2 2 2 2 8 2
left_child=4 2 3 6 -1 13 -2 -7 -3 -5 12 -12 -10 -6
right_child=1 8 -4 9 5 7 -8 -9 10 -11 11 -13 -14 -15
leaf_value=0.0010918380776689029 -0.007794726316736454 0.0070837000753893493 -0.014828836523169565 -0.010632779630770734 0.0060790297918697162 0.019626831060389292 0.00018252577663390473 -0.0050743679776165344 -0.0083780445363156493 0.0035036998454388867 0.036475144667995299 -0.0028973666506764604 0.0058475954818495964 -0.014426903638342455
leaf_weight=10228.440843816847 1367.6948873698711 1597.2917225770652 646.75044454075396 1725.0780202038586 437.48173407465219 715.95985895395279 8336.7955951262265 126.84856677800417 336.2910886798054 382.52597061172128 32.68570265173912 3763.4170733615756 2071.8369832187891 190.73240777477622
leaf_count=52730 7189 7671 7068 9753 2107 3438 56350 655 2378 1795 335 18372 9154 1005
internal_value=-5.89741e-06 -0.00122077 -0.0028894 -0.00222369 0.00209718 0.00903307 -0.000948609 0.0158932 0.00144429 -0.00806261 -1.66565e-05 -0.00246341 0.00383458 -0.000275287
internal_weight=31959.8 20260.4 12458.8 11812.1 11699.5 1471.02 9704.49 842.808 7801.52 2107.6 6204.23 3796.1 2408.13 628.214
internal_count=180000 120065 82155 75087 59935 7205 63539 4093 37910 11548 30239 18707 11532 3112
is_linear=0
shrinkage=0.035


Tree=141
num_leaves=15
num_cat=0
split_feature=17 19 15 24 23 23 23 23 21 24 23 24 15 23
split_gain=63.9609 74.5292 61.1256 45.5016 81.1541 71.8399 69.8635 52.3962 43.877 39.822 77.3023 152.32 52.4723 47.4509
threshold=0.044748174026608474 -0.15207748860120771 22.089489936828617 0.030258984304964546 0.12877434492111209 0.1366037651896477 0.14419928938150409 0.21352105587720874 -0.015407797880470751 0.030258984304964546 0.12877434492111209 0.028159140609204773 23.561396598815922 0.10266622155904771
decision_type=8 2 2 2 2 2 2 2 2 2 2 2 2 2
left_child=1 -1 -2 4 -4 8 -7 -6 -5 10 12 -12 -3 -11
right_child=2 9 3 5 7 6 -8 -9 -10 13 11 -13 -14 -15
leaf_value=0.0031968958390300051 -0.00069566104086999508 0.0040171095052183008 0.011606367850657714 0.0058627771898373399 -0.0022930089191799917 0.017819422214161166 0.0025256113032341614 0.01153563351350924 -0.0068278807106477791 -0.01341716413903163 0.00064193692653518783 -0.016071260210690958 -0.01152513738941908 -0.0039835910438503833
leaf_weight=2852.0061137694865 9096.3629337921739 2825.3717671111226 1814.0089122653008 418.56545509397984 1356.1505254134536 402.14827387034893 3311.7376295700669 435.0761304795742 1519.4277728497982 776.45541254803538 1854.0437921993434 1033.5761953666806 283.98577664792538 3967.7068530507386
leaf_count=16530 43927 15927 8054 1831 6324 1591 15072 2084 7008 6487 12560 7981 1659 32965
internal_value=-5.66158e-06 -0.00182467 0.00134181 0.00334249 0.00640947 0.00137825 0.00422507 0.00111126 -0.00407094 -0.00315974 -0.00126074 -0.0053751 0.0025652 -0.00555252
internal_weight=31946.6 13593.1 18353.5 9257.11 3605.24 5651.88 3713.89 1791.23 1937.99 10741.1 5996.98 2887.62 3109.36 4744.16
internal_count=180000 94109 85891 41964 16462 25502 16663 8408 8839 77579 38127 20541 17586 39452
is_linear=0
shrinkage=0.035


Tree=142
num_leaves=15
num_cat=0
split_feature=8 22 20 20 10 24 24 14 22 22 13 11 19 14
split_gain=62.5198 78.8989 76.8361 70.8853 70.4279 66.4661 63.7411 74.4106 67.6 57.8788 54.9901 43.8632 43.0158 41.2553
threshold=-0.33332943916320795 0.39701244235038763 0.0065876704175025233 0.079157214611768736 1.0015905499458315 0.028592240996658806 0.027031847275793556 0.43571750819683081 0.28268262743949896 0.21714888513088229 0.38879251480102545 0.29523529112339025 -0.25207847356796259 1.4699003696441653
decision_type=2 2 2 2 2 2 2 2 2 2 2 2 2 2
left_child=1 6 5 -4 10 -3 8 12 -1 -9 -2 13 -8 -12
right_child=4 2 3 -5 -6 -7 7 9 -10 -11 11 -13 -14 -15
leaf_value=0.012958852619981242 -0.0062288409379864943 -0.024646826075193272 0.017135185011103289 -0.0062800757266580996 0.0067315468948847199 0.0036701540903751077 0.0044661624951155129 -0.0017941165749814963 -0.0098145881449919099 0.0040648291217519972 -0.005149633519851449 0.0010890253400619996 -0.0055577438480985987 0.0011342772883255344
leaf_weight=861.72028028219938 3218.3964491486549 106.11635912954807 1024.6401126161218 181.67633164674044 1160.9131686910987 798.96537302434444 611.51523085683584 3425.7779846712947 187.71296639740467 5174.188763525337 4078.8825921509415 5816.9994291067123 3414.5375101454556 1858.3876170534641
leaf_count=4402 21111 552 5113 984 5332 4045 2811 21018 1177 25280 32640 26529 17425 11581
internal_value=-5.58834e-06 0.0015598 0.00784018 0.0135861 -0.00153735 0.000117069 0.00058513 -0.0001067 0.00883116 0.00173156 -0.00218255 -0.00107029 -0.00402792 -0.00318415
internal_weight=31920.4 15786.9 2111.4 1206.32 16133.6 905.082 13675.5 12626 1049.43 8599.97 14972.7 11754.3 4026.05 5937.27
internal_count=180000 82807 10694 6097 97193 4597 72113 66534 5579 46298 91861 70750 20236 44221
is_linear=0
shrinkage=0.035


Tree=143
num_leaves=15
num_cat=0
split_feature=21 22 24 21 21 22 17 21 21 21 21 21 0 16
split_gain=62.7759 64.9375 195.87 220.229 190.875 161.152 159.113 125.104 125.012 96.5129 81.7584 77.7358 46.9965 43.7566
threshold=-0.16446474939584729 0.21714888513088229 0.028159140609204773 0.053489156067371375 -0.049244273453950875 0.13391593098640445 0.064813114702701582 -0.034461598843336098 -0.046499745920300477 -0.067441847175359712 -0.026244873180985447 -0.057884303852915757 0.029199960641562942 2.0612787008285527
decision_type=2 2 2 2 2 2 8 2 2 2 2 2 2 2
left_child=-1 2 3 5 11 -2 9 8 -6 -4 -9 12 -3 -8
right_child=1 4 6 -5 7 -7 13 10 -10 -11 -12 -13 -14 -15
leaf_value=0.010159845271645226 -0.015432565599294333 0.001854614075432735 -0.0073556451024722859 -0.017692836705983119 0.0019682772578298513 0.010229310464322775 0.0053676239736314118 0.0069073787659568809 -0.021358162580955433 -0.019924346597523346 -0.00064554171310459612 0.018465333786443196 0.012197483160853787 -0.0070753279362060018
leaf_weight=717.2232546210289 329.91001037880778 1498.0904919505119 2271.1172702219337 497.65073606930673 477.90744652971625 2587.6576203815639 1160.4054768979549 1954.0909715574235 669.20633806288242 1122.6428129002452 16533.765157327056 759.20200274884701 833.83018143847585 481.99947621673346
leaf_count=4070 2657 6846 16491 3859 2706 13223 5238 9990 3744 8913 92779 3608 3715 2161
internal_value=-5.57572e-06 -0.000242609 -0.00286008 0.00360409 0.000731606 0.00728474 -0.00724214 -0.000542593 -0.0117069 -0.0115596 0.000156074 0.00880104 0.00558923 0.00169525
internal_weight=31894.7 31177.5 8451.38 3415.22 22726.1 2917.57 5036.17 19635 1147.11 3393.76 18487.9 3091.12 2331.92 1642.4
internal_count=180000 175930 52542 19739 123388 15880 32803 109219 6450 25404 102769 14169 10561 7399
is_linear=0
shrinkage=0.035


Tree=144
num_leaves=15
num_cat=0
split_feature=4 8 23 24 20 21 24 24 6 24 11 6 10 15
split_gain=60.4323 66.5618 90.2052 230.433 146.834 79.1875 170.521 153.747 66.4233 50.7674 34.6062 26.4457 24.372 22.5981
threshold=0.27425469458103185 -0.19978661835193631 0.11517768353223802 0.030258984304964546 0.084703385829925551 -0.049244273453950875 0.031232091598212722 0.031032942235469822 0.091792032122612013 0.03199290111660958 0.17739234119653705 -0.078603181988000856 1.1471349000930788 23.712245941162113
decision_type=2 2 2 2 2 2 2 2 2 2 2 2 2 2
left_child=1 2 3 4 -1 7 -7 -4 10 -5 11 -3 13 -10
right_child=-2 8 5 9 -6 6 -8 -9 12 -11 -12 -13 -14 -15
leaf_value=0.012168858033990921 0.010635932910896826 0.023247270534243834 0.0059197728064863137 -0.0058730635537298532 -0.012472351805240462 -0.006943115370017067 0.0023048845591601688 -0.0038951410182302636 -0.00011708643562048029 0.013854504026749129 -0.0059600513973722125 -0.018555681663996852 0.010967802630213779 -0.0055436914459487839
leaf_weight=3264.3521924465895 630.54906736314297 11.138324776664374 4892.1929447557777 2060.5558688528836 317.67326035350561 5263.5426961351186 4542.3494604174048 3243.2821236103773 3862.7042584922165 163.73581176623702 1765.2439756281674 421.94661608524621 191.71269239485264 1232.6066301707178
leaf_count=14889 2898 197 26328 11835 1919 31011 24551 18982 20347 829 12519 6731 953 6011
internal_value=-5.97985e-06 -0.00022416 0.000683168 0.00447101 0.0099549 -0.000544488 -0.00266121 0.00200699 -0.00309978 -0.00436536 -0.00819815 -0.0169802 -0.000968416 -0.00143812
internal_weight=31863.6 31233 23747.7 5806.32 3582.03 17941.4 9805.89 8135.48 7485.35 2224.29 2198.33 433.085 5287.02 5095.31
internal_count=180000 177102 130344 29472 16808 100872 55562 45310 46758 12664 19447 6928 27311 26358
is_linear=0
shrinkage=0.035


Tree=145
num_leaves=15
num_cat=0
split_feature=17 20 20 23 20 24 24 24 24 24 20 8 24 22
split_gain=61.3269 60.958 101.348 148.995 133.34 103.975 206.263 74.1468 201.525 134.627 51.8945 51.0618 49.9794 79.8095
threshold=0.018930126912891868 0.037173081189394004 0.0053461876232177028 0.089377358555793776 0.0036894936347380285 0.027930735610425476 0.028159140609204773 0.028459056280553344 0.031552704051136977 0.030374678783118728 0.041316702961921699 -0.20829846709966657 0.028159140609204773 0.28268262743949896
decision_type=8 2 2 2 2 2 2 2 2 2 2 2 2 2
left_child=-1 2 3 11 -5 -4 -7 12 9 -9 -10 -2 13 -3
right_child=1 7 5 4 -6 6 -8 8 10 -11 -12 -13 -14 -15
leaf_value=-0.014654445839333154 0.010746311535229036 0.0090370389899839098 -0.0088501334888785397 -0.0012149655752006997 -0.020329061066045474 0.026325436640996163 0.0038940549575407252 -0.0042829182417177354 -0.0067618967355021183 -0.021546989172733025 0.0051746656582455424 0.00038154930178914176 0.016372129310047001 -0.0058352817706113676
leaf_weight=336.2904732003808 1720.548624727875 757.77728215605021 645.07604054361582 14764.517829231918 451.12835859507322 538.99161737412214 5969.9182959441096 1123.4950235895813 599.88765415176749 1092.3196166157722 1655.8912747688591 878.63560958579183 270.41724754869938 1031.8041421100497
leaf_count=5882 7751 3801 3929 85574 2653 2331 31642 6140 3719 5809 8652 4411 1149 6557
internal_value=-5.71668e-06 0.000155271 0.000942891 -0.000470622 -0.00179466 0.00445856 0.00578909 -0.00285246 -0.00537976 -0.0128521 0.0019845 0.00725747 0.00263297 0.000477451
internal_weight=31836.7 31500.4 24968.8 17814.8 15215.6 7153.99 6508.91 6531.59 4471.59 2215.81 2255.78 2599.18 2060 1789.58
internal_count=180000 174118 138291 100389 88227 37902 33973 35827 24320 11949 12371 12162 11507 10358
is_linear=0
shrinkage=0.035


Tree=146
num_leaves=15
num_cat=0
split_feature=8 19 16 4 21 24 22 15 3 21 20 22 12 17
split_gain=59.3514 68.2385 69.7491 87.7485 65.317 101.055 77.518 53.8972 47.1376 48.293 35.7591 35.556 29.0876 29.0477
threshold=-0.47202618420124048 0.18825316429138186 1.5866102576255801 0.062713470309972777 0.053489156067371375 0.027712903916835788 0.34918159246444708 20.802124023437504 -0.096875987946987138 -0.0087223635055124742 -0.035681441426277154 0.34321255981922155 0.99737510085105907 0.052780015394091613
decision_type=2 2 2 2 2 2 2 2 2 2 2 2 2 8
left_child=7 2 4 13 6 -6 -2 -1 -3 11 -11 -10 -9 -4
right_child=1 8 3 -5 5 -7 -8 12 9 10 -12 -13 -14 -15
leaf_value=-0.0017884953407352041 -0.0016565452292526528 0.0069039005735443918 -0.013558888918131205 0.0030619561646806513 -0.0182516836596366 -0.002000494937226887 0.0044174369461866172 0.0073571380015329821 0.0027081367281768165 -0.018127505568673846 -0.0017725897817746064 0.017610229391744701 0.0021018983266808092 -0.0061285127975099747
leaf_weight=2246.3799036815763 8283.2387310173362 1892.0639536175877 1196.9941148050129 905.37523818016052 608.33080507814884 1950.1274446174502 3722.2762611601502 2544.653025586158 1726.0362825859338 166.74124348908663 2282.7397520542145 212.22998413071036 2629.4303872212768 1450.6431986019015
leaf_count=11787 52233 8880 8220 4562 5632 13782 21953 12265 8376 805 10526 995 13053 6931
internal_value=-5.85032e-06 -0.000839661 -0.00192928 -0.00631887 -0.0008548 -0.0059206 0.000228785 0.00273297 0.00230192 0.000306289 -0.00295508 0.00442185 0.00469567 -0.00952616
internal_weight=31817.3 24396.8 18117 3553.01 14564 2558.46 12005.5 7420.46 6279.81 4387.75 2449.48 1938.27 5174.08 2647.64
internal_count=180000 142895 113313 19713 93600 19414 74186 37105 29582 20702 11331 9371 25318 15151
is_linear=0
shrinkage=0.035


Tree=147
num_leaves=15
num_cat=0
split_feature=17 14 12 4 23 8 20 19 5 20 23 3 11 22
split_gain=58.8693 63.0814 65.9489 87.012 64.9922 54.907 47.9701 40.7615 41.5081 41.3088 32.5305 29.7883 36.0491 33.4335
threshold=0.024753689765930179 0.26502802968025213 1.0660135746002199 0.097221400588750853 0.39969968795776373 -0.13264777511358258 0.037173081189394004 0.18825316429138186 -0.092828944325447069 -0.041649702936410897 0.34108707308769232 0.797346591949463 0.16055022180080417 0.48898293077945715
decision_type=8 2 2 2 2 2 2 2 2 2 2 2 2 2
left_child=11 7 5 4 -4 6 -3 8 9 -2 -5 12 -1 -14
right_child=1 2 3 10 -6 -7 -8 -9 -10 -11 -12 -13 13 -15
leaf_value=-0.016409663665827266 -0.010164536374292623 0.004621045168352652 -0.003329297062672246 0.0034027302768259585 0.0082024441147406733 -0.0028922364999699884 -0.00048267647958081405 0.0042122320989849259 -0.0089043518844065181 0.0025755883138721836 0.017221947004219213 0.032935923346189576 -0.005886711972774121 0.016987715292922815
leaf_weight=397.27854177355766 425.78716949000955 9419.9798279926181 8798.6524836756289 2451.7338232398033 632.91781529784203 1960.6091821528971 2963.0519004762173 645.08183301985264 1814.8879440240562 1086.348669923842 219.31300023943186 12.821384452283381 897.03499695844948 76.019615974277258
leaf_count=7166 2581 49983 50549 11429 2987 10900 15854 2844 9286 4954 987 94 9702 684
internal_value=-6.00962e-06 0.000316108 0.000934168 -0.000968188 -0.00254758 0.00253886 0.00340041 -0.00379094 -0.00535066 -0.00105499 0.0045974 -0.00704146 -0.0076514 -0.00394503
internal_weight=31801.5 30418.4 26446.3 12102.6 9431.57 14343.6 12383 3972.11 3327.02 1512.14 2671.05 1383.15 1370.33 973.055
internal_count=180000 162354 142689 65952 53536 76737 65837 19665 16821 7535 12416 17646 17552 10386
is_linear=0
shrinkage=0.035


Tree=148
num_leaves=15
num_cat=0
split_feature=21 23 23 21 20 21 21 11 18 4 20 8 14 4
split_gain=56.1678 76.5163 171.801 114.283 89.3172 143.758 134.623 86.256 66.6648 33.2092 26.7765 23.2138 22.4449 19.5043
threshold=-0.16446474939584729 0.26067323982715612 0.39969968795776373 -0.11719527095556258 -0.041649702936410897 0.039285084232687957 0.017405906692147258 0.49331828951835638 0.37936916947364813 -0.060146585106849663 -0.066556084901094423 -0.19978661835193631 1.3907613158226015 0.016226584091782573
decision_type=2 2 2 2 2 2 2 2 2 2 2 2 2 2
left_child=9 3 7 11 5 -5 -6 8 -3 -1 -4 -2 -9 -12
right_child=1 2 10 4 6 -7 -8 12 -10 -11 13 -13 -14 -15
leaf_value=0.0015942917124697677 0.015592693752929787 -0.014651673517715263 0.016123598727238314 -0.0084912052414941961 0.0029456241808157296 0.017691433664448843 -0.0023745873522475298 -0.0012332294685301812 0.014485337052539576 0.016608718896762267 -0.00046779302694765714 -0.002386656190685137 0.0157665388627991 0.011087087518142703
leaf_weight=341.99815905839205 698.04629101976752 1919.3017520457506 267.99479743652046 2544.462168911472 13801.751073608175 276.22738774493337 10067.9504306335 396.75195688009262 93.516687713563442 377.66405339352787 529.50193702057004 97.650330744683743 114.64580546319485 259.71976390480995
leaf_count=2066 3072 14376 1329 17330 71041 1341 60498 1847 379 2004 2418 552 506 1241
internal_value=-5.48233e-06 -0.000230846 -0.00503535 0.000396783 4.74018e-06 -0.00587372 0.000701569 -0.0099851 -0.013233 0.00959319 0.00676555 0.013384 0.0028071 0.00342587
internal_weight=31787.2 31067.5 3581.43 27486.1 26690.4 2820.69 23869.7 2524.22 2012.82 719.662 1057.22 795.697 511.398 789.222
internal_count=180000 175930 22096 153834 150210 18671 131539 17108 14755 4070 4988 3624 2353 3659
is_linear=0
shrinkage=0.035


Tree=149
num_leaves=15
num_cat=0
split_feature=17 3 3 19 16 18 22 4 16 20 10 22 8 23
split_gain=58.0464 60.9431 58.5632 49.9434 57.1347 53.7878 53.7282 48.9022 55.9978 40.8429 37.5951 67.6768 32.5146 14.7184
threshold=0.11145790293812753 -0.16903085261583325 0.48615336418151861 0.25492268800735479 1.8775122761726382 0.15189713239669803 0.21714888513088229 0.022006093524396423 1.6495100855827334 0.03655372932553292 0.33808140456676489 0.34321255981922155 -0.11007652431726454 0.37483122944831854
decision_type=8 2 2 2 2 2 2 2 2 2 2 2 2 2
left_child=1 3 7 4 6 -6 -1 8 -3 -9 11 -4 -12 -5
right_child=-2 2 10 13 5 -7 -8 9 -10 -11 12 -13 -14 -15
leaf_value=-0.0014055867813031839 0.0095345937434027396 -0.0030482484085426337 -0.0056950161102773305 0.0075663586781657905 -0.0080120119472940916 0.0035494287520050957 0.0039616473281046498 0.0024659714041342148 -0.011159215264935208 -0.005062891301777765 0.00325943926101389 0.058273474734928554 -0.0046473160133412494 0.025575148807159713
leaf_weight=3557.0165722016245 752.67373654991388 8191.0666584465653 38.059565976262093 1064.0746718645096 1474.1633610799909 731.00877927988768 6356.8319405578077 3184.4052856322378 1187.9191903118044 1209.7245332021266 3143.6831456795335 29.737244214862585 789.10843559354544 51.155158281326294
leaf_count=22314 3571 53723 356 4773 7783 3310 34391 17622 6649 7098 14331 192 3642 245
internal_value=-4.6019e-06 -0.000239151 -0.0015777 0.00155836 0.000902663 -0.0041807 0.00203645 -0.00266012 -0.00408635 0.000386451 0.00214618 0.0262469 0.0016652 0.00861236
internal_weight=31760.6 31008 17773.7 13234.3 12119 2205.17 9913.85 13773.1 9378.99 4394.13 4000.59 67.7968 3932.79 1115.23
internal_count=180000 176429 103613 72816 67798 11093 56705 85092 60372 24720 18521 548 17973 5018
is_linear=0
shrinkage=0.035


Tree=150
num_leaves=15
num_cat=0
split_feature=17 20 15 8 21 24 24 6 8 12 4 4 21 23
split_gain=57.379 64.6066 58.2872 56.922 48.2794 67.2367 51.0199 45.8251 40.4531 44.6723 43.7939 35.6994 69.9578 57.5794
threshold=0.035929122939705856 -0.055912442505359643 22.089489936828617 -0.17276621609926221 0.053489156067371375 0.028592240996658806 0.027712903916835788 0.27324600517749792 -0.19978661835193631 1.4952564239501955 -0.13130726665258405 -0.015874451026320454 -0.14243798702955243 0.21982385218143466
decision_type=8 2 2 2 2 2 2 2 2 2 2 2 2 2
left_child=1 -1 11 4 5 -3 -6 -5 9 10 -4 -2 -13 -14
right_child=2 3 8 7 6 -7 -8 -9 -10 -11 -12 12 13 -15
leaf_value=-0.016597523029127911 -0.0026776224701947934 0.0077204288400507023 -0.0028505966365452912 -0.010182242968691692 -0.017551177710969732 -0.0016368704637085125 -0.0017731943025604802 0.015369771160337052 -0.00025609357176135358 -0.0035353160916716283 0.0061686722526423316 0.017412064357921832 0.0017934690911707693 -0.0062973576187414469
leaf_weight=380.49905976839364 6271.1996438838542 1365.7998729869723 738.13382238894701 1234.1743328757584 354.35639966465533 2966.3058809060603 815.92351719178259 83.61696894466877 3810.6613222621381 809.44545996934175 5796.2915861010551 292.49723070114851 5499.2194180488586 1329.488450307399
leaf_count=5682 33003 7670 3568 13402 3716 20946 6885 519 17980 3746 27202 1318 27015 7348
internal_value=-3.702e-06 -0.00274876 0.000802333 -0.00195296 -0.000382678 0.00132423 -0.00665893 -0.00845736 0.00266998 0.00418657 0.00514705 -0.000754059 0.000941282 0.000211352
internal_weight=31747.6 7200.68 24546.9 6820.18 5502.39 4332.11 1170.28 1317.79 11154.5 7343.87 6534.43 13392.4 7121.21 6828.71
internal_count=180000 58820 121180 53138 39217 28616 10601 13921 52496 34516 30770 68684 35681 34363
is_linear=0
shrinkage=0.035


Tree=151
num_leaves=15
num_cat=0
split_feature=8 13 23 24 11 15 21 22 6 14 22 1 18 10
split_gain=53.5322 62.4319 52.4265 52.2804 51.2719 49.1768 38.9797 79.4544 56.2381 36.6053 33.1546 91.418 51.82 29.0264
threshold=-0.47202618420124048 0.43750539422035223 0.089377358555793776 0.030956145375967029 0.29993277788162237 20.802124023437504 -0.0087223635055124742 0.29388138651847845 -0.15368537604808805 0.65361729264259349 0.39354364573955541 -0.030800504609942433 0.10192065685987474 1.1471349000930788
decision_type=2 2 2 2 2 2 2 2 2 2 2 2 2 2
left_child=5 2 3 9 10 -1 7 -4 -8 -2 12 -12 -3 -6
right_child=1 4 6 -5 13 -7 8 -9 -10 -11 11 -13 -14 -15
leaf_value=-0.0017266533641043548 0.011109076204743152 -0.0060501190240679409 -0.0045258380629188549 -0.010757885280211087 0.0017936199536592447 0.0044747830409872869 0.0046451707653725419 0.0077483457501060921 -0.0090044120511190637 -0.002016970355761824 0.015009166590175935 -0.0018937131543095296 0.0016187281312423586 0.010176392661665921
leaf_weight=2239.8375146891922 709.17355939373374 3081.6773466952145 3201.3529633078724 261.38726914860308 8132.101641073823 5165.9232606291771 419.06657219491899 799.19870743900537 2819.1108746677637 403.63262084871531 488.85440091788769 1821.57222545892 1652.9123931229115 530.40236905217171
leaf_count=11787 3268 26209 20467 1623 37206 25318 2809 4585 17758 2113 3234 11448 9596 2579
internal_value=-3.92795e-06 -0.0007974 -0.00319033 0.00305992 0.000515914 0.00259939 -0.00437946 -0.00206059 -0.0072291 0.00637249 -0.00170011 0.00173197 -0.00337505 0.00231804
internal_weight=31726.2 24320.4 8612.92 1374.19 15707.5 7405.76 7238.73 4000.55 3238.18 1112.81 7045.02 2310.43 4734.59 8662.5
internal_count=180000 142895 52623 7004 90272 37105 45619 25052 20567 5381 50487 14682 35805 39785
is_linear=0
shrinkage=0.035


Tree=152
num_leaves=15
num_cat=0
split_feature=20 4 8 24 23 24 24 24 20 21 21 22 23 24
split_gain=54.6443 85.0984 78.4871 80.1753 75.1896 72.0719 195.773 129.763 136.522 103.301 66.8506 121.989 119.604 66.8352
threshold=0.037173081189394004 0.002758928458206356 -0.1912034675478935 0.03452891297638417 0.089377358555793776 0.028459056280553344 0.031552704051136977 0.030374678783118728 0.064059242606163039 0.066371265798807158 -0.019647533074021336 0.29388138651847845 0.2161265313625336 0.031247661449015144
decision_type=2 2 2 2 2 2 2 2 2 2 2 2 2 2
left_child=1 4 3 -3 13 9 7 8 -7 -2 11 -6 -12 -1
right_child=5 2 -4 -5 10 6 -8 -9 -10 -11 12 -13 -14 -15
leaf_value=0.007337287852952369 0.010275205770736269 0.0068966695581883369 -0.00066306009724551365 -0.0073343527883647352 -0.0012342592550826574 0.017556459314026739 0.00190264319263741 -0.021207610506800787 -0.010942398601634642 -0.0052624792001445724 -0.0060662370688814044 0.013518742320374517 0.0098004599150818238 -0.0096926132785781979
leaf_weight=1962.2887458875775 1041.5524998493493 5648.0529488548636 3888.8140238169581 522.32636071927845 5587.8851164598018 259.40249944850802 2268.0066058784723 1096.5040594059974 867.80833084881306 1036.1932253595442 5797.1195538789034 772.59250501729548 637.7891506832093 320.59114582650363
leaf_count=9407 5122 29359 22519 3032 34031 1134 12808 6132 5147 6815 34685 4280 3606 1923
internal_value=-3.69975e-06 0.000739278 0.00323087 0.00568209 -0.000923986 -0.00284344 -0.00533299 -0.0126882 -0.00428731 0.00253831 -0.00196857 0.000576162 -0.00448086 0.00491389
internal_weight=31706.9 25137.5 10059.2 6170.38 15078.3 6569.47 4491.72 2223.71 1127.21 2077.75 12795.4 6360.48 6434.91 2282.88
internal_count=180000 142842 54910 32391 87932 37158 25221 12413 6281 11937 76602 38311 38291 11330
is_linear=0
shrinkage=0.035


Tree=153
num_leaves=15
num_cat=0
split_feature=17 14 16 14 23 23 8 16 6 17 24 23 8 6
split_gain=53.8297 55.2472 68.5742 82.2347 53.8475 72.7698 55.9295 48.469 47.4246 45.2128 40.781 36.2748 23.8755 22.4253
threshold=0.018930126912891868 0.24212542176246646 0.86778968572616588 1.4699003696441653 0.21982385218143466 0.34108707308769232 -0.2250736057758331 2.0612787008285527 0.024077679961919788 0.098623964935541167 0.030696987174451355 0.087692510336637511 -0.53810074925422657 0.11769914999604227
decision_type=8 2 2 2 2 2 2 2 2 8 2 2 2 2
left_child=13 8 4 7 6 -6 -3 -4 10 -5 11 -2 -12 -1
right_child=1 2 3 9 5 -7 -8 -9 -10 -11 12 -13 -14 -15
leaf_value=-0.016033312758506103 0.013165494318764759 0.0057564274519239424 -0.0014422806570849461 0.0016396181659248242 -0.0076736965792573632 0.0050138441025190748 -0.0011330795221548989 -0.0076970498507936379 0.0022747626289641707 0.012063009117250703 -0.0015216844478136056 -0.0044890656918000066 -0.013809742767369933 0.02025536258054805
leaf_weight=312.57274391129613 153.92072986811399 6386.2323765959591 9574.5465983189642 5516.1619215160608 1213.0112824235111 1002.7778764311224 1860.3286959044635 1795.3393430840224 1026.6555529721081 552.33874719589949 246.6585216447711 1093.9154322594404 940.01373420841992 13.946146231144665
leaf_count=5698 691 33721 57135 29396 8092 5521 11217 9080 4703 2635 1182 5508 5237 184
internal_value=-3.72786e-06 0.00014563 0.000663473 -0.000680584 0.00290222 -0.00193509 0.00420274 -0.00243582 -0.00401862 0.00260661 -0.00667105 -0.00222402 -0.0112896 -0.0139275
internal_weight=31688.4 31361.9 27900.7 17438.4 10462.4 2215.79 8246.56 11369.9 3461.16 6068.5 2434.51 1247.84 1186.67 326.519
internal_count=180000 174118 156797 98246 58551 13613 44938 66215 17321 32031 12618 6199 6419 5882
is_linear=0
shrinkage=0.035


Tree=154
num_leaves=15
num_cat=0
split_feature=20 20 23 20 21 23 24 24 24 24 24 20 21 20
split_gain=51.3156 84.6979 127.72 124.964 105.124 98.6896 160.873 178.045 66.7952 183.618 121.606 127.637 96.3258 47.0944
threshold=0.037173081189394004 0.0053461876232177028 0.089377358555793776 0.0036894936347380285 -0.019647533074021336 0.12557828053832057 0.027930735610425476 0.031256623566150672 0.028459056280553344 0.031552704051136977 0.030374678783118728 0.064059242606163039 0.066371265798807158 0.041316702961921699
decision_type=2 2 2 2 2 2 2 2 2 2 2 2 2 2
left_child=1 2 -1 4 -4 -3 -7 -8 12 10 11 -10 -2 -11
right_child=8 5 3 -5 -6 6 7 -9 9 13 -12 -13 -14 -15
leaf_value=0.0065086944898453255 0.009909517087160237 -0.0012918402524177328 0.0015434288419732382 -0.019715873292985506 -0.0043610723764949243 -0.0088604502376914297 0.021803692647062209 0.0050635316763525803 0.016934379604833558 -0.0064862615208359257 -0.020595894458521953 -0.010632922186125934 -0.0051108019243567126 0.0048633291065250514
leaf_weight=2646.1449821442366 1038.8159571178257 2756.7124916575849 7811.0933859366924 452.87848697602749 6991.1798792462796 650.7515239585191 1083.9306236803532 2729.5366175565869 259.48470922932029 601.57741670869291 1088.5720369610935 863.90421125292778 1034.3234207127243 1666.7015976086259
leaf_count=12812 5122 15881 45931 2738 41973 4069 4778 14660 1134 3870 6132 5147 6815 8938
internal_value=-3.65656e-06 0.000716028 -0.000575021 -0.00180721 -0.00124636 0.00391302 0.00712279 0.0098663 -0.00275944 -0.00515945 -0.0123111 -0.00417209 0.00242707 0.00183801
internal_weight=31675.6 25122.2 17901.3 15255.2 14802.3 7220.93 4464.22 3813.47 6553.38 4480.24 2211.96 1123.39 2073.14 2268.28
internal_count=180000 142842 103454 90642 87904 39388 23507 19438 37158 25221 12413 6281 11937 12808
is_linear=0
shrinkage=0.035


Tree=155
num_leaves=15
num_cat=0
split_feature=17 22 14 12 24 8 16 15 15 4 24 21 22 6
split_gain=53.3982 50.5912 49.5514 64.6709 55.6799 49.0857 60.8793 48.7167 48.3316 45.321 44.8122 45.5258 39.3768 40.604
threshold=0.030109920538961891 0.39701244235038763 0.35248254239559179 1.3716925382614138 0.030956145375967029 -0.19978661835193631 2.0612787008285527 21.222558021545414 22.628449440002445 0.097221400588750853 0.027459150180220607 0.053489156067371375 0.21714888513088229 -0.05774703994393348
decision_type=8 2 2 2 2 2 2 2 2 2 2 2 2 2
left_child=1 10 3 4 8 6 7 -4 -2 -8 11 -1 -12 -14
right_child=2 -3 5 -5 -6 -7 9 -9 -10 -11 12 -13 13 -15
leaf_value=0.0072745431367021466 -0.00055522699171855051 0.0025159703133718768 0.00053074390658326503 -0.01741464332400465 -0.005538220012694898 -0.0013538544000424627 -0.0057589784194812671 0.0048295392650000669 0.010413514041318362 0.0053334939808668816 -0.018668864054712221 -0.014964905692539658 -0.0016453521588446402 -0.013012027101824168
leaf_weight=448.15116996318102 2483.2332988269627 1032.2013959847391 5239.1712455935776 320.6956077478826 2330.7869408093393 6315.6634519211948 1744.704218711704 8419.8643909431994 603.44902710616589 598.64429754763842 412.45949435047805 139.68561024591327 900.43590787798166 666.95751206204295
leaf_count=2605 12109 8190 28991 1582 11978 33096 8771 42711 2714 2756 5919 2050 7954 8574
internal_value=-3.8575e-06 -0.00401077 0.000511516 -0.00238666 -0.0014666 0.0012574 0.00228818 0.00318225 0.00161587 -0.00291461 -0.00663408 0.00182794 -0.0091431 -0.00653393
internal_weight=31656.1 3599.89 28056.2 5738.16 5417.47 22318 16002.4 13659 3086.68 2343.35 2567.69 587.837 1979.85 1567.39
internal_count=180000 35292 144708 28383 26801 116325 83229 71702 14823 11527 27102 4655 22447 16528
is_linear=0
shrinkage=0.035


Tree=156
num_leaves=15
num_cat=0
split_feature=17 12 4 23 14 16 8 23 21 4 3 14 12 8
split_gain=53.0198 58.3488 68.5224 64.5564 56.3626 50.423 49.7047 51.3473 30.1889 29.4207 28.0308 25.0246 38.8054 23.8785
threshold=0.085199870169162764 1.0660135746002199 0.097221400588750853 0.39969968795776373 0.16813946515321734 2.0612787008285527 -0.233270488679409 0.21982385218143466 -0.0087223635055124742 -0.073396109044551835 0.12218043953180314 0.69418880343437206 0.99737510085105907 -0.097956199198961244
decision_type=8 2 2 2 2 2 2 2 2 2 2 2 2 2
left_child=1 4 3 5 -1 -3 7 -6 11 -10 -4 12 -2 -5
right_child=8 2 10 13 6 -7 -8 -9 9 -11 -12 -13 -14 -15
leaf_value=-0.0055498352117005802 0.013729717689830112 -0.0032422285604150184 0.0055322007822532675 0.0084578696017164074 0.0033923124765659111 -0.010028321584221218 -0.0016490996072026235 -0.0040560912628006887 -0.0081856758237752059 0.0038328386990102215 -0.0042740204080049908 0.011333400864297695 -0.0053045803790581032 -0.018310733217612864
leaf_weight=1568.7072792425752 200.44443039596081 6454.7087921053171 1566.71325378865 610.45856549777091 10508.909581732005 1689.9557291232049 4745.7140182331204 1262.2618551496416 331.42313511669636 917.18092988431454 453.53691915795207 958.51905936002731 339.1451063901186 34.419624730944633
leaf_count=7804 862 42003 7322 2881 57168 9054 31306 7783 1454 4265 2033 4337 1473 255
internal_value=-4.42893e-06 -0.000446734 -0.00247988 -0.00381535 0.000769182 -0.00466086 0.00137233 0.00259083 0.00463336 0.000603014 0.00332054 0.0079662 0.00188736 0.00677134
internal_weight=31642.1 28895.4 10809.8 8789.54 18085.6 8144.66 16516.9 11771.2 2746.71 1248.6 2020.25 1498.11 539.59 644.878
internal_count=180000 167609 63548 54193 104061 51057 96257 64951 12391 5719 9355 6672 2335 3136
is_linear=0
shrinkage=0.035


Tree=157
num_leaves=15
num_cat=0
split_feature=17 20 5 15 16 14 24 23 3 10 10 24 24 20
split_gain=51.8394 63.2268 66.2512 55.588 46.0256 50.0698 45.3518 53.8588 43.7981 39.3668 35.1506 39.2859 40.6413 34.8241
threshold=0.039463229477405555 -0.066556084901094423 -0.047241276130080216 22.089489936828617 1.2926474809646609 0.73492941260337841 0.028592240996658806 0.20932535827159884 1.3153972029685976 0.648388832807541 1.2975878715515139 0.03452891297638417 0.034816114231944091 0.03655372932553292
decision_type=8 2 2 2 2 2 2 2 2 2 2 2 2 2
left_child=1 -1 6 4 -2 -6 7 -3 -4 -8 11 13 -13 -5
right_child=3 2 8 10 5 -7 9 -9 -10 -11 -12 12 -14 -15
leaf_value=-0.016040908013745095 0.00085706671151929809 0.0035734934249055422 -0.004219403890065386 0.0041623779064740322 -0.0095647522141309553 -0.0011127472755555797 0.0010831458493693285 0.022162385428913543 0.036667219464491009 -0.013034903546349445 0.012271540527755469 -0.019690667612938924 -0.00092215753310087144 -0.0011116651227200906
leaf_weight=375.20251285843551 7633.5371110886335 746.25141768530011 5514.5192808434367 7134.7659070342779 1246.5230053178966 2721.2949034608901 2463.1596715524793 249.05355728790164 22.378008246421814 258.1860129237175 448.45776195824146 167.44496930390596 699.89622649550438 1948.1982474252582
leaf_count=5232 38006 4345 44785 33076 6470 13704 16469 1338 130 1226 2192 822 3283 8922
internal_value=-4.49149e-06 -0.00214501 -0.00156487 0.000932896 -0.000732606 -0.00378538 0.00204653 0.00839915 -0.00398835 -0.000299115 0.00278993 0.0023507 -0.00472866 0.00303117
internal_weight=31628.9 9628.75 9253.55 22000.1 11601.4 3967.82 3716.65 995.305 5536.9 2721.35 10398.8 9950.31 867.341 9082.96
internal_count=180000 73525 68293 106475 58180 20174 23378 5683 44915 17695 48295 46103 4105 41998
is_linear=0
shrinkage=0.035


Tree=158
num_leaves=15
num_cat=0
split_feature=3 23 24 20 3 21 24 23 23 24 23 20 4 6
split_gain=48.2169 67.4639 88.8792 72.4173 65.3726 58.7201 95.6793 120.841 81.8709 74.2264 82.8472 55.4798 46.8268 41.3626
threshold=-0.096875987946987138 0.11517768353223802 0.030258984304964546 0.084703385829925551 0.48615336418151861 -0.039221605286002152 0.031232091598212722 0.2161265313625336 0.28368386626243597 0.032829137519001968 0.16880477964878085 -0.066556084901094423 0.022006093524396423 -0.24138105660676953
decision_type=2 2 2 2 2 2 2 2 2 2 2 2 2 2
left_child=1 2 3 -1 12 9 7 -7 -8 10 -3 -11 13 -2
right_child=4 5 -4 -5 -6 6 8 -9 -10 11 -12 -13 -14 -15
leaf_value=0.011524780229910953 0.0045463672968344485 -0.0022215288545433896 -0.0019005605557543442 -0.0067253147349035985 0.0023275623276951133 -0.0078530647331282299 0.004518675397890054 0.022493760585644368 -0.0098746978262687687 -0.019552524055582571 0.0074431369680212208 -0.00029258058943645588 0.00050386316470801427 -0.0050797528821380031
leaf_weight=2174.139937248081 584.98756617307663 1609.8859194424003 1324.8453100062907 296.70789498463273 4182.7194555960596 3174.1969265900552 2778.9520513210446 159.76830345764756 576.07557644508779 276.92453507147729 3308.0575931556523 507.74321272224188 3590.0712613444775 7067.121902294457
leaf_count=10479 3171 8765 7939 1835 19472 20032 15341 860 3344 2192 18433 2818 19948 45371
internal_value=-4.28629e-06 0.00132965 0.0054056 0.00931497 -0.00140411 7.77824e-05 -0.00214539 -0.00633588 0.00202526 0.00268468 0.00428133 -0.0072503 -0.00279333 -0.00433888
internal_weight=31612.2 16187.3 3795.69 2470.85 15424.9 12391.6 6688.99 3333.97 3355.03 5702.61 4917.94 784.668 11242.2 7652.11
internal_count=180000 92038 20253 12314 87962 71785 39577 20892 18685 32208 27198 5010 68490 48542
is_linear=0
shrinkage=0.035


Tree=159
num_leaves=15
num_cat=0
split_feature=17 20 20 23 20 24 24 24 24 20 21 20 11 24
split_gain=49.5046 49.936 81.1561 110.468 119.664 85.7951 164.346 60.8032 181.362 84.754 76.546 52.8235 47.2166 37.7906
threshold=0.022354741580784324 0.037173081189394004 0.0053461876232177028 0.089377358555793776 0.0036894936347380285 0.027930735610425476 0.028159140609204773 0.03196563012897969 0.030374678783118728 0.064059242606163039 0.076025784015655531 0.041316702961921699 0.75492084026336681 0.032499570399522788
decision_type=8 2 2 2 2 2 2 2 2 2 2 2 2 2
left_child=-1 2 3 12 -5 -4 -7 8 9 -3 -10 -9 -2 -13
right_child=1 7 5 4 -6 6 -8 11 10 -11 -12 13 -14 -15
leaf_value=-0.0087405818795277292 0.0070639375978697383 0.0088854066787654382 -0.0082129254258453237 -0.0009391789551528027 -0.019352018207191537 0.023711588531135454 0.003601296253616687 -0.0085037489463521201 -0.019770157374352934 -0.0036982719633530101 -0.0019895097848784383 0.013595457997461919 -0.028240306883873384 0.0017146356159504388
leaf_weight=765.08355865254998 2477.4910300523043 932.8103967346251 621.79045897722244 14510.047130513936 435.71172771602869 534.73718045651913 5863.1226535327733 383.78028901293874 1051.7500925026834 2142.803556215018 414.91145678982139 502.76173572987318 37.631267443299294 919.64813468232751
leaf_count=11764 11397 4637 3723 83186 2544 2266 30431 2346 5581 12303 2500 2346 178 4798
internal_value=-4.30883e-06 0.000215263 0.000932712 -0.000345488 -0.00148855 0.00410811 0.00531651 -0.00254843 -0.0047055 0.00013469 -0.0147876 0.00287229 0.00642597 0.0059796
internal_weight=31594.1 30829 24480.5 17460.9 14945.8 7019.65 6397.86 6348.47 4542.28 3075.61 1466.66 1806.19 2515.12 1422.41
internal_count=180000 168236 133725 97305 85730 36420 32697 34511 25021 16940 8081 9490 11575 7144
is_linear=0
shrinkage=0.035


Tree=160
num_leaves=15
num_cat=0
split_feature=17 12 14 23 3 15 2 23 19 8 20 13 18 23
split_gain=48.9205 53.8899 65.2266 51.0218 50.1318 51.21 49.0248 48.3009 47.1223 31.902 30.5311 27.2447 24.1408 17.8832
threshold=0.11145790293812753 1.0660135746002199 2.8332070112228398 0.39969968795776373 -0.10893550515174864 21.005337715148929 0.17262873798608783 0.26067323982715612 -0.1854937672615051 -0.097956199198961244 0.03655372932553292 0.74824559688568126 0.056698122993111617 0.39372026920318609
decision_type=8 2 2 2 2 2 2 2 2 2 2 2 2 2
left_child=1 4 3 7 6 12 8 -3 -1 -5 -7 13 -6 -4
right_child=-2 2 11 9 5 10 -8 -9 -10 -11 -12 -13 -14 -15
leaf_value=0.0074219696546926053 0.0087918547351984178 -0.0027317600326569299 6.9050119757508622e-05 0.0078037758166952763 -0.0064212998276113363 0.0018385017650389959 0.011549203390866396 -0.0092786961171970415 0.00072747114531485698 -0.019369024069903647 -0.0035935647986836202 0.0094370679937094363 0.0040081040609570972 0.017576705356389933
leaf_weight=1614.5519588552415 745.92461580783129 7579.6860537491739 1502.8395843990147 664.81222545169294 2138.8886496927589 6039.8141830619425 728.92311998829246 1682.7094711586833 6231.2222128994763 47.949898125603795 1593.7053765561432 638.78051429986954 304.39270271547139 65.043242208659649
leaf_count=8116 3571 43380 7673 3107 14247 32676 3558 11958 37352 316 8867 3007 1869 303
internal_value=-4.77867e-06 -0.00022037 -0.00203002 -0.00323437 0.000962018 -0.000711719 0.00292749 -0.00392987 0.0021128 0.00573308 0.000701192 0.00340424 -0.00511093 0.000902142
internal_weight=31579.2 30833.3 12181.8 9975.16 18651.5 10076.8 8574.7 9262.4 7845.77 712.762 7633.52 2206.66 2443.28 1567.88
internal_count=180000 176429 69744 58761 106685 57659 49026 55338 45468 3423 41543 10983 16116 7976
is_linear=0
shrinkage=0.035


Tree=161
num_leaves=15
num_cat=0
split_feature=19 19 14 2 16 18 8 8 24 7 24 22 0 12
split_gain=47.0531 59.654 60.1611 55.4591 54.1317 67.4141 59.3343 46.8199 45.1909 39.7043 35.3515 30.3031 26.068 25.8536
threshold=-0.23124223202466962 0.17116747051477435 0.26502802968025213 0.19311680644750598 1.8775122761726382 0.15189713239669803 -0.14321403950452802 -0.1912034675478935 0.030096776783466343 -0.19189477711915967 0.030890330672264103 0.48898293077945715 0.084357943385839476 0.64470547437667858
decision_type=2 2 2 2 2 2 2 2 2 2 2 2 2 2
left_child=13 2 3 8 6 -6 -4 9 -2 10 -3 -9 -11 -1
right_child=1 7 4 -5 5 -7 -8 11 -10 12 -12 -13 -14 -15
leaf_value=-0.0028450678723719409 -0.0023518362697371631 0.0068471109625644708 0.00089299849842226732 0.0056028793179050372 -0.0084975901188999604 0.00378667868821314 -0.0060525075281243962 0.00056136034950896876 -0.012066498586337047 0.014240245038821426 -0.0038523978503307334 -0.011660175894203104 0.0054510027953516811 0.0055805517974051311
leaf_weight=534.55352191999555 995.80401859618723 707.04410798847675 14033.882933452725 416.1211669780314 2004.0699307993054 744.75599641725421 1677.8098415620625 3677.6362544000149 1438.0613835249096 689.34161506779492 791.2652977630496 256.49056331813335 1065.1079121977091 2532.3945214152336
leaf_count=2506 5045 3178 86855 1896 11288 3443 14373 18078 8053 3389 3528 1246 4913 12209
internal_value=-4.38681e-06 -0.000448206 -0.00137811 -0.00610178 -0.00064595 -0.00516768 0.000147928 0.00230723 -0.00811768 0.00540711 0.00120856 -0.000262982 0.00896552 0.00410754
internal_weight=31564.3 28497.4 21310.5 2849.99 18460.5 2748.83 15711.7 7186.89 2433.87 3252.76 1498.31 3934.13 1754.45 3066.95
internal_count=180000 165285 130953 14994 115959 14731 101228 34332 13098 15008 6706 19324 8302 14715
is_linear=0
shrinkage=0.035


Tree=162
num_leaves=15
num_cat=0
split_feature=17 22 15 15 16 18 8 24 22 3 14 20 22 16
split_gain=47.2478 55.1457 44.1001 43.415 63.7453 59.2685 45.8241 41.228 61.5828 43.3974 39.8739 37.5578 38.5969 37.2682
threshold=0.033097689971327789 0.39701244235038763 22.021204948425297 22.382175445556644 1.5866102576255801 0.15189713239669803 -0.13264777511358258 0.027459150180220607 0.21714888513088229 0.045947581529617317 0.331985354423523 0.079157214611768736 0.41451641917228704 2.2764608860015874
decision_type=8 2 2 2 2 2 2 2 2 2 2 2 2 2
left_child=1 7 11 4 10 -6 13 -1 -9 -10 -2 12 -3 -5
right_child=3 2 -4 6 5 -7 -8 8 9 -11 -12 -13 -14 -15
leaf_value=0.0014982882842559104 -0.0026155344560401515 0.018030798971454601 -0.0070568862229505808 0.0048224374867873064 -0.007505366016361488 0.0022531841981190434 -0.0019136279942924142 -0.01656703652515747 -0.0015893938747453247 -0.012490773765762148 0.0018116008245579096 -0.015414849425871159 0.0033426967731151418 -0.0020236672261931131
leaf_weight=864.04455459676683 3358.0424465872347 329.25391060486436 393.83485227078199 6334.1819513514638 2536.3784455768764 1082.7388235367835 2252.721764087677 655.22487352974713 1714.2950565833598 597.07469746470451 9576.7344541959465 78.679237984120846 636.19680647924542 1144.9827050417662
leaf_count=6405 16827 2116 3162 30184 14030 5021 10864 8372 15694 6003 50694 693 4611 5324
internal_value=-4.38876e-06 -0.00302625 0.00280412 0.00060222 -0.000488488 -0.00458772 0.00245611 -0.00521649 -0.00717068 -0.00444712 0.000661124 0.00655525 0.00848537 0.00377307
internal_weight=31554.4 5268.6 1437.96 26285.8 16553.9 3619.12 9731.89 3830.64 2966.59 2311.37 12934.8 1044.13 965.451 7479.16
internal_count=180000 47056 10582 132944 86572 19051 46372 36474 30069 21697 67521 7420 6727 35508
is_linear=0
shrinkage=0.035


Tree=163
num_leaves=15
num_cat=0
split_feature=21 22 21 21 20 23 24 22 20 20 24 23 16 11
split_gain=47.8434 132.413 150.022 168.363 135.551 110.77 88.1925 130.78 81.0722 122.64 127.813 76.5795 72.9382 77.9663
threshold=0.017405906692147258 0.33232145011425024 -0.026244873180985447 -0.0049976010341197244 -0.020113845355808731 0.21094057708978656 0.028159140609204773 0.21714888513088229 -0.035681441426277154 -0.02400617208331823 0.027712903916835788 0.23214909434318545 0.61658987402915966 0.65651488304138195
decision_type=2 2 2 2 2 2 2 2 2 2 2 2 2 2
left_child=1 2 6 -4 -5 8 -1 -8 -2 -10 -11 12 13 -3
right_child=5 11 3 4 -6 -7 7 -9 9 10 -12 -13 -14 -15
leaf_value=0.0072802801277245446 0.017322181516448817 0.014549304428598418 -0.01458011426218964 0.025377308719952561 -0.0035355716420240914 -0.016611019874182481 -0.0041878953721125661 0.0035423498733279679 -0.01339332284236321 -0.010422607477535949 0.0015082663548324669 0.018735716761849867 0.0019530546393858666 -0.023589592239176484
leaf_weight=2254.2541182488203 275.66238886117935 1039.7279562242329 1760.7384318057448 239.20570946857333 970.42570502497256 584.58877278491855 5351.2092140633613 5352.7182095255703 960.97873916476965 1283.0258540604264 7355.6842901706696 498.54428396373987 3552.7673574872315 61.203977644443512
leaf_count=12073 1341 4946 10961 1280 4615 3850 34551 26700 6514 9420 41881 2785 18804 279
internal_value=-4.81472e-06 0.000955319 -0.000623075 -0.00770366 0.00234317 -0.00193892 0.00100468 -0.00032253 -0.00105445 -0.00159963 -0.000273716 0.0058268 0.00440668 0.0122358
internal_weight=31540.7 21080.8 15928.6 2970.37 1209.63 10459.9 12958.2 10703.9 9875.35 9599.69 8638.71 5152.24 4653.7 1100.93
internal_count=180000 116994 90180 16856 5895 63006 73324 61251 59156 57815 51301 26814 24029 5225
is_linear=0
shrinkage=0.035


Tree=164
num_leaves=15
num_cat=0
split_feature=21 23 23 17 21 24 23 20 20 17 5 20 20 8
split_gain=48.8561 67.2769 141.115 94.8153 87.3583 80.3894 120.585 111.603 56.2473 29.1451 25.119 23.8628 20.1526 19.2094
threshold=-0.16446474939584729 0.26067323982715612 0.39969968795776373 0.06312428787350656 -0.11719527095556258 0.03196563012897969 0.23214909434318545 -0.062519842758774744 0.059344515204429633 0.098623964935541167 -0.14966836571693418 -0.066556084901094423 0.090242039412260069 -0.24126094579696652
decision_type=2 2 2 8 2 2 2 2 2 8 2 2 2 2
left_child=10 4 3 8 12 6 -6 -7 -3 -5 -1 -4 -2 -12
right_child=1 2 11 9 5 7 -8 -9 -10 -11 13 -13 -14 -15
leaf_value=0.0015352409596988061 0.015630490120139204 -0.017137289173522998 0.014746472932286148 -0.0041606648300428119 -0.0004392870785026232 -0.01534215678683251 -0.017193207992550218 0.0057713734413491315 0.005653302385899373 0.0099733022162600358 0.018574330365767753 0.0027706220558717256 0.0036228888567859945 -0.00011563943931244087
leaf_weight=318.42918891087174 529.89500066265464 1334.1658016759902 268.38843406923115 778.2282644957304 21389.961939811707 321.03715863823891 529.54889227636158 4234.63747866638 142.43695169128478 221.20135891437531 314.43227576464415 785.90201290883124 261.57939955219626 84.862008662894368
leaf_count=1832 2353 11595 1329 3797 120506 2310 3553 23841 778 938 1674 3659 1271 564
internal_value=-4.87111e-06 -0.000216604 -0.00475575 -0.00931094 0.000372626 2.79878e-05 -0.000851697 0.00425316 -0.0149156 -0.000964617 0.00895857 0.0059292 0.0117567 0.0146964
internal_weight=31514.7 30797 3530.32 2476.03 27266.7 26475.2 21919.5 4555.67 1476.6 999.43 717.723 1054.29 791.474 399.294
internal_count=180000 175930 22096 17108 153834 150210 124059 26151 12373 4735 4070 4988 3624 2238
is_linear=0
shrinkage=0.035


Tree=165
num_leaves=15
num_cat=0
split_feature=8 13 20 8 24 24 24 23 21 14 8 24 24 22
split_gain=45.9886 54.844 47.9812 48.7887 49.5993 42.9153 62.4147 54.2619 100.207 38.7834 35.8006 35.7633 92.1338 33.3097
threshold=-0.47202618420124048 0.43750539422035223 0.037173081189394004 -0.17276621609926221 0.03452891297638417 0.030696987174451355 0.031373530626297004 0.10932076349854471 -0.056032950058579438 1.4699003696441653 -0.1822806894779205 0.03196563012897969 0.030374678783118728 0.23581409454345706
decision_type=2 2 2 2 2 2 2 2 2 2 2 2 2 2
left_child=-1 5 3 4 -3 7 -7 10 -9 -5 -2 12 -4 -8
right_child=1 2 11 9 -6 6 13 8 -10 -11 -12 -13 -14 -15
leaf_value=0.0024151015068331499 0.0073680245195646742 0.0042031089875234819 -0.0006172099440273813 -0.0039215521131673271 -0.0059067641498522835 -0.011664841565485315 -0.0085250607401962664 0.00377920158914412 -0.0087417353232076712 0.0030522652346025403 -0.0066124328437875369 0.0026873435614469814 -0.014031319617135614 0.00022371082282207682
leaf_weight=7361.0524421408772 1206.9827725142241 6798.6652825959027 1997.3878338187933 2678.5252152867615 642.6179706454277 1376.722784249112 752.42562613077462 1378.585938917473 1789.0098858550191 1525.3874156121165 266.87050702422857 1047.6508218646049 905.03729494102299 1770.7944957353175
leaf_count=37105 5774 37638 11817 16885 4024 9600 5493 8400 11536 8160 1527 6053 5695 10293
internal_value=-4.7012e-06 -0.000743372 0.000491503 0.0016221 0.00332328 -0.002996 -0.00569759 -0.000718647 -0.00329769 -0.00138987 0.00480908 -0.00283729 -0.00483383 -0.00240853
internal_weight=31497.7 24136.7 15595.3 11645.2 7441.28 8541.39 3899.94 4641.45 3167.6 4203.91 1473.85 3950.08 2902.43 2523.22
internal_count=180000 142895 90272 66707 41662 52623 25386 27237 19936 25045 7301 23565 17512 15786
is_linear=0
shrinkage=0.035


Tree=166
num_leaves=15
num_cat=0
split_feature=17 15 11 19 4 23 3 16 21 21 24 18 6 19
split_gain=46.6679 46.1221 37.9323 47.9019 38.5687 38.0276 36.0989 40.373 51.5864 34.5948 33.0739 25.6905 21.9502 21.2631
threshold=0.018930126912891868 21.167042732238773 0.31488472223281866 -0.15207748860120771 -0.13130726665258405 0.21352105587720874 -0.1453357711434364 1.0074212551116946 0.053489156067371375 -0.14243798702955243 0.030492831952869896 0.016708362847566608 0.11769914999604227 -0.27900737524032587
decision_type=8 2 2 2 2 2 2 2 2 2 2 2 2 2
left_child=12 6 3 10 -4 -5 7 8 -2 -6 -3 13 -1 -8
right_child=1 2 4 5 9 -7 11 -9 -10 -11 -12 -13 -14 -15
leaf_value=-0.015320169959043057 0.0041837245500933118 0.0013642219437552346 -0.0037668464913515353 -0.0028552515956826127 0.012055689108066358 0.0040860964396747983 0.0043397330126461455 -0.0035306446303331649 -0.0068611693692053844 0.0024424956325035598 0.017532528977282337 -4.4852715966929864e-05 0.020628791051204246 -0.0066951833265009725
leaf_weight=302.66274186596274 3037.2603721600026 362.98944652825594 1185.6245102286339 5837.7267795987427 468.64427065104246 1149.2043044026941 224.28381462022662 2388.7719352655113 614.75396022200584 11442.318040188402 262.90351623669267 1308.6094353981316 13.791085220873354 2885.2806129995733
leaf_count=5698 16952 2107 5870 36535 2297 8761 1089 14122 3993 52774 1976 8695 184 18947
internal_value=-5.10121e-06 0.00013274 0.00108943 -0.000874555 0.00223085 -0.00170934 -0.0017608 -1.13307e-06 0.00231085 0.00283053 0.00832456 -0.00416127 -0.0131696 -0.00588791
internal_weight=31484.8 31168.4 20709.4 7612.82 13096.6 6986.93 10459 6040.79 3652.01 11911 625.893 4418.17 316.454 3109.56
internal_count=180000 174118 110320 49379 60941 45296 63798 35067 20945 55071 4083 28731 5882 20036
is_linear=0
shrinkage=0.035


Tree=167
num_leaves=15
num_cat=0
split_feature=4 8 22 21 22 21 20 23 20 23 23 23 21 24
split_gain=45.0689 46.8047 52.2661 52.0019 72.8428 115.841 52.5356 44.1897 70.1322 50.7913 39.993 64.787 48.8411 20.0688
threshold=0.27425469458103185 -0.39598220586776728 0.48898293077945715 0.017405906692147258 0.33232145011425024 -0.026244873180985447 -0.025503730401396748 0.14419928938150409 -0.032916955649852746 0.13191533088684085 0.21982385218143466 0.3174744993448258 -0.11719527095556258 0.031232091598212722
decision_type=2 2 2 2 2 2 2 2 2 2 2 2 2 2
left_child=1 2 10 4 5 -3 -6 9 -9 -5 12 -12 -1 -2
right_child=13 3 -4 7 6 -7 -8 8 -10 -11 11 -13 -14 -15
leaf_value=0.01464736707741815 0.0028102909086046841 0.00028548501341844277 0.015518147703925242 -0.003744088277354965 -0.014388634475826188 -0.0099590373989211674 0.0050911117443532316 0.012557372184756024 -0.01145637387383488 0.0053080423855583004 -0.0092736029089631015 0.0019082391376307802 0.0017668633848362365 0.015415522342430047
leaf_weight=367.63295130431652 309.88459234684706 7189.1647341810167 310.3530151695013 4357.32580749318 168.52909654378891 1655.1870694309473 3573.9348002690822 158.62849017605186 1377.0519819576293 909.96170585788786 1052.279235240072 1570.4277427885681 8162.4574208259583 310.26500953733921
leaf_count=1566 1481 43091 1516 27904 1063 10160 19045 798 10283 5270 6382 8838 41186 1417
internal_value=-4.75074e-06 -0.000193941 0.0015782 -0.0012419 9.12148e-05 -0.00164082 0.0041779 -0.00370492 -0.00891067 -0.00217317 0.00117673 -0.00259631 0.00233849 0.00926133
internal_weight=31473.1 30852.9 11463.2 19389.8 12586.8 8844.35 3742.46 6802.97 1535.68 5267.29 11152.8 2622.71 8530.09 620.15
internal_count=180000 177102 59488 117614 73359 53251 20108 44255 11081 33174 57972 15220 42752 2898
is_linear=0
shrinkage=0.035


Tree=168
num_leaves=15
num_cat=0
split_feature=17 12 23 18 14 20 20 24 23 24 21 24 21 23
split_gain=45.0589 50.8716 50.0843 56.0097 48.7521 42.1053 49.3593 48.6927 42.0304 40.0312 33.2277 25.1412 22.6853 26.0158
threshold=0.090809904038906111 1.0660135746002199 0.39969968795776373 0.056698122993111617 0.16813946515321734 0.037173081189394004 0.0053461876232177028 0.028459056280553344 0.26067323982715612 0.030374678783118728 -0.16446474939584729 0.03196563012897969 -0.0087223635055124742 0.24828879535198214
decision_type=8 2 2 2 2 2 2 2 2 2 2 2 2 2
left_child=1 4 3 8 9 6 -6 -7 -3 -1 -5 -11 -2 -14
right_child=12 2 -4 10 5 7 -8 -9 -10 11 -12 -13 13 -15
leaf_value=0.0009375610743573515 0.0083082848497152625 -0.0036717728553012875 0.0065064269509549051 0.017701060097720003 0.00081578415430155662 0.0033963158621340161 0.0054781706478315012 -0.0047514272081909713 -0.011164189225432787 -0.01479263650846151 -0.00061505059641194643 -0.0022567393044892327 -0.00091274325149757758 0.019135383779254726
leaf_weight=727.10945038869977 1126.4234216436744 4279.2010207660496 743.49468228407204 114.42172866873443 8664.4815678540617 1389.8884692136198 4089.8451298139989 2502.7273762337863 1164.7249764129519 531.48930675163865 4874.5564153790474 313.59670956805348 856.01274247467518 77.308719843626022
leaf_count=3498 5094 26646 3563 667 51081 8215 23023 14854 8933 2767 25693 1609 4023 334
internal_value=-4.41169e-06 -0.000355742 -0.00221368 -0.00284075 0.000784586 0.00134188 0.00231396 -0.00184096 -0.0052923 -0.00508739 -0.000160403 -0.0102216 0.00498707 0.000933127
internal_weight=31455.3 29395.5 11176.4 10432.9 18219.1 16646.9 12754.3 3892.62 5443.93 1572.2 4988.98 845.086 2059.74 933.321
internal_count=180000 170549 65502 61939 105047 97173 74104 23069 35579 7874 26360 4376 9451 4357
is_linear=0
shrinkage=0.035


Tree=169
num_leaves=15
num_cat=0
split_feature=10 3 19 1 16 3 11 21 4 24 6 12 8 20
split_gain=43.4448 45.4515 51.7123 67.5195 46.6138 43.7755 39.3518 65.3717 37.8058 37.2585 35.8054 34.7052 27.5965 24.569
threshold=1.2975878715515139 -0.096875987946987138 0.20763539522886279 -0.0083720502443611605 1.9656113982200625 0.48615336418151861 0.16933094710111621 -0.0049976010341197244 0.022006093524396423 0.03452891297638417 -0.24138105660676953 0.80981251597404491 -0.11007652431726454 0.034601947292685516
decision_type=2 2 2 2 2 2 2 2 2 2 2 2 2 2
left_child=1 2 3 4 -1 8 7 -7 10 -5 -3 -4 -8 -10
right_child=-2 5 11 9 -6 6 12 -9 13 -11 -12 -13 -14 -15
leaf_value=0.0028869334026502612 0.009190306472042541 0.0042230787443397252 0.017116224484820398 -0.0022987072857442951 -0.0047120934782718792 -0.011824900006938905 0.0027206805275367301 0.064707181878330786 0.0021923040234688093 -0.014560728705441148 -0.0048076080553972386 0.0043814478364373145 -0.0045378544139304594 -0.0041661530386439619
leaf_weight=8562.6399625204504 607.19501738995314 575.55717286095023 308.03337045386434 4054.6395236309618 1108.6927869915962 19.918719662353396 3054.3145395889878 20.718535013496876 2471.0876410286874 318.85996745340526 6913.5006826221943 1571.2471463847905 802.01731015741825 1053.5611897110939
leaf_count=49950 2903 3141 1409 24820 5685 168 14070 143 13655 1947 44964 7340 3776 6029
internal_value=-4.09714e-06 -0.000188073 0.0011119 0.000380325 0.00201184 -0.00157621 0.00160895 0.0322672 -0.00270365 -0.00322388 -0.00410887 0.00654836 0.00120326 0.000285273
internal_weight=31442 30834.8 15924.1 14044.8 9671.33 14910.7 3896.97 40.6373 11013.7 4373.5 7489.06 1879.28 3856.33 3524.65
internal_count=180000 177097 91151 82402 55635 85946 18157 311 67789 26767 48105 8749 17846 19684
is_linear=0
shrinkage=0.035


Tree=170
num_leaves=15
num_cat=0
split_feature=17 6 14 12 4 2 23 16 8 16 10 24 20 19
split_gain=44.833 42.7129 41.7534 45.4286 56.6008 42.7448 40.6481 38.5239 35.7993 34.3395 60.2905 34.5324 32.4293 28.034
threshold=0.027683279477059845 0.21179386973381045 0.28770089149475103 1.0660135746002199 0.19546860456466678 0.19311680644750598 0.39969968795776373 0.56768339872360241 -0.13264777511358258 0.64042240381240856 0.34653575718402868 0.030258984304964546 0.037173081189394004 0.20763539522886279
decision_type=8 2 2 2 2 2 2 2 2 2 2 2 2 2
left_child=1 9 5 8 6 7 -5 -2 12 10 11 -1 -4 -9
right_child=2 -3 3 4 -6 -7 -8 13 -10 -11 -12 -13 -14 -15
leaf_value=0.022407076691159718 -0.0018568370099253412 0.026947967661570395 0.004138253353789337 -0.0020143578737028137 0.0069110420543551324 0.0034690074484637012 0.0067706760134899095 -0.011316389992475388 -0.0021767098885040453 -0.0080060064513559851 -0.0067298948804414309 -0.0043424589761329327 -0.00027967141523758802 0.0074149453154774723
leaf_weight=180.05764428898692 2124.2367040477693 41.708754196763039 8560.2159199304879 9873.6660982407629 1086.9878189787269 1016.7163267806172 680.55931464955211 1097.7728673107922 1833.1227998621762 1652.4632555637509 433.60941918566823 81.666447559371591 2667.6715843714774 100.56983497738838
leaf_count=1384 11058 345 44599 55089 4998 4543 3145 5661 9892 20758 2792 1190 14104 442
internal_value=-3.36888e-06 -0.00460141 0.000376407 0.00093284 -0.000656786 -0.00278605 -0.00144201 -0.00470478 0.00234908 -0.0052738 0.00124074 0.0142077 0.00308927 -0.00969602
internal_weight=31431 2389.51 29041.5 24702.2 11641.2 4339.3 10554.2 3322.58 13061 2347.8 695.334 261.724 11227.9 1198.34
internal_count=180000 26469 153531 131827 63232 21704 58234 17161 68595 26124 5366 2574 58703 6103
is_linear=0
shrinkage=0.035


Tree=171
num_leaves=15
num_cat=0
split_feature=17 16 22 21 24 21 24 22 15 6 3 24 23 23
split_gain=43.697 50.6671 70.4313 73.6262 50.0661 94.6092 73.7708 44.5152 41.3125 39.379 37.0156 36.791 65.9016 59.6056
threshold=0.044748174026608474 0.86778968572616588 0.34918159246444708 0.039285084232687957 0.027459150180220607 0.053489156067371375 0.027712903916835788 0.42151103913784033 22.089489936828617 -0.037425145506858819 0.797346591949463 0.030258984304964546 0.12877434492111209 0.1366037651896477
decision_type=8 2 2 2 2 2 2 2 2 2 2 2 2 2
left_child=1 2 4 9 5 -1 -6 -5 -2 -4 -3 12 -10 -13
right_child=8 10 3 7 6 -7 -8 -9 11 -11 -12 13 -14 -15
leaf_value=0.010090474458174891 -0.00057220227763994701 -0.0042503316650738133 0.013811803960352833 -0.010361141524227631 -0.028609437898931511 -0.02271361680686558 -0.0030556499314634599 0.0043089239470360053 0.010277340446561277 0.0034896689441017525 0.017267021540384626 -0.0039871613939011005 0.000753801595561517 0.0036071944865003936
leaf_weight=726.82425065338612 8967.5962213985622 5924.1540038790554 951.66419053077698 485.59930641390383 134.35470650345087 116.49659424833953 3495.6804082542658 510.05313758924603 1783.6734181791544 872.46335367299616 89.918734960258007 1920.3303932920098 1770.2921981066465 3670.2254886478186
leaf_count=3786 43927 46911 5220 3669 1210 1155 23439 3264 8054 4942 513 8839 8408 16663
internal_value=-2.91148e-06 -0.00152505 0.000436441 0.00475928 -0.002293 0.00534583 -0.00407744 -0.00287784 0.00111565 0.00892077 -0.00390049 0.00276966 0.00554893 0.000996107
internal_weight=31419.3 13307.2 7293.14 2819.78 4473.36 843.321 3630.04 995.652 18112.1 1824.13 6014.07 9144.52 3553.97 5590.56
internal_count=180000 94109 46685 17095 29590 4941 24649 6933 85891 10162 47424 41964 16462 25502
is_linear=0
shrinkage=0.035


Tree=172
num_leaves=15
num_cat=0
split_feature=17 21 23 23 17 21 20 24 18 6 8 15 8 5
split_gain=43.0589 42.0336 70.1326 124.117 78.6995 72.6473 71.9022 49.2272 22.7495 20.276 18.9717 16.2766 14.2492 13.2697
threshold=0.018930126912891868 -0.16446474939584729 0.26067323982715612 0.3174744993448258 0.073995515704154982 -0.11719527095556258 -0.041649702936410897 0.032829137519001968 1.0000000180025095e-35 0.11769914999604227 -0.19978661835193631 21.222558021545414 -0.17276621609926221 -0.081008750945329652
decision_type=8 2 2 2 8 2 2 2 2 2 2 2 2 2
left_child=9 8 5 4 -4 10 -7 -5 -2 11 -3 13 -10 -1
right_child=1 2 3 7 -6 6 -8 -9 12 -11 -12 -13 -14 -15
leaf_value=0.015735754340757045 0.0030446600602246159 0.012939820356600511 -0.019633691611404755 0.0051262930757126086 0.0031688708292457899 -0.0051257173881338941 0.00084986975243469295 -0.0048429038909863159 0.018404001565070622 0.019478998996699377 -0.0034261433017702485 -0.023748251036483061 -0.0040174363118223025 -0.010596597407978959
leaf_weight=18.445996578782797 419.1610562056303 691.72998340800405 830.57536455616355 1095.9094572346658 234.63991884887218 2748.1432853806764 23335.840933499858 1334.4162259418517 262.96443959511817 14.144382996484635 94.807797037065029 130.67405611090362 36.106023060157895 147.8378367908299
leaf_count=217 2308 3051 6260 6245 1016 18143 126523 8320 1500 184 512 2704 240 2777
internal_value=-3.04766e-06 0.00012863 -7.06278e-05 -0.00472681 -0.0146281 0.00053662 0.000218574 -0.000344898 0.00843833 -0.0127541 0.0109489 -0.014874 0.0156547 -0.00694859
internal_weight=31395.4 31084.3 30366.1 3495.54 1065.22 26870.5 26084 2430.33 718.232 311.102 786.538 296.958 299.07 166.284
internal_count=180000 174118 170070 21841 7276 148229 144666 14565 4048 5882 3563 5698 1740 2994
is_linear=0
shrinkage=0.035


Tree=173
num_leaves=15
num_cat=0
split_feature=17 20 6 16 10 12 14 3 21 4 22 22 21 12
split_gain=41.8567 45.7029 45.6053 44.8721 63.9523 42.3434 72.2594 39.4125 39.1553 58.4057 44.7012 39.0106 38.5273 32.45
threshold=0.038049036636948592 -0.055912442505359643 -0.064814295619726167 0.8488023877143861 0.34653575718402868 0.98415979743003856 0.39477598667144781 1.3153972029685976 -0.14243798702955243 -0.049170665442943566 0.11639074981212617 0.25059181451797491 0.017405906692147258 1.4952564239501955
decision_type=8 2 2 2 2 2 2 2 2 2 2 2 2 2
left_child=1 11 3 4 -3 -2 13 12 9 -8 -10 -1 -4 -7
right_child=5 2 7 -5 -6 6 8 -9 10 -11 -12 -13 -14 -15
leaf_value=-0.016412359451190153 0.0025046607155404564 0.01344872099123804 -0.0014553910942734503 -0.0033826696586790831 0.0007292273755879951 -0.005403815673249106 -0.001956653233805204 0.032572586718836553 -0.011673355123724603 0.017746888509667925 0.00036474948215041702 0.013347089979673521 -0.0086376889656618414 -0.019945120586773748
leaf_weight=406.6890419293195 9865.8454081900418 633.93865376524627 2069.2652230150998 1728.7320328019559 1957.5757016688585 1438.4435442835093 352.15506874024868 25.326244562864304 382.3219048269093 372.52501424401999 10246.141358435154 54.349883437156677 1637.1462007816881 209.40357796102762
leaf_count=6110 46505 5179 15866 13217 10833 7474 2201 141 2753 1767 50650 628 15669 1007
internal_value=-3.05383e-06 -0.00209662 -0.00147477 0.000973017 0.00388042 0.000776931 -0.00053508 -0.00430362 0.000461248 0.00827573 -7.88451e-05 -0.0126953 -0.00464256 -0.00736084
internal_weight=31379.9 8513.02 8051.98 4320.25 2591.51 22866.8 13001 3731.74 11353.1 724.68 10628.5 461.039 3706.41 1647.85
internal_count=180000 67643 60905 29229 16012 112357 65852 31676 57371 3968 53403 6738 31535 8481
is_linear=0
shrinkage=0.035


Tree=174
num_leaves=15
num_cat=0
split_feature=17 3 23 23 21 24 20 24 3 10 21 4 5 15
split_gain=41.2339 43.1462 61.3456 120.25 120.718 72.623 62.4901 60.217 45.3054 36.2655 57.5162 33.9337 27.6581 25.1211
threshold=0.11145790293812753 -0.096875987946987138 0.14419928938150409 0.15895815938711169 0.0090673449449241179 0.031256623566150672 -0.032916955649852746 0.030696987174451355 0.48615336418151861 0.33808140456676489 -0.0061582669150084248 0.022006093524396423 -0.11333988234400748 23.561396598815922
decision_type=8 2 2 2 2 2 2 2 2 2 2 2 2 2
left_child=1 2 6 5 -5 -4 -1 -8 11 10 -10 12 -3 -11
right_child=-2 8 3 4 -6 -7 7 -9 9 13 -12 -13 -14 -15
leaf_value=-0.0080711015495571348 0.0081093567805343349 -0.00017762123903769601 -0.015234027101365616 0.0032510582796761683 -0.0086531331658229096 0.00046540900110039599 0.0069664348401950607 0.00019745948996926919 -0.011686844221956781 0.0032048530812864699 0.047684683443390954 0.0001354830777283149 -0.0052272258789103025 -0.002678457765798347
leaf_weight=527.84695488214493 739.21050091087818 1732.9868017993867 1008.4575033020228 5610.2324036117643 1271.5942952018231 558.19324376247823 4128.6973130591214 2635.8852997235954 27.63059320114553 2555.8360576070845 40.649049997329712 3480.3119992148131 5696.5922958701849 1351.3788583427668
leaf_count=3266 3571 9796 6749 32272 8503 3343 21463 14847 266 11850 282 19506 38163 6123
internal_value=-2.99849e-06 -0.000201385 0.00107578 -0.000953939 0.00104209 -0.00967289 0.00342535 0.00433302 -0.00155177 0.00164399 0.0252352 -0.00271673 -0.0040512 0.00116836
internal_weight=31365.5 30626.3 15740.9 8448.48 6881.83 1566.65 7292.43 6764.58 14885.4 3975.49 68.2796 10909.9 7429.58 3907.21
internal_count=180000 176429 90443 50867 40775 10092 39576 36310 85986 18521 548 67465 47959 17973
is_linear=0
shrinkage=0.035


Tree=175
num_leaves=15
num_cat=0
split_feature=15 10 8 24 21 21 22 22 24 24 24 0 10 20
split_gain=41.3007 45.3452 39.4062 37.8863 64.113 43.17 35.5874 45.5907 71.9513 57.1535 83.4587 43.205 35.4793 34.4874
threshold=21.005337715148929 0.24410899728536609 -0.47202618420124048 0.03452891297638417 1.0000000180025095e-35 0.017405906692147258 0.39701244235038763 0.26030193269252783 0.031670397147536285 0.030956145375967029 0.030431357212364677 0.084357943385839476 0.61672231554985057 0.037173081189394004
decision_type=2 2 2 2 2 2 2 2 2 2 2 2 2 2
left_child=6 -2 -3 5 -5 -4 7 9 13 10 -1 -11 -8 -9
right_child=1 2 3 4 -6 -7 12 8 -10 11 -12 -13 -14 -15
leaf_value=-0.00021113062078852491 -0.012012961942437115 0.0039002747698476123 0.0021386500370664621 0.00037674158865268784 -0.015089331422202862 -0.0016184135030877468 0.0048897245612248555 -0.0073440588572206405 0.0021292970020949887 -0.0087947658495975273 0.016602662661604217 0.0063463243355615538 -0.0086193716646745001 -0.018651872516112691
leaf_weight=2186.1534457281232 322.85011020861566 4548.4081301875412 9983.7949300520122 903.67062243446708 505.29769464768469 5984.1308362130076 1395.5578276496381 1985.8796471133828 937.07012262940407 1223.3907524179667 423.26395467296243 276.37729329615831 277.27769116312265 395.64145373180509
leaf_count=13456 5342 22323 52375 5066 2845 33974 8725 13250 5741 8977 2326 1368 1266 2966
internal_value=-2.85033e-06 0.000809658 0.00100386 0.000243917 -0.0052371 0.000730523 -0.00198789 -0.00302611 -0.00607081 -0.000558431 0.00256914 -0.00598101 0.00261264 -0.00929276
internal_weight=31348.8 22248.2 21925.3 17376.9 1408.97 15967.9 9100.61 7427.78 3318.59 4109.19 2609.42 1499.77 1672.84 2381.52
internal_count=180000 121925 116583 94260 7911 86349 58075 48084 21957 26127 15782 10345 9991 16216
is_linear=0
shrinkage=0.035


Tree=176
num_leaves=15
num_cat=0
split_feature=17 15 8 20 22 21 3 11 22 3 18 16 23 22
split_gain=39.8755 41.2571 40.9818 38.5953 49.3829 41.6357 23.4074 28.3145 28.3417 23.143 25.2852 23.193 22.0038 20.1027
threshold=0.024753689765930179 20.952639579772953 -0.49550792574882502 0.03655372932553292 0.22323016822338107 -0.067441847175359712 0.797346591949463 0.16055022180080417 0.48898293077945715 -0.16903085261583325 0.016708362847566608 1.9656113982200625 0.089377358555793776 0.48898293077945715
decision_type=8 2 2 2 2 2 2 2 2 2 2 2 2 2
left_child=6 9 13 4 -4 -5 7 -1 12 11 -11 -2 -9 -3
right_child=1 2 3 5 -6 -7 -8 8 -10 10 -12 -13 -14 -15
leaf_value=-0.014623284459581927 0.00060629932963776362 0.0038492289362031321 -0.0021407515183890927 0.0053264200013463129 0.0024859923629829282 -0.0042754998445067001 0.028681091305188356 0.0035462372898482845 0.015888167480759975 -0.0058870277215424018 0.00057493747268832476 -0.0080682474080011318 -0.0086012843533525025 0.019900017269757563
leaf_weight=366.9289272595197 4036.156835488975 3881.4612029269338 3909.0561304241419 653.5711785107851 10130.143842317164 3344.740621060133 13.870965607464312 251.28441412560642 77.017427526414394 2512.6943711824715 1048.3775147963315 406.4374430142343 616.64430101588368 88.731544658541679
leaf_count=7166 22751 18978 23485 3107 50779 18263 94 1896 684 15644 6722 2213 7806 412
internal_value=-3.31065e-06 0.000259959 0.00104251 0.000333002 0.00119712 -0.00269658 -0.00592037 -0.00650043 -0.00322617 -0.00189045 -0.00398835 -0.000203643 -0.00508398 0.00425705
internal_weight=31337.1 30011.4 22007.7 18037.5 14039.2 3998.31 1325.75 1311.88 944.946 8003.67 3561.07 4442.59 867.929 3970.19
internal_count=180000 162354 115024 95634 74264 21370 17646 17552 10386 47330 22366 24964 9702 19390
is_linear=0
shrinkage=0.035


Tree=177
num_leaves=15
num_cat=0
split_feature=21 23 23 21 24 23 20 10 24 22 18 12 10 18
split_gain=38.0329 61.657 114.972 68.3588 73.8986 112.729 102.944 64.2315 43.3355 55.0594 29.7828 29.1627 23.8331 20.4253
threshold=-0.16446474939584729 0.26067323982715612 0.3174744993448258 -0.11719527095556258 0.03196563012897969 0.23214909434318545 -0.062519842758774744 0.87198907136917125 0.032829137519001968 0.13391593098640445 0.1365710645914078 1.2612395882606509 0.61672231554985057 -0.016325741074979302
decision_type=2 2 2 2 2 2 2 2 2 2 2 2 2 2
left_child=13 3 7 -2 5 -5 -6 10 9 -4 -3 -9 -10 -1
right_child=1 2 8 4 6 -7 -8 11 12 -11 -12 -13 -14 -15
leaf_value=0.0020466950556564827 0.010459386774120784 -0.020737658196843582 0.014794587613436954 -0.0003823449644384981 -0.014850046507185584 -0.016698129721422341 0.0055726582379529337 -0.0060284249200006417 -0.0092691018852027168 -0.0012868707842850658 -0.0025696128431588784 0.021563452263194741 6.0147955453696567e-05 0.013819971119598786
leaf_weight=369.49156632646918 788.81855894811451 742.28470284678042 407.72617222182453 21264.742685135454 316.05774409510195 521.73689749464393 4226.6004342306405 114.74297570437193 658.6881823502481 690.46388288214803 133.16366065107286 65.913875207304955 672.85372091084719 350.76425939053297
leaf_count=2021 3624 5899 2616 120506 2310 3553 23841 503 5263 3692 717 274 3132 2049
internal_value=-2.88711e-06 -0.000191186 -0.00456598 0.000372642 6.65873e-05 -0.000780553 0.00412224 -0.0141483 -0.000360034 0.00476333 -0.0180344 0.00464165 -0.00458954 0.00789101
internal_weight=31324 30603.8 3485.84 27118 26329.1 21786.5 4542.66 1056.11 2429.73 1098.19 875.448 180.657 1331.54 720.256
internal_count=180000 175930 22096 153834 150210 124059 26151 7393 14703 6308 6616 777 8395 4070
is_linear=0
shrinkage=0.035


Tree=178
num_leaves=15
num_cat=0
split_feature=4 12 20 13 23 20 22 21 23 21 23 20 20 21
split_gain=37.965 46.115 42.1083 50.6838 58.8982 46.1549 44.6548 136.914 85.1214 39.2998 58.4383 59.1477 57.2729 43.5402
threshold=0.27425469458103185 1.0660135746002199 0.037173081189394004 0.45294973254203802 0.23214909434318545 -0.055912442505359643 0.27910001575946813 -0.017704493366181847 0.14696751534938815 0.017405906692147258 0.16529599577188495 -0.02400617208331823 -0.032916955649852746 0.013949372339993717
decision_type=2 2 2 2 2 2 2 2 2 2 2 2 2 2
left_child=1 2 3 5 -5 -1 8 -8 -4 13 11 -11 -12 -3
right_child=-2 9 6 4 -6 -7 7 -9 -10 10 12 -13 -14 -15
leaf_value=-0.0064217327077050225 0.0085372378779876631 -0.00098747681004813571 0.012195241877168275 0.0052635921155565809 -0.005196985178219005 0.0010543216191347213 -0.020191863720643216 -0.00035921992675247503 -0.0031558966580923923 -0.016686855035851007 0.014650441871973707 -0.00091783829579067605 -0.016801395600376422 0.013236095378522311
leaf_weight=1183.6259025651962 614.91777345538139 8097.2774836923927 626.99310291931033 5826.7143105175346 735.27694634906948 6623.5687588006258 570.95379134640098 1604.2701187822968 1440.1063712500036 317.30159250088036 71.539558637887239 2668.6572894826531 666.47824790887535 262.5144052170217
leaf_count=9082 2898 46131 3163 32667 4361 36133 3488 10210 8051 2168 346 15135 4798 1369
internal_value=-3.06214e-06 -0.000176874 0.000916099 0.00182052 0.00408535 -8.5866e-05 -0.00214436 -0.00563348 0.00153671 -0.00185965 -0.00484507 -0.00264363 -0.0135975 -0.000525547
internal_weight=31310.2 30695.3 18611.5 14369.2 6561.99 7807.19 4242.32 2175.22 2067.1 12083.8 3723.98 2985.96 738.018 8359.79
internal_count=180000 177102 107155 82243 37028 45215 24912 13698 11214 69947 22447 17303 5144 47500
is_linear=0
shrinkage=0.035


Tree=179
num_leaves=15
num_cat=0
split_feature=19 19 14 2 16 18 8 8 11 24 7 21 8 24
split_gain=37.9267 47.281 51.3282 48.4888 46.2143 57.3831 46.0988 39.9184 38.7536 38.2983 37.6147 33.3606 38.5703 31.3858
threshold=-0.23124223202466962 0.17116747051477435 0.26502802968025213 0.19311680644750598 1.8775122761726382 0.15189713239669803 -0.14321403950452802 -0.1912034675478935 0.65651488304138195 0.030096776783466343 -0.19189477711915967 -0.039221605286002152 -0.55479997396469105 0.030890330672264103
decision_type=2 2 2 2 2 2 2 2 2 2 2 2 2 2
left_child=8 2 3 9 6 -6 -4 10 -1 -2 13 -10 -13 -3
right_child=1 7 4 -5 5 -7 -8 -9 11 -11 -12 12 -14 -15
leaf_value=0.005592469233025958 -0.0022121197424817816 0.0061630645515825368 0.00083412859476587377 0.0053367589587261267 -0.0078595458507746737 0.0035174561770823357 -0.0053403970192805331 -0.00032445151554171778 0.0066960756884246273 -0.011210649414102302 0.0084004522678403793 -0.0029815673219833303 -0.027190259515032518 -0.0039522058740707588
leaf_weight=2477.9798376131803 987.30263724178076 701.89938884973526 13917.736614882946 413.85911370441318 1978.6840068511665 740.40794378146529 1647.5021132305264 3911.1540370099247 204.66599011421204 1413.0917157940567 1743.5950179249048 261.67813289165497 108.45751208811998 786.12185687571764
leaf_count=12202 5045 3178 86855 1896 11288 3443 14373 19324 910 8053 8302 1136 467 3528
internal_value=-3.27301e-06 -0.000404331 -0.00123754 -0.00562906 -0.000558907 -0.00476005 0.000177577 0.00205512 0.00369613 -0.00753401 0.00492718 -0.00443483 -0.0106039 0.000828456
internal_weight=31294.1 28241.4 21098.6 2814.25 18284.3 2719.09 15565.2 7142.77 3052.78 2400.39 3231.62 574.802 370.136 1488.02
internal_count=180000 165285 130953 14994 115959 14731 101228 34332 14715 13098 15008 2513 1603 6706
is_linear=0
shrinkage=0.035


end of trees

feature_importances:
dispersion20=380
market_vol20=354
market_ret60=301
market_ret20=239
breadth200=212
range20=184
vol60=111
momentum252_20=99
drawdown252=97
ma20=86
downside60=77
turnover_shock=52
volume_shock=49
ma200=45
relative60=41
log_turnover=40
ma60=31
ret120=26
vol_expansion=26
ret60=21
relative20=21
drawdown60=13
rsi14=6
vol20=5
ret20=4

parameters:
[boosting: gbdt]
[objective: binary]
[metric: binary_logloss]
[tree_learner: serial]
[device_type: cpu]
[data_sample_strategy: bagging]
[data: ]
[valid: ]
[num_iterations: 180]
[learning_rate: 0.035]
[num_leaves: 15]
[num_threads: 1]
[seed: 804]
[deterministic: 1]
[force_col_wise: 1]
[force_row_wise: 0]
[histogram_pool_size: -1]
[max_depth: 5]
[min_data_in_leaf: 150]
[min_sum_hessian_in_leaf: 0.001]
[bagging_fraction: 1]
[pos_bagging_fraction: 1]
[neg_bagging_fraction: 1]
[bagging_freq: 0]
[bagging_seed: 31454]
[bagging_by_query: 0]
[feature_fraction: 0.85]
[feature_fraction_bynode: 1]
[feature_fraction_seed: 16221]
[extra_trees: 0]
[extra_seed: 23160]
[early_stopping_round: 0]
[early_stopping_min_delta: 0]
[first_metric_only: 0]
[max_delta_step: 0]
[lambda_l1: 0]
[lambda_l2: 10]
[linear_lambda: 0]
[min_gain_to_split: 0]
[drop_rate: 0.1]
[max_drop: 50]
[skip_drop: 0.5]
[xgboost_dart_mode: 0]
[uniform_drop: 0]
[drop_seed: 31648]
[top_rate: 0.2]
[other_rate: 0.1]
[min_data_per_group: 100]
[max_cat_threshold: 32]
[cat_l2: 10]
[cat_smooth: 10]
[max_cat_to_onehot: 4]
[top_k: 20]
[monotone_constraints: ]
[monotone_constraints_method: basic]
[monotone_penalty: 0]
[feature_contri: ]
[forcedsplits_filename: ]
[refit_decay_rate: 0.9]
[cegb_tradeoff: 1]
[cegb_penalty_split: 0]
[cegb_penalty_feature_lazy: ]
[cegb_penalty_feature_coupled: ]
[path_smooth: 0]
[interaction_constraints: ]
[verbosity: -1]
[saved_feature_importance_type: 0]
[use_quantized_grad: 0]
[num_grad_quant_bins: 4]
[quant_train_renew_leaf: 0]
[stochastic_rounding: 1]
[linear_tree: 0]
[max_bin: 63]
[max_bin_by_feature: ]
[min_data_in_bin: 3]
[bin_construct_sample_cnt: 200000]
[data_random_seed: 2664]
[is_enable_sparse: 1]
[enable_bundle: 1]
[use_missing: 1]
[zero_as_missing: 0]
[feature_pre_filter: 1]
[pre_partition: 0]
[two_round: 0]
[header: 0]
[label_column: ]
[weight_column: ]
[group_column: ]
[ignore_column: ]
[categorical_feature: ]
[forcedbins_filename: ]
[precise_float_parser: 0]
[parser_config_file: ]
[objective_seed: 11469]
[num_class: 1]
[is_unbalance: 0]
[scale_pos_weight: 1]
[sigmoid: 1]
[boost_from_average: 1]
[reg_sqrt: 0]
[alpha: 0.9]
[fair_c: 1]
[poisson_max_delta_step: 0.7]
[tweedie_variance_power: 1.5]
[lambdarank_truncation_level: 30]
[lambdarank_norm: 1]
[label_gain: ]
[lambdarank_position_bias_regularization: 0]
[eval_at: ]
[multi_error_top_k: 1]
[auc_mu_weights: ]
[num_machines: 1]
[local_listen_port: 12400]
[time_out: 120]
[machine_list_filename: ]
[machines: ]
[gpu_platform_id: -1]
[gpu_device_id: -1]
[gpu_device_id_list: ]
[gpu_use_dp: 0]
[num_gpu: 1]

end of parameters

pandas_categorical:[]
