tree
version=v4
num_class=1
num_tree_per_iteration=1
label_index=0
max_feature_idx=24
objective=binary sigmoid:1
feature_names=ret20 ret60 ret120 momentum252_20 ma20 ma60 ma200 drawdown60 drawdown252 vol20 vol60 downside60 vol_expansion rsi14 volume_shock log_turnover turnover_shock range20 relative20 relative60 market_ret20 market_ret60 breadth200 market_vol20 dispersion20
feature_infos=[-0.92641878128051758:15.217391014099121] [-0.94255995750427246:21.247085571289062] [-0.95885497331619263:27.356060028076172] [-0.97449761629104614:40.181819915771484] [-0.82155460119247437:2.5155470371246338] [-0.90859663486480713:3.7914237976074219] [-0.90367245674133301:5.2354607582092285] [-0.94339066743850708:0] [-0.97403734922409058:0] [0.027096280828118324:28.255090713500977] [0.043709386140108109:38.344577789306641] [0:1.6623408794403076] [0.033108003437519073:1.762175440788269] [0:1] [0.00084273074753582478:12] [20.030118942260742:28.633720397949219] [0.033685080707073212:3] [0.0039190701209008694:0.22458074986934662] [-0.95534378290176392:15.273717880249023] [-1.005154013633728:21.212968826293945] [-0.14806638658046722:0.12816762924194336] [-0.1642666757106781:0.22442513704299927] [0.088342443108558655:0.67883509397506714] [0.074556596577167511:0.45299896597862244] [0.025222873315215111:0.037677697837352753]
tree_sizes=1772 1787 1791 1795 1793 1787 1792 1804 1791 1796 1794 1797 1791 1791 1799 1804 1799 1801 1803 1794 1799 1799 1798 1800 1798 1812 1802 1810 1792 1804 1810 1806 1804 1797 1809 1816 1820 1810 1816 1801 1807 1813 1810 1801 1810 1807 1809 1800 1804 1802 1809 1815 1809 1808 1812 1810 1808 1813 1809 1800 1806 1818 1803 1802 1806 1810 1806 1804 1801 1806 1816 1812 1806 1803 1805 1818 1802 1818 1805 1815 1803 1807 1814 1816 1810 1806 1805 1807 1790 1804 1813 1806 1805 1808 1794 1807 1817 1806 1813 1809 1799 1802 1804 1802 1814 1819 1818 1795 1800 1813 1810 1809 1812 1780 1818 1802 1805 1812 1819 1802 1807 1811 1811 1815 1807 1806 1823 1804 1812 1822 1827 1799 1815 1804 1815 1813 1796 1819 1813 1817 1810 1812 1806 1818 1810 1809 1817 1808 1808 1814 1813 1807 1799 1823 1809 1819 1812 1801 1820 1812 1803 1801 1821 1820 1815 1813 1805 1820 1820 1830 1817 1815 1804 1828 1821 1813 1798 1815 1817 1807

Tree=0
num_leaves=15
num_cat=0
split_feature=10 17 10 22 24 21 22 21 24 24 10 22 24 17
split_gain=14135 2656.88 2119.38 969.659 1016.12 823.574 698.585 708.47 686.311 658.086 638.614 484.609 420.896 407.709
threshold=0.54134532809257518 0.066918622702360167 0.37507374584674841 0.21641109138727191 0.027239737100899223 0.0099786282517015951 0.17202089726924899 0.050632659345865257 0.030226894654333595 0.03199290111660958 0.95716580748558056 0.21641109138727191 0.030226894654333595 0.024577477946877483
decision_type=2 8 2 2 2 2 2 2 2 2 2 2 2 8
left_child=2 3 13 4 -2 12 -4 8 -8 -7 11 -3 -5 -1
right_child=1 10 6 5 -6 9 7 -9 -10 -11 -12 -13 -14 -15
leaf_value=-0.96376073377625238 -0.84161446482904778 -0.91301484908329711 -0.95663644642518797 -0.8707268701463029 -0.93902328625189757 -0.9059587633145002 -0.90921060531206677 -0.94216854722155374 -0.93173408626007714 -0.93796975399461313 -0.86466447248998846 -0.88187746462545069 -0.89911683586672875 -0.94886606763926229
leaf_weight=3321.5310649424791 131.57598720490932 800.64089895784855 1219.5690807849169 938.92787159979343 1788.3759373724461 3002.2508486956358 2852.1688107401133 3218.0191986560822 3927.1466598361731 1056.6751615405083 2218.2857317328453 2725.4735402166843 2096.8779042810202 7307.8564145416021
leaf_count=16333 647 3937 5997 4617 8794 14763 14025 15824 19311 5196 10908 13402 10311 35935
internal_value=-0.924487 -0.898037 -0.942361 -0.909917 -0.931953 -0.903952 -0.931739 -0.928672 -0.92225 -0.914305 -0.87945 -0.888895 -0.890189 -0.953553
internal_weight=36605.4 14759.1 21846.3 9014.68 1919.95 7094.73 11216.9 9997.33 6779.32 4058.93 5744.4 3526.11 3035.81 10629.4
internal_count=180000 72575 107425 44328 9441 34887 55157 49160 33336 19959 28247 17339 14928 52268
is_linear=0
shrinkage=1


Tree=1
num_leaves=15
num_cat=0
split_feature=11 22 9 9 24 23 5 11 5 24 23 22 18 24
split_gain=10283.1 2898.99 2193.04 1495.47 1442.65 1182.4 866.821 810.283 665.188 620.267 625.023 593.22 535.522 510.295
threshold=0.31429451704025274 0.21641109138727191 0.5456504523754121 0.68059769272804271 0.027239737100899223 0.089247435331344618 0.10659746453166009 0.22370219230651858 0.19435989111661914 0.030374678783118728 0.13378148525953296 0.40589655935764318 0.26529151201248174 0.030982371419668201
decision_type=2 2 2 2 2 2 2 2 2 2 2 2 2 2
left_child=2 4 5 9 -2 13 -6 -7 -4 10 -3 -11 -5 -1
right_child=1 3 8 12 6 7 -8 -9 -10 11 -12 -13 -14 -15
leaf_value=0.010297652626702871 0.072047964593216218 0.040366127927321971 -0.0022196841278827547 0.03741156125129582 -0.015210703455905122 -0.034418955675994234 0.034587165840041692 -0.017774125698332633 0.031282382415440596 0.018023341547960106 -0.0037298236541822931 -0.011114908391505069 0.065553706057609198 -0.026916912556643403
leaf_weight=1780.9636586308479 274.97368983924389 2105.6222317069769 2001.3571035414934 4109.5734429061413 3636.8566580861807 6880.6219204366207 475.6176525503397 7557.4693657159805 1128.2070894092321 3372.1230164170265 481.84023913741112 1138.2853937894106 1064.1001847833395 593.46573962271214
leaf_count=8817 1326 10237 9832 19882 17931 34252 2320 37368 5503 16498 2357 5605 5127 2945
internal_value=-5.07967e-06 0.020286 -0.0169573 0.0290102 -0.00412588 -0.0219631 -0.00938153 -0.0257247 0.00991897 0.0185371 0.0321718 0.0106614 0.043315 0.000922354
internal_weight=36601.1 16659 19942.1 12271.5 4387.45 16812.5 4112.47 14438.1 3129.56 7097.87 2587.46 4510.41 5173.67 2374.43
internal_count=180000 81283 98717 59706 21577 83382 20251 71620 15335 34697 12594 22103 25009 11762
is_linear=0
shrinkage=0.035


Tree=2
num_leaves=15
num_cat=0
split_feature=10 10 10 23 22 21 24 18 20 24 23 22 8 21
split_gain=12340.9 1933.2 1618.16 1057.9 961.927 814.608 747.525 643.462 594.294 577.424 546.01 470.496 383.718 377.449
threshold=0.54134532809257518 0.37507374584674841 0.84525129199028026 0.089247435331344618 0.21641109138727191 0.0099786282517015951 0.027239737100899223 0.15795285254716876 0.0055751192849129447 0.034816114231944091 0.089247435331344618 0.17202089726924899 -0.35268442332744593 0.050632659345865257
decision_type=2 2 2 2 2 2 2 2 2 2 2 2 2 2
left_child=1 10 4 8 6 -6 -2 -4 -3 -7 12 -5 -1 -13
right_child=2 3 7 11 5 9 -8 -9 -10 -11 -12 13 -14 -15
leaf_value=0.021214021776344714 0.072594967613693384 0.046555740935620343 0.032576927233471088 -0.031172448392987166 0.034639531492715411 0.016257945714286202 -0.0093017489915449905 0.060827854964211774 -0.0021912529251982122 -0.02540818399750246 -0.03121933808520377 -0.0025239741818141987 -0.018655861973473135 -0.017803643232918272
leaf_weight=386.85784110426903 136.05679143965244 645.00664889812469 3449.5636379569769 1194.6036130487919 3501.5850023627281 4016.9148373156786 2088.7798971384764 1413.5328381061554 573.96870474517345 444.34082517027855 8834.8149099498987 5721.9081130176783 1157.2857978194952 3022.091326802969
leaf_count=1924 633 3137 16549 5997 16768 19437 10343 6675 2824 2170 44579 28155 5765 15044
internal_value=-9.13e-06 -0.0169991 0.0242974 -0.00687573 0.0163415 0.0220204 -0.00399105 0.0408965 0.0237716 0.0120605 -0.0278649 -0.0106548 -0.00859494 -0.00781922
internal_weight=36587.3 21536.5 15050.8 11157.6 10187.7 7962.84 2224.84 4863.1 1218.98 4461.26 10379 9938.6 1544.14 8744
internal_count=180000 107425 72575 55157 49351 38375 10976 23224 5961 21607 52268 49196 7689 43199
is_linear=0
shrinkage=0.035


Tree=3
num_leaves=15
num_cat=0
split_feature=10 17 17 23 22 24 21 24 24 4 22 24 22 11
split_gain=11495.4 2528.68 1528.57 1162.99 884.536 1060.97 838.534 622.337 514.905 512.606 466.045 410.009 400.709 499.799
threshold=0.51033020019531261 0.066918622702360167 0.032078364863991744 0.089247435331344618 0.21641109138727191 0.027239737100899223 0.0099786282517015951 0.03199290111660958 0.030982371419668201 0.10353980585932733 0.21641109138727191 0.030226894654333595 0.17202089726924899 0.28030867874622351
decision_type=2 8 8 2 2 2 2 2 2 2 2 2 2 2
left_child=2 4 -1 8 5 -2 11 -8 -4 10 -3 -6 -5 -14
right_child=1 9 3 12 6 -7 7 -9 -10 -11 -12 -13 13 -15
leaf_value=-0.029784019842546944 0.070959522231102357 0.012173048282136211 0.034410994725478483 -0.032754300111218569 0.045871705003962988 -0.015261310192365552 0.013867455737985406 -0.01479867025949399 -0.01603032508160904 0.056298459913703872 0.039038627622710716 0.0206232938469251 -0.017671543099472442 -0.00051247710163535953
leaf_weight=8196.3381248563528 180.47334273159504 1036.4240575581789 947.47586624324322 1211.6496013998985 1160.2164927124977 2132.3789913505316 3604.4552950263023 1239.0195804536343 327.78863120079041 1581.3446552157402 3497.8602352440357 2526.156230032444 5626.1152305305004 3296.1487870514393
leaf_count=41639 826 5020 4606 6170 5456 10629 17384 6109 1630 7380 16417 12063 28370 16301
internal_value=-1.30779e-05 0.0210813 -0.0182607 -0.00996347 0.0109137 -0.00825692 0.0161154 0.00651893 0.0214219 0.0390606 0.0329381 0.0286724 -0.0139303 -0.0113401
internal_weight=36563.8 16958.3 19605.5 11409.2 10842.7 2312.85 8529.85 4843.47 1275.26 6115.63 4534.28 3686.37 10133.9 8922.26
internal_count=180000 81284 98716 57077 52467 11455 41012 23493 6236 28817 21437 17519 50841 44671
is_linear=0
shrinkage=0.035


Tree=4
num_leaves=15
num_cat=0
split_feature=10 17 17 23 22 24 21 24 10 24 22 24 22 11
split_gain=10712.2 2416.89 1349.56 1043.71 856.405 1054.82 838.224 578.174 505.659 442.233 395.465 392.382 363.103 422.042
threshold=0.50060629844665538 0.066918622702360167 0.032078364863991744 0.089247435331344618 0.21641109138727191 0.027239737100899223 0.0099786282517015951 0.03199290111660958 1.1541440486907961 0.030982371419668201 0.21641109138727191 0.030226894654333595 0.17202089726924899 0.27562923729419714
decision_type=2 8 8 2 2 2 2 2 2 2 2 2 2 2
left_child=2 4 -1 9 5 -2 11 -8 10 -4 -3 -6 -5 -14
right_child=1 8 3 12 6 -7 7 -9 -10 -11 -12 -13 13 -15
leaf_value=-0.029220515226309505 0.067229693462154405 0.013645257252382517 0.032005931839582093 -0.032782291765652893 0.043406934822542535 -0.015275235843158248 0.01245390925421082 -0.014590646064928195 0.058968087345011327 -0.015816109961138837 0.03745343922920738 0.019467803491794881 -0.017780253683076962 -0.00167450347912808
leaf_weight=8037.4568804055452 197.38555338978767 1102.035382822156 922.13953332602978 1126.4100397378206 1238.2015731483698 2246.1289067864418 3804.5361675620079 1288.5858461260796 1075.5908042937517 310.69183552265167 4054.4378184527159 2669.8553684055805 5241.1111619919538 3216.031813248992
leaf_count=41410 886 5299 4422 5825 5734 11279 18274 6397 4929 1557 18721 12668 26663 15936
internal_value=-1.65572e-05 0.0195517 -0.0183638 -0.0102768 0.00998628 -0.00836369 0.0149714 0.00559632 0.0370737 0.0199238 0.0324014 0.0271439 -0.0141785 -0.0116649
internal_weight=36530.6 17676.8 18853.8 10816.4 11444.7 2443.51 9001.18 5093.12 6232.06 1232.83 5156.47 3908.06 9583.55 8457.14
internal_count=180000 84187 95813 54403 55238 12165 43073 24671 28949 5979 24020 18402 48424 42599
is_linear=0
shrinkage=0.035


Tree=5
num_leaves=15
num_cat=0
split_feature=10 17 10 23 22 24 22 23 10 5 22 23 17 8
split_gain=10002.4 1918.88 1618.88 957.018 780.518 529.347 465.01 435.891 413.345 405.601 392.502 379.749 340.819 313.505
threshold=0.53037136793136608 0.055943135172128684 0.35906523466110235 0.089247435331344618 0.21641109138727191 0.030982371419668201 0.40390467643737799 0.089247435331344618 1.0081700682640078 0.12790040671825412 0.17202089726924899 0.089247435331344618 0.039849437773227699 -0.2580581903457641
decision_type=2 8 2 2 2 2 2 2 2 2 2 2 8 2
left_child=2 11 7 5 9 6 -4 13 -6 -3 -5 -2 -12 -1
right_child=1 4 3 10 8 -7 -8 -9 -10 -11 12 -13 -14 -15
leaf_value=0.0092636126142829987 0.03002522478534381 0.0024955405343020476 0.050745364191587726 -0.030166969170089989 0.031056965723859593 -0.015657578315100368 -0.00021045794179997269 -0.030764980745776938 0.050290279820170813 0.039708063858136973 -0.015856698967933909 0.0030623674908210946 -0.0022657707396878334 -0.024148888917354921
leaf_weight=614.64810854196548 709.58965419232845 1539.6873993128538 640.58564104139805 1176.8929483145475 5653.4226576834917 361.1654047369957 330.8832041323185 7519.2673801481724 1855.9736470282078 458.43239513039589 4305.6961737424135 5807.9384603947401 4754.051398396492 759.4463721960783
leaf_count=3091 3314 7517 3020 6164 26169 1814 1596 39489 8376 2141 21759 27961 23707 3882
internal_value=-1.95661e-05 0.0206809 -0.0162331 -0.00759123 0.030701 0.0202072 0.0335645 -0.027454 0.0358711 0.0111885 -0.0112263 0.00603942 -0.0087353 -0.00924415
internal_weight=36487.7 16025 20462.6 11569.3 9507.52 1332.63 971.469 8893.36 7509.4 1998.12 10236.6 6517.53 9059.75 1374.09
internal_count=180000 75478 104522 58060 44203 6430 4616 46462 34545 9658 51630 31275 45466 6973
is_linear=0
shrinkage=0.035


Tree=6
num_leaves=15
num_cat=0
split_feature=10 17 10 23 10 23 20 17 23 4 23 24 23 17
split_gain=9335.73 2042.61 1263.83 904.317 608.011 568.853 457.762 356.267 330.113 345.476 322.461 311.62 302.811 274.322
threshold=0.50060629844665538 0.059956213459372527 0.33377219736576086 0.089247435331344618 0.95716580748558056 0.089247435331344618 -0.0058676498010754577 0.042892489582300193 0.09227954596281053 0.066909555345773711 0.089247435331344618 0.030982371419668201 0.21147499233484271 0.0370249841362238
decision_type=2 8 2 2 2 2 2 10 2 2 2 2 2 8
left_child=2 5 10 6 8 11 -4 -7 -3 -10 -1 -2 -9 -5
right_child=1 4 3 13 -6 7 -8 12 9 -11 -12 -13 -14 -15
leaf_value=-0.011983082707540216 0.044208766461803377 0.047209654895747549 0.046063252197437364 -0.020650826729768784 0.044147064600585977 -0.0070534985008518106 0.0026557113823306834 0.012696967882884758 0.014802800874899134 0.034472676879951203 -0.03229141005379399 0.002019446754848418 -0.0068015181422613783 -0.0089065266170841595
leaf_weight=1159.9416926503181 699.13915638625622 659.09303995966911 425.99919657409191 4205.6608440726995 2696.9175409972668 2591.4872933030128 941.84809376299381 4556.529079630971 3578.688228815794 1586.8281669020653 5956.5906401723623 308.86560449004173 1233.877629801631 5840.9033116549253
leaf_count=5928 3208 2998 1988 21752 12065 12546 4628 21819 16745 7278 31824 1458 6070 29693
internal_value=-2.25182e-05 0.017991 -0.0174342 -0.0102024 0.0303884 0.00671979 0.0164107 0.00371445 0.0239531 0.0209002 -0.0290028 0.0314282 0.00853747 -0.0138385
internal_weight=36442.4 17911.4 18530.9 11414.4 8521.53 9389.9 1367.85 8381.89 5824.61 5165.52 7116.53 1008 5790.41 10046.6
internal_count=180000 84187 95813 58061 39086 45101 6616 40435 27021 24023 37752 4666 27889 51445
is_linear=0
shrinkage=0.035


Tree=7
num_leaves=15
num_cat=0
split_feature=17 11 17 22 11 24 23 23 23 22 4 20 24 22
split_gain=8595.38 1584.84 1508.18 1122.02 635.873 608.935 596.51 578.407 462.496 434.782 362.249 347.777 327.324 288.927
threshold=0.046858968213200576 0.2567515522241593 0.071500059217214598 0.21641109138727191 0.38907703757286077 0.027239737100899223 0.089247435331344618 0.089247435331344618 0.089247435331344618 0.16608449816703799 0.10353980585932733 0.0055751192849129447 0.03452891297638417 0.54684218764305126
decision_type=8 2 8 2 2 2 2 2 2 2 2 2 2 2
left_child=1 7 3 5 8 -2 11 -1 -5 -8 -4 -3 -6 -11
right_child=2 6 10 4 12 -7 9 -9 -10 13 -12 -13 -14 -15
leaf_value=-0.0060242902821319886 0.060670967564294707 0.039382513472461522 0.028314114803534005 0.035317049003897753 0.033881217782279809 -0.013689846493434214 -0.033790516134805736 -0.028414989852666717 0.0057925507076560419 -0.0033087943107578946 0.049041598352042588 -0.00049456004970257887 -0.00048425513358964949 -0.024723958166814886
leaf_weight=1691.3349026590586 133.32310308516026 528.28591918945312 3934.9720200449228 747.35328048467636 2790.2805928736925 2333.4234339892864 731.71659536659718 8784.8504218906164 4630.0801710933447 6868.4722101390362 1438.8121501207352 532.89343824982643 386.05079871416092 860.19793424010277
leaf_count=8537 596 2427 17788 3449 12842 11791 3873 47040 22433 34188 6336 2569 1827 4304
internal_value=-2.43428e-05 -0.0154221 0.0187558 0.0113254 0.0173184 -0.00944205 -0.00507856 -0.0248093 0.00995379 -0.00818583 0.0339446 0.0195397 0.029716 -0.00572116
internal_weight=36392 19997.8 16394.3 11020.5 8553.76 2466.75 9521.57 10476.2 5377.43 8460.39 5373.78 1061.18 3176.33 7728.67
internal_count=180000 102938 77062 52938 40551 12387 47361 55577 25882 42365 24124 4996 14669 38492
is_linear=0
shrinkage=0.035


Tree=8
num_leaves=15
num_cat=0
split_feature=10 17 17 23 22 23 11 24 22 11 23 6 4 22
split_gain=8212.68 1728.06 1204.34 824.73 694.739 376.76 368.058 365.477 335.85 363.055 312.971 287.592 266.001 265.194
threshold=0.50060629844665538 0.055943135172128684 0.032078364863991744 0.089247435331344618 0.21641109138727191 0.089247435331344618 0.45898468792438513 0.030982371419668201 0.17202089726924899 0.28030867874622351 0.089247435331344618 0.056368179619312293 0.10353980585932733 0.17202089726924899
decision_type=2 8 8 2 2 2 2 2 2 2 2 2 2 2
left_child=2 5 10 7 11 -2 12 -4 -5 -10 -1 -3 -6 -7
right_child=1 4 3 8 6 13 -8 -9 9 -11 -12 -13 -14 -15
leaf_value=-0.011221056628947615 0.025918653693361476 -0.00044121145971058915 0.028224525918431061 -0.03088325866522923 0.01924010529849508 -0.01970329982563979 0.040101494611529689 -0.015233144336933445 -0.015566219185369353 -0.00024218860659078951 -0.030331940110227013 0.02706796774583042 0.037442467199922752 0.0038762216668545386
leaf_weight=1275.0829297304153 879.14998270571232 1449.2360619753599 950.69268533587456 1072.1651286482811 3373.2865011692047 632.55314970016479 3237.3533125370741 307.58840614557266 5307.108959287405 2942.2650594860315 6380.0434566885233 675.6437403857708 1413.2665533423424 6440.6699858903885
leaf_count=6565 3999 6999 4422 5825 15331 3257 14278 1557 27883 14716 34845 3130 6276 30917
internal_value=-2.62642e-05 0.01667 -0.0166001 -0.00893555 0.0262358 0.00444458 0.030945 0.0175649 -0.0125277 -0.0101076 -0.0271675 0.00839164 0.0246813 0.00174268
internal_weight=36336.1 18101.2 18234.9 10579.8 10148.8 7952.37 8023.91 1258.28 9321.54 8249.37 7655.13 2124.88 4786.55 7073.22
internal_count=180000 84187 95813 54403 46014 38173 35885 5979 48424 42599 41410 10129 21607 34174
is_linear=0
shrinkage=0.035


Tree=9
num_leaves=15
num_cat=0
split_feature=10 17 17 22 21 22 21 10 17 8 4 21 22 6
split_gain=7663.78 1598.82 1161.23 653.636 729.134 501.928 759.409 375.172 344.842 330.535 306.033 276.45 256.005 249.239
threshold=0.50060629844665538 0.066918622702360167 0.02907147724181414 0.21641109138727191 0.0099786282517015951 0.22082895785570147 0.017854389734566215 1.1541440486907961 0.044414157047867782 -0.41424486041069025 0.066909555345773711 -0.054856372997164719 0.22082895785570147 -0.16776287555694577
decision_type=2 8 8 2 2 2 2 2 10 2 2 2 2 2
left_child=2 3 -1 -2 11 -4 9 10 -6 -7 12 -5 -3 -8
right_child=1 7 5 4 8 6 13 -9 -10 -11 -12 -13 -14 -15
leaf_value=-0.029342759994131978 -0.0079481778694862736 0.003577221084869962 -0.023347552405732198 0.039130610276200621 -0.0091398928957158437 0.02280425680988124 0.0057286770447985535 0.048014129968976089 0.010049459315171014 -0.00063363941032639913 0.037513794584604916 0.018090889968985845 0.025206307254523882 -0.018003145522017875
leaf_weight=5630.5138991773129 2423.8007749766111 897.37897668778896 2753.1792983859777 1040.9759091436863 1696.565352216363 927.71581611037254 607.64328557252884 1148.471446543932 3493.4998167306185 3442.6140713095665 1832.1696533113718 2979.3476454615593 2683.4464366734028 4716.2337536364794
leaf_count=31013 12165 4217 14666 4779 8230 4637 3131 4929 16441 17661 7980 13623 11823 24705
internal_value=-2.85349e-05 0.0160027 -0.0161641 0.00819906 0.0124524 -0.010184 -0.00642532 0.0298058 0.00377119 0.00438236 0.0258611 0.0236222 0.019811 -0.0152888
internal_weight=36273.6 18195.7 18077.9 11634.2 9210.39 12447.4 9694.21 6561.47 5190.07 4370.33 5413 4020.32 3580.83 5323.88
internal_count=180000 84187 95813 55238 43073 64800 50134 28949 24671 22298 24020 18402 16040 27836
is_linear=0
shrinkage=0.035


Tree=10
num_leaves=15
num_cat=0
split_feature=17 17 17 22 24 24 21 21 24 5 22 22 24 22
split_gain=7177.3 1487.1 1057.39 961.234 701.784 545.783 583.493 536.03 522.232 374.365 335.5 308.517 290.009 238.585
threshold=0.043641369789838798 0.066918622702360167 0.028257963247597221 0.22082895785570147 0.027059725485742096 0.030120851472020153 0.041573133319616325 0.0080275379586964863 0.034816114231944091 0.17354962229728702 0.17202089726924899 0.21641109138727191 0.030226894654333595 0.21641109138727191
decision_type=8 8 10 2 2 2 2 2 2 2 2 2 2 2
left_child=2 3 -1 4 -2 6 10 12 -9 11 -4 -3 -5 -7
right_child=1 9 5 7 -6 13 -8 8 -10 -11 -12 -13 -14 -15
leaf_value=-0.029419577199761095 0.057818692417681075 0.0055566803808230836 -0.027677881326485961 0.037174400366319395 -0.014429632290358513 -0.032384271879205562 -0.019183617116972942 0.0091028682668458927 -0.030293275999199516 0.038831991275563742 0.0092673254041500015 0.027022322732243705 0.016343682130479903 -0.014296751984011008
leaf_weight=5284.1300623565912 165.44423289597034 1102.0084195584059 322.11502331495285 1202.919306203723 2731.4669558256865 1064.1103151142597 1662.7431740909815 5007.3347971737385 439.34103175997734 2453.7587361633778 3243.3730825483799 3268.269521817565 2627.61981138587 5634.5926333069801
leaf_count=29413 736 5173 1772 5431 14052 5774 8680 24078 2187 10551 16245 14282 12336 29290
internal_value=-2.99357e-05 0.014798 -0.0163966 0.00745591 -0.0101188 -0.010607 -0.00212504 0.0129488 0.00587539 0.0278661 0.00586153 0.0216346 0.022965 -0.017214
internal_weight=36209.2 18998.2 17211.1 12174.1 2896.91 11926.9 5228.23 9277.21 5446.68 6824.04 3565.49 4370.28 3830.54 6698.7
internal_count=180000 88826 91174 58820 14788 61761 26697 44032 26265 30006 18017 19455 17767 35064
is_linear=0
shrinkage=0.035


Tree=11
num_leaves=15
num_cat=0
split_feature=10 10 10 23 23 5 22 11 20 20 22 23 11 8
split_gain=6846.99 1440.61 820.543 739.167 641.978 543.748 475.303 521.032 345.661 324.384 250.936 248.572 233.599 196.148
threshold=0.46446354687213903 0.79501667618751537 0.31636983156204229 0.089247435331344618 0.089247435331344618 0.12790040671825412 0.17202089726924899 0.39723625779151922 0.0055751192849129447 0.0055751192849129447 0.17202089726924899 0.089247435331344618 0.28030867874622351 -0.26599462330341334
decision_type=2 2 2 2 2 2 2 2 2 2 2 2 2 2
left_child=2 3 11 9 8 -3 -5 -8 -4 -2 -6 13 -12 -1
right_child=1 5 4 6 10 -7 7 -9 -10 -11 12 -13 -14 -15
leaf_value=0.0067441986418334708 0.044942239348576385 0.019363185630583032 0.028019566319013336 -0.01529333683854131 -0.032789872674187745 0.040649379630660655 0.00159140741499607 0.018176328977286237 -0.0083283361812284077 0.011871369925951806 -0.016894375321211949 -0.031576780291838365 -0.0036613839593842533 -0.024906030537425898
leaf_weight=400.27626180648804 810.01588267087936 4330.3614196181297 698.31012836098671 1372.4198468327522 859.43474043905735 2249.085162550211 7904.0461174249649 3276.1199868023396 578.75652420520782 669.51930002868176 5398.8914298415184 4668.2812740951777 2351.0985857397318 575.79205156862736
leaf_count=2066 3553 19433 3273 7140 4871 9597 37774 15226 2932 3076 29141 26787 12040 3091
internal_value=-3.21408e-05 0.0131889 -0.0175755 0.00684387 -0.0114778 0.0266902 0.00407418 0.00646318 0.0116103 0.0301572 -0.0149121 -0.0282168 -0.0128898 -0.0119898
internal_weight=36142.4 20611.6 15530.8 14032.1 9886.49 6579.45 12552.6 11180.2 1277.07 1479.54 8609.42 5644.35 7749.99 976.068
internal_count=180000 95799 84201 66769 52257 29030 60140 53000 6205 6629 46052 31944 41181 5157
is_linear=0
shrinkage=0.035


Tree=12
num_leaves=15
num_cat=0
split_feature=17 17 11 22 24 11 23 23 20 24 18 22 22 11
split_gain=6389.04 1350.64 1048.38 881.258 687.864 584.023 571.649 462.004 360.569 332.187 326.058 283.36 276.582 262.48
threshold=0.042892489582300193 0.066918622702360167 0.21894273161888125 0.22082895785570147 0.027059725485742096 0.36759285628795629 0.089247435331344618 0.089247435331344618 0.0055751192849129447 0.03452891297638417 0.31703437864780432 0.21641109138727191 0.16608449816703799 0.32512708008289343
decision_type=8 8 2 2 2 2 2 2 2 2 2 2 2 2
left_child=2 3 -1 4 -2 7 8 -5 -4 -7 11 -3 -8 -14
right_child=1 10 6 5 -6 9 12 -9 -10 -11 -12 -13 13 -15
leaf_value=-0.027464449829388459 0.054772372589279368 0.006637356234945979 0.030136326104340583 0.028041755108578124 -0.014204157431354704 0.026124682626918416 -0.034330363457516798 0.0008606331196400782 -0.006279955117482151 -0.006806966121394975 0.040406032911875826 0.026030246509150895 -0.014910115296560823 -0.001391636677807714
leaf_weight=6242.017421156168 179.15072429180145 1190.1946639418602 665.75794379413128 890.99964366853237 2823.3055521845818 3367.0063154250383 646.44145275652409 5118.4740087240934 651.1449747979641 418.01938885450363 1484.9204079508781 4233.4784403592348 5592.8954232633114 2568.1218623220921
leaf_count=35582 785 5528 3071 4018 14676 15166 3707 25124 3233 1992 6247 18231 30014 12626
internal_value=-3.39654e-05 0.0133871 -0.0161915 0.00664518 -0.0099203 0.0117282 -0.00922116 0.00493056 0.0122186 0.0224793 0.0258476 0.0217946 -0.0124371 -0.010663
internal_weight=36071.9 19705.5 16366.4 12797 3002.46 9794.5 10124.4 6009.47 1316.9 3785.03 6908.59 5423.67 8807.46 8161.02
internal_count=180000 91767 88233 61761 15461 46300 52651 29142 6304 17158 30006 23759 46347 42640
is_linear=0
shrinkage=0.035


Tree=13
num_leaves=15
num_cat=0
split_feature=10 10 10 5 23 23 11 24 22 22 22 22 23 22
split_gain=6035.65 1246.54 763.008 706.379 571.513 443.857 396.524 317.441 303.332 297.647 293.74 300.968 242.856 237.691
threshold=0.46446354687213903 0.63637691736221325 0.31636983156204229 0.12790040671825412 0.089247435331344618 0.089247435331344618 0.43493969738483435 0.030982371419668201 0.21641109138727191 0.40390467643737799 0.17202089726924899 0.505802482366562 0.089247435331344618 0.17202089726924899
decision_type=2 2 2 2 2 2 2 2 2 2 2 2 2 2
left_child=2 5 12 6 7 -2 -3 9 -8 -4 -7 -12 -1 -6
right_child=1 3 4 -5 13 10 8 -9 -10 -11 11 -13 -14 -15
leaf_value=-0.011044250827606964 0.025246891483452459 0.0041405115462422567 0.034894438265675461 0.032639779197999035 -0.031837022414069889 -0.018603938158190354 0.0048748819550067189 -0.018414452786799845 0.024932989200146409 -0.0060057698087927726 0.0055263614091415622 -0.013329762474843574 -0.030580686439802919 -0.012189669816711907
leaf_weight=959.70780813694 927.35798388719559 3097.0915971696377 628.96416944265366 3609.0323576182127 833.03384013473988 928.82015520334244 1225.7817105799913 329.46950456500053 3807.4917575865984 326.8542073816061 5896.3075499087572 1247.9532792121172 4522.0181414186954 7652.7100288718939
leaf_count=5157 4137 14281 2878 15466 4871 5004 5871 1716 16636 1611 28317 6087 26787 41181
internal_value=-3.49559e-05 0.0122539 -0.0167418 0.0197623 -0.0108602 0.00244958 0.014013 0.0108255 0.0200675 0.0209907 -0.00019715 0.00221856 -0.0271867 -0.0141536
internal_weight=35992.6 20739.8 15252.8 11739.4 9771.03 9000.44 8130.37 1285.29 5033.27 955.818 8073.08 7144.26 5481.73 8485.74
internal_count=180000 95799 84201 52254 52257 43545 36788 6205 22507 4489 39408 34404 31944 46052
is_linear=0
shrinkage=0.035


Tree=14
num_leaves=15
num_cat=0
split_feature=17 10 11 4 23 23 24 24 23 24 11 21 20 21
split_gain=5675.62 1508.22 965.909 523.864 505.542 501.372 415.048 403.393 386.11 333.226 325.359 275.756 251.301 301.77
threshold=0.042892489582300193 0.60603201389312755 0.21894273161888125 0.10353980585932733 0.089247435331344618 0.13378148525953296 0.030120851472020153 0.030120851472020153 0.12374271824955942 0.030982371419668201 0.41488088667392736 0.041573133319616325 -0.059386368840932839 0.050632659345865257
decision_type=8 2 2 2 2 2 2 2 2 2 2 2 2 2
left_child=2 5 -1 7 9 6 -2 8 -3 11 -9 -4 -6 -14
right_child=1 3 4 -5 12 -7 -8 10 -10 -11 -12 -13 13 -15
leaf_value=-0.026472747916761446 0.02301525144480545 0.038970467524066035 0.033711704945567293 0.035039734724221956 -0.031528885904124088 -0.0065200238062868314 -0.0015067240251909427 0.0003412218470625109 0.013416385063638495 -0.016335651777988087 0.017216593690945709 -0.0081446332428467879 -0.0051017328291672291 -0.019426544077381869
leaf_weight=6070.1317014545202 1735.5037698000669 1604.6039785444736 689.78325597941875 2414.1307841539383 720.45910683274269 4701.4922042489052 1637.6277903020382 2073.4406275302172 1341.8216157108545 375.49606804549694 4298.9048842489719 261.50020126998425 5249.1959631741047 2741.4570475518703
leaf_count=35582 8104 6885 3120 10288 4094 23800 8074 9442 6136 1901 19038 1283 27549 14704
internal_value=-3.67935e-05 0.0125074 -0.0154602 0.0205141 -0.00878101 0.000862334 0.0111408 0.0167175 0.0274177 0.0112826 0.0117348 0.0222407 -0.0118463 -0.0100345
internal_weight=35915.5 19807.5 16108 11732.9 10037.9 8074.62 3373.13 9318.77 2946.43 1326.78 6372.35 951.283 8711.11 7990.65
internal_count=180000 91767 88233 51789 52651 39978 16178 41501 13021 6304 28480 4403 46347 42253
is_linear=0
shrinkage=0.035


Tree=15
num_leaves=15
num_cat=0
split_feature=10 17 17 23 22 23 21 22 22 24 23 24 22 1
split_gain=5339.18 1331.27 744.691 647.689 474.57 355.685 317.716 297.607 322.891 280.703 279.997 269.772 245.285 263.473
threshold=0.46446354687213903 0.055943135172128684 0.028257963247597221 0.089247435331344618 0.21641109138727191 0.089247435331344618 -0.048701481893658631 0.56118163466453563 0.21641109138727191 0.030982371419668201 0.089247435331344618 0.030982371419668201 0.17202089726924899 -0.030448415316641327
decision_type=2 8 8 2 2 2 2 2 2 2 2 2 2 2
left_child=2 5 -1 9 -3 11 -6 8 -7 -4 -8 -2 -5 -14
right_child=1 4 3 12 6 7 10 -9 -10 -11 -12 -13 13 -15
leaf_value=-0.027572511084940732 0.031557927674829747 0.005514078924550257 0.020199338919210275 -0.031497640763750036 0.041878325523440986 -0.009833433912175539 0.037322127874842646 -0.018752763459588682 0.0062303426364400203 -0.016976330978885845 0.018251797992793323 -0.0055072207050591796 -0.0048335007963725106 -0.017635406009069057
leaf_weight=4658.0953141450882 795.05962353944778 2248.6321754306555 1058.9432543218136 891.50827613472939 1026.154520586133 2070.465811163187 1109.4660003632307 937.56104423105717 5815.6125959604979 315.93442413210869 6505.6523944437504 339.26205731928349 3442.1398274898529 4624.2785749435425
leaf_count=27915 3442 10622 4960 5369 4371 10718 4665 4650 27651 1670 28107 1573 18585 25702
internal_value=-3.79512e-05 0.0114154 -0.0159631 -0.0107079 0.0198671 0.00216199 0.0235914 -0.000218704 0.00200573 0.0115958 0.0210755 0.0205209 -0.0141402 -0.0121853
internal_weight=35838.8 20847.9 14990.9 10332.8 10889.9 9957.96 8641.27 8823.64 7886.08 1374.88 7615.12 1134.32 8957.93 8066.42
internal_count=180000 95799 84201 56286 47765 48034 37143 43019 38369 6630 32772 5015 49656 44287
is_linear=0
shrinkage=0.035


Tree=16
num_leaves=15
num_cat=0
split_feature=17 10 11 23 24 18 23 23 24 11 24 24 21 24
split_gain=5033.48 1566.83 706.089 537.911 513.817 502.458 419.457 394.995 363.034 305.803 276.003 257.613 232.669 297.406
threshold=0.039849437773227699 0.60603201389312755 0.20876803994178775 0.12374271824955942 0.030120851472020153 0.26529151201248174 0.095546394586563124 0.19652975350618365 0.030696987174451355 0.45898468792438513 0.027896618470549587 0.027896618470549587 0.050632659345865257 0.026471966877579692
decision_type=8 2 2 2 2 2 2 2 2 2 2 2 2 2
left_child=2 3 -1 4 11 7 8 9 10 -3 -4 -2 13 -8
right_child=1 5 6 -5 -6 -7 12 -9 -10 -11 -12 -13 -14 -15
leaf_value=-0.027449938490871441 -0.0023456371569723321 0.012910086673174129 -0.017245748284745996 -0.0055841589801719736 -0.004854630594198263 0.034091080179338741 0.044518594179296246 0.0034602677249340069 -0.018274092987351494 0.02710505837272913 0.025334691038370483 0.030556727941303007 -0.024164573626521354 -0.011627454374365064
leaf_weight=4886.6608079075813 362.87945884466171 4137.824477776885 228.30610647797585 6830.5465764850378 1293.6364723443985 2119.5388239473104 108.76506479084492 2567.8660831153393 539.15827871859074 3420.8288421928883 879.78590573370457 1444.3567987680435 2132.6787621825933 4805.3449708074331
leaf_count=29636 1753 18480 1167 34943 6471 8843 557 11642 2854 14782 4177 6617 11843 26235
internal_value=-3.90639e-05 0.0102354 -0.0168126 -9.67294e-05 0.01197 0.0186079 -0.0108091 0.0153368 0.00506702 0.0193616 0.0164858 0.0239736 -0.0145222 -0.0102969
internal_weight=35758.2 22177.5 13580.7 9931.42 3100.87 12246.1 8694.04 10126.5 1647.25 7558.65 1108.09 1807.24 7046.79 4914.11
internal_count=180000 103531 76469 49784 14841 53747 46833 44904 8198 33262 5344 8370 38635 26792
is_linear=0
shrinkage=0.035


Tree=17
num_leaves=15
num_cat=0
split_feature=10 17 17 4 22 22 21 22 22 21 11 22 6 8
split_gain=4724.76 1150.94 697.403 428.021 400.158 352.749 510.476 328.014 420.108 489.829 299.248 265.803 226.817 158.738
threshold=0.46446354687213903 0.055943135172128684 0.028257963247597221 0.066909555345773711 0.21641109138727191 0.22082895785570147 0.017854389734566215 0.54684218764305126 0.22082895785570147 -0.054856372997164719 0.38907703757286077 0.30788511037826544 -0.14774552732706067 -0.27376954257488245
decision_type=2 8 8 2 2 2 2 2 2 2 2 2 2 2
left_child=2 7 13 4 -3 -4 11 8 -2 -10 -6 -7 -8 -1
right_child=1 3 5 -5 10 6 12 -9 9 -11 -12 -13 -14 -15
leaf_value=-0.018125829677885862 -0.0087814267101182092 -0.0009121954423888329 -0.022879264035639345 0.028920770539585833 0.0071316241592674539 -0.01072961460916042 0.0048454674725328445 -0.015849423609208189 0.033138734286211127 0.0049939466130234705 0.023816578961777021 0.0092951804968324364 -0.017984517774073658 -0.031824946793051451
leaf_weight=1729.5197865217924 2244.0684478878975 1735.6718021035194 2101.5532014369965 3332.7902252972126 1999.660438850522 1191.6951657533646 615.26487329602242 1107.25178386271 863.60432437062263 5744.5579813271761 3910.9586350768805 2495.8792802840471 3808.4770724475384 2796.5791103839874
leaf_count=10472 11602 8305 12189 14113 8865 6462 3326 5500 3929 27003 16482 13005 21304 17443
internal_value=-3.97659e-05 0.0106445 -0.015215 0.0184546 0.013861 -0.0101298 -0.00680246 0.00202482 0.00427592 0.00871663 0.0181934 0.00281235 -0.0148055 -0.0266417
internal_weight=35677.5 20938.6 14739 10979.1 7646.29 10212.9 8111.32 9959.48 8852.23 6608.16 5910.62 3687.57 4423.74 4526.1
internal_count=180000 95799 84201 47765 33652 56286 44097 48034 42534 30932 25347 19467 24630 27915
is_linear=0
shrinkage=0.035


Tree=18
num_leaves=15
num_cat=0
split_feature=17 10 11 22 4 21 23 22 21 20 21 20 23 22
split_gain=4472.39 1356.32 661.816 497.49 468.779 429.1 391.348 386.801 345.76 257.888 220.714 248.992 201.827 194.95
threshold=0.039849437773227699 0.59184628725051891 0.20876803994178775 0.22082895785570147 0.10353980585932733 0.017854389734566215 0.095546394586563124 0.21641109138727191 -0.048701481893658631 -0.0074268630705773822 0.050632659345865257 -0.059386368840932839 0.1250235624611378 0.37126153707504278
decision_type=8 2 2 2 2 2 2 2 2 2 2 2 2 2
left_child=2 3 -1 -2 7 12 9 -3 -9 -4 11 -8 -5 -11
right_child=1 4 6 5 -6 -7 10 8 -10 13 -12 -13 -14 -15
leaf_value=-0.026532625006772354 -0.014863947602190191 0.00032861720153103607 0.031214673007303972 0.023511720961469973 0.030315418486953231 -0.0043912720300525437 -0.031369414104923637 0.035754177893030904 0.014246387005072816 -0.021625882792273007 -0.023362746840448534 -0.0068299214838647548 0.0061298341449884811 0.0071824718902272549
leaf_weight=4748.1316253244877 2250.0570985376835 2138.035117700696 351.79801508784294 1316.9249103367329 2566.8192849457264 3656.7289890646935 566.03319899737835 1049.0341566503048 7109.9403534829617 416.54675507545471 2091.2743580192327 4297.4419836848974 2161.8799770623446 874.89323616027832
leaf_count=29636 12251 10228 1573 6027 10761 18482 3399 4435 30760 2233 11843 23393 10587 4392
internal_value=-4.11106e-05 0.0095662 -0.0160527 -0.000551687 0.016943 0.0039759 -0.0102412 0.0135834 0.0170521 0.00509586 -0.0138671 -0.00974445 0.0127584 -0.00220427
internal_weight=35595.5 22249.4 13346.1 9385.59 12863.8 7135.53 8597.99 10297 8158.97 1643.24 6954.75 4863.48 3478.8 1291.44
internal_count=180000 103531 76469 47347 56184 35096 46833 45423 35195 8198 38635 26792 16614 6625
is_linear=0
shrinkage=0.035


Tree=19
num_leaves=15
num_cat=0
split_feature=10 10 10 23 23 24 24 22 24 5 24 24 22 23
split_gain=4178.21 874.89 643.463 507.349 455.58 493.834 500.373 369.857 400.902 348.471 265.999 257.833 259.834 227.808
threshold=0.46446354687213903 0.81837686896324169 0.30757392942905432 0.089247435331344618 0.12374271824955942 0.030120851472020153 0.027896618470549587 0.17202089726924899 0.036860706284642226 0.061917735263705261 0.026550123468041423 0.030982371419668201 0.40390467643737799 0.089247435331344618
decision_type=2 2 2 2 2 2 2 2 2 2 2 2 2 2
left_child=2 3 13 11 5 6 -4 -5 -9 -3 -6 12 -2 -1
right_child=1 9 4 7 10 -7 -8 8 -10 -11 -12 -13 -14 -15
leaf_value=-0.0086527580323772658 0.043731387170853196 0.013346472090144326 -0.019032806892040038 -0.013958773713799617 0.044413092642447104 -0.015378737759148985 0.020161587135889641 0.0062885274127377896 -0.028687435207427371 0.030131521807112843 -0.016011617145293845 0.0015214192018528452 0.0077697648743835796 -0.029002643228696244
leaf_weight=834.13656236231327 789.74066261947155 3354.9152066558599 514.50950209796429 1389.4839463680983 81.194416597485542 1449.3595639914274 1671.0879545807838 11453.266740247607 406.24777787923813 2798.4777410775423 6198.758291631937 457.37595491111279 362.77407872676849 3748.8869104236364
leaf_count=4756 3273 14568 2816 7402 430 8201 8361 53404 1942 11559 35353 2065 1586 24284
internal_value=-4.19711e-05 0.00992878 -0.0144898 0.00532603 -0.0094605 0.000402585 0.0108902 0.00306289 0.00506727 0.0210166 -0.015161 0.0238172 0.032576 -0.0253258
internal_weight=35510.2 21012.3 14497.9 14858.9 9914.91 3634.96 2185.6 13249 11859.5 6153.39 6279.95 1609.89 1152.51 4583.02
internal_count=180000 95799 84201 69672 55161 19378 11177 62748 55346 26127 35783 6924 4859 29040
is_linear=0
shrinkage=0.035


Tree=20
num_leaves=15
num_cat=0
split_feature=17 10 11 22 24 17 21 24 23 23 24 21 24 24
split_gain=4005.3 1219.74 569.418 457.188 691.07 441.867 413.551 405.845 343.407 310.718 300.397 261.521 258.679 229.493
threshold=0.039131183177232749 0.59184628725051891 0.20876803994178775 0.22082895785570147 0.027059725485742096 0.091595645993947997 0.017854389734566215 0.033049454912543304 0.095546394586563124 0.12374271824955942 0.030696987174451355 0.017854389734566215 0.030226894654333595 0.027896618470549587
decision_type=8 2 2 2 2 8 2 2 2 2 2 2 2 2
left_child=2 3 -1 4 -2 7 12 9 10 -3 13 -9 -5 -4
right_child=1 5 8 6 -6 -7 -8 11 -10 -11 -12 -13 -14 -15
leaf_value=-0.025799310967776011 0.057068282084587266 0.024227323536448159 -0.01674252263287189 0.024571902546216984 -0.019215561835129475 0.02987322933940317 -0.0044576506319534215 0.0066404914201480128 -0.013837315602939793 0.010733633710374451 -0.017595443711371114 -0.021482238694543392 0.0050962064520703723 0.023099053847360065
leaf_weight=4540.6834092289209 146.26101987063885 3379.4090207517147 215.5077867358923 1283.1214885413647 2172.4632471203804 2228.9413134008646 3835.226104170084 1311.2455767989159 6467.3291607350111 5539.7486928999424 505.31305605173111 574.26191237568855 2380.6793100088835 846.24610850214958
leaf_count=29218 680 14327 1124 5793 12123 9178 19544 5860 36479 24676 2747 2591 11700 3960
internal_value=-4.25546e-05 0.00868669 -0.0158996 -0.000631124 -0.0141793 0.0157006 0.00357133 0.0127519 -0.0102796 0.0158677 0.00439788 -0.00199289 0.0119652 0.0149315
internal_weight=35426.4 22851.4 12575.1 9817.75 2318.72 13033.6 7499.03 10804.7 8034.4 8919.16 1567.07 1885.51 3663.8 1061.75
internal_count=180000 106472 73528 49840 12803 56632 37037 47454 44310 39003 7831 8451 17493 5084
is_linear=0
shrinkage=0.035


Tree=21
num_leaves=15
num_cat=0
split_feature=17 10 17 23 22 24 10 21 24 4 19 23 24 24
split_gain=3759.57 912.088 731.432 450.067 439.796 448.854 348.535 309.259 284.752 304.827 248.364 231.474 222.494 213.489
threshold=0.042892489582300193 0.63637691736221325 0.028257963247597221 0.089247435331344618 0.22082895785570147 0.027059725485742096 1.1541440486907961 0.017854389734566215 0.030120851472020153 0.10353980585932733 -0.15658132731914517 0.12374271824955942 0.030226894654333595 0.030982371419668201
decision_type=8 2 10 2 2 2 2 2 2 2 2 2 2 2
left_child=2 4 -1 13 5 -2 8 12 11 -10 -5 -3 -6 -4
right_child=1 6 3 10 7 -7 -8 -9 9 -11 -12 -13 -14 -15
leaf_value=-0.024800489495921483 0.049501297525076905 0.03155017724889194 0.017346968774015408 0.0006113799473894424 0.025934045988287226 -0.016052398952925231 0.033070177264606725 -0.0013327499475581917 0.0062493686641592909 0.025180239698741825 -0.013814967107483294 0.012303955110744587 0.0070605835199736228 -0.013279616110314486
leaf_weight=4586.4300165176392 126.83712458610535 1721.7998415976763 1114.8559075295925 1820.6255213171244 1152.6755896955729 2042.8752281218767 1386.3865464925766 3477.9615847021341 5174.9763534814119 1298.4393790662289 7392.0172680020332 1408.1720808297396 2271.9689555317163 362.49397651851177
leaf_count=29413 558 7128 5134 9789 5044 11202 5682 17102 22674 5385 41972 6233 10759 1925
internal_value=-4.28413e-05 0.00991688 -0.0131206 -0.00809095 0.00169961 -0.0120107 0.0166927 0.00602035 0.0142965 0.0100795 -0.0109664 0.0229581 0.0134701 0.00979343
internal_weight=35338.5 20062.1 15276.4 10690 9072.32 2169.71 10989.8 6902.61 9603.39 6473.42 9212.64 3129.97 3424.64 1477.35
internal_count=180000 91767 88233 58820 44665 11760 47102 32905 41420 28059 51761 13361 15803 7059
is_linear=0
shrinkage=0.035


Tree=22
num_leaves=15
num_cat=0
split_feature=17 11 23 11 5 22 21 23 5 23 23 22 22 20
split_gain=3536.41 948.629 582.439 542.288 536.323 509.506 312.235 279.789 255.579 245.634 221.052 198.468 213.026 189.903
threshold=0.039131183177232749 0.39723625779151922 0.089247435331344618 0.21894273161888125 0.17354962229728702 0.21641109138727191 -0.048701481893658631 0.095546394586563124 0.045369543135166175 0.26289419829845434 0.1739926487207413 0.505802482366562 0.16608449816703799 -0.0074268630705773822
decision_type=8 2 2 2 2 2 2 2 2 2 2 2 2 2
left_child=3 2 -2 -1 9 8 -7 13 -3 -4 -8 12 -9 -5
right_child=1 5 4 7 -6 6 10 11 -10 -11 -12 -13 -14 -15
leaf_value=-0.023923907252194173 0.021700766046092296 -0.004180998327053459 -0.0020729406731562891 0.02901587682768467 0.013938716568611899 0.036913948154270626 0.020982819154608763 -0.033402016119391878 0.02440678373050648 -0.01878825371383434 0.0029938502066048102 -0.027704193682475193 -0.0074275705603352518 -0.0018199150285013257
leaf_weight=5061.4881157875061 1643.7249573767185 1736.5961260646582 8271.6267183423042 302.92514118552208 2499.2108380794525 1288.1651994436979 4728.8175951242447 413.99108791351318 480.81010818481445 1228.7861314713955 1020.698219075799 871.91067156195641 4583.962656930089 1116.7840705215931
leaf_count=33224 7102 8467 41310 1314 11198 5389 19862 2694 2088 6675 4381 4965 25600 5731
internal_value=-4.19917e-05 0.00809906 0.00222805 -0.0151296 -0.000455199 0.016742 0.021346 -0.00899883 0.00209956 -0.00425239 0.0178 -0.0123671 -0.00964149 0.00491649
internal_weight=35249.5 22898.4 13643.3 12351.1 11999.6 9255.09 7037.68 7289.57 2217.41 9500.41 5749.52 5869.86 4997.95 1419.71
internal_count=180000 106472 66285 73528 59183 40187 29632 40304 10555 47985 24243 33259 28294 7045
is_linear=0
shrinkage=0.035


Tree=23
num_leaves=15
num_cat=0
split_feature=17 10 17 22 24 21 4 24 24 22 24 20 11 24
split_gain=3321.03 1096.14 469.074 413.186 706.747 415.053 403.025 356.79 362.836 346.833 334.127 326.43 254.89 241.553
threshold=0.037719883024692542 0.59184628725051891 0.024577477946877483 0.22082895785570147 0.027059725485742096 0.017854389734566215 0.10353980585932733 0.030120851472020153 0.028020161204040054 0.22082895785570147 0.030120851472020153 -0.030183549039065834 0.50623169541358959 0.030226894654333595
decision_type=8 2 10 2 2 2 2 2 2 2 2 2 2 2
left_child=2 3 -1 4 -2 13 10 8 11 -10 -3 -4 -12 -5
right_child=1 6 7 5 -6 -7 -8 -9 9 -11 12 -13 -14 -15
leaf_value=-0.028763371306330662 0.053623124372848309 0.019866709253331657 0.013865713635930617 0.022268202830986031 -0.018671829642234284 -0.0049298041711609824 0.02631156442950645 -0.018501500331837454 -0.02595646145042238 0.010572022228937593 0.0019060923900429516 -0.024450564151166608 0.015783755229562657 0.0043570706539019857
leaf_weight=2614.9925029277802 168.80620563030243 3477.5307691991329 335.47778490185738 1429.5803717821836 2307.1639601290226 4218.1008297204971 2612.5374923199415 4552.8462374955416 369.71289670467377 1968.7881602942944 4746.8204484581947 1320.1419204324484 2454.8573696762323 2585.4043894857168
leaf_count=17649 772 15005 1962 6424 13206 21774 10810 27372 2177 10626 21151 7860 10440 12772
internal_value=-4.22863e-05 0.00729274 -0.0158067 -0.00104077 -0.013547 0.00273217 0.0140027 -0.0118135 -0.00416287 0.004711 0.0109697 -0.0166499 0.00665194 0.010774
internal_weight=35162.8 24000.8 11162 10709.1 2475.97 8233.09 13291.7 8546.97 3994.12 2338.5 10679.2 1655.62 7201.68 4014.98
internal_count=180000 112354 67646 54948 13978 40970 57406 49997 22625 12803 46596 9822 31591 19196
is_linear=0
shrinkage=0.035


Tree=24
num_leaves=15
num_cat=0
split_feature=10 18 11 11 23 22 24 24 23 21 24 24 20 22
split_gain=3141.72 671.196 583.293 559.96 474.534 461.535 357.665 418.976 345.78 340.581 338.248 254.705 271.159 230.235
threshold=0.46446354687213903 0.19916300475597384 0.39723625779151922 0.20876803994178775 0.13378148525953296 0.21641109138727191 0.030120851472020153 0.028020161204040054 0.089247435331344618 -0.048701481893658631 0.027239737100899223 0.027059725485742096 -0.011184631846845148 0.22727383673191073
decision_type=2 2 2 2 2 2 2 2 2 2 2 2 2 2
left_child=3 2 8 -1 6 10 7 -5 -2 -7 -4 12 -6 -13
right_child=1 -3 5 4 11 9 -8 -9 -10 -11 -12 13 -14 -15
leaf_value=-0.022135355476090839 0.017804863808965857 0.022312313576574056 0.057244999947049506 -0.014000841529644144 0.044435811484710312 0.033160368568199629 -0.010599602404652552 0.019096931851822603 -0.0031395121695625642 0.01281999886660385 -0.00541966487530936 -0.026521957990622836 -0.022306283050636845 -0.010308063876662698
leaf_weight=5111.0670538544655 1090.0901719480753 3559.035208106041 101.41290992498398 636.68761447072029 165.25504812598228 1248.6478665024042 1810.6048675477505 1702.7686875909567 7889.3745965510607 5238.8920365273952 1988.2553277760744 1881.2435036301613 121.565827652812 2530.4595599025488
leaf_count=33723 4672 14957 425 3637 880 5252 10516 8504 38378 22394 9721 11724 729 14488
internal_value=-4.26826e-05 0.00847291 0.00565632 -0.0129204 -0.00757876 0.0121781 0.00104728 0.0100681 -0.000579926 0.0167799 -0.00212036 -0.0151839 0.0163494 -0.0172664
internal_weight=35075.4 21115.7 17556.7 13959.7 8848.59 8577.21 4150.06 2339.46 8979.46 6487.54 2089.67 4698.52 286.821 4411.7
internal_count=180000 95799 80842 84201 50478 37792 22657 12141 43050 27646 10146 27821 1609 26212
is_linear=0
shrinkage=0.035


Tree=25
num_leaves=15
num_cat=0
split_feature=17 17 23 24 8 22 24 17 22 17 23 24 23 22
split_gain=2982.85 895.593 549.724 633.785 455.32 415.103 302.954 297.599 275.426 250.995 230.888 191.059 259.772 183.674
threshold=0.037719883024692542 0.063161868602037444 0.13378148525953296 0.030696987174451355 -0.41424486041069025 0.52079185843467724 0.026550123468041423 0.024577477946877483 0.22727383673191073 0.091595645993947997 0.095546394586563124 0.030120851472020153 0.12374271824955942 0.21641109138727191
decision_type=8 8 2 2 2 2 2 10 2 8 2 2 2 2
left_child=4 2 3 5 10 -2 -4 -6 -8 13 -1 12 -9 -3
right_child=1 9 6 -5 7 -7 8 11 -10 -11 -12 -13 -14 -15
leaf_value=0.021550189394390368 0.024762631340115141 0.00034129938858936401 0.047775670384740919 -0.003458944937130946 -0.02946234340337937 -0.00016336593409782264 -0.012598644358616124 0.00082355143587728354 0.00029579969412595525 0.025868104242162324 -0.0065578332757738863 -0.020335803684402444 -0.019892708254586815 0.015333417052348411
leaf_weight=441.85940186679363 2982.1947197765112 1255.8931201845407 125.85530011355877 2874.7360062152147 2310.7630200982094 1126.409758374095 3398.3097038418055 1687.9751920700073 5014.1223663985729 2300.5844261795282 1713.5410529375076 3511.3431387394667 1311.327804684639 4932.3500566482544
leaf_count=2253 13320 5865 540 14169 16174 5332 18655 9223 24450 9419 10075 21810 8111 20604
internal_value=-4.23709e-05 0.00686719 0.00186506 0.00914167 -0.0151487 0.0179451 -0.0040901 -0.0186687 -0.00492185 0.0160005 -0.000722748 -0.0147985 -0.00826983 0.0122963
internal_weight=34987.3 24010.5 15521.6 6983.34 10976.8 4108.6 8538.29 8821.41 8412.43 8488.83 2155.4 6510.65 2999.3 6188.24
internal_count=180000 112354 76466 32821 67646 18652 43645 55318 43105 35888 12328 39144 17334 26469
is_linear=0
shrinkage=0.035


Tree=26
num_leaves=15
num_cat=0
split_feature=17 10 23 5 8 23 21 22 21 22 11 22 22 8
split_gain=2802.73 1002.63 403.571 370.693 366.116 356.554 277.301 265.495 317.106 236.751 253.753 207.773 172.584 146.319
threshold=0.035627113655209548 0.59184628725051891 0.12374271824955942 0.12790040671825412 -0.26599462330341334 0.095546394586563124 0.0099786282517015951 0.21641109138727191 -0.048701481893658631 0.17202089726924899 0.29926460981369024 0.40589655935764318 0.52079185843467724 -0.32838785648345942
decision_type=8 2 2 2 2 2 2 2 2 2 2 2 2 2
left_child=4 2 6 7 5 -1 12 -3 -9 -4 -11 -5 -2 -8
right_child=1 3 9 11 -6 -7 13 8 -10 10 -12 -13 -14 -15
leaf_value=0.0087216710266876628 0.022734588972021096 -0.0023749142887389257 -0.020360896197910636 0.026872674864046479 -0.023449468699240278 -0.014632445845141602 0.01202781377751154 0.029204291658420214 0.0086788348656268582 -0.0097829341199592267 0.0036819421264002472 0.010383198425613546 -0.015705650898691088 -0.0060616374692090249
leaf_weight=1017.5924908816814 1434.1729204207659 2097.3325096666813 1177.9066795110703 2708.2022728919983 4633.4558505117893 3653.2037257999182 825.20180894434452 1076.6008781790733 6224.1716928184032 3621.7241486012936 3240.0961399078369 1456.277040079236 151.79936374723911 1581.5585196912289
leaf_count=5489 6474 10047 7378 11153 30583 22751 4136 4448 26711 19961 15982 6046 729 8112
internal_value=-4.24308e-05 0.00593807 -0.0014166 0.0124592 -0.0164829 -0.00953669 0.00766719 0.00859196 0.0117414 -0.00593177 -0.00342882 0.0211452 0.01898 0.000164766
internal_weight=34899.3 25595 12032.5 13562.6 9304.25 4670.8 3992.73 9398.11 7300.77 8039.73 6861.82 4164.48 1585.97 2406.76
internal_count=180000 121177 62772 58405 58823 28240 19451 41206 31159 43321 35943 17199 7203 12248
is_linear=0
shrinkage=0.035


Tree=27
num_leaves=15
num_cat=0
split_feature=10 17 17 23 24 24 22 23 24 24 10 22 21 24
split_gain=2643.64 736.975 473.628 458.198 444.613 420.136 319.482 341.487 481.793 414.474 318.157 253.492 252.686 191.285
threshold=0.43939346075057989 0.055943135172128684 0.024577477946877483 0.13378148525953296 0.030120851472020153 0.028020161204040054 0.56118163466453563 0.14283729344606402 0.027059725485742096 0.030696987174451355 1.1541440486907961 0.21641109138727191 0.0040277508087456235 0.027239737100899223
decision_type=2 8 8 2 2 2 2 2 2 2 2 2 2 2
left_child=2 6 -1 4 5 -4 7 9 -9 -2 11 13 -13 -3
right_child=1 10 3 -5 -6 -7 -8 8 -10 -11 -12 12 -14 -15
leaf_value=-0.027322681892736688 0.017946663430749746 0.048568046530976114 -0.016204582593592479 -0.017652642845506921 -0.01425247239472531 0.01468641322051722 -0.016989451993943756 0.036890825564875121 -0.0068902655335324374 -0.0016360348398180085 0.029306539331516907 0.021587583440404796 0.0088454935259092513 -0.0021342485197717309
leaf_weight=2359.0412959456444 2818.4137607514858 85.52771931886673 716.65521101653576 4715.9467198699713 2182.6922812908888 2089.4730304032564 1119.6570172160864 319.90786001086235 4626.5155298858881 2486.333033785224 1331.9266857653856 3182.0944579690695 4798.2442283183336 1979.4930376410484
leaf_count=17075 12655 352 4286 29591 13529 11011 5741 1455 23847 12103 5393 13181 20296 9485
internal_value=-4.24177e-05 0.00698079 -0.0132805 -0.00984256 -0.00243912 0.00676765 0.000677279 0.00262156 -0.00399002 0.00878245 0.0132746 0.0111219 0.013947 0.000189647
internal_weight=34811.9 22748.1 12063.8 9704.77 4988.82 2806.13 11370.8 10251.2 4946.42 5304.75 11377.3 10045.4 7980.34 2065.02
internal_count=180000 104508 75492 58417 28826 15297 55801 50060 25302 24758 48707 43314 33477 9837
is_linear=0
shrinkage=0.035


Tree=28
num_leaves=15
num_cat=0
split_feature=10 11 4 24 23 8 23 22 24 22 24 24 5 10
split_gain=2487.48 695.475 491.067 411.263 400.259 400.561 387.35 365.531 279.308 245.908 243.425 238.562 228.034 220.19
threshold=0.41474060714244848 0.39723625779151922 0.11826554313302041 0.030120851472020153 0.12374271824955942 -0.26599462330341334 0.089247435331344618 0.21641109138727191 0.027239737100899223 0.505802482366562 0.027896618470549587 0.030982371419668201 0.045369543135166175 0.30757392942905432
decision_type=2 2 2 2 2 2 2 2 2 2 2 2 2 2
left_child=3 2 6 4 5 10 11 8 -3 -8 -1 -2 -10 -5
right_child=1 7 -4 13 -6 -7 9 -9 12 -11 -12 -13 -14 -15
leaf_value=-0.016097255584265419 0.023010885423657864 0.051904334428007397 0.017096108122868558 -0.029332735318172282 -0.018561831274590511 -0.010298064866123462 -0.0013770318911336193 0.01684729847104206 -0.0074837606016921656 -0.015170310783770917 0.023877525184065367 -0.0084002283814347666 0.019863943422219012 -0.015148136136123079
leaf_weight=220.50179374217987 1135.3908645808697 115.40670907497406 2015.2442961484194 2201.0876567810774 1970.4237237423658 1449.5329985916615 8841.3628188371658 7667.271996319294 1774.7599536031485 1919.4241817593575 1019.6152931153774 393.58862321078777 462.42150714993477 3534.8626263439655
leaf_count=1353 4749 474 8844 16110 13092 8810 44587 32223 8841 9622 5440 1881 1996 21978
internal_value=-4.21073e-05 0.00608219 0.00112689 -0.014364 -0.00662012 0.00216467 -0.00150347 0.0131485 0.00107365 -0.00384917 0.0166978 0.014923 -0.0017678 -0.0206328
internal_weight=34720.9 24324.9 14305 10396 4660.07 2689.65 12289.8 10019.9 2352.59 10760.8 1240.12 1528.98 2237.18 5735.95
internal_count=180000 113217 69683 66783 28695 15603 60839 43534 11311 54209 6793 6630 10837 38088
is_linear=0
shrinkage=0.035


Tree=29
num_leaves=15
num_cat=0
split_feature=17 17 23 24 22 1 24 23 22 17 24 24 24 22
split_gain=2407.17 788.51 490.914 591.499 388.106 342.436 324.138 254.928 248.465 217.501 203.516 190.798 177.732 166.209
threshold=0.035627113655209548 0.063161868602037444 0.13378148525953296 0.030696987174451355 0.52079185843467724 -0.084206864237785325 0.026550123468041423 0.13378148525953296 0.22727383673191073 0.099579080939292922 0.03452891297638417 0.027059725485742096 0.030696987174451355 0.16608449816703799
decision_type=8 8 2 2 2 2 2 2 2 8 2 2 2 2
left_child=5 2 3 4 -2 7 -4 12 -8 10 13 -9 -1 -3
right_child=1 9 6 -5 -6 -7 8 11 -10 -11 -12 -13 -14 -15
leaf_value=0.012010615982214338 0.021662949493910007 -0.0045331556758185952 0.045295356641927478 -0.0040993843119511474 -0.0011167643562917178 -0.020328630947347898 -0.012275024829064729 0.031391842677537793 -0.00047683166488471937 0.025794050203446543 -0.0042465776594347564 -0.019735344521709181 -0.01283283565759057 0.015543840511657211
leaf_weight=1060.7599196285009 3381.9346344619989 551.67487861216068 148.42468631267548 3163.1983650326729 1253.9623502790928 6047.4658169448376 3643.9300833940506 86.861601248383522 5447.2193847149611 1590.0960078984499 881.27431905269623 1354.9722240120173 516.60021743178368 5506.7220452278852
leaf_count=6017 15117 2650 638 15908 6037 40341 20511 493 27078 6478 3766 8777 3195 22994
internal_value=-4.21584e-05 0.0054528 0.00110163 0.00756292 0.0155121 -0.0155272 -0.00435462 -0.00587444 -0.00521409 0.0141331 0.0114279 -0.0164602 0.00384457 0.0137112
internal_weight=34635.1 25568.4 17038.7 7799.1 4635.9 9066.66 9239.57 3019.19 9091.15 8529.77 6939.67 1441.83 1577.36 6058.4
internal_count=180000 121177 85289 37062 21154 58823 48227 18482 47589 35888 29410 9270 9212 25644
is_linear=0
shrinkage=0.035


Tree=30
num_leaves=15
num_cat=0
split_feature=17 11 8 4 24 20 17 21 22 21 24 24 22 17
split_gain=2260.51 599.662 482.908 400.67 409.861 344.742 324.396 266.284 245.784 231.397 227.15 224.252 174.767 151.541
threshold=0.039849437773227699 0.39723625779151922 -0.41424486041069025 0.11826554313302041 0.030120851472020153 -0.059386368840932839 0.024577477946877483 0.050632659345865257 0.22727383673191073 0.050632659345865257 0.03452891297638417 0.030226894654333595 0.17202089726924899 0.099579080939292922
decision_type=8 2 2 2 2 2 10 2 2 2 2 2 2 8
left_child=2 3 12 4 7 -3 -4 -2 -6 11 -7 -8 -1 -12
right_child=1 5 6 -5 8 10 9 -9 -10 -11 13 -13 -14 -15
leaf_value=-0.027073382709924744 0.013022066372545502 -0.004727117356115783 -0.027765158425069516 0.015956485696251813 -0.019017544766532803 0.018204228212305617 -0.00026880930328548105 -0.0063919226402042763 -0.0027694648265193448 -0.02137981722292159 -0.0055828381467116659 -0.014979694926347386 0.0042217562500022811 0.02458436599203008
leaf_weight=231.14071972668171 3076.9084489643574 1130.6455379277468 2148.7096352726221 2036.479788005352 1439.8802275657654 7020.8707846403122 2389.2167098373175 1195.5986575782299 5366.645751863718 2348.6732822060585 882.04468593001366 2699.2185962349176 2330.1335746943951 254.48880219459534
leaf_count=1612 14184 5291 16174 8939 8328 29656 13439 5953 26268 15075 3885 17054 13115 1027
internal_value=-4.1594e-05 0.00654981 -0.0121939 0.00172815 -0.000899245 0.0133492 -0.0157978 0.00758711 -0.00622951 -0.0123076 0.0158574 -0.00808644 0.00130324 0.00132761
internal_weight=34550.7 22403.6 12147.1 13115.5 11079 9288.05 9585.82 4272.51 6806.53 7437.11 8157.4 5088.44 2561.27 1136.53
internal_count=180000 103531 76469 63672 54733 39859 61742 20137 34596 45568 34568 30493 14727 4912
is_linear=0
shrinkage=0.035


Tree=31
num_leaves=15
num_cat=0
split_feature=17 10 22 8 4 23 24 24 8 23 22 24 22 10
split_gain=2136.52 734.845 329.593 329.318 319.898 307.364 279.945 253.987 252.698 237.818 218.443 212.085 139.333 133.081
threshold=0.035627113655209548 0.59184628725051891 0.17202089726924899 -0.26599462330341334 0.066909555345773711 0.095546394586563124 0.030226894654333595 0.036860706284642226 -0.41424486041069025 0.13378148525953296 0.40589655935764318 0.030696987174451355 0.40390467643737799 0.28848360478878027
decision_type=8 2 2 2 2 2 2 2 2 2 2 2 2 2
left_child=3 2 -2 5 6 11 9 8 -4 -3 -8 12 -1 -5
right_child=1 4 7 13 -6 -7 10 -9 -10 -11 -12 -13 -14 -15
leaf_value=0.031825545382396229 -0.019076609722512908 0.022178109245676175 0.010645394890120105 -0.028902802330836887 0.019615503177028464 -0.013041369947575826 0.0063396292966985419 -0.032091855692108005 -0.0016902916105790973 0.003083811465722665 -0.0096288508515685878 -0.015592739029283117 0.00052327218771932541 -0.016372114336015452
leaf_weight=418.41164001822472 1137.330633431673 2251.8071583211422 2742.9840665757656 1821.2344973534346 3585.0248700529337 3516.1258543655276 5250.5848284065723 272.60636779665947 7784.5970692038536 1241.1565476804972 1301.5321455746889 299.35532266646624 294.13046477735043 2552.5581894442439
leaf_count=2036 7378 9287 13674 14160 14833 22751 22944 1492 40228 5651 5690 1803 1650 16423
internal_value=-4.24093e-05 0.0050996 -0.00124085 -0.0148003 0.0106495 -0.00815677 0.00743331 0.000653282 0.00153085 0.0154215 0.00315776 0.00877767 0.0190903 -0.0216439
internal_weight=34469.4 25567.6 11937.5 8901.82 13630.1 4528.02 10045.1 10800.2 10527.6 3492.96 6552.12 1011.9 712.542 4373.79
internal_count=180000 121177 62772 58823 58405 28240 43572 55394 53902 14938 28634 5489 3686 30583
is_linear=0
shrinkage=0.035


Tree=32
num_leaves=15
num_cat=0
split_feature=10 17 24 23 8 4 22 22 20 24 24 11 24 10
split_gain=2017.87 688.074 351.643 335.211 335.619 321.27 302.42 296.047 305.078 314.783 264.705 212.861 210.52 190.124
threshold=0.40662367641925817 0.050483802333474166 0.030120851472020153 0.12374271824955942 -0.21900080144405362 0.066909555345773711 0.21641109138727191 0.505802482366562 -0.059386368840932839 0.034816114231944091 0.027896618470549587 0.35484273731708532 0.027239737100899223 0.30757392942905432
decision_type=2 8 2 2 2 2 2 2 2 2 2 2 2 2
left_child=2 7 3 4 10 6 12 8 -2 -10 -1 -8 -3 -4
right_child=1 5 13 -5 -6 -7 11 -9 9 -11 -12 -13 -14 -15
leaf_value=-0.018212327358925598 -0.021686054184050438 0.043442111981789974 -0.028033588823154564 -0.017815772493886196 -0.012868865400838439 0.018476917545957528 0.0013554612382122751 -0.014689837972508257 0.0051459467551916854 -0.018720550971987451 0.019776112152648725 0.013815636953508783 -0.006550035040129693 -0.014303809903153315
leaf_weight=267.79388136416674 658.47322256863117 98.278463751077652 2075.1064620688558 1801.4297874569893 1078.6146958693862 4082.0401525199413 2398.0295049995184 1756.8562287539244 7258.6370062679052 736.67827385663986 1196.8411297798157 5613.7429581731558 2217.516182616353 3150.3724406510592
leaf_count=1707 3894 403 16110 12457 6836 17212 10881 9176 36261 3884 6494 23249 11160 20276
internal_value=-4.29201e-05 0.00522169 -0.0136879 -0.00630905 0.00187922 0.0101724 0.00687523 -0.00163383 0.00103064 0.00292628 0.0127539 0.0100925 -0.00425079 -0.0197992
internal_weight=34390.4 24820.3 9570.16 4344.68 2543.25 14409.6 10327.6 10410.6 8653.79 7995.32 1464.64 8011.77 2315.79 5225.48
internal_count=180000 116120 63880 27494 15037 62905 45693 53215 44039 40145 8201 34130 11563 36386
is_linear=0
shrinkage=0.035


Tree=33
num_leaves=15
num_cat=0
split_feature=10 11 5 24 22 21 23 24 23 8 24 20 22 5
split_gain=1892.96 561.691 343.912 335.923 321.421 349.802 316.607 313.235 304.572 293.428 286.982 230.415 215.278 198.557
threshold=0.40662367641925817 0.38907703757286077 0.19435989111661914 0.030120851472020153 0.21641109138727191 -0.048701481893658631 0.12374271824955942 0.027896618470549587 0.089247435331344618 -0.21900080144405362 0.027239737100899223 0.037173081189394004 0.505802482366562 0.045369543135166175
decision_type=2 2 2 2 2 2 2 2 2 2 2 2 2 2
left_child=3 2 8 6 10 -6 7 -1 -2 -9 -3 -7 -10 -12
right_child=1 4 -4 -5 5 11 -8 9 12 -11 13 -13 -14 -15
leaf_value=-0.022353474310816364 0.012742783528224473 0.049220049692673226 0.012463639553691574 -0.019363297004408621 0.029724018045268679 0.01527340263131963 -0.017394982416646193 0.018920315538207631 -0.0018902714257479655 -0.0080687381153061767 -0.00790617471568421 0.001138894200153374 -0.015462866279076452 0.0167720667407813
leaf_weight=513.36557694524527 1484.4226512014866 127.88495291769505 2412.6827063858509 5158.1117060184479 1492.9872613102198 4659.4604934155941 1781.0392741188407 1207.4500731304288 8527.7100774496794 822.30355716496706 1883.2750717252493 2028.181278154254 1711.315600797534 496.35462121665478
leaf_count=3417 6480 521 10407 36386 6178 19444 12457 6494 43898 5126 9493 8671 8893 2135
internal_value=-4.36534e-05 0.00503775 0.000458322 -0.0133379 0.0110884 0.0144451 -0.00612235 0.0018095 -0.00202089 0.00800043 0.000123437 0.0109949 -0.00417162 -0.00271002
internal_weight=34306.5 24824.3 14136.1 9482.27 10688.1 8180.63 4324.16 2543.12 11723.4 2029.75 2507.51 6687.64 10239 2379.63
internal_count=180000 116120 69678 63880 46442 34293 27494 15037 59271 11620 12149 28115 52791 11628
is_linear=0
shrinkage=0.035


Tree=34
num_leaves=15
num_cat=0
split_feature=17 11 23 24 22 23 17 1 23 18 24 24 17 24
split_gain=1837.29 603.853 401.097 416.853 381.928 320.77 309.204 261.633 262.592 221.675 190.115 189.517 181.772 177.88
threshold=0.035627113655209548 0.38907703757286077 0.13378148525953296 0.030120851472020153 0.52079185843467724 0.19652975350618365 0.024577477946877483 -0.052809474989771836 0.13378148525953296 0.19916300475597384 0.027059725485742096 0.027059725485742096 0.099579080939292922 0.030696987174451355
decision_type=8 2 2 2 2 2 10 2 2 2 2 2 8 2
left_child=6 2 3 4 -2 -3 -1 8 13 11 -10 -4 -7 -8
right_child=1 5 9 -5 -6 12 7 -9 10 -11 -12 -13 -14 -15
leaf_value=-0.025082008381414899 0.020907987595269933 0.015142971700342907 0.01576240781959249 -0.0027093427483729695 -0.0029108969488427128 -0.0022301232531912268 0.016869785626091822 -0.016281983660838082 0.033353233728309506 0.0090511131541878322 -0.016376213174285125 -0.0091332924111255862 0.022280940140589203 -0.0089186872465006686
leaf_weight=2251.6314599812031 2778.8398013263941 7347.5505760014057 389.22586239874363 3496.2140909433365 1167.7255073338747 2486.6440819501877 971.92911152541637 3586.136498324573 92.216069437563419 1127.4449424147606 1303.9804456233978 6313.7546208202839 425.28696581721306 484.05057391524315
leaf_count=17649 12276 31163 1922 17571 5550 11329 5233 23844 514 5037 8581 34586 1743 3002
internal_value=-4.29477e-05 0.00468856 0.000275627 0.00608917 0.0138708 0.0112514 -0.0139344 -0.010003 -0.00207889 -0.00525084 -0.0128778 -0.00766633 0.00141372 0.00829387
internal_weight=34222.6 25532.7 15273.2 7442.78 3946.57 10259.5 8689.94 6438.31 2852.18 7830.43 1396.2 6702.98 2911.93 1455.98
internal_count=180000 121177 76942 35397 17826 44235 58823 41174 17330 41545 9095 36508 13072 8235
is_linear=0
shrinkage=0.035


Tree=35
num_leaves=15
num_cat=0
split_feature=17 17 20 21 24 1 10 24 10 20 24 17 21 13
split_gain=1723.89 577.411 382.867 429.088 358.748 298.684 228.54 222.472 167.615 157.008 151.773 150.974 137.893 123.161
threshold=0.035627113655209548 0.063161868602037444 -0.059386368840932839 0.050632659345865257 0.036860706284642226 -0.084206864237785325 1.1541440486907961 0.03199290111660958 0.28848360478878027 -0.059386368840932839 0.03452891297638417 0.022206579335033897 0.0099786282517015951 0.43773765861988073
decision_type=8 8 2 2 2 2 2 2 2 2 2 10 2 2
left_child=5 2 -2 4 -4 9 10 -5 -7 -1 13 -11 -12 -3
right_child=1 6 3 7 -6 8 -8 -9 -10 11 12 -13 -14 -15
leaf_value=-0.031268918771948158 -0.016090395452919827 0.0044697977555421351 0.0073809405487072696 -0.0020239245541037601 -0.031199917984563147 -0.026415098927287464 0.025638457029556638 -0.019646996855835486 -0.013755281161082501 -0.022558547587600224 0.0060780828529635421 0.0013213394243569545 -0.021412081732012311 0.014912769987445892
leaf_weight=235.34727239608765 1491.4216165170074 2065.0885781943798 10438.298534236848 3599.5731213465333 294.11175756156445 1999.5766479298472 1262.8896946907043 1151.5917326211929 3686.7341617047787 366.83670419454575 649.78554585576057 2320.7936557307839 328.37038119137287 4251.8097759783268
leaf_count=1770 8817 8864 50394 18390 1578 16279 5105 6110 24062 2778 2772 13934 1389 17758
internal_value=-4.24815e-05 0.00452473 0.000785649 0.00242053 0.00629561 -0.0135772 0.0119317 -0.00632771 -0.0182456 -0.00446402 0.00952705 -0.00200959 -0.00327376 0.0115113
internal_weight=34142.2 25532.9 16975 15483.6 10732.4 8609.29 8557.94 4751.16 5686.31 2922.98 7295.05 2687.63 978.156 6316.9
internal_count=180000 121177 85289 76472 51972 58823 35888 24500 40341 18482 30783 16712 4161 26622
is_linear=0
shrinkage=0.035


Tree=36
num_leaves=15
num_cat=0
split_feature=17 17 17 22 24 21 21 24 23 22 22 20 5 23
split_gain=1623.19 512.067 381.369 373.061 405.82 399.065 370.829 386.201 369.182 306.183 297.155 163.97 142.851 133.175
threshold=0.044414157047867782 0.024577477946877483 0.085831273347139372 0.21641109138727191 0.027239737100899223 -0.048701481893658631 0.050632659345865257 0.030226894654333595 0.1739926487207413 0.52079185843467724 0.21641109138727191 -0.042946796864271157 0.030772755853831772 0.095546394586563124
decision_type=8 10 8 2 2 2 2 2 2 2 2 2 2 2
left_child=1 -1 3 4 -2 11 7 9 -7 -3 -9 -5 -6 -8
right_child=2 6 -4 5 12 8 13 10 -10 -11 -12 -13 -14 -15
leaf_value=-0.024276862877467647 0.041382927417604819 0.0097386862811638299 0.018124826523037152 -3.2256952436382506e-05 -0.014060511848641597 0.0078610668632218932 -0.00042409861404298077 -0.025816021653242364 -0.0090158418428545762 -0.015604271423274021 -0.0043475247101622807 0.029761112222299293 0.0027249850325590319 -0.017822666481178064
leaf_weight=2180.9249063953757 197.22091135382652 3562.8752979561687 3025.4555066972971 277.72021834552288 2158.5873351842165 9386.1747255772352 645.98521736264229 995.16480682045221 1901.9234330803156 688.7856338173151 3714.0375756695867 1211.3690582662821 866.32220354676247 3257.1003286242485
leaf_count=17649 811 18970 12360 1205 11844 41387 3591 6964 8862 3990 21982 5120 4296 20969
internal_value=-4.36814e-05 -0.00863136 0.00674846 0.00458722 -0.00604186 0.00727028 -0.00596206 -0.00203421 0.00501203 0.00560605 -0.00892941 0.0242414 -0.00926007 -0.0149515
internal_weight=34069.6 15044.9 19024.8 15999.3 3222.13 12777.2 12863.9 8960.86 11288.1 4251.66 4709.2 1489.09 3024.91 3903.09
internal_count=180000 94115 85885 73525 16951 56574 76466 51906 50249 22960 28946 6325 16140 24560
is_linear=0
shrinkage=0.035


Tree=37
num_leaves=15
num_cat=0
split_feature=11 22 24 21 4 20 23 21 17 11 20 8 17 24
split_gain=1545.66 552.463 887.108 524.528 449.618 405.4 400.644 358.638 291.865 265.404 205.771 191.693 170.465 134.003
threshold=0.28510081768035894 0.21641109138727191 0.027239737100899223 -0.048701481893658631 0.091760858893394484 0.037173081189394004 0.089247435331344618 -0.017531219869852063 0.064933352172374739 0.19773485511541369 -0.042946796864271157 -0.35268442332744593 0.081429436802864089 0.030982371419668201
decision_type=2 2 2 2 2 2 2 2 8 2 2 2 8 2
left_child=4 2 -2 10 6 7 11 -5 -4 -8 -3 -1 -7 -13
right_child=1 3 8 5 -6 12 9 -9 -10 -11 -12 13 -14 -15
leaf_value=0.020127287916595502 0.045907893298405736 0.00057617310825236988 -0.015556599842715976 0.028043614845030481 0.0079449827288564073 -0.0063412262452636802 -0.024259691885873763 0.0076099067323596526 0.0034165965269978282 -0.011269467920433488 0.029013463206532256 0.0012769717887144232 0.012252608740610618 -0.024251898774205201
leaf_weight=523.93628987669945 380.20126134157181 373.0548772662878 2926.3269507959485 1186.2673405855894 1550.6611126363277 3363.1175951808691 2761.3133572414517 8896.1221682429314 1496.1639673709869 6460.9428311213851 1898.1919614821672 1131.0210348963737 726.12799209356308 313.71132128685713
leaf_count=2572 1647 1651 16986 5165 7853 15889 22243 39456 6719 40511 8255 6059 2934 2060
internal_value=-4.3726e-05 0.00573573 -0.00470007 0.00878485 -0.00967744 0.00627235 -0.0121242 0.0100395 -0.00914459 -0.015181 0.0243656 0.00220003 -0.00301768 -0.00439501
internal_weight=33987.2 21245.6 4802.69 16442.9 12741.6 14171.6 11190.9 10082.4 4422.49 9222.26 2271.25 1968.67 4089.25 1444.73
internal_count=180000 98702 25352 73350 81298 63444 73445 44621 23705 62754 9906 10691 18823 8119
is_linear=0
shrinkage=0.035


Tree=38
num_leaves=15
num_cat=0
split_feature=17 17 23 24 8 22 22 22 17 17 24 23 24 23
split_gain=1477.76 484.588 318.553 432.801 282.72 266.422 245.693 346.36 184.95 180.642 158.224 153.145 142.817 176.099
threshold=0.035627113655209548 0.059956213459372527 0.13378148525953296 0.030696987174451355 -0.39530509710311884 0.52079185843467724 0.37860268354415899 0.22727383673191073 0.091595645993947997 0.022206579335033897 0.036860706284642226 0.095546394586563124 0.030120851472020153 0.13378148525953296
decision_type=8 8 2 2 2 2 2 2 8 10 2 2 2 2
left_child=4 2 3 5 11 -2 7 -4 10 -6 -3 -1 13 -11
right_child=1 8 6 -5 9 -7 -8 -9 -10 12 -12 -13 -14 -15
leaf_value=0.016867497779932374 0.017870583629172661 0.0084735141488101722 -0.0089588616963979829 -0.0047690298662622201 -0.028163934998492911 -0.0016956876798442477 -0.015759895623563603 0.0071013474098262069 0.018877832183522888 -0.0010534522014273126 -0.020101395544139606 -0.006369718554428974 -0.018902000466183521 -0.021016319621896155
leaf_weight=442.02693311870098 3188.1100938767195 7326.6881988793612 3388.670955941081 2905.011223167181 1255.2838496342301 1160.0969739854336 1797.9783730506897 3178.1968248337507 2309.6115636527538 1736.1458349376917 236.06077687442303 1491.8625003173947 2713.1310469582677 777.30520571023226
leaf_count=2287 14111 31300 19643 14854 10812 5659 9631 15509 9419 10604 1051 9647 19877 5596
internal_value=-4.305e-05 0.00415583 0.000317693 0.00568153 -0.0127509 0.0126584 -0.00433456 -0.00118715 0.0102213 -0.0162501 0.00755622 -0.000998965 -0.0133405 -0.00728595
internal_weight=33906.2 25490.4 15618.1 7253.22 8415.76 4348.21 8364.85 6566.87 9872.36 6481.87 7562.75 1933.89 5226.58 2513.45
internal_count=180000 121177 79407 34624 58823 19770 44783 35152 41770 46889 32351 11934 36077 16200
is_linear=0
shrinkage=0.035


Tree=39
num_leaves=15
num_cat=0
split_feature=11 20 4 24 24 24 23 23 17 6 21 11 4 23
split_gain=1387.56 441.157 412.23 390.334 374.121 398.731 437.52 355.746 300.194 225.766 210.305 185.52 155.485 124.207
threshold=0.28510081768035894 -0.059386368840932839 0.091760858893394484 0.036860706284642226 0.030120851472020153 0.028020161204040054 0.14419928938150409 0.20932535827159884 0.050483802333474166 0.074870955199003233 0.099522776901721968 0.19773485511541369 0.03751033544540406 0.41836158931255346
decision_type=2 2 2 2 2 2 2 2 8 2 2 2 2 2
left_child=2 9 4 8 5 7 -7 -1 10 13 -3 -6 -10 -2
right_child=1 3 -4 -5 11 6 -8 -9 12 -11 -12 -13 -14 -15
leaf_value=-0.021009698240729756 -0.018029026564822737 0.004370861238344367 0.0075997439973956747 -0.020452028671700987 -0.027249665407107351 0.0076845229435717867 -0.031198886415826351 0.033968764882957386 0.008678825738294758 0.012779034017667439 -0.017535127423407727 -0.013555551066129457 0.017505723628971886 0.01482467806039924
leaf_weight=1895.9832169637084 1585.0142864957452 7088.3849795982242 1553.3157672137022 599.83187369257212 1757.3577832505107 2823.1517359912395 395.25808587670326 147.07557687163353 7028.9569945186377 436.23029156774282 570.96309646964073 4021.0828022062778 3777.2691721618176 147.18618310987949
leaf_count=12987 8944 35311 7853 2890 14799 15918 2790 968 30059 1948 3092 25983 15804 654
internal_value=-4.35018e-05 0.00541481 -0.00924393 0.00711677 -0.0116186 -0.00485266 0.00282734 -0.0169057 0.00802289 -0.00951324 0.00271715 -0.0177601 0.0117776 -0.0151684
internal_weight=33827.1 21233.8 12593.2 19065.4 11039.9 5261.47 3218.41 2043.06 18465.6 2168.43 7659.35 5778.44 10806.2 1732.2
internal_count=180000 98702 81298 87156 73445 32663 18708 13955 84266 11546 38403 40782 45863 9598
is_linear=0
shrinkage=0.035


Tree=40
num_leaves=15
num_cat=0
split_feature=17 11 23 4 24 23 8 23 24 24 24 20 4 2
split_gain=1326.73 468.953 359.621 280.388 276.25 333.183 272.894 258.414 246.001 242.871 228.793 197.843 190.944 184.595
threshold=0.035627113655209548 0.35484273731708532 0.19652975350618365 0.13734500855207446 0.030120851472020153 0.12374271824955942 -0.26599462330341334 0.13378148525953296 0.030696987174451355 0.027059725485742096 0.028020161204040054 0.063399493694305434 0.021434500813484195 0.60238912701606762
decision_type=8 2 2 2 2 2 2 2 2 2 2 2 2 2
left_child=6 3 11 4 5 -2 7 8 10 -9 -1 12 -3 -4
right_child=1 2 13 -5 -6 -7 -8 9 -10 -11 -12 -13 -14 -15
leaf_value=-0.013837506442411177 0.012270941716636582 0.010342405357217668 -0.0036311891997138582 0.013555621243429242 -0.0075529140659372296 -0.0065181899146797492 -0.01879482330428282 0.024071799930033746 -0.013180662465006572 -0.019246068504841736 0.01784985086021924 -0.0029993562559082324 0.021786386787999081 0.020598617728138893
leaf_weight=359.98186606913805 2511.5134861022234 5813.4970920905471 3226.0329389572144 1435.9733604639769 6385.3685559257865 2126.3621564432979 3981.3703825622797 165.45387279987335 854.18350579589605 1783.8784237205982 1144.0762110427022 940.47480523586273 2596.8535326570272 427.22640323638916
leaf_count=2376 11287 25027 15129 6322 34994 11493 30583 1014 5848 12651 6351 4356 10792 1777
internal_value=-4.40596e-05 0.00391552 0.00856208 -0.000937226 -0.00283575 0.00366106 -0.0121978 -0.00607092 0.001727 -0.0154653 0.0102245 0.0121968 0.0138976 -0.000749166
internal_weight=33752.2 25463.3 13004.1 12459.2 11023.2 4637.88 8288.94 4307.57 2358.24 1949.33 1504.06 9350.83 8410.35 3653.26
internal_count=180000 121177 57081 64096 57774 22780 58823 28240 14575 13665 8727 40175 35819 16906
is_linear=0
shrinkage=0.035


Tree=41
num_leaves=15
num_cat=0
split_feature=17 11 4 24 22 17 1 22 24 4 20 22 20 24
split_gain=1244.38 445.579 319.203 342.286 308.666 269.008 237.176 219.197 194.363 151.681 132.398 114.187 106.327 83.2827
threshold=0.035627113655209548 0.45898468792438513 0.13734500855207446 0.030120851472020153 0.21641109138727191 0.022206579335033897 -0.030448415316641327 0.52079185843467724 0.030120851472020153 0.03751033544540406 -0.066054619848728166 0.21641109138727191 0.064609490334987654 0.030374678783118728
decision_type=8 2 2 2 2 10 2 2 2 2 2 2 2 2
left_child=5 2 3 7 -5 -1 8 -2 12 10 -3 -10 -7 -12
right_child=1 9 -4 4 -6 6 -8 -9 11 -11 13 -13 -14 -15
leaf_value=-0.026235301674618714 0.0093434107934473615 -0.0088731116541999923 0.014141949703592567 -0.016708206789364344 -0.0013982104560163774 0.008687990820163324 -0.015768342981866076 -0.0055015640654754614 -0.029865370524450145 0.021813755922421824 0.0178326381303874 -0.0066916060924618534 -0.017898201666465489 0.007232416600844534
leaf_weight=1331.0628517344594 5138.007498010993 454.47900041937828 2077.3188871741295 1971.4783641695976 8690.3724339008331 1543.8461178764701 3328.8093563169241 1588.9283746182919 307.55629657953978 1481.8782016187906 1389.0871448814869 1507.8644080609083 199.62852548807859 2663.9075669199228
leaf_count=11767 24288 2167 8956 11971 42975 9029 24060 7744 2445 6114 5788 10197 1325 11174
internal_value=-4.34393e-05 0.00378004 0.00120918 -0.000343045 -0.00424218 -0.0118759 -0.00906686 0.00583401 -0.00277202 0.0121197 0.00889144 -0.0107596 0.00555915 0.0109004
internal_weight=33674.2 25455.5 19466.1 17388.8 10661.9 8218.77 6887.7 6726.94 3558.9 5989.35 4507.47 1815.42 1743.47 4052.99
internal_count=180000 121177 95934 86978 54946 58823 47056 32032 22996 25243 19129 12642 10354 16962
is_linear=0
shrinkage=0.035


Tree=42
num_leaves=15
num_cat=0
split_feature=11 22 24 21 23 23 22 10 6 20 18 20 11 20
split_gain=1189.98 445.969 802.142 476.848 361.62 337.749 333.712 326.366 255.581 240.897 197.581 181.678 177.915 155.774
threshold=0.28510081768035894 0.21641109138727191 0.027239737100899223 -0.048701481893658631 0.1739926487207413 0.089247435331344618 0.44739976525306707 0.30757392942905432 0.056368179619312293 -0.019621936604380604 0.15795285254716876 -0.042946796864271157 0.50623169541358959 0.037173081189394004
decision_type=2 2 2 2 2 2 2 2 2 2 2 2 2 2
left_child=5 2 -2 11 6 13 -5 -7 12 -6 -9 -3 -4 -1
right_child=1 3 8 4 9 7 -8 10 -10 -11 -12 -13 -14 -15
leaf_value=0.0077910170342903543 0.04342421135859529 0.00017352115575213308 -0.016561075861122897 0.011854662862947259 0.0097683043770380937 -0.021518623697145075 -0.00063599731400905825 -0.010159079553173675 0.0084742097223600953 -0.014844820535420907 0.004662096690381032 0.026880947240365074 0.0038287651601568774 -0.017643722831137246
leaf_weight=1854.5197468400002 383.62456162273884 372.78988686203957 2887.9079531729221 7998.6886605396867 690.86301827430725 2791.8700430244207 3892.8724542483687 6062.8144179731607 844.63991628587246 1596.9708416610956 1339.8477889075875 1907.9812089502811 635.94885119795799 340.71297365427017
leaf_count=9780 1647 1651 16813 35095 3085 24274 17855 38648 3927 7409 6581 8255 2965 2015
internal_value=-4.3621e-05 0.0049895 -0.00444845 0.00771533 0.00531729 -0.00865781 0.00776857 -0.0113375 -0.00874202 -0.00740217 -0.00747384 0.0225355 -0.0128809 0.00378129
internal_weight=33602.1 21212.3 4752.12 16460.2 14179.4 12389.8 11891.6 10194.5 4368.5 2287.83 7402.66 2280.77 3523.86 2195.23
internal_count=180000 98702 25352 73350 63444 81298 52950 69503 23705 10494 45229 9906 19778 11795
is_linear=0
shrinkage=0.035


Tree=43
num_leaves=15
num_cat=0
split_feature=10 4 11 8 23 20 22 23 24 10 3 23 22 23
split_gain=1120.17 392.768 331.054 278.393 263.928 255.792 240.356 315.449 178.291 176.306 136.247 119.087 114.309 91.3237
threshold=0.40662367641925817 0.11826554313302041 0.38137456774711614 -0.38617475330829615 0.13378148525953296 -0.059386368840932839 0.505802482366562 0.14419928938150409 0.03452891297638417 0.28848360478878027 0.63324850797653209 0.10266622155904771 0.25059181451797491 0.12374271824955942
decision_type=2 2 2 2 2 2 2 2 2 2 2 2 2 2
left_child=3 2 6 4 -1 12 7 -2 -7 10 -5 -8 -4 -11
right_child=1 -3 5 9 -6 8 11 -9 -10 13 -12 -13 -14 -15
leaf_value=0.012865476140827911 0.0064516296632777803 0.015392928502020746 -0.013323083896394699 -0.022722537385071202 -0.012561852692909294 0.010610884558137473 0.0040247765525151273 -0.0063058981051876935 -0.0042446089878646516 -0.0041030064569743249 0.053277567804623803 -0.017382659551822374 0.015171897846877724 -0.014235952832925464
leaf_weight=1043.006130874157 4943.5780617594719 3108.0292025208473 992.93837054818869 2329.9914636313915 942.31730826199055 7818.769249945879 394.50379583239555 4549.8713470697403 1127.4126213937998 1891.550088390708 20.10119966417551 1569.7527886033058 199.54842562973499 2595.2804830670357
leaf_count=6150 23531 13245 5037 20397 6729 33621 1904 24633 5011 11727 181 8309 829 18696
internal_value=-4.31105e-05 0.00378027 0.00210269 -0.0107417 0.000794135 0.00670623 -0.00197317 0.0003372 0.00873612 -0.0140877 -0.0218495 -0.0130846 -0.00846827 -0.00998275
internal_weight=33526.7 24704.4 21596.4 8822.25 1985.32 10138.7 11457.7 9493.45 8946.18 6836.92 2350.09 1964.26 1192.49 4486.83
internal_count=180000 116120 102875 63880 12879 44498 58377 48164 38632 51001 20578 10213 5866 30423
is_linear=0
shrinkage=0.035


Tree=44
num_leaves=15
num_cat=0
split_feature=17 11 22 24 21 23 24 22 23 24 23 17 8 4
split_gain=1081.44 460.805 319.878 375.261 310.566 254.202 311.303 270.419 247.937 203.305 198.815 178.355 162.919 158.741
threshold=0.032806409522891052 0.34864923357963568 0.21641109138727191 0.027239737100899223 -0.048701481893658631 0.13378148525953296 0.030120851472020153 0.52079185843467724 0.1739926487207413 0.030120851472020153 0.095546394586563124 0.085831273347139372 -0.21900080144405362 0.13734500855207446
decision_type=8 2 2 2 2 2 2 2 2 2 2 8 2 2
left_child=9 5 3 -3 -4 6 7 -2 -6 10 12 -5 -1 -7
right_child=1 2 4 11 8 13 -8 -9 -10 -11 -12 -13 -14 -15
leaf_value=0.015336281246818536 0.015665043155564023 0.042553951777474001 0.023683353053368678 -0.0092631762097592774 0.010335330750363782 -0.0084786964676893534 -0.0051990554278104313 -0.0046305267878361325 -0.0052269457342748304 -0.019587454160627467 -0.013520247101269265 0.012439117509767469 -0.011797069838086862 0.010066736017499134
leaf_weight=689.9850717112422 2694.9997439682484 205.13693581521511 1779.8307395428419 2500.7047226205468 7304.2874491810799 5811.7044470012188 3143.7612323611975 1139.0306027829647 1507.1556665599346 3086.0935342386365 1982.7775952368975 559.90190270543098 433.26410296559334 617.80058819800615
leaf_count=3800 12155 840 7397 13299 30787 34146 16917 5673 6598 25244 15000 2369 3015 2760
internal_value=-4.25417e-05 0.00295728 0.0074307 -0.00214092 0.0103813 -0.00166828 0.00295612 0.00963919 0.00767057 -0.0132344 -0.00687956 -0.00526542 0.00485855 -0.00668383
internal_weight=33456.4 27264.3 13857 3265.74 10591.3 13407.3 6977.79 3834.03 8811.44 6192.12 3106.03 3060.61 1123.25 6429.51
internal_count=180000 132941 61290 16508 44782 71651 34745 17828 37385 47059 21815 15668 6815 36906
is_linear=0
shrinkage=0.035


Tree=45
num_leaves=15
num_cat=0
split_feature=17 17 21 20 19 19 22 21 23 23 22 22 6 20
split_gain=1031.02 426.09 347.646 359.119 266.178 257.179 209.062 212.622 198.487 153.98 152.469 140.727 134.462 119.772
threshold=0.046858968213200576 0.024577477946877483 0.050632659345865257 -0.059386368840932839 0.2737200409173966 -0.12033526226878165 0.21641109138727191 -0.048701481893658631 0.1739926487207413 0.23214909434318545 0.25059181451797491 0.40200047194957739 -0.14774552732706067 -0.059386368840932839
decision_type=8 10 2 2 2 2 2 2 2 2 2 2 2 2
left_child=1 -1 3 10 6 -5 9 -8 -9 13 -3 -6 -4 -2
right_child=4 2 12 5 11 -7 7 8 -10 -11 -12 -13 -14 -15
leaf_value=-0.021664428507942132 -0.012194858825090272 -0.028413732472923156 0.00067294362750042408 0.010747534757162169 0.017618270917623746 -0.0023190570347620286 0.018660493571425813 0.0061140969824182382 -0.0077736519016903339 -0.014777070452504208 0.010442707358825947 0.0050947971335173568 -0.015592354143483913 0.0084653350821778332
leaf_weight=1955.8077185079455 493.85568294674158 730.90581512451172 757.55394362658262 2557.8051122948527 2969.4211847931147 6548.5064102262259 1317.2026538401842 6893.0980106443167 1533.340670183301 1179.5900911018252 143.09484340250492 1758.790807262063 3464.224329277873 1072.4768602475524
leaf_count=17649 2655 5589 4543 13496 12511 38172 5504 30042 7095 6576 908 7388 22581 5291
internal_value=-4.15954e-05 -0.0063897 -0.00427242 -0.0007072 0.00591599 0.00135889 0.00323335 0.00563636 0.00358075 -0.00528301 -0.0220058 0.0129804 -0.012679 0.00191526
internal_weight=33375.7 16157.9 14202.1 9980.31 17217.8 9106.31 12489.6 9743.64 8426.44 2745.92 874.001 4728.21 4221.78 1566.33
internal_count=180000 102938 85289 58165 77062 51668 57163 42641 37137 14522 6497 19899 27124 7946
is_linear=0
shrinkage=0.035


Tree=46
num_leaves=15
num_cat=0
split_feature=17 11 20 23 23 23 20 23 8 4 20 23 23 22
split_gain=969.926 438.591 282.709 250.987 224.727 250.827 190.437 176.899 165.737 153.774 149.032 226.805 152.113 130.919
threshold=0.032078364863991744 0.34864923357963568 -0.059386368840932839 0.13378148525953296 0.26289419829845434 0.34108707308769232 0.037173081189394004 0.095546394586563124 -0.41424486041069025 0.05012075416743756 -0.019621936604380604 0.18839325755834582 0.18839325755834582 0.25059181451797491
decision_type=8 2 2 2 2 2 2 2 2 2 2 2 2 2
left_child=7 3 13 8 6 -6 -4 -1 -2 -10 11 -5 -12 -3
right_child=1 2 4 10 5 -7 -8 -9 9 -11 12 -13 -14 -15
leaf_value=-0.0027226127214047338 0.014013865564934523 -0.011604632920254057 0.0132776615724011 -0.013158905839341902 -0.015267371872759266 0.016316023274109137 0.0029643913681156814 -0.016909013642335293 -0.0038781986028683661 0.0079852530533422728 -0.005875561638727691 0.0073153457312117448 -0.020459883250832575 0.015483511365721172
leaf_weight=1454.6294900253415 1297.3485739901662 1286.8742173612118 7990.5387777537107 1067.0490063726902 901.33468380570412 455.78633345663548 3031.1303655803204 4183.1031783744693 3848.5384903028607 2039.2981138452888 2405.5713435187936 1713.2292413562536 1379.1848402619362 253.84715189039707
leaf_count=9574 6313 6783 34050 6538 4408 1919 13423 34544 19906 9835 13399 10083 8156 1069
internal_value=-4.15656e-05 0.00265552 0.00703292 -0.00177767 0.0087926 -0.00461839 0.0104466 -0.01326 0.00274086 0.000237373 -0.00671969 -0.00056151 -0.0112301 -0.00707056
internal_weight=33307.5 27669.7 13919.5 13750.2 12378.8 1357.12 11021.7 5637.73 7185.19 5887.84 6565.03 2780.28 3784.76 1540.72
internal_count=180000 135882 61652 74230 53800 6327 47473 44118 36054 29741 38176 16621 21555 7852
is_linear=0
shrinkage=0.035


Tree=47
num_leaves=15
num_cat=0
split_feature=17 11 21 20 10 24 4 24 16 3 22 24 22 23
split_gain=919.152 397.218 266.261 345.855 257.074 244.45 229.76 227.536 208.873 147.523 137.306 133.19 114.598 204.846
threshold=0.046858968213200576 0.19773485511541369 0.050632659345865257 -0.059386368840932839 1.1541440486907961 0.036860706284642226 0.066909555345773711 0.026471966877579692 2.1966978311538701 0.73714846372604381 0.25059181451797491 0.030120851472020153 0.54684218764305126 0.15720312297344211
decision_type=8 2 2 2 2 2 2 2 2 2 2 2 2 2
left_child=1 9 3 10 5 6 8 -5 -2 11 -3 -1 13 -4
right_child=4 2 12 7 -6 -7 -8 -9 -10 -11 -12 -13 -14 -15
leaf_value=-0.010383674632433077 0.004473596202509319 -0.028104825527218154 -0.0020491010463412037 0.040561614957696335 0.020061819770237684 -0.020130492118686564 0.012240755269156774 0.0011216236590985294 -0.0090081225720422074 0.051396232016758622 0.010534398767120449 -0.024840946973421481 -0.021839591840504886 -0.024165940365621301
leaf_weight=1537.3711258769035 9695.5852392613888 678.14282408356667 2042.9428993538022 173.21231082081795 1370.7321979403496 476.43224277347326 4034.1801627278328 8204.0072311833501 1637.0642355978489 28.734043061733246 129.26322257518768 1628.6413028165698 931.9012181609869 675.99839826673269
leaf_count=11976 44377 5248 12167 821 5612 2324 17320 45927 7429 237 783 15127 6094 4558
internal_value=-4.12668e-05 -0.00607011 -0.00331509 -0.000133629 0.00557325 0.00430786 0.00507814 0.0019845 0.00251986 -0.017094 -0.0218656 -0.0178755 -0.0112966 -0.00761632
internal_weight=33244.2 16030.2 12835.5 9184.63 17214 15843.3 15366.8 8377.22 11332.6 3194.75 807.406 3166.01 3650.84 2718.94
internal_count=180000 102938 75598 52779 77062 71450 69126 46748 51806 27340 6031 27103 22819 16725
is_linear=0
shrinkage=0.035


Tree=48
num_leaves=15
num_cat=0
split_feature=11 22 24 21 3 4 22 24 24 22 24 17 17 11
split_gain=876.795 346.6 320.474 365.32 319.143 296.712 295.367 265.771 295.113 255.663 194.386 186.533 148.595 122.414
threshold=0.26607979834079748 0.16608449816703799 0.034816114231944091 0.0099786282517015951 -0.22009686380624768 0.091760858893394484 0.30170544981956487 0.030120851472020153 0.028020161204040054 0.56118163466453563 0.02837362885475159 0.050483802333474166 0.099579080939292922 0.19201634079217914
decision_type=2 2 2 2 2 2 2 2 2 2 2 8 8 2
left_child=5 -2 4 6 9 7 -4 8 -1 -3 -10 -6 -5 -9
right_child=1 2 3 12 11 -7 -8 13 10 -11 -12 -13 -14 -15
leaf_value=-0.016660374044227221 -0.011453246155022336 0.014980428063992052 -0.0095037549266093514 -0.029754886056319704 -0.0014131647084854469 0.0070163888950629293 0.023839635395217919 -0.025612174744723253 0.030725285374016146 -0.012022544369402194 -0.00078726375891496479 0.0069763564975045492 0.011798292166248161 -0.013005532443553
leaf_weight=1590.443261936307 1706.7882658094168 5662.1674637719989 786.91066966950893 802.36982301622629 5809.2924918532372 1272.7312512621284 540.53519380837679 1396.5980994477868 256.19591791927814 457.39328901469707 2413.0614219456911 7340.9846652597189 115.68714587390423 3031.1980883777142
leaf_count=11932 10348 26223 4031 4040 29428 6583 2438 13350 1595 2289 14721 31048 469 21505
internal_value=-4.09785e-05 0.00368502 0.00489068 -0.00759838 0.00634921 -0.00872306 0.00415038 -0.0110343 -0.00477613 0.0129458 0.00234071 0.00327193 -0.0244479 -0.0170306
internal_weight=33182.4 23222.1 21515.3 2245.5 19269.8 9960.23 1327.45 8687.5 4259.7 6119.56 2669.26 13150.3 918.057 4427.8
internal_count=180000 110314 99966 10978 88988 69686 6469 63103 28248 28512 16316 60476 4509 34855
is_linear=0
shrinkage=0.035


Tree=49
num_leaves=15
num_cat=0
split_feature=17 19 8 22 24 21 24 22 17 23 24 24 22 22
split_gain=840.909 379.589 330.766 352.347 372.195 245.436 199.356 174.168 173.17 171.865 155.36 141.466 135.127 138.46
threshold=0.032078364863991744 0.2737200409173966 -0.41424486041069025 0.21641109138727191 0.027239737100899223 0.050632659345865257 0.030226894654333595 0.40200047194957739 0.022206579335033897 0.095546394586563124 0.036860706284642226 0.030696987174451355 0.505802482366562 0.40589655935764318
decision_type=8 2 2 2 2 2 2 2 10 2 2 2 2 2
left_child=8 2 3 4 -2 6 -4 -3 -1 11 -5 -10 13 -11
right_child=1 7 5 10 -6 -7 -8 -9 9 12 -12 -13 -14 -15
leaf_value=-0.024195235119622835 0.044940283432687876 0.01589505494588813 0.0061586163691377174 0.011670293410387177 -0.0092176432086695549 -0.010182277738547293 -0.0038495367038161622 0.0027913040914849855 0.010648537760528319 -0.013990940604028642 -0.02038461072969534 -0.017509166981136456 -0.028835682038813468 0.0053927574101511428
leaf_weight=1205.4300990030169 157.40639662742615 3251.544272840023 4009.3695542886853 5668.917631290853 2185.5551604405046 3946.5273046195507 6187.5495364144444 2015.3142733052373 783.53507030010223 2114.8639416024089 182.63926126807928 291.86328966170549 553.25464572757483 567.38912949711084
leaf_count=11767 665 14056 19098 25744 12549 21639 32443 8766 4447 16826 922 2098 4549 4431
internal_value=-4.10931e-05 0.00245298 0.000458333 0.0060495 -0.00540364 -0.0027831 8.77895e-05 0.0108958 -0.0125038 -0.00918612 0.0106367 0.00291562 -0.013205 -0.00988582
internal_weight=33121.2 27604.8 22338 8194.52 2342.96 14143.4 10196.9 5266.86 5516.34 4310.91 5851.56 1075.4 3235.51 2682.25
internal_count=180000 135882 113060 39880 13214 73180 51541 22822 44118 32351 26666 6545 25806 21257
is_linear=0
shrinkage=0.035


Tree=50
num_leaves=15
num_cat=0
split_feature=11 22 24 17 23 24 24 22 24 24 17 14 4 23
split_gain=795.773 319.714 654.701 295.356 289.596 288.388 328.685 257.324 293.794 271.45 216.144 179.864 145.718 143.713
threshold=0.28510081768035894 0.21641109138727191 0.027239737100899223 0.022206579335033897 0.13378148525953296 0.030120851472020153 0.028020161204040054 0.44238667190074926 0.036860706284642226 0.03279035538434983 0.066918622702360167 0.26957608759403234 0.13734500855207446 0.13569903373718264
decision_type=2 2 2 8 2 2 2 2 2 2 8 2 2 2
left_child=3 2 -2 -1 5 6 -5 8 11 13 -4 -3 -6 -9
right_child=1 7 10 4 12 -7 -8 9 -10 -11 -12 -13 -14 -15
leaf_value=-0.02422473448152325 0.038980839939193331 0.00046900330331763973 -0.013391254683447538 -0.011395765075449118 -0.014027631375704043 -0.0095595639259721064 0.011995292342798483 0.0078413044884666668 -0.018950579367265172 -0.017457117408276154 0.003410405960815962 0.011876979894769407 0.0095788790335060315 -0.0095272484863036157
leaf_weight=1129.0402038991451 387.01031550765038 2045.997940570116 2910.1624514758587 1001.569456987083 4169.3243928849697 2586.0846511349082 2698.1735889092088 2435.0832332074642 439.30343482643366 956.81027423590422 1376.6613775789738 9826.9845046550035 340.05321658402681 757.32798907905817
leaf_count=11410 1647 8951 17554 6172 30582 17446 14095 10824 2148 4651 6151 43164 1593 3612
internal_value=-4.10514e-05 0.0040372 -0.00403511 -0.00726695 -0.0054726 -0.000613059 0.00564937 0.00633019 0.00886876 -0.0012059 -0.00800023 0.00991316 -0.0122302 0.00370412
internal_weight=33059.6 21135.3 4673.83 11924.2 10795.2 6285.83 3699.74 16461.5 12312.3 4149.22 4286.82 11873 4509.38 3192.41
internal_count=180000 98702 25352 81298 69888 37713 20267 73350 54263 19087 23705 52115 32175 14436
is_linear=0
shrinkage=0.035


Tree=51
num_leaves=15
num_cat=0
split_feature=17 11 20 23 24 22 24 21 24 23 20 24 23 8
split_gain=760.34 353.595 237.959 210.061 266.4 244.87 191.062 208.506 163.7 168.673 136.818 273.637 137.083 127.022
threshold=0.032078364863991744 0.34864923357963568 -0.059386368840932839 0.13378148525953296 0.030120851472020153 0.52079185843467724 0.03452891297638417 0.0099786282517015951 0.030120851472020153 0.095546394586563124 -0.019621936604380604 0.027239737100899223 0.18839325755834582 -0.21900080144405362
decision_type=8 2 2 2 2 2 2 2 2 2 2 2 2 2
left_child=8 3 -3 4 5 -2 -4 -8 9 13 11 -5 -12 -1
right_child=1 2 6 10 -6 -7 7 -9 -10 -11 12 -13 -14 -15
leaf_value=0.014636370419018808 0.014097085778643385 -0.0067669276863453389 0.0095168563915997498 0.037423414551794175 -0.0050619485457731083 -0.0049017026406208211 0.0065441512258000833 -0.019420919357976494 -0.018205211701865461 -0.012681271246679157 -0.0055232698896028496 -0.0035224628536025004 -0.019502829884553336 -0.010239977311986887
leaf_weight=641.84395565837622 2800.3488410785794 1524.5396190881729 10795.308424763381 206.89845256507397 3201.065823815763 1173.9721383079886 972.30694688856602 607.19099858403206 2652.4280977994204 1736.7969723716378 2383.3689154908061 2546.6285246983171 1344.5955895110965 400.43783795833588
leaf_count=3589 12645 7852 46641 936 17524 5885 4327 2832 23622 14015 13399 15685 8156 2892
internal_value=-4.1207e-05 0.00231893 0.00624691 -0.00168043 0.00244385 0.00848683 0.00785434 -0.00349673 -0.0119974 -0.00602846 -0.00624297 -0.000321527 -0.0106041 0.00507255
internal_weight=32987.7 27556.2 13899.3 13656.9 7175.39 3974.32 12374.8 1579.5 5431.51 2779.08 6481.49 2753.53 3727.96 1042.28
internal_count=180000 135882 61652 74230 36054 18530 53800 7159 44118 20496 38176 16621 21555 6481
is_linear=0
shrinkage=0.035


Tree=52
num_leaves=15
num_cat=0
split_feature=11 22 24 21 20 20 5 8 6 20 11 24 23 23
split_gain=713.308 299.495 676.899 402.488 296.367 335.525 229.579 229.081 216.843 176.406 163.795 151.097 142.197 140.62
threshold=0.26607979834079748 0.21641109138727191 0.027239737100899223 -0.048701481893658631 0.037173081189394004 -0.026209225878119465 0.17354962229728702 -0.37763747572898859 0.056368179619312293 0.0017460752278566363 0.50623169541358959 0.030120851472020153 0.13378148525953296 0.12374271824955942
decision_type=2 2 2 2 2 2 2 2 2 2 2 2 2 2
left_child=6 2 -2 9 5 -5 7 12 10 -3 -4 13 -1 -9
right_child=1 3 8 4 -6 -7 -8 11 -10 -11 -12 -13 -14 -15
leaf_value=0.0097576332685165856 0.037374466901273967 0.011959276593802524 -0.01541014336088401 -0.010416116242535288 -0.0042644034675280744 0.0085187580458969039 0.0061719505187285053 -0.0019691100203850925 0.0071537670032503923 0.032268900496028118 0.0041207980593886626 -0.017908491993607362 -0.010928246269201618 -0.016843498745787847
leaf_weight=1016.3355818912387 426.04364398121834 1600.1204623430967 3028.8977469429374 1285.3225414901972 4476.5763749182224 10047.361841127276 1221.8802822455764 2107.9640932381153 890.43282006680965 785.37613809108734 631.65869612246752 3513.7320518344641 664.83755544573069 1227.4855759218335
leaf_count=6138 1833 6992 18596 5795 21260 45196 6069 13223 4206 3471 2965 29334 5101 9821
internal_value=-4.0991e-05 0.00330112 -0.00430062 0.00538174 0.0033536 0.00636393 -0.00797726 -0.0100088 -0.00827545 0.0187526 -0.0120379 -0.0128468 0.00156094 -0.00747705
internal_weight=32924 23171.8 4977.03 18194.8 15809.3 11332.7 9752.24 8530.35 4550.99 2385.5 3660.56 6849.18 1681.17 3335.45
internal_count=180000 110314 27600 82714 72251 50991 69686 63617 25767 10463 21561 52378 11239 23044
is_linear=0
shrinkage=0.035


Tree=53
num_leaves=15
num_cat=0
split_feature=17 17 21 22 3 4 24 23 16 22 22 23 10 17
split_gain=697.692 331.465 273.905 260.312 279.472 229.893 212.004 205.588 129.116 137.08 117.86 171.354 101.745 95.9657
threshold=0.046858968213200576 0.024577477946877483 0.050632659345865257 0.16608449816703799 -0.22009686380624768 0.066909555345773711 0.030226894654333595 0.12374271824955942 2.1966978311538701 0.21641109138727191 0.54684218764305126 0.15720312297344211 0.95716580748558056 0.11281597241759302
decision_type=8 10 2 2 2 2 2 2 2 2 2 2 2 8
left_child=1 -1 3 -3 -5 6 7 -2 9 -8 11 -4 -7 -10
right_child=5 2 10 4 -6 12 8 -9 13 -11 -12 -13 -14 -15
leaf_value=-0.019498335079264392 0.015913926726001879 -0.022753413545980587 -0.0026788715696605568 0.010515424483637325 -0.002843160323875684 0.0088139387543350583 -0.0078976806061603327 0.00056773481976291236 -0.016026829698817833 0.0035255519659303926 -0.021006141556219472 -0.022058204701628326 0.021661622729222722 0.012297613505594631
leaf_weight=1792.1462690755725 2263.4076674282551 588.24025689065456 2241.4413386285305 2702.6155834197998 6543.7120396792889 3639.8313094973564 1669.964004561305 2020.622716575861 965.55362356454134 5490.5688166320324 1085.5665049031377 736.16333945840597 954.85264083743095 164.82805533707142
leaf_count=17649 9361 4944 14013 15117 38104 15807 9305 9422 4509 24021 7749 5362 3955 682
internal_value=-4.02428e-05 -0.00537353 -0.00353939 -0.000377971 0.00106857 0.00483369 0.00238152 0.00869386 -0.00088669 0.000854152 -0.0111716 -0.00752789 0.0115251 -0.011825
internal_weight=32859.5 15689.9 13897.7 9834.57 9246.33 17169.6 12574.9 4284.03 8290.91 7160.53 4063.17 2977.6 4594.68 1130.38
internal_count=180000 102938 85289 58165 53221 77062 57300 18783 38517 33326 27124 19375 19762 5191
is_linear=0
shrinkage=0.035


Tree=54
num_leaves=15
num_cat=0
split_feature=11 22 24 21 20 21 4 24 24 23 23 19 20 11
split_gain=641.682 265.909 624.368 372.492 272.201 321.282 246.544 214.518 243.129 264.735 205.499 183.916 163.809 158.192
threshold=0.26607979834079748 0.21641109138727191 0.027239737100899223 -0.048701481893658631 0.037173081189394004 -0.017531219869852063 0.091760858893394484 0.030120851472020153 0.028020161204040054 0.14419928938150409 0.20932535827159884 0.20140598714351657 0.0017460752278566363 0.50623169541358959
decision_type=2 2 2 2 2 2 2 2 2 2 2 2 2 2
left_child=6 2 -2 12 5 -5 7 8 10 -10 -1 13 -3 -4
right_child=1 3 11 4 -6 -7 -8 -9 9 -11 -12 -13 -14 -15
leaf_value=-0.018755743631438282 0.035859505563490095 0.011377343600421067 -0.014643602782145109 0.022124894089704795 -0.0041881082963041265 0.0038492581991380246 0.0067202332998228531 -0.01535918277652909 0.0060496687299256601 -0.029619044342353868 0.030459446487483142 0.0070196020293305326 0.030916058838416124 0.0040868180278906298
leaf_weight=1421.0648754015565 427.67178291082382 1601.989683829248 3025.8960843384266 1326.7034635022283 4466.4707346484065 10014.752570435405 1269.207341529429 4208.4505710527301 2377.5962961837649 275.41702871024609 103.18029802292585 818.78175816684961 788.55698871612549 670.59405595809221
leaf_count=11177 1833 6992 18837 5828 21260 45163 6583 34855 14055 2261 755 3781 3471 3149
internal_value=-4.01787e-05 0.00312206 -0.00407083 0.00507691 0.00312395 0.00600472 -0.00761499 -0.0097901 -0.00415615 0.00224948 -0.0152474 -0.00792378 0.0179244 -0.0112438
internal_weight=32796.3 23141.4 4942.94 18198.5 15807.9 11341.5 9654.92 8385.71 4177.26 2653.01 1524.25 4515.27 2390.55 3696.49
internal_count=180000 110314 27600 82714 72251 50991 69686 63103 28248 16316 11932 25767 10463 21986
is_linear=0
shrinkage=0.035


Tree=55
num_leaves=15
num_cat=0
split_feature=17 17 24 21 20 17 1 23 24 24 10 4 4 21
split_gain=637.443 307.029 287.818 239.922 281.518 183.115 162.75 175.386 141.471 122.867 92.4574 63.8643 47.7875 46.5015
threshold=0.034222010523080833 0.085831273347139372 0.036860706284642226 0.099522776901721968 -0.059386368840932839 0.022206579335033897 -0.037935558706521981 0.13378148525953296 0.030696987174451355 0.027059725485742096 1.1541440486907961 0.10353980585932733 -0.013097808230668305 0.041573133319616325
decision_type=8 8 2 2 2 10 2 2 2 2 2 2 2 2
left_child=5 2 3 4 -2 -1 7 8 -7 -9 12 -5 -3 -8
right_child=1 10 -4 11 -6 6 13 9 -10 -11 -12 -13 -14 -15
leaf_value=-0.022580606060373445 -0.0096803719587786295 0.0025628786049502112 -0.024309406691984028 -0.013357502428310178 0.0040890413364227341 0.013839546042584422 -0.0090311627339272997 0.025817540334204817 -0.0087664936910705014 -0.014106580903365206 0.022297709357712966 0.0029252421945737996 0.013310640172006848 -0.018340056196249399
leaf_weight=1117.4965811371803 2005.5005709156394 874.28168740868568 525.28273383527994 1528.6713227555156 18679.993692658842 1062.3824039548635 1550.3326553180814 93.734056144952774 487.83483901619911 1142.2707560583949 900.82821722328663 361.14588978141546 1214.7439284175634 1186.3436421379447
leaf_count=11767 12182 3632 2938 8299 89575 6092 11847 541 3495 9037 3725 1705 5003 10162
internal_value=-3.90934e-05 0.00242569 0.00105726 0.00165799 0.00275004 -0.00971245 -0.00707261 -0.00110843 0.0067151 -0.010896 0.0129599 -0.0102468 0.00884622 -0.0131186
internal_weight=32730.8 26090.4 23100.6 22575.3 20685.5 6640.39 5522.9 2786.22 1550.22 1236 2989.85 1889.82 2089.03 2736.68
internal_count=180000 127059 114699 111761 101757 52941 41174 19165 9587 9578 12360 10004 8635 22009
is_linear=0
shrinkage=0.035


Tree=56
num_leaves=15
num_cat=0
split_feature=17 8 22 17 21 10 24 24 21 22 14 24 3 20
split_gain=609.105 353.838 262.318 253.766 210.318 187.585 160 154.997 158.446 145.969 135.205 113.856 107.811 85.7641
threshold=0.050483802333474166 -0.39530509710311884 0.17202089726924899 0.028257963247597221 0.050632659345865257 1.1541440486907961 0.034816114231944091 0.03452891297638417 0.0099786282517015951 0.56118163466453563 0.35770881175994879 0.030226894654333595 0.73714846372604381 -0.024338525719940659
decision_type=8 2 2 10 2 2 2 2 2 2 2 2 2 2
left_child=1 2 -1 12 11 7 9 10 -9 -4 -2 -5 -3 -12
right_child=5 3 6 4 -6 -7 -8 8 -10 -11 13 -13 -14 -15
leaf_value=-0.020523649887716544 -0.0025431245470482911 -0.017851376275755667 0.0093704405487487503 0.0030980065675880212 -0.012811898632555404 0.01766858910421789 -0.016252859641871512 0.001478146929880918 -0.021879102180555231 -0.015778800620243272 0.0017293191523199331 -0.0058145904059267988 0.049113043908908187 0.0091371450168182388
leaf_weight=503.86167430877686 2166.7031085342169 2632.6655409038067 4100.9552133828402 3259.6750484704971 2950.7289139777422 1338.8346339762211 362.62041881680489 1073.322296269238 521.3242483958602 294.65806341171265 2637.3761307373643 3784.0118273794651 20.45242016762495 7027.9967066049576
leaf_count=3994 9626 25095 22024 16876 19160 5534 2138 4919 2427 1846 12510 23395 174 30282
internal_value=-3.89568e-05 -0.00437685 0.00324574 -0.00754834 -0.00498417 0.00522201 0.00580051 0.00396869 -0.0062466 0.00765258 0.00534955 -0.00169148 -0.0171527 0.00711966
internal_weight=32675.2 17909.6 5262.1 12647.5 9994.42 14765.6 4758.23 13426.7 1594.65 4395.61 11832.1 7043.69 2653.12 9665.37
internal_count=180000 114702 30002 84700 59431 65298 26008 59764 7346 23870 52418 40271 25269 42792
is_linear=0
shrinkage=0.035


Tree=57
num_leaves=15
num_cat=0
split_feature=17 4 11 23 24 23 24 20 24 23 24 22 22 24
split_gain=570.368 296.37 267.533 201.917 175.563 250.485 168.799 167.05 144.487 152.209 124.757 122.217 221.849 107.766
threshold=0.032078364863991744 0.13734500855207446 0.34864923357963568 0.19652975350618365 0.030120851472020153 0.12374271824955942 0.029347121715545658 0.063399493694305434 0.030120851472020153 0.095546394586563124 0.031365167349576957 0.52079185843467724 0.40589655935764318 0.027896618470549587
decision_type=8 2 2 2 2 2 2 2 2 2 2 2 2 2
left_child=8 2 4 7 5 -2 -5 -4 9 13 -6 12 -11 -1
right_child=1 -3 3 6 10 -7 -8 -9 -10 11 -12 -13 -14 -15
leaf_value=-0.01856239447757475 0.0086118514171036244 0.013112789123475552 0.0085995992668629704 0.029411829086901795 -0.012377547480909837 -0.0066152592097738477 -0.0047523054212797299 -0.0071535855329327904 -0.016665689836560828 -0.013930444092154113 -0.0027147783172492336 -0.027719362194591986 0.020581879181066097 0.010758235185667576
leaf_weight=177.40709710121155 2957.4305486008525 2637.123152025044 8315.158579416573 177.43271622061729 2757.9540861323476 2379.0792680904269 3246.6133745387197 907.72335393726826 2512.1736396253109 971.49398107081652 4023.8490792587399 415.19061120599508 287.76675771921873 851.23708508908749
leaf_count=1326 13635 11371 35734 780 16195 13849 15707 4356 23622 8146 24255 3706 2163 5155
internal_value=-3.86928e-05 0.00198139 0.000791255 0.00435053 -0.0029238 0.00182375 -0.00290144 0.00704309 -0.0106362 -0.00499186 -0.00665677 -0.0114756 -0.00594365 0.00557137
internal_weight=32617.6 27402.4 24765.2 12646.9 12118.3 5336.51 3424.05 9222.88 5215.27 2703.1 6781.8 1674.45 1259.26 1028.64
internal_count=180000 135882 124511 56577 67934 27484 16487 40090 44118 20496 40450 14015 10309 6481
is_linear=0
shrinkage=0.035


Tree=58
num_leaves=15
num_cat=0
split_feature=17 8 22 17 21 4 24 24 22 23 16 3 24 11
split_gain=541.42 328.593 244.877 232.879 196.648 184.028 163.818 148.626 135.148 130.735 116.814 102.339 99.8527 85.5485
threshold=0.050483802333474166 -0.39530509710311884 0.17202089726924899 0.028257963247597221 0.050632659345865257 0.05012075416743756 0.030120851472020153 0.034816114231944091 0.56118163466453563 0.12374271824955942 2.1966978311538701 0.73714846372604381 0.030226894654333595 0.45898468792438513
decision_type=8 2 2 10 2 2 2 2 2 2 2 2 2 2
left_child=1 2 -1 11 12 6 9 8 -4 -2 -8 -3 -5 -7
right_child=5 3 7 4 -6 13 10 -9 -10 -11 -12 -13 -14 -15
leaf_value=-0.019993158746567825 0.015303487451207453 -0.017239417682914961 0.0090603296047827627 0.0028788524026030927 -0.012390589621855142 0.0078235191826207719 0.001049114986342583 -0.015737306001033024 -0.015274853639770502 0.00087649569326896017 -0.011877171458188883 0.047466829592574318 -0.0054778476610334165 0.018677305443994551
leaf_weight=494.83665783703327 1708.1241403222084 2576.8812058344483 4108.5093627721071 3263.2449397295713 2922.1347292512655 3646.2953680306673 5834.4297256097198 358.53784590959549 290.98740059882402 1395.825995773077 993.51499167084694 20.959058053791523 3759.4321314543486 1182.018822953105
leaf_count=3994 7008 25095 22024 16876 19160 15774 26669 2138 1846 6376 4532 174 23395 4939
internal_value=-3.84322e-05 -0.00414806 0.00319682 -0.0072242 -0.00477719 0.00491576 0.00218651 0.00564545 0.00741978 0.00883941 -0.000846371 -0.0165374 -0.00159615 0.0105137
internal_weight=32555.7 17795.5 5252.87 12542.7 9944.81 14760.2 9931.89 4758.03 4399.5 3103.95 6827.94 2597.84 7022.68 4828.31
internal_count=180000 114702 30002 84700 59431 65298 44585 26008 23870 13384 31201 25269 40271 20713
is_linear=0
shrinkage=0.035


Tree=59
num_leaves=15
num_cat=0
split_feature=11 17 24 22 3 5 24 24 8 5 10 6 23 8
split_gain=514.666 267.757 280.559 286.876 304.36 193.61 151.471 158.51 133.276 85.0227 79.6426 52.8145 52.426 48.4987
threshold=0.22370219230651858 0.085831273347139372 0.036860706284642226 0.16608449816703799 -0.28714281320571894 0.17354962229728702 0.030120851472020153 0.028020161204040054 -0.20329195261001584 0.017390599474310878 1.1541440486907961 0.23827214539051059 0.20932535827159884 -0.37763747572898859
decision_type=2 8 2 2 2 2 2 2 2 2 2 2 2 2
left_child=5 2 3 9 -5 6 7 12 -9 -2 -3 13 -1 -8
right_child=1 10 -4 4 -6 -7 11 8 -10 -11 -12 -13 -14 -15
leaf_value=-0.020794850483130775 -0.01724653886169393 0.0079929627225399508 -0.024374308885430126 0.0094464976980813079 -6.609334933890022e-05 0.0078987039379629642 -0.0069125453950010483 0.0094806214275499189 -0.011035343495676345 0.0031613757565932656 0.020557992523381322 0.0077476919755054222 0.015537772342452948 -0.022198936659875827
leaf_weight=777.14618357270956 1250.3084389865398 2054.7180913239717 525.11241924017668 5453.990102224052 16753.824773281813 639.87600911408663 307.43826919794083 855.63787984848022 692.81919192522764 308.49185399711132 890.05188375711441 81.964076824486256 44.824344925582409 1861.9850245341659
leaf_count=7040 9002 8500 3047 26855 83565 3428 2624 5533 5159 1759 3713 658 386 18731
internal_value=-3.77909e-05 0.00189903 0.000688655 0.00125243 0.00227329 -0.0100481 -0.0125445 -0.00632903 0.000289346 -0.0132133 0.0118474 -0.0190316 -0.0186506 -0.0200743
internal_weight=32498.2 27236.5 24291.7 23766.6 22207.8 5261.69 4621.81 2370.43 1548.46 1558.8 2944.77 2251.39 821.971 2169.42
internal_count=180000 136441 124228 121181 110420 43559 40131 18118 10692 10761 12213 22013 7426 21355
is_linear=0
shrinkage=0.035


Tree=60
num_leaves=15
num_cat=0
split_feature=17 19 8 21 24 22 24 22 8 24 3 21 24 24
split_gain=494.635 282.987 268.147 227.267 184.536 180.769 226.621 147.473 138.888 108.073 104.726 96.0607 84.5583 73.6769
threshold=0.029840009286999706 0.2737200409173966 -0.46858882904052729 0.050632659345865257 0.030226894654333595 0.21641109138727191 0.027239737100899223 0.40200047194957739 -0.26599462330341334 0.030120851472020153 0.63324850797653209 0.10745966061949731 0.03567874617874623 0.028020161204040054
decision_type=8 2 2 2 2 2 2 2 2 2 2 2 2 2
left_child=8 2 5 4 -4 6 -2 -3 9 13 -10 -7 -5 -1
right_child=1 7 3 12 -6 11 -8 -9 10 -11 -12 -13 -14 -15
leaf_value=-0.009300226172094795 0.040361951014467538 0.013496267757807366 0.0053416051839327103 -0.0076592606738599099 -0.0033555289190382114 0.011197067196600619 -0.0068062932764341852 0.0014373031332295817 -0.01936715308812581 -0.014003711775705439 0.03376040942793581 -0.01052521806463734 -0.026463932538683975 0.0097567285507036833
leaf_weight=387.47190638631582 124.95820483565331 3242.0169657021761 4956.858076825738 4340.6944164484739 7493.4665180295706 4167.3580178543925 1652.5803129523993 2014.4770966917276 1945.7174331173301 866.94388546794653 37.756533831357956 257.56947918981314 306.6767625361681 654.52556249499321
leaf_count=3212 523 14141 24001 25010 40583 18784 9742 8819 19833 7766 317 1330 1772 4167
internal_value=-3.75733e-05 0.0015591 -9.70229e-05 -0.00235863 0.000108576 0.00613108 -0.00328319 0.00888634 -0.0117255 -0.00494723 -0.0181916 0.00991176 -0.00895432 0.00264926
internal_weight=32449.1 28556.7 23300.2 17097.7 12450.3 6202.47 1777.54 5256.49 3892.42 1908.94 1983.47 4424.93 4647.37 1042
internal_count=180000 144705 121745 91366 64584 30379 10265 22960 35295 15145 20150 20114 26782 7379
is_linear=0
shrinkage=0.035


Tree=61
num_leaves=15
num_cat=0
split_feature=11 17 22 24 21 23 23 20 24 24 20 17 20 20
split_gain=470.121 221.926 217.306 473.921 323.12 219.422 210.08 209.49 190.625 263.999 171.084 166.297 138.01 105.364
threshold=0.28510081768035894 0.022206579335033897 0.21641109138727191 0.027239737100899223 -0.048701481893658631 0.1739926487207413 0.13378148525953296 -0.026209225878119465 0.030120851472020153 0.028020161204040054 -0.019621936604380604 0.064933352172374739 -0.042946796864271157 -0.019621936604380604
decision_type=2 8 2 2 2 2 2 2 2 2 2 8 2 2
left_child=1 -1 3 -2 12 7 8 -6 9 -3 -7 -5 -4 -8
right_child=2 6 4 11 5 10 13 -9 -10 -11 -12 -13 -14 -15
leaf_value=-0.021505850638181216 0.032706186321850329 -0.010603436931053884 -0.0022937477662876042 -0.012286930276177345 -0.011629846765788467 0.0072798068181759955 -0.0036601723872529087 0.0061646398206900684 -0.0076194194626029313 0.010539750000519888 -0.013512800356239751 0.0022929056591208001 0.020883653674535839 -0.014840830301851026
leaf_weight=990.35360796749592 390.66131919622421 976.14020929485559 373.87748976796865 2703.5840664580464 865.58596972376108 696.40814783424139 1775.63032348454 11021.167599253356 2463.2238912209868 2713.2305593043566 1546.676575884223 1477.2830700129271 1918.1871147751808 2485.2350493073463
leaf_count=11410 1647 6172 1651 16986 3809 3085 13472 49141 17446 14095 7409 6719 8255 18703
internal_value=-3.67791e-05 -0.00575438 0.00307033 -0.00367286 0.00494859 0.00296522 -0.00423716 0.00486017 -9.71728e-05 0.00493211 -0.00705368 -0.00714206 0.0171095 -0.010201
internal_weight=32397.2 11403.8 20993.4 4571.53 16421.9 14129.8 10413.5 11886.8 6152.59 3689.37 2243.08 4180.87 2292.06 4260.87
internal_count=180000 81298 98702 25352 73350 63444 69888 52950 37713 20267 10494 23705 9906 32175
is_linear=0
shrinkage=0.035


Tree=62
num_leaves=15
num_cat=0
split_feature=17 8 17 24 17 21 20 22 22 22 22 20 24 10
split_gain=456.281 238.669 188.52 196.59 163.729 154.736 132.576 176.43 172.733 119.812 113.54 77.5884 86.3458 60.9022
threshold=0.042892489582300193 -0.41424486041069025 0.091595645993947997 0.036860706284642226 0.022206579335033897 0.050632659345865257 -0.059386368840932839 0.44238667190074926 0.25059181451797491 0.17202089726924899 0.34321255981922155 0.063399493694305434 0.027059725485742096 1.3130677938461306
decision_type=8 2 8 2 10 2 2 2 2 2 2 2 2 2
left_child=1 9 3 6 -3 10 8 -8 -2 -1 -6 12 -11 -4
right_child=2 4 13 -5 5 -7 7 -9 -10 11 -12 -13 -14 -15
leaf_value=-0.020045729825519221 -0.012109656636455073 -0.021865104480863377 0.0097177460860692969 -0.020655570773565456 -0.0082486000668395513 -0.013841222188891673 0.0057760784181705048 -0.0028685223408213755 0.015996533300845408 0.032468204189653571 0.0013723299160311607 -0.011199340407906263 0.0056431720677918183 0.023946565709831676
leaf_weight=238.58501468598843 1365.0654996484518 936.39872182905674 1793.1650383919477 446.19059550017118 2996.7336283400655 2473.0409471616149 11683.202750183642 3835.6480072140694 323.52270512282848 147.69522463530302 2998.8629086464643 301.17334732413292 2331.2682472094893 465.83033794164658
leaf_count=2130 8228 11009 7463 2428 20994 19403 52702 17550 1440 740 18822 1833 13302 1956
internal_value=-3.6538e-05 -0.00529762 0.00324694 0.00202508 -0.0080439 -0.00649167 0.00262485 0.003639 -0.00666222 0.0032569 -0.00344215 0.00532136 0.00736542 0.0127445
internal_weight=32336.4 12423.8 19912.6 17653.6 9405.04 8468.64 17207.4 15518.9 1688.59 3018.72 5995.6 2780.14 2478.96 2259
internal_count=180000 88233 91767 82348 70228 59219 79920 70252 9668 18005 39816 15875 14042 9419
is_linear=0
shrinkage=0.035


Tree=63
num_leaves=15
num_cat=0
split_feature=17 8 10 22 4 21 16 24 24 22 3 23 3 24
split_gain=429.861 266.748 204.125 203.161 166.518 164.927 150.565 129.755 122.469 121.931 121.153 102.668 95.0907 82.839
threshold=0.050483802333474166 -0.39530509710311884 0.32515509426593786 0.17202089726924899 0.05012075416743756 0.050632659345865257 2.1966978311538701 0.034816114231944091 0.030226894654333595 0.56118163466453563 0.73714846372604381 0.12802358716726306 -0.14511750638484952 0.030120851472020153
decision_type=8 2 2 2 2 2 2 2 2 2 2 2 2 2
left_child=1 3 10 -1 6 12 8 9 11 -5 13 -2 -4 -3
right_child=4 2 5 7 -6 -7 -8 -9 -10 -11 -12 -13 -14 -15
leaf_value=-0.01873953271558253 0.015087901380591351 -0.0092396591592398096 0.0062068821811999027 0.0082418055550871876 0.0097059743490234274 -0.011155346945265409 -0.008402497035814525 -0.015094792785364261 0.00065681867522233821 -0.014954930470628897 0.053682232440490488 0.0012212879976400449 -0.0034262220658178833 -0.02099026167094346
leaf_weight=474.1649843454361 1662.5259710103273 1499.3294302597642 1678.909899495542 4128.9968032836914 4814.7255959808826 2749.5456629619002 1500.6005589738488 352.73494597524405 5666.6275655925274 288.4947032853961 22.113599546253681 1077.2444188967347 4880.624786645174 1486.663112834096
leaf_count=3994 6854 12915 9692 22024 20713 17957 6781 2138 26007 1846 195 4943 27175 16766
internal_value=-3.6131e-05 -0.00373295 -0.00654604 0.00287386 0.00437336 -0.00397649 0.00177457 0.00505696 0.00359908 0.00669653 -0.0144584 0.00965999 -0.000954939 -0.0151406
internal_weight=32283.3 17561.6 12317.2 5244.39 14721.7 9309.08 9907 4770.23 8406.4 4417.49 3008.11 2739.77 6559.53 2985.99
internal_count=180000 114702 84700 30002 65298 54824 44585 26008 37804 23870 29876 11797 36867 29681
is_linear=0
shrinkage=0.035


Tree=64
num_leaves=15
num_cat=0
split_feature=17 4 21 20 24 6 24 16 24 3 9 5 17 17
split_gain=409.856 251.727 227.274 222.24 222.912 121.511 112.625 82.2732 85.5311 80.1788 67.8882 49.0519 46.2436 38.4993
threshold=0.029840009286999706 0.11826554313302041 0.099522776901721968 -0.059386368840932839 0.036860706284642226 -0.088141169399023042 0.031827358528971679 0.86653113365173351 0.030120851472020153 0.87743201851844799 0.93764925003051769 -0.048566741868853562 0.022206579335033897 0.066918622702360167
decision_type=8 2 2 2 2 2 2 2 2 2 2 2 10 8
left_child=5 2 3 6 -5 7 -2 8 11 12 -3 -1 -7 -4
right_child=1 10 13 4 -6 9 -8 -9 -10 -11 -12 -13 -14 -15
leaf_value=0.021980435305124321 -0.0039845233363439564 0.0056988537114114595 -0.013835736531997355 0.0028937136483515374 -0.019565063855356019 -0.024041771274449151 -0.020886737267943312 -0.01329993247990033 -0.0075116468643012533 0.044413304419070716 0.015888468205904158 -0.0019311552573715194 -0.013037790911203977 -0.0015147509152296868
leaf_weight=307.58883894979954 1570.7185039147735 1695.185101442039 1523.2618133202195 20488.222762770951 546.17051033675671 683.19105033576488 691.53156740963459 545.46653491258621 418.06399177759886 17.59909388422966 1539.1723994314671 154.80272514373064 1659.0417638495564 392.93556824326515
leaf_count=1983 9519 7785 9376 102074 3235 8441 4645 5024 3602 144 6449 1182 14919 1622
internal_value=-3.56748e-05 0.0014053 0.000224368 0.00117921 0.00230154 -0.0108387 -0.00922043 -0.00274434 0.00387107 -0.0156975 0.0105819 0.0141037 -0.016336 -0.0113302
internal_weight=32233 28447.2 25212.8 23296.6 21034.4 3785.75 2262.25 1425.92 880.456 2359.83 3234.36 462.392 2342.23 1916.2
internal_count=180000 144705 130471 119473 105309 35295 14164 11791 6767 23504 14234 3165 23360 10998
is_linear=0
shrinkage=0.035


Tree=65
num_leaves=15
num_cat=0
split_feature=11 10 4 24 21 22 24 24 22 22 22 3 4 8
split_gain=392.348 192.727 180.55 195.064 153.793 187.707 306.718 194.989 147.372 133.88 177.695 115.592 104.703 93.1136
threshold=0.30917941033840185 0.27797915041446691 0.030599675141274933 0.030226894654333595 0.050632659345865257 0.32527311146259313 0.027438810095191005 0.028020161204040054 0.16608449816703799 0.40589655935764318 0.22727383673191073 0.63324850797653209 0.10353980585932733 -0.20329195261001584
decision_type=2 2 2 2 2 2 2 2 2 2 2 2 2 2
left_child=1 11 3 8 5 6 -3 -7 -2 10 -5 13 -6 -1
right_child=2 4 -4 9 12 7 -8 -9 -10 -11 -12 -13 -14 -15
leaf_value=-0.0085645670646983321 -0.016534800059977022 0.038125412598212317 0.008841513093057576 -0.0083806866225202767 -0.011009443897866539 -0.013535528006795297 -0.0091137227001392759 0.0070264052658207173 0.0085553821004128398 -0.011665322043202383 0.0037339059385845274 0.055786955668364085 0.0042081093929607237 -0.024256150426171103
leaf_weight=1038.6870314925909 297.97853547334671 168.29807788133621 5218.0982628390193 2137.3523982316256 3287.5242141932249 642.36281911283731 3077.8077732026577 4231.2597947642207 4321.1165216565132 1453.2418233379722 4785.3085682690144 18.531431220471859 660.13738898187876 852.43969389051199
leaf_count=10067 1854 894 23138 12264 23317 3840 21084 23076 19081 6926 20923 164 3275 10097
internal_value=-3.54093e-05 -0.00444456 0.00334883 0.00113816 -0.00280333 -4.58811e-05 -0.00655499 0.00429409 0.00690459 -0.00204632 -1.31344e-05 -0.0147471 -0.00846053 -0.0157281
internal_weight=32190.1 13977 18213.1 12995 12067.4 8119.73 3246.11 4873.62 4619.1 8375.9 6922.66 1909.66 3947.66 1891.13
internal_count=180000 95814 84186 61048 75486 48894 21978 26916 20935 40113 33187 20328 26592 20164
is_linear=0
shrinkage=0.035


Tree=66
num_leaves=15
num_cat=0
split_feature=17 8 20 10 23 10 21 24 21 4 20 16 3 3
split_gain=374.158 241.409 205.355 175.229 148.9 148.465 145.173 121.902 139.825 131.179 117.453 111.339 106.057 88.0708
threshold=0.050483802333474166 -0.39530509710311884 -0.059386368840932839 0.32515509426593786 0.21982385218143466 1.1541440486907961 0.050632659345865257 0.03452891297638417 0.0099786282517015951 0.03751033544540406 0.063399493694305434 2.1966978311538701 0.73714846372604381 -0.14511750638484952
decision_type=8 2 2 2 2 2 2 2 2 2 2 2 2 2
left_child=1 2 -1 12 10 7 13 9 -9 11 -4 -2 -3 -5
right_child=5 3 4 6 -6 -7 -8 8 -10 -11 -12 -13 -14 -15
leaf_value=-0.021023478791073885 0.0031780599587212309 -0.014321557900945577 0.0088939246065984912 0.0058707351749553889 -0.014616124391166304 0.015232660135340793 -0.01061973890174492 0.0011133350185590204 -0.020976458461352734 0.0090301831729014993 -0.008179055626947547 -0.008718278328461079 0.048429943599685041 -0.0033924076175061674
leaf_weight=399.63369797170162 6348.1396406143904 2905.1028584241867 3846.6329119428992 1683.7808258011937 431.41775074601173 1319.8370748311281 2716.4274416193366 1067.3042565062642 512.3690629824996 4327.8621057495475 558.08604470640421 1126.0923754349351 23.853492215275764 4871.3261542618275
leaf_count=3259 28682 29681 20685 9692 2699 5534 17957 4919 2427 18625 3359 5111 195 27175
internal_value=-3.47184e-05 -0.00350152 0.00278137 -0.00619786 0.00478781 0.00407654 -0.0038323 0.00296566 -0.0061384 0.00418837 0.00671712 0.00137646 -0.0136475 -0.00100771
internal_weight=32137.9 17436.3 5235.77 12200.5 4836.14 14701.6 9271.53 13381.8 1579.67 11802.1 4404.72 7474.23 2928.96 6555.11
internal_count=180000 114702 30002 84700 26743 65298 54824 59764 7346 52418 24044 33793 29876 36867
is_linear=0
shrinkage=0.035


Tree=67
num_leaves=15
num_cat=0
split_feature=17 4 24 23 1 20 8 2 23 24 8 24 24 11
split_gain=355.491 191.052 181.979 246.6 173.18 170.729 125.843 147.302 123.591 113.955 104.97 102.54 87.9229 79.6797
threshold=0.0370249841362238 0.041383979842066772 0.030120851472020153 0.12374271824955942 -0.084206864237785325 -0.030183549039065834 -0.50931861996650685 0.3803421705961228 0.13378148525953296 0.027059725485742096 -0.33608153462409968 0.03452891297638417 0.030696987174451355 0.38907703757286077
decision_type=8 2 2 2 2 2 2 2 2 2 2 2 2 2
left_child=4 2 3 10 8 -5 -4 -8 12 -10 -2 13 -1 -3
right_child=1 11 6 5 -6 -7 7 -9 9 -11 -12 -13 -14 -15
leaf_value=0.012129629837584997 0.01871654563998764 0.0055967836907347239 0.0042340155398162462 0.012136682203476782 -0.010254261591098062 -0.0079144268609972184 -0.0071115820600888297 0.0046903582948274562 0.026794199134016393 -0.010434983657178688 0.0058951121428944247 -0.0043227734756747585 -0.0055476504305222432 0.013876201047053793
leaf_weight=1137.9952794909477 1388.4516237974167 4434.2988814413548 2445.2106708884239 688.44316544383764 5133.3018566891551 2031.3285370767117 6594.9047243744135 1604.1655876412988 100.02778291702271 1238.5638170093298 1807.0497873052955 893.04639863222837 485.60323087126017 2106.8960064053535
leaf_count=6533 5786 21207 11955 3348 44202 10416 34397 7137 548 9925 7797 4323 3497 8929
internal_value=-3.42581e-05 0.00210577 1.21806e-05 0.00492918 -0.00637174 -0.00281312 -0.00272237 -0.00479961 0.00036831 -0.00747494 0.0115071 0.00676289 0.00684092 0.00828067
internal_weight=32089.3 23993.8 16559.6 5915.27 8095.49 2719.77 10644.3 8199.07 2962.19 1338.59 3195.5 7434.24 1623.6 6541.19
internal_count=180000 115295 80836 27347 64705 13764 53489 41534 20503 10473 13583 34459 10030 30136
is_linear=0
shrinkage=0.035


Tree=68
num_leaves=15
num_cat=0
split_feature=11 17 24 22 3 5 24 24 20 19 10 6 17 11
split_gain=341.457 200.307 224.18 217.9 258.959 153.018 130.724 137.664 117.605 71.9246 65.3799 48.242 44.1637 36.3845
threshold=0.22370219230651858 0.085831273347139372 0.036860706284642226 0.16608449816703799 -0.22009686380624768 0.17354962229728702 0.030120851472020153 0.028020161204040054 0.023371933959424499 0.13749413192272189 1.1541440486907961 0.23827214539051059 0.032078364863991744 0.18589404225349429
decision_type=2 8 2 2 2 2 2 2 2 2 2 2 10 2
left_child=5 2 3 9 -5 6 7 -1 -9 -2 -3 13 -13 -8
right_child=1 10 -4 4 -6 -7 11 8 -10 -11 -12 12 -14 -15
leaf_value=-0.016864111909007311 -0.015804518210769697 0.0066832501890231183 -0.022470130928873549 0.0073646904329842527 -0.00075125557211907948 0.0075152454712399197 -0.023119081412715667 -0.0028582704757021049 0.024294324299681255 0.0028656478372740316 0.018137175682652659 0.045017453947064849 -0.0068653255212917019 -0.01339414230942044
leaf_weight=770.78240559250116 1187.0631459057331 2042.2870698273182 500.67176339775324 7074.6064813658595 15035.135913409293 637.02729050070047 959.20126557350159 1291.217019110918 219.96500934660435 316.91273063421249 874.96856594085693 18.336273737251759 62.162985049188137 1048.199361346662
leaf_count=7426 8930 8500 3047 35327 75093 3428 11720 8948 1744 1831 3713 198 460 9635
internal_value=-3.29067e-05 0.00152294 0.00047322 0.000968984 0.00184781 -0.00841906 -0.0107538 -0.00493009 0.00122774 -0.0118775 0.0101688 -0.0170649 0.00862111 -0.0181326
internal_weight=32038.5 27031.6 24114.4 23613.7 22109.7 5006.89 4369.86 2281.96 1511.18 1503.98 2917.26 2087.9 80.4993 2007.4
internal_count=180000 136441 124228 121181 110420 43559 40131 18118 10692 10761 12213 22013 658 21355
is_linear=0
shrinkage=0.035


Tree=69
num_leaves=15
num_cat=0
split_feature=17 22 23 20 24 24 24 20 23 23 24 11 8 21
split_gain=329.596 215.506 285.764 415.889 354.71 225.103 305.742 230.227 196.014 108.744 98.4967 97.9667 89.4062 88.0776
threshold=0.02907147724181414 0.505802482366562 0.14419928938150409 -0.026209225878119465 0.030486240051686767 0.027059725485742096 0.030486240051686767 0.064609490334987654 0.10266622155904771 0.095546394586563124 0.030696987174451355 0.45898468792438513 -0.30487003922462458 -0.0087223635055124742
decision_type=8 2 2 2 2 2 2 2 2 2 2 2 2 2
left_child=9 2 3 13 -5 7 -7 -4 12 10 -1 -10 -3 -2
right_child=1 8 5 4 -6 6 -8 -9 11 -11 -12 -13 -14 -15
leaf_value=0.0060444898780655214 0.0094072598612015505 0.024562445050088852 0.031789163134880755 0.015215161638017208 0.002523713647728775 -0.011669239320879465 0.001021115875498626 -0.014671917529130885 -0.012712056875255265 -0.014580969153073454 -0.019127590511910174 0.0040621852995622156 0.00081673612489939528 -0.01577247733547359
leaf_weight=712.92691491544247 192.69383004307747 273.56454772502184 455.77000708132982 5095.3175825998187 5730.4600316137075 3181.5651283338666 8566.7335623502731 174.74488642066717 2770.2394576966763 2328.8255507424474 248.52827740460634 498.89404115080833 618.90465151518583 1146.7107202485204
leaf_count=5033 820 1249 1986 22937 28684 18421 46062 1016 15694 24903 2418 2116 3006 5655
internal_value=-3.23568e-05 0.00117156 0.00242073 0.00622809 0.00850567 -0.00132292 -0.00242257 0.0188846 -0.00618387 -0.0105075 -0.000592203 -0.0101476 0.00828692 -0.0121071
internal_weight=31995.9 28705.6 24544 12165.2 10825.8 12378.8 11748.3 630.515 4161.6 3290.28 961.455 3269.13 892.469 1339.4
internal_count=180000 147646 125581 58096 51621 67485 64483 3002 22065 32354 7451 17810 4255 6475
is_linear=0
shrinkage=0.035


Tree=70
num_leaves=15
num_cat=0
split_feature=11 17 23 24 24 14 24 24 20 10 24 23 3 24
split_gain=317.564 197.383 206.546 235.13 320.015 154.62 141.532 228.139 222.016 114.477 118.585 147.249 110.128 90.4345
threshold=0.34864923357963568 0.022206579335033897 0.13378148525953296 0.030120851472020153 0.028020161204040054 0.26957608759403234 0.027059725485742096 0.031382542103528983 -0.011184631846845148 1.1541440486907961 0.033049454912543304 0.12998947501182559 -0.095752373337745653 0.030120851472020153
decision_type=2 8 2 2 2 2 2 2 2 2 2 2 2 2
left_child=1 -1 3 4 -3 13 8 -8 -4 10 12 -12 -7 -2
right_child=5 2 6 -5 -6 9 7 -9 -10 -11 11 -13 -14 -15
leaf_value=-0.018783895260908071 0.0054743776283318569 -0.008609808350341315 0.031194074425725984 -0.0052762034705669319 0.01100111120132352 0.010744935964138346 -0.014229653910916342 -0.0016794102228240046 -0.013635055597632941 0.016860096424448523 -0.026370318059562182 0.00077520449675488943 0.0027302365457214143 -0.0079846627644286523
leaf_weight=926.42796988785267 903.60621487349272 1359.9458895176649 286.09788676351309 3907.6087767779827 3986.971462123096 3811.7504501193762 3475.0543530136347 3620.7633694931865 241.19843552261591 1012.4847496151924 278.55699199438095 1610.4300969317555 4683.1848578229547 1846.2267050892115
leaf_count=11645 4012 8085 1374 24993 19580 17426 24262 24490 1706 4298 1335 7611 20669 8514
internal_value=-3.18178e-05 -0.00314139 -0.00227215 0.00124195 0.00600647 0.00388126 -0.00653433 -0.00783705 0.010816 0.00567786 0.00457236 -0.00334556 0.00633491 -0.00355816
internal_weight=31950.3 17804.1 16877.6 9254.53 5346.92 14146.2 7623.11 7095.82 527.296 11396.4 10383.9 1888.99 8494.94 2749.83
internal_count=180000 116135 104490 52658 27665 63865 51832 48752 3080 51339 47041 8946 38095 12526
is_linear=0
shrinkage=0.035


Tree=71
num_leaves=15
num_cat=0
split_feature=17 22 3 24 22 24 24 17 10 4 16 24 24 21
split_gain=303.792 226.062 245.827 198.701 187.601 144.489 139.507 127.197 108.58 102.024 145.253 91.9536 79.1268 56.0567
threshold=0.051476472988724715 0.54684218764305126 -0.23306658864021298 0.030120851472020153 0.16608449816703799 0.034816114231944091 0.029769714921712879 0.11281597241759302 0.31636983156204229 0.021434500813484195 2.1966978311538701 0.030226894654333595 0.03452891297638417 1.0000000180025095e-35
decision_type=8 2 2 2 2 2 2 8 2 2 2 2 2 2
left_child=1 2 4 6 -1 -6 -4 9 -5 10 11 -2 -11 -14
right_child=7 -3 3 8 5 -7 -8 -9 -10 12 -12 -13 13 -15
leaf_value=-0.020004752467361223 0.0081722420556697359 -0.014929291903754574 -0.0021311262922899805 -0.019031930429516404 0.0086303665891612775 -0.013160714379237276 0.013061316955200139 0.017034693914879058 -0.0066563270497985985 0.0081186159584480614 -0.012019259927983028 -0.0006397315867729752 0.0046637913642724182 -0.014832132943960625
leaf_weight=337.686517983675 2136.4962645471096 1761.7937018871307 4013.7228305265307 1037.326222460717 4138.7483361922204 400.67560369521379 897.41640239208937 828.75491468608379 5250.3765622153878 4915.7940668314695 1002.1430077254772 4470.7484604343772 385.15375752002001 324.50010615587234
leaf_count=3082 9175 13166 24518 12838 24342 2678 4714 3537 32305 21254 4588 20572 1728 1503
internal_value=-3.15524e-05 -0.00306352 -0.00175466 -0.00460979 0.00479732 0.00668226 0.000665901 0.00381353 -0.008725 0.0029734 0.000329423 0.00221772 0.0065429 -0.00433324
internal_weight=31901.3 17837.7 16076 11198.8 4877.11 4539.42 4911.14 14063.6 6287.7 13234.8 7609.39 6607.24 5625.45 709.654
internal_count=180000 117643 104477 74375 30102 27020 29232 62357 45143 58820 34335 29747 24485 3231
is_linear=0
shrinkage=0.035


Tree=72
num_leaves=15
num_cat=0
split_feature=11 4 23 22 20 20 6 23 8 20 22 5 10 22
split_gain=293.646 178.97 186.411 188.628 182.617 182.112 143.876 126.471 141.248 107.609 187.456 91.908 79.7426 65.5369
threshold=0.22370219230651858 0.021434500813484195 0.095546394586563124 0.505802482366562 0.037173081189394004 -0.059386368840932839 0.26364018023014074 0.13378148525953296 -0.26599462330341334 -0.0074268630705773822 0.37126153707504278 -0.14459777623414991 0.79501667618751537 0.22082895785570147
decision_type=2 2 2 2 2 2 2 2 2 2 2 2 2 2
left_child=6 2 9 5 13 -4 7 8 -1 -2 -11 -5 -6 -3
right_child=1 4 3 11 12 -7 -8 -9 -10 10 -12 -13 -14 -15
leaf_value=0.0041870280273511697 0.018384217378482951 0.001421961399740003 -0.010651820164723184 0.0089733857899975018 -0.0049487780911009679 0.00097012457234594109 0.0094281188184749971 -0.017891416969483757 -0.011762539462917321 -0.011949583866459485 0.010992680912108355 -0.015617093101657785 0.0078847100034151983 0.010587120995873072
leaf_weight=1114.6824885308743 807.08564348518848 1186.8608548119664 1925.3415300250053 204.0995647162199 2274.3519698530436 11259.295795053244 517.87465278059244 1567.4582374878228 1718.5675615034997 651.65066899359226 1272.4999301508069 1593.5089083835483 791.4056466370821 4971.379753343761
leaf_count=8253 3317 6279 12464 919 12199 57294 2972 16926 15408 3259 5754 8891 3348 22717
internal_value=-3.15383e-05 0.00140512 -0.00065394 -0.00218801 0.00535569 -0.000733805 -0.00788652 -0.00994086 -0.00549486 0.00773853 0.00320123 -0.0127909 -0.00162103 0.00882591
internal_weight=31856.1 26937.5 17713.5 14982.2 9224 13184.6 4918.58 4400.71 2833.25 2731.24 1924.15 1797.61 3065.76 6158.24
internal_count=180000 136441 91898 79568 44543 69758 43559 40587 23661 12330 9013 9810 15547 28996
is_linear=0
shrinkage=0.035


Tree=73
num_leaves=15
num_cat=0
split_feature=17 19 19 4 16 22 23 22 2 22 3 20 17 22
split_gain=281.152 197.578 218.553 148.116 165.174 126.673 97.2324 79.2632 105.264 79.8515 69.3349 67.6562 58.6945 53.5023
threshold=0.02907147724181414 0.2737200409173966 -0.17856430262327191 0.074008759111166014 1.6185935139656069 0.40200047194957739 0.095546394586563124 0.505802482366562 0.3803421705961228 0.40589655935764318 -0.19484747946262357 0.037173081189394004 0.11281597241759302 0.21641109138727191
decision_type=8 2 2 2 2 2 2 2 2 2 2 2 8 2
left_child=6 2 13 4 -4 -3 10 8 9 -8 -1 -5 -7 -2
right_child=1 5 3 11 -6 12 7 -9 -10 -11 -12 -13 -14 -15
leaf_value=0.013557191236699481 -0.0014371651270347714 0.011519560841998568 -0.0013605147927853896 0.0096538889963304012 -0.0098773380532337762 -0.0015137351015746597 -0.015568954579110745 -0.028188166047461716 0.055286595644458966 0.0017271314746452847 -0.0066663979830746643 -0.0016949116100298122 0.019846644708182825 0.0082551640523950438
leaf_weight=290.10453569144011 850.82645405828953 3214.47783395648 12379.334854900837 1742.9689639210701 3592.496551759541 1839.0735536962748 1443.9492796361446 380.75421839207411 19.458051905035973 419.44324001297355 664.27472269535065 1012.5557640120387 162.2688149958849 3798.8019914850593
leaf_count=1965 4961 14164 69427 8407 18868 8144 16008 4299 183 4413 5486 5254 690 17731
internal_value=-3.10065e-05 0.00107404 -0.000301193 -0.00198796 -0.00328116 0.00722652 -0.0098226 -0.0137582 -0.0107067 -0.0116872 -0.000442159 0.00549257 0.000308227 0.00648231
internal_weight=31810.8 28592.8 23377 18727.4 15971.8 5215.82 3217.98 2263.6 1882.85 1863.39 954.379 2755.52 2001.34 4649.63
internal_count=180000 147646 124648 101956 88295 22998 32354 24903 20604 20421 7451 13661 8834 22692
is_linear=0
shrinkage=0.035


Tree=74
num_leaves=15
num_cat=0
split_feature=3 10 22 22 24 19 24 23 24 24 21 22 14 3
split_gain=257.517 249.999 165.874 177.83 235.568 154.099 154.836 171.037 153.877 158.948 154.604 130.54 128.959 98.1601
threshold=-0.28714281320571894 0.33377219736576086 0.56118163466453563 0.21641109138727191 0.027239737100899223 0.18298091739416125 0.030120851472020153 0.12374271824955942 0.034816114231944091 0.027580020017921928 0.0099786282517015951 0.44739976525306707 0.24591430276632312 0.63324850797653209
decision_type=2 2 2 2 2 2 2 2 2 2 2 2 2 2
left_child=2 13 3 4 -1 6 7 -3 9 -5 -10 -7 -8 -2
right_child=1 5 -4 8 -6 11 12 -9 10 -11 -12 -13 -14 -15
leaf_value=0.036602798031532012 -0.011803326023712151 0.0074481349954480724 -0.013798503088257277 -0.0060399485494948149 -0.0064442735291862603 0.0072628705822039685 -0.015088381256368131 -0.0049510904078910629 0.011980215943256911 0.014275008051345271 -0.022356949230477943 -0.0040500767907454185 -0.0034622042119110286 0.036101402327028222
leaf_weight=161.38049403578043 3096.5615396611392 3192.7161722704768 502.80642741546035 523.74603512883186 1699.1926376819611 4529.5708578079939 1373.1477745547891 2363.178983643651 294.32663961499929 4333.024104770273 331.66844220086932 1716.5489098355174 7614.8551012650132 43.84296291321516
leaf_count=722 31864 14722 2940 2909 10473 20523 7060 13534 1462 21193 1847 7885 42510 356
internal_value=-2.98063e-05 -0.00183414 0.00546867 0.00680489 -0.00253478 -0.000441642 -0.00241611 0.00217475 0.00997314 0.0120764 -0.00627798 0.00415236 -0.0052532 -0.0110221
internal_weight=31776.6 23930.4 7846.14 7343.34 1860.57 20790 14543.9 5555.9 5482.77 4856.77 625.995 6246.12 8988 3140.4
internal_count=180000 138454 41546 38606 11195 106234 77826 28256 27411 24102 3309 28408 49570 32220
is_linear=0
shrinkage=0.035


Tree=75
num_leaves=15
num_cat=0
split_feature=11 23 3 14 20 24 23 24 23 24 22 10 24 21
split_gain=266.382 159.781 207.85 145.686 126.571 209.476 320.736 124.235 158.694 115.941 176.287 113.13 124.348 176.879
threshold=0.31429451704025274 0.13378148525953296 -0.20746153593063352 0.26957608759403234 -0.019621936604380604 0.027239737100899223 0.21555506438016894 0.030890330672264103 0.21982385218143466 0.030120851472020153 0.52079185843467724 1.1541440486907961 0.03452891297638417 0.0099786282517015951
decision_type=2 2 2 2 2 2 2 2 2 2 2 2 2 2
left_child=1 2 -1 -2 5 -3 -7 -6 -9 10 -4 12 -5 -14
right_child=3 4 9 11 7 6 -8 8 -10 -11 -12 -13 13 -15
leaf_value=0.0081090200095703113 -0.0039463132890555077 0.031648125909895325 0.0052642922277716915 0.0046891306399715468 -0.020179869470637882 -0.016809208176763523 0.0093628063376780101 -0.00091514400564837034 -0.023103822242572066 -0.010084503394621767 -0.011765238398163097 0.015590641750556569 0.0028542246122856352 -0.022169349382613283
leaf_weight=2443.86486088112 3155.6459619179368 198.8556991443038 2403.7961727678776 11874.373624823987 1423.1357621215284 1255.3936311490834 1040.4002684988081 1520.0723350085318 523.83172558248043 2318.6084626279771 1066.8566550463438 1009.7456976175308 976.72196935117245 524.26286065578461
leaf_count=14516 14662 1102 13507 54976 11225 10161 8052 11362 4259 17609 6924 4327 4652 2666
internal_value=-2.90316e-05 -0.00359223 -0.000430294 0.00285488 -0.00795084 -0.00192669 -0.00495949 -0.0122674 -0.00668668 -0.00404283 1.07604e-05 0.00434856 0.00348885 -0.00597487
internal_weight=31735.6 14194.8 8233.13 17540.8 5961.69 2494.65 2295.79 3467.04 2043.9 5789.26 3470.65 14385.1 13375.4 1500.98
internal_count=180000 98717 52556 81283 46161 19315 18213 26846 15621 38040 20431 66621 62294 7318
is_linear=0
shrinkage=0.035


Tree=76
num_leaves=15
num_cat=0
split_feature=17 4 21 23 3 23 3 23 16 24 9 17 20 1
split_gain=255.748 200.775 199.169 195.805 233.476 208.247 52.7911 52.7362 59.3758 44.402 37.9911 35.2826 28.0421 22.6311
threshold=0.024577477946877483 0.16417138278484347 0.099522776901721968 0.26289419829845434 -0.20746153593063352 0.41836158931255346 0.63324850797653209 0.095546394586563124 0.65412604808807384 0.030696987174451355 0.93764925003051769 0.054743312299251563 0.0083416136913001555 -0.092407945543527589
decision_type=8 2 2 2 2 2 2 2 2 2 2 8 2 2
left_child=6 2 3 4 -2 -5 7 8 9 -1 -3 12 -4 -13
right_child=1 10 11 5 -6 -7 -8 -9 -10 -11 -12 13 -14 -15
leaf_value=0.023518808747361578 0.0068335428688582481 0.0055279720432848036 -0.0014121779100862715 -0.013439052768862382 -0.00063622023472099476 0.0091316987547551114 0.037016036430411077 -0.019598886647359023 -0.013276663236330236 -0.01925917791583975 0.015426093176246916 0.010435209171774356 -0.015631179026083207 -0.0065677108571367505
leaf_weight=108.4157959073782 7589.1765080615878 824.05535505712032 200.47342044115067 2091.7137577831745 15744.162788137794 649.57726896554232 15.028491631150244 985.06844047829509 324.75857346132398 31.312985818833113 1167.1493344455957 102.26519897580147 1186.6143975555897 677.5338389724493
leaf_count=758 39549 3668 1435 13805 83923 3024 133 13176 3296 286 4978 427 8565 2977
internal_value=-2.91098e-05 0.000664885 -9.42085e-05 0.000754628 0.00179521 -0.00807693 -0.0142623 -0.0150439 -0.00517428 0.0132863 0.0113779 -0.010265 -0.0136009 -0.004234
internal_weight=31697.3 30232.7 28241.5 26074.6 23333.3 2741.29 1464.58 1449.56 464.487 139.729 1991.2 2166.89 1387.09 779.799
internal_count=180000 162351 153705 140301 123472 16829 17649 17516 4340 1044 8646 13404 10000 3404
is_linear=0
shrinkage=0.035


Tree=77
num_leaves=15
num_cat=0
split_feature=11 22 23 24 24 24 24 21 24 5 22 21 24 24
split_gain=246.893 172.237 226.13 307.833 256.877 173.041 217.645 144.563 142.183 122.59 92.4239 210.084 197.884 151.256
threshold=0.34864923357963568 0.52079185843467724 0.14419928938150409 0.030226894654333595 0.028020161204040054 0.027059725485742096 0.031382542103528983 0.099522776901721968 0.031365167349576957 0.068198364228010191 0.21641109138727191 -0.048701481893658631 0.027239737100899223 0.030226894654333595
decision_type=2 2 2 2 2 2 2 2 2 2 2 2 2 2
left_child=1 2 3 4 -1 7 -7 -4 -5 10 12 -12 -2 -13
right_child=9 -3 5 8 -6 6 -8 -9 -10 -11 11 13 -14 -15
leaf_value=-0.0075176504058603703 0.031326872781253033 -0.010618093083467867 0.027660794316380802 -0.01079962986550053 0.013077339205251002 -0.015169135234493897 -0.0014857831726454718 -0.014729513622330551 0.0022287969758133497 0.0087423988598586844 0.015013376090904319 0.0078635720435235468 -0.0068594063027867507 -0.003595810052953377
leaf_weight=931.55092912167311 168.53320530056953 2872.9269784651697 304.47601125389338 2113.4764068350196 3529.1018399968743 2715.2778046689928 2987.2291260175407 135.98457964509726 1980.1275509297848 3844.3938578143716 1508.2115321084857 2177.5154642537236 2430.6200428009033 3965.0363930314779
leaf_count=6116 703 19523 1533 14465 18105 20453 21421 990 13529 16317 6307 9206 13668 17664
internal_value=-2.83988e-05 -0.00279574 -0.00126049 0.00241779 0.00876914 -0.00637822 -0.00801633 0.0145371 -0.00450754 0.00342094 0.00141847 0.00335498 -0.00427277 0.000472683
internal_weight=31664.5 17570.2 14697.2 8554.26 4460.65 6142.97 5702.51 440.461 4093.6 14094.3 10249.9 7650.76 2599.15 6142.55
internal_count=180000 116135 96612 52215 24221 44397 41874 2523 27994 63865 47548 33177 14371 26870
is_linear=0
shrinkage=0.035


Tree=78
num_leaves=15
num_cat=0
split_feature=17 1 4 16 18 22 24 24 17 20 16 11 22 3
split_gain=239.727 162.618 138.998 128.982 155.573 126.364 253.45 119.798 111.189 98.9682 89.3509 87.4669 77.4436 87.9698
threshold=0.039849437773227699 -0.030448415316641327 0.20627331733703616 1.6816567182540896 0.15795285254716876 0.21641109138727191 0.027239737100899223 0.036860706284642226 0.020718436688184742 -0.059386368840932839 0.86653113365173351 0.42433471977710729 0.52079185843467724 1.0814728736877444
decision_type=8 2 2 2 2 2 2 2 10 2 2 2 2 2
left_child=1 5 3 7 11 6 -1 9 -7 -2 -10 -5 13 -3
right_child=2 12 -4 4 -6 8 -8 -9 10 -11 -12 -13 -14 -15
leaf_value=0.029233966137126931 -0.0048971604793585774 -0.0075924840881428949 0.01302338273630054 -0.011025174412606717 0.0041956048263740962 -0.018177513507064706 -0.019008459655988911 -0.016559444055385855 0.0080719117394736327 0.0044875889896249703 -0.0029151572914652129 0.0018972762730768465 -0.018405507484554294 0.04288247734595841
leaf_weight=149.18749137222767 1530.5395385101438 3721.3232895433903 1310.407840102911 2586.4217872694135 2122.5407160520554 288.73974891752005 835.48569413647056 364.32361197471619 2426.7090271040797 13043.535174407065 1437.3959023542702 848.72937135398388 912.01435156911612 32.981067165732384
leaf_count=736 9205 31147 5607 13312 9326 3545 7536 2132 14789 60359 10326 3590 8172 218
internal_value=-2.76022e-05 -0.00457064 0.00201603 0.00130627 -0.00324182 -0.00027169 -0.0114788 0.00299939 0.00240681 0.00349934 0.00398789 -0.00783616 -0.009293 -0.00703633
internal_weight=31610.3 9803.84 21806.5 20496.1 5557.69 5137.52 984.673 14938.4 4152.84 14574.1 3864.1 3435.15 4666.32 3754.3
internal_count=180000 76469 103531 97924 26228 36932 8272 71696 28660 69564 25115 16902 39537 31365
is_linear=0
shrinkage=0.035


Tree=79
num_leaves=15
num_cat=0
split_feature=11 4 8 20 4 23 24 24 20 24 20 2 23 24
split_gain=225.087 149.945 159.505 153.022 125.117 117.083 113.454 111.974 121.59 109.631 106.372 81.1898 70.5742 70.4816
threshold=0.22370219230651858 0.021434500813484195 -0.46858882904052729 0.037173081189394004 0.13734500855207446 0.089247435331344618 0.030120851472020153 0.028020161204040054 0.023371933959424499 0.030982371419668201 -0.059386368840932839 0.70102858543396007 0.26289419829845434 0.036672301590442664
decision_type=2 2 2 2 2 2 2 2 2 2 2 2 2 2
left_child=4 2 10 13 6 9 7 -1 -9 -4 -2 -7 -12 -3
right_child=1 3 5 -5 -6 11 -8 8 -10 -11 12 -13 -14 -15
leaf_value=-0.014203334549382104 -0.0078398849611544478 0.0087087663171846533 0.011066502345779996 -0.0015696939170353876 0.01220891402834493 -0.0049445665082720278 -0.014570889808471795 -0.0020847318390358025 0.024848024215764885 -0.0097413386647894583 0.0080902856964632855 0.0062291343600377538 -0.0077874659470547631 -0.012271935129963022
leaf_weight=765.71596790105104 710.19782144576311 5941.9562293067575 1239.7368057519197 3040.5008401796222 373.74978122487664 10116.286425728351 2084.9428278468549 1332.5117267519236 232.49672849103808 404.00764028728008 3908.5866670161486 856.1837802529335 367.95827218145132 194.38898835331202
leaf_count=7685 4641 27955 5254 15547 1857 55881 22974 9235 1808 2052 18390 3672 2008 1041
internal_value=-2.71634e-05 0.00122335 -0.000667941 0.00484797 -0.0070073 -0.00276229 -0.00865771 -0.00332844 0.00204874 0.00592427 0.00462559 -0.0040678 0.00670917 0.00802525
internal_weight=31569.2 26779.8 17603 9176.85 4789.42 12616.2 4415.67 2330.72 1565.01 1643.74 4986.74 10972.5 4276.54 6136.35
internal_count=180000 136441 91898 44543 43559 66859 41702 18728 11043 7306 25039 59553 20398 28996
is_linear=0
shrinkage=0.035


Tree=80
num_leaves=15
num_cat=0
split_feature=17 22 23 20 24 23 24 24 20 17 8 21 3 10
split_gain=225.721 186.791 227.076 398.625 301.595 216.432 209.112 301.844 187.927 96.7796 78.2339 72.6526 49.5049 51.0141
threshold=0.024577477946877483 0.505802482366562 0.14419928938150409 -0.026209225878119465 0.030696987174451355 0.10266622155904771 0.027059725485742096 0.030486240051686767 0.064609490334987654 0.049539584666490562 -0.30487003922462458 -0.0087223635055124742 0.63324850797653209 0.24080944806337359
decision_type=8 2 2 2 2 2 2 2 2 8 2 2 2 2
left_child=12 2 3 11 -5 10 8 -8 -4 -7 -3 -2 13 -1
right_child=1 5 6 4 -6 9 7 -9 -10 -11 -12 -13 -14 -15
leaf_value=-0.022149801783341989 0.0063706535010334296 0.022448849488995903 0.028238126977710134 0.012785094830110508 0.0015097810158087382 -0.015976356758428276 -0.011648325996651868 0.00077039753168996325 -0.013051542521732271 -0.0041291397866951704 0.001493163829594452 -0.015832462456258866 0.035649667790857063 -0.0085475308577471747
leaf_weight=591.51289726793766 206.63790751248598 313.46521885693073 494.12021989375353 5790.10135307163 5830.2233744710684 1743.4508339725435 3294.7350714206696 8729.6628725901246 177.6750101968646 1647.763342551887 675.71005485206842 1198.4061932265759 15.424712680280207 820.37364485487342
leaf_count=8517 905 1462 2198 27200 30785 12637 20168 48905 1122 7293 3466 6210 133 8999
internal_value=-2.6745e-05 0.000620057 0.00175834 0.00500334 0.00713413 -0.00605267 -0.00157212 -0.00263924 0.0172867 -0.010249 0.00829214 -0.0125451 -0.0135772 -0.0143619
internal_weight=31529.3 30102 25721.6 13025.4 11620.3 4380.39 12696.2 12024.4 671.795 3391.21 989.175 1405.04 1427.31 1411.89
internal_count=180000 162351 137493 65100 57985 24858 72393 69073 3320 19930 4928 7115 17649 17516
is_linear=0
shrinkage=0.035


Tree=81
num_leaves=15
num_cat=0
split_feature=3 2 11 14 21 22 22 20 20 21 23 12 23 20
split_gain=217.565 240.066 173.614 149.9 147.195 143.745 146.792 156.384 190.475 116.518 150.015 91.1045 71.2706 90.0166
threshold=-0.28714281320571894 0.28471611440181738 0.19773485511541369 0.24591430276632312 -0.017531219869852063 0.56118163466453563 0.21641109138727191 -0.030183549039065834 -0.050431339070200913 -0.054856372997164719 0.1739926487207413 1.0785151124000552 0.21555506438016894 -0.00930183846503496
decision_type=2 2 2 2 2 2 2 2 2 2 2 2 2 2
left_child=5 2 -2 -4 -3 6 7 8 -1 -8 -11 -5 -6 -14
right_child=1 4 3 11 12 -7 9 -9 -10 10 -12 -13 13 -15
leaf_value=-0.0028782570968382696 -0.013369052506183206 0.013482650334588998 -0.011190618278268196 0.0012306179590994692 0.00017928604472345862 -0.013073961075428218 0.023563533537449166 -0.011795162113622719 0.031941035227104016 0.0103449443370273 -0.0050676903133869688 -0.0048549608656172187 0.037675227852321969 -0.003072293995548436
leaf_weight=582.44498718157411 2086.3611227795482 1498.5362742878497 2120.0473708286881 7690.1926488615572 5089.6124232746661 493.41151683032513 602.00619900971651 977.7377454675734 276.37311604619026 3918.8202600330114 956.75982108712196 4942.1391726061702 132.76819319278002 121.56482453644276
leaf_count=3896 23110 6760 10831 45238 24256 2940 2645 5940 1359 19538 5228 27080 585 594
internal_value=-2.62369e-05 -0.00169689 -0.00394269 -0.00260141 0.00382751 0.00503674 0.00627466 -0.00227921 0.00856548 0.00914158 0.00731626 -0.0011522 0.00109992 0.0188195
internal_weight=31488.8 23681.2 16838.7 14752.4 6842.48 7807.55 7314.14 1836.56 858.818 5477.59 4875.58 12632.3 5343.95 254.333
internal_count=180000 138454 106259 83149 32195 41546 38606 11195 5255 27411 24766 72318 25435 1179
is_linear=0
shrinkage=0.035


Tree=82
num_leaves=15
num_cat=0
split_feature=19 8 21 22 22 4 16 21 20 23 21 23 23 22
split_gain=206.933 264.07 158.409 138.319 119.097 116.001 104.041 95.0976 197.44 103.367 85.1447 74.5955 69.4075 58.2012
threshold=0.24617498368024829 -0.41424486041069025 0.050632659345865257 0.21641109138727191 0.40200047194957739 0.018590171821415428 1.6816567182540896 0.0065486901439726361 -0.030183549039065834 0.20302215963602069 0.099522776901721968 0.15720312297344211 0.19652975350618365 0.54684218764305126
decision_type=2 2 2 2 2 2 2 2 2 2 2 2 2 2
left_child=1 3 5 7 -2 6 -3 9 -9 -1 12 13 -5 -4
right_child=4 2 11 10 -6 -7 -8 8 -10 -11 -12 -13 -14 -15
leaf_value=0.0008804038880221495 0.0098666179159405398 -0.0025943106064011123 -0.0045530718386800947 0.0091708625593269685 -0.00045435403075298633 0.0031034832377265812 -0.013718937766376281 0.038274854005720976 -0.017918979112112023 -0.014830657475763471 -0.0072355183063785291 -0.019528834983925915 -0.000170800831182648 -0.013895147514175596
leaf_weight=1092.7893238849938 3589.4813784770668 7098.3350685499609 2627.3651354797184 4808.7744287103415 2209.4472391717136 3892.6674349866807 1196.2834245339036 168.91748121380806 125.90517653524876 955.11517762765288 531.12341803312302 753.7566729709506 1220.7682426273823 1187.0184627734125
leaf_count=6400 16152 45570 17769 22476 9939 22890 6378 834 882 6458 3015 5961 6065 9211
internal_value=-2.51362e-05 -0.0013751 -0.00396259 0.0034933 0.00594022 -0.00187569 -0.00421334 -0.00379544 0.0144765 -0.00648348 0.00609783 -0.00951394 0.00728236 -0.00748901
internal_weight=31457.7 25658.8 16755.4 8903.39 5798.93 12187.3 8294.62 2342.73 294.823 2047.9 6560.67 4568.14 6029.54 3814.38
internal_count=180000 153909 107779 46130 26091 74838 51948 14574 1716 12858 31556 32941 28541 26980
is_linear=0
shrinkage=0.035


Tree=83
num_leaves=15
num_cat=0
split_feature=11 20 3 23 17 21 17 24 21 13 21 1 3 15
split_gain=206.67 159.684 165.11 138.519 126.722 102.157 89.7436 94.3313 84.9176 76.6246 72.0963 73.4026 69.8381 69.839
threshold=0.38907703757286077 0.063399493694305434 -0.19484747946262357 0.095546394586563124 0.028257963247597221 0.099522776901721968 0.099579080939292922 0.033049454912543304 0.017854389734566215 0.52831313014030468 -0.073069930076599107 0.25153753161430364 -0.22009686380624768 21.742136955261234
decision_type=2 2 2 2 8 2 8 2 2 2 2 2 2 2
left_child=1 2 3 -1 -4 -5 7 12 -9 -6 -3 -12 -2 -14
right_child=6 10 4 5 9 -7 -8 8 -10 -11 11 -13 13 -15
leaf_value=0.014301183198562101 0.0093232998054826061 0.0091759634885667084 -0.01241284180450606 0.0024104149627122624 -0.0046347390314274749 -0.01626728957298338 0.012690428778966657 5.0566751378612802e-05 -0.017901327981463093 0.0012618835081942303 -0.017676765576965268 -0.00035608109903643228 -0.0034882006457135819 0.0050538899091356199
leaf_weight=1173.4159468859434 2408.6989061385393 177.54246517270803 1649.0357620045543 4937.4747105576098 6095.4901630505919 376.79975755885243 1266.8842548429966 1168.9323688223958 435.89022335410118 4833.1445520408452 1343.5165384225547 385.50312934443355 1780.5022292584181 3391.9864001050591
leaf_count=5924 10773 1186 18983 30681 35742 2630 5436 5414 2117 26458 9977 1972 8059 14648
internal_value=-2.50596e-05 -0.00202877 -0.00106009 0.00347162 -0.0033985 0.00105804 0.00399313 0.00278115 -0.00490606 -0.00202821 -0.0116593 -0.0138392 0.00441273 0.00211243
internal_weight=31424.8 20971.9 19065.4 6487.69 12577.7 5314.27 10452.9 9186.01 1604.82 10928.6 1906.56 1729.02 7581.19 5172.49
internal_count=180000 133553 120418 39235 81183 33311 46447 41011 7531 62200 13135 11949 33480 22707
is_linear=0
shrinkage=0.035


Tree=84
num_leaves=15
num_cat=0
split_feature=17 22 23 20 24 23 24 24 20 17 19 21 1 23
split_gain=197.898 160.497 202.102 372.115 281.979 193.595 189.416 278.238 165.178 89.6453 73.6582 66.5385 46.1573 44.2824
threshold=0.024577477946877483 0.505802482366562 0.14419928938150409 -0.026209225878119465 0.030696987174451355 0.10266622155904771 0.027059725485742096 0.030486240051686767 0.064609490334987654 0.049539584666490562 -0.068525128066539751 -0.0087223635055124742 -0.18337920308113095 0.095546394586563124
decision_type=8 2 2 2 2 2 2 2 2 8 2 2 2 2
left_child=13 2 3 11 -5 10 8 -8 -4 -7 -3 -2 -11 -1
right_child=1 5 6 4 -6 9 7 -9 -10 12 -12 -13 -14 -15
leaf_value=-0.0037801247793109215 0.0058179930639360149 0.021646796436781739 0.026677706435722461 0.012207636631439386 0.0013036239124549489 -0.015238048116805776 -0.011235675194144097 0.00073104996700673445 -0.012276185288169681 0.014203899513216951 0.0013195412524087979 -0.015474092380721801 -0.0056512125823492548 -0.017178179503021713
leaf_weight=453.33648955821991 206.04564633965492 313.17423988133669 493.83904584497213 5789.7962103635073 5826.5222284719348 1710.1695343703032 3265.1823248267174 8705.455434769392 174.6176416054368 148.99481588602066 677.80735939741135 1191.341513633728 1493.2031020075083 939.26569994911551
leaf_count=4363 905 1544 2198 27200 30785 12637 20168 48905 1122 625 3384 6210 6668 13286
internal_value=-2.4788e-05 0.000575876 0.0016298 0.00468973 0.00674422 -0.00563826 -0.00152205 -0.00253972 0.016471 -0.00965052 0.00789553 -0.0123155 -0.00377471 -0.0128747
internal_weight=31388.8 29996.1 25652.8 13013.7 11616.3 4343.35 12639.1 11970.6 668.457 3352.37 990.982 1397.39 1642.2 1392.6
internal_count=180000 162351 137493 65100 57985 24858 72393 69073 3320 19930 4928 7115 7293 17649
is_linear=0
shrinkage=0.035


Tree=85
num_leaves=15
num_cat=0
split_feature=11 22 23 24 24 23 24 24 20 14 23 4 2 19
split_gain=190.964 156.368 229.367 278.379 260.59 190.667 188.586 216.755 130.927 98.7106 83.2346 82.6467 76.7422 52.99
threshold=0.38907703757286077 0.52079185843467724 0.14419928938150409 0.030226894654333595 0.028020161204040054 0.13984204083681109 0.027059725485742096 0.030486240051686767 0.064609490334987654 0.24591430276632312 0.10266622155904771 0.033957535400986678 0.28471611440181738 -0.068525128066539751
decision_type=2 2 2 2 2 2 2 2 2 2 2 2 2 2
left_child=1 2 3 4 -1 -5 8 -8 -4 12 13 -12 -2 -3
right_child=9 10 6 5 -6 -7 7 -9 -10 -11 11 -13 -14 -15
leaf_value=-0.0070003360782897898 -0.0074218743159124171 0.015316697416808283 0.024691723018632952 -0.0053154133636959958 0.01262933040914338 0.018118573567166597 -0.015823264513033244 -0.0026536273874155575 -0.013167527715214651 0.0054354755018917325 -0.016754463053287698 -0.0034085685471276841 0.008840891234710737 -0.0050285472975968573
leaf_weight=1035.9441546797752 1421.6408938392997 222.75011908262968 399.61861087754369 4453.6941759437323 4018.8713533692062 460.330870449543 2198.812179595232 5005.9609151370823 146.68517522513866 8555.9643649235368 1609.0556070022285 885.37270538508892 463.62252870202065 471.30573775991797
leaf_count=6594 6576 1317 1907 29145 20122 2780 16200 34316 1067 37901 12185 5267 1970 2653
internal_value=-2.4443e-05 -0.00195466 -0.00066863 0.00284155 0.00860051 -0.00308785 -0.00518099 -0.00668921 0.0144724 0.00383896 -0.00907732 -0.01205 -0.003397 0.00162586
internal_weight=31349.6 20908.4 17719.9 9968.84 5054.82 4914.03 7751.08 7204.77 546.304 10441.2 3188.48 2494.43 1885.26 694.056
internal_count=180000 133553 112131 58641 26716 31925 53490 50516 2974 46447 21422 17452 8546 3970
is_linear=0
shrinkage=0.035


Tree=86
num_leaves=15
num_cat=0
split_feature=17 4 16 22 24 21 11 1 23 16 24 3 24 21
split_gain=190.37 139.737 163.218 106.682 214.085 149.058 104.927 88.2991 94.6624 126.276 80.7211 79.7373 79.676 69.8051
threshold=0.032806409522891052 0.041383979842066772 1.6816567182540896 0.22082895785570147 0.027059725485742096 -0.0087223635055124742 0.41488088667392736 -0.023247097618877884 0.13378148525953296 0.67743563652038585 0.03452891297638417 1.0814728736877444 0.030696987174451355 1.0000000180025095e-35
decision_type=8 2 2 2 2 2 2 2 2 2 2 2 2 2
left_child=7 2 3 4 -2 -5 -4 8 9 12 -3 -9 -1 -12
right_child=1 10 6 5 -6 -7 -8 11 -10 -11 13 -13 -14 -15
leaf_value=0.021746845570121267 0.024941049109876431 0.0063898183270512544 -0.011211199594804419 0.0087360515077341463 -0.0071432232085883035 9.7699352662769553e-05 0.0020424161783614025 -0.01228558664151895 -0.010060871770132705 -0.0049111729530545408 0.0048551472438721124 0.049286318731423598 -0.0038208711815371746 -0.014311578648705208
leaf_weight=495.78487207740545 268.35583397746086 6886.9408431351185 2459.748299472034 3471.0716771557927 3022.9422831535339 8237.9413656145334 1035.9180850163102 2142.9357226938009 1126.0165166966617 1021.819616638124 463.37438597530127 16.43866840749979 208.05535767227411 450.21334508061409
leaf_count=2939 1140 33041 13135 16024 19451 41135 4397 22684 11267 8457 2260 126 1586 2358
internal_value=-2.40787e-05 0.00116791 -0.00048949 0.00109885 -0.00445961 0.00266376 -0.00728895 -0.00626915 -0.00221223 0.00293757 0.0050934 -0.0115918 0.0142414 -0.00464285
internal_weight=31307.6 26296.5 18496 15000.3 3291.3 11709 3495.67 5011.05 2851.68 1725.66 7800.53 2159.37 703.84 913.588
internal_count=180000 132941 95282 77750 20591 57159 17532 47059 24249 12982 37659 22810 4525 4618
is_linear=0
shrinkage=0.035


Tree=87
num_leaves=15
num_cat=0
split_feature=3 2 11 14 21 21 16 19 19 20 10 20 2 8
split_gain=190.197 204.215 150.249 132.704 126.014 99.967 92.2306 73.847 72.2234 66.1849 55.0295 54.0887 37.9195 35.4405
threshold=-0.28714281320571894 0.28471611440181738 0.18589404225349429 0.24591430276632312 -0.017531219869852063 0.10745966061949731 1.9100028872489931 0.2737200409173966 -0.15658132731914517 -0.026209225878119465 1.3130677938461306 0.063399493694305434 1.0605872869491579 -0.19524952024221418
decision_type=2 2 2 2 2 2 2 2 2 2 2 2 2 2
left_child=5 2 13 -4 12 7 -5 8 -1 -6 -11 -10 -3 -2
right_child=1 4 3 6 9 -7 -8 -9 11 10 -12 -13 -14 -15
leaf_value=0.0098177746857551276 -0.0076292395137396501 0.0095285920130370894 -0.010693816837080747 -7.5620250487218435e-05 -0.011355269403501242 -0.012228899434871357 -0.0085974694600695085 0.016560505920790908 0.0036231719071880171 0.0013437602630309721 0.018365722788966438 -0.0069800162195125639 0.023527583920520345 -0.018338099754287917
leaf_weight=2130.8115226365626 679.01011554151773 1198.5813614949584 2118.0638753287494 11171.878327704966 474.94567768648267 395.12063906341791 1797.5002713091671 679.7566756978631 3879.0217521712184 4612.1453429460526 235.1720362007618 685.10942521318793 297.11237123608589 916.85836535692215
leaf_count=10814 7449 5468 10988 67483 2227 2439 8891 2962 21283 22191 1017 4048 1292 11448
internal_value=-2.30808e-05 -0.00159274 -0.00367788 -0.00259267 0.00350746 0.00472058 -0.00126243 0.00564403 0.0045126 0.000976532 0.00220571 0.00201978 0.0124472 -0.0138576
internal_weight=31271.1 23501.3 16683.3 15087.4 6817.96 7769.82 12969.4 7374.7 6694.94 5322.26 4847.32 4564.13 1495.69 1595.87
internal_count=180000 138454 106259 87362 32195 41546 76374 39107 36145 25435 23208 25331 6760 18897
is_linear=0
shrinkage=0.035


Tree=88
num_leaves=15
num_cat=0
split_feature=17 4 24 21 20 20 17 6 14 24 16 24 8 11
split_gain=179.374 155.019 161.75 160.562 187.264 119.74 72.934 39.7443 31.8647 24.3483 29.8058 32.4176 23.6196 20.4437
threshold=0.022206579335033897 0.20627331733703616 0.036860706284642226 0.053618809208273895 -0.059386368840932839 0.059344515204429633 0.099579080939292922 0.2149377837777138 2.8474667072296147 0.030079266056418422 0.62978503108024608 0.027896618470549587 -0.63631767034530629 0.47344502806663519
decision_type=8 2 2 2 2 2 8 2 2 2 2 2 2 2
left_child=7 2 3 4 -2 -5 12 9 13 10 11 -1 -4 -3
right_child=1 8 6 5 -6 -7 -8 -9 -10 -11 -12 -13 -14 -15
leaf_value=-0.018493120817897005 -0.0074975628495763027 7.7931430168279601e-05 0.003342490698248411 -0.0019187488182515371 0.0029748805176235678 -0.012985958068057203 0.016330682899769775 0.03005653098147475 0.016144970486946603 -0.02325677983263379 -0.0157656395627843 0.019711217363159023 -0.024091976037269352 0.015612391981103011
leaf_weight=33.997068461030722 2343.5692780762911 344.21926208585501 39.124446704983711 5834.5957305207849 18811.204429455101 1498.4487164653838 60.843582659959793 13.713228799402712 844.31523668020964 399.83527875691652 322.85813867673278 62.771538928151131 498.90624977648258 138.63149775564671
leaf_count=408 15885 1479 218 35207 98155 9331 252 148 3655 6540 4141 530 3419 632
internal_value=-2.24674e-05 0.000418862 -0.000116769 0.000264646 0.00181173 -0.00419485 -0.0179667 -0.0159465 0.012071 -0.0170694 -0.0107697 0.00581419 -0.0220724 0.00476432
internal_weight=31247 30413.9 29086.7 28487.8 21154.8 7333.04 598.874 833.175 1327.17 819.462 419.627 96.7686 538.031 482.851
internal_count=180000 168233 162467 158578 114040 44538 3889 11767 5766 11619 5079 938 3637 2111
is_linear=0
shrinkage=0.035


Tree=89
num_leaves=15
num_cat=0
split_feature=17 24 22 20 8 22 17 24 21 22 4 16 2 5
split_gain=172.86 150.552 152.22 170.008 177.944 173.3 90.6115 59.288 100.315 93.1559 69.7701 68.9853 43.6755 40.1762
threshold=0.053577672690153129 0.036860706284642226 0.56118163466453563 -0.059386368840932839 -0.33608153462409968 0.25059181451797491 0.11281597241759302 0.03452891297638417 1.0000000180025095e-35 0.30170544981956487 -0.013097808230668305 1.6816567182540896 -0.26131474971771235 -0.14459777623414991
decision_type=8 2 2 2 2 2 8 2 2 2 2 2 2 2
left_child=1 2 3 5 -5 -1 7 10 9 -9 11 -2 -10 -4
right_child=6 -3 13 4 -6 -7 -8 8 12 -11 -12 -13 -14 -15
leaf_value=-0.020684581281105556 0.0026120260334827482 -0.027372418000960418 0.015766459317809643 0.0043392816830271951 -0.0031819762653163379 0.014024604084482495 0.014386503741627784 -0.0058890643490901312 0.011426846644477595 0.018635364631661391 0.0058466350434699917 -0.0069665581674146189 -0.017625703538642481 -0.013450663446008825
leaf_weight=896.65367198735476 3522.2010886147618 276.11501784622669 51.923040740191936 6872.1824637427926 8745.6869968362153 211.21764258667827 808.75252149999142 458.29925804585218 64.26748925447464 309.75433491170406 5729.3113737106323 1235.9665546417236 571.82897890359163 1466.5696421228349
leaf_count=8542 15744 2354 275 38519 60672 1358 3537 2263 294 1300 25060 5624 2653 11805
internal_value=-2.20608e-05 -0.00217827 -0.00178219 -0.000815496 0.00012819 -0.014001 0.00312148 0.00234389 -0.00438822 0.00411398 0.00324857 0.000114531 -0.014559 -0.012355
internal_weight=31220.7 18520.3 18244.2 16725.7 15617.9 1107.87 12700.4 11891.6 1404.15 768.054 10487.5 4758.17 636.096 1518.49
internal_count=180000 123525 121171 109091 99191 9900 56475 52938 6510 3563 46428 21368 2947 12080
is_linear=0
shrinkage=0.035


Tree=90
num_leaves=15
num_cat=0
split_feature=3 17 24 23 22 23 4 24 22 22 24 24 24 20
split_gain=171.661 170.674 120.646 154.662 225.091 154.891 130.078 131.057 111.49 119.305 146.741 110.711 117.782 70.1885
threshold=-0.28714281320571894 0.028257963247597221 0.030120851472020153 0.12374271824955942 0.48357892036437994 0.21555506438016894 0.021434500813484195 0.031365167349576957 0.56118163466453563 0.21641109138727191 0.027239737100899223 0.034816114231944091 0.027580020017921928 0.035948697477579124
decision_type=2 8 2 2 2 2 2 2 2 2 2 2 2 2
left_child=8 -2 3 4 -3 -5 7 -4 9 10 -1 12 -11 -8
right_child=1 2 6 5 -6 -7 13 -9 -10 11 -12 -13 -14 -15
leaf_value=0.02865211152538873 -0.010818939746240293 0.012169381115642492 -0.010307447777488097 -0.0048526410897784446 -0.0037359154771075343 0.027216255027306041 0.0053327770579650316 -0.0014728719089590278 -0.011715505473932556 -0.0058266057605529439 -0.0053677721243100699 -0.0057827269609671871 0.011783344435674857 -0.0035820358593621057
leaf_weight=161.36048047989607 2180.5933266356587 3194.9761999994516 3578.755782905966 3170.8155050948262 1645.8144602403045 185.9574426189065 2931.6858291551471 4828.4182088822126 478.81677742674947 514.91262193396688 1653.8375207222998 614.5353243239224 4342.4936869628727 1702.5483491830528
leaf_count=722 25300 14079 20168 17947 8147 1122 15186 27134 2940 2909 10473 3309 21193 9371
internal_value=-2.1824e-05 -0.0015173 -0.000557668 0.0027675 0.00676521 -0.00300054 -0.00264832 -0.00524134 0.0044842 0.00556323 -0.00220319 0.0081389 0.00990845 0.00205695
internal_weight=31185.5 23419.6 21239 8197.56 4840.79 3356.77 13041.4 8407.17 7765.96 7287.14 1815.2 5471.94 4857.41 4634.23
internal_count=180000 138454 113154 41295 22226 19069 71859 47302 41546 38606 11195 27411 24102 24557
is_linear=0
shrinkage=0.035


Tree=91
num_leaves=15
num_cat=0
split_feature=17 3 3 4 22 22 24 24 17 19 21 22 16 17
split_gain=162.434 145.358 153.19 137.096 125.53 136.326 152.608 118.711 54.2516 49.5583 47.9426 60.999 58.3026 36.9848
threshold=0.022206579335033897 -0.20746153593063352 0.54969352483749401 0.018590171821415428 0.56118163466453563 0.16608449816703799 0.034816114231944091 0.030120851472020153 0.057221457362174995 0.24617498368024829 -0.017531219869852063 0.34321255981922155 0.31291931867599493 0.099579080939292922
decision_type=8 2 2 2 2 2 2 2 10 2 2 2 2 8
left_child=-1 4 3 7 5 9 -7 -3 -6 -2 11 -4 -12 -5
right_child=1 2 10 13 8 6 -8 -9 -10 -11 12 -13 -14 -15
leaf_value=-0.015356783808440683 -0.012028888684681086 -0.00081168400468483218 0.0070103970110313831 0.00078882969484596842 -0.018559454191400229 0.007578913931619833 -0.0068206831321627366 -0.0085339105288489391 0.0023866555931361427 0.016738360671802278 0.020081063967395653 0.029107848456252163 0.00055849036889446362 0.013883157211301171
leaf_weight=813.72208289057016 711.52973408252001 4121.2141884341836 1212.468334659934 5337.3459476456046 413.11883518844843 7978.3781508170068 1008.4753100611269 5971.0487404093146 232.71027700603008 72.909769989550114 191.70870001614094 167.52643601596355 2649.782718013972 268.10594953596592
leaf_count=11767 5531 22890 5769 30418 3059 41104 5729 37441 1018 356 859 717 12157 1185
internal_value=-2.12021e-05 0.000395075 -0.00135693 -0.0029486 0.00374327 0.00473405 0.00595725 -0.00538443 -0.0110907 -0.00917808 0.00455476 0.00988306 0.00194144 0.00143873
internal_weight=31150 30336.3 19919.2 15697.7 10417.1 9771.29 8986.85 10092.3 645.829 784.44 4221.49 1379.99 2841.49 5605.45
internal_count=180000 168233 111436 91934 56797 52720 46833 60331 4077 5887 19502 6486 13016 31603
is_linear=0
shrinkage=0.035


Tree=92
num_leaves=15
num_cat=0
split_feature=17 6 22 24 22 10 24 21 16 24 22 14 22 16
split_gain=157.742 131.87 160.25 260.011 99.6842 97.7625 98.4677 173.226 97.263 95.5016 170.817 86.1343 76.6549 76.0889
threshold=0.043641369789838798 -0.095946684479713426 0.22082895785570147 0.027059725485742096 0.52079185843467724 1.1541440486907961 0.03452891297638417 0.0099786282517015951 0.92634910345077526 0.030120851472020153 0.39701244235038763 0.33676519989967352 0.505802482366562 0.86653113365173351
decision_type=8 2 2 2 2 2 2 2 2 2 2 2 2 2
left_child=1 2 3 -1 9 6 11 -8 -4 10 -3 13 -13 -2
right_child=5 4 8 -5 -6 -7 7 -9 -10 -11 -12 12 -14 -15
leaf_value=0.027678166581257033 0.00078379724501238075 -0.0061681142497114864 0.0098354745124663839 -0.015938596593527872 -0.014117969607311277 0.011173593470542231 0.0011256368078937193 -0.020934930184323294 -0.0028008169787669163 -0.0079620686472483427 0.011537232754094124 0.0045649882203852724 -0.0028399205181800207 -0.011462595285459334
leaf_weight=189.36956366151571 1814.4171976745129 1682.4773224443197 2199.7022288553417 1052.0528742186725 1469.5964268632233 1306.612272053957 1335.5458593219519 636.71569027006626 1121.05297652632 3334.9870792813599 1092.2812386751175 10928.602829486132 2023.3735181987286 934.37688877433538
leaf_count=886 8357 11954 13181 9283 12640 5670 6525 3340 7685 29078 6467 51095 9471 4368
internal_value=-2.04299e-05 -0.00313441 0.00156515 -0.00911718 -0.00596152 0.00197223 0.00128601 -0.00606598 0.00557399 -0.00397976 0.000817982 0.00221281 0.00340689 -0.00340549
internal_weight=31121.2 12141.5 4562.18 1241.42 7579.34 18979.6 17673 1972.26 3320.76 6109.75 2774.76 15700.8 12952 2748.79
internal_count=180000 91174 31035 10169 60139 88826 83156 9865 20866 47499 18421 73291 60566 12725
is_linear=0
shrinkage=0.035


Tree=93
num_leaves=15
num_cat=0
split_feature=4 8 2 21 24 23 20 22 21 24 21 23 24 23
split_gain=153.939 169.477 135.399 112.938 109.693 104.779 90.7588 79.5204 79.1956 88.8218 74.681 70.1556 62.7457 58.319
threshold=0.055036118254065521 -0.41424486041069025 0.3803421705961228 0.050632659345865257 0.02837362885475159 0.26289419829845434 -0.059386368840932839 0.52079185843467724 0.017854389734566215 0.033049454912543304 -0.11160925030708312 0.14283729344606402 0.031934069469571121 0.41836158931255346
decision_type=2 2 2 2 2 2 2 2 2 2 2 2 2 2
left_child=1 5 3 4 -3 6 -1 -4 -2 11 -8 -10 -5 -7
right_child=8 2 7 12 -6 13 10 -9 9 -11 -12 -13 -14 -15
leaf_value=-0.0095602145852225189 0.0083712154832337321 0.0074686247631123425 0.0067562528074501917 -0.0078961441712200875 -0.0043317140607116418 -0.011818407312046114 0.037317145937461146 -0.006276698292323914 0.0058669205711048182 -0.013128373886395064 0.0050217771241143107 -0.0071366268675846362 -0.01955465996260073 0.0083237165900108597
leaf_weight=523.20592974871397 3413.1276300102472 1074.2378876060247 2186.8931375220418 2567.8592584319413 8819.5231987610459 815.28559478372335 79.220640249550343 767.30565845221281 2364.6038699485362 469.48714880645275 6422.380193926394 637.56491657346487 727.79540451616049 216.1130260899663
leaf_count=3380 16409 7090 9862 19589 56663 5686 404 3920 12071 2774 31826 3364 6052 910
internal_value=-2.04018e-05 -0.00133439 -0.00340282 -0.00491929 -0.00304422 0.00280955 0.0043404 0.0033614 0.00459348 0.000866052 0.00547199 0.00309086 -0.0105221 -0.00755855
internal_weight=31084.6 24199.8 16143.6 13189.4 9893.76 8056.21 7024.81 2954.2 6884.78 3471.66 6501.6 3002.17 3295.65 1031.4
internal_count=180000 145382 103176 89394 63753 42206 35610 13782 34618 18209 32230 15435 25641 6596
is_linear=0
shrinkage=0.035


Tree=94
num_leaves=15
num_cat=0
split_feature=17 4 19 19 16 8 3 3 21 3 14 10 11 23
split_gain=149.761 132.065 135.19 140.679 113.946 58.4382 34.9502 34.5802 50.4618 32.6945 30.1053 24.0824 18.3044 17.987
threshold=0.022206579335033897 0.20627331733703616 -0.17856430262327191 0.18298091739416125 2.0921441316604619 -0.22699439525604245 0.42710857093334204 -0.10783356428146361 0.10745966061949731 1.42182993888855 2.8474667072296147 0.22548966109752658 0.47344502806663519 0.095546394586563124
decision_type=8 2 2 2 2 2 2 2 2 2 2 2 2 2
left_child=6 2 7 4 -4 -5 11 8 -2 -9 12 -1 -3 -13
right_child=1 10 3 5 -6 -7 -8 9 -10 -11 -12 13 -14 -15
leaf_value=-0.022753122202310114 0.0089749568534608203 -0.00036346750612750495 -0.0017728552236477978 0.0077663747921245096 -0.01044593295123372 0.00076187817746059777 0.026795244993384169 0.00037786503519134725 -0.010143487775595558 0.01453372696593762 0.015131761145701604 -0.00033032032383983732 0.014410230149403061 -0.015235282996143722
leaf_weight=354.62181678786874 2589.4991572797298 342.76575146615505 15561.701554786414 2259.1640585362911 2098.0055651627481 4094.1147945486009 15.327112130820749 1949.7467334717512 172.76079094782472 212.77050111442804 839.59576894342899 152.33441017568111 136.41658882796764 276.6872039064765
leaf_count=5893 13160 1479 96202 10141 11133 19855 169 9922 1137 917 3655 1533 632 4172
internal_value=-2.00589e-05 0.000377178 -0.000118202 -0.00120203 -0.00280856 0.0032609 -0.0148819 0.00515824 0.00774695 0.00183115 0.0111663 -0.0160244 0.004051 -0.010071
internal_weight=31055.5 30256.5 28937.8 24013 17659.7 6353.28 798.971 4924.78 2762.26 2162.52 1318.78 783.643 479.182 429.022
internal_count=180000 168233 162467 137331 107335 29996 11767 25136 14297 10839 5766 11598 2111 5705
is_linear=0
shrinkage=0.035


Tree=95
num_leaves=15
num_cat=0
split_feature=3 2 11 24 14 22 22 24 21 21 8 23 23 23
split_gain=143.705 165.869 123.845 123.544 117.677 116.991 122.409 134.405 128.085 107.768 85.2509 71.3298 69.4844 65.4742
threshold=-0.20746153593063352 0.28471611440181738 0.17931834608316424 0.030120851472020153 0.40170739591121679 0.56118163466453563 0.16608449816703799 0.034816114231944091 0.0099786282517015951 -0.017531219869852063 -0.33608153462409968 0.21555506438016894 0.14696751534938815 0.26289419829845434
decision_type=2 2 2 2 2 2 2 2 2 2 2 2 2 2
left_child=5 2 -2 10 -5 6 -1 -8 -9 -3 -4 12 -11 -13
right_child=1 9 3 4 -6 -7 7 8 -10 11 -12 13 -14 -15
leaf_value=-0.0089702529585568777 -0.01498684888980136 0.011270780398072243 0.0078805927619556831 -0.012323479792260476 -0.0028966209764611623 -0.010978956337721016 0.0068522604978692309 0.0039280204398365812 -0.021136745353508846 0.0012429750684673411 -0.0018844372842922927 0.034674413872473026 -0.010680001312670721 -0.0013396398685581183
leaf_weight=783.94447453692555 1122.6744370944798 1444.7749038934708 1673.983219217509 2256.0991067700088 5741.9700786806643 651.46727320179343 8165.1568989530206 587.56866076216102 421.14187978208065 4130.6480887010694 3124.2872854918242 129.16667500138283 690.0059190467 109.99911765009165
leaf_count=6034 14521 6559 8346 12438 36166 4267 43192 3275 2577 19778 18316 570 3410 551
internal_value=-1.92606e-05 -0.00173569 -0.00389104 -0.00290661 -0.00556782 0.00328351 0.00422668 0.00536295 -0.00664141 0.00287537 0.00153161 0.000460653 -0.0004822 0.0187215
internal_weight=31032.9 20423.6 13919 12796.3 7998.07 10609.3 9957.81 9173.87 1008.71 6504.59 4798.27 5059.82 4820.65 239.166
internal_count=180000 120655 89787 75266 48604 59345 55078 49044 5852 30868 26662 24309 23188 1121
is_linear=0
shrinkage=0.035


Tree=96
num_leaves=15
num_cat=0
split_feature=11 23 6 20 23 21 24 24 23 14 2 13 10 22
split_gain=139.071 101.43 142.835 101.513 172.786 293.49 226.038 99.3426 127.147 95.3938 84.1406 79.6726 76.6779 87.7936
threshold=0.30917941033840185 0.13378148525953296 -0.088141169399023042 -0.019621936604380604 0.21555506438016894 -0.029386736452579495 0.027239737100899223 0.030890330672264103 0.21982385218143466 0.26957608759403234 0.28471611440181738 0.54348316788673412 1.1541440486907961 0.44238667190074926
decision_type=2 2 2 2 2 2 2 2 2 2 2 2 2 2
left_child=1 2 -1 4 6 -6 -3 -5 -9 10 -2 -4 13 -11
right_child=9 3 11 7 5 -7 -8 8 -10 12 -12 -13 -14 -15
leaf_value=0.0083734869471702202 -0.0065703514341234623 0.024959551722971138 -0.0072839294906055022 -0.018065016920719133 -0.007108719137828466 0.031380296254223512 -0.015050310263665299 9.495903054205294e-06 -0.021020272820593364 0.0038176438687197987 0.0070690017972085371 0.00085302572158985426 0.012583669847562519 -0.0034367458023203969
leaf_weight=1818.1467133238912 2456.3867437168956 194.74709762632847 2671.453213788569 1262.5597053132951 528.30623844638467 434.33905801177025 1125.9278341680765 1389.9423907622695 461.70748271048069 11215.649955298752 705.68308056890965 3269.6753530353308 981.22308279573917 2490.2150397524238
leaf_count=11370 11915 1048 18836 10840 4825 2942 9839 10968 4103 53278 3078 21043 4330 11585
internal_value=-1.91966e-05 -0.00274825 -0.000183531 -0.00642803 -0.000814909 0.0104013 -0.00900721 -0.0105278 -0.00531901 0.00199283 -0.00351375 -0.00281188 0.00317996 0.00249805
internal_weight=31006 13156.8 7759.28 5397.53 2283.32 962.645 1320.67 3114.21 1851.65 17849.2 3162.07 5941.13 14687.1 13705.9
internal_count=180000 95814 51249 44565 18654 7767 10887 25911 15071 84186 14993 39879 69193 64863
is_linear=0
shrinkage=0.035


Tree=97
num_leaves=15
num_cat=0
split_feature=17 3 3 23 22 22 2 24 17 22 22 24 10 15
split_gain=136.624 119.035 125.624 110.742 119.605 97.6624 95.3254 119.111 65.4846 56.4296 50.5273 44.5419 41.6241 52.7476
threshold=0.022206579335033897 -0.20746153593063352 0.54969352483749401 0.095546394586563124 0.505802482366562 0.16608449816703799 0.28471611440181738 0.030120851472020153 0.066918622702360167 0.46943043172359472 0.35694092512130743 0.027896618470549587 1.3130677938461306 23.898971557617191
decision_type=8 2 2 2 2 2 2 2 10 2 2 2 2 2
left_child=-1 3 6 10 5 -5 7 -3 -6 -8 -2 -12 13 -4
right_child=1 2 12 4 8 -7 9 -9 -10 -11 11 -13 -14 -15
leaf_value=-0.01436270755696791 0.0020341947758655381 0.00013033902862063615 0.0056876623289404864 -0.0085332817404997659 -0.015845158997358572 0.0044945344893835637 0.0051622248951344466 -0.0070758484698434697 0.0063819289902655495 -0.0037966001565265277 -2.0432461237602057e-05 0.019528004915506981 0.016941376552774081 -0.003318734451432256
leaf_weight=782.6619786657393 426.09032267704606 4629.3686499856412 2834.0920840799809 770.88881732150912 650.16584618389606 7298.3266858011484 2520.7648215740919 7137.3671339564025 209.17501637339592 1296.8747534789145 170.27798313647509 873.64669246971607 279.52689926326275 1098.8967684060335
leaf_count=11767 1982 26762 13319 5887 4419 38751 11827 46504 884 6841 853 4021 1218 4965
internal_value=-1.89883e-05 0.000357431 -0.00123519 0.00338774 0.00191556 0.00324091 -0.00268471 -0.00424303 -0.0104236 0.00211689 0.0122561 0.0163695 0.00412102 0.0031692
internal_weight=30978.1 30195.5 19796.9 10398.6 8928.56 8069.22 15584.4 11766.7 859.341 3817.64 1470.01 1043.92 4212.52 3932.99
internal_count=180000 168233 111436 56797 49941 44638 91934 73266 5303 18668 6856 4874 19502 18284
is_linear=0
shrinkage=0.035


Tree=98
num_leaves=15
num_cat=0
split_feature=4 11 19 22 24 21 3 21 24 24 4 22 24 22
split_gain=133.529 156.555 112.009 102.793 341.972 150.858 96.5034 62.8646 63.8664 59.2347 49.0301 40.7026 34.9903 33.2137
threshold=0.066909555345773711 0.19773485511541369 -0.23916362226009366 0.22082895785570147 0.027059725485742096 -0.048701481893658631 0.73714846372604381 0.0099786282517015951 0.034816114231944091 0.030120851472020153 0.28549395501613622 0.52079185843467724 0.036860706284642226 0.52079185843467724
decision_type=2 2 2 2 2 2 2 2 2 2 2 2 2 2
left_child=1 6 -3 4 -4 -5 9 12 -9 11 -10 -1 13 -2
right_child=7 2 3 5 -6 -7 -8 8 10 -11 -12 -13 -14 -15
leaf_value=-0.0019583024062032593 0.010314073118242072 0.0062337082079329652 0.023742211475488821 0.0094060636649134933 -0.0092312266288155313 -0.0011485320406351438 0.046478716558433213 0.0030039929638350244 -0.019577419498832415 -0.01746293088816998 0.018376141313415379 -0.017084662335645807 -0.011508722865510194 -0.0086469665358541829
leaf_weight=890.78297725319862 2460.1513723507524 2823.1700364910066 417.9402689859271 1873.3292155303061 3890.1810472980142 13911.591350886971 26.648372016847134 2917.2906577624381 253.62263117358088 958.9803002551198 41.354150265455246 279.90274753421545 93.131150677800179 111.33098851889372
leaf_count=8013 11607 13788 1878 9047 26746 74440 209 14616 1467 13819 178 3212 466 514
internal_value=-1.85412e-05 -0.00113192 -0.000281631 -0.00119971 -0.00598483 0.000109233 -0.0101254 0.00472533 0.00142018 -0.0110476 -0.0138285 -0.00568898 0.00868958 0.00946285
internal_weight=30949.4 25072.5 22916.2 20093 4308.12 15784.9 2156.31 5876.88 3212.27 2129.67 294.977 1170.69 2664.61 2571.48
internal_count=180000 151152 125899 112111 28624 83487 25253 28848 16261 25044 1645 11225 12587 12121
is_linear=0
shrinkage=0.035


Tree=99
num_leaves=15
num_cat=0
split_feature=19 19 4 16 22 17 8 22 21 24 17 15 18 24
split_gain=129.06 176.217 111.764 116.889 99.7107 81.2809 54.587 68.0565 70.4228 51.7101 41.891 50.1342 41.6141 36.7577
threshold=0.18298091739416125 -0.14659664779901502 0.091760858893394484 2.0921441316604619 0.44739976525306707 0.037719883024692542 -0.28147903084754938 0.21641109138727191 -0.048701481893658631 0.031827358528971679 0.11281597241759302 23.448404312133793 0.14226230978965762 0.027239737100899223
decision_type=2 2 2 2 2 8 2 2 2 2 8 2 2 2
left_child=1 6 3 5 -2 -3 7 9 -9 -1 11 -6 -5 -4
right_child=4 2 13 12 10 -7 -8 8 -10 -11 -12 -13 -14 -15
leaf_value=0.0019771234809763511 0.0064313353426374252 -0.00632355161022706 -0.0098975103081412746 -0.015564850304266069 -0.00013541776249805841 -0.00082761791736089471 -0.0063492024556753967 0.017537830883359709 0.0048188139936852278 -0.014280641640935024 0.017367429181807774 -0.012523512864778702 -0.0022020433592511868 0.0078225773173249483
leaf_weight=746.66458515450358 5457.6597631089389 5385.6695617586374 151.83426056057215 1323.9846643395722 1263.0062253884971 8481.9357992783189 599.67953135445714 604.78315715491772 4163.1245652399957 341.57686039432883 109.12429314851761 575.9461158066988 367.85068650916219 1341.4826968796551
leaf_count=4610 25582 49156 808 7575 6054 44378 4250 2620 21214 2190 477 2675 1704 6707
internal_value=-1.7926e-05 -0.00128737 -0.00315148 -0.00402989 0.00400806 -0.00296506 0.00363384 0.0046652 0.00646548 -0.00320943 -0.00277906 -0.00406203 -0.0126894 0.00596702
internal_weight=30914.3 23508.6 17052.8 15559.4 7405.74 13867.6 6455.83 5856.15 4767.91 1088.24 1948.08 1838.95 1691.84 1493.32
internal_count=180000 145212 110328 102813 34788 93534 34884 30634 23834 6800 9206 8729 9279 7515
is_linear=0
shrinkage=0.035


Tree=100
num_leaves=15
num_cat=0
split_feature=17 24 22 23 22 24 24 17 17 6 3 17 24 16
split_gain=122.652 115.853 119.595 172.206 146.151 325.189 253.612 80.8555 75.8414 68.479 37.2393 22.8483 22.2297 27.1104
threshold=0.022206579335033897 0.036860706284642226 0.505802482366562 0.10266622155904771 0.21641109138727191 0.027239737100899223 0.028020161204040054 0.039849437773227699 0.099579080939292922 -0.051259081810712807 0.54969352483749401 0.058541575446724899 0.030079266056418422 0.62978503108024608
decision_type=8 2 2 2 2 2 2 8 8 2 2 10 2 2
left_child=10 2 4 9 5 -2 -6 -5 11 -4 12 -3 13 -1
right_child=1 8 3 7 6 -7 -8 -9 -10 -11 -12 -13 -14 -15
leaf_value=0.007256373754666332 0.022866700150240005 -0.025254698626766586 0.025712354049591341 -0.017183306703287195 -0.011822780785195832 -0.0064892236276405859 0.004000090485629177 -0.0050824226962318097 0.015834989898249809 0.0032092893822002508 0.034045056466767545 -0.010363546803125255 -0.021074911638914909 -0.01374108282192036
leaf_weight=92.420826129615307 502.51859852671623 308.35675862804055 198.50879572331905 946.94275828450918 1319.8665075041354 4719.1747009344399 18616.095294594765 2356.9219892695546 81.180656090378761 824.89216213673353 10.387609723955391 246.70134834945202 362.0830108858645 300.51608962193131
leaf_count=937 2269 2571 958 8982 7977 31688 96171 11730 342 4292 94 1253 6566 4170
internal_value=-1.76664e-05 0.000336041 0.000657124 -0.00471091 0.00158196 -0.0036258 0.00294713 -0.00859212 -0.0143236 0.00778078 -0.013762 -0.0189367 -0.0148561 -0.00874485
internal_weight=30886.6 30121.2 29484.9 4327.27 25157.7 5221.69 19936 3303.86 636.239 1023.4 765.408 555.058 755.02 392.937
internal_count=180000 168233 164067 25962 138105 33957 104148 20712 4166 5250 11767 3824 11673 5107
is_linear=0
shrinkage=0.035


Tree=101
num_leaves=15
num_cat=0
split_feature=4 11 24 20 22 21 24 22 22 17 6 17 14 11
split_gain=121.564 134.091 103.569 100.782 167.153 127.669 73.505 80.1943 108.191 55.4063 41.4318 37.2476 32.4119 23.0428
threshold=0.16417138278484347 0.20876803994178775 0.036860706284642226 -0.059386368840932839 0.25059181451797491 0.053618809208273895 0.030120851472020153 0.52079185843467724 0.39701244235038763 0.099579080939292922 0.23827214539051059 0.031348098069429405 2.8474667072296147 0.47344502806663519
decision_type=2 2 2 2 2 2 2 2 2 8 2 8 2 2
left_child=1 6 3 4 -3 -5 7 8 -1 -4 -8 -12 13 -2
right_child=12 2 9 5 -6 -7 10 -9 -10 -11 11 -13 -14 -15
leaf_value=-0.0066723615139606491 -0.00019463840108414459 -0.011390194443851276 -0.019134489534578431 0.002828976267339437 0.013098949904323731 -0.0030230468421722713 -0.015240231902143986 -0.015842736975855417 0.013711100120084925 0.01553092335425988 0.037963703820036464 -0.004078965038447656 0.012348433994345707 0.012850754644308614
leaf_weight=754.87515094876289 633.64788195863366 1745.2654192745686 460.23578430712223 16825.596297875047 415.01603263616562 6257.4745682179928 1287.3572238460183 404.12082635983825 537.42358050122857 56.611928895115852 21.426947064697742 136.65325009822845 1102.9374152421951 214.53931020200253
leaf_count=6871 2795 12594 3170 84166 2006 35349 17462 4332 3929 235 253 980 4863 995
internal_value=-1.75136e-05 -0.000589504 0.000244154 0.000564483 -0.00664686 0.00124196 -0.00740379 -0.002437 0.00184463 -0.0151148 -0.0131762 0.00353932 0.0084152 0.00321634
internal_weight=30853.2 28902.1 25760.2 25243.4 2160.28 23083.1 3141.86 1696.42 1292.3 516.848 1445.44 158.08 1951.12 848.187
internal_count=180000 171347 137520 134115 14600 119515 33827 15132 10800 3405 18695 1233 8653 3790
is_linear=0
shrinkage=0.035


Tree=102
num_leaves=15
num_cat=0
split_feature=3 3 17 19 22 22 24 24 21 2 11 21 8 22
split_gain=122.011 137.291 106.902 102.135 101.59 107.282 110.122 75.6041 92.168 90.4702 66.0884 46.1496 60.3599 55.8829
threshold=-0.20746153593063352 0.54969352483749401 0.028257963247597221 0.2737200409173966 0.56118163466453563 0.16608449816703799 0.034816114231944091 0.030120851472020153 0.084989652037620558 0.28471611440181738 0.17223137617111209 -0.017531219869852063 -0.19524952024221418 0.34321255981922155
decision_type=2 2 8 2 2 2 2 2 2 2 2 2 2 2
left_child=3 2 -2 4 5 -1 -7 8 -4 -9 -3 13 -13 -12
right_child=1 10 7 -5 -6 6 -8 9 -10 -11 11 12 -14 -15
leaf_value=-0.010219404451897184 -0.011419319416987997 0.04694483016003459 0.0020624010326409192 0.013515069642906215 -0.012659585005945885 0.005307077092453049 -0.0076760921176195996 -0.0061714345523715235 -0.018920547275609097 0.002078978604500719 0.0060488106722605493 0.0057270990166992369 -0.0045136330897376361 0.027289475968373025
leaf_weight=705.47039602324367 1677.2279464416206 33.527465742081404 5361.9652911573648 1017.926225066185 543.40858475118876 7407.8523224368691 888.21000463142991 6588.6424978449941 259.32177080586553 2155.8731925562024 1201.6125381365418 1509.9635398089886 1305.3802726492286 165.68632461130619
leaf_count=5747 21190 264 27374 4515 3841 39879 5363 40175 1697 10623 5723 6752 6143 714
internal_value=-1.69356e-05 -0.00160684 -0.00308377 0.00303109 0.00190004 0.00279205 0.00390948 -0.00210332 0.00106253 -0.00413733 0.00400704 0.00355171 0.000979646 0.00880216
internal_weight=30822.1 20259.2 16043 10562.9 9544.94 9001.53 8296.06 14365.8 5621.29 8744.52 4216.17 4182.64 2815.34 1367.3
internal_count=180000 120655 101059 59345 54830 50989 45242 79869 29071 50798 19596 19332 12895 6437
is_linear=0
shrinkage=0.035


Tree=103
num_leaves=15
num_cat=0
split_feature=17 24 3 22 22 3 17 11 10 17 14 15 17 16
split_gain=115.658 138.131 119.317 103.718 108.061 97.5225 92.448 64.764 39.0277 31.9686 22.8484 22.0113 21.919 17.4662
threshold=0.085831273347139372 0.036860706284642226 -0.23306658864021298 0.56118163466453563 0.21641109138727191 0.54969352483749401 0.020718436688184742 0.17223137617111209 1.3130677938461306 0.058541575446724899 0.72645106911659252 21.616322517395023 0.058541575446724899 2.1966978311538701
decision_type=8 2 2 2 2 2 10 2 2 10 2 2 10 2
left_child=1 2 3 4 -1 6 -4 -7 10 -5 13 -10 -3 -2
right_child=8 12 5 9 -6 7 -8 -9 11 -11 -12 -13 -14 -15
leaf_value=-0.0032415770209455429 0.0030866121690991187 -0.024636637587850899 -0.019088132105003059 -0.017204244672504414 0.0063452840395497694 0.045569285193114435 -0.0026396695902576738 0.0028277130737122073 -0.0041291230094372636 0.0023430121817356844 0.0071900627420498561 0.018531319867389782 -0.008878160365787674 -0.0085203335442212667
leaf_weight=1880.9942531064153 565.52401480078697 303.59417189285159 420.90047543123364 375.11537712439895 6064.8581674583256 34.043462220579386 15081.48313042894 3450.9448247626424 56.194705277681351 136.66290049999952 1607.2491063028574 414.88109922409058 190.15942542254925 209.34914137423038
leaf_count=12522 2394 2698 7308 2925 31709 260 92497 16094 247 611 6953 1872 1016 894
internal_value=-1.62384e-05 -0.000702574 -0.000369081 0.00308645 0.0040746 -0.00190911 -0.00309827 0.00337443 0.0066834 -0.0120396 0.00482233 0.0157985 -0.0188643 -0.000117864
internal_weight=30792 27938.8 27445 8457.63 7945.85 18987.4 15502.4 3484.99 2853.2 511.778 2382.12 471.076 493.754 774.873
internal_count=180000 167640 163926 47767 44231 116159 99805 16354 12360 3536 10241 2119 3714 3288
is_linear=0
shrinkage=0.035


Tree=104
num_leaves=15
num_cat=0
split_feature=4 12 11 8 14 24 21 21 24 24 24 14 23 17
split_gain=112.564 139.748 94.0655 84.133 67.8395 64.391 60.4864 60.44 58.5191 57.969 57.7474 53.9845 51.7323 49.9262
threshold=0.041383979842066772 1.036610543727875 0.22370219230651858 -0.39530509710311884 0.35770881175994879 0.03452891297638417 1.0000000180025095e-35 0.050632659345865257 0.030226894654333595 0.027239737100899223 0.027896618470549587 0.22142650932073596 0.41836158931255346 0.091595645993947997
decision_type=2 2 2 2 2 2 2 2 2 2 2 2 2 8
left_child=1 3 -3 11 -4 9 -7 8 -5 -2 -9 -1 -6 -8
right_child=5 2 4 7 12 6 13 10 -10 -11 -12 -13 -14 -15
leaf_value=-0.0029928000810178945 -0.0042506750608177586 -0.012965366427997237 -0.011602054944829181 0.0040591668565441085 -0.0025199433881065488 0.0037372055013090723 -0.019259260357975344 -0.015899998920461879 -0.0026445091878508388 0.0056635902407128893 -0.0030012288098425766 0.0060204646042497688 0.012025298606747262 0.0094623327350423173
leaf_weight=997.46326996386051 804.74344509467483 1443.0863977484405 991.85928288847208 3003.8537782616913 5692.6726585254073 466.2978907674551 381.21888640150428 545.87926476448774 3379.0528601594269 6537.4786962866783 1838.0779884457588 4292.67699592188 306.30965403467417 85.009084820747375
leaf_count=4848 4473 14252 5015 17508 30657 2379 2421 4478 22217 33636 13335 22996 1420 365
internal_value=-1.59639e-05 -0.00130016 -0.00485913 0.00083709 -0.00316966 0.00347186 -0.00515164 -0.00126624 0.000511716 0.00457263 -0.00600887 0.00431856 -0.00175848 -0.0139336
internal_weight=30765.7 22490.9 8433.93 14057 6990.84 8274.75 932.526 8766.86 6382.91 7342.22 2383.96 5290.14 5998.98 466.228
internal_count=180000 136726 51344 85382 37092 43274 5165 57538 39725 38109 17813 27844 32077 2786
is_linear=0
shrinkage=0.035


Tree=105
num_leaves=15
num_cat=0
split_feature=17 24 21 22 22 24 20 22 24 6 20 10 21 14
split_gain=107.269 140.736 302.416 135.461 132.144 179.374 268.691 186.771 114.859 115.487 61.3025 48.7139 36.4949 61.5263
threshold=0.074342053383588805 0.034816114231944091 0.0099786282517015951 0.30170544981956487 0.505802482366562 0.031934069469571121 -0.059386368840932839 0.39701244235038763 0.03199290111660958 -0.065969366580247865 0.063399493694305434 1.3130677938461306 -0.017531219869852063 0.68548125028610241
decision_type=8 2 2 2 2 2 2 2 2 2 2 2 2 2
left_child=1 4 3 10 5 7 -7 -1 9 -6 -3 12 13 -2
right_child=11 2 -4 -5 8 6 -8 -9 -10 -11 -12 -13 -14 -15
leaf_value=-0.0025147375529834485 -0.0011726701468188175 -0.016716212993051215 -0.027317708413656605 0.013903261563175185 0.01181210210408321 -0.021959162485179404 0.011471895181771719 0.0063620467842169411 -0.017311396018862481 -0.0061024377484768313 0.0092084714121979331 0.014581555127986229 0.00088049337874906389 0.01245311766460193
leaf_weight=13090.458733893931 641.78073666989803 435.58700677379966 742.41380951926112 537.37536696344614 529.33337959647179 316.50620384141803 3059.4295542910695 3720.4504037238657 864.29799477383494 2410.7899881154299 141.90656979754567 537.12013684213161 2632.8598202839494 1087.2854309231043
leaf_count=79662 2837 3352 5418 3012 3353 2729 17877 20447 6382 15740 845 2410 11129 4807
internal_value=-1.60727e-05 -0.000916507 -0.0101718 0.00138736 -0.00019607 0.000932396 0.00828202 -0.000547587 -0.00617063 -0.00284804 -0.0102975 0.00472703 0.00348298 0.00741795
internal_weight=30747.6 25848.5 1857.28 1114.87 23991.3 20186.8 3375.94 16810.9 3804.42 2940.12 577.494 4899.05 4361.93 1729.07
internal_count=180000 158817 12627 7209 146190 120715 20606 100109 25475 19093 4197 21183 18773 7644
is_linear=0
shrinkage=0.035


Tree=106
num_leaves=15
num_cat=0
split_feature=3 2 24 23 20 24 14 11 21 22 22 20 20 21
split_gain=106.191 112.737 131.103 125.848 149.528 129.901 102.549 117.653 80.8172 68.6173 78.5967 130.57 115.862 86.6797
threshold=-0.28714281320571894 0.28471611440181738 0.030120851472020153 0.12374271824955942 -0.030183549039065834 0.027896618470549587 0.24591430276632312 0.22370219230651858 -0.017531219869852063 0.56118163466453563 0.21641109138727191 -0.030183549039065834 -0.050431339070200913 -0.054856372997164719
decision_type=2 2 2 2 2 2 2 2 2 2 2 2 2 2
left_child=9 2 3 5 -5 -2 -4 -8 -3 10 11 12 -1 -12
right_child=1 8 6 4 -6 -7 7 -9 -10 -11 13 -13 -14 -15
leaf_value=-0.0012567241138587556 -0.010128325399705162 0.0097812891054892426 -0.014398769289629763 0.0094058182710325729 -0.009469903083595509 0.008012719458627679 -0.013261741744782885 -0.0021029014497372534 0.00055402916346498281 -0.0094904452493850856 0.018949767043066661 -0.010846261749707889 0.026086438604277864 0.0048808093272593193
leaf_weight=556.6978214867413 561.48170115426183 1482.5477527938783 1311.4243448600173 681.53141826018691 2003.0212152637541 3167.6082061268389 1371.8978910632432 7162.9604516997933 5268.823712028563 456.52325703948736 595.21478939801455 947.53076688572764 277.39890549331903 4878.6892890334129
leaf_count=3896 4012 6760 7261 4154 14733 16598 18143 41358 25435 2940 2645 5940 1359 24766
internal_value=-1.61994e-05 -0.00120754 -0.00278568 0.00110754 -0.00466077 0.00526148 -0.00532019 -0.00391 0.00259173 0.0035355 0.00436704 -0.00200968 0.00803822 0.00644239
internal_weight=30723.4 23011.3 16259.9 6413.64 2684.55 3729.09 9846.28 8534.86 6751.37 7712.05 7255.53 1781.63 834.097 5473.9
internal_count=180000 138454 106259 39497 18887 20610 66762 59501 32195 41546 38606 11195 5255 27411
is_linear=0
shrinkage=0.035


Tree=107
num_leaves=15
num_cat=0
split_feature=4 12 20 21 24 20 24 14 23 23 9 19 2 20
split_gain=104.091 109.74 97.5509 113.402 93.9778 147.946 142.438 68.503 71.4575 71.1076 35.7299 28.6113 28.2588 22.7431
threshold=0.20627331733703616 1.0785151124000552 0.063399493694305434 -0.073069930076599107 0.030696987174451355 0.050384299829602248 0.030780889093875888 0.35770881175994879 0.41836158931255346 0.26289419829845434 0.65851914882659923 -0.23916362226009366 0.60238912701606762 0.090242039412260069
decision_type=2 2 2 2 2 2 2 2 2 2 2 2 2 2
left_child=1 2 4 13 5 -1 -6 11 9 -9 -5 -3 -2 -4
right_child=12 7 3 10 6 -7 -8 8 -10 -11 -12 -13 -14 -15
leaf_value=0.0037760150409624198 0.013835256101955814 0.0053443468792917122 0.0026436420019289538 -0.012374081331339784 -0.022020802076305954 0.028480843113128641 0.00040597720104391824 -0.0018550875184356838 0.011632496115845168 -0.011241270300346114 0.0027424248297010325 -0.013928260643977706 0.0032785937526386187 0.023072996976758842
leaf_weight=7969.212871324271 776.2996611893177 100.22687161713839 122.26822422817349 1306.1313165612519 353.03465382382274 298.81259409338236 7808.0075996369123 8647.7830018736422 421.20311490818858 1107.4322457350791 220.37281891703606 886.59119546413422 526.4190479516983 145.12176456674933
leaf_count=46319 3422 475 816 9443 2072 1483 47748 49053 2090 8302 957 4755 2346 719
internal_value=-1.5919e-05 -0.000446522 0.0012274 -0.00650002 0.0020746 0.00470219 -0.000589935 -0.0031777 -0.00231743 -0.00293105 -0.0101882 -0.0119368 0.00962686 0.0141634
internal_weight=30688.9 29386.2 18223 1793.89 16429.1 8268.03 8161.04 11163.2 10176.4 9755.22 1526.5 986.818 1302.72 267.39
internal_count=180000 174232 109557 11935 97622 47802 49820 64675 59445 57355 10400 5230 5768 1535
is_linear=0
shrinkage=0.035


Tree=108
num_leaves=15
num_cat=0
split_feature=17 23 4 12 20 11 20 4 24 6 24 15 23 1
split_gain=103.065 97.861 97.2372 130.595 74.7641 66.5511 65.316 56.3169 48.8369 36.7045 16.3169 14.2986 20.0275 13.1103
threshold=0.020718436688184742 0.076711963862180724 0.03751033544540406 1.122896730899811 -0.059386368840932839 0.22370219230651858 0.048190230503678329 0.20627331733703616 0.036672301590442664 0.2149377837777138 0.030079266056418422 21.557915687561039 0.10266622155904771 -0.045316349714994424
decision_type=8 2 2 2 2 2 2 2 2 2 2 2 2 2
left_child=9 13 3 4 -3 -5 8 -8 -4 10 11 12 -1 -2
right_child=1 2 6 5 -6 -7 7 -9 -10 -11 -12 -13 -14 -15
leaf_value=0.0073887323600512799 0.019355423130450317 -0.0082493608109206248 0.0053833060708403362 -0.014335565114281541 0.0011381929514084014 -0.0040991134063505224 -0.0050540440242857858 0.01133321423261075 -0.010025689913119215 0.033216067385634228 -0.0231712347430891 -0.020309903636737039 -0.014988496226583334 0.0090300480722813499
leaf_weight=89.892173148691654 265.90998521074653 1113.8810431919992 6307.4710922427475 910.69477707520127 13796.489941384643 5140.6878184378147 1646.7467565797269 294.37557766586542 253.4684953764081 9.6842794083058816 246.80181133374572 97.596802201122046 87.243483055382967 412.97620129957795
leaf_count=963 1241 8174 32113 8484 79511 27108 9799 1300 1450 93 4951 1418 1401 1994
internal_value=-1.52048e-05 0.00025652 -4.83505e-05 -0.00132887 0.000431836 -0.00566074 0.00310662 -0.00252353 0.00477366 -0.0151534 -0.0166596 -0.0102016 -0.00384457 0.0132966
internal_weight=30673.9 30142.7 29463.8 20961.8 14910.4 6051.38 8502.06 1941.12 6560.94 531.219 521.534 274.732 177.136 678.886
internal_count=180000 171174 167939 123277 87685 35592 44662 11099 33563 8826 8733 3782 2364 3235
is_linear=0
shrinkage=0.035


Tree=109
num_leaves=15
num_cat=0
split_feature=11 20 4 16 23 21 1 17 19 22 23 23 21 20
split_gain=102.465 111.47 122.426 139.465 106.917 68.1363 60.1007 53.5969 48.6189 58.1018 46.235 39.8709 98.9397 96.5444
threshold=0.41488088667392736 0.063399493694305434 0.018590171821415428 1.7518990635871889 0.087692510336637511 -0.073069930076599107 0.25153753161430364 0.099579080939292922 -0.089660000056028352 0.32527311146259313 0.34108707308769232 0.21147499233484271 -0.048701481893658631 -0.059386368840932839
decision_type=2 2 2 2 2 2 2 8 2 2 2 2 2 2
left_child=1 2 3 4 -1 -3 10 11 9 -4 -7 12 13 -2
right_child=7 5 8 -5 -6 6 -8 -9 -10 -11 -12 -13 -14 -15
leaf_value=0.007784923959081997 -0.0078372055824578683 0.0094744765360563286 -0.0029427047251873615 -0.011973463871289296 -0.0024725633645842986 -0.016521595686382215 0.00045983885490936954 0.010217990962112967 0.0020711780524251054 0.017292629378280525 0.0083137717884270886 -0.0028610315439857367 0.00079195050548685434 0.015470825518528021
leaf_weight=1420.1695073023438 258.86405992507935 208.26195902004838 246.69317007437348 1669.5066050775349 9601.6168634593487 1287.7074765786529 408.26818976923823 1160.7906483560801 6719.1974144726992 558.16354343667626 92.91517361626029 1531.3711164072156 4289.4496330320835 1201.6313578933477
leaf_count=7764 1328 1342 1428 9436 67516 10075 2114 5133 38551 3407 629 7511 18374 5392
internal_value=-1.50798e-05 -0.00126261 -0.00048128 -0.00257778 -0.00114502 -0.00912951 -0.011336 0.00326498 0.00305374 0.0111304 -0.0148024 0.00214403 0.00347968 0.0113144
internal_weight=30654.6 22212.5 20215.3 12691.3 11021.8 1997.15 1788.89 8442.11 7524.05 804.857 1380.62 7281.32 5749.95 1460.5
internal_count=180000 142262 128102 84716 75280 14160 12818 37738 43386 4835 10704 32605 25094 6720
is_linear=0
shrinkage=0.035


Tree=110
num_leaves=15
num_cat=0
split_feature=3 3 17 19 21 22 24 24 24 24 11 21 20 22
split_gain=102.259 111.156 93.8389 87.094 86.8477 85.7526 83.8851 63.113 90.509 81.0256 56.6736 41.2088 75.7271 50.5512
threshold=-0.20746153593063352 0.54969352483749401 0.028257963247597221 0.2737200409173966 0.12006257474422456 0.16608449816703799 0.034816114231944091 0.030120851472020153 0.031365167349576957 0.029769714921712879 0.17223137617111209 -0.017531219869852063 -0.026209225878119465 0.34321255981922155
decision_type=2 2 8 2 2 2 2 2 2 2 2 2 2 2
left_child=3 2 -2 4 5 -1 -7 9 -9 -4 -3 13 -13 -12
right_child=1 10 7 -5 -6 6 -8 8 -10 -11 11 12 -14 -15
leaf_value=-0.0093869083311939831 -0.010724890207894747 0.042472583189698758 -0.0010061293267487189 0.012493418230368787 -0.015352595688082742 0.0045374594499373649 -0.006870201484676733 -0.0081597210478088489 -0.00085721047844331314 0.0098268361120131022 0.0054996165226443797 -0.015106340504656691 0.0027840587380886209 0.025755073888925811
leaf_weight=690.64582175388932 1637.5111631155014 35.458505686372519 4574.7440370246768 1011.4825929775834 341.10331035405397 7601.6271032392979 872.11347360163927 3449.6549838744104 5217.1947392933071 1027.2462245821953 1198.3479253873229 317.83356135338545 2491.55680238083 164.56036844849586
leaf_count=5747 21190 264 24325 4515 2527 41193 5363 20284 30514 4746 5723 1465 11430 714
internal_value=-1.44956e-05 -0.00147663 -0.00281472 0.00278064 0.00173506 0.00238711 0.00335667 -0.00190006 -0.00376987 0.0009943 0.00357634 0.00314501 0.00071367 0.00811508
internal_weight=30631.1 20114.1 15906.4 10517 9505.49 9164.39 8473.74 14268.8 8666.85 5601.99 4207.76 4172.3 2809.39 1362.91
internal_count=180000 120655 101059 59345 54830 52303 46556 79869 50798 29071 19596 19332 12895 6437
is_linear=0
shrinkage=0.035


Tree=111
num_leaves=15
num_cat=0
split_feature=8 19 21 23 24 24 20 23 24 20 21 23 24 23
split_gain=101.399 128.438 102.5 101.211 85.8336 315.254 171.673 55.9704 85.4622 72.1546 50.2087 63.4914 54.3796 95.7162
threshold=-0.45630444586277003 0.18298091739416125 0.050632659345865257 0.15720312297344211 0.02837362885475159 0.028020161204040054 -0.026209225878119465 0.19652975350618365 0.029347121715545658 -0.0017975920927710829 -0.017531219869852063 0.1739926487207413 0.03452891297638417 0.21555506438016894
decision_type=2 2 2 2 2 2 2 2 2 2 2 2 2 2
left_child=7 2 4 -4 5 -2 -6 -1 9 -9 11 -3 13 -12
right_child=1 10 3 -5 6 -7 -8 8 -10 -11 12 -13 -14 -15
leaf_value=0.0054896589395265717 -0.00098746600684203106 0.014134615081416453 -0.005011393412174112 -0.019377815214547817 -0.0099794020801612562 0.040488315337560157 0.00028533875332877577 0.0328513821108967 -0.0039720119699424589 -0.013214343307309331 0.0010533127087462425 0.0015652822667879659 -0.012201110620781143 0.028796220154960171
leaf_weight=5254.6463371701539 1200.1294899247587 937.97185695916414 3625.9640707075596 713.418172378093 2636.8338784836233 266.02585684135556 8113.8481796383858 137.49535293132067 1727.1151330992579 51.675969082862139 4417.5799478925765 1030.0132937915623 345.39314890280366 147.82600422203541
leaf_count=25833 7847 4533 27180 6206 18650 1432 49147 668 10088 302 20489 5252 1702 671
internal_value=-1.38285e-05 -0.00112839 -0.00279813 -0.00741243 -0.00115442 0.00676139 -0.00223924 0.00362511 -0.00148961 0.0202359 0.00288866 0.00759719 0.000990129 0.00201259
internal_weight=30605.9 23435 16556.2 4339.38 12216.8 1466.16 10750.7 7170.93 1916.29 189.171 6878.78 1967.99 4910.8 4565.41
internal_count=180000 143109 110462 33386 77076 9279 67797 36891 11058 970 32647 9785 22862 21160
is_linear=0
shrinkage=0.035


Tree=112
num_leaves=15
num_cat=0
split_feature=8 19 21 22 23 22 23 22 2 23 24 21 21 19
split_gain=94.5166 119.916 94.5468 106.405 142.551 102.363 90.3687 74.0378 59.621 62.6294 93.2286 71.4995 50.8802 50.4263
threshold=-0.44543288648128504 0.18298091739416125 0.050632659345865257 0.32527311146259313 0.15895815938711169 0.44739976525306707 0.15720312297344211 0.44739976525306707 0.1607836186885834 0.19652975350618365 0.029347121715545658 0.084989652037620558 -0.11160925030708312 -0.23916362226009366
decision_type=2 2 2 2 2 2 2 2 2 2 2 2 2 2
left_child=8 2 3 4 -2 -5 -4 -3 9 12 11 -11 -1 -12
right_child=1 7 6 5 -6 -7 -8 -9 -10 10 13 -13 -14 -15
leaf_value=0.032464367046375529 -0.011514043741513824 0.0049666245459217108 -0.0050031181722192024 0.0050883795665240478 -0.00027847689775352294 -0.0049088418919803574 -0.018850507978915819 -0.0032057939537661808 0.014321519188702451 0.031581361119025368 0.0041655936504894422 -0.013489446581717223 0.0040268407512182832 -0.0091714860116842954
leaf_weight=68.494654536247253 2215.3030614741147 4970.229026183486 3532.2338623814285 4186.3251044042408 3657.2605471424758 1780.6430671922863 683.68527380377054 1859.1813484057784 551.88168349862099 143.71677197515965 471.34595633298159 53.364790447056293 5150.112568885088 1259.1401925608516
leaf_count=336 13754 23562 26696 24804 24986 11560 6045 8865 2466 698 2469 316 25630 7813
internal_value=-1.29945e-05 -0.0011416 -0.00279354 -0.00118831 -0.00452923 0.00210182 -0.00728801 0.0027404 0.00333927 0.00247231 -0.00290828 0.0193152 0.00446146 -0.0055357
internal_weight=30582.9 22884.9 16055.5 11839.5 5872.56 5966.97 4215.92 6829.41 7698.06 7146.17 1927.57 197.082 5218.61 1730.49
internal_count=180000 140272 107845 75104 38740 36364 32741 32427 39728 37262 11296 1014 25966 10282
is_linear=0
shrinkage=0.035


Tree=113
num_leaves=15
num_cat=0
split_feature=17 17 24 3 21 3 6 17 15 24 7 21 6 15
split_gain=93.5151 85.3804 107.681 98.6516 88.154 79.955 34.4697 31.2224 17.7016 15.7591 13.9884 17.9642 16.6255 13.8254
threshold=0.020718436688184742 0.11281597241759302 0.036860706284642226 -0.17001788318157193 0.099522776901721968 0.54969352483749401 0.2149377837777138 0.058541575446724899 21.161047935485843 0.030079266056418422 -0.27450381219387049 -0.018627555109560486 0.14504048973321917 20.311455726623539
decision_type=8 8 2 2 2 2 2 10 2 2 2 2 2 2
left_child=6 2 3 4 -2 -5 9 -4 -9 13 11 -3 -13 -1
right_child=1 10 7 5 -6 -7 -8 8 -10 -11 -12 12 -14 -15
leaf_value=0.004842676595457231 0.0037681842319120516 0.014801150498309408 -0.023144011782878861 -0.0026599802120421882 -0.0073943840588625905 0.0029933846751459435 0.031850455283806686 0.006641802788196669 -0.012040936925899658 -0.022633123123558661 0.015379949880456741 -0.010312910691234264 0.010042779885322591 -0.013729538693049723
leaf_weight=57.407431568950415 10157.52028151229 135.08707298338413 283.3975776694715 13664.817929603159 938.17975692823529 3940.7003123238683 10.009670510888098 82.297393947839737 190.98551262915134 238.51996868848801 468.15785125643015 104.57876239717007 76.269262224435806 213.06286079064012
leaf_count=745 56290 594 2614 82757 6266 18312 93 446 952 4951 2164 446 333 3037
internal_value=-1.24846e-05 0.000244307 -6.30153e-05 0.000235208 0.00281854 -0.00139359 -0.0146003 -0.0151716 -0.0063789 -0.0161099 0.0115682 0.00562136 -0.00165188 -0.00975546
internal_weight=30561 30042 29257.9 28701.2 11095.7 17605.5 519 556.68 273.283 508.99 784.093 315.935 180.848 270.47
internal_count=180000 171174 167637 163625 62556 101069 8826 4012 1398 8733 3537 1373 779 3782
is_linear=0
shrinkage=0.035


Tree=114
num_leaves=15
num_cat=0
split_feature=17 14 2 1 16 22 16 4 16 21 3 3 22 16
split_gain=89.5429 71.7973 77.6144 71.5313 75.2131 90.3858 70.9317 77.7834 78.8918 67.0904 66.1555 49.7583 46.2366 39.5584
threshold=0.034222010523080833 0.26957608759403234 0.21440973877906802 -0.023247097618877884 0.86653113365173351 0.32527311146259313 0.88659167289733898 0.13734500855207446 1.9100028872489931 0.0099786282517015951 1.0814728736877444 -0.10783356428146361 0.16608449816703799 0.52322337031364452
decision_type=8 2 2 2 2 2 2 2 2 2 2 2 2 2
left_child=3 2 13 4 5 -1 11 8 -8 -7 -5 12 -3 -2
right_child=1 6 -4 10 -6 9 7 -9 -10 -11 -12 -13 -14 -15
leaf_value=-0.005379326027457311 -0.0033434949088627743 -0.0057323692503783493 0.0047428455197720282 -0.0092804411320490145 -0.0076372662888277197 0.019881451991236549 0.00091430663500560857 0.006138801127892014 -0.0052467642215430323 0.0029275413303521958 0.042256895209072103 0.0021992809540654933 0.0098297953498218751 -0.012434248662250303
leaf_weight=829.25564630702138 1406.0068262442946 252.73863954469562 916.15228123962879 2335.6233491562307 1170.9871982187033 462.29997405409813 8905.7579204887152 2305.8904245719314 3553.9737807400525 735.29175394400954 21.200567796826363 4258.6912147738039 2380.6055411584675 1009.0377677120268
leaf_count=6874 7116 2131 4091 25602 11527 2934 47192 10347 17828 5858 146 21420 11882 5052
internal_value=-1.22647e-05 0.000881541 -0.00389465 -0.0040276 -0.000611709 0.00346479 0.00161763 0.000248328 -0.000845856 0.00958261 -0.00864026 0.00454664 0.00832016 -0.00717734
internal_weight=30543.5 24988.9 3331.2 5554.66 3197.83 2026.85 21657.7 14765.6 12459.7 1197.59 2356.82 6892.04 2633.34 2415.04
internal_count=180000 127059 16259 52941 27193 15666 110800 75367 65020 8792 25748 35433 14013 12168
is_linear=0
shrinkage=0.035


Tree=115
num_leaves=15
num_cat=0
split_feature=17 19 19 14 16 2 22 17 12 2 1 16 14 10
split_gain=86.8482 82.5413 105.545 88.7902 84.6438 82.2834 77.1606 34.1857 32.422 26.3178 22.6939 18.8914 27.6953 24.3036
threshold=0.020718436688184742 -0.22056903690099713 0.18298091739416125 0.26957608759403234 1.7518990635871889 0.1955237686634064 0.44739976525306707 0.11281597241759302 0.80929830670356762 0.28471611440181738 -0.18337920308113095 0.86653113365173351 1.0662851929664614 0.33377219736576086
decision_type=8 2 2 2 2 2 2 8 2 2 2 2 2 2
left_child=9 10 3 5 -5 -3 8 -8 -4 -1 11 13 -13 -2
right_child=1 2 6 4 -6 -7 7 -9 -10 -11 -12 12 -14 -15
leaf_value=-0.015637891680512911 0.026220472173497354 -0.010544520877070019 0.010156028465185351 0.00041481117794501805 -0.005849080691439067 0.0054316551174189388 -0.0040083005140592719 0.015531824101214257 0.0037604471337694964 0.023624427080759028 -0.0034664136311971091 -0.0023424011862665122 0.0085240348162987228 0.0073727904089706904
leaf_weight=497.2031790278852 79.686088517308235 2199.3894158154726 1268.4573391452432 13229.038241624832 3292.0126417577267 474.30200184136629 1828.2770235836506 106.87907393276691 4147.4819879308343 13.210623875260351 321.60480216145515 627.91025720909238 514.65165993571281 1925.665524661541
leaf_count=8682 479 12134 5854 86763 18088 2282 8713 477 19638 144 2048 2951 2448 9299
internal_value=-1.16377e-05 0.000234065 -0.000430166 -0.00179583 -0.000836126 -0.00770073 0.00313337 -0.00285479 0.0052743 -0.0141873 0.00530283 0.00620688 0.00258373 0.00824812
internal_weight=30525.8 30015.4 26545.8 19194.7 16521.1 2673.69 7351.1 1935.16 5415.94 510.414 3469.52 3147.91 1142.56 2005.35
internal_count=180000 171174 153949 119267 104851 14416 34682 9190 25492 8826 17225 15177 5399 9778
is_linear=0
shrinkage=0.035


Tree=116
num_leaves=15
num_cat=0
split_feature=3 17 19 21 22 24 21 17 16 18 24 6 22 24
split_gain=87.0496 90.2277 74.5802 76.8878 76.6245 143.192 125.131 70.8945 82.9644 124.079 66.2453 45.0801 38.7767 35.8205
threshold=-0.20746153593063352 0.029840009286999706 0.2737200409173966 0.12006257474422456 0.22082895785570147 0.027059725485742096 -0.054856372997164719 0.11281597241759302 1.6185935139656069 0.079236734658479704 0.030226894654333595 0.26364018023014074 0.505802482366562 0.030696987174451355
decision_type=2 8 2 2 2 2 2 8 2 2 2 2 2 2
left_child=2 11 3 4 5 -1 -6 8 10 -10 -3 13 -13 -2
right_child=1 7 -4 -5 6 -7 -8 -9 9 -11 -12 12 -14 -15
leaf_value=0.02297315224171213 -0.0052757632812901051 0.0032765200260486309 0.011573465256854484 -0.014612981005129522 0.017355579715243707 -0.0059573611206185373 0.0023982566201212795 0.012331998382547844 -0.013620647770008416 -0.00046322592338232514 -0.0016770294518384382 0.043467127301151265 -0.013768695690756226 -0.014778845924754811
leaf_weight=222.11359957233071 1273.6049104854465 5536.1658439300954 1007.9829407036304 335.39644988253713 764.1925586424768 2161.2894123978913 6005.6625320762396 498.16205730289221 1428.0463315919042 2256.3429187647998 8182.4656349867582 28.192730162292719 17.216237563639879 795.12897271662951
leaf_count=1023 13279 28091 4515 2527 3453 14776 33051 2247 8104 10740 45856 215 186 11937
internal_value=-1.07283e-05 -0.00136441 0.00256935 0.00160166 0.0022111 -0.00317655 0.00410977 -0.000554803 -0.000930558 -0.00558603 0.00032291 -0.0081847 0.0231983 -0.00898185
internal_weight=30512 20015.3 10496.6 9488.65 9153.26 2383.4 6769.86 17901.2 17403 3684.39 13718.6 2114.14 45.409 2068.73
internal_count=180000 120655 59345 54830 52303 15799 36504 95038 92791 18844 73947 25617 401 25216
is_linear=0
shrinkage=0.035


Tree=117
num_leaves=15
num_cat=0
split_feature=17 20 5 22 4 20 16 6 14 22 2 17 16 18
split_gain=82.5805 93.0932 120.242 105.232 80.2573 97.8008 77.3573 72.2325 58.2503 54.6653 52.4953 51.3138 62.9113 82.4529
threshold=0.046858968213200576 -0.059386368840932839 -0.048566741868853562 0.25059181451797491 -0.0079811564646661264 0.063399493694305434 0.86653113365173351 -0.051259081810712807 0.26957608759403234 0.52079185843467724 0.23589915782213214 0.11281597241759302 1.6185935139656069 0.14226230978965762
decision_type=8 2 2 2 2 2 2 2 2 2 2 8 2 2
left_child=1 3 6 -1 9 -6 7 -3 10 -4 -2 12 -10 -14
right_child=8 2 4 -5 5 -7 -8 -9 11 -11 -12 -13 13 -15
leaf_value=-0.021219114090295848 -0.0074081636892190036 0.0089434881043701561 -0.0065926674704146291 0.012072925957764541 0.00036813693684098795 -0.012422902557773426 -0.0041451678225138981 -0.002061990790083592 0.0038334763966662811 -0.02005374608419257 0.0046035897810611333 0.0113363172703764 -0.0056954925678952975 0.0030751188835245018
leaf_weight=551.77157824859023 1461.9079335704446 2504.7644707262516 2209.847750172019 139.62608925998211 4909.4227562248707 850.52260721847415 1323.5445818193257 1025.0953445807099 8437.3511520847678 439.65042043849826 631.30819513648748 745.65793860703707 2464.4507482089102 2788.2052294909954
leaf_count=6471 7006 14684 16213 1017 37722 7470 9234 6075 39487 4052 2707 3395 12188 12279
internal_value=-1.00812e-05 -0.00199196 -0.00133373 -0.0144196 -0.0038638 -0.00153887 0.00304903 0.00575063 0.00166329 -0.00889337 -0.00378079 0.00245476 0.00196309 -0.0010429
internal_weight=30483.1 13954.2 13262.8 691.398 8409.44 5759.95 4853.4 3529.86 16528.9 2649.5 2093.22 14435.7 13690 5252.66
internal_count=180000 102938 95450 7488 65457 45192 29993 20759 77062 20265 9713 67349 63954 24467
is_linear=0
shrinkage=0.035


Tree=118
num_leaves=15
num_cat=0
split_feature=23 11 4 24 24 20 23 23 4 1 22 2 21 3
split_gain=86.5018 87.2673 62.0646 93.4376 162.33 80.0147 73.2668 68.677 58.0231 81.1963 85.818 58.3114 50.8907 44.3479
threshold=0.076711963862180724 0.28030867874622351 -0.018002217635512349 0.030696987174451355 0.031365167349576957 0.037173081189394004 0.095546394586563124 0.18839325755834582 0.055036118254065521 -0.023247097618877884 0.30788511037826544 0.3803421705961228 -0.067441847175359712 -1.0000000180025095e-35
decision_type=2 2 2 2 2 2 2 2 2 2 2 2 2 2
left_child=13 8 3 6 -5 7 -3 -4 9 10 -2 -11 -7 -1
right_child=1 2 5 4 -6 12 -8 -9 -10 11 -12 -13 -14 -15
leaf_value=0.020275647291055958 -0.0094640631525375277 0.012200838342392118 0.0071267299829484666 -0.012161624184536925 0.0003092059177855289 0.0091123814668181043 0.0006728827891096038 -0.00060806050094259557 0.0016980598148347262 -0.0092770746134001152 0.0036278945913122188 0.004177777801736296 -0.0033365832703009758 0.0026645639748475686
leaf_weight=367.52983272820711 858.89744253084064 825.96211419254541 5095.7320909500122 1924.9987676665187 3768.0009890981019 458.15666314214468 3522.5197017043829 1938.6672853864729 2323.1000426188111 3673.6771669611335 2075.4584985859692 436.1675607599318 2856.1320304609835 333.23199613392353
leaf_count=1859 9389 3494 23248 9422 19222 2343 17770 10062 14164 33633 16530 2728 14494 1642
internal_value=-1.04766e-05 -0.000298595 0.000986122 -0.0009738 -0.00392154 0.00288697 0.0028855 0.0049972 -0.00309316 -0.00467342 -0.000223301 -0.00784247 -0.00159344 0.0120564
internal_weight=30458.2 29757.5 20390.2 10041.5 5693 10348.7 4348.48 7034.4 9367.3 7044.2 2934.36 4109.84 3314.29 700.762
internal_count=180000 176499 100055 49908 28644 50147 21264 33310 76444 62280 25919 36361 16837 3501
is_linear=0
shrinkage=0.035


Tree=119
num_leaves=15
num_cat=0
split_feature=23 11 24 22 23 22 17 3 4 24 23 17 4 12
split_gain=80.6248 83.4805 92.6879 93.5327 138.237 114.257 42.5684 41.2437 40.8228 31.128 48.302 32.8839 30.5574 28.3419
threshold=0.076711963862180724 0.42433471977710729 0.036860706284642226 0.505802482366562 0.10266622155904771 0.22082895785570147 0.099579080939292922 -1.0000000180025095e-35 0.28549395501613622 0.033049454912543304 0.12998947501182559 0.032078364863991744 -0.067850444465875612 1.6388126611709597
decision_type=2 2 2 2 2 2 8 2 2 2 2 10 2 2
left_child=7 2 3 5 -5 -2 9 -1 -4 11 -11 -3 -8 -14
right_child=1 6 8 4 -6 -7 12 -9 -10 10 -12 -13 13 -15
leaf_value=0.019549544356482648 -0.0053923657611119127 -0.014513021865306092 -0.021716707949211933 0.0055316802393413304 -0.010303288102994411 0.0013782139663068363 0.0017555716451823273 0.0025735988409871296 0.020839503810272577 -0.020197586514815204 -0.000378555140068998 0.0033046254234424953 0.01594402256365425 -0.008179360888236906
leaf_weight=368.19834185764194 3872.0871647298336 120.26797258853912 342.50285841338336 898.9537787809968 2641.5976274870336 14291.470343261957 425.02422454953194 333.28734459728003 22.172826237976551 168.4465626180172 969.27022221684456 5300.1528615280986 619.84206879138947 59.823219493031502
leaf_count=1859 29551 651 2989 5243 19192 85096 1817 1642 97 794 4575 23371 2851 272
internal_value=-1.00357e-05 -0.000288572 -0.00138142 -0.00108295 -0.0062785 -6.73037e-05 0.0028565 0.0116335 -0.0186421 0.00177868 -0.00346331 0.00288329 0.00918177 0.0137329
internal_weight=30433.1 29731.6 22068.8 21704.1 3540.55 18163.6 7662.83 701.486 364.676 6558.14 1137.72 5420.42 1104.69 679.665
internal_count=180000 176499 142168 139082 24435 114647 34331 3501 3086 29391 5369 24022 4940 3123
is_linear=0
shrinkage=0.035


Tree=120
num_leaves=15
num_cat=0
split_feature=3 3 4 23 22 24 24 5 22 19 17 20 11 22
split_gain=80.6377 82.4864 94.1303 80.4979 84.5699 67.3635 100.505 79.607 66.1311 65.1967 57.0093 54.8257 49.7712 48.9475
threshold=-0.20746153593063352 0.54969352483749401 0.018590171821415428 0.095546394586563124 0.505802482366562 0.030226894654333595 0.031382542103528983 -0.073311466723680482 0.48357892036437994 0.24617498368024829 0.052505010738968856 0.048190230503678329 0.17223137617111209 0.35694092512130743
decision_type=2 2 2 2 2 2 2 2 2 2 10 2 2 2
left_child=3 2 5 13 8 7 -7 -2 9 -5 -6 -4 -3 -1
right_child=1 12 11 4 10 6 -8 -9 -10 -11 -12 -13 -14 -15
leaf_value=-5.4922109196817685e-05 0.0061092293914923436 0.038818533897505468 0.0028446824454105182 0.0005912517053912131 -0.017321001649445809 -0.012312725094202658 -0.0029486005210602149 -0.0042187581254939776 0.019443103597809291 0.010805651154318406 0.00091506176936102584 -0.005987989186315601 0.0026272697906951363 0.013750427760792387
leaf_weight=438.81753184273839 1276.1852969713509 37.146010935306549 4530.8791450969875 6980.1510422341526 467.11617870256305 2461.4425484910607 3270.977796934545 3153.0398059114814 256.6226205304265 849.9734405502677 373.38633442670107 1052.5172532461584 4160.3861844874918 1100.7778925560415
leaf_count=2122 6769 264 26427 40924 3852 17799 22195 20809 1529 3843 1695 7060 19332 5380
internal_value=-9.9904e-06 -0.00131557 -0.00247768 0.00247643 0.00119681 -0.00448216 -0.0069839 -0.00123591 0.00229839 0.00171241 -0.00930427 0.00117192 0.00303904 0.00984065
internal_weight=30409.4 19942.6 15745 10466.8 8927.25 10161.6 5732.42 4429.23 8086.75 7830.12 840.503 5583.4 4197.53 1539.6
internal_count=180000 120655 101059 59345 51843 67572 39994 27578 46296 44767 5547 33487 19596 7502
is_linear=0
shrinkage=0.035


Tree=121
num_leaves=15
num_cat=0
split_feature=17 24 21 22 3 22 24 21 17 20 24 22 2 20
split_gain=78.1024 75.8475 265.269 141.883 91.3531 100.896 195.885 176.382 87.2328 82.63 129.646 107.036 64.084 53.4903
threshold=0.020718436688184742 0.034816114231944091 0.0099786282517015951 0.30170544981956487 -0.13273609429597852 0.22082895785570147 0.027059725485742096 -0.048701481893658631 0.091595645993947997 -0.024338525719940659 0.028020161204040054 0.19887941330671313 0.34353277087211614 0.063399493694305434
decision_type=8 2 2 2 2 2 2 2 8 2 2 2 2 2
left_child=-1 4 3 13 5 6 -2 -7 -4 11 -11 -6 -10 -3
right_child=1 2 8 -5 9 7 -8 -9 12 10 -12 -13 -14 -15
leaf_value=-0.013611505455632054 0.023414276635668894 -0.011375698431898305 -0.024290336736453522 0.015238601044283009 0.0026320675739313487 0.018522902492639045 -0.006045747550207454 0.0031195166726308895 -0.019472480883212306 -0.0085226244869049169 0.0019572682354873526 -0.0095399009965963632 0.024538840252819976 0.0095242957127686448
leaf_weight=498.460926996544 301.5045851059258 609.24416228756309 816.31026663817465 681.79769083112478 1338.5032810121775 1020.3108539618552 2456.2244393005967 7907.5332019031048 64.253144428133965 1675.4884654507041 10169.722116671503 2581.4069183580577 79.802316904067993 189.56191370263696
leaf_count=8826 1381 4159 5683 3543 9235 4705 16901 43578 273 10622 55446 14272 338 1038
internal_value=-9.28234e-06 0.000222019 -0.00567744 0.00362161 0.000748486 0.00309234 -0.0027519 0.00489863 -0.0199034 -0.000989707 0.000468964 -0.00538751 0.00491869 -0.00635956
internal_weight=30390.1 29891.7 2440.97 1480.6 27450.7 11685.6 2757.73 8927.84 960.366 15765.1 11845.2 3919.91 144.055 798.806
internal_count=180000 171174 15034 8740 156140 66565 18282 48283 6294 89575 66068 23507 611 5197
is_linear=0
shrinkage=0.035


Tree=122
num_leaves=15
num_cat=0
split_feature=8 4 12 20 24 24 23 4 2 24 8 23 24 20
split_gain=76.0379 98.2423 97.0872 76.3375 68.297 148.991 144.526 48.3119 46.0555 43.6184 53.5018 39.7618 63.6952 62.366
threshold=-0.46858882904052729 0.018590171821415428 1.2819219231605532 0.048190230503678329 0.030696987174451355 0.031365167349576957 0.13378148525953296 0.20627331733703616 0.1607836186885834 0.036672301590442664 -0.1872119605541229 0.19652975350618365 0.029347121715545658 -0.0017975920927710829
decision_type=2 2 2 2 2 2 2 2 2 2 2 2 2 2
left_child=8 2 4 9 6 -6 -2 -5 11 10 -3 -1 13 -13
right_child=1 3 -4 7 5 -7 -8 -9 -10 -11 -12 12 -14 -15
leaf_value=0.0042356177372767706 0.0048063698942816839 0.007052130645619656 -0.0096772379589666439 -0.006297967755059781 -0.011610029410399457 -3.5332682680902877e-05 -0.0066281164011522424 0.0095763205242690389 0.014297963867077943 -0.011059737966239816 0.0010802851010250111 0.029423593352469232 -0.0043943156564075422 -0.01507748119123188
leaf_weight=4513.1790809668601 4082.0839641094208 3444.3005671203136 2123.1968126203865 1774.3449545633048 2136.0728581622243 3730.4329607952386 2013.9572647213936 261.38770926743746 426.4952090382576 238.20352915301919 3936.2060327418149 127.87075579166412 1511.7701730057597 46.404224161058664
leaf_count=22252 23212 18927 12542 11811 14614 25202 14979 1166 1912 1542 21951 620 8996 274
internal_value=-9.24142e-06 -0.000934698 -0.0027979 0.00178379 -0.00156985 -0.00426242 0.00102408 -0.00422286 0.00330311 0.0033922 0.00387297 0.00252488 -0.00205237 0.0173991
internal_weight=30365.9 23740.2 14085.7 9654.44 11962.5 5866.51 6096.04 2035.73 6625.72 7618.71 7380.51 6199.22 1686.05 174.275
internal_count=180000 145946 90549 55397 78007 39816 38191 12977 34054 42420 40878 32142 9890 894
is_linear=0
shrinkage=0.035


Tree=123
num_leaves=15
num_cat=0
split_feature=21 22 22 24 24 22 24 21 21 22 8 4 16 11
split_gain=74.7068 214.317 289.686 192.469 130.614 258.246 112.697 109.82 262.438 136.049 76.3738 88.0497 67.2059 74.7495
threshold=0.017854389734566215 0.34321255981922155 0.40200047194957739 0.034816114231944091 0.030696987174451355 0.52079185843467724 0.03416769206523896 0.0099786282517015951 0.0065486901439726361 0.21641109138727191 -0.36082017421722407 -0.010595053900033234 0.65412604808807384 0.59270858764648449
decision_type=2 2 2 2 2 2 2 2 2 2 2 2 2 2
left_child=1 7 12 10 5 -4 -6 8 9 -1 -2 -12 13 -3
right_child=3 2 4 -5 6 -7 -8 -9 -10 -11 11 -13 -14 -15
leaf_value=-0.005833103915583478 0.002789215141580783 0.028300140680557164 0.016091877926165281 -0.018741891171356738 -0.02563244785797179 -0.01079186363280089 -0.00011658646385696926 -0.019157769458107321 0.038611991052702049 0.0019431398611542338 -0.0080982332189766439 -0.00031747536548304829 0.012155726740623088 -0.013375249325728873
leaf_weight=4569.3775398023427 4357.3532373532653 634.23758600652218 1007.9882766008377 780.96003977581859 390.55021713674068 758.77041590213776 450.76776216551661 387.51955207064748 196.96745851635933 6913.5515428222716 2696.3799716904759 5216.7480905447155 1935.9549630880356 51.658443093299866
leaf_count=31973 23441 3019 4891 5489 2332 4491 2542 2253 1157 36278 18068 33972 9872 222
internal_value=-9.08099e-06 0.00149897 0.00740962 -0.00200735 -0.000854033 0.00455035 -0.0121233 -0.00106668 -0.000450571 -0.00115363 -0.000927877 -0.00297563 0.0156019 0.0250143
internal_weight=30348.8 17297.3 5229.93 13051.4 2608.08 1766.76 841.318 12067.4 11679.9 11482.9 12270.5 7913.13 2621.85 685.896
internal_count=180000 99030 27369 80970 14256 9382 4874 71661 69408 68251 75481 52040 13113 3241
is_linear=0
shrinkage=0.035


Tree=124
num_leaves=15
num_cat=0
split_feature=19 19 4 16 22 14 11 15 10 24 23 20 22 7
split_gain=72.5823 97.2894 80.486 106.072 66.7928 64.7801 42.433 34.5006 40.5625 29.977 25.1328 100.78 79.5057 22.5043
threshold=-0.22056903690099713 0.18298091739416125 0.11826554313302041 2.0921441316604619 0.44739976525306707 0.26957608759403234 0.42433471977710729 23.448404312133793 0.67092871665954601 0.033049454912543304 0.14283729344606402 -0.037559937685728066 0.35832452774047857 -0.2031820937991142
decision_type=2 2 2 2 2 2 2 2 2 2 2 2 2 2
left_child=13 2 3 5 10 -2 -5 9 -9 -6 11 -3 -12 -1
right_child=1 4 -4 6 7 -7 -8 8 -10 -11 12 -13 -14 -15
leaf_value=0.0055351215450272868 -0.0067158644302217942 -0.016559129340945316 0.0077651637607424684 -0.01272566512629175 0.002589573487987449 -0.00062141390589092046 0.00091980631663694833 -0.021722666030347657 -0.0030281403725227443 -0.012863504568326103 0.0055508698018917578 0.0091554976433826114 -0.0088746098090409335 -0.005113287362273942
leaf_weight=3222.1197248958051 2507.2856645211577 192.89280263334513 988.71582290902734 1546.6581874620169 1128.4616541750729 14143.204568890855 338.59611891210079 207.30937498807907 422.874605640769 167.8079768307507 2158.8049977310002 2459.8630496747792 587.29065789654851 255.21557453647256
leaf_count=15663 13761 894 4755 9072 5393 98713 1469 1148 1800 865 10758 11119 2811 1779
internal_value=-9.21944e-06 -0.000625983 -0.00191633 -0.00243666 0.00281116 -0.00154262 -0.010283 -0.00277334 -0.00942127 0.000505942 0.0048053 0.00723052 0.00244477 0.00474117
internal_weight=30327.1 26849.8 19524.5 18535.7 7325.31 16650.5 1885.25 1926.45 630.184 1296.27 5398.85 2652.76 2746.1 3477.34
internal_count=180000 162558 127770 123015 34788 112474 10541 9206 2948 6258 25582 12013 13569 17442
is_linear=0
shrinkage=0.035


Tree=125
num_leaves=15
num_cat=0
split_feature=17 19 19 4 16 3 21 3 16 4 10 24 10 9
split_gain=74.0942 66.52 87.1657 71.7445 102.549 55.1539 54.9181 27.1215 25.9152 37.0105 30.4773 23.779 22.8053 19.5598
threshold=0.022206579335033897 -0.17856430262327191 0.18298091739416125 0.11826554313302041 2.0921441316604619 -0.095752373337745653 -0.017531219869852063 0.54969352483749401 0.86653113365173351 0.027393487282097343 0.3423427045345307 0.033049454912543304 0.22548966109752658 0.27279292047023779
decision_type=8 2 2 2 2 2 2 2 2 2 2 2 2 2
left_child=7 8 3 4 -3 11 -7 12 10 -10 -2 -4 -1 -12
right_child=1 2 5 -5 -6 6 -8 -9 9 -11 13 -13 -14 -15
leaf_value=-0.019515536257334432 0.018963859937247397 -0.0014001182448928715 0.008924496528057253 0.0074126665806429357 -0.010219237651871497 0.0063583922709286433 -0.0016659880284832808 0.02797517241411579 -0.0013012812053334593 0.011822807543219301 -0.0051177769475804803 -0.00029866671981573914 -0.0064563839023329718 0.0058668829523107358
leaf_weight=295.30745526775718 198.69330977275968 14631.103400249034 1855.6897502467036 962.02364529669285 1806.361120171845 1464.8819595985115 3573.6450195983052 11.91113059222698 1627.6419293098152 303.68738360702991 207.61078037694097 418.62917192280293 386.92080216109753 2566.9331143535674
leaf_count=5906 1345 93580 8670 4621 10143 7266 16703 94 8471 1482 1185 1991 5767 12776
internal_value=-9.68704e-06 0.000257004 -0.000482395 -0.0018298 -0.0023749 0.0027216 0.000674963 -0.0112307 0.00397597 0.000812656 0.00602115 0.00723293 -0.0123094 0.00502951
internal_weight=30311 29616.9 24712.3 17399.5 16437.5 7312.85 5038.53 694.139 4904.57 1931.33 2973.24 2274.32 682.228 2774.54
internal_count=180000 168233 142974 108344 103723 34630 23969 11767 25259 9953 15306 10661 11673 13961
is_linear=0
shrinkage=0.035


Tree=126
num_leaves=15
num_cat=0
split_feature=21 22 22 20 23 24 23 24 21 20 23 20 23 6
split_gain=68.3691 202.998 266.532 202.816 183.664 179.386 171.744 267.241 223.528 138.156 127.921 109.115 92.9949 72.5903
threshold=0.017854389734566215 0.34321255981922155 0.40200047194957739 0.059344515204429633 0.15895815938711169 0.034816114231944091 0.20302215963602069 0.029990448616445068 -0.023996559903025624 -0.037559937685728066 0.1739926487207413 -0.014780192635953425 0.21147499233484271 -0.095946684479713426
decision_type=2 2 2 2 2 2 2 2 2 2 2 2 2 2
left_child=1 4 -3 10 9 12 8 -8 -6 -1 -4 -11 13 -2
right_child=5 2 3 -5 6 -7 7 -9 -10 11 -12 -13 -14 -15
leaf_value=-0.022478981604709909 0.0043573694274434138 0.015038440711331518 -0.0013046792962497873 0.030622357732723444 0.013509755745635947 -0.018166075034333706 0.036723975906774453 -0.0036356021810875511 -0.011850953376149258 0.0063337481889642255 -0.030390476286795729 -0.0075360568596615661 -0.017649225007370144 -0.0019254928653842638
leaf_weight=581.44162696227431 3009.8358688168228 2623.4471897110343 2188.1654978953302 220.23136246949434 2360.4362661913037 772.89196377620101 200.27954379096627 4543.7218542248011 510.80058346688747 899.35753934085369 192.47744797542691 2952.5360084027052 382.34551652520895 8857.9041928891093
leaf_count=3400 17442 13113 12032 1069 13787 5489 1157 28860 3220 4288 1155 16949 2412 55627
internal_value=-9.03214e-06 0.00143434 0.00718945 -0.000754942 -0.001065 -0.00192306 0.00223191 -0.00185806 0.00897255 -0.00672045 -0.00377358 -0.00428966 -0.000884263 -0.000329738
internal_weight=30295.9 17272.9 5224.32 2600.87 12048.6 13023 7615.24 4744 2871.24 4433.34 2380.64 3851.89 12250.1 11867.7
internal_count=180000 99030 27369 14256 71661 80970 47024 30017 17007 24637 13187 21237 75481 73069
is_linear=0
shrinkage=0.035


Tree=127
num_leaves=15
num_cat=0
split_feature=17 1 22 16 24 22 10 14 16 17 16 18 3 24
split_gain=73.2673 78.6883 78.3347 86.1872 73.3913 71.5481 60.3625 54.6054 79.0155 48.4946 59.7084 80.1758 46.6821 44.4107
threshold=0.039849437773227699 -0.030448415316641327 0.32527311146259313 0.67743563652038585 0.027059725485742096 0.21641109138727191 0.3423427045345307 0.33676519989967352 0.80719947814941417 0.11281597241759302 1.5058907866477969 0.15795285254716876 1.0814728736877444 0.030226894654333595
decision_type=8 2 2 2 2 2 2 2 2 8 2 2 2 2
left_child=1 2 4 6 -1 -6 -4 8 13 10 -9 -12 -3 -2
right_child=7 12 3 -5 5 -7 -8 9 -10 -11 11 -13 -14 -15
leaf_value=0.017121626447051577 0.0069905840870928913 -0.0065518457428507112 0.026879967430305577 -0.00090617424483707102 -0.01513699978676853 -0.0014243152701488922 0.0073031584366870413 0.0032639181077083767 -0.0098205234600755569 0.010828642408561372 -0.0046446671983365172 0.0031868568718219823 0.024551966555798214 -0.0024400779034053806
leaf_weight=166.63827702775598 920.2149722725153 4173.7999236695468 241.57068340852857 1596.4275506194681 725.16942724585533 1280.0811072662473 887.11673593893647 10064.732278682292 1250.678420484066 715.8410988971591 3479.2739586122334 2950.249969907105 50.354843966662884 1777.0574733540416
leaf_count=868 4147 39233 1987 12605 7536 8956 4980 50013 6113 3295 18064 13166 304 8733
internal_value=-9.27322e-06 -0.00262978 0.000390643 0.00433557 -0.00455633 -0.00643381 0.0116924 0.00112112 -0.00258678 0.00197272 0.00158205 -0.00105173 -0.00612396 0.000791271
internal_weight=30279.2 9121.16 4897 2725.11 2171.89 2005.25 1128.69 21158 3947.95 17210.1 16494.3 6429.52 4224.15 2697.27
internal_count=180000 76469 36932 19572 17360 16492 6967 103531 18993 84538 81243 31230 39537 12880
is_linear=0
shrinkage=0.035


Tree=128
num_leaves=15
num_cat=0
split_feature=10 21 24 23 20 20 20 20 23 21 21 23 23 3
split_gain=67.7001 63.0296 173.788 122.534 210.099 129.603 120.07 198.502 258.375 166.479 130.541 119.528 105.551 45.5228
threshold=0.24080944806337359 0.017854389734566215 0.03279035538434983 0.14419928938150409 -0.030183549039065834 -0.024338525719940659 -0.040305139496922486 -0.014780192635953425 0.21982385218143466 -0.018627555109560486 -0.07790531218051909 0.18118332326412204 0.12374271824955942 0.54969352483749401
decision_type=2 2 2 2 2 2 2 2 2 2 2 2 2 2
left_child=13 6 3 5 -5 -3 9 10 -9 11 -8 -2 -4 -1
right_child=1 2 12 4 -6 -7 7 8 -10 -11 -12 -13 -14 -15
leaf_value=-0.011821161775807748 0.014025666040066534 -0.012428316915519167 -0.025545191439293104 0.021904329880076668 -0.011784839466212773 0.0028743020227432635 -0.0196969187742588 0.0029894235240508805 -0.012894728895235104 -0.016962086596975505 0.01153459136525695 -0.0036054745715147756 -0.0058905436058483262 0.038301189136243981
leaf_weight=723.79466818831861 597.9214638248086 727.76046967506409 513.27674830332398 248.83780463039875 1854.7653678283095 8375.5831575803459 163.10018231719732 8120.9914634600282 1473.3269512318075 899.59407307580113 3510.3450035601854 2081.8089905157685 952.53305976092815 13.343039602041243
leaf_count=11523 4020 4214 3189 1157 12170 47921 994 42456 9215 5374 16975 14084 6615 93
internal_value=-8.52401e-06 0.000254734 -0.00160925 -0.000122379 -0.00771493 0.00163865 0.00165699 0.00319151 0.000539328 -0.00402418 0.0100982 0.000366036 -0.0128994 -0.0104134
internal_weight=30257 29519.8 12672.8 11206.9 2103.6 9103.34 16847.1 13267.8 9594.32 3579.32 3673.45 2679.73 1465.81 737.138
internal_count=180000 168384 75266 65462 13327 52135 93118 69640 51671 23478 17969 18104 9804 11616
is_linear=0
shrinkage=0.035


Tree=129
num_leaves=15
num_cat=0
split_feature=17 24 21 23 3 21 23 3 15 17 10 20 21 14
split_gain=70.6858 92.9412 243.72 82.2095 77.0822 89.7102 82.5374 61.0254 64.2513 51.1058 35.4615 33.4785 31.0614 49.3905
threshold=0.074342053383588805 0.034816114231944091 0.0099786282517015951 0.18118332326412204 -0.095752373337745653 0.099522776901721968 0.14171040058135989 0.42710857093334204 24.285550117492679 0.029840009286999706 1.3130677938461306 0.063399493694305434 -0.017531219869852063 0.68548125028610241
decision_type=8 2 2 2 2 2 2 2 2 10 2 2 2 2
left_child=1 4 3 -3 5 6 -1 9 -9 -6 12 -5 13 -2
right_child=10 2 -4 11 7 -7 -8 8 -10 -11 -12 -13 -14 -15
leaf_value=0.0058949594795677501 -0.0012741970181912126 0.01522619028538884 -0.024773528739134489 -0.0085739676127721404 -0.010107830542584616 -0.0081327256314254227 -0.00040548114937282993 0.0036289034283583793 -0.0093615064061197163 -0.0025381021120808537 0.012402388004331587 0.0099656802478017559 0.00039814797590103198 0.011028069991560774
leaf_weight=5374.5162058789283 632.36267985403538 361.41480013728142 678.20838944800198 592.46612431667745 1271.9172661993653 977.80469843931496 4831.2787079252303 3150.0286075770855 537.41646866127849 7494.0223056524992 522.07155905663967 139.87545590847731 2600.8972866237164 1068.0622595697641
leaf_count=30384 2837 2002 5418 4362 15871 7430 31791 15615 2595 42504 2410 845 11129 4807
internal_value=-9.01946e-06 -0.000746754 -0.00845473 0.00179688 -0.000165588 0.00194262 0.00291494 -0.00205888 0.00171545 -0.00364672 0.00387076 -0.00494639 0.00280888 0.00647234
internal_weight=30232.3 25408.9 1771.96 1093.76 23637 11183.6 10205.8 12453.4 3687.45 8765.94 4823.39 732.342 4301.32 1700.42
internal_count=180000 158817 12627 7209 146190 69605 62175 76585 18210 58375 21183 5207 18773 7644
is_linear=0
shrinkage=0.035


Tree=130
num_leaves=15
num_cat=0
split_feature=17 1 20 4 20 24 24 20 22 23 24 12 24 21
split_gain=67.2891 65.3358 65.9857 52.9962 63.7255 62.3535 138.709 107.696 62.7933 59.8854 69.4353 58.005 39.2052 46.7361
threshold=0.0370249841362238 -0.023247097618877884 -0.059386368840932839 -0.013097808230668305 0.037173081189394004 0.030696987174451355 0.031365167349576957 -0.014780192635953425 0.44739976525306707 0.095546394586563124 0.030486240051686767 0.99548885226249706 0.034816114231944091 0.0099786282517015951
decision_type=8 2 2 2 2 2 2 2 2 2 2 2 2 2
left_child=1 2 -1 5 11 9 7 -7 -8 -2 -11 -5 -4 -14
right_child=3 -3 12 4 -6 6 8 -9 -10 10 -12 -13 13 -15
leaf_value=-0.019111282584444143 0.0097157432191843709 -0.0067992594400439694 0.0018205706343791528 0.0079492254784182866 -0.001396777528548961 -0.021277572107785893 0.002330461071964802 -0.0045550554034630457 -0.01043744095453961 -0.0012126564739352464 0.019274157280466643 0.0019870614058470214 0.00079561390387266966 -0.031406032455142625
leaf_weight=201.42008080519736 996.82969637960196 3087.4344077371061 3690.1341467946768 3069.6106349155307 3698.6379171349108 733.5351924970746 3423.6967983134091 1311.3087105900049 537.05674019828439 3315.3704348318279 205.81207389757037 5724.2540095932782 125.52749312110245 87.896660631522536
leaf_count=2805 4231 31694 28008 14546 19076 4027 17776 6244 2858 16741 1119 28677 1237 961
internal_value=-9.07757e-06 -0.00296166 -6.58257e-05 0.000914476 0.00245508 -0.000914964 -0.00324939 -0.0106282 0.000577277 0.00218841 3.59834e-05 0.0040749 0.000963225 -0.0132784
internal_weight=30208.5 7192.41 4104.98 23016.1 12492.5 10523.6 6005.6 2044.84 3960.75 4518.01 3521.18 8793.86 3903.56 213.424
internal_count=180000 64705 33011 115295 62299 52996 30905 10271 20634 22091 17860 43223 30206 2198
is_linear=0
shrinkage=0.035


Tree=131
num_leaves=15
num_cat=0
split_feature=17 14 2 12 4 22 23 20 23 24 5 19 23 6
split_gain=66.0368 62.9329 72.0478 71.0723 97.6166 79.7354 90.4799 54.8682 48.6269 44.4495 49.8607 35.9101 34.2385 28.4411
threshold=0.020718436688184742 0.26957608759403234 0.17715892940759662 1.036610543727875 0.13734500855207446 0.505802482366562 0.10266622155904771 0.063399493694305434 0.41836158931255346 0.030120851472020153 -0.073311466723680482 -0.23916362226009366 0.34108707308769232 0.2149377837777138
decision_type=8 2 2 2 2 2 2 2 2 2 2 2 2 2
left_child=13 2 9 5 8 7 -7 -3 -5 10 -2 -11 -6 -1
right_child=1 3 -4 4 12 6 -8 -9 -10 11 -12 -13 -14 -15
leaf_value=-0.014256869399248804 0.0079043703820643324 0.0046603833291238937 0.0036486848923471208 -0.0028801667636558863 0.0048615501200170086 0.0081055140190163331 -0.0082906566515696077 -0.0033007907486324942 0.0087261670208263736 0.0023049346099523979 -0.0075386915987308081 -0.012359720320777024 0.025924674685215164 0.02849959576565203
leaf_weight=470.44275022111833 424.3385551199317 9867.4130284041166 1086.4532829895616 10246.761126261204 1985.2013108953834 562.9305097386241 1467.0136487744749 1180.8999356031418 452.58761017397046 233.40585548058152 614.50192592665553 1495.7613145150244 90.09955782443285 10.790214840322731
leaf_count=8733 2036 56403 5047 61637 9068 3091 10397 7877 2205 1171 3322 8509 411 93
internal_value=-9.62417e-06 0.000200774 -0.00396534 0.0008232 -0.00103325 0.00263596 -0.00372634 0.00380724 -0.00238152 -0.00695625 -0.00121539 -0.0103784 0.00589595 -0.0127375
internal_weight=30188.6 29707.4 3854.46 25852.9 12774.6 13078.3 2029.94 11048.3 10699.3 2768.01 1038.84 1729.17 2075.3 481.233
internal_count=180000 171174 20085 151089 73321 77768 13488 64280 63842 15038 5358 9680 9479 8826
is_linear=0
shrinkage=0.035


Tree=132
num_leaves=15
num_cat=0
split_feature=3 3 4 21 19 11 16 11 8 15 4 19 20 4
split_gain=65.6513 73.4471 74.2769 62.8344 57.9799 57.2477 52.4243 44.4069 43.412 49.2596 45.1613 41.7264 41.5841 36.9972
threshold=-0.17001788318157193 0.54969352483749401 0.018590171821415428 0.099522776901721968 0.24617498368024829 0.23825941979885104 0.90658244490623485 0.17223137617111209 -0.13444840162992475 23.448404312133793 -0.042034836485981934 -0.020987233147025105 -0.059386368840932839 0.16417138278484347
decision_type=2 2 2 2 2 2 2 2 2 2 2 2 2 2
left_child=3 2 5 4 6 -2 11 -3 10 -10 -9 -1 -7 -8
right_child=1 7 -4 -5 -6 12 13 8 9 -11 -12 -13 -14 -15
leaf_value=0.0071195366328280912 -0.0099643217862668831 0.036114493470295425 0.00090018473662215742 -0.0065631260439777319 0.01022735741155323 -0.010499918566875124 -0.00096837201167198023 0.00073758387827691267 0.0038023952643509136 -0.010517708510780084 0.009391707469695457 -0.0009355736330693672 -0.0020883146865890477 0.011175667485771154
leaf_weight=2933.0871772449464 1797.5564376134425 38.395921360701323 5059.7541997022927 946.62983511015773 1140.3920432254672 799.41067884489894 5315.891768200323 1658.4118435792625 581.93431655317545 577.31478644162416 1324.6576333120465 1072.7950098589063 6610.4787642434239 316.13502532988787
leaf_count=17418 20887 264 30444 6563 5189 5864 31095 7633 2820 2757 6122 6546 34965 1433
internal_value=-8.95808e-06 -0.00131028 -0.00250552 0.00203791 0.0027987 -0.00437599 0.00191002 0.00276484 0.00236949 -0.00335808 0.00459906 0.00496538 -0.00300872 -0.000268107
internal_weight=30172.8 18447.9 14267.2 11724.9 10778.3 9207.45 9637.91 4180.71 4142.32 1159.25 2983.07 4005.88 7409.89 5632.03
internal_count=180000 111756 92160 68244 61681 61716 56492 19596 19332 5577 13755 23964 40829 32528
is_linear=0
shrinkage=0.035


Tree=133
num_leaves=15
num_cat=0
split_feature=17 24 22 23 22 24 24 22 1 11 7 17 7 2
split_gain=64.4048 79.6674 76.4185 129.254 101.305 254.115 197.646 73.8554 53.6328 28.4277 36.0837 20.9201 18.3594 17.827
threshold=0.085831273347139372 0.036860706284642226 0.505802482366562 0.10266622155904771 0.21641109138727191 0.027239737100899223 0.028020161204040054 0.53278702497482311 0.0079534156247973459 0.48876199126243597 -0.26429842412471766 0.058541575446724899 -0.13968113064765927 1.0605872869491579
decision_type=8 2 2 2 2 2 2 2 2 2 2 10 2 2
left_child=1 2 4 8 5 -1 -6 -5 -4 12 13 -3 -2 -11
right_child=9 11 3 7 6 -7 -8 -9 -10 10 -12 -13 -14 -15
leaf_value=0.01918544668484588 -0.00367387555759525 -0.021246563079794861 0.015902981786187553 -0.020449555551862543 -0.011692785412246524 -0.0070581027376881321 0.0026394461458860729 -0.0058867058408584166 -0.00044138309411693988 0.0013355690732452042 0.014269732022204792 -0.0054488776022258625 0.0047086797834876137 0.016769905602388807
leaf_weight=498.54035823792219 536.5584225282073 262.570831252262 391.9790735989809 511.95089276880026 1255.8851975090802 4074.4078094344586 17128.650569032878 2430.3641613628715 632.23870805650949 721.78175602853298 673.67582935094833 179.05610409379005 763.65175281465054 95.398452386260033
leaf_count=2369 2318 2698 2245 3148 8316 30752 95908 17678 3510 3121 3106 1016 3387 428
internal_value=-8.37546e-06 -0.000525587 -0.000280944 -0.00476047 0.000494753 -0.00416143 0.00165456 -0.00848127 0.00590707 0.00504652 0.00832907 -0.0151039 0.00124781 0.00331834
internal_weight=30156.7 27365.6 26924 3966.53 22957.5 4572.95 18384.5 2942.32 1024.22 2791.07 1490.86 441.627 1300.21 817.18
internal_count=180000 167640 163926 26581 137345 33121 104224 20826 5755 12360 6655 3714 5705 3549
is_linear=0
shrinkage=0.035


Tree=134
num_leaves=15
num_cat=0
split_feature=17 16 20 6 22 4 4 22 12 14 14 16 22 12
split_gain=62.6889 73.8701 98.8363 85.5737 85.0756 51.4056 46.8755 44.5919 43.3803 61.5587 50.0192 40.0474 41.0648 37.0548
threshold=0.046858968213200576 0.86653113365173351 -0.059386368840932839 -0.065969366580247865 0.30788511037826544 0.045682974159717567 -0.015527880750596522 0.25059181451797491 1.0785151124000552 1.5859922766685488 0.1960469260811806 1.9100028872489931 0.52079185843467724 1.586507320404053
decision_type=8 2 2 2 2 2 2 2 2 2 2 2 2 2
left_child=1 2 7 4 -4 11 -5 -1 10 13 -2 12 -3 -10
right_child=8 5 3 6 -6 -7 -8 -9 9 -11 -12 -13 -14 -15
leaf_value=-0.022054992910109757 -0.0039540507554196138 -0.0038721636246306329 -0.0002533383762385107 -0.0068756103827740805 0.010806654588963864 0.0010079669827035066 0.0013037704736428091 0.0076291364301814737 -0.0016605185680658801 0.0033878020522306544 0.0044094180423058082 -0.016280652555331645 -0.013644908136524787 -0.011382183908134516
leaf_weight=309.99832928553224 997.04697050154209 3856.7004817966372 1615.3485090993345 1494.411525554955 1791.8188426606357 1585.8828560840338 1992.4525381401181 71.541353724896908 4636.9310913830996 3395.2177915684879 6816.403838634491 434.54925659112632 603.59513264708221 526.58565209060907
leaf_count=3507 4596 32526 10264 9724 10891 11356 14692 451 22866 15783 31345 3447 6080 2472
internal_value=-8.34762e-06 -0.00174938 0.000671381 0.00164062 0.00557768 -0.00446389 -0.00221141 -0.0164363 0.00145469 -0.000266974 0.0033385 -0.00623516 -0.00522224 -0.00267204
internal_weight=30128.5 13756.3 7275.57 6894.03 3407.17 6480.73 3486.86 381.54 16372.2 8558.73 7813.45 4894.84 4460.3 5163.52
internal_count=180000 102938 49529 45571 21155 53409 24416 3958 77062 41121 35941 42053 38606 25338
is_linear=0
shrinkage=0.035


Tree=135
num_leaves=15
num_cat=0
split_feature=17 4 20 12 6 3 20 23 23 20 22 23 16 12
split_gain=61.8844 57.8527 84.1273 64.9473 62.2823 54.0488 53.3099 51.5705 37.9751 119.941 71.2395 34.1684 44 46.3791
threshold=0.026542791165411476 -0.015527880750596522 0.037173081189394004 0.9820971190929414 -0.20433573424816129 0.73714846372604381 -0.059386368840932839 0.087692510336637511 0.12374271824955942 0.038419527933001525 0.24035010486841205 0.095546394586563124 0.65412604808807384 0.59618666768074047
decision_type=8 2 2 2 2 2 2 2 2 2 2 2 2 2
left_child=11 4 3 -3 6 7 -2 -6 9 -4 -10 12 13 -1
right_child=1 2 8 -5 5 -7 -8 -9 10 -11 -12 -13 -14 -15
leaf_value=-0.0036858220399551252 -0.0063701230628313409 0.006926955637868922 -0.021606631068463843 0.0013710444737686206 0.0041627114119275124 0.0033038513096963853 0.0050566087408315703 -0.0048733203565330865 0.0027049568531443435 0.0050878164446591916 -0.0088602149776420801 -0.0098124505928282729 -0.0064330560940103155 0.028219723526679275
leaf_weight=103.4545525200665 610.2925126105547 4174.4163680076599 225.70509056001902 6728.3155956193805 859.02027932181954 1504.1042275205255 2589.0344335772097 7203.4726907983422 1017.6845901720226 1639.2542727179825 1789.2318438105285 1166.4847846776247 394.60707848519087 106.20120849460363
leaf_count=693 4833 22272 1266 36813 3916 6843 12529 41678 5841 9324 11154 17866 4200 772
internal_value=-8.91212e-06 0.000388621 0.00181977 0.00350268 -0.00135746 -0.00277068 0.00286383 -0.00390661 -0.00210673 0.00175914 -0.00467239 -0.00633782 0.000420232 0.0130249
internal_weight=30111.3 28340.5 15574.6 10902.7 12765.9 9566.6 3199.33 8062.49 4671.88 1864.96 2806.92 1770.75 604.263 209.656
internal_count=180000 156469 86670 59085 69799 52437 17362 45594 27585 10590 16995 23531 5665 1465
is_linear=0
shrinkage=0.035


Tree=136
num_leaves=15
num_cat=0
split_feature=3 17 23 22 22 6 3 4 15 8 12 22 15 17
split_gain=60.9689 65.2932 60.8924 75.4163 70.3967 61.1399 56.8289 58.7806 58.5385 59.5129 51.9324 50.5615 50.5258 49.7168
threshold=-0.17001788318157193 0.11281597241759302 0.095546394586563124 0.505802482366562 0.48357892036437994 -0.058574197813868516 0.48235996067523962 0.013168691657483579 23.738054275512699 -0.1872119605541229 1.2819219231605532 0.34321255981922155 22.813088417053226 0.052505010738968856
decision_type=2 8 2 2 2 2 2 2 2 2 2 2 2 10
left_child=2 6 11 4 12 -6 7 10 -8 -10 -2 -1 -4 -5
right_child=1 -3 3 13 5 -7 8 -9 9 -11 -12 -13 -14 -15
leaf_value=-0.003880915514104381 -0.0034492486501399885 0.011494218133915324 9.9963231217633356e-05 -0.015509227750589655 0.038119733203958776 0.0056254330279121934 0.0044034911313829547 0.00018399954929865171 0.0034679060416242464 -0.011162694942712549 -0.011448898894793634 0.010897895146972279 0.0071848439717946593 0.00060849292191797466
leaf_weight=349.0563094727695 7109.4797418620437 468.66161348670721 7233.412837093696 526.4636759608984 108.46327989548445 187.41084590181708 3151.5904291197658 5162.460523314774 637.14116326719522 712.76872607320547 1149.8588082138449 1406.8529851213098 1476.5227072313428 415.12431691586971
leaf_count=1734 48741 2154 43254 4591 650 1142 15181 32145 2842 3417 7276 7026 7946 1901
internal_value=-8.88757e-06 -0.00126531 0.001965 0.000900774 0.00188899 0.0183942 -0.00160517 -0.00274604 0.00179502 -0.00428251 -0.00457545 0.00795468 0.00130787 -0.00847158
internal_weight=30095.3 18392 11703.3 9947.4 9005.81 295.874 17923.3 13421.8 4501.5 1349.91 8259.34 1755.91 8709.94 941.588
internal_count=180000 111756 68244 59484 52992 1792 109602 88162 21440 6259 56017 8760 51200 6492
is_linear=0
shrinkage=0.035


Tree=137
num_leaves=15
num_cat=0
split_feature=8 4 20 10 24 22 20 22 21 5 22 24 11 21
split_gain=58.2237 71.6316 62.5583 53.0627 49.8582 48.3712 72.1188 64.8665 63.4219 44.4985 40.6036 97.4321 58.0828 39.7147
threshold=-0.41424486041069025 -0.015527880750596522 0.063399493694305434 0.24080944806337359 0.036672301590442664 0.44739976525306707 -0.024338525719940659 0.22082895785570147 0.0080275379586964863 0.17354962229728702 0.21641109138727191 0.027239737100899223 0.47344502806663519 -0.073069930076599107
decision_type=2 2 2 2 2 2 2 2 2 2 2 2 2 2
left_child=10 5 3 -3 -5 6 8 -8 -2 13 11 -1 -13 -4
right_child=1 2 9 4 -6 -7 7 -9 -10 -11 -12 12 -14 -15
leaf_value=0.021789171659492602 -0.0033345739793690238 -0.010689698108337089 0.006733636633300611 0.0023277823272490296 -0.012650397839663258 -0.0086792227194467664 -0.012666265606896878 0.0021935566633374207 -0.016091840712498105 0.0030732883155361922 0.0036733500462647482 -0.0078147945691497949 0.0045467422415029386 -0.012778497541775808
leaf_weight=188.28043627738953 1654.1156945563853 412.80970353446901 142.30673545971513 10690.029257038608 269.5269837770611 1783.80599572137 389.93301166407764 3583.3427481465042 665.39452131837606 445.57173250243068 6838.1685233749449 1443.535454697907 677.19878876209259 897.70478658005595
leaf_count=854 11475 6966 923 62015 1923 11614 2807 20298 4010 2186 33181 10817 3388 7543
internal_value=-8.31304e-06 -0.00102612 0.000596683 0.00148049 0.00194823 -0.00360718 -0.00215792 0.000707092 -0.0070476 -0.00613368 0.00231966 -0.00168787 -0.00386466 -0.0100699
internal_weight=30081.7 20934.5 12857.9 11372.4 10959.6 8076.59 6292.79 3973.28 2319.51 1485.58 9147.18 2309.01 2120.73 1040.01
internal_count=180000 131760 81556 70904 63938 50204 38590 23105 15485 10652 48240 15059 14205 8466
is_linear=0
shrinkage=0.035


Tree=138
num_leaves=15
num_cat=0
split_feature=17 14 16 17 2 23 24 24 24 24 5 17 19 3
split_gain=57.7008 55.5808 78.8619 72.4679 67.4892 52.1244 60.4708 56.9019 52.0282 41.4569 44.8377 36.2439 32.4377 25.6343
threshold=0.020718436688184742 0.26957608759403234 0.67743563652038585 0.051476472988724715 0.17715892940759662 0.21147499233484271 0.027896618470549587 0.029347121715545658 0.034816114231944091 0.030120851472020153 -0.073311466723680482 0.11281597241759302 -0.23916362226009366 0.42710857093334204
decision_type=8 2 2 8 2 2 2 2 2 2 2 8 2 2
left_child=13 4 5 8 9 6 -3 -7 -4 10 -2 -5 -11 -1
right_child=1 2 3 11 -6 7 -8 -9 -10 12 -12 -13 -14 -15
leaf_value=-0.013568929806836747 0.0075529287367922951 -0.0042392819878838443 -0.0016893834693132643 0.0012849946119493851 0.003630767661560408 0.034870670917579061 0.0079468582255829232 -0.0041625564256474205 -0.012435654150621872 0.0020834653656177354 -0.007122955753802695 0.0094565006165964107 -0.011869167512076308 0.026491393413372501
leaf_weight=457.3617699611932 423.40728553012013 570.62956648692489 9577.0433863643557 9621.1194310076535 1084.2236028201878 37.95708703994751 3669.5212864764035 1002.5321275666356 576.13067463040352 233.29744693264365 609.90605609863997 704.81761995702982 1482.2911624275148 11.391590716317294
leaf_count=8717 2036 3818 68269 44287 5047 206 19576 6421 5231 1171 3322 3281 8509 109
internal_value=-8.71922e-06 0.000186222 0.000771729 -0.000212284 -0.00374033 0.00458106 0.00630076 -0.00242023 -0.0023108 -0.00665026 -0.00109466 0.00185137 -0.00997071 -0.0120624
internal_weight=30061.6 29592.9 25759.8 20479.1 3833.13 5280.64 4240.15 1040.49 10153.2 2748.9 1033.31 10325.9 1715.59 468.753
internal_count=180000 171174 151089 121068 20085 30021 23394 6627 73500 15038 5358 47568 9680 8826
is_linear=0
shrinkage=0.035


Tree=139
num_leaves=15
num_cat=0
split_feature=21 22 22 20 23 23 21 22 20 21 20 20 20 23
split_gain=57.435 175.38 226.66 279.778 181.223 139.116 198.116 179.661 119.373 104.191 92.4469 89.1616 83.4739 79.7531
threshold=0.017854389734566215 0.34321255981922155 0.44238667190074926 -0.022877133451402184 0.15895815938711169 0.20302215963602069 -0.023996559903025624 0.25059181451797491 -0.037559937685728066 0.02864513918757439 -0.014780192635953425 -0.004627153859473764 0.059344515204429633 0.10648121684789659
decision_type=2 2 2 2 2 2 2 2 2 2 2 2 2 2
left_child=1 4 3 -3 8 6 -6 -7 -1 13 -10 -4 -11 -2
right_child=9 2 11 -5 5 7 -8 -9 10 12 -12 -13 -14 -15
leaf_value=-0.021462580400430791 0.0013355797860670506 -0.015811581328574836 0.0037538840131713042 0.014604319518921282 0.012592254009132851 -0.0062662783101524273 -0.011431684549049905 0.0082586187050739512 0.0054053212125342353 0.00039316867769904581 -0.0074030952148974663 -0.013425463192109464 -0.0080304496048257522 -0.018564241649702416
leaf_weight=570.19441462308168 366.41206179186702 408.46077714674175 723.16709326580167 3326.6947474852204 2357.0184462498873 3129.6031892243773 503.11936159618199 1552.5054413732141 894.10756729915738 10132.207804622129 2930.1820015423 740.70286534167826 1669.8802860546857 737.22485126368701
leaf_count=3400 2232 2426 3711 16707 13787 21840 3220 8177 4288 62531 16949 4525 11711 4496
internal_value=-8.1642e-06 0.00131964 0.00667828 0.0112448 -0.00101795 0.0022736 0.00834116 -0.00144274 -0.00665956 -0.00177083 -0.00440224 -0.0049708 -0.000804481 -0.0120048
internal_weight=30041.5 17135.8 5199.03 3735.16 11936.7 7542.25 2860.14 4682.11 4394.48 12905.7 3824.29 1463.87 11802.1 1103.64
internal_count=180000 99030 27369 19133 71661 47024 17007 30017 24637 80970 21237 8236 74242 6728
is_linear=0
shrinkage=0.035


Tree=140
num_leaves=15
num_cat=0
split_feature=3 3 4 19 1 22 21 20 11 11 8 15 4 20
split_gain=56.7704 58.6551 58.6994 56.4002 58.7039 86.9296 73.3776 71.1198 50.9515 42.4034 39.2418 44.162 40.8232 35.3128
threshold=-0.17001788318157193 0.54969352483749401 0.018590171821415428 0.24617498368024829 -0.015615621116012333 0.21641109138727191 -0.048701481893658631 -0.030183549039065834 0.23825941979885104 0.17223137617111209 -0.13444840162992475 23.448404312133793 -0.042034836485981934 -0.059386368840932839
decision_type=2 2 2 2 2 2 2 2 2 2 2 2 2 2
left_child=3 2 8 4 5 7 -7 -1 -2 -3 12 -12 -11 -10
right_child=1 9 -4 -5 -6 6 -8 -9 13 10 11 -13 -14 -15
leaf_value=0.0033997687139055016 -0.0093016746866605594 0.034796483059774522 0.00073025441173142495 0.008721037196930799 -0.002320243164322481 0.015279641193638796 0.0035514762591925706 -0.011108013498879889 -0.0096598935368528097 0.00047649938841058198 0.0033580226857031189 -0.010221171318443077 0.0087102148579579434 -0.0018389357719024522
leaf_weight=823.01858719810843 1762.4941113535315 39.012713439762592 5048.3771199453622 1306.9128096550703 3954.9789617396891 773.63836791738868 4005.0380729995668 815.51884627342224 783.78178513422608 1653.971657127142 581.48075476288795 574.6146647259593 1323.2639733031392 6574.7425610497594
leaf_count=6071 20887 264 30444 5970 24249 3593 22612 5749 5864 7633 2820 2757 6122 34965
internal_value=-8.90915e-06 -0.0012232 -0.002297 0.00189752 0.00103018 0.00309547 0.00547814 -0.0038445 -0.00397151 0.0024202 0.00203137 -0.00342102 0.00415297 -0.00268395
internal_weight=30020.8 18341.7 14169.4 11679.1 10372.2 6417.21 4778.68 1638.54 9121.02 4172.34 4133.33 1156.1 2977.24 7358.52
internal_count=180000 111756 92160 68244 62274 38025 26205 11820 61716 19596 19332 5577 13755 40829
is_linear=0
shrinkage=0.035


Tree=141
num_leaves=15
num_cat=0
split_feature=17 24 21 22 22 24 22 22 23 19 17 23 21 23
split_gain=54.2523 81.9867 224.375 79.3189 75.8645 142.675 179.685 129.466 103.003 63.0733 61.8914 50.4453 32.6137 54.4173
threshold=0.074342053383588805 0.034816114231944091 0.0099786282517015951 0.30170544981956487 0.505802482366562 0.031934069469571121 0.21641109138727191 0.39701244235038763 0.10266622155904771 -0.068525128066539751 0.033525962382555015 0.34108707308769232 -0.017531219869852063 0.20302215963602069
decision_type=8 2 2 2 2 2 2 2 2 2 10 2 2 2
left_child=1 4 3 11 5 7 -7 -1 9 -6 -10 -3 13 -2
right_child=12 2 -4 -5 8 6 -8 -9 10 -11 -12 -13 -14 -15
leaf_value=-0.0022708026631382298 0.013034195080959338 -0.013828077387449563 -0.023944820619913418 0.011152002699591327 0.016306307918185332 -0.011281099406841895 0.010791550168941809 0.0051702537886503122 -0.019282702975226253 -0.0019078639838633073 -0.0056727794544916476 0.010042102275982293 0.0010610461525913917 0.0011789488465389299
leaf_weight=12750.146040782332 917.17577061057091 400.70867899991572 656.61084386333823 545.46416173130274 363.68695265054703 528.59933235123754 2835.6797895599157 3683.5243480075151 498.27318082936108 613.37061889097095 2192.6765920557082 139.2145169749856 2900.797067515552 975.52029509097338
leaf_count=79662 4145 3352 5418 3012 2047 4369 16237 20447 6742 3504 13182 845 12576 4462
internal_value=-8.36042e-06 -0.000657717 -0.00796132 0.0018383 -0.000112372 0.000744852 0.00730032 -0.000600797 -0.00472866 0.00496845 -0.00825494 -0.00760267 0.00340072 0.00696216
internal_weight=30001.4 25208 1742 1085.39 23466 19797.9 3364.28 16433.7 3668.01 977.058 2690.95 539.923 4793.49 1892.7
internal_count=180000 158817 12627 7209 146190 120715 20606 100109 25475 5551 19924 4197 21183 8607
is_linear=0
shrinkage=0.035


Tree=142
num_leaves=15
num_cat=0
split_feature=3 24 24 22 20 22 22 22 23 24 23 23 22 22
split_gain=53.618 62.6871 104.416 149.15 145.959 125.04 100.882 204.321 101.322 95.5907 163.907 80.7759 68.9034 43.0385
threshold=-0.28714281320571894 0.030120851472020153 0.031365167349576957 0.27910001575946813 -0.040305139496922486 0.46943043172359472 0.25059181451797491 0.37860268354415899 0.21982385218143466 0.029769714921712879 0.21555506438016894 0.21147499233484271 0.34321255981922155 0.56118163466453563
decision_type=2 2 2 2 2 2 2 2 2 2 2 2 2 2
left_child=13 9 3 4 -3 -5 8 -8 -4 10 11 -2 -11 -1
right_child=1 2 6 5 -6 -7 7 -9 -10 12 -12 -13 -14 -15
leaf_value=0.003191134700578658 -0.00046728394815447218 -0.0092570594047864507 0.0019927354108959937 -0.013229493592637359 0.010354854733518807 0.0044673028468321012 0.0086081453039091749 -0.0047850353379595293 -0.012797532933097456 -0.0083745965697292635 0.038261369496865788 -0.025485568326948749 0.011870902265902898 -0.0080148879290230773
leaf_weight=7136.85364039056 7149.7270540539175 811.25297440774739 1041.2389425504953 2971.837483631447 1061.6981134489179 579.93970219604671 3141.0001432932913 2495.6176559794694 1230.650795519352 233.38678034767509 122.47532368451357 151.67624196782708 1415.035853754729 436.62697481922805
leaf_count=38606 42867 6385 6561 18909 5886 3934 17944 16895 8953 1376 730 952 7062 2940
internal_value=-8.5947e-06 -0.000869248 -0.00239563 -0.00613055 0.00185607 -0.0103355 0.000170786 0.00268033 -0.00603992 0.00137419 -0.00032249 -0.00102115 0.00897129 0.00253537
internal_weight=29979 22405.5 13333.2 5424.73 1872.95 3551.78 7908.51 5636.62 2271.89 9072.3 7423.88 7301.4 1648.42 7573.48
internal_count=180000 138454 85467 35114 12271 22843 50353 34839 15514 52987 44549 43819 8438 41546
is_linear=0
shrinkage=0.035


Tree=143
num_leaves=15
num_cat=0
split_feature=17 19 4 24 21 24 24 24 22 3 6 16 11 22
split_gain=53.6988 50.7778 61.4006 62.3633 91.0698 64.4833 58.2857 135.627 58.0132 23.7371 18.5514 20.4966 18.1399 26.4282
threshold=0.022206579335033897 -0.23916362226009366 -0.015527880750596522 0.03452891297638417 0.0099786282517015951 0.027580020017921928 0.030696987174451355 0.031365167349576957 0.52079185843467724 0.73714846372604381 -0.044190354645252221 0.88659167289733898 0.65537741780281078 0.505802482366562
decision_type=8 2 2 2 2 2 2 2 2 2 2 2 2 2
left_child=9 12 6 5 -5 -4 8 -8 -3 10 11 -1 -2 -14
right_child=1 2 3 4 -6 -7 7 -9 -10 -11 -12 -13 13 -15
leaf_value=0.0014374938121850566 0.0059749360696000195 0.0021262997942755181 -0.0043132150205942481 0.00091123409335716588 -0.016830562851085619 0.0028191218623124237 -0.011858520203465298 -0.00065779643293982298 -0.0072633247933136967 0.029880629506586751 -0.017260736663597159 -0.015315241089383458 -0.0040633134639056767 0.015789534968995066
leaf_weight=221.1672378052026 2325.7652952000499 4330.4650394022465 1773.1008851490915 971.66480990499258 547.05979537777603 12056.209281466901 2063.4340962618589 3668.9754047840834 979.91376823559403 8.664255462586878 289.94656178727746 138.51196819916368 500.91304448246956 87.904408641159534
leaf_count=3025 11726 23817 11370 5761 4073 68518 12422 21743 6219 53 6115 2574 2194 390
internal_value=-8.6936e-06 0.000214946 -0.000269867 0.00116187 -0.00554783 0.00190221 -0.00225905 -0.00470323 0.000383256 -0.00981878 -0.0107932 -0.00525373 0.00459071 -0.000885303
internal_weight=29963.7 29305.4 26390.8 15348 1518.72 13829.3 11042.8 5732.41 5310.38 658.29 649.626 359.679 2914.58 588.817
internal_count=180000 168233 153923 89722 9834 79888 64201 34165 30036 11767 11714 5599 14310 2584
is_linear=0
shrinkage=0.035


Tree=144
num_leaves=15
num_cat=0
split_feature=4 16 14 10 20 6 2 23 24 24 24 3 6 24
split_gain=52.3652 60.7038 67.7666 77.7382 62.0511 54.8392 56.7065 49.1527 43.1355 58.5234 31.7917 31.4497 28.4361 25.0332
threshold=0.28549395501613622 0.90658244490623485 0.35770881175994879 0.3423427045345307 -0.059386368840932839 -0.095946684479713426 1.0605872869491579 0.21982385218143466 0.031827358528971679 0.031514288857579238 0.03452891297638417 0.73714846372604381 0.51816859841346752 0.030696987174451355
decision_type=2 2 2 2 2 2 2 2 2 2 2 2 2 2
left_child=1 4 13 11 8 7 -7 -6 9 -1 -5 -4 -2 -3
right_child=12 2 3 10 5 6 -8 -9 -10 -11 -12 -13 -14 -15
leaf_value=-0.0089659105845945469 0.017521030658247738 -0.0041297260809060685 -0.0074778076503977551 0.00067513510197929978 0.006905937213218096 -0.00031020235245399089 0.013380196747083987 -0.0029716931260304904 -0.016847748664903645 0.011016754777198007 -0.0051401850259962887 0.027019238173462606 0.0026729676638453663 -0.013627042056199076
leaf_weight=486.37793718278408 299.65107727795839 673.53618308901787 2190.4675640445203 11525.350940711796 3813.7157052960247 6926.2679770365357 381.5588922649622 730.01758229359984 326.2478203419596 271.46349657513201 1269.3253420814872 23.27855858206749 331.37207019329071 703.00218984484673
leaf_count=4082 1351 3478 25059 59460 20926 42588 1680 4638 2784 1610 6934 155 1533 3722
internal_value=-8.83019e-06 -0.000225104 -0.00163968 -0.000955064 0.00156655 0.00230111 0.000421913 0.00531591 -0.00641144 -0.00175774 9.46491e-05 -0.00699518 0.00988714 -0.00904333
internal_weight=29951.6 29320.6 16385 15008.4 12935.6 11851.6 7307.83 4543.73 1084.09 757.841 12794.7 2213.75 631.023 1376.54
internal_count=180000 177116 98808 91608 78308 69832 44268 25564 8476 5692 66394 25214 2884 7200
is_linear=0
shrinkage=0.035


Tree=145
num_leaves=15
num_cat=0
split_feature=17 16 20 4 16 23 20 23 22 17 22 4 15 20
split_gain=52.6642 69.5896 71.1934 64.7622 78.5984 62.2769 113.438 85.8423 54.7228 46.7149 34.9187 30.3979 35.7897 30.6565
threshold=0.063161868602037444 0.88659167289733898 -0.059386368840932839 0.05012075416743756 1.9100028872489931 0.21982385218143466 -0.00930183846503496 0.21555506438016894 0.25059181451797491 0.029840009286999706 0.15084906667470935 0.20627331733703616 24.079806327819828 0.048190230503678329
decision_type=8 2 2 2 2 2 2 2 2 10 2 2 2 2
left_child=1 2 8 4 9 7 -7 -4 10 -3 -1 13 -13 -5
right_child=-2 3 5 11 -6 6 -8 -9 -10 -11 -12 12 -14 -15
leaf_value=-0.0041337138199473277 0.0024107952396847797 -0.0098987682622163307 0.0025194135274548475 0.0020412103548970457 -0.013094259679487765 0.0066705597311712567 -0.015770432965698671 0.037036173503853201 0.0088012833342083711 -0.0018632347311248456 -0.020807916769418181 0.014492533536915391 -0.014740394692046891 -0.0066031880857405304
leaf_weight=279.53768345154822 8047.8080613017082 1041.4288231767714 8849.5772247817367 2175.7459839042276 1122.4257605820894 485.18598548695445 616.75116912834346 79.221173461526632 161.81856671348214 5693.3423015996814 349.54126719385386 339.45446842163801 51.819045834243298 642.61512938886881
leaf_count=3030 35888 14810 53150 12437 7466 2586 4788 457 846 35449 3030 1508 227 4328
internal_value=-8.45394e-06 -0.000898642 0.00109664 -0.00284895 -0.00455852 0.00189671 -0.00591847 0.00286676 -0.0089474 -0.00311864 -0.0135792 0.00133725 0.0103502 5.38216e-05
internal_weight=29936.3 21888.5 10821.6 11066.8 7857.2 10030.7 1101.94 8928.8 790.898 6734.77 629.079 3209.63 391.274 2818.36
internal_count=180000 144112 67887 76225 57725 60981 7374 53607 6906 50259 6060 18500 1735 16765
is_linear=0
shrinkage=0.035


Tree=146
num_leaves=15
num_cat=0
split_feature=17 22 22 24 24 24 22 16 18 11 16 20 3 22
split_gain=50.7241 52.6994 81.1052 112.217 95.8947 52.9634 86.2741 46.7969 101.496 50.3496 49.8907 43.5048 33.3538 47.6915
threshold=0.0370249841362238 0.54684218764305126 0.39701244235038763 0.034816114231944091 0.027896618470549587 0.027059725485742096 0.21641109138727191 1.5058907866477969 0.14226230978965762 0.42433471977710729 2.1966978311538701 0.064609490334987654 1.0000000180025095e-35 0.1297867298126221
decision_type=8 2 2 2 2 2 2 2 2 2 2 2 2 2
left_child=1 2 5 4 -4 11 -7 12 9 10 -9 -1 13 -2
right_child=7 -3 3 -5 -6 6 -8 8 -10 -11 -12 -13 -14 -15
leaf_value=0.018986058216059448 -0.0090044228105425964 -0.012446671641039088 -0.017153787675034234 -0.029004771837185171 0.0082924979335134031 -0.015629245878004166 -0.0028844367399935397 -0.0042302491104657123 0.0028547791993345189 0.0014953590460247512 -0.013690451406975442 -0.0089970769007514575 0.00035324083306041975 0.0042791021770934318
leaf_weight=194.53926231712103 338.63976043835282 598.29226391389966 191.80260095000267 110.18498829379678 1838.3468271251768 805.89940690807998 3247.5732308942825 2050.2999805994332 3611.4867561534047 1033.3578728064895 1025.2392271235585 94.701643601059914 7896.9805369563401 6878.5874176695943
leaf_count=1023 2985 7443 1730 1498 14108 9917 27910 11408 16538 4520 5963 1076 38735 35146
internal_value=-8.5941e-06 -0.00259446 -0.00166747 0.00389697 0.00581611 -0.0044126 -0.00545055 0.000794105 -0.00142163 -0.00517815 -0.00741798 0.00982949 0.0019261 0.00364423
internal_weight=29915.9 7081.34 6483.05 2140.33 2030.15 4342.71 4053.47 22834.6 7720.38 4108.9 3075.54 289.241 15114.2 7217.23
internal_count=180000 64705 57262 17336 15838 39926 37827 115295 38429 21891 17371 2099 76866 38131
is_linear=0
shrinkage=0.035


Tree=147
num_leaves=15
num_cat=0
split_feature=23 23 10 24 21 24 7 3 18 15 15 8 11 17
split_gain=49.8178 61.4727 51.2093 58.296 209.532 83.0048 41.5817 35.972 19.1567 16.0944 13.9076 9.63746 8.85488 7.72614
threshold=0.076711963862180724 0.080579169094562544 1.1541440486907961 0.034816114231944091 0.0099786282517015951 0.031382542103528983 -0.27450381219387049 -1.0000000180025095e-35 0.05852222070097924 21.678112983703617 21.876915931701664 -0.16161236166954038 0.59270858764648449 0.036319995298981674
decision_type=2 2 2 2 2 2 2 2 2 2 2 2 2 10
left_child=7 8 3 5 -5 -3 10 -1 9 -2 -4 -9 -8 -13
right_child=1 2 6 4 -6 -7 12 11 -10 -11 -12 13 -14 -15
leaf_value=0.016608256811443251 -0.021389624111815927 -0.0011250622763781431 -0.0054250183303143421 0.0025669696117590051 -0.019766533022396428 0.0032874417455645453 0.0092359149479018156 0.0055903697069802812 -0.0020662747269552884 -0.007252617557717723 0.0048216001082826429 -0.018419634780616846 0.019086190505768801 -0.00076707731124293563
leaf_weight=364.68843710422516 226.80214077979326 17779.150016648695 232.06560871750116 1373.4160845279694 811.09761833958328 7382.6895012371242 253.31913409382105 194.95395119488239 205.02016315981746 195.09723944589496 484.1009795665741 34.15549922734499 258.77273051440716 100.29994630813599
leaf_count=1859 1480 107283 1025 8514 6206 45301 1215 917 977 1125 2126 274 1247 451
internal_value=-9.53272e-06 -0.000231273 8.43307e-06 -0.00030669 -0.00577762 0.000170394 0.00697026 0.00919013 -0.0109855 -0.0151716 0.00147232 0.000730185 0.0144837 -0.00621601
internal_weight=29895.6 29201.5 28574.6 27346.4 2184.51 25161.8 1228.26 694.098 626.92 421.899 716.167 329.409 512.092 134.455
internal_count=180000 176499 172917 167304 14720 152584 5613 3501 3582 2605 3151 1642 2462 725
is_linear=0
shrinkage=0.035


Tree=148
num_leaves=15
num_cat=0
split_feature=3 23 3 4 19 21 21 20 11 8 15 8 11 21
split_gain=48.521 60.8153 57.0661 53.4145 46.3262 56.8907 76.6579 65.2613 42.4432 41.664 34.6271 54.4208 32.2125 27.9895
threshold=-0.13273609429597852 0.095546394586563124 0.48235996067523962 0.013168691657483579 0.2737200409173966 0.017854389734566215 0.02864513918757439 0.090242039412260069 0.17223137617111209 -0.54242205619812001 23.738054275512699 -0.10509800165891646 0.23825941979885104 -0.029386736452579495
decision_type=2 2 2 2 2 2 2 2 2 2 2 2 2 2
left_child=1 13 3 9 5 7 -7 -3 -4 -2 -10 -12 -11 -1
right_child=2 4 8 -5 -6 6 -8 -9 10 12 11 -13 -14 -15
leaf_value=-0.013097755157604769 0.0059366250328117725 0.0014542004608545996 0.031792473254226974 0.00042913768112851807 0.0072808934617647134 -0.018942620244504254 -0.0018981516079592351 0.027165779735897219 0.0037127402856393151 -0.009745404530823067 0.0016836944731471984 -0.012910602412836076 -0.0037964131714542959 0.0080434783568812725
leaf_weight=71.157989364117384 448.75828333571553 5723.7194409128278 48.057280458509922 4724.6194483228028 1122.8208582475781 345.40717731229961 3611.4465743154287 113.59861997887492 3180.5619497932494 1384.1359925698489 1018.037823997438 440.74514750763774 5736.6780777536333 1915.32523952052
leaf_count=384 2300 34651 345 29253 5131 2213 24468 530 15246 16730 4651 2154 32179 9765
internal_value=-9.51249e-06 0.00160766 -0.00123855 -0.00249085 0.000579957 -0.000194893 -0.00343002 0.00200017 0.00204433 -0.00431155 0.00166846 -0.00278359 -0.00496482 0.00722437
internal_weight=29885.1 12903.5 16981.6 12294.2 10917 9794.17 3956.85 5837.32 4687.4 7569.57 4639.34 1458.78 7120.81 1986.48
internal_count=180000 77142 102858 80462 66993 61862 26681 35181 22396 51209 22051 6805 48909 10149
is_linear=0
shrinkage=0.035


Tree=149
num_leaves=15
num_cat=0
split_feature=17 14 16 17 24 10 22 22 17 20 11 24 23 14
split_gain=48.3058 50.8364 69.0245 58.0315 53.3364 49.677 55.1533 40.2806 34.7326 34.6659 33.8545 31.1493 29.7353 27.404
threshold=0.020718436688184742 0.26957608759403234 0.67743563652038585 0.045199664309620864 0.030120851472020153 0.3423427045345307 0.30788511037826544 0.35694092512130743 0.11281597241759302 -0.017610163427889344 0.29926460981369024 0.034816114231944091 0.21147499233484271 0.1057114601135254
decision_type=8 2 2 8 2 2 2 2 8 2 2 2 2 2
left_child=-1 4 5 11 7 6 -3 9 -5 -2 -6 -4 -7 -12
right_child=1 2 3 8 10 12 -8 -9 -10 -11 13 -13 -14 -15
leaf_value=-0.011220683782381587 0.0012225169469666235 -0.0089844035673051943 -0.0020950873622414363 0.00079446203313596219 -0.017993695618480694 0.0047156916961905342 0.02334478556243522 0.0064154935285890011 0.0087686005898312321 -0.015595342252088419 -0.014252851930718079 -0.012082077153138958 -0.0020669465929875589 -0.0034091621883243664
leaf_weight=453.45521827042103 392.56602096185088 76.530905798077583 7124.3806528709829 12132.299396123737 286.70046803355217 3907.2883396744728 290.70291820727289 865.66303693503141 698.41555712372065 231.81580740213394 336.39045806974173 395.02779072336853 986.20031371712685 1692.9381608106196
leaf_count=8826 1872 953 55585 58081 2300 20536 2380 4233 3281 1382 1738 4121 6152 8560
internal_value=-9.00871e-06 0.000167571 0.000728849 -0.000195594 -0.00360125 0.00429847 0.0165479 0.00155912 0.00123501 -0.0051689 -0.00691366 -0.0026351 0.00334734 -0.00526774
internal_weight=29870.4 29416.9 25610.8 20350.1 3806.07 5260.72 367.234 1490.04 12830.7 624.382 2316.03 7519.41 4893.49 2029.33
internal_count=180000 171174 151089 121068 20085 30021 3333 7487 61362 3254 12598 59706 26688 10298
is_linear=0
shrinkage=0.035


Tree=150
num_leaves=15
num_cat=0
split_feature=22 23 15 22 24 20 22 17 24 22 22 15 24 21
split_gain=47.5694 97.2667 77.7448 104.367 133.326 133.885 73.7884 59.3399 54.4156 128.95 72.8002 53.1017 48.8246 94.4606
threshold=0.505802482366562 0.10266622155904771 22.084053039550785 0.39701244235038763 0.034816114231944091 0.0083416136913001555 0.53278702497482311 0.032078364863991744 0.031365167349576957 0.26030193269252783 0.25059181451797491 24.285550117492679 0.03452891297638417 1.0000000180025095e-35
decision_type=2 2 2 2 2 2 2 10 2 2 2 2 2 2
left_child=2 -2 3 8 5 -5 -3 -8 9 -1 -10 -9 -4 -14
right_child=1 6 12 4 -6 -7 7 11 10 -11 -12 -13 13 -15
leaf_value=0.00062845661506496684 0.0055959522119866743 -0.018116290113830921 0.003612593235766003 0.00020043255247066365 -0.015843061053049536 0.015260143665667853 -0.017773033998153033 -0.00037348011687326788 -0.0047962481235101408 -0.0089220816478640559 0.0042352657509190294 -0.018946486052963302 0.00558947949236583 -0.014130050705072433
leaf_weight=3159.056694207713 1082.7577340081334 545.17236047796905 9729.6079902667552 1638.9167126473039 346.16501746699214 1284.6111422218382 326.90767637267709 2110.3039407506585 1909.1144447121769 3819.9151807595044 2530.91981084086 197.1255740635097 610.00176388211548 563.65821504034102
leaf_count=20951 6004 3347 52562 9321 2893 7758 4982 12730 13279 23572 14800 1050 3396 3355
internal_value=-9.38829e-06 -0.00342832 0.000561142 -0.00110068 0.00440398 0.0068472 -0.00650938 -0.00404792 -0.00267935 -0.00460428 0.000349867 -0.0020351 0.00279888 -0.00392033
internal_weight=29854.2 4262.27 25592 14688.7 3269.69 2923.53 3179.51 2634.34 11419 6978.97 4440.03 2307.43 10903.3 1173.66
internal_count=180000 28113 151887 92574 19972 17079 22109 18762 72602 44523 28079 13780 59313 6751
is_linear=0
shrinkage=0.035


Tree=151
num_leaves=15
num_cat=0
split_feature=8 13 23 24 21 21 24 22 22 21 10 24 21 21
split_gain=47.2444 57.96 45.2814 77.5501 86.7153 73.8132 57.1478 86.1637 47.2807 68.839 43.2439 49.5925 70.2248 43.9768
threshold=-0.39530509710311884 0.43773765861988073 0.19652975350618365 0.029347121715545658 0.084989652037620558 -0.11160925030708312 0.031552704051136977 0.21641109138727191 0.20599824935197833 -0.018627555109560486 1.3130677938461306 0.03452891297638417 0.0099786282517015951 -0.054856372997164719
decision_type=2 2 2 2 2 2 2 2 2 2 2 2 2 2
left_child=2 -2 5 4 -4 -1 -5 -8 9 -7 11 13 -13 -3
right_child=1 10 3 6 -6 8 7 -9 -10 -11 -12 12 -14 -15
leaf_value=0.032688382325401548 -0.0037445470562674069 0.0056316879534168392 0.027015228293144771 -0.012123458561093472 -0.016198954677859638 0.0023815073363390869 -0.010582777742206085 0.00612508309780659 0.0040786838959890308 -0.01600491658850603 0.015255211997557293 -0.00037415486054961174 -0.018022503521628992 -0.00019493428847228722
leaf_weight=93.472364589571953 6384.9123972654343 1871.8993077706546 197.14562219381332 735.52506338432431 70.772998530417681 744.94207041710615 607.6104084327817 965.08150512725115 6282.030189268291 363.45264759287238 222.89809571951628 765.36526960320771 422.52983880229294 10116.049116306007
leaf_count=457 42400 11694 953 4870 443 4464 4468 4955 30741 2565 1111 4835 3490 62554
internal_value=-1.01182e-05 -0.00100306 0.00194161 -0.00205491 0.0154277 0.00331822 -0.00414194 -0.000356089 0.00290308 -0.00373677 0.000305166 4.08755e-05 -0.00674965 0.000718819
internal_weight=29843.7 19783.7 10060 2576.14 267.919 7483.9 2308.22 1572.69 7390.42 1108.39 13398.7 13175.8 1187.9 11987.9
internal_count=180000 126084 53916 15689 1396 38227 14293 9423 37770 7029 83684 82573 8325 74248
is_linear=0
shrinkage=0.035


Tree=152
num_leaves=15
num_cat=0
split_feature=17 12 4 14 24 22 23 20 14 17 6 22 6 19
split_gain=45.6688 47.0322 84.4657 57.1057 58.7491 52.6387 66.0653 47.5848 44.1579 45.8993 23.0755 21.3316 20.7323 20.2144
threshold=0.018838859163224701 1.0785151124000552 0.20627331733703616 0.1960469260811806 0.030120851472020153 0.505802482366562 0.10266622155904771 0.063399493694305434 0.35770881175994879 0.071500059217214598 0.51816859841346752 0.32527311146259313 0.11853868514299394 -0.23916362226009366
decision_type=8 2 2 2 2 2 2 2 2 8 2 2 2 2
left_child=12 3 8 4 11 7 -7 -5 13 -10 -4 -2 -1 -3
right_child=1 2 10 5 -6 6 -8 -9 9 -11 -12 -13 -14 -15
leaf_value=-0.016083340847782457 -0.0047669759509235471 0.0048884030270402966 0.011681023054552689 0.0035451470065853328 -0.00905130131216874 0.0063839584620686051 -0.006531099152983175 -0.0033176183898056726 -0.0032983415730167319 0.002054938901107349 0.001312843063899981 0.0071781139142225291 0.019100548448745282 -0.011476043858050004
leaf_weight=268.95951200276613 269.77180564403534 98.15814446285367 663.53603406250477 11946.53033210896 1221.7427351269871 671.33344253525138 1681.2515925634652 1372.7067514192313 7116.6997843850404 2699.5739539414644 435.95567746460438 525.90935245901346 13.878804765641688 841.61038191989064
leaf_count=5665 1420 475 2993 69510 6590 3705 12376 9371 46470 11924 2002 2534 219 4746
internal_value=-9.77311e-06 0.000126507 -0.00157849 0.00126946 -0.00425946 0.00198346 -0.00283424 0.0028359 -0.00252485 -0.00182554 0.00761886 0.00311929 -0.0137636 -0.00973332
internal_weight=29827.6 29544.8 11855.5 17689.2 2017.42 15671.8 2352.59 13319.2 10756 9816.27 1099.49 795.681 282.838 939.769
internal_count=180000 174116 68610 105506 10544 94962 16081 78881 63615 58394 4995 3954 5884 5221
is_linear=0
shrinkage=0.035


Tree=153
num_leaves=15
num_cat=0
split_feature=3 17 23 24 20 20 23 21 21 23 23 19 21 24
split_gain=44.8125 56.5939 53.4562 48.0642 42.8746 89.3572 80.4282 195.827 119.839 67.0894 66.6979 41.0842 52.079 107.753
threshold=-0.13273609429597852 0.029840009286999706 0.095546394586563124 0.030696987174451355 -0.024338525719940659 -0.00930183846503496 0.20932535827159884 -0.029386736452579495 -0.084689632058143602 0.23214909434318545 0.21982385218143466 0.2737200409173966 0.053618809208273895 0.02837362885475159
decision_type=2 8 2 2 2 2 2 2 2 2 2 2 2 2
left_child=2 -2 3 -1 6 9 8 -8 -3 -6 -7 12 13 -4
right_child=1 4 11 -5 5 10 7 -9 -10 -11 -12 -13 -14 -15
leaf_value=0.010138977947286092 -0.0074714367102565833 0.011146413500792887 0.012228390787586595 -0.0020120865269868853 0.0038028761637956313 -2.7850174007058616e-05 -0.0042607990828995032 0.027219921425292306 -0.010624919565820264 0.019237346237092435 -0.010667961081839648 0.0068979141183029263 -0.0044959808817234357 -0.00031763959710325973
leaf_weight=1441.847954146564 1583.1827344130725 354.0255251377821 957.05018712393939 545.74102253653109 1607.9592995867133 8739.2091132961214 1017.0669912174344 306.87108220905066 2119.9064291492105 431.94142483174801 776.66788047924638 1120.0952458530664 2501.7500700503588 6309.6816488951445
leaf_count=7148 20621 2298 5589 3001 8218 45293 6514 1534 11422 2084 4874 5131 17897 38376
internal_value=-9.56505e-06 -0.00119243 0.00154605 0.00680924 -0.000540533 0.000520403 -0.00376153 0.00318537 -0.00747706 0.00714897 -0.000906563 0.000579948 -0.00015081 0.00134924
internal_weight=29813 16936.8 12876.2 1987.59 15353.6 11555.8 3797.87 1323.94 2473.93 2039.9 9515.88 10888.6 9768.48 7266.73
internal_count=180000 102858 77142 10149 82237 60469 21768 8048 13720 10302 50167 66993 61862 43965
is_linear=0
shrinkage=0.035


Tree=154
num_leaves=15
num_cat=0
split_feature=23 23 19 22 15 23 3 4 16 22 1 15 3 8
split_gain=43.8219 60.9287 46.8264 60.8928 79.3595 59.9659 32.1947 22.4097 25.9184 24.2008 20.4627 19.2309 15.0528 8.93848
threshold=0.076711963862180724 0.080579169094562544 -0.17856430262327191 0.505802482366562 22.154614448547367 0.10266622155904771 -1.0000000180025095e-35 1.0000000180025095e-35 0.86653113365173351 0.39701244235038763 0.23051128536462787 22.907740592956547 -0.13273609429597852 -0.14362701028585431
decision_type=2 2 2 2 2 2 2 2 2 2 2 2 2 2
left_child=6 10 7 4 -4 -5 -1 8 -3 -9 11 -2 -12 -8
right_child=1 2 3 5 -6 -7 13 9 -10 -11 12 -13 -14 -15
leaf_value=0.015647466160499224 -0.017511027413828102 0.0041975310187395759 -0.0017840095732367298 0.0029262041284726127 0.0026406247607161501 -0.0074773921501373793 0.0049421150275025709 0.0036406618161964389 -0.0018548925507776311 0.014646518475775618 0.014803686383981787 0.00011878820121044737 -0.007592364335248715 -0.0066335554435708868
leaf_weight=364.19818098470569 395.91303328052163 2258.9630809929222 11452.293737826869 905.02086999639869 8751.2742993310094 2650.2725589871407 207.77065565437078 688.56176008284092 1395.0151693578809 378.18382388912141 49.523917160928249 93.032163117080927 86.277946598827839 120.86582965031266
leaf_count=1859 2445 11946 75597 5148 48190 18781 991 3438 7551 2266 218 527 392 651
internal_value=-8.83786e-06 -0.00021731 2.17164e-05 -0.000611218 0.000132901 -0.00482832 0.00862706 0.00320176 0.00188808 0.00764226 -0.0109422 -0.0142214 0.00103014 0.000614647
internal_weight=29797.2 29104.3 28479.6 23758.9 20203.6 3555.29 692.835 4720.72 3653.98 1066.75 624.747 488.945 135.802 328.636
internal_count=180000 176499 172917 147716 123787 23929 3501 25201 19497 5704 3582 2972 610 1642
is_linear=0
shrinkage=0.035


Tree=155
num_leaves=15
num_cat=0
split_feature=8 4 23 20 8 22 23 24 24 22 2 21 22 22
split_gain=42.6963 55.4656 53.7887 53.6008 51.6179 69.8302 49.3096 47.196 77.5673 55.7365 43.3729 38.4829 61.2471 37.1084
threshold=-0.44543288648128504 -0.015527880750596522 0.089247435331344618 0.037173081189394004 -0.19524952024221418 0.22082895785570147 0.11273328587412836 0.031382542103528983 0.030696987174451355 0.37860268354415899 0.1607836186885834 -0.067441847175359712 0.3515762090682984 0.23490212112665179
decision_type=2 2 2 2 2 2 2 2 2 2 2 2 2 2
left_child=10 2 -2 4 5 -3 -6 8 -4 -9 -1 13 -13 -5
right_child=1 3 7 11 6 -7 -8 9 -10 -11 -12 12 -14 -15
leaf_value=0.0015170253769620919 0.003548391065742354 -0.0039581928935087645 -0.0030248391578629606 -0.0031019237943167564 -0.005530628799379116 0.006688378394542548 0.0019999510160070384 0.0030837368101761806 -0.012464797801551913 -0.0078506802892419434 0.011719205975389084 -0.011017208270168336 -0.00094898180849856064 0.018744778608032673
leaf_weight=7022.5274238400161 1320.7536808773875 931.00296070054173 3237.6092229411006 186.18163019418716 1596.0319596920162 3849.5065737627447 3153.1797802895308 1820.1902323961258 1586.9242169186473 820.0821060333401 540.99125279486179 1042.8248667735606 2499.4754021205008 179.92227088287473
leaf_count=37262 6537 6632 20960 1239 9463 22456 20099 11390 10731 5163 2466 7042 17590 970
internal_value=-8.3934e-06 -0.000781508 -0.00294236 0.000632347 0.00204754 0.00461103 -0.000537098 -0.00409398 -0.00614927 -0.000329356 0.00226126 -0.0028147 -0.00393566 0.00784759
internal_weight=29787.2 22223.7 8785.56 13438.1 9529.72 4780.51 4749.21 7464.81 4824.53 2640.27 7563.52 3908.4 3542.3 366.104
internal_count=180000 140272 54781 85491 58650 29088 29562 48244 31691 16553 39728 26841 24632 2209
is_linear=0
shrinkage=0.035


Tree=156
num_leaves=15
num_cat=0
split_feature=17 12 4 14 22 14 20 17 2 2 22 22 20 20
split_gain=42.6359 46.69 73.7276 49.1894 44.5362 42.8703 41.8927 38.2518 37.3745 32.8665 27.0641 48.8588 29.3016 29.3755
threshold=0.026542791165411476 1.0785151124000552 0.20627331733703616 0.1960469260811806 0.44238667190074926 0.35770881175994879 0.04356962442398072 0.071500059217214598 -0.063045378774404512 0.21440973877906802 0.39701244235038763 0.52079185843467724 0.063399493694305434 0.023371933959424499
decision_type=8 2 2 2 2 2 2 8 2 2 2 2 2 2
left_child=10 3 5 9 6 -3 -5 -7 -6 -2 -1 12 13 -12
right_child=1 2 -4 4 8 7 -8 -9 -10 -11 11 -13 -14 -15
leaf_value=-0.0090827680453197442 -0.0064476240539882703 -0.0094060533122195516 0.0072170190951027753 0.0042376537944691303 0.0058714333754955892 -0.0029627222264202707 -0.0014627319546171352 0.0019485214656881676 -0.0032383205012351851 0.0037956454871445559 0.0022003811738890416 -0.012139345193611886 -0.015155183282339347 0.021264550984506417
leaf_weight=989.96718176081777 1419.8594211749732 932.53234387561679 1096.4081677868962 9303.7689759470522 687.60306484624743 6883.2344071287662 1896.561370562762 2697.0547377243638 2632.6332369446754 516.9014651067555 248.87732028402388 257.43600166402757 57.072278942912817 157.38241164572537
leaf_count=14177 7577 5178 4988 50787 4115 42913 10858 11924 15743 2386 2783 3931 900 1740
internal_value=-8.26974e-06 0.00031949 -0.00137948 0.00151808 0.00221726 -0.00228204 0.00327196 -0.00157951 -0.00133977 -0.00370835 -0.00535615 -0.000183437 0.00657561 0.00991914
internal_weight=29777.3 28066.6 11609.2 16457.3 14520.6 10512.8 11200.3 9580.29 3320.24 1936.76 1710.74 720.768 463.332 406.26
internal_count=180000 156469 65003 91466 81503 60015 61645 54837 19858 9963 23531 9354 5423 4523
is_linear=0
shrinkage=0.035


Tree=157
num_leaves=15
num_cat=0
split_feature=17 12 4 14 24 24 23 8 16 17 23 18 14 6
split_gain=41.5603 42.2603 73.471 50.1628 50.9433 45.3645 89.8012 46.0628 42.5294 38.6813 37.7943 36.2669 27.5308 20.0438
threshold=0.018838859163224701 1.0785151124000552 0.091760858893394484 0.16889880597591403 0.030120851472020153 0.027580020017921928 0.20932535827159884 -0.16161236166954038 2.3078682422637944 0.0370249841362238 0.34108707308769232 0.14226230978965762 2.8474667072296147 0.11853868514299394
decision_type=8 2 2 2 2 2 2 2 2 8 2 2 2 2
left_child=13 3 8 4 -2 6 -5 -7 9 -3 12 -10 -4 -1
right_child=1 2 10 5 -6 7 -8 -9 11 -11 -12 -13 -14 -15
leaf_value=-0.015596496153482841 0.0031560324887364619 -0.0076517944186848645 -0.0012258120971190285 -0.0057586858252690583 -0.0098613205157456422 0.0034311641918293874 0.020391880630477994 -0.0015870649623344823 -0.012301004731579296 -0.00078125355729187658 0.020221748851440135 -0.001651522260160407 0.0056811923617836125 0.018946731633063874
leaf_weight=263.16459576413035 595.40485721826553 1195.4823171477765 1364.6402819510549 1707.7742584999651 939.19737138785422 11481.216387838125 167.6793610714376 2777.1486462838948 999.14028626121581 6018.7184762097895 142.98781777173281 645.99613792821765 1450.2335124313831 13.92874247021973
leaf_count=5665 2944 12954 6689 12111 5087 66564 788 18012 5652 32891 676 2920 6828 219
internal_value=-8.3008e-06 0.000120693 -0.00149878 0.00120408 -0.00482303 0.00178 -0.00332488 0.00245332 -0.00309278 -0.0019288 0.00326986 -0.00815451 0.00234022 -0.0132606
internal_weight=29762.7 29485.6 11817.2 17668.4 1534.6 16133.8 1875.45 14258.4 8859.34 7214.2 2957.86 1645.14 2814.87 277.093
internal_count=180000 174116 68610 105506 8031 97475 12899 84576 54417 45845 14193 8572 13517 5884
is_linear=0
shrinkage=0.035


Tree=158
num_leaves=15
num_cat=0
split_feature=21 24 23 20 24 20 23 6 20 21 20 23 23 21
split_gain=41.2746 104.85 100.424 162.798 109.622 100.885 97.2661 85.963 81.7264 150.704 143.069 189.001 205.116 107.833
threshold=0.017854389734566215 0.03279035538434983 0.14419928938150409 -0.030183549039065834 0.030982371419668201 -0.024338525719940659 0.12374271824955942 -0.088141169399023042 -0.040305139496922486 -0.018627555109560486 -0.014780192635953425 0.21982385218143466 0.18118332326412204 -0.07790531218051909
decision_type=2 2 2 2 2 2 2 2 2 2 2 2 2 2
left_child=8 2 5 -4 -5 -2 -3 -7 9 -1 13 12 -12 -10
right_child=1 6 3 4 -6 7 -8 -9 10 -11 11 -13 -14 -15
leaf_value=0.00061586452221938843 -0.011251297762633526 -0.023038833538378524 0.018724728414037963 -0.016383929225808214 0.00221341004201648 0.0083801210289164846 -0.0037284204159600673 0.00023657099048113319 -0.019103414633972103 -0.015906519330818419 0.00058556711872603708 -0.011557711857814363 0.021501173759210783 0.0094194658849374828
leaf_weight=2650.9422674141824 726.86408907920122 483.79311592504382 249.98679132014513 1300.4479766916484 548.64998312294483 2098.5233161337674 919.42568945884705 6433.3029115013778 160.90746616385877 897.54126899130642 7633.0528853256255 1435.8302330523729 611.16892608813941 3600.3465882595628
leaf_count=18980 4602 3356 1200 9443 3475 11831 6979 40084 1053 5801 42332 9593 3035 18236
internal_value=-7.98093e-06 -0.00151155 -0.000392538 -0.00728543 -0.0108836 0.00117636 -0.0105021 0.00224706 0.00112157 -0.00359621 0.0023688 0.000115675 0.00216027 0.00815183
internal_weight=29750.8 12761 11357.8 2099.08 1849.1 9258.69 1403.22 8531.83 16989.8 3548.48 13441.3 9680.05 8244.22 3761.25
internal_count=180000 80970 70635 14118 12918 56517 10335 51915 99030 24781 74249 54960 45367 19289
is_linear=0
shrinkage=0.035


Tree=159
num_leaves=15
num_cat=0
split_feature=17 24 16 18 22 24 21 8 4 10 4 11 4 15
split_gain=42.4657 54.5403 53.8038 97.9941 56.6773 162.57 97.8981 32.6779 20.4362 19.7537 19.6406 16.6471 14.7564 17.4143
threshold=0.091595645993947997 0.036860706284642226 1.6185935139656069 0.096026599407196059 0.21641109138727191 0.027239737100899223 -0.048701481893658631 -0.46858882904052729 0.28549395501613622 1.3130677938461306 0.20627331733703616 0.45898468792438513 -0.12358631566166876 21.616322517395023
decision_type=8 2 2 2 2 2 2 2 2 2 2 2 2 2
left_child=1 2 4 7 5 -1 -6 -4 11 -2 -5 -3 -11 -14
right_child=9 8 3 10 6 -7 -8 -9 -10 12 -12 -13 13 -15
leaf_value=0.017468691119312468 0.0030884096120587607 -0.017885543722500331 -0.00076994122320100564 -0.00044371470043781891 0.0087572323355723895 -0.0058757753576835839 0.00052744677977724103 -0.010275398539488275 0.017867488766216594 0.00079284157371706037 0.0063400529297065545 -0.0012513264259104925 -0.0071446358465951506 0.018605412464651562
leaf_weight=401.04200697690248 1674.8475854769349 322.26571054011583 568.53329353034496 2464.9236731510609 1984.0982248727232 3299.7904676739126 15816.526826307178 2024.7933084685355 17.553373843431473 112.88942682743073 653.18141810595989 96.736918807029724 31.228302389383316 260.25252179056406
leaf_count=1944 7463 3199 2909 12174 10077 26243 97567 12960 78 500 2871 559 149 1307
internal_value=-8.52652e-06 -0.000371956 -0.000172799 -0.00318929 0.000629581 -0.00330579 0.00144916 -0.00820249 -0.0125046 0.00480301 0.000993076 -0.0141638 0.0116587 0.0157012
internal_weight=29728.7 27649.4 27212.9 5711.43 21501.5 3700.83 17800.6 2593.33 436.556 2079.22 3118.11 419.003 404.37 291.481
internal_count=180000 170581 166745 30914 135831 28187 107644 15869 3836 9419 15045 3758 1956 1456
is_linear=0
shrinkage=0.035


Tree=160
num_leaves=15
num_cat=0
split_feature=17 20 20 21 3 22 23 8 12 14 14 24 23 17
split_gain=42.3247 52.3572 62.1 72.7341 55.7002 62.2589 55.6746 49.9802 38.5819 42.1939 35.5534 35.24 32.4742 29.0432
threshold=0.042892489582300193 0.063399493694305434 0.059344515204429633 0.12006257474422456 0.014933950733393432 0.17202089726924899 0.20481593161821368 -0.1701896861195564 1.0785151124000552 0.35770881175994879 0.1960469260811806 0.03199290111660958 0.41836158931255346 0.11281597241759302
decision_type=8 2 2 2 2 2 2 2 2 2 2 2 2 8
left_child=1 2 4 7 5 -1 -3 -4 10 -10 -2 -6 13 -11
right_child=8 6 3 -5 11 -7 -8 -9 9 12 -12 -13 -14 -15
leaf_value=-0.015996271600958862 -0.0030191277964039284 -0.012620942877819952 0.045878340091118956 -0.013770110846113221 -0.0061924629611297593 0.0013445432180667018 0.011504901972008328 -0.0034957070555409731 -0.0081436792953592119 -0.00088640996705813269 0.0033808780794693381 0.0047969526028512257 0.010326110644581572 0.0074532808351751587
leaf_weight=254.79756379127502 1211.4880101010203 855.66775611042976 87.832271434366703 51.127069156616926 3052.8984073903412 6010.1982199195772 127.53335904702544 31.980807829648256 818.50373950973153 7614.9911893494427 8297.0958149880171 397.24573174118996 356.23306547105312 538.34578824043274
leaf_count=3826 5769 8223 435 612 23590 46470 1178 205 4308 38135 39452 3694 1561 2542
internal_value=-8.00193e-06 -0.00174626 -0.000975619 0.0193429 -0.00135265 0.000614924 -0.00940719 0.0334452 0.000995415 -0.000603679 0.00256314 -0.00491695 0.000130273 -0.000327304
internal_weight=29705.9 10869.3 9886.08 170.94 9715.14 6265 983.201 119.813 18836.7 9328.07 9508.58 3450.14 8509.57 8153.34
internal_count=180000 88233 78832 1252 77580 50296 9401 640 91767 46546 45221 27284 42238 40677
is_linear=0
shrinkage=0.035


Tree=161
num_leaves=15
num_cat=0
split_feature=23 23 23 20 10 14 8 3 3 1 15 20 3 8
split_gain=39.9228 56.8692 42.2646 95.0408 52.0152 49.5314 48.0375 47.8997 29.8187 19.132 18.1037 14.7698 14.141 7.8877
threshold=0.076711963862180724 0.080579169094562544 0.087692510336637511 0.037173081189394004 0.27797915041446691 0.24591430276632312 -0.20329195261001584 0.54969352483749401 -1.0000000180025095e-35 0.23051128536462787 22.907740592956547 0.04356962442398072 -0.13273609429597852 -0.14362701028585431
decision_type=2 2 2 2 2 2 2 2 2 2 2 2 2 2
left_child=8 9 3 6 7 -6 -3 -4 -1 10 -2 -5 -11 -10
right_child=1 2 4 11 5 -7 -8 -9 13 12 -12 -13 -14 -15
leaf_value=0.014993811904844473 -0.017012773761298384 0.012811727711826523 -0.0091709999968813457 -0.017100944423036123 -0.0043342200615665719 0.000526023345956801 0.00027741921372644246 0.031940735805473811 0.0045883439001698145 0.014350630722888681 0.00012484985710030098 -0.0034103483367576067 -0.007382819125034322 -0.0062954797396108436
leaf_weight=364.07293632254004 392.05194317549467 1084.0500871501863 1043.8597076814622 194.70837134495378 2891.5973951760679 22373.589398041368 570.22613818198442 26.288059782236814 207.53733411431313 49.363282136619091 92.79198094829917 194.44317507743835 86.083217583596706 120.55931414663792
leaf_count=1859 2445 5049 17305 1144 15587 129442 3091 189 991 218 527 1110 392 651
internal_value=-7.66669e-06 -0.00020727 2.36698e-05 0.00486002 -0.000353298 -3.17256e-05 0.0085188 -0.00787474 0.00823872 -0.0106057 -0.0137966 -0.0105171 0.000979986 0.00052116
internal_weight=29691.2 28999.1 28378.8 2043.43 26335.3 25265.2 1654.28 1070.15 692.17 620.29 484.844 389.152 135.446 328.097
internal_count=180000 176499 172917 10394 162523 145029 8140 17494 3501 3582 2972 2254 610 1642
is_linear=0
shrinkage=0.035


Tree=162
num_leaves=15
num_cat=0
split_feature=17 22 22 24 20 16 18 17 16 24 22 3 22 20
split_gain=39.5999 44.052 70.8197 83.3359 86.6755 43.2029 83.8736 41.0858 36.5223 34.8956 63.9391 32.2686 40.1567 49.9401
threshold=0.034222010523080833 0.54684218764305126 0.39701244235038763 0.034816114231944091 0.0083416136913001555 1.6185935139656069 0.15795285254716876 0.053577672690153129 2.4285660982131962 0.027059725485742096 0.21641109138727191 -0.095752373337745653 0.21641109138727191 -0.030183549039065834
decision_type=8 2 2 2 2 2 2 8 2 2 2 2 2 2
left_child=1 2 9 4 -4 11 7 -7 -9 -1 -11 12 13 -2
right_child=5 -3 3 -5 -6 6 -8 8 -10 10 -12 -13 -14 -15
leaf_value=0.0086101951900320398 0.0041912871840669753 -0.013305814127725251 -0.0018756997476799928 -0.029497304694800351 0.014462005282885592 -0.010148663029737399 0.002484776161372482 0.00016503750598156357 -0.0092997805671725595 -0.016317376466704992 -0.0032973894971647117 0.00026010296842755414 0.004750234123192882 -0.0079263378065236971
leaf_weight=211.86682548187673 885.34415849298239 434.21645135805011 836.74510635994375 76.218953078612685 744.79585647210479 1342.7413941770792 3125.3815842792392 1753.4754832945764 688.13165649399161 564.30117295496166 2406.7345179859549 10331.600537721068 5508.7855173796415 769.72982407361269
leaf_count=1670 6153 6085 6758 1249 6428 8917 14344 8369 3457 7811 22940 53112 27638 5069
internal_value=-7.32679e-06 -0.00275426 -0.00178229 0.00406797 0.00586075 0.000587275 -0.00175429 -0.00525253 -0.00252954 -0.0048325 -0.00581677 0.00151254 0.0033159 -0.00145805
internal_weight=29680.1 5274.88 4840.66 1657.76 1581.54 24405.2 6909.73 3784.35 2441.61 3182.9 2971.04 17495.5 7163.86 1655.07
internal_count=180000 52941 46856 14435 13186 127059 35087 20743 11826 32421 30751 91972 38860 11222
is_linear=0
shrinkage=0.035


Tree=163
num_leaves=15
num_cat=0
split_feature=21 22 22 23 20 23 23 24 21 20 24 24 23 20
split_gain=38.4377 140.663 172.43 160.106 154.119 116.048 111.384 206.006 168.957 100.349 97.4028 95.9372 94.9033 146.302
threshold=0.017854389734566215 0.34321255981922155 0.40200047194957739 0.15895815938711169 0.059344515204429633 0.1739926487207413 0.20302215963602069 0.029990448616445068 -0.023996559903025624 -0.037559937685728066 0.03279035538434983 0.030374678783118728 0.14419928938150409 -0.030183549039065834
decision_type=2 2 2 2 2 2 2 2 2 2 2 2 2 2
left_child=1 3 -3 9 5 -4 8 -8 -5 -1 12 -11 -2 -14
right_child=10 2 4 6 -6 -7 7 -9 -10 11 -12 -13 13 -15
leaf_value=-0.020141958638598485 0.0011390120287232011 0.012198514509735468 -0.00091843727637718191 0.01142703152487709 0.02658232629410372 -0.029098149542685491 0.031959164479967862 -0.0029227143523583641 -0.010941300745160516 0.00043966863687417784 -0.010162978621076372 -0.010848261762554252 0.017546914577849231 -0.010542654494007387
leaf_weight=554.9110720064491 9246.404074780643 2611.5330823771656 2147.3468561898917 2348.0870945192873 222.87858803197742 185.37815348803997 207.6687777787447 4393.9508339166641 493.3219279628247 2194.5211178809404 1392.2297993134707 1580.1356356143951 249.84972723573446 1835.6020754948258
leaf_count=3400 56517 13113 12032 13787 1069 1155 1157 28860 3220 12252 10335 8985 1200 12918
internal_value=-8.03165e-06 0.00108364 0.00589182 -0.00102994 -0.000575333 -0.00327248 0.00208291 -0.00128262 0.00751872 -0.00637376 -0.00146109 -0.00430183 -0.000383961 -0.00710968
internal_weight=29663.8 16939.7 5167.14 11772.6 2555.6 2332.73 7443.03 4601.62 2841.41 4329.57 12724.1 3774.66 11331.9 2085.45
internal_count=180000 99030 27369 71661 14256 13187 47024 30017 17007 24637 80970 21237 70635 14118
is_linear=0
shrinkage=0.035


Tree=164
num_leaves=15
num_cat=0
split_feature=17 22 6 22 22 16 22 16 18 16 23 15 0 24
split_gain=38.8856 45.8431 56.2142 52.1589 59.3714 48.7788 51.7725 38.9655 62.8145 40.1873 33.8808 31.785 28.3786 41.7619
threshold=0.039849437773227699 0.16608449816703799 -0.088141169399023042 0.52079185843467724 0.39701244235038763 0.92634910345077526 0.30788511037826544 1.5058907866477969 0.14226230978965762 2.4285660982131962 0.10266622155904771 22.223960876464847 -0.08013449981808661 0.030696987174451355
decision_type=8 2 2 2 2 2 2 2 2 2 2 2 2 2
left_child=1 -1 5 4 -4 6 -3 12 9 11 -5 -9 13 -2
right_child=7 2 3 10 -6 -7 -8 8 -10 -11 -12 -13 -14 -15
leaf_value=-0.015906719074930936 0.0038349374190489124 -0.00098263532760717765 -0.0052273336505859243 -0.0014265295234270499 0.0035567757356987097 -0.0041561936370408722 0.0093275684703134493 -0.0055869161700830726 0.002142578092318834 -0.011169733672762566 -0.015517823435461771 0.0015955480594986257 0.0031846145684840416 -0.0027044271612063696
leaf_weight=269.38792691752315 1956.1559633202851 1078.7193547412753 2643.3799463752657 306.66653537005186 1453.2874512095004 1102.854701699689 1320.1833221875131 1710.8783802725375 3545.3612939603627 812.79711553454399 661.40248654223979 1338.0645886994898 8401.9617918357253 3045.3874684236944
leaf_count=4235 9567 7595 25008 2214 11948 8820 8347 9516 16262 4438 8302 6445 41532 15771
internal_value=-8.0319e-06 -0.00195207 -0.00149521 -0.00384965 -0.00211011 0.00191139 0.00470653 0.00081792 -0.0012183 -0.00430141 -0.0111142 -0.0024399 0.00194326 -0.000144264
internal_weight=29646.5 8835.88 8566.49 5064.74 4096.67 3501.76 2398.9 20810.6 7407.1 3861.74 968.069 3048.94 13403.5 5001.54
internal_count=180000 76469 72234 47472 36956 24762 15942 103531 36661 20399 10516 15961 66870 25338
is_linear=0
shrinkage=0.035


Tree=165
num_leaves=15
num_cat=0
split_feature=3 3 22 23 20 24 24 20 24 2 12 5 11 8
split_gain=38.4589 45.8656 45.2536 52.5526 111.934 243.566 114.058 81.9571 62.3675 44.577 41.1064 43.51 40.6657 30.2479
threshold=-0.13273609429597852 0.48235996067523962 0.56118163466453563 0.14419928938150409 -0.030183549039065834 0.030780889093875888 0.031827358528971679 -0.042946796864271157 0.033620502799749381 0.28471611440181738 1.3258510231971743 0.08149896934628488 0.17223137617111209 -0.19524952024221418
decision_type=2 2 2 2 2 2 2 2 2 2 2 2 2 2
left_child=2 9 3 7 6 -6 -5 -1 -9 10 11 -2 -3 -14
right_child=1 12 -4 4 5 -7 -8 8 -10 -11 -12 -13 13 -15
leaf_value=-0.017798057078297898 -0.0035498476525889608 0.030832238175422771 -0.0067828682896682877 0.013034992127984889 -0.014062779774050859 0.0032646433589280386 -0.0053561939802199161 0.0061139263406196831 -0.006569694501803355 0.0013424266099103584 -0.0092702080547608333 0.0041517414724470021 0.0038669148446912687 -0.0018652209485115886
leaf_weight=190.14193905889988 6701.0114099849015 48.548371445387602 761.67613253183663 1210.3783956188709 1626.635827023536 2522.6714387647808 617.60339317657053 5361.1524698007852 512.83493446744978 3149.0029552318156 1283.1227043960243 1028.9450072161853 2683.8036935217679 1931.6960036791861
leaf_count=1288 49889 345 5703 7624 11154 15108 4236 28847 3182 15980 8085 6508 12560 9491
internal_value=-8.43148e-06 -0.00110811 0.00143652 0.00196164 -0.000367666 -0.00354563 0.006826 0.00425441 0.00499729 -0.00223926 -0.00349073 -0.00252064 0.00183999 0.00146903
internal_weight=29629.2 16826.1 12803.1 12041.4 5977.29 4149.31 1827.98 6064.13 5873.99 12162.1 9013.08 7729.96 4664.05 4615.5
internal_count=180000 102858 77142 71439 38122 26262 11860 33317 32029 80462 64482 56397 22396 22051
is_linear=0
shrinkage=0.035


Tree=166
num_leaves=15
num_cat=0
split_feature=17 14 2 16 17 10 23 24 19 5 17 23 21 6
split_gain=38.0666 37.6534 58.8156 55.5075 48.3777 44.9449 49.5593 36.4519 30.374 42.4074 25.6881 23.8012 19.1725 18.9675
threshold=0.018838859163224701 0.26957608759403234 0.17715892940759662 0.67743563652038585 0.051476472988724715 0.3423427045345307 0.14419928938150409 0.034816114231944091 0.22239658236503604 -0.078823544085025773 0.11281597241759302 0.21147499233484271 0.12006257474422456 0.11853868514299394
decision_type=8 2 2 2 8 2 2 2 2 2 8 2 2 2
left_child=13 2 8 5 7 6 -3 -5 9 -2 -6 -7 -4 -1
right_child=1 3 12 4 10 11 -8 -9 -10 -11 -12 -13 -14 -15
leaf_value=-0.01514471085559547 -0.0020751447802320332 0.021734728304469576 0.0049593647788065869 -0.0014454333618804456 0.00098465080771677834 0.0040754395369642371 -0.0067241081987558888 -0.01067122068613521 0.0084286529748116446 -0.011144167112190788 0.0079359184311837208 -0.0020110884812415989 -0.013807097388291471 0.018370738161433146
leaf_weight=257.50495265796781 1209.0354052223265 301.57667005620897 1010.904738381505 9536.829991908744 9522.674598287791 3904.5472506899387 93.463286193087697 545.63334959745407 161.90191027522087 1325.4369182754308 689.49911370128393 978.53806095942855 61.804586909711361 14.086679741740225
leaf_count=5665 6528 2541 4704 70440 44287 20657 1192 5367 746 7874 3281 6153 346 219
internal_value=-8.42389e-06 0.000114448 -0.00314666 0.000596133 -0.000235959 0.00378996 0.0150018 -0.00195478 -0.00589834 -0.00684307 0.00146129 0.00285412 0.00376059 -0.0128157
internal_weight=29613.4 29341.8 3769.08 25572.8 20294.6 5278.13 395.04 10082.5 2696.37 2534.47 10212.2 4883.09 1072.71 271.592
internal_count=180000 174116 20198 153918 123375 30543 3733 75807 15148 14402 47568 26810 5050 5884
is_linear=0
shrinkage=0.035


Tree=167
num_leaves=15
num_cat=0
split_feature=21 22 22 20 23 23 24 21 20 24 24 20 23 24
split_gain=36.5806 127.768 164.052 220.361 148.546 102.406 186.834 157.027 94.2332 92.0266 92.0222 72.2092 104.164 152.804
threshold=0.017854389734566215 0.34321255981922155 0.44238667190074926 -0.022877133451402184 0.15895815938711169 0.20302215963602069 0.029990448616445068 -0.023996559903025624 -0.037559937685728066 0.030374678783118728 0.034816114231944091 0.0055751192849129447 0.12998947501182559 0.027059725485742096
decision_type=2 2 2 2 2 2 2 2 2 2 2 2 2 2
left_child=1 4 3 -3 8 7 -7 -6 -1 -10 11 12 -2 -14
right_child=10 2 -4 -5 5 6 -8 -9 9 -11 -12 -13 13 -15
leaf_value=-0.019534062943651724 0.0015443864878448056 -0.014755769423215912 -0.0043745948175189456 0.012471874159864236 0.011004412194880813 0.030226631019556142 -0.0027727871213616305 -0.010601971484582268 0.00053482969641701207 -0.010540850272444032 -0.013764343709255729 0.0014947803793583538 0.011247484117490807 -0.012409496582309514
leaf_weight=549.4400799870491 2197.66029481031 400.31911697797477 1438.639814151451 3323.0374379586428 2350.2895565852523 210.75583212450147 4380.46447221376 490.84101345390081 2187.0059898737818 1573.8755028322339 689.88918082602322 7238.1908724550158 386.60445078089833 2182.4351952560246
leaf_count=3400 12562 2426 8236 16707 13787 1157 28860 3220 12252 8985 5489 45322 2287 15310
internal_value=-8.25035e-06 0.00105775 0.00564143 0.00951279 -0.000960286 0.00203734 -0.00119558 0.00724754 -0.00612188 -0.00411585 -0.00142748 -0.000707645 -0.00404814 -0.00881965
internal_weight=29599.4 16904.7 5162 3723.36 11742.7 7432.35 4591.22 2841.13 4310.32 3760.88 12694.8 12004.9 4766.7 2569.04
internal_count=180000 99030 27369 19133 71661 47024 30017 17007 24637 21237 80970 75481 30159 17597
is_linear=0
shrinkage=0.035


Tree=168
num_leaves=15
num_cat=0
split_feature=3 24 23 23 22 23 24 20 24 21 22 24 24 20
split_gain=37.3279 42.5671 88.1691 85.3965 113.374 93.2135 96.7533 74.4431 72.3064 153.5 140.107 67.8353 104.942 58.6478
threshold=-0.33288499712944025 0.030120851472020153 0.11273328587412836 0.12374271824955942 0.48357892036437994 0.21555506438016894 0.027059725485742096 0.084703385829925551 0.031365167349576957 -0.048701481893658631 0.25059181451797491 0.033620502799749381 0.03199290111660958 0.0017460752278566363
decision_type=2 2 2 2 2 2 2 2 2 2 2 2 2 2
left_child=-1 3 11 4 7 6 -5 -2 9 -4 -10 12 -3 -7
right_child=1 2 8 5 -6 13 -8 -9 10 -11 -12 -13 -14 -15
leaf_value=0.0024479790866663849 0.0086323414365154089 -0.0073714709890205701 0.0052677104830181933 0.0082980005000847009 -0.0030773415641990832 0.030935315797785197 -0.0069179131434438275 -0.010734845797398324 -0.0050962277142591354 -0.0088665917377076815 0.0053302599487609712 -0.021602883161556188 0.018903215000551199 -0.0042963252688160251
leaf_weight=6023.0975415967405 3574.2263677716255 2312.2784445080906 1414.6888416074216 609.2901321593672 1918.993782794103 146.22877281904221 2969.6474253535271 252.46004323847592 2403.6761492267251 2770.9187082517892 4556.4325012098998 348.71715215034783 192.92131931334734 88.452230181545019
leaf_count=32648 17515 14448 9603 3689 11394 823 20716 1700 16645 18331 28166 2615 1043 664
internal_value=-8.56339e-06 -0.000637377 -0.00186621 0.00116232 0.00385474 -0.00289361 -0.0043116 0.00732997 -0.000458312 -0.00408819 0.00172732 -0.00734381 -0.00528099 0.0180235
internal_weight=29582 23558.9 13999.6 9559.3 5745.68 3813.62 3578.94 3826.69 11145.7 4185.61 6960.11 2853.92 2505.2 234.681
internal_count=180000 147352 90851 56501 30609 25892 24405 19215 72745 27934 44811 18106 15491 1487
is_linear=0
shrinkage=0.035


Tree=169
num_leaves=15
num_cat=0
split_feature=19 4 20 8 24 24 20 21 12 8 21 21 24 14
split_gain=35.6587 44.0948 60.0671 50.8953 44.3258 114.524 95.0805 46.0601 42.1305 41.0751 36.6623 52.0907 44.7894 32.1481
threshold=-0.23916362226009366 -0.015527880750596522 0.037173081189394004 -0.19524952024221418 0.030696987174451355 0.031365167349576957 -0.00031432819014298724 -0.11160925030708312 1.036610543727875 -0.19524952024221418 -0.067441847175359712 -0.018627555109560486 0.030226894654333595 7.3043053150177011
decision_type=2 2 2 2 2 2 2 2 2 2 2 2 2 2
left_child=-1 4 3 8 9 6 -6 -7 -3 -2 12 -12 -4 -5
right_child=1 2 10 13 5 7 -8 -9 -10 -11 11 -13 -14 -15
leaf_value=0.0036589332555337032 0.001599473375731777 0.0071723367744786579 -0.0032529779152623384 -0.0011277057672691036 -0.017207576048421318 0.017359658396095087 -0.0019153900719629385 -0.0013844716860073299 0.0014316755102817976 -0.0063516332634811837 -0.0097762514574532989 -0.0011009184599724204 0.017864318122116314 0.013916123018379026
leaf_weight=2916.5969669371843 4447.3223075401038 3077.9731867611408 262.80258364975452 4542.2366417925805 1190.2895041555166 158.28095087781549 856.07696938514709 3509.6508478410542 3190.2488021049649 958.91956400685012 1195.075399864465 2870.6733940765262 217.18758272007108 170.9406697973609
leaf_count=14535 25879 18406 1710 28701 8012 1075 5154 21534 18689 6578 7661 20079 1137 850
internal_value=-8.39923e-06 -0.000411012 0.000793758 0.00219391 -0.00209238 -0.00423886 -0.0108507 -0.000530613 0.00425753 0.000180041 -0.00258605 -0.00366865 0.00647182 -0.000553778
internal_weight=29564.3 26647.7 15527.1 10981.4 11120.5 5714.3 2046.37 3667.93 6268.22 5406.24 4545.74 4065.75 479.99 4713.18
internal_count=180000 165465 97233 66646 68232 35775 13166 22609 37095 32457 30587 27740 2847 29551
is_linear=0
shrinkage=0.035


Tree=170
num_leaves=15
num_cat=0
split_feature=17 22 22 24 24 16 14 11 7 5 3 22 20 14
split_gain=37.8281 38.6894 66.6683 60.6759 58.7191 38.0076 62.3177 38.325 36.9952 32.7336 32.1979 46.9915 46.3351 30.5575
threshold=0.032078364863991744 0.54684218764305126 0.39701244235038763 0.034816114231944091 0.027896618470549587 1.559691369533539 0.72645106911659252 0.44608080387115484 -1.0000000180025095e-35 0.10659746453166009 -0.095752373337745653 0.21641109138727191 -0.030183549039065834 0.1960469260811806
decision_type=8 2 2 2 2 2 2 2 2 2 2 2 2 2
left_child=1 2 -1 4 -4 10 9 8 -8 -7 11 12 -2 -13
right_child=5 -3 3 -5 -6 6 7 -9 -10 -11 -12 13 -14 -15
leaf_value=-0.0055823367919057712 0.0033746994620417578 -0.014533012429957769 -0.016951345363110146 -0.028231868103040854 0.0082613792543005989 -0.0093801748404472359 -0.0025948262764626251 0.0066042184203662655 0.005418279017429019 0.0015673161778431914 0.00011513670778268068 -0.0030651141549802884 -0.0081329636960473153 0.0054551769781421913
leaf_weight=2402.930919399485 912.83851123228669 325.52909992076457 116.00387587398291 57.554398871958256 1153.1788123734295 1516.1219774633646 3661.6129506975412 961.34399674087763 864.02542780525982 425.19966362416744 10588.617169734091 565.71592767909169 791.37899028137326 5214.2619330994785
leaf_count=26827 6402 5031 1279 1063 9918 8450 19223 4437 4231 1972 55991 2772 5433 26971
internal_value=-8.0419e-06 -0.00314369 -0.00211341 0.00416412 0.00584242 0.000491626 -0.00161458 0.000295341 -0.00105641 -0.00698665 0.00135773 0.00311326 -0.00198533 0.0046174
internal_weight=29556.3 4055.2 3729.67 1326.74 1269.18 25501.1 7428.3 5486.98 4525.64 1941.32 18072.8 7484.2 1704.22 5779.98
internal_count=180000 44118 39087 12260 11197 135882 38313 27891 23454 10422 97569 41578 11835 29743
is_linear=0
shrinkage=0.035


Tree=171
num_leaves=15
num_cat=0
split_feature=17 24 16 22 21 4 16 15 12 21 14 23 14 23
split_gain=36.9812 52.1003 52.1876 55.576 116.18 51.5938 53.7203 49.6924 30.0579 29.0172 32.3506 36.4178 26.6312 23.4374
threshold=0.063161868602037444 0.036860706284642226 0.88659167289733898 0.32527311146259313 -0.017531219869852063 0.041383979842066772 1.9100028872489931 21.441501617431644 1.6388126611709597 -0.0087223635055124742 0.68548125028610241 0.18839325755834582 1.4959796071052553 0.21555506438016894
decision_type=8 2 2 2 2 2 2 2 2 2 2 2 2 2
left_child=1 2 3 7 -5 6 -4 -1 9 10 11 -2 -7 -11
right_child=8 -3 5 4 -6 12 -8 -9 -10 13 -12 -13 -14 -15
leaf_value=-0.0046848596214445282 0.0068865566224041849 -0.015829351513896993 -0.0027567656986951391 0.019792509575052429 0.0020023339335182395 -0.0025616072978142611 -0.011477801332254622 0.0023515128068378921 -0.0068687273950460738 6.8124547856434129e-05 0.0082178668297622978 -0.0046826736837660352 0.0036114809333999973 0.01043579701317986
leaf_weight=2717.9721960928291 641.28090914338827 267.4946938380599 6209.369757540524 483.4596964456141 5110.8397605344653 1408.8500251416117 997.87442076206207 2229.838867276907 430.30937800556421 4174.0303765237331 1772.5748026892543 672.97040683031082 2150.7025626525283 275.37682503461838
leaf_count=18261 2881 2961 47006 2497 31744 8808 6866 13745 1981 18221 8253 3253 12224 1299
internal_value=-8.63829e-06 -0.000761128 -0.000564637 0.00118529 0.00357234 -0.00227755 -0.00397846 -0.00151542 0.00202779 0.00254419 0.00514589 0.000971836 0.00116788 0.00073175
internal_weight=29542.9 21576.4 21308.9 10542.1 5594.3 10766.8 7207.24 4947.81 7966.54 7536.23 3086.83 1314.25 3559.55 4449.41
internal_count=180000 144112 141151 66247 34241 74904 53872 32006 35888 33907 14387 6134 21032 19520
is_linear=0
shrinkage=0.035


Tree=172
num_leaves=15
num_cat=0
split_feature=17 17 24 3 21 20 17 10 12 15 7 1 20 12
split_gain=36.2928 34.0579 45.8787 39.0294 51.3931 40.243 18.4899 17.9173 15.555 12.9884 12.1132 15.0254 13.35 9.5122
threshold=0.016133114695549015 0.091595645993947997 0.036860706284642226 -0.095752373337745653 0.099522776901721968 -0.024338525719940659 0.050483802333474166 1.3130677938461306 0.90403699874877941 21.616322517395023 -0.13968113064765927 1.0000000180025095e-35 0.0083416136913001555 0.50205969810485851
decision_type=8 8 2 2 2 2 10 2 2 2 2 2 2 2
left_child=13 2 3 4 -2 -5 -4 10 -8 -9 12 -12 -3 -1
right_child=1 7 6 5 -6 -7 8 9 -10 -11 11 -13 -14 -15
leaf_value=0.0050854226304763751 0.0019889149715239672 -0.002656784621547871 -0.02070765166608151 -0.0046342516745208869 -0.0061640011736390247 -0.00028079464606609776 0.011032818312232122 -0.0055919165323111324 -0.0094847512550662507 0.013202186596507013 0.024751449540442262 0.004822131560085003 0.0056383637120097363 -0.021510254730885924
leaf_weight=15.185430770739911 11734.676436418667 647.74807398021221 157.71044171229005 3423.5879748575389 1020.5391448624432 10734.315254857764 47.514162957668304 45.782540261745453 219.10993011668324 353.89482915401459 41.247733168303967 615.45245488733053 362.17475210130215 109.51443639583886
leaf_count=241 70638 2854 2073 22065 7730 63391 299 212 1443 1744 192 2857 1560 2701
internal_value=-8.41396e-06 7.45968e-05 -0.000253535 -7.13936e-05 0.00133229 -0.00133605 -0.0115381 0.00439614 -0.00556173 0.0109654 0.00276474 0.00642638 0.000344106 -0.0181344
internal_weight=29528.5 29403.8 27337.5 26913.1 12755.2 14157.9 424.335 2066.3 266.624 399.677 1666.62 656.7 1009.92 124.7
internal_count=180000 177058 167639 163824 78368 85456 3815 9419 1742 1956 7463 3049 4414 2942
is_linear=0
shrinkage=0.035


Tree=173
num_leaves=15
num_cat=0
split_feature=17 4 20 8 22 8 20 24 22 20 21 22 22 24
split_gain=35.4925 35.4989 48.4286 47.566 76.8077 39.8328 38.3169 40.7864 37.2583 46.2445 32.8461 69.5142 37.0193 32.2449
threshold=0.026542791165411476 -0.015527880750596522 0.037173081189394004 -0.1872119605541229 0.22082895785570147 -0.38617475330829615 -0.059386368840932839 0.031827358528971679 0.44739976525306707 -0.024338525719940659 -0.048701481893658631 0.3515762090682984 0.23490212112665179 0.030696987174451355
decision_type=8 2 2 2 2 2 2 2 2 2 2 2 2 2
left_child=13 5 3 4 -3 6 7 -2 9 -7 12 -12 -4 -1
right_child=1 2 10 -5 -6 8 -8 -9 -10 -11 11 -13 -14 -15
leaf_value=-0.0012289047267736014 -0.00070156710872538075 -0.0026812317368217118 -0.00078425779985259855 -0.00017761352578417615 0.0065628296414688963 -0.0058936106956894467 0.0021656949271876675 -0.017166828258883438 -0.0078121836104168866 0.00099049780915060602 -0.0095328712934745433 0.00039924202662705674 0.01718083018338442 -0.011267278449566405
leaf_weight=1066.8184664081782 594.93479719012976 1396.5356381349266 365.48076573759317 4257.9197340961546 5112.3188802078366 1876.5835952162743 5033.0432299785316 257.60085574910045 1487.4472996350378 3256.2812301199883 1251.503469761461 2731.8357311356813 217.43551728874445 612.30990429408848
leaf_count=12565 4335 9240 2342 23406 26439 11901 24808 2085 9135 17535 7253 16950 1040 10966
internal_value=-8.2603e-06 0.000290537 0.00141886 0.0026991 0.00457836 -0.00109289 0.00100133 -0.00581803 -0.00295339 -0.00153291 -0.00159913 -0.00273733 0.00609371 -0.00493453
internal_weight=29518 27838.9 15333 10766.8 6508.85 12505.9 5885.58 852.536 6620.31 5132.86 4566.26 3983.34 582.916 1679.13
internal_count=180000 156469 86670 59085 35679 69799 31228 6420 38571 29436 27585 24203 3382 23531
is_linear=0
shrinkage=0.035


Tree=174
num_leaves=15
num_cat=0
split_feature=17 23 5 20 4 20 16 16 18 21 20 23 24 20
split_gain=34.7591 44.263 51.6667 64.9727 48.8697 60.1475 41.8877 33.9822 59.8669 31.6748 30.691 64.9009 74.6887 53.8058
threshold=0.044414157047867782 0.26289419829845434 -0.048566741868853562 -0.059386368840932839 -0.0079811564646661264 0.063399493694305434 0.86653113365173351 2.1966978311538701 0.14226230978965762 -0.02669846452772617 -0.024338525719940659 0.15895815938711169 0.030696987174451355 -0.019621936604380604
decision_type=8 2 2 2 2 2 2 2 2 2 2 2 2 2
left_child=1 2 3 -1 -4 -6 -5 10 -9 -3 11 -2 -13 -12
right_child=7 9 4 6 5 -7 -8 8 -10 -11 13 12 -14 -15
leaf_value=-0.015070283004800473 -0.0080168047083898526 -0.0057710090630272584 -0.0071438166299367389 0.0052254640977050845 0.00067696786000461667 -0.010857267206063009 -0.0028249996879842624 -0.0084553814518680062 0.00149461779454041 -0.024875538600933604 0.010250820996777989 0.011739077349688151 -0.0015213542936030535 0.0018293556445859039
leaf_weight=246.79325555823743 1129.5639745444059 382.97167531214654 2219.0600923486054 2968.504224864766 4140.5897401701659 629.18286979570985 1071.1176934372634 1195.4375222213566 1915.3495877757668 142.28586240485311 1018.1799466609955 694.75401012226939 1981.4771079942584 9767.7395940683782
leaf_count=2868 5238 4352 19057 17682 33964 6327 7892 6412 8702 1973 4524 4028 10870 46111
internal_value=-8.48426e-06 -0.00147919 -0.00101141 0.00201097 -0.00286533 -0.00086405 0.00308915 0.000972174 -0.00234389 -0.0113142 0.00168024 -0.00102003 0.00195196 0.00263309
internal_weight=29503 11800.5 11275.2 4286.42 6988.83 4769.77 4039.62 17702.5 3110.79 525.258 14591.7 3805.8 2676.23 10785.9
internal_count=180000 94115 87790 28442 59348 40291 25574 85885 15114 6325 70771 20136 14898 50635
is_linear=0
shrinkage=0.035


Tree=175
num_leaves=15
num_cat=0
split_feature=14 2 16 10 3 14 22 22 24 5 10 22 24 20
split_gain=32.4558 55.7939 49.4373 43.0762 48.5849 38.0139 38.2074 35.9906 33.4096 32.3113 31.8338 48.7181 49.2071 29.2579
threshold=0.26957608759403234 0.28471611440181738 0.67743563652038585 0.33377219736576086 1.0814728736877444 0.72645106911659252 0.35832452774047857 0.39701244235038763 0.030079266056418422 -0.078823544085025773 0.3423427045345307 0.30788511037826544 0.027896618470549587 -0.059386368840932839
decision_type=2 2 2 2 2 2 2 2 2 2 2 2 2 2
left_child=1 8 10 4 7 13 -7 -4 9 -1 11 -2 -13 -5
right_child=2 -3 3 5 -6 6 -8 -9 -10 -11 -12 12 -14 -15
leaf_value=0.0075799772129820598 -0.01044084029846383 0.0054650518904056809 -0.0085078123716259748 -0.011046289158826926 0.043150746653609948 0.0031285921084136603 -0.00082656676876882371 -0.00027278814436485226 -0.0079197873863120528 -0.0048194027926068391 0.0026124258116995308 -0.01343690484315138 0.023055300853340135 -0.0013847074828434703
leaf_weight=397.93203208222985 85.255674881860614 747.59721513837576 1494.3430231194943 404.82578958570957 16.066941350698471 6754.0166621431708 5359.0501708388329 1146.1160238403827 1926.5337841957808 687.92133728228509 4879.7047626730055 46.098084772005677 306.11604790017009 5236.0663704052567
leaf_count=1948 1228 3408 19650 2776 97 36665 28473 13041 11092 3880 26897 654 2546 27645
internal_value=-9.02058e-06 -0.00304194 0.000435237 -0.000348269 -0.0044962 0.000274568 0.00137952 -0.00494784 -0.00516426 -0.000247705 0.00343781 0.0123803 0.0180401 -0.0020964
internal_weight=29487.6 3759.98 25727.7 20410.5 2656.53 17754 12113.1 2640.46 3012.39 1085.85 5317.17 437.47 352.214 5640.89
internal_count=180000 20328 159672 128347 32788 95559 65138 32691 16920 5828 31325 4428 3200 30421
is_linear=0
shrinkage=0.035


Tree=176
num_leaves=15
num_cat=0
split_feature=17 12 4 22 23 22 15 17 14 11 1 6 2 23
split_gain=33.5862 31.9826 54.0261 38.9543 63.0388 55.7906 51.785 47.4889 36.3813 35.8113 24.9025 23.8144 20.7941 17.4708
threshold=0.016133114695549015 1.036610543727875 0.20627331733703616 0.505802482366562 0.10266622155904771 0.49532502889633184 21.742136955261234 0.066918622702360167 0.35770881175994879 0.2034014090895653 0.07247349247336389 -0.051259081810712807 0.60238912701606762 0.21555506438016894
decision_type=8 2 2 2 2 2 2 10 2 2 2 2 2 2
left_child=-1 3 8 5 10 6 -2 -6 -3 -10 -5 -7 -4 -14
right_child=1 2 12 4 7 11 -8 -9 9 -11 -12 -13 13 -15
leaf_value=-0.01765115807881068 -0.00045087678246094148 -0.0080584207496259691 0.0098761357153654954 0.011745494105509275 -0.0089207577260835072 0.03612811562991506 0.0038776679777852807 0.0070623935546885981 -0.0066251989972348274 -0.00054440934706442021 -0.0012594903921033808 0.010729596944119995 -0.0027426106514853552 0.016432769870838367
leaf_weight=121.59220152162015 7406.5808480605483 1064.4904850181192 681.42126841843128 381.80457254499197 1488.6315566580743 59.69192305766046 6223.9112340956926 260.82177537679672 1346.0538060106337 9503.2735242899507 330.9674804918468 171.16348394006491 379.46914830803871 58.432430416345596
leaf_count=2942 46282 6082 3117 2219 11953 378 34579 1095 14436 52085 1736 1063 1748 285
internal_value=-8.57334e-06 7.0486e-05 -0.00122187 0.00110245 -0.00294625 0.00182323 0.001527 -0.00651127 -0.00191398 -0.00130425 0.0057729 0.0185242 0.00609652 0.000125858
internal_weight=29478.3 29356.7 13033.1 16323.6 2462.23 13861.3 13630.5 1749.45 11913.8 10849.3 712.772 230.855 1119.32 437.902
internal_count=180000 177058 77753 99305 17003 82302 80861 13048 72603 66521 3955 1441 5150 2033
is_linear=0
shrinkage=0.035


Tree=177
num_leaves=15
num_cat=0
split_feature=10 3 24 21 22 20 21 2 20 20 23 21 22 23
split_gain=31.6721 34.9414 44.8536 81.214 59.0701 133.612 106.27 37.6473 33.7942 76.5517 76.4352 144.884 93.3727 54.8961
threshold=1.3130677938461306 -0.095752373337745653 0.034816114231944091 0.0099786282517015951 0.22082895785570147 -0.030183549039065834 -0.048701481893658631 -0.34380796551704401 -0.024338525719940659 -0.011184631846845148 0.20932535827159884 -0.029386736452579495 0.24035010486841205 0.23214909434318545
decision_type=2 2 2 2 2 2 2 2 2 2 2 2 2 2
left_child=1 2 4 -4 5 -1 -6 -5 10 13 12 -12 -3 -10
right_child=-2 8 3 7 6 -7 -8 -9 9 -11 11 -13 -14 -15
leaf_value=0.0048742194700376103 0.0078084479690819324 0.00039662275859646522 0.0018424516819532479 0.01194196403126265 0.013251817596258242 -0.010287723291400035 0.0016970628390485429 -0.020187286924337525 0.0028211958883636729 -0.0016515624763603261 -0.0040197004234865056 0.023578076757655678 -0.013609716476666766 0.017255644096798112
leaf_weight=1410.265700109303 611.67027356475592 983.4502167198807 729.71040099300444 43.448154807090759 1088.8665544819087 1419.0019041821361 8696.3991092070937 407.59968136996031 1405.0426424443722 9600.0839451346546 939.85405980423093 298.95894427970052 1420.1038432382047 411.18006758019328
leaf_count=10114 2903 6742 4553 273 5202 10138 51553 3321 8072 58383 6545 1607 8498 2096
internal_value=-7.82117e-06 -0.000176165 0.00109594 -0.00539912 0.00170769 -0.00273961 0.00299505 -0.0169005 -0.0013415 -0.000403613 -0.00427196 0.00277586 -0.00790091 0.00616565
internal_weight=29465.6 28854 13795.3 1180.76 12614.5 2829.27 9785.27 451.048 15058.7 11416.3 3642.37 1238.81 2403.55 1816.22
internal_count=180000 177097 85154 8147 77007 20252 56755 3594 91943 68551 23392 8152 15240 10168
is_linear=0
shrinkage=0.035


Tree=178
num_leaves=15
num_cat=0
split_feature=17 16 18 22 20 20 21 20 20 11 16 0 17 11
split_gain=32.2588 30.8768 66.2281 41.1444 107.431 152.153 69.32 99.0676 96.178 52.305 35.1331 31.5227 31.2684 25.6165
threshold=0.022206579335033897 1.4096933603286745 0.079236734658479704 0.21641109138727191 -0.030183549039065834 -0.059386368840932839 -0.048701481893658631 0.0017460752278566363 -0.026209225878119465 0.45898468792438513 2.1966978311538701 -0.1854380592703819 0.045199664309620864 0.52851331233978283
decision_type=8 2 2 2 2 2 2 2 2 2 2 2 8 2
left_child=-1 3 10 4 5 -2 7 -5 -8 -6 12 -12 -3 -4
right_child=1 2 13 6 9 -7 8 -9 -10 -11 11 -13 -14 -15
leaf_value=-0.0078891710931495475 -0.0062413392170824521 -0.008704734499685049 0.00034228754504508148 0.0023655154719801107 -0.0137268726841048 0.012804081929290237 -0.0086360030004453449 0.019416661036304132 0.0017063681496710277 0.00090824655456402451 0.0084194452153593703 -0.012891409656433858 -0.00070221263886762581 0.0097932761019642531
leaf_weight=612.66550554893911 1086.2664755862206 842.02044281736016 4836.0725400932133 1278.9119384512305 1063.3838834352791 957.91639373637736 1191.5079962424934 612.07663949206471 13228.483646051958 413.08735596388578 87.418742582201958 858.62307629361749 2013.8921690843999 368.91594479233027
leaf_count=11767 9864 6976 24012 6338 8898 5328 7172 2966 76949 2080 405 5345 10094 1806
internal_value=-7.32652e-06 0.000162797 -0.00153553 0.000934513 -0.00249212 0.00270234 0.00167521 0.00795775 0.000846397 -0.00965369 -0.00504082 -0.0108547 -0.00308377 0.00102964
internal_weight=29451.2 28838.6 9006.94 19831.6 3520.65 2044.18 16311 1890.99 14420 1476.47 3801.95 946.042 2855.91 5204.99
internal_count=180000 168233 48638 119595 26170 15192 93425 9304 84121 10978 22820 5750 17070 25818
is_linear=0
shrinkage=0.035


Tree=179
num_leaves=15
num_cat=0
split_feature=4 16 18 8 14 24 6 15 2 11 6 11 24 19
split_gain=30.7781 39.2672 51.4577 41.9143 51.2642 48.4313 47.1502 58.5898 38.6144 30.3008 24.0043 21.4357 17.5996 13.352
threshold=0.28549395501613622 2.0921441316604619 0.14226230978965762 -0.13444840162992475 0.26957608759403234 0.027580020017921928 0.09524544328451158 23.448404312133793 0.21440973877906802 0.42433471977710729 0.51816859841346752 0.17223137617111209 0.030120851472020153 -0.04847441986203193
decision_type=2 2 2 2 2 2 2 2 2 2 2 2 2 2
left_child=1 3 9 4 8 -6 11 -8 -1 12 -2 -5 -3 -4
right_child=10 2 13 6 5 -7 7 -9 -10 -11 -12 -13 -14 -15
leaf_value=-0.0050478776981219293 0.014762493910309222 -0.0059441378279598556 0.013067331870956793 -0.022082719277326586 -0.0036994557103437933 0.002325394625454516 0.0014846147394662465 -0.0083773288240276966 0.0034879754332678373 0.00037198074800297911 0.0010209622203046637 -0.0073731447013383553 -0.014304980091392734 -0.00026186363382752962
leaf_weight=2616.1850463021547 292.32934144884348 581.63134021684527 87.174333103001118 172.93450038321316 1813.2446115668863 15848.798958804458 2542.0570145361125 1028.5399522166699 854.51004698500037 402.43797925114632 324.43653902411461 415.14517705328763 708.1846840325743 1743.281757902354
leaf_count=14739 1351 3387 392 3884 12975 97579 15705 5759 3945 1785 1533 4038 4901 8027
internal_value=-7.32659e-06 -0.00017417 -0.00363071 0.000308519 0.000940828 0.00170512 -0.00289917 -0.00137166 -0.00294231 -0.00801111 0.00766567 -0.0119956 -0.0106095 0.000440482
internal_weight=29430.9 28814.1 3522.71 25291.4 21132.7 17662 4158.68 3570.6 3470.7 1692.25 616.766 588.08 1289.82 1830.46
internal_count=180000 177116 18492 158624 129238 110554 29386 21464 18684 10073 2884 7922 8288 8419
is_linear=0
shrinkage=0.035


end of trees

feature_importances:
dispersion20=418
breadth200=334
market_vol20=279
range20=226
market_ret20=193
market_ret60=187
downside60=111
ma20=108
vol60=95
momentum252_20=94
drawdown252=76
turnover_shock=71
volume_shock=53
relative60=50
ma200=39
ret120=37
ma60=32
log_turnover=28
ret60=25
vol_expansion=24
relative20=21
drawdown60=7
vol20=6
rsi14=4
ret20=2

parameters:
[boosting: gbdt]
[objective: binary]
[metric: binary_logloss]
[tree_learner: serial]
[device_type: cpu]
[data_sample_strategy: bagging]
[data: ]
[valid: ]
[num_iterations: 180]
[learning_rate: 0.035]
[num_leaves: 15]
[num_threads: 1]
[seed: 804]
[deterministic: 1]
[force_col_wise: 1]
[force_row_wise: 0]
[histogram_pool_size: -1]
[max_depth: 5]
[min_data_in_leaf: 150]
[min_sum_hessian_in_leaf: 0.001]
[bagging_fraction: 1]
[pos_bagging_fraction: 1]
[neg_bagging_fraction: 1]
[bagging_freq: 0]
[bagging_seed: 31454]
[bagging_by_query: 0]
[feature_fraction: 0.85]
[feature_fraction_bynode: 1]
[feature_fraction_seed: 16221]
[extra_trees: 0]
[extra_seed: 23160]
[early_stopping_round: 0]
[early_stopping_min_delta: 0]
[first_metric_only: 0]
[max_delta_step: 0]
[lambda_l1: 0]
[lambda_l2: 10]
[linear_lambda: 0]
[min_gain_to_split: 0]
[drop_rate: 0.1]
[max_drop: 50]
[skip_drop: 0.5]
[xgboost_dart_mode: 0]
[uniform_drop: 0]
[drop_seed: 31648]
[top_rate: 0.2]
[other_rate: 0.1]
[min_data_per_group: 100]
[max_cat_threshold: 32]
[cat_l2: 10]
[cat_smooth: 10]
[max_cat_to_onehot: 4]
[top_k: 20]
[monotone_constraints: ]
[monotone_constraints_method: basic]
[monotone_penalty: 0]
[feature_contri: ]
[forcedsplits_filename: ]
[refit_decay_rate: 0.9]
[cegb_tradeoff: 1]
[cegb_penalty_split: 0]
[cegb_penalty_feature_lazy: ]
[cegb_penalty_feature_coupled: ]
[path_smooth: 0]
[interaction_constraints: ]
[verbosity: -1]
[saved_feature_importance_type: 0]
[use_quantized_grad: 0]
[num_grad_quant_bins: 4]
[quant_train_renew_leaf: 0]
[stochastic_rounding: 1]
[linear_tree: 0]
[max_bin: 63]
[max_bin_by_feature: ]
[min_data_in_bin: 3]
[bin_construct_sample_cnt: 200000]
[data_random_seed: 2664]
[is_enable_sparse: 1]
[enable_bundle: 1]
[use_missing: 1]
[zero_as_missing: 0]
[feature_pre_filter: 1]
[pre_partition: 0]
[two_round: 0]
[header: 0]
[label_column: ]
[weight_column: ]
[group_column: ]
[ignore_column: ]
[categorical_feature: ]
[forcedbins_filename: ]
[precise_float_parser: 0]
[parser_config_file: ]
[objective_seed: 11469]
[num_class: 1]
[is_unbalance: 0]
[scale_pos_weight: 1]
[sigmoid: 1]
[boost_from_average: 1]
[reg_sqrt: 0]
[alpha: 0.9]
[fair_c: 1]
[poisson_max_delta_step: 0.7]
[tweedie_variance_power: 1.5]
[lambdarank_truncation_level: 30]
[lambdarank_norm: 1]
[label_gain: ]
[lambdarank_position_bias_regularization: 0]
[eval_at: ]
[multi_error_top_k: 1]
[auc_mu_weights: ]
[num_machines: 1]
[local_listen_port: 12400]
[time_out: 120]
[machine_list_filename: ]
[machines: ]
[gpu_platform_id: -1]
[gpu_device_id: -1]
[gpu_device_id_list: ]
[gpu_use_dp: 0]
[num_gpu: 1]

end of parameters

pandas_categorical:[]
