tree
version=v4
num_class=1
num_tree_per_iteration=1
label_index=0
max_feature_idx=34
objective=binary sigmoid:1
feature_names=ret20 ret60 ret120 momentum252_20 ma20 ma60 ma200 drawdown60 drawdown252 vol20 vol60 downside60 vol_expansion rsi14 volume_shock log_turnover turnover_shock range20 relative20 relative60 market_ret20 market_ret60 breadth200 market_vol20 dispersion20 macro_policy_rate macro_term_spread macro_inflation_yoy macro_inflation_change3 macro_unemployment macro_unemployment_change3 macro_industrial_yoy macro_payroll_yoy macro_housing_yoy macro_money_yoy
feature_infos=[-0.92641878128051758:6.5767917633056641] [-0.94255995750427246:21.247085571289062] [-0.95885497331619263:27.356060028076172] [-0.97395414113998413:40.181819915771484] [-0.86192613840103149:2.5155470371246338] [-0.90859663486480713:3.5744116306304932] [-0.90367245674133301:5.2354607582092285] [-0.94339066743850708:0] [-0.97318446636199951:0] [0.027096280828118324:14.120672225952148] [0.039521303027868271:38.344577789306641] [0:1.6623408794403076] [0.033108003437519073:1.762175440788269] [0:1] [0.00011126961908303201:12] [20.030130386352539:28.401023864746094] [0.00043789192568510771:3] [0.0039843423292040825:0.24489203095436096] [-0.95534378290176392:6.5356764793395996] [-1.0279383659362793:21.212968826293945] [-0.19025871157646179:0.12816762924194336] [-0.21291881799697876:0.13406597077846527] [0.088342443108558655:0.54096168279647827] [0.074556596577167511:0.45299896597862244] [0.024956967681646347:0.036262825131416321] [0.20000000000000001:5.3300000000000001] [-1.5699999999999998:1.99] [2.9235657917197289:8.9952206085881272] [-1.8949169909075581:1.4610440306022321] [3.3999999999999999:4.2999999999999998] [-0.39999999999999991:0.39999999999999991] [-0.0068009909932560397:0.064042699835552774] [0.016080813771117253:0.045751724328582988] [-0.22296173044925127:0.14551495016611304] [-0.046342554791329427:0.098520678765167125]
tree_sizes=1744 1790 1799 1804 1797 1804 1794 1805 1809 1805 1786 1800 1802 1800 1793 1804 1811 1797 1803 1805 1795 1778 1814 1796 1805 1803 1799 1813 1796 1806 1792 1798 1807 1808 1797 1805 1805 1778 1811 1810 1808 1818 1802 1812 1800 1801 1798 1814 1799 1802 1787 1810 1799 1807 1818 1799 1806 1804 1799 1807 1800 1801 1810 1814 1808 1815 1808 1806 1815 1801 1816 1814 1804 1817 1802 1806 1804 1795 1809 1811 1808 1808 1807 1798 1792 1810 1817 1804 1801 1807 1805 1812 1797 1813 1810 1807 1791 1793 1802 1812 1801 1798 1819 1808 1800 1805 1806 1801 1791 1807 1802 1809 1804 1794 1812 1805 1792 1802 1796 1808 1808 1809 1814 1791 1826 1801 1804 1808 1818 1793 1814 1801 1808 1808 1814 1817 1788 1808 1806 1805 1792 1811 1795 1789 1801 1807 1783 1812 1800 1795 1810 1810 1802 1800 1813 1782 1795 1803 1798 1794 1804 1800 1790 1785 1781 1803 1812 1798 1790 1786 1780 1794 1779 1790 1804 1795 1816 1804 1789 1799

Tree=0
num_leaves=15
num_cat=0
split_feature=3 23 30 22 26 22 33 10 33 33 33 28 8 6
split_gain=736.668 507.158 507.547 344.823 228.499 182.091 173.387 165.803 163.584 138.598 133.803 90.7294 123.138 89.6555
threshold=0.061820993199944503 0.13294924795627597 -0.14999999999999988 0.32758933305740362 -0.66499999999999992 0.23454983532428744 -0.067435648233345621 0.34822975099086767 -0.15352333137110288 -0.043284938802683463 -0.16801730899034531 0.20186090932844405 -0.022792030125856396 -0.28671012818813318
decision_type=2 2 2 2 2 2 2 2 2 2 2 2 2 2
left_child=1 9 -3 6 -5 7 8 -4 -2 10 -1 -8 -13 -11
right_child=3 2 5 4 -6 -7 11 -9 -10 13 -12 12 -14 -15
leaf_value=-2.0750172934266811 -2.0497596161966563 -2.0781828399703626 -2.0648014461930853 -2.0626718055199023 -2.0327687830548355 -2.0605778914839106 -2.0404670351383878 -2.0427651516477554 -2.0183785277106114 -2.0560013583970611 -2.0552428429586644 -2.063970237117422 -1.9990159102171419 -2.0812203272031704
leaf_weight=947.25558729469776 298.17158272862434 1261.5227428749204 516.18405768275261 1937.3312535732985 363.04294094443321 2298.8340234532952 918.37099072337151 2108.4350886121392 687.81399397552013 183.50305707752705 739.36412880569696 464.11151543259621 28.669821389019489 2340.5118924379349
leaf_count=10213 2837 13126 4964 19742 3780 22812 8803 20215 6540 1820 7521 4688 287 23141
internal_value=-2.05965 -2.06484 -2.05846 -2.04816 -2.05786 -2.05338 -2.0389 -2.0471 -2.02767 -2.0742 -2.06637 -2.04691 -2.05906 -2.07938
internal_weight=15093.1 10395.6 6184.98 4697.51 2300.37 4923.45 2397.14 2624.62 985.986 4210.63 1686.62 1411.15 492.781 2524.01
internal_count=150489 103812 61117 46677 23522 47991 23155 25179 9377 42695 17734 13778 4975 24961
is_linear=0
shrinkage=1


Tree=1
num_leaves=15
num_cat=0
split_feature=32 30 33 21 6 9 5 8 6 6 25 6 4 25
split_gain=629.341 753.446 447.223 221.41 172.374 160.624 143.123 138.858 123.311 101.792 75.989 72.7321 63.7746 58.9082
threshold=0.01892619387526873 -0.14999999999999988 -0.16801730899034531 -0.081907384097576127 0.069698449224233641 0.89503839612007152 -0.10535766929388045 -0.096896436065435396 0.13193281739950183 0.14839122444391253 4.4500000000000011 -0.30910861492156977 -0.063612081110477434 4.4500000000000011
decision_type=2 2 2 2 2 2 2 2 2 2 2 2 2 2
left_child=3 7 8 12 6 -6 -4 -2 10 11 -3 -5 -1 -10
right_child=1 2 4 9 5 -7 -8 -9 13 -11 -12 -13 -14 -15
leaf_value=0.023005704944202166 -0.016858058790972866 0.0015570196920368427 0.021030313170863912 0.0043849766883428919 0.031246483330977716 0.0040883276672921756 0.0072697313903545462 0.018076006615064588 0.02559884713091351 -0.0032844748678019704 -0.014974576401835032 -0.018640403572853473 -0.0011504965270739368 0.001900840835062057
leaf_weight=234.21887368708849 1932.9224096387625 493.63832511007786 1218.578851275146 175.1574000492692 1059.1278316155076 359.89352611452341 3848.2932808250189 142.11598824709654 165.34848663210869 818.73369722813368 1076.2861384525895 2786.6145287901163 294.34394567459822 487.82569059729576
leaf_count=2129 20347 5131 11692 1649 10465 3547 37853 1494 1701 7877 11789 26847 2645 5323
internal_value=-1.2346e-06 0.00451668 0.00903285 -0.0112922 0.0136709 0.0244354 0.010614 -0.0143903 -0.00449935 -0.0142567 -0.00979952 -0.0172685 0.00978211 0.00819544
internal_weight=15093.1 10784 8708.99 4309.07 6485.89 1419.02 5066.87 2075.04 2223.1 3780.51 1569.92 2961.77 528.563 653.174
internal_count=150489 109342 87501 41147 63557 14012 49545 21841 23944 36373 16920 28496 4774 7024
is_linear=0
shrinkage=0.035


Tree=2
num_leaves=15
num_cat=0
split_feature=3 23 30 32 34 8 22 24 32 29 6 20 28 29
split_gain=668.897 460.497 449.413 341.872 197.441 223.671 158.439 150.739 134.624 108.036 89.0705 86.6683 84.8485 63.5254
threshold=0.061820993199944503 0.13294924795627597 -0.14999999999999988 0.01892619387526873 -0.038291429902634559 -0.2901491224765777 0.23454983532428744 0.027066921815276149 0.01892619387526873 3.6500000000000008 -0.30910861492156977 -0.044818906113505357 -0.10326313031254751 3.6500000000000008
decision_type=2 2 2 2 2 2 2 2 2 2 2 2 2 2
left_child=1 8 -3 11 -5 12 7 -4 10 -7 -1 -2 -6 -10
right_child=3 2 6 4 5 9 -8 -9 13 -11 -12 -13 -14 -15
leaf_value=0.009964651361245214 0.022650531727504232 -0.017831553276625341 -0.015922566434699581 0.0008421006857402926 0.018374550967067721 0.022465316709746316 -0.0010053381493832052 0.013985264716361107 -0.013119568269882496 0.042449771803953325 -0.023210782330737867 -0.0045602371835117986 -0.0021259760531313018 -0.0013896303333737698
leaf_weight=99.975327201187611 148.45287308096886 1228.5945869833231 217.0605528652668 669.09706207364798 553.19058445096016 833.26654826104641 2302.6791774258018 2455.6445837020874 1427.4746448844671 604.38616932928562 1674.382895745337 1504.1517185047269 437.59639559686184 936.74345233291388
leaf_count=967 1341 13126 2213 7165 5226 8338 22812 22966 15437 5726 16786 14488 4393 9505
internal_value=-2.70263e-06 -0.00499572 0.00103898 0.0108563 0.0176968 0.0223182 0.00572519 0.011506 -0.0140228 0.0311019 -0.0212962 -0.00199437 0.00938941 -0.0084974
internal_weight=15092.7 10342.6 6203.98 4750.14 3097.54 2428.44 4975.38 2672.71 4138.58 1437.65 1774.36 1652.6 990.787 2364.22
internal_count=150489 103812 61117 46677 30848 23683 47991 25179 42695 14064 17753 15829 9619 24942
is_linear=0
shrinkage=0.035


Tree=3
num_leaves=15
num_cat=0
split_feature=3 33 22 32 28 25 34 30 10 22 2 22 7 6
split_gain=620.719 415.06 332.502 311.984 242.134 181.054 178.31 170.453 150.682 140.657 105.405 80.3508 63.5848 59.8274
threshold=0.061820993199944503 -0.053458607977711341 0.42151103913784033 0.01892619387526873 -0.20349242140922372 5.2250000000000005 -0.038291429902634559 -0.14999999999999988 0.30602635443210607 0.16933333873748782 0.053000804036855705 0.30788511037826544 -0.073134865611791597 0.10359926894307138
decision_type=2 2 2 2 2 2 2 2 2 2 2 2 2 2
left_child=1 2 8 11 5 -3 -5 12 -1 -10 -9 -2 -8 -4
right_child=3 4 13 6 -6 -7 7 10 9 -11 -12 -13 -14 -15
leaf_value=-0.0085898116835522106 0.010181813762870081 0.0064688142502415114 -0.018388628248958535 0.00081253075945627966 -0.018875371938113419 -0.014283472951113086 -0.0070681221789283362 0.016319420286406077 0.02282442594435161 0.0057563106767739881 0.032427352122172619 -0.0067884545729244754 0.027222565833816867 -0.00057913126377813267
leaf_weight=669.15700416266918 469.72452939301729 1111.8498012572527 933.86550776660442 669.53255955129862 2823.4975240454078 942.82168889045715 315.69495455175638 956.47777938842773 746.35815617442131 2768.2615232020617 1124.4856233671308 1180.1650975123048 73.155469708144665 306.84699174761772
leaf_count=6684 4210 10700 10316 7165 29244 9192 3333 8990 6902 27438 10619 11619 741 3336
internal_value=-4.90173e-06 -0.00484391 0.00181843 0.0103932 -0.012241 -0.00307679 0.0168525 0.02118 0.00653877 0.00943534 0.0251371 -0.00192478 -9.61425e-05 -0.0140239
internal_weight=15091.9 10302.7 5424.49 4789.24 4878.17 2054.67 3139.35 2469.81 4183.78 3514.62 2080.96 1649.89 388.85 1240.71
internal_count=150489 103812 54676 46677 49136 19892 30848 23683 41024 34340 19609 15829 4074 13652
is_linear=0
shrinkage=0.035


Tree=4
num_leaves=15
num_cat=0
split_feature=3 23 25 32 22 34 8 10 32 29 6 21 28 20
split_gain=576.021 413.357 314.888 285.099 187.185 161.301 187.995 141.751 127.397 89.4587 86.4837 85.3553 73.575 59.6324
threshold=0.061820993199944503 0.13294924795627597 0.9900000000000001 0.01892619387526873 0.23454983532428744 -0.038291429902634559 -0.2901491224765777 0.34822975099086767 0.01892619387526873 3.6500000000000008 -0.30910861492156977 -0.081907384097576127 -0.10326313031254751 0.086438085883855834
decision_type=2 2 2 2 2 2 2 2 2 2 2 2 2 2
left_child=1 8 -3 11 7 -5 12 -4 10 -8 -1 -2 -7 -10
right_child=3 2 4 5 -6 6 9 -9 13 -11 -12 -13 -14 -15
leaf_value=0.010253374879456606 0.019747347061246763 -0.018159409977591599 -0.0056597250308937459 0.00078401710976343047 -0.0024843149202027378 0.016526883313638781 0.020198845828149212 0.014523512336223156 -0.0098077853399474828 0.037972802033217817 -0.022524158858316108 -0.0047538523996703786 -0.0024007775994429174 0.0089661964718588325
leaf_weight=99.403515957295895 187.66865544766188 890.86373532563448 522.87001954764128 669.95293986052275 2605.5847530215979 569.84066949784756 862.17764392495155 2191.573686785996 2109.5298183113337 637.02787544578314 1621.9230396077037 1459.6995534822345 440.4090718999505 221.93579857796431
leaf_count=967 1648 9692 4964 7165 26246 5226 8338 20215 22669 5726 16786 14181 4393 2273
internal_value=-6.93976e-06 -0.00469575 0.000980823 0.00995247 0.004214 0.0160598 0.0201187 0.0106292 -0.0133761 0.0279527 -0.020583 -0.00186036 0.00833289 -0.00799
internal_weight=15090.5 10263.7 6210.89 4826.78 5320.03 3179.41 2509.46 2714.44 4052.79 1499.21 1721.33 1647.37 1010.25 2331.47
internal_count=150489 103812 61117 46677 51425 30848 23683 25179 42695 14064 17753 15829 9619 24942
is_linear=0
shrinkage=0.035


Tree=5
num_leaves=15
num_cat=0
split_feature=3 23 30 32 34 8 10 22 32 2 21 30 28 15
split_gain=534.785 390.249 379.549 260.74 146.173 167.854 140.402 134.117 122.79 91.0772 78.9498 76.1232 67.444 49.2661
threshold=0.061820993199944503 0.13294924795627597 -0.14999999999999988 0.01892619387526873 -0.038291429902634559 -0.2901491224765777 0.30602635443210607 0.23454983532428744 0.01892619387526873 -0.32889057695865626 -0.081907384097576127 -0.14999999999999988 -0.10326313031254751 23.69984340667725
decision_type=2 2 2 2 2 2 2 2 2 2 2 2 2 2
left_child=1 8 -3 10 -5 12 -4 -8 9 -1 -2 -7 -6 -12
right_child=3 2 6 4 5 11 7 -9 -10 -11 13 -13 -14 -15
leaf_value=0.0073610882612809118 0.01881568325989735 -0.016810828014295062 -0.0089486620836518802 0.00075652028631280582 0.015760118879951684 0.0066601542740018843 0.013015902967514483 0.00057342552030850875 -0.0077600542065265083 -0.022538037800861121 -0.008094498215548614 0.029551116407033905 -0.0023228816425684227 0.0070954998692338445
leaf_weight=130.93191311508417 190.51052082329988 1183.0244887769222 731.32503106445074 670.35873933136463 577.00512599945068 213.37630937248468 2407.934252306819 1893.0255891978741 2316.8940076678991 1562.5346793755889 1122.6719302982092 1317.3867912814021 439.59669721126556 331.63901780545712
leaf_count=1307 1648 13126 7242 7165 5226 2169 22035 18714 24942 16446 10959 11895 4393 3222
internal_value=-8.24494e-06 -0.00455154 0.000943446 0.00953578 0.0153158 0.0191292 0.00514231 0.0075535 -0.0130489 -0.0201967 -0.0017957 0.0264242 0.00799425 -0.00460579
internal_weight=15088.2 10225.7 6215.31 4862.55 3217.72 2547.36 5032.28 4300.96 4010.36 1693.47 1644.82 1530.76 1016.6 1454.31
internal_count=150489 103812 61117 46677 30848 23683 47991 40749 42695 17753 15829 14064 9619 14181
is_linear=0
shrinkage=0.035


Tree=6
num_leaves=15
num_cat=0
split_feature=3 33 22 22 30 25 26 2 10 22 25 32 17 6
split_gain=497.694 365.576 289.494 249.568 153.835 205.279 146.129 132.602 130.886 110.608 93.0678 107.657 92.6019 66.5563
threshold=0.079492546617984786 -0.053458607977711341 0.42151103913784033 0.32758933305740362 0.099999999999999881 5.2250000000000005 -0.66499999999999992 0.3106446266174317 0.30602635443210607 0.16933333873748782 1.4450000000000001 0.019536802125425305 0.05172980576753617 0.13193281739950183
decision_type=2 2 2 2 2 2 2 2 2 2 2 2 8 2
left_child=1 2 8 7 -3 -6 -5 10 -1 -10 -2 -12 -9 -4
right_child=3 4 13 6 5 -7 -8 12 9 -11 11 -13 -14 -15
leaf_value=-0.0079158813241769176 -0.0064161168522387964 -0.017556452526169736 -0.017084621458743527 -0.0030652126177812401 0.0056559331487036051 -0.014455348711601902 0.020620509373169137 0.050998946996587108 0.02033246401921264 0.0055455856053162672 0.0033372170978327714 0.022782237054956991 0.021494187332247887 0.002733304055737205
leaf_weight=674.27480461448431 275.25037635862827 2393.3528701588511 981.58495028316975 1847.0702365264297 1155.6040253937244 1325.411285340786 375.30326390266418 188.3043642193079 786.2363598048687 2857.6781837046146 561.0563426092267 929.17355030030012 475.92738399654627 259.37560032308102
leaf_count=6830 2828 26222 11113 18836 10965 13116 3499 1690 7006 28050 5113 8088 4289 2844
internal_value=-1.0045e-05 -0.00425474 0.00188021 0.00949849 -0.0112411 -0.00510284 0.00100917 0.0172274 0.00616326 0.00878302 0.0120936 0.0155324 0.0304909 -0.0129537
internal_weight=15085.6 10433.5 5559.15 4652.09 4874.37 2481.02 2222.37 2429.71 4318.19 3643.91 1765.48 1490.23 664.232 1240.96
internal_count=150489 106146 55843 44343 50303 24081 22335 22008 41886 35056 16029 13201 5979 13957
is_linear=0
shrinkage=0.035


Tree=7
num_leaves=15
num_cat=0
split_feature=3 23 30 32 34 8 10 32 32 10 21 2 20 34
split_gain=462.68 349.873 337.654 225.326 124.143 148.19 123.648 120.366 116.175 76.952 71.0998 69.3961 57.2375 49.0752
threshold=0.061820993199944503 0.13294924795627597 -0.14999999999999988 0.01892619387526873 -0.038291429902634559 -0.31995129585266108 0.30602635443210607 0.019536802125425305 0.018885187133953932 0.75003939867019664 -0.081907384097576127 -0.32889057695865626 0.086438085883855834 -0.035821663449049405
decision_type=2 2 2 2 2 2 2 2 2 2 2 2 2 2
left_child=1 8 -3 10 -5 13 -4 -8 11 -7 -2 -1 -10 -6
right_child=3 2 6 4 5 9 7 -9 12 -11 -12 -13 -14 -15
leaf_value=0.0050773878266303692 0.017551193331319756 -0.01611995572586078 -0.0085360093838874468 0.000632182366824806 0.016929522772262753 0.027513223539088052 -0.0055952489469600518 0.0096895692672789354 -0.0094938049161656761 0.0097576315036883125 -0.0044891509005631552 -0.022657393533958878 0.008808054842978856 -0.00026748527403458791
leaf_weight=116.98534876853228 194.48049382120371 1153.5835582464933 722.94133249670267 672.1706415861845 302.59343202412128 1324.0556903332472 758.57177059352398 3586.0610185265541 2279.1723432689905 404.65852940827608 1450.0245674625039 1314.0788475871086 222.60958465188742 580.42109796404839
leaf_count=1176 1648 13126 7242 7165 2561 11819 6756 33993 25024 3637 14181 14222 2273 5666
internal_value=-1.05131e-05 -0.00428069 0.000887575 0.00877819 0.014061 0.0175016 0.0047833 0.00701412 -0.0124376 0.023437 -0.00179231 -0.0203707 -0.00783671 0.00574921
internal_weight=15082.4 10154 6221.16 4928.4 3283.9 2611.73 5067.57 4344.63 3932.85 1728.71 1644.51 1431.06 2501.78 883.015
internal_count=150489 103812 61117 46677 30848 23683 47991 40749 42695 15456 15829 15398 27297 8227
is_linear=0
shrinkage=0.035


Tree=8
num_leaves=15
num_cat=0
split_feature=3 23 30 22 33 10 25 26 33 28 8 6 33 16
split_gain=432.397 310.514 295.241 240.941 159.898 111.863 113.883 106.91 101.138 86.8751 102.657 86.1991 85.1273 75.3859
threshold=1.0000000180025095e-35 0.13294924795627597 -0.14999999999999988 0.35542443394660955 -0.067435648233345621 0.30602635443210607 3.4300000000000002 -0.66499999999999992 -0.043284938802683463 0.11821934401553548 -0.022792030125856396 -0.28671012818813318 -0.16801730899034531 1.2110713720321657
decision_type=2 2 2 2 2 2 2 2 2 2 2 2 2 2
left_child=1 8 -3 4 -2 -4 -7 -5 12 13 -11 -10 -1 -6
right_child=3 2 5 7 9 6 -8 -9 11 10 -12 -13 -14 -15
leaf_value=-0.013616324958070511 0.021509061145013931 -0.016204634383457386 -0.0094635165312854496 -0.0051470075143862527 0.016496171999716529 0.012342164039134775 0.00056803706549139364 0.015429823680177042 0.0052047357725443413 -0.0069134720427096001 0.043204091226411862 -0.020224001410137572 0.0032315518268045806 -0.0016942068154468086
leaf_weight=789.43535857647657 1529.6980670765042 1070.7878335490823 634.18841670453548 1844.8503535836935 1035.9175894036889 1936.3434549421072 2085.7368987649679 361.31726099550724 175.04248171299696 670.22215046733618 44.092835649847984 1849.2503797635436 673.9277318418026 378.28577227145433
leaf_count=9143 13321 12337 6404 19181 9388 17595 19917 3389 1789 6811 403 20441 6850 3520
internal_value=-1.20018e-05 -0.00473848 0.000279322 0.00741014 0.0129075 0.00409669 0.00625299 -0.0017226 -0.0129554 0.0066542 -0.00326607 -0.0180104 -0.00588804 0.0116527
internal_weight=15079.1 9214.71 5727.06 5864.38 3658.22 4656.27 4022.08 2206.17 3487.66 2128.52 714.315 2024.29 1463.36 1414.2
internal_count=150489 94476 56253 56013 33443 43916 37512 22570 38223 20122 7214 22230 15993 12908
is_linear=0
shrinkage=0.035


Tree=9
num_leaves=15
num_cat=0
split_feature=32 30 22 3 3 6 8 10 26 6 26 21 3 5
split_gain=413.808 471.193 326.027 227.574 160.583 139.378 114.345 94.7519 93.7175 75.3847 67.5476 66.8097 42.4319 40.4297
threshold=0.01892619387526873 -0.14999999999999988 0.42151103913784033 0.079492546617984786 0.3669171035289765 -0.30910861492156977 -0.096896436065435396 0.30602635443210607 -1.3799999999999999 0.14839122444391253 -0.98000000000000009 -0.057806674391031258 -1.0000000180025095e-35 0.08726037293672563
decision_type=2 2 2 2 2 2 2 2 2 2 2 2 2 2
left_child=4 6 3 7 5 -1 -2 -3 -5 -4 12 -6 -7 -8
right_child=1 2 9 8 11 10 13 -9 -10 -11 -12 -13 -14 -15
leaf_value=0.012641189763654232 -0.014582774283953576 -0.0048572750786622498 -0.014158670218878766 0.0044294873378643773 0.023894599455539192 -0.024499328289759779 -0.0090814462078567873 0.0077489496560013112 0.022298084333428985 0.0033611628785050712 -0.0094422789880491877 -0.00065184984736141793 -0.012336822394149427 0.028593996650314004
leaf_weight=236.74018090963364 1784.2040291875601 864.63992405682802 953.66109361499548 452.1180614233017 165.34137158840895 964.54998537153006 45.462144806981087 4494.9353219270706 1862.2200635671616 432.62155243009329 1511.6113543957472 600.57728821784258 607.53193552047014 99.278496332466602
leaf_count=2182 20347 8881 10917 4425 1402 10784 479 42772 15858 4648 14587 5923 6269 1015
internal_value=-1.30419e-05 0.00352338 0.00686838 0.0096896 -0.00950868 -0.0128339 -0.0121424 0.00570998 0.0188414 -0.00870629 -0.0148242 0.00488673 -0.0199068 0.0169382
internal_weight=15075.5 10989.1 9060.2 7673.91 4086.35 3320.43 1928.94 5359.58 2314.34 1386.28 3083.69 765.919 1572.08 144.741
internal_count=150489 109342 87501 71936 41147 33822 21841 51653 20283 15565 31640 7325 17053 1494
is_linear=0
shrinkage=0.035


Tree=10
num_leaves=15
num_cat=0
split_feature=32 30 22 3 3 6 6 33 22 6 22 23 10 15
split_gain=387.394 439.582 302.004 206.716 151.883 131.58 104.116 88.9489 84.2768 71.3617 61.8694 61.3965 51.2632 51.5557
threshold=0.01892619387526873 -0.14999999999999988 0.42151103913784033 0.079492546617984786 0.3669171035289765 -0.30910861492156977 0.13193281739950183 -0.074371376572517675 0.2409842982888222 0.14839122444391253 0.30788511037826544 0.087982866913080229 0.85165280103683483 23.69984340667725
decision_type=2 2 2 2 2 2 2 2 2 2 2 2 2 2
left_child=4 6 3 7 5 -1 -2 -3 -5 -4 -7 -6 13 -13
right_child=1 2 9 8 11 10 -8 -9 -10 -11 -12 12 -14 -15
leaf_value=0.012101206709786932 -0.015267099866784411 0.0092850323862037482 -0.013823055599560877 0.026191161875131506 -0.0091879135801332546 -0.0069880510650241895 0.0073446046033991894 0.00016688433924023124 0.012460131713567364 0.0032378125345517198 -0.017844207046951076 0.010040970866316282 -0.00580327083377626 0.039604497949872038
leaf_weight=239.05242072045803 1621.9249108061194 3135.6526670157909 943.0598711296916 920.21071875095367 252.73296512663364 953.28717595338821 288.26732157170773 2247.2116601392627 1426.190031401813 433.74503560364246 2094.4623512104154 277.61871123313904 144.95873952656984 93.299938596785069
leaf_count=2182 18794 29980 10917 7464 2557 8679 3047 21673 12819 4648 22961 2591 1326 851
internal_value=-1.4799e-05 0.00339018 0.00659332 0.00928287 -0.0092498 -0.0125182 -0.0118343 0.0054858 0.0179335 -0.00846365 -0.0144825 0.00470823 0.0115613 0.0183218
internal_weight=15071.7 11016.3 9106.07 7729.27 4055.41 3286.8 1910.19 5382.86 2346.4 1376.8 3047.75 768.61 515.877 370.919
internal_count=150489 109342 87501 71936 41147 33822 21841 51653 20283 15565 31640 7325 4768 3442
is_linear=0
shrinkage=0.035


Tree=11
num_leaves=15
num_cat=0
split_feature=33 33 28 22 3 3 26 6 22 8 2 31 6 10
split_gain=365.077 380.131 272.17 186.255 129.598 127.834 116.323 87.4664 84.34 80.1688 72.3066 71.5625 92.685 63.4708
threshold=-0.067435648233345621 -0.16801730899034531 1.0000000180025095e-35 0.23454983532428744 1.0000000180025095e-35 0.14285984635353091 -0.83499999999999985 0.14839122444391253 0.10145319998264314 -0.14132060110568997 0.34850595891475683 0.00052908022445963276 0.040875781327486045 0.30602635443210607
decision_type=2 2 2 2 2 2 2 2 2 2 2 2 2 2
left_child=1 6 3 -2 -5 13 7 -1 -4 -10 -8 -7 -13 -3
right_child=2 5 8 4 -6 11 10 -9 9 -11 -12 12 -14 -15
leaf_value=-0.013348921465579398 0.012438479763781386 -0.0024718824922205342 0.0061990212635295947 -0.010717901726564533 0.0030873854040801832 0.0037681465991349678 0.0015830012257231933 0.0025561113978676163 -0.016799981613610331 -0.001549627585519836 0.025334051957365929 0.014735611875710812 0.040147485801298982 0.011493951304401007
leaf_weight=1381.7653709277511 1159.2265795245767 465.94327416270971 260.51125468313694 1651.6290516555309 1663.430871643126 172.99641005694866 1054.6456771418452 604.7554512321949 2605.1931874454021 506.14137632399797 174.82010016590357 335.8756451010704 405.02171219885349 2625.4795469716191
leaf_count=16210 9799 4595 2709 17674 16193 1525 10175 6502 28633 5193 1576 2718 3162 23825
internal_value=-1.5457e-05 0.00565933 -0.00523888 0.000423869 -0.00380223 0.0128418 -0.00329809 -0.00851841 -0.0127321 -0.014332 0.00513736 0.0242975 0.028977 0.00938782
internal_weight=15067.4 7221.3 7846.13 4474.29 3315.06 4005.32 3215.99 1986.52 3371.85 3111.33 1229.47 913.894 740.897 3091.42
internal_count=150489 70288 80201 43666 33867 35825 34463 22712 36535 33826 11751 7405 5880 28420
is_linear=0
shrinkage=0.035


Tree=12
num_leaves=15
num_cat=0
split_feature=3 25 25 21 22 2 8 17 26 10 28 24 26 34
split_gain=348.577 209.631 350.195 187.893 184.266 117.628 98.3993 87.7957 83.3866 81.0176 79.5705 75.3025 64.7368 62.0549
threshold=1.0000000180025095e-35 4.2150000000000007 1.4450000000000001 -0.017531219869852063 0.35542443394660955 0.3106446266174317 -0.2901491224765777 0.072426047176122679 -0.66499999999999992 0.30602635443210607 -0.20349242140922372 0.030182745307683948 -1.3799999999999999 -0.0080463419608078329
decision_type=2 2 2 2 2 2 2 10 2 2 2 2 2 2
left_child=1 2 -1 13 5 10 -6 12 -8 -4 -2 -12 -7 -3
right_child=4 3 9 -5 6 7 8 -9 -10 -11 11 -13 -14 -15
leaf_value=-0.012219838199623898 0.013264077521134565 0.0038507069182058483 -0.0062105913847928518 -0.015008528043013751 -0.014067990825715179 0.00032090722372481135 -0.00079962053234868013 0.0069497577824631888 0.019852825082757018 0.011390382924585581 -0.0099168837740866815 0.00738110258634037 0.03423720803709248 -0.0082725050716672289
leaf_weight=1466.8846557363868 1480.2834957912564 1226.2717894017696 364.9078114181757 2851.8212902098894 556.75267020612955 79.398549526929855 1355.65836147964 319.76258404552937 280.69804534316063 2320.7414069399238 456.1636466383934 900.95843567699194 523.0655650421977 879.5685655772686
leaf_count=16550 12477 11623 3754 32949 5791 748 14282 2812 2497 21240 4793 8187 4426 8360
internal_value=-1.54159e-05 -0.00431765 0.00148283 -0.00916934 0.00656501 0.0112582 -0.00149512 0.0220667 0.00284214 0.00898471 0.00768005 0.0015368 0.0298456 -0.00122809
internal_weight=15062.9 9110.2 4152.53 4957.66 5952.74 3759.63 2193.11 922.227 1636.36 2685.65 2837.41 1357.12 602.464 2105.84
internal_count=150489 94476 41544 52932 56013 33443 22570 7986 16779 24994 25457 12980 5174 19983
is_linear=0
shrinkage=0.035


Tree=13
num_leaves=15
num_cat=0
split_feature=32 30 22 3 21 3 8 5 8 6 6 15 13 10
split_gain=336.858 364.554 247.539 165.2 139.501 108.214 101.197 79.3249 74.9621 65.8111 62.9482 54.5765 47.154 45.9063
threshold=0.01892619387526873 -0.14999999999999988 0.42151103913784033 0.079492546617984786 -0.081907384097576127 0.014560018200427296 -0.096896436065435396 -0.14829025417566297 -0.31995129585266108 -0.30910861492156977 0.14839122444391253 23.199209213256839 0.33334250748157507 0.85165280103683483
decision_type=2 2 2 2 2 2 2 2 2 2 2 2 2 2
left_child=4 6 3 7 12 9 -2 -3 -5 -6 -4 -7 -1 -13
right_child=1 2 10 8 5 11 -8 -9 -10 -11 -12 13 -14 -15
leaf_value=0.01984888287394259 -0.013373304520052916 0.017348148512314091 -0.012967547009996057 0.0069333901818397041 0.0045940640112799493 -0.0089543763912946078 0.016150972236377251 0.0035135331203894745 0.020212432697541385 -0.019122259357357702 0.0031126310746346646 0.011771604731913321 -0.00080705377518739037 -0.01086755273673715
leaf_weight=216.70964729785919 1712.4047960415483 558.13690441846848 916.72710580378771 783.14382326602936 152.83284175395966 1111.6416521146894 146.64780350774527 4879.0919471532106 1635.2138975560665 1679.6547434553504 434.83249007165432 348.18459503352642 334.23173972964287 149.13009488582611
leaf_count=1835 20347 5016 10917 6719 1436 11218 1494 46637 13564 18843 4648 3419 2939 1457
internal_value=-1.63471e-05 0.00312833 0.00598388 0.00836391 -0.0087189 -0.011334 -0.0109704 0.00496291 0.0159585 -0.0171301 -0.00780926 -0.00466754 0.00752685 0.00490239
internal_weight=15058.6 11066.2 9207.15 7855.59 3992.39 3441.44 1859.05 5437.23 2418.36 1832.49 1351.56 1608.96 550.941 497.315
internal_count=150489 109342 87501 71936 41147 36373 21841 51653 20283 20279 15565 16094 4774 4876
is_linear=0
shrinkage=0.035


Tree=14
num_leaves=15
num_cat=0
split_feature=32 30 22 3 3 6 8 17 10 6 22 23 10 15
split_gain=315.317 340.188 229.581 151.161 131.627 121.241 95.1314 82.7709 79.4059 59.512 55.3513 52.9297 46.0546 42.6901
threshold=0.01892619387526873 -0.14999999999999988 0.42151103913784033 0.099298968911170973 0.3669171035289765 -0.30910861492156977 -0.096896436065435396 0.016014039516448978 0.30602635443210607 0.14839122444391253 0.34679158031940466 0.087982866913080229 0.85165280103683483 23.69984340667725
decision_type=2 2 2 2 2 2 2 8 2 2 2 2 2 2
left_child=4 6 3 8 5 -1 -2 -5 -3 -4 -7 -6 13 -13
right_child=1 2 9 7 11 10 -8 -9 -10 -11 -12 12 -14 -15
leaf_value=0.011958920085248624 -0.013049536969058237 -0.004669744500280586 -0.012649787171521154 0.073595910898256997 -0.0086290453423921477 -0.0086102937165632564 0.015439704410553416 0.014695512251966509 0.0067030267472939446 0.0029989750105881758 -0.018291834671768033 0.0093981897546461836 -0.0058043591138449303 0.035847984338455513
leaf_weight=239.63829839229584 1694.0472277402878 887.55739431083202 907.28445544838905 20.311876267194748 248.63514132797718 1458.4180564656854 148.46188133955002 2295.0152696073055 4700.7942195311189 435.87599536031485 1493.7119599804282 280.90877779573202 144.89868323504925 98.022365123033524
leaf_count=2182 20347 9080 10917 161 2557 14504 1494 19022 43673 4648 17136 2591 1326 851
internal_value=-1.69613e-05 0.00301213 0.0057496 0.00802274 -0.00847666 -0.0116073 -0.010683 0.0155265 0.00489166 -0.00758689 -0.0135542 0.00444178 0.0106913 0.016986
internal_weight=15053.6 11089.3 9246.84 7903.68 3964.23 3191.77 1842.51 2315.33 5588.35 1343.16 2952.13 772.465 523.83 378.931
internal_count=150489 109342 87501 71936 41147 33822 21841 19183 52753 15565 31640 7325 4768 3442
is_linear=0
shrinkage=0.035


Tree=15
num_leaves=15
num_cat=0
split_feature=33 28 28 22 2 10 8 10 28 20 8 0 8 17
split_gain=302.326 303.811 224.366 148.262 135.69 98.6495 90.9234 86.8417 78.1036 76.6916 73.6005 73.4008 72.2643 57.7218
threshold=-0.067435648233345621 -1.1401333311752746 1.0000000180025095e-35 0.23454983532428744 0.27894829213619238 0.72768214344978344 -0.12044508382678031 0.2872681468725205 -1.5580680481672158 -0.13083248585462567 -0.30499733984470362 0.14384763687849048 -0.14132060110568997 0.033365093171596534
decision_type=2 2 2 2 2 2 2 2 2 2 2 2 2 8
left_child=1 6 3 -2 5 7 8 -3 -1 -4 -5 -6 13 -11
right_child=2 4 9 10 11 -7 -8 -9 -10 12 -12 -13 -14 -15
leaf_value=0.001571035594274511 0.010786081215455422 -0.0040012622381573335 0.0062538085721459864 -0.0094409712387155415 0.039000754270983339 -0.0038925609704347792 0.008354793163474105 0.013581370272149725 -0.011308143022413899 -0.024131085743360568 0.0010748421198956354 0.0095858769994830138 -0.0011996231200417414 -0.012272432333355511
leaf_weight=931.59307578206062 1192.2162121459842 388.44292136281729 260.06139135360718 1449.4717513546348 298.46204064041376 612.27341770380735 640.81803725659847 2757.8735544607043 1495.2486339583993 722.98908866941929 1843.2265340015292 169.08040269464254 501.52289385348558 1784.7019293904305
leaf_count=9118 9799 3744 2709 15155 2294 5242 6625 24022 17853 8442 18712 1390 5193 20191
internal_value=-1.59748e-05 0.00509558 -0.00482441 0.000262585 0.011171 0.00890917 -0.00328329 0.0114048 -0.00637805 -0.0117825 -0.00356887 0.0287868 -0.0133567 -0.0157737
internal_weight=15048 7293.79 7754.19 4484.91 4226.13 3758.59 3067.66 3146.32 2426.84 3269.28 3292.7 467.542 3009.21 2507.69
internal_count=150489 70288 80201 43666 36692 33008 33596 27766 26971 36535 33867 3684 33826 28633
is_linear=0
shrinkage=0.035


Tree=16
num_leaves=15
num_cat=0
split_feature=3 23 30 32 8 28 3 25 24 33 6 3 33 28
split_gain=288.436 221.233 192.497 147.418 86.1015 98.6288 104.995 73.9246 106.171 73.5723 76.2851 61.0478 58.3728 59.4252
threshold=1.0000000180025095e-35 0.13294924795627597 -0.14999999999999988 0.01892619387526873 -0.29770475625991816 -1.1401333311752746 0.28465569019317633 3.9399999999999999 0.026834268122911457 -0.043284938802683463 -0.22161518037319181 0.65768250823020946 -0.16801730899034531 -0.10326313031254751
decision_type=2 2 2 2 2 2 2 2 2 2 2 2 2 2
left_child=1 9 -3 11 12 -6 -7 8 -4 -1 -11 -2 -5 -14
right_child=3 2 7 4 5 6 -8 -9 -10 10 -12 -13 13 -15
leaf_value=-0.0051843427780044176 -0.0055809974877648839 -0.013828218833452878 -0.016051818572844264 -0.014570004858238438 0.0066047712838984505 0.011386612185079734 0.03135922932887316 -0.0012392580522236044 0.0097825880169617341 0.00065966344940008637 -0.018815017726779844 0.0094017645402295989 0.012125130590678103 -0.0034969445139146974
leaf_weight=1435.1297403872013 1462.1300925165415 983.53558606654406 205.11887039989233 199.40098880976439 1392.801968537271 779.13784951716661 564.09031512588263 2383.2385152131319 2158.6043417304754 291.25619325041771 1566.4479693472385 420.93218656629324 686.36221234500408 515.49642560631037
leaf_count=15993 14652 12337 2083 2167 13516 6661 4367 22877 18956 3230 19000 3977 5593 5080
internal_value=-1.68133e-05 -0.00397388 0.000184104 0.00591081 0.00959873 0.0132023 0.0199439 0.00311032 0.00748255 -0.0111886 -0.0157745 -0.00219984 0.00251894 0.00545101
internal_weight=15043.7 9023.33 5730.5 6020.35 4137.29 2736.03 1343.23 4746.96 2363.72 3292.83 1857.7 1883.06 1401.26 1201.86
internal_count=150489 94476 56253 56013 37384 24544 11028 43916 21039 38223 22230 18629 12840 10673
is_linear=0
shrinkage=0.035


Tree=17
num_leaves=15
num_cat=0
split_feature=32 25 22 8 3 8 6 22 10 16 25 26 20 23
split_gain=271.963 226.725 280.758 146.12 117.651 113.442 112.261 111.761 93.7898 73.7612 65.7676 57.5291 56.7291 52.679
threshold=0.01892619387526873 1.4450000000000001 0.2409842982888222 -0.12044508382678031 0.3669171035289765 -0.022792030125856396 -0.30910861492156977 0.42151103913784033 0.34822975099086767 1.4597733616828921 2.8200000000000007 -0.98000000000000009 -0.13083248585462567 0.37483122944831854
decision_type=2 2 2 2 2 2 2 2 2 2 2 2 2 2
left_child=4 5 8 7 6 12 -1 -4 10 -10 -3 -8 13 -2
right_child=1 2 3 -5 -6 -7 11 -9 9 -11 -12 -13 -14 -15
leaf_value=0.011605601804486287 0.018793037884093689 -0.013052657645802004 0.0010664774635537392 0.01185371685541662 0.0042015248862762276 0.042892351557644252 -0.017834353331464801 -0.010989048480726717 0.019146283115420343 0.0051707242945867688 0.011271551356332909 -0.0078719061475130397 -0.012103063268195505 -0.011883329331021172
leaf_weight=241.15603355318308 145.31448059529066 246.20253314822912 3644.2542295455933 1131.6985223740339 775.98632527142763 42.027441062033176 1442.3736517131329 1259.6984406635165 2075.9834883585572 606.24482993781567 280.63290293514729 1444.6179251372814 1588.6811780184507 113.74448523670435
leaf_count=2182 1293 2226 35398 10911 7325 362 17053 15238 16583 5001 2426 14587 18509 1395
internal_value=-1.79307e-05 0.0027696 0.00502823 0.000575252 -0.00795466 -0.00824786 -0.010974 -0.00204634 0.0133756 0.0160184 -0.000127116 -0.0128936 -0.00963569 0.00538296
internal_weight=15038.6 11134.5 9244.71 6035.65 3904.13 1889.77 3128.15 4903.95 3209.06 2682.23 526.835 2886.99 1847.74 259.059
internal_count=150489 109342 87783 61547 41147 21559 33822 50636 26236 21584 4652 31640 21197 2688
is_linear=0
shrinkage=0.035


Tree=18
num_leaves=15
num_cat=0
split_feature=3 32 25 33 22 6 25 32 10 11 5 15 26 6
split_gain=263.024 198.832 155.052 153.647 132.571 103.573 92.5613 88.7972 86.5478 71.247 59.6422 59.0693 57.7614 55.4807
threshold=1.0000000180025095e-35 0.019536802125425305 0.9900000000000001 -0.16801730899034531 0.2409842982888222 -0.33796159923076624 1.4450000000000001 0.018885187133953932 0.68442484736442577 0.17425692081451419 -0.15975409746170041 24.238675117492679 -0.98000000000000009 0.13193281739950183
decision_type=2 2 2 2 2 2 2 2 2 2 2 2 2 2
left_child=1 5 -3 13 6 -1 9 -6 -9 -2 -5 -8 -7 -4
right_child=4 2 3 10 7 12 11 8 -10 -11 -12 -13 -14 -15
leaf_value=0.011342512975405913 0.051682911771259027 -0.013564925527387977 -0.010708242271037565 0.017602496709044797 -0.0051966193339587022 -0.021826821853087441 0.015312174970047309 0.0097779108545666977 -0.0033631334898108554 -0.0038099557941911164 0.0036101347359833429 0.040128165061158058 -0.009915186251339447 0.0061119405813227241
leaf_weight=193.61529747396708 20.258526273071766 978.5664226859808 1321.9313964024186 406.48518918454647 1353.6235409751534 873.76663543283939 1276.4640281796455 1949.1736026182771 888.08708677440882 437.50985527038574 3701.252916418016 125.52594726532698 1220.7732631266117 286.18643467873335
leaf_count=1768 181 12473 15814 3443 13948 10982 9674 18370 8293 4612 33920 935 12939 3137
internal_value=-1.79962e-05 -0.0038161 -0.000765599 0.00144554 0.00561753 -0.0126987 0.0133685 0.00215431 0.00566729 -0.000301739 0.00503415 0.0178025 -0.0149644 -0.00769559
internal_weight=15033.2 8982.58 6694.42 5715.86 6050.64 2288.16 1859.76 4190.88 2837.26 457.768 4107.74 1401.99 2094.54 1608.12
internal_count=150489 94476 68787 56314 56013 25689 15402 40611 26663 4793 37363 10609 23921 18951
is_linear=0
shrinkage=0.035


Tree=19
num_leaves=15
num_cat=0
split_feature=22 33 8 28 25 8 16 26 24 10 33 17 15 11
split_gain=245.879 245.988 149.439 135.38 87.664 85.5886 85.0829 83.1665 80.554 68.5141 61.3245 60.6912 50.7147 46.6503
threshold=0.35781356692314154 -0.067435648233345621 -0.18844459205865857 0.11821934401553548 4.2150000000000007 -0.022792030125856396 1.4597733616828921 -0.66499999999999992 0.030391268432140354 0.31461882591247564 -0.15352333137110288 0.038118394091725356 22.810374259948734 0.21124988794326785
decision_type=2 2 2 2 2 2 2 2 2 2 2 8 2 2
left_child=1 8 4 6 -2 11 12 13 9 -1 -10 -5 -3 -4
right_child=2 3 7 5 -6 -7 -8 -9 10 -11 -12 -13 -14 -15
leaf_value=-0.0023819354258261174 -0.00020368579731069118 0.0030759529655830157 -0.011002691435807416 -0.016990239359828314 -0.014324760839744131 0.029089519497800691 -0.0074705064624208993 0.016736895145742867 -0.0037588123774349022 0.018046792546849846 0.0082688742181822074 -0.0050586914750956761 0.014894371329036477 0.0024635120812501118
leaf_weight=231.29459997266531 695.21494966745377 1982.5784994438291 471.01103985309601 828.83326900750399 2384.2127403020859 63.11398584395647 768.12311110645533 347.94491252303123 665.98256569355726 1427.5277053788304 2270.0121321603656 1419.0360011532903 566.51708642393351 906.06793401390314
leaf_count=2227 6967 18229 5475 9833 28618 553 7368 3141 6213 12113 18796 16140 4978 9838
internal_value=-1.70182e-05 0.00305179 -0.00653968 -0.00185364 -0.0111477 -0.00833878 0.0026758 0.00170327 0.00905145 0.0152011 0.00553709 -0.00951385 0.00575044 -0.00218854
internal_weight=15027.5 10223 4804.45 5628.2 3079.43 2310.98 3317.22 1725.02 4594.82 1658.82 2935.99 2247.87 2549.1 1377.08
internal_count=150489 96450 54039 57101 35585 26526 30575 18454 39349 14340 25009 25973 23207 15313
is_linear=0
shrinkage=0.035


Tree=20
num_leaves=15
num_cat=0
split_feature=3 23 30 22 2 8 10 20 10 32 2 34 27 34
split_gain=241.062 182.124 154.005 119.092 102.457 90.0134 76.9457 74.0882 67.4328 62.3827 78.8586 59.7489 59.0782 54.0044
threshold=1.0000000180025095e-35 0.13294924795627597 -0.14999999999999988 0.32758933305740362 0.3106446266174317 -0.2901491224765777 0.30602635443210607 -0.083564002066850648 0.85165280103683483 0.01892619387526873 -0.32889057695865626 -0.038291429902634559 6.3839191697188777 -0.01694045508671815
decision_type=2 2 2 2 2 2 2 2 2 2 2 2 2 2
left_child=1 9 -3 4 -2 -5 -4 -8 11 10 -1 -6 13 -7
right_child=3 2 6 5 8 12 7 -9 -10 -11 -12 -13 -14 -15
leaf_value=0.0097450361547892043 0.006305545164223202 -0.012750996269894942 -0.0087752451346285714 -0.010677854592668552 -0.0079092706696248724 0.00445195606944914 0.014566694328914798 0.0022065506516954396 0.0075108439510100933 -0.0063992881240152273 -0.019339046854710159 0.032493922864245593 0.01783109668181504 -0.01025327719492676
leaf_weight=120.94950971007347 2510.529315315187 947.64114278554916 621.61154545843601 708.47060295194387 45.874693349003792 1378.8938508480787 708.4836952239275 3462.091209538281 308.33755628764629 1961.478320106864 1122.5525775402784 444.78465773165226 298.5018716827035 382.46503190696239
leaf_count=1264 21465 12337 6404 7494 431 14114 5810 31702 2518 22528 14431 3421 2497 4073
internal_value=-1.72981e-05 -0.0036705 6.50198e-05 0.00535633 0.00982674 -4.15943e-06 0.00262063 0.00433607 0.020676 -0.0103399 -0.016455 0.0286339 0.00370081 0.00121897
internal_weight=15022.7 8944.81 5739.83 6077.86 3309.53 2768.33 4792.19 4170.57 798.997 3204.98 1243.5 490.659 2059.86 1761.36
internal_count=150489 94476 56253 56013 27835 28178 43916 37512 6370 38223 15695 3852 20684 18187
is_linear=0
shrinkage=0.035


Tree=21
num_leaves=15
num_cat=0
split_feature=3 32 30 22 22 6 2 8 26 9 5 26 26 28
split_gain=224.422 175.878 172.816 111.566 107.696 95.9313 82.0282 76.22 65.8798 61.7344 54.8217 52.8305 49.7972 47.0733
threshold=1.0000000180025095e-35 0.019536802125425305 -0.14999999999999988 0.35542443394660955 0.42151103913784033 -0.26746816933155054 0.3106446266174317 -0.2901491224765777 -1.3799999999999999 0.5728462040424348 -0.14829025417566297 -1.02 -0.98000000000000009 -0.20349242140922372
decision_type=2 2 2 2 2 2 2 2 2 2 2 2 2 2
left_child=1 5 -3 6 10 -1 13 -5 -8 -10 -4 -9 -7 -2
right_child=3 2 4 7 -6 12 8 11 9 -11 -12 -13 -14 -15
leaf_value=0.0048265004991709416 0.0098219577506847081 -0.012195811079212892 0.014560769591519284 -0.012614075176621924 -0.010361445618339769 -0.021761010890237825 -0.0046870019814199823 -0.002504971849821892 0.032816969831510036 0.013111357625891711 0.002637543491554096 0.0102714006158091 -0.010113008825962548 0.00094826226043425842
leaf_weight=345.15432912111282 1567.3612848445773 1283.5850421637297 524.47859258204699 530.42382881045341 730.561428822577 797.23674134165049 139.08519339561462 1000.6698855385184 326.03417000174522 522.06656845659018 4141.545259565115 643.43541221320629 1094.3589536249638 1371.34894438833
leaf_count=3289 12477 16754 4455 5791 9179 10500 1274 10746 2539 4173 38399 6033 11900 12980
internal_value=-1.77775e-05 -0.00355529 -0.00070511 0.00515033 0.00204547 -0.0120265 0.00866579 -0.0012071 0.0173538 0.0209809 0.00400603 0.00252704 -0.0151108 0.00569831
internal_weight=15017.3 8916.92 6680.17 6100.43 5396.59 2236.75 3925.9 2174.53 987.186 848.101 4666.02 1644.11 1891.6 2938.71
internal_count=150489 94476 68787 56013 52033 25689 33443 22570 7986 6712 42854 16779 22400 25457
is_linear=0
shrinkage=0.035


Tree=22
num_leaves=15
num_cat=0
split_feature=33 28 28 3 22 3 10 17 8 2 22 8 28 17
split_gain=215.955 208.923 165.924 107.977 98.1676 75.7609 67.8032 88.1403 66.5066 66.1877 62.2055 62.0245 58.6084 54.6204
threshold=-0.067435648233345621 -1.1401333311752746 1.0000000180025095e-35 0.19350939244031909 0.23454983532428744 -1.0000000180025095e-35 0.72768214344978344 0.025545100681483749 -0.12044508382678031 0.14680962264537814 0.10145319998264314 -0.14132060110568997 -1.5580680481672158 0.033365093171596534
decision_type=2 2 2 2 2 2 2 10 2 2 2 2 2 8
left_child=1 8 4 6 -2 -6 7 -3 12 -5 -4 13 -1 -12
right_child=2 3 10 9 5 -7 -8 -9 -10 -11 11 -13 -14 -15
leaf_value=0.0012485839290952774 0.0084933189027147794 -0.0072058993331125185 0.005801065303746071 0.0099176463658542692 -0.0086306524441829534 0.0020491697447123148 -0.0048944911849849787 0.01074889582901138 0.0069517671530223554 0.028945953050229564 -0.022647201757903041 -0.00051919426497758464 -0.0099760707108975805 -0.010732775060087012
leaf_weight=937.55246848613024 1240.3346102684736 378.84341596066952 261.95628160238266 454.78341883420944 1544.546031974256 1700.8993346020579 554.67316179722548 2523.3588771671057 657.57178325951099 463.57137832045555 668.2056316062808 492.403120867908 1434.9539721980691 1698.0846374854445
leaf_count=9118 9799 3568 2709 3455 17618 16249 4758 21654 6625 3257 8442 5193 17853 20191
internal_value=-1.83042e-05 0.00423334 -0.00415766 0.00911756 0.000157629 -0.00304438 0.00624916 0.00838844 -0.00282593 0.0197312 -0.0103414 -0.0118356 -0.00555376 -0.0141784
internal_weight=15011.7 7405.31 7606.43 4375.23 4485.78 3245.45 3456.88 2902.2 3030.08 918.355 3120.65 2858.69 2372.51 2366.29
internal_count=150489 70288 80201 36692 43666 33867 29980 25222 33596 6712 36535 33826 26971 28633
is_linear=0
shrinkage=0.035


Tree=23
num_leaves=15
num_cat=0
split_feature=32 30 22 21 16 6 2 6 25 2 10 6 4 5
split_gain=206.125 199.946 142.696 99.3442 86.8764 75.9639 75.3026 65.6325 61.9729 48.771 44.8634 44.6659 37.4532 31.9602
threshold=0.01892619387526873 -0.14999999999999988 0.42151103913784033 -0.081907384097576127 1.4597733616828921 0.18756966292858127 0.44494238495826727 0.14839122444391253 4.4500000000000011 -0.37781032919883722 0.72768214344978344 0.14839122444391253 -0.063612081110477434 0.10681423917412759
decision_type=2 2 2 2 2 2 2 2 2 2 2 2 2 2
left_child=3 6 4 12 5 -3 -2 9 -6 -5 13 -4 -1 -8
right_child=1 2 11 7 8 -7 10 -9 -10 -11 -12 -13 -14 -15
leaf_value=0.015857736657910598 -0.010953804474111152 0.0067823788222558046 -0.010974464229827154 0.0052246336611017855 0.0054757660889338759 0.019562133992213623 0.0016846354098139634 -0.00042086555443712428 -0.0068948541686277851 -0.013526587219945735 -0.003961473847724461 0.0026723803402911627 -0.0020201840939905197 0.046396085240490666
leaf_weight=261.96339919418097 1559.1991092264652 5579.337175771594 859.5125068500638 178.31308845430613 1048.8737054020166 629.42818872630596 30.923520505428314 763.15037245303392 923.39260379970074 2297.8613879159093 88.387773968279362 438.68980486690998 299.79497100412846 47.342911742627621
leaf_count=2129 20111 49168 10917 1721 9237 4883 334 7877 8648 26775 941 4648 2645 455
internal_value=-1.89402e-05 0.00237071 0.00436671 -0.00705105 0.00607739 0.00810733 -0.00855431 -0.00940473 -0.000321582 -0.0121607 0.0132443 -0.00637773 0.00644832 0.0309226
internal_weight=15006.2 11205.1 9479.23 3801.08 8181.03 6208.77 1725.85 3239.32 1972.27 2476.17 166.654 1298.2 561.758 78.2664
internal_count=150489 109342 87501 41147 71936 54051 21841 36373 17885 28496 1730 15565 4774 789
is_linear=0
shrinkage=0.035


Tree=24
num_leaves=15
num_cat=0
split_feature=3 32 30 6 32 33 8 28 3 5 26 3 21 2
split_gain=196.136 158.962 151.828 87.2571 86.7551 82.8737 72.3116 75.6979 73.0373 51.7828 48.341 47.6861 43.4256 33.5078
threshold=0.029621457681059841 0.019536802125425305 -0.14999999999999988 -0.26746816933155054 0.01892619387526873 -0.16801730899034531 -0.31261554360389704 -1.1401333311752746 0.41675773262977606 -0.15975409746170041 -0.98000000000000009 1.306795656681061 -0.012050007469952105 0.39237882196903234
decision_type=2 2 2 2 2 2 2 2 2 2 2 2 2 2
left_child=1 3 13 -1 11 -4 12 -8 -9 -7 -5 -2 -6 -3
right_child=4 2 5 10 6 9 7 8 -10 -11 -12 -13 -14 -15
leaf_value=0.0049517793764608849 -0.0033068605183514546 -0.012665079778969423 -0.0057206590706673196 -0.020310340547395493 0.0055045746337605041 0.015572147226863252 0.0052641962972798575 0.011115239790725744 0.028560026239268545 0.0029868572022354644 -0.0091113768333647843 0.015899370996466728 -0.0083932100348065395 0.010856503043314496
leaf_weight=350.57460086047649 1575.4576799273491 1218.7657402530313 1312.7410880848765 827.78009643405676 817.91284418106079 437.00627133995295 1362.9189414829016 911.32450619339943 442.39322680234909 3947.8003142550588 1155.5006711855531 165.99657648801804 402.80264012515545 71.551266826689243
leaf_count=3333 15731 16420 15489 11234 6929 3557 12758 7200 3189 35556 12717 1542 3996 838
internal_value=-1.83116e-05 -0.00314103 -0.00049469 -0.0110286 0.00510412 0.00196499 0.00797522 0.011145 0.0169838 0.00427373 -0.013864 -0.00139578 0.000887751 -0.0112873
internal_weight=15000.5 9321.72 6987.86 2333.86 5678.81 5697.55 3937.35 2716.64 1353.72 4384.81 1983.28 1741.45 1220.72 1290.32
internal_count=150489 99144 71860 27284 51345 54602 34072 23147 10389 39113 23951 17273 10925 17258
is_linear=0
shrinkage=0.035


Tree=25
num_leaves=15
num_cat=0
split_feature=33 28 28 2 22 12 3 15 6 3 8 20 8 28
split_gain=185 176.907 146.719 94.2247 81.9852 73.3192 66.3314 65.8655 59.9776 73.1479 58.6452 55.9633 57.2184 45.2188
threshold=-0.067435648233345621 -1.1401333311752746 1.0000000180025095e-35 0.02094739489257336 0.23454983532428744 1.4255566000938418 -1.0000000180025095e-35 24.238675117492679 -0.30910861492156977 -0.43731269240379328 -0.17963057756423947 -0.13083248585462567 -0.12044508382678031 -1.5580680481672158
decision_type=2 2 2 2 2 2 2 2 2 2 2 2 2 2
left_child=1 10 4 8 -2 7 -6 -5 9 -3 13 -4 -13 -1
right_child=2 3 11 5 6 -7 -8 -9 -10 -11 -12 12 -14 -15
leaf_value=0.00021829974749945185 0.0077047760976300421 0.0013210151886071191 0.0054847187010964747 0.015332403041395062 -0.0080881998036204193 -0.0078371612377671311 0.0019429049510748567 0.041589873080461907 0.0027461495527636415 0.03147162229309225 0.004076139997711426 -0.013266367814422622 0.00092642263801323869 -0.010526461064885865
leaf_weight=807.01933125406504 1257.6723080277443 186.5110524892807 263.44109003245831 1202.3921397551894 1519.8508431389928 142.68394484370947 1703.7929977476597 125.33600787073374 2575.7652150914073 201.24857801198959 1036.1589746028185 2395.26128731668 405.35135773569345 1171.8918109536171
leaf_count=7898 9799 1508 2709 9384 17618 1233 16249 927 22054 1586 10689 29583 4243 15009
internal_value=-1.80078e-05 0.0038921 -0.00387822 0.00833264 0.000161006 0.0155503 -0.00279685 0.0181034 0.00471119 0.0173671 -0.00264407 -0.00976708 -0.0112162 -0.00616558
internal_weight=14994.4 7449.01 7545.37 4433.94 4481.32 1470.41 3223.64 1327.73 2963.52 387.76 3015.07 3064.05 2800.61 1978.91
internal_count=150489 70288 80201 36692 43666 11544 33867 10311 25148 3094 33596 36535 33826 22907
is_linear=0
shrinkage=0.035


Tree=26
num_leaves=15
num_cat=0
split_feature=3 32 30 22 8 6 22 2 10 25 20 10 17 26
split_gain=176.246 141.552 128.006 89.3205 84.9494 83.4812 82.1624 63.1203 62.0069 60.4512 57.5048 54.8647 48.2423 47.1673
threshold=1.0000000180025095e-35 0.019536802125425305 -0.14999999999999988 0.2409842982888222 -0.2901491224765777 -0.33796159923076624 0.42151103913784033 0.3106446266174317 1.0404224395751955 1.4450000000000001 0.025745689868927005 0.30602635443210607 0.04979724436998368 -0.98000000000000009
decision_type=2 2 2 2 2 2 2 2 2 2 2 2 10 2
left_child=1 5 -3 7 -5 -1 11 9 10 -2 -6 -4 -9 -7
right_child=3 2 6 4 8 13 -8 12 -10 -11 -12 -13 -14 -15
leaf_value=0.010358580029877872 -0.0055543563947816343 -0.010823989953080367 -0.0059327589477360379 -0.0061091160556263078 0.0026227675330851444 -0.019734814427677164 -0.009381634838064784 0.040501891066421894 -0.015334118185953295 0.011021242688497451 0.013300911464044154 0.0048453391023870959 0.014342523521291284 -0.0085656824145342158
leaf_weight=197.0706962198019 343.71742207556963 1226.7722961381078 665.62786994129419 1218.1831875666976 1939.84723392874 789.51290043443441 708.82395575940609 120.57810486108065 167.04770870506763 1156.3478069081903 901.19505834579468 4063.0435282588005 318.61855275183916 1172.0857533439994
leaf_count=1768 3779 16754 6823 12139 19070 10982 9179 841 1548 8477 7854 36031 2305 12939
internal_value=-1.69831e-05 -0.00318832 -0.00065979 0.00451905 0.00165611 -0.0109554 0.00164905 0.0107178 0.00481061 0.00721156 0.00604471 0.00331885 0.0222661 -0.0131384
internal_weight=14988.5 8822.94 6664.27 6165.54 4226.27 2158.67 5437.5 1939.26 3008.09 1500.07 2841.04 4728.67 439.197 1961.6
internal_count=150489 94476 68787 56013 40611 25689 52033 15402 28472 12256 26924 42854 3146 23921
is_linear=0
shrinkage=0.035


Tree=27
num_leaves=15
num_cat=0
split_feature=32 30 22 3 14 16 21 8 7 17 14 8 11 11
split_gain=167.577 155.767 114.826 88.0136 83.8079 106.517 70.1991 61.4848 60.6247 38.0682 36.5082 31.5838 30.6292 29.8153
threshold=0.01892619387526873 -0.14999999999999988 0.42151103913784033 0.65768250823020946 0.30777771770954138 1.2832810282707217 -0.081907384097576127 -0.096896436065435396 -0.26666031777858729 0.030533674173057083 0.3292378187179566 -0.2901491224765777 0.15783104300498965 0.20591101050376895
decision_type=2 2 2 2 2 2 2 2 2 10 2 2 2 2
left_child=3 7 4 6 8 -6 -1 13 -3 -8 -11 -4 -13 -2
right_child=1 2 11 -5 5 -7 9 -9 -10 10 -12 12 -14 -15
leaf_value=0.0035633045272428403 -0.024008511168747027 0.0063670974296748837 -0.013222669508157481 0.0083442970291074808 0.0098174047589221058 0.00075003438570164489 -0.017690670797953778 0.012731374144944707 -0.0097432927348329694 -0.017613112332040774 -0.005866560826200894 -0.019978706801141975 0.0006762169592408057 -0.0080606629493866731
leaf_weight=506.47686456143856 154.98652185499668 468.98876049369574 451.32340244948864 428.74303522706032 4725.9032718241215 2389.5806653350592 684.90409174561501 155.21714731305838 703.25024373084307 396.27258478850126 1717.0597946420312 89.737578026950359 739.23515727370977 1370.8290659934282
leaf_count=4355 2152 3881 5944 3977 40504 21400 8587 1494 6151 4581 19647 1115 8506 18195
internal_value=-1.7283e-05 0.00211567 0.00384302 -0.00643245 0.00535019 0.00677765 -0.00836892 -0.00768054 -0.00329852 -0.0105336 -0.00814174 -0.0058792 -0.00177119 -0.00982636
internal_weight=14982.5 11249.1 9568.02 3733.46 8287.72 7115.48 3304.71 1681.03 1172.24 2798.24 2113.33 1280.3 828.973 1525.82
internal_count=150489 109342 87501 41147 71936 61904 37170 21841 10032 32815 24228 15565 9621 20347
is_linear=0
shrinkage=0.035


Tree=28
num_leaves=15
num_cat=0
split_feature=3 33 25 21 22 8 15 10 25 34 6 10 15 2
split_gain=162.018 133.464 114.418 86.9713 76.7961 79.3256 65.0799 63.0833 61.8399 52.4515 53.1827 44.3274 44.046 43.682
threshold=0.079492546617984786 -0.067435648233345621 3.9399999999999999 -0.057806674391031258 0.2409842982888222 -0.2901491224765777 22.722258567810062 1.0404224395751955 0.55000000000000016 -0.023314336221800954 -0.22161518037319181 0.35632327198982244 23.69984340667725 0.25065104663372045
decision_type=2 2 2 2 2 2 2 2 2 2 2 2 2 2
left_child=1 2 6 8 13 -6 11 12 -3 -5 -11 -1 -7 -2
right_child=4 3 -4 9 5 7 -8 -9 -10 10 -12 -13 -14 -15
leaf_value=0.00082535408736719186 0.0074537729458278267 -0.010800623904887148 -0.0028888506535326565 -0.004009738609234894 -0.00605900193383391 0.0044854723791589021 -0.0050848034276708932 -0.01525122000210458 0.002985721147390318 -0.0010381507285765097 -0.01674822096579787 0.014042580300830288 0.01631464893338368 0.020103097705149519
leaf_weight=416.05986820161343 1084.4621362239122 553.22162770479918 3174.3800679221749 962.66390998661518 1007.1552576348186 1792.6457746475935 387.75826446712017 157.09117586165667 1354.0784119740129 318.9534060433507 1560.4216911047697 1234.402112878859 486.29191543906927 488.75922390073538
leaf_count=3920 8585 7609 34060 10777 9918 16525 3324 1463 12287 3578 20445 10146 4405 3447
internal_value=-1.95824e-05 -0.00260223 0.00126461 -0.00683998 0.00510419 0.00216358 0.00771584 0.00557402 -0.00104855 -0.0107093 -0.0141016 0.0107357 0.00706989 0.0114857
internal_weight=14978.3 9961.94 5212.6 4749.34 5016.41 3443.18 2038.22 2436.03 1907.3 2842.04 1879.38 1650.46 2278.94 1573.22
internal_count=150489 106146 51450 54696 44343 32311 17390 22393 19896 34800 24023 14066 20930 12032
is_linear=0
shrinkage=0.035


Tree=29
num_leaves=15
num_cat=0
split_feature=22 33 8 3 11 28 24 28 26 10 14 3 16 15
split_gain=153.745 145.052 112.149 83.3119 103.436 82.1271 63.5347 60.1453 56.213 52.6788 48.6031 42.7864 42.1454 40.5784
threshold=0.35781356692314154 -0.067435648233345621 -0.18844459205865857 0.32306490838527685 0.15783104300498965 -0.20349242140922372 0.030391268432140354 -0.40673658347942782 -0.66499999999999992 0.31461882591247564 0.36997146904468542 -0.48949448764324183 1.51411509513855 24.037861824035648
decision_type=2 2 2 2 2 2 2 2 2 2 2 2 2 2
left_child=1 6 7 5 -5 12 9 -2 -4 -1 -7 -11 -3 -8
right_child=2 3 8 4 -6 10 13 -9 -10 11 -12 -13 -14 -15
leaf_value=-0.0031508325618809113 -0.0058571876292780349 0.0045972134008135778 -0.0015261647580923229 0.067169882284370111 0.0052824764077180255 -0.017650658953184902 0.0025271688704730857 -0.016520644089740244 0.013789388920397881 -0.001035154544640992 -0.0053079652668170533 0.016743447525952054 -0.0077530070190608737 0.017285559688759177
leaf_weight=235.2765217423439 1942.4910871237516 1516.6487339064479 1353.3875774294138 24.318372912704945 1029.7250675261021 476.04950886964798 2793.9897390529513 977.49830634146929 364.34355250746012 188.20041592419147 2088.9125180616975 1317.8735495656729 425.28547997027636 239.20084633678198
leaf_count=2227 23094 13230 15313 170 8775 5878 23127 12491 3141 1568 25152 10545 3896 1882
internal_value=-1.99615e-05 0.00235561 -0.00530776 -0.00148611 0.00732816 -0.00355919 0.00682384 -0.0094711 0.00178339 0.0121365 -0.00765838 0.0145296 0.00186664 0.00374401
internal_weight=14973.2 10335.5 4637.72 5560.94 1054.04 4506.9 4774.54 2919.99 1717.73 1741.35 2564.96 1506.07 1941.93 3033.19
internal_count=150489 96450 54039 57101 8945 48156 39349 35585 18454 14340 31030 12113 17126 25009
is_linear=0
shrinkage=0.035


Tree=30
num_leaves=15
num_cat=0
split_feature=3 23 30 22 10 14 8 6 10 26 6 33 10 26
split_gain=149.076 114.386 89.9784 72.0906 64.3101 68.0295 58.4579 57.0833 65.937 81.4509 52.4077 51.602 48.1884 40.709
threshold=1.0000000180025095e-35 0.13294924795627597 -0.24999999999999975 0.35542443394660955 0.30602635443210607 0.30777771770954138 -0.29770475625991816 0.21162544935941699 0.7727927863597871 -1.1900000000000002 -0.28671012818813318 -0.043284938802683463 0.72768214344978344 -1.02
decision_type=2 2 2 2 2 2 2 2 2 2 2 2 2 2
left_child=1 10 -3 7 -4 -6 -5 12 9 -9 -1 -12 -2 -8
right_child=3 2 4 6 5 -7 13 8 -10 -11 11 -13 -14 -15
leaf_value=0.0070371161839639885 0.0068258093809127904 -0.010839978724174051 -0.0087037915338893553 -0.011682597777329358 -0.0070424077362259731 0.0051089325590388934 -0.0023789072633783929 -0.0040922904302564036 0.0045594155727474491 0.030720960013526748 -0.0047534634469006288 -0.014334686736597038 -0.003820348610794094 0.008672059616385671
leaf_weight=239.15040518343449 2474.1932082846761 803.41571555286646 622.95982562750578 479.13750425726175 658.08938803523779 3656.1216496601701 1011.2407224327326 101.84455404430628 439.1489647552371 376.55842803418636 1324.1385512277484 1458.4284306913614 651.96990910172462 671.35788645595312
leaf_count=2617 20997 11342 6498 5471 5962 32451 10946 841 3446 2749 15165 20441 5410 6153
internal_value=-1.87792e-05 -0.00295698 -5.2438e-05 0.00412813 0.00172136 0.00324337 -0.00102916 0.00688092 0.0145174 0.0233777 -0.00845657 -0.00980862 0.00460042 0.00205562
internal_weight=14967.8 8762.3 5740.59 6205.45 4937.17 4314.21 2161.74 4043.72 917.552 478.403 3021.72 2782.57 3126.16 1682.6
internal_count=150489 94476 56253 56013 44911 38413 22570 33443 7036 3590 38223 35606 26407 17099
is_linear=0
shrinkage=0.035


Tree=31
num_leaves=15
num_cat=0
split_feature=32 30 22 3 6 14 16 2 7 24 0 10 6 10
split_gain=141.527 127.758 96.8488 77.1924 77.5659 73.3911 95.2777 57.8932 56.8468 41.7192 39.3312 38.778 36.7697 33.9977
threshold=0.01892619387526873 -0.14999999999999988 0.42151103913784033 0.65768250823020946 -0.28671012818813318 0.30777771770954138 1.2832810282707217 0.44494238495826727 -0.26666031777858729 0.030182745307683948 -0.17856107652187345 0.7963799536228181 0.14839122444391253 0.9272749423980714
decision_type=2 2 2 2 2 2 2 2 2 2 2 2 2 2
left_child=3 7 5 4 10 8 -7 -2 -3 -6 -1 -9 -4 -5
right_child=1 2 12 13 9 6 -8 11 -10 -11 -12 -13 -14 -15
leaf_value=0.024303525336401236 -0.0092845497978937975 0.006044521724408022 -0.009814335119065775 0.013581408305146479 -0.014678410055984964 0.0090046653571822961 0.00046464463923169639 0.025395229763374456 -0.0095488916655204308 -0.0061210999795722563 -0.0010400787298224811 -0.0068114230544422403 0.0026396884225120538 -0.0080021210378922545
leaf_weight=112.3060215190053 1478.4755087047815 471.6341699436307 828.72281198948622 317.70938352495432 1169.7273893654346 4790.2820905745029 2402.3711839690804 96.373971976339817 699.1414220482111 1775.3285686001182 191.9868707805872 74.398851960897446 438.78614535182714 115.35556000471115
leaf_count=975 20111 3881 10917 2885 15029 40504 21400 936 6151 19362 1804 794 4648 1092
internal_value=-1.93197e-05 0.00192604 0.00346841 -0.00596755 -0.00781822 0.004835 0.00615687 -0.00704735 -0.00326926 -0.00955809 0.00878921 0.0117635 -0.00551609 0.00778135
internal_weight=14962.6 11280.2 9630.94 3682.41 3249.35 8363.43 7192.65 1649.25 1170.78 2945.06 304.293 170.773 1267.51 433.065
internal_count=150489 109342 87501 41147 37170 71936 61904 21841 10032 34391 2779 1730 15565 3977
is_linear=0
shrinkage=0.035


Tree=32
num_leaves=15
num_cat=0
split_feature=32 30 14 16 25 17 21 8 6 21 11 2 16 10
split_gain=132.269 119.147 75.0557 90.4081 75.7114 71.0556 70.9497 54.5902 49.9471 44.4426 40.8134 40.468 38.0672 32.9582
threshold=0.01892619387526873 -0.14999999999999988 0.30777771770954138 1.2832810282707217 4.4500000000000011 0.025545100681483749 -0.081907384097576127 -0.23716598004102704 0.14839122444391253 -0.012050007469952105 0.34475235641002661 -0.37781032919883722 1.1195462346076968 0.40880955755710607
decision_type=2 2 2 2 2 10 2 2 2 2 2 2 2 2
left_child=6 7 9 5 -5 -4 -1 13 11 10 -3 -8 -9 -2
right_child=1 2 3 4 -6 -7 8 12 -10 -11 -12 -13 -14 -15
leaf_value=0.0054634908738426411 -0.019957985650679789 -0.011918364223363722 -0.0019994957210923672 0.0053021000145614221 -0.0062157965026815466 0.0088860195391473173 0.0054120992420317428 -0.0068899205584284943 -5.3057281102776348e-05 -0.011380471178373762 0.006123796072915277 -0.011719531857665878 0.012696899913183225 -0.0069695805047255673
leaf_weight=571.89021944254637 337.67369494959712 199.71586891263723 868.08915641903877 1363.2010201141238 1414.3029630705714 4651.8645051643252 177.4958384335041 227.53954350948334 755.5354191288352 592.43045480549335 564.6246095970273 2159.0506171584129 240.04461069405079 834.065200522542
leaf_count=4774 4921 1700 8758 11771 14128 40409 1721 2748 7877 6261 4474 26775 2725 11447
internal_value=-1.93509e-05 0.00185582 0.00333817 0.00458592 -0.000564063 0.0071736 -0.00578855 -0.00684128 -0.00788056 -0.0042703 0.00131649 -0.0104006 0.00322072 -0.0108498
internal_weight=14957.5 11293.6 9654.23 8297.46 2777.5 5519.95 3663.97 1639.32 3092.08 1356.77 764.34 2336.55 467.584 1171.74
internal_count=150489 109342 87501 75066 25899 49167 41147 21841 36373 12435 6174 28496 5473 16368
is_linear=0
shrinkage=0.035


Tree=33
num_leaves=15
num_cat=0
split_feature=3 6 28 25 14 32 15 10 17 3 28 6 3 10
split_gain=136.03 98.5357 120.471 112.606 76.5894 67.838 65.7406 57.6239 50.7814 50.1206 43.4851 41.5093 41.3604 41.3601
threshold=-0.029542427510023114 -0.26746816933155054 -0.20349242140922372 3.9399999999999999 0.26377183198928839 0.018885187133953932 22.554120063781742 0.72768214344978344 0.024520721286535267 -0.48949448764324183 -1.5580680481672158 0.23988238722085956 1.973869323730469 0.43923932313919073
decision_type=2 2 2 2 2 2 2 2 10 2 2 2 2 2
left_child=1 9 3 6 -2 8 -3 11 -6 -1 -5 -7 -9 -4
right_child=4 2 13 10 5 7 -8 12 -10 -11 -12 -13 -14 -15
leaf_value=-0.0029551155066002447 -0.0063347881475820447 0.0099300578851441099 -0.015401940968323948 0.00019767108672802695 -0.021292414062192684 0.007656459056351447 -0.0067763107179590349 -0.0032207933038750814 0.00072155300792241684 0.010963230943006937 -0.0087563387816046306 0.018126493802995872 0.016806935000973092 -0.0062699921379583724
leaf_weight=506.43683372437954 813.28851759061217 1244.4781759977341 1237.043164845556 1053.5335258990526 131.48305831477046 2852.9055217653513 366.97392523288727 836.46728358417749 1378.5618919096887 821.60341914370656 1786.9136215932667 555.05390679836273 138.47365359961987 1229.9084723070264
leaf_count=4804 7699 10683 15655 10461 1506 25336 3143 7223 13937 7766 22007 4483 1133 14653
internal_value=-2.0482e-05 -0.0030292 -0.00470536 -0.00125991 0.00367845 0.00506877 0.00610721 0.00726883 -0.00132272 0.00567317 -0.00544622 0.00940976 -0.00023444 -0.0108929
internal_weight=14953.1 8246.89 6918.85 4451.9 6706.23 5892.95 1611.45 4382.9 1510.04 1328.04 2840.45 3407.96 974.941 2466.95
internal_count=150489 89172 76602 46294 61317 53618 13826 38175 15443 12570 32468 29819 8356 30308
is_linear=0
shrinkage=0.035


Tree=34
num_leaves=15
num_cat=0
split_feature=22 26 8 16 8 24 15 26 28 17 3 14 6 5
split_gain=128.081 128.318 115.943 99.1577 70.596 70.3161 85.7431 66.2875 56.5004 43.5152 42.9007 38.0056 37.7263 33.9318
threshold=0.32758933305740362 1.1600000000000004 -0.18844459205865857 1.4597733616828921 -0.022792030125856396 0.028544961474835876 23.69984340667725 -0.66499999999999992 -0.40673658347942782 0.02738680969923735 0.3669171035289765 0.19365141540765765 -0.30910861492156977 -0.23724621534347531
decision_type=2 2 2 2 2 2 2 2 2 8 2 2 2 2
left_child=1 3 8 5 9 -1 -7 -4 11 -3 -6 -2 -10 -5
right_child=2 4 7 13 10 6 -8 -9 12 -11 -12 -13 -14 -15
leaf_value=0.016061075166634034 -0.018238914563188199 -0.022741086398777036 -0.00080880126774406872 0.026554488683085388 0.00075484538524772562 0.0036062315367021494 0.019097323488467582 0.013508168763192392 0.0076912405662370774 -0.0050002332934454153 0.0610324066576605 -0.0031518157958013854 -0.014940563832094137 -0.0040143889980512994
leaf_weight=868.84681362658739 214.73267474770546 182.34699611738324 1717.7976618111134 35.960764437913895 28.124610438942909 4180.9822605326772 480.16079919040203 504.51486396789551 91.266205936670303 1524.48914764449 20.342840477824211 2379.0440643876791 1240.251411985606 1479.9789558500051
leaf_count=6776 2500 2468 19050 283 236 34957 3723 4254 906 18729 126 27296 16092 13093
internal_value=-2.10016e-05 0.00268549 -0.00389382 0.00479437 -0.00575896 0.00696565 0.00523949 0.00248742 -0.00750371 -0.00701697 0.0321662 -0.00446609 -0.0133435 -0.00311997
internal_weight=14948.8 8801.23 6147.61 7045.93 1755.3 5529.99 4661.14 2222.31 3925.29 1706.84 48.4675 2593.78 1331.52 1515.94
internal_count=150489 80391 70098 58832 21559 45456 38680 23304 46794 21197 362 29796 16998 13376
is_linear=0
shrinkage=0.035


Tree=35
num_leaves=15
num_cat=0
split_feature=3 32 10 10 6 28 22 8 10 29 20 25 8 15
split_gain=124.429 97.1235 80.9497 69.7992 65.2152 64.9348 59.791 64.9832 53.3615 51.5467 45.4691 44.0681 53.9593 42.9356
threshold=1.0000000180025095e-35 0.019536802125425305 0.31461882591247564 0.72768214344978344 -0.33796159923076624 0.34781234381816534 0.2409842982888222 -0.2901491224765777 1.0404224395751955 3.6500000000000008 0.025745689868927005 1.4450000000000001 -0.022792030125856396 24.238675117492679
decision_type=2 2 2 2 2 2 2 2 2 2 2 2 2 2
left_child=1 4 9 5 -1 -4 11 -8 10 -3 -9 12 -2 -13
right_child=6 2 3 -5 -6 -7 7 8 -10 -11 -12 13 -14 -15
leaf_value=0.0092069773262102271 -0.0045446489631172189 -0.014832214007749497 0.0052088053486101871 -0.0074656614859249498 -0.011425342256638705 -0.0045572871359583845 -0.0054919458337864225 0.0021724381005676892 -0.014774362407302073 0.00067859937250785182 0.011569664626496931 0.0095256819757524747 0.035595728202069667 0.02926527948614089
leaf_weight=201.28454924374819 425.05929040908813 711.02324683591723 3483.4958132654428 957.50686541199684 1848.603771455586 1087.0561141744256 1197.1873435676098 1955.0056000128388 163.75823038816452 411.35807202756405 925.60350053012371 1397.8187392726541 35.299736157059669 143.46235517412424
leaf_count=1768 4561 8935 32659 9549 23921 13585 12139 19070 1548 4059 7854 9674 232 935
internal_value=-1.94425e-05 -0.00272367 -0.000665748 0.00107876 -0.00936453 0.00288117 0.00374742 0.0013869 0.00410111 -0.00919164 0.00522155 0.00871768 -0.000775396 0.0115399
internal_weight=14943.5 8700.33 6650.44 5528.06 2049.89 4570.55 6243.19 4241.55 3044.37 1122.38 2880.61 2001.64 460.359 1541.28
internal_count=150489 94476 68787 55793 25689 46244 56013 40611 28472 12994 26924 15402 4793 10609
is_linear=0
shrinkage=0.035


Tree=36
num_leaves=15
num_cat=0
split_feature=3 10 14 33 10 10 21 34 25 17 15 8 15 8
split_gain=117.662 106.378 102.316 77.4072 76.2893 72.8122 52.4842 48.5608 47.0312 48.9727 70.7672 44.997 36.9446 38.9859
threshold=0.14285984635353091 0.31461882591247564 0.30777771770954138 -0.074371376572517675 0.72768214344978344 0.20557863265275958 -0.057806674391031258 -0.031273858577813334 4.2150000000000007 0.075637396425008788 23.199209213256839 -0.31995129585266108 24.037861824035648 -0.096896436065435396
decision_type=2 2 2 2 2 2 2 2 2 8 2 2 2 2
left_child=1 7 -3 4 -4 -2 -5 12 11 10 -10 -7 -1 -14
right_child=5 2 3 6 -6 8 -8 -9 9 -11 -12 -13 13 -15
leaf_value=-0.0036269032541373213 0.044427216493918842 -0.0090093295698519486 0.0070392294064386849 0.0026755377382549532 -0.0069625795004578054 0.00056101736115157579 -0.0059286025581381909 -0.012920363475062403 0.00087725230231668007 -0.0071126353309904616 0.013505051162360126 0.016690412602707691 0.048964250218257413 -0.011948210972557195
leaf_weight=620.79855681955814 46.339545845985413 1374.266923930496 3131.1077180355787 1491.1978527121246 553.68109769374132 321.7821698486805 2054.517865832895 1368.954539809376 2040.6857400462031 548.76871603727341 731.83970627933741 614.39414256066084 24.338995486497879 15.384338207542894
leaf_count=6757 354 14836 29250 15255 5279 2944 24368 17008 18227 4931 6360 4523 252 145
internal_value=-1.87842e-05 -0.00199493 -0.000291152 0.00137602 0.00492215 0.00485737 -0.00231267 -0.00918194 0.00432358 0.00235441 0.00424706 0.0112109 -0.00135679 0.0277151
internal_weight=14938.1 10634.2 8604.77 7230.5 3684.79 4303.81 3545.72 2029.48 4257.47 3321.29 2772.53 936.176 660.522 39.7233
internal_count=150489 113150 88988 74152 34529 37339 39623 24162 36985 29518 24587 7467 7154 397
is_linear=0
shrinkage=0.035


Tree=37
num_leaves=15
num_cat=0
split_feature=22 25 8 16 24 15 19 11 28 11 26 10 7 26
split_gain=116.036 112.42 104.037 89.2552 61.8473 73.1389 61.6244 75.836 60.5096 45.4501 44.891 50.2874 44.2705 40.1538
threshold=0.32758933305740362 1.4450000000000001 -0.14132060110568997 1.4597733616828921 0.028544961474835876 23.69984340667725 0.25026649236679083 0.17425692081451419 1.0000000180025095e-35 0.20034358650445941 -1.02 0.75003939867019664 -0.10441859811544417 -0.83499999999999985
decision_type=2 2 2 2 2 2 2 2 2 2 2 2 2 2
left_child=1 6 8 4 12 -6 -1 -8 13 -4 -11 -12 -3 -2
right_child=2 3 9 -5 5 -7 7 -9 -10 10 11 -13 -14 -15
leaf_value=-0.0077661186726696542 -0.0075093956575203813 0.021125590003501688 -0.0048588010582760813 -0.0030183295441744201 0.003413769814320327 0.017582020449961728 0.068711806728248906 0.0043448499633395457 -0.015160667057629742 0.0010666365505298046 0.020748935859186274 -0.0045949786706741555 0.0048846358442892488 -7.1119929237262232e-05
leaf_weight=1541.6238523386419 2222.9964305348694 543.52816861122847 498.5550922639668 1511.6223195046186 4194.732673458755 490.84303336590528 15.896613758057354 180.04025832563639 795.45103565976024 590.97148387134075 410.9515550583601 120.06531424075365 339.01638375222683 1477.449180521071
leaf_count=19562 27925 4075 5530 13376 34957 3723 117 1880 10507 6228 3694 1106 2701 15108
internal_value=-1.72795e-05 0.00255123 -0.0037181 0.0045087 0.00655387 0.00493226 -0.00540467 0.01265 -0.00645497 0.00386785 0.0077542 0.0150395 0.0150115 -0.00454777
internal_weight=14933.7 8817.3 6116.44 7079.74 5568.12 4685.58 1737.56 195.937 4495.9 1620.54 1121.99 531.017 882.545 3700.45
internal_count=150489 80391 70098 58832 45456 38680 21559 1997 53540 16558 11028 4800 6776 43033
is_linear=0
shrinkage=0.035


Tree=38
num_leaves=15
num_cat=0
split_feature=14 10 33 26 34 19 21 34 3 10 3 10 25 21
split_gain=109.677 126.161 91.2649 92.3521 77.2604 66.6888 60.4502 56.4739 50.7909 49.3678 45.7388 55.1717 43.1857 36.9556
threshold=0.26377183198928839 0.31461882591247564 -0.067435648233345621 -0.83499999999999985 -0.031273858577813334 0.31584219634532934 -0.057806674391031258 -0.01694045508671815 0.28465569019317633 0.72768214344978344 0.099298968911170973 0.20557863265275958 0.55000000000000016 0.037735188379883773
decision_type=2 2 2 2 2 2 2 2 2 2 2 2 2 2
left_child=-1 4 3 9 10 13 12 -8 -5 -3 -2 -12 -4 -6
right_child=1 2 6 8 5 -7 7 -9 -10 -11 11 -13 -14 -15
leaf_value=-0.0085435158067963205 -0.001994708921287247 0.0035795082081280182 -0.0049012037098047556 0.0079918836443433998 -0.016239446563029926 0.03981737084656059 0.00033376864263751007 -0.0089827788743723699 0.021051996858269258 -0.0075974314161163332 0.053621080151573124 0.006771946116062761 0.0066362297228669109 -0.0046418855163424142
leaf_weight=1634.1238232366741 597.05163644254208 2043.0048839971423 515.93174045532942 2558.0659313052893 938.24844621494412 21.444721058011055 1841.6494527682662 1394.2245189100504 422.98571451753378 623.59323395043612 31.661949053406715 132.65513973683119 1635.373727016151 538.10660835728049
leaf_count=16996 6603 20295 7020 21182 11897 149 19829 16533 2972 5971 230 1106 13560 6146
internal_value=-1.5342e-05 0.00103859 0.00258216 0.00568681 -0.00647907 -0.0110699 -0.000677101 -0.00369571 0.00990919 0.000947123 0.00257869 0.0183574 0.00385942 -0.012072
internal_weight=14928.1 13294 11034.8 5647.65 2259.17 1497.8 5387.18 3235.87 2981.05 2666.6 761.369 164.317 2151.31 1476.36
internal_count=150489 133493 107362 50420 26131 18192 56942 36362 24154 26266 7939 1336 20580 18043
is_linear=0
shrinkage=0.035


Tree=39
num_leaves=15
num_cat=0
split_feature=14 10 16 33 34 26 19 28 21 15 25 17 25 19
split_gain=103.317 113.708 82.7854 76.7533 71.3638 65.5508 62.4951 51.5525 48.5042 40.2113 71.7354 34.9339 32.077 27.417
threshold=0.3292378187179566 0.31461882591247564 1.9508073925971987 -0.067435648233345621 -0.031273858577813334 -0.83499999999999985 0.36062066256999975 1.0000000180025095e-35 -0.012050007469952105 21.832373619079593 4.9450000000000012 0.022139697335660461 4.2150000000000007 -0.15970890223979947
decision_type=2 2 2 2 2 2 2 2 2 2 2 10 2 2
left_child=8 4 3 5 9 -3 11 -5 13 -2 -11 -6 -4 -1
right_child=1 2 12 7 6 -7 -8 -9 -10 10 -12 -13 -14 -15
leaf_value=0.0076295477752133271 -0.0031774256648769658 0.0027725815823579311 0.0016182483645293625 0.0038356117422177973 -0.019226025110268153 0.01127169445510832 0.043828825501093384 -0.0039625016723849812 -0.01246650580048508 -0.01632449699274539 0.023884601558861254 -0.0074765585362082769 -0.0085872245258001492 -0.004810624011840796
leaf_weight=262.59180055558681 485.39690244942904 2094.7281053736806 614.85676276311278 2633.9520146474242 461.75464576855302 2379.3923366218805 15.954995632171629 1700.5297144949436 1015.6116330847144 65.788603089749813 196.65742755681276 977.66872898861766 955.20832164958119 1062.8318908400834
leaf_count=2368 5189 20252 5733 24369 5757 18903 103 20924 11886 854 1734 11953 10438 10026
internal_value=-1.37423e-05 0.0012438 0.00277744 0.00409716 -0.0059606 0.00730757 -0.0104524 0.000774131 -0.00674896 0.00280353 0.013576 -0.0113523 -0.00460569 -0.00230731
internal_weight=14922.9 12581.9 10378.7 8808.6 2203.22 4474.12 1455.38 4334.48 2341.04 747.843 262.446 1439.42 1570.07 1325.42
internal_count=150489 126209 100619 84448 25590 39155 17813 45293 24280 7777 2588 17710 16171 12394
is_linear=0
shrinkage=0.035


Tree=40
num_leaves=15
num_cat=0
split_feature=22 33 6 26 6 9 28 2 11 5 6 0 10 14
split_gain=104.683 89.0042 66.3509 57.6739 55.1393 60.3928 57.7814 46.0939 44.6771 42.0213 41.6781 41.3231 44.1921 39.8154
threshold=0.35781356692314154 -0.067435648233345621 0.16709233075380328 -0.66499999999999992 0.21162544935941699 0.45737916231155401 -0.20349242140922372 0.02094739489257336 0.48313251137733465 -0.0046031181700527659 -0.30910861492156977 -0.033682521432638161 0.66402444243431102 0.36997146904468542
decision_type=2 2 2 2 2 2 2 2 2 2 2 2 2 2
left_child=1 7 3 -2 6 -6 9 10 -4 -3 -1 -9 -13 -8
right_child=2 4 8 -5 5 -7 13 11 -10 -11 -12 12 -14 -15
leaf_value=0.012811786014364402 -0.0098724977021094427 0.0048740264127871413 0.0052318195189118193 0.00044120619256269049 0.029774412069528106 0.0030413629729847498 -0.01463864982327649 0.018133871224241305 -0.013709794176199086 -0.0055821739822415712 0.0012351858896007828 0.011145696323060941 -0.0029257371152176834 -0.0037723378204602993
leaf_weight=432.70178655534983 2389.1473503038287 1558.8300533890724 1048.5286690220237 917.29365050047636 120.17487610131502 519.87830490246415 506.39818036183715 519.42738768458366 168.46412777528167 663.27602467685938 2752.8893924877048 778.61256098747253 413.14126092195511 2130.0367240235209
leaf_count=3296 32573 13085 10644 8972 911 4553 6492 3834 1850 5835 23054 5966 3199 26225
internal_value=-1.37415e-05 0.00192016 -0.0044525 -0.0070185 -0.00113581 0.00844151 -0.00241225 0.00534704 0.00251943 0.00174193 0.00284282 0.00996537 0.00628385 -0.00590693
internal_weight=14918.8 10395.4 4523.43 3306.44 5498.59 640.053 4858.54 4896.77 1216.99 2222.11 3185.59 1711.18 1191.75 2636.43
internal_count=150489 96450 54039 41545 57101 5464 51637 39349 12494 18920 26350 12999 9165 32717
is_linear=0
shrinkage=0.035


Tree=41
num_leaves=15
num_cat=0
split_feature=3 6 28 26 14 32 8 15 17 30 17 3 17 22
split_gain=104.463 82.1288 87.6118 81.5957 58.1047 51.0053 50.3664 46.0709 44.6049 39.9742 38.81 37.226 33.546 34.3617
threshold=-0.029542427510023114 -0.235172264277935 -0.20349242140922372 -0.66499999999999992 0.26377183198928839 0.018885187133953932 -0.38860456645488733 22.554120063781742 0.024520721286535267 1.0000000180025095e-35 0.072426047176122679 -0.48949448764324183 0.040203984826803214 0.28088808059692388
decision_type=2 2 2 2 2 2 2 2 10 2 10 2 10 2
left_child=1 11 3 9 -2 8 -7 -5 -6 -3 -8 -1 -4 -14
right_child=4 2 12 7 5 6 10 -9 -10 -11 -12 -13 13 -15
leaf_value=-0.0030744952624700561 -0.005618730897343706 -0.010552269545854101 -0.014626344920795058 0.0066525097244568747 -0.020351533089553137 -0.002368740971849634 0.009273121435442247 -0.0058959223474135533 0.00070125988659822634 -0.0012827632561563452 -0.0010745434471073707 0.0077157017947888087 -0.0012170948911807377 -0.013799045012881896
leaf_weight=585.50946080312133 797.40902376547456 1163.2373982109129 1059.3541637472808 1496.5319409519434 125.34638074785471 693.395626809448 3248.4729607626796 461.7742023691535 1376.9591885246336 1114.3473166674376 511.8006096445024 1146.4432638697326 719.037831466645 413.97179402410984
leaf_count=5595 7699 16673 14388 13181 1506 6215 27585 4055 13937 10482 4375 11000 8238 5560
internal_value=-1.32432e-05 -0.00267661 -0.00449817 -0.00155018 0.00320414 0.00439282 0.00627048 0.00367863 -0.00117826 -0.00604244 0.00786561 0.00407122 -0.0101611 -0.00589471
internal_weight=14913.6 8160.21 6428.25 4235.89 6753.38 5955.97 4453.67 1958.31 1502.31 2277.58 3760.27 1731.95 2192.36 1133.01
internal_count=150489 89172 72577 44391 61317 53618 38175 17236 15443 27155 31960 16595 28186 13798
is_linear=0
shrinkage=0.035


Tree=42
num_leaves=15
num_cat=0
split_feature=3 6 28 26 10 15 6 27 27 24 15 26 30 8
split_gain=97.447 74.3494 79.548 81.1972 51.93 64.3727 64.544 60.5548 54.6575 72.6088 46.5617 36.8951 36.6005 34.8435
threshold=-0.043394366279244416 -0.235172264277935 -0.20349242140922372 -0.66499999999999992 0.75003939867019664 23.69984340667725 0.14839122444391253 4.5430175265602015 3.5825168728413797 0.030182745307683948 22.554120063781742 -1.3799999999999999 1.0000000180025095e-35 -0.32708612084388727
decision_type=2 2 2 2 2 2 2 2 2 2 2 2 2 2
left_child=1 -1 3 12 5 8 7 -7 9 -2 -5 -8 -3 -10
right_child=4 2 -4 10 -6 6 11 -9 13 -11 -12 -13 -14 -15
leaf_value=0.0037432596344982613 -0.012662077849136538 -0.010642614780910444 -0.0099745615513493844 0.0066304707059392518 -0.0023690238800630229 0.014644935829530113 -0.0023628817590761945 -0.014999967850526571 -0.00064670164297506085 0.0026394657725529237 -0.0061632468926236831 0.030934643456361415 -0.0015677273897548006 0.0088719746394144011
leaf_weight=1723.7205676846206 489.22635486721992 1109.7081516645849 2102.7241669334471 1471.264410585165 1674.1978916451335 228.87262213975191 46.205974720418453 121.01475407555699 617.05037404969335 1579.9475617483258 447.04679144173861 266.98153338208795 1067.5263976752758 1964.0155989937484
leaf_count=16466 5876 16068 27274 12890 15088 1998 422 1140 5756 14268 3939 2163 10060 17081
internal_value=-1.49531e-05 -0.00267083 -0.00445773 -0.0016079 0.00299563 0.00468728 0.0148105 0.00425982 0.00321513 -0.00102186 0.0036325 0.026101 -0.00622059 0.00660265
internal_weight=14909.5 7921.99 6198.27 4095.55 6987.51 5313.31 663.075 349.887 4650.24 2069.17 1918.31 313.188 2177.23 2581.07
internal_count=150489 86697 70231 42957 63792 48704 5723 3138 42981 20144 16829 2585 26128 22837
is_linear=0
shrinkage=0.035


Tree=43
num_leaves=15
num_cat=0
split_feature=14 10 33 10 3 28 34 21 3 34 2 21 28 21
split_gain=92.3292 103.924 71.77 79.6717 70.1388 62.4379 60.7127 51.6111 49.835 48.4075 48.1009 36.6793 35.9333 33.42
threshold=0.26377183198928839 0.31461882591247564 -0.067435648233345621 0.72768214344978344 0.32306490838527685 0.25487037066205259 -0.031273858577813334 -0.057806674391031258 -0.14371711015701291 -0.01694045508671815 0.5978008806705476 0.037735188379883773 0.65129667254060231 -0.028989550657570359
decision_type=2 2 2 2 2 2 2 2 2 2 2 2 2 2
left_child=13 4 3 8 6 -6 -2 12 -3 -9 -5 -8 -4 -1
right_child=1 2 7 10 5 -7 11 9 -10 -11 -12 -13 -14 -15
leaf_value=-0.0025782513902442312 0.00086589745584763646 0.0032021673371466848 0.0060976783972283548 -0.0075452308768618409 0.004362246771032416 0.063753115858643045 -0.015889438125248481 0.00032500070477581506 0.010550401085654821 -0.0083487492341436757 0.0083017994768150808 -0.0040552232021926473 -0.0044636184856385579 -0.012703001721777483
leaf_weight=765.88411409407854 727.87403458356857 2130.2667836733162 1650.7854467853904 833.32508375868201 78.981832146644592 20.792938701808453 879.65791875496507 1840.6064799502492 2429.1981986872852 1367.5765741951764 315.83677472174168 515.42929567024112 509.62788799405098 839.21141473948956
leaf_count=7174 7674 19795 13560 7522 645 120 11666 19829 20406 16533 2697 6026 7020 9822
internal_value=-1.52023e-05 0.000943746 0.00233042 0.0050589 -0.00594637 0.0214194 -0.00732689 -0.000574886 0.00713169 -0.00338688 -0.00315577 -0.0115771 0.00359725 -0.00791777
internal_weight=14905.1 13300 11077.2 5708.63 2222.74 99.7748 2122.96 5368.6 4559.46 3208.18 1149.16 1395.09 2160.41 1605.1
internal_count=150489 133493 107362 50420 26131 765 25366 56942 40201 36362 10219 17692 20580 16996
is_linear=0
shrinkage=0.035


Tree=44
num_leaves=15
num_cat=0
split_feature=22 8 33 3 10 17 27 28 14 2 15 17 6 3
split_gain=92.183 77.2894 75.3097 50.0159 61.615 44.3077 42.5449 39.7743 42.5835 39.5741 40.4045 40.95 37.4877 57.855
threshold=0.35781356692314154 -0.22132705897092816 -0.067435648233345621 0.3669171035289765 0.2872681468725205 0.026503909379243854 6.3839191697188777 -0.20349242140922372 0.36997146904468542 0.02094739489257336 24.238675117492679 0.056238353252410896 -0.30910861492156977 -0.43731269240379328
decision_type=2 2 2 2 2 10 2 2 2 2 2 8 2 2
left_child=2 -2 9 7 -5 -3 -7 -4 -9 12 11 -11 13 -1
right_child=1 5 3 4 -6 6 -8 8 -10 10 -12 -13 -14 -15
leaf_value=-0.001472002203684458 -0.0083841147825061985 -0.010869720065289001 0.0010407907172196515 0.051282413796075871 0.0043612364060642266 0.00029533651713664069 0.013930427964835384 -0.015266833571372486 -0.0033759350296411832 0.011567572706313234 0.024139795882860873 -0.00019074109507829934 0.0010762053105181873 0.023670476203125443
leaf_weight=207.75739676505327 2446.8461796864867 322.98914252221584 2027.4014631919563 25.728985644876957 953.02004131674767 1377.2111857719719 342.11830492317677 443.66154314950109 2029.4992167018354 968.45072353631258 187.93216362595558 576.15706163644791 2760.7713538557291 230.75286597758532
leaf_count=1613 31583 4059 17523 159 7894 15604 2793 5957 25568 7250 1336 4413 23054 1683
internal_value=-1.45491e-05 -0.00420147 0.00179311 -0.00103081 0.00610087 0.000826068 0.00307336 -0.00259185 -0.00556194 0.00492625 0.00917313 0.00720857 0.00260498 0.0119912
internal_weight=14900.3 4489.16 10411.1 5479.31 978.749 2042.32 1719.33 4500.56 2473.16 4931.82 1732.54 1544.61 3199.28 438.51
internal_count=150489 54039 96450 57101 8053 22456 18397 49048 31525 39349 12999 11663 26350 3296
is_linear=0
shrinkage=0.035


Tree=45
num_leaves=15
num_cat=0
split_feature=22 8 2 28 17 6 19 28 17 25 10 11 17 14
split_gain=87.2371 84.3999 77.514 82.6224 62.0293 57.0194 42.2166 40.515 39.9274 39.6115 37.1336 36.2475 33.1498 31.2085
threshold=0.32758933305740362 -0.18844459205865857 0.3106446266174317 -0.54304400321254487 0.053833562880754478 -0.30910861492156977 -0.079548336565494523 -0.40673658347942782 0.05172980576753617 4.2150000000000007 0.7727927863597871 0.49995495378971105 0.025545100681483749 0.19365141540765765
decision_type=2 2 2 2 10 2 2 2 8 2 2 2 10 2
left_child=2 7 3 4 6 -5 -1 13 -4 12 -7 -9 -3 -2
right_child=1 9 8 5 -6 10 -8 11 -10 -11 -12 -13 -14 -15
leaf_value=0.016689311074263295 -0.016736030616191919 -0.011769054695950732 0.021705461501553305 0.0080910832440515071 -0.003604711148331473 -0.0014775495784329945 0.005457147372610778 -0.013795203675617596 0.006578146419530537 -0.00011894335594041838 -0.010612171325220106 0.0040112568373002009 0.015570131555849303 -0.0026920449606285877
leaf_weight=660.91472695022821 202.08230715617537 56.091011874377728 301.68581955507398 680.33735661581159 555.04278420656919 4223.459822524339 1094.7395426034927 1094.8691093288362 728.09794792532921 1813.5283795334399 616.85271221026778 155.87781217694283 362.19916672259569 2348.9462266378105
leaf_count=5232 2500 520 2109 6111 4496 42197 8811 15148 5622 19940 5813 1850 2844 27296
internal_value=-1.26187e-05 -0.00325565 0.00219676 0.00100329 0.00654502 -0.00132387 0.00975606 -0.00642124 0.011176 0.00214133 -0.00266115 -0.0115618 0.0117149 -0.00386556
internal_weight=14894.7 6033.59 8861.13 7831.35 2310.7 5520.65 1755.65 3801.78 1029.78 2231.82 4840.31 1250.75 418.29 2551.03
internal_count=150489 70098 80391 72660 18539 54121 14043 46794 7731 23304 48010 16998 3364 29796
is_linear=0
shrinkage=0.035


Tree=46
num_leaves=15
num_cat=0
split_feature=6 32 30 10 5 25 9 11 10 15 11 10 21 26
split_gain=81.323 73.2818 78.6384 62.3826 55.9512 55.8854 52.0426 47.3048 37.3417 36.1248 33.2686 34.6601 31.1533 27.3382
threshold=0.21162544935941699 0.01892619387526873 -0.14999999999999988 0.72768214344978344 -0.23724621534347531 4.2150000000000007 1.3103434443473818 0.52083775401115429 0.27674399316310888 21.635174751281742 0.20034358650445941 0.62790167331695568 -0.012050007469952105 -0.93500000000000039
decision_type=2 2 2 2 2 2 2 2 2 2 2 2 2 2
left_child=1 4 8 7 -1 9 10 -4 -3 -2 -7 -12 -5 -6
right_child=5 2 3 12 13 6 -8 -9 -10 -11 11 -13 -14 -15
leaf_value=0.013326896688358141 0.035121780262035232 -0.025405647879251932 0.0025813225659779915 -0.0013502642456635471 -0.010695189054957244 -0.011522216485306599 -0.014145013360969225 0.029271664408638653 -0.0054930936839826675 0.011317398979477818 0.014085063185594398 0.0024169486186341998 -0.012744517449510375 -0.0036777532256220269
leaf_weight=164.61052976548672 90.223069183528423 118.67841715365648 7101.1012073010206 808.63602998107672 1349.3637142889202 124.18401087075472 183.52724560722709 72.406575847417116 1247.6678545624018 454.4835367873311 492.66540687903762 835.54421136528254 454.31158428639174 1393.0355057530105
leaf_count=1404 649 1880 64467 6509 18617 1248 1896 588 17992 3373 4415 7692 4856 14903
internal_value=-1.25467e-05 -0.00108523 0.000363584 0.00162736 -0.0059553 0.00621599 0.00294071 0.0028911 -0.00739468 0.0158223 0.00518165 0.00681785 -0.00551696 -0.00715691
internal_weight=14890.4 12709.8 9802.8 8436.46 2907.01 2180.63 1635.92 7173.51 1366.35 544.707 1452.39 1328.21 1262.95 2742.4
internal_count=150489 131216 96292 76420 34924 19273 15251 65055 19872 4022 13355 12107 11365 33520
is_linear=0
shrinkage=0.035


Tree=47
num_leaves=15
num_cat=0
split_feature=3 25 25 2 32 10 17 3 21 19 20 10 24 10
split_gain=82.3376 63.5761 59.4245 52.6114 48.1193 49.152 41.7475 39.8494 39.659 33.2808 32.2861 30.3107 49.6157 34.3033
threshold=-0.043394366279244416 4.2150000000000007 1.4450000000000001 -0.32889057695865626 0.018885187133953932 0.68442484736442577 0.024520721286535267 1.973869323730469 -0.017531219869852063 0.31584219634532934 -0.13083248585462567 0.35632327198982244 0.02837362885475159 0.8854413926601411
decision_type=2 2 2 2 2 2 10 2 2 2 2 2 2 2
left_child=1 2 10 -3 6 -6 -2 9 -5 -7 -1 12 -4 -13
right_child=4 3 11 8 5 7 -8 -9 -10 -11 -12 13 -14 -15
leaf_value=0.0077397154868825762 -0.020320620604019114 0.0041096475872258367 0.0055261828263726172 -0.0029725697994985503 0.0065475914620700595 -0.0068723455491771354 -0.00067750012624491647 0.014560231846571878 -0.010650590497426579 0.0045780587350298454 -0.0084815976583402976 0.0065768431457228606 -0.014047437673628057 -0.010168818117569114
leaf_weight=169.41113464161754 134.64841089397669 575.85624888539314 342.26552110910416 1481.7159398458898 3756.8217384926975 889.76490416750312 1593.2138013988733 170.74976791441441 1876.7438891455531 466.67471557483077 971.12643608078361 2024.5413942635059 279.57620749622583 152.9576109573245
leaf_count=1824 1717 5431 3253 14661 32335 7929 16469 1369 27484 3973 13827 16234 2692 1291
internal_value=-1.22975e-05 -0.00246719 0.0006759 -0.00560845 0.00274408 0.00440009 -0.00231636 -0.000890906 -0.00728201 -0.00292823 -0.00602582 0.00341812 -0.00335704 0.00535944
internal_weight=14886.1 7874.19 3939.88 3934.32 7011.87 5284.01 1727.86 1527.19 3358.46 1356.44 1140.54 2799.34 621.842 2177.5
internal_count=150489 86697 39121 47576 63792 45606 18186 13271 42145 11902 15651 23470 5945 17525
is_linear=0
shrinkage=0.035


Tree=48
num_leaves=15
num_cat=0
split_feature=14 17 34 16 3 22 25 24 3 22 3 8 6 16
split_gain=81.1364 75.438 83.4346 74.9532 62.3437 51.0615 49.142 47.9462 42.3495 36.5638 35.4635 35.3343 29.0856 28.6602
threshold=0.3292378187179566 0.026503909379243854 -0.026535316142143547 1.51411509513855 0.16737139225006106 0.30788511037826544 4.2150000000000007 0.03199290111660958 -0.48949448764324183 0.32758933305740362 0.55814805626869213 -0.20500729233026502 -0.24991427361965177 0.76367083191871654
decision_type=2 10 2 2 2 2 2 2 2 2 2 2 2 2
left_child=5 2 4 8 7 -1 11 -2 -3 -10 12 -5 -4 -6
right_child=1 3 10 6 13 -7 -8 -9 9 -11 -12 -13 -14 -15
leaf_value=-0.0015347956994828371 -0.0051634847517055826 -0.0055033800516469233 0.013314744153065364 -0.0010818683775117141 -0.00061623669507745418 -0.012080193540528182 -0.0062823907678549208 0.022792157066147886 0.0064636752201814654 0.0014113741680497147 0.021091626012380949 0.012117711635960884 -0.014479895415137452 0.041833595033904207
leaf_weight=1318.3296805918217 438.42870081588626 540.69888262450695 40.929968699812889 808.71797377243638 26.575486160814762 975.48915237933397 1778.9816212803125 80.289452202618122 4671.2991428114474 2817.767800077796 29.662303224205971 347.68759496882558 946.53569744154811 60.167053893208504
leaf_count=12116 4771 5284 429 7822 224 12164 19836 800 40478 31146 200 2902 11862 455
internal_value=-1.31613e-05 0.00109128 -0.00592962 0.00213466 0.00431423 -0.00605239 -0.00264497 -0.000487147 0.00388304 0.00456716 -0.0120101 0.00295661 -0.0132059 0.0301088
internal_weight=14881.6 12587.7 1622.59 10965.2 605.461 2293.82 2935.39 518.718 8029.77 7489.07 1017.13 1156.41 987.466 86.7425
internal_count=150489 126209 18741 107468 6250 24280 30560 5571 76908 71624 12491 10724 12291 679
is_linear=0
shrinkage=0.035


Tree=49
num_leaves=15
num_cat=0
split_feature=14 3 0 27 26 17 2 23 22 32 22 26 16 28
split_gain=76.5223 72.0194 56.9707 50.9479 56.0895 38.3366 44.2416 46.5179 37.6353 35.5471 34.1221 28.1965 27.4853 25.0768
threshold=0.26377183198928839 -0.029542427510023114 -0.16461800038814542 6.3839191697188777 1.1600000000000004 0.075637396425008788 0.34850595891475683 0.26067323982715612 0.36707998812198644 0.018885187133953932 0.30788511037826544 1.0000000180025095e-35 0.86114004254341137 0.65129667254060231
decision_type=2 2 2 2 2 8 2 2 2 2 2 2 2 2
left_child=10 2 12 8 -5 6 9 -8 -4 -3 -1 -7 -2 -13
right_child=1 5 3 4 -6 11 7 -9 -10 -11 -12 13 -14 -15
leaf_value=-0.0028023045955637479 0.001483029038465446 -0.0026308839621900352 -0.0026944820003232139 0.0033782347696583886 -0.0069041367493176417 -0.0065515418502623641 0.0089145237583789713 0.038014160833855337 -0.010443674545531037 0.0049191877080428563 -0.013219722186029521 0.017561524693588727 0.016360672851408836 -0.014096426715766839
leaf_weight=906.71245397254825 315.78016693145037 1007.050352320075 2170.7997741736472 2441.2417477145791 874.40791117027402 651.59347528219223 1072.5128646194935 63.325865782797337 1186.7005934715271 3085.681404646486 668.84143508598208 113.0282736569643 287.49134496226907 32.513462565839291
leaf_count=8446 3043 10850 23312 20519 12216 5967 8814 406 18003 26425 8550 787 2782 369
internal_value=-1.17654e-05 0.000853946 -0.00148893 -0.0024239 0.000653946 0.0036809 0.00477039 0.0108545 -0.0054563 0.00305955 -0.00728011 -0.00343583 0.00872419 0.0100377
internal_weight=14877.7 13302.1 7276.42 6673.15 3315.65 6025.71 5228.57 1135.84 3357.5 4092.73 1575.55 797.135 603.272 145.542
internal_count=150489 133493 79875 74050 32735 53618 46495 9220 41315 37275 16996 7123 5825 1156
is_linear=0
shrinkage=0.035


Tree=50
num_leaves=15
num_cat=0
split_feature=3 10 10 11 32 10 25 10 15 30 27 25 15 6
split_gain=72.323 70.721 59.6706 57.9422 58.074 57.1322 38.279 34.2519 46.0472 39.7122 33.9868 32.8451 32.2026 38.8932
threshold=0.14285984635353091 0.31461882591247564 0.72768214344978344 0.52083775401115429 0.019536802125425305 0.20557863265275958 2.4450000000000007 0.9272749423980714 23.69984340667725 -0.14999999999999988 3.0989921885260623 4.4500000000000011 21.401054382324222 0.43916523456573492
decision_type=2 2 2 2 2 2 2 2 2 2 2 2 2 2
left_child=1 6 3 4 -3 -2 -1 8 11 -10 -5 -7 -4 -14
right_child=5 2 12 10 -6 7 -8 -9 9 -11 -12 -13 13 -15
leaf_value=-0.019767934249127227 0.037728292126101293 -0.005385225347246253 0.0010978595289959578 -0.010037989908156448 0.0024296364335143661 0.009127642957551408 -0.0055827448498943482 -0.0038852478129004554 -0.017456046489761033 0.015217361349366848 0.035505348105416529 0.00065264946001264358 -0.011947693754244723 0.0095555917619102922
leaf_weight=264.47001472488046 49.931566059589386 1472.6664539091289 484.73510231822729 20.915374428033829 5426.5626303888857 736.29443083703518 1668.9371661357582 679.73811623826623 40.951231516897678 616.07475116848946 81.248057387769222 2253.3828750811517 969.17290238291025 107.69593976438046
leaf_count=3453 354 18118 5094 172 53305 5775 20709 6066 396 4912 751 19836 10410 1138
internal_value=-1.12733e-05 -0.00158722 -0.000218968 0.00116294 0.000756145 0.00376352 -0.00761486 0.00328544 0.00462901 0.0129497 0.0261178 0.00276333 -0.00638269 -0.00972905
internal_weight=14872.8 10496.4 8563 7001.39 6899.23 4376.37 1933.41 4326.44 3646.7 657.026 102.163 2989.68 1561.6 1076.87
internal_count=150489 113150 88988 72346 71423 37339 24162 36985 30919 5308 923 25611 16642 11548
is_linear=0
shrinkage=0.035


Tree=51
num_leaves=15
num_cat=0
split_feature=14 10 16 34 33 19 26 11 28 15 29 34 25 8
split_gain=71.5621 76.2491 62.1033 54.1959 47.525 46.9983 45.9982 37.2336 35.4263 34.8173 41.1321 31.122 29.425 28.412
threshold=0.3292378187179566 0.31461882591247564 1.9508073925971987 -0.031273858577813334 -0.067435648233345621 0.36062066256999975 -0.83499999999999985 0.34475235641002661 1.0000000180025095e-35 21.575054168701175 3.5500000000000003 -0.034402338185120167 4.9450000000000012 -0.33445568382740015
decision_type=2 2 2 2 2 2 2 2 2 2 2 2 2 2
left_child=7 3 4 9 6 13 -3 -1 -6 -2 -11 12 -9 -5
right_child=1 2 -4 5 8 -7 -8 11 -10 10 -12 -13 -14 -15
leaf_value=-0.011624389117983013 -0.0035774409099319868 0.0020639117250598337 -0.004192806107758594 -0.018278295881702003 0.0032470902147276044 0.036549379137730195 0.0091026001788142297 -0.01415043176352189 -0.0032450841946795356 -0.0049862997737601606 0.021199397751384033 -0.0057721133510544587 0.0090173970328581102 -0.0067870295892112726
leaf_weight=821.00721244886518 449.28638599812984 2119.6584304571152 1550.2193180695176 358.68744226172566 2659.4131295830011 17.597615383565426 2462.9931175932288 71.580465584993362 1666.487751096487 111.57530887797475 188.44602508842945 994.33973767235875 385.92687045782804 1012.0805735699832
leaf_count=9498 4820 20252 16171 4909 24369 103 18903 988 20924 1278 1679 10641 3153 12801
internal_value=-1.06821e-05 0.00102189 0.00225355 -0.00498658 0.00337875 -0.00905857 0.00585851 -0.00571271 0.000744362 0.00257821 0.0116144 -0.00231305 0.00516747 -0.00990454
internal_weight=14869.3 12596.4 10458.8 2137.67 8908.55 1388.37 4582.65 2272.85 4325.9 749.308 300.021 1451.85 457.507 1370.77
internal_count=150489 126209 100619 25590 84448 17813 39155 24280 45293 7777 2957 14782 4141 17710
is_linear=0
shrinkage=0.035


Tree=52
num_leaves=15
num_cat=0
split_feature=14 10 10 33 3 28 34 24 28 17 3 24 15 25
split_gain=67.8356 75.0604 56.395 54.3618 53.8521 51.1775 47.4369 37.5819 36.7774 32.8231 31.1481 35.8868 29.5477 28.3943
threshold=0.26377183198928839 0.31461882591247564 0.75003939867019664 -0.067435648233345621 0.32306490838527685 0.25487037066205259 -0.031273858577813334 0.030043962411582473 -1.1401333311752746 0.022139697335660461 1.973869323730469 0.028936692513525489 24.037861824035648 4.9450000000000012
decision_type=2 2 2 2 2 2 2 2 2 10 2 2 2 2
left_child=-1 4 3 8 6 13 12 -5 -3 -8 -4 -12 -2 -6
right_child=1 2 10 7 5 -7 9 -9 -10 -11 11 -13 -14 -15
leaf_value=-0.0068946846384962427 -0.0013731116997667946 0.0016949935107435316 -0.0045749119794826652 -0.0033884856947186516 -0.020378622786114159 0.055376454055530905 -0.018315999293708675 0.0031806058381970508 0.0080904765319292672 -0.0064646679442980559 0.041348974653556601 0.002727265829625266 0.023329762341059383 0.017711048774881485
leaf_weight=1558.7582028098404 673.12253662571311 1750.5417681448162 1895.4340799227357 1885.129496306181 29.569592818617821 22.703082866966724 419.99587032943964 2431.1132986843586 2990.2714750766754 917.22842925414443 26.682641357183456 158.53285569697618 54.96695351600647 51.207343809306622
leaf_count=16996 7187 18746 18425 22555 224 120 5723 23828 22307 11969 221 1280 487 421
internal_value=-1.07726e-05 0.000800199 0.0019609 0.00315431 -0.00514216 0.0184055 -0.00640499 0.000310339 0.00573749 -0.0102953 -0.00322425 0.0101243 0.000782642 0.00305884
internal_weight=14865.3 13306.5 11137.7 9057.06 2168.79 103.48 2065.31 4316.24 4740.81 1337.22 2080.65 185.215 728.089 80.7769
internal_count=150489 133493 107362 87436 26131 765 25366 46383 41053 17692 19926 1501 7674 645
is_linear=0
shrinkage=0.035


Tree=53
num_leaves=15
num_cat=0
split_feature=6 22 32 16 24 22 14 31 11 9 5 20 15 3
split_gain=68.3021 73.1246 59.4882 67.7547 48.7206 43.9405 42.4496 42.8392 38.2158 35.3169 33.0668 31.7121 25.1366 24.9792
threshold=0.23988238722085956 0.35781356692314154 0.042560839849552619 1.4597733616828921 0.028544961474835876 0.19535173475742343 0.39075770974159246 0.016106220356944537 0.24612551182508471 1.3103434443473818 -0.23724621534347531 -0.13083248585462567 23.095277786254886 -0.082374900579452501
decision_type=2 2 2 2 2 2 2 2 2 2 2 2 2 2
left_child=1 2 3 4 -1 -2 -3 13 -4 -7 -5 -10 -9 -8
right_child=5 6 8 10 -6 9 7 12 11 -11 -12 -13 -14 -15
leaf_value=0.010641144441918446 0.019460770124210085 -0.01282072665243426 -0.017902791306863747 0.023028928526014365 0.002212907125800342 0.0058272211374078538 -0.0097209253961420255 0.0067863238637451669 0.008973475588504403 -0.0098515292853560647 -0.0054261214811589763 -0.0055177692651910129 -0.0098869380139404699 -0.0020540457550575824
leaf_weight=991.74658335745335 252.05264002084732 707.28824725374579 247.01644310355186 41.968181625008583 5268.829888433218 1490.4858468435705 1020.9216610081494 620.69525806605816 213.09716638177633 190.21112868562341 1537.2825942449272 1088.7548634633422 125.15529005229473 1065.3439972661436
leaf_count=7454 1697 9667 3515 323 45502 13189 15616 5857 2224 1977 14526 14812 1148 12982
internal_value=-8.8316e-06 -0.000927675 0.000689488 0.001929 0.00356288 0.00611042 -0.00520725 -0.00326746 -0.00555661 0.00400502 -0.00452979 -0.00309541 0.00389473 -0.00583434
internal_weight=14860.8 12928.1 9388.7 7839.83 6260.58 1932.75 3539.4 2832.12 1548.87 1680.7 1579.25 1301.85 745.851 2086.27
internal_count=150489 133626 88356 67805 52956 16863 45270 35603 20551 15166 14849 17036 7005 28598
is_linear=0
shrinkage=0.035


Tree=54
num_leaves=15
num_cat=0
split_feature=3 2 28 25 15 10 21 32 8 17 28 3 21 15
split_gain=63.4126 50.7814 63.8909 56.5978 61.2861 51.8618 43.5183 37.7812 39.7805 36.8352 31.9224 48.8868 27.4959 30.4859
threshold=-0.043394366279244416 -0.30901987850666041 -0.40673658347942782 3.9399999999999999 22.554120063781742 0.43923932313919073 -0.057806674391031258 0.018885187133953932 -0.31995129585266108 0.024520721286535267 -1.1401333311752746 0.41675773262977606 -0.012050007469952105 22.315479278564457
decision_type=2 2 2 2 2 2 2 2 2 10 2 2 2 2
left_child=1 -1 3 4 -3 -4 -7 9 12 -2 -10 -12 13 -9
right_child=7 2 5 -5 -6 6 -8 8 10 -11 11 -13 -14 -15
leaf_value=0.0036298158852291831 -0.019408743762448721 0.0095848620646434984 -0.012872648658345327 -0.0036598531745384811 -0.0089462802651261684 0.0024047746347390583 -0.0099228005538251098 0.007026613952353363 0.0022680754026796618 -0.00059602283389263201 0.0052230243345463027 0.017156998494649193 -0.0076917619711658908 -0.0054878124425633982
leaf_weight=1483.6071959845722 128.6924291588366 971.93582189828157 1240.4669991508126 2432.9270044714212 272.67844371497631 787.85924907401204 617.98379746824503 624.28403249382973 1776.8069184310734 1588.700797598809 1479.1774541139603 586.20712695270777 491.77137905359268 373.00216851010919
leaf_count=13813 1717 8058 17200 28253 2330 8215 8828 5219 16250 16469 12008 3897 5112 3120
internal_value=-9.10704e-06 -0.0021805 -0.0035472 -0.000558083 0.00548599 -0.00768341 -0.00304602 0.00239572 0.0038484 -0.00210995 0.00572654 0.00867653 -0.00100362 0.00233799
internal_weight=14856.1 7807.46 6323.85 3677.54 1244.61 2646.31 1405.84 7048.64 5331.25 1717.39 3842.19 2065.38 1489.06 997.286
internal_count=150489 86697 72884 38641 10388 34243 17043 63792 45606 18186 32155 15905 13451 8339
is_linear=0
shrinkage=0.035


Tree=55
num_leaves=15
num_cat=0
split_feature=14 17 34 16 3 25 22 24 25 15 3 16 22 6
split_gain=62.7499 60.6954 69.4605 54.2042 46.0757 42.2765 55.1918 41.3501 40.2611 33.6476 33.2338 30.6152 29.9984 23.9981
threshold=0.26377183198928839 0.025545100681483749 -0.026535316142143547 1.4597733616828921 0.16737139225006106 0.55000000000000016 0.20845080167055133 0.03199290111660958 4.2150000000000007 21.763741493225101 0.55814805626869213 0.76367083191871654 0.30788511037826544 -0.24991427361965177
decision_type=2 10 2 2 2 2 2 2 2 2 2 2 2 2
left_child=12 2 4 5 7 -3 -7 -2 9 -5 13 -6 -1 -4
right_child=1 3 10 8 11 6 -8 -9 -10 -11 -12 -13 -14 -15
leaf_value=-0.0024682997803287593 -0.0052242357813245075 -0.0067987218161749321 0.012561479658082202 0.0091929773891149431 -0.0056389860744486273 0.0078214834260431458 0.0016542800343799047 0.021766227285998554 -0.0054429702478769387 -0.0022283894100982751 0.02082112753511136 0.039328544627283184 -0.012334944105735624 -0.014573716521855297
leaf_weight=899.28518905863166 395.05950557813048 495.74949389323592 34.589254021644592 530.13248709216714 22.775811091065407 2613.2386191263795 5537.8436844870448 73.950180314481258 1943.4329623542726 754.1922004185617 27.685643568634987 54.986320838332176 648.75363133102655 819.70451091229916
leaf_count=8446 4348 7032 361 4994 194 19624 56015 722 21975 6895 179 395 8550 10759
internal_value=-9.96941e-06 0.000767795 -0.00602256 0.00158919 0.00373968 0.00303308 0.00363865 -0.00060301 -0.00227626 0.00252063 -0.0120486 0.0270162 -0.00665585 -0.0133424
internal_weight=14851.4 13303.3 1428.75 11874.6 546.772 8646.83 8151.08 469.01 3227.76 1284.32 881.979 77.7621 1548.04 854.294
internal_count=150489 133493 16958 116535 5659 82671 75639 5070 33864 11889 11299 589 16996 11120
is_linear=0
shrinkage=0.035


Tree=56
num_leaves=15
num_cat=0
split_feature=6 14 0 19 10 26 16 17 17 23 30 23 23 31
split_gain=61.4882 52.9469 58.4157 45.9775 43.888 41.037 37.9534 36.2276 49.1304 33.9145 37.6297 27.4752 24.649 23.3266
threshold=0.23988238722085956 0.34960705041885382 -0.053470052778720849 -0.15970890223979947 1.1250154972076418 -0.94500000000000017 2.6452856063842778 0.058875760063529022 0.026503909379243854 0.089377358555793776 -0.24999999999999975 0.2161265313625336 0.13294924795627597 0.0024204354616306216
decision_type=2 2 2 2 2 2 2 8 10 2 2 2 2 2
left_child=1 3 9 -1 5 13 11 8 -4 -3 -11 -7 -5 -2
right_child=4 2 7 12 -6 6 -8 -9 -10 10 -12 -13 -14 -15
leaf_value=0.0036753524050365319 -0.002124833347158895 -0.0071240746102676691 -0.0070193286870105917 -0.01411873674874183 -0.0071333117379458839 0.012576168917862828 -0.011714802780971523 -0.0072085756689914213 0.0010396518327266406 -0.0063368348526114983 0.0061051808011788541 0.031745708935030113 -0.0053517191593043748 0.0095206476641026116
leaf_weight=496.94032051041722 522.16510751470923 308.78640255704522 1143.7260465249419 589.09404475241899 269.483094740659 644.90650666505098 60.449781361967325 1197.0241897031665 4699.8848129324615 323.13036185130477 2936.4699637144804 105.48334417492151 1209.5099463015795 340.08702666312456
leaf_count=5214 4930 4120 13664 8078 2503 4966 572 12428 47734 4775 25975 704 11638 3188
internal_value=-8.88891e-06 -0.000884097 0.000160468 -0.00569139 0.00577989 0.00788983 0.0134947 -0.00168817 -0.000546969 0.00380246 0.00485617 0.0156529 -0.00828535 0.00252484
internal_weight=14847.1 12904.6 10609 2295.54 1942.57 1673.09 810.84 7040.64 5843.61 3568.39 3259.6 750.39 1798.6 862.252
internal_count=150489 133626 108696 24930 16863 14360 6242 73826 61398 34870 30750 5670 19716 8118
is_linear=0
shrinkage=0.035


Tree=57
num_leaves=15
num_cat=0
split_feature=6 22 25 16 26 11 14 26 14 31 11 3 5 5
split_gain=57.5966 61.8681 54.3133 55.185 41.7516 39.3653 36.9065 36.6443 31.9811 28.8512 33.9655 32.6397 28.7702 26.1152
threshold=0.21162544935941699 0.35781356692314154 1.4450000000000001 1.4111411571502688 -0.83499999999999985 0.20591101050376895 0.21788822114467624 -0.83499999999999985 0.52985966205596935 1.0000000180025095e-35 0.48313251137733465 1.306795656681061 -0.060487164184451096 -0.23724621534347531
decision_type=2 2 2 2 2 2 2 2 2 2 2 2 2 2
left_child=1 2 5 6 9 -1 -4 -3 -9 -2 11 -11 -12 -5
right_child=4 7 3 13 -6 -7 -8 8 -10 10 12 -13 -14 -15
leaf_value=-0.024233546254675536 -0.0074754890099412424 -0.0076637484126558589 -0.0049500306685037743 0.019353044568470531 0.011091193034878559 -0.0037580873148193718 0.004183720613079229 -0.0092560765706270146 0.0034210043213962907 0.0049433346610452903 0.016866004551047833 0.027005448951542024 -0.013596198125603242 -0.004726819852502011
leaf_weight=116.06791859865189 334.97618460282683 2178.7674804888666 592.74727420881391 47.414798147976398 873.69903919845819 1401.5892477370799 5490.4103604070842 326.06000601872802 877.73124369978905 703.57311271131039 38.443941876292229 84.338299266993999 179.87895601242781 1598.3172261789441
leaf_count=1787 3129 31378 5464 358 6734 18594 45859 3627 8997 6659 362 679 1710 15152
internal_value=-9.24832e-06 -0.000923348 0.000559338 0.00174928 0.00518354 -0.0054724 0.00328706 -0.00496611 -6.06898e-05 0.00128154 0.00424164 0.00761373 -0.00772842 -0.00392037
internal_weight=14844 12629.1 9246.55 7728.89 2214.91 1517.66 6083.16 3382.56 1203.79 1341.21 1006.23 787.911 218.323 1645.73
internal_count=150489 131216 87214 66833 19273 20381 51323 44002 12624 12539 9410 7338 2072 15510
is_linear=0
shrinkage=0.035


Tree=58
num_leaves=15
num_cat=0
split_feature=3 6 28 25 15 3 10 15 25 32 11 2 8 10
split_gain=55.7377 49.0789 57.7555 52.1578 53.3601 35.3345 34.574 50.3559 60.5002 51.6199 42.4177 40.5018 40.2678 31.2555
threshold=-0.043394366279244416 -0.26746816933155054 -0.20349242140922372 3.9399999999999999 22.554120063781742 -0.46061125397682184 0.75003939867019664 23.69984340667725 5.1000000000000005 0.018885187133953932 0.27425630390644079 0.1820340305566788 -0.20500729233026502 0.43923932313919073
decision_type=2 2 2 2 2 2 2 2 2 2 2 2 2 2
left_child=1 5 3 4 -3 -1 7 9 11 10 -2 -9 -10 -4
right_child=6 2 13 -5 -6 -7 -8 8 12 -11 -12 -13 -14 -15
leaf_value=-0.0024166420684190691 -0.011737718068266154 0.0072414488359077711 -0.012233906958721548 -0.0040282656015815325 -0.0078083208914305757 0.0089275998297037064 -0.0021659470321025499 -0.012213567117346375 0.0037333606849999212 0.0042671089466584161 0.0021634617711080184 0.012512634681539464 0.028740682795727182 -0.0038078738429529586
leaf_weight=590.48247918114066 503.15378151461482 1286.6893460005522 1060.031054764986 2602.66072710976 362.3270568177104 761.01144514232874 1661.3188828863204 145.90205602347851 114.99413842707872 3652.1226622499526 559.43887522444129 159.28346574306488 266.49168772622943 1113.9014881551266
leaf_count=5551 6159 10489 15136 31280 3066 6929 15088 1333 948 31091 5731 1257 2185 14246
internal_value=-9.25082e-06 -0.00205212 -0.00332714 -0.000948413 0.00390753 0.00398983 0.00223997 0.00359661 0.0123836 0.00229334 -0.00446702 0.000679162 0.0214905 -0.0079537
internal_weight=14839.8 7777.1 6425.61 4251.68 1649.02 1351.49 7062.71 5401.39 686.671 4714.72 1062.59 305.186 381.486 2173.93
internal_count=150489 86697 74217 44835 13555 12480 63792 48704 5723 42981 11890 2590 3133 29382
is_linear=0
shrinkage=0.035


Tree=59
num_leaves=15
num_cat=0
split_feature=6 32 10 30 17 21 10 7 26 17 15 2 8 12
split_gain=52.3945 48.5132 52.7872 51.6505 80.0151 43.0642 38.7988 36.4295 35.3329 33.999 30.0337 25.9878 32.0441 24.2569
threshold=0.23988238722085956 0.01892619387526873 0.68442484736442577 1.0000000180025095e-35 0.025545100681483749 -0.096735831350088106 1.1250154972076418 -0.36959137022495264 -0.94500000000000017 0.053833562880754478 22.722258567810062 -0.35164254903793329 -0.31995129585266108 1.5331189632415774
decision_type=2 2 2 2 8 2 2 2 2 8 2 2 2 2
left_child=1 5 3 4 -3 -1 8 -4 -2 -5 -9 -7 -13 -10
right_child=6 2 7 9 -6 11 -8 10 13 -11 -12 12 -14 -15
leaf_value=0.0077915465081751468 0.0022902139316534733 -0.013213101963879771 0.0038847328534808959 0.0059417731208025433 0.0007690469681578537 0.0043559918370583818 -0.006881812007869915 -0.0039902775450785287 0.01409197480910987 -0.0036391313753230347 -0.014967294546946102 -0.012080090600600439 -0.0038057453809090163 -0.008045109794786608
leaf_weight=290.51369339972734 866.04512481018901 563.34801744669676 408.81346098706126 3167.7478587925434 3987.0189655311406 250.27968468144536 267.67798575013876 858.49338613077998 764.34147984534502 522.39746874570847 473.45947580039501 1003.62021529302 1352.5844024270773 59.463147025555372
leaf_count=2240 8118 7400 3804 26010 43183 2437 2503 8510 5679 4332 4654 13604 17452 563
internal_value=-9.35721e-06 -0.000821481 0.000337049 0.00150805 -0.00098716 -0.0048005 0.0053105 -0.00518323 0.00727093 0.00457928 -0.00797465 -0.00622839 -0.00736634 0.0124168
internal_weight=14835.8 12878.3 9981.28 8240.51 4550.37 2897 1957.53 1740.77 1689.85 3690.15 1331.95 2606.48 2356.2 823.805
internal_count=150489 133626 97893 80925 50583 35733 16863 16968 14360 30342 13164 33493 31056 6242
is_linear=0
shrinkage=0.035


Tree=60
num_leaves=15
num_cat=0
split_feature=14 10 8 20 28 26 3 33 25 8 33 25 11 6
split_gain=53.7978 56.3631 48.0583 44.9664 45.7445 56.8651 39.3453 47.5672 35.0884 31.9257 27.5275 26.0244 25.7129 19.482
threshold=0.19365141540765765 0.31461882591247564 -0.33445568382740015 -0.083564002066850648 -0.10326313031254751 -0.83499999999999985 0.32306490838527685 -0.15352333137110288 2.8200000000000007 -0.22132705897092816 -0.22064376115222742 0.9900000000000001 0.30258381366729742 0.16709233075380328
decision_type=2 2 2 2 2 2 2 2 2 2 2 2 2 2
left_child=13 2 10 11 5 -5 8 -8 -4 -6 -2 -3 -13 -1
right_child=1 3 6 4 9 -7 7 -9 -10 -11 -12 12 -14 -15
leaf_value=-0.010149210467813695 0.01848250944942996 -0.0036614278801888026 -0.015825544547417341 -0.00039994754652584487 -0.0053051831098950538 0.005960634735688101 -0.018926361407823909 0.030968818522180131 -0.0010193776379653267 0.0022266209666265326 -0.015976162074793489 0.00091697361871483985 0.011917840095979151 0.0071236981476562947
leaf_weight=780.09045343101025 22.029612809419632 231.74290255829692 220.13785581663251 4249.3640224635601 2132.743342641741 2883.4427700862288 24.393900200724602 76.951897896826267 1336.0702915526927 1009.628280904144 474.67707132548094 359.58162235468626 949.48252189904451 81.93653516471386
leaf_count=8879 323 3340 2856 43279 25330 23342 204 507 16124 9834 6469 2551 6618 833
internal_value=-1.03002e-05 0.000515798 -0.00467765 0.00146581 0.000626719 0.00217607 -0.00178247 0.0183379 -0.0032015 -0.00288587 -0.0141133 0.00702133 0.00892592 -0.00844454
internal_weight=14832.3 13970.2 2154.26 11816 10275.2 7132.81 1657.55 101.346 1556.21 3142.37 496.707 1540.81 1309.06 862.027
internal_count=150489 140777 26483 114294 101785 66621 19691 711 18980 35164 6792 12509 9169 9712
is_linear=0
shrinkage=0.035


Tree=61
num_leaves=15
num_cat=0
split_feature=22 8 2 28 17 6 7 25 3 14 17 3 17 15
split_gain=52.1721 59.7718 49.2504 52.6937 46.3916 41.2658 36.4195 32.2382 32.1482 30.8407 35.5887 30.5813 29.4328 25.3221
threshold=0.32758933305740362 -0.22132705897092816 0.3106446266174317 -0.54304400321254487 0.053833562880754478 -0.30910861492156977 -0.095458686351776109 4.2150000000000007 -0.34311036765575403 0.58894345164299022 0.025545100681483749 -0.48949448764324183 0.05172980576753617 24.828165054321293
decision_type=2 2 2 2 10 2 2 2 2 2 10 2 10 2
left_child=2 -2 3 4 6 11 -1 9 -7 -3 -11 -5 -4 -14
right_child=1 7 12 5 -6 8 -8 -9 -10 10 -12 -13 13 -15
leaf_value=0.011126044878134796 -0.0057398330273353013 -0.0091590328730209985 0.017284612901503002 -0.0033750371139668299 -0.0037302951296413933 -0.0085885547160785055 0.00047440876436672394 -0.00060500507404750916 -0.0010159143733203507 -0.010868569256724293 0.016631365621837767 0.011926940519443291 0.0020431269248349288 0.020460974718769939
leaf_weight=1238.0569098368287 3245.8665152303874 88.19895377010107 327.82369163259864 237.37412896379828 555.82066700607538 821.55317841842771 575.44588261842728 2134.0637369900942 3965.1454106457531 60.502390742301941 381.22481502592564 458.57018615305424 641.18187288194895 97.258148930966854
leaf_count=9451 41621 702 2194 2157 4496 8885 4592 24252 39125 598 2925 3954 4833 704
internal_value=-1.03581e-05 -0.00255823 0.00167902 0.000715656 0.00506573 -0.00117003 0.00776729 0.00132527 -0.00233082 0.00896592 0.0127075 0.00673383 0.00870066 0.00470987
internal_weight=14828.1 5909.86 8918.23 7851.97 2369.32 5482.64 1813.5 2663.99 4786.7 529.926 441.727 695.944 1066.26 738.44
internal_count=150489 70098 80391 72660 18539 54121 14043 28477 48010 4225 3523 6111 7731 5537
is_linear=0
shrinkage=0.035


Tree=62
num_leaves=15
num_cat=0
split_feature=14 10 16 8 22 3 10 3 33 30 28 2 25 15
split_gain=51.1843 50.6392 48.0384 43.0851 41.8984 37.2482 37.021 33.8878 45.1154 37.0717 32.8429 29.9426 29.6772 32.059
threshold=0.36997146904468542 0.31461882591247564 1.3233204483985903 -0.33445568382740015 0.30788511037826544 -0.48949448764324183 0.7727927863597871 0.32306490838527685 -0.15352333137110288 -0.099999999999999853 -0.54304400321254487 0.1820340305566788 4.4500000000000011 21.965781211853031
decision_type=2 2 2 2 2 2 2 2 2 2 2 2 2 2
left_child=4 3 5 -2 10 -3 -7 9 -9 -5 -1 -6 13 -4
right_child=1 2 12 7 11 6 -8 8 -10 -11 -12 -13 -14 -15
leaf_value=0.0062572241024991069 -0.013394306329931639 -0.0057727128859554238 0.0077977444613019807 -0.016671592494365155 -0.013327180308536437 0.0053870681607403378 -0.0029712684307030318 -0.019275564105425805 0.029690691549692897 -0.00049301179871796212 -0.0042801084742613441 -0.00091587441135084001 -0.0044372619879821046 -0.0023184919357580212
leaf_weight=539.48842357099056 456.76364381238818 465.16828106343746 675.78447030112147 190.37486694380641 769.09356375411153 5512.3576202914119 729.18672611564398 23.611363999545574 76.611933916807175 1298.6189821884036 1054.242613170296 345.16611293703318 1823.63513116166 863.62764784693718
leaf_count=4166 6313 4477 6361 2761 10397 51243 6514 199 494 15357 10451 4122 19625 8009
internal_value=-9.67314e-06 0.000963382 0.00198375 -0.00404382 -0.00435072 0.00369377 0.00440739 -0.00128941 0.0174527 -0.00265894 -0.000696377 -0.00952485 -0.00142727 0.00214409
internal_weight=14823.7 12115.7 10069.8 2045.98 2707.99 6706.71 6241.54 1589.22 100.223 1488.99 1593.73 1114.26 3363.05 1539.41
internal_count=150489 121353 96229 25124 29136 62234 57757 18811 693 18118 14617 14519 33995 14370
is_linear=0
shrinkage=0.035


Tree=63
num_leaves=15
num_cat=0
split_feature=14 10 34 33 10 19 21 34 17 3 6 3 10 21
split_gain=48.5224 48.9716 44.2833 40.7393 47.7191 37.5803 37.1673 37.8434 33.0936 32.5125 30.8992 30.6891 55.3381 26.9687
threshold=0.19365141540765765 0.31461882591247564 -0.026535316142143547 -0.067435648233345621 0.72768214344978344 0.36062066256999975 -0.057806674391031258 -0.01694045508671815 0.020616716705262664 -0.14371711015701291 0.55724498629570018 0.12021172791719438 0.20557863265275958 -0.066447127610445009
decision_type=2 2 2 2 2 2 2 2 10 2 2 2 2 2
left_child=-1 2 11 4 9 8 13 -8 -4 -3 -6 -2 -13 -5
right_child=1 3 5 6 10 -7 7 -9 -10 -11 -12 12 -14 -15
leaf_value=-0.0080674517798707112 -0.0014428347401241718 0.0017892366460846923 -0.019141641674947984 0.0011937642162386476 -0.0052282920777996199 0.03183449124650542 3.3170108188392262e-05 -0.007518237747407658 -0.0059634434981342618 0.007500491303627275 0.0091417368082479591 0.051888645670878621 0.0040318966123765575 0.012663892706478367
leaf_weight=852.49780456349254 673.62938877940178 2266.5059294961393 303.98270649835467 2052.9071908071637 1043.3358699157834 18.348410651087761 1927.514719799161 1395.8343891166151 978.3545386902988 2657.6898798272014 212.45187944173813 28.88530457764864 132.37937039881945 276.57472895085812
leaf_count=9712 7780 20731 4364 19961 9494 99 21093 17618 12990 21568 1829 183 1067 2000
internal_value=-1.07313e-05 0.000486394 -0.00437937 0.00136752 0.00332935 -0.00839384 -0.000779355 -0.00315152 -0.00921133 0.00488067 -0.00274418 0.00190012 0.0151331 0.0026039
internal_weight=14820.9 13968.4 2135.58 11832.8 6179.98 1300.69 5652.83 3323.35 1282.34 4924.2 1255.79 834.894 161.265 2329.48
internal_count=150489 140777 26483 114294 53622 17453 60672 38711 17354 42299 11323 9030 1250 21961
is_linear=0
shrinkage=0.035


Tree=64
num_leaves=15
num_cat=0
split_feature=22 8 3 10 28 6 17 28 19 10 8 15 17 11
split_gain=46.8209 51.4895 40.7038 48.4827 41.0473 45.5126 44.4825 36.4058 30.7196 30.3432 29.7215 29.6871 28.0083 25.9433
threshold=0.35781356692314154 -0.2901491224765777 0.28465569019317633 0.20557863265275958 -0.54304400321254487 -0.30910861492156977 0.050767788663506515 1.0000000180025095e-35 -0.072910718619823442 0.2872681468725205 -0.16132222115993497 21.516384124755863 0.025545100681483749 0.2978870570659638
decision_type=2 2 2 2 2 2 10 2 2 2 2 2 10 2
left_child=2 -2 4 -4 6 -6 8 12 -1 -7 -9 -8 -3 -14
right_child=1 7 3 -5 5 9 11 10 -10 -11 -12 -13 13 -15
leaf_value=0.01138448776411276 -0.0077991383329420044 -0.0081486554702688181 0.048080566619381045 0.0048484225128829286 0.0066902936858658042 -0.01080234521814195 0.0052106822517595762 -0.020167128862256429 0.0027279157273218356 -0.0019030062264129648 -0.0011493318554500122 -0.0083995392908372303 0.0064298709680831708 -0.00184045326892229
leaf_weight=824.48992479220033 1697.2806222960353 294.29866122454405 22.418410204350948 2148.1082650460303 684.499726023525 520.10921198874712 302.77708856761456 171.55758220329881 1283.2496576309204 4166.4573946110904 228.84666871652007 521.77038639038801 1203.4888924658298 747.02795537561178
leaf_count=6841 23475 3931 113 15983 6021 6568 2581 2723 10735 42984 2891 4624 13116 7903
internal_value=-9.17966e-06 -0.00306069 0.0012577 0.0055134 0.000139947 -0.0016777 0.00346372 -2.38465e-06 0.0061519 -0.00291154 -0.00959057 -0.00339926 0.00174279 0.00326919
internal_weight=14816.4 4342.5 10473.9 2170.53 8303.35 5371.07 2932.29 2645.22 2107.74 4686.57 400.404 824.547 2244.82 1950.52
internal_count=150489 54039 96450 16096 80354 55573 24781 30564 17576 49552 5614 7205 24950 21019
is_linear=0
shrinkage=0.035


Tree=65
num_leaves=15
num_cat=0
split_feature=14 0 8 22 23 25 25 2 26 34 33 22 33 2
split_gain=46.1164 42.0344 52.0029 38.1833 32.6572 32.554 28.7827 28.5469 26.4848 28.4962 25.6385 25.1818 24.8723 24.0616
threshold=0.36997146904468542 -0.038555715233087533 -0.26008287072181696 0.30788511037826544 0.089377358555793776 0.55000000000000016 1.4450000000000001 0.1820340305566788 -0.73499999999999976 -0.01694045508671815 -0.16801730899034531 0.16933333873748782 -0.084824925210351662 0.053000804036855705
decision_type=2 2 2 2 2 2 2 2 2 2 2 2 2 2
left_child=3 4 10 6 -2 -6 -1 -5 9 -4 -3 -7 -12 -8
right_child=1 2 8 7 5 11 13 -9 -10 -11 12 -13 -14 -15
leaf_value=-0.01032553071625803 -0.0058286826129807425 -0.010897632067598759 0.0015853857871858707 -0.01287992760486752 -0.0062789313340656993 0.010666134262870766 -0.0012090705713584148 -0.00071665584399779967 0.0053210306063320402 -0.0073339630642663342 0.0029978585553310511 0.0038919937370298857 -0.0043340629346944612 0.00959659429880271
leaf_weight=295.85177941247821 388.03008223697543 515.49064307659864 2144.5229802317917 757.07802195474505 295.52305707708001 906.77566479146481 965.01090500503778 343.42395447567105 1719.0068394914269 541.01810970902443 748.55175633728504 2610.8722625225782 2250.1574187316 331.03053684905171
leaf_count=4162 5196 6751 21570 10397 4425 6364 7946 4122 15073 6038 6105 24931 24900 2509
internal_value=-8.79846e-06 0.000912369 -0.000589442 -0.00414351 0.00373777 0.00472396 -0.000664343 -0.00912488 0.00194237 -0.000232011 -0.00375922 0.00566351 -0.00249995 0.00160322
internal_weight=14812.3 12119.9 7918.75 2692.4 4201.2 3813.17 1591.89 1100.5 4404.55 2685.54 3514.2 3517.65 2998.71 1296.04
internal_count=150489 121353 80437 29136 40916 35720 14617 14519 42681 27608 37756 31295 31005 10455
is_linear=0
shrinkage=0.035


Tree=66
num_leaves=15
num_cat=0
split_feature=14 10 34 10 33 17 24 16 3 26 3 24 23 22
split_gain=43.8153 44.9918 47.708 44.0072 43.9424 42.1438 43.722 37.7666 34.0904 30.4675 29.729 28.0579 25.2655 22.5553
threshold=0.19365141540765765 0.35632327198982244 -0.026535316142143547 0.72768214344978344 -0.067435648233345621 0.022139697335660461 0.028159140609204773 1.3233204483985903 1.973869323730469 -1.1449999999999998 0.079492546617984786 0.029016118496656421 0.087982866913080229 0.20845080167055133
decision_type=2 2 2 2 2 10 2 2 2 2 2 2 2 2
left_child=-1 2 7 4 9 -4 -7 10 13 -3 -2 -10 -6 -5
right_child=1 3 5 8 12 6 -8 -9 11 -11 -12 -13 -14 -15
leaf_value=-0.0077078220321461543 0.0013709918692866438 -0.0031430311111946157 -0.016128138170118024 0.001321005192571381 -0.0071610469495555981 0.0041528706329866782 -0.0079544699486087805 -0.0088715265055855641 0.036160643464782899 0.0062629519425009697 0.014519391513806018 0.0042819697177382821 0.0011929496448332909 -0.006117209800255808
leaf_weight=843.55738453194499 678.9276967830956 467.78645913675427 423.6035759486258 728.09478886425495 500.0624783821404 550.48349026218057 1047.6533008776605 281.33194392547011 32.797789879143238 3832.401949763298 297.01644988358021 178.71328988671303 3387.5116146020591 1558.7379608228803
leaf_count=9712 7589 4620 6043 6137 7108 5776 13509 3233 273 31716 2295 1422 34593 16463
internal_value=-9.59245e-06 0.000460599 -0.00311979 0.00156112 0.0028012 -0.00643718 -0.00378417 0.00222339 -0.00249791 0.00523482 0.00547922 0.0106345 0.000102751 -0.00375355
internal_weight=14808.7 13965.1 3279.02 10686.1 8187.76 2021.74 1598.14 1257.28 2498.34 4300.19 975.944 211.511 3887.57 2286.83
internal_count=150489 140777 38445 102332 78037 25328 19285 13117 24295 36336 9884 1695 41701 22600
is_linear=0
shrinkage=0.035


Tree=67
num_leaves=15
num_cat=0
split_feature=3 6 23 8 5 10 3 32 30 4 28 14 22 15
split_gain=43.1572 37.8838 39.1338 28.2385 48.9989 39.1932 40.8658 28.8977 27.3891 25.9039 23.4971 23.4134 25.7579 23.3383
threshold=-0.07004500180482863 -0.17706998437643048 0.096428066492080702 -0.31995129585266108 -0.10535766929388045 1.0404224395751955 0.65768250823020946 0.018885187133953932 -0.24999999999999975 -0.09669839963316916 -1.1401333311752746 0.39075770974159246 0.25059181451797491 21.012263298034672
decision_type=2 2 2 2 2 2 2 2 2 2 2 2 2 2
left_child=1 8 -3 4 -2 6 7 -5 -1 -10 -8 12 -4 -11
right_child=3 2 11 5 -6 -7 10 -9 9 13 -12 -13 -14 -15
leaf_value=-0.0093725931523045841 0.0035344445193058035 -0.011081742234009002 -0.00085708768240628749 -0.0027071814015653256 -0.007124669455410737 -0.0095613948022101169 0.002549390908390682 0.0040694362437119691 0.010036606981226347 0.0049207546079400458 0.015284135933322059 -0.0011425050628002353 -0.014368288721821202 -0.0028409347899377648
leaf_weight=247.67119256407022 1090.5227532126009 748.63405481725931 319.7354896850884 992.68364715576172 1006.8699605539441 271.1217947602272 270.61594196408987 3349.9716204330325 456.46707336604595 887.34683391451836 532.62964279949665 3263.2349818684161 369.70840407162905 997.74517339840531
leaf_count=3967 9827 11797 3384 11404 10123 2452 2194 28915 3914 8339 3827 36059 4846 9441
internal_value=-9.51306e-06 -0.00192666 -0.00379619 0.00185061 -0.00159207 0.00318404 0.0038728 0.00251771 0.00146943 0.00265119 0.0110779 -0.00239183 -0.00820419 0.000819319
internal_weight=14805 7290.54 4701.31 7514.42 2097.39 5417.02 5145.9 4342.66 2589.23 2341.56 803.246 3952.68 689.444 1885.09
internal_count=150489 81747 56086 68742 19950 48792 46340 40319 25661 21694 6021 44289 8230 17780
is_linear=0
shrinkage=0.035


Tree=68
num_leaves=15
num_cat=0
split_feature=6 22 33 10 22 14 21 24 24 33 24 17 10 8
split_gain=41.4791 42.869 39.9594 32.768 36.7311 30.5732 28.2103 27.6038 24.5033 29.6188 21.8644 21.6597 23.4842 25.124
threshold=0.23988238722085956 0.39354364573955541 -0.067435648233345621 1.1250154972076418 0.17610955983400348 0.34960705041885382 -0.057806674391031258 0.030337849631905559 0.03079191874712706 -0.15352333137110288 0.027712903916835788 0.022139697335660461 0.49564811587333685 -0.29770475625991816
decision_type=2 2 2 2 2 2 2 2 2 2 2 10 2 2
left_child=1 2 8 4 -2 6 -4 -7 -1 -10 -5 -3 13 -13
right_child=3 11 5 10 -6 7 -8 -9 9 -11 -12 12 -14 -15
leaf_value=0.0046840817943424517 0.0235505269063833 -0.016071770416575062 -0.0011848755240238275 0.019014800443525919 0.0049029895863534224 -0.0035898898868058303 -0.012872911193089849 0.0018322361374829813 -0.0063778287365879663 0.0023111616701870885 -0.010102687316400259 -0.0070819408777731043 -0.0092069447397812518 0.0028269741507288815
leaf_weight=2720.3480143621564 132.30635564774275 195.17120759561658 483.75069092586637 26.843640696257353 1577.0942382588983 2101.5168088488281 525.40272442996502 2516.963550709188 667.02405943721533 1646.3358507826924 238.26779393106699 520.03825975209475 692.39310555532575 758.0155168287456
leaf_count=21608 812 3082 4932 212 13548 26272 7114 24958 6741 12584 2291 7528 9385 9422
internal_value=-1.01039e-05 -0.000738099 0.000175418 0.00469904 0.00647487 -0.0018496 -0.0073367 -0.000637384 0.00243854 -0.000210851 -0.00657042 -0.00521548 -0.00406445 -0.00122863
internal_weight=14801.5 12827 10661.3 1974.51 1709.4 5627.63 1009.15 4618.48 5033.71 2313.36 265.111 2165.62 1970.45 1278.05
internal_count=150489 133626 104209 16863 14360 63276 12046 51230 40933 19325 2503 29417 26335 16950
is_linear=0
shrinkage=0.035


Tree=69
num_leaves=15
num_cat=0
split_feature=3 6 23 10 15 25 2 11 32 11 30 17 14 3
split_gain=39.3172 35.334 36.2286 27.1588 46.0752 61.0976 37.6836 34.7077 33.3283 41.2217 25.2902 24.5701 22.4389 22.2703
threshold=-0.07004500180482863 -0.17706998437643048 0.096428066492080702 0.75003939867019664 23.69984340667725 5.1000000000000005 0.1820340305566788 0.27425630390644079 0.018885187133953932 0.27425630390644079 -0.24999999999999975 0.06977346166968347 0.13843861222267154 1.973869323730469
decision_type=2 2 2 2 2 2 2 2 2 2 2 10 2 2
left_child=1 10 -3 4 8 6 -6 -7 9 -2 -1 -10 -4 -5
right_child=3 2 12 13 5 7 -8 -9 11 -11 -12 -13 -14 -15
leaf_value=-0.0090461282788475306 -0.010617514643453167 -0.010713970969942097 -0.018087455895431186 -0.0036732651687300549 -0.011946423503667317 0.030861541198695899 0.011105883286278635 0.0097494286085619639 0.0037858228914191506 0.00276545507692989 0.0025611573424582862 -0.0095480933086569131 -0.0018623367858053564 0.0081447137999526801
leaf_weight=245.01229055970907 528.27593694627285 739.42114320397377 97.533787712454796 1477.5264648385346 160.02608318254352 185.91094135120511 167.61395052820444 212.79012764617801 3823.5099295191467 585.25319089740515 2345.2658870741725 167.74019288271666 3846.3917410224676 215.28883579000831
leaf_count=3967 6824 11797 1247 13863 1504 1597 1296 1654 32747 6094 21694 1426 43042 1737
internal_value=-1.03713e-05 -0.00184398 -0.00365543 0.00176233 0.00289438 0.0110812 -0.000173687 0.0201081 0.00171012 -0.00362163 0.00143267 0.00320298 -0.00230832 -0.00213127
internal_weight=14797.6 7273.62 4683.35 7523.94 5831.12 726.341 327.64 398.701 5104.78 1113.53 2590.28 3991.25 3943.93 1692.82
internal_count=150489 81747 56086 68742 53142 6051 2800 3251 47091 12918 25661 34173 44289 15600
is_linear=0
shrinkage=0.035


Tree=70
num_leaves=15
num_cat=0
split_feature=14 10 15 34 3 17 16 15 24 28 25 24 5 5
split_gain=38.2386 40.6759 44.6362 43.0219 39.6317 39.4766 34.8408 39.2828 33.5541 29.6195 23.6721 20.8043 24.7311 21.1732
threshold=0.19365141540765765 0.35632327198982244 21.457318305969242 -0.026535316142143547 -0.07004500180482863 0.018719588406383995 1.3233204483985903 21.896006584167484 0.028159140609204773 -1.8296610773469666 5.2250000000000005 0.03046832233667374 0.11809493973851205 -0.055921385064721101
decision_type=2 2 2 2 2 10 2 2 2 2 2 2 2 2
left_child=-1 3 11 6 10 -5 7 -2 -7 -6 -4 12 -3 -13
right_child=1 2 4 5 9 8 -8 -9 -10 -11 -12 13 -14 -15
leaf_value=-0.0072519379555833902 -0.00024068730221977612 0.0055502140646773376 -0.0015983035348709461 -0.020569698621403298 -0.0074706350257259099 0.0019907964838412496 -0.0086373370968947372 0.014137253576549035 -0.0079591967519140067 0.0028548439697926847 -0.0090729108474316249 0.0051813386990549621 0.018539767038874857 -0.0020598140293648886
leaf_weight=832.51751206442714 617.24651664867997 1842.4587543345988 1957.8562600947917 199.59178094938397 365.41213971376419 635.49730031192303 279.2693073824048 363.40122232586145 1169.462381478399 3670.4260767363012 699.22851646319032 1050.8244180902839 192.23472376167774 919.03012092784047
leaf_count=9712 6506 18739 20020 2999 3206 6824 3233 3378 15505 31840 8527 9073 1766 9161
internal_value=-1.06723e-05 0.000425989 0.00146965 -0.00298808 -0.000280105 -0.00616205 0.00207051 0.00517631 -0.0044643 0.0019038 -0.00359194 0.00438749 0.00686212 0.00180966
internal_weight=14794.5 13961.9 10697.5 3264.47 6692.92 2004.55 1259.92 980.648 1804.96 4035.84 2657.08 4004.55 2034.69 1969.85
internal_count=150489 140777 102332 38445 63593 25328 13117 9884 22329 35046 28547 38739 20505 18234
is_linear=0
shrinkage=0.035


Tree=71
num_leaves=15
num_cat=0
split_feature=6 22 26 10 5 24 29 26 10 14 26 21 31 8
split_gain=37.461 37.4608 38.3124 35.735 34.4656 35.0368 34.285 30.9425 29.7663 28.7128 30.4797 23.9833 21.7048 21.0349
threshold=0.21162544935941699 0.35781356692314154 1.1600000000000004 0.27674399316310888 -0.0090694003738462908 0.028544961474835876 3.9500000000000006 -0.94500000000000017 0.62790167331695568 0.39075770974159246 -0.83499999999999985 -0.057806674391031258 1.0000000180025095e-35 -0.33445568382740015
decision_type=2 2 2 2 2 2 2 2 2 2 2 2 2 2
left_child=1 2 4 -4 5 -1 -6 12 -9 -3 -11 -5 -2 -12
right_child=7 9 3 11 6 -7 -8 8 -10 10 13 -13 -14 -15
leaf_value=0.011126031502041882 -0.0073666857646457543 -0.010575726355784246 -0.02549966412155379 0.00029408111877561686 -0.00034264014210212283 0.0020659827767106052 -0.012861323697517036 0.015036026675379266 0.0034680536216955184 -0.0052419012668226336 -0.00374069959909752 -0.0090839888099032932 0.0031727473621538473 0.0065517226180708673
leaf_weight=588.20086500048637 333.05855814367533 637.1932845748961 85.404739916324615 868.11521520093083 2670.7214012891054 4222.0729290097952 287.96042735129595 453.22247644513845 681.77011619880795 1652.4686915464699 395.08900719508529 532.39573824033141 781.89318405091763 602.43093523010612
leaf_count=4177 3129 9468 1528 11952 23368 36537 2751 3163 5536 24261 4308 6901 7445 5965
internal_value=-1.12043e-05 -0.000758062 0.000382805 -0.00474737 0.00136886 0.00319463 -0.00160027 0.004137 0.00817832 -0.00396153 -0.00233735 -0.00331006 -1.30917e-05 0.00247852
internal_weight=14792 12542.1 9254.87 1485.92 7768.96 4810.27 2958.68 2249.94 1134.99 3287.18 2649.99 1400.51 1114.95 997.52
internal_count=150489 131216 87214 20381 66833 40714 26119 19273 8699 44002 34534 18853 10574 10273
is_linear=0
shrinkage=0.035


Tree=72
num_leaves=15
num_cat=0
split_feature=22 6 28 6 19 26 16 3 9 28 3 3 3 6
split_gain=35.2416 37.5983 40.6879 34.3569 33.2242 32.0587 27.5619 26.0163 25.6905 39.8224 30.7573 25.3009 23.9051 27.9784
threshold=0.33573634922504431 0.21162544935941699 -0.54304400321254487 -0.30910861492156977 -0.033520121127367013 -0.83499999999999985 0.56142884492874157 -0.34311036765575403 0.45737916231155401 -0.65279997750805607 0.4786823987960816 -0.48949448764324183 -0.095044337213039384 -0.2089731618762016
decision_type=2 2 2 2 2 2 2 2 2 2 2 2 2 2
left_child=1 2 4 11 -1 12 -7 -5 9 -3 -11 -4 13 -2
right_child=5 8 3 7 -6 6 -8 -9 -10 10 -12 -13 -14 -15
leaf_value=0.0081766259050571593 0.0033783631350366257 -0.0078352758263216821 -0.0031677965194006866 -0.0078476679380199699 0.00020249675627796786 -0.0090205212187059545 0.0031285867711278266 -0.0010283995838644504 0.0049674822671127031 0.0087171643751233832 0.043244919727283754 0.010645219643038977 -0.0018429834210646448 -0.0097500695572779999
leaf_weight=1271.5265972279012 232.7493446059525 44.682009905576706 239.58743307739496 815.12741056829691 1279.7745728753507 255.06315793469548 1667.4799337908626 4071.206462379545 823.08772220090032 62.965419232845306 69.320330612361431 470.86740649864078 2284.5208197385073 1200.1046661026776
leaf_count=9811 3066 267 2175 9012 10213 2768 16124 40630 6079 438 381 3978 26602 18945
internal_value=-1.20548e-05 0.00132906 0.000538802 -0.00113151 0.00419308 -0.0021859 0.00147843 -0.00217968 0.00769874 0.0194569 0.0285781 0.00600773 -0.00407989 -0.00760888
internal_weight=14788.1 9148.15 8148.09 5596.79 2551.3 5639.92 1922.54 4886.33 1000.06 176.968 132.286 710.455 3717.37 1432.85
internal_count=150489 82984 75819 55795 20024 67505 18892 49642 7165 1086 819 6153 48613 22011
is_linear=0
shrinkage=0.035


Tree=73
num_leaves=15
num_cat=0
split_feature=2 26 6 28 17 22 33 24 15 0 16 15 33 17
split_gain=34.258 38.0813 32.9064 45.7633 49.5359 44.5788 37.5404 30.318 28.2624 22.3138 21.8697 21.4319 23.9072 21.1375
threshold=0.20264102518558505 -0.94500000000000017 -0.28671012818813318 -0.20349242140922372 0.058875760063529022 0.32758933305740362 0.067547463579951686 0.030182745307683948 21.012263298034672 -0.17856107652187345 2.6452856063842778 24.487442970275882 -0.038395203536434712 0.034042781218886382
decision_type=2 2 2 2 8 2 2 2 2 2 2 2 2 8
left_child=2 -2 8 4 5 -4 -6 13 -1 -10 11 -3 -13 -5
right_child=1 10 3 7 6 -7 -8 -9 9 -11 -12 12 -14 -15
leaf_value=0.0097239050887059347 -0.00068479613905169366 0.0059793819675062016 0.0042690012351559023 -0.013449875950893591 -0.009443147756751178 -0.002056504479267693 0.015900637824959138 -0.0018731405249512198 0.0071831097497734265 -0.0050255865022344722 -0.0096314946656731546 0.024762965711942492 -0.00039098046132882537 -0.0051335620584793415
leaf_weight=605.4260216653347 1676.1692263633013 1413.5286973305047 3010.0320725888014 606.12028157711029 840.4560981951654 2481.8335604071617 69.174867637455463 2008.0006516240537 286.61833861470222 470.46807930618525 86.711733996868134 153.72333888337016 64.101106397807598 1011.5451738387346
leaf_count=5318 16908 11440 23340 10282 7928 30549 1004 19454 2496 4379 850 1060 565 14916
internal_value=-1.10577e-05 0.00306999 -0.000931128 -0.00162545 0.000155346 0.00141189 -0.00736388 -0.00476141 0.00415322 -0.000370221 0.00671598 0.00763829 0.0176684 -0.00831308
internal_weight=14783.9 3394.23 11389.7 10027.2 6401.5 5491.87 909.631 3625.67 1362.51 757.086 1718.06 1631.35 217.824 1617.67
internal_count=150489 30823 119666 107473 62821 53889 8932 44652 12193 6875 13915 13065 1625 25198
is_linear=0
shrinkage=0.035


Tree=74
num_leaves=15
num_cat=0
split_feature=14 19 17 28 3 33 14 19 10 2 3 0 15 21
split_gain=36.1439 36.2601 35.365 55.4062 46.685 39.5848 36.8029 33.5898 30.6219 30.5958 27.5092 25.9668 23.3654 20.6699
threshold=0.36997146904468542 -0.15970890223979947 0.026503909379243854 -1.8296610773469666 0.28465569019317633 -0.15352333137110288 2.807222962379456 0.020542568527162079 0.75003939867019664 0.1820340305566788 -0.24994793534278867 -0.15229460597038266 20.808405876159672 -0.012050007469952105
decision_type=2 2 10 2 2 2 2 2 2 2 2 2 2 2
left_child=1 -1 3 12 7 -6 8 -5 10 13 -4 -8 -2 -3
right_child=2 9 6 4 5 -7 11 -9 -10 -11 -12 -13 -14 -15
leaf_value=0.0041812992893932961 -0.0061907418959609327 -0.005036559993840257 -0.00013242206498003843 -0.0040505742958465178 -0.019484581977753702 0.027682383359646831 0.018424684743754614 -0.016202653895954131 -0.002469437301007996 0.0018139848759008564 0.0043626945731734292 -0.0057088098297722496 0.027793357480999016 -0.013324642543553747
leaf_weight=557.4083085283637 29.916452400386333 1021.8969407193363 2351.5708805769682 896.75126117840409 21.382407866418362 74.610487066209316 47.944734670221806 401.04962055757642 1442.0399162247777 491.52819029986858 5720.4236782453954 1057.2971364036202 79.365768052637577 586.90492851287127
leaf_count=5862 298 10193 24391 12046 192 548 450 4537 13687 5092 53273 11207 724 7989
internal_value=-1.06677e-05 -0.0036992 0.000800398 -0.00420703 -0.00612783 0.0163289 0.00151245 -0.00790102 0.00221562 -0.00580051 0.00305461 -0.00450609 0.018751 -0.00812376
internal_weight=14780.1 2657.74 12122.4 1503.08 1393.79 95.9929 10619.3 1297.8 9514.03 2100.33 8071.99 1105.24 109.282 1608.8
internal_count=150489 29136 121353 18345 17323 740 103008 16583 91351 23274 77664 11657 1022 18182
is_linear=0
shrinkage=0.035


Tree=75
num_leaves=15
num_cat=0
split_feature=14 10 8 15 8 3 19 13 3 26 33 32 24 5
split_gain=33.8975 35.2113 41.5003 41.4894 35.6535 42.3398 33.5385 32.2893 28.0936 34.3798 28.6949 23.3719 19.6211 22.4361
threshold=0.19365141540765765 0.35632327198982244 -0.33445568382740015 21.457318305969242 -0.2901491224765777 0.98640927672386181 -0.14013647288084027 0.37123903632164007 0.41675773262977606 0.26499999999999996 -0.074371376572517675 0.019536802125425305 0.03046832233667374 0.11809493973851205
decision_type=2 2 2 2 2 2 2 2 2 2 2 2 2 2
left_child=-1 2 6 12 7 -6 11 -5 9 -4 -10 -2 13 -3
right_child=1 3 8 4 5 -7 -8 -9 10 -11 -12 -13 -14 -15
leaf_value=-0.0068684043710351365 -0.013299620220263189 0.0053164572630371911 0.00056518125771612621 0.0019052591177162862 0.00064888984465434163 0.012265471476665592 -0.013945218945987945 -0.0055511268785975428 -0.0044729552609646776 -0.011517606674700342 0.029514035869075046 0.0072165521697279073 0.0016713102638546771 0.017615558579246553
leaf_weight=823.20551730319858 90.979500688612461 1849.1355245634913 1922.1653778366745 1071.1777041442692 3108.0269784405828 428.809376321733 590.92989002913237 2084.4383181221783 47.34563372284174 329.24636407569051 64.880402982234955 198.45953154936433 1974.1743746772408 194.86513717472553
leaf_count=9712 1405 18739 22239 10517 28640 3259 7644 21177 319 4093 425 2320 18234 1766
internal_value=-1.05083e-05 0.000398678 -0.00279056 0.00136633 -0.000322436 0.00208791 -0.0092307 -0.00302202 -0.000363056 -0.00124492 0.0159828 0.000538908 0.00417286 0.00656905
internal_weight=14777.8 13954.6 3244.01 10710.6 6692.45 3536.84 880.369 3155.62 2363.64 2251.41 112.226 289.439 4018.18 2044
internal_count=150489 140777 38445 102332 63593 31899 11369 31694 27076 26332 744 3725 38739 20505
is_linear=0
shrinkage=0.035


Tree=76
num_leaves=15
num_cat=0
split_feature=14 19 0 8 6 10 15 10 15 29 29 23 25 31
split_gain=32.9478 33.8262 33.6194 39.5775 31.0578 26.7244 32.3679 26.4594 42.4514 33.9839 26.3643 25.7003 26.2649 22.0438
threshold=0.36997146904468542 -0.15970890223979947 -0.038555715233087533 -0.26008287072181696 0.16709233075380328 0.75003939867019664 23.69984340667725 0.39405819773674017 22.032188415527347 3.6500000000000008 3.7500000000000004 0.089377358555793776 0.55000000000000016 0.047494519848749979
decision_type=2 2 2 2 2 2 2 2 2 2 2 2 2 2
left_child=1 -1 11 7 -3 6 -5 9 -9 -4 -7 -2 -13 -14
right_child=2 4 3 5 -6 10 -8 8 -10 -11 -12 12 13 -15
leaf_value=0.0040549353728291876 -0.005290753488125066 -0.0073336378953663371 -0.016109794386985146 0.0013765229999310161 0.0046783715800383027 9.2299805860196897e-05 0.010360458025840286 0.0026501593218874494 -0.0065844620715964164 -0.0029814754200666389 -0.014363603743178553 -0.0058220165838854263 0.0042458317149913277 0.015726204016821
leaf_weight=558.7943663187325 381.46111998707056 1786.2077242694795 387.87064052000642 3160.6442766934633 302.00272884219885 467.67216218262911 572.67735602334142 1383.4961061999202 1075.0225310139358 629.72239162027836 220.73393590375781 291.36222076416016 3347.4539650306106 210.31913894042373
leaf_count=5862 5196 20444 5260 31143 2830 4448 5077 13949 11149 7398 2013 4425 29497 1798
internal_value=-1.01036e-05 -0.00354032 0.00076264 -0.000586386 -0.00558241 0.00160912 0.00277862 -0.00337575 -0.00139813 -0.0080936 -0.00468221 0.0032765 0.00413705 0.00496667
internal_weight=14775.4 2647 12128.4 7897.84 2088.21 4421.73 3733.32 3476.11 2458.52 1017.59 688.406 4230.6 3849.14 3557.77
internal_count=150489 29136 121353 80437 23274 42681 36220 37756 25098 12658 6461 40916 35720 31295
is_linear=0
shrinkage=0.035


Tree=77
num_leaves=15
num_cat=0
split_feature=22 4 25 16 30 2 24 31 15 15 16 14 32 11
split_gain=31.6074 39.8691 32.8337 37.7988 30.1954 28.9623 29.1217 28.4212 26.6422 25.5946 22.5633 21.946 18.6433 18.316
threshold=0.33573634922504431 0.045912679284811027 0.55000000000000016 1.2832810282707217 0.25000000000000006 0.3106446266174317 0.026834268122911457 0.0088706853385821533 21.896006584167484 24.238675117492679 1.0459198951721194 0.24116210639476779 0.018054877888985858 0.36806137859821325
decision_type=2 2 2 2 2 2 2 2 2 2 2 2 2 2
left_child=2 11 10 5 8 6 -4 -3 -5 -7 -1 -2 -13 -12
right_child=1 7 3 4 -6 9 -8 -9 -10 -11 13 12 -14 -15
leaf_value=-0.01016041350389189 -0.011309947336973294 -0.00064691437006512986 -0.0069510811808010872 0.0038179047598555934 -0.012176171567642195 0.0066537669013962356 0.0031219721016773633 0.0096172787514811221 -0.0042484738883757046 0.024023752362825956 0.010536783752801626 -0.008754239924325764 -0.0018890650917110449 -0.008486809027051824
leaf_weight=481.35915337502956 419.72711779549718 947.27090595662594 368.33822221308947 953.22966362163424 297.22035079076886 576.16721157729626 5080.6918085068464 496.5819291844964 1036.688268724829 121.13938894867897 142.31760430708528 563.4566555172205 3193.8188511431217 95.183659635484219
leaf_count=7306 6204 11022 5272 8812 3006 3904 41240 4684 9221 742 2121 8488 37107 1360
internal_value=-1.05748e-05 -0.00207427 0.00125771 0.00187171 -0.00196335 0.00329966 0.00242958 0.0029251 -0.00038467 0.00996835 -0.00587238 -0.00380525 -0.0029391 0.00287782
internal_weight=14773.2 5620.86 9152.34 8433.47 2287.14 6146.34 5449.03 1443.85 1989.92 697.307 718.86 4177 3757.28 237.501
internal_count=150489 67505 82984 72197 21039 51158 46512 15706 18033 4646 10787 51799 45595 3481
is_linear=0
shrinkage=0.035


Tree=78
num_leaves=15
num_cat=0
split_feature=32 26 6 10 15 30 17 16 15 26 10 3 22 1
split_gain=30.6927 31.3073 27.4286 37.4464 38.1137 34.4812 62.3432 33.5914 30.658 26.4968 36.2637 21.7501 18.2857 17.8298
threshold=0.018885187133953932 -0.93500000000000039 0.23988238722085956 0.68442484736442577 21.832373619079593 1.0000000180025095e-35 0.022139697335660461 1.574232876300812 25.351690292358402 -1.1900000000000002 0.75003939867019664 0.65768250823020946 0.27910001575946813 -0.41261096298694605
decision_type=2 2 2 2 2 2 8 2 2 2 2 2 2 2
left_child=1 -1 3 5 -5 6 -2 -7 9 -4 -11 13 -6 -3
right_child=2 11 8 4 12 7 -8 -9 -10 10 -12 -13 -14 -15
leaf_value=-0.0075007838387999822 -0.015891378514134517 0.015780132459326669 -0.0045667344667057403 0.0014398709857061196 -0.0045921608694802218 0.0049794007299283896 0.00019159499951283682 -0.0043407278540548554 0.023483601988810093 0.012050530546172219 -0.00085639836872329145 0.0097866812261617371 -0.014155486896082316 -0.002496230645147425
leaf_weight=1208.1497285030782 306.09084860235453 58.501963809132576 343.91610888019204 757.75833049789071 562.82317607477307 3201.116308260709 4475.1791801340878 547.75799359753728 94.705345440655947 607.78816797584295 466.9832070581615 222.4348856061697 444.81438424810767 1471.5230414792895
leaf_count=17743 4539 435 3022 7635 5119 25254 49695 5088 757 4326 4005 1724 5038 16109
internal_value=-1.078e-05 -0.00319112 0.000788586 0.00013987 -0.00448528 0.00110122 -0.000869035 0.00360969 0.00517188 0.00379365 0.00648633 -0.000194323 -0.00891144 -0.00169949
internal_weight=14769.5 2960.61 11808.9 10295.5 1765.4 8530.14 4781.27 3748.87 1513.39 1418.69 1074.77 1752.46 1007.64 1530.03
internal_count=150489 36011 114478 102368 17792 84576 54234 30342 12110 11353 8331 18268 10157 16544
is_linear=0
shrinkage=0.035


Tree=79
num_leaves=15
num_cat=0
split_feature=14 19 0 8 6 10 15 29 10 15 29 23 25 12
split_gain=29.6051 31.4279 31.1756 36.1961 28.9122 24.9375 39.208 32.1424 24.3613 29.5046 24.8814 22.5879 23.1221 20.4702
threshold=0.36997146904468542 -0.15970890223979947 -0.038555715233087533 -0.26008287072181696 0.16709233075380328 0.39405819773674017 21.342239379882816 3.6500000000000008 0.75003939867019664 23.69984340667725 3.7500000000000004 0.089377358555793776 0.55000000000000016 0.50535187125206005
decision_type=2 2 2 2 2 2 2 2 2 2 2 2 2 2
left_child=1 -1 11 5 13 7 -7 -4 9 -5 -10 -2 -13 -3
right_child=2 4 3 8 -6 6 -8 -9 10 -11 -12 12 -14 -15
leaf_value=0.0039413025762239312 -0.004939149395832931 0.0014506671081303446 -0.015725720016385461 0.0012859919471669035 0.0045342119173352067 0.0045135614288227821 -0.0046539062328964358 -0.0028952085356582112 0.00011404079458483339 0.0098337135104384996 -0.013987610579980669 -0.0054596913473565897 0.0047093020888593412 -0.0086982965337763264
leaf_weight=559.8101174980402 377.66099308058619 287.71664014458656 382.16313353180885 3164.5110058709979 302.64668169617653 886.62384299188852 1567.6437505558133 628.12673336267471 467.31298487633467 577.31835190206766 217.96882467344403 288.33319008350372 3573.5190054923296 1484.2367566712201
leaf_count=5862 5196 3505 5260 31143 2830 8835 16263 7398 4448 5077 2013 4425 31295 16939
internal_value=-1.05486e-05 -0.00336636 0.000720372 -0.000580407 -0.0053477 -0.00325503 -0.00133721 -0.00785518 0.00151531 0.0026275 -0.00450796 0.00313738 0.00393793 -0.00705149
internal_weight=14765.6 2634.41 12131.2 7891.67 2074.6 3464.56 2454.27 1010.29 4427.11 3741.83 685.282 4239.51 3861.85 1771.95
internal_count=150489 29136 121353 80437 23274 37756 25098 12658 42681 36220 6461 40916 35720 20444
is_linear=0
shrinkage=0.035


Tree=80
num_leaves=15
num_cat=0
split_feature=33 17 28 2 5 14 15 24 10 3 15 16 15 30
split_gain=28.5463 38.5968 30.5265 37.5927 40.4799 29.7941 27.0427 25.0903 30.923 53.303 36.0096 25.1586 34.1175 31.0417
threshold=-0.067435648233345621 0.022139697335660461 -1.1401333311752746 0.02094739489257336 -0.0046031181700527659 0.34960705041885382 21.229857444763187 0.030337849631905559 0.41640079021453863 0.55814805626869213 21.283999443054203 1.2461374998092654 22.996015548706058 0.099999999999999881
decision_type=2 10 2 2 2 2 2 2 2 2 2 2 2 2
left_child=1 -1 -3 6 -5 -2 -4 8 9 -7 -10 12 -9 -13
right_child=5 2 3 4 -6 7 -8 11 10 -11 -12 13 -14 -15
leaf_value=-0.0086624213823014717 -0.0067094048599747862 -0.00087480320207195959 0.0049967456726875657 0.016316872015646574 0.0042821461185098648 -0.0096843162960506234 -0.0016475125423781555 0.0012895743049766986 0.0074419867843937828 0.030056928210645584 -0.0035285730928569805 0.0051070339350313453 0.011880961518663649 -0.0072616368852498926
leaf_weight=426.05681206285954 1165.2446597404778 2721.2160689719021 1408.7950375974178 497.92394807189703 1084.5455112755299 941.8397111594677 1585.1107888072729 1631.7071647085249 512.68201427906752 33.661552131175995 1216.8152150735259 377.92817985266447 473.99698786437511 686.00191403180361
leaf_count=4913 14527 30895 11076 3295 7687 14097 12422 15987 5901 229 13789 4890 4076 6705
internal_value=-1.1226e-05 0.00145721 0.00205907 0.00380172 0.00814756 -0.00162207 0.0014852 -0.0006033 -0.00307356 -0.00802189 -0.000252438 0.00150788 0.0037186 -0.00286141
internal_weight=14763.5 7723.65 7297.59 4576.38 1582.47 7039.88 2993.91 5874.63 2705 975.501 1729.5 3169.63 2105.7 1063.93
internal_count=150489 70288 65375 34480 10982 80201 23498 65674 34016 14326 19690 31658 20063 11595
is_linear=0
shrinkage=0.035


Tree=81
num_leaves=15
num_cat=0
split_feature=32 26 3 8 5 10 10 11 1 8 2 6 29 10
split_gain=28.5531 28.5951 24.7716 27.2559 26.8106 22.8181 28.3109 29.6115 24.68 20.1065 19.665 18.9576 17.7189 33.3681
threshold=0.018885187133953932 -0.93500000000000039 -0.095044337213039384 -0.38860456645488733 -0.14829025417566297 0.38679318130016332 0.5452413558959962 0.49995495378971105 0.2103860601782799 -0.23716598004102704 0.3106446266174317 -0.24991427361965177 3.6500000000000008 0.72768214344978344
decision_type=2 2 2 2 2 2 2 2 2 2 2 2 2 2
left_child=1 -1 5 4 -4 8 -7 -8 11 -10 -3 -2 -5 -14
right_child=2 10 3 12 -6 6 7 -9 9 -11 -12 -13 13 -15
leaf_value=-0.0072269115360424742 0.0052988715704565302 -0.001921124751087947 0.0033917050850057113 0.0014612808654948393 -0.0077497943098819985 0.0033560660261363518 -0.0049048857692583839 0.0060811359574268033 -0.0086182882790045278 0.032164320711370827 0.007789329458697398 -0.0061765868293593863 0.0076844442417927268 -0.0028378036494847323
leaf_weight=1198.0837351419032 191.15503684431314 1453.2263903319836 469.03842391446233 2758.8588367477059 584.12588176503778 2096.4571432322264 1425.9619989059865 371.0073300562799 17.81382942199707 30.712313082069159 299.52474483475089 1548.4203425496817 1860.9260102584958 454.36393246799707
leaf_count=17743 1874 15749 4081 25374 5456 21095 15067 3819 176 300 2519 19076 14457 3703
internal_value=-1.02872e-05 -0.00308385 0.000759704 0.00230162 -0.00280257 -0.000904311 0.000600277 -0.00261558 -0.00416553 0.0182786 -0.000226947 -0.00489252 0.00336444 0.00561618
internal_weight=14759.7 2950.83 11808.8 6127.31 1053.16 5681.53 3893.43 1796.97 1788.1 48.5261 1752.75 1739.58 5074.15 2315.29
internal_count=150489 36011 114478 53071 9537 61407 39981 18886 21426 476 18268 20950 43534 18160
is_linear=0
shrinkage=0.035


Tree=82
num_leaves=15
num_cat=0
split_feature=14 10 8 16 34 10 5 3 19 13 17 12 24 29
split_gain=27.7102 29.9905 37.2872 29.6882 25.5611 25.5329 26.818 25.1687 22.1723 32.4193 18.2636 17.6841 21.2915 17.6079
threshold=0.19365141540765765 0.31461882591247564 -0.33445568382740015 2.5090831518173222 -0.043440706874365291 0.75003939867019664 -0.11255544796586035 -0.22561830282211301 0.020542568527162079 0.66324391961097728 0.058875760063529022 0.54165938496589672 0.030391268432140354 3.6500000000000008
decision_type=2 2 2 2 2 2 2 2 2 2 8 2 2 2
left_child=11 2 4 5 -2 7 -7 -3 13 -10 -5 12 -1 -4
right_child=1 3 8 10 -6 6 -8 -9 9 -11 -12 -13 -14 -15
leaf_value=-0.008567266733403878 0.019192225425144253 -0.0003989685131665039 -0.003369140785095784 -0.017325970251295134 -0.014098133231875355 0.0052325925885671155 -0.0043459946099516679 0.003486404541703196 -0.010342088412886238 0.0056295899970953012 -0.0030281808059829597 -0.010122650118862252 0.0096356116520900006 0.0065741946458845396
leaf_weight=147.10964077711105 21.637945666909218 3030.8282252624631 351.34965905547142 135.24062844738364 440.47107596322894 456.5625438131392 1538.9401933141053 6240.2123364582658 501.66787860915065 216.20832647383213 469.03338525444269 514.31076464056969 147.79364218562841 545.17071074619889
leaf_count=1922 323 31415 4912 1526 6469 4135 15076 56976 5541 2272 5166 6087 1703 6966
internal_value=-9.6354e-06 0.000357568 -0.00351281 0.00103698 -0.0121658 0.00144435 -0.00213929 0.00221716 -0.000976296 -0.00552052 -0.00645809 -0.00626573 0.000572109 0.00268319
internal_weight=14756.5 13947.3 2076.51 11870.8 462.109 11266.5 1995.5 9271.04 1614.4 717.876 604.274 809.214 294.903 896.52
internal_count=150489 140777 26483 114294 6792 107602 19211 88391 19691 7813 6692 9712 3625 11878
is_linear=0
shrinkage=0.035


Tree=83
num_leaves=15
num_cat=0
split_feature=32 3 21 6 10 15 15 10 25 26 10 14 12 7
split_gain=26.7852 28.0057 26.2427 24.5352 33.1021 40.7072 28.4568 27.3014 60.2483 24.4683 30.4537 21.6125 18.7323 18.7283
threshold=0.018885187133953932 1.306795656681061 -0.096735831350088106 0.23988238722085956 0.72768214344978344 22.722258567810062 25.351690292358402 0.35632327198982244 2.8200000000000007 -1.1900000000000002 0.75003939867019664 0.30777771770954138 1.1723017096519472 -0.36959137022495264
decision_type=2 2 2 2 2 2 2 2 2 2 2 2 2 2
left_child=1 2 -1 4 7 -6 9 8 -2 -5 -11 -9 -3 -7
right_child=3 12 -4 6 5 13 -8 11 -10 10 -12 -13 -14 -15
leaf_value=0.0057853488472282485 -0.012804826380451615 0.0044518995311215526 -0.0049882068118227828 -0.0045059212319029894 -0.00043614480886744667 8.0495166335577982e-05 0.022381961214439007 -0.0031954802771532796 0.00058458889086425176 0.011159110342351392 -0.0006552351219206847 0.0029397633020592537 0.033580596367217462 -0.016105123386326279
leaf_weight=303.07542447000742 506.72278698906302 126.44021152704954 2487.9221152812243 343.32065569609404 950.75534600391984 111.41676244884729 96.171383369714022 797.76935380324721 2021.2467385567725 615.27579997479916 464.97075868397951 5506.525488063693 25.91308718174696 397.53956494480371
leaf_count=2285 6446 1115 32386 3022 9726 1041 757 8751 21861 4326 4005 50371 225 4172
internal_value=-1.02045e-05 -0.00299169 -0.00380182 0.000734651 0.000119806 -0.00474428 0.0048705 0.000928152 -0.00213915 0.00353961 0.00611449 0.00215956 0.0111695 -0.0126286
internal_weight=14755.1 2943.35 2791 11811.7 10292 1459.71 1519.74 8832.26 2527.97 1423.57 1080.25 6304.29 152.353 508.956
internal_count=150489 36011 34671 114478 102368 14939 12110 87429 28307 11353 8331 59122 1340 5213
is_linear=0
shrinkage=0.035


Tree=84
num_leaves=15
num_cat=0
split_feature=22 11 25 8 15 19 10 15 25 25 6 1 11 11
split_gain=27.9068 35.6646 54.8934 35.1491 34.5506 26.3852 25.5732 37.5844 75.1795 42.9564 24.8082 24.3204 28.8705 26.9919
threshold=0.2409842982888222 0.30258381366729742 2.8200000000000007 -0.22132705897092816 21.283999443054203 -0.059856178238987916 0.62790167331695568 23.69984340667725 5.2250000000000005 4.4500000000000011 -0.029338424094021317 0.17308102548122409 0.16653712093830111 0.19441273063421252
decision_type=2 2 2 2 2 2 2 2 2 2 2 2 2 2
left_child=1 2 11 -2 -3 -4 7 9 -9 -5 -6 13 -13 -1
right_child=3 4 5 6 10 -7 -8 8 -10 -11 -12 12 -14 -15
leaf_value=-0.02204848940763713 -0.0031669954364319354 0.0078963011334647511 0.015401707545730062 0.0097857647485627575 -0.0016212770412181868 0.0011918571627025593 -0.0036188032602916596 -0.0031321260265763117 0.026973197310741368 -0.001255596426242387 0.0055874925453813697 0.030293075537321738 -0.0031037073281138736 -0.0063462258626250535
leaf_weight=154.27393917366862 5044.7108287587762 1514.0413562320173 200.70855391770601 552.93876518681645 1500.2081895172596 674.32641740888357 953.42256104201078 188.41557086259127 205.90398771315813 1843.2115451730788 945.06975032389164 33.340634077787399 112.45536345988512 828.52669727802277
leaf_count=2161 60684 13144 1452 4844 13430 4986 9320 1727 1834 19892 7277 182 880 8676
internal_value=-9.35409e-06 0.00183704 -0.00196149 -0.00126277 0.0037594 0.0045884 0.00130468 0.0029938 0.0128665 0.0013224 0.00117623 -0.00703552 0.00598767 -0.00900833
internal_weight=14751.6 5962.95 2003.63 8788.6 3959.32 875.035 3743.89 2790.47 394.32 2396.15 2445.28 1128.6 145.796 982.801
internal_count=150489 52188 18337 98301 33851 6438 37617 28297 3561 24736 20707 11899 1062 10837
is_linear=0
shrinkage=0.035


Tree=85
num_leaves=15
num_cat=0
split_feature=22 25 7 8 2 17 10 26 28 16 8 17 10 5
split_gain=25.9888 34.9449 36.977 32.8475 26.0725 33.5932 23.8408 32.5728 25.9554 21.2685 21.4303 18.3737 17.0684 16.8172
threshold=0.2409842982888222 0.55000000000000016 -0.13546339422464368 -0.22132705897092816 0.053000804036855705 0.05172980576753617 0.62790167331695568 -0.66499999999999992 0.5177666372865205 1.0459198951721194 -0.32708612084388727 0.022139697335660461 0.56933444738388073 -0.055921385064721101
decision_type=2 2 2 2 2 8 2 2 2 2 2 10 2 2
left_child=1 9 4 11 12 -6 7 8 -5 -1 -11 -2 -3 -13
right_child=3 2 -4 6 5 -7 -8 -9 -10 10 -12 13 -14 -15
leaf_value=-0.0096794678429186053 -0.01219020154493324 0.0056309761032680193 -0.001076202700410425 -0.00045635357735031475 0.021332691572731224 0.0046257166580654305 -0.0035028490694585654 0.0092444152527405392 0.014440837503213306 -0.0064058877137518891 0.013949570018535347 -0.0001895783672168551 -0.00010964922139552548 -0.0043751860308993895
leaf_weight=473.61191340908408 247.21649707853794 1692.4641409814358 1941.5412577167153 1930.9415610805154 242.5389373190701 372.16635411605239 950.88601246103644 720.27991211414337 144.71030381321907 128.87215540930629 107.23987352848053 2070.5137616246939 1010.7956233471632 2714.4147361926734
leaf_count=7306 3738 13226 16011 21494 1686 2477 9320 5745 1058 2059 1422 23666 8001 33280
internal_value=-8.2652e-06 0.00177184 0.00275728 -0.00121928 0.00499697 0.0114536 0.00125999 0.00288653 0.000646508 -0.00546773 0.00303052 -0.00306413 0.00349196 -0.00256818
internal_weight=14748.2 5969.23 5259.51 8778.96 3317.97 614.705 3746.82 2795.93 2075.65 709.724 236.112 5032.14 2703.26 4784.93
internal_count=150489 52188 41401 98301 25390 4163 37617 28297 22552 10787 3481 60684 21227 56946
is_linear=0
shrinkage=0.035


Tree=86
num_leaves=15
num_cat=0
split_feature=14 17 34 24 33 10 24 2 21 17 17 34 8 6
split_gain=25.1532 26.3295 47.8757 28.9902 26.7899 27.118 29.902 27.734 22.3184 21.8496 21.3422 17.7256 16.7411 18.8413
threshold=0.19365141540765765 0.026503909379243854 -0.026535316142143547 0.03199290111660958 -0.067435648233345621 0.72768214344978344 0.03199290111660958 0.5978008806705476 -0.057806674391031258 0.018719588406383995 0.072426047176122679 -0.01694045508671815 -0.67240372300147999 0.16709233075380328
decision_type=2 10 2 2 2 2 2 2 2 8 10 2 2 2
left_child=12 2 3 -2 5 6 -3 -7 10 -4 -6 -10 -1 -14
right_child=1 4 9 -5 8 7 -8 -9 11 -11 -12 -13 13 -15
leaf_value=0.015202837988548483 0.00024827884411818409 0.0048353003436680843 -0.01926964990820583 0.020421033400387908 0.0030684893376796462 -0.005496944588075767 -0.0017484291329479108 0.0061740195145133393 -0.00054958317548702473 -0.0060437672301250798 -0.0065867793037332556 -0.0056300221801703449 -0.0089894735480366347 0.0082210465790907693
leaf_weight=34.248030506074429 537.58310794085264 4218.446990352124 187.97673260420561 94.239558450877666 2074.1341219730675 883.75023683533072 1050.6091329567134 336.68582612276077 2078.672625977546 758.88392143324018 314.49829010292888 1406.0226668342948 688.9093514829874 79.845544327050447
leaf_count=378 5666 34919 3000 883 19576 8350 10536 2775 23239 10115 2976 18742 8502 832
internal_value=-7.60479e-06 0.000341132 -0.00390088 0.00352844 0.000885535 0.00243388 0.00352173 -0.00225323 -0.00082647 -0.0088434 0.00177507 -0.00260971 -0.00599199 -0.00711932
internal_weight=14744.5 13941.5 1578.68 631.823 12362.8 6489.49 5269.06 1220.44 5873.33 946.861 2388.63 3484.7 803.003 768.755
internal_count=150489 140777 19664 6549 121113 56580 45455 11125 64533 13115 22552 41981 9712 9334
is_linear=0
shrinkage=0.035


Tree=87
num_leaves=15
num_cat=0
split_feature=22 8 6 28 17 5 6 5 25 11 3 3 17 0
split_gain=24.2423 31.9747 26.704 30.8464 33.1692 26.7013 26.3239 25.1405 26.6339 24.1471 22.3567 21.881 17.6412 16.8309
threshold=0.33573634922504431 -0.22132705897092816 0.21162544935941699 -0.54304400321254487 0.053833562880754478 0.013239375315606596 -0.30910861492156977 0.13130479305982592 2.4450000000000007 0.52083775401115429 -0.48949448764324183 -0.34311036765575403 0.10907609760761262 0.11932711675763132
decision_type=2 2 2 2 10 2 2 2 2 2 2 2 8 2
left_child=2 -2 3 4 5 -1 10 9 -9 -4 -5 -8 13 -3
right_child=1 12 7 6 -6 -7 11 8 -10 -11 -12 -13 -14 -15
leaf_value=0.0083668983149593201 -0.0042936351654046523 -0.00047005646593337245 0.016926831448340819 -0.003446755451127782 -0.0036215742077688349 -0.00052828782877553215 -0.0072183188690389359 0.012800238028990069 -0.004007935523119799 -0.00013172640800377026 0.0094635546413975626 -0.00091307505025393693 -0.016537504197188187 0.0056229408689223081
leaf_weight=1397.7231098785996 2979.4637311808765 1734.0539165697992 346.17048351839185 240.84210912883282 593.92632319778204 583.64195465296507 799.82908550649881 155.40042336285114 373.12979874387383 142.03589541465044 479.82395447790623 4051.0089205019176 58.402698084712029 806.10440532490611
leaf_count=10552 39947 18872 2202 2175 4900 4572 9012 1073 2885 1005 3978 40630 662 8024
internal_value=-7.63211e-06 -0.00182493 0.00109938 0.000428449 0.00358857 0.00575719 -0.00103605 0.0064188 0.00107999 0.0120609 0.00516089 -0.00196542 0.00101124 0.00147799
internal_weight=14741.6 5578.02 9163.53 8146.8 2575.29 1981.37 5571.5 1016.74 528.53 488.206 720.666 4850.84 2598.56 2540.16
internal_count=150489 67505 82984 75819 20024 15124 55795 7165 3958 3207 6153 49642 27558 26896
is_linear=0
shrinkage=0.035


Tree=88
num_leaves=15
num_cat=0
split_feature=14 10 15 8 19 28 8 3 4 3 28 25 12 34
split_gain=23.7863 25.2923 33.8242 31.8198 30.9738 31.7641 28.3149 35.8062 25.3699 22.4897 63.0121 25.6635 21.8473 26.2304
threshold=0.13843861222267154 0.35632327198982244 21.457318305969242 -0.33445568382740015 -0.14013647288084027 -0.40673658347942782 -0.2901491224765777 0.98640927672386181 -0.10538304969668387 0.41675773262977606 -0.42775260974793333 2.8200000000000007 0.50535187125206005 -0.021614717912531053
decision_type=2 2 2 2 2 2 2 2 2 2 2 2 2 2
left_child=12 3 -3 4 5 -2 8 -8 -4 11 -11 -5 13 -1
right_child=1 2 6 9 -6 -7 7 -9 -10 10 -12 -13 -14 -15
leaf_value=0.014412459931287296 0.010147953623945057 0.0034638628041625038 0.0035640712308420397 -0.010254650370358401 -0.012860587349041672 -0.012954026863339959 0.00031521096097952785 0.010863654575348748 -0.0043467883055477666 -0.01467875530696491 0.034156597629045389 0.00034598733168148178 -0.014716439677694742 -0.012858628246912272
leaf_weight=83.497837826609612 176.67942071333528 4264.216837272048 602.98023413494229 317.05220511555672 572.33266165107489 109.69454068690538 3170.7515227757394 440.27623942494392 2642.4538849629462 48.412378318607807 66.565939515829086 1930.7849458307028 241.89609617739916 70.481136120855808
leaf_count=1009 2130 41237 5717 4116 7705 1617 29242 3303 27416 343 403 22404 2940 907
internal_value=-7.42561e-06 0.000228874 0.00102012 -0.0024972 -0.00822516 0.00116032 -0.000502544 0.00162778 -0.00287057 -0.000389625 0.0140649 -0.001188 -0.00836306 0.00190669
internal_weight=14738.1 14342.2 11120.7 3221.52 858.707 286.374 6856.46 3611.03 3245.43 2362.82 114.978 2247.84 395.875 153.979
internal_count=150489 145633 106915 38718 11452 3747 65678 32545 33133 27266 746 26520 4856 1916
is_linear=0
shrinkage=0.035


Tree=89
num_leaves=15
num_cat=0
split_feature=16 14 11 17 28 3 26 16 17 34 25 3 25 14
split_gain=23.5131 26.6567 27.8086 27.3507 43.8223 38.1352 31.9856 28.7051 26.8556 25.1792 24.8756 23.1201 22.6048 18.4603
threshold=2.5090831518173222 0.3292378187179566 0.34475235641002661 0.025545100681483749 -1.8296610773469666 0.28465569019317633 -0.83499999999999985 0.47636085748672491 0.072426047176122679 -0.034402338185120167 4.9450000000000012 -0.15566270053386685 4.9450000000000012 0.13843861222267154
decision_type=2 2 2 10 2 2 2 2 10 2 2 2 2 2
left_child=1 2 10 4 11 -6 8 -8 -5 12 -1 -3 -4 -11
right_child=-2 3 9 6 5 -7 7 -9 -10 13 -12 -13 -14 -15
leaf_value=-0.0021995767889069944 -0.0065207212392232993 -0.0046236513319809786 -0.011519501212690859 0.00044166064422869304 -0.0075159429012422035 0.016170861093327032 -0.0058813723075131592 0.0039390861611446537 -0.0071995414954962485 -0.012948719943968319 -0.015163394216508601 0.02838537682051467 0.0097239462327747741 -0.0010361946217796632
leaf_weight=359.30652605742216 639.14842891693115 36.018409438431263 64.278759859502316 4322.7150559872389 1108.6640042737126 80.64966931194067 382.35109127685428 5379.0579388961196 637.73194689676166 194.82025479152799 364.3725256845355 64.840534210205078 374.59281505271792 727.30324733629823
leaf_count=4313 7281 361 981 43999 14806 610 3461 49250 6468 2495 4800 559 3117 7988
internal_value=-7.71382e-06 0.000292001 -0.00335189 0.000926656 -0.00386897 -0.00578825 0.00150679 0.0032783 -0.000553227 -0.000388072 -0.00884457 0.0172436 0.00642524 -0.00366491
internal_weight=14735.9 14096.7 2084.67 12012 1290.17 1189.31 10721.9 5761.41 4960.45 1361 723.679 100.859 438.872 922.124
internal_count=150489 143208 23694 119514 16336 15416 103178 52711 50467 14581 9113 920 4098 10483
is_linear=0
shrinkage=0.035


Tree=90
num_leaves=15
num_cat=0
split_feature=33 33 17 2 15 14 11 10 15 5 24 17 3 15
split_gain=22.7145 32.095 41.5988 26.6518 32.1412 24.5968 28.4067 23.513 23.3131 21.4059 21.0441 24.421 42.0054 35.5533
threshold=-0.067435648233345621 -0.15352333137110288 0.018719588406383995 0.51097109913826 23.095277786254886 0.34960705041885382 0.25995834171772009 1.1250154972076418 24.037861824035648 0.26171861588954931 0.030337849631905559 0.038118394091725356 0.55814805626869213 21.283999443054203
decision_type=2 2 10 2 2 2 2 2 2 2 2 8 2 2
left_child=1 2 -1 4 -4 6 -2 -5 9 -3 11 12 -7 -13
right_child=5 8 3 7 -6 10 -8 -9 -10 -11 -12 13 -14 -15
leaf_value=-0.02170113761192417 -0.020736393950676498 0.0032243196704734084 8.3624678267687591e-05 0.010256272616580169 -0.0091783674146401501 -0.008590260178553558 -0.0040093728459083631 -0.011146941920283208 0.013236684491609019 -0.012052708627704035 0.0013976898997779034 0.0074980596357328835 0.02352130658098147 -0.0035576305417082585
leaf_weight=105.34280597791076 133.33266842365265 3572.2112485617399 2650.5680575221777 419.37562678009272 545.05217767134309 981.55698271095753 1011.6880314908922 65.194189101457596 270.71897646039724 106.33750598877668 3172.3838944099844 503.71596756950021 43.072516705840826 1153.0311698056757
leaf_count=1558 2202 26480 29655 3645 5572 14358 12325 674 1861 843 31658 6055 313 13290
internal_value=-8.23069e-06 0.00129821 -0.00100367 -0.000354013 -0.00151983 -0.00145185 -0.00611983 0.00720951 0.00350161 0.00275122 -0.000529894 -0.00280717 -0.00702609 -0.000171449
internal_weight=14733.6 7734.8 3785.53 3680.19 3195.62 6998.78 1145.02 484.57 3949.27 3678.55 5853.76 2681.38 1024.63 1656.75
internal_count=150489 70288 41104 39546 35227 80201 14527 4319 29184 27323 65674 34016 14671 19345
is_linear=0
shrinkage=0.035


Tree=91
num_leaves=15
num_cat=0
split_feature=16 14 11 17 34 3 26 16 17 15 25 17 17 34
split_gain=21.88 24.0367 25.7242 24.6504 40.995 37.2954 29.2401 29.3027 25.7403 24.3002 23.1174 19.522 18.4388 17.1198
threshold=2.5090831518173222 0.3292378187179566 0.34475235641002661 0.026503909379243854 -0.026535316142143547 0.19350939244031909 -0.83499999999999985 0.47636085748672491 0.072426047176122679 21.698660850524906 4.9450000000000012 0.018719588406383995 0.058875760063529022 -0.034402338185120167
decision_type=2 2 2 10 2 2 2 2 10 2 2 8 8 2
left_child=1 2 10 4 5 -3 8 -8 -5 13 -1 -6 -2 -4
right_child=12 3 9 6 11 -7 7 -9 -10 -11 -12 -13 -14 -15
leaf_value=-0.0021184346036655847 -0.01604653037270418 7.2216853326728182e-05 0.011461791076426989 0.00047512539591097508 -0.018221606234969618 0.024549848031049804 -0.0061440086841351802 0.0038514467829273689 -0.0070303280085813099 -0.0054510299953327256 -0.014676346627633627 -0.005354520664909105 -0.0026487347961342482 0.00021240439331271247
leaf_weight=358.54702283069491 164.439049705863 524.16650992259383 236.06759151443839 4234.5097536183894 178.12460371479392 79.245294410735369 376.52599656581879 5298.9970473311841 634.84634957462549 614.39173270761967 357.85001825913787 693.27588956803083 471.08818987756968 508.72514098137617
leaf_count=4313 1992 5645 2164 42876 2934 557 3413 48231 6468 6585 4800 9390 5289 5832
internal_value=-9.10988e-06 0.000279266 -0.00318974 0.000880454 -0.00334325 0.00363465 0.00147379 0.00317869 -0.000515807 -0.000345478 -0.00850697 -0.0081616 -0.00631022 0.0038826
internal_weight=14730.8 14095.3 2075.58 12019.7 1474.81 603.412 10544.9 5675.52 4869.36 1359.18 716.397 871.4 635.527 744.793
internal_count=150489 143208 23694 119514 18526 6202 100988 51644 49344 14581 9113 12324 7281 7996
is_linear=0
shrinkage=0.035


Tree=92
num_leaves=15
num_cat=0
split_feature=22 11 25 15 8 11 17 12 14 1 9 11 32 3
split_gain=21.3723 31.391 48.3408 29.6987 29.0899 27.0797 26.995 25.0407 21.7153 20.9389 28.2217 24.195 20.7133 21.3793
threshold=0.2409842982888222 0.30258381366729742 2.8200000000000007 21.283999443054203 -0.31995129585266108 0.54628348350524913 0.10907609760761262 1.3706247210502627 0.30777771770954138 0.17308102548122409 0.27947486937046057 0.19441273063421252 0.017871659466422444 0.4786823987960816
decision_type=2 2 2 2 2 2 8 2 2 2 2 2 2 2
left_child=1 2 9 -3 5 12 8 -4 -6 11 -11 -1 -2 -14
right_child=4 3 7 -5 6 -7 -8 -9 -10 10 -12 -13 13 -15
leaf_value=-0.021266260550355794 -0.012101653409597795 0.0072010994774163051 0.0061243486998408892 0.00099584361000405264 -0.0061306351313719521 0.0048915074193543991 -0.016397726942245994 -0.01269761889975018 0.0014777007592468104 0.032368848929268078 -0.0026730303982079305 -0.0061362305907977028 -0.0026425335822677794 -0.014353689612117851
leaf_weight=147.83846317231655 413.97116654738784 1531.5355542711914 793.72449197620153 2450.9015011489391 496.61443325132132 381.58840605989099 104.51317987591028 87.640213638544083 4947.3787649646401 26.260327305644751 120.3128816857934 823.08041648939252 2203.366753205657 200.15843575820327
leaf_count=2161 5796 13144 5722 20707 6445 4236 1186 716 51300 139 923 8676 27367 1971
internal_value=-1.00523e-05 0.00160077 -0.00197164 0.00339427 -0.00111205 -0.00376454 0.000421318 0.0041313 0.000773682 -0.00677897 0.00527149 -0.00863334 -0.00495003 -0.00367323
internal_weight=14728.9 5981.29 1998.86 3982.44 8747.59 3199.08 5548.51 881.365 5443.99 1117.49 146.573 970.919 2817.5 2403.53
internal_count=150489 52188 18337 33851 98301 39370 58931 6438 57745 11899 1062 10837 35134 29338
is_linear=0
shrinkage=0.035


Tree=93
num_leaves=15
num_cat=0
split_feature=33 17 28 16 2 28 6 33 8 17 33 16 15 0
split_gain=20.7162 29.3654 23.5967 30.893 37.2633 22.019 25.9523 29.8654 28.5969 27.2848 20.9327 20.3369 34.7868 26.4225
threshold=-0.067435648233345621 0.022139697335660461 -1.1401333311752746 2.6452856063842778 0.02094739489257336 1.0000000180025095e-35 -0.2089731618762016 1.0000000180025095e-35 -0.22132705897092816 0.036081694066524513 -0.15352333137110288 1.4597733616828921 22.810374259948734 -0.12317295745015143
decision_type=2 10 2 2 2 2 2 2 2 8 2 2 2 2
left_child=1 10 -3 4 -4 11 7 -7 9 -8 -1 12 -2 -14
right_child=5 2 3 -5 -6 6 8 -9 -10 -11 -12 -13 13 -15
leaf_value=-0.015331025911681954 -0.00061242691146401918 -0.00083562272389217022 0.0014762442140222693 -0.01225405147716209 0.0082027229449872525 0.009383715071925449 -0.016916184774672265 -0.0064349375924923772 -0.00057643375056239739 -0.0055529082308903967 0.00022014218942643449 -0.0043386642204087432 -0.0039749203726727397 0.01088443448213444
leaf_weight=206.69205597415566 2625.1316662728786 2715.3788786716759 2938.4408941566944 142.37991540133953 1531.0148917138577 326.45931239798665 376.39453564956784 249.3575528152287 771.96870281174779 836.89499834924936 207.08150334656239 972.88574983179569 183.29781239107251 643.31129808351398
leaf_count=3050 25829 30895 22838 1319 10323 3745 7008 3895 9632 12255 1863 10738 1501 5598
internal_value=-1.1062e-05 0.00123522 0.00175114 0.0032727 0.00379357 -0.00139188 -0.0039678 0.00254054 -0.00585879 -0.00918756 -0.00772659 0.000104709 0.001366 0.0075813
internal_weight=14726.7 7740.99 7327.21 4611.84 4469.46 6985.7 2561.08 575.817 1985.26 1213.29 413.774 4424.63 3451.74 826.609
internal_count=150489 70288 65375 34480 33161 80201 36535 7640 28895 19263 4913 43666 32928 7099
is_linear=0
shrinkage=0.035


Tree=94
num_leaves=15
num_cat=0
split_feature=14 16 17 34 3 26 17 16 12 34 17 17 6 6
split_gain=20.6189 20.7386 22.2685 35.5032 29.0879 22.673 26.5586 26.5542 20.7269 23.7989 17.9923 17.9486 15.2557 13.3729
threshold=0.13843861222267154 2.5090831518173222 0.025545100681483749 -0.026535316142143547 0.16737139225006106 -0.83499999999999985 0.055040568113327033 0.44564309716224676 0.50535187125206005 -0.021614717912531053 0.058875760063529022 0.018719588406383995 -0.235172264277935 -0.014911200385540722
decision_type=2 2 10 2 2 2 10 2 2 2 8 8 2 2
left_child=8 2 3 4 -2 6 -4 -7 9 13 -3 -5 -10 -1
right_child=1 10 5 11 -6 7 -8 -9 12 -11 -12 -13 -14 -15
leaf_value=0.0012540195413491273 -0.00056423440762023167 -0.015699189359298791 0.00096929105026286326 -0.018018340220835677 0.020763089176776408 -0.0042269675595797843 -0.0041264650180269412 0.0031059387582126749 0.0072000085504939854 -0.012202716898816954 -0.0023528276461886365 -0.0054804419389155043 -0.017448123845907056 0.027936742968016407
leaf_weight=50.113250952214003 471.78182488679886 160.74900600686669 3957.410498291254 178.7452808264643 83.820699069648981 664.92075159773231 1821.5694769285619 5922.5901544988155 30.226018354296684 68.719507616013288 466.48753654584289 605.29917559027672 206.45491219311953 34.158297877758741
leaf_count=573 5191 1973 41738 3020 593 6596 18137 54637 321 907 5265 8483 2619 436
internal_value=-1.19558e-05 0.000206543 0.000493159 -0.00377641 0.00296351 0.000958354 -0.000641276 0.0023605 -0.00785313 0.00213773 -0.00596594 -0.00852973 -0.0141361 0.0138857
internal_weight=14723 14333.4 13706.1 1339.65 555.603 12366.5 5778.98 6587.51 389.672 152.991 627.237 784.044 236.681 84.2715
internal_count=150489 145633 138395 17287 5784 121108 59875 61233 4856 1916 7238 11503 2940 1009
is_linear=0
shrinkage=0.035


Tree=95
num_leaves=15
num_cat=0
split_feature=6 10 22 22 30 5 17 15 5 17 24 26 22 6
split_gain=20.4241 23.3663 27.0708 23.0316 23.9056 25.8649 31.6923 22.3178 24.332 19.2378 19.0343 18.7712 17.3305 13.2288
threshold=0.23988238722085956 1.1250154972076418 0.14778323471546176 0.39354364573955541 -0.24999999999999975 -0.13806117326021192 0.053833562880754478 20.414081573486332 -0.013550621923059223 0.036081694066524513 0.027712903916835788 -0.83499999999999985 0.19535173475742343 -0.2089731618762016
decision_type=2 2 2 2 2 2 8 2 2 8 2 2 2 2
left_child=3 2 -2 4 9 12 -7 -4 -9 -1 -3 13 -6 -5
right_child=1 10 7 11 5 6 -8 8 -10 -11 -12 -13 -14 -15
leaf_value=-0.016538920763809067 0.023213828225386948 0.017250715053798698 0.027074758349609866 0.004753218511315287 0.0081454101980021829 0.00095719947960284479 -0.0042105171776649422 0.016687348173333835 0.0016200609780723325 -0.0028757438008103829 -0.0097003108621783584 0.0014843919823772454 0.0010137270274131721 -0.0069008193219744383
leaf_weight=153.77610653825104 82.208418555557728 27.661130286753178 38.624313585460186 123.53320107236505 818.76311503723264 6350.9588405825198 1874.4636174589396 134.28929036483169 1496.2820522002876 577.98746781051159 234.40343167632818 573.79213248565793 847.5252038910985 1387.0983058642596
leaf_count=2923 474 212 313 1878 5584 61318 18065 1046 12527 8714 2291 5958 7605 21581
internal_value=-1.23135e-05 0.0032538 0.00471503 -0.000531956 0.000129259 0.000583137 -0.000224137 0.00367114 0.00295511 -0.00593124 -0.0063261 -0.00388643 0.0045457 -0.00592281
internal_weight=14721.4 2013.47 1751.4 12707.9 10623.5 9891.71 8225.42 1669.2 1630.57 731.764 262.065 2084.42 1666.29 1510.63
internal_count=150489 16863 14360 133626 104209 92572 79383 13886 13573 11637 2503 29417 13189 23459
is_linear=0
shrinkage=0.035


Tree=96
num_leaves=15
num_cat=0
split_feature=32 3 11 10 25 22 16 8 15 3 15 17 12 6
split_gain=19.5744 24.9111 23.1924 20.1165 19.5004 21.6579 19.1463 19.5655 21.3682 17.3819 23.4524 22.9509 17.2861 15.9653
threshold=0.018885187133953932 1.306795656681061 0.54628348350524913 0.85165280103683483 0.55000000000000016 0.45299300551414495 1.0459198951721194 -0.32708612084388727 23.553899765014652 1.973869323730469 24.487442970275882 0.058875760063529022 1.1723017096519472 0.10359926894307138
decision_type=2 2 2 2 2 2 2 2 2 2 2 8 2 2
left_child=1 2 -1 -4 6 9 -2 -8 -9 11 -11 -6 -3 -7
right_child=4 12 3 -5 5 13 7 8 -10 10 -12 -13 -14 -15
leaf_value=-0.0043363844127640438 -0.009065082750907406 0.0042483359457612243 0.019618667556800133 -0.00097341386031027377 0.0021175451604643972 -0.0084224783524128148 -0.0060591834021392179 0.022054288975411718 -0.010131826308431157 0.0016746910509904689 0.025745288004015265 -0.0019554519529852571 0.032025904480565311 0.00071858656755094104
leaf_weight=2521.1045332867652 463.93031014129519 126.71588154882193 84.626410607248545 148.32038548961282 7832.7699063904583 485.89347207173705 127.44609706103802 79.283678732812405 28.437440305948257 124.6328435279429 74.045313127338886 2153.4414770528674 26.565645456314087 440.52587094157934
leaf_count=32258 7306 1115 743 1670 70455 7879 2059 1063 359 885 508 19106 225 4858
internal_value=-1.07135e-05 -0.00257826 -0.00335504 0.00700702 0.000622979 0.000981291 -0.00500549 0.00304623 0.0134185 0.00144839 0.0114494 0.00123816 0.0107291 -0.00411451
internal_weight=14717.7 2907.33 2754.05 232.947 11810.4 11111.3 699.098 235.167 107.721 10184.9 198.678 9986.21 153.282 926.419
internal_count=150489 36011 34671 2413 114478 103691 10787 3481 1422 90954 1393 89561 1340 12737
is_linear=0
shrinkage=0.035


Tree=97
num_leaves=15
num_cat=0
split_feature=2 26 10 8 11 28 11 17 11 3 28 11 17 3
split_gain=19.4411 25.7538 20.6326 48.5327 31.3067 26.2065 42.0497 38.351 16.6804 17.8163 16.5863 16.0386 23.0655 15.4596
threshold=0.20264102518558505 -1.02 0.8854413926601411 -0.63458698987960804 0.52083775401115429 -0.40673658347942782 0.31236943602561956 0.056238353252410896 0.63749441504478466 0.061820993199944503 0.11821934401553548 0.18812978267669681 0.045464197173714645 0.65768250823020946
decision_type=2 2 2 2 2 2 2 8 2 2 2 2 10 2
left_child=2 11 4 10 5 7 -7 -1 9 -6 -4 -2 -13 -14
right_child=1 -3 3 -5 8 6 -8 -9 -10 -11 -12 12 13 -15
leaf_value=0.0020575879585164498 -0.015012855514096812 0.0048982248698823776 0.0027721164811940146 -0.012197713108485919 0.02013342314288977 -0.0058928293746179639 0.00073384102144569195 -0.0064062251986904987 -0.0047951814578759992 0.0018122118024054745 0.027796666667900285 0.0073163793432951731 -0.0065982828859040841 0.0020664826818109806
leaf_weight=4865.410017028451 86.574419192969799 1968.1496527455747 127.16281024366617 486.17979892715812 174.19124692678452 2366.463065829128 2312.5255363509059 747.89960727468133 70.982400070875883 103.79654961451888 34.844225626438856 354.14180675521493 585.00912651047111 431.31268171221018
leaf_count=46547 950 16347 1241 5287 1611 31354 24402 7315 662 863 384 3554 6333 3639
internal_value=-9.02816e-06 0.00229673 -0.000710001 -0.00672379 -0.000337717 -0.00069144 -0.00262311 0.000920509 0.00982337 0.013593 0.00945747 -0.00122678 -0.000253447 -0.00293677
internal_weight=14714.6 3425.19 11289.5 648.187 10641.3 10292.3 4678.99 5613.31 348.97 277.988 162.007 1457.04 1370.46 1016.32
internal_count=150489 30823 119666 6912 112754 109618 55756 53862 3136 2474 1625 14476 13526 9972
is_linear=0
shrinkage=0.035


Tree=98
num_leaves=15
num_cat=0
split_feature=14 12 34 10 15 8 19 3 26 23 32 24 5 3
split_gain=19.03 19.7289 22.5637 19.5452 29.5474 29.5276 29.2499 24.5637 27.5574 21.343 18.4147 18.3407 24.4124 18.1193
threshold=0.13843861222267154 0.50535187125206005 -0.021614717912531053 0.35632327198982244 21.516384124755863 -0.33445568382740015 -0.14013647288084027 -0.07004500180482863 -1.3799999999999999 0.096428066492080702 0.019536802125425305 0.03079191874712706 0.10681423917412759 0.65768250823020946
decision_type=2 2 2 2 2 2 2 2 2 2 2 2 2 2
left_child=1 2 -1 5 11 6 10 9 -9 -6 -2 12 -5 -7
right_child=3 -3 -4 4 7 13 -8 8 -10 -11 -12 -13 -14 -15
leaf_value=0.013498612327225146 -0.011427182589710446 -0.013766613043278388 -0.011930604288313176 0.0038491833459384094 -0.011627311536596756 -0.00068856318233250337 -0.012340773772319904 -0.0062314591852654496 0.0022151412365512282 -0.0020366747244902747 0.0071230641324744196 0.00056217073358817054 0.014967694912985623 0.018186882720375025
leaf_weight=84.8907101303339 85.599679499864578 233.5169220790267 68.005813214927912 2232.3651770092547 316.56868014857173 2291.106591263786 561.45097903907299 535.60002937912941 3563.4625496789813 2253.7563550435007 199.10070485062897 1969.1674917638302 263.77810518443584 54.033969081938267
leaf_count=1009 1411 2940 907 22731 4931 26967 7705 5065 30464 23422 2336 17947 2355 299
internal_value=-8.64462e-06 -0.00757332 0.00215005 0.000200537 0.000892794 -0.00221005 -0.00777333 -0.00058266 0.001099 -0.00325837 0.00134714 0.00309291 0.00507916 -0.000178282
internal_weight=14712.4 386.413 152.897 14326 11134.7 3191.29 846.151 6669.39 4099.06 2570.33 284.7 4465.31 2496.14 2345.14
internal_count=150489 4856 1916 145633 106915 38718 11452 63882 35529 28353 3747 43033 25086 27266
is_linear=0
shrinkage=0.035


Tree=99
num_leaves=15
num_cat=0
split_feature=14 4 14 11 8 10 10 15 2 33 26 30 22 14
split_gain=18.1686 25.1908 27.5311 24.33 21.8415 32.7346 21.3689 18.0833 27.6923 24.0323 15.8943 15.8842 18.1979 17.4557
threshold=0.36997146904468542 -0.072564013302326189 2.807222962379456 0.25523030757904058 -0.31995129585266108 0.30602635443210607 0.85165280103683483 21.698660850524906 0.22528104484081271 -0.18866093066063841 -1.2850000000000001 -0.24999999999999975 0.28485128283500677 0.91560068726539623
decision_type=2 2 2 2 2 2 2 2 2 2 2 2 2 2
left_child=3 11 4 -1 5 -3 -6 9 10 -5 -9 -2 -13 -14
right_child=1 2 -4 7 6 -7 -8 8 -10 -11 -12 12 13 -15
leaf_value=-0.012074144223773883 -0.0048824125957259226 -0.01202919016087736 -0.0054295817111153447 -0.010982516946951322 0.0024290612740656974 -0.00056878621192509287 -0.0056017625822820626 0.0019989851430433224 0.0030728625457922187 0.0028847432132989006 -0.012192958974700371 0.0082642311102744687 -0.0042498089023667081 0.0083331319806208785
leaf_weight=288.33685317263007 194.05039909854531 328.0292992927134 1057.1448833160102 165.42633263394237 5358.3275952227414 3167.2572817727923 429.68056742474437 116.43910172209144 322.26711601391435 1196.5060880146921 493.91588542982936 1034.2711140736938 353.76613929867744 204.83423662558198
leaf_count=4096 2987 5198 11465 2000 52095 31977 4011 1126 3253 12878 5783 7550 3833 2237
internal_value=-8.91173e-06 0.000559232 -0.000105362 -0.00266837 0.00050613 -0.00167558 0.00182425 -0.00143916 -0.00516693 0.00113259 -0.00949694 0.00438424 0.00553657 0.000429661
internal_weight=14710.3 12127.4 10340.4 2582.89 9283.29 3495.29 5788.01 2294.55 932.622 1361.93 610.355 1786.92 1592.87 558.6
internal_count=150489 121353 104746 29136 93281 37175 56106 25040 10162 14878 6909 16607 13620 6070
is_linear=0
shrinkage=0.035


Tree=100
num_leaves=15
num_cat=0
split_feature=33 17 14 11 10 11 24 6 17 33 3 19 11 24
split_gain=17.7898 26.3021 20.2011 25.4377 20.1736 28.9758 21.7603 21.0674 21.7135 19.1796 28.4776 23.4985 19.0001 17.7834
threshold=-0.067435648233345621 0.022139697335660461 0.34960705041885382 0.25995834171772009 0.72768214344978344 0.52083775401115429 0.03199290111660958 0.55724498629570018 0.063575956970453276 -0.15352333137110288 0.099298968911170973 -0.04666155390441417 0.58220034837722789 0.030337849631905559
decision_type=2 10 2 2 2 2 2 2 10 2 2 2 2 2
left_child=1 9 3 -2 5 6 -3 12 -9 -1 11 -11 -6 -4
right_child=2 4 13 -5 7 -7 -8 8 -10 10 -12 -13 -14 -15
leaf_value=-0.014781473493838411 -0.019761965332648686 0.0032678812709523936 -0.002566393100027094 -0.003587338183736587 -0.0063108153361521903 0.022378142733194897 -0.0021298972991034421 0.034851427797052248 0.0032182696066691491 0.011156831184876434 0.024825438329037941 -0.014756862357124799 0.0038997788365525373 0.0013064802696882089
leaf_weight=202.19180243462324 126.54351482354105 4706.1243896149099 2660.5336594544351 999.9229501336813 926.14365535974503 78.862322509288788 1127.7032320685685 21.40000031888485 191.48811039328575 56.53165390342474 35.824051924049854 114.6983283944428 285.6512754522264 3174.76153742522
leaf_count=3050 2202 39703 34016 12325 9041 565 11723 179 1625 526 208 1129 2539 31658
internal_value=-9.90961e-06 0.00114332 -0.00129295 -0.00556224 0.00162848 0.00252877 0.00222261 -0.00209947 0.00781907 -0.00738655 0.000183035 -0.0060579 -0.0038917 -0.00046068
internal_weight=14708.4 7746.62 6961.76 1126.47 7337.37 5912.69 5833.83 1424.68 212.888 409.246 207.054 171.23 1211.79 5835.3
internal_count=150489 70288 80201 14527 65375 51991 51426 13384 1804 4913 1863 1655 11580 65674
is_linear=0
shrinkage=0.035


Tree=101
num_leaves=15
num_cat=0
split_feature=6 16 14 11 34 4 17 20 15 15 33 11 25 3
split_gain=17.5621 18.8058 17.4547 22.0642 18.2361 17.1764 22.4506 17.9121 16.6703 17.3382 18.5224 15.6149 21.0499 13.838
threshold=0.23988238722085956 2.5090831518173222 0.13843861222267154 0.58220034837722789 -0.034402338185120167 -0.18132047355175016 0.06977346166968347 -0.13083248585462567 20.414081573486332 25.351690292358402 0.058056359559867328 0.52083775401115429 2.4450000000000007 -0.082374900579452501
decision_type=2 2 2 2 2 2 8 2 2 2 2 2 2 2
left_child=1 2 3 -1 -5 7 -7 -4 -2 11 -11 12 -10 -13
right_child=8 -3 5 4 -6 6 -8 -9 9 10 -12 13 -14 -15
leaf_value=-0.011193768498284606 0.022052487757321035 -0.0075005252478264383 0.020033738212062027 0.028059243291218283 -0.0088271082414049951 0.00023640352949961667 -0.0056770970185482886 0.00092363889411757117 0.014503817383205015 0.019167141119413166 -0.010694367045651187 0.016586615483631724 0.0014839853351699401 -0.0079472238793257179
leaf_weight=310.34123837947845 44.978464510291815 442.32677941396832 95.685509543865919 26.443834867328405 23.16061894968152 10808.092686774209 838.12720900774002 141.62095372378826 161.62111273780465 120.33690251410007 24.736507199704647 21.859984379261732 1368.8080398105085 277.51498177275062
leaf_count=4064 352 5389 660 230 309 112822 8800 1352 1018 928 233 268 11675 2389
internal_value=-8.8938e-06 -0.000492193 -0.000233085 -0.00771992 0.0122453 -1.23021e-08 -0.00019367 0.00912762 0.00301396 0.00247144 0.0137142 0.00151038 0.00294417 -0.00567757
internal_weight=14705.7 12685.8 12243.5 359.946 49.6045 11883.5 11646.2 237.306 2019.86 1974.88 145.073 1829.8 1530.43 299.375
internal_count=150489 133626 128237 4603 539 123634 121622 2012 16863 16511 1161 15350 12693 2657
is_linear=0
shrinkage=0.035


Tree=102
num_leaves=15
num_cat=0
split_feature=22 33 0 2 17 8 11 9 14 11 28 26 28 8
split_gain=17.1247 21.3382 20.9733 22.039 20.7508 18.9562 19.9055 18.1357 17.4311 18.6989 18.8831 17.0397 14.7696 11.5131
threshold=0.39354364573955541 -0.067435648233345621 -0.24409237504005429 0.02094739489257336 0.016014039516448978 -0.2901491224765777 0.48313251137733465 0.48666475713253027 0.36997146904468542 0.25995834171772009 -0.20349242140922372 -0.94500000000000017 1.0000000180025095e-35 -0.32708612084388727
decision_type=2 2 2 2 10 2 2 2 2 2 2 2 2 2
left_child=1 2 -1 7 -2 -6 12 -4 9 -3 -11 -5 -7 -10
right_child=4 8 3 11 5 6 -8 -9 13 10 -12 -13 -14 -15
leaf_value=0.012399895631756939 -0.022666523921622637 -0.017194102835749434 0.0020755713960672554 8.0503179115439208e-05 -0.0059605189231267969 0.0023704201224523393 -0.016359989181104758 -0.0031165449308884663 -0.0018386922287982493 0.0013169498348108116 -0.0082086416144758756 0.006731291753009125 -0.0072930737598765182 0.0014785231110879915
leaf_weight=223.05394384264946 51.326500991359353 121.55734786391258 1971.2903938740492 713.99003725498915 955.2564928997308 1399.8286746405065 74.660226542502642 1401.0107856914401 2275.944266365841 545.17450128868222 465.00572762265801 1383.1787847802043 214.77320923097432 2907.4215431343764
leaf_count=1531 911 2006 16578 5586 14718 15789 880 11273 26035 5101 6811 9956 3282 30032
internal_value=-7.12109e-06 0.000559275 0.0021115 0.00167005 -0.00252266 -0.00204778 0.00018688 -8.43121e-05 -0.000841045 -0.00475593 -0.00310535 0.00447813 0.00104801 2.12439e-05
internal_weight=14703.5 12007.6 5692.52 5469.47 2695.85 2644.52 1689.26 3372.3 6315.1 1131.74 1010.18 2097.17 1614.6 5183.37
internal_count=150489 114909 44924 43393 35580 34669 19951 27851 69985 13918 11912 15542 19071 56067
is_linear=0
shrinkage=0.035


Tree=103
num_leaves=15
num_cat=0
split_feature=32 3 11 26 25 16 33 18 11 16 4 21 17 8
split_gain=16.9873 22.6078 21.0115 17.4506 16.7154 17.9607 17.8045 27.1379 24.5197 21.3421 26.2257 25.0115 20.2495 17.5049
threshold=0.018885187133953932 1.306795656681061 0.54628348350524913 -0.93500000000000039 0.55000000000000016 1.0459198951721194 -0.16801730899034531 0.12844745069742206 0.48313251137733465 1.1785116195678713 -0.09669839963316916 0.072448831051588072 0.018719588406383995 -0.32708612084388727
decision_type=2 2 2 2 2 2 2 2 2 2 2 2 8 2
left_child=1 2 3 -1 5 -2 7 12 -9 11 -11 -8 -6 -7
right_child=4 -3 -4 -5 6 13 9 8 -10 10 -12 -13 -14 -15
leaf_value=-0.0075955648494756244 -0.0086325022519821906 0.010214149603812801 0.0066773874528715561 -0.0016517678980604549 -0.021421187232444568 -0.005596528040655681 0.0019580646724066454 0.008581006864770804 -0.018103784068101463 0.010037612940704849 -0.0017999552062646505 0.008643765220364889 -0.0027702347211029828 0.012852436043014682
leaf_weight=1021.5110222660005 457.46767464093864 154.56775069609284 234.15916215255857 1481.7135023288429 64.408659845590591 125.61443178728223 4983.2022328097373 408.45303311944008 37.520545825362206 240.77134940773249 2669.3718219101429 787.02795071154833 1926.570705384016 108.63508332148194
leaf_count=16179 7306 1340 2413 16079 1124 2059 41439 4139 456 2028 24356 6324 23825 1422
internal_value=-8.47958e-06 -0.0024079 -0.00315519 -0.00409787 0.000580662 -0.00465948 0.000910596 -0.00172796 0.00598817 0.00165249 -0.000789552 0.00288333 -0.00347764 0.00313524
internal_weight=14701 2891.95 2737.38 2503.22 11809 691.717 11117.3 2436.95 445.974 8680.37 2910.14 5770.23 1990.98 234.25
internal_count=150489 36011 34671 32258 114478 10787 103691 29544 4595 74147 26384 47763 24949 3481
is_linear=0
shrinkage=0.035


Tree=104
num_leaves=15
num_cat=0
split_feature=22 11 25 15 8 17 11 19 6 8 4 23 3 15
split_gain=16.3027 29.1365 41.6603 26.6618 23.6717 24.3943 23.407 22.0532 19.8398 19.59 19.306 19.2108 19.1393 20.7522
threshold=0.2409842982888222 0.30258381366729742 2.8200000000000007 21.283999443054203 -0.31995129585266108 0.10907609760761262 0.54628348350524913 -0.059856178238987916 -0.029338424094021317 -0.51332992315292347 0.010724343825131656 0.26067323982715612 -0.095044337213039384 21.516384124755863
decision_type=2 2 2 2 2 8 2 2 2 2 2 2 2 2
left_child=1 2 -1 9 6 12 -2 10 -5 -3 -4 -10 13 -6
right_child=4 3 7 8 5 -7 -8 -9 11 -11 -12 -13 -14 -15
leaf_value=-0.006558161786967511 -0.0045027926972099081 0.0014577488660361562 0.0064814989222559414 -0.0016698850589490423 0.0016705399311981884 -0.01577464160285575 0.0046364757894745571 0.00046806077878525743 0.0020839205272547528 0.0096680853430799411 0.030640835126793445 0.013988897254230316 0.0019569084130195056 -0.0068176345753222104
leaf_weight=1106.7515234537423 2781.6825184430927 561.91960451006889 158.71652087941766 1498.0489800237119 667.91008057072759 101.87712036445737 383.2001319937408 682.06502021104097 750.55556500330567 980.94147991389036 48.445676498115063 205.01294635608792 4040.5859646350145 730.44641153514385
leaf_count=11899 35134 4565 1115 13430 9090 1186 4236 4986 5634 8579 337 1643 39295 9360
internal_value=-8.70138e-06 0.00139495 -0.00205164 0.00311712 -0.00097538 0.000404659 -0.0033851 0.00356783 0.000842039 0.00670647 0.0132821 0.0047565 0.000736108 -0.00278027
internal_weight=14698.2 5992.46 1995.98 3996.48 8705.7 5540.82 3164.88 889.227 2453.62 1542.86 207.162 955.569 5438.94 1398.36
internal_count=150489 52188 18337 33851 98301 58931 39370 6438 20707 13144 1452 7277 57745 18450
is_linear=0
shrinkage=0.035


Tree=105
num_leaves=15
num_cat=0
split_feature=14 8 14 4 10 22 10 8 19 19 1 12 33 3
split_gain=16.1203 19.2193 17.4838 21.0082 18.7512 28.0425 26.9228 21.6776 24.504 18.1537 18.0496 15.6175 15.5573 12.922
threshold=0.13843861222267154 -0.67240372300147999 2.807222962379456 -0.077750287950038896 0.35632327198982244 0.18800405412912372 0.62790167331695568 -0.33445568382740015 -0.14013647288084027 0.020542568527162079 0.074084550142288222 0.50535187125206005 -0.21630575307045893 -0.043394366279244416
decision_type=2 2 2 2 2 2 2 2 2 2 2 2 2 2
left_child=1 -1 4 -4 7 10 -7 8 -2 -9 -6 13 -5 -3
right_child=2 11 3 12 5 6 -8 9 -10 -11 -12 -13 -14 -15
leaf_value=0.022944006595540703 0.0016123057167880452 -0.011774732109286975 0.013879243066252734 0.0079651605463780268 0.00274954302873576 0.0016612625708620633 -0.0027859530745047833 0.0027758466682376672 -0.011265044323032124 -0.0035462057216207143 0.009601317762679782 -0.01454959081435093 -0.0065486851962259732 0.0081730724528566428
leaf_weight=15.346231907606123 273.07399819046259 56.804737020283937 65.965573206543922 91.300117835402489 2285.3337006121874 4755.2448558434844 2555.2440104708076 1210.9020607154816 514.08520999737084 1012.2871505115181 588.44729780778289 219.5664432272315 963.93424712866545 88.343763079494238
leaf_count=176 3617 808 626 894 19689 46910 26022 15191 7198 10549 4322 2848 10615 1024
internal_value=-7.82907e-06 -0.0070281 0.000183323 -0.0039929 0.000540949 0.00125822 0.00010514 -0.00188178 -0.00683357 -0.00010577 0.00418097 -0.0088679 -0.00522994 0.000110622
internal_weight=14695.9 380.061 14315.8 1121.2 13194.6 10184.3 7310.49 3010.35 787.159 2223.19 2873.78 364.715 1055.23 145.149
internal_count=150489 4856 145633 12135 133498 96943 72932 36555 10815 25740 24011 4680 11509 1832
is_linear=0
shrinkage=0.035


Tree=106
num_leaves=15
num_cat=0
split_feature=6 10 22 15 15 24 22 28 6 17 3 15 17 10
split_gain=15.6522 20.583 22.2838 19.0954 23.2185 17.644 17.6212 17.9376 28.2408 23.5039 23.1094 17.317 16.3894 15.5682
threshold=0.23988238722085956 1.1250154972076418 0.14778323471546176 20.414081573486332 22.722258567810062 0.027712903916835788 0.39354364573955541 -0.54304400321254487 -0.30910861492156977 0.053833562880754478 -0.30060885846614832 21.012263298034672 0.016014039516448978 0.49564811587333685
decision_type=2 2 2 2 2 2 2 2 2 8 2 2 10 2
left_child=6 2 -2 -4 -5 -3 7 9 11 -1 -10 -9 -8 -14
right_child=1 5 3 4 -6 -7 12 8 10 -11 -12 -13 13 -15
leaf_value=0.0033838261015899595 0.020772948058012334 0.016375919967638406 0.024555412927869832 -0.0026437496410499435 0.0058646556940595649 -0.0094673747410570826 -0.022385795251400265 0.0106853315112393 -0.0062678875124198615 -0.0030110825895577698 -0.00075199621512755173 0.00033272185556763384 -0.00074245008059652183 -0.0072906369766079591
leaf_weight=3123.6057589650154 84.48467430472374 28.084137585014105 40.14962249994278 632.97072008624673 1006.2377247288823 232.41966180875897 44.574918227270246 361.85644985735416 1154.4452205691487 899.62853340432048 4648.4567575454712 424.59223129600286 1359.7052176613361 652.90654515847564
leaf_count=26246 474 212 313 5201 8372 2291 845 3006 14015 8182 49021 3739 19171 9401
internal_value=-7.34498e-06 0.00284258 0.00420229 0.00325063 0.00258308 -0.0061789 -0.000464581 0.000111165 -0.00101279 0.00194995 -0.00185824 0.00517046 -0.00342091 -0.00289227
internal_weight=14694.1 2024.35 1763.84 1679.36 1639.21 260.504 12669.8 10612.6 6589.35 4023.23 5802.9 786.449 2057.19 2012.61
internal_count=150489 16863 14360 13886 13573 2503 133626 104209 69781 34428 63036 6745 29417 28572
is_linear=0
shrinkage=0.035


Tree=107
num_leaves=15
num_cat=0
split_feature=3 10 10 8 19 26 2 10 3 5 17 6 6 27
split_gain=15.4027 18.2809 21.1413 24.0864 25.9928 22.9884 26.4972 24.1997 22.9354 19.8687 16.8388 19.8367 14.9254 23.8267
threshold=1.973869323730469 0.72768214344978344 0.35632327198982244 -0.33445568382740015 -0.14013647288084027 -1.1900000000000002 0.5978008806705476 0.5452413558959962 0.65768250823020946 -0.13806117326021192 0.029777491465210918 0.16709233075380328 0.059473162516951568 3.6987031166903832
decision_type=2 2 2 2 2 2 2 2 2 2 8 2 2 2
left_child=1 2 3 4 -1 7 -7 -4 -5 12 -11 -12 -3 -14
right_child=-2 9 5 8 -6 6 -8 -9 -10 10 11 -13 13 -15
leaf_value=0.001471515745180085 0.0076540873623749438 0.00099392035150725811 0.00044473767121775711 -0.00075893013448075325 -0.011500120895432701 0.0017051031173928801 0.012735210740113053 -0.0091183586782307979 0.020980636738880433 0.023769033052354085 -0.0078081524621975923 -0.00097436426419374698 0.035058605016490281 -0.0054358472423078723
leaf_weight=283.52404201030731 304.63157663494349 452.34977379068732 995.52749762311578 2294.3842064738274 546.77797086723149 6860.8469328321517 267.97839195281267 470.04307237267494 51.023660935461521 16.10330331325531 1115.5071296840906 973.7396831177175 32.061141867190599 26.789534512907267
leaf_count=3757 2333 4380 9515 27058 7731 66026 1970 4508 280 204 12819 9359 272 277
internal_value=-6.65627e-06 -0.000174073 0.000414764 -0.00202141 -0.00710588 0.00131626 0.00213699 -0.00266338 -0.000198926 -0.00281435 -0.00431427 -0.00464293 0.00332724 0.0185129
internal_weight=14691.3 14386.7 11770.1 3175.71 830.302 8594.4 7128.83 1465.57 2345.41 2616.55 2105.35 2089.25 511.2 58.8507
internal_count=150489 148156 120845 38826 11488 82019 67996 14023 27338 27311 22382 22178 4929 549
is_linear=0
shrinkage=0.035


Tree=108
num_leaves=15
num_cat=0
split_feature=32 3 8 3 22 25 6 12 12 17 26 27 16 6
split_gain=15.4557 20.322 20.0083 16.2502 17.0009 16.8557 21.0963 16.1871 16.1834 16.7185 15.0419 14.2118 13.9287 13.8476
threshold=0.018885187133953932 1.306795656681061 -0.6058957278728484 -0.52380105853080738 0.45299300551414495 0.55000000000000016 -0.30910861492156977 1.1723017096519472 1.3008324503898623 0.06977346166968347 -0.93500000000000039 3.113449664051871 1.0459198951721194 0.10359926894307138
decision_type=2 2 2 2 2 2 2 2 2 10 2 2 2 2
left_child=1 2 11 8 5 12 -7 -3 -2 -10 -4 -1 -5 -6
right_child=3 7 10 4 13 6 -8 -9 9 -11 -12 -13 -14 -15
leaf_value=-0.0070844722992135208 -0.0080189130652540061 0.0034235893028830011 -0.0071523784316903762 -0.0077290171071329782 -0.007960560572340819 0.008337874120853692 0.001225326545284372 0.029902849996991821 0.018340720549011782 -0.0059040530605825731 -0.001638712576556859 0.012494107969186204 0.003011317541056283 0.0006875335276121425
leaf_weight=55.522209376096725 465.10953838005662 128.676672834903 1015.1907075196505 432.62954957224429 454.7863008864224 531.62366944551468 9144.6113396137953 27.506996914744377 56.844537429511547 65.233074385672808 1502.6576535478234 152.63553646206856 215.51212205179036 440.1275072991848
leaf_count=431 4563 1115 16241 6932 7491 3971 82191 225 595 737 16326 1673 3167 4831
internal_value=-5.06173e-06 -0.00229834 -0.00301299 0.000556243 0.000854987 0.0012571 0.0016243 0.00960587 -0.00507055 0.00591922 -0.00388131 0.00718652 -0.00416628 -0.00374675
internal_weight=14688.7 2882.19 2726.01 11806.5 11219.3 10324.4 9676.24 156.184 587.187 122.078 2517.85 208.158 648.142 894.914
internal_count=150489 36011 34671 114478 108583 96261 86162 1340 5895 1332 32567 2104 10099 12322
is_linear=0
shrinkage=0.035


Tree=109
num_leaves=15
num_cat=0
split_feature=14 4 14 13 0 11 23 25 12 24 6 6 6 24
split_gain=14.891 17.1912 19.6042 21.9598 19.3052 16.0154 14.772 15.3034 14.4957 17.2448 16.5553 15.0454 15.8876 14.4035
threshold=0.19365141540765765 -0.048805382102727883 2.807222962379456 0.66324391961097728 0.034133229404687888 0.21124988794326785 0.096428066492080702 0.26500000000000007 0.54165938496589672 0.030391268432140354 0.0078121107071638116 -0.24991427361965177 0.16709233075380328 0.03079191874712706
decision_type=2 2 2 2 2 2 2 2 2 2 2 2 2 2
left_child=8 6 3 5 -5 -3 -2 -8 9 -1 -11 -10 -13 -9
right_child=1 2 -4 4 -6 -7 7 13 11 10 -12 12 -14 -15
leaf_value=-0.0070431097934341947 -0.0040451315128891639 -0.0039948508150444793 -0.0050335965832837663 -0.0066106736722283859 0.0048220472905381728 2.7481534717791533e-05 -0.006859211845209841 0.00619140166898234 0.0070514727011685941 0.00087392511058951704 0.024541437829063754 -0.012890877587710821 0.0081855164503349623 0.0013303485821327806
leaf_weight=140.01450469717383 384.18806567415595 1505.7519776988775 1023.5984122231603 195.33836749941111 1582.1439284421504 6062.3644142840058 167.92009626701474 1470.7813814915717 60.989848252385855 100.24685205519199 47.369767665863037 382.5437372494489 42.499029915779829 1520.325932238251
leaf_count=1922 5268 19109 11233 2012 15373 58707 2859 13455 614 1152 551 5031 442 12761
internal_value=-4.37071e-06 0.000259867 -0.000459677 4.61374e-05 0.00353568 -0.000777017 0.00236097 0.00315036 -0.0046987 0.00150426 0.00954394 -0.0083259 -0.0106438 0.00373328
internal_weight=14686.1 13912.4 10369.2 9345.6 1777.48 7568.12 3543.22 3159.03 773.664 287.631 147.617 486.033 425.043 2991.11
internal_count=150489 140777 106434 95201 17385 77816 34343 29075 9712 3625 1703 6087 5473 26216
is_linear=0
shrinkage=0.035


Tree=110
num_leaves=15
num_cat=0
split_feature=16 17 8 10 10 3 30 22 6 33 14 29 10 6
split_gain=14.2301 17.3317 16.0853 35.6639 26.5077 24.9645 19.3655 23.5358 17.0626 16.8614 16.1315 14.6669 13.0991 8.63357
threshold=2.5090831518173222 0.058875760063529022 -0.31261554360389704 0.30602635443210607 1.0404224395751955 0.65768250823020946 -0.24999999999999975 0.20845080167055133 0.015826490707695488 -0.22064376115222742 0.28584671020507818 3.7500000000000004 0.40880955755710607 -0.26746816933155054
decision_type=2 8 2 2 2 2 2 2 2 2 2 2 2 2
left_child=2 -2 3 9 5 10 12 -8 -7 -1 -4 -3 -5 -11
right_child=1 11 4 6 -6 8 7 -9 -10 13 -12 -13 -14 -15
leaf_value=0.014432182182039434 -0.014833837724195678 0.0025999541077803591 -0.0051664291316512916 -0.017137251817660331 -0.0091164169581766652 -0.013230132685654939 0.0027861635700730837 -0.0017094362073462508 0.0086254638931589668 0.0033336460348715657 0.0015266975408908695 -0.010563680579224572 -0.0037109700357021978 -0.013844056247965799
leaf_weight=22.803646448999643 156.88140449859202 316.62872752547264 467.82291602343321 106.65674795210361 274.75925335288048 37.609059523791075 2521.8715066872537 3257.8912587836385 783.53885421901941 35.708662204444408 5771.3723081108183 142.22717020660639 413.94998452812433 374.77517414838076
leaf_count=363 1992 3562 5922 1917 2631 304 19071 36640 5540 446 57576 1727 6593 6205
internal_value=-4.30976e-06 -0.00516886 0.000225234 -0.00100917 0.00135826 0.00177821 -0.000333496 0.000253543 0.00747733 -0.010605 0.00101737 -0.00161853 -0.00673275 -0.012306
internal_weight=14684.5 615.737 14068.8 6733.66 7335.1 7060.34 6300.37 5779.76 821.148 433.287 6239.2 458.856 520.607 410.484
internal_count=150489 7281 143208 71235 71973 69342 64221 55711 5844 7014 63498 5289 8510 6651
is_linear=0
shrinkage=0.035


Tree=111
num_leaves=15
num_cat=0
split_feature=33 17 24 19 15 27 10 11 24 6 22 24 33 3
split_gain=14.0534 22.5195 18.5405 21.3808 20.6588 18.8354 16.9008 25.9408 18.8905 18.7678 22.894 20.5559 16.8447 26.2306
threshold=-0.067435648233345621 0.022139697335660461 0.028592240996658806 0.25026649236679083 21.575054168701175 8.7764034884104571 0.72768214344978344 0.52083775401115429 0.03199290111660958 0.55724498629570018 0.37860268354415899 0.029745736159384254 -0.15352333137110288 0.099298968911170973
decision_type=2 10 2 2 2 2 2 2 2 2 2 2 2 2
left_child=1 12 3 -2 -5 -4 7 8 -3 10 -8 -11 -1 -14
right_child=2 6 5 4 -6 -7 9 -9 -10 11 -12 -13 13 -15
leaf_value=-0.014019063046990255 -0.0062059575656050131 0.0029599978264258915 -0.00055684858396816579 0.025012233391193631 -0.00017418562452425313 0.01106864286224782 -0.00086782825395726262 0.020883625242572212 -0.0020722475260937291 0.022084274383111849 -0.011952720941235053 -0.00024734660608278331 -0.0059290307537165328 0.023565062625685421
leaf_weight=196.1371159479022 1322.1829788945615 4727.3765458017588 5216.4784822799265 41.005915839225054 182.49749724194407 166.48922527208924 907.73540715128183 80.553368020802736 1124.6073541864753 66.534737501293421 295.7229339890182 147.75686863064766 170.52394111827016 36.440682090818882
leaf_count=3050 18688 39703 57995 427 1784 1307 7524 565 11723 558 4056 1246 1655 208
internal_value=-5.77446e-06 0.00101724 -0.00115038 -0.00451584 0.00532001 -0.000177428 0.00146231 0.00228228 0.00199104 -0.00196075 -0.00366775 0.00736182 -0.00693728 0.000110827
internal_weight=14682 7753.39 6928.65 1545.69 223.503 5382.97 7350.29 5932.54 5851.98 1417.75 1203.46 214.292 403.102 206.965
internal_count=150489 70288 80201 20899 2211 59302 65375 51991 51426 13384 11580 1804 4913 1863
is_linear=0
shrinkage=0.035


Tree=112
num_leaves=15
num_cat=0
split_feature=14 12 24 4 14 13 0 23 25 2 11 2 22 33
split_gain=13.7335 17.1461 17.8009 15.2024 17.5887 21.5351 16.3864 16.107 15.0125 14.6976 14.5645 13.7698 13.3828 12.9429
threshold=0.13843861222267154 0.50535187125206005 0.030391268432140354 -0.048805382102727883 2.807222962379456 0.66324391961097728 0.034133229404687888 0.089377358555793776 0.26500000000000007 0.042151698842644698 0.21124988794326785 -0.30901987850666041 0.16933333873748782 -0.21630575307045893
decision_type=2 2 2 2 2 2 2 2 2 2 2 2 2 2
left_child=1 2 -1 7 5 10 -7 11 -9 -4 -5 -2 -10 -6
right_child=3 -3 9 4 13 6 -8 8 12 -11 -12 -13 -14 -15
leaf_value=-0.010224311027060767 0.0094585306914439348 -0.012498018318200821 0.00039247514857218232 -0.0039138699939287947 0.0073079749734114045 -0.0058815056741172217 0.0045913617173830934 -0.0070320339414499319 0.0067308154523329838 0.028282163651425905 -9.1654691124243176e-05 -0.0090271098134210911 0.0018330057008525702 -0.0060870083065053251
leaf_weight=66.574541140347719 52.48403137922287 223.09288933873177 53.8144426420331 1507.8633906040341 89.125618420541286 197.93038455396891 1594.005106061697 172.37422758899629 971.30522193387151 31.001077886670828 6251.8923923317343 246.51914267241955 2291.3013661019504 929.67395961284637
leaf_count=960 652 2940 594 19268 865 2054 15446 2987 7261 362 61056 3639 22037 10368
internal_value=-4.33646e-06 -0.00653209 0.00248914 0.000171 -0.000507389 -3.90128e-05 0.00340835 0.00208767 0.00276948 0.0124942 -0.000838463 -0.00558124 0.00330724 -0.00485556
internal_weight=14679 374.483 151.39 14304.5 10570.5 9551.69 1791.94 3733.98 3434.98 84.8155 7759.76 299.003 3262.61 1018.8
internal_count=150489 4856 1916 145633 109057 97824 17500 36576 32285 956 80324 4291 29298 11233
is_linear=0
shrinkage=0.035


Tree=113
num_leaves=15
num_cat=0
split_feature=32 3 11 8 6 10 8 15 5 19 10 9 15 6
split_gain=13.6741 18.6438 18.9867 15.9049 32.2565 30.7488 24.9848 20.498 18.2089 16.2929 21.6189 20.4396 17.938 17.9439
threshold=0.018885187133953932 1.306795656681061 0.54628348350524913 -0.4995675235986709 -0.2089731618762016 0.53424417972564708 -0.72823759913444508 21.763741493225101 0.13130479305982592 -0.14013647288084027 0.2872681468725205 0.95861607789993297 24.828165054321293 0.14839122444391253
decision_type=2 2 2 2 2 2 2 2 2 2 2 2 2 2
left_child=1 2 -1 4 5 6 -2 -7 -6 10 -5 -12 -11 -14
right_child=3 -3 -4 9 8 7 -8 -9 -10 12 11 -13 13 -15
leaf_value=-0.0037622586656935598 -0.015756758125934696 0.0091948124706497276 0.0064699893580631874 -0.0090356973426404114 -0.012143735182857456 3.0133839848642645e-05 0.0072978533877216889 -0.011952047098082931 0.0083379720735667819 0.00019747589113316757 0.0070725719969687972 -0.01475857558065358 -0.0022615689836205967 0.013999144263597442
leaf_weight=2478.7706701792777 53.575623732060194 157.26142972707748 234.85710844025016 118.57239959388971 452.41476818174124 436.82597641274333 667.72672925144434 281.61823763698339 53.009337406605482 8195.9609618298709 1153.3997154571116 45.876630071550608 125.85824023932219 221.48148527368903
leaf_count=32258 485 1340 2413 1687 4840 3943 6016 2658 601 79814 11084 437 1201 1712
internal_value=-4.32212e-06 -0.00216643 -0.00285618 0.000522816 -0.00236186 0.000325736 0.0053934 -0.00476628 -0.0098755 0.00109365 0.00470071 0.00612231 0.000532399 0.00820869
internal_weight=14677.2 2870.89 2713.63 11806.3 1945.17 1439.75 721.302 718.444 505.424 9861.15 1317.85 1199.28 8543.3 347.34
internal_count=150489 36011 34671 114478 18543 13102 6501 6601 5441 95935 13208 11521 82727 2913
is_linear=0
shrinkage=0.035


Tree=114
num_leaves=15
num_cat=0
split_feature=14 19 6 18 22 14 13 28 10 24 28 21 10 6
split_gain=13.057 23.2642 23.1631 21.1987 20.2071 19.5432 17.7174 17.0786 15.8713 15.8428 14.551 14.442 15.6702 15.1852
threshold=0.36997146904468542 -0.15970890223979947 0.091587610542774214 -0.068636834621429429 0.30788511037826544 2.4331673383712773 0.66324391961097728 -0.54304400321254487 0.85165280103683483 0.031670397147536285 -1.7299220911368594 -0.057806674391031258 0.9272749423980714 0.080132260918617262
decision_type=2 2 2 2 2 2 2 2 2 2 2 2 2 2
left_child=1 -1 4 11 7 6 8 -3 -5 10 -7 12 13 -2
right_child=3 2 -4 5 -6 9 -8 -9 -10 -11 -12 -13 -14 -15
leaf_value=0.0040034212970182555 0.0068529472420889807 0.002993138187413277 0.002869524524724758 -1.2305504928686563e-05 -0.011742098223320554 0.01051370996883476 0.0036193810907203701 -0.0064048537041326483 -0.0066817173559684832 -0.011699690558606625 -0.0036312159310920105 0.0014159045801419624 -0.0078250712181073632 0.025622497910520389
leaf_weight=556.51639227196574 751.96432204172015 351.96063623577356 453.63116431608796 6131.0555801894516 506.03376693837345 89.29602325707674 1588.1567898690701 685.24991814047098 460.64734406769276 271.65828930214047 880.74880852922797 1826.6304690949619 73.374140586704016 48.970449924468994
leaf_count=5862 6067 2825 4670 62326 8146 760 15375 7633 4637 2938 9802 18602 555 291
internal_value=-4.87155e-06 -0.00227452 -0.00403537 0.000474671 -0.00607045 -0.000309791 0.000313075 -0.00321767 -0.000487799 -0.00438271 -0.00223513 0.00320212 0.00687572 0.00830236
internal_weight=14675.9 2553.39 1996.88 12122.5 1543.24 9421.56 8179.86 1037.21 6591.7 1241.7 970.045 2700.94 874.309 800.935
internal_count=150489 29136 23274 121353 18604 95838 82338 10458 66963 13500 10562 25515 6913 6358
is_linear=0
shrinkage=0.035


Tree=115
num_leaves=15
num_cat=0
split_feature=8 10 15 10 19 21 8 5 28 17 3 28 28 10
split_gain=12.8993 31.2792 32.3886 27.9869 24.769 20.8593 16.9162 16.8573 20.97 16.5877 35.4856 30.6475 28.3601 18.4441
threshold=-0.31261554360389704 0.30602635443210607 21.174471855163578 0.4469877034425736 -0.04666155390441417 0.072448831051588072 -0.4995675235986709 -0.14829025417566297 -0.54304400321254487 0.02738680969923735 0.32306490838527685 -1.8296610773469666 -0.10326313031254751 1.0404224395751955
decision_type=2 2 2 2 2 2 2 2 2 10 2 2 2 2
left_child=1 -1 3 -3 5 -2 -5 -4 -9 10 11 -6 -12 -11
right_child=4 2 7 6 9 -7 -8 8 -10 13 12 -13 -14 -15
leaf_value=-0.010071603595219969 0.0027402177540375629 -0.0019321906480745867 0.0013345474305600294 0.0015123684558597445 0.014022840386786559 0.012537068730869693 0.0086470859610210359 -0.00052685019789625411 -0.006623292748850605 0.0012019592089957602 -0.0052822019621047035 -0.0093199552424111445 0.033166308679581466 -0.0076338844152621342
leaf_weight=435.41993363760412 1216.0128182433546 1079.9584760963917 995.40573961660266 772.6786825209856 67.693048112094402 334.18140398338437 862.51974575594068 1231.9236100465059 1570.0067487377673 5053.824863422662 38.55404682084918 676.93309157341719 41.965574413537979 297.01117787882686
leaf_count=7151 13326 11273 9096 7144 594 3472 8809 12377 18107 47262 276 8423 270 2909
internal_value=-4.72113e-06 -0.00109818 -0.000483703 0.00243011 0.000978742 0.00491898 0.00530541 -0.00256804 -0.00395428 -1.66265e-05 -0.00460479 -0.00704019 0.0162068 0.000698179
internal_weight=14674.1 6947.91 6512.49 2715.16 7726.18 1550.19 1635.2 3797.34 2801.93 6175.98 825.146 744.626 80.5196 5350.84
internal_count=150489 73957 66806 27226 76532 16798 15953 39580 30484 59734 9563 9017 546 50171
is_linear=0
shrinkage=0.035


Tree=116
num_leaves=15
num_cat=0
split_feature=3 10 11 27 3 14 8 2 26 13 11 10 15 2
split_gain=12.7868 15.3723 22.0981 19.763 27.973 19.1815 22.913 22.581 17.6928 20.4442 14.9119 14.5819 13.5002 17.4669
threshold=1.973869323730469 0.72768214344978344 0.52083775401115429 3.0989921885260623 0.061820993199944503 0.30777771770954138 -0.63458698987960804 -0.32889057695865626 -1.1900000000000002 0.26443037390708929 0.32266914844512945 0.8854413926601411 21.401054382324222 0.27894829213619238
decision_type=2 2 2 2 2 2 2 2 2 2 2 2 2 2
left_child=1 2 5 -4 -5 7 -7 -1 9 11 -2 -3 -10 -14
right_child=10 8 3 4 -6 6 -8 -9 12 -11 -12 -13 13 -15
leaf_value=0.0095525175710983422 -0.016833885718078548 0.030469206964648613 -0.010097910957335093 0.029417670590670963 -0.0030244583321971143 -0.0075348217125893371 0.00097137028387569958 -0.0061243882393392131 0.00094200435824739429 -9.9059478284538617e-05 0.0091493634867703521 0.0025746940063522453 -0.0089697606906140245 -0.001532993849538735
leaf_weight=118.73079036921263 20.602873042225838 41.242997299879789 30.594013467431068 84.928312856703997 46.927313394844532 393.38045026361942 10154.194881150499 934.74616579338908 499.33836465328932 449.38294155150652 287.47010162472725 45.253500733524561 858.9721657782793 706.20238922163844
leaf_count=1108 144 414 227 707 356 3634 102993 11820 5228 4883 2189 456 9632 6698
internal_value=-4.08893e-06 -0.000157684 0.000381194 0.0128181 0.0184723 0.00019615 0.000647288 -0.00428433 -0.00258755 0.00303746 0.00693708 0.0176545 -0.00405522 -0.00564535
internal_weight=14672 14363.9 11763.5 162.45 131.856 11601.1 10547.6 1053.48 2600.39 535.879 308.073 86.4965 2064.51 1565.17
internal_count=150489 148156 120845 1290 1063 119555 106627 12928 27311 5753 2333 870 21558 16330
is_linear=0
shrinkage=0.035


Tree=117
num_leaves=15
num_cat=0
split_feature=16 6 22 15 22 28 6 15 11 10 17 10 13 29
split_gain=12.4959 14.2511 23.6136 18.4508 18.2009 24.3353 30.397 28.0124 17.7849 12.7876 11.6753 10.3475 10.4867 10.2318
threshold=2.6452856063842778 0.14839122444391253 0.17610955983400348 20.364537239074711 0.45299300551414495 -0.54304400321254487 -0.30910861492156977 23.095277786254886 0.20591101050376895 0.41640079021453863 0.053833562880754478 0.53424417972564708 0.44538111984729772 3.7500000000000004
decision_type=2 2 2 2 2 2 2 2 2 2 8 2 2 2
left_child=1 4 -3 10 5 7 -7 -1 -5 -2 -4 12 -6 -11
right_child=9 2 3 8 11 6 -8 -9 -10 13 -12 -13 -14 -15
leaf_value=0.0029885761611969626 -0.022349309118992904 0.012230620721036962 0.025109055523649955 -0.0073095278664341021 0.0030711610211144719 0.0048470645922835042 -0.0024014285776573158 -0.0050042935897490638 0.0018388771069408004 0.0005383731910767269 -0.0029559091189514742 -0.015429896932215758 -0.0081893635923476569 -0.011718423809879286
leaf_weight=3882.012709800154 41.689903382211924 259.18665149062872 53.017292913049459 283.57597838714719 158.74130194634199 803.26767689362168 5527.838304836303 613.87983651459217 2293.6069167479873 247.46134203672409 22.786266304552555 117.68198591843247 250.82577495835721 115.24370772950351
leaf_count=36105 570 1635 467 2523 2531 6910 63797 5598 19810 2850 203 2003 4053 1434
internal_value=-3.51286e-06 0.000170401 0.00235026 0.00134268 -0.000390272 -7.81825e-05 -0.00147557 0.00188853 0.000807886 -0.00599496 0.0173115 -0.00667825 -0.0038558 -0.00356595
internal_weight=14670.8 14266.4 2912.17 2652.99 11354.2 10827 6331.11 4495.89 2577.18 404.395 75.8036 527.249 409.567 362.705
internal_count=150489 145635 24638 23003 120997 112410 70707 41703 22333 4854 670 8587 6584 4284
is_linear=0
shrinkage=0.035


Tree=118
num_leaves=15
num_cat=0
split_feature=14 8 12 34 6 4 8 10 11 6 5 8 23 34
split_gain=12.3171 17.9458 13.6344 14.6046 17.3718 13.1076 17.3601 15.1158 15.9331 14.6509 18.0186 16.9731 14.4757 14.0576
threshold=0.13843861222267154 -0.67240372300147999 0.50535187125206005 -0.021614717912531053 -0.014911200385540722 -0.048805382102727883 -0.4995675235986709 1.1250154972076418 0.49995495378971105 -0.235172264277935 0.13130479305982592 -0.72823759913444508 0.089377358555793776 1.0000000180025095e-35
decision_type=2 2 2 2 2 2 2 2 2 2 2 2 2 2
left_child=1 -1 3 4 -3 12 9 8 -8 11 -11 -7 -2 -9
right_child=5 2 -4 -5 -6 6 7 13 -10 10 -12 -13 -14 -15
leaf_value=0.022593968034651385 -0.0053583050327810173 -0.0046478811724174228 -0.013511139619864058 -0.01137236150172373 0.02508872556539582 -0.014351613274295606 -3.8969514413887828e-05 -0.016140964328628594 0.0073036690886727502 -0.011218568788503988 0.007646184925157117 0.00105885687348841 0.0025807257333710322 0.0020600634990099133
leaf_weight=15.465718172490595 296.99044652655721 45.815081592649221 211.24857069551945 63.105237497016788 35.316874500364065 91.586634293198586 8746.5636448413134 123.30307751893997 367.64556025341153 454.0353976469487 64.435907509177923 626.25483346171677 3445.2850119564682 81.854583360254765
leaf_count=176 4291 519 2848 878 435 887 90920 1383 3356 5252 777 5783 32285 699
internal_value=-4.22096e-06 -0.00621551 -0.00805279 0.00029916 0.00962912 0.000161158 -0.000470045 4.8722e-05 0.000264895 -0.00434954 -0.00877373 -0.00107747 0.00193808 -0.00912082
internal_weight=14668.9 370.951 355.486 144.237 81.132 14298 10555.7 9319.37 9114.21 1236.31 518.471 717.841 3742.28 205.158
internal_count=150489 4856 4680 1832 954 145633 109057 96358 94276 12699 6029 6670 36576 2082
is_linear=0
shrinkage=0.035


Tree=119
num_leaves=15
num_cat=0
split_feature=33 33 2 15 14 15 5 24 19 15 27 15 25 28
split_gain=12.1084 20.5132 21.32 33.2418 20.5922 20.3393 17.988 16.9888 19.3102 19.0045 16.3382 16.074 18.0643 14.5857
threshold=-0.067435648233345621 -0.15352333137110288 0.51097109913826 23.095277786254886 0.88968330621719371 24.037861824035648 0.26171861588954931 0.028592240996658806 0.25026649236679083 21.575054168701175 8.7764034884104571 22.471650123596195 0.9900000000000001 1.0000000180025095e-35
decision_type=2 2 2 2 2 2 2 2 2 2 2 2 2 2
left_child=1 2 3 4 -1 6 -3 8 11 -10 13 12 -2 -9
right_child=7 5 -4 -5 -6 -7 -8 10 9 -11 -12 -13 -14 -15
leaf_value=-0.0029117435117276182 0.0016153892545422534 0.0024169189782568979 0.005752772623104657 -0.0096207059523261453 0.0032548837768340299 0.011693869889462588 -0.011687707276269185 0.00044281308152961901 0.023717677763259927 -0.00027771493309263086 0.01026813725511287 -0.012389882892802498 -0.0078883109719546946 -0.0041437821133410158
leaf_weight=1569.0454341284931 444.96879673749208 3614.7745416611433 499.68975496292114 560.54750715196133 1133.9820245057344 275.7190215587616 104.46607528626919 4147.8820591457188 41.855081554502249 182.54128021746874 168.68299383297563 338.87996720336378 527.48090496845543 1057.5602845065296
leaf_count=18324 7447 26480 4383 5938 12459 1861 843 41212 427 1784 1307 4572 6669 16783
internal_value=-4.49331e-06 0.000943963 -0.000909342 -0.00194384 -0.00032224 0.00268769 0.00199047 -0.00106922 -0.00430286 0.00501889 -0.000138896 -0.00592392 -0.00356748 -0.000495178
internal_weight=14668.1 7758.22 3763.26 3263.57 2703.03 3994.96 3719.24 6909.85 1535.73 224.396 5374.13 1311.33 972.45 5205.44
internal_count=150489 70288 41104 36721 30783 29184 27323 80201 20899 2211 59302 18688 14116 57995
is_linear=0
shrinkage=0.035


Tree=120
num_leaves=15
num_cat=0
split_feature=8 11 15 10 11 10 19 21 10 17 3 28 28 26
split_gain=11.807 31.7236 23.0608 29.5198 21.6006 23.9532 21.4184 17.1238 16.8081 15.5585 33.3114 28.2416 26.2507 17.9155
threshold=-0.31995129585266108 0.20034358650445941 21.174471855163578 0.4469877034425736 0.54628348350524913 0.51413190364837658 -0.04666155390441417 0.072448831051588072 0.50488534569740307 0.02738680969923735 0.32306490838527685 -1.8296610773469666 -0.10326313031254751 -1.3799999999999999
decision_type=2 2 2 2 2 2 2 2 2 10 2 2 2 2
left_child=1 -1 3 -3 5 -4 7 -2 -5 10 11 -8 -12 -11
right_child=6 2 4 8 -6 -7 9 -9 -10 13 12 -13 -14 -15
leaf_value=-0.012282492039900084 0.002557807977354172 -0.0024407937666789644 -0.00019402198138605755 0.01042926904772975 0.0038994967483507005 -0.0063253193109212005 0.013284588814446637 0.011233365178204207 0.0025669499978745796 -0.0044434637501846019 -0.0051189160190513259 -0.0089998260940676606 0.03181927189139875 0.0014404003268873053
leaf_weight=286.22724424675107 1300.0107158962637 1136.3094849009067 1447.7802248802036 467.23998545855284 562.20975280553102 1685.2675014790148 68.626557692885399 348.24500120058656 1136.3149075973779 721.61972204223275 38.385147720575333 680.43842768482864 42.536710172891617 4744.407653009519
leaf_count=4793 14250 12320 15711 4388 5533 17658 595 3593 11169 7028 276 8561 270 44344
internal_value=-4.36525e-06 -0.00108316 -0.000566743 0.0018626 -0.00236815 -0.00350168 0.000908578 0.00444748 0.00490829 -2.34664e-05 -0.00445876 -0.00681009 0.0156618 0.000656922
internal_weight=14665.6 6721.35 6435.12 2739.86 3695.26 3133.05 7944.27 1648.26 1603.55 6296.01 829.987 749.065 80.9219 5466.03
internal_count=150489 71572 66779 27877 38902 33369 78917 17843 15557 61074 9702 9156 546 51372
is_linear=0
shrinkage=0.035


Tree=121
num_leaves=15
num_cat=0
split_feature=22 10 27 25 6 32 10 4 15 8 13 11 6 14
split_gain=11.8127 36.4102 24.1254 20.8604 23.1305 19.4794 23.0245 23.4833 18.8389 18.6434 23.2347 17.5418 15.0957 28.1473
threshold=0.18800405412912372 0.41640079021453863 8.5369996554733216 2.8200000000000007 0.21162544935941699 0.017871659466422444 0.53424417972564708 0.024514035321772102 21.635174751281742 -0.52862021327018727 0.25000333786010748 0.18812978267669681 1.0000000180025095e-35 0.7084750533103944
decision_type=2 2 2 2 2 2 2 2 2 2 2 2 2 2
left_child=1 3 5 4 11 12 7 -7 -8 10 -3 -1 -2 -14
right_child=2 9 -4 -5 -6 6 8 -9 -10 -11 -12 -13 13 -15
leaf_value=-0.021887273941648511 -0.007233925778239737 0.010276803430997858 -0.012384217068504884 0.0033342027492055458 0.019037292784778635 0.00011478553303767027 0.0018314604429853132 0.0049844569266219467 -0.0036817300970446673 0.0055445936214476499 -0.0045338119437960608 -0.0060587998498610801 0.0072246603302566258 -0.0060053612341774941
leaf_weight=93.454053094610572 810.04754348658025 159.72395681589842 198.37013163603842 339.6584164313972 30.31712894141674 3814.1123861745 1100.1331533119082 1769.2157574761659 2404.6743494290859 2007.5388253852725 541.922985650599 606.14726368151605 330.07032239250839 458.28612630441785
leaf_count=1384 10571 1256 2756 2409 138 41829 11398 17653 23992 16956 4557 6548 3752 5290
internal_value=-3.63763e-06 0.00167977 -0.000589049 -0.00376451 -0.00706823 -0.000358727 0.000269326 0.00166401 -0.00195089 0.0038351 -0.00106527 -0.00845184 -0.00390915 -0.000445083
internal_weight=14663.7 3778.76 10884.9 1069.58 729.918 10686.5 9088.14 5583.33 3504.81 2709.19 701.647 699.601 1598.4 788.356
internal_count=150489 33248 117241 10479 8070 114485 94872 59482 35390 22769 5813 7932 19613 9042
is_linear=0
shrinkage=0.035


Tree=122
num_leaves=15
num_cat=0
split_feature=14 19 6 22 18 14 4 11 28 22 33 21 10 6
split_gain=11.677 20.982 20.8931 18.6211 18.5903 17.9282 14.8442 23.6418 14.8293 14.2873 13.2751 12.6846 14.6071 13.7419
threshold=0.36997146904468542 -0.15970890223979947 0.091587610542774214 0.30788511037826544 -0.068636834621429429 2.4331673383712773 0.045912679284811027 0.43095092475414282 -0.54304400321254487 0.35781356692314154 -0.21630575307045893 -0.057806674391031258 0.9272749423980714 0.080132260918617262
decision_type=2 2 2 2 2 2 2 2 2 2 2 2 2 2
left_child=1 -1 3 8 11 6 9 -8 -3 -6 -7 12 13 -2
right_child=4 2 -4 -5 5 10 7 -9 -10 -11 -12 -13 -14 -15
leaf_value=0.0037901929811232278 0.006415336382827078 0.002705915881513692 0.002702668257584162 -0.011285036119092512 0.00046639292805951974 0.0066546453700911268 0.0044676354918262422 -0.0049709047178996772 -0.0060518915582865943 -0.0033440511551621893 -0.0053761063666275463 0.0013216935489240979 -0.0077734424070944642 0.024120304829624378
leaf_weight=558.53847434185445 757.25672157853842 353.83928334712982 454.8608253672719 497.95604525133967 4333.7503342553973 116.26202440261841 1792.909170743078 387.88804883509874 678.54837372340262 1658.8576978351921 1119.1012774482369 1828.9004276432097 73.222274970263243 49.962751287966967
leaf_count=5862 6067 2825 4670 8146 40201 1096 16789 3629 7633 21719 12404 18602 555 291
internal_value=-4.04945e-06 -0.0021551 -0.00383842 -0.00578754 0.000448887 -0.000287502 0.000308188 0.00277382 -0.00305309 -0.000592218 -0.00419953 0.00299781 0.00642558 0.00779292
internal_weight=14661.9 2543.74 1985.2 1530.34 12118.1 9408.77 8173.41 2180.8 1032.39 5992.61 1235.36 2709.34 880.442 807.219
internal_count=150489 29136 23274 18604 121353 95838 82338 20418 10458 61920 13500 25515 6913 6358
is_linear=0
shrinkage=0.035


Tree=123
num_leaves=15
num_cat=0
split_feature=3 11 10 11 27 3 14 3 5 17 19 12 16 24
split_gain=11.3411 14.0235 13.9485 19.7704 18.2051 25.3619 16.8413 17.712 16.6727 15.9725 16.8051 14.65 12.9426 16.3888
threshold=1.973869323730469 0.32266914844512945 0.72768214344978344 0.52083775401115429 3.0989921885260623 0.061820993199944503 0.13843861222267154 -0.24994793534278867 -0.13806117326021192 0.029777491465210918 0.49744720757007604 0.62125352025032055 0.44564309716224676 0.028936692513525489
decision_type=2 2 2 2 2 2 2 2 2 8 2 2 2 2
left_child=2 -2 3 6 -5 -6 -1 -8 11 -10 -11 -4 -3 -14
right_child=1 12 8 4 5 -7 7 -9 9 10 -12 -13 13 -15
leaf_value=-0.011502979156445787 -0.016599546292407875 -0.0070257585044631397 0.011319281376222562 -0.0099713211420267428 0.027654193716989666 -0.0030822775916811433 -0.0018668579956918013 0.0011963134370962354 0.023401627527179416 -0.0059298922482592204 0.0014844967061845584 -0.0010321500947560033 0.031653573331884531 0.007362883117214062
leaf_weight=139.02098021842539 20.411723233759403 47.09656223654747 167.36920196935534 30.44517008215189 86.990897163748741 46.963350955396891 3201.0921547077596 8253.8488315697759 16.231596309691668 1577.165164122358 485.56458411365747 344.95969005301595 33.529641024768353 208.97789661958814
leaf_count=2018 144 371 1762 227 707 356 35632 81905 204 17507 4671 3167 250 1568
internal_value=-3.81813e-06 0.00651283 -0.000149044 0.000363742 0.0120605 0.0174127 0.000187635 0.000339426 -0.00246834 -0.00385943 -0.00418581 0.00314231 0.00864151 0.0118419
internal_weight=14659.7 310.016 14349.7 11758.4 164.399 133.954 11594 11454.9 2591.29 2078.96 2062.73 512.329 289.604 242.508
internal_count=150489 2333 148156 120845 1290 1063 119555 117537 27311 22382 22178 4929 2189 1818
is_linear=0
shrinkage=0.035


Tree=124
num_leaves=15
num_cat=0
split_feature=22 17 33 2 5 28 17 14 21 0 29 10 28 10
split_gain=11.1584 16.4288 14.1656 16.7032 23.2115 23.2911 18.3258 14.354 15.1337 12.3028 16.6593 11.5895 11.3932 10.656
threshold=0.39701244235038763 0.016014039516448978 -0.067435648233345621 0.02094739489257336 0.01769067253917456 -1.1401333311752746 0.029011922888457779 0.36997146904468542 -0.057806674391031258 -0.24409237504005429 3.9500000000000006 0.7052634358406068 1.0000000180025095e-35 0.53424417972564708
decision_type=2 10 2 2 2 2 10 2 2 2 2 2 2 2
left_child=2 -2 3 9 5 -5 -6 8 -4 -1 -11 -10 13 -3
right_child=1 12 7 4 6 -7 -8 -9 11 10 -12 -13 -14 -15
leaf_value=0.0088405686878672216 -0.021193873284111035 0.0012173540354929822 -5.6435370808158563e-05 -0.00081688240624199382 -0.010519128074475697 0.011884241880402246 0.0025381993603373725 5.638979205296196e-05 -0.012061539182169834 0.00057788506575851461 -0.0071422830826016331 -0.0019425739124245961 -0.0074649530701749317 -0.0040376792266006625
leaf_weight=181.32300581037998 44.451079597696662 1286.9272456187755 542.67182232812047 241.46417970582843 137.59597567841411 638.76200584322214 1216.9616272598505 5236.4608957115561 352.02651969157159 3088.5018924437463 374.95935260877013 231.93513537012041 350.01129103265703 734.21916156075895
leaf_count=1211 856 16674 5595 2297 1112 4110 8903 57134 5408 25156 3554 3169 6078 9232
internal_value=-2.77463e-06 -0.00217166 0.000426593 0.00166376 0.00403884 0.00843002 0.00114447 -0.000717378 -0.00428262 0.00020042 -0.000276068 -0.00814291 -0.00172755 -0.000702115
internal_weight=14658.3 2415.61 12242.7 5879.57 2234.78 880.226 1354.56 6363.09 1126.63 3644.78 3463.46 583.962 2371.16 2021.15
internal_count=150489 32840 117649 46343 16422 6407 10015 71306 14172 29921 28710 8577 31984 25906
is_linear=0
shrinkage=0.035


Tree=125
num_leaves=15
num_cat=0
split_feature=16 17 8 10 15 11 10 10 3 15 33 19 23 19
split_gain=11.0726 12.7642 12.7269 28.2529 26.3756 23.8074 23.1134 21.0621 20.9183 16.4 15.3572 12.9021 10.133 9.62549
threshold=2.6452856063842778 0.060317279770970351 -0.31261554360389704 0.30602635443210607 21.174471855163578 0.54628348350524913 0.4469877034425736 1.0404224395751955 0.65768250823020946 22.902359008789066 -0.22064376115222742 -0.04666155390441417 0.28368386626243597 0.066121738404035582
decision_type=2 8 2 2 2 2 2 2 2 2 2 2 2 2
left_child=2 -2 3 10 6 -6 -5 8 11 -10 -1 -4 13 -3
right_child=1 12 7 4 5 -7 -8 -9 9 -11 -12 -13 -14 -15
leaf_value=0.014168682277794373 -0.016748344611972294 0.010984238715647974 0.0037688318053494753 -0.0017134066794692916 -0.0034715066563319927 0.0043617211364817433 0.0048795412569236519 -0.0080789482876953353 0.0011131874184357952 0.010998703802375324 -0.011243480639763765 -8.6632995554978723e-06 -0.016338842847330257 -0.0033508184354692451
leaf_weight=22.964644975960255 87.466847833245993 68.602904567494988 1418.1465824786574 1072.6407480612397 3107.5982598979026 551.97441149502993 1632.7511811647564 281.03174328058958 366.34016554057598 465.81236535310745 401.37128770537674 4934.8152701500803 41.80820145830512 202.70194391161203
leaf_count=366 1144 867 15685 11236 32758 5382 15800 2729 2591 3271 6719 49098 441 2402
internal_value=-3.85202e-06 -0.00567058 0.000159247 -0.000936699 -0.000346781 -0.00228135 0.00226887 0.00115576 0.00152768 0.00671168 -0.00957365 0.00083917 -0.00215348 0.000535602
internal_weight=14656 400.58 14255.4 6789.3 6364.96 3659.57 2705.39 7466.15 7185.11 832.153 424.336 6352.96 313.113 271.305
internal_count=150489 4854 145635 72261 65176 38140 27036 73374 70645 5862 7085 64783 3710 3269
is_linear=0
shrinkage=0.035


Tree=126
num_leaves=15
num_cat=0
split_feature=14 34 12 15 5 6 8 30 25 17 16 15 30 15
split_gain=10.838 17.0134 17.1398 13.7503 11.7168 19.5674 17.3175 16.8861 16.0842 24.1929 20.6789 31.3623 18.1076 17.4947
threshold=0.13843861222267154 -0.021614717912531053 0.50535187125206005 20.364537239074711 -0.04262000881135463 0.091587610542774214 -0.28256630897521967 -0.24999999999999975 4.4500000000000011 0.025545100681483749 1.3233204483985903 22.996015548706058 -1.0000000180025095e-35 21.635174751281742
decision_type=2 2 2 2 2 2 2 2 2 8 2 2 2 2
left_child=1 2 -1 -3 5 7 -7 -2 9 -6 11 -10 -12 -11
right_child=4 3 -4 -5 8 6 -8 -9 10 13 12 -13 -14 -15
leaf_value=0.012384643349476789 -0.0052631206510002889 0.0057067758865959389 -0.0082725600921494113 -0.017149687633328536 -0.0082243805067356464 0.0018540721388855463 0.016592950021738172 0.001483124980297914 -0.0023731464363659621 0.0046946502927759613 0.0029062912784662627 0.005457938712354218 -0.006497428745572572 -0.00029032381073900863
leaf_weight=86.475131906569004 493.60606179200113 34.860687002539635 90.76490942761302 154.84137821570039 305.41480723954737 208.65243994444609 178.42155475541949 4667.887619452551 2298.0177980531007 1526.9771813768893 294.71091460995376 849.88414803147316 1501.6394713576883 1962.5256353840232
leaf_count=1009 8322 478 1182 2187 3910 1794 1401 44075 25335 14102 4168 7665 17399 17462
internal_value=-4.22614e-06 -0.00586228 0.00192922 -0.012874 0.000150217 0.0014067 0.00889473 0.000829036 -0.000648227 0.0010641 -0.001962 -0.000248288 -0.0049471 0.00189824
internal_weight=14654.7 366.942 177.24 189.702 14287.7 5548.57 387.074 5161.49 8739.17 3794.92 4944.25 3147.9 1796.35 3489.5
internal_count=150489 4856 2191 2665 145633 55592 3195 52397 90041 35474 54567 33000 21567 31564
is_linear=0
shrinkage=0.035


Tree=127
num_leaves=15
num_cat=0
split_feature=14 12 24 19 0 16 8 10 19 29 3 22 6 15
split_gain=10.4326 20.7625 21.316 20.3289 18.279 20.6767 18.7969 18.1743 24.0196 18.1191 16.9901 15.6001 22.0366 16.4113
threshold=0.39075770974159246 0.54165938496589672 0.030391268432140354 -0.14013647288084027 -0.038555715233087533 0.44564309716224676 -0.4995675235986709 0.9272749423980714 0.62837991118431102 3.9500000000000006 0.029621457681059841 0.28088808059692388 0.16709233075380328 21.698660850524906
decision_type=2 2 2 2 2 2 2 2 2 2 2 2 2 2
left_child=1 2 -1 10 5 -2 -6 9 -9 -8 -3 13 -13 -5
right_child=4 3 -4 11 6 -7 7 8 -10 -11 -12 12 -14 -15
leaf_value=-0.0024541193119470778 -0.0069353372726455777 -0.0028744148294218949 0.011025717553104936 0.0013393389394685932 -0.0058391940311403332 0.0029671625089787504 0.00094579341861115204 -0.014471084827683082 0.0017515342690921898 -0.0066195133767346084 0.0090418985130956003 -0.012480581546504579 0.0021162170331793396 -0.0081784674750865448
leaf_weight=293.10239626653492 267.24352770671248 342.01635091565549 266.48331785388291 564.95772433280945 736.47272958792746 3891.0965737886727 6137.6035400219262 226.7379183396697 208.19322841241956 403.96595088019967 242.0669331215322 560.3309631049633 159.50225923210382 353.06203161925077
leaf_count=3707 2419 3820 2937 5528 7915 37251 63144 2471 2008 3717 2184 8385 1673 3330
internal_value=-4.27249e-06 -0.00192966 0.00404606 -0.00344601 0.000448102 0.00231565 -0.000560454 4.35529e-06 -0.00684079 0.000469217 0.00213324 -0.00543652 -0.00926151 -0.00236981
internal_weight=14652.8 2781.52 559.586 2221.94 11871.3 4158.34 7712.97 6976.5 434.931 6541.57 584.083 1637.85 719.833 918.02
internal_count=150489 31564 6644 24920 118925 39670 79255 71340 4479 66861 6004 18916 10058 8858
is_linear=0
shrinkage=0.035


Tree=128
num_leaves=15
num_cat=0
split_feature=22 17 33 2 5 28 17 14 11 28 3 6 8 11
split_gain=10.2977 15.8446 13.0697 15.3357 20.5577 21.3484 17.2039 13.1355 17.0038 14.8687 11.4177 22.343 10.7894 19.3644
threshold=0.39701244235038763 0.016014039516448978 -0.067435648233345621 0.02094739489257336 0.01769067253917456 -1.1401333311752746 0.029011922888457779 0.36997146904468542 0.25995834171772009 -0.20349242140922372 -0.52380105853080738 -0.30910861492156977 -0.29770475625991816 0.48313251137733465
decision_type=2 10 2 2 2 2 10 2 2 2 2 2 2 2
left_child=2 -2 3 10 5 -5 -6 8 -4 -10 -1 -12 -3 -14
right_child=1 12 7 4 6 -7 -8 -9 9 -11 11 -13 13 -15
leaf_value=-0.0062760010740512346 -0.020912733069182305 -0.0049717549436886768 -0.0162316933297313 -0.00087410007182017757 -0.010212561472374166 0.01126445574164585 0.0024810212563005423 4.5930542632728704e-05 0.0012763486803410975 -0.0072145638816312084 0.0088770082001339394 -0.00022527067722685529 0.00090287132755469655 -0.016800813480121038
leaf_weight=296.5117539614439 43.653262190520763 788.87192360498011 116.38779594190419 241.68118349462748 136.49320257455111 644.26528034359217 1217.6065187714994 5236.3071078211069 554.36396422982216 450.35699295625091 361.37926783412695 2986.3558287043124 1508.0071080680937 69.657069928944111
leaf_count=2407 856 12897 2067 2297 1112 4110 8903 57134 5294 6811 2329 25185 18226 861
internal_value=-5.14052e-06 -0.00209139 0.00040698 0.00159437 0.00386641 0.00798033 0.00113602 -0.00069282 -0.00411317 -0.00256322 0.000191032 0.000780808 -0.00165768 2.03201e-05
internal_weight=14651.9 2410.19 12241.7 5884.29 2240.05 885.946 1354.1 6357.42 1121.11 1004.72 3644.25 3347.74 2366.54 1577.66
internal_count=150489 32840 117649 46343 16422 6407 10015 71306 14172 12105 29921 27514 31984 19087
is_linear=0
shrinkage=0.035


Tree=129
num_leaves=15
num_cat=0
split_feature=14 8 12 11 3 10 8 8 16 2 11 23 11 7
split_gain=10.1241 16.6493 11.5741 12.7782 10.8024 15.076 21.9681 16.3435 23.2747 15.1163 14.7928 14.6017 13.8069 14.8082
threshold=0.13843861222267154 -0.67240372300147999 0.50535187125206005 0.54628348350524913 1.973869323730469 0.9272749423980714 -0.63458698987960804 -0.72823759913444508 0.88071769475936901 0.1820340305566788 0.49995495378971105 0.13445799052715304 0.32266914844512945 -0.14456168562173841
decision_type=2 2 2 2 2 2 2 2 2 2 2 2 2 2
left_child=1 -1 3 -3 5 7 11 8 -2 -8 -9 -7 -6 -14
right_child=4 2 -4 -5 12 6 9 10 -10 -11 -12 -13 13 -15
leaf_value=0.021869741371660745 -0.019390820086841114 -0.0060310012364333063 -0.012655235596007671 0.015562631358869509 -0.016446952865752866 0.022371744515574474 -0.012719306237235486 0.00019160494166534138 0.0053763783726022436 -0.0027317805955939744 0.0058042135295465385 -0.0009739870461309407 0.0036025651157478651 0.021269478881878474
leaf_weight=15.729312691837547 109.03536457754672 107.49459553696215 204.65134207904339 36.999577648937702 20.289513170719147 47.074943218380213 286.67618422023952 12279.856638526544 70.428244289010763 516.14706498384476 593.57110117375851 75.362834814935923 213.49403681606054 72.852782674133778
leaf_count=176 1007 1461 2848 371 144 568 3213 126736 689 5275 5202 665 1612 522
internal_value=-6.58701e-06 -0.00568441 -0.00750012 0.000147753 0.000142316 -2.49051e-06 -0.00429518 0.000304854 -0.00990048 -0.00641078 0.000454697 0.00901347 0.006535 0.00866345
internal_weight=14649.7 364.875 349.146 144.494 14284.8 13978.2 925.261 13052.9 179.464 802.823 12873.4 122.438 306.636 286.347
internal_count=150489 4856 4680 1832 145633 143355 9721 133634 1696 8488 131938 1233 2278 2134
is_linear=0
shrinkage=0.035


Tree=130
num_leaves=15
num_cat=0
split_feature=22 10 27 25 6 32 10 0 30 8 2 25 11 11
split_gain=10.0441 33.7275 22.4409 19.3724 21.8571 17.4644 21.0991 21.5898 18.866 17.3527 21.1894 17.2356 16.7695 14.4788
threshold=0.18800405412912372 0.41640079021453863 8.5369996554733216 2.8200000000000007 0.21162544935941699 0.017871659466422444 0.53424417972564708 0.056706162169575698 -1.0000000180025095e-35 -0.52862021327018727 -0.40963026881217951 0.55000000000000016 0.18812978267669681 0.30258381366729742
decision_type=2 2 2 2 2 2 2 2 2 2 2 2 2 2
left_child=1 3 5 4 12 -2 7 -7 -8 10 11 -3 -1 -11
right_child=2 9 -4 -5 -6 6 8 -9 -10 13 -12 -13 -14 -15
leaf_value=-0.021530182309246505 -0.0036995807969292878 -0.012987934247596845 -0.011997614369936701 0.0031153517629205559 0.018421340279883992 0.00018802273894184631 0.0029332559824614525 0.0049468290872380707 -0.0032323191403943342 -0.0020970761423993911 -0.0064264173768521322 0.0090209115455037407 -0.0059311933549917317 0.0064366264590592168
leaf_weight=91.623134413734078 1588.3533967863768 42.695592008531094 195.70164176635444 340.84744912385941 30.460325732827187 3935.4632124900818 773.62044428661466 1651.1666238605976 2720.1028198320419 278.09101858735085 393.65847176685929 265.26155723258853 603.87667166627944 1737.9038458168507
leaf_count=1384 19613 640 2756 2409 138 43111 8622 16371 26768 2121 3435 1738 6548 14835
internal_value=-5.96125e-06 0.00154449 -0.000546956 -0.00370599 -0.00690751 -0.000325873 0.000267684 0.00160085 -0.00186259 0.00361162 -0.0011177 0.00565706 -0.00826221 0.00525493
internal_weight=14648.8 3784.42 10864.4 1066.81 725.96 10668.7 9080.35 5586.63 3493.72 2717.61 701.616 307.957 695.5 2015.99
internal_count=150489 33248 117241 10479 8070 114485 94872 59482 35390 22769 5813 2378 7932 16956
is_linear=0
shrinkage=0.035


Tree=131
num_leaves=15
num_cat=0
split_feature=6 11 26 10 5 18 23 10 15 21 8 11 2 28
split_gain=10.0315 15.0783 28.5634 21.2314 17.7576 17.7533 16.1713 13.3175 29.702 28.8014 27.0002 24.8055 20.8551 32.1983
threshold=0.27299468219280248 0.46756094694137579 -1.2850000000000001 0.75003939867019664 0.26171861588954931 0.24202270060777667 0.28368386626243597 0.5452413558959962 21.763741493225101 -0.057806674391031258 -0.3573907315731048 0.63749441504478466 -0.30901987850666041 -0.40673658347942782
decision_type=2 2 2 2 2 2 2 2 2 2 2 2 2 2
left_child=7 2 3 -2 6 -6 -4 12 -9 10 -10 -11 -1 -14
right_child=1 -3 4 -5 5 -7 -8 8 9 11 -12 -13 13 -15
leaf_value=0.0050431817101519632 -0.013641099921045358 -0.002864527226512789 0.0085721694898746679 0.0080427736863213015 -0.011615972419619704 0.0051061421902020981 0.028644250099370959 0.0013228543856657962 -0.0046294953051150443 -0.008696172074413408 0.0076265985410934913 0.0074727619329331973 0.0016869265909408868 -0.0029762912251771832
leaf_weight=1053.3603057637811 155.14973986148834 466.77790229395032 597.85196560248733 75.153451021760702 92.712519064545631 311.00777507200837 46.666904151439667 1918.6531225293875 513.9439506046474 1408.6796971708536 369.86097538098693 119.07334466651082 4489.145111663267 3029.0650171004236
leaf_count=9450 1284 4075 4565 718 716 2857 239 19349 4693 15778 3172 1363 43282 38948
internal_value=-6.57474e-06 0.00247596 0.00443279 -0.0065249 0.00687916 0.00107804 0.0104409 -0.000344063 -0.00192382 -0.00450169 0.000527465 -0.00739556 0.000455313 -0.000193328
internal_weight=14647.1 1745.32 1278.54 230.303 1048.24 403.72 644.519 12901.8 4330.21 2411.56 883.805 1527.75 8571.57 7518.21
internal_count=150489 14454 10379 2002 8377 3573 4804 136035 44355 25006 7865 17141 91680 82230
is_linear=0
shrinkage=0.035


Tree=132
num_leaves=15
num_cat=0
split_feature=22 17 30 16 11 18 15 5 27 2 15 19 28 11
split_gain=9.76297 15.2436 12.3119 16.014 19.4057 18.176 13.0813 12.1164 28.2691 21.2535 11.1217 10.9867 10.1373 13.8346
threshold=0.39701244235038763 0.016014039516448978 -0.24999999999999975 1.0459198951721194 0.36806137859821325 -0.12386359646916388 20.126605033874515 -0.0090694003738462908 3.0338160021857745 0.053000804036855705 22.554120063781742 0.12651395797729495 1.0000000180025095e-35 0.7298395335674287
decision_type=2 10 2 2 2 2 2 2 2 2 2 2 2 2
left_child=2 -2 3 5 11 -1 -4 9 -9 -8 -7 -5 13 -3
right_child=1 12 6 4 -6 10 7 8 -10 -11 -12 -13 -14 -15
leaf_value=0.0091457341940529967 -0.02063618683775903 -0.00026772878048975373 -0.0058402496420401949 0.0020092438460046881 -0.0087966257051681398 -0.0069223484133373037 0.0009149509751066766 -0.012077202484058974 0.00022990361324920928 0.0061165590436582746 -0.02067443391674206 0.019177586557404962 -0.0070664727684115174 -0.022439083514987801
leaf_weight=60.396957892924547 42.885011421516538 1992.92934384197 354.71497229859233 110.6650551520288 105.8105049058795 330.49252743087709 4718.4417053796351 229.64882263168693 4966.5847008824348 1200.3900470789522 90.349357981234789 71.079486703500152 345.54148120433092 25.088740646839142
leaf_count=925 856 25529 3466 1887 1564 5606 43488 2101 46322 10040 1388 862 6078 377
internal_value=-5.94091e-06 -0.0020391 0.000395173 -0.00386396 0.0026167 -0.0077108 0.000683771 0.000897034 -0.000336165 0.00197842 -0.0102861 0.00937369 -0.00161615 -0.000652657
internal_weight=14645 2406.44 12238.6 768.794 287.555 481.239 11469.8 11115.1 5196.23 5918.83 420.842 181.745 2363.56 2018.02
internal_count=150489 32840 117649 12232 4313 7919 105417 101951 48423 53528 6994 2749 31984 25906
is_linear=0
shrinkage=0.035


Tree=133
num_leaves=15
num_cat=0
split_feature=8 11 15 10 6 11 16 19 21 10 9 3 10 15
split_gain=9.73321 28.0884 18.9117 24.7161 18.9721 18.1804 22.7795 18.0366 15.1492 14.8987 11.98 11.3213 11.3184 25.5496
threshold=-0.31995129585266108 0.20034358650445941 21.174471855163578 0.4469877034425736 -0.235172264277935 0.54628348350524913 0.58601567149162304 -0.04666155390441417 0.072448831051588072 0.50488534569740307 0.20873259007930758 -0.21367058157920835 1.0404224395751955 23.69984340667725
decision_type=2 2 2 2 2 2 2 2 2 2 2 2 2 2
left_child=1 -1 3 4 -3 6 -4 8 11 -5 -10 -2 13 -9
right_child=7 2 5 9 -6 -7 -8 12 10 -11 -12 -13 -14 -15
leaf_value=-0.011651162969464921 -0.007464845432875576 0.0042390233104026174 -0.0090547612241565767 0.0096096486401181357 -0.0053700630204237057 0.0035831463193106107 -0.0016613625700692433 -0.00074899521432031347 -0.0040584430216403771 0.0022495513430690569 0.013086533778562278 0.0033396388999568584 -0.0064607744757805875 0.0052602906964216139
leaf_weight=279.65581304952502 122.4834574367851 363.44550611078739 635.67893302440643 473.44380936399102 767.32543859444559 564.78638484701514 2471.4316492844373 4937.3227002415806 54.734371107071638 1142.1507903244346 298.22828773781657 1183.1699672229588 309.09676656872034 1040.8350978791714
leaf_count=4793 1734 3386 6724 4388 8934 5533 26645 48930 723 11169 2870 12516 3103 9041
internal_value=-7.55656e-06 -0.000989577 -0.00050763 0.00168566 -0.00227148 -0.00214821 -0.00319816 0.000820435 0.00405528 0.00445225 0.0103893 0.00227703 -3.80222e-05 0.000304297
internal_weight=14643.8 6697.92 6418.26 2746.37 1130.77 3671.9 3107.11 7945.87 1658.62 1615.59 352.963 1305.65 6287.25 5978.16
internal_count=150489 71572 66779 27877 12320 38902 33369 78917 17843 15557 3593 14250 61074 57971
is_linear=0
shrinkage=0.035


Tree=134
num_leaves=15
num_cat=0
split_feature=16 9 18 15 26 0 3 11 23 6 3 26 11 4
split_gain=9.68939 12.591 11.7715 25.6263 25.4198 20.7137 18.5591 22.3999 17.6799 21.7544 18.5758 16.5593 16.2769 14.5383
threshold=2.6452856063842778 0.58764407038688671 0.12844745069742206 21.832373619079593 -0.73499999999999976 0.091147653758525862 -0.24994793534278867 0.46756094694137579 0.096428066492080702 -0.30910861492156977 -0.52380105853080738 -0.94500000000000017 0.58220034837722789 -0.048805382102727883
decision_type=2 2 2 2 2 2 2 2 2 2 2 2 2 2
left_child=2 -2 8 4 -4 -6 -5 -8 9 -1 12 -11 -10 -12
right_child=1 -3 3 6 5 -7 7 -9 10 11 13 -13 -14 -15
leaf_value=0.01258573332802077 -0.022097755452660513 -0.002975698761593005 0.0014498786753801816 -0.0078523520437539795 -0.0085607185618560497 0.019159160238510775 0.0045872821106440094 -0.0083385571374160698 -0.0086518814620532274 -0.0073238977040484803 0.0025708939666658406 -0.00063374616386346449 0.0097310725503556329 -0.00028408882466265462
leaf_weight=90.190893612802029 38.611874943599105 358.14119382575154 300.25679666548967 280.89648185670376 31.889198517426848 257.28016521781683 849.90695242770016 193.41981529444456 430.71107865683734 961.85467652976513 3229.4227258935571 853.13392619602382 59.646948199719191 6707.1577069312334
leaf_count=1016 527 4327 3195 3336 319 2275 7552 1822 4154 15889 30071 9457 540 66009
internal_value=-7.67795e-06 -0.00533417 0.000144306 0.00269087 0.00869514 0.0159183 -2.68423e-05 0.00213458 -0.000252719 -0.00334371 0.000314719 -0.0041999 -0.00626599 0.000645442
internal_weight=14642.5 396.753 14245.8 1913.65 589.426 289.169 1324.22 1043.33 12332.1 1905.18 10426.9 1814.99 490.358 9936.58
internal_count=150489 4854 145635 18499 5789 2594 12710 9374 127136 26362 100774 25346 4694 96080
is_linear=0
shrinkage=0.035


Tree=135
num_leaves=15
num_cat=0
split_feature=14 0 18 22 26 15 7 20 6 26 15 26 24 1
split_gain=9.54157 16.0139 15.3432 15.9759 19.0602 23.0984 20.309 16.8848 16.8223 14.5816 14.8614 35.8221 19.8731 12.6182
threshold=2.807222962379456 -0.15229460597038266 0.12844745069742206 0.33573634922504431 1.1600000000000004 23.095277786254886 -0.099999137222766862 0.02331897430121899 1.0000000180025095e-35 -1.4349999999999998 22.172249794006351 -0.83499999999999985 0.027712903916835788 -0.03801524639129638
decision_type=2 2 2 2 2 2 2 2 2 2 2 2 2 2
left_child=2 -2 3 4 6 -6 -1 13 -9 -4 11 -11 -12 -5
right_child=1 -3 9 7 5 -7 -8 8 -10 10 12 -13 -14 -15
leaf_value=0.0026131895627229634 0.013540418421997626 -0.0041684739793646447 -0.0068485623292123873 -0.00078600187849908428 -0.001091589281331894 -0.014052668467067037 -0.0021350230841929029 -0.0029265520158080287 0.0036516744780375671 -0.0016785060938816956 -0.0093585046954969206 0.016307760220499529 0.0040357689266342254 -0.0059404806022344686
leaf_weight=4940.1238741334528 56.873256135731936 1038.5191057324409 144.90656090527773 988.51252218149602 1080.4321593362838 190.0149540565908 1411.8084307275712 884.61461930908263 1008.5847504660487 226.3515064176172 154.17562228813767 322.20600469410419 777.82090316712856 1416.0578858368099
leaf_count=38639 497 11638 1495 14064 15481 2515 11820 11792 10711 2362 1363 2898 7499 17715
internal_value=-8.06802e-06 -0.00313484 0.000246911 -0.000189095 0.000772887 -0.00312473 0.00155613 -0.00189307 0.000578712 0.00342592 0.00447072 0.0089889 0.00174419 -0.00383352
internal_weight=14641 1095.39 13545.6 11920.1 7622.38 1270.45 6351.93 4297.77 1893.2 1625.46 1480.55 548.558 931.997 2404.57
internal_count=150489 12135 138354 122737 68455 17996 50459 54282 22503 15617 14122 5260 8862 31779
is_linear=0
shrinkage=0.035


Tree=136
num_leaves=15
num_cat=0
split_feature=14 8 2 24 3 10 8 31 8 16 2 16 11 7
split_gain=9.46655 15.8315 11.4196 15.469 10.1202 13.5378 19.9939 16.6199 15.4292 22.221 14.8347 13.7533 12.7482 13.7115
threshold=0.13843861222267154 -0.67240372300147999 0.14680962264537814 0.030391268432140354 1.973869323730469 0.9272749423980714 -0.63458698987960804 0.001061653591736156 -0.72823759913444508 0.88071769475936901 0.1820340305566788 2.5090831518173222 0.32795168459415441 -0.14456168562173841
decision_type=2 2 2 2 2 2 2 2 2 2 2 2 2 2
left_child=1 -1 -3 -4 5 8 7 -7 9 -2 -8 -10 -6 -14
right_child=4 2 3 -5 12 6 10 -9 11 -11 -12 -13 13 -15
leaf_value=0.021211321767739655 -0.019043011955566534 -0.011060533294820046 -0.01110210668406926 0.014779263297722008 -0.015594683492030963 0.024869298377095971 -0.012409455670911042 -0.00071241941355035417 0.00065900704486491124 0.0051992031671886174 -0.0024792338017492863 -0.0052875556168969643 0.0034984338982882082 0.020481700699496803
leaf_weight=15.977366790175436 107.51912097819149 252.89317766390741 43.505824517458677 50.540471982210875 20.748383857309818 38.605079740285873 283.64585161954165 84.949883460998535 12384.869884666055 70.651074610650539 512.90928360074759 485.5450771804899 213.67183922231197 73.091451182961464
leaf_count=176 1007 3423 644 613 148 387 3213 846 126038 689 5275 5900 1611 519
internal_value=-8.25619e-06 -0.00551332 -0.00730382 0.00289022 0.00013545 -4.99201e-06 -0.00408475 0.00854427 0.000285597 -0.00966464 -0.00612531 0.000430738 0.00631424 0.00837151
internal_weight=14639.1 362.917 346.939 94.0463 14276.2 13968.7 920.11 123.555 13048.6 178.17 796.555 12870.4 307.512 286.763
internal_count=150489 4856 4680 1257 145633 143355 9721 1233 133634 1696 8488 131938 2278 2130
is_linear=0
shrinkage=0.035


Tree=137
num_leaves=15
num_cat=0
split_feature=6 10 26 10 24 18 11 15 22 21 10 11 17 10
split_gain=9.21665 14.2534 18.9883 17.2257 15.9913 13.5059 15.9548 15.5973 12.3439 13.4319 22.2892 17.6635 30.9437 20.4364
threshold=0.23988238722085956 1.1250154972076418 -1.2850000000000001 0.72768214344978344 0.027712903916835788 -0.031015480868518349 0.46756094694137579 22.722258567810062 0.45299300551414495 0.063049226999282851 0.49564811587333685 0.52083775401115429 0.045464197173714645 0.97945514321327221
decision_type=2 2 2 2 2 2 2 2 2 2 2 2 8 2
left_child=8 2 3 -2 -3 7 -7 -4 9 11 -11 13 -13 -1
right_child=1 4 5 -5 -6 6 -8 -9 -10 10 -12 12 -14 -15
leaf_value=-0.00086075215349052888 -0.011216941410098599 0.015935045318276303 0.00068363642922987847 0.0045726560634148415 -0.008656888250885876 0.0049684136358673142 -0.0069178869086532254 0.019588210467003136 -0.0050116536587660621 0.0054038504971273809 -0.0030284061255852995 0.021727604714398725 0.0016734841299549334 -0.016606264643914844
leaf_weight=9245.3507587704808 180.71345316618681 28.169024851173162 84.80169665813446 144.49022581800818 226.37793410569429 1087.1922088824213 149.41373369470239 138.18886649981141 652.59236673824489 1193.1929331123829 556.25974985584617 97.931572906672955 761.43338672816753 92.135852267965674
leaf_count=97534 1497 212 659 1311 2291 8657 1200 1036 10197 11253 5472 905 7127 1138
internal_value=-7.85454e-06 0.00216908 0.00327795 -0.00427439 -0.00543598 0.00497828 0.00348827 0.0127368 -0.00036167 -0.000103675 0.00272074 -0.000590445 0.00418245 -0.00103372
internal_weight=14638.2 2039.35 1784.8 325.204 254.547 1459.6 1236.61 222.991 12598.9 11946.3 1749.45 10196.9 859.365 9337.49
internal_count=150489 16863 14360 2808 2503 11552 9857 1695 133626 123429 16725 106704 8032 98672
is_linear=0
shrinkage=0.035


Tree=138
num_leaves=15
num_cat=0
split_feature=29 15 10 5 14 21 30 9 17 18 24 1 30 20
split_gain=8.9405 20.2919 29.6424 22.6721 19.6969 15.1716 14.0331 28.0001 17.0423 16.3623 16.3178 15.7747 21.2418 16.5341
threshold=3.8500000000000001 23.69984340667725 0.61194315552711498 1.0000000180025095e-35 0.72879874706268322 -0.0017569967312738297 0.14999999999999994 0.47669857740402227 0.030533674173057083 0.12844745069742206 0.03199290111660958 -0.052642986178398125 -0.24999999999999975 0.02331897430121899
decision_type=2 2 2 2 2 2 2 2 8 2 2 2 2 2
left_child=6 -2 4 -4 -3 -6 9 8 -8 11 -11 12 -1 -13
right_child=1 2 3 -5 5 -7 7 -9 -10 10 -12 13 -14 -15
leaf_value=-0.0057207589008007849 -0.0032321753919237499 0.032752600953857264 0.011294161354492321 -0.011253562106466495 -0.0033485024727207143 0.02009870538156816 0.00046331874033566625 -0.0030735320864569773 0.011474396696976976 0.0047606669225623531 -0.004306080508272251 -0.0035741528345936513 0.001708359774782965 0.00080685290302320726
leaf_weight=522.77469227649271 2140.6709929890931 48.58889439329505 76.106858801096678 140.88515245914459 71.14010675996542 50.556465312838554 256.15253018587828 440.07405292987823 520.78856393694878 1372.8382308892906 286.84194834902883 2988.3349182717502 4097.3216863144189 1623.5321720633656
leaf_count=8932 23712 409 586 1327 562 494 2088 3279 3615 13453 3026 32144 39690 17172
internal_value=-7.27723e-06 -0.00189621 0.00538379 -0.00319611 0.0158878 0.00717869 0.000388319 0.00393677 0.00789613 -1.1427e-05 0.00317726 -0.000587492 0.000857198 -0.00203348
internal_weight=14636.6 2527.95 387.277 216.992 170.285 121.697 12108.7 1217.02 776.941 10891.6 1659.68 9231.96 4620.1 4611.87
internal_count=150489 27090 3378 1913 1465 1056 123399 8982 5703 114417 16479 97938 48622 49316
is_linear=0
shrinkage=0.035


Tree=139
num_leaves=15
num_cat=0
split_feature=8 10 15 10 19 6 19 22 8 10 8 6 12 5
split_gain=9.23041 23.3809 20.4122 19.3894 16.4189 14.8354 16.5073 15.5465 18.2924 15.2022 14.4081 14.2724 13.6524 13.4852
threshold=-0.31995129585266108 0.30602635443210607 21.174471855163578 0.4469877034425736 -0.04666155390441417 -0.11133514717221259 -0.14013647288084027 0.2409842982888222 -0.18844459205865857 0.53424417972564708 -0.4995675235986709 -0.26746816933155054 0.98275029659271251 -0.06520411372184752
decision_type=2 2 2 2 2 2 2 2 2 2 2 2 2 2
left_child=1 11 3 -3 5 6 -2 8 -7 -9 -5 -1 -8 -4
right_child=4 2 13 10 -6 7 12 9 -10 -11 -12 -13 -14 -15
leaf_value=0.009524990876764788 -0.015033102038163675 -0.0018339296109432667 -0.00012045352286186862 0.00082569744537459042 -2.0595710851899464e-05 0.016549986978529885 -0.0074137270039685843 0.005345047406435704 -0.0076328334887715626 -0.0047599811655720144 0.0074188018466388519 -0.011269686630337549 0.012582587296048124 -0.0043870242650139706
leaf_weight=37.78755996003747 90.61050052754581 1040.0668356548995 1916.5604282170534 781.87471271678805 6281.0110802557319 223.92066659219563 70.950282964855433 943.1473418995738 39.718457031995058 217.27747853845358 841.0480272937566 358.49295270442963 77.554534662514925 1714.5762967076153
leaf_count=483 1030 10922 18680 7144 61074 1676 825 11006 288 2184 8437 6282 834 19624
internal_value=-6.10806e-06 -0.000963163 -0.000437168 0.00188622 0.000800099 0.00388106 -0.00405824 0.00523315 0.0127609 0.00342848 0.00426695 -0.00910116 0.00316406 -0.00214159
internal_weight=14634.6 6690.41 6294.13 2662.99 7944.19 1663.18 239.115 1424.06 263.639 1160.42 1622.92 396.281 148.505 3631.14
internal_count=150489 71572 64807 26503 78917 17843 2689 15154 1964 13190 15581 6765 1659 38304
is_linear=0
shrinkage=0.035


Tree=140
num_leaves=15
num_cat=0
split_feature=14 6 16 8 24 21 22 19 8 2 8 24 10 15
split_gain=8.97263 12.1649 18.1791 14.1808 15.5671 13.795 12.8907 13.2818 10.9461 18.1241 20.7485 22.8581 15.0576 27.4478
threshold=0.19365141540765765 0.050004674121737487 0.53492349386215221 -0.67240372300147999 0.030337849631905559 -0.017531219869852063 0.30788511037826544 1.0000000180025095e-35 -0.72823759913444508 -0.40963026881217951 -0.4995675235986709 0.030391268432140354 0.50488534569740307 23.69984340667725
decision_type=2 2 2 2 2 2 2 2 2 2 2 2 2 2
left_child=1 3 5 4 -1 -3 7 -5 -2 12 11 -11 -10 -14
right_child=8 2 -4 6 -6 -7 -8 -9 9 10 -12 -13 13 -15
leaf_value=-0.011210536346230158 -0.0072301475265692944 0.022494058237846386 -0.014678903164239082 0.0018076759929836683 0.027625786565866881 0.00055524162721603469 -0.015079608164882951 -0.011423580714259023 0.012125074623445043 -9.5554522333885034e-05 0.00052461105848115462 -0.009033792095153613 -0.00084672195394736255 0.035002463391153253
leaf_weight=14.062320291996 228.94421532191336 53.693684006109834 37.75240714661777 221.41230452619493 21.11414261162281 79.398302717134356 176.54134466685355 147.3854910582304 269.5782357044518 814.28612226061523 11555.80893878825 605.63339566811919 389.9487093128264 18.014596689492464
leaf_count=176 2192 495 517 2315 200 1094 3230 1685 2184 8683 118080 6230 3250 158
internal_value=-6.13375e-06 -0.00370566 0.00432092 -0.00610104 0.0130555 0.0103595 -0.00754954 -0.00364202 0.000196623 0.000326359 3.2904e-05 -0.00394447 0.00586414 0.00153586
internal_weight=14633.6 751.36 170.844 580.516 35.1765 133.092 545.339 368.798 13882.2 13653.3 12975.7 1419.92 677.542 407.963
internal_count=150489 9712 2106 7606 376 1589 7230 4000 140777 138585 132993 14913 5592 3408
is_linear=0
shrinkage=0.035


Tree=141
num_leaves=15
num_cat=0
split_feature=14 4 18 26 10 30 22 25 15 7 14 22 33 19
split_gain=8.77672 15.0595 13.8155 21.6474 18.0539 15.2879 12.9169 15.5606 20.7016 16.665 13.4209 14.5449 11.3047 10.1609
threshold=2.807222962379456 -0.077750287950038896 0.20652768760919574 -1.2850000000000001 0.75003939867019664 0.14999999999999994 0.33573634922504431 1.4450000000000001 22.471650123596195 -0.099999137222766862 0.7497466802597047 0.45299300551414495 -0.21630575307045893 1.0000000180025095e-35
decision_type=2 2 2 2 2 2 2 2 2 2 2 2 2 2
left_child=2 -2 6 -4 5 -5 7 8 -1 -9 -8 -12 13 -3
right_child=1 12 3 4 -6 -7 10 9 -10 -11 11 -13 -14 -15
leaf_value=3.703842744528472e-05 0.011857309824509509 -0.011598110482285337 -0.0084676360639018046 0.015647802022352168 0.00068373475178234999 -0.0013962987879072813 -0.0033177866663331116 0.0024753899806821268 -0.009608354965197222 -0.0015516771086044731 0.0016896412367199223 -0.0060212433555338705 -0.0052785683117273262 0.012745880500481012
leaf_weight=994.24694906175137 68.253073409199715 19.441066034138203 121.37658867239952 297.50464141741395 303.73101719096303 79.603061180561781 2412.6267536338419 5098.5793446432799 365.50425127893686 1662.8331855963916 1857.7742223367095 346.98136654682457 930.64505017362535 73.407745938748121
leaf_count=14268 626 231 1182 2610 3195 737 31776 39903 4874 13765 21209 4835 10615 663
internal_value=-5.40484e-06 -0.00300953 0.00023885 0.00466467 0.00709452 0.0121069 -4.33081e-05 0.000796841 -0.00260688 0.00148419 -0.00151951 0.000454405 -0.00410609 0.00701656
internal_weight=14632.5 1091.75 13540.8 802.215 680.839 377.108 12738.5 8121.16 1359.75 6761.41 4617.38 2204.76 1023.49 92.8488
internal_count=150489 12135 138354 7724 6542 3347 130630 72810 19142 53668 57820 26044 11509 894
is_linear=0
shrinkage=0.035


Tree=142
num_leaves=15
num_cat=0
split_feature=1 8 16 10 11 12 19 6 10 33 30 6 17 10
split_gain=8.57583 15.3905 17.1633 14.2543 21.8721 14.8586 15.8238 14.2426 13.1079 17.7515 13.0403 12.7694 12.3074 10.7111
threshold=-0.41261096298694605 -0.72823759913444508 0.91921207308769237 0.9272749423980714 0.52083775401115429 0.57132694125175487 0.62837991118431102 0.23988238722085956 1.0404224395751955 -0.1179000261444577 1.0000000180025095e-35 -0.0076704095117747775 0.045464197173714645 0.56933444738388073
decision_type=2 2 2 2 2 2 2 2 2 2 2 2 8 2
left_child=8 2 -2 4 7 11 -7 -3 13 -10 -4 -5 -6 -1
right_child=1 3 10 5 12 6 -8 -9 9 -11 -12 -13 -14 -15
leaf_value=0.013651942526016444 -0.018533783455410964 -0.00035661424287315323 0.01580750020335393 -0.0061713883973960916 0.022139953552148837 -0.0093090330441901112 0.00085949065530955518 0.0033049526716338201 -0.0050704912652998479 0.034143411664764478 -0.010827601707415488 0.010533254147553066 0.0054231337726358209 -0.0021781149145811852
leaf_weight=62.048318803310394 104.62973572313786 11257.309831285849 35.981898788362741 83.445616146549582 57.700430508702993 562.71963207051158 276.3425395861268 1461.2742243818939 18.432445727288723 29.554776061326265 34.569944560527802 133.81764774024487 328.68518630042672 184.10758056864142
leaf_count=508 1037 120319 402 907 527 6074 2659 11430 200 270 316 1425 2907 1508
internal_value=-5.47932e-06 -0.00012877 -0.0101535 2.31802e-06 0.000318722 -0.00388922 -0.00598938 6.63395e-05 0.00581035 0.020804 0.0030325 0.00412816 0.00841509 0.00218933
internal_weight=14630.6 14336.5 175.182 14161.3 13105 1056.33 839.062 12718.6 294.143 47.9872 70.5518 217.263 386.386 246.156
internal_count=150489 148003 1755 146248 135183 11065 8733 131749 2486 470 718 2332 3434 2016
is_linear=0
shrinkage=0.035


Tree=143
num_leaves=15
num_cat=0
split_feature=14 34 10 15 17 21 17 28 3 28 19 15 10 33
split_gain=8.5499 15.6769 18.9193 13.2369 12.5313 13.0439 9.72371 34.4126 25.4041 29.7929 27.5037 22.8335 13.4458 10.4718
threshold=0.13843861222267154 -0.021614717912531053 0.72768214344978344 20.364537239074711 0.033365093171596534 0.019886141642928127 0.025545100681483749 -1.8296610773469666 0.28465569019317633 0.25487037066205259 0.020542568527162079 20.808405876159672 0.25371451675891882 -0.067435648233345621
decision_type=2 2 2 2 10 2 10 2 2 2 2 2 2 2
left_child=1 2 -1 -3 -4 -6 7 11 10 -10 -9 -2 -13 -8
right_child=6 3 4 -5 5 -7 13 8 9 -11 -12 12 -14 -15
leaf_value=-0.01342282723484739 -0.0084370773380819299 0.0060778146951239835 0.033296363623427909 -0.016420692914088559 0.01122257677892172 -0.01342825211693585 0.0013578695695784986 -0.0022802276295350115 -0.0006542617224635657 0.040342905591205951 -0.014209236849569078 0.035224543075011376 0.0050856231492361053 -0.00063491521973772574
leaf_weight=54.616690436378121 30.485168352723122 34.473221823573112 13.092689294368027 149.84186513721943 80.306792790070176 27.659281678497791 6880.5472043156624 788.38298039883375 65.899631261825562 22.158856328576803 331.51163301803172 45.023499496281147 32.834631748497486 6072.6012717150152
leaf_count=800 301 478 154 2187 790 447 59845 11700 570 110 4158 379 287 68283
internal_value=-4.20062e-06 -0.00525709 0.0022046 -0.0121165 0.00974127 0.00430443 0.000131908 -0.00272258 -0.00445452 0.0127243 -0.00590596 0.015332 0.0245398 0.000423858
internal_weight=14629.4 359.991 175.675 184.315 121.059 107.966 14269.4 1316.3 1207.95 88.0585 1119.89 108.343 77.8581 12953.1
internal_count=150489 4856 2191 2665 1391 1237 145633 17505 16538 680 15858 967 666 128128
is_linear=0
shrinkage=0.035


Tree=144
num_leaves=15
num_cat=0
split_feature=22 10 27 25 6 3 8 2 25 32 10 16 30 11
split_gain=8.4832 30.8098 20.392 17.2178 18.4683 16.6301 15.6997 18.5351 15.1962 15.078 18.731 20.1739 17.4498 13.6547
threshold=0.18800405412912372 0.41640079021453863 8.5369996554733216 2.8200000000000007 0.21162544935941699 -0.095044337213039384 -0.52862021327018727 -0.40963026881217951 0.55000000000000016 0.017871659466422444 0.53424417972564708 2.3832799196243291 -1.0000000180025095e-35 0.30258381366729742
decision_type=2 2 2 2 2 2 2 2 2 2 2 2 2 2
left_child=1 3 9 4 5 -1 7 8 -3 -2 11 -11 -12 -8
right_child=2 6 -4 -5 -6 -7 13 -9 -10 10 12 -13 -14 -15
leaf_value=-0.004272592469798088 -0.0034399754283678053 -0.012504407244501324 -0.011511370806603336 0.0027873395880663055 0.016561146460234887 -0.016189841181363726 -0.002190072731969619 -0.0061208252141528906 0.0082856482552687485 0.0018903843427565963 0.00285413070947668 -0.010074097259978172 -0.0030772034794720065 0.0060878823877596432
leaf_weight=487.99559791572392 1576.189798777923 41.799365114420652 192.22614898718894 342.62061499431729 30.718891270458698 200.17610954493284 278.30009999126196 390.4383912011981 268.27818612381816 5422.3687649741769 774.0620805490762 168.47528731264174 2707.0933781936765 1746.525733243674
leaf_count=5783 19613 640 2756 2409 138 2149 2121 3435 1738 57317 8622 2165 26768 14835
internal_value=-2.76145e-06 0.00142115 -0.000501022 -0.00361473 -0.00666231 -0.00792133 0.00338865 -0.00111612 0.00517998 -0.000291644 0.000258539 0.0015125 -0.00175393 0.00494496
internal_weight=14627.3 3786.85 10840.4 1061.51 718.891 688.172 2725.34 700.516 310.078 10648.2 9072 5590.84 3481.16 2024.83
internal_count=150489 33248 117241 10479 8070 7932 22769 5813 2378 114485 94872 59482 35390 16956
is_linear=0
shrinkage=0.035


Tree=145
num_leaves=15
num_cat=0
split_feature=8 11 15 11 16 11 1 19 6 19 22 3 8 12
split_gain=8.51955 24.9214 15.8005 16.5184 21.7561 16.4254 18.1783 15.0762 13.8859 15.6549 13.9778 17.1646 16.7919 12.7255
threshold=-0.31995129585266108 0.20034358650445941 21.174471855163578 0.54628348350524913 0.58601567149162304 0.31236943602561956 0.11674178019165994 -0.04666155390441417 -0.11133514717221259 -0.14013647288084027 0.2409842982888222 -0.20237390697002408 -0.18844459205865857 0.98275029659271251
decision_type=2 2 2 2 2 2 2 2 2 2 2 2 2 2
left_child=1 -1 5 4 -4 6 -3 8 9 -2 12 -12 -10 -11
right_child=7 2 3 -5 -6 -7 -8 -9 10 13 11 -13 -14 -15
leaf_value=-0.011072261574468729 -0.0147397812411029 -0.0032432933417546293 -0.0087396499780085807 0.0034772811067186465 -0.0014844862836202483 0.0036159850990700438 0.014152951786914369 -1.7143120345438518e-05 0.015709301126898122 -0.0072400995211227203 -0.0084810180522677473 0.0047973128021030365 -0.0074637873620938986 0.012048446707173865
leaf_weight=273.88025656342506 89.640921998769045 964.88106689415872 629.56493789702654 565.34010200202465 2459.6646882165223 1718.0653182435781 69.735858343541622 6277.0112946480513 226.59572629444301 70.560238983482122 125.35890173725784 1037.658058244735 39.516910158097744 78.321917984634638
leaf_count=4793 1030 11069 6724 5533 26645 16092 716 61074 1676 825 1823 11367 288 834
internal_value=-3.65255e-06 -0.000924059 -0.000473693 -0.00197981 -0.00298647 0.00152581 -0.00194648 0.00077056 0.00371789 -0.00397471 0.00502049 0.00330597 0.0121225 0.00302663
internal_weight=14625.8 6681.13 6407.25 3654.57 3089.23 2752.68 1034.62 7944.66 1667.65 238.523 1429.13 1163.02 266.113 148.882
internal_count=150489 71572 66779 38902 33369 27877 11785 78917 17843 2689 15154 13190 1964 1659
is_linear=0
shrinkage=0.035


Tree=146
num_leaves=15
num_cat=0
split_feature=3 11 7 25 11 15 10 11 7 28 3 21 11 15
split_gain=8.2256 11.626 13.8467 15.398 13.0512 11.7751 10.576 15.2355 19.0141 18.4918 17.0793 14.5149 17.5022 13.4156
threshold=1.973869323730469 0.32795168459415441 -0.14456168562173841 5.1000000000000005 0.46756094694137579 24.238675117492679 0.72768214344978344 0.52083775401115429 -0.39465276896953577 -0.42775260974793333 0.061820993199944503 0.072448831051588072 0.31236943602561956 23.860695838928226
decision_type=2 2 2 2 2 2 2 2 2 2 2 2 2 2
left_child=6 -2 3 5 -4 -3 7 11 9 -9 -10 12 -1 -8
right_child=1 2 4 -5 -6 -7 13 8 10 -11 -12 -13 -14 -15
leaf_value=-0.0015989884980790324 -0.015429328312270774 0.00067686606425836537 0.029944018298066845 -0.0042202196236335735 0.00094155767661578823 0.026428311111090608 -0.00086470992329445247 -0.016585738529909341 0.034211684372783789 0.011710901278415925 0.00031612774233215048 0.0031592727213656632 0.0013817052762132166 -0.0071034946325032695
leaf_weight=5754.7578266113997 20.605094164609909 42.186126839369535 43.598722368478775 141.3615879714489 30.485724434256554 36.126529484987259 2044.0332052670419 38.450826950371265 44.471132431179285 57.991856310516596 27.638381034135818 1678.4998981487006 4141.180815404281 523.37147834524512
leaf_count=64660 148 384 290 982 230 299 22033 276 372 432 210 16666 38229 5278
internal_value=-3.96521e-06 0.00550757 0.00743574 0.00268028 0.0195408 0.0142037 -0.000128801 0.000316554 0.0104625 -6.90215e-05 0.0228408 0.000159901 -0.000351514 -0.00215913
internal_weight=14624.8 314.364 293.759 219.674 74.0844 78.3127 14310.4 11743 168.552 96.4427 72.1095 11574.4 9895.94 2567.4
internal_count=150489 2333 2185 1665 520 683 148156 120845 1290 708 582 119555 102889 27311
is_linear=0
shrinkage=0.035


Tree=147
num_leaves=15
num_cat=0
split_feature=8 11 15 14 2 17 34 18 19 21 13 17 3 28
split_gain=8.19208 23.4296 14.6949 19.0103 24.4676 18.6526 22.0911 15.048 13.7557 13.4412 12.9476 11.794 28.6454 24.0474
threshold=-0.31995129585266108 0.20034358650445941 21.763741493225101 0.51045241951942455 0.34850595891475683 0.038808668032288558 -0.034402338185120167 0.11597945541143419 -0.04666155390441417 0.072448831051588072 0.36233030259609228 0.02738680969923735 0.32306490838527685 -1.8296610773469666
decision_type=2 2 2 2 2 10 2 2 2 2 2 10 2 2
left_child=1 -1 5 4 -4 6 -3 -7 9 -2 -5 12 13 -10
right_child=8 2 3 10 -6 7 -8 -9 11 -11 -12 -13 -14 -15
leaf_value=-0.01079294356330995 0.0018951547855468192 0.0060872836442378469 -0.0096734413276424631 0.0042010501136020093 0.0063953865367984714 0.0018208368319424682 -0.0047291355251678161 0.011674968508141403 0.012221306994016868 0.0094856208630005948 -0.0024447691694926095 0.00059144904349036145 0.014709516799105661 -0.0082086949466558291
leaf_weight=271.25483079068363 1314.040309753269 284.80151841416955 669.27985611185431 503.74381100013852 132.71686126664281 2359.9909581020474 1074.8478818032891 197.19962165318429 69.938825286924839 358.02333806082606 1183.5935196094215 5458.8875717055053 81.137228589504957 664.12407637014985
leaf_count=4793 14250 2839 7582 4922 1307 22810 12285 2140 595 3593 12894 51372 546 8561
internal_value=-2.48901e-06 -0.000905437 -0.000470604 -0.0025679 -0.00696831 0.00086547 -0.00243555 0.00262326 0.000756474 0.00356716 -0.000447641 2.93295e-06 -0.0038974 -0.00612411
internal_weight=14623.6 6677.43 6406.17 2489.33 801.997 3916.84 1359.65 2557.19 7946.15 1672.06 1687.34 6274.09 815.2 734.063
internal_count=150489 71572 66779 26705 8889 40074 15124 24950 78917 17843 17816 61074 9702 9156
is_linear=0
shrinkage=0.035


Tree=148
num_leaves=15
num_cat=0
split_feature=22 21 11 15 27 15 9 14 10 11 20 4 16 8
split_gain=8.19065 11.0243 17.2147 25.9992 44.5867 23.6309 21.994 21.5378 16.5368 15.8755 15.8237 12.7791 17.5805 14.4854
threshold=0.45299300551414495 0.063049226999282851 0.31236943602561956 23.69984340667725 3.9181736320282772 21.283999443054203 0.45737916231155401 0.7497466802597047 0.64489763975143444 0.38812175393104559 -0.13083248585462567 0.024514035321772102 1.1785116195678713 -0.26773847639560694
decision_type=2 2 2 2 2 2 2 2 2 2 2 2 2 2
left_child=1 2 3 7 -5 6 -4 -1 11 -10 -7 13 -13 -3
right_child=-2 8 5 4 -6 10 -8 -9 9 -11 -12 12 -14 -15
leaf_value=-0.0052596982359683752 -0.0032142910847187448 -0.0024914786369414936 0.0080247920282352798 0.013798531307363535 -0.0059016706704301232 0.0075937110191132331 0.0010080188560596445 -0.00047297951166696433 -0.010938948027124184 0.0026303430002345449 -0.0011144163398486039 0.013233027205860559 0.0021836470751137567 0.006270322922477093
leaf_weight=2019.117502162233 901.73327449522913 511.01603445038199 918.75903471559286 318.0736241210252 238.72876442037523 263.43322335928679 1340.3157248292118 2667.4239689782262 185.49740526080132 223.10241611301899 3923.2717253416777 343.47552981227636 361.60377993434668 406.28906696662307
leaf_count=23669 12737 5184 8800 2888 2446 2087 11903 29424 1832 2180 37792 2838 3269 3440
internal_value=-1.87157e-06 0.000211447 -0.0002028 -0.00169033 0.00539698 0.00100798 0.00388451 -0.00254206 0.00258492 -0.00364405 -0.0005497 0.0041664 0.00767608 0.00141503
internal_weight=14621.8 13720.1 11689.1 5243.34 556.802 6445.78 2259.07 4686.54 2030.98 408.6 4186.7 1622.38 705.079 917.305
internal_count=150489 137752 119009 58427 5334 60582 20703 53093 18743 4012 39879 14731 6107 8624
is_linear=0
shrinkage=0.035


Tree=149
num_leaves=15
num_cat=0
split_feature=29 16 15 8 10 22 9 17 23 30 9 2 18 23
split_gain=8.22433 22.0901 38.8713 17.3307 19.7661 16.1955 12.2826 19.6002 19.4537 12.1128 25.4541 15.187 14.6283 15.7456
threshold=3.8500000000000001 1.3233204483985903 23.69984340667725 -0.38056008517742151 0.64489763975143444 0.1840842813253403 0.45737916231155401 0.041650781407952316 0.20481593161821368 0.14999999999999994 0.49734982848167425 0.5978008806705476 0.12844745069742206 0.096428066492080702
decision_type=2 2 2 2 2 2 2 10 2 2 2 2 2 2
left_child=9 2 6 -4 -5 -3 7 -2 -8 12 -11 -12 13 -1
right_child=1 5 3 4 -6 -7 8 -9 -10 10 11 -13 -14 -15
leaf_value=-0.0044547510839311327 -0.0016036638233150134 0.011679076343946136 -0.0066779050376495654 0.024886316808422185 0.0031476786833670154 -0.0087029033708210055 -0.010676292546555043 0.011658835257274796 0.00062349634794552566 0.0071357965825674099 -0.0061439350702205964 0.01347674619555316 0.0030158838524656133 -6.6190336398091157e-06
leaf_weight=1097.9263795316219 705.20695908553898 43.107141323387623 42.243076520040631 125.72831943631172 87.541600059717894 623.16727575659752 373.49764982424676 158.77841028571129 361.54642019420862 826.03263348340988 349.25443020090461 46.269315309822559 1663.488467855379 8116.5295724328607
leaf_count=17023 8678 331 389 977 660 7582 3876 1627 2970 5996 2710 276 16479 80915
internal_value=-1.47051e-06 -0.00181605 0.000157715 0.0125641 0.0165038 -0.00723102 -0.0018905 0.000939155 -0.00518449 0.000377767 0.0036676 -0.00357293 5.30135e-06 -0.00054088
internal_weight=14620.3 2520.82 1854.54 255.513 213.27 666.274 1599.03 863.985 735.044 12099.5 1221.56 395.524 10877.9 9214.46
internal_count=150489 27090 19177 2026 1637 7913 17151 10305 6846 123399 8982 2986 114417 97938
is_linear=0
shrinkage=0.035


Tree=150
num_leaves=15
num_cat=0
split_feature=4 23 6 28 10 12 2 15 16 8 6 3 8 28
split_gain=7.85966 12.8173 14.2425 13.8564 24.6172 12.8387 12.2609 11.9901 13.4883 11.7794 13.5399 15.5315 21.4671 12.2271
threshold=-0.048805382102727883 0.089377358555793776 0.091587610542774214 -0.95208326663631604 0.9272749423980714 0.64311593770980846 -0.30901987850666041 22.635726928710941 0.7002084255218507 -0.4995675235986709 -0.24991427361965177 -0.46061125397682184 -0.72823759913444508 1.0000000180025095e-35
decision_type=2 2 2 2 2 2 2 2 2 2 2 2 2 2
left_child=1 6 7 5 -5 -4 -1 8 -3 10 11 -2 -13 -11
right_child=9 2 3 4 -6 -7 -8 -9 -10 13 -12 12 -14 -15
leaf_value=0.0087034069612954984 -0.0051015191027519299 -0.00074335365708906402 0.015347137035398308 0.020426987680014903 -0.00075044958518221815 -0.0028871506917631218 -0.0086021899964791974 -0.0030366402515475321 0.0045150991738242734 0.00066358243386480987 -0.0075427193049572754 -0.02203140920886975 0.0083056330919350791 -0.0022283566530769661
leaf_weight=53.369686763733625 360.71326667815447 1075.2798648476601 50.78374258428812 168.39097887277603 106.81264513358474 204.10261805355549 253.9590305313468 689.57696365751326 1328.0932672712952 7054.4001142457128 579.30524155311286 22.058536473661661 282.20974247902632 2389.1787269674242
leaf_count=662 3461 10394 507 1204 901 1886 3968 6603 12803 68836 6862 222 2482 29698
internal_value=-7.81267e-07 0.00133552 0.00192168 0.00716739 0.0124694 0.00118809 -0.00541739 0.00100244 0.00216911 -0.000492985 -0.00367976 -0.000252612 0.00547523 -6.96471e-05
internal_weight=14618.2 3930.37 3623.04 530.09 275.204 254.886 307.329 3092.95 2403.37 10687.9 1244.29 664.982 304.268 9443.58
internal_count=150489 38928 34298 4498 2105 2393 4630 29800 23197 111561 13027 6165 2704 98534
is_linear=0
shrinkage=0.035


Tree=151
num_leaves=15
num_cat=0
split_feature=14 0 18 26 10 23 21 22 25 15 9 14 6 13
split_gain=8.02822 13.6469 12.6066 20.2025 15.7106 14.3053 11.8368 11.174 13.4547 19.1847 15.4206 12.2674 14.7373 12.1216
threshold=2.807222962379456 -0.15229460597038266 0.20652768760919574 -1.2850000000000001 0.75003939867019664 0.21352105587720874 -0.053123654797673218 0.33573634922504431 1.4450000000000001 22.471650123596195 0.48666475713253027 1.2018169760704043 -0.049119370058178895 0.34376092255115515
decision_type=2 2 2 2 2 2 2 2 2 2 2 2 2 2
left_child=2 -2 7 -4 5 -5 -3 8 9 -1 -10 12 -9 -13
right_child=1 6 3 4 -6 -7 -8 11 10 -11 -12 13 -14 -15
leaf_value=0.00010650309786503714 0.012366922839845255 -0.0097740870489655407 -0.0082742445140241601 0.0074864955807477738 0.00077648265086174232 0.023975487649058588 -0.0014723026300444571 -0.0053593367096776631 0.0028491149047665454 -0.0092229103376889991 -0.00051524030991177651 0.014044851994760838 -0.00070890524365322511 0.00084039299552389414
leaf_weight=991.83944418281317 58.060843773186207 285.9920422192663 120.68305518105626 302.22420321777463 302.92511231079698 78.792226377874613 743.60673112981021 1261.9365703258663 3810.5459858104587 360.89845654368401 2958.7215892262757 85.306670341640711 2439.6300918404013 815.86238773353398
leaf_count=14268 497 2884 1182 2727 3195 620 8754 18362 31135 4874 22533 1096 28950 9412
internal_value=-8.25608e-07 -0.00287966 0.000232567 0.00445356 0.00678628 0.0114223 -0.00385013 -3.7627e-05 0.000742929 -0.00243192 0.00138003 -0.00141362 -0.0023045 0.00223078
internal_weight=14617 1087.66 13529.4 804.625 683.942 381.016 1029.6 12724.7 8122.01 1352.74 6769.27 4602.74 3701.57 901.169
internal_count=150489 12135 138354 7724 6542 3347 11638 130630 72810 19142 53668 57820 47312 10508
is_linear=0
shrinkage=0.035


Tree=152
num_leaves=15
num_cat=0
split_feature=14 34 10 15 17 21 4 8 32 8 10 6 5 11
split_gain=7.99022 15.0073 18.0569 12.4389 11.7366 12.1799 8.74914 12.1358 11.2157 14.2972 13.3621 11.0442 24.1313 15.8425
threshold=0.13843861222267154 -0.021614717912531053 0.72768214344978344 20.364537239074711 0.033365093171596534 0.019886141642928127 -0.048805382102727883 -0.4995675235986709 0.017871659466422444 -0.33445568382740015 1.1250154972076418 -0.19752442091703412 0.13130479305982592 0.33333878219127661
decision_type=2 2 2 2 10 2 2 2 2 2 2 2 2 2
left_child=1 2 -1 -3 -4 -6 -2 11 9 -9 -10 13 -13 -8
right_child=6 3 4 -5 5 -7 7 8 10 -11 -12 12 -14 -15
leaf_value=-0.013175255061247381 0.0015785608960689379 0.0057089869411096244 0.032111257760859491 -0.016086913670201857 0.010829608396625855 -0.013078925053806487 0.0056848188784528091 -0.0098453376979138509 0.0007101083978665704 -0.00089270539806762415 -0.009017815015561953 -0.012691778002568313 0.010860072995778108 -0.0045581937642830408
leaf_weight=54.042301813140512 3755.4511043913662 34.794203672558069 13.442326631397007 147.70309243351221 80.898852787911892 27.183930806815624 255.56715204752982 284.43736626207829 7980.8331799656153 856.70764265395701 166.82475588843226 299.19486212171614 56.368640895932913 601.71611783653498
leaf_count=800 36576 478 154 2187 790 447 2671 3924 80403 10322 1709 3712 706 5610
internal_value=-3.432e-07 -0.00509194 0.00219361 -0.0118507 0.00951024 0.004218 0.000131011 -0.000387651 4.37943e-05 -0.00319035 0.000500117 -0.00366529 -0.00876309 -0.00147428
internal_weight=14615.2 358.065 175.567 182.497 121.525 108.083 14257.1 10501.6 9288.8 1141.15 8147.66 1212.85 355.564 857.283
internal_count=150489 4856 2191 2665 1391 1237 145633 109057 96358 14246 82112 12699 4418 8281
is_linear=0
shrinkage=0.035


Tree=153
num_leaves=15
num_cat=0
split_feature=16 17 28 18 28 22 4 22 21 16 11 11 16 11
split_gain=7.75722 12.1834 13.261 9.9897 28.4519 10.7015 14.3806 10.4334 13.0527 17.088 15.5029 9.51283 9.44849 16.9046
threshold=2.6452856063842778 0.060317279770970351 -0.10326313031254751 0.24202270060777667 -1.8296610773469666 0.17610955983400348 0.10813308879733087 0.45299300551414495 0.072448831051588072 1.1785116195678713 0.31236943602561956 0.49995495378971105 0.67925265431404125 0.42113819718360906
decision_type=2 8 2 2 2 2 2 2 2 2 2 2 2 2
left_child=3 -2 -3 7 -5 6 -6 8 10 -10 -1 -7 13 -9
right_child=1 2 -4 4 5 11 -8 12 9 -11 -12 -13 -14 -15
leaf_value=-0.0016538246043781267 -0.015830646745547662 0.0038639801823155133 -0.010908140066418659 -0.017166959010612774 0.028269957026840674 0.0058990617571343584 0.0041361297908050149 0.0071429148103738342 0.0059039877647007015 -0.0019563755654347917 0.00095901640794404804 -0.005946090029642092 -0.0063281918734768104 -0.013504353603239917
leaf_weight=5173.7364585734904 84.049078356474638 201.76785675436258 105.00005923770368 61.293036997318268 47.916830103844404 488.4327601864934 71.963376190513372 179.67192090116441 981.22902000695467 508.60268315300345 5993.9230153486133 91.252447046339512 570.09175832755864 55.448744697496295
leaf_count=57569 1144 2336 1374 643 394 4695 591 2673 8610 4760 55779 1015 8028 878
internal_value=-8.09456e-07 -0.00480276 -0.00137694 0.000134414 0.00400938 0.00608055 0.0152165 -8.73969e-05 0.00015966 0.00322544 -0.000251853 0.00396522 -0.00392531 0.00192137
internal_weight=14614.4 390.817 306.768 14223.6 760.858 699.565 119.88 13462.7 12657.5 1489.83 11167.7 579.685 805.212 235.121
internal_count=150489 4854 3710 145635 7338 6695 985 138297 126718 13370 113348 5710 11579 3551
is_linear=0
shrinkage=0.035


Tree=154
num_leaves=15
num_cat=0
split_feature=14 12 19 24 6 0 16 0 7 10 16 30 3 34
split_gain=7.68184 16.7824 17.4109 15.4015 14.2016 12.9219 17.0337 14.0351 18.4643 16.552 24.652 14.8683 12.2671 11.791
threshold=0.36997146904468542 0.54165938496589672 -0.15970890223979947 0.030391268432140354 0.16709233075380328 -0.038555715233087533 0.44564309716224676 0.034133229404687888 -0.045546604320406907 0.5452413558959962 2.5090831518173222 1.0000000180025095e-35 1.973869323730469 0.0059735429451844855
decision_type=2 2 2 2 2 2 2 2 2 2 2 2 2 2
left_child=1 3 -3 13 -4 6 -2 8 11 10 -9 -7 -11 -1
right_child=5 2 4 -5 -6 7 -8 9 -10 12 -12 -13 -14 -15
leaf_value=-0.0093427827241163667 -0.0059719125177318125 0.0027796461290313002 -0.0064177095635850733 0.0096076030926914545 0.0030020032697036843 -0.0041766234983447205 0.0025117988286234728 0.0030012244648261132 -0.0091536707515080546 -0.0023166569487662 -0.013262081774789118 0.0013247446424537227 0.010413161674585421 0.0046497369894137226
leaf_weight=130.95365767925978 303.09178748354316 446.76443890109658 1302.2237456087023 261.24203883856535 224.4182507507503 1122.0048082750291 4000.2191949840635 2782.6355890519917 418.04963924176991 2002.120656657964 109.26659162342548 1277.2503511179239 87.417012222111225 145.71622576192021
leaf_count=2096 2766 4575 16037 2862 2079 13775 38150 27985 4586 20168 1361 11930 632 1487
internal_value=-1.37769e-06 -0.00175899 -0.00325102 0.00367418 -0.00502248 0.000364499 0.00190181 -0.000485133 -0.00245495 0.000631607 0.00234315 -0.00125461 -0.00173704 -0.00206809
internal_weight=14613.4 2511.32 1973.41 537.912 1526.64 12102.1 4303.31 7798.74 2817.3 4981.44 2891.9 2399.26 2089.54 276.67
internal_count=150489 29136 22691 6445 18116 121353 40916 80437 30291 50146 29346 25705 20800 3583
is_linear=0
shrinkage=0.035


Tree=155
num_leaves=15
num_cat=0
split_feature=29 16 15 8 10 20 9 23 17 30 9 17 6 3
split_gain=7.68325 20.2547 35.7763 15.8918 18.0338 14.9677 11.1987 18.4533 18.06 10.4999 22.9373 14.8596 13.7691 16.1729
threshold=3.8500000000000001 1.3233204483985903 23.69984340667725 -0.38056008517742151 0.64489763975143444 -0.06509107723832129 0.45737916231155401 0.20481593161821368 0.041650781407952316 0.14999999999999994 0.47669857740402227 0.030533674173057083 0.13193281739950183 -0.015381562523543833
decision_type=2 2 2 2 2 2 2 2 10 2 2 8 2 2
left_child=9 2 6 -4 -5 -3 8 -8 -2 -1 11 -11 -12 -14
right_child=1 5 3 4 -6 -7 7 -9 -10 10 12 -13 13 -15
leaf_value=1.6822668889040035e-05 -0.0016026704887913878 0.011127145274639223 -0.0065102029652136673 0.0236086853757147 0.0029401123345785367 -0.008401422240211719 -0.010388765765352562 0.0006418887044490468 0.011079449869475164 4.8227243954597711e-05 -0.0069860116047475111 0.010261011646174821 -0.011565137334655338 0.01335990758675823
leaf_weight=10870.626631891355 704.87519720382988 43.542237747460604 42.011709630489349 127.93210816383362 87.835142351686954 617.51241682469845 370.13836609385908 361.22964339703321 160.3943849131465 258.00821683555841 305.29597448185086 529.97618002071977 36.745749648660421 96.188670456409454
leaf_count=114417 8678 331 389 977 660 7582 3876 2970 1627 2088 2390 3615 326 563
internal_value=-1.877e-06 -0.00175789 0.000126968 0.0119705 0.0156978 -0.00696847 -0.00184778 -0.00500545 0.000847929 0.000364427 0.00342094 0.00695957 -0.0029552 0.00614303
internal_weight=14612.3 2515.47 1854.42 257.779 215.767 661.055 1596.64 731.368 865.27 12096.8 1226.21 787.984 438.23 132.934
internal_count=150489 27090 19177 2026 1637 7913 17151 6846 10305 123399 8982 5703 3279 889
is_linear=0
shrinkage=0.035


Tree=156
num_leaves=15
num_cat=0
split_feature=1 8 16 10 28 30 10 11 12 19 6 6 12 10
split_gain=7.59221 14.0412 16.5686 12.6535 12.3879 12.2589 12.2128 19.9473 13.0977 14.805 12.3087 12.3074 11.8984 9.71181
threshold=-0.41261096298694605 -0.72823759913444508 0.91921207308769237 1.0404224395751955 -0.32965580251068655 1.0000000180025095e-35 0.9272749423980714 0.52083775401115429 0.57132694125175487 0.62837991118431102 -0.0076704095117747775 0.27299468219280248 1.1405171751976015 0.56933444738388073
decision_type=2 2 2 2 2 2 2 2 2 2 2 2 2 2
left_child=3 2 -2 13 -5 -4 7 11 10 -10 -8 -3 -9 -1
right_child=1 6 5 4 -6 -7 8 12 9 -11 -12 -13 -14 -15
leaf_value=0.012736994747704887 -0.018089973812466773 -0.00029791097261770933 0.015452553037038595 0.0039497165285416998 0.037722599778062478 -0.01042938994267111 -0.0062189599711892259 0.0037717782961817822 -0.0088471310665356896 0.0010197189368295898 0.010158731308035022 0.0033971190652048741 0.017016937062341166 -0.0022583617477919876
leaf_weight=63.008095551282167 102.71726397238672 11493.381143536419 36.215316159650683 31.716615676879883 16.836729884147644 34.043451551347971 83.4344602227211 274.17190220765769 554.95699382387102 275.09236896038055 134.57234926149249 1211.5052310414612 114.65545269288123 184.25114198774099
leaf_count=508 1037 122343 402 313 157 316 907 2412 6074 2659 1425 9406 1022 1508
internal_value=-1.37785e-06 -0.000117872 -0.0097513 0.00545541 0.0201034 0.00317471 6.76768e-06 0.000298824 -0.00361033 -0.00560388 0.00389289 5.68322e-05 0.00800619 0.00190941
internal_weight=14610.6 14314.7 172.976 295.813 48.5533 70.2588 14141.8 13093.7 1048.06 830.049 218.007 12704.9 388.827 247.259
internal_count=150489 148003 1755 2486 470 718 146248 135183 11065 8733 2332 131749 3434 2016
is_linear=0
shrinkage=0.035


Tree=157
num_leaves=15
num_cat=0
split_feature=14 8 19 34 17 28 15 7 28 28 10 24 0 33
split_gain=7.54977 14.5911 12.0278 9.89236 8.20668 31.2465 20.9852 14.4417 16.6597 14.3435 12.0108 9.61951 13.993 12.9856
threshold=0.13843861222267154 -0.67240372300147999 0.20352408289909366 -0.023314336221800954 0.025545100681483749 -1.8296610773469666 20.808405876159672 -0.045546604320406907 0.20186090932844405 -0.10326313031254751 0.25371451675891882 0.03199290111660958 -0.053470052778720849 -0.067435648233345621
decision_type=2 2 2 2 10 2 2 2 2 2 2 2 2 2
left_child=1 -1 -3 -4 5 6 -2 8 -7 -9 -8 13 -13 -6
right_child=4 2 3 -5 11 7 10 9 -10 -11 -12 12 -14 -15
leaf_value=0.020527593593683564 -0.0082858821826689005 -0.0093830798472975992 0.02076536570760525 -0.0065627780640633042 0.0019954909401680336 0.00073448813964851448 0.033199418876864631 -0.015227280698163119 -0.011498425548888766 -0.00049671285144847993 0.0048606428465981216 0.0015744723051483315 -0.0043402537333991969 -0.00041272177241518157
leaf_weight=16.211812619119883 30.312270887196064 292.23772386647761 23.901907369494438 24.129288805648685 5521.658433072269 689.65687408484519 46.340580835938454 222.47716327756643 159.68190938979387 125.3177587389946 33.001467481255531 843.1567371673882 1146.3448100686073 5434.9791008941829
leaf_count=176 301 4082 275 323 45715 9436 379 2787 2746 1569 287 7710 12530 62173
internal_value=-8.384e-08 -0.0049603 -0.00672603 0.00827146 0.000127367 -0.00250528 0.0145876 -0.00417882 -0.00167243 -0.0100818 0.0232756 0.000394836 -0.00183824 0.000801623
internal_weight=14609.4 356.481 340.269 48.0312 14252.9 1306.79 109.654 1197.13 849.339 347.795 79.342 12946.1 1989.5 10956.6
internal_count=150489 4856 4680 598 145633 17505 967 16538 12182 4356 666 128128 20240 107888
is_linear=0
shrinkage=0.035


Tree=158
num_leaves=15
num_cat=0
split_feature=27 16 7 22 11 25 12 3 10 10 14 19 0 6
split_gain=7.39427 13.0794 8.98111 8.46199 19.0457 31.9001 20.0049 18.6691 19.7886 14.3116 28.3991 23.3978 16.395 14.2685
threshold=2.9495971608506704 0.7002084255218507 -0.23490741848945615 0.2409842982888222 0.30258381366729742 2.8200000000000007 1.3706247210502627 -0.52380105853080738 0.8854413926601411 0.53424417972564708 0.45123016834259039 -0.072910718619823442 0.039685964584350593 0.31274807453155523
decision_type=2 2 2 2 2 2 2 2 2 2 2 2 2 2
left_child=1 2 -1 4 5 -2 -7 -6 -9 10 11 -5 -12 -11
right_child=3 -3 -4 9 7 6 -8 8 -10 13 12 -13 -14 -15
leaf_value=-0.008038311394345082 -0.0057447342961131145 -0.015805928596240037 0.018541734589751321 0.00062191676034115129 -0.0051426100628749263 0.0049790738386438077 -0.012108709859405939 0.0042721810063929304 -0.0032920212913088902 -0.0038250238423749019 -0.00012045281652088749 -0.011181329512890407 0.0042032691584753829 0.001315146452735433
leaf_weight=21.91900248080492 1073.8381187170744 81.419345073401928 22.274316553026438 396.88915655761957 348.0544883646071 790.40594727173448 84.195289693772793 3107.5091150701046 482.76366421021521 2409.9875636026263 2691.6033098548651 414.94141829013824 1777.3573016785085 904.62076683714986
leaf_count=180 11899 736 191 5246 3181 5495 703 25796 4007 28376 31629 5647 19046 8357
internal_value=3.81295e-07 -0.00813435 0.00630792 7.6503e-05 0.00109778 -0.00172671 0.0032158 0.002496 0.00324875 -0.000623409 0.000508236 -0.00547358 0.00160469 -0.00242244
internal_weight=14607.8 125.613 44.1933 14482.2 5886.77 1948.44 874.601 3938.33 3590.27 8595.4 5280.79 811.831 4468.96 3314.61
internal_count=150489 1107 371 149382 51081 18097 6198 32984 29803 98301 61568 10893 50675 36733
is_linear=0
shrinkage=0.035


Tree=159
num_leaves=15
num_cat=0
split_feature=1 8 16 10 33 30 10 11 2 8 9 2 17 7
split_gain=7.21015 13.1401 15.9178 12.0868 15.8654 11.5545 10.9307 18.6944 13.5463 19.0842 18.5931 11.3605 11.2306 9.14539
threshold=-0.41261096298694605 -0.72823759913444508 0.91921207308769237 1.0404224395751955 -0.1179000261444577 1.0000000180025095e-35 0.9272749423980714 0.52083775401115429 0.1820340305566788 -0.63458698987960804 0.55893766880035411 -0.40963026881217951 0.045464197173714645 -0.48793728649616236
decision_type=2 2 2 2 2 2 2 2 2 2 2 2 8 2
left_child=3 2 -2 13 -5 -4 7 11 9 -8 -10 -3 -9 -1
right_child=1 6 5 4 -6 -7 8 12 10 -11 -12 -13 -14 -15
leaf_value=-0.0048740892572658855 -0.017727811282763468 0.0051882871714683905 0.01497802786003556 -0.0049885005615934175 0.031875997883539391 -0.010154808554846769 0.010001036274323062 0.020680541321633224 0.014911606772253306 -0.011752764476445089 -0.0025618676820772868 -0.00016603385414572266 0.0048804102668764957 0.0080909745064954505
leaf_weight=120.43595407903194 101.30726680159569 495.51005746424198 36.572187535464764 18.365983657538891 30.656531490385532 33.713067777454853 50.099672850221395 59.050145767629147 75.124126940965652 324.47264661081135 593.64636707119644 12208.634037159383 331.64417965523899 127.09753042832017
leaf_count=966 1037 4067 402 200 270 316 529 527 781 3816 5939 127682 2907 1050
internal_value=-6.34485e-07 -0.000114334 -0.0094694 0.00531048 0.0195597 0.00315951 5.81974e-06 0.000281528 -0.00342438 -0.00865876 -0.000408274 4.67215e-05 0.00772499 0.00183858
internal_weight=14606.3 14309.8 171.593 296.556 49.0225 70.2853 14138.2 13094.8 1043.34 374.572 668.77 12704.1 390.694 247.533
internal_count=150489 148003 1755 2486 470 718 146248 135183 11065 4345 6720 131749 3434 2016
is_linear=0
shrinkage=0.035


Tree=160
num_leaves=15
num_cat=0
split_feature=8 11 30 20 11 19 6 19 3 28 28 12 17 3
split_gain=7.20523 21.5998 14.2597 15.4625 12.8959 12.5404 12.6958 15.054 12.347 13.1301 11.991 11.8527 10.2873 26.6393
threshold=-0.31995129585266108 0.20034358650445941 -0.24999999999999975 -0.1445561274886131 0.54628348350524913 -0.04666155390441417 -0.11133514717221259 -0.14013647288084027 -0.20237390697002408 -0.40673658347942782 -1.2694376036537778 0.98275029659271251 0.02738680969923735 0.32306490838527685
decision_type=2 2 2 2 2 2 2 2 2 2 2 2 10 2
left_child=1 -1 -3 -4 -5 6 7 -2 10 -10 -8 -9 13 -7
right_child=5 2 3 4 -6 12 8 11 9 -11 -12 -13 -14 -15
leaf_value=-0.010408025977980347 -0.014574509177801974 -0.0059434437190269505 0.011529676077660801 -0.00084741836937689198 0.0041299814332542298 -0.005837325258138377 -0.015946798139878173 -0.0070827806615590258 0.0082455259981190007 0.00077669824005960906 0.0032016028789493621 0.011518098856201822 0.00053928895800617468 0.014214999265954261
leaf_weight=267.46895743533969 89.014535138383508 517.69263379834592 130.61457833647728 5025.7671479042619 720.12431886605918 727.62941786460578 57.175734391435981 70.165286174044013 850.8991853967309 436.91551331616938 92.718348193913698 79.062470661476254 5458.6122244019061 81.608239274471998
leaf_count=4793 1030 8924 971 50277 6607 9156 829 825 7894 5179 1252 834 51372 546
internal_value=6.0711e-07 -0.000847611 -0.000432072 6.27263e-05 -0.000217517 0.000712093 0.00339171 -0.0039681 0.00463029 0.00573709 -0.00464291 0.00287662 -8.66691e-06 -0.0036663
internal_weight=14605.5 6661.67 6394.2 5876.51 5745.89 7943.8 1675.95 238.242 1437.71 1287.81 149.894 149.228 6267.85 809.238
internal_count=150489 71572 66779 57855 56884 78917 17843 2689 15154 13073 2081 1659 61074 9702
is_linear=0
shrinkage=0.035


Tree=161
num_leaves=15
num_cat=0
split_feature=14 4 0 26 7 23 5 15 12 16 20 8 25 22
split_gain=7.10645 12.2626 11.9271 12.6259 12.8243 12.8837 11.0508 17.796 11.7023 9.52803 27.7479 12.6471 12.062 11.7298
threshold=2.807222962379456 -0.077750287950038896 0.19597356021404269 -1.3799999999999999 -0.21494284272193906 0.24611242860555652 0.08726037293672563 21.832373619079593 1.3706247210502627 1.4597733616828921 -0.086001444607973085 -0.40572442114353174 0.55000000000000016 0.35781356692314154
decision_type=2 2 2 2 2 2 2 2 2 2 2 2 2 2
left_child=2 -2 9 -4 -5 -6 -3 -8 -9 12 -11 -12 -1 -14
right_child=1 6 3 4 5 -7 7 8 -10 10 11 -13 13 -15
leaf_value=-0.0048221704233990951 0.010552664527019775 -0.0080070645413137746 -0.0072852893636861475 -0.0085525083158839808 0.0050299235811988394 0.020424693140120229 0.0084017334991251715 -0.010966729562402886 0.00065040967347230409 0.010024580776315944 0.0011065925143582589 -0.0057770999340906138 0.0013179155688099117 -0.0013431662135986939
leaf_weight=520.40641531534493 69.841009806841612 418.73035014793277 101.58939830958843 67.240497883409262 751.08305643685162 65.09291460365057 176.743732213974 181.93381713703275 235.50585743039846 186.94194396585226 446.75829159282148 1180.8115727454424 7418.3680831901729 2782.6513623576611
leaf_count=8639 626 4966 1054 745 7126 512 1888 1893 2762 1645 5290 13514 62260 37569
internal_value=2.27966e-07 -0.00271476 0.00021949 0.00390789 0.0052622 0.00649007 -0.00372378 -0.000622718 -0.00455083 -7.32089e-05 -0.00241146 -0.00389235 0.000324398 0.000591417
internal_weight=14603.7 1082.75 13520.9 985.006 883.416 816.176 1012.91 594.183 417.44 12535.9 1814.51 1627.57 10721.4 10201
internal_count=150489 12135 138354 9437 8383 7638 11509 6543 4655 128917 20449 18804 108468 99829
is_linear=0
shrinkage=0.035


Tree=162
num_leaves=15
num_cat=0
split_feature=29 15 10 2 4 8 13 17 27 3 10 24 30 12
split_gain=7.08429 15.6231 22.3443 14.929 11.5754 10.522 10.2213 13.1084 13.4889 11.1218 10.7626 13.4462 9.26206 16.6582
threshold=3.8500000000000001 23.69984340667725 0.61194315552711498 0.39237882196903234 -0.028391912579536435 -0.38056008517742151 0.53171569108963024 0.079197611659765257 3.3284033204971868 -0.14371711015701291 0.75003939867019664 0.031365167349576957 0.14999999999999994 1.2066348791122439
decision_type=2 2 2 2 2 2 2 10 2 2 2 2 2 2
left_child=12 6 3 5 -4 -3 10 8 -8 -9 11 -2 -1 -14
right_child=1 2 4 -5 -6 -7 7 9 -10 -11 -12 -13 13 -15
leaf_value=2.4705941256387992e-05 -0.0028203279665474589 -0.013029768697856102 0.0059471539167604594 0.031781600521161905 -0.0097397765260523825 0.011114988587969285 -0.0091375636925116691 0.018995454763052807 0.005646344901915336 -0.0070677030654825576 -0.007440530479124967 0.0049507787187031589 0.0051144581963921219 -0.0053467831783782756
leaf_weight=10862.827995454893 630.08866617456079 17.725879780948162 94.074119877070189 33.503363505005836 120.77392494305968 125.17800836637616 631.05256262980402 36.21040390431881 78.933573434129357 28.228890527039766 248.44449315592647 465.40095381438732 1009.9712646156549 219.58662109449506
leaf_count=114417 7614 210 796 213 1117 1042 7207 495 1196 301 2622 4277 7174 1808
internal_value=2.89196e-07 -0.00168813 0.00465809 0.0135394 -0.00291203 0.00746378 -0.00287664 -0.00605273 -0.00743835 0.00816232 -0.00101528 0.00049602 0.000351805 0.00321812
internal_weight=14602 2509.61 391.255 176.407 214.848 142.904 2118.36 774.425 709.986 64.4393 1343.93 1095.49 12092.4 1229.56
internal_count=150489 27090 3378 1465 1913 1252 23712 9199 8403 796 14513 11891 123399 8982
is_linear=0
shrinkage=0.035


Tree=163
num_leaves=15
num_cat=0
split_feature=3 11 7 25 11 15 10 22 8 10 10 25 3 15
split_gain=6.93694 11.1214 12.7417 14.5072 11.6584 10.9416 9.08426 16.4008 27.4764 22.519 15.1706 30.4072 30.9539 22.1269
threshold=1.973869323730469 0.32795168459415441 -0.14456168562173841 5.1000000000000005 0.46756094694137579 24.238675117492679 0.5452413558959962 0.21641109138727191 -0.51332992315292347 0.8854413926601411 0.42396476864814764 2.8200000000000007 0.41675773262977606 22.391987800598148
decision_type=2 2 2 2 2 2 2 2 2 2 2 2 2 2
left_child=6 -2 3 5 -4 -3 10 8 -8 -10 11 12 -1 -13
right_child=1 2 4 -5 -6 -7 7 -9 9 -11 -12 13 -14 -15
leaf_value=-0.0072525545056502877 -0.015410995981947754 0.00047958241931695062 0.028127928800309555 -0.004333065025123076 0.00083930058324200901 0.025150446512807928 -0.0052373101748573094 -0.0027832030651658221 0.0058864052798416394 -0.0047437164915617204 0.002306428303421976 -0.00077634837398442497 0.02158203443194073 0.0050182553903557981
leaf_weight=993.68129749596119 20.575741223990917 42.325008291751146 44.649713851511478 141.3873560577631 30.52060129493475 36.821919105947018 574.97286202758551 3290.5262902099639 1178.9329408928752 299.12669582106173 3635.1430139411241 3205.8230986054987 38.246031209826469 1068.0568787287921
leaf_count=11900 148 384 290 982 230 299 4998 36312 9692 2623 33884 37875 198 10674
internal_value=8.03386e-07 0.0050469 0.00692795 0.00237151 0.0184477 0.0134911 -0.000114377 -0.00125479 0.00119651 0.00371768 0.00056783 -0.000625425 -0.00598699 0.000680076
internal_weight=14600.8 316.28 295.705 220.534 75.1703 79.1469 14284.5 5343.56 2053.03 1478.06 8940.95 5305.81 1031.93 4273.88
internal_count=150489 2333 2185 1665 520 683 148156 53625 17313 12315 94531 60647 12098 48549
is_linear=0
shrinkage=0.035


Tree=164
num_leaves=15
num_cat=0
split_feature=14 6 16 8 24 21 27 16 8 2 8 16 1 30
split_gain=6.83388 11.071 16.5489 13.2682 12.4319 11.9685 9.6087 12.669 8.74874 14.874 17.3071 13.7971 13.893 13.4946
threshold=0.19365141540765765 0.050004674121737487 0.53492349386215221 -0.67240372300147999 0.030391268432140354 -0.017531219869852063 2.9495971608506704 0.7002084255218507 -0.72823759913444508 -0.40963026881217951 -0.4995675235986709 0.88071769475936901 -0.41261096298694605 1.0000000180025095e-35
decision_type=2 2 2 2 2 2 2 2 2 2 2 2 2 2
left_child=1 3 5 4 -1 -3 7 -2 11 -10 -11 12 -8 -13
right_child=6 2 -4 -5 -6 -7 8 -9 9 10 -12 13 -14 -15
leaf_value=-0.0088402007352199902 0.0065405418920899665 0.02124167894725263 -0.014032848429104594 -0.0069970585321186942 0.026055811970262913 0.00081631336404866561 0.0032265303064949475 -0.016774816348702048 0.0053948520879898232 -0.0035529670430080613 0.00056164292107941294 0.014881214004220829 -0.021004746858064968 -0.0087321463999049612
leaf_weight=14.491501951590179 35.692034833133221 54.698800532147288 36.589823752641678 535.60817341506481 20.724103011190891 78.7611592002213 38.202667064964771 78.159552920609713 677.86344368010759 1395.9629947822541 11447.336723882705 48.615923354402184 85.347319444641471 50.652958244085312
leaf_count=184 284 495 517 7230 192 1094 322 711 5538 14815 117247 536 878 446
internal_value=1.73115e-06 -0.0032504 0.00440423 -0.0055673 0.0129166 0.0100848 0.000177817 -0.00952761 0.000265083 0.000380641 0.000112002 -0.00646242 -0.0138317 0.0031358
internal_weight=14598.7 740.874 170.05 570.824 35.2156 133.46 13857.8 113.852 13744 13521.2 12843.3 222.819 123.55 99.2689
internal_count=150489 9712 2106 7606 376 1589 140777 995 139782 137600 132062 2182 1200 982
is_linear=0
shrinkage=0.035


Tree=165
num_leaves=15
num_cat=0
split_feature=11 28 15 24 19 6 8 8 33 23 10 8 22 2
split_gain=6.76584 21.2505 19.5374 18.4104 17.3213 12.6949 11.2683 13.7272 12.1823 11.1002 11.0472 21.1089 21.8299 16.1357
threshold=0.21124988794326785 -1.7299220911368594 22.391987800598148 0.032575633376836784 0.15246141701936725 -0.022139830514788624 -0.33445568382740015 -0.17039480060338971 -0.067435648233345621 0.20932535827159884 0.5452413558959962 -0.084144696593284593 0.27910001575946813 -0.30901987850666041
decision_type=2 2 2 2 2 2 2 2 2 2 2 2 2 2
left_child=1 2 5 6 -4 -1 8 -8 -3 -7 11 13 -13 -2
right_child=10 3 4 -5 -6 9 7 -9 -10 -11 -12 12 -14 -15
leaf_value=-0.0081564218535281844 0.0046698325218942375 -0.0012680509261079923 0.025577640646184719 -0.015979210773027074 -0.0043945899728846001 0.015872157932239533 0.0027740669498770147 -0.0038341682342336752 -0.016334819462257934 -0.0033611545297578703 -0.00082071983934211873 -0.003615278637329764 0.012514211479428838 -8.4147829359071321e-05
leaf_weight=107.29333601146936 1042.6865465734154 132.28723744302988 78.273240566253662 118.6490107960999 28.667346924543381 71.679572958499193 645.88878309540451 924.28561469353735 124.37343412823975 61.524144601076841 5594.2710703406483 136.56203320622444 363.76199213042855 5167.861917309463
leaf_count=1268 9131 1779 708 1890 226 654 9353 9966 2742 552 55352 923 2937 53008
internal_value=1.47161e-06 -0.00173979 0.00611919 -0.00316742 0.0178543 0.000396545 -0.00225285 -0.00111553 -0.00890792 0.0073743 0.000327085 0.00128371 0.00812714 0.00072022
internal_weight=14598.1 2292.92 347.438 1945.48 106.941 240.497 1826.84 1570.17 256.661 133.204 12305.1 6710.87 500.324 6210.55
internal_count=150489 29138 3408 25730 934 2474 23840 19319 4521 1206 121351 65999 3860 62139
is_linear=0
shrinkage=0.035


Tree=166
num_leaves=15
num_cat=0
split_feature=22 11 16 6 2 13 33 17 3 24 18 24 1 15
split_gain=6.66174 9.87494 14.3104 18.6286 10.1361 9.42057 9.13436 12.6929 18.9283 12.6497 16.4288 12.3024 16.3142 21.9078
threshold=0.45299300551414495 0.43095092475414282 0.65677770972251903 0.10359926894307138 0.5978008806705476 0.38843373954296118 -0.067435648233345621 0.022139697335660461 0.22135728597640994 0.03079191874712706 -0.094871744513511644 0.028592240996658806 0.15729526430368426 22.471650123596195
decision_type=2 2 2 2 2 2 2 10 2 2 2 2 2 2
left_child=6 2 3 -2 5 -4 7 8 -1 -9 -11 12 13 -8
right_child=1 -3 4 -5 -6 -7 11 9 -10 10 -12 -13 -14 -15
leaf_value=-0.008098154671941863 -0.0016386138931141353 -0.012204126938334373 0.0036385557397292357 0.021238540606228946 0.0066517213077318203 -0.0080050294022230521 -0.0025140332492959326 0.0028188203612182967 0.019098635463018369 0.0048792983218650509 -0.0015902045717850267 7.6429775364083861e-05 0.0039192794699656501 -0.013333718781593203
leaf_weight=304.33382048457861 109.88745670206845 111.41153011843562 99.495851568877697 60.900048095732927 85.963926468044519 426.50047164224088 913.26508408039808 3607.2855273000896 25.313285443931818 594.11689529567957 2346.7538558468223 5327.2531395815313 285.63801197521389 299.15423642657697
leaf_count=3504 1879 1690 1560 672 777 6159 13621 28357 167 4943 20580 59302 3020 4258
internal_value=1.28904e-06 -0.00290859 -0.00144826 0.00724256 -0.00395116 -0.00577577 0.000193148 0.00109256 -0.00550892 0.00143278 -0.000271125 -0.000713454 -0.00350425 -0.00527094
internal_weight=14597.3 894.159 782.748 170.788 611.96 525.996 13703.1 6877.8 329.647 6548.16 2940.87 6825.31 1498.06 1212.42
internal_count=150489 12737 11047 2551 8496 7719 137752 57551 3671 53880 25523 80201 20899 17879
is_linear=0
shrinkage=0.035


Tree=167
num_leaves=15
num_cat=0
split_feature=3 11 24 10 7 10 22 8 10 8 6 14 14 12
split_gain=6.52893 10.6591 12.2903 21.9202 12.6766 8.05902 15.4429 25.3966 21.0689 13.8183 24.2947 20.1648 12.0764 21.6014
threshold=1.973869323730469 0.32795168459415441 0.029016118496656421 0.7727927863597871 -0.17439872026443479 0.5452413558959962 0.21641109138727191 -0.51332992315292347 0.8854413926601411 -0.72823759913444508 -0.28671012818813318 0.34960705041885382 0.47101967036724096 1.2066348791122439
decision_type=2 2 2 2 2 2 2 2 2 2 2 2 2 2
left_child=5 -2 -3 4 -4 9 7 -7 -9 -1 -11 -12 -8 -14
right_child=1 2 3 -5 -6 6 12 8 -10 10 11 -13 13 -15
leaf_value=-0.014064492981003613 -0.015189231199881503 0.021505751518866897 0.0044889313102448244 -0.0033302416834025341 0.033785540774042347 -0.0050165041954168673 0.0001208141051250513 0.0056961047693381882 -0.0045968340376076541 0.0071229688346327834 -0.0053258029797613685 0.00068961629080003563 -0.0072363735061619005 5.1226217987979461e-06
leaf_weight=68.776350736618042 20.420973189175129 46.595882873982191 42.802538957446814 180.43719214946032 26.749010358005762 571.92005548626184 1202.5717852376401 1182.6090619377792 298.07865173369646 649.67039178311825 741.06926986761391 7484.6472768783569 1226.3865558952093 852.5654339697212
leaf_count=706 148 355 312 1362 156 4998 14595 9692 2623 5418 9581 78826 11925 9792
internal_value=1.40476e-06 0.00489128 0.00672424 0.00324787 0.0185868 -0.000110507 -0.00118601 0.00119162 0.00360709 0.000531512 0.00066032 0.000141868 -0.00267233 -0.00428087
internal_weight=14595.3 317.006 296.585 249.989 69.5515 14278.3 5334.13 2052.61 1480.69 8944.16 8875.39 8225.72 3281.52 2078.95
internal_count=150489 2333 2185 1830 468 148156 53625 17313 12315 94531 93825 88407 36312 21717
is_linear=0
shrinkage=0.035


Tree=168
num_leaves=15
num_cat=0
split_feature=1 10 33 10 11 10 2 12 2 25 3 7 20 3
split_gain=6.69801 11.266 14.7016 9.31433 18.7264 12.6155 11.7314 12.5256 13.0249 12.4679 11.4136 18.1274 13.5055 11.3251
threshold=-0.41261096298694605 1.0404224395751955 -0.1179000261444577 0.9272749423980714 0.52083775401115429 0.7052634358406068 0.1820340305566788 0.57132694125175487 0.51097109913826 5.1000000000000005 -0.095044337213039384 -0.30704373121261591 0.02331897430121899 0.12021172791719438
decision_type=2 2 2 2 2 2 2 2 2 2 2 2 2 2
left_child=1 -1 -3 4 10 13 -5 8 -8 -9 11 -2 -12 -6
right_child=3 2 -4 6 5 -7 7 9 -10 -11 12 -13 -14 -15
leaf_value=0.001750360314033235 -0.0071661313409355446 -0.0049154316194922826 0.030455006070824749 -0.0078727617363290175 0.026931704945112218 0.0041478392787141632 0.021183860379112535 0.0024203665739366454 -0.0011448408558535849 -0.0079334143220713884 -0.00013157062799387068 -0.00058312382432081338 0.0032569383763988409 -0.00089481061490890635
leaf_weight=247.8210762180388 556.32338542491198 18.312916282564402 31.37290246784687 402.58696515858173 54.286563266068697 326.8192376922816 51.296096201986074 288.26781224831939 64.940702773630619 265.02984655834734 4805.0199200380594 5410.5594353061169 2047.5868812315166 23.969934269785881
leaf_count=2016 5397 200 270 4685 431 2946 562 2866 633 2685 45061 64573 17987 177
internal_value=1.59836e-06 0.00511248 0.018779 -0.000108256 0.000147095 0.00746375 -0.00323024 -0.000363948 0.00960649 -0.00259189 -8.97375e-05 -0.00120785 0.0008842 0.0192728
internal_weight=14594.2 297.507 49.6858 14296.7 13224.6 405.076 1072.12 669.534 116.237 553.298 12819.5 5966.88 6852.61 78.2565
internal_count=150489 2486 470 148003 136572 3554 11431 6746 1195 5551 133018 69970 63048 608
is_linear=0
shrinkage=0.035


Tree=169
num_leaves=15
num_cat=0
split_feature=0 28 3 16 1 28 14 10 27 16 17 8 8 1
split_gain=6.49775 14.2878 11.875 11.8507 14.2715 11.191 11.0036 10.7885 10.2355 15.7066 10.1967 28.9289 10.1374 9.39859
threshold=0.25633090734481817 -1.8296610773469666 0.029621457681059841 2.5090831518173222 -0.015795818530023095 -1.4366782429296008 3.3141437768936162 0.97945514321327221 2.9495971608506704 0.7002084255218507 0.075637396425008788 -0.6058957278728484 -0.72823759913444508 0.32621724903583532
decision_type=2 2 2 2 2 2 2 2 2 2 8 2 2 2
left_child=3 2 -2 8 -5 7 -7 -3 9 -1 12 -12 -10 -6
right_child=1 5 -4 4 13 6 -8 -9 10 -11 11 -13 -14 -15
leaf_value=0.0055927617359096916 0.0033857032705906366 0.019206018774911203 -0.022864186872921438 0.002304762949607941 -0.014555669885234023 0.0051839044067207279 -0.0039721081187392721 -0.0054353192956414055 -0.0078586310204498324 -0.019451353892833163 0.0096735450719456634 -0.0063652666556678009 0.00045571279097136207 0.0089849379908492934
leaf_weight=44.083818148821592 34.447164136916399 87.403766740113497 36.64468689262867 130.38413863815367 184.04037545248866 528.53859866410494 220.691735483706 23.187619272619486 172.35512110777199 69.385248444974422 158.92999383248389 750.56120740808547 12135.832847170532 16.573299702256918
leaf_count=369 421 752 357 1605 2485 5191 2513 230 1741 632 1504 7535 124984 170
internal_value=2.80239e-06 0.00281614 -0.0112959 -0.000190813 -0.0066337 0.00409941 0.00247013 0.0140172 -2.59907e-05 -0.0100565 6.76556e-05 -0.00348782 0.000332999 -0.0122766
internal_weight=14593.1 930.914 71.0919 13662.1 330.998 859.822 749.23 110.591 13331.1 113.469 13217.7 909.491 12308.2 200.614
internal_count=150489 9464 778 141025 4260 8686 7704 982 136765 1001 135764 9039 126725 2655
is_linear=0
shrinkage=0.035


Tree=170
num_leaves=15
num_cat=0
split_feature=6 15 11 15 31 10 28 2 15 5 11 15 25 11
split_gain=6.52628 13.1657 28.2616 22.3285 25.5167 19.1458 17.2303 16.064 13.3403 11.0711 10.2863 9.41877 29.5884 71.7914
threshold=0.27299468219280248 22.722258567810062 0.20034358650445941 22.172249794006351 0.0066205494171276422 0.75003939867019664 0.25487037066205259 0.51097109913826 23.553899765014652 0.08726037293672563 0.42113819718360906 22.635726928710941 4.9450000000000012 0.25087390840053564
decision_type=2 2 2 2 2 2 2 2 2 2 2 2 2 2
left_child=11 3 -3 4 10 7 -5 -4 -7 -6 -2 -1 -13 -14
right_child=1 2 5 6 9 8 -8 -9 -10 -11 -12 12 13 -15
leaf_value=0.00026146031282162264 -0.00051402018328501034 -0.018278709684106963 0.0022844017734701687 -0.015391314040152275 -0.0062273083331426202 0.010283475026260919 0.014128721876756229 0.016509669404251161 -0.0010449438924285243 0.016171619642896529 -0.016363509556552233 -0.0055121951693535105 0.013126233132098696 -0.0032571495908689067
leaf_weight=9755.8014161270112 194.16177968680859 55.123126491904259 157.92586445063353 170.50963817164302 27.215716257691383 159.39871882274747 20.004647731781006 259.1965365037322 506.83142659440637 143.76912216097116 57.959715124219656 1477.7142369486392 444.85498146340251 1162.3524439241737
leaf_count=104543 1652 451 1162 1472 197 1516 124 1817 4562 959 542 15646 4475 11371
internal_value=1.9124e-06 0.00199939 0.00421388 -0.00211092 0.0023965 0.00551506 -0.0117416 0.0113034 0.00177742 0.0124593 -0.0046429 -0.000271984 -0.00195435 0.00133069
internal_weight=14592.8 1752.1 1138.48 613.621 423.106 1083.35 190.514 417.122 666.23 170.985 252.121 12840.7 3084.92 1607.21
internal_count=150489 14454 9508 4946 3350 9057 1596 2979 6078 1156 2194 136035 31492 15846
is_linear=0
shrinkage=0.035


Tree=171
num_leaves=15
num_cat=0
split_feature=11 28 15 19 33 8 17 15 9 6 16 20 22 27
split_gain=6.59228 19.7083 17.821 15.6889 13.5873 17.881 15.5792 15.2033 11.952 11.7706 10.6978 10.1781 10.1287 21.0714
threshold=0.21124988794326785 -1.7299220911368594 22.391987800598148 0.15246141701936725 -0.16801730899034531 -0.33445568382740015 0.053833562880754478 21.832373619079593 0.37239938974380499 -0.022139830514788624 1.0007418990135195 0.0047500219661742457 0.18800405412912372 8.5369996554733216
decision_type=2 2 2 2 2 2 8 2 2 2 2 2 2 2
left_child=1 2 9 -4 7 8 -7 10 -6 -1 -3 -11 -2 -14
right_child=12 4 3 -5 5 6 -8 -9 -10 11 -12 -13 13 -15
leaf_value=-0.0079388958338212339 0.0019105887221586143 0.0050936429537676263 0.024161662344543498 -0.0042947083885870466 -0.014352966518986793 0.00078763076115127839 -0.017460820539139114 -0.017255028097092218 0.0053400664707564599 -0.00065926093987707997 -0.0091614587752528419 0.018181697725921726 -6.681189302755465e-05 -0.01229921128202913
leaf_weight=106.58306898549199 3507.135693853721 103.29186398535967 79.947318997234106 28.583008885383606 179.41421821154654 1275.4800010006875 49.984026787802577 149.30908212997019 41.545962689444423 84.989831514656544 142.35293554142118 49.071476589888334 8628.1705162394792 166.02888629585505
leaf_count=1268 30049 1743 708 226 3178 15256 577 2149 617 760 2210 446 88985 2317
internal_value=1.7263e-06 -0.00171804 0.00582844 0.0169372 -0.00309826 -0.00159229 -2.61233e-05 -0.00880987 -0.0105793 0.00034254 -0.00320252 0.0070206 0.000323089 -0.000311459
internal_weight=14591.9 2290.55 349.175 108.53 1941.38 1546.42 1325.46 394.954 220.96 240.644 245.645 134.061 12301.3 8794.2
internal_count=150489 29138 3408 934 25730 19628 15833 6102 3795 2474 3953 1206 121351 91302
is_linear=0
shrinkage=0.035


Tree=172
num_leaves=15
num_cat=0
split_feature=3 11 24 10 7 10 2 26 32 22 8 10 11 11
split_gain=6.2974 10.2371 11.2385 20.0342 11.6274 7.29572 14.9962 16.9626 15.02 14.4279 23.6718 19.0666 13.9879 13.9694
threshold=1.973869323730469 0.32795168459415441 0.029016118496656421 0.7727927863597871 -0.17439872026443479 0.5452413558959962 0.5978008806705476 -1.2850000000000001 0.017871659466422444 0.21641109138727191 -0.51332992315292347 0.8854413926601411 0.36209787428379064 0.25523030757904058
decision_type=2 2 2 2 2 2 2 2 2 2 2 2 2 2
left_child=5 -2 -3 4 -4 6 8 -8 -1 10 -7 -12 -10 -9
right_child=1 2 3 -5 -6 9 7 13 12 -11 11 -13 -14 -15
leaf_value=-0.0037934111385723316 -0.014937688409121075 0.020641064734710595 0.0042982042606373441 -0.0030959459903979331 0.032224705910679538 -0.0048473482221390056 -0.01079828113921346 0.0038947044730496256 0.00033581508852638977 -0.0025732325333238278 0.0054639458936300168 -0.0043474021834747851 0.0054026391820958166 0.026830516566820624
leaf_weight=965.18202470615506 20.254652492702007 47.194959912449121 42.951457820832729 179.52072547376156 27.290185365825891 569.60376977734268 28.596587993204594 66.394078366458416 7098.1054176203907 3273.3114516064525 1187.0587982274592 296.29468056000769 726.92766409367323 62.29494559392333
leaf_count=12306 148 355 312 1362 156 4998 238 435 74543 36312 9692 2623 6581 428
internal_value=7.89142e-07 0.00480161 0.00659075 0.00324341 0.017812 -0.000109189 0.000501207 0.0108824 0.000303299 -0.0011336 0.00116315 0.00348818 0.000812806 0.0161314
internal_weight=14591 317.212 296.957 249.762 70.2416 14273.8 8947.5 157.286 8790.22 5326.27 2052.96 1483.35 7825.03 128.689
internal_count=150489 2333 2185 1830 468 148156 94531 1101 93430 53625 17313 12315 81124 863
is_linear=0
shrinkage=0.035


Tree=173
num_leaves=15
num_cat=0
split_feature=1 8 16 30 14 19 2 34 16 20 25 14 31 8
split_gain=6.37536 10.3601 14.5124 10.3547 9.95101 10.0502 9.21871 8.93382 8.25258 20.303 13.7663 8.21181 8.2036 7.12567
threshold=-0.41261096298694605 -0.72823759913444508 0.91921207308769237 1.0000000180025095e-35 0.13843861222267154 0.20352408289909366 -0.27428084611892695 -0.01694045508671815 1.3233204483985903 -0.11967016384005545 0.55000000000000016 0.26377183198928839 0.0017972462144376646 -0.63458698987960804
decision_type=2 2 2 2 2 2 2 2 2 2 2 2 2 2
left_child=12 2 11 -4 5 6 -3 -7 10 -10 -6 -2 13 -1
right_child=1 4 3 -5 8 7 -8 -9 9 -11 -12 -13 -14 -15
leaf_value=0.019200209437076701 0.0032380159089901482 0.0064561786341378992 0.014474195802000231 -0.0094231047658345033 -0.005097697782884718 0.018031579529133628 -0.010762172313901839 -0.0080072967328014295 0.010204491512298587 -0.0017675342365502046 0.00097837640772861301 -0.021040610436649693 0.00022895473643790189 0.0019896965498467463
leaf_weight=60.969271969050169 18.099484046921134 37.817451100796461 36.929862590506673 32.844314508140087 470.17694066464901 28.472455777227879 249.07818679884076 20.116253579035401 172.08425771258771 3728.1044297683984 9418.0126431938261 79.090200576931238 182.44852587208152 54.78772734478116
leaf_count=450 203 433 402 316 7794 341 3635 263 1681 40972 91129 834 1613 423
internal_value=1.90807e-06 -0.00010543 -0.0085214 0.00345407 1.70656e-08 -0.005867 -0.00835151 0.00772452 0.000146916 -0.00121456 0.000684605 -0.016639 0.00498237 0.0118604
internal_weight=14589 14290.8 166.964 69.7742 14123.9 335.484 286.896 48.5887 13788.4 3900.19 9888.19 97.1897 298.206 115.757
internal_count=150489 148003 1755 718 146248 4672 4068 604 141576 42653 98923 1037 2486 873
is_linear=0
shrinkage=0.035


Tree=174
num_leaves=15
num_cat=0
split_feature=18 15 24 2 3 11 17 5 6 34 27 20 17 30
split_gain=6.37142 20.1109 17.0812 17.5752 11.7176 12.4929 12.5364 11.5704 25.0691 19.88 19.1031 18.0727 14.6728 14.0363
threshold=0.12844745069742206 21.832373619079593 0.03060114569962025 0.34850595891475683 -0.22561830282211301 0.46756094694137579 0.088870275765657439 -0.0090694003738462908 0.091587610542774214 -0.040110003302159407 3.0338160021857745 0.0036894936347380285 0.046274131163954742 -0.24999999999999975
decision_type=2 2 2 2 2 2 10 2 2 2 2 2 10 2
left_child=7 2 3 -2 5 -3 -7 8 13 -9 -11 -10 -13 -1
right_child=1 4 -4 -5 -6 6 -8 9 11 10 -12 12 -14 -15
leaf_value=-0.0052652608743108233 0.01636313691422743 -0.0079738965274388628 0.00070433707665395681 -0.0023358421667683165 0.0014315295383165328 -0.0082861558716691812 0.01917245104169785 -0.010057853690051601 0.0023142302497850763 -0.012756765029552999 -0.00060037427320264137 0.024044033437777983 0.0065801849609263994 0.00041763563730500843
leaf_weight=571.77194057963789 262.08260609768331 350.76001066155732 293.59114704653621 76.621955137699842 1138.2559001054615 28.077213741838932 37.262704227119684 310.12821444682777 393.7406101077795 154.25462507456541 4455.4444245696068 100.87225093133748 149.2801956012845 6265.8026431817561
leaf_count=10164 2661 4262 2903 622 10449 368 515 4055 3257 1445 45400 879 1320 62189
internal_value=2.14585e-06 0.00173962 0.00694948 0.0121874 -0.000410567 -0.00536502 0.00783951 -0.000305369 0.000561449 -0.00162198 -0.0010339 0.00710859 0.0142759 -6.4575e-05
internal_weight=14587.9 2186.65 632.296 338.705 1554.36 416.1 65.3399 12401.3 7481.47 4919.83 4609.7 643.893 250.152 6837.57
internal_count=150489 21780 6186 3283 15594 5145 883 128709 77809 50900 46845 5456 2199 72353
is_linear=0
shrinkage=0.035


Tree=175
num_leaves=15
num_cat=0
split_feature=6 15 15 11 23 10 31 11 10 10 22 32 9 8
split_gain=6.17722 12.6216 19.5242 26.2443 21.9431 17.3557 16.16 8.975 21.2847 14.38 20.0419 16.0671 13.7035 23.8567
threshold=0.27299468219280248 20.414081573486332 22.722258567810062 0.20034358650445941 0.3174744993448258 0.75003939867019664 0.0066205494171276422 0.52083775401115429 0.97945514321327221 0.5452413558959962 0.28485128283500677 0.017871659466422444 0.49734982848167425 -0.46317601203918451
decision_type=2 2 2 2 2 2 2 2 2 2 2 2 2 2
left_child=7 -2 4 -4 6 -5 -3 8 9 11 -11 -1 13 -9
right_child=1 2 3 5 -6 -7 -8 12 -10 10 -12 -13 -14 -15
leaf_value=-0.0039585036525733655 0.019679520423919301 -0.010188886442615099 -0.01776555730414742 0.010809342492457448 0.022219139925882193 0.0017559594956408826 0.0019924821721590087 -0.00022116332404232265 -0.014796315458422929 -9.072185006912707e-05 -0.005729641629182795 0.00090298556206815301 0.00088510466499681776 0.024330155882854684
leaf_weight=924.77072617784142 37.891731981188059 332.53134356066585 54.170806474983692 419.86360243335366 27.624994590878487 666.31169559806585 213.88377353549004 103.23068349063396 116.74296201951802 1906.3711581584066 1288.0887099709362 7628.4149364903569 785.69515416957438 81.124446954578161
leaf_count=11962 271 2990 451 2979 179 6078 1506 991 1565 17028 16448 79704 7568 769
internal_value=2.41567e-06 0.00194557 0.00144176 0.00408059 -0.00378045 0.00532225 -0.00547061 -0.000264191 -0.000529685 -0.000375445 -0.00237526 0.000373352 0.00295526 0.0112785
internal_weight=14586.7 1752.28 1714.39 1140.35 574.04 1086.18 546.415 12834.4 11864.4 11747.6 3194.46 8553.19 970.05 184.355
internal_count=150489 14454 14183 9508 4675 9057 4496 136035 126707 125142 33476 91666 9328 1760
is_linear=0
shrinkage=0.035


Tree=176
num_leaves=15
num_cat=0
split_feature=4 23 6 1 28 2 0 19 28 8 6 6 24 28
split_gain=6.21255 10.9913 13.3721 12.609 11.3189 11.1015 10.5441 14.58 17.4989 24.2922 18.4912 16.7685 13.6294 12.3153
threshold=-0.048805382102727883 0.089377358555793776 0.091587610542774214 -0.10617655888199805 -0.95208326663631604 -0.30901987850666041 0.056706162169575698 0.074686244130134596 1.0000000180025095e-35 -0.51332992315292347 -0.26746816933155054 0.21162544935941699 0.031912822276353843 -1.2694376036537778
decision_type=2 2 2 2 2 2 2 2 2 2 2 2 2 2
left_child=1 5 -3 -4 -5 -1 7 8 9 -2 -10 -9 -8 -13
right_child=6 2 3 4 -6 -7 12 11 10 -11 -12 13 -14 -15
leaf_value=0.0082542844785672628 -0.0063443667239615528 0.00083887770691006545 -0.0080393416854782889 0.0028902213096975169 0.0137320184224126 -0.0081807632170787601 0.0017315237507319135 -0.0064762623399453123 0.0051685705622010079 0.0020730637872161781 -0.0058274196626796225 -0.0060633350971239577 -0.0036732402217039342 0.0059173714515873719
leaf_weight=53.867875602096319 478.06948232837021 3097.428812848404 54.780743837356567 231.59106309339404 245.51677503436804 250.18055711686611 3664.9622583799064 1137.2214479632676 219.70213619992137 3007.0895430799574 1043.4542319495231 155.9668385013938 667.20225603878498 277.85757384449244
leaf_count=662 4608 29800 410 2202 1886 3968 36316 11538 2110 31633 14714 1285 7283 2074
internal_value=2.82404e-06 0.00118977 0.00172916 0.00680254 0.00863672 -0.00509887 -0.000436191 -0.00134709 -0.000376932 0.000903572 -0.0038893 -0.00425836 0.000892587 0.00157055
internal_weight=14584.9 3933.37 3629.32 531.889 477.108 304.048 10651.5 6319.36 4748.32 3485.16 1263.16 1571.05 4332.16 433.824
internal_count=150489 38928 34298 4498 4088 4630 111561 67962 53065 36241 16824 14897 43599 3359
is_linear=0
shrinkage=0.035


Tree=177
num_leaves=15
num_cat=0
split_feature=14 4 5 15 12 18 15 26 24 22 23 6 3 16
split_gain=6.11654 10.9939 10.5167 15.7872 11.4196 10.4687 11.2461 35.262 16.5659 15.9539 10.973 14.8673 14.6355 14.4252
threshold=2.807222962379456 -0.077750287950038896 0.08726037293672563 21.832373619079593 1.3706247210502627 0.12844745069742206 22.172249794006351 -0.83499999999999985 0.027712903916835788 0.20845080167055133 0.096428066492080702 -0.30910861492156977 -0.52380105853080738 1.4111411571502688
decision_type=2 2 2 2 2 2 2 2 2 2 2 2 2 2
left_child=5 -2 -3 -4 -5 10 7 -7 -8 -10 11 -1 -12 -14
right_child=1 2 3 4 -6 6 8 -9 9 -11 12 -13 13 -15
leaf_value=0.010861125669930029 0.0099749360185083027 -0.0076912423440160041 0.0079841057690465001 -0.010587005445547986 0.00093489990612168484 -0.0027270850155102886 -0.0096355434369540111 0.014056126650991091 0.010889652057525633 -0.00014451532159709814 -0.0057809044299791399 -0.0033942810845851473 0.0011324638258811777 -0.0027670306045483543
leaf_weight=84.916996341198683 70.550076130777597 414.78210989199579 178.00960931181908 179.67743210121989 233.77764585986733 272.84588418714702 154.24863881245255 332.235650440678 200.19824844039977 678.07566547952592 453.6146335285157 1715.7498377431184 8272.9744365606457 1342.0480105224997
leaf_count=957 626 4966 1888 1893 2762 2834 1363 2898 1625 6897 4436 24418 78710 14216
internal_value=2.43053e-06 -0.00252369 -0.00348953 -0.000464067 -0.00420401 0.000205536 0.0028199 0.00656687 0.000582168 0.00246495 -0.000157238 -0.00266574 0.000293581 0.00058587
internal_weight=14583.7 1076.8 1006.25 591.465 413.455 13506.9 1637.6 605.082 1032.52 878.274 11869.3 1800.67 10068.6 9615.02
internal_count=150489 12135 11509 6543 4655 138354 15617 5732 9885 8522 122737 25375 97362 92926
is_linear=0
shrinkage=0.035


Tree=178
num_leaves=15
num_cat=0
split_feature=17 34 3 7 10 17 13 34 19 16 10 11 19 12
split_gain=6.08409 29.7645 20.5669 20.457 19.9169 16.0004 14.7435 12.9271 12.4916 12.0648 11.6613 10.3603 13.0511 10.1758
threshold=0.026503909379243854 -0.026535316142143547 0.19350939244031909 -0.035481750965118401 0.2404659911990166 0.018719588406383995 0.75094732642173778 -0.036271333827289469 -0.020411705598235127 0.88071769475936901 0.27674399316310888 0.14787351340055468 0.074686244130134596 0.96949258446693432
decision_type=10 2 2 2 2 8 2 2 2 2 2 2 2 2
left_child=1 2 3 10 -4 8 -5 -6 9 -3 -1 12 -7 -13
right_child=-2 5 4 6 7 11 -8 -9 -10 -11 -12 13 -14 -15
leaf_value=0.010177557256023264 0.00024691525734200855 -0.017155122825391125 0.039953408725139299 -0.015450788363825308 -0.010627422386962978 0.015462117383831962 0.010868024383679183 0.017505538159917157 -0.025662060072203254 0.0065944970574521857 -0.0013848338626205002 -0.0025754168894054218 -0.0074180888036064346 -0.012351882477911852
leaf_weight=221.90133329480886 13061.92733550258 43.510749524459243 24.582447566092014 113.02985325083137 26.677095394581556 60.466298446059227 25.392165083438158 35.799113765358925 73.85322330519557 43.482896162196994 194.21631386317313 429.7490802500397 45.778972949832678 182.08754638396204
leaf_count=2585 130283 904 137 1189 237 1057 264 231 1301 832 2088 6134 533 2714
internal_value=2.45921e-06 -0.00208541 0.00361382 0.000993939 0.01848 -0.00623957 -0.0102159 0.00568401 -0.0159039 -0.00582812 0.00487514 -0.00388609 0.00581344 -0.00563682
internal_weight=14582.5 1520.53 641.598 554.54 87.0587 878.929 138.422 62.4762 160.847 86.9936 416.118 718.082 106.245 611.837
internal_count=150489 20206 6731 6126 605 13475 1453 468 3037 1736 4673 10438 1590 8848
is_linear=0
shrinkage=0.035


Tree=179
num_leaves=15
num_cat=0
split_feature=11 28 24 15 19 17 0 11 15 8 17 10 20 22
split_gain=5.86332 17.8457 16.9383 16.6652 14.0104 10.0711 13.6657 9.84483 25.1539 22.4815 21.6852 36.6307 18.1023 13.4179
threshold=0.21124988794326785 -1.7299220911368594 0.032575633376836784 22.391987800598148 0.15246141701936725 0.055040568113327033 0.062706343829631819 0.23642757534980777 22.391987800598148 -0.14132060110568997 0.034740131348371513 0.36416389048099523 0.025745689868927005 0.18800405412912372
decision_type=2 2 2 2 2 8 2 2 2 2 8 2 2 2
left_child=1 3 5 -1 -5 6 -3 8 10 -10 11 -2 -11 -9
right_child=7 2 -4 4 -6 -7 -8 13 9 12 -12 -13 -14 -15
leaf_value=0.00022462716100764624 5.214119816565221e-05 -0.0036151530449478183 -0.015385306026653294 0.022908294910425817 -0.0040139256419619599 -0.015052024155551444 0.0030001626143507411 0.0018444050974612317 0.0023308017870023747 0.009805252279634585 -0.0057939991771127491 0.025678094359739077 0.034590360285301887 -0.00079978103398274734
leaf_weight=241.13678532093763 306.77638383582234 1207.4160845242441 115.64434522390366 81.47926352545619 28.351399220526218 60.537988319993019 548.94854277558625 3345.5410550571978 174.58496133983135 101.70557132735848 391.0159809961915 77.928578348830342 58.523761589080095 7842.1662213690579
leaf_count=2474 3728 16944 1890 708 226 713 6183 28408 1990 853 4264 859 442 80807
internal_value=2.37858e-06 -0.00162237 -0.00294409 0.00553542 0.0162037 -0.00207233 -0.00154227 0.000305131 0.00343288 0.0112982 -6.25296e-05 0.00576217 0.0203582 -8.12993e-06
internal_weight=14581.8 2283.51 1932.55 350.967 109.831 1816.9 1756.36 12298.2 1110.54 334.814 775.721 384.705 160.229 11187.7
internal_count=150489 29138 25730 3408 934 23840 23127 121351 12136 3285 8851 4587 1295 109215
is_linear=0
shrinkage=0.035


end of trees

feature_importances:
vol60=222
momentum252_20=169
drawdown252=157
ma200=151
log_turnover=143
downside60=124
breadth200=124
range20=123
macro_inflation_change3=108
volume_shock=104
macro_policy_rate=88
turnover_shock=85
macro_housing_yoy=79
ret120=77
macro_term_spread=76
dispersion20=65
relative60=61
macro_payroll_yoy=59
macro_unemployment_change3=57
market_ret60=51
macro_money_yoy=49
ma60=46
market_vol20=41
vol_expansion=35
ret20=29
ma20=25
drawdown60=24
market_ret20=24
macro_inflation_yoy=23
vol20=21
macro_unemployment=20
ret60=18
relative20=17
rsi14=14
macro_industrial_yoy=11

parameters:
[boosting: gbdt]
[objective: binary]
[metric: binary_logloss]
[tree_learner: serial]
[device_type: cpu]
[data_sample_strategy: bagging]
[data: ]
[valid: ]
[num_iterations: 180]
[learning_rate: 0.035]
[num_leaves: 15]
[num_threads: 1]
[seed: 804]
[deterministic: 1]
[force_col_wise: 1]
[force_row_wise: 0]
[histogram_pool_size: -1]
[max_depth: 5]
[min_data_in_leaf: 150]
[min_sum_hessian_in_leaf: 0.001]
[bagging_fraction: 1]
[pos_bagging_fraction: 1]
[neg_bagging_fraction: 1]
[bagging_freq: 0]
[bagging_seed: 31454]
[bagging_by_query: 0]
[feature_fraction: 0.85]
[feature_fraction_bynode: 1]
[feature_fraction_seed: 16221]
[extra_trees: 0]
[extra_seed: 23160]
[early_stopping_round: 0]
[early_stopping_min_delta: 0]
[first_metric_only: 0]
[max_delta_step: 0]
[lambda_l1: 0]
[lambda_l2: 10]
[linear_lambda: 0]
[min_gain_to_split: 0]
[drop_rate: 0.1]
[max_drop: 50]
[skip_drop: 0.5]
[xgboost_dart_mode: 0]
[uniform_drop: 0]
[drop_seed: 31648]
[top_rate: 0.2]
[other_rate: 0.1]
[min_data_per_group: 100]
[max_cat_threshold: 32]
[cat_l2: 10]
[cat_smooth: 10]
[max_cat_to_onehot: 4]
[top_k: 20]
[monotone_constraints: ]
[monotone_constraints_method: basic]
[monotone_penalty: 0]
[feature_contri: ]
[forcedsplits_filename: ]
[refit_decay_rate: 0.9]
[cegb_tradeoff: 1]
[cegb_penalty_split: 0]
[cegb_penalty_feature_lazy: ]
[cegb_penalty_feature_coupled: ]
[path_smooth: 0]
[interaction_constraints: ]
[verbosity: -1]
[saved_feature_importance_type: 0]
[use_quantized_grad: 0]
[num_grad_quant_bins: 4]
[quant_train_renew_leaf: 0]
[stochastic_rounding: 1]
[linear_tree: 0]
[max_bin: 63]
[max_bin_by_feature: ]
[min_data_in_bin: 3]
[bin_construct_sample_cnt: 200000]
[data_random_seed: 2664]
[is_enable_sparse: 1]
[enable_bundle: 1]
[use_missing: 1]
[zero_as_missing: 0]
[feature_pre_filter: 1]
[pre_partition: 0]
[two_round: 0]
[header: 0]
[label_column: ]
[weight_column: ]
[group_column: ]
[ignore_column: ]
[categorical_feature: ]
[forcedbins_filename: ]
[precise_float_parser: 0]
[parser_config_file: ]
[objective_seed: 11469]
[num_class: 1]
[is_unbalance: 0]
[scale_pos_weight: 1]
[sigmoid: 1]
[boost_from_average: 1]
[reg_sqrt: 0]
[alpha: 0.9]
[fair_c: 1]
[poisson_max_delta_step: 0.7]
[tweedie_variance_power: 1.5]
[lambdarank_truncation_level: 30]
[lambdarank_norm: 1]
[label_gain: ]
[lambdarank_position_bias_regularization: 0]
[eval_at: ]
[multi_error_top_k: 1]
[auc_mu_weights: ]
[num_machines: 1]
[local_listen_port: 12400]
[time_out: 120]
[machine_list_filename: ]
[machines: ]
[gpu_platform_id: -1]
[gpu_device_id: -1]
[gpu_device_id_list: ]
[gpu_use_dp: 0]
[num_gpu: 1]

end of parameters

pandas_categorical:[]
