tree
version=v4
num_class=1
num_tree_per_iteration=1
label_index=0
max_feature_idx=24
objective=binary sigmoid:1
feature_names=ret20 ret60 ret120 momentum252_20 ma20 ma60 ma200 drawdown60 drawdown252 vol20 vol60 downside60 vol_expansion rsi14 volume_shock log_turnover turnover_shock range20 relative20 relative60 market_ret20 market_ret60 breadth200 market_vol20 dispersion20
feature_infos=[-0.9818074107170105:25.612903594970703] [-0.96771997213363647:13.263803482055664] [-0.99333333969116211:16.03546142578125] [-0.9993252158164978:22.935483932495117] [-0.96850407123565674:8.5846643447875977] [-0.96033698320388794:10.667648315429688] [-0.99148815870285034:6.6862931251525879] [-0.98741430044174194:0] [-0.99868422746658325:0] [0.011419921182096004:40.780242919921875] [0.012127312831580639:23.541126251220703] [0.0068114609457552433:2.5151307582855225] [0.0082130823284387589:1.7618670463562012] [0:1] [0.012146984227001667:12] [15.424989700317383:24.717992782592773] [0.084074698388576508:3] [0.0014989606570452452:1.0744723081588745] [-0.97252362966537476:25.541141510009766] [-1.0274442434310913:13.27064037322998] [-0.10673821717500687:0.13794340193271637] [-0.19602669775485992:0.18027448654174805] [0.11909021437168121:0.65175098180770874] [0.10708151012659073:0.34194949269294739] [0.031471334397792816:0.041769728064537048]
tree_sizes=1726 1790 1789 1801 1794 1787 1793 1800 1793 1793 1797 1796 1796 1805 1795 1793 1798 1790 1800 1786 1799 1808 1807 1787 1802 1789 1797 1812 1806 1801 1813 1803 1803 1799 1804 1797 1800 1804 1811 1800 1800 1804 1802 1790 1804 1806 1819 1797 1790 1813 1817 1812 1810 1799 1809 1820 1796 1812 1807 1818 1824 1821 1788 1801 1801 1799 1809 1815 1801 1797 1794 1803 1814 1796 1812 1814 1817 1805 1806 1817 1821 1806 1805 1806 1823 1808 1816 1795 1790 1787 1800 1812 1805 1815 1793 1801 1797 1807 1794 1801 1811 1826 1790 1817 1798 1802 1823 1811 1791 1822 1799 1817 1795 1807 1796 1799 1825 1809 1795 1812 1820 1807 1829 1818 1801 1812 1785 1799 1824 1811 1795 1793 1788 1811 1813 1814 1817 1818 1793 1800 1814 1812 1813 1806 1811 1801 1801 1780 1804 1806 1812 1802 1818 1791 1820 1815 1788 1774 1824 1801 1803 1808 1813 1810 1816 1807 1802 1818 1807 1784 1811 1814 1808 1787 1814 1810 1805 1813 1804 1820

Tree=0
num_leaves=15
num_cat=0
split_feature=17 3 10 3 3 21 24 22 24 21 10 0 8 3
split_gain=2338.77 1145.17 326.405 321.363 190.511 106.745 134.819 191.246 102.287 90.131 88.6433 84.46 67.3469 66.4714
threshold=0.029691315256059173 0.27349244058132177 0.290235385298729 0.79802337288856517 0.52470856904983532 0.04829866066575051 0.036860829219222076 0.50805076956748974 0.03650989010930062 1.0000000180025095e-35 0.87674912810325634 -0.016209374181926247 -0.04714913293719291 1.4699995517730715
decision_type=2 2 2 2 2 2 2 2 2 2 2 2 2 2
left_child=1 2 -1 5 12 6 8 -8 -2 -6 13 -4 -3 -5
right_child=3 4 11 10 9 -7 7 -9 -10 -11 -12 -13 -14 -15
leaf_value=-1.6474303039921685 -1.6134261229512616 -1.6160338081881787 -1.6283655551885752 -1.5995025834709655 -1.5880812932852675 -1.6233513741331478 -1.62737033846196 -1.6074889592289354 -1.5946573433665663 -1.6129302684410882 -1.6185916707618206 -1.6385824471324602 -1.6295591106427771 -1.5765686995431338
leaf_weight=6289.8044921904802 4564.276519343257 938.34325656294823 1556.8823707103729 527.97352159023285 332.87683637440205 2827.4531429260969 2007.9758321642876 830.79808904230595 383.46721398830414 412.98206640779972 189.99268145859241 2730.1440868526697 854.3181868493557 257.79627524316311
leaf_count=45902 32634 6887 11311 3873 2439 20742 14473 6293 2866 3098 1409 19844 6332 1897
internal_value=-1.62717 -1.63729 -1.64236 -1.61572 -1.61621 -1.61751 -1.61539 -1.6215 -1.61191 -1.60147 -1.59658 -1.63488 -1.62246 -1.59144
internal_weight=24705.1 13115.4 10576.8 11589.7 2538.52 10614 7786.52 2838.77 4947.74 745.859 975.762 4287.03 1792.66 785.77
internal_count=180000 95813 77057 84187 18756 77008 56266 20766 35500 5537 7179 31155 13219 5770
is_linear=0
shrinkage=1


Tree=1
num_leaves=15
num_cat=0
split_feature=11 3 20 23 3 23 11 21 9 23 23 3 15 23
split_gain=1801.12 1178.18 376.485 273.566 248.717 227.377 214.127 187.286 183.744 140.729 100.218 96.1697 93.1787 90.4662
threshold=0.22484400868415835 0.35542245209217077 -0.033946592360734933 0.12767940759658816 0.29782584309577947 0.12952167540788653 0.26112449169158941 0.024009003303945068 0.22120360285043719 0.19671232253313067 0.24243597686290744 0.21134831756353381 19.889597892761234 0.12767940759658816
decision_type=2 2 2 2 2 2 2 2 2 2 2 2 2 2
left_child=1 3 7 -1 6 -3 -4 9 -5 12 -6 -10 -2 -8
right_child=2 5 4 8 10 -7 13 -9 11 -11 -12 -13 -14 -15
leaf_value=-0.0012198932076172785 0.025402912541057261 0.035868993034616804 -0.0097396395186547958 -0.024636701747246803 0.019385083798054412 0.0078497989587294169 0.022013640661066685 0.00081395479321222364 -0.015569541742244532 0.013280457330678768 -0.008345174791799 -0.0011443196254172698 0.065228295971372571 0.0037384488801890619
leaf_weight=1419.9055734425783 1711.6789888590574 499.57919336855412 1546.9271128773689 3062.9197147190571 1542.9002801179886 1195.1446672677994 342.76715251803398 722.04034626483917 4206.6229945421219 1776.6341196149588 172.36481039226055 655.86665497720242 70.220718055963516 5778.8235662132502
leaf_count=10548 12213 3652 11276 22683 11282 8780 2562 5170 30821 12753 1223 4814 501 41722
internal_value=-3.97742e-07 -0.0105091 0.00849149 -0.0153778 0.00455879 0.0162714 0.00185492 0.017082 -0.0179095 0.0203713 0.0165663 -0.0136302 0.0273276 0.00479597
internal_weight=24704.4 11040 13664.4 9345.31 9383.78 1694.72 7668.52 4280.57 7925.41 3558.53 1715.27 4862.49 1781.9 6121.59
internal_count=180000 81298 98702 68866 68065 12432 55560 30637 58318 25467 12505 35635 12714 44284
is_linear=0
shrinkage=0.035


Tree=2
num_leaves=15
num_cat=0
split_feature=10 3 20 23 10 23 2 3 10 21 10 23 23 20
split_gain=1999.8 1089.49 309.095 273.774 202.251 198.502 171.86 138.76 124.515 118.525 106.533 98.0682 85.7306 81.5855
threshold=0.34937518835067755 0.35542245209217077 -0.017697867937386032 0.12767940759658816 0.28510884940624243 0.12952167540788653 0.4871621727943421 0.42606313526630407 0.46547411382198339 0.024009003303945068 0.20758225023746493 0.22021089494228366 0.24243597686290744 -0.042127339169383042
decision_type=2 2 2 2 2 2 2 2 2 2 2 2 2 2
left_child=1 3 6 10 -5 -3 9 8 -4 11 -1 -2 -9 -6
right_child=2 5 7 4 13 -7 -8 12 -10 -11 -12 -13 -14 -15
leaf_value=-0.01389007979574451 0.021545609548798566 0.03427653935078253 -0.0026101313382978445 -0.02133356858767876 -0.0004109626505407046 0.0078341256866063056 0.036146620883943908 0.018722128939891787 0.0071265329125292497 0.0011016976816047019 0.0054066020414993083 0.010235402374150186 -0.014179160807083119 -0.013317950470613819
leaf_weight=518.81494231522083 2139.551431581378 501.75023838877678 2717.8416484594345 5309.5243141278625 786.95812848210335 1112.6205530613661 474.98640166223049 1119.2538001835346 3918.6975624412298 725.14731669425964 1029.4959735274315 1726.1878996938467 98.933449864387512 2523.0934365019202
leaf_count=3867 15142 3588 19797 39692 5679 8113 3369 8106 28283 5207 7626 12290 702 18539
internal_value=-1.4975e-06 -0.0104252 0.00950458 -0.0146664 -0.0170979 0.0162129 0.0162385 0.00514645 0.00314118 0.0141046 -0.00110706 0.0165346 0.0159564 -0.0102598
internal_weight=24702.9 11782.3 12920.6 10167.9 8619.58 1614.37 5065.87 7854.73 6636.54 4590.89 1548.31 3865.74 1218.19 3310.05
internal_count=180000 87104 92896 75403 63910 11701 36008 56888 48080 32639 11493 27432 8808 24218
is_linear=0
shrinkage=0.035


Tree=3
num_leaves=15
num_cat=0
split_feature=17 23 10 23 20 23 10 2 6 23 6 21 20 23
split_gain=1947.72 513.917 330.803 284.618 173.102 156.164 134.309 122.58 118.226 115.513 112.521 105.039 100.202 88.9677
threshold=0.029691315256059173 0.12767940759658816 0.28510884940624243 0.12767940759658816 -0.026840765029191967 0.22021089494228366 0.20758225023746493 0.29271429777145391 -0.01375902211293578 0.2665951550006867 0.080325428396463408 0.02811361383646727 -0.036375476047396653 0.24243597686290744
decision_type=2 2 2 2 2 2 2 2 2 2 2 2 2 2
left_child=1 6 7 10 5 11 -1 -3 -8 -6 -2 -5 -4 -14
right_child=3 2 12 4 9 -7 8 -9 -10 -11 -12 -13 13 -15
leaf_value=-0.0075407524254458499 0.017013654728690437 -0.019663512870408361 0.0034039279970505504 0.025426978298927344 0.0068684876795854126 0.0077716603000510332 -0.0017459885018600138 -0.00049115339678761809 0.018781251753843497 -0.006205309996818135 0.038708680156348166 -0.00031908042707870938 -0.0063976341769874127 -0.02187963405431198
leaf_weight=607.18693399429321 752.39419734477997 5341.7899902462959 1102.8265951871872 1500.7611494660378 5832.7245680466294 2039.8638773262501 517.91741159558296 442.83324579149485 1002.580287873745 956.54203255474567 504.1122859865427 222.45572718977928 3356.4920075461268 519.73664166033268
leaf_count=4523 5365 40378 7925 10434 41968 14435 3789 3316 7279 6827 3580 1578 24811 3792
internal_value=-3.24731e-06 -0.00940643 -0.0125117 0.0102612 0.00836971 0.0143837 0.00628799 -0.0181992 0.0118235 0.0050201 0.0259546 0.0221207 -0.00588088 -0.00852447
internal_weight=24700.2 12891.4 10763.7 11808.9 10552.3 3763.08 2127.68 5784.62 1520.5 6789.27 1256.51 1723.22 4979.06 3876.23
internal_count=180000 95813 80222 84187 75242 26447 15591 43694 11068 48795 8945 12012 36528 28603
is_linear=0
shrinkage=0.035


Tree=4
num_leaves=15
num_cat=0
split_feature=17 23 10 23 20 23 23 10 2 6 8 20 10 23
split_gain=1813.8 483.894 316.066 257.796 161.666 132.085 129.071 124.296 117.268 108.077 104.627 94.0779 87.6136 85.1232
threshold=0.029691315256059173 0.12767940759658816 0.28510884940624243 0.12767940759658816 -0.042127339169383042 0.2665951550006867 0.19671232253313067 0.20758225023746493 0.29271429777145391 -0.01375902211293578 -0.66617703437805165 -0.036375476047396653 1.4792042970657351 0.24243597686290744
decision_type=2 2 2 2 2 2 2 2 2 2 2 2 2 2
left_child=1 7 8 10 6 12 -5 -1 -3 -9 -2 -4 -6 -13
right_child=3 2 11 4 5 -7 -8 9 -10 -11 -12 13 -14 -15
leaf_value=-0.0073183976241599493 -0.0089266295813139902 -0.019239300011303879 0.003278322414645235 0.025736632724115357 0.00826723650220486 -0.0048085686032192029 0.0096759404869414638 -0.0016880081163014064 -0.00047449947600056272 0.017904924830491303 0.027547785708519755 -0.006201568731362528 -0.012666052365230648 -0.021445094334487498
leaf_weight=604.09740145504475 100.23060204088688 5269.9935071095824 1105.339970484376 952.50638203322887 6390.8881965130568 1271.905560567975 1749.3144529014826 517.31171326339245 442.68638112396002 1015.1019112467766 1177.5191677957773 3341.9956816136837 246.04575750231743 512.04866740107536
leaf_count=4523 706 40378 7925 6499 45546 9102 12329 3789 3316 7279 8239 24811 1766 3792
internal_value=-4.8579e-06 -0.00913945 -0.0121816 0.00983616 0.008032 0.00549455 0.015412 0.00604239 -0.0177886 0.0113227 0.0246395 -0.00570022 0.00747331 -0.00827708
internal_weight=24697 12808.6 10672.1 11888.4 10610.7 7908.84 2701.82 2136.51 5712.68 1532.41 1277.75 4959.38 6636.93 3854.04
internal_count=180000 95813 80222 84187 75242 56414 18828 15591 43694 11068 8945 36528 47312 28603
is_linear=0
shrinkage=0.035


Tree=5
num_leaves=15
num_cat=0
split_feature=17 3 10 3 23 23 23 20 3 23 20 3 10 23
split_gain=1689.11 952.779 264.675 246.261 180.561 163.441 152.224 141.58 97.9155 92.5476 86.2802 82.1792 82.1351 73.9486
threshold=0.029691315256059173 0.27349244058132177 0.290235385298729 1.0006790757179262 0.12952167540788653 0.12767940759658816 0.12767940759658816 -0.033946592360734933 -0.12445242330431937 0.2665951550006867 -0.033946592360734933 0.52470856904983532 0.87674912810325634 0.17072987556457522
decision_type=2 2 2 2 2 2 2 2 2 2 2 2 2 2
left_child=1 2 6 5 -3 8 -1 -7 -2 -9 -4 -6 13 -5
right_child=3 4 10 12 11 7 -8 9 -10 -11 -12 -13 -14 -15
leaf_value=-0.0062511661902963141 0.0086690818968470484 0.024239543175594444 0.0010468007857266375 0.045232334857509673 -0.00076306949868142505 0.013126593750494856 -0.021037531215175646 0.0058233010215487232 0.029446010250416203 -0.0046720372524850515 -0.010083275267559184 0.015592805155271094 0.0067759957746161082 0.018788505523659703
leaf_weight=1045.2188353389502 499.67430920898914 766.58023881912231 1183.4528210610151 343.26681074500084 1283.0554028227925 2935.715770304203 4896.3999747633934 5886.8227453678846 649.92928372323513 1238.9655127227306 3031.2345065027475 521.98727230727673 169.96442265808582 240.61943459510803
leaf_count=7793 3472 5382 8451 2346 9570 20241 38109 41907 4467 8896 22704 3804 1201 1657
internal_value=-6.87378e-06 -0.0088789 -0.0136954 0.00943043 0.0101225 0.00811165 -0.0184513 0.00666941 0.020568 0.00399448 -0.00696295 0.00402662 0.0286801 0.0348347
internal_weight=24692.9 12727.9 10156.3 11965 2571.62 11211.1 5941.62 10061.5 1149.6 7125.79 4214.69 1805.04 753.851 583.886
internal_count=180000 95813 77057 84187 18756 78983 45902 71044 7939 50803 31155 13374 5204 4003
is_linear=0
shrinkage=0.035


Tree=6
num_leaves=15
num_cat=0
split_feature=17 3 10 3 23 23 23 20 21 3 23 20 17 23
split_gain=1573.62 895.535 253.521 223.374 164.11 149.005 146.49 129.824 131.898 88.4182 85.9176 81.2658 79.6544 84.372
threshold=0.029691315256059173 0.27349244058132177 0.290235385298729 1.0006790757179262 0.12952167540788653 0.12767940759658816 0.12767940759658816 -0.033946592360734933 0.024009003303945068 -0.16604209691286084 0.2665951550006867 -0.033946592360734933 0.018077856861054901 0.22513678669929507
decision_type=2 2 2 2 2 2 2 2 2 2 2 2 2 2
left_child=1 2 6 5 -3 9 -1 8 -7 -2 -9 -4 -6 -14
right_child=3 4 11 -5 12 7 -8 10 -10 -11 -12 -13 13 -15
leaf_value=-0.0060602780919978309 0.007347308277027364 0.023037013551853905 0.0010097569449714892 0.027212256494060325 -0.01043771574990213 0.015724120742855542 -0.020608675446276984 0.005597866885300451 -0.0045495764561417577 0.027264021461819166 -0.0045241454370325484 -0.0097998181842911865 0.010412579876471276 -0.017236238203533198
leaf_weight=1040.8012685701251 455.78384400904179 778.66445796191692 1184.2802664786577 767.45881037414074 369.18012493103743 2499.3839840888977 4824.8391832783818 5909.5466457605362 461.51266394555569 708.90533767640591 1235.0823108106852 3010.4145130813122 1298.9010242894292 141.70765818655491
leaf_count=7793 3150 5382 8451 5204 2804 17017 38109 41907 3224 4789 8896 22704 9553 1017
internal_value=-7.32907e-06 -0.00862456 -0.0133463 0.00904702 0.00970765 0.007787 -0.0180419 0.00640763 0.0125594 0.0195988 0.00384421 -0.00675283 0.00387759 0.00759279
internal_weight=24686.5 12648.8 10060.3 12037.7 2588.45 11270.2 5865.64 10105.5 2960.9 1164.69 7144.63 4194.69 1809.79 1440.61
internal_count=180000 95813 77057 84187 18756 78983 45902 71044 20241 7939 50803 31155 13374 10570
is_linear=0
shrinkage=0.035


Tree=7
num_leaves=15
num_cat=0
split_feature=17 3 11 3 23 20 21 23 23 17 23 8 3 17
split_gain=1466.14 841.313 228.463 204.005 149.495 128.184 95.6295 97.0353 88.9614 83.0472 81.756 75.7897 74.2553 65.9954
threshold=0.029691315256059173 0.27349244058132177 0.17268133163452151 0.79802337288856517 0.12952167540788653 -0.017697867937386032 0.024009003303945068 0.22021089494228366 0.12767940759658816 0.033656440675258643 0.12767940759658816 -0.2776194959878921 0.52470856904983532 0.11229864135384561
decision_type=2 2 2 2 2 2 2 2 2 2 2 2 2 2
left_child=1 2 8 5 -3 6 7 -2 -1 -7 -4 -12 -6 -11
right_child=3 4 10 -5 12 9 -8 -9 -10 13 11 -13 -14 -15
leaf_value=-0.0083793847473357559 0.018975413664210322 0.021914531906689485 0.0029894980177873997 0.023214362821017132 -0.00084182318695227507 -0.0036023045241286114 -3.612766861976041e-05 0.0077689784968726118 -0.021682604926110398 0.0069898234149099554 -0.0019671462457622369 -0.012243997921527279 0.014623550451435201 -0.011726321358299497
leaf_weight=772.79268787801266 2100.9792754352093 790.19930128753185 668.64399231225252 1069.8931210637093 1284.9968426451087 1358.1058958619833 713.94306084513664 1757.0385940223932 3400.2901359125972 4874.1789948195219 1131.9237593188882 3993.4281147271395 529.60314409434795 233.40939454734325
leaf_count=5820 13992 5382 4913 7179 9570 9713 4982 12131 27272 34512 8422 30630 3804 1678
internal_value=-8.80757e-06 -0.00837729 -0.0130037 0.00868035 0.00930731 0.00725182 0.0117327 0.013905 -0.019245 0.00407013 -0.00848303 -0.00998263 0.00372726 0.00611328
internal_weight=24679.4 12571.9 9967.08 12107.5 2604.8 11037.7 4571.96 3858.02 4173.08 6465.69 5794 5125.35 1814.6 5107.59
internal_count=180000 95813 77057 84187 18756 77008 31105 26123 33092 45903 43965 39052 13374 36190
is_linear=0
shrinkage=0.035


Tree=8
num_leaves=15
num_cat=0
split_feature=10 3 23 20 17 23 3 23 21 3 17 10 9 21
split_gain=1394.15 853.63 203.011 198.914 187.308 120.804 118.298 102.797 95.6909 93.0129 90.8715 83.2645 72.8959 71.6288
threshold=0.34937518835067755 0.35542245209217077 0.12767940759658816 -0.017697867937386032 0.023007219657301906 0.12952167540788653 1.0006790757179262 0.2665951550006867 0.024009003303945068 0.42606313526630407 0.033656440675258643 0.20758225023746493 0.51828140020370495 -0.12335744500160216
decision_type=2 2 2 2 2 2 2 2 2 2 2 2 2 2
left_child=1 2 11 6 -4 -3 8 9 13 10 -5 -1 -9 -2
right_child=3 5 4 7 -6 -7 -8 12 -10 -11 -12 -13 -14 -15
leaf_value=-0.012916239633937959 0.006129412589445671 0.027488656810476565 -0.019760334745994798 -0.0023835717673247937 -0.0089904805533657997 0.0074039638756072633 0.033220461453233451 -0.018036068124241359 0.00026704677512024474 0.014447027434457527 0.0068825257958577725 0.0042349866322269015 0.0014582289772282347 0.016424980571837396
leaf_weight=505.28992220014334 1156.5622483789921 543.89937131106853 4675.6158763244748 1938.2789109572768 3473.5326400771737 1120.3986425697803 322.68730801343918 387.41924296319485 778.84840820729733 1207.8738376647234 3880.4123991578817 1050.6668729782104 571.55105604231358 3058.8994295448065
leaf_count=3867 7931 3588 37590 14325 26320 8113 2065 2835 5451 8309 27309 7626 4110 20561
internal_value=-1.01222e-05 -0.00900542 -0.0129769 0.00767896 -0.0151864 0.0140927 0.012919 0.00417818 0.0115436 0.00564575 0.00379708 -0.00138171 -0.00652223 0.0136215
internal_weight=24671.9 11369.4 9705.11 13302.5 8149.15 1664.3 5317 7985.54 4994.31 7026.57 5818.69 1555.96 958.97 4215.46
internal_count=180000 87104 75403 92896 63910 11701 36008 56888 33943 49943 41634 11493 6945 28492
is_linear=0
shrinkage=0.035


Tree=9
num_leaves=15
num_cat=0
split_feature=10 3 3 20 17 3 17 21 21 15 3 17 10 2
split_gain=1304.22 752.673 228.435 179.53 147.396 131.722 134.566 112.185 103.43 74.6989 71.3881 71.1763 63.4071 73.4696
threshold=0.33016516268253332 0.35542245209217077 0.67827665805816661 -0.033946592360734933 0.033656440675258643 0.1754020303487778 0.023430706001818184 0.014401994645595552 0.017566511407494548 19.694011688232425 0.21134831756353381 0.11229864135384561 0.87674912810325634 0.71704462170600902
decision_type=2 2 2 2 2 2 2 2 2 2 2 2 2 2
left_child=1 5 3 7 10 6 -1 -2 -3 -9 -5 -6 13 -4
right_child=2 8 12 4 11 -7 -8 9 -10 -11 -12 -13 -14 -15
leaf_value=-0.019437536178167507 0.014571491086855019 0.021966373904984866 0.017961985148388551 -0.0059624265911537716 0.0067436443848337734 -0.0052864036260660257 -0.0089793874482770493 -0.0016624306657236183 0.0034837358440446215 0.036490009741810811 0.0067959648698542674 -0.01139317774424616 0.002915242159855602 0.038638186615570703
leaf_weight=4465.0593816712499 3099.1055891364813 780.31340280175209 926.33126790821552 2648.6220539063215 5463.2975812107325 1838.6329785659909 2315.3329340294003 914.93029469251633 707.26781284809113 57.455770835280418 664.40622351318598 269.70855496823788 230.4879095852375 282.49652238190174
leaf_count=36030 20664 5279 6128 19713 38252 14311 17668 6337 5107 398 4788 1933 1554 1838
internal_value=-1.1105e-05 -0.00966507 0.00669354 0.00523196 0.00247952 -0.0136327 -0.0158848 0.0113263 0.0132608 0.000940393 -0.00339106 0.00587205 0.0198859 0.0230713
internal_weight=24663.4 10106.6 14556.8 13117.5 9046.03 8619.03 6780.39 4071.49 1487.58 972.386 3313.03 5733.01 1439.32 1208.83
internal_count=180000 78395 101605 92085 64686 68009 53698 27399 10386 6735 24501 40185 9520 7966
is_linear=0
shrinkage=0.035


Tree=10
num_leaves=15
num_cat=0
split_feature=17 3 9 3 3 20 21 8 7 20 17 12 17 20
split_gain=1203.88 715.519 190.104 159.605 146.246 111.859 81.1972 75.2849 72.7346 67.6418 60.0668 56.0069 54.9411 48.7021
threshold=0.029691315256059173 0.23140799254179004 0.21509320288896563 1.0006790757179262 0.59208369255065929 -0.017697867937386032 0.024009003303945068 -0.04714913293719291 -0.096398349851369844 -0.0077311408240348092 0.033656440675258643 1.2603251934051516 0.11229864135384561 -0.098063450306653963
decision_type=2 2 2 2 2 2 2 2 2 2 2 2 2 2
left_child=1 2 -1 5 7 6 11 -3 13 -6 -7 -2 -12 -4
right_child=3 4 8 -5 9 10 -8 -9 -10 -11 12 -13 -14 -15
leaf_value=-0.020010539047878952 0.014399331184794171 0.0085302676749598617 0.018411900819128715 0.022658346025288302 0.034245580748493203 -0.0027611866846585834 4.4293967740457244e-06 -0.0034169602325260801 -0.012223945158823588 0.010138001173886716 0.006194180541655072 0.0028139465591279335 -0.010847377888267238 -0.0055199197262730424
leaf_weight=2928.93832282722 3451.32609154284 1385.4920305907726 99.316208533942699 812.1310163885355 285.08590772747993 1376.9934952706099 730.28046450018883 1195.3825275152922 3802.4874800592661 299.1420823186636 5076.9139777868986 606.24020346999168 233.91938725113869 2371.0532149896026
leaf_count=23996 22821 10008 761 5204 1873 9905 5088 8908 30033 2096 35454 4016 1699 18138
internal_value=-1.13258e-05 -0.00771754 -0.0126516 0.00774446 0.00662172 0.0066702 0.0107503 0.00300484 -0.00918915 0.0222801 0.00373757 0.0126795 0.0054246 -0.00448744
internal_weight=24654.7 12366.9 9201.8 12287.8 3165.1 11475.7 4787.85 2580.87 6272.86 584.228 6687.83 4057.57 5310.83 2470.37
internal_count=180000 95813 72928 84187 22885 78983 31925 18916 48932 3969 47058 26837 37153 18899
is_linear=0
shrinkage=0.035


Tree=11
num_leaves=15
num_cat=0
split_feature=10 3 3 23 20 9 10 23 21 23 15 24 10 24
split_gain=1152.5 676.328 192.066 185.475 156.76 136.668 132.817 107.511 96.976 89.5414 68.8881 67.0732 66.7062 66.4861
threshold=0.33016516268253332 0.35542245209217077 0.67827665805816661 0.12767940759658816 -0.033946592360734933 0.21509320288896563 0.42312680184841162 0.12952167540788653 0.014401994645595552 0.25695779174566274 19.694011688232425 0.037328952923417098 0.20758225023746493 0.039040250703692443
decision_type=2 2 2 2 2 2 2 2 2 2 2 2 2 2
left_child=1 3 4 12 8 -5 9 -3 11 -6 -10 -2 -1 -7
right_child=2 7 -4 5 6 13 -8 -9 10 -11 -12 -13 -14 -15
leaf_value=-0.01182686376628052 0.01480427795909604 0.025286321351073841 0.01818339368657082 -0.021958945312226152 -0.0010969699331975006 -0.013225637963537583 0.0053610483678626902 0.0055739058278632628 -0.0016527282748633196 -0.017909741102923937 0.034635770630035534 -0.0064560436827410944 0.0039717841818957579 1.7155902534889331e-05
leaf_weight=490.71612377464771 2958.3427351564169 509.5760565251112 1472.0562255978584 2487.1461066901684 2662.0337897539139 4034.7047125399113 5965.9835973680019 997.86142759025097 914.67893745005131 444.58171071857214 58.861371114850044 188.21632754802704 936.51841080188751 524.62946695834398
leaf_count=3867 19356 3255 9520 21000 19546 31949 41806 7131 6337 3334 398 1308 6897 4296
internal_value=-1.17983e-05 -0.00918072 0.00623077 -0.0130228 0.00488432 -0.0153503 0.00230826 0.0123602 0.0105376 -0.00355276 0.000871163 0.0135161 -0.00150465 -0.0117051
internal_weight=24645.9 9981.15 14664.8 8473.71 13192.7 7046.48 9072.6 1507.44 4120.1 3106.62 973.54 3146.56 1427.23 4559.33
internal_count=180000 78395 101605 68009 92085 57245 64686 10386 27399 22880 6735 20664 10764 36245
is_linear=0
shrinkage=0.035


Tree=12
num_leaves=15
num_cat=0
split_feature=17 3 23 3 11 11 21 23 17 23 9 17 23 24
split_gain=1060.45 618.334 209.552 152.202 150.519 120.366 107.263 104.39 80.2117 66.7046 65.8824 66.6468 65.8658 60.4257
threshold=0.02752381190657616 0.23140799254179004 0.17072987556457522 0.1754020303487778 0.17268133163452151 0.27337874472141271 0.017566511407494548 0.12952167540788653 0.020875890739262108 0.12767940759658816 1.6133269071578982 0.040174502879381187 0.12767940759658816 0.039040250703692443
decision_type=2 2 2 2 2 2 2 2 2 2 2 2 2 2
left_child=1 4 3 10 9 13 -5 -3 -9 -1 11 -2 -6 -4
right_child=2 7 5 6 12 -7 -8 8 -10 -11 -12 -13 -14 -15
leaf_value=-0.0084302129466710257 0.0035903698640044846 0.015910330684195576 -0.0064139172755872621 0.027296812611618076 0.0027911975412391976 0.0054093090476070383 0.011114531835768647 -0.0065424844173403579 0.0077616262229383845 -0.020864959869808929 -0.013673845818686442 0.013959800489417785 -0.010453306617102781 0.0095666021765466007
leaf_weight=667.6910322457552 1702.7770865261555 861.84333443641663 1902.3717425465584 1020.3037295341492 519.28262696415186 6433.9982946813107 1023.3442594259977 867.12344547361135 1051.7109450623393 2930.2044590711594 168.69110442698002 1374.4272303432226 3779.6917562410235 332.5001994073391
leaf_count=5216 11953 5752 13693 6456 3847 43796 6982 6680 7672 25071 1178 9314 29963 2427
internal_value=-1.27617e-05 -0.00831102 0.00633643 0.0118202 -0.0133046 0.00298061 0.0192872 0.00586716 0.00129718 -0.0185871 0.00707407 0.00825207 -0.00885071 -0.00400434
internal_weight=24636 10677.5 13958.4 5289.54 7896.87 8668.87 2043.65 2780.68 1918.83 3597.9 3245.9 3077.2 4298.97 2234.87
internal_count=180000 84201 95799 35883 64097 59916 13438 20104 14352 30287 22445 21267 33810 16120
is_linear=0
shrinkage=0.035


Tree=13
num_leaves=15
num_cat=0
split_feature=10 3 3 20 23 10 23 11 21 23 24 24 21 24
split_gain=1016.84 609.5 165.603 142.048 138.592 116.414 114.92 106.464 89.0093 83.9012 60.0265 57.9334 56.8754 112.617
threshold=0.33016516268253332 0.27349244058132177 0.67827665805816661 -0.033946592360734933 0.12767940759658816 0.42312680184841162 0.12952167540788653 0.16472996026277545 0.024009003303945068 0.25695779174566274 0.039040250703692443 0.037328952923417098 -0.12335744500160216 0.0358814224600792
decision_type=2 2 2 2 2 2 2 2 2 2 2 2 2 2
left_child=1 4 3 8 -1 9 -3 -6 11 -5 -9 -2 -8 -14
right_child=2 6 -4 5 7 -7 12 10 -10 -11 -12 -13 13 -15
leaf_value=-0.0026642300047365788 0.013346557618108424 0.018875702474926283 0.016785840969466601 -0.0010504248050776379 -0.020826418642727641 0.0049280076390670405 0.019816773380803569 -0.013014824035330752 -0.0011788669270071334 -0.017428696988582799 0.0021399214399175155 -0.0063658129299223919 -0.01596689227562886 0.0061472407742085193
leaf_weight=1246.3996416553855 3240.9770722836256 719.93785394728184 1499.6845873296261 2659.1484417840838 2651.5617900118232 6009.8989082798362 179.13987727463245 3413.9034776091576 731.43489541113377 437.95892087370157 350.3265617787838 187.83669167757034 399.08050788938999 898.90587075054646
leaf_count=9521 20998 4628 9520 19546 23065 41806 1232 27478 5093 3334 2884 1308 2913 6674
internal_value=-1.35799e-05 -0.00871259 0.00579635 0.00454243 -0.0133689 0.00209005 0.00751304 -0.0154411 0.00989291 -0.0034151 -0.0116025 0.0122513 0.00188529 -0.000722088
internal_weight=24626.2 9859.26 14766.9 13267.3 7662.19 9107.01 2197.06 6415.79 4160.25 3097.11 3764.23 3428.81 1477.13 1297.99
internal_count=180000 78395 101605 92085 62948 64686 15447 53427 27399 22880 30362 22306 10819 9587
is_linear=0
shrinkage=0.035


Tree=14
num_leaves=15
num_cat=0
split_feature=10 23 17 23 15 20 23 10 21 10 20 24 23 8
split_gain=950.449 347.963 210.912 147.415 124.967 118.785 112.148 93.3763 90.9261 90.8872 85.4918 84.6634 85.3914 69.4273
threshold=0.34305566549301153 0.12767940759658816 0.021745741367340091 0.12767940759658816 20.783766746521 -0.042127339169383042 0.22513678669929507 0.42312680184841162 0.024009003303945068 0.20758225023746493 -0.028148042969405648 0.0358814224600792 0.15924271941185 -0.66617703437805165
decision_type=2 2 2 2 2 2 2 2 2 2 2 2 2 2
left_child=1 9 11 13 5 8 10 -7 -5 -1 -4 -3 -13 -2
right_child=3 2 6 4 -6 7 -8 -9 -10 -11 -12 12 -14 -15
leaf_value=-0.0063471705804771109 -0.010651788695712646 -0.02226167285159291 0.0068663164286363043 0.012718341095076934 0.033552966300792325 -0.0032565373774399746 -0.014405579038100786 0.0045063209623809044 -0.0051516023595801963 0.0099028655201485148 -0.0057825719380901787 -0.0021166607562403774 -0.016632010752509217 0.018069874287822425
leaf_weight=588.97355674952269 104.53493435680866 1845.184914201498 913.92940040677786 2582.5026778876781 171.22165596485138 2642.2974528297782 1267.9421689808369 6676.5225922390819 397.47458404302597 1425.467354029417 2238.4890687465668 725.921530559659 1583.1301999762654 1451.9562066942453
leaf_count=4523 707 15516 6828 16661 1173 19327 9877 45784 2763 9922 17749 6186 13600 9384
internal_value=-1.47364e-05 -0.00792603 -0.010999 0.00595913 0.00468333 0.00425448 -0.00565813 0.00230408 0.0103256 0.00514387 -0.00210537 -0.0166547 -0.0120975 0.0160852
internal_weight=24615.5 10589 8574.6 14026.5 12470 12298.8 4420.36 9318.82 2979.98 2014.44 3152.42 4154.24 2309.05 1556.49
internal_count=180000 84201 69756 95799 85708 84535 34454 65111 19424 14445 24577 35302 19786 10091
is_linear=0
shrinkage=0.035


Tree=15
num_leaves=15
num_cat=0
split_feature=10 3 3 10 23 9 23 9 20 20 23 24 20 20
split_gain=889.14 570.667 154.041 149.951 148.469 126.442 84.9561 81.7332 80.0578 78.8685 78.0727 69.6788 64.3878 63.9252
threshold=0.33016516268253332 0.35542245209217077 0.21134831756353381 0.42312680184841162 0.12767940759658816 0.21509320288896563 0.17072987556457522 1.6133269071578982 0.025237264111638073 -0.028148042969405648 0.17981961369514468 0.0358814224600792 -0.033946592360734933 0.026058134622871879
decision_type=2 2 2 2 2 2 2 2 2 2 2 2 2 2
left_child=1 4 3 12 -1 -6 8 13 -4 10 -3 -11 -2 -5
right_child=2 9 6 7 5 -7 -8 -9 -10 11 -12 -13 -14 -15
leaf_value=-0.0016270331355088543 0.0041361150065158201 0.026961731290788334 0.020750964376227945 0.0095602697978241311 -0.020590966558831768 -0.010511963014178656 0.00557812474277097 -0.010004222280018044 0.0056998400747866546 -0.012002630045958401 -0.0099782185427907642 0.010203857870030751 -0.0058016516406025967 0.0027600485748368281
leaf_weight=1430.0254982188344 1177.5544681400061 477.68460932374001 1442.5025782510638 4379.4830742180347 2361.1208410188556 4417.2455522716045 1670.562855951488 358.44865012168884 630.46195529401302 214.13557653129101 76.545288503170013 760.86290123313665 2435.0218695104122 2774.6478006988764
leaf_count=10764 7889 3022 9164 29105 21000 36245 11173 2502 4222 1538 532 5294 18260 19290
internal_value=-1.57643e-05 -0.00823225 0.0053672 0.00329506 -0.0118887 -0.014048 0.0115 0.00611019 0.0162227 0.0113439 0.0217735 0.00525438 -0.00255986 0.00693042
internal_weight=24606.3 9737.62 14868.7 11125.2 8208.39 6778.37 3743.53 7512.58 2072.96 1529.23 554.23 974.998 3612.58 7154.13
internal_count=180000 78395 101605 77046 68009 57245 24559 50897 13386 10386 3554 6832 26149 48395
is_linear=0
shrinkage=0.035


Tree=16
num_leaves=15
num_cat=0
split_feature=17 3 23 10 3 10 21 23 9 23 10 24 21 5
split_gain=830.786 486.034 212.846 180.531 142.434 93.9417 80.447 76.9587 79.9204 76.4873 77.7642 72.4971 72.0081 52.2564
threshold=0.025612702593207363 0.21134831756353381 0.17072987556457522 0.42312680184841162 0.21134831756353381 0.20758225023746493 0.014401994645595552 0.12767940759658816 0.21509320288896563 0.12767940759658816 0.35640265047550207 0.039040250703692443 0.082790195941925063 -0.072118870913982377
decision_type=2 2 2 2 2 2 2 2 2 2 2 2 2 2
left_child=1 5 4 11 12 -1 -6 -3 -9 -7 -11 -4 -2 -5
right_child=2 7 3 13 6 9 -8 8 -10 10 -12 -13 -14 -15
leaf_value=-0.021718151253699223 0.0083538873193112276 0.01347781990444401 -0.0068204841752487781 0.009621011086948501 0.0241826784710855 -0.00040595988863991578 0.010789779910597725 -0.0081996284464880623 0.0064809070005416216 -0.01494783150719059 -0.00057759248112288907 0.0086541302231868261 -0.0032536259479477182 0.0028352310235793335
leaf_weight=1417.2580931633711 2959.3061771392822 759.64069178700447 2968.7317586839199 2094.1448631435633 1019.9106993898749 666.63124702125788 1242.9845262914896 774.84450202435255 1068.5184164568782 3709.5498487651348 527.55496864020824 414.91325726360083 833.98098418861628 4137.0885825455189
leaf_count=12661 20249 4983 21816 13908 6223 4951 8264 6154 7958 31885 3997 3085 6007 27859
internal_value=-1.65359e-05 -0.0085353 0.00483689 0.00159616 0.0099708 -0.0137706 0.0169059 0.00418194 0.000299102 -0.0114341 -0.0131642 -0.00490303 0.00580005 0.0051275
internal_weight=24595.1 8924 15671.1 9614.88 6056.18 6320.99 2262.9 2603 1843.36 4903.74 4237.1 3383.65 3793.29 6231.23
internal_count=180000 72589 107411 66668 40743 53494 14487 19095 14112 40833 35882 24901 26256 41767
is_linear=0
shrinkage=0.035


Tree=17
num_leaves=15
num_cat=0
split_feature=10 3 3 17 15 3 10 22 21 10 1 22 3 10
split_gain=782.435 514.308 133.13 109.887 109 102.174 99.0014 76.497 109.437 76.1485 71.2003 70.3642 69.543 56.0398
threshold=0.33016516268253332 0.27349244058132177 0.67827665805816661 0.023430706001818184 20.783766746521 0.59208369255065929 0.42312680184841162 0.50805076956748974 0.024009003303945068 1.4792042970657351 -0.02050760947167873 0.31738407909870153 0.1928307190537453 0.87674912810325634
decision_type=2 2 2 2 2 2 2 2 2 2 2 2 2 2
left_child=1 3 4 7 6 10 12 -1 -9 -8 -3 -6 -2 -4
right_child=2 5 13 -5 11 -7 9 8 -10 -11 -12 -13 -14 -15
leaf_value=-0.019384196109291273 -0.0030631769355545552 0.016169886214376268 0.017583237932623307 -0.0062334062719379803 0.0010494267772051154 0.021592692602724825 0.0063560678329649114 0.0024361396425177624 -0.015006482412943171 -0.0098072068455307589 -0.00066027194853327507 0.048065306990456524 0.0072816831882735363 -0.00061958188758024098
leaf_weight=2603.9513130486012 3487.3614519163966 386.76300460845232 1296.4942561388016 2516.4188575223088 60.681668758392334 454.46707433462143 8381.4361890405416 589.88592580705881 1702.4758148118854 364.26836806535721 1371.9960685297847 101.44081258028746 1020.7164445072412 245.43810656666756
leaf_count=22308 25338 2641 7966 20070 406 2948 56146 5027 15543 2530 9858 693 6972 1554
internal_value=-1.70404e-05 -0.00779602 0.00499091 -0.0122131 0.00386484 0.00698634 0.00350265 -0.0152673 -0.0105269 0.00567242 0.00311129 0.0315509 -0.000709967 0.0147005
internal_weight=24583.8 9625.96 14957.8 7412.73 13415.9 2213.23 13253.8 4896.31 2292.36 8745.7 1758.76 162.122 4508.08 1541.93
internal_count=180000 78395 101605 62948 92085 15447 90986 42878 20570 58676 12499 1099 32310 9520
is_linear=0
shrinkage=0.035


Tree=18
num_leaves=15
num_cat=0
split_feature=17 23 9 23 23 8 20 20 23 23 6 8 10 10
split_gain=733.296 248.311 211.109 133.907 106.894 100.694 99.1426 78.5567 85.9923 81.4933 72.1214 68.7529 66.4284 62.8799
threshold=0.029691315256059173 0.12767940759658816 0.21509320288896563 0.12767940759658816 0.22513678669929507 -0.28860834240913386 -0.028148042969405648 -0.042127339169383042 0.2665951550006867 0.19671232253313067 -0.01375902211293578 -0.66617703437805165 1.4792042970657351 0.19944858551025393
decision_type=2 2 2 2 2 2 2 2 2 2 2 2 2 2
left_child=1 10 -3 11 6 -6 -4 9 12 -5 -1 -2 -9 -12
right_child=3 2 4 7 5 -7 -8 8 -10 -11 13 -13 -14 -15
leaf_value=-0.0051733579382230443 -0.010638381029755102 -0.016776399229279704 0.0056935077241423082 0.017154518445424417 0.003323942541778974 -0.017548366114436081 -0.0055757413216490238 0.0049914789595998455 -0.0054779866722633273 0.0050325379117223071 -0.003857170754559611 0.018045723876321976 -0.013104937027835852 0.012586833326040466
leaf_weight=665.16634515672922 104.43350093066692 2781.4337898492813 1243.551518984139 1063.7737342566252 357.07183428108692 1306.5304264128208 4035.2485933601856 6742.0581917017698 1289.2053053826094 1885.2351276129484 372.2140461280942 1327.1730331629515 248.59802475571632 1151.1620996668935
leaf_count=4977 706 24747 9421 6499 2722 10702 32630 45546 9102 12329 2859 8239 1766 7755
internal_value=-1.68973e-05 -0.00624733 -0.00864317 0.00584568 -0.00536519 -0.0130753 -0.00291525 0.00455159 0.00279822 0.0094484 0.00438846 0.015894 0.00433014 0.00857004
internal_weight=24572.9 11912.4 9723.84 12660.5 6942.4 1663.6 5278.8 11228.9 8279.86 2949.01 2188.54 1431.61 6990.66 1523.38
internal_count=180000 95813 80222 84187 55475 13424 42051 75242 56414 18828 15591 8945 47312 10614
is_linear=0
shrinkage=0.035


Tree=19
num_leaves=15
num_cat=0
split_feature=10 3 20 23 23 3 3 11 8 24 23 23 15 23
split_gain=692.786 479.176 126.837 114.427 110.674 108.851 101.8 96.597 68.7152 65.5611 58.7864 56.4823 58.6433 56.3663
threshold=0.33016516268253332 0.23140799254179004 0.026058134622871879 0.1535952687263489 0.22513678669929507 -0.036107664927840226 0.59208369255065929 0.17268133163452151 -0.04714913293719291 0.0358814224600792 0.1535952687263489 0.33515524864196783 20.783766746521 0.1535952687263489
decision_type=2 2 2 2 2 2 2 2 2 2 2 2 2 2
left_child=1 7 3 5 6 9 8 10 -3 -2 -1 12 -5 -9
right_child=2 4 -4 11 -6 -7 -8 13 -10 -11 -12 -13 -14 -15
leaf_value=-0.010889474238707271 -0.0034224019367291611 0.0098461476188866168 0.00046601546533969426 0.0047862316207472697 -0.021558972261405508 0.019091062858038434 0.022019298879059717 -0.00086904754692299112 -0.0029421895705276867 0.01346676185060346 -0.020483379447512287 -0.014946157659886855 0.032039511837153818 -0.010867180317258413
leaf_weight=1375.584520958364 575.84300734102726 1063.0266035422683 5567.1277294754982 6522.4723043143749 167.40857381373644 1581.4475521668792 447.02170790731907 942.26744875311852 982.32639042288065 535.0064188092947 1952.099279999733 165.56673455238342 88.548116393387318 2596.7918678745627
leaf_count=12042 3755 7535 39118 43319 1279 10000 2858 7542 7421 3657 18087 1183 573 21631
internal_value=-1.77186e-05 -0.00739794 0.00466006 0.0071228 0.00520047 0.0132172 0.00707682 -0.0122783 0.00371983 0.00475932 -0.016562 0.00468561 0.0051991 -0.00821515
internal_weight=24562.5 9526.53 15036 9468.88 2659.78 2692.3 2492.37 6866.74 2045.35 1110.85 3327.68 6776.59 6611.02 3539.06
internal_count=180000 78395 101605 62487 19093 17412 17814 59302 14956 7412 30129 45075 43892 29173
is_linear=0
shrinkage=0.035


Tree=20
num_leaves=15
num_cat=0
split_feature=17 3 23 10 3 10 23 23 10 10 21 21 23 21
split_gain=653.323 413.674 172.377 147.776 112.297 86.9653 66.7268 66.5955 66.5731 65.9588 65.41 63.1511 60.8875 69.7212
threshold=0.025612702593207363 0.21134831756353381 0.17072987556457522 0.38727222383022314 0.21134831756353381 0.20758225023746493 0.18757276237010959 0.12767940759658816 0.1815648749470711 0.35640265047550207 0.014401994645595552 0.082790195941925063 0.22513678669929507 0.017566511407494548
decision_type=2 2 2 2 2 2 2 2 2 2 2 2 2 2
left_child=1 5 4 -4 11 -1 -5 -7 -3 -9 -6 -2 13 -10
right_child=2 8 3 6 10 7 -8 9 12 -11 -12 -13 -14 -15
leaf_value=-0.020511883423590314 0.0074561067098830973 -0.011641337484085412 -0.0059772294293791066 -0.0032349140497778955 0.021275963916498841 -0.00011033834772951551 0.0054743015317546056 -0.01376512581964507 0.013620946508862444 -0.00049012328822820278 0.0093768473820386652 -0.0033850856728084616 -0.016402190084204446 0.0011484005075679828
leaf_weight=1351.4057282283902 3000.6331137865782 288.35251852124929 2516.413757443428 1314.4527642950416 1055.8785305395722 662.66326793283224 5830.4042357727885 3578.104976773262 1081.9050920531154 526.53712327778339 1269.2049094885588 835.9808042049408 131.4472585991025 1108.3075775876641
leaf_count=12661 20249 2275 18970 8816 6223 4951 38882 31885 7367 3997 8264 6007 1040 8413
internal_value=-1.81603e-05 -0.00770011 0.00422177 0.00130145 0.00879116 -0.0126703 0.00386977 -0.0104092 0.00395562 -0.0120676 0.0148485 0.0050912 0.0059344 0.0073434
internal_weight=24551.7 8728.72 15823 9661.27 6161.7 6118.71 7144.86 4767.31 2610.01 4104.64 2325.08 3836.61 2321.66 2190.21
internal_count=180000 72589 107411 66668 40743 53494 47698 40833 19095 35882 14487 26256 16820 15780
is_linear=0
shrinkage=0.035


Tree=21
num_leaves=15
num_cat=0
split_feature=17 23 23 10 21 24 22 15 24 17 20 23 20 20
split_gain=614.037 189.246 180.655 187.996 112.605 100.192 166.079 89.8281 82.7404 78.3568 77.3952 66.2014 61.4073 59.7301
threshold=0.023430706001818184 0.12767940759658816 0.17072987556457522 0.38727222383022314 0.038016187027096755 0.0358814224600792 0.46367530524730688 19.169311523437504 0.039040250703692443 0.018077856861054901 -0.087301429361104951 0.18757276237010959 0.035693310201168067 -0.028148042969405648
decision_type=2 2 2 2 2 2 2 2 2 2 2 2 2 2
left_child=1 -1 4 8 7 -3 -7 -2 10 -8 -4 -5 -6 -9
right_child=2 5 3 11 12 6 9 13 -10 -11 -12 -13 -14 -15
leaf_value=0.00203128494697796 0.0093507702692784619 -0.01735239084444257 0.0072271922926090493 -0.0033130687033705915 0.0058571603135800232 -0.019580096704813952 -0.0096382493194176293 0.038201604365898284 0.0077189580712318066 0.0042923229235264882 -0.010456759094494655 0.005283215818558562 -0.0055561398259580735 0.012020275064248444
leaf_weight=1501.8964352011681 4132.024455010891 2382.6601351723075 336.01247771084309 1338.2647484913468 1591.2413854971528 953.9323702454567 875.62847761809826 225.32523167133331 441.08280868083239 1111.2392695099115 2594.017470985651 5943.0292933359742 893.78192432969809 219.79142135381699
leaf_count=10978 26820 20958 2533 9010 11199 8487 8136 1390 3400 9515 20172 39564 6378 1460
internal_value=-1.9016e-05 -0.00893068 0.00341771 0.000538082 0.00775438 -0.0120214 -0.00765795 0.0110053 -0.00628402 -0.00186451 -0.0084111 0.00370089 0.00174635 0.0258219
internal_weight=24539.9 6825.36 17714.6 10652.4 7062.16 5323.46 2940.8 4577.14 3371.11 1986.87 2930.03 7281.29 2485.02 445.117
internal_count=180000 58074 121926 74679 47247 47096 26138 29670 26105 17651 22705 48574 17577 2850
is_linear=0
shrinkage=0.035


Tree=22
num_leaves=15
num_cat=0
split_feature=17 3 11 23 23 3 3 20 23 23 21 20 21 22
split_gain=579.146 434.678 136.77 104.884 99.5284 90.1566 89.0414 71.4391 72.6781 66.4146 63.4267 60.1095 57.2999 54.6715
threshold=0.029691315256059173 0.21134831756353381 0.17268133163452151 0.13140495866537097 0.22513678669929507 0.67827665805816661 -0.15173670649528501 -0.042127339169383042 0.2665951550006867 0.22021089494228366 -0.023950153961777684 -0.087301429361104951 0.017566511407494548 0.40993298590183264
decision_type=2 2 2 2 2 2 2 2 2 2 2 2 2 2
left_child=1 2 13 6 5 12 -2 9 -9 -5 -11 -4 -3 -1
right_child=3 4 11 7 -6 -7 -8 8 -10 10 -12 -13 -14 -15
leaf_value=-0.023702473442030716 0.0024377006003721198 0.0089850321303122614 0.011923182720897369 0.014599985311344047 -0.017279076392186499 0.021715985271612181 0.018454589840619498 0.0035456014322221142 -0.0055036592434430306 0.010593800392622147 -0.0026399158705983951 -0.0071943576693984466 -0.00090621394025165291 -0.012951392220653644
leaf_weight=790.29658836871386 661.79286071658134 1438.6548988521099 201.3927486538887 1236.0324502438307 225.51474494487047 397.42064552009106 1196.5564962476492 6661.2373770773411 1289.6374421790242 879.77848729491234 878.47949546575546 4857.8124845176935 1418.0811225473881 2397.4323002994061
leaf_count=7393 4308 9842 1621 7431 1769 2492 7237 44712 9102 5625 5772 39539 10862 22295
internal_value=-1.92008e-05 -0.00563611 -0.0100096 0.00512565 0.00472828 0.00630166 0.0127943 0.00381313 0.00207274 0.0084122 0.00400429 -0.00641132 0.00408899 -0.0156826
internal_weight=24530.1 11726.6 8246.93 12803.5 3479.67 3254.16 1858.35 10945.2 7950.87 2994.29 1758.26 5059.21 2856.74 3187.73
internal_count=180000 95813 70848 84187 24965 23196 11545 72642 53814 18828 11397 41160 20704 29688
is_linear=0
shrinkage=0.035


Tree=23
num_leaves=15
num_cat=0
split_feature=10 3 15 3 11 20 10 2 8 22 24 22 17 3
split_gain=547.616 435.231 121.039 114.022 103.81 88.0227 67.1624 79.937 63.1202 59.1842 51.8578 49.7327 47.0157 49.2476
threshold=0.34937518835067755 0.21134831756353381 20.783766746521 0.59208369255065929 0.17268133163452151 0.026058134622871879 1.4792042970657351 0.71704462170600902 -0.031093680299818512 0.30037069320678716 0.038877759128808982 0.40993298590183264 0.035270111635327346 0.32511894404888159
decision_type=2 2 2 2 2 2 2 2 2 2 2 2 2 2
left_child=1 4 5 8 11 6 7 -2 -3 -4 -11 -1 13 -7
right_child=2 3 9 -5 -6 12 -8 -9 -10 10 -12 -13 -14 -15
leaf_value=-0.023307597723445761 0.0059730976363528022 0.0054774472398787348 -0.00038213775429509297 0.01871812340894707 -0.0071429186137398409 -0.006620095763356342 -0.010390766520331789 0.020837510148958408 -0.0058443076335107924 0.051031442616447507 -0.0018336864213926067 -0.012946117733373213 0.0029566854772765019 0.0087140998221706227
leaf_weight=778.51234976947308 7960.8886292055249 1741.2042817994952 54.745455801486969 570.26875469088554 4198.0710072815418 1514.1519540473819 278.91705368459225 461.63299878686666 910.6445302516222 119.24141097068787 26.758569546043873 2334.5641309693456 3268.829955726862 299.50204655528069
leaf_count=7411 51687 12571 355 3553 34611 11298 1858 2777 6995 748 174 21963 21989 2010
internal_value=-1.93623e-05 -0.0060433 0.00451895 0.00466355 -0.0107619 0.00411326 0.00624885 0.00681155 0.00158221 0.0308582 0.041846 -0.0156036 0.000451934 -0.00405395
internal_weight=24517.9 10533.3 13984.7 3222.12 7311.15 13783.9 8701.44 8422.52 2651.85 200.745 146 3113.08 5082.48 1813.65
internal_count=180000 87104 92896 23119 63985 91619 56322 54464 19566 1277 922 29374 35297 13308
is_linear=0
shrinkage=0.035


Tree=24
num_leaves=15
num_cat=0
split_feature=10 3 3 23 10 23 24 20 10 20 7 20 10 3
split_gain=514.348 336.989 131.801 113.013 110.74 86.1825 82.351 67.1554 64.555 63.2074 53.9843 53.1002 52.5248 51.7048
threshold=0.30098146200180059 0.35542245209217077 0.67827665805816661 0.12767940759658816 0.40424020588397985 0.12767940759658816 0.039040250703692443 -0.042127339169383042 1.4792042970657351 0.010306455660611393 -0.43239645659923548 0.022132160142064098 0.87674912810325634 1.4699995517730715
decision_type=2 2 2 2 2 2 2 2 2 2 2 2 2 2
left_child=1 3 4 -1 5 -2 9 -7 10 -5 -6 -3 13 -4
right_child=2 11 12 6 8 7 -8 -9 -10 -11 -12 -13 -14 -15
leaf_value=-0.0014953192481138831 0.0096111425751895501 0.013848270317415728 0.011255528502995238 -0.011725523317260284 0.015251112496726065 0.0037296682800645338 -0.0012033420369604831 -0.005687955894292448 -0.0097170202829889116 -0.020542401027533894 0.0044083443574860926 -0.0016439080836068299 -0.0021039569838354672 0.026937371496848501
leaf_weight=1225.554385997355 718.19279910624027 841.66910115629435 1097.8248170763254 2744.0346247628331 593.23289319872856 1235.8922955170274 600.95880618691444 3638.8604540377855 365.18962302803993 1622.8192927613854 8834.3105340227485 394.65818632394075 251.83588171005249 341.45302399992943
leaf_count=9508 4656 5437 6585 25163 3802 8525 5630 28186 2540 15370 58323 2772 1554 1949
internal_value=-1.91248e-05 -0.00770036 0.00332534 -0.0110291 0.00230155 -0.00162576 -0.0133733 -0.00329757 0.00454394 -0.0150415 0.00510607 0.00892937 0.0125715 0.0151361
internal_weight=24506.5 7429.69 17076.8 6193.37 15385.7 5592.95 4967.81 4874.75 9792.73 4366.85 9427.54 1236.33 1691.11 1439.28
internal_count=180000 63880 116120 55671 106032 41367 46163 36711 64665 40533 62125 8209 10088 8534
is_linear=0
shrinkage=0.035


Tree=25
num_leaves=15
num_cat=0
split_feature=17 3 3 11 23 24 15 23 21 3 23 22 17 14
split_gain=490.481 246.131 168.177 143.011 86.4342 85.751 75.329 68.0001 65.8807 60.4513 55.8969 54.8466 52.115 45.6819
threshold=0.023430706001818184 0.1754020303487778 0.42606313526630407 0.26112449169158941 0.12767940759658816 0.0358814224600792 19.889597892761234 0.22513678669929507 0.017566511407494548 0.060330107808113105 0.24698165804147723 0.46367530524730688 0.11229864135384561 0.92948657274246227
decision_type=2 2 2 2 2 2 2 2 2 2 2 2 2 2
left_child=1 -1 3 9 13 -6 12 8 -4 -2 -11 -7 -5 -3
right_child=2 4 7 6 5 11 -8 -9 -10 10 -12 -13 -14 -15
leaf_value=-0.013127029736191577 -0.0062616763382373486 0.018801984553728404 0.018414310567688975 0.003840693488203155 -0.01309665230882162 -0.01411290719545702 0.018681451809217289 -0.003204630340591326 0.0071313283765790918 0.0035794684895850714 -0.015943753317576262 0.006874255182263575 -0.0096536060031598824 0.0013606862066413059
leaf_weight=4277.1515522226691 3138.5634623989463 391.72498212009668 1248.9762754291296 9048.3308084011078 672.23745278269053 177.57429727166891 398.78204770386219 375.1128564029932 1318.9038893431425 1746.444170281291 190.19670951366425 812.50259725004435 355.35929077863693 342.45021147280931
leaf_count=39746 24556 2559 7168 59884 5458 1469 2606 2398 8402 12890 1538 6564 2484 2278
internal_value=-1.90655e-05 -0.0081053 0.00301199 0.00149653 0.000874572 -0.00354488 0.00396433 0.010642 0.0126693 -0.00326831 0.00159005 0.00300664 0.00332104 0.0107942
internal_weight=24494.3 6673.64 17820.7 14877.7 2396.49 1662.31 9802.47 2942.99 2567.88 5075.2 1936.64 990.077 9403.69 734.175
internal_count=180000 58074 121926 103958 18328 13491 64974 17968 15570 38984 14428 8033 62368 4837
is_linear=0
shrinkage=0.035


Tree=26
num_leaves=15
num_cat=0
split_feature=17 23 10 23 23 6 10 2 15 8 22 10 9 16
split_gain=460.173 169.148 181.704 123.687 90.5707 79.8597 70.3837 69.4646 68.6132 66.3724 66.3227 62.604 58.2695 42.424
threshold=0.021310915239155296 0.12767940759658816 0.38727222383022314 0.12767940759658816 0.22513678669929507 0.073383167386055007 0.19944858551025393 0.088929507881402983 20.783766746521 -0.29997739195823664 0.46367530524730688 1.4792042970657351 0.26714293658733373 0.98435091972351085
decision_type=2 2 2 2 2 2 2 2 2 2 2 2 2 2
left_child=3 5 4 13 7 -2 -5 -3 11 -6 12 -4 -8 -1
right_child=1 2 8 6 9 -7 10 -9 -10 -11 -12 -13 -14 -15
leaf_value=0.0056881554021874165 0.005320494873778777 -0.0047539120011576737 0.0041015376814619552 -0.020493303288629611 0.0017392338734887555 0.017929592113097869 -0.020259702914225512 0.0038013057595272046 0.027138304085187633 -0.013944881861532281 -0.0050751953819696827 -0.010939101305016694 0.00015281930843978654 -0.0077358851665050941
leaf_weight=703.98113562166691 1425.1669041663408 2585.2398669421673 10121.416285373271 1034.0736721903086 433.17613738775253 1089.8497648015618 875.43471941351891 2096.5057086870074 144.23303879797459 1357.389327481389 1589.0870403945446 341.35362435877323 212.22140357643366 473.82269651442766
leaf_count=5222 9241 20728 66387 10213 3210 6494 8177 15876 891 11231 14508 2383 1860 3579
internal_value=-1.93377e-05 0.00237829 0.00112756 -0.00961463 -0.00349063 0.0108339 -0.0127437 -0.000922912 0.00394617 -0.010162 -0.00968472 0.00360085 -0.0163117 0.00026809
internal_weight=24483 19594.3 17079.3 4888.62 6472.31 2515.02 3710.82 4681.75 10607 1790.57 2676.74 10462.8 1087.66 1177.8
internal_count=180000 136441 120706 43559 51045 15735 34758 36604 69661 14441 24545 68770 10037 8801
is_linear=0
shrinkage=0.035


Tree=27
num_leaves=15
num_cat=0
split_feature=17 23 23 10 24 21 24 22 20 15 17 8 24 20
split_gain=432.754 150.538 138.694 134.889 101.367 93.651 90.2631 138.467 83.9458 74.0627 63.0775 61.1566 57.4951 57.1884
threshold=0.023007219657301906 0.12767940759658816 0.17072987556457522 0.42312680184841162 0.039040250703692443 0.038016187027096755 0.0358814224600792 0.46367530524730688 -0.087301429361104951 19.169311523437504 0.018077856861054901 -0.26710094511508936 0.035811033099889762 0.035693310201168067
decision_type=2 2 2 2 2 2 2 2 2 2 2 2 2 2
left_child=1 -1 5 4 8 9 11 -8 -4 -2 -9 -3 -11 -7
right_child=2 6 3 -5 -6 13 7 10 -10 12 -12 -13 -14 -15
leaf_value=0.001956869242159172 0.0078061707453889123 0.0038763426016838018 0.0079349497257860148 0.0034036888735027924 0.0093665617320915443 0.0048854520081842547 -0.018390541418575074 -0.0082690497864191543 -0.0083761461736262064 0.034579596150645799 0.0046423524534467478 -0.018038034787626198 0.010049572625186898 -0.0059807064917597316
leaf_weight=1438.522589430213 4309.7965463995934 165.95574022084475 427.65839263796806 6474.1079625338316 552.81939981877804 1651.4985750392079 831.95808747410774 843.09994903206825 3419.2479361593723 229.57332160323858 1005.4421219229698 1958.1506623476744 251.75936254113913 913.09694250673056
leaf_count=10586 27549 1471 3153 42231 4222 11523 7879 8136 26619 1411 8774 18325 1585 6536
internal_value=-1.98677e-05 -0.0079655 0.00270417 0.000192072 -0.00453076 0.00641246 -0.0109342 -0.00662492 -0.00654698 0.00929698 -0.00125921 -0.0163157 0.0222149 0.00100847
internal_weight=24472.7 6243.13 18229.6 10873.8 4399.73 7355.72 4804.61 2680.5 3846.91 4791.13 1848.54 2124.11 481.333 2564.6
internal_count=180000 55171 124829 76225 33994 48604 44585 24789 29772 30545 16910 19796 2996 18059
is_linear=0
shrinkage=0.035


Tree=28
num_leaves=15
num_cat=0
split_feature=10 3 20 23 24 15 23 23 9 22 20 23 24 10
split_gain=409.459 298.765 114.315 117.693 113.838 79.582 81.3755 78.0584 77.5339 76.9026 76.282 73.9975 63.0879 60.8105
threshold=0.30098146200180059 0.23140799254179004 -0.033946592360734933 0.2665951550006867 0.037328952923417098 19.694011688232425 0.22513678669929507 0.22513678669929507 0.53720557689666759 0.6037518084049226 0.022132160142064098 0.12767940759658816 0.039040250703692443 0.40424020588397985
decision_type=2 2 2 2 2 2 2 2 2 2 2 2 2 2
left_child=1 11 5 4 13 -2 -7 10 -5 -6 -3 -1 -13 -4
right_child=2 7 3 8 9 6 -8 -9 -10 -11 -12 12 -14 -15
leaf_value=-0.0027307238910977243 0.0059721284015983936 0.010204578261126168 -0.005614880187807164 -0.015659696218149173 0.010716279375925314 0.037372583356030352 0.0031751167435993166 -0.022795244688405887 -4.4355373626149013e-05 0.00095631181790700878 -0.0041907505104283706 -0.015153739271296769 -0.0018446265095524773 0.0017971598592917588
leaf_weight=952.92860464006662 5139.7702187895775 1384.4165705814958 2043.322577945888 782.54256608337164 2470.3783628195524 196.43939235061407 148.61142247915268 116.44537125527859 766.08397579193115 1648.2764872312546 659.70947885513306 3672.1721534058452 498.33719482272863 3983.1105458959937
leaf_count=7642 32362 9580 15610 6055 16933 1161 964 969 5232 11737 5020 35841 4828 26066
internal_value=-1.97584e-05 -0.0069681 0.0029288 0.000971312 0.00234497 0.00709284 0.0231482 0.00393468 -0.00798485 0.00682214 0.00556093 -0.0115645 -0.0135716 -0.000721105
internal_weight=24462.5 7284.01 17178.5 11693.7 10145.1 5484.82 345.051 2160.57 1548.63 4118.65 2044.13 5123.44 4170.51 6026.43
internal_count=180000 63880 116120 81633 70346 34487 2125 15569 11287 28670 14600 48311 40669 41676
is_linear=0
shrinkage=0.035


Tree=29
num_leaves=15
num_cat=0
split_feature=17 3 17 3 20 23 21 23 24 9 20 0 15 24
split_gain=392.173 195.986 169.568 148.99 84.284 75.6766 65.3398 57.4471 56.2115 56.1929 46.7391 44.9272 50.3245 43.3633
threshold=0.021310915239155296 0.29782584309577947 0.033656440675258643 0.1754020303487778 0.022132160142064098 0.24243597686290744 -0.023950153961777684 0.12952167540788653 0.0358814224600792 1.6133269071578982 -0.028148042969405648 -0.16039561480283734 17.205610275268558 0.039040250703692443
decision_type=2 2 2 2 2 2 2 2 2 2 2 2 2 2
left_child=3 2 4 -1 -2 6 10 -5 -9 -4 -3 -7 -13 -6
right_child=1 5 9 7 13 11 -8 8 -10 -11 -12 12 -14 -15
leaf_value=-0.013702600026063326 -0.00054371927499164753 0.023290956727733299 0.0044112662821737259 0.0074307289510927516 -0.010253125509660455 0.018315812273350888 0.0071324021436296068 -0.015863660812109881 0.00018768549775768518 -0.0095212146082339407 0.0091770530800713585 0.004641884527319529 -0.024079993970256699 0.0012022873649080214
leaf_weight=3018.2403606921434 4366.8329321965575 646.27893958985806 7745.0081650093198 635.12031867355108 2346.2234566956758 63.179668046534061 2791.0644400790334 407.98618732392788 740.53331281244755 362.41724161058664 548.45260399580002 122.40802953392267 171.28382756561041 486.39313035458326
leaf_count=29538 33542 3601 50221 4283 19313 401 17626 3558 6180 2537 3319 809 1164 3908
internal_value=-2.00629e-05 0.00217198 0.000308283 -0.0089759 -0.00359828 0.00872529 0.0101078 -0.000945682 -0.00560191 0.0037775 0.0169418 -0.00657 -0.0123503 -0.00828879
internal_weight=24451.4 19649.5 15306.9 4801.88 7199.45 4342.67 3985.8 1783.64 1148.52 8107.43 1194.73 356.872 293.692 2832.62
internal_count=180000 136441 109521 43559 56763 26920 24546 14021 9738 52758 6920 2374 1973 23221
is_linear=0
shrinkage=0.035


Tree=30
num_leaves=15
num_cat=0
split_feature=17 3 11 3 16 15 16 3 22 20 24 24 22 24
split_gain=367.399 181.475 183.405 141.272 66.8512 64.9068 49.6316 46.4735 44.7578 44.7192 47.5393 42.5089 38.2835 52.2751
threshold=0.021310915239155296 0.29782584309577947 0.26112449169158941 0.1754020303487778 0.95356637239456188 19.889597892761234 1.9035639166831972 0.060330107808113105 0.30037069320678716 -0.0077311408240348092 0.037889750674366958 0.040403148159384734 0.50805076956748974 0.035735940560698516
decision_type=2 2 2 2 2 2 2 2 2 2 2 2 2 2
left_child=3 2 7 12 -5 6 -4 -2 -7 -3 -11 -12 -1 -14
right_child=1 9 5 4 -6 8 -8 -9 -10 10 11 -13 13 -15
leaf_value=-0.01715489163955131 -0.0068392577272592889 0.011985109326847135 0.0031403943676730352 0.0064580670430015776 -0.0070788891413957073 0.0025244645403726244 -0.010735336742411955 -0.00012082067240901228 0.026337222489690094 -0.00044934224130963849 0.013259010659086008 -0.0029832139586530018 -0.021419367691520214 -0.0053997056126596525
leaf_weight=1566.1488155052066 3860.8185063675046 2141.7906539440155 8858.284499540925 811.03267747908831 970.90282511711121 163.10317279398441 317.82951366901398 1871.3970016911626 236.02830316871405 1070.1505688130856 904.1257528886199 247.6179895401001 316.92360199987888 1103.6980418488383
leaf_count=15286 31477 12535 58332 6243 7778 1053 2210 14939 1510 6940 5824 1621 3350 10902
internal_value=-2.01984e-05 0.00209349 0.000296812 -0.00872542 -0.000916003 0.00325993 0.00264862 -0.00464992 0.0169058 0.00838102 0.00486874 0.00977141 -0.013366 -0.00909824
internal_weight=24439.9 19671.1 15307.5 4768.71 1781.94 9575.25 9176.11 5732.22 399.131 4363.68 2221.89 1151.74 2986.77 1420.62
internal_count=180000 136441 109521 43559 14021 63105 60542 46416 2563 26920 14385 7445 29538 14252
is_linear=0
shrinkage=0.035


Tree=31
num_leaves=15
num_cat=0
split_feature=10 23 15 20 24 10 23 24 20 24 17 22 23 8
split_gain=344.366 157.837 107.935 96.5866 93.7986 81.4972 77.685 104.871 73.0609 69.3278 68.8826 62.3549 62.1096 55.1695
threshold=0.30098146200180059 0.1535952687263489 20.783766746521 -0.0050618462264537803 0.039040250703692443 0.1815648749470711 0.2665951550006867 0.038080543279647834 0.025237264111638073 0.038493515923619277 0.020875890739262108 0.30037069320678716 0.1535952687263489 -0.20280404388904569
decision_type=2 2 2 2 2 2 2 2 2 2 2 2 2 2
left_child=1 5 3 12 10 -1 7 -5 -7 -10 -3 -4 -2 -8
right_child=2 4 11 6 -6 8 13 -9 9 -11 -12 -13 -14 -15
leaf_value=-0.012719804355362093 0.0096506659410731076 -0.018344657546297799 -0.0039498356052339581 -0.0022595119759474497 0.0026351604421074306 0.0059241493856727351 -0.0034465944098738296 0.0060904453087626065 -0.017664515236721818 0.0029126834705243379 -0.0084468897192657016 0.033973647893896411 0.0030174980398445556 -0.020130906506570113
leaf_weight=546.09595307707787 2487.5419138818979 1632.219070546329 68.81671316921711 4686.4895875304937 532.1558551415801 1802.1124097555876 760.48581638932228 3022.5556031391025 368.19690698385239 421.943036057055 1880.2436271980405 197.21816482394934 5672.8131819367409 350.44796673208475
leaf_count=4997 15260 16619 451 32835 4912 13891 5482 21091 3539 3276 16646 1218 37044 2739
internal_value=-2.04224e-05 -0.00645418 0.00266137 0.00230702 -0.0110156 -0.000559264 -0.0002326 0.00101798 0.00204157 -0.006777 -0.0130853 0.0243761 0.00504884 -0.00884236
internal_weight=24429.3 7182.97 17246.4 16980.3 4044.62 3138.35 8819.98 7709.05 2592.25 790.14 3512.46 266.035 8160.36 1110.93
internal_count=180000 63880 116120 114451 38177 25703 62147 53926 20706 6815 33265 1669 52304 8221
is_linear=0
shrinkage=0.035


Tree=32
num_leaves=15
num_cat=0
split_feature=17 3 11 3 23 16 21 20 23 24 12 23 20 22
split_gain=326.795 164.44 166.781 132.776 67.5905 61.9607 57.2825 56.0355 55.0497 53.5661 53.4478 43.2193 40.8959 40.5275
threshold=0.021310915239155296 0.29782584309577947 0.26112449169158941 0.1754020303487778 0.24243597686290744 0.96130114793777477 -0.023950153961777684 0.04162253066897393 0.12767940759658816 0.039040250703692443 1.2603251934051516 0.12767940759658816 -0.028148042969405648 0.17154361307621005
decision_type=2 2 2 2 2 2 2 2 2 2 2 2 2 2
left_child=3 2 8 -1 6 11 12 10 -2 -10 -4 -5 -3 -6
right_child=1 4 7 5 13 -7 -8 -9 9 -11 -12 -13 -14 -15
leaf_value=-0.012844616473107518 0.004560311353707572 0.021410419598492346 0.0058878669409737697 0.016380161065355225 0.011132522083607491 -0.0069522136424834654 0.0064364153057516358 -0.0015327975852378523 -0.0070274798058355317 0.00470851537496498 -0.002514397493145539 9.0023409654568041e-05 0.0083253213188993671 -0.013967807447278656
leaf_weight=2937.7501138746738 713.30849294364452 660.16369690001011 6092.2206228226423 305.20608631521463 103.95683635026217 925.14268793910742 2819.759583696723 2426.3871883153915 4470.4090056121349 526.1406018435955 1087.8105123862624 543.8544012978673 555.15972440689802 252.50683800876141
leaf_count=29538 4940 3601 39341 1971 663 7485 17626 16659 37197 4279 7105 4565 3319 1711
internal_value=-2.09063e-05 0.00195966 0.000246061 -0.00829128 0.00792201 -0.000722073 0.00921295 0.00306083 -0.00448666 -0.00578473 0.00461316 0.00606824 0.0155499 -0.00654367
internal_weight=24419.8 19707.8 15316.3 4711.95 4391.55 1774.2 4035.08 9606.42 5709.86 4996.55 7180.03 849.06 1215.32 356.464
internal_count=180000 136441 109521 43559 26920 14021 24546 63105 46416 41476 46446 6536 6920 2374
is_linear=0
shrinkage=0.035


Tree=33
num_leaves=15
num_cat=0
split_feature=9 23 10 23 23 20 20 6 15 24 10 10 6 24
split_gain=305.974 130.012 165.446 92.796 83.8551 115.347 74.2779 59.6268 58.8397 57.5263 55.5847 55.1495 46.4702 46.4269
threshold=0.21509320288896563 0.12767940759658816 0.38727222383022314 0.1535952687263489 0.22513678669929507 -0.087301429361104951 -0.028148042969405648 0.060019237920641906 20.783766746521 0.035484667867422111 1.4792042970657351 0.19944858551025393 0.12803734093904498 0.040403148159384734
decision_type=2 2 2 2 2 2 2 2 2 2 2 2 2 2
left_child=3 7 4 9 6 -6 -3 -2 10 -1 -4 -11 -5 -9
right_child=1 2 8 12 5 -7 -8 13 -10 11 -12 -13 -14 -15
leaf_value=-0.011015937101506931 0.003778905965928996 0.0054279343123426358 0.0033923923026695324 -0.019066333704510201 0.014651357669584517 -0.012714293536813397 -0.0037694870253361392 0.016074622001850971 0.024219070686969286 -0.0078687119616718537 -0.010800332423310816 0.0085665255174072318 -0.0044692949796579099 -0.0066347193608311305
leaf_weight=838.51325333863497 1509.28688903898 1456.3144766017795 10263.090375773609 1234.9951322972775 203.18745265901089 1732.9560496583581 4029.9793070405722 1186.0808709263802 151.65681870281696 435.53671875596046 339.98970957100391 560.54837798327208 349.49730424582958 116.08347598463297
leaf_count=7381 9747 10825 66491 12933 1614 14771 33678 6907 899 3948 2383 4498 3184 741
internal_value=-2.0449e-05 0.00156249 0.000477203 -0.00971381 -0.00353943 -0.00978189 -0.00132264 0.00855278 0.00325001 -0.0043182 0.00292755 0.00137346 -0.0158948 0.014015
internal_weight=24407.7 20988.6 18177.2 3419.09 7422.44 1936.14 5486.29 2811.45 10754.7 1834.6 10603.1 996.085 1584.49 1302.16
internal_count=180000 148056 130661 31944 60888 16385 44503 17395 69773 15827 68874 8446 16117 7648
is_linear=0
shrinkage=0.035


Tree=34
num_leaves=15
num_cat=0
split_feature=17 3 9 23 23 3 9 7 3 23 23 8 23 11
split_gain=291.409 268.894 94.6513 73.4889 67.3669 58.3502 56.4081 50.3683 49.7586 46.7774 51.507 62.3809 44.3728 40.6871
threshold=0.029691315256059173 0.21134831756353381 0.18943239748477939 0.22513678669929507 0.17072987556457522 0.67827665805816661 1.6133269071578982 -0.096398349851369844 1.0006790757179262 0.18757276237010959 0.22513678669929507 -0.20280404388904569 0.12767940759658816 0.11538647860288621
decision_type=2 2 2 2 2 2 2 2 2 2 2 2 2 2
left_child=1 2 -1 5 6 13 8 -4 -2 -6 -11 -12 -9 -3
right_child=4 3 7 -5 9 -7 -8 12 -10 10 11 -13 -14 -15
leaf_value=-0.015958497033591264 0.0061612444430041947 -0.0076808516381548612 -0.0020268377722081773 -0.015592850382645709 -0.0041265279262545996 0.017216275097053362 -0.010819213361942418 0.0022381414190544638 0.017259326182065056 0.0063857563065324204 0.0024225328096694459 -0.0085730074414823859 -0.0097326639757921544 0.0049177767909768981
leaf_weight=1410.6977821961045 4273.3665360584855 349.16876591742039 2473.7473307996988 213.1028149574995 1453.1970321685076 419.86459815502167 207.23842439800501 422.21148134768009 555.32470688223839 2801.2971547022462 3044.0216026306152 787.00297722220421 3453.7104443237185 2533.4210338965058
leaf_count=14718 26655 2822 20676 1769 9681 2492 1427 3230 3016 18158 19862 5388 32224 17882
internal_value=-2.05384e-05 -0.0041449 -0.00777957 0.00387772 0.00352419 0.00517741 0.006698 -0.00594024 0.00747061 0.0015416 0.00278788 0.000147293 -0.00842626 0.00337042
internal_weight=24397.4 11275.9 7760.37 3515.56 13121.4 3302.45 5035.93 6349.67 4828.69 8085.52 6632.32 3831.02 3875.92 2882.59
internal_count=180000 95813 70848 24965 84187 23196 31098 56130 29671 53089 43408 25250 35454 20704
is_linear=0
shrinkage=0.035


Tree=35
num_leaves=15
num_cat=0
split_feature=17 3 10 3 15 3 16 10 20 21 20 10 10 3
split_gain=275.383 141.176 121.263 117.539 67.7269 58.7705 57.5654 43.2859 41.7646 41.5256 40.3688 39.3836 37.6601 32.6642
threshold=0.021310915239155296 0.42606313526630407 0.38727222383022314 0.1754020303487778 20.783766746521 0.060330107808113105 0.95356637239456188 1.4792042970657351 -0.087301429361104951 -0.11142588034272193 -0.033946592360734933 0.32395564019680029 0.1815648749470711 1.4699995517730715
decision_type=2 2 2 2 2 2 2 2 2 2 2 2 2 2
left_child=3 2 5 11 10 8 -5 9 -2 -3 -4 -1 -8 -11
right_child=1 7 4 6 -6 -7 12 -9 -10 13 -12 -13 -14 -15
leaf_value=-0.013270995652912678 0.0075013463945158374 0.020094136907379281 0.0058067020309207186 0.0062185209750184262 0.028185784810974803 0.00098672074798684516 -0.019031345384287614 -0.017091576665669198 -0.0068159409954115782 0.005933933082550703 0.0010104747144813369 0.0016720556412530459 -0.0025609829384770676 0.016441937408252855
leaf_weight=2633.5570024773479 259.23928683996201 361.0422610193491 3152.8351231589913 813.14764102548361 117.95348264276981 2462.5239888504148 212.23498806357384 70.784784257411957 3754.242239959538 2421.3824092596769 6728.6898425593972 233.00135514140129 742.18199197202921 422.97297504544258
leaf_count=27569 2014 1993 19132 6243 694 19013 1863 434 30965 14625 45214 1969 5915 2357
internal_value=-2.08161e-05 0.0017815 0.000460034 -0.00769 0.00287541 -0.00326819 -0.00058338 0.00840538 -0.00587481 0.00901983 0.0025451 -0.0120548 -0.00638288 0.00754867
internal_weight=24385.8 19751.7 16475.5 4634.12 9999.48 6476.01 1767.56 3276.18 4013.48 3205.4 9881.52 2866.56 954.417 2844.36
internal_count=180000 136441 117032 43559 65040 51992 14021 19409 32979 18975 64346 29538 7778 16982
is_linear=0
shrinkage=0.035


Tree=36
num_leaves=15
num_cat=0
split_feature=9 3 11 23 23 21 15 24 10 9 20 3 22 24
split_gain=259.672 150.842 208.788 98.1147 87.8058 73.718 56.2596 54.294 49.1539 46.2519 43.3284 43.9574 41.9219 39.4005
threshold=0.21509320288896563 0.1754020303487778 0.26112449169158941 0.22513678669929507 0.1535952687263489 0.017566511407494548 19.889597892761234 0.035484667867422111 0.19944858551025393 1.6133269071578982 1.0000000180025095e-35 0.42606313526630407 0.55538171529769909 0.039040250703692443
decision_type=2 2 2 2 2 2 2 2 2 2 2 2 2 2
left_child=4 2 13 5 7 -3 9 10 -9 -4 11 -1 -6 -2
right_child=1 3 6 -5 12 -7 -8 8 -10 -11 -12 -13 -14 -15
leaf_value=-0.0078063753164529801 -0.0068480940275664698 0.011719333504004305 0.0026743199286407456 -0.0051865530355732301 -0.019163731573214597 0.0035893364261118362 0.015605168617559066 -0.0071060047088255147 0.0084959768746523945 -0.010318715409511191 -0.020332829175606089 0.021811416053071613 -0.0067027084783474007 0.0026487089393448914
leaf_weight=445.7234698459506 4999.3775239437819 2724.7790444046259 8382.753242187202 834.70915170758963 1038.6831803619862 2755.6850328892469 388.90133778005838 426.96274770796299 560.7477917149663 339.89593535661697 316.20649286359549 61.165577076375484 505.09152248501778 593.89908766746521
leaf_count=3724 42814 16197 54776 5798 10896 18531 2450 3948 4498 2416 3310 347 5221 5074
internal_value=-2.02327e-05 0.00142415 -0.000519597 0.00594381 -0.00904815 0.00764539 0.00274727 -0.00378625 0.001748 0.00215678 -0.0103686 -0.00387961 -0.0151561 -0.00583679
internal_weight=24374.6 21020 14704.8 6315.17 3354.58 5480.46 9111.55 1810.81 987.711 8722.65 823.096 506.889 1543.77 5593.28
internal_count=180000 148056 107530 40526 31944 34728 59642 15827 8446 57192 7381 4071 16117 47888
is_linear=0
shrinkage=0.035


Tree=37
num_leaves=15
num_cat=0
split_feature=17 3 3 11 3 23 16 20 15 23 21 15 23 22
split_gain=244.965 123.811 107.371 105.709 62.1501 61.2302 53.8177 52.8694 61.4447 45.8509 44.6165 39.2552 36.597 36.4949
threshold=0.021310915239155296 0.42606313526630407 0.1754020303487778 0.26112449169158941 0.060330107808113105 0.24698165804147723 0.96130114793777477 0.04162253066897393 19.889597892761234 0.22513678669929507 -0.11142588034272193 17.874490737915043 0.12767940759658816 0.50805076956748974
decision_type=2 2 2 2 2 2 2 2 2 2 2 2 2 2
left_child=2 3 13 4 -2 -6 12 8 -5 10 -3 -11 -4 -1
right_child=1 9 6 7 5 -7 -8 -9 -10 11 -12 -13 -14 -15
leaf_value=-0.015347525513136388 -0.0059619257450597022 0.022466667144306261 0.015150423592534025 0.0034165309646047733 0.0027871936688318852 -0.016172840438383893 -0.0063958010870876613 -0.0017308937543095214 0.018711387058480806 0.0056134671037774333 0.0078695467055031106 -0.016680734371442334 0.00022143911197527755 -0.0072891064571470755
leaf_weight=1468.8515846729279 3778.6878594905138 279.01571999490261 310.17371618747711 7286.1601631119847 2331.363268122077 219.10637234151363 912.15448702126741 2535.5012026876211 327.3870739415288 230.47663696110249 2638.8698863610625 152.53698279708624 541.90964607894421 1351.3253423348069
leaf_count=15286 31477 1439 1971 46711 17593 1945 7485 17314 1992 1459 15522 989 4565 14252
internal_value=-2.05138e-05 0.00166983 -0.00730115 0.000428622 -0.00311829 0.00110157 -0.000521314 0.00264144 0.0040979 0.00784599 0.00933733 -0.00346382 0.00576856 -0.0115256
internal_weight=24363.5 19779.1 4584.41 16478.2 6329.16 2550.47 1764.24 10149 7613.55 3300.9 2917.89 383.014 852.083 2820.18
internal_count=180000 136441 43559 117032 51015 19538 14021 66017 48703 19409 16961 2448 6536 29538
is_linear=0
shrinkage=0.035


Tree=38
num_leaves=15
num_cat=0
split_feature=17 3 3 17 20 24 16 12 23 21 15 23 24 8
split_gain=229.292 114.737 101.593 99.3883 66.6889 50.3259 50.2411 48.862 42.4869 42.7808 37.0252 35.5063 44.2393 56.4676
threshold=0.021310915239155296 0.42606313526630407 0.1754020303487778 0.033656440675258643 0.022132160142064098 0.039040250703692443 0.96130114793777477 1.2603251934051516 0.22513678669929507 0.017566511407494548 17.874490737915043 0.1535952687263489 0.039040250703692443 -0.25696770846843714
decision_type=2 2 2 2 2 2 2 2 2 2 2 2 2 2
left_child=2 3 11 4 -2 -6 -4 -5 9 -3 -10 -1 13 -13
right_child=1 8 6 7 5 -7 -8 -9 10 -11 -12 12 -14 -15
leaf_value=-0.006462922137481634 0.00011841376151036293 0.013230731888210952 0.00555373665199662 0.004214442068688394 -0.0086453617944919538 0.0029796118387054177 -0.0062019328795324237 -0.0026853214152852537 0.0054071220842386285 0.0047395453190138721 -0.016293288500720354 0.0052709331555909674 -0.00040525509758728172 -0.019065910513678546
leaf_weight=1161.0161587148905 4818.5435981675982 1450.0194516032934 854.92685660719872 7123.5219495967031 2464.6794137209654 553.99203695356846 908.12969600409269 1519.1014224663377 231.26479858160019 1482.2340420261025 150.96446417272091 124.25489702820778 232.98422656208277 1276.7199200093746
leaf_count=11490 36667 7824 6536 45405 20605 4379 7485 9976 1459 9137 989 1238 2478 14332
internal_value=-2.03233e-05 0.0016101 -0.00708885 0.000413311 -0.00243937 -0.00650913 -0.000502298 0.00299998 0.00754149 0.00896919 -0.00336051 -0.011227 -0.0145523 -0.0168854
internal_weight=24352.4 19794.3 4558.03 16479.8 7837.22 3018.67 1763.06 8642.62 3314.48 2932.25 382.229 2794.98 1633.96 1400.97
internal_count=180000 136441 43559 117032 61651 24984 14021 55381 19409 16961 2448 29538 18048 15570
is_linear=0
shrinkage=0.035


Tree=39
num_leaves=15
num_cat=0
split_feature=9 3 11 23 23 21 9 24 20 16 24 20 16 24
split_gain=223.478 124.93 173.771 85.8608 80.3403 59.5827 52.0698 51.8528 44.5939 43.4691 42.3658 38.5428 40.1836 38.0759
threshold=0.21509320288896563 0.1754020303487778 0.26112449169158941 0.24243597686290744 0.12767940759658816 0.024009003303945068 0.50144925713539135 0.0358814224600792 -0.098063450306653963 1.9035639166831972 0.039040250703692443 -0.023522976785898205 0.96883836388587963 0.040403148159384734
decision_type=2 2 2 2 2 2 2 2 2 2 2 2 2 2
left_child=4 2 -2 5 11 10 -5 -6 -4 -10 -3 -1 13 -13
right_child=1 3 8 6 7 -7 -8 -9 9 -11 -12 12 -14 -15
leaf_value=-0.0050266940699274362 -0.0053606913777852813 0.0087543504777135902 0.017403801697397837 -0.018211959108229508 -0.017645013228135168 0.002841317361655125 0.0034367047532044208 -0.0071670694809208031 0.0025533559703002956 -0.010700797451924917 0.024584299720176849 0.025731058446853507 -0.0041088468878916163 -0.017465631420498548
leaf_weight=593.94354172050953 5529.6424033492804 2885.4976613745093 229.44402143359184 276.46480290591717 1053.6868888884783 2729.4291990324855 254.16465517878532 1321.6966034844518 8615.725674174726 304.42541443556547 217.62634770572186 164.51533485949039 143.59686258435249 21.995325587689877
leaf_count=4593 47888 17069 1380 2118 11254 18295 1621 13549 56118 2144 1423 1230 1143 175
internal_value=-2.049e-05 0.00130861 -0.00046763 0.00540053 -0.00847529 0.00662858 -0.00797076 -0.0118694 0.00249216 0.00208954 0.00993993 0.00028339 0.0097044 0.0200073
internal_weight=24341.9 21042.4 14679.2 6363.18 3299.43 5832.55 530.629 2375.38 9149.6 8920.15 3103.12 924.051 330.108 186.511
internal_count=180000 148056 107530 40526 31944 36787 3739 24803 59642 58262 18492 7141 2548 1405
is_linear=0
shrinkage=0.035


Tree=40
num_leaves=15
num_cat=0
split_feature=9 3 11 23 23 21 9 15 24 10 6 12 20 3
split_gain=209.496 115.958 162.261 79.938 78.4004 54.9413 49.3638 48.4423 47.9339 44.8894 42.6078 41.1953 40.7785 39.4894
threshold=0.21509320288896563 0.1754020303487778 0.26112449169158941 0.24243597686290744 0.1535952687263489 0.024009003303945068 0.50144925713539135 19.889597892761234 0.035484667867422111 0.19944858551025393 0.12803734093904498 1.2603251934051516 1.0000000180025095e-35 0.42606313526630407
decision_type=2 2 2 2 2 2 2 2 2 2 2 2 2 2
left_child=4 2 -2 5 8 -3 -5 11 12 -10 -6 -4 13 -1
right_child=1 3 7 6 10 -7 -8 -9 9 -11 -12 -13 -14 -15
leaf_value=-0.0070686000416711444 -0.0051938538484484365 0.0095420977412814835 0.0028590875419200572 -0.017814310878118002 -0.017319027452013643 0.0027374005522081218 0.0033141289427678997 0.014218388864131759 -0.0066245721709294655 0.0083341474551158739 -0.0030945595149393587 -0.0038429086486741694 -0.019431081596513827 0.02091078588186656
leaf_weight=437.2520610243082 5508.220146112144 3120.2666336447001 7453.3881929591298 273.02850095927715 1153.0729593858123 2734.1802193596959 254.70049472898245 396.3741245418787 421.50671871751547 561.74151889979839 337.86095904558897 1313.6609556004405 304.48994708061218 61.878266140818596
leaf_count=3724 47888 18492 48457 2118 12933 18295 1621 2450 3948 4498 3184 8735 3310 347
internal_value=-2.04251e-05 0.00126214 -0.000451657 0.00519643 -0.00823731 0.00637421 -0.00774499 0.00240148 -0.00326282 0.00191939 -0.0141377 0.00185162 -0.00954904 -0.00325735
internal_weight=24331.6 21053.8 14671.6 6382.18 3277.8 5854.45 527.729 9163.42 1786.87 983.248 1490.93 8767.05 803.62 499.13
internal_count=180000 148056 107530 40526 31944 36787 3739 59642 15827 8446 16117 57192 7381 4071
is_linear=0
shrinkage=0.035


Tree=41
num_leaves=15
num_cat=0
split_feature=10 3 15 20 22 24 24 20 8 22 2 1 10 24
split_gain=196.985 185.749 82.8634 70.3731 88.5014 86.9034 64.2855 72.6025 63.1864 55.288 55.1184 50.2009 44.2057 37.2145
threshold=0.30098146200180059 0.35542245209217077 20.783766746521 -0.028148042969405648 0.43019491434097296 0.0358814224600792 0.037483181804418571 0.022132160142064098 -0.25696770846843714 0.30037069320678716 0.71704462170600902 -0.02050760947167873 0.96254789829254161 0.039101418107748039
decision_type=2 2 2 2 2 2 2 2 2 2 2 2 2 2
left_child=1 6 3 10 8 -6 7 -1 -5 -4 11 -2 -12 -11
right_child=2 -3 9 4 5 -7 -8 -9 -10 13 12 -13 -14 -15
leaf_value=-0.0073070402578379427 0.0066715600072413742 0.0070594158302228812 -0.0055232192367967222 -0.000650435865626202 -0.0035173152232747312 0.0048426258970537392 -0.001992088579020764 -0.018121012617849399 -0.0098446777635051493 0.034862738277727012 0.028302603262610845 0.00017828706258897405 -0.0016119572949772102 -0.0069101319784510397
leaf_weight=2924.973674826324 3385.8431589752436 1265.7190450057387 70.95959534496069 2278.1561563462019 2196.9927994981408 4914.1824264228344 1684.1718121618032 1032.6638580188155 1522.7186237946153 180.14940376579762 195.38988830894232 2557.6379952207208 84.320741608738899 26.829632148146629
leaf_count=28038 20997 8209 451 15219 15566 33874 16449 11184 11159 1055 1035 16126 475 163
internal_value=-2.06115e-05 -0.00501757 0.00196334 0.00164945 -4.5242e-05 0.00225852 -0.0077347 -0.0101673 -0.00435003 0.0205859 0.00461631 0.00388232 0.0195403 0.029379
internal_weight=24320.7 6907.53 17413.2 17135.2 10912.1 7111.18 5641.81 3957.64 3800.87 277.939 6223.19 5943.48 279.711 206.979
internal_count=180000 63880 116120 114451 75818 49440 55671 39222 26378 1669 38633 37123 1510 1218
is_linear=0
shrinkage=0.035


Tree=42
num_leaves=15
num_cat=0
split_feature=9 3 11 23 23 21 24 15 16 10 6 20 2 7
split_gain=189.563 104.752 144.189 74.2113 74.1959 53.5712 43.7518 43.5474 43.6637 41.4229 40.2546 38.3493 37.5776 39.697
threshold=0.21509320288896563 0.1754020303487778 0.26112449169158941 0.22513678669929507 0.1535952687263489 0.017566511407494548 0.035484667867422111 19.889597892761234 1.9035639166831972 0.19944858551025393 0.12803734093904498 1.0000000180025095e-35 0.4871621727943421 -0.21178162097930905
decision_type=2 2 2 2 2 2 2 2 2 2 2 2 2 2
left_child=4 2 -2 5 6 -3 11 8 -4 -8 -6 -1 13 -5
right_child=1 3 7 12 10 -7 9 -9 -10 -11 -12 -13 -14 -15
leaf_value=-0.0030215233624517929 -0.0049303067144535733 0.0097914415370919331 0.0021871720214646367 0.0072438707673600066 -0.016819164746012714 0.0029228606461203402 -0.0063650721876719182 0.013380051332704384 -0.011167045753416215 0.0080164034054417254 -0.0029451500583281549 -0.018837070086850448 0.010795637966003231 -0.012716713014447668
leaf_weight=496.06517289578915 5473.3022206649184 2793.6409021988511 8485.4474392160773 150.45596461743116 1131.283418148756 2784.8426731303334 418.67647606134415 400.90230279415846 301.08355994522572 564.59172269701958 336.56091819703579 297.01162565499544 146.03198117017746 530.83803303539753
leaf_count=4071 47888 16197 55055 953 12933 18531 3948 2450 2137 4498 3184 3310 925 3920
internal_value=-2.01644e-05 0.00119376 -0.000438243 0.00492373 -0.00788239 0.00637393 -0.00304235 0.0022403 0.0017174 0.00189033 -0.0136795 -0.00910534 -0.00481401 -0.00826763
internal_weight=24310.7 21066.5 14660.7 6405.81 3244.19 5578.48 1776.34 9187.43 8786.53 983.268 1467.84 793.077 827.326 681.294
internal_count=180000 148056 107530 40526 31944 34728 15827 59642 57192 8446 16117 7381 5798 4873
is_linear=0
shrinkage=0.035


Tree=43
num_leaves=15
num_cat=0
split_feature=10 23 10 3 20 3 23 3 24 10 7 6 23 24
split_gain=180.09 114.813 122.124 118.103 72.7805 59.6165 59.3963 57.4024 52.5977 46.6041 57.7087 44.8431 40.573 32.5246
threshold=0.20758225023746493 0.12767940759658816 0.38727222383022314 0.21134831756353381 -0.087301429361104951 -0.085619270801544176 0.22513678669929507 0.42606313526630407 0.040403148159384734 1.4792042970657351 -0.43239645659923548 0.31296707689762121 0.15924271941185 0.035484667867422111
decision_type=2 2 2 2 2 2 2 2 2 2 2 2 2 2
left_child=7 5 3 4 -3 11 -5 12 -7 10 -4 13 -1 -2
right_child=1 2 9 6 -6 8 -8 -9 -10 -11 -12 -13 -14 -15
leaf_value=-0.0085034251726278307 -0.010008162598283011 0.0092444211729399289 0.013324880604570986 0.0050493789425266802 -0.006966344521891165 0.011253266044455767 -0.013249369124742642 0.009461867248046426 -0.0082151783901444099 -0.010424876910164929 0.0019975193097574707 0.034998370351665802 -0.02036682545898787 0.0036364574548494967
leaf_weight=972.66503765434027 383.70883885771036 352.41485864669085 573.39120072126389 2138.7934960499406 5658.9008653685451 2189.2432383820415 232.12215848267078 146.08777316659689 177.1855128929019 336.73623237758875 10076.610965184867 30.6966293156147 570.85815849155188 460.60068114846945
leaf_count=9701 2448 2878 3514 15030 52420 13147 1929 994 1156 2387 64405 186 6729 3076
internal_value=-2.03658e-05 0.000805215 -0.000216315 -0.00339589 -0.00600221 0.00689119 0.00320973 -0.011008 0.00976714 0.0022104 0.00261931 -0.000909222 -0.0129939 -0.0026091
internal_weight=24300 22610.4 19369 8382.23 6011.32 3241.43 2370.92 1689.61 2366.43 10986.7 10650 875.006 1543.52 844.31
internal_count=180000 162576 142563 72257 55298 20013 16959 17424 14303 70306 67919 5710 16430 5524
is_linear=0
shrinkage=0.035


Tree=44
num_leaves=15
num_cat=0
split_feature=17 3 11 3 23 24 23 23 24 22 10 12 8 22
split_gain=171.222 94.1569 94.5067 65.5029 45.664 57.6021 43.3267 41.75 40.8671 35.6713 34.9591 34.9534 33.0754 35.7491
threshold=0.019999749027192596 0.29782584309577947 0.26112449169158941 0.15922401845455172 0.12767940759658816 0.039040250703692443 0.12952167540788653 0.24243597686290744 0.0358814224600792 0.17154361307621005 0.25178802013397222 1.2603251934051516 -0.29997739195823664 0.55062827467918407
decision_type=2 2 2 2 2 2 2 2 2 2 2 2 2 2
left_child=3 2 4 12 -2 -6 -5 -3 -8 -9 -10 -4 -1 -14
right_child=1 7 11 6 5 -7 8 9 10 -11 -12 -13 13 -15
leaf_value=0.013388501306733254 0.0041094248896596675 0.0064325043180495619 0.0029125538310476101 0.0060416574814679087 -0.0059197639055066122 0.0056671844828858871 -0.016254755607020308 0.010446409781649603 -0.0061454378719060882 -0.013089660816991262 0.011851247403897513 -0.0029405681324107466 -0.015750556483186462 -0.0058962497332447541
leaf_weight=56.742785729467869 833.92953225970268 4407.1086456701159 8356.5588747411966 559.50892132520676 4791.9253853783011 582.20570304989815 314.19766651839018 105.1404534727335 442.67173156142235 246.92820303142071 176.83270779252052 1460.9981165379286 1211.4574635848403 743.07304762303829
leaf_count=547 5882 26011 53849 3848 42445 4910 3058 670 4079 1729 1412 9656 13527 8377
internal_value=-2.01159e-05 0.00118747 -9.72571e-05 -0.0071652 -0.00347408 -0.0046563 -0.00159435 0.00550468 -0.00618566 -0.00596654 -0.000901765 0.00203942 -0.0112728 -0.0120532
internal_weight=24289.3 20784.8 16025.6 3504.48 6208.06 5374.13 1493.21 4759.18 933.702 352.069 619.504 9817.56 2011.27 1954.53
internal_count=180000 145152 116742 34848 53237 47355 12397 28410 8549 2399 5491 63505 22451 21904
is_linear=0
shrinkage=0.035


Tree=45
num_leaves=15
num_cat=0
split_feature=9 23 20 21 23 23 9 23 23 21 3 22 21 21
split_gain=162.607 90.2672 79.2998 113.475 86.4865 88.1632 68.6709 66.5729 62.2027 56.7949 40.063 45.4563 39.5399 61.7829
threshold=0.21509320288896563 0.13140495866537097 -0.042127339169383042 0.024009003303945068 0.2665951550006867 0.19382429867982867 0.53720557689666759 0.1535952687263489 0.19671232253313067 0.087774533778429045 -0.072973750531673418 0.52009707689285289 0.014401994645595552 -0.034622838720679276
decision_type=2 2 2 2 2 2 2 2 2 2 2 2 2 2
left_child=7 9 3 8 5 -4 -6 12 -3 10 11 -2 13 -1
right_child=1 2 4 -5 6 -7 -8 -9 -10 -11 -12 -13 -14 -15
leaf_value=-0.0069175555441771258 -0.0056155946715184691 0.010977440610847825 -0.0025612423354514236 -0.010166515576074045 -0.015019552087764154 0.0039499302271410342 -0.00096479137688313267 -0.012945612372082971 0.0022840217462556296 -0.0073254033075495148 0.010120016674446767 0.0094301316198321643 -0.0078931828363601464 0.011578911982387863
leaf_weight=424.39498438686132 504.56051992624998 1756.2660037651658 7123.4679584726691 600.7043399065733 933.18695724755526 3952.5365542694926 779.07062749564648 1431.8627972826362 2365.3001515716314 338.3557803183794 2268.2721843793988 461.67986967414618 897.83374100923538 441.56825412809849
leaf_count=3553 3228 11032 52313 4406 7934 28425 5232 16117 16284 2522 13598 3082 8667 3607
internal_value=-2e-05 0.00109617 6.04577e-05 0.00393164 -0.00137099 -0.000236226 -0.00866742 -0.00736441 0.00600603 0.00615784 0.00758653 0.00159637 -0.0027861 0.0025386
internal_weight=24279.1 21083.4 17510.5 4722.27 12788.3 11076 1712.26 3195.66 4121.57 3572.87 3234.51 966.24 1763.8 865.963
internal_count=180000 148056 125626 31722 93904 80738 13166 31944 27316 22430 19908 6310 15827 7160
is_linear=0
shrinkage=0.035


Tree=46
num_leaves=15
num_cat=0
split_feature=10 3 10 23 20 23 20 21 21 23 21 23 20 20
split_gain=158.629 101.351 128.294 64.6242 52.6762 39.7989 39.2482 53.8772 38.9062 38.6689 37.4518 37.3345 34.0056 27.4511
threshold=0.19944858551025393 0.27349244058132177 0.36383266746997839 0.1535952687263489 -0.087301429361104951 0.22513678669929507 -0.033946592360734933 0.014401994645595552 0.014401994645595552 0.31619535386562353 0.024009003303945068 0.15924271941185 0.075289648026227965 0.022132160142064098
decision_type=2 2 2 2 2 2 2 2 2 2 2 2 2 2
left_child=11 2 3 8 -5 10 7 -4 -2 -8 12 -1 -3 -12
right_child=1 5 6 4 -6 -7 9 -9 -10 -11 13 -13 -14 -15
leaf_value=-0.0072961866621779996 0.0059232070593883248 0.0076116881923910537 0.0072595480342491064 0.0066233955750560364 -0.0076844577935074113 -0.0036832755961857763 0.00082439699827869953 -0.0032220046100039168 -0.0036627679508826291 -0.012124363017701666 0.007099584619977551 -0.019588426632101346 0.024692814197964381 -0.00051982160836582328
leaf_weight=909.42766287177801 950.77046573162079 2494.0115137919784 2612.6074934229255 332.10617358982563 4380.4006609618664 605.40862040221691 6817.0706989988685 772.85758067667484 1117.4131726175547 284.71639812737703 965.29825104027987 460.9619602188468 144.2753838300705 1423.2657759562135
leaf_count=8936 7576 13883 15470 2816 42010 4113 46152 4940 10153 1977 6117 5584 875 9398
internal_value=-2.02233e-05 0.000674053 -0.000656271 -0.00440464 -0.00666425 0.00474663 0.00176918 0.0048643 0.000751324 0.000288952 0.00576718 -0.0115429 0.00863549 0.0025762
internal_weight=24270.6 22900.2 17267.9 6780.69 4712.51 5632.26 10487.3 3385.47 2068.18 7101.79 5026.85 1370.39 2638.29 2388.56
internal_count=180000 165480 131094 62555 44826 34386 68539 20410 17729 48129 30273 14520 14758 15515
is_linear=0
shrinkage=0.035


Tree=47
num_leaves=15
num_cat=0
split_feature=10 23 10 3 20 3 23 3 24 10 7 6 23 15
split_gain=149.238 91.2213 98.1928 98.1636 63.9421 52.6829 52.336 50.1483 47.0613 43.3458 52.4221 41.8032 36.6479 30.7603
threshold=0.20758225023746493 0.12767940759658816 0.38727222383022314 0.21134831756353381 -0.087301429361104951 0.42606313526630407 0.22513678669929507 -0.085619270801544176 0.040403148159384734 1.4792042970657351 -0.43239645659923548 0.31296707689762121 0.15924271941185 19.169311523437504
decision_type=2 2 2 2 2 2 2 2 2 2 2 2 2 2
left_child=5 7 3 4 -3 12 -5 11 -9 10 -4 -2 -1 -7
right_child=1 2 9 6 -6 13 -8 8 -10 -11 -12 -13 -14 -15
leaf_value=-0.0078499027160018921 -0.002692442709356418 0.0087502100062341898 0.012508214116508865 0.0046356104629199689 -0.0063916922394861393 0.019256086619559572 -0.012666359066368468 0.010110625961225037 -0.0082733573984980907 -0.010243330799517619 0.0017695877547766439 0.033318299971005806 -0.019318852911057463 -0.013432645519921438
leaf_weight=955.22790081053972 845.46482735127211 355.37028247863054 579.83156824111938 2151.9951421990991 5575.7127649486065 103.17787358909845 228.06291169673204 2221.6323605924845 177.32580009102821 335.14415777474642 10111.746362261474 31.409677147865295 545.01715265214443 42.885078296065331
leaf_count=9701 5524 2878 3514 15030 52420 687 1929 13147 1156 2387 64405 186 6729 307
internal_value=-1.99896e-05 0.000722478 -0.000193545 -0.00306428 -0.00547124 -0.0101613 0.00293163 0.00611407 0.00872302 0.00197102 0.00236311 -0.0010414 -0.0121167 0.00941272
internal_weight=24260 22613.7 19337.9 8311.14 5931.08 1646.31 2380.06 3275.83 2398.96 11026.7 10691.6 876.875 1500.25 146.063
internal_count=180000 162576 142563 72257 55298 17424 16959 20013 14303 70306 67919 5710 16430 994
is_linear=0
shrinkage=0.035


Tree=48
num_leaves=15
num_cat=0
split_feature=10 3 10 22 21 15 22 17 15 10 3 15 21 3
split_gain=141.16 90.1873 95.3535 68.1963 109.825 62.7298 50.8418 50.2156 42.3694 36.7234 37.4437 37.2272 30.3904 28.59
threshold=0.19944858551025393 0.42606313526630407 0.34937518835067755 0.50805076956748974 0.024009003303945068 20.783766746521 0.31738407909870153 0.024279950186610225 16.268366813659672 1.4792042970657351 1.4699995517730715 18.419822692871097 0.04829866066575051 0.38840235769748693
decision_type=2 2 2 2 2 2 2 2 2 2 2 2 2 2
left_child=8 2 3 7 -5 12 -7 -2 -1 10 -3 -12 -4 -10
right_child=1 9 5 4 -6 6 -8 -9 13 -11 11 -13 -14 -15
leaf_value=-0.027457981476200981 -0.010014222242781454 0.0046561522495123754 0.0023474119519562723 0.011541437939833662 -0.0035690176104510281 -0.0028377555144142915 0.037884042517735757 -0.0023396308306303198 -0.010557627055977112 -0.017736084157627202 0.0091423627058442522 0.031582328903003776 -0.0016476139909742135 0.0058277053179659538
leaf_weight=159.77591738849878 2215.201486594975 3222.5529270991683 8617.8838160037994 798.18765544146299 2164.9970248863101 56.813580192625523 93.7368373721838 1982.9436995908618 1044.9352549314499 71.773627310991287 373.45572893321514 116.18033866584301 3188.7216996625066 142.39053763449192
leaf_count=1829 21927 18920 55214 6206 20786 339 530 16222 11689 434 1991 615 22296 1002
internal_value=-1.96877e-05 0.000629946 -0.00034807 -0.00353928 0.000526387 0.00156456 0.0232972 -0.00640339 -0.0109876 0.00555927 0.00605612 0.0149924 0.00126796 -0.00856035
internal_weight=24249.6 22902.4 19118.5 7161.33 2963.18 11957.2 150.55 4198.15 1347.1 3783.96 3712.19 489.636 11806.6 1187.33
internal_count=180000 165480 143520 65141 26992 78379 869 38149 14520 21960 21526 2606 77510 12691
is_linear=0
shrinkage=0.035


Tree=49
num_leaves=15
num_cat=0
split_feature=17 23 20 21 24 10 3 13 3 16 6 22 23 8
split_gain=132.965 75.0725 63.5118 88.5212 81.7437 76.8368 56.1217 54.4591 51.9776 44.1381 41.5758 37.0413 32.3694 30.7554
threshold=0.019999749027192596 0.13140495866537097 -0.042127339169383042 0.024009003303945068 0.039040250703692443 0.47795344889163976 0.15922401845455172 0.49397572875022894 -0.098511517047882066 0.95356637239456188 0.12803734093904498 0.6037518084049226 0.12767940759658816 -0.29997739195823664
decision_type=2 2 2 2 2 2 2 2 2 2 2 2 2 2
left_child=6 8 3 7 5 -4 13 -3 10 12 -2 -6 -8 -1
right_child=1 2 4 -5 11 -7 9 -9 -10 -11 -12 -13 -14 -15
leaf_value=0.013472224588054683 -0.0034576889656962851 0.007964832758508544 -0.0049858982102540883 -0.0090792340293107798 0.0095139159080237425 0.00093928837091056044 0.014467916342187893 -0.00077304061328998207 0.0083433635960833922 -0.0068895058451992341 0.018405556404005766 -0.0015029353905248305 -0.00087101592882980283 -0.011057444145698458
leaf_weight=56.614793546497822 921.10322289913893 2892.8719595596194 6001.5400406494737 587.63917498290539 1133.8822591379285 4834.3206685855985 267.00410893559456 1247.652582667768 2530.0884201601148 784.10089926421642 110.34118230640888 551.73102734982967 427.6850439235568 1893.0724453106523
leaf_count=547 6146 18838 48445 4330 8041 30888 1707 8419 15278 6842 695 4072 3848 21904
internal_value=-1.91103e-05 0.00103389 7.75456e-05 0.00352934 -0.00122764 -0.002344 -0.00639533 0.00533636 0.00565258 -0.00123894 -0.000964544 0.00592031 0.00514616 -0.01028
internal_weight=24239.6 20811.2 17249.6 4728.16 12521.5 10835.9 3428.48 4140.52 3561.53 1478.79 1031.44 1685.61 694.689 1949.69
internal_count=180000 145152 123033 31587 91446 79333 34848 27257 22119 12397 6841 12113 5555 22451
is_linear=0
shrinkage=0.035


Tree=50
num_leaves=15
num_cat=0
split_feature=10 20 23 9 22 17 22 23 23 6 24 15 23 24
split_gain=128.339 81.9097 103.448 76.3716 66.4703 59.368 62.8732 51.0341 44.9881 44.5482 41.4644 41.3439 37.2805 27.5811
threshold=0.19944858551025393 0.026058134622871879 0.1535952687263489 0.26714293658733373 0.55538171529769909 0.033656440675258643 0.46367530524730688 0.31619535386562353 0.20104782283306125 -0.027728434652090069 0.040317935869097717 16.268366813659672 0.12952167540788653 0.033361051231622703
decision_type=2 2 2 2 2 2 2 2 2 2 2 2 2 2
left_child=11 2 9 4 -4 6 10 -5 -8 -2 -3 -1 -13 -7
right_child=1 5 3 7 -6 13 8 -9 -10 -11 -12 12 -14 -15
leaf_value=-0.027036415584407992 0.0016781395648448277 -0.013795422930010849 -0.010713983997351408 0.0021811951086022035 0.0070316016033130941 -0.0093349402374139807 -0.0036945531458640688 -0.0079666363745560798 0.011244478105858512 0.0086121722542108065 0.0079283405341986531 -0.00011650068707601437 -0.012957806857864448 0.0017927161158888972
leaf_weight=155.48861449211836 1741.5539255738258 1112.897826500237 1234.3950838074088 7676.5054633021355 318.89664001762867 285.98853033781052 2734.3852774500847 649.36403894424438 261.65481828898191 3279.9374591335654 112.6032712161541 442.56685067713261 730.88257338106632 3493.3408597111702
leaf_count=1829 11646 10331 12098 51356 2991 1865 23569 4626 2149 21162 936 3934 8757 22751
internal_value=-1.84489e-05 0.000597077 0.00213042 4.98622e-05 -0.00704907 -0.00225768 -0.00510534 0.00138112 -0.00235681 0.00621543 -0.0117514 -0.010551 -0.00815661 0.000928254
internal_weight=24230.5 22901.5 14900.7 9879.16 1553.29 8000.87 4221.54 8325.87 2996.04 5021.49 1225.5 1328.94 1173.45 3779.33
internal_count=180000 165480 103879 71071 15089 61601 36985 55982 25718 32808 11267 14520 12691 24616
is_linear=0
shrinkage=0.035


Tree=51
num_leaves=15
num_cat=0
split_feature=9 23 24 8 24 10 3 24 22 3 10 21 20 3
split_gain=121.809 73.5882 92.7177 123.155 60.5277 57.3267 52.9017 72.03 78.5306 49.0716 47.3102 42.3191 36.307 34.8008
threshold=0.202685721218586 0.17072987556457522 0.039040250703692443 -0.29997739195823664 0.036860829219222076 0.34937518835067755 0.67827665805816661 0.0358814224600792 0.48759272694587713 0.23140799254179004 0.80620777606964122 -0.047561954706907265 -0.028148042969405648 -0.098511517047882066
decision_type=2 2 2 2 2 2 2 2 2 2 2 2 2 2
left_child=9 6 3 4 -3 -5 7 8 -2 -1 12 -9 -8 -4
right_child=1 2 13 5 -6 -7 10 11 -10 -11 -12 -13 -14 -15
leaf_value=-0.010681420755365469 0.0032582133643381532 0.0047557190081041626 0.0003695395497710278 -0.0093915721242143705 -0.0034078256587194281 -0.0024460405723333552 0.020737741265061376 -0.0047942474336892483 -0.0059285981738649409 -0.00027024348806415331 -0.0050194980112363667 0.0073205950277663552 0.0074002094787013707 0.01152491500620724
leaf_weight=1693.9937092661858 2605.6056116819382 3298.7892993688583 549.6336477920413 2559.2940720841289 1667.5877083539963 3381.6751066073775 416.26252241432667 392.26815885305405 2010.4401541873813 822.95052143931389 215.64798273146152 3055.4647187441587 650.52805484831333 902.3660130277276
leaf_count=19704 17361 20979 4001 24673 11372 23016 2008 2595 15062 6432 1185 21303 3616 6693
internal_value=-1.89894e-05 0.000827333 -0.000944706 -0.00205243 0.00201326 -0.00544884 0.00316917 0.00211255 -0.000747113 -0.00729188 0.00974524 0.00593234 0.0127488 0.00733362
internal_weight=24222.5 21705.6 12359.3 10907.3 4966.38 5940.97 9346.22 8063.78 4616.05 2516.94 1282.44 3447.73 1066.79 1452
internal_count=180000 153864 90734 80040 32351 47689 63130 56321 32423 26136 6809 23898 5624 10694
is_linear=0
shrinkage=0.035


Tree=52
num_leaves=15
num_cat=0
split_feature=10 20 23 9 22 20 24 10 23 9 22 6 15 23
split_gain=116.646 73.9413 92.0613 69.0949 67.5641 47.6588 44.4465 78.4391 71.7386 79.3849 56.7384 40.5407 40.224 35.3978
threshold=0.19944858551025393 0.026058134622871879 0.1535952687263489 0.26131536066532141 0.55538171529769909 -0.087301429361104951 0.037483181804418571 0.32395564019680029 0.2665951550006867 0.53720557689666759 0.6037518084049226 -0.027728434652090069 16.268366813659672 0.12952167540788653
decision_type=2 2 2 2 2 2 2 2 2 2 2 2 2 2
left_child=12 2 11 4 -4 -5 7 -3 10 -10 -8 -2 -1 -14
right_child=1 6 3 5 -6 -7 8 -9 9 -11 -12 -13 13 -15
leaf_value=-0.026607345341382517 0.0015329646303735088 -0.012622008208574705 -0.011056960402845149 0.0089769883491696689 0.0075810215667775419 0.00035494274349604237 0.008353773865535298 -0.0017968918671718136 -0.021831335931236307 0.0026689171519339717 -0.0012858600003219842 0.0081350249618902144 5.8838230219722776e-05 -0.012501586018218477
leaf_weight=151.28170313686132 1745.4782709628344 1090.892252035439 1108.4338707104325 865.90988618135452 295.09773119539022 7604.7433994412422 1320.3250380456448 3230.7782946377993 322.32477882504463 312.31266399472952 1703.5625933557749 3301.1154407039285 440.77613593637943 719.75076003372669
leaf_count=1829 11646 11424 11146 5629 2779 51517 9556 22484 2982 2145 13010 21162 3934 8757
internal_value=-1.86698e-05 0.000564601 0.00201861 5.18307e-05 -0.00711235 0.00124587 -0.00215312 -0.00455224 0.000685552 -0.0099201 0.00293677 0.0058591 -0.0101284 -0.0077713
internal_weight=24212.8 22901 14920.8 9874.18 1403.53 8470.65 7980.2 4321.67 3658.53 634.637 3023.89 5046.59 1311.81 1160.53
internal_count=180000 165480 103879 71071 13925 57146 61601 33908 27693 5127 22566 32808 14520 12691
is_linear=0
shrinkage=0.035


Tree=53
num_leaves=15
num_cat=0
split_feature=17 3 17 4 23 10 12 23 10 10 3 15 3 15
split_gain=111.829 76.9933 71.5597 43.8487 51.2818 40.2338 39.9707 38.8028 42.1988 32.7361 37.8165 28.3414 27.1299 26.627
threshold=0.018077856861054901 0.42606313526630407 0.030881993472576145 0.0039565595798194417 0.22513678669929507 0.23418969660997394 1.2603251934051516 0.12767940759658816 0.32395564019680029 1.4792042970657351 1.4699995517730715 19.281029701232914 0.07278193905949594 19.281029701232914
decision_type=2 2 2 2 2 2 2 2 2 2 2 2 2 2
left_child=7 2 3 -2 -5 13 11 12 -9 10 -7 -4 -1 -3
right_child=1 5 6 4 -6 9 -8 8 -10 -11 -12 -13 -14 -15
leaf_value=-0.010321659903654506 -0.0001950745619209956 0.028304728306694161 0.00213577139006417 -0.0034272773123884869 -0.013851632315408082 0.0034525073222085294 -0.0031477277122033895 -0.011874641724516339 0.01389076731379351 -0.017538134117629483 0.013833385625066027 0.0097281470220304915 0.0045875259411118866 -0.0026721339709786496
leaf_weight=214.06781402975321 4219.9570542871952 134.98183194547892 7892.7900177761912 3149.9959998503327 701.48531319200993 2961.0818756893277 1698.1118399277329 1465.6851325035095 74.066496782004833 71.367556512355804 495.73883563280106 643.47308594733477 439.39899034798145 42.281987741589546
leaf_count=2024 35608 824 50314 27643 6849 17104 11181 17298 645 434 2606 3935 3265 270
internal_value=-1.93075e-05 0.000732886 -0.000199369 -0.00266173 -0.00535686 0.00532659 0.00174329 -0.00753743 -0.0105536 0.00447312 0.00497683 0.00271881 -0.0003785 0.0211678
internal_weight=24204.5 22011.3 18305.8 8071.44 3851.48 3705.45 10234.4 2193.22 1539.75 3528.19 3456.82 8536.26 653.467 177.264
internal_count=180000 156768 135530 70100 34492 21238 65430 23232 17943 20144 19710 54249 5289 1094
is_linear=0
shrinkage=0.035


Tree=54
num_leaves=15
num_cat=0
split_feature=9 23 8 21 20 24 22 15 21 24 1 11 3 11
split_gain=104.3 65.2177 125.581 96.3657 95.5258 120.777 130.656 110.953 95.0506 88.5733 59.0998 52.5814 44.3711 38.8641
threshold=0.202685721218586 0.22513678669929507 -0.20280404388904569 -0.034622838720679276 -0.028148042969405648 0.0358814224600792 0.43019491434097296 19.694011688232425 -0.0080761348363012058 0.036860829219222076 0.51339614391326915 0.26112449169158941 0.23140799254179004 0.15648971498012546
decision_type=2 2 2 2 2 2 2 2 2 2 2 2 2 2
left_child=12 4 3 9 7 11 -7 8 -2 -3 -4 -6 -1 -9
right_child=1 2 10 -5 5 6 -8 13 -10 -11 -12 -13 -14 -15
leaf_value=-0.010071206643545159 0.0079751540614067737 0.0099043905485205995 -0.012261423251986992 -0.0067383937407401468 -0.0095208195205658524 -0.0088712022307298501 0.0046413810928328811 -0.0047868553367236503 -0.0024375072113483375 -0.0039236884353614134 0.020577038868934899 -0.001407187025426153 -0.00012923493122959096 0.029491342522328778
leaf_weight=1662.084251601249 3138.1396294981241 1577.4196345955133 1514.0051130726933 1313.8618080541492 1675.2884984202683 1009.9845919460058 6245.4608108177781 43.850138671696186 1624.0707849934697 876.22725515812635 61.419984012842178 2342.8563077151775 819.77669757604599 291.38743854314089
leaf_count=19704 19449 10398 13203 9044 15003 7392 44633 351 10722 6223 389 15319 6432 1738
internal_value=-1.88352e-05 0.000759125 -0.00259529 0.000880062 0.00185481 5.5767e-05 0.00275076 0.00582569 0.00442643 0.00497033 -0.0108595 -0.00480525 -0.006801 0.0249989
internal_weight=24195.8 21714 5342.93 3767.51 16371 11273.6 7255.45 5097.45 4762.21 2453.65 1575.43 4018.14 2481.86 335.238
internal_count=180000 153864 39257 25665 114607 82347 52025 32260 30171 16621 13592 30322 26136 2089
is_linear=0
shrinkage=0.035


Tree=55
num_leaves=15
num_cat=0
split_feature=10 20 23 9 17 23 23 24 15 6 21 23 21 24
split_gain=102.262 65.473 80.1058 61.3355 47.8099 46.8243 43.6174 62.8309 39.2804 37.4018 35.2893 32.3226 31.5789 24.5385
threshold=0.19944858551025393 0.026058134622871879 0.1535952687263489 0.24422384798526767 0.033656440675258643 0.31619535386562353 0.2665951550006867 0.037483181804418571 16.268366813659672 -0.027728434652090069 0.087774533778429045 0.1535952687263489 0.014401994645595552 0.033361051231622703
decision_type=2 2 2 2 2 2 2 2 2 2 2 2 2 2
left_child=8 2 9 10 6 -5 7 -3 -1 -2 -4 -10 -11 -6
right_child=1 4 3 5 13 -7 -8 -9 11 12 -12 -13 -14 -15
leaf_value=-0.026108375296544476 0.0013083945801443497 -0.0076672731909977667 -0.010386558706494653 0.0017137864078794543 -0.0089213195949324354 -0.0078926708615778655 -0.015815752386377498 0.0013463206581764261 -0.0025241792385698103 0.010757577896071466 0.0096471627437725235 -0.014588937964507711 0.0038774763543077077 0.0016169431136752752
leaf_weight=146.45378098636866 1751.4693279787898 2021.9238032922149 900.26448974758387 8190.3581827580929 283.34115638583899 662.65568044036627 377.67891739308834 1770.048843100667 704.01777489483356 1804.0282100662589 114.23122433573008 438.83791071921587 1518.3937583714724 3502.7107221931219
leaf_count=1829 11646 18619 9420 55697 1865 4818 3825 14541 7052 10521 1136 5639 10641 22751
internal_value=-1.86956e-05 0.000523103 0.00188839 4.94635e-05 -0.00204017 0.000986641 -0.00462101 -0.00346736 -0.00957057 0.00545754 -0.00805863 -0.00724321 0.00763435 0.000806855
internal_weight=24186.4 22897.1 14941.4 9867.51 7955.7 8853.01 4169.65 3791.97 1289.31 5073.89 1014.5 1142.86 3322.42 3786.05
internal_count=180000 165480 103879 71071 61601 60515 36985 33160 14520 32808 10556 12691 21162 24616
is_linear=0
shrinkage=0.035


Tree=56
num_leaves=15
num_cat=0
split_feature=17 3 10 23 24 24 15 10 23 10 22 21 23 10
split_gain=96.6399 67.0119 63.2465 51.7973 65.0363 50.8727 44.8141 37.2874 35.1598 39.3751 34.797 31.4941 36.421 29.8451
threshold=0.018077856861054901 0.42606313526630407 0.38727222383022314 0.17440465837717059 0.039040250703692443 0.0358814224600792 20.783766746521 0.23418969660997394 0.12767940759658816 0.32395564019680029 0.31738407909870153 -0.13796672224998471 0.24698165804147723 1.4792042970657351
decision_type=2 2 2 2 2 2 2 2 2 2 2 2 2 2
left_child=8 2 3 5 -5 -2 13 -3 -1 -10 -8 -9 -13 -4
right_child=1 7 6 4 -6 -7 10 11 9 -11 -12 12 -14 -15
leaf_value=-0.00024986694834034496 -0.002932571988757062 0.020101189626534524 0.0017136079125675164 -0.0070648464547005511 0.0052410711496826143 0.0051789391862284229 -0.0022831321768655224 0.016426519115812114 -0.011276846986727694 0.013552495303950293 0.034244042625918528 0.0040245998922369486 -0.013494135571246603 -0.0086441607048586798
leaf_weight=651.0391418710351 2313.5198691450059 179.5617920011282 9780.4825359210372 3528.183574501425 610.4811627343297 1588.9843207672238 47.638893343508244 228.55076833069324 1437.6181701496243 74.503012351691723 80.181310549378395 3171.5866785421968 142.70571608096361 343.25476057827473
leaf_count=5289 19300 1094 62339 32947 5163 12621 274 1216 17298 645 427 17941 987 2459
internal_value=-1.9394e-05 0.000675383 -0.000196558 -0.00251859 -0.00524138 0.000374991 0.00162549 0.00494934 -0.00706092 -0.00997249 0.0214524 0.00412699 0.00323196 0.00135423
internal_weight=24178.3 22015.1 18292.7 8041.17 4138.66 3902.5 10251.6 3722.4 2163.16 1512.12 127.82 3542.84 3314.29 10123.7
internal_count=180000 156768 135530 70031 38110 31921 65499 21238 23232 17943 701 20144 18928 64798
is_linear=0
shrinkage=0.035


Tree=57
num_leaves=15
num_cat=0
split_feature=10 3 11 23 21 24 10 9 10 23 24 20 17 21
split_gain=92.8589 62.3066 100.993 64.1068 51.4895 44.0879 42.5769 34.9136 34.0447 31.2176 31.0637 32.9374 30.5995 30.0037
threshold=0.19944858551025393 0.099505443125963225 0.26112449169158941 0.22513678669929507 0.024009003303945068 0.037889750674366958 0.34937518835067755 1.6133269071578982 0.51990038156509411 0.15924271941185 0.039040250703692443 -0.087301429361104951 0.11229864135384561 0.17091248184442523
decision_type=2 2 2 2 2 2 2 2 2 2 2 2 2 2
left_child=9 2 10 4 5 -3 -5 8 -4 -1 11 -2 -9 -6
right_child=1 3 7 6 13 -7 -8 12 -10 -11 -12 -13 -14 -15
leaf_value=-0.0052795146087744067 0.006216531224571358 0.0047703867749858157 -0.00061775854972289464 -0.015151261429121335 0.00012278848646450421 0.013762057304785308 -0.00036174334961148124 0.0082772902681203624 0.0038146767752166204 -0.016997500313738281 0.0029422040063978214 -0.0063460767865101174 -0.015422359874025992 0.013494293216045386
leaf_weight=861.39700394868851 263.22315507382154 3129.4711522087455 3889.4935368523002 339.84108643233776 3382.9165688604116 847.54616321623325 750.51038160920143 82.218047372996807 4656.8766369968653 412.60882924869657 572.43246422708035 4518.2058959305286 253.55054159462452 208.87835422903299
leaf_count=8936 2202 18835 25883 3363 24197 5368 4915 564 28911 5584 5079 42906 1858 1399
internal_value=-1.832e-05 0.000495124 -0.000928807 0.00283449 0.00397797 0.00671632 -0.00506715 0.0013599 0.00179909 -0.00917741 -0.00472126 -0.00564296 -0.00954759 0.000935706
internal_weight=24169.2 22895.2 14236 8659.16 7568.81 3977.02 1090.35 8882.14 8546.37 1274.01 5353.86 4781.43 335.769 3591.79
internal_count=180000 165480 107403 58077 49799 24203 8278 57216 54794 14520 50187 45108 2422 25596
is_linear=0
shrinkage=0.035


Tree=58
num_leaves=15
num_cat=0
split_feature=17 3 17 4 23 12 23 16 11 3 15 23 24 22
split_gain=86.975 59.2327 56.3991 39.6162 46.7636 36.2396 32.6957 32.4957 27.52 39.7117 34.7871 28.2663 26.5546 30.4045
threshold=0.018077856861054901 0.42606313526630407 0.030881993472576145 -0.0020986936287954445 0.22513678669929507 1.2603251934051516 0.12767940759658816 1.0860292911529543 0.43831713497638708 1.4699995517730715 18.419822692871097 0.24243597686290744 0.0358814224600792 0.46367530524730688
decision_type=2 2 2 2 2 2 2 2 2 2 2 2 2 2
left_child=6 2 3 7 -5 -4 -1 -2 9 11 -11 -3 -8 -14
right_child=1 8 5 4 -6 -7 12 -9 -10 10 -12 -13 13 -15
leaf_value=-0.00016885286462655459 0.0021508503155182315 0.0054710618148081534 0.0024588194118484235 -0.0029547496743354386 -0.012474065161724293 -0.0031273064992208177 -0.015384101094683425 -0.005230847850825864 -0.0019455561874591931 0.0099291525085632437 0.036032196474331847 -0.0098737467665205702 -0.017753668700772805 -0.0023495182056667428
leaf_weight=649.75241523981094 2794.014877229929 2634.1006238386035 8569.5794696137309 3476.2010551914573 765.82362788170576 1696.5227663815022 580.07732282206416 977.96064362674952 638.36204696446657 235.92875410616398 81.955792769789696 146.73334080725908 192.10145572200418 721.26059160381556
leaf_count=5289 23315 14999 54249 30678 7681 11181 7327 8426 3575 1219 417 1028 2480 8136
internal_value=-1.81886e-05 0.000638109 -0.000183518 -0.00238228 -0.00469859 0.00153354 -0.00673204 0.000228226 0.0046469 0.00600689 0.0175526 0.0046289 -0.00956737 -0.00574656
internal_weight=24160.4 22017.2 18280.1 8014 4242.02 10266.1 2143.19 3771.98 3737.08 3098.72 317.885 2780.83 1493.44 913.362
internal_count=180000 156768 135530 70100 38359 65430 23232 31741 21238 17663 1636 16027 17943 10616
is_linear=0
shrinkage=0.035


Tree=59
num_leaves=15
num_cat=0
split_feature=10 20 23 20 3 24 9 15 3 17 22 3 21 15
split_gain=84.3663 59.9471 68.0796 53.4806 51.7835 49.0083 46.7273 40.9605 39.4369 38.7528 48.7284 45.8395 40.2466 33.5593
threshold=0.20758225023746493 0.026058134622871879 0.1535952687263489 -0.098063450306653963 -0.048833318054676049 0.0358814224600792 0.26131536066532141 16.268366813659672 0.42606313526630407 0.033656440675258643 0.46367530524730688 -0.11132419854402541 -0.069101542234420762 19.169311523437504
decision_type=2 2 2 2 2 2 2 2 2 2 2 2 2 2
left_child=7 2 4 -4 5 -2 -5 -1 -9 10 12 -12 -3 -10
right_child=1 9 3 6 -6 -7 -8 8 13 -11 11 -13 -14 -15
leaf_value=-0.023562071895094929 -0.0061170620060270638 -0.00029154758596135118 0.01125491512070269 -0.0067381057664749923 0.0075139466175676364 0.0064142230851418815 0.00051792152738268089 -0.0078023179551170068 0.022030732495731311 0.00059492034932081867 -0.0096641601685499966 0.00061191765511051089 -0.014507979044911107 -0.012787704109040036
leaf_weight=172.18007750436664 804.58746674656868 346.04606212675571 492.92313769459724 1247.1660400852561 3468.8181409314275 710.43628978729248 8033.6683649644256 1228.3110599517822 96.635676667094231 3798.9818059951067 690.85641943663359 2199.7800366133451 820.12598633021116 41.891594596207142
leaf_count=2174 5454 3167 3278 12544 21492 4875 54261 14310 633 24616 6170 18758 7961 307
internal_value=-1.8107e-05 0.000522956 0.00183735 0.000138539 0.00516192 -0.00023727 -0.000463352 -0.00792021 -0.00579299 -0.00194541 -0.00431991 -0.0018689 -0.0103278 0.0113493
internal_weight=24152.4 22613.4 14757.6 9773.76 4983.84 1515.02 9280.83 1539.02 1366.84 7855.79 4056.81 2890.64 1166.17 138.527
internal_count=180000 162576 101904 70083 31821 10329 66805 17424 15250 60672 36056 24928 11128 940
is_linear=0
shrinkage=0.035


Tree=60
num_leaves=15
num_cat=0
split_feature=9 20 12 22 20 24 3 17 22 3 21 24 22 21
split_gain=80.1237 54.7657 48.939 46.8383 84.3421 47.7692 36.1494 35.9013 35.5449 37.4692 35.1544 22.8617 19.8334 30.1381
threshold=0.18943239748477939 0.026058134622871879 1.2603251934051516 0.55062827467918407 -0.028148042969405648 0.0358814224600792 0.21134831756353381 0.033656440675258643 0.46367530524730688 -0.11132419854402541 -0.069101542234420762 0.033361051231622703 0.55062827467918407 0.017566511407494548
decision_type=2 2 2 2 2 2 2 2 2 2 2 2 2 2
left_child=6 2 3 4 -2 -5 12 8 10 -10 -3 -9 -1 -14
right_child=1 7 -4 5 -6 -7 -8 11 9 -11 -12 -13 13 -15
leaf_value=-0.014473678950164305 0.003469969334218117 -0.00021293426797992741 -0.0033360528201159334 -0.0054345616189606684 -0.0037374327735018513 0.0084798479716104505 -0.00052210944229321441 -0.0088249671620487212 -0.0092123852043048335 0.00027406387619852623 -0.013644352918567011 0.0013560632129304357 0.013434646467891696 -0.0089757677217623521
leaf_weight=687.99882527813315 7284.8341208137572 346.36110366135836 1947.6739315465093 339.76675633341074 2725.3382194042206 2346.1388711743057 677.11252466589212 282.63476096093655 666.39938084036112 2071.5418053492904 760.33838698640466 3517.4127796962857 79.813386932015419 411.13217291235924
leaf_count=8609 48437 3179 13464 2712 20069 16464 5600 1864 5949 17492 7292 22750 771 5348
internal_value=-1.83643e-05 0.000564665 0.00181781 0.00261045 0.00150593 0.00670605 -0.00698517 -0.00183502 -0.00421503 -0.00206001 -0.0094803 0.000577658 -0.0106615 -0.00513703
internal_weight=24144.5 22288.4 14643.8 12696.1 10010.2 2685.91 1856.06 7644.69 3844.64 2737.94 1106.7 3800.05 1178.94 490.946
internal_count=180000 159672 101146 87682 68506 19176 20328 58526 33912 23441 10471 24614 14728 6119
is_linear=0
shrinkage=0.035


Tree=61
num_leaves=15
num_cat=0
split_feature=10 23 20 21 24 10 24 21 22 3 24 22 23 17
split_gain=76.9949 52.6938 60.9735 89.4568 65.1607 71.2458 42.7251 42.6843 42.3933 32.0939 36.7009 35.1975 29.3795 26.2642
threshold=0.19944858551025393 0.13140495866537097 -0.042127339169383042 0.024009003303945068 0.039040250703692443 0.34305566549301153 0.037328952923417098 0.087774533778429045 0.6037518084049226 -0.098511517047882066 0.040403148159384734 0.52009707689285289 0.15924271941185 0.012400826904922726
decision_type=2 2 2 2 2 2 2 2 2 2 2 2 2 2
left_child=12 7 3 6 5 -4 -3 9 -6 11 -11 -2 13 -1
right_child=1 2 4 -5 8 -7 -8 -9 -10 10 -12 -13 -14 -15
leaf_value=-0.019972328307746656 -0.0067640166636749001 0.0056033141711613731 -0.0066945339209741831 -0.0093457445109390996 0.0079835959508173342 -0.00075430816045367853 -0.0090451185270366205 -0.0070617154277223121 -0.0029774549036672964 0.0079738332637543721 -0.0078209478401794694 0.006472563325752796 -0.016182063324993754 -0.0021856376854680359
leaf_weight=108.58502695336938 504.25953031331301 4099.1033540666103 3527.57736299932 622.92751630395651 1298.5805806294084 8232.0659484267235 250.48777592927217 381.79235573858023 638.97852274030447 2688.9885118380189 185.31231668591499 461.96131015568972 398.96534061431885 739.13919692859054
leaf_count=1240 3296 27182 35344 4848 9445 55374 1746 3054 4831 16088 1208 3064 5584 7696
internal_value=-1.87024e-05 0.000444154 -0.000355002 0.00296101 -0.0015601 -0.00254039 0.00474092 0.00397026 0.00437207 0.00508245 0.00693192 -0.00043398 -0.00845369 -0.00467023
internal_weight=24138.7 22892 18669.7 4972.52 13697.2 11759.6 4349.59 4222.31 1937.56 3840.52 2874.3 966.221 1246.69 847.724
internal_count=180000 165480 138770 33776 104994 90718 28928 26710 14276 23656 17296 6360 14520 8936
is_linear=0
shrinkage=0.035


Tree=62
num_leaves=15
num_cat=0
split_feature=10 3 15 10 7 2 22 22 8 16 24 8 8 3
split_gain=73.4499 96.4751 63.4426 43.4885 46.3269 47.2773 41.9828 35.1683 35.2802 34.1102 31.4458 37.3998 30.2961 28.413
threshold=0.30098146200180059 0.1754020303487778 20.783766746521 1.4792042970657351 -0.43239645659923548 0.71704462170600902 0.30037069320678716 0.22501113265752795 -0.031093680299818512 1.0403043627738955 0.039040250703692443 -0.23787882179021833 -0.72859495878219593 -1.0000000180025095e-35
decision_type=2 2 2 2 2 2 2 2 2 2 2 2 2 2
left_child=1 10 3 4 -2 -6 -4 -3 -9 -8 11 -1 -5 -14
right_child=2 7 6 12 5 -7 9 8 -10 -11 -12 -13 13 -15
leaf_value=4.4755211399384374e-05 0.010009421792915916 -0.021009386892526388 -0.0056467565885792107 -0.020159175411819552 0.00034295213631640997 0.0089672054295089204 0.038417092806085525 0.0057396010895372782 -0.0026946541813128583 0.010056844947754886 0.002049450469786203 -0.009498072116811215 0.0092315347902302263 -0.014962346007717514
leaf_weight=610.99844551458955 684.93032501637936 69.436627402901649 70.779092438519001 188.76292618364096 15381.790087759495 810.23718091100454 102.40961372107267 1641.2211909666657 953.64065812528133 114.71290800720453 443.27572331950068 2836.3448325581849 127.47100023180246 94.872884429991245
leaf_count=5972 4042 710 451 1366 102940 4576 566 11964 7730 652 4722 32782 928 599
internal_value=-1.9344e-05 -0.00317845 0.00115998 0.000883495 0.00116005 0.000779772 0.0171752 0.00194883 0.00264147 0.024536 -0.00668561 -0.00781149 -0.0102277 -0.00129152
internal_weight=24130.9 6554.92 17576 17288.1 16877 16192 287.902 2664.3 2594.86 217.123 3890.62 3447.34 411.107 222.344
internal_count=180000 63880 116120 114451 111558 107516 1669 20404 19694 1218 43476 38754 2893 1527
is_linear=0
shrinkage=0.035


Tree=63
num_leaves=15
num_cat=0
split_feature=10 3 8 23 15 21 24 10 10 24 16 15 15 23
split_gain=71.5375 54.6303 99.1922 63.5024 52.9653 43.6242 56.4171 42.7644 42.1525 39.1559 36.7381 35.3327 34.8975 34.0694
threshold=0.1815648749470711 0.086039271205663695 -0.24733611196279523 0.22513678669929507 20.783766746521 0.017566511407494548 0.037889750674366958 0.30645719170570379 0.30098146200180059 0.035484667867422111 1.9035639166831972 17.269370079040531 17.081370353698734 0.13140495866537097
decision_type=2 2 2 2 2 2 2 2 2 2 2 2 2 2
left_child=11 2 4 5 10 6 -3 -4 -5 -7 -2 -1 -10 -9
right_child=1 3 7 8 -6 9 -8 13 12 -11 -12 -13 -14 -15
leaf_value=-0.02464194082170278 0.0012731650296260129 0.0040181249885643203 -0.0084220945626516854 -0.017781374408002624 0.023738064070910135 -0.0043998392913800633 0.014459486803058134 0.0077030738164413828 0.0059773540833187155 0.003132768902665662 -0.012570677589740273 -0.0063687120206538132 -0.0077231132891654505 -0.0034828253940750883
leaf_weight=163.76371406763792 8482.1314465068281 3305.9285551607609 2295.4740846157074 246.70323437824845 116.12818321585655 1189.5049961805344 778.8580589145422 372.35671443492174 398.33144774287939 2854.974538564682 231.54386252164841 558.12672822922468 505.75964277982712 2624.1040858328342
leaf_count=2097 56891 20190 25629 2749 698 9046 4909 2461 2681 20393 1691 6615 3541 20409
internal_value=-1.88688e-05 0.000317991 -0.00105268 0.00240267 0.0012183 0.00349269 0.00603946 -0.00483705 -0.00526111 0.000911997 0.000891312 -0.0107941 -0.0016875 -0.00207181
internal_weight=24123.7 23401.8 14121.7 9280.06 8829.8 8129.27 4084.79 5291.93 1150.79 4044.48 8713.68 721.89 904.091 2996.46
internal_count=180000 171288 107779 63509 59280 54538 25099 48499 8971 29439 58582 8712 6222 22870
is_linear=0
shrinkage=0.035


Tree=64
num_leaves=15
num_cat=0
split_feature=10 3 10 15 20 20 20 24 15 15 21 21 5 17
split_gain=67.3678 50.9822 91.9705 43.8311 38.4006 37.9834 63.3958 76.6089 35.0284 34.1731 33.4346 31.3851 28.8075 28.585
threshold=0.1815648749470711 0.060330107808113105 0.38727222383022314 20.783766746521 -0.087301429361104951 0.022132160142064098 0.059742288663983352 0.037889750674366958 18.16867828369141 17.269370079040531 0.10473833978176118 1.0000000180025095e-35 0.064981337636709227 0.026076240465044979
decision_type=2 2 2 2 2 2 2 2 2 2 2 2 2 2
left_child=9 2 4 -4 11 10 8 -8 -7 -1 -3 -2 -12 -6
right_child=1 5 3 -5 13 6 7 -9 -10 -11 12 -13 -14 -15
leaf_value=-0.02428732307391604 0.017535519561488855 0.0030167885180763625 0.00087660661515917635 0.02236506531247312 -0.0076936085813705838 -0.0014462318025220157 -0.0072567837573805178 0.01061075835391276 -0.01115480024387795 -0.006180800625955149 0.019592419190283795 -0.0051084259645067355 0.0035499286839681338 -0.0022252927288132006
leaf_weight=160.54274052754045 157.62004667893052 5890.9878427386284 8248.0937012955546 107.97241795063019 2905.1923907957971 1412.211321040988 417.33443254977465 940.20567577704787 664.4000732973218 555.32145232334733 282.29366157203913 129.19346141815186 268.42041777819395 1975.5062915086746
leaf_count=2097 1219 38908 52851 578 30977 10473 3171 6823 5304 6615 2104 1090 1850 15940
internal_value=-1.89931e-05 0.000306627 -0.00108921 0.00118067 -0.00475488 0.00221719 -0.000754414 0.00510503 -0.00459101 -0.0105201 0.00380011 0.00750722 0.011976 -0.00548933
internal_weight=24115.3 23399.4 13523.6 8356.07 5167.51 9875.85 3434.15 1357.54 2076.61 715.864 6441.7 286.814 550.714 4880.7
internal_count=180000 171288 102655 53429 49226 68633 25771 9994 15777 8712 42862 2309 3954 46917
is_linear=0
shrinkage=0.035


Tree=65
num_leaves=15
num_cat=0
split_feature=10 3 10 4 22 24 8 20 2 20 15 15 10 2
split_gain=63.4388 47.9028 46.9338 45.7849 46.8326 85.5846 60.6346 42.6783 33.9587 41.3417 33.0377 32.1957 28.6835 21.1079
threshold=0.1815648749470711 0.67827665805816661 0.75348651409149181 -0.015606367029249666 0.43019491434097296 0.0358814224600792 -0.12469887733459471 0.04162253066897393 0.71704462170600902 -0.028148042969405648 17.269370079040531 19.694011688232425 0.43307663500308996 0.098580352962017073
decision_type=2 2 2 2 2 2 2 2 2 2 2 2 2 2
left_child=10 3 8 7 6 -6 -5 11 12 -10 -1 -2 -3 -12
right_child=1 2 -4 4 5 -7 -8 -9 9 -11 13 -13 -14 -15
leaf_value=-0.023933895433833653 0.0020850731879251908 0.010493333574913319 -0.0051370429574994301 -0.0016087539749883009 -0.0048442454198766687 0.003001149884658022 -0.0097791193065536186 -0.0051204401168991808 0.034710515325370388 0.0082914535112489311 -0.01239757233423245 0.011450223171427791 0.00036769061120312007 0.001144195067634624
leaf_weight=157.41482910886407 7022.9101837873459 676.6126691326499 413.55793996155262 3795.3527011573315 2602.2644873894751 4885.546816341579 1567.2915167175233 958.59791256114841 108.4321337044239 210.8147813975811 287.55917293578386 471.3361872844398 685.72488386183977 265.04944226890802
leaf_count=2097 48587 3691 2284 27690 21499 37824 13714 7293 512 1140 3720 3349 3705 2895
internal_value=-1.85472e-05 0.000296212 0.00533292 -0.000201409 -0.00151694 0.000271789 -0.00401039 0.00179796 0.00792298 0.0180464 -0.0102513 0.00268855 0.00543647 -0.0059976
internal_weight=24108.5 23398.4 2095.14 21303.3 12850.5 7487.81 5362.64 8452.84 1681.58 319.247 710.023 7494.25 1362.34 552.609
internal_count=180000 171288 11332 159956 100727 59323 41404 59229 9048 1652 8712 51936 7396 6615
is_linear=0
shrinkage=0.035


Tree=66
num_leaves=15
num_cat=0
split_feature=9 23 5 23 24 24 21 22 24 6 15 7 23 15
split_gain=61.7054 48.0549 49.7093 62.7968 75.4454 42.0208 38.8022 37.5657 73.0056 51.3171 33.0965 31.1152 35.5245 34.3681
threshold=0.18943239748477939 0.13140495866537097 -0.050209868699312203 0.2665951550006867 0.036445425823330886 0.036480240523815162 0.087774533778429045 0.35748532414436346 0.036860829219222076 -0.30851861834526056 16.141342163085941 -0.1696100980043411 0.12354279309511186 19.281029701232914
decision_type=2 2 2 2 2 2 2 2 2 2 2 2 2 2
left_child=10 6 7 4 -4 -5 11 8 -3 -9 -1 13 -13 -2
right_child=1 2 3 5 -6 -7 -8 9 -10 -11 -12 12 -14 -15
leaf_value=-0.019761833521822689 -0.0018149577657941244 0.0074564381521738136 -0.0036272443052290711 0.00039510487691878673 0.0022106933272821694 -0.012378654482330845 -0.0069267436412366965 0.008803996925399557 -0.0059195351859228197 -0.0030728768650180867 -0.0045307257036726065 0.0038875734306001255 0.012397653047796157 0.019032999763110941
leaf_weight=187.72214948013425 1025.5567423328757 2602.9271779470146 5271.6757226698101 459.54729755595326 5563.657918728888 992.05292286351323 358.48394050449133 549.0045789629221 610.1452960819006 2188.4654994644225 1627.172548674047 1604.7618631273508 964.82706329226494 96.860444761812687
leaf_count=2329 5994 16769 40451 3460 42141 8356 2836 3516 4379 15223 17999 9896 6113 538
internal_value=-1.81097e-05 0.000488307 -0.00027822 -0.00154956 -0.000630343 -0.0083597 0.00393181 0.00234509 0.00490593 -0.000667574 -0.0062058 0.00500201 0.0071186 0.000136331
internal_weight=24102.9 22288 18237.5 12286.9 10835.3 1451.6 4050.49 5950.54 3213.07 2737.47 1814.89 3692.01 2569.59 1122.42
internal_count=180000 159672 134295 94408 82592 11816 25377 39887 21148 18739 20328 22541 16009 6532
is_linear=0
shrinkage=0.035


Tree=67
num_leaves=15
num_cat=0
split_feature=17 23 24 8 24 1 24 15 3 20 24 21 3 23
split_gain=59.1639 47.0111 74.479 85.0599 47.948 36.1976 34.9695 93.9623 51.1185 49.2229 48.8973 52.3699 32.6 28.2201
threshold=0.018077856861054901 0.17072987556457522 0.039040250703692443 -0.29997739195823664 0.036860829219222076 0.2348824739456177 0.0358814224600792 19.402580261230472 0.79802337288856517 -0.026840765029191967 0.039191044867038734 -0.047561954706907265 -0.098511517047882066 0.12767940759658816
decision_type=2 2 2 2 2 2 2 2 2 2 2 2 2 2
left_child=13 6 3 4 -3 -5 7 8 -2 -9 11 -8 -4 -1
right_child=1 2 12 5 -6 -7 10 9 -10 -11 -12 -13 -14 -15
leaf_value=0.0004675616119208429 -0.0020961667514938919 0.0038552118155849757 -0.00020951555623436999 -0.0060117774668518378 -0.0034014854138995393 0.0012583869894232857 -0.0048473767983276909 0.024609252498464216 0.010569302079533343 0.0016129564601919267 -0.0043330321369340254 0.0077483052796218964 0.010603295528978545 -0.0083526680324618151
leaf_weight=639.55176267772913 4477.2996320165694 3340.7972305603325 547.90291506052017 4867.2744746431708 1662.8289215192199 1009.4707647413015 454.66717900335789 272.47462814673781 417.63506670296192 193.6946586817503 624.85294380038977 3255.2041649706662 895.32146002352238 1438.3982212617993
leaf_count=5289 31744 20997 3920 41454 11375 7093 2913 1674 2106 1560 4367 21155 6410 17943
internal_value=-1.79112e-05 0.000515787 -0.000918448 -0.00191089 0.00144166 -0.00476294 0.0023378 0.000445666 -0.000996206 0.0152888 0.00467154 0.00619575 0.00652515 -0.00564874
internal_weight=24097.4 22019.4 12323.6 10880.4 5003.63 5876.75 9695.83 5361.1 4894.93 466.169 4334.72 3709.87 1443.22 2077.95
internal_count=180000 156768 91249 80919 32372 48547 65519 37084 33850 3234 28435 24068 10330 23232
is_linear=0
shrinkage=0.035


Tree=68
num_leaves=15
num_cat=0
split_feature=10 15 20 22 20 24 15 3 21 20 22 15 3 3
split_gain=56.975 46.3114 44.4567 45.6889 80.1315 46.1699 37.1299 33.8082 33.4267 43.0584 33.2236 31.4873 29.5023 29.0898
threshold=0.20758225023746493 20.783766746521 0.026058134622871879 0.55062827467918407 -0.028148042969405648 0.0358814224600792 16.268366813659672 0.42606313526630407 0.089740335941314711 0.070513486862182631 0.30037069320678716 19.169311523437504 -0.15173670649528501 0.67827665805816661
decision_type=2 2 2 2 2 2 2 2 2 2 2 2 2 2
left_child=6 2 3 4 -2 -5 -1 -8 9 -4 -3 -9 -12 -10
right_child=1 10 8 5 -6 -7 7 11 13 -11 12 -13 -14 -15
leaf_value=-0.022129889662920243 0.0021271817545789025 -0.0070075269175356759 -0.0023862489293063512 -0.0063971990213164678 -0.0044213627337430159 0.0066235857394439509 -0.0065563778178332815 0.021434959012618368 -0.0069270732471152733 0.0045475771799802379 0.035702322334014748 -0.012404635031468164 0.010488749188755973 0.0070827311387982195
leaf_weight=158.91250907257199 8260.1598618067801 79.765171159058809 4026.3991485647857 370.94255980104208 3155.0882310681045 2775.2293510884047 1185.2934486791492 97.271939635276794 1951.1319021955132 1496.7027757167816 73.319113627076149 41.310567609965801 226.007304482162 192.04403852671385
leaf_count=2174 54674 530 31538 2972 23493 19289 14310 633 16271 10784 433 307 1438 1154
internal_value=-1.72356e-05 0.00041989 0.00021025 0.00134574 0.000314928 0.00507299 -0.00663988 -0.00462855 -0.00194546 -0.000502432 0.0123906 0.0111916 0.0176193 -0.00564463
internal_weight=24089.6 22606.8 22227.7 14561.4 11415.2 3146.17 1482.79 1323.88 7666.28 5523.1 379.092 138.583 299.326 2143.18
internal_count=180000 162576 160175 100428 78167 22261 17424 15250 59747 42322 2401 940 1871 17425
is_linear=0
shrinkage=0.035


Tree=69
num_leaves=15
num_cat=0
split_feature=17 3 20 15 9 23 15 23 1 8 15 9 23 24
split_gain=54.9048 68.3976 43.4194 33.3837 31.7123 34.6199 41.7594 33.9879 32.5933 30.1379 30.0657 33.5892 28.7467 28.0417
threshold=0.029691315256059173 0.21134831756353381 -0.098063450306653963 16.39325046539307 1.6133269071578982 0.17072987556457522 19.169311523437504 0.18757276237010959 -0.3029464036226272 -0.81464016437530506 17.73579025268555 0.15662482380867007 0.22513678669929507 0.035735940560698516
decision_type=2 2 2 2 2 2 2 2 2 2 2 2 2 2
left_child=1 2 -1 -3 5 6 -2 -7 -9 -6 11 -4 -5 -8
right_child=4 3 10 12 9 7 13 8 -10 -11 -12 -13 -14 -15
leaf_value=0.015027281082918622 0.0030481596252889239 -0.0057884742554807078 -0.016449329149630414 0.0042773966958695566 -0.021166018617348428 -0.0045556022343155094 0.023107868118181722 0.008497442180482458 0.00054401361317470468 -0.0012540902653475851 -0.0066184110481776045 -0.0011490004141467372 -0.010804734592300446 0.0050541579115264499
leaf_weight=135.67091681063175 4621.3353217244148 555.82737400755286 175.97101468965411 2872.1495433785021 131.6053361594677 1420.968569919467 212.91174058616161 696.61912389844656 5929.2612304389477 275.95439164340496 3438.5605015717447 3249.3148314096034 154.18866315484047 213.504519790411
leaf_count=1218 27334 3768 2453 19721 966 9378 1162 4205 38035 1932 35800 31377 1476 1175
internal_value=-1.66753e-05 -0.0019034 -0.00391454 0.0020263 0.00146227 0.00176383 0.00403296 0.000337175 0.00139175 -0.00803678 -0.00431026 -0.00198064 0.00347592 0.0143914
internal_weight=24083.8 10581.7 6999.52 3582.17 13502.2 13094.6 5047.75 8046.85 6625.88 407.56 6863.85 3425.29 3026.34 426.416
internal_count=180000 95813 70848 24965 84187 81289 29671 51618 42240 2898 69630 33830 21197 2337
is_linear=0
shrinkage=0.035


Tree=70
num_leaves=15
num_cat=0
split_feature=11 3 22 15 22 24 24 10 7 23 22 15 3 24
split_gain=53.1675 68.198 57.5588 44.0461 41.9362 41.3208 40.1892 37.3453 42.8648 33.3345 32.2813 31.1778 30.9394 25.863
threshold=0.17268133163452151 0.38840235769748693 0.40993298590183264 20.413425445556644 0.30037069320678716 0.035735940560698516 0.035484667867422111 1.4792042970657351 -0.43239645659923548 0.16897801309823993 0.46792790293693548 16.45506572723389 -0.098511517047882066 0.034890316426754005
decision_type=2 2 2 2 2 2 2 2 2 2 2 2 2 2
left_child=1 2 -1 7 13 -6 10 8 -2 -8 -4 -3 -10 -5
right_child=3 11 6 4 5 -7 9 -9 12 -11 -12 -13 -14 -15
leaf_value=-0.014197232894264307 0.009193015011124404 -0.012250592627995013 0.0021487907770056181 0.0086757669207930491 0.032729736183817963 0.0083822648965125486 0.0036796182629432175 -0.0099185989616366564 -0.0012520278543377127 -0.0057429204291488609 -0.013879342207463763 0.0074267299672712093 0.0016572433424258497 -0.018690887834977035
leaf_weight=763.29708325490355 690.28182002902031 103.38091043382883 203.11184340715408 76.338549368083477 118.70781748741865 285.7682196944952 1035.321646951139 404.99156678467989 8034.2697577029467 811.37428771704435 595.66074346750975 788.72838147729635 10091.42333695665 74.22755079716444
leaf_count=9206 4022 646 1984 513 730 1801 10032 2879 55997 9620 7060 5011 69970 529
internal_value=-1.65105e-05 -0.00353865 -0.00579087 0.000750883 0.0103825 0.0161452 -0.00332105 0.000467498 0.000696196 -0.000468953 -0.00982753 0.00503593 0.000367721 -0.00513953
internal_weight=24076.9 4300.87 3408.77 19776 555.042 404.476 2645.47 19221 18816 1846.7 798.773 892.109 18125.7 150.566
internal_count=180000 43559 37902 136441 3573 2531 28696 132868 129989 19652 9044 5657 125967 1042
is_linear=0
shrinkage=0.035


Tree=71
num_leaves=15
num_cat=0
split_feature=10 3 8 20 15 10 10 3 11 15 20 24 16 2
split_gain=51.7197 41.226 87.1091 47.9759 38.1048 35.534 31.7192 34.9297 31.786 31.2225 30.0252 20.8767 19.7028 21.8036
threshold=0.1815648749470711 0.060330107808113105 -0.24733611196279523 -0.098063450306653963 19.889597892761234 0.38727222383022314 1.4792042970657351 1.4699995517730715 0.31692631542682653 17.269370079040531 0.022132160142064098 0.039040250703692443 1.0403043627738955 0.098580352962017073
decision_type=2 2 2 2 2 2 2 2 2 2 2 2 2 2
left_child=9 2 3 -2 -5 11 7 10 -9 -1 -3 -4 13 -11
right_child=1 6 5 4 -6 -7 -8 8 -10 12 -12 -13 -14 -15
leaf_value=-0.023049891775059488 0.015177419348662574 0.003132171287653336 -0.0079093833317292091 7.7403600033414737e-05 0.011090535473232096 -0.00034059666749203346 -0.01678194534657575 0.023625639588358491 0.0049035431749051709 -0.0081561447901996684 -0.0010497976703053395 0.00055404193032896232 -0.013520671369912298 0.0092031815477964102
leaf_weight=149.41907981410623 276.09945795685053 6082.7883994840086 2845.6046495698392 8060.8719981573522 394.15516586601734 1499.2241801097989 99.315644219517708 157.18217808008194 353.171925380826 177.80322993919253 3205.5292547047138 406.60788374021649 205.59261893481016 157.85128917172551
leaf_count=2097 1668 40887 29993 54332 2550 10241 627 784 1822 2335 24513 3871 2576 1704
internal_value=-1.62979e-05 0.000264383 -0.000994624 0.00108101 0.000603307 -0.00480302 0.00197861 0.00218568 0.0110129 -0.00938612 0.00168934 -0.00685279 -0.00526432 3.76548e-05
internal_weight=24071.2 23380.6 13482.6 8731.13 8455.03 4751.44 9897.99 9798.67 510.354 690.666 9288.32 3252.21 541.247 335.655
internal_count=180000 171288 102655 58550 56882 44105 68633 68006 2606 8712 65400 33864 6615 4039
is_linear=0
shrinkage=0.035


Tree=72
num_leaves=15
num_cat=0
split_feature=10 23 5 22 9 23 22 6 23 21 15 7 23 15
split_gain=48.7247 42.5956 47.4082 56.1137 70.6067 43.3775 35.3123 48.1901 45.1236 34.7903 30.1004 28.1921 37.2469 28.2807
threshold=0.1815648749470711 0.13140495866537097 -0.050209868699312203 0.43019491434097296 0.26714293658733373 0.14006665349006656 0.35748532414436346 -0.30851861834526056 0.31619535386562353 0.087774533778429045 17.269370079040531 -0.1696100980043411 0.12354279309511186 19.889597892761234
decision_type=2 2 2 2 2 2 2 2 2 2 2 2 2 2
left_child=10 9 6 4 -4 -5 8 -8 -3 11 -1 13 -13 -2
right_child=1 2 3 5 -6 -7 7 -9 -10 -11 -12 12 -14 -15
leaf_value=-0.022699797062840921 -0.0016212212336652954 0.0061796565485775189 -0.012263157989590346 -0.0071330104273943061 -0.0023576965710536374 0.0013528580640440858 0.0083543811450838366 -0.0031101408210305664 -0.0059390417123957075 -0.006584743453305987 -0.0051108913962100936 0.0030091249042856309 0.011177728796456449 0.022835206586599373
leaf_weight=146.61735428869724 1099.5662578269839 2813.1720836907625 1083.1255638711154 823.64885746315122 4593.6697824932635 6417.4549011774361 552.52883905917406 2219.4245308153331 426.16907937824726 386.48252378031611 538.94789070263505 1814.0357087031007 1098.2547835074365 51.114034667611122
leaf_count=2097 6452 18285 12013 6792 32600 51004 3516 15595 2969 3209 6615 11450 7136 267
internal_value=-1.60738e-05 0.000255416 -0.000469326 -0.00166386 -0.00426589 0.000379116 0.00209615 -0.000803121 0.00457194 0.0033328 -0.00914479 0.00429004 0.0061173 -0.000347469
internal_weight=24064.2 23378.6 18929.2 12917.9 5676.8 7241.1 6011.29 2771.95 3239.34 4449.45 685.565 4062.97 2912.29 1150.68
internal_count=180000 171288 142774 102409 44613 57796 40365 19111 21254 28514 8712 25305 18586 6719
is_linear=0
shrinkage=0.035


Tree=73
num_leaves=15
num_cat=0
split_feature=10 3 23 15 10 7 2 22 20 16 8 3 23 8
split_gain=46.9961 68.3913 50.9098 45.1915 35.7974 34.887 37.4301 34.1117 32.1748 30.4888 29.0419 26.7316 26.7033 27.3931
threshold=0.30098146200180059 0.1754020303487778 0.22513678669929507 20.783766746521 1.4792042970657351 -0.43239645659923548 0.71704462170600902 0.30037069320678716 0.022132160142064098 1.0403043627738955 -0.72859495878219593 -1.0000000180025095e-35 0.1535952687263489 -0.21128449589014051
decision_type=2 2 2 2 2 2 2 2 2 2 2 2 2 2
left_child=1 12 8 4 5 -2 -7 -5 -3 -9 -6 -12 -1 -14
right_child=3 2 -4 7 10 6 -8 9 -10 -11 11 -13 13 -15
leaf_value=-0.0017617490664614079 0.0085306264116722583 0.0055170407626217895 -0.018066889792015154 -0.006205305548186971 -0.019365301594813891 0.00020808480134387549 0.0078366935355189821 0.033442513033180639 -0.0029935546208647015 0.0074394398759316778 0.009408755733544584 -0.014191644215371746 -0.0012629989607440733 -0.010008064717450851
leaf_weight=1407.0570665895939 699.07525882124901 1744.6927473433316 140.59512946754694 71.421531639993191 183.86753980815411 15397.313837453723 820.42308405786753 107.185462705791 781.19010796025395 118.55906961113214 127.02567645907402 93.004983946681023 585.24200721457601 1782.1179534643888
leaf_count=14702 4042 12320 1538 451 1366 102940 4576 566 6546 652 928 599 6143 22631
internal_value=-1.606e-05 -0.00257212 0.00171548 0.000919335 0.000682937 0.000931224 0.000598592 0.0142273 0.00288351 0.0206808 -0.00948753 -0.0007502 -0.00559767 -0.00786058
internal_weight=24058.8 6440.9 2666.48 17617.9 17320.7 16916.8 16217.7 297.166 2525.88 225.745 403.898 220.031 3774.42 2367.36
internal_count=180000 63880 20404 116120 114451 111558 107516 1669 18866 1218 2893 1527 43476 28774
is_linear=0
shrinkage=0.035


Tree=74
num_leaves=15
num_cat=0
split_feature=9 23 20 8 20 22 15 24 21 21 22 10 6 10
split_gain=45.7637 40.0309 86.2825 72.0892 67.6001 95.1527 91.5517 82.1109 68.4649 54.4227 51.43 47.7969 37.9283 32.2025
threshold=0.18943239748477939 0.22513678669929507 -0.087301429361104951 -0.2290297523140907 -0.028148042969405648 0.43019491434097296 18.678056716918949 0.0358814224600792 -0.014650785364210604 -0.034622838720679276 0.38233020901679998 0.51990038156509411 0.31296707689762121 0.75348651409149181
decision_type=2 2 2 2 2 2 2 2 2 2 2 2 2 2
left_child=-1 4 13 9 6 10 8 -7 -2 -4 -6 -8 -5 -3
right_child=1 2 3 12 5 7 11 -9 -10 -11 -12 -13 -14 -15
leaf_value=-0.0054101424302673042 0.0056859437890132 0.014570210810275291 0.0030834367072068354 -0.011379502048463047 -0.0027428101576758008 -0.0037236376662488496 0.010055717482493533 0.0034428340714056011 -0.0033746089386627086 -0.0063289990081631872 -0.013755272718496908 0.029528205446858833 0.0056044202956505992 -0.011225261161207773
leaf_weight=1773.7916916273534 2678.7024104371667 448.08178665861487 1929.9469394572079 1484.0738887898624 1468.8320592269301 2780.3448716066778 845.09958939999342 6563.4825859479606 1639.3178288154304 1219.4911190532148 799.52160090953112 185.92682540416718 174.51041991263628 60.610659599304199
leaf_count=20328 16543 3020 13016 13935 10902 22445 5758 46738 10580 8306 5987 959 1142 341
internal_value=-1.58128e-05 0.000415924 -0.00223135 -0.00368771 0.00124657 -0.00025384 0.00449819 0.00130868 0.00224629 -0.000569641 -0.00666769 0.0138171 -0.00956964 0.0113395
internal_weight=24051.7 22277.9 5316.71 4808.02 16961.2 11612.2 5349.05 9343.83 4318.02 3149.44 2268.35 1031.03 1658.58 508.692
internal_count=180000 159672 39760 36399 119912 86072 33840 69183 27123 21322 16889 6717 15077 3361
is_linear=0
shrinkage=0.035


Tree=75
num_leaves=15
num_cat=0
split_feature=10 23 19 21 20 24 10 3 6 24 2 24 24 7
split_gain=44.0385 36.9913 43.6961 41.0412 36.7183 37.6119 32.7443 32.4124 31.7757 31.4119 24.0587 20.6227 16.2164 13.7486
threshold=0.1815648749470711 0.13140495866537097 -0.063806716352701173 0.17091248184442523 -0.087301429361104951 0.039040250703692443 0.46547411382198339 0.012115664780139925 0.12803734093904498 0.040403148159384734 0.098580352962017073 0.037483181804418571 0.035484667867422111 -0.088459189981222139
decision_type=2 2 2 2 2 2 2 2 2 2 2 2 2 2
left_child=10 7 3 6 13 -6 -3 8 12 11 -1 -9 -2 -4
right_child=1 2 4 -5 5 -7 -8 9 -10 -11 -12 -13 -14 -15
leaf_value=-0.014828632543228146 -0.0060893417724799835 -0.0012563668443158337 0.0092429504611900321 0.02039987807183893 -0.0027321086906835694 0.0033501284884600532 0.0039456927019830106 0.0043147316607135252 0.012332192168912457 -0.0090534305034250875 -0.0016380041621864461 0.01118191544327206 0.0014890039865391308 -0.0024832027876906079
leaf_weight=359.20823061466217 778.54175032302737 2738.5555108338594 495.99074640125036 135.10573165118694 10767.45659160614 1399.6354861781001 3211.470616415143 1983.968435484916 184.37234133481979 167.14838350564241 318.09916361048818 737.82086531817913 610.4097857400775 156.80381722003222
leaf_count=5098 5741 22144 3338 1027 84781 10568 19686 12142 1184 1087 3614 4218 4142 1230
internal_value=-1.55334e-05 0.000241201 -0.000435749 0.00200453 -0.00159472 -0.00203026 0.00155331 0.00310376 -0.000935292 0.00529908 -0.00874759 0.0062104 -0.00277201 0.00643131
internal_weight=24044.6 23367.3 18905 6085.13 12819.9 12167.1 5950.03 4462.26 1573.32 2888.94 677.307 2721.79 1388.95 652.795
internal_count=180000 171288 142774 42857 99917 95349 41830 28514 11067 17447 8712 16360 9883 4568
is_linear=0
shrinkage=0.035


Tree=76
num_leaves=15
num_cat=0
split_feature=11 23 3 15 23 4 24 20 21 23 24 23 8 24
split_gain=42.4258 61.7044 53.1197 36.6941 36.9423 30.3129 27.4058 27.1715 81.7383 38.0899 62.8026 34.3539 30.1844 20.5475
threshold=0.17268133163452151 0.22513678669929507 0.035973874852061279 20.413425445556644 0.29939925670623785 -0.015606367029249666 0.0358814224600792 -0.028148042969405648 0.014401994645595552 0.2665951550006867 0.037328952923417098 0.22513678669929507 -0.20280404388904569 0.040403148159384734
decision_type=2 2 2 2 2 2 2 2 2 2 2 2 2 2
left_child=1 2 13 7 -5 -4 -7 8 11 10 -9 -2 -11 -1
right_child=3 -3 5 4 -6 6 -8 9 -10 12 -12 -13 -14 -15
leaf_value=-0.0094149745089562604 0.0061340170969608962 -0.017364303700905897 0.0073044701668899268 0.012420238615106563 -0.015796637793777098 -0.0062435672588062926 0.0018168493820456622 -0.0022668595409964282 -0.005362736046951597 -0.002747221320646925 0.0031388867135711349 0.00070187492706119366 -0.015058292015146475 0.010874057766300006
leaf_weight=1069.4932020902634 3473.5896148830652 335.4809771515429 638.23881619796157 505.63251872360706 55.264426603913307 835.91757612675428 1319.6260744221509 6232.0272749736905 1441.9900331385434 758.84490595012903 4543.0494733825326 2419.603904671967 353.81152339279652 56.688325967639685
leaf_count=13269 20682 4407 5526 3179 394 7988 11715 45822 9711 5695 31205 16381 3372 654
internal_value=-1.48254e-05 -0.00318092 -0.00192597 0.000667456 0.00941207 0.000666681 -0.00132337 0.00040754 0.00208123 -0.000626074 1.31392e-05 0.00390868 -0.00676126 -0.00830697
internal_weight=24039.3 4255.44 3919.96 19783.8 560.897 2793.78 2155.54 19222.9 7335.18 11887.7 10775.1 5893.19 1112.66 1126.18
internal_count=180000 43559 39152 136441 3573 25229 19703 132868 46774 86094 77027 37063 9067 13923
is_linear=0
shrinkage=0.035


Tree=77
num_leaves=15
num_cat=0
split_feature=17 23 10 7 3 21 8 10 23 3 24 22 3 16
split_gain=41.4282 35.3994 33.0515 44.2951 39.3979 28.9242 27.1201 25.5975 29.7305 24.909 22.023 30.9701 19.2101 23.9888
threshold=0.018077856861054901 0.31619535386562353 1.4792042970657351 -0.43239645659923548 0.67827665805816661 -0.17700782418251035 -0.72859495878219593 0.32395564019680029 0.12767940759658816 -1.0000000180025095e-35 0.0358814224600792 0.46367530524730688 0.035973874852061279 0.90627646446228038
decision_type=2 2 2 2 2 2 2 2 2 2 2 2 2 2
left_child=7 2 3 -2 -5 -3 -4 8 12 -8 -10 -12 -1 -14
right_child=1 5 6 4 -6 -7 9 -9 10 -11 11 -13 13 -15
leaf_value=-0.0097128613754590871 0.0098513776016126917 0.0018101990377766286 -0.018898213831647515 7.5367636867742637e-05 0.0052853247372422309 -0.01301093437708941 0.0089677171070021745 0.012661026344712799 -0.014332057974415049 -0.013863378596359971 -0.0182724455270993 -0.001503341823635035 0.013567091520336463 -0.0023203814198555313
leaf_weight=152.74437487870455 641.70067927241325 255.99617764353752 179.09350147843361 18334.08873591572 1959.0280781984329 416.14872266352177 127.631198823452 88.960989825427532 500.64217344298959 91.897081933915615 160.37636065110564 658.71258019283414 187.22135654836893 278.32237632572651
leaf_count=1568 3660 1691 1344 134767 10400 3391 921 744 7076 594 2355 7867 1391 2231
internal_value=-1.51181e-05 0.000426727 0.000677385 0.000869411 0.000580675 -0.0074223 -0.00918191 -0.00479048 -0.00565244 -0.000777247 -0.00860102 -0.0049675 0.000678015 0.00421981
internal_weight=24032.6 22005.6 21333.4 20934.8 20293.1 672.145 398.622 2026.98 1938.02 219.528 1319.73 819.089 618.288 465.544
internal_count=180000 156768 151686 148827 145167 5082 2859 23232 22488 1515 17298 10222 5190 3622
is_linear=0
shrinkage=0.035


Tree=78
num_leaves=15
num_cat=0
split_feature=17 3 10 16 20 23 15 19 8 19 23 15 10 15
split_gain=39.5819 49.6355 37.0784 36.9593 34.8478 29.5914 35.0907 32.5805 26.3638 26.1952 25.3696 24.9439 37.7054 27.4576
threshold=0.029691315256059173 0.1754020303487778 1.4792042970657351 1.0078724622726443 -0.098063450306653963 0.17072987556457522 19.169311523437504 -0.32456603646278376 -0.81464016437530506 0.13651683926582339 0.18757276237010959 17.73579025268555 0.1815648749470711 19.889597892761234
decision_type=2 2 2 2 2 2 2 2 2 2 2 2 2 2
left_child=1 4 5 9 -1 6 -2 -7 -4 -3 -9 12 -6 -13
right_child=2 3 8 -5 11 7 -8 10 -10 -11 -12 13 -14 -15
leaf_value=0.013715424790621478 0.0027471975690884897 0.0064965641246660698 -0.021218240166368484 -0.0023615938940053857 -0.020413737675929879 0.0091218660623502631 0.013081580335267129 -0.0046738428000283692 -0.0025253591540044533 -0.0022589891101505487 0.00062121065097208979 -0.0075013200068818698 -0.00092351510126974538 0.0014514988065579496
leaf_weight=130.95380985736847 4625.3327121436596 1712.7958324104548 133.69408198446035 1770.5476822555065 116.70180198922753 466.37251121550798 432.26351831108332 1335.858589194715 268.122353695333 547.28746373578906 6274.2607702612877 2666.4002029895782 3052.7474810257554 494.19926920905709
leaf_count=1152 27224 12270 1017 13237 1935 2801 2329 8871 1884 3698 40061 28301 29936 5284
internal_value=-1.54205e-05 -0.00162813 0.00123486 0.0014177 -0.00352749 0.00155801 0.00365453 0.000242247 -0.00910914 0.00437576 -0.000313182 -0.00390528 -0.00170311 -0.00610127
internal_weight=24027.5 10491.6 13535.9 4030.63 6461 13134.1 5057.6 8076.49 401.816 2260.08 7610.12 6330.05 3169.45 3160.6
internal_count=180000 95813 84187 29205 66608 81286 29553 51733 2901 15968 48932 65456 31871 33585
is_linear=0
shrinkage=0.035


Tree=79
num_leaves=15
num_cat=0
split_feature=10 20 23 9 21 12 23 24 23 23 24 6 15 10
split_gain=38.5132 35.4747 42.9899 48.3721 48.1385 34.9088 34.5368 30.2045 28.2011 69.8768 64.1752 25.1136 20.7572 14.6927
threshold=0.15326413512229922 0.026058134622871879 0.1535952687263489 0.24422384798526767 0.087774533778429045 1.2603251934051516 0.11503823846578599 0.033361051231622703 0.16193586587905887 0.15924271941185 0.039040250703692443 -0.034876311197876923 18.589396476745609 0.27418796718120581
decision_type=2 2 2 2 2 2 2 2 2 2 2 2 2 2
left_child=12 2 6 4 -4 -5 -2 13 9 -9 -10 -8 -1 -3
right_child=1 7 3 5 -6 -7 11 8 10 -11 -12 -13 -14 -15
leaf_value=-0.024585579695703356 -0.0031061393345635413 -0.017126009964307919 -0.0096583836140684987 0.0015310271384210246 0.010447003278510884 -0.0046072900965590429 0.00089090678546897763 0.00014505741873217535 -0.0038600804476971846 0.021316476598992364 0.0062188014896894161 0.0063571348769621873 -0.0029848148973063873 -0.0055544087657327101
leaf_weight=107.82567150518298 812.63870017230511 170.5702788606286 1029.5876416712999 7566.2152362801135 161.26507990434766 1325.0513573586941 1495.9785960242152 1435.9519685357809 4762.6727898642421 210.29037730395794 914.35505789145827 3318.6568168289959 107.24223839491606 603.05116544291377
leaf_count=1545 5132 2164 12148 51328 1763 9404 10148 10372 39317 1764 6870 22044 1359 4642
internal_value=-1.53647e-05 0.000120822 0.00109063 -0.000277752 -0.00687139 0.000612095 0.00353844 -0.0017598 -0.00105941 0.00296186 -0.00222867 0.00466406 -0.0144257 -0.00829174
internal_weight=24021.4 23806.3 15709.4 10082.1 1190.85 8891.27 5627.27 8096.89 7323.27 1646.24 5677.03 4814.64 215.068 773.621
internal_count=180000 177096 111967 74643 13911 60732 37324 65129 58323 12136 46187 32192 2904 6806
is_linear=0
shrinkage=0.035


Tree=80
num_leaves=15
num_cat=0
split_feature=10 23 20 24 24 20 23 17 22 17 24 24 19 21
split_gain=36.7837 32.5077 39.2652 38.4139 27.6552 26.8627 24.8396 23.3374 34.8608 23.1064 20.4191 18.5357 15.0223 14.9185
threshold=0.19944858551025393 0.31619535386562353 0.026058134622871879 0.032028134912252433 0.037889750674366958 -0.033946592360734933 0.15924271941185 0.033656440675258643 0.46367530524730688 0.012400826904922726 0.038883887231349952 0.033361051231622703 -0.078838583081960664 0.017566511407494548
decision_type=2 2 2 2 2 2 2 2 2 2 2 2 2 2
left_child=6 2 3 -2 -5 -3 9 8 -4 -1 -8 -9 -12 -11
right_child=1 5 7 4 -6 -7 10 11 -10 13 12 -13 -14 -15
leaf_value=-0.017676870093377702 -0.008591305928821848 0.0016133774362036811 -0.0085554143733020394 0.0012894776029648595 0.0057241721196848302 -0.012681289692888677 -0.018429516124724262 -0.0080466600150266958 -0.0012950847613671956 0.0040129062600245315 0.024809279775311825 0.0011941247181350427 -0.0062035847543125081 -0.00616817551785719
leaf_weight=97.573883309960365 428.57101873680949 257.03425962105393 1114.7949649989605 11924.375436488539 2005.7757178768516 412.19700479134917 264.27933236956596 277.58924158662558 2912.8724989332259 410.74917441979051 14.222066231071947 3521.8357895687222 81.097086548805237 293.49287106469274
leaf_count=1240 3218 1697 11267 81298 14285 3381 4233 1865 25718 4109 209 22751 1142 3587
internal_value=-1.55089e-05 0.000294403 0.000525087 0.00161182 0.00193167 -0.00724816 -0.00606461 -0.00146804 -0.00332084 -0.00256849 -0.0135797 0.000499634 0.000339953 -0.000257014
internal_weight=24016.5 22855 22185.8 14358.7 13930.2 669.231 1161.41 7827.09 4027.67 801.816 359.598 3799.43 95.3192 704.242
internal_count=180000 165480 160402 98801 95583 5078 14520 61601 36985 8936 5584 24616 1351 7696
is_linear=0
shrinkage=0.035


Tree=81
num_leaves=15
num_cat=0
split_feature=10 3 22 21 15 15 12 11 1 2 20 22 20 15
split_gain=35.4567 56.878 40.7645 41.5117 38.9218 37.8149 34.44 34.1173 29.814 32.5164 29.7855 29.5032 27.1459 27.0569
threshold=0.30098146200180059 0.38840235769748693 0.55062827467918407 0.041677376255393035 20.783766746521 17.804110527038578 1.2603251934051516 0.10661211609840394 -0.02050760947167873 0.71704462170600902 -0.033946592360734933 0.30037069320678716 -0.028148042969405648 16.141342163085941
decision_type=2 2 2 2 2 2 2 2 2 2 2 2 2 2
left_child=1 2 3 12 6 7 8 -4 10 -10 -2 -6 -1 -3
right_child=4 13 5 -5 11 -7 -8 -9 9 -11 -12 -13 -14 -15
leaf_value=-0.0018610497898383233 0.0057727010988955054 -0.012418576936151945 -0.016689505186675876 -0.015434701785745112 -0.0060017694814619568 -0.0043644600015796267 -0.0034158631872769694 0.0076122116739004179 -0.00096816071354142779 0.0068105995518298263 0.0010656235358831147 0.018986741539176989 -0.0088529572835104493 0.0065860888249383203
leaf_weight=1863.3310301415622 2645.6219726651907 91.564087808132172 67.982792429625988 483.89120022207499 71.015889517962933 964.96143046021461 2290.8806092217565 820.77620932087302 7333.2539338767529 713.12883352488279 4350.4601453542709 229.42053197324276 1067.9207037501037 1018.1404836475849
leaf_count=18376 15387 555 955 5899 451 10775 15051 8278 50408 3998 29607 1218 12752 6290
internal_value=-1.59186e-05 -0.00225007 -0.00376688 -0.00602959 0.000793044 0.000411741 0.000572711 0.00558832 0.00118201 -0.000271153 0.00285134 0.013077 -0.0044298 0.00492107
internal_weight=24012.3 6378.57 5268.86 3415.14 17633.8 1853.72 17333.3 888.759 15042.5 8046.38 6996.08 300.436 2931.25 1109.7
internal_count=180000 63880 57035 37027 116120 20008 114451 9233 99400 54406 44994 1669 31128 6845
is_linear=0
shrinkage=0.035


Tree=82
num_leaves=15
num_cat=0
split_feature=10 20 23 8 21 20 22 15 1 2 15 13 7 3
split_gain=34.4226 30.8891 46.5749 68.4974 55.6865 51.3102 98.8434 69.0756 44.9766 20.5639 20.1696 12.5448 11.4869 9.38688
threshold=0.15326413512229922 -0.098063450306653963 0.22513678669929507 -0.20280404388904569 -0.034622838720679276 -0.028148042969405648 0.43019491434097296 18.678056716918949 0.51339614391326915 -0.26741875708103174 18.589396476745609 0.26461821794509893 -0.088459189981222139 0.086039271205663695
decision_type=2 2 2 2 2 2 2 2 2 2 2 2 2 2
left_child=10 9 5 4 -4 7 -7 -3 -5 -2 -1 -11 -13 -12
right_child=1 2 3 8 -6 6 -8 -9 -10 11 13 12 -14 -15
leaf_value=-0.024021438485793419 0.020609611816544991 0.0015503547942530794 0.0029099230202664014 -0.010564570703253735 -0.0061332967205548544 -0.0069471393199687179 0.00099524010952923691 0.011156636195509509 0.018332869391219482 -0.0082272991412221594 0.011585978986694655 0.01089063273534341 -0.0037176007450730173 -0.0089309911831431579
leaf_weight=104.095562890172 119.81151762604713 4459.430053498596 2270.2096631191671 1440.0188962742686 1305.3524525016546 2351.7575952261686 10240.935844548047 1145.7785715796053 60.251842558383942 70.174560341984034 30.450702678412199 249.43861378356814 82.764393754303455 75.489066299051046
leaf_count=1545 671 28936 15443 14019 9149 18418 79352 7964 378 490 462 1618 658 897
internal_value=-1.59844e-05 0.000111388 -7.92242e-05 -0.00304043 -0.000399439 0.000747944 -0.00049238 0.00353038 -0.00929033 0.00844875 -0.0137959 0.00441578 0.00724888 -0.00254305
internal_weight=24006 23795.9 23273.7 5075.83 3575.56 18197.9 12592.7 5605.21 1500.27 522.189 210.035 402.378 332.203 105.94
internal_count=180000 177096 173659 38989 24592 134670 97770 36900 14397 3437 2904 2766 2276 1359
is_linear=0
shrinkage=0.035


Tree=83
num_leaves=15
num_cat=0
split_feature=9 12 24 20 23 20 21 20 15 24 21 10 17 3
split_gain=34.0131 38.0595 34.5601 39.0876 33.6774 60.7325 48.6392 43.4133 76.7476 54.5188 33.151 29.5586 24.2937 24.082
threshold=0.21509320288896563 1.2603251934051516 0.0358814224600792 -0.023522976785898205 0.22513678669929507 -0.087301429361104951 -0.041194939985871308 -0.028148042969405648 19.694011688232425 0.0358814224600792 -0.050333308055996888 0.75348651409149181 0.021310915239155296 0.42606313526630407
decision_type=2 2 2 2 2 2 2 2 2 2 2 2 2 2
left_child=2 4 3 13 7 11 -7 8 -2 -9 12 -6 -4 -1
right_child=1 -3 10 -5 5 6 -8 9 -10 -11 -12 -13 -14 -15
leaf_value=-0.0051345239443173893 0.0035645036033095457 -0.0032738517485072496 -0.019868843879056918 -0.015467681898534822 0.013484025155919507 0.00043101017871714802 -0.0073201968087283423 -0.0028909323453178387 0.02222365555306198 0.0026073855443889183 0.0016669669579054862 -0.012416163141891911 0.010626059112748937 0.013511535075600026
leaf_weight=687.34898563474417 4013.845932379365 2864.3562684990466 145.85651019960642 494.06969610974193 410.38222942501307 2260.0949283316731 1755.6387941949069 3477.608695294708 280.22685213387012 6017.2767845392227 1420.3234591111541 53.967128098011017 33.454723559319973 86.914049208164215
leaf_count=7406 24372 20047 1817 6903 2659 16762 13574 26589 1580 42175 14995 298 332 491
internal_value=-1.56176e-05 0.00047029 -0.00358535 -0.0078758 0.00105879 -0.00157506 -0.00296751 0.00191507 0.00483099 0.000592642 -0.000155709 0.0102756 -0.0139185 -0.00289584
internal_weight=24001.4 21133.4 2867.97 1268.33 18269 4480.08 4015.73 13789 4294.07 9494.89 1599.63 464.349 179.311 774.263
internal_count=180000 148056 31944 14800 128009 33293 30336 94716 25952 68764 17144 2957 2149 7897
is_linear=0
shrinkage=0.035


Tree=84
num_leaves=15
num_cat=0
split_feature=17 12 16 22 20 24 24 2 24 2 2 23 21 20
split_gain=33.1626 37.5826 35.6208 41.1524 57.0381 48.8569 37.5493 36.157 26.2602 24.8597 24.5506 39.4007 23.8804 22.6399
threshold=0.029691315256059173 1.2843204140663149 0.98435091972351085 0.50805076956748974 -0.028148042969405648 0.0358814224600792 0.039191044867038734 -0.24528443813323972 0.039040250703692443 0.15114486217498782 0.15114486217498782 0.22513678669929507 -0.090231973677873598 0.04162253066897393
decision_type=2 2 2 2 2 2 2 2 2 2 2 2 2 2
left_child=2 13 3 4 9 -5 -7 -6 10 -1 12 -12 -4 -2
right_child=1 -3 8 5 7 6 -8 -9 -10 -11 11 -13 -14 -15
leaf_value=-0.00039704754177925252 0.0027073381203231149 -0.0035292537533492285 2.9343220067140221e-05 -0.0060185653136166986 0.019043076170387103 0.0079048533271239094 -0.0073456683493818885 -0.0089786160142275705 0.0026972133811052519 0.009563653283969931 0.00090959268448472408 -0.019669851587596966 -0.0080923100109558908 -0.00091583251648934521
leaf_weight=1330.9862459823489 8964.5673942863941 1827.3257138952613 548.74788639694452 490.68200209736824 49.872028063982725 1768.3866217881441 214.62114224582911 1257.5426685027778 681.90261974930763 388.65551919490099 1299.0823167487979 114.85519807785749 2300.6539116278291 2757.6203557550907
leaf_count=11365 54087 11840 5267 5235 432 14215 1969 13531 6013 2672 10366 1350 23398 18260
internal_value=-1.53677e-05 0.00112675 -0.00149647 0.00044169 -0.00229185 0.00378248 0.00622571 -0.00777328 -0.00364888 0.00189644 -0.00466784 -0.000888488 -0.00653358 0.00185494
internal_weight=23995.5 13549.5 10446 5500.75 3027.06 2473.69 1983.01 1307.41 4945.24 1719.64 4263.34 1413.94 2849.4 11722.2
internal_count=180000 84187 95813 49419 28000 21419 16184 13963 46394 14037 40381 11716 28665 72347
is_linear=0
shrinkage=0.035


Tree=85
num_leaves=15
num_cat=0
split_feature=11 23 3 15 23 12 4 15 24 1 20 2 0 24
split_gain=32.0534 52.8399 45.5569 30.5321 32.5576 26.7584 25.7391 24.7702 23.5544 22.9798 24.0095 20.6965 18.0533 19.8073
threshold=0.17268133163452151 0.22513678669929507 0.012115664780139925 20.413425445556644 0.29939925670623785 1.2603251934051516 -0.015606367029249666 19.694011688232425 0.0358814224600792 -0.056528162211179726 -0.042127339169383042 0.71704462170600902 0.03116096276789904 0.035735940560698516
decision_type=2 2 2 2 2 2 2 2 2 2 2 2 2 2
left_child=1 2 7 5 12 9 -4 -1 -8 10 -2 -11 13 -5
right_child=3 -3 6 4 -6 -7 8 -9 -10 11 -12 -13 -14 -15
leaf_value=-0.010184180984624168 0.0051147511602951572 -0.016235040662437774 0.0064809030092712961 0.025648797911358323 -0.015318166275563684 -0.0031025775067663442 -0.0057525787007418217 0.0075145687193864273 0.001561787413465684 -0.0006952525574111429 0.00082460996879345574 0.0055061591525089959 0.0036179352785404087 0.0068747524140762495
leaf_weight=852.78284259140491 2496.2055636234581 320.00963943079114 673.67338734865189 146.13294206187129 54.390908524394035 2412.5366700664163 868.89907153695822 101.84775260090828 1387.9410485848784 9186.6406423822045 4423.1356278955936 700.17817820608616 224.37073438614607 140.9460676163435
leaf_count=10709 15309 4407 5947 907 394 16364 8608 1326 12562 66011 31281 3903 1408 864
internal_value=-1.5308e-05 -0.00278656 -0.00164001 0.000574826 0.00851612 0.000336709 0.000529898 -0.00823761 -0.00126725 0.000831973 0.00237746 -0.000250953 0.011296 0.0169731
internal_weight=23989.7 4205.15 3885.14 19784.5 565.841 19218.7 2930.51 954.631 2256.84 16806.2 6919.34 9886.82 511.45 287.079
internal_count=180000 43559 39152 136441 3573 132868 27117 12035 21170 116504 46590 69914 3179 1771
is_linear=0
shrinkage=0.035


Tree=86
num_leaves=15
num_cat=0
split_feature=10 23 20 24 12 21 21 20 10 10 19 11 18 3
split_gain=31.7865 29.8013 33.3927 34.5039 31.5854 28.5592 57.2429 24.2387 20.3516 13.6935 7.52352 7.48699 6.71766 5.26086
threshold=0.15326413512229922 0.31619535386562353 0.026058134622871879 0.032028134912252433 1.3133114576339724 0.035695703700184829 -0.0044158196542412034 -0.033946592360734933 0.30098146200180059 0.29558062553405767 0.21227777749300006 0.093500178307294859 0.025696909055113796 0.023855635896325115
decision_type=2 2 2 2 2 2 2 2 2 2 2 2 2 2
left_child=11 2 3 9 -5 6 -4 -3 -7 -2 -9 -1 13 -13
right_child=1 7 5 4 -6 8 -8 10 -10 -11 -12 12 -14 -15
leaf_value=-0.018378642434859819 -0.020711255252280229 0.0012356906949040122 -0.0022461816161031376 0.0020954804025933036 -0.0035338296719772872 -0.0079193255022465096 0.0067808639458560712 -0.013826831661551471 -0.0021471221315043881 -0.0050873851074354232 0.0019650539891526227 0.0045787265256878465 0.0080601088021483459 -0.016775303381772615
leaf_weight=126.93460347503424 79.341260861605406 259.50788207352161 2699.1530476920307 13299.29844096303 1335.269852142781 980.19355629384518 1251.2101698592305 370.46499461680651 3116.4811845645308 348.95517434179783 38.369184922426939 15.041079819202421 27.358826391398907 37.308394961059093
leaf_count=1784 1013 1712 21953 94362 9134 11742 8623 3114 22811 2320 312 258 374 488
internal_value=-1.48328e-05 0.000106717 0.000318823 0.00129099 0.0015798 -0.00150027 0.000622883 -0.00712406 -0.00354413 -0.00838819 -0.0123332 -0.0133608 -0.00421188 -0.0108895
internal_weight=23984.9 23778.2 23109.9 15062.9 14634.6 8047.04 3950.36 668.342 4096.67 428.296 408.834 206.643 79.7083 52.3495
internal_count=180000 177096 171958 106829 103496 65129 30576 5138 34553 3333 3426 2904 1120 746
is_linear=0
shrinkage=0.035


Tree=87
num_leaves=15
num_cat=0
split_feature=17 10 3 10 6 9 3 15 8 10 3 3 8 12
split_gain=30.7548 28.8591 34.8904 30.6812 27.213 37.637 27.5347 25.1912 24.9995 22.9809 21.6049 20.5286 24.0573 20.1522
threshold=0.018077856861054901 1.4792042970657351 1.4699995517730715 0.59400221705436718 -0.30851861834526056 0.74696844816207897 -0.76041498780250538 18.767875671386722 -0.81464016437530506 0.32395564019680029 0.048132693395018585 0.035973874852061279 -0.031093680299818512 1.5344794988632204
decision_type=2 2 2 2 2 2 2 2 2 2 2 2 2 2
left_child=9 2 4 -4 5 -2 -6 -5 -3 11 13 -1 -13 -10
right_child=1 8 3 7 6 -7 -8 -9 10 -11 -12 12 -14 -15
leaf_value=-0.010357556793582485 0.0088475817882000558 -0.02076007308882857 0.019392600025685405 -0.0027707123038646624 0.024293955878595078 -0.0014061916096690834 -0.00014037363829414297 0.021365686052053998 0.014678095109403178 0.012306307530642841 -0.015404889420856849 0.0015629602420844625 -0.0079742654819827258 -0.0079536782710090213
leaf_weight=592.74191442131996 1010.6033177450299 131.47079287469387 210.50807382166386 250.98778772354126 46.661969318985939 764.63779544830322 19252.546002227813 56.587306246161461 97.73641224950552 89.414643868803978 91.191782034933567 751.76625618711114 555.88984563201666 78.566422186791897
leaf_count=8492 5936 1018 1038 1292 297 4651 140376 276 697 744 590 7874 6122 597
internal_value=-1.54785e-05 0.000362253 0.000536463 0.00942235 0.000313652 0.0044479 -6.87449e-05 0.00220282 -0.00884881 -0.00417112 -0.00245739 -0.00500675 -0.0025211 0.00470705
internal_weight=23981.3 21991.5 21592.5 518.083 21074.4 1775.24 19299.2 307.575 398.965 1989.81 267.495 1900.4 1307.66 176.303
internal_count=180000 156768 153866 2606 151260 10587 140673 1568 2902 23232 1884 22488 13996 1294
is_linear=0
shrinkage=0.035


Tree=88
num_leaves=15
num_cat=0
split_feature=9 23 15 23 15 15 20 2 24 20 6 8 22 17
split_gain=29.221 29.6344 31.3627 30.2767 28.763 28.5026 25.9792 25.4775 24.8142 24.4898 28.4249 23.311 21.6322 18.2707
threshold=0.18943239748477939 0.31619535386562353 20.783766746521 0.30651316046714788 16.141342163085941 16.704549789428714 0.09569913893938066 1.0000000180025095e-35 0.037282371893525131 -0.0050618462264537803 0.16980656236410144 -0.39896588027477259 0.46367530524730688 0.017554472200572494
decision_type=2 2 2 2 2 2 2 2 2 2 2 2 2 2
left_child=4 2 3 6 -1 -3 -2 -5 9 10 -6 -4 -10 -11
right_child=1 5 11 7 8 -7 -8 -9 12 13 -12 -13 -14 -15
leaf_value=-0.017658295967845707 0.00052279495286297476 0.003293900119034859 0.028326112675682424 0.018478015152364847 -0.0054439623564127536 -0.01195231465614424 -0.0048794823866843131 -0.0068951608001873929 -0.015175276600272278 -0.022441518691299022 0.015030860083001987 0.0060491949977793122 0.0052499788201681606 -0.0032603482336874263
leaf_weight=169.8601136431098 19832.609367977828 219.61632575839758 63.426296070218086 185.94381379336119 625.94343965500593 441.74634857103229 1143.88428709656 58.516996003687382 62.412514474242926 156.2358239069581 85.783388897776604 309.33219579234719 520.05374389886856 102.06769132614136
leaf_count=2329 141466 1642 318 1207 6983 3432 9201 424 942 2504 678 1982 5503 1389
internal_value=-1.46103e-05 0.00032607 0.000550973 0.000371697 -0.00439311 -0.00691591 0.000226015 0.0123721 -0.00283803 -0.00624298 -0.00280209 0.0104807 0.00284217 -0.0152662
internal_weight=23977.4 22255.1 21593.7 21221 1722.36 661.363 20976.5 244.461 1552.5 970.03 711.727 372.758 582.466 258.304
internal_count=180000 159672 154598 152298 20328 5074 150667 1631 17999 11554 7661 2300 6445 3893
is_linear=0
shrinkage=0.035


Tree=89
num_leaves=15
num_cat=0
split_feature=10 23 23 15 20 15 6 24 15 20 18 8 11 17
split_gain=28.7628 26.2762 30.0677 28.9789 26.3325 26.009 24.575 20.9325 19.7628 15.1785 14.975 10.4592 7.59315 7.1591
threshold=0.15326413512229922 0.31619535386562353 0.30651316046714788 20.783766746521 0.026058134622871879 16.704549789428714 -0.10043011978268622 0.040403148159384734 18.589396476745609 -0.033946592360734933 -0.067621745169162736 -0.48495002090930933 0.10661211609840394 0.026076240465044979
decision_type=2 2 2 2 2 2 2 2 2 2 2 2 2 2
left_child=8 2 3 4 -2 11 10 -5 -1 -7 -4 -3 -10 -13
right_child=1 5 6 7 -6 9 -8 -9 12 -11 -12 13 -14 -15
leaf_value=-0.023230738417349312 0.00087658806602477579 -0.007107035409865005 0.0036110406810092605 0.011506986794140922 -0.0016329862756382831 -0.0031083883978232649 -0.0010184550563293133 -0.017939602968327431 -0.0060145043886931735 -0.016570969019646699 0.027980122894984558 -0.008010064654748239 0.015409841338925187 0.011316032095381252
leaf_weight=99.10441667214036 14576.063790682703 74.350973151624203 47.594784207642078 375.67899246513844 7883.7371155880392 170.42295802384615 103.7162369787693 23.197635971009731 87.913690876215696 270.46664867550135 99.671320375055075 20.912820111960173 15.646267060190437 125.90305039286613
leaf_count=1545 103618 478 271 2432 64093 1143 781 150 1147 2334 613 255 212 928
internal_value=-1.44712e-05 0.000100127 0.000298397 0.000163457 -4.64601e-06 -0.00672212 0.0121111 0.00939758 -0.012829 -0.0115515 0.0208347 0.00298825 -0.00170568 0.00822793
internal_weight=23974.4 23771.7 23109.7 22858.7 22459.8 662.056 250.982 398.877 202.664 440.89 147.266 221.167 103.56 146.816
internal_count=180000 177096 171958 170293 167711 5138 1665 2582 2904 3477 884 1661 1359 1183
is_linear=0
shrinkage=0.035


Tree=90
num_leaves=15
num_cat=0
split_feature=17 3 23 10 16 20 24 10 10 10 12 8 3 3
split_gain=27.7261 39.8482 39.772 31.8195 31.7975 31.3148 28.5442 27.7874 25.64 24.719 24.1179 23.9289 23.642 23.6161
threshold=0.029691315256059173 0.07278193905949594 0.22513678669929507 1.4792042970657351 1.0078724622726443 -0.098063450306653963 0.0358814224600792 0.16989539563655856 0.30098146200180059 0.28510884940624243 1.2843204140663149 -0.72859495878219593 -1.0000000180025095e-35 1.4699995517730715
decision_type=2 2 2 2 2 2 2 2 2 2 2 2 2 2
left_child=1 5 4 10 6 -1 -3 -6 -4 -7 13 -5 -13 -2
right_child=3 2 8 11 7 9 -8 -9 -10 -11 -12 12 -14 -15
leaf_value=0.014174634508741979 0.0015598634625036941 -3.0393895299143153e-05 -0.016917266007546283 -0.017904330770614259 -0.016853781826039249 -0.0069237594991122843 0.0070376755967944465 -0.00059854014901440232 0.0010284283602084441 -0.0018861883838266196 -0.0026537792092709519 0.0085461942774157484 -0.013636093763625229 0.0095728197675299474
leaf_weight=108.69066315889359 11080.94798181951 1231.3514937609434 236.31790408492088 175.14596258848906 127.51980859413743 2087.713348865509 1611.5244831927121 2052.3915499784052 159.65187636017799 2792.3438264876604 1626.5773769319057 129.96404252946377 91.610206335783005 460.24735473096371
leaf_count=907 68626 9721 3018 1364 1631 26113 12206 16112 1432 24673 10356 936 601 2304
internal_value=-1.43259e-05 -0.00137251 0.000705379 0.001028 0.00155418 -0.00362639 0.00398687 -0.00162205 -0.0098346 -0.00405104 0.00132487 -0.00861605 -0.000817908 0.00188742
internal_weight=23972 10407.5 5418.76 13564.5 5022.79 4988.75 2842.88 2179.91 395.97 4880.06 13167.8 396.72 221.574 11541.2
internal_count=180000 95813 44120 84187 39670 51693 21927 17743 4450 50786 81286 2901 1537 70930
is_linear=0
shrinkage=0.035


Tree=91
num_leaves=15
num_cat=0
split_feature=17 23 21 8 24 16 21 24 23 15 3 15 7 5
split_gain=26.024 26.6687 66.6155 62.3673 56.1903 32.2166 36.1166 26.4001 25.1503 23.955 21.9433 20.7643 21.241 18.6339
threshold=0.018077856861054901 0.22513678669929507 -0.034622838720679276 -0.20280404388904569 0.036860829219222076 0.92238044738769542 0.035695703700184829 0.037889750674366958 0.24243597686290744 20.783766746521 0.29782584309577947 18.419822692871097 -0.17687223851680753 0.014937461353838445
decision_type=2 2 2 2 2 2 2 2 2 2 2 2 2 2
left_child=-1 5 3 4 -3 9 7 -7 -5 13 -8 12 -4 -2
right_child=1 2 11 8 -6 6 10 -9 -10 -11 -12 -13 -14 -15
leaf_value=-0.0038553547135458258 0.0042153129094601033 0.0077324346921785062 -0.010139974891292104 0.0087833863372478449 -0.0032846139092082851 0.00018930331220844157 -0.0038530976853547285 0.0053566743689773232 -0.0089786077386788937 0.021177830360492034 0.0014824688032690464 -0.013659012599202242 -0.0013874122998443973 0.00016059462833430569
leaf_weight=1972.4749196432531 3873.157923001796 1625.3710400424898 570.54444509744644 103.2492092102766 861.13008921593428 4195.3189291246235 3481.1967964023352 1693.171496912837 784.54715707525611 78.093833677470684 1288.1131631657481 449.59999633580446 827.70214949548244 2162.3851841315627
leaf_count=23232 25563 10390 3715 859 6199 27725 28694 11232 7439 417 8124 3733 6908 15770
internal_value=-1.45884e-05 0.000331463 -0.00185044 0.00107699 0.00391911 0.00101154 -0.000150743 0.00168169 -0.00683809 0.00303467 -0.00241196 -0.00717316 -0.00500548 0.00276528
internal_weight=23966.1 21993.6 5222.14 3374.3 2486.5 16771.4 10657.8 5888.49 887.796 6113.64 4769.31 1847.85 1398.25 6035.54
internal_count=180000 156768 39243 24887 16589 117525 75775 38957 8298 41750 36818 14356 10623 41333
is_linear=0
shrinkage=0.035


Tree=92
num_leaves=15
num_cat=0
split_feature=10 3 11 23 24 24 15 15 9 24 8 21 15 14
split_gain=25.9357 24.6706 54.975 32.9672 37.2786 47.2082 37.2216 35.4301 30.525 26.1291 27.8408 25.6098 31.0278 21.5089
threshold=0.15326413512229922 0.07278193905949594 0.26112449169158941 0.22513678669929507 0.040403148159384734 0.037889750674366958 18.334442138671879 18.16867828369141 0.50144925713539135 0.039553942158818252 -0.12469887733459471 -0.10554360598325728 18.958498954772953 0.9919477403163911
decision_type=2 2 2 2 2 2 2 2 2 2 2 2 2 2
left_child=-1 2 9 4 5 -3 8 -6 -5 10 -2 13 -13 -4
right_child=1 3 11 6 7 -7 -8 -9 -10 -11 -12 12 -14 -15
leaf_value=-0.012295024714299616 -0.0026489643777858917 0.0012522262843561193 -0.0072990153098216517 -0.0055783220065414559 0.000200098216688622 0.0074638044919796446 -0.013435080817022884 -0.018447650456262173 0.0079576264850546013 0.004748563503526898 -0.0084634120485103694 0.00082698253351681718 0.0078228634395861446 0.001134131533998374
leaf_weight=198.82689595222473 3237.2056197710335 6262.1577504239976 783.43688691407442 480.51569560542703 330.5928826443851 1962.8090280815959 350.80802848562598 190.30766562372446 339.50230431556702 400.7850010432303 1465.8956080675125 6393.0145606175065 874.54832601547241 690.61774591356516
leaf_count=2904 31425 42528 4985 4258 2316 13426 3223 1412 2128 3777 16645 41263 5442 4268
internal_value=-1.42812e-05 9.36051e-05 -0.000860599 0.00142537 0.00216446 0.00274182 -0.00406709 -0.00683189 5.41606e-05 -0.00374318 -0.00447536 0.000824781 0.00167843 -0.00336693
internal_weight=23961 23762.2 13845.5 9916.69 8745.87 8224.97 1170.83 520.901 820.018 5103.89 4703.1 8741.62 7267.56 1474.05
internal_count=180000 177096 107805 69291 59682 55954 9609 3728 6386 51847 48070 55958 46705 9253
is_linear=0
shrinkage=0.035


Tree=93
num_leaves=15
num_cat=0
split_feature=20 23 8 21 22 20 21 21 24 15 1 15 24 2
split_gain=24.6607 33.9898 56.1032 44.0513 48.1451 41.7113 90.6226 61.0571 55.0273 46.1475 40.9101 36.6356 29.5158 25.3483
threshold=-0.098063450306653963 0.22513678669929507 -0.20280404388904569 -0.034622838720679276 0.2154868766665459 -0.028148042969405648 -0.10063671320676802 -0.0080761348363012058 0.037282371893525131 17.874490737915043 0.51339614391326915 19.53836822509766 0.040051266551017768 -0.066437624394893632
decision_type=2 2 2 2 2 2 2 2 2 2 2 2 2 2
left_child=-1 5 3 4 -3 7 13 9 -8 -2 12 -9 -4 -7
right_child=1 2 10 -5 -6 6 8 11 -10 -11 -12 -13 -14 -15
leaf_value=0.0073775598083961544 0.0025322899938672182 -0.0025763877285776035 -0.011200926994043204 -0.0055072006702342902 0.0075532916279642788 -0.0039118235228129761 -0.0023317391417174193 -0.0041771792448008233 0.0023966221455461209 0.010384096000226429 0.01774505173832883 0.012795845577042641 0.007113266916159878 -0.018453359293961327
leaf_weight=530.38191317021847 2546.252077344805 1126.4987560510635 1295.1885529458523 1287.5095859318972 1155.5131407268345 235.98260133340955 5888.1074959672987 1556.747019611299 6158.0984504111111 1431.2522439658642 60.761853501200676 163.24942464381456 110.83337786793709 409.49191884323955
leaf_count=3454 15887 7614 13156 9160 7849 1660 48354 10881 46262 9820 378 1130 983 3412
internal_value=-1.45889e-05 -0.000185033 -0.0027296 -0.000354865 0.00256342 0.00051296 -0.000604134 0.00299808 8.54127e-05 0.00537661 -0.00846714 -0.00250157 -0.00971722 -0.0132778
internal_weight=23955.9 23425.5 5036.31 3569.52 2282.01 18389.2 12691.7 5697.5 12046.2 3977.5 1466.78 1720 1406.02 645.475
internal_count=180000 176546 39140 24623 15463 137406 99688 37718 94616 25707 14517 12011 14139 5072
is_linear=0
shrinkage=0.035


Tree=94
num_leaves=15
num_cat=0
split_feature=10 15 23 10 3 10 13 17 24 21 15 8 3 12
split_gain=24.7766 32.0583 26.1194 25.5432 29.5186 28.2895 27.0269 35.5437 26.5584 24.8722 23.1804 23.0727 19.7116 18.8391
threshold=0.20758225023746493 16.268366813659672 0.15924271941185 1.4792042970657351 1.4699995517730715 0.59400221705436718 0.53182005882263195 0.033656440675258643 0.033951222896575935 0.087774533778429045 18.767875671386722 -0.81464016437530506 0.048132693395018585 1.5344794988632204
decision_type=2 2 2 2 2 2 2 2 2 2 2 2 2 2
left_child=1 -1 -3 4 6 -6 8 -8 -2 -4 -7 -5 13 -13
right_child=3 2 9 11 5 10 7 -9 -10 -11 -12 12 -14 -15
leaf_value=-0.019831518367954885 0.004194900216493028 0.00071662400052755382 -0.0156031923507754 -0.020060658443749595 0.018071158104751114 -0.0030993075096976152 -0.0031512839262446044 0.0012125185998680002 0.00038868297182669518 0.0036760062633309537 0.01993752434753918 0.014019457610795412 -0.014828187798649676 -0.0078331981271163153
leaf_weight=140.00905612111092 2935.0482956394553 867.67302532121539 275.1200690753758 128.23619799315929 213.08553296327591 252.03867833316326 5121.1874191761017 4116.7775972187519 9467.342587236315 110.42439534142613 57.316105410456657 98.741289459168911 89.823101788759232 78.270634807646275
leaf_count=2174 19640 9391 4293 1019 1038 1292 44765 25819 66843 1566 276 697 590 597
internal_value=-1.41511e-05 -0.00452674 -0.00267344 0.000266439 0.000425441 0.00856695 0.000225023 -0.0012074 0.00129209 -0.0101281 0.00165953 -0.00844358 -0.00233765 0.00445454
internal_weight=23951.1 1393.23 1253.22 22557.9 22162.8 522.44 21640.4 9237.97 12402.4 385.544 309.355 395.071 266.835 177.012
internal_count=180000 17424 15250 162576 159673 2606 157067 70584 86483 5859 1568 2903 1884 1294
is_linear=0
shrinkage=0.035


Tree=95
num_leaves=15
num_cat=0
split_feature=10 12 24 3 10 11 15 11 10 18 23 11 0 3
split_gain=24.2081 23.6788 23.2623 23.724 40.5329 37.9468 19.7074 12.32 24.009 9.65514 23.5471 15.8781 15.6859 14.3016
threshold=0.15326413512229922 1.3133114576339724 0.032028134912252433 0.67827665805816661 0.87674912810325634 0.39036202430725103 17.397848129272464 0.20785751938819888 0.61859694123268139 -0.14552980661392209 0.24243597686290744 0.87362524867057811 0.1623124033212662 -0.31075927615165705
decision_type=2 2 2 2 2 2 2 2 2 2 2 2 2 2
left_child=6 2 7 5 -5 -4 -1 -2 -9 10 -3 12 -11 -12
right_child=1 9 3 4 -6 -7 -8 8 -10 11 13 -13 -14 -15
leaf_value=-0.027550715861489612 -0.018596994234484254 -0.00282737913657452 -0.00060270693470112699 0.0060968834712303551 -0.0091657425861566017 0.0031493023194288407 -0.0041001020934551789 0.0022925954857261283 -0.017679841447764747 -0.0062073031533574794 0.028656734022095426 -0.019589434760023859 0.0015043791932029726 0.00042874471943311459
leaf_weight=57.329499531537294 88.936662834137678 373.65789110586047 15101.731327310205 1731.9715786725283 233.86704303324223 4215.3679230809212 139.02125937491655 220.93270605430007 99.261382438242435 1073.2736259326339 43.273958094418049 74.471564389765263 455.6609705388546 37.962538585066795
leaf_count=1020 1111 2396 123461 9084 1299 25618 1884 1519 602 7846 281 593 3031 255
internal_value=-1.41819e-05 8.94862e-05 0.000430474 0.000591012 0.00424396 0.000217261 -0.0119504 -0.00773557 -0.00424686 -0.00348883 0.000994796 -0.00475914 -0.00391419 0.0169584
internal_weight=23946.7 23750.4 21692.1 21282.9 1965.84 19317.1 196.351 409.131 320.194 2058.3 454.894 1603.41 1528.93 81.2365
internal_count=180000 177096 162694 159462 10383 149079 2904 3232 2121 14402 2932 11470 10877 536
is_linear=0
shrinkage=0.035


Tree=96
num_leaves=15
num_cat=0
split_feature=10 15 3 8 15 23 23 22 24 24 15 3 2 10
split_gain=23.0029 26.3075 23.9709 48.2156 33.2111 32.2265 31.3316 33.5607 30.3461 56.3681 33.3857 30.292 25.9359 24.0159
threshold=0.1815648749470711 17.269370079040531 0.060330107808113105 -0.24733611196279523 19.889597892761234 0.20564330369234088 0.24243597686290744 0.2154868766665459 0.040403148159384734 0.037889750674366958 18.16867828369141 -0.098511517047882066 0.42605350911617285 0.40424020588397985
decision_type=2 2 2 2 2 2 2 2 2 2 2 2 2 2
left_child=1 -1 3 4 11 -6 8 -8 9 -4 -10 -2 -9 -5
right_child=2 -3 6 13 5 -7 7 12 10 -11 -12 -13 -14 -15
leaf_value=-0.020163776614561927 -0.00056788133219870507 -0.0028007016776144906 0.00095010609088854966 -0.0052809679887712612 0.021032068336557387 0.0016384660187470778 0.002226853810542976 -0.016622734137728908 0.0004793834423856934 0.0075846166293609815 -0.017987152490628606 0.0057625419643173165 0.005395246145080153 0.00031182762087849248
leaf_weight=127.06073581427336 7296.4921247065067 506.00473567098379 6607.2938526310027 3301.913366060704 179.03524626046419 240.17444887757301 372.62502700090408 316.32638894766569 330.9118269495666 2048.6899428069592 177.65679195150733 1050.3735554106534 76.824733968824148 1312.0837482139468
leaf_count=2097 48718 6615 44895 35226 1108 1538 2875 2896 2293 13849 1283 7186 542 8879
internal_value=-1.4786e-05 -0.00654496 0.000165291 -0.000801408 0.000723208 0.0102181 0.00146731 -0.00529012 0.0020371 0.0025273 -0.00619394 0.000234684 -0.0122931 -0.00369331
internal_weight=23943.5 633.065 23310.4 13380.1 8766.08 419.21 9930.33 765.776 9164.55 8655.98 508.569 8346.87 393.151 4614
internal_count=180000 8712 171288 102655 58550 2646 68633 6313 62320 58744 3576 55904 3438 44105
is_linear=0
shrinkage=0.035


Tree=97
num_leaves=15
num_cat=0
split_feature=20 23 11 20 22 24 15 22 17 24 10 24 11 2
split_gain=22.4766 31.295 45.6781 38.3154 85.695 71.819 57.0151 54.1724 53.0615 35.4644 44.6906 34.7104 32.5996 17.8453
threshold=-0.098063450306653963 0.22513678669929507 0.2038783133029938 -0.028148042969405648 0.43019491434097296 0.0358814224600792 18.678056716918949 0.38233020901679998 0.024279950186610225 0.036860829219222076 0.67653441429138195 0.036670535802841193 0.35455901920795446 -0.26741875708103174
decision_type=2 2 2 2 2 2 2 2 2 2 2 2 2 2
left_child=13 3 -3 6 7 -6 11 -5 -8 10 -4 -2 -11 -1
right_child=1 2 9 4 5 -7 8 -9 -10 12 -12 -13 -14 -15
leaf_value=0.018164727029730762 -0.00016736933648311164 -0.011172336172065204 0.003269246629134445 -0.0026332193935862608 -0.0038009657600234577 0.002636692369724298 0.0018545755222281535 -0.013759315052702274 0.016599857534964475 -0.011188774894213721 -0.0069586470910637608 0.0087179019926039505 -0.0007019537000221499 0.0033116072220423895
leaf_weight=123.52248729020357 3894.7064760997891 654.75565251708031 2249.1397114060819 1504.5286455713212 2969.3211883530021 7376.3642290532589 570.61328362300992 828.27863612398505 624.543133251369 694.8324277587235 671.24871381372213 614.95138933882117 751.97764420509338 409.506257802248
leaf_count=671 25276 8387 15596 11799 26043 55110 4987 6736 3363 6068 3998 4092 5091 2783
internal_value=-1.47945e-05 -0.000178044 -0.0026238 0.000491151 -0.000580916 0.00078713 0.00287058 -0.00662548 0.0096337 -0.00131956 0.00090265 0.00106086 -0.0057805 0.00702475
internal_weight=23938.3 23405.3 5021.95 18383.3 12678.5 10345.7 5704.81 2332.81 1195.16 4367.2 2920.39 4509.66 1446.81 533.029
internal_count=180000 176546 39140 137406 99688 81153 37718 18535 8350 30753 19594 29368 11159 3454
is_linear=0
shrinkage=0.035


Tree=98
num_leaves=15
num_cat=0
split_feature=10 10 7 23 11 8 21 3 12 15 23 15 12 23
split_gain=22.2186 22.5855 28.5777 27.9182 27.1399 22.1558 21.9445 21.3968 21.6363 18.8179 12.3671 15.9918 9.32712 7.71665
threshold=0.15326413512229922 1.4792042970657351 -0.43239645659923548 0.13140495866537097 0.15648971498012546 -0.72859495878219593 0.087774533778429045 -1.0000000180025095e-35 1.5344794988632204 17.397848129272464 0.31619535386562353 16.959463119506839 1.2603251934051516 0.15863632410764697
decision_type=2 2 2 2 2 2 2 2 2 2 2 2 2 2
left_child=9 2 10 6 -5 -3 -4 8 -7 -1 11 -2 -9 -11
right_child=1 5 3 4 -6 7 -8 12 -10 13 -12 -13 -14 -15
leaf_value=-0.027104747145919768 0.003871506266954124 -0.017210438921845386 0.0032210119588334646 -0.0046548300685468206 -0.00015301264489840915 0.020023820962794946 -0.0055272607060296393 -0.019099886999608743 -0.0068865639728169954 0.0013012265639221049 -0.0064735408638986799 0.015069439804860311 0.0043543679077770337 -0.015860146061451013
leaf_weight=55.101235337555408 391.12418922781944 171.24193699657917 4102.6934725940228 1813.7085376568139 16335.078254453838 71.254835553467274 375.00833525508642 65.989098511636257 59.495199382305145 102.43658453971148 67.739594459533691 261.55081018805504 24.160576075315475 35.882990892976522
leaf_count=1020 2202 1366 25963 21418 119450 488 3289 424 448 1273 413 1458 177 611
internal_value=-1.45615e-05 8.41011e-05 0.000225662 5.69596e-06 -0.00060522 -0.00814002 0.00247766 -0.000667763 0.00815949 -0.0115325 0.0070396 0.00851862 -0.0130069 -0.00391995
internal_weight=23932.5 23739 23346.9 22626.5 18148.8 392.142 4477.7 220.9 130.75 193.421 720.415 652.675 90.1497 138.32
internal_count=180000 177096 174193 170120 140868 2903 29252 1537 936 2904 4073 3660 601 1884
is_linear=0
shrinkage=0.035


Tree=99
num_leaves=15
num_cat=0
split_feature=12 9 24 22 20 21 15 22 1 2 24 16 2 17
split_gain=21.9215 26.3798 28.2576 37.7314 32.2168 21.6749 21.3558 27.084 23.2162 28.9102 23.6955 22.5407 20.6915 20.1053
threshold=1.3133114576339724 0.21509320288896563 0.0358814224600792 0.46367530524730688 -0.023522976785898205 -0.050333308055996888 20.783766746521 0.30037069320678716 -0.02050760947167873 0.71704462170600902 0.033951222896575935 0.96883836388587963 0.15114486217498782 0.021310915239155296
decision_type=2 2 2 2 2 2 2 2 2 2 2 2 2 2
left_child=1 2 4 13 12 -5 8 -8 10 -10 -3 -9 -1 -4
right_child=-2 6 3 5 -6 -7 7 11 9 -11 -12 -13 -14 -15
leaf_value=-0.0057162827524388279 -0.0034569922801153908 0.0051370487893467841 -0.017944315157221405 -0.016176325331363348 -0.013960781492795414 0.003558883976253592 -0.008299539839634636 0.027575621983820534 -0.0010373151554374268 0.0059988361841261575 0.00089379181945777627 0.0059920670034981326 0.0072026116551285064 0.0052418083692504806
leaf_weight=562.09324706345797 2060.6910488046706 2149.0795401260257 177.81814405694604 62.157514791935682 466.06602366268635 1280.2812781892717 73.230297550559044 94.706022620201111 9444.3997647054493 763.96386706084013 6387.6138869561255 153.9561889693141 197.3452714420855 55.524865280836821
leaf_count=6226 14514 13839 2867 516 6893 13024 492 500 69569 4240 44095 926 1638 661
internal_value=-1.50131e-05 0.000310764 -0.00285462 0.000250929 -0.00681752 0.00253225 0.00077707 0.00957839 0.000620906 -0.000505395 0.00196678 0.0149607 -0.00230924 -0.0124384
internal_weight=23928.9 21868.2 2801.29 1575.78 1225.5 1342.44 19066.9 321.893 18745.1 10208.4 8536.69 248.662 759.439 233.343
internal_count=180000 165486 31825 17068 14757 13540 133661 1918 131743 73809 57934 1426 7864 3528
is_linear=0
shrinkage=0.035


Tree=100
num_leaves=15
num_cat=0
split_feature=23 23 15 16 17 23 21 2 21 19 21 3 24 13
split_gain=21.4676 27.0852 24.4401 22.9091 31.9839 28.7397 21.7048 20.6131 20.1424 19.5443 16.1513 15.948 14.2182 11.148
threshold=0.31619535386562353 0.30651316046714788 16.39325046539307 0.92238044738769542 0.019999749027192596 0.22513678669929507 0.035695703700184829 1.0000000180025095e-35 -0.050333308055996888 -0.078838583081960664 -0.17700782418251035 -0.28844989836215967 0.033119259402155883 0.59506523609161388
decision_type=2 2 2 2 2 2 2 2 2 2 2 2 2 2
left_child=1 3 11 5 9 8 -6 13 -1 -5 -4 -2 -7 -3
right_child=2 7 10 4 6 12 -8 -9 -10 -11 -12 -13 -14 -15
leaf_value=-0.00070602881538642367 -0.0072745978332332418 0.020976170111684719 -0.0019873072754009332 0.0040515968374167611 0.00088189362647580051 -0.011020204657087465 -0.0021207216971861199 -0.0061623714415697242 0.0035704760670076312 -0.0065695703585012775 -0.014999329418308312 0.013951298292523572 -0.0014728580993533136 0.0011674793309219323
leaf_weight=1832.4450360275805 65.510795004665852 149.10133526846766 193.215146984905 238.41571200639009 8288.5924738273025 217.01870423182845 4565.0478643663228 58.222647838294506 5074.9685241356492 1564.9701795615256 299.64665617793798 95.264707498252392 1236.2413278855383 46.117137365043163
leaf_count=13208 432 928 1295 3042 56367 1587 34382 431 37153 18056 2641 788 9380 310
internal_value=-1.4763e-05 0.00016218 -0.00622188 3.44492e-05 -0.000799366 0.00149541 -0.000185323 0.0113211 0.0024366 -0.0051508 -0.0100392 0.00538291 -0.00296415 0.0165816
internal_weight=23924.8 23271.1 653.637 23017.7 14657 8360.67 12853.6 253.441 6907.41 1803.39 492.862 160.776 1453.26 195.218
internal_count=180000 174844 5156 173175 111847 61328 90749 1669 50361 21098 3936 1220 10967 1238
is_linear=0
shrinkage=0.035


Tree=101
num_leaves=15
num_cat=0
split_feature=20 23 8 21 22 1 20 21 20 22 20 1 24 23
split_gain=20.5924 28.8393 47.4029 40.023 43.2527 37.3908 35.3974 41.8205 47.7863 37.9657 87.2499 35.0738 28.3239 20.0488
threshold=-0.098063450306653963 0.22513678669929507 -0.20280404388904569 -0.034622838720679276 0.2154868766665459 0.51339614391326915 0.022132160142064098 0.035695703700184829 0.038012521341443069 0.55062827467918407 -0.028148042969405648 0.01978794485330582 0.040051266551017768 0.17830291390419009
decision_type=2 2 2 2 2 2 2 2 2 2 2 2 2 2
left_child=-1 6 3 4 -3 12 9 8 -8 10 -2 -11 -4 -9
right_child=1 2 5 -5 -6 -7 7 13 -10 11 -12 -13 -14 -15
leaf_value=0.006708691368283364 0.0026927841498402632 -0.0024674477876161704 -0.010556035226996874 -0.0052820309938176454 0.0071249014646044134 0.017069573548785348 -0.0037071617870020088 -0.0059767326850212292 0.0052572268167721493 0.0099149754610256199 -0.0055152011405688959 0.0022102912013085801 0.0074337794210121155 -0.0011842765526505438
leaf_weight=535.35827708244324 5717.0569519810379 1123.6995896361768 1270.0640935450792 1280.8730126656592 1162.8451305814087 61.373040877282619 1193.9145404696465 2187.643772944808 1836.8495030365884 1116.5899547599256 2184.3497536070645 2046.8740422837436 110.02857607603073 2094.6815551444888
leaf_count=3454 37718 7614 13156 9160 7849 378 8866 19113 13741 7996 17168 15129 983 17675
internal_value=-1.45311e-05 -0.000171237 -0.00252271 -0.000352033 0.00242062 -0.00785539 0.000470677 -0.00141758 0.00172529 0.00171883 0.000419577 0.00495244 -0.00907863 -0.00364074
internal_weight=23922.2 23386.8 5008.88 3567.42 2286.54 1441.47 18378 7313.09 3030.76 11064.9 7901.41 3163.46 1380.09 4282.33
internal_count=180000 176546 39140 24623 15463 14517 137406 59395 22607 78011 54886 23125 14139 36788
is_linear=0
shrinkage=0.035


Tree=102
num_leaves=15
num_cat=0
split_feature=10 3 10 6 9 22 3 23 10 8 15 3 17 2
split_gain=20.8083 27.2475 25.5203 25.0648 32.102 33.458 26.0631 26.7976 23.3334 21.3178 21.2526 18.1184 16.7739 11.9918
threshold=1.4792042970657351 1.4699995517730715 0.59400221705436718 -0.30851861834526056 0.70239269733428966 0.29079861938953405 -0.76041498780250538 0.13140495866537097 0.46547411382198339 -0.81464016437530506 18.858877182006839 0.048132693395018585 0.11229864135384561 0.71704462170600902
decision_type=2 2 2 2 2 2 2 2 2 2 2 2 2 2
left_child=1 3 13 4 8 -6 -5 -8 -1 -2 -4 12 -11 -3
right_child=9 2 10 6 5 -7 7 -9 -10 11 -12 -13 -14 -15
leaf_value=-0.0020830365849636217 -0.019281833647182417 0.0095288555131873478 -0.0030942940814366162 0.023145666114336095 -0.0085749273356635555 0.0051218799794311267 0.0019779163448634582 -0.0010961244388389636 0.011311793058992426 0.01864687698998824 0.019189960570976862 -0.014191015083691361 -0.0031017683024147508 0.027315621555345341
leaf_weight=200.04133773595095 124.65603780001402 137.36528941988945 254.57551321387291 47.450540497899055 381.17843225598335 485.07628872990608 4369.3054428435862 16797.011074759066 722.07062778621912 55.800750695168972 55.439195737242699 88.341972135007381 121.24335189908743 77.930774956941605
leaf_count=1191 1019 673 1304 297 2299 2941 29199 134408 4156 380 264 590 914 365
internal_value=-1.39977e-05 0.000120538 0.00792662 -6.11e-05 0.00390627 -0.000934209 -0.000397241 -0.000460924 0.00841477 -0.0079294 0.00136588 -0.00209045 0.00438342 0.0168938
internal_weight=23917.5 23527.4 525.311 23002.1 1788.37 866.255 21213.8 21166.3 922.112 390.042 310.015 265.386 177.044 215.296
internal_count=180000 177097 2606 174491 10587 5240 163904 163607 5347 2903 1568 1884 1294 1038
is_linear=0
shrinkage=0.035


Tree=103
num_leaves=15
num_cat=0
split_feature=12 17 3 23 22 3 16 24 24 3 22 10 10 10
split_gain=20.8104 25.9737 34.0609 36.2528 29.9138 27.7031 27.2626 25.4255 24.6149 20.1405 48.0422 75.4022 65.6152 30.6787
threshold=1.2603251934051516 0.029691315256059173 0.012115664780139925 0.22513678669929507 0.35748532414436346 -0.2679042369127273 0.90627646446228038 0.040051266551017768 0.040403148159384734 -0.28844989836215967 0.31738407909870153 0.50524657964706432 0.64613988995552074 1.4792042970657351
decision_type=2 2 2 2 2 2 2 2 2 2 2 2 2 2
left_child=1 2 4 6 5 -1 -4 -5 -6 10 12 -12 -3 -11
right_child=-2 9 3 7 8 -7 -8 -9 -10 13 11 -13 -14 -15
leaf_value=0.013399424365979479 -0.0028146681895160732 0.0021100764041346548 0.0048691417399301566 -0.010906668976879275 -0.0064343548042972726 -0.0012667603769124605 -0.00034156701116386744 0.018224428842549514 0.0096667708569544483 0.0027935883837210151 -0.0075272789884159967 0.0064526875662736559 -0.012098565380492695 -0.016769801469863385
leaf_weight=177.34111438319087 2849.1655584219843 764.85160529613495 1898.6630215607584 431.11109498143196 2455.4739584736526 991.64527744613588 3455.9889386072755 31.051785930991173 113.44020475819707 7487.6845538914204 642.23138735443354 1710.8120409995317 814.6841839030385 89.670010112226009
leaf_count=1399 20320 4613 14994 5227 26136 10057 29787 319 1126 45788 4202 10534 4912 586
internal_value=-1.27087e-05 0.000367435 -0.000980925 0.000694509 -0.00358309 0.00105295 0.00151169 -0.00860489 -0.00568862 0.00148663 -0.000544863 0.00262134 -0.00524839 0.00254028
internal_weight=23913.8 21064.6 9554.72 5816.81 3737.9 1168.99 5354.65 462.163 2568.91 11509.9 3932.58 2353.04 1579.54 7577.35
internal_count=180000 159680 89045 50327 38718 11456 44781 5546 27262 70635 24261 14736 9525 46374
is_linear=0
shrinkage=0.035


Tree=104
num_leaves=15
num_cat=0
split_feature=10 12 24 3 10 11 15 10 10 18 23 11 0 3
split_gain=20.6523 19.8786 19.4336 19.1966 34.9308 26.8456 18.3032 11.1356 20.5946 8.69578 22.4488 14.4816 14.895 13.1368
threshold=0.15326413512229922 1.3133114576339724 0.032028134912252433 0.79802337288856517 0.87674912810325634 0.39036202430725103 17.397848129272464 0.29558062553405767 0.61859694123268139 -0.14552980661392209 0.24243597686290744 0.87362524867057811 0.1623124033212662 -0.31075927615165705
decision_type=2 2 2 2 2 2 2 2 2 2 2 2 2 2
left_child=6 2 7 5 -5 -4 -1 -2 -9 10 -3 12 -11 -12
right_child=1 9 3 4 -6 -7 -8 8 -10 11 13 -13 -14 -15
leaf_value=-0.026777010777102494 -0.018783805560866011 -0.0027045255096466545 -0.00043162345690546643 0.0065248378565241879 -0.0085088140214192604 0.0026901806790867069 -0.0037120569788056013 0.0016153411843869917 -0.016857625988724038 -0.0058671001539086819 0.027685970215947497 -0.018781464844698718 0.0016624826029363123 0.00060357020443587448
leaf_weight=53.503874991089106 71.596989177167416 372.5131169334054 15467.120835728943 1285.104544647038 212.88448140025139 4305.3413803502917 137.44408518821001 234.19705048948526 97.031661212444305 1064.7487680390477 43.860818594694138 72.212055824697018 454.09741073101759 37.790186263620853
leaf_count=1020 994 2396 125650 6588 1184 26040 1884 1636 602 7846 281 593 3031 255
internal_value=-1.25559e-05 8.20715e-05 0.000393856 0.000539586 0.0043461 0.000249148 -0.0111858 -0.0071278 -0.00413165 -0.00320776 0.001046 -0.00442093 -0.00361979 0.016585
internal_weight=23909.4 23718.5 21673.3 21270.5 1497.99 19772.5 190.948 402.826 331.229 2045.22 454.164 1591.06 1518.85 81.651
internal_count=180000 177096 162694 159462 7772 151690 2904 3232 2238 14402 2932 11470 10877 536
is_linear=0
shrinkage=0.035


Tree=105
num_leaves=15
num_cat=0
split_feature=10 3 11 24 24 15 24 8 20 15 22 5 16 7
split_gain=19.5882 19.1756 41.6833 26.0505 36.7859 32.149 21.9792 28.5563 21.4188 21.0345 32.5168 20.5481 19.6184 18.5394
threshold=0.15326413512229922 0.060330107808113105 0.26112449169158941 0.040403148159384734 0.039553942158818252 18.16867828369141 0.039191044867038734 -0.12469887733459471 0.10666488111019136 19.53836822509766 0.30037069320678716 -0.011604835744947193 1.9035639166831972 -0.15634182840585706
decision_type=2 2 2 2 2 2 2 2 2 2 2 2 2 2
left_child=-1 2 6 4 8 -5 7 -2 -3 12 -11 -6 -4 -8
right_child=1 3 9 5 11 -7 13 -9 -10 10 -12 -13 -14 -15
leaf_value=-0.010939878019354707 -0.0022742746157551341 0.001536944572745247 0.00051959666044712992 0.00030072050435548981 -0.0028879013851993633 -0.01738362387083546 0.028163117247527656 -0.0084300074936980284 -0.008996163437678964 -0.0033355171176778636 0.013333737767900006 0.019505111902331639 -0.0090382359983857373 0.0019407289549743321
leaf_weight=189.30459848605096 3118.9610473886132 9194.5375865697861 7796.7008031047881 338.05950762331486 62.734844949096441 190.37147026136518 26.271169397979975 1308.4831699244678 232.88144075125456 226.95628433674574 364.18395883589983 201.4515664614737 262.25445108115673 393.40590092539787
leaf_count=2904 30597 64532 49740 2378 395 1449 217 15235 1856 1390 2147 1414 2000 3746
internal_value=-1.31573e-05 7.86307e-05 -0.000787134 0.00122167 0.00163645 -0.00627474 -0.00338195 -0.00410843 0.00126749 0.000669107 0.00698489 0.0142762 0.00019775 0.00419946
internal_weight=23906.6 23717.3 13497.2 10220 9691.61 528.431 4847.12 4427.44 9427.42 8650.1 591.14 264.186 8058.96 419.677
internal_count=180000 177096 105072 72024 68197 3827 49795 45832 66388 55277 3537 1809 51740 3963
is_linear=0
shrinkage=0.035


Tree=106
num_leaves=15
num_cat=0
split_feature=20 23 8 21 22 6 24 22 20 22 22 22 24 19
split_gain=19.2335 25.4494 43.3866 36.623 39.3102 34.8466 32.4519 72.249 49.1879 35.4215 57.5522 49.2228 24.0414 23.3011
threshold=-0.098063450306653963 0.22513678669929507 -0.20280404388904569 -0.034622838720679276 0.2154868766665459 0.31296707689762121 0.0358814224600792 0.48759272694587713 -0.023522976785898205 0.43019491434097296 0.38233020901679998 0.6037518084049226 0.040051266551017768 0.04788388870656491
decision_type=2 2 2 2 2 2 2 2 2 2 2 2 2 2
left_child=-1 6 3 4 -3 12 7 8 -2 10 -8 -11 -4 -9
right_child=1 2 5 -5 -6 -7 9 13 -10 11 -12 -13 -14 -15
leaf_value=0.0064743623520960164 0.0041129545051951837 -0.0023367004333257175 -0.010984367500672139 -0.0050409013623018226 0.0068030403200060449 0.0068860131264537371 0.001923727844982548 -0.0076231922110886474 -0.0030132645745377809 0.0047874529604455323 -0.011240322904021563 -0.00081998785827988216 0.0062438750524367566 -0.001618500981717755
leaf_weight=537.05169189348817 3168.5844110026956 1120.8272682949901 1151.693322783336 1274.1884288154542 1168.6322741061449 173.50012868642807 1152.0477599985898 1957.2912007793784 1884.3042283002287 5242.9121384173632 616.9935413710773 3016.1905268356204 102.13911489397287 1335.7832092046738
leaf_count=3454 20355 7614 12445 9160 7849 1143 8614 17547 15257 37070 5044 23408 929 10111
internal_value=-1.28742e-05 -0.000164691 -0.00237839 -0.000307134 0.00233789 -0.00751162 0.000437586 -0.00117399 0.00145477 0.00177866 -0.00270491 0.00274112 -0.00954263 -0.00519976
internal_weight=23902.1 23365.1 4990.98 3563.65 2289.46 1427.33 18374.1 8345.96 5052.89 10028.1 1769.04 8259.1 1253.83 3293.07
internal_count=180000 176546 39140 24623 15463 14517 137406 63270 35612 74136 13658 60478 13374 27658
is_linear=0
shrinkage=0.035


Tree=107
num_leaves=15
num_cat=0
split_feature=9 15 12 20 24 23 21 3 23 24 20 6 11 12
split_gain=18.9214 25.3586 21.7235 21.1241 21.8164 21.2125 27.2248 24.9988 20.8794 20.8072 20.1043 25.5571 13.92 13.3999
threshold=0.18943239748477939 16.017986297607425 1.2603251934051516 0.025237264111638073 0.032028134912252433 0.2665951550006867 0.035695703700184829 -0.15173670649528501 0.31619535386562353 0.037282371893525131 -0.0050618462264537803 0.16980656236410144 0.20785751938819888 0.98732265830039989
decision_type=2 2 2 2 2 2 2 2 2 2 2 2 2 2
left_child=1 -1 3 4 12 6 -5 -7 -6 10 11 -3 -2 -11
right_child=2 9 -4 5 8 7 -8 -9 -10 13 -12 -13 -14 -15
leaf_value=-0.017625651003500095 -0.019107757232179355 -0.0048564553258984384 -0.0025992674928908203 0.0024308654961748217 0.0021295595980823836 -0.0011524914198974222 -0.0022495374548460066 -0.013779418075580686 -0.0046663812915613842 0.0050045396345143349 -0.013763771238886002 0.014453577176213902 -0.0030015769616399007 -0.0098426938930480344
leaf_weight=134.29173239693046 75.425121046602726 625.29631758667529 2831.7403967902064 2730.6449612565339 11487.028091166168 482.36945102363825 3415.0591682232916 311.40478346124291 572.60574657842517 508.65465557575226 249.0426867492497 86.939252607524395 308.46210887655616 77.462753795087337
leaf_count=1985 972 7116 20185 19684 77476 3740 27800 3232 4513 5558 3990 681 2070 998
internal_value=-1.2825e-05 -0.00358107 0.000258786 0.000677455 0.00153987 -0.000868969 -0.000169381 -0.00621595 0.00180328 -0.00225685 -0.00540481 -0.00233188 -0.00657084 0.0029101
internal_weight=23896.4 1681.69 22214.7 19383 12443.5 6939.48 6145.7 793.774 12059.6 1547.4 961.278 712.236 383.887 586.117
internal_count=180000 20328 159672 139487 85031 54456 47484 6972 81989 18343 11787 7797 3042 6556
is_linear=0
shrinkage=0.035


Tree=108
num_leaves=15
num_cat=0
split_feature=10 10 7 2 24 24 15 2 2 12 7 12 22 17
split_gain=17.9763 18.3519 24.6576 24.8152 34.1105 18.2069 18.0464 17.1139 22.4564 19.9022 15.6884 11.1691 12.2401 10.6669
threshold=0.15326413512229922 1.4792042970657351 -0.43239645659923548 0.71704462170600902 0.03889110870659352 0.037483181804418571 18.589396476745609 -0.57212767004966725 -0.20782455801963803 1.102893114089966 -0.51581326127052296 0.48462526500225073 0.59531068801879894 0.11229864135384561
decision_type=2 2 2 2 2 2 2 2 2 2 2 2 2 2
left_child=6 2 7 5 -5 -4 -1 9 -9 -2 13 -12 -13 -3
right_child=1 10 3 4 -6 -7 -8 8 -10 -11 11 12 -14 -15
leaf_value=-0.02121131184041445 -0.009705115271232077 0.0015854635921398544 -0.00088689769202941651 0.0084731617849859338 -0.010590849438612023 0.0013482703824844911 -1.0352368680991581e-05 0.014281667628633907 -0.0025371848845938067 0.010598760602733116 -0.016235441502908982 0.0064356827552840305 -0.011875550947324717 -0.021504825782562353
leaf_weight=87.801524816080928 134.91354286670685 29.545859336853027 15435.019874278456 765.06683269888163 126.2131467461586 6269.4900693260133 98.957103822380304 373.53298880159855 126.65454034507275 90.059862516820431 44.036892756819725 156.20165574550629 51.311175480484962 104.08772406727076
leaf_count=1545 770 204 117067 4115 726 48212 1359 2089 665 549 286 1162 411 840
internal_value=-1.35686e-05 7.38442e-05 0.000200499 -4.73544e-06 0.00568597 -0.000240931 -0.0105491 0.00650862 0.0100566 -0.00147205 -0.00740551 -0.00204854 0.0015701 -0.0166447
internal_weight=23892.9 23706.1 23321 22595.8 891.28 21704.5 186.759 725.161 500.188 224.973 385.183 251.55 207.513 133.634
internal_count=180000 177096 174193 170120 4841 165279 2904 4073 2754 1319 2903 1859 1573 1044
is_linear=0
shrinkage=0.035


Tree=109
num_leaves=15
num_cat=0
split_feature=23 20 22 20 21 20 1 21 23 9 20 10 21 4
split_gain=18.0618 19.6238 46.4992 56.3079 57.9177 49.8705 33.3671 29.7603 29.2516 29.229 28.569 26.9768 18.6751 17.5717
threshold=0.33515524864196783 0.022132160142064098 0.55062827467918407 -0.028148042969405648 0.014401994645595552 0.0036335332551971082 0.12206578627228738 0.035695703700184829 0.2665951550006867 0.57898309826850902 0.038012521341443069 0.19092348217964175 0.17091248184442523 -0.094668112695217119
decision_type=2 2 2 2 2 2 2 2 2 2 2 2 2 2
left_child=1 2 3 4 -1 -5 12 8 10 -10 -3 -9 -4 -13
right_child=-2 7 6 5 -6 -7 -8 11 9 -11 -12 13 -14 -15
leaf_value=0.0025656144676479576 -0.010733059477370674 -0.0013105016836428565 0.0065167363890192712 -0.0075025808937185202 -0.0043706883065724907 0.0035701094714314821 0.00042807560848274155 -0.018671044331164635 -0.0097095807182460084 0.0024848966653524544 0.0048720837681907568 -0.014915863847628441 0.019029725509355482 -0.0023868283410855258
leaf_weight=7155.3566760867834 181.02863918244839 1639.9330090284348 1669.5894485302269 1947.1225759014487 1847.2205328289419 661.69345694035292 1354.3496116138995 126.39737682044506 569.0433614961803 406.42155729979277 2053.047422606498 132.53193668276072 154.52957969531417 3992.8611217178404
leaf_count=47977 1698 12208 12466 15401 13726 5124 9455 2198 5752 2764 15437 914 1204 33676
internal_value=-1.39884e-05 7.2343e-05 0.000854143 -0.000173752 0.0011391 -0.00469122 0.00459796 -0.0012234 0.000705704 -0.00465517 0.00213047 -0.00333822 0.00767474 -0.00282443
internal_weight=23891.1 23710.1 14789.9 11611.4 9002.58 2608.82 3178.47 8920.24 4668.45 975.465 3692.98 4251.79 1824.12 4125.39
internal_count=180000 178302 105353 82228 61703 20525 23125 72949 36161 8516 27645 36788 13670 34590
is_linear=0
shrinkage=0.035


Tree=110
num_leaves=15
num_cat=0
split_feature=12 9 22 21 20 20 24 2 15 22 3 12 20 20
split_gain=17.5365 21.5351 26.0994 39.9288 33.7844 26.8983 28.0348 19.8229 18.2222 22.4227 20.9924 15.2231 15.1675 46.1682
threshold=1.2603251934051516 0.21509320288896563 0.55062827467918407 0.017566511407494548 0.022132160142064098 -0.028148042969405648 0.039040250703692443 0.098580352962017073 20.783766746521 0.31738407909870153 -0.12445242330431937 0.82305097579956066 0.04162253066897393 0.038012521341443069
decision_type=2 2 2 2 2 2 2 2 2 2 2 2 2 2
left_child=1 2 5 11 -5 7 -7 -1 12 -10 -11 -4 13 -3
right_child=-2 8 3 4 -6 6 -8 -9 9 10 -12 -13 -14 -15
leaf_value=-0.0061889461626158694 -0.0025932241028532258 0.00085206520495365555 0.022193642670281327 0.0060631352293781205 -0.007102426968537183 -0.014596605860465373 0.0067475740109734315 0.003879099196020547 -0.0059466661083660902 0.030129930066300242 0.0069045317932987186 0.0046907881670533568 -0.0012129824020445862 0.013500760044277943
leaf_weight=555.63198683410883 2835.3767914827913 13423.893878620118 117.38650267198682 384.26701772585511 596.76471658237278 493.65315084718168 82.607892587780952 406.66493082605302 81.843869134783745 65.196262612938881 154.17726244032383 129.73262025788426 4207.5049603357911 353.14451747387648
leaf_count=6293 20320 90943 801 4288 7377 7208 1008 3594 538 348 899 1102 32513 2768
internal_value=-1.42117e-05 0.0003342 -0.00253808 0.00126287 -0.00193637 -0.00556074 -0.011474 -0.00193807 0.000769937 0.00916742 0.0148196 0.0135448 0.000624274 0.00118584
internal_weight=23887.8 21052.5 2766.71 1228.15 981.032 1538.56 576.261 962.297 18285.8 301.217 219.374 247.119 17984.5 13777
internal_count=180000 159680 31671 13568 11665 18103 8216 9887 128009 1785 1247 1903 126224 93711
is_linear=0
shrinkage=0.035


Tree=111
num_leaves=15
num_cat=0
split_feature=20 23 8 24 6 21 24 23 23 15 24 24 7 12
split_gain=17.1086 22.415 39.4224 39.5703 42.7245 34.3143 37.1009 28.7707 39.3576 38.9685 28.2204 22.4421 35.9514 22.5632
threshold=-0.098063450306653963 0.22513678669929507 -0.12469887733459471 0.040051266551017768 0.31296707689762121 -0.034622838720679276 0.036860829219222076 0.19382429867982867 0.17072987556457522 20.783766746521 0.039191044867038734 0.037282371893525131 -0.23444311320781705 0.87350371479988109
decision_type=2 2 2 2 2 2 2 2 2 2 2 2 2 2
left_child=-1 7 5 4 -4 6 -3 8 10 -10 -2 12 -9 -13
right_child=1 2 3 -5 -6 -7 -8 11 9 -11 -12 13 -14 -15
leaf_value=0.0060879379381972376 0.0012563237571822643 0.0047805064087283614 -0.015778733895655542 0.013654565970736591 0.0055323701648206788 -0.0050584981239126074 -0.0036911488162183451 0.010503002340377376 -0.0038678892395299759 0.020515847809983178 -0.005785968755172924 0.011593094594616264 -0.0031447535402497504 0.0033398174943227907
leaf_weight=540.09178121387959 10418.187228247523 1640.3245192170143 595.10332675650716 75.042248763144016 136.97067205607891 1507.5031497944146 1018.417912138626 291.84768404811621 3694.6018978375942 72.262747265398502 737.13796626031399 549.94185197912157 1081.2774667777121 1525.4415674712509
leaf_count=3454 74841 11130 6978 671 923 11609 7829 1747 30761 515 5507 4289 8432 11314
internal_value=-1.30763e-05 -0.000156777 -0.00223873 -0.00926851 -0.0117706 -0.000857934 0.00153381 0.000407766 -0.000258705 -0.00334704 0.000786208 0.00328409 -0.000189059 0.0055719
internal_weight=23884.2 23344.1 4973.36 807.116 732.074 4166.25 2658.74 18370.7 14922.2 3766.86 11155.3 3448.51 1373.13 2075.38
internal_count=180000 176546 39140 8572 7901 30568 18959 137406 111624 31276 80348 25782 10179 15603
is_linear=0
shrinkage=0.035


Tree=112
num_leaves=15
num_cat=0
split_feature=10 7 2 10 24 8 3 12 12 1 2 2 12 23
split_gain=16.8353 23.0476 23.5128 33.4562 24.7133 20.6557 19.1917 19.1756 17.2263 20.4705 15.7704 20.8032 18.9073 12.2461
threshold=1.4792042970657351 -0.43239645659923548 0.71704462170600902 1.1010872125625613 0.038877759128808982 -0.72859495878219593 -1.0000000180025095e-35 1.5344794988632204 1.3133114576339724 -0.02050760947167873 -0.57212767004966725 -0.20782455801963803 1.102893114089966 0.12952167540788653
decision_type=2 2 2 2 2 2 2 2 2 2 2 2 2 2
left_child=1 10 8 4 -4 -2 7 -7 9 -3 12 13 -1 -12
right_child=5 2 3 -5 -6 6 -8 -9 -10 -11 11 -13 -14 -15
leaf_value=-0.0095285344121218245 -0.016140184832432809 0.0012445604152357208 0.010485361306791551 -0.012440788044438916 -0.0064929095566020429 0.019311627961353096 -0.011913078292595433 -0.0061394094406162399 -0.0037531240960576697 -0.0010032035504553536 -0.0011412831379277078 -0.0025444613736804234 0.010248287056597232 0.016217803985195352
leaf_weight=134.4171197116375 165.26160861551762 8694.2046916354448 672.79101653397083 103.74524409323931 117.12308836728334 71.955708473920822 87.665729135274887 58.305064424872398 1643.0923992749304 11538.007952492684 57.157111942768097 126.63910088688135 90.529753908514977 319.43599562346935
leaf_count=770 1366 63144 3569 586 686 488 601 448 11768 93271 310 665 549 1779
internal_value=-1.22999e-05 0.000107842 -8.94476e-05 0.00544324 0.00791824 -0.0071948 -6.76024e-07 0.00829416 -0.000317855 -3.71547e-05 0.00619441 0.00958321 -0.00147193 0.0136218
internal_weight=23880.3 23497.1 22769 893.659 789.914 383.188 217.927 130.261 21875.3 20232.2 728.179 503.232 224.947 376.593
internal_count=180000 177097 173024 4841 4255 2903 1537 936 168183 156415 4073 2754 1319 2089
is_linear=0
shrinkage=0.035


Tree=113
num_leaves=15
num_cat=0
split_feature=10 15 3 10 24 23 15 23 24 23 23 13 1 24
split_gain=16.6784 17.8018 17.0021 38.4323 50.7147 56.7363 42.4044 45.3239 30.5843 25.5254 22.8117 27.3256 26.4284 25.8936
threshold=0.15326413512229922 17.397848129272464 0.060330107808113105 0.51990038156509411 0.033951222896575935 0.24541131407022479 18.334442138671879 0.20564330369234088 0.033361051231622703 0.2665951550006867 0.24243597686290744 0.49397572875022894 0.41319188475608831 0.040403148159384734
decision_type=2 2 2 2 2 2 2 2 2 2 2 2 2 2
left_child=1 -1 3 4 5 -2 8 -8 -5 -6 13 -12 -13 -4
right_child=2 -3 10 6 9 -7 7 -9 -10 -11 11 12 -14 -15
leaf_value=-0.026061861982176367 -0.0020230756276124438 -0.0028991259434987438 0.0020604083361437839 -0.0079614432956612146 -0.0028355293351140808 0.0103039793156174 0.016579843796009002 0.00075819617009276576 0.0012980577596741598 -0.0096244700605994972 0.0014884460052811748 -0.014881873560421017 0.015208537452056007 -0.0058756086068584637
leaf_weight=50.226342393085361 1152.5201533958316 134.35990418121219 8942.9847907982767 486.41556522995234 5807.7048635259271 745.50006622821093 431.20767288655043 448.03604625910521 3639.8473171368241 761.65933676436543 407.02342665567994 314.56115340813994 32.065813191235065 524.13010081648827
leaf_count=1020 10175 1884 61815 2989 51226 5471 2575 2726 22787 7123 3222 2950 210 3827
internal_value=-1.22066e-05 -0.0102172 7.15726e-05 -0.00074482 -0.00218113 0.00284734 0.00168437 0.0086168 0.000189913 -0.00363608 0.00114741 -0.00467439 -0.0117499 0.00161531
internal_weight=23878.2 184.586 23693.7 13472.9 8467.38 1898.02 5005.51 879.244 4126.26 6569.36 10220.8 753.65 346.627 9467.11
internal_count=180000 2904 177096 105072 73995 15646 31077 5301 25776 58349 72024 6382 3160 65642
is_linear=0
shrinkage=0.035


Tree=114
num_leaves=15
num_cat=0
split_feature=17 15 3 11 23 22 15 5 21 0 8 11 3 11
split_gain=16.2944 17.9991 16.7709 33.8649 33.7177 35.8306 26.8795 24.3773 23.8103 27.0939 26.2449 22.2975 21.6043 21.4026
threshold=0.016356367617845539 15.958306789398195 0.012115664780139925 0.16864294558763507 0.24243597686290744 0.22501113265752795 20.783766746521 0.20955359190702441 -0.13796672224998471 -0.091299012303352342 -0.052677737548947327 0.19598617404699328 -0.15173670649528501 0.39036202430725103
decision_type=2 2 2 2 2 2 2 2 2 2 2 2 2 2
left_child=1 -1 3 -2 8 11 13 -7 10 -10 -4 -6 -8 -5
right_child=2 -3 4 6 5 7 12 -9 9 -11 -12 -13 -14 -15
leaf_value=-0.019079856573774964 -0.0081225156230872331 -0.0027528532282165238 0.012929761448599076 -0.0016131826086102567 -0.014890906065059828 -0.016971321845732867 0.020828810610918957 0.013217711292202682 -0.0027678042156595306 0.0022696327894147997 -0.011301132128313549 0.0033522600899933697 -0.0063434961908801083 0.0015595398152495111
leaf_weight=80.155544487759471 698.54799262806773 1088.1662594415247 383.76744845509529 7070.1780178621411 89.009753834456205 309.0609234161675 118.16701367497444 29.155730687081814 1563.67826968804 7763.5362802129239 55.715582016855478 469.78247119858861 44.357019435614347 4110.8113565146923
leaf_count=1295 8951 13225 2363 54791 1149 3068 656 210 9320 55481 372 3348 311 25460
internal_value=-1.23916e-05 -0.00402542 0.00019578 -0.000699091 0.00120603 -0.00525169 -0.000235196 -0.0140641 0.00180389 0.00142306 0.0096748 0.000235606 0.013475 -0.000446346
internal_weight=23874.1 1168.32 22705.8 12042.1 10663.7 897.009 11343.5 338.217 9766.7 9327.21 439.483 558.792 162.524 11181
internal_count=180000 14520 165480 90169 75311 7775 81218 3278 67536 64801 2735 4497 967 80251
is_linear=0
shrinkage=0.035


Tree=115
num_leaves=15
num_cat=0
split_feature=10 7 2 10 20 8 16 24 22 2 2 12 15 19
split_gain=16.2134 20.8322 20.9996 31.2098 23.7485 19.8481 18.0444 24.8535 22.5298 14.6415 19.4059 17.6949 13.5441 11.5406
threshold=1.4792042970657351 -0.43239645659923548 0.71704462170600902 1.1010872125625613 -0.028148042969405648 -0.81464016437530506 0.92238044738769542 0.039040250703692443 0.50805076956748974 -0.57212767004966725 -0.10953330248594283 1.102893114089966 17.397848129272464 0.70164883136749279
decision_type=2 2 2 2 2 2 2 2 2 2 2 2 2 2
left_child=1 9 6 4 -4 -2 8 -8 -3 11 12 -1 -11 -7
right_child=5 2 3 -5 -6 13 7 -9 -10 10 -12 -13 -14 -15
leaf_value=-0.009336478895347786 -0.018253410587607388 -0.00040177642468322116 0.016204251622657543 -0.012180783664601161 0.0032713280065192079 0.0060788333875540891 -0.0016019154995218969 0.0029917706450842195 0.0034429177593163257 0.0074801523682172331 -0.0045975255906444603 0.0097731064460475064 0.021204218316071007 -0.0081172563437486144
leaf_weight=133.90589176118374 120.0681871175766 5025.9413393065333 250.99778386950493 103.23670302331448 542.53750354796648 123.14802746474743 12248.887359419838 1625.9250985644758 2959.0256260614842 274.49774558842182 96.721859902143478 91.205285310745239 135.04259642958641 138.72103214263916
leaf_count=770 1019 37608 1198 586 3057 905 96018 12420 22137 1514 504 549 736 979
internal_value=-1.25904e-05 0.000105173 -8.28895e-05 0.00513634 0.00751281 -0.00707259 -0.000299253 -0.00106184 0.00102549 0.0058789 0.00912898 -0.00150773 0.0124031 -0.00146329
internal_weight=23869.9 23487.9 22756.6 896.772 793.535 381.937 21859.8 13874.8 7984.97 731.373 506.262 225.111 409.54 261.869
internal_count=180000 177097 173024 4841 4255 2903 168183 108438 59745 4073 2754 1319 2250 1884
is_linear=0
shrinkage=0.035


Tree=116
num_leaves=15
num_cat=0
split_feature=20 16 17 22 24 24 9 19 24 19 2 20 8 20
split_gain=15.6088 16.4505 26.0275 18.1714 32.5175 25.0049 23.9713 21.5111 20.0912 17.8296 15.5494 15.5282 21.5974 16.3502
threshold=-0.098063450306653963 0.92238044738769542 0.019999749027192596 0.50805076956748974 0.0358814224600792 0.036860829219222076 0.25567927956581121 0.47317612171173101 0.037889750674366958 -0.078838583081960664 -0.13337888568639752 0.09569913893938066 -0.0055118792224675408 0.070513486862182631
decision_type=2 2 2 2 2 2 2 2 2 2 2 2 2 2
left_child=10 3 9 5 -5 6 -2 -6 -7 -3 -1 13 -13 -4
right_child=1 2 11 4 7 8 -8 -9 -10 -11 -12 12 -14 -15
leaf_value=0.012349564143736723 -0.0038929095341641387 0.0040485731595908203 -0.00039270853232248359 -0.0037516459426069526 0.0054615098550126881 -0.0084236372649868236 0.0025860057219229886 -0.013802351111127743 0.00021354171589831148 -0.0061946734814744891 0.00051626046418124384 -0.0069816806043688272 0.014075008430528892 0.0043190574940689683
leaf_weight=236.31198486685753 885.14100486785173 233.48850270546973 11237.795976731926 658.03833094798028 2490.7229281440377 690.7670958545059 3198.5676793791354 63.77503053098917 622.48891396634281 1536.7350074797869 305.87207428365946 680.86773704364896 56.036393649876118 970.84889953583479
leaf_count=1344 8808 3014 79799 5783 17371 5726 20070 369 5010 18034 2110 5462 459 6641
internal_value=-1.20448e-05 -0.000149667 -0.000860427 0.00106479 0.00314448 -0.000176675 0.00117563 0.00492863 -0.0043589 -0.00482846 0.00580408 -0.000314515 -0.00521346 -1.4794e-05
internal_weight=23867.5 23325.3 14715.8 8609.5 3212.54 5396.96 4083.71 2554.5 1313.26 1770.22 542.184 12945.5 736.904 12208.6
internal_count=180000 176546 113409 63137 23523 39614 28878 17740 10736 21048 3454 92361 5921 86440
is_linear=0
shrinkage=0.035


Tree=117
num_leaves=15
num_cat=0
split_feature=15 3 3 17 22 24 20 16 17 17 24 20 24 20
split_gain=15.2267 26.9567 20.7256 42.6268 53.4527 39.766 29.6426 24.2669 21.1785 19.4236 19.2045 21.567 35.1489 20.3771
threshold=19.889597892761234 -0.28844989836215967 -0.098511517047882066 0.040174502879381187 0.30037069320678716 0.03320316597819329 -0.087301429361104951 1.9035639166831972 0.012400826904922726 0.049366818740963943 0.033119259402155883 0.075289648026227965 0.037889750674366958 -0.042127339169383042
decision_type=2 2 2 2 2 2 2 2 2 2 2 2 2 2
left_child=2 9 3 4 6 -5 -1 -7 -4 -2 -3 13 -13 -12
right_child=1 10 8 5 -6 7 -8 -9 -10 -11 11 12 -14 -15
leaf_value=0.016366093526653604 0.020860659317296592 0.01391219851946995 -0.011180519936547373 -0.0088969523224255304 -0.0062214225071841175 0.0026375434235546527 0.00022326460818001287 -0.0094015980803736111 0.00079680179260182898 6.280685121644387e-05 0.0057150743709535037 -0.012235461397725538 0.024980677559589281 -0.0050322058160516278
leaf_weight=150.31610658019781 155.42969872429967 122.64932602271438 173.38854722119868 447.21789119392633 3318.2203251924366 3812.8573458492756 1067.4932275377214 207.03025879710913 13185.341174867004 82.502394393086433 297.38263576850295 39.118750117719173 83.835338354110718 721.24618879705667
leaf_count=917 920 915 2313 2678 27616 23498 8482 1623 101262 460 2121 373 714 6108
internal_value=-1.17845e-05 0.00338736 -0.000241535 -0.00153856 -0.00392473 0.000887778 0.00233287 0.00199572 0.000633096 0.0139425 0.00130703 -0.000156295 0.0131104 -0.00186954
internal_weight=23864 1502.16 22361.9 9003.14 4536.03 4467.11 1217.81 4019.89 13358.7 237.932 1264.23 1141.58 122.954 1018.63
internal_count=180000 11611 168389 64814 37015 27799 9399 25121 103575 1380 10231 9316 1087 8229
is_linear=0
shrinkage=0.035


Tree=118
num_leaves=15
num_cat=0
split_feature=23 15 23 15 8 10 3 20 24 2 20 11 3 0
split_gain=15.773 23.3555 22.1817 19.9411 28.1108 27.4625 24.8248 24.3447 22.2262 17.3089 13.2059 10.3778 9.73381 9.6859
threshold=0.31619535386562353 16.08006572723389 0.30651316046714788 19.889597892761234 -0.16467675566673276 0.15326413512229922 -0.098511517047882066 0.075289648026227965 0.039101418107748039 0.025840449146926407 -0.033946592360734933 0.093500178307294859 -0.33642576634883875 -0.099070146679878221
decision_type=2 2 2 2 2 2 2 2 2 2 2 2 2 2
left_child=2 12 3 5 8 11 -7 -6 -5 13 -3 -1 -2 -4
right_child=1 10 9 4 7 6 -8 -9 -10 -11 -12 -13 -14 -15
leaf_value=-0.022436722356332702 -0.0043103575707293838 -0.0014815732435307905 0.0019796187228860469 0.010942637687567987 -0.0026868266785266054 -0.0016101821331313633 0.00082633882591155402 0.015282491947699444 -0.016298114789051646 -0.0072525796834990563 -0.012684707038387864 -0.0028578065112550167 0.016619971797544476 0.018993827248665648
leaf_weight=82.727911362424493 37.300101861357689 215.40359061956406 58.655113160610199 607.82187823951244 707.23056843876839 8481.5362735539675 12901.310969680548 96.015175636857748 30.340504962950945 49.870370369404554 322.20550329424441 56.74357639811933 65.153364814817905 148.72465793788433
leaf_count=1386 248 1441 328 4058 5992 61196 98575 861 208 368 2923 899 544 973
internal_value=-1.11036e-05 -0.00538827 0.000139368 2.26857e-05 0.00399352 -0.000244983 -0.000140412 -0.000377374 0.00941605 0.0101646 -0.00830498 -0.0151952 0.00929421 0.014494
internal_weight=23861 640.063 23221 22963.7 1441.41 21522.3 21382.8 803.246 638.162 257.25 537.609 139.471 102.453 207.38
internal_count=180000 5156 174844 173175 11119 162056 159771 6853 4266 1669 4364 2285 792 1301
is_linear=0
shrinkage=0.035


Tree=119
num_leaves=15
num_cat=0
split_feature=12 17 16 3 24 20 10 3 22 10 10 10 22 1
split_gain=15.6092 18.1129 26.0767 30.0729 26.588 22.6664 19.2966 19.1974 44.5725 64.1945 60.5144 27.061 20.4816 15.3106
threshold=1.2603251934051516 0.029691315256059173 1.0403043627738955 -0.098511517047882066 0.037889750674366958 -0.098063450306653963 0.1815648749470711 -0.28844989836215967 0.31738407909870153 0.50524657964706432 0.75348651409149181 1.4792042970657351 0.3508602380752564 0.18600269407033923
decision_type=2 2 2 2 2 2 2 2 2 2 2 2 2 2
left_child=1 2 3 5 -5 -1 13 8 10 -10 -3 12 -9 -4
right_child=-2 7 6 4 -6 -7 -8 11 9 -11 -12 -13 -14 -15
leaf_value=0.02435383801088134 -0.0024489261128185073 -0.00014521015811153764 -0.016342974251869449 0.00033588329133001088 0.0063617756626594872 -0.0043826341551347096 -0.0027311983092035337 0.0051906005694732733 -0.0071217884573024567 0.0058061668890825079 -0.014380847812065112 -0.016034889622399691 0.0012624903634297188 0.015312185111708803
leaf_weight=24.547746635973454 2825.123457511887 1016.9271868616343 189.47782889939845 3782.952388074249 1166.2640490923077 1543.7286270465702 2779.2410891242325 2377.1801488548517 636.11973978579044 1725.5283420830965 561.4807924926281 87.779524229466915 5130.2285787686706 12.857057454064487
leaf_count=171 20320 6093 2953 34460 10350 15080 25878 14488 4202 10534 3432 586 31300 153
internal_value=-1.09655e-05 0.000317486 -0.000813852 0.000427279 0.00176583 -0.00378137 -0.00351923 0.00124902 -0.000732207 0.00230862 -0.00526785 0.00227641 0.00251156 -0.0137051
internal_weight=23859.4 21034.3 9499.07 6517.49 4949.22 1568.28 2981.58 11535.2 3940.06 2361.65 1578.41 7595.19 7507.41 202.335
internal_count=180000 159680 89045 60061 44810 15251 28984 70635 24261 14736 9525 46374 45788 3106
is_linear=0
shrinkage=0.035


Tree=120
num_leaves=15
num_cat=0
split_feature=23 11 22 24 1 7 21 23 8 15 20 21 24 23
split_gain=14.8903 29.2279 31.7465 30.3823 36.2982 23.0139 23.4178 31.0586 22.4636 20.5688 19.686 35.2868 27.197 26.6065
threshold=0.13140495866537097 0.15648971498012546 0.50805076956748974 0.035735940560698516 0.026395685039460662 -0.1696100980043411 0.087774533778429045 0.12354279309511186 -0.031093680299818512 19.889597892761234 -0.042127339169383042 0.024009003303945068 0.037328952923417098 0.18757276237010959
decision_type=2 2 2 2 2 2 2 2 2 2 2 2 2 2
left_child=5 2 -2 -4 -5 9 7 -7 -9 -1 11 12 -3 -12
right_child=1 10 3 4 -6 6 -8 8 -10 -11 13 -13 -14 -15
leaf_value=-0.0033822473259675764 -0.010826364757094888 0.0036774896368848447 -0.014026822411745703 0.016752290449557339 -0.0015903374865611445 0.0013718947775698978 -0.0057412997341183209 0.010609139453371977 -0.0018603629925852451 0.016585083518327864 -0.0024012599371352533 -0.0063420516568027741 -0.0081655290345459021 0.00084316614642704455
leaf_weight=1188.0143372826278 642.58180598169565 4018.8887815214694 183.64339252188802 144.27310888282955 913.55914885923266 1996.7884315885603 319.35272539965808 1007.6821598056704 210.94882750511169 56.870220258831978 6010.0286406725645 552.91131451353431 243.13533595204353 6367.6557271778584
leaf_count=6925 9210 25402 2660 1883 9590 13144 3014 6702 1448 285 45358 4369 1732 48278
internal_value=-1.08822e-05 -0.000448725 -0.00457517 -0.00127893 0.00104479 0.00173393 0.00317309 0.00407351 0.00845306 -0.00234518 5.86945e-06 0.00190245 0.00298435 -0.000732843
internal_weight=23856.3 19076.7 1884.06 1241.48 1057.83 4779.66 3534.77 3215.42 1218.63 1244.88 17192.6 4814.94 4262.02 12377.7
internal_count=180000 148482 23343 14133 11473 31518 24308 21294 8150 7210 125139 31503 27134 93636
is_linear=0
shrinkage=0.035


Tree=121
num_leaves=15
num_cat=0
split_feature=23 15 23 15 20 20 7 3 17 21 3 1 20 18
split_gain=15.0515 22.5413 20.1076 18.5513 24.6922 26.4878 21.261 19.6295 45.1306 19.9757 16.656 16.1537 10.587 9.40417
threshold=0.31619535386562353 16.704549789428714 0.30651316046714788 19.889597892761234 -0.028148042969405648 0.075289648026227965 -0.070236518979072557 -0.098511517047882066 0.040174502879381187 -0.13796672224998471 -0.28844989836215967 -0.01384155824780464 -0.033946592360734933 -0.051885951310396188
decision_type=2 2 2 2 2 2 2 2 2 2 2 2 2 2
left_child=2 10 3 7 6 -6 -5 8 -1 -9 -2 13 -3 -4
right_child=1 12 11 4 5 -7 -8 9 -10 -11 -12 -13 -14 -15
leaf_value=-0.004047486663462105 -0.0079433043625990879 -0.0029083877582160743 0.0035026138937161041 0.014649576767510561 -0.0022563867360790935 0.01296892712127329 -0.0007819175541642951 0.0061188021594401117 0.0010569329963558301 0.0002771001088441634 0.011098520166633657 -0.0020223228169155704 -0.014352199964820747 0.02146299770902595
leaf_weight=4315.7467592079192 83.370883949100971 169.36007151007652 57.317472971975803 351.3699736148119 776.52518986165524 160.29139382392168 155.44112502783537 751.59950795397162 4158.2216806188226 12285.769063798711 134.02426844835281 92.257440336048603 251.41617713309824 109.63714223355055
leaf_count=35487 561 1145 322 2223 6340 1307 1249 5376 25880 95313 1109 642 2341 705
internal_value=-1.07823e-05 -0.00527139 0.000136042 2.45031e-05 0.00385129 0.000458158 0.00999312 -0.000233983 -0.00154443 0.000618304 0.00376782 0.00964578 -0.00992057 0.0158434
internal_weight=23852.3 638.171 23214.2 22955 1443.63 936.817 506.811 21511.3 8473.97 13037.4 217.395 259.212 420.776 166.955
internal_count=180000 5156 174844 173175 11119 7647 3472 162056 61367 100689 1670 1669 3486 1027
is_linear=0
shrinkage=0.035


Tree=122
num_leaves=15
num_cat=0
split_feature=12 20 22 20 20 21 24 19 24 24 21 20 10 18
split_gain=14.7728 16.4755 34.7863 40.4353 74.979 50.1632 24.8678 21.3866 19.8061 19.556 71.3488 23.1494 12.8105 17.3797
threshold=1.3133114576339724 0.025237264111638073 0.55062827467918407 -0.028148042969405648 0.0036335332551971082 -0.012826317455619572 0.0358814224600792 -0.071138612926006303 0.033361051231622703 0.03500685282051564 0.02811361383646727 0.070513486862182631 0.27418796718120581 -0.016397306695580479
decision_type=2 2 2 2 2 2 2 2 2 2 2 2 2 2
left_child=1 2 3 5 -5 -1 -4 -8 12 10 -10 -11 -3 -14
right_child=-2 8 6 4 -6 -7 7 -9 9 11 -12 -13 13 -15
leaf_value=0.0030760420850730738 -0.0028560691033148989 -0.015073988436023648 -0.0042672438833320945 -0.0073634857962380862 0.0054614892084558645 -0.0028151742240394373 0.010287467352630869 0.0034067562961461895 -0.0025143308687840286 -0.0032748479843774433 0.015374580099437632 0.0011478567687726122 0.0048206005758089946 -0.0081571115329139385
leaf_weight=5736.1133924387395 2032.9345477372408 157.81112776510417 361.8892154507339 1921.3822163715959 777.15856968611479 2550.0662060901523 776.42911454662681 1929.2928102575243 796.79513494297862 3246.2521086912602 403.80544015578926 2606.1089951246977 180.72960002347827 372.80285708606243
leaf_count=38042 14514 2294 3186 15694 6048 18724 5534 13844 6371 27015 3439 20901 1395 2999
internal_value=-1.00182e-05 0.000256372 0.000971086 4.96244e-05 -0.00366347 0.00126182 0.00425984 0.00541184 -0.00103675 -0.000471088 0.00357966 -0.00130678 -0.00656098 -0.00390951
internal_weight=23849.6 21816.6 14052.3 10984.7 2698.54 8286.18 3067.61 2705.72 7764.31 7052.96 1200.6 5852.36 711.344 553.532
internal_count=180000 165486 101072 78508 21742 56766 22564 19378 64414 57726 9810 47916 6688 4394
is_linear=0
shrinkage=0.035


Tree=123
num_leaves=15
num_cat=0
split_feature=24 22 22 9 24 24 24 15 11 24 1 16 18 11
split_gain=14.1703 15.4818 44.1026 40.156 35.4164 30.6249 20.3858 19.3852 25.1295 18.8153 19.093 16.744 16.4062 11.2735
threshold=0.032028134912252433 0.59531068801879894 0.55062827467918407 0.24422384798526767 0.03500685282051564 0.0358814224600792 0.039040250703692443 17.874490737915043 0.34374737739562994 0.03889110870659352 0.067100163549184813 1.0154653787612917 0.0062347571365535268 0.34374737739562994
decision_type=2 2 2 2 2 2 2 2 2 2 2 2 2 2
left_child=-1 2 3 6 -5 13 -2 8 -4 11 -11 -7 -9 -3
right_child=1 5 7 4 -6 9 -8 12 -10 10 -12 -13 -14 -15
leaf_value=-0.0064038455237742245 -0.0050879717785161727 -0.0095617788856749326 0.0088923074770335467 0.0029590900054525344 -0.00077788222373378858 0.004815460839971245 0.0082942656233685585 0.0047574727975450972 0.00021887755471707137 0.0010167469911268785 -0.007927933615852395 -0.0014421077468392571 -0.0035207231723878856 -0.00057485581456807443
leaf_weight=407.1825506594032 2340.2671628259122 701.54184618033469 1412.3609728775918 4764.7420880161226 8884.5991954393685 1067.1325372382998 139.4071251489222 586.29170967265964 575.19593577831984 543.72300689667463 617.21986416727304 1012.7732616066933 567.38400523364544 226.83632325381041
leaf_count=3346 25504 7049 10573 30325 62408 8001 1522 4664 3488 4358 4845 7924 4421 1572
internal_value=-9.96309e-06 0.000103793 0.000522362 -0.000217419 0.00052784 -0.00182746 -0.00430533 0.00430948 0.00639589 -0.000214597 -0.00376582 0.00177613 0.000690942 -0.00739548
internal_weight=23846.7 23439.5 19270.2 16129 13649.3 4169.23 2479.67 3141.23 1987.56 3240.85 1160.94 2079.91 1153.68 928.378
internal_count=180000 176654 142905 119759 92733 33749 27026 23146 14061 25128 9203 15925 9085 8621
is_linear=0
shrinkage=0.035


Tree=124
num_leaves=15
num_cat=0
split_feature=23 15 23 15 10 8 20 24 21 2 11 20 8 13
split_gain=13.9892 21.2481 17.9764 17.677 25.6072 24.5133 21.2274 20.5633 17.6557 15.4932 10.0754 9.86006 9.06848 8.62357
threshold=0.31619535386562353 16.704549789428714 0.30651316046714788 19.889597892761234 0.15326413512229922 -0.16467675566673276 0.075289648026227965 0.039101418107748039 0.17091248184442523 0.025840449146926407 0.093500178307294859 -0.033946592360734933 -0.48495002090930933 0.59506523609161388
decision_type=2 2 2 2 2 2 2 2 2 2 2 2 2 2
left_child=2 12 3 4 10 7 -7 -5 -6 13 -1 -3 -2 -4
right_child=1 11 9 5 8 6 -8 -9 -10 -11 -12 -13 -14 -15
leaf_value=-0.022026196636975515 -0.005944034976610421 -0.0028778473878278924 0.016930886800520718 0.010247648213551966 -0.00027336708212121348 -0.0025177591422708354 0.01414578510228323 -0.016008128194227884 0.006769902388564444 -0.0073455043554162313 -0.0026505200548691083 -0.013955783054271224 0.0085065804786316774 0.00048422298263048173
leaf_weight=80.714073147624731 72.281344600021839 169.25482722371817 159.89259182289243 612.96076525002718 20929.754284374416 704.09075885266066 97.788362462073565 30.066978018730879 435.25987170636654 49.959550447762012 56.363855473697186 248.30238288268447 145.53517347760499 51.491447474807501
leaf_count=1386 478 1145 958 4058 156638 5992 861 208 3133 368 899 2341 1192 343
internal_value=-9.87044e-06 -0.00509269 0.000131415 2.55029e-05 -0.000227029 0.00375923 -0.000336451 0.00879363 -0.000126778 0.00908728 -0.0147812 -0.00963773 0.00366079 0.0131274
internal_weight=23843.7 635.374 23208.3 22947 21502.1 1444.91 801.879 643.028 21365 261.344 137.078 417.557 217.817 211.384
internal_count=180000 5156 174844 173175 162056 11119 6853 4266 159771 1669 2285 3486 1670 1301
is_linear=0
shrinkage=0.035


Tree=125
num_leaves=15
num_cat=0
split_feature=3 10 15 16 17 19 20 8 21 5 20 20 24 1
split_gain=14.1849 29.56 16.7657 14.3239 20.4028 17.8594 17.2316 18.922 15.7751 24.7166 24.1362 25.6188 20.152 17.4446
threshold=1.4699995517730715 0.59400221705436718 18.858877182006839 0.92238044738769542 0.019999749027192596 -0.078838583081960664 0.09569913893938066 -0.0055118792224675408 -0.050333308055996888 -0.060569703578948968 -0.062295727431774132 -0.059193730354309075 0.03674860671162606 0.2348824739456177
decision_type=2 2 2 2 2 2 2 2 2 2 2 2 2 2
left_child=3 -2 -3 8 5 -5 -6 -8 9 12 -10 -12 -1 -11
right_child=1 2 -4 4 6 -7 7 -9 10 13 11 -13 -14 -15
leaf_value=0.0044097672858305669 0.015207111664955702 -0.0045853861484010756 0.014445266315282226 0.004489046586337999 -1.2726679484217877e-05 -0.0057002517850333265 -0.0072405883337997509 0.012902291492150112 -0.0062084233341399529 -0.005495532642602591 0.010017422280670157 0.0018532835547587505 -0.0051589128631939095 0.012365262035336281
leaf_weight=1068.0275517627597 218.15445713698864 287.39317858219147 60.109790921211243 236.47513175755739 12248.026754941791 1532.2591380123049 659.27888249233365 53.365388039499521 396.1008970066905 1272.5301378611475 512.21308330819011 4886.637913832441 350.33464200794697 61.408678773790598
leaf_count=6410 1038 1514 290 3044 87168 18188 5364 441 2984 10512 3260 36960 2448 379
internal_value=-9.89528e-06 0.00541757 -0.000981553 -0.00014406 -0.000805273 -0.00432039 -0.000322606 -0.00557455 0.000995011 -0.0011839 0.00203014 0.00264494 0.00202674 -0.00458741
internal_weight=23842.3 565.657 347.503 23276.7 14729.4 1768.73 12960.7 712.644 8547.25 2752.3 5794.95 5398.85 1418.36 1333.94
internal_count=180000 2842 1804 177158 114205 21232 92973 5805 62953 19749 43204 40220 8858 10891
is_linear=0
shrinkage=0.035


Tree=126
num_leaves=15
num_cat=0
split_feature=10 3 22 3 11 15 4 13 24 20 7 5 12 22
split_gain=13.9269 19.4412 39.1882 19.9746 21.8382 19.1658 15.7825 15.7519 32.0668 24.8439 14.7257 13.9175 10.8995 11.4224
threshold=1.4792042970657351 -0.76041498780250538 0.30037069320678716 1.4699995517730715 0.31692631542682653 18.016963958740238 0.012104112654924394 0.53182005882263195 0.037483181804418571 0.11053578183054925 -0.51581326127052296 0.13486671447753909 0.48462526500225073 0.59531068801879894
decision_type=2 2 2 2 2 2 2 2 2 2 2 2 2 2
left_child=1 2 5 7 6 -1 -5 9 -9 -3 -2 -6 -12 -14
right_child=10 3 -4 4 11 -7 -8 8 -10 -11 12 -13 13 -15
leaf_value=0.0039443259677106038 -0.015693730059305085 0.00077918584309591009 0.020431764864712303 0.0041857668316135502 0.0057990565386315598 -0.021510587271631326 0.025959180727108126 -0.0028985141755910877 0.0012103578747107953 -0.01400980743467042 -0.01556540792717051 -0.0090478250018804687 0.0068175417321525962 -0.011047861534555429
leaf_weight=113.11995528638363 129.4788773804903 12827.347578026354 156.85226595401764 76.618044137954712 266.58299799263477 41.769911050796509 89.819882452487946 5776.6627782098949 3883.9803406782448 130.691077305004 43.136651061475277 97.610965803265572 154.96360392868519 49.964418843388557
leaf_count=685 1044 93333 947 356 1310 245 428 47170 30955 1156 286 512 1162 411
internal_value=-9.08517e-06 9.9578e-05 0.00864391 -1.91676e-05 0.00662943 -0.00380846 0.0167413 -0.000178004 -0.00124703 0.00061934 -0.00658989 0.00168435 -0.00141409 0.00215034
internal_weight=23838.6 23461.1 311.742 23149.3 530.632 154.89 166.438 22618.7 9660.64 12958 377.544 364.194 248.065 204.928
internal_count=180000 177097 1877 175220 2606 930 784 172614 78125 94489 2903 1822 1859 1573
is_linear=0
shrinkage=0.035


Tree=127
num_leaves=15
num_cat=0
split_feature=23 11 22 24 1 7 2 1 10 3 17 20 23 23
split_gain=13.3924 26.04 29.3818 26.74 32.6736 22.6266 17.2988 22.4112 18.722 16.2311 21.7313 16.111 25.0796 49.8517
threshold=0.13140495866537097 0.15648971498012546 0.50805076956748974 0.035735940560698516 0.026395685039460662 -0.1696100980043411 0.71704462170600902 0.21616869419813159 0.71201059222221386 -0.47337336838245386 0.025612702593207363 -0.042127339169383042 0.18757276237010959 0.2665951550006867
decision_type=2 2 2 2 2 2 2 2 2 2 2 2 2 2
left_child=5 2 -2 -4 -5 9 7 -7 -9 -1 -11 -3 -13 -14
right_child=1 11 3 4 -6 6 -8 8 -10 10 -12 12 13 -15
leaf_value=-0.012863448608182001 -0.010400160568970326 0.0017159047188939644 -0.013306509493576433 0.015742422926356733 -0.001537217916487128 0.0036610802704319283 0.013203131974454349 -0.0070784020086302355 0.011788678029328811 -0.01170061853940132 0.00133301882902464 -0.0022896092943960064 0.0026145076233996035 -0.0045973469143065805
leaf_weight=148.69481457024813 633.71884234622121 4825.9784894883633 178.793999992311 146.8936420455575 912.15177182108164 2858.8907553534955 185.6001358255744 426.69700510427356 66.300134092569351 178.62258449196815 917.74142721295357 5993.5488808043301 4821.6855380795896 1541.322604291141
leaf_count=957 9210 31503 2660 1883 9590 20381 915 2625 387 1229 5024 45358 35150 13128
internal_value=-9.19859e-06 -0.000424978 -0.00433398 -0.0011699 0.000984372 0.00164473 0.00307094 0.0024723 -0.00435716 -0.00239962 -0.000877021 3.07154e-06 -0.000666739 0.000863095
internal_weight=23836.6 19054.1 1871.56 1237.84 1059.05 4782.55 3537.49 3351.89 492.997 1245.06 1096.36 17182.5 12356.6 6363.01
internal_count=180000 148482 23343 14133 11473 31518 24308 23393 3012 7210 6253 125139 93636 48278
is_linear=0
shrinkage=0.035


Tree=128
num_leaves=15
num_cat=0
split_feature=12 9 3 21 24 20 1 8 24 15 24 10 24 19
split_gain=13.9643 15.2437 23.4107 19.9886 19.1013 15.5282 14.5681 19.5054 35.811 22.8462 16.374 43.3992 27.8062 12.8217
threshold=1.2603251934051516 0.21509320288896563 -0.098511517047882066 -0.050333308055996888 0.035484667867422111 -0.033946592360734933 -0.02050760947167873 -0.39896588027477259 0.034483484923839576 16.959463119506839 0.033951222896575935 0.64613988995552074 0.034483484923839576 0.11827749013900758
decision_type=2 2 2 2 2 2 2 2 2 2 2 2 2 2
left_child=1 2 13 5 -5 -4 10 8 -8 -9 11 -3 -12 -1
right_child=-2 6 3 4 -6 -7 7 9 -10 -11 12 -13 -14 -15
leaf_value=-0.013137094736616258 -0.0023190538743141581 0.0068273885089301326 -0.00077325472939500394 -0.0045606241608689008 0.0028390089833000916 -0.013974626546763565 -0.01328078533424292 0.0025497529335791504 -0.00046102174444730333 -0.0011046495299831505 -0.009397116798952089 -0.0058263003665501951 0.0013716444049391068 0.0086773319138372575
leaf_weight=289.67516528069973 2816.4305025134236 1712.075810406357 210.33892694301903 607.82548773288727 1376.7019172012806 219.69333036057651 369.90048851072788 3482.6903285570443 900.16980236768723 5229.8056318350136 299.19729598611593 403.19507100433111 5885.2710585929453 30.167623057961464
leaf_count=3955 20320 11117 2082 7638 14544 3052 2280 24941 5707 39219 2091 2258 40396 400
internal_value=-9.27424e-06 0.000301213 -0.00213139 -0.000932568 0.00056113 -0.00768184 0.000666012 -0.000234938 -0.00426929 0.000357392 0.00174861 0.00439938 0.000836335 -0.0108789
internal_weight=23833.1 21016.7 2734.4 2414.56 1984.53 430.032 18282.3 9982.57 1270.07 8712.5 8299.74 2115.27 6184.47 319.843
internal_count=180000 159680 31671 27316 22182 5134 128009 72147 7987 64160 55862 13375 42487 4355
is_linear=0
shrinkage=0.035


Tree=129
num_leaves=15
num_cat=0
split_feature=24 20 20 13 20 3 24 3 7 12 13 10 10 1
split_gain=13.0443 15.5161 35.3261 39.8034 34.6154 19.2172 18.3638 18.2296 13.4172 16.9653 12.8303 11.1862 18.7417 6.70158
threshold=0.032028134912252433 -0.073807202279567705 -0.062295727431774132 0.42395398020744329 -0.059193730354309075 0.15922401845455172 0.037328952923417098 0.35542245209217077 -0.088459189981222139 0.70821702480316173 0.44793264567852026 0.29558062553405767 0.61859694123268139 0.41319188475608831
decision_type=2 2 2 2 2 2 2 2 2 2 2 2 2 2
left_child=11 8 3 5 7 -3 -6 -4 9 -2 -11 -1 -13 -5
right_child=1 2 4 13 6 -7 -8 -9 -10 10 -12 12 -14 -15
leaf_value=-0.018039270555312674 -0.0077405358998622669 -0.0047516593959036962 0.0090344877367012615 -0.01330780752195351 -0.00098337411068977849 0.010733491878947591 0.0012335700834840099 -0.00087169122539303026 -0.0036181912639772396 0.004140351960568397 0.012951839494632151 0.0021864503752344086 -0.015276667139541148 0.0033910936584359485
leaf_weight=69.214760480448604 111.12154826894403 215.45121158845723 778.53665849752724 543.99971661902964 12615.255497051403 164.43769754469395 7170.2847430426627 317.55624154210091 268.11462241597474 961.51700716838241 253.26385988667607 236.55811396986246 99.078352898359299 27.267655655741692
leaf_count=1026 659 1555 5434 4364 97458 943 54740 1614 2096 6109 1514 1679 641 168
internal_value=-9.74934e-06 9.91518e-05 -0.000144879 -0.00670555 0.000157026 0.00205458 -0.000179736 0.00618257 0.00342163 0.0048616 0.00606817 -0.00616183 -0.00326142 -0.0124661
internal_weight=23831.7 23426.8 21832.8 951.156 20881.6 379.889 19785.5 1096.09 1594.02 1325.9 1214.78 404.851 335.636 571.267
internal_count=180000 176654 166276 7030 159246 2498 152198 7048 10378 8282 7623 3346 2320 4532
is_linear=0
shrinkage=0.035


Tree=130
num_leaves=15
num_cat=0
split_feature=12 9 22 8 21 21 15 22 24 1 2 24 15 8
split_gain=13.1166 14.1719 20.8198 20.177 19.0096 32.0117 14.6052 23.1401 16.202 14.4863 17.9814 15.9127 14.1812 12.1774
threshold=1.3133114576339724 0.21509320288896563 0.40993298590183264 -0.058271586894989007 -0.050333308055996888 0.014401994645595552 20.783766746521 0.30037069320678716 0.03650989010930062 -0.02050760947167873 0.71704462170600902 0.033951222896575935 16.2045431137085 -0.460264042019844
decision_type=2 2 2 2 2 2 2 2 2 2 2 2 2 2
left_child=1 2 3 12 -4 -6 9 13 -9 11 -11 -3 -1 -8
right_child=-2 6 4 -5 5 -7 7 8 -10 10 -12 -13 -14 -15
leaf_value=-0.01673395982826734 -0.0026965789039265337 0.0040837524137441097 -0.01251143450386588 -0.018341413151386994 0.0064972060689653362 -0.0027592690702924602 0.009371955927819562 0.021825607252215513 0.0040633575246904448 -0.0008690991111855894 0.0046490335795505086 0.00062543035470223282 -0.00057988435681245731 -0.0174909537122723
leaf_weight=72.999238545075059 2025.9233042486012 2179.1346022337675 141.05203084275126 155.97930949181318 679.78408461436629 1350.2180568967015 23.932205691933632 116.02569000795484 137.00715614110231 9385.8838105760515 773.8093361184001 6398.7400864362717 340.29897647537291 49.422559339553118
leaf_count=1079 14514 13839 1848 2204 5992 16272 128 658 768 69569 4240 44095 4430 364
internal_value=-9.86098e-06 0.000240894 -0.00210802 -0.00800365 -0.000532502 0.000357089 0.000579465 0.00780821 0.0127282 0.000449451 -0.000444654 0.00150772 -0.00376103 -0.00865393
internal_weight=23830.2 21804.3 2740.33 569.278 2171.05 2030 19064 326.388 253.033 18737.6 10159.7 8577.87 413.298 73.3548
internal_count=180000 165486 31825 7713 24112 22264 133661 1918 1426 131743 73809 57934 5509 492
is_linear=0
shrinkage=0.035


Tree=131
num_leaves=15
num_cat=0
split_feature=23 15 23 21 8 15 24 23 23 2 20 18 4 8
split_gain=12.9247 20.4964 16.358 16.5956 18.7174 19.1309 17.9545 28.6178 25.2993 14.1768 10.5042 8.78462 18.6749 8.25748
threshold=0.31619535386562353 16.08006572723389 0.30651316046714788 -0.16158835589885709 -0.04714913293719291 17.804110527038578 0.037889750674366958 0.2665951550006867 0.16534470766782763 0.025840449146926407 -0.033946592360734933 -0.051885951310396188 -0.010961812455207108 -0.61723673343658436
decision_type=2 2 2 2 2 2 2 2 2 2 2 2 2 2
left_child=2 13 3 4 5 -1 8 -8 -5 11 -3 -4 -13 -2
right_child=1 10 9 6 -6 -7 7 -9 -10 -11 -12 12 -14 -15
leaf_value=0.0024749747365291328 -0.0067814015908176754 -0.0016332808317192624 0.00085106231430009569 0.00065536785591269685 -0.017408536908333511 0.016848167310724499 0.002371892931963064 -0.0058424276599314548 -0.0020731463186669141 -0.0071287613409258188 -0.011690416586144984 0.03272119858326962 0.0070683257901515964 0.013959074335108134
leaf_weight=303.08296237699687 25.182730674743652 215.96962583810091 59.828636676073074 8355.6760073658079 29.0457215141505 175.44361205399036 5222.336083650589 567.27263696119189 8278.8105019070208 49.660069353878498 313.02764654718339 48.43893713876605 104.97031262144446 78.231282105669379
leaf_count=1891 170 1441 329 60881 227 1232 39144 5159 64641 368 2923 276 696 622
internal_value=-9.956e-06 -0.00490708 0.000125624 2.42386e-05 0.00622044 0.00798167 -0.000118724 0.00155836 -0.000703015 0.00864413 -0.00769095 0.0124722 0.0166749 0.00875587
internal_weight=23827 632.411 23194.6 22931.7 507.572 478.527 22424.1 5789.61 16634.5 262.898 528.997 213.238 153.409 103.414
internal_count=180000 5156 174844 173175 3350 3123 169825 44303 125522 1669 4364 1301 972 792
is_linear=0
shrinkage=0.035


Tree=132
num_leaves=15
num_cat=0
split_feature=10 8 7 3 12 2 10 20 18 12 2 2 12 17
split_gain=12.9048 18.9631 18.8305 17.9496 17.625 16.5193 28.408 20.7023 14.7248 17.0623 12.4723 18.6005 16.9167 11.853
threshold=1.4792042970657351 -0.72859495878219593 -0.43239645659923548 -1.0000000180025095e-35 1.5344794988632204 0.71704462170600902 1.1010872125625613 -0.028148042969405648 0.39322072267532354 1.2383896708488467 -0.57212767004966725 -0.20782455801963803 1.102893114089966 0.064152654260396971
decision_type=2 2 2 2 2 2 2 2 2 2 2 2 2 2
left_child=2 -2 10 4 -3 8 7 -7 9 -4 12 -12 -1 -13
right_child=1 3 5 -5 -6 6 -8 -9 -10 -11 11 13 -14 -15
leaf_value=-0.0089838396614380436 -0.01511115578925715 0.01896044432140459 2.6935873628495715e-06 -0.011171105476866505 -0.0055547512173184151 0.014852125645054828 -0.012023678618122362 0.0028325182476282964 0.0092471675416332805 -0.0030000246459226105 0.012331391962492328 -0.015180295910074948 0.0097301294198773695 0.0052566751506135595
leaf_weight=132.78573835641146 159.79066178947687 72.28350193053484 18997.318629035726 85.969911463558674 57.377909801900387 253.52811724692583 102.73936143517494 545.02351432293653 187.06678607314825 2630.3624313306063 382.37559465318918 47.147385463118553 91.178581424057484 79.97190335392952
leaf_count=770 1366 488 147632 601 448 1198 586 3057 1197 19354 2089 246 549 419
internal_value=-9.37222e-06 -0.00636175 9.49966e-05 0.000504248 0.00849099 -8.43579e-05 0.00453261 0.00678505 -0.0002771 -0.000363715 0.00557622 0.00855442 -0.00127491 -0.0028775
internal_weight=23824.9 375.422 23449.5 215.631 129.661 22716 901.291 798.552 21814.7 21627.7 733.459 509.495 223.964 127.119
internal_count=180000 2903 177097 1537 936 173024 4841 4255 168183 166986 4073 2754 1319 665
is_linear=0
shrinkage=0.035


Tree=133
num_leaves=15
num_cat=0
split_feature=22 22 9 3 24 24 24 10 24 6 14 24 3 17
split_gain=12.8413 42.2351 35.2897 36.1075 26.2504 22.6315 39.708 36.6653 19.0655 17.9479 22.4114 17.8672 20.0055 26.05
threshold=0.59531068801879894 0.55062827467918407 0.24422384798526767 0.42606313526630407 0.0358814224600792 0.03500685282051564 0.034643387421965606 0.53620377182960521 0.039040250703692443 0.21276213973760608 0.76546552777290355 0.03889110870659352 0.012115664780139925 0.032199626788496978
decision_type=2 2 2 2 2 2 2 2 2 2 2 2 2 2
left_child=1 2 3 8 -2 6 -4 -7 -1 -3 -11 12 13 -6
right_child=4 9 5 -5 11 7 -8 -9 -10 10 -12 -13 -14 -15
leaf_value=-0.0065651083158764162 -0.0069636754022058519 0.0054936433793047442 0.0010411353053458949 0.0069663367767177605 -0.009257229366741785 -0.0024130863222842436 0.010466126626856899 0.0022737013750337683 0.0070221640092423343 -0.01038872078167628 0.00311153807743408 -0.0037499490342330472 0.0043739267967201059 0.00318290460607976
leaf_weight=2059.4261918887496 918.00395281612873 2439.0231125932187 4535.6441626921296 303.91449281573296 375.8964963760227 5691.8683087192476 613.27608179673553 3178.5998972505331 126.76948538795114 202.04827868938446 510.51454442739487 1160.2044636327773 1272.7701672166586 434.86143093556166
leaf_count=24344 8621 18831 29085 1772 3800 42977 4051 19431 1445 1217 3098 9203 9306 2819
internal_value=-9.12305e-06 0.000364938 -0.000344563 -0.00417532 -0.00177292 0.000338343 0.00218184 -0.000732977 -0.00574885 0.00407098 -0.000807279 -0.000287007 0.00165002 -0.0026273
internal_weight=23822.8 19661.1 16509.5 2490.11 4161.74 14019.4 5148.92 8870.47 2186.2 3151.59 712.563 3243.73 2083.53 810.758
internal_count=180000 146251 123105 27561 33749 95544 33136 62408 25789 23146 4315 25128 15925 6619
is_linear=0
shrinkage=0.035


Tree=134
num_leaves=15
num_cat=0
split_feature=21 1 22 22 24 6 20 15 11 24 16 13 6 15
split_gain=12.2223 29.4396 22.8902 39.2151 34.5471 56.6979 46.7282 17.6878 22.9069 16.9338 16.819 16.5638 15.8443 11.0846
threshold=0.17091248184442523 0.12206578627228738 0.59531068801879894 0.55062827467918407 0.039040250703692443 0.039850240573287017 -0.028148042969405648 17.874490737915043 0.34374737739562994 0.036670535802841193 1.9035639166831972 0.44793264567852026 0.23124879598617556 16.959463119506839
decision_type=2 2 2 2 2 2 2 2 2 2 2 2 2 2
left_child=2 -2 3 4 6 -6 -1 8 -5 -4 13 -9 -3 -11
right_child=1 12 9 7 5 -7 -8 11 -10 10 -12 -13 -14 -15
leaf_value=0.00090991653888659928 0.01731443424940575 -0.0060807597782943871 -0.006756483250068503 0.0082682695037056223 -0.0015127161412498394 0.015704040499571834 -0.0029710128755487432 0.0061913373655368194 1.0061291314880426e-05 0.0020215212169167772 -0.017389205269309177 -0.0025458578685002126 0.010275207589500377 -0.0025712262986442125
leaf_weight=9007.222681293264 158.34766318276525 214.69897830858827 913.42894621565938 1425.3898539841175 522.7335548363626 412.35856436565518 6560.3791098929942 395.4147381298244 576.84123708307743 1034.0673695877194 67.190927231684327 762.05781320109963 97.204739913344383 1671.0454965047538
leaf_count=61703 1204 1661 8621 10573 3847 2960 54595 2934 3488 7675 524 6151 577 13487
internal_value=-8.95592e-06 0.00551806 -0.000122589 0.000352255 -0.000332405 0.00616539 -0.000726412 0.00391791 0.00590096 -0.00264986 -0.00127737 0.000466401 -0.000822574 -0.000814605
internal_weight=23818.4 470.251 23348.1 19662.4 16502.7 935.092 15567.6 3159.7 2002.23 3685.73 2772.3 1157.47 311.904 2705.11
internal_count=180000 3442 176558 146251 123105 6807 116298 23146 14061 30307 21686 9085 2238 21162
is_linear=0
shrinkage=0.035


Tree=135
num_leaves=15
num_cat=0
split_feature=17 15 20 20 6 5 20 20 17 20 6 2 20 18
split_gain=12.2307 17.1356 13.3178 16.4227 32.7449 20.9272 19.8955 49.7703 15.1383 15.0816 13.9328 19.5539 19.3911 11.4653
threshold=0.016356367617845539 15.958306789398195 0.09569913893938066 0.075289648026227965 0.066824611276388182 0.14693863689899447 0.04162253066897393 0.038012521341443069 0.035270111635327346 0.067654795944690718 0.10290294885635377 -0.0092032547108829004 0.1171386204659939 0.019103033468127254
decision_type=2 2 2 2 2 2 2 2 2 2 2 2 2 2
left_child=1 -1 3 6 8 -6 7 -2 -5 -8 11 12 -4 -12
right_child=2 -3 10 4 5 -7 9 -9 -10 -11 13 -13 -14 -15
leaf_value=-0.018436882903432844 0.00026790971738728238 -0.0022766037426605813 -0.0080054475673881041 -0.0050618151005495217 0.016617610832872155 0.0018942544738793459 -0.004401512529128032 0.01242079462105326 0.0046527299414905838 0.0011175455830837462 0.0063098766312993382 -0.015346929129574948 0.00660552555194287 -0.0041655414110750785
leaf_weight=77.363775672391057 17063.881624996662 1073.7178352940828 285.57863550260663 394.82003830745816 307.37755108997226 193.02837697789073 1874.9217349924147 413.05829413235188 371.90756367146969 889.21985115483403 241.00212709233165 209.01893454417586 169.21180287748575 251.52267600595951
leaf_count=1295 120747 13225 2442 3456 2244 1287 15973 3304 2285 6531 1996 1993 1257 1965
internal_value=-8.53694e-06 -0.00351217 0.000170875 0.000368238 0.0042176 0.0110866 0.000125297 0.000562075 -0.000350459 -0.00262841 -0.00347183 -0.00674333 -0.00254405 0.00098385
internal_weight=23815.6 1151.08 22664.5 21508.2 1267.13 500.406 20241.1 17476.9 766.728 2764.14 1156.33 663.809 454.79 492.525
internal_count=180000 14520 165480 155827 9272 3531 146555 124051 5741 22504 9653 5692 3699 3961
is_linear=0
shrinkage=0.035


Tree=136
num_leaves=15
num_cat=0
split_feature=24 20 20 13 20 22 10 15 3 3 8 24 10 10
split_gain=12.3737 13.6247 32.9533 37.2285 31.9313 18.9488 20.3894 17.9822 17.7492 17.6038 16.0102 15.4899 10.5448 17.7415
threshold=0.032028134912252433 -0.073807202279567705 -0.062295727431774132 0.42395398020744329 -0.059193730354309075 0.30844902992248541 0.61859694123268139 17.666995048522953 0.15922401845455172 0.35542245209217077 -0.058271586894989007 0.037328952923417098 0.29558062553405767 0.61859694123268139
decision_type=2 2 2 2 2 2 2 2 2 2 2 2 2 2
left_child=12 5 3 8 9 6 10 -7 -3 -4 -2 -6 -1 -14
right_child=1 2 4 -5 11 7 -8 -9 -10 -11 -12 -13 13 -15
leaf_value=-0.017659082874513343 0.010747248852604439 -0.0045985130424728553 0.0087307350012513218 -0.012100135083967456 -0.00090461698738780695 -0.0050486282044823836 -0.0046058083983862401 0.0054431024044525357 0.010274510549628607 -0.00099106007169776967 -0.014220746736307488 0.0011315019806914057 0.0020683349478601066 -0.014964798841436823
leaf_weight=67.910796821117401 628.19947975128889 214.66708928905427 781.72439630329609 565.83754434622824 12588.291233330965 462.01101858727634 145.74895597994328 337.50550170615315 165.28153787925839 317.88233256340027 24.707736812531948 7178.7842977847904 237.05454831570387 98.219576679170132
leaf_count=1026 4110 1555 5434 4532 97458 2932 772 2349 943 1614 215 54740 1679 641
internal_value=-8.51633e-06 9.74113e-05 -0.000131747 -0.00648672 0.000159263 0.00320641 0.00698439 -0.000607153 0.00196897 0.00593668 0.00960213 -0.000164964 -0.00601262 -0.00321047
internal_weight=23813.8 23410.6 21812.5 945.786 20866.7 1598.17 798.656 799.517 379.949 1099.61 652.907 19767.1 403.185 335.274
internal_count=180000 176654 166276 7030 159246 10378 5097 5281 2498 7048 4325 152198 3346 2320
is_linear=0
shrinkage=0.035


Tree=137
num_leaves=15
num_cat=0
split_feature=12 11 22 8 3 21 24 24 10 20 20 20 7 13
split_gain=12.0494 13.7786 34.4251 42.5294 42.0022 24.1738 22.94 16.2831 15.8221 14.0768 39.2267 19.7558 20.4328 19.2402
threshold=1.2603251934051516 0.22044312953948977 0.40993298590183264 -0.058271586894989007 -0.060967255383729928 -0.019823805429041382 0.035484667867422111 0.037889750674366958 0.24038115143775943 0.04162253066897393 0.038012521341443069 0.067654795944690718 -0.23444311320781705 0.36151275038719183
decision_type=2 2 2 2 2 2 2 2 2 2 2 2 2 2
left_child=1 2 3 5 8 -1 -6 -5 -4 10 -3 -11 -13 -12
right_child=-2 9 4 7 6 -7 -8 -9 -10 11 13 12 -14 -15
leaf_value=0.0009401364759083345 -0.0021587208318736145 0.0011934318132169346 -0.012732996561312207 -0.017020399960695841 -0.0020585661907803997 -0.0084723147377252089 0.0035516402294164741 0.0042138016694455282 -0.0030907183948221187 -0.0048264993453463962 -0.0047861312432352218 0.0092636525431938222 -0.00051471334901037483 0.018307762747628686
leaf_weight=1012.3137961700559 2806.3267851546407 10178.185975901783 282.6338079739362 374.68099932000041 1233.4663177654147 487.78096067719162 3172.0352994017303 46.012232145294547 760.08231731876731 1116.9005790017545 49.646410383284092 297.23521448299289 1763.3830693475902 232.07681705057621
leaf_count=10203 20320 63382 3954 4143 12156 5841 27314 532 7748 8425 317 1824 12248 1593
internal_value=-8.90601e-06 0.000279186 -0.000939445 -0.0049553 0.000482845 -0.00215632 0.00197977 -0.014654 -0.00580044 0.000937881 0.00155735 -0.0010998 0.0009337 0.0142135
internal_weight=23812.8 21006.4 7369.01 1920.79 5448.22 1500.09 4405.5 420.693 1042.72 13637.4 10459.9 3177.52 2060.62 281.723
internal_count=180000 159680 71891 20719 51172 16044 39470 4675 11702 87789 65292 22497 14072 1910
is_linear=0
shrinkage=0.035


Tree=138
num_leaves=15
num_cat=0
split_feature=23 15 15 3 10 23 3 24 23 3 17 12 13 22
split_gain=12.1666 19.3185 15.9787 23.9686 23.9158 15.8096 19.141 15.659 17.3967 15.1149 14.2164 12.5831 12.424 9.93875
threshold=0.31619535386562353 16.897056579589847 19.889597892761234 -0.31075927615165705 0.15326413512229922 0.30651316046714788 -0.098511517047882066 0.040403148159384734 0.13297493755817416 -0.28844989836215967 0.049366818740963943 0.93043631315231334 0.59506523609161388 0.31738407909870153
decision_type=2 2 2 2 2 2 2 2 2 2 2 2 2 2
left_child=2 9 4 10 -1 6 -6 8 -5 -2 11 -4 -7 -12
right_child=1 -3 3 7 5 12 -8 -9 -10 -11 13 -13 -14 -15
leaf_value=-0.014313218221162301 -0.0080245857818259259 -0.0096458036449231475 0.031022590880689392 0.0099709806734839951 -0.0014207181140639179 0.01341892206557677 0.00072213690576940432 -0.013388184340593079 0.00028801192070007712 0.009088103707816526 -0.0096745712020163445 0.0083839273665930313 -0.0033444205324537563 0.013102387178751767
leaf_weight=134.39835702441633 91.976283047348261 380.03163403458893 64.928784601390362 295.44588220864534 8438.4734132178128 175.18410450220108 12898.752555210143 68.489714678376913 890.78930486366153 158.10156353935599 37.700948923826218 67.270737044513226 71.718377377837896 36.398065648972988
leaf_count=2289 629 3223 357 1921 61196 1037 98575 562 7600 1304 208 388 514 197
internal_value=-9.06621e-06 -0.00476912 0.000122331 0.00365253 -0.00011672 -2.17347e-05 -0.000125591 0.00178236 0.00276286 0.00272767 0.0144188 0.0209024 0.00860899 0.00174127
internal_weight=23809.7 630.109 23179.6 1461.02 21718.5 21584.1 21337.2 1254.72 1186.24 250.078 206.299 132.2 246.902 74.099
internal_count=180000 5156 174844 11233 163611 161322 159771 10083 9521 1933 1150 745 1551 405
is_linear=0
shrinkage=0.035


Tree=139
num_leaves=15
num_cat=0
split_feature=10 8 7 23 11 22 15 22 5 12 2 2 12 15
split_gain=11.9088 18.4017 17.2239 15.4101 20.9265 24.7302 17.272 46.9123 32.3463 14.4102 11.2698 17.6847 15.9768 12.6991
threshold=1.4792042970657351 -0.81464016437530506 -0.43239645659923548 0.13140495866537097 0.15648971498012546 0.50805076956748974 18.767875671386722 0.48759272694587713 -0.060569703578948968 1.3133114576339724 -0.57212767004966725 -0.10953330248594283 1.102893114089966 17.397848129272464
decision_type=2 2 2 2 2 2 2 2 2 2 2 2 2 2
left_child=2 -2 10 6 5 -5 8 -8 -4 -6 12 13 -1 -12
right_child=1 -3 3 4 9 -7 7 -9 -10 -11 11 -13 -14 -15
leaf_value=-0.008729555355739398 -0.017134882908988971 -0.00075288090873592824 -0.0047953964461119412 -0.009699282473796653 0.00016197757963034963 -0.0011651198729776362 0.016935212688203423 0.00048652532874561864 0.0026290299208172334 -0.0037746475724012652 0.0065365886852692054 -0.0049150062712916033 0.0094559905312231914 0.01966452972870298
leaf_weight=132.08065289258957 115.28324759751558 257.87390577793121 975.45932954922318 619.27808478288352 15043.289192765951 1236.6784063838422 306.67193007469177 646.95996318012476 2647.95605157502 1222.3561913110316 277.75680795311928 97.036181174218655 91.547960862517357 137.29611584544182
leaf_count=770 1019 1884 5884 9210 110682 14132 1990 4569 17789 8768 1514 504 549 736
internal_value=-8.4753e-06 -0.00612905 9.15585e-05 -8.03561e-05 -0.00053881 -0.00404944 0.00173199 0.005897 0.000622604 -0.000135996 0.00532549 0.008143 -0.00119876 0.0112397
internal_weight=23807.5 373.157 23434.4 22698.6 18121.6 1855.96 4577.05 953.632 3623.42 16265.6 735.718 512.089 223.629 415.053
internal_count=180000 2903 177097 173024 142792 23342 30232 6559 23673 119450 4073 2754 1319 2250
is_linear=0
shrinkage=0.035


Tree=140
num_leaves=15
num_cat=0
split_feature=20 2 20 13 20 21 3 17 14 15 10 20 2 11
split_gain=11.6971 13.3872 12.9377 33.6689 28.9174 23.3446 16.4319 14.0615 14.95 14.02 13.6971 13.4482 12.9931 12.8733
threshold=-0.098063450306653963 -0.26741875708103174 -0.062295727431774132 0.48650091886520391 -0.059193730354309075 -0.12335744500160216 0.35542245209217077 0.016356367617845539 0.66414606571197521 16.39325046539307 0.290235385298729 -0.073807202279567705 -0.076713960617780672 0.19598617404699328
decision_type=2 2 2 2 2 2 2 2 2 2 2 2 2 2
left_child=1 -1 3 5 6 12 -4 9 -9 -6 -7 -5 -2 -8
right_child=2 -3 4 11 7 10 13 8 -10 -11 -12 -13 -14 -15
leaf_value=0.014407877908628191 0.0017518665762162352 0.0018252145633009171 0.0083243913077365658 -0.0029003309268431235 -0.014996183246718654 -0.0078329108379234149 0.0085772199786373973 -0.0024126470146752423 0.00045460419352531074 -0.0025711548743881469 0.00019035490447998031 -0.012894575481822178 0.016554198623061272 -0.0058855089049779626
leaf_weight=129.31104496866465 151.05884250439703 418.52301661483943 786.26428202539682 280.47295494750142 118.37988152168691 333.66784978471696 103.63887800276279 2573.1492396239191 16176.266958203167 890.35601694695652 1077.1888175085187 417.03846482746303 134.85272911190987 214.4608094394207
leaf_count=671 979 2783 5434 2089 1857 3200 572 18519 120715 11107 6727 3450 855 1042
internal_value=-8.25158e-06 0.00500027 -0.00012833 -0.00255954 0.000151779 0.000114313 0.00563735 -0.000157528 6.00295e-05 -0.00416218 -0.00174892 -0.00897363 0.00905701 -0.00105566
internal_weight=23804.6 547.834 23256.8 2394.28 20862.5 1696.77 1104.36 19758.2 18749.4 1008.74 1410.86 697.511 285.912 318.1
internal_count=180000 3454 176546 17300 159246 11761 7048 152198 139234 12964 9927 5539 1834 1614
is_linear=0
shrinkage=0.035


Tree=141
num_leaves=15
num_cat=0
split_feature=23 24 22 23 9 13 13 5 22 22 4 10 24 22
split_gain=11.5539 12.2876 27.0366 42.3056 49.9433 31.9002 25.7969 27.4902 20.0586 17.9371 18.4422 17.8436 17.596 13.9475
threshold=0.33515524864196783 0.037889750674366958 0.61015853285789501 0.2665951550006867 0.53720557689666759 0.77215799689292919 0.65680301189422619 0.25550748407840734 0.55538171529769909 0.61566752195358287 0.066542174667119994 1.1010872125625613 0.037606121972203262 0.60265234112739574
decision_type=2 2 2 2 2 2 2 2 2 2 2 2 2 2
left_child=1 6 3 5 -5 -3 9 8 -8 12 -11 -4 -1 -9
right_child=-2 2 11 4 -6 -7 7 13 -10 10 -12 -13 -14 -15
leaf_value=0.00050204008664761067 -0.0088151269017428049 0.0035886593961157081 -0.00098317226894250524 -0.016491014390093775 0.0041102757851357715 0.014902474793112368 -0.0071245494287103858 0.0024868449645332105 -0.00034342246571293156 -0.012746724776182298 0.015638245034850506 -0.01604401528896883 -0.0079455559879657422 0.021702421994810109
leaf_weight=14554.713101800531 171.08750495500863 2801.9500852506608 2004.6751131825149 259.51657357253134 303.18424624949694 334.76825164631009 1590.5794558413327 313.54286976158619 803.73992892354727 206.76335466839373 23.576083548367023 91.348082721233368 298.46674326993525 45.054462768137455
leaf_count=106814 1698 20237 15744 3014 2145 2506 13456 2008 7077 1856 159 657 2341 288
internal_value=-8.04934e-06 5.94128e-05 0.0014581 0.00325434 -0.00551305 0.00483966 -0.000395612 -0.00350479 -0.00485911 0.000173795 -0.00931163 -0.00171261 0.000327059 0.00542439
internal_weight=23803 23631.9 5795.44 3699.42 562.701 3136.72 17836.4 2752.92 2394.32 15083.5 230.339 2096.02 14853.2 358.597
internal_count=180000 178302 44303 27902 5159 22743 133999 22829 20533 111170 2015 16401 109155 2296
is_linear=0
shrinkage=0.035


Tree=142
num_leaves=15
num_cat=0
split_feature=24 16 23 24 10 15 10 22 20 22 20 3 15 15
split_gain=11.2593 13.1313 16.1977 20.4935 22.3835 17.6219 40.0279 25.1078 14.7198 19.5613 17.6298 22.4908 20.0241 15.0811
threshold=0.032028134912252433 0.92238044738769542 0.24541131407022479 0.03718423284590245 0.64613988995552074 17.597828865051273 0.49142624437808996 0.50805076956748974 -0.073807202279567705 0.30844902992248541 -0.062295727431774132 0.42606313526630407 16.959463119506839 17.397848129272464
decision_type=2 2 2 2 2 2 2 2 2 2 2 2 2 2
left_child=-1 2 5 4 -4 7 -7 -2 9 -3 11 -10 -12 -11
right_child=1 8 3 -5 -6 6 -8 -9 10 13 12 -13 -14 -15
leaf_value=-0.0057551464455022905 -0.0018476496733775861 0.0078133608466940153 0.0044272887123826231 -0.0092556407625563851 -0.0076407982997018248 0.0014756997511846416 0.010951795000077294 0.003378637714640198 -0.0094960684903803213 -0.0064201235710270354 0.0011656721715708649 0.007381915014594914 -0.0016595108525424189 0.0043983348821086694
leaf_weight=400.39961524866521 2552.396694412455 568.19724717922509 568.78611724451184 373.5130015425384 269.08022200316191 2082.382610604167 732.09975333511829 1999.0787552632391 526.24480251595378 312.9931387975812 4959.4527043178678 110.18297559767962 8047.0318782366812 299.14425481855869
leaf_count=3346 17877 3750 4160 3233 1547 17658 4180 13976 4341 2026 36547 588 64679 2092
internal_value=-8.07226e-06 9.26804e-05 0.00118186 -0.00255416 0.000507223 0.0017989 0.00397066 0.000450192 -0.000537933 0.00319551 -0.00086304 -0.00650504 -0.000582183 -0.00114755
internal_weight=23801 23400.6 8577.34 1211.38 837.866 7365.96 2814.48 4551.48 14823.2 1180.33 13642.9 636.428 13006.5 612.137
internal_count=180000 176654 62631 8940 5707 53691 21838 31853 114023 7868 106155 4929 101226 4118
is_linear=0
shrinkage=0.035


Tree=143
num_leaves=15
num_cat=0
split_feature=21 1 22 22 9 3 15 6 12 16 8 24 16 3
split_gain=11.1181 27.3539 20.2875 33.9786 31.5892 32.9174 20.3628 16.7712 25.2304 20.5266 16.2109 15.5849 15.3904 12.0322
threshold=0.17091248184442523 0.12206578627228738 0.59531068801879894 0.55062827467918407 0.24422384798526767 0.35542245209217077 19.694011688232425 0.21276213973760608 0.95868521928787243 0.82564520835876476 -0.025709023699164387 0.036670535802841193 1.9035639166831972 -0.011928610038012264
decision_type=2 2 2 2 2 2 2 2 2 2 2 2 2 2
left_child=2 13 3 4 5 -1 -6 8 -5 -9 -3 -4 -13 -2
right_child=1 10 11 7 6 -7 -8 9 -10 -11 -12 12 -14 -15
leaf_value=-0.0058224509568102559 0.0060736120481804075 -0.0060432754504999723 -0.0064574083724098022 0.0084302152298284996 -3.2863941506247308e-05 0.0046552707797265407 0.0051655928516475625 -0.016105585679553787 0.0013342362856659474 0.0012225671203658886 0.010671829457040915 -0.00074591771200650542 -0.016743603357642682 0.025695829618165106
leaf_weight=2033.2762132696807 82.424732599407434 218.82152829319239 906.59076983481646 1265.9240535814315 13024.885782562196 439.90846166014671 983.44064474105835 86.431980956345797 1191.4144450780004 628.582848187536 93.157412257045507 2700.6721602268517 65.782735228538513 77.683617945760489
leaf_count=24853 624 1532 8621 9772 89061 2708 6483 488 9059 3827 706 21162 524 580
internal_value=-7.95115e-06 0.0052532 -0.000116631 0.000329935 -0.000309195 -0.00394752 0.000335513 0.00364099 0.00500916 -0.00106533 -0.000875688 -0.00250054 -0.00118526 0.0165451
internal_weight=23799 472.087 23326.9 19653.9 16481.5 2473.18 14008.3 3172.35 2457.34 715.015 311.979 3673.05 2766.45 160.108
internal_count=180000 3442 176558 146251 123105 27561 95544 23146 18831 4315 2238 30307 21686 1204
is_linear=0
shrinkage=0.035


Tree=144
num_leaves=15
num_cat=0
split_feature=3 10 15 16 23 15 10 24 24 10 15 10 24 20
split_gain=11.0712 25.8333 15.3689 11.6449 18.2911 18.3014 42.0098 31.0585 16.9992 21.4896 14.7753 23.2805 20.2662 20.0445
threshold=1.4699995517730715 0.59400221705436718 18.858877182006839 0.92238044738769542 0.22513678669929507 17.597828865051273 0.50524657964706432 0.0358814224600792 0.03718423284590245 0.64613988995552074 17.081370353698734 0.19092348217964175 0.039553942158818252 -0.087301429361104951
decision_type=2 2 2 2 2 2 2 2 2 2 2 2 2 2
left_child=3 -2 -3 4 5 7 -7 -1 9 -6 11 -5 -13 -12
right_child=1 2 -4 10 8 6 -8 -9 -10 -11 13 12 -14 -15
leaf_value=-0.0027337879776719964 0.013865059684816534 -0.0046669610122570242 0.013525480212950301 -0.015805420765547772 0.0024342099363775472 0.0016063806347381233 0.012200970047528775 0.0032886937009820615 -0.0083741285678135529 -0.0072668921807789895 0.0052562488652681694 0.00026889036431916163 0.007680222481188219 -0.0020701715599413645
leaf_weight=2081.4651232007891 220.48683475703001 287.15687604248524 60.418824285268784 94.27098336070776 968.37805691920221 2019.5730680003762 584.66904651373625 2094.5654489416629 414.56865772046149 381.73311363905668 475.33265533857048 5518.7436711788177 482.37965991348028 8112.127481142059
leaf_count=14905 1038 1514 290 1716 7628 16877 3339 14395 3547 2262 3314 39853 3358 65964
internal_value=-7.67472e-06 0.00477689 -0.00121477 -0.000126692 0.000899942 0.00172592 0.00402251 0.000287539 -0.00226548 -0.000341961 -0.000724366 0.000592945 0.00087641 -0.001659
internal_weight=23795.9 568.063 347.576 23227.8 8544.95 6780.27 2604.24 4176.03 1764.68 1350.11 14682.9 6095.39 6001.12 8587.46
internal_count=180000 2842 1804 177158 62953 49516 20216 29300 13437 9890 114205 44927 43211 69278
is_linear=0
shrinkage=0.035


Tree=145
num_leaves=15
num_cat=0
split_feature=2 8 9 11 24 17 23 24 13 3 19 22 6 24
split_gain=10.4898 32.0975 22.2764 18.9328 17.8051 16.2457 16.0795 19.9111 25.5305 21.6099 22.7317 20.6906 19.1405 19.9131
threshold=-0.32263129949569697 -0.72859495878219593 0.53720557689666759 0.87362524867057811 0.036860829219222076 0.045670438557863242 0.13140495866537097 0.039040250703692443 0.81921225786209118 -0.76041498780250538 0.32136425375938421 0.61015853285789501 -0.01375902211293578 0.040403148159384734
decision_type=2 2 2 2 2 2 2 2 2 2 2 2 2 2
left_child=1 2 -1 4 -3 -6 12 9 11 10 -8 -9 -2 -14
right_child=6 3 -4 -5 5 -7 7 8 -10 -11 -12 -13 13 -15
leaf_value=0.018666540037319209 -0.00181522311683465 0.006459250843897188 -0.0058592351800878413 0.021182465576004388 -0.0087226677708151148 0.003343253309800372 0.024753916305031574 0.0034260623375384062 0.016094243648409667 -0.0012976136850802733 -0.009250525877389339 -0.0053192708727047028 0.0038609324123517245 -0.0073983312187514963
leaf_weight=39.083200693130493 1380.1005497742444 1092.1929238047451 643.99658990651369 71.93006382137537 207.69069490581751 358.0544323399663 66.743248678743839 1399.0719449240714 147.04949042573571 14827.552698515356 28.789841555058956 423.73725679889321 2910.1893314160407 196.8768428824842
leaf_count=217 9755 6383 4193 448 1392 2261 419 10504 1134 119793 223 3364 18543 1371
internal_value=-7.26833e-06 0.00217535 -0.00420688 0.00470523 0.00386765 -0.00116083 -0.0002545 -0.000749251 0.00254967 -0.00118613 0.0146008 0.00137516 0.00160563 0.00312605
internal_weight=23793.1 2412.95 683.08 1729.87 1657.94 565.745 21380.1 16892.9 1969.86 14923.1 95.5331 1822.81 4487.17 3107.07
internal_count=180000 14894 4410 10484 10036 3653 165106 135437 15002 120435 642 13868 29669 19914
is_linear=0
shrinkage=0.035


Tree=146
num_leaves=15
num_cat=0
split_feature=12 2 9 22 15 24 3 15 22 9 21 13 23 17
split_gain=10.8224 12.7183 22.28 26.984 19.5196 18.01 15.9452 33.5573 22.3048 22.2604 18.1802 31.5764 31.0673 14.1852
threshold=1.2603251934051516 -0.32263129949569697 0.74696844816207897 0.30844902992248541 16.897056579589847 0.03718423284590245 -0.098511517047882066 19.694011688232425 0.30037069320678716 0.26131536066532141 -0.13796672224998471 0.55499944090843212 0.24698165804147723 0.045670438557863242
decision_type=2 2 2 2 2 2 2 2 2 2 2 2 2 2
left_child=1 2 13 4 -4 -5 7 9 -9 -3 11 -8 -12 -1
right_child=-2 6 3 5 -6 -7 10 8 -10 -11 12 -13 -14 -15
leaf_value=0.0017548379372710201 -0.0020467099619509246 -0.0077451289638206565 -0.0010827210155185064 0.012338414886502115 -0.018544879615889166 -0.0049198389055855954 0.0091940755897827325 -0.004223505888884805 0.013005446047228534 -0.0012992070636904101 0.00079746911517594688 -0.0071187168408785141 -0.0069664232500942953 0.0087720789571986528
leaf_weight=710.37422902323306 2798.7416704203933 740.77202024497092 158.55849505960941 160.45288092643023 147.74458735436201 123.47926250845194 656.4090968593955 125.11418941989541 300.36785310506821 5273.1964403539896 11053.894311152399 177.87011650577188 659.59726399555802 703.73476557433605
leaf_count=4355 20320 8695 990 999 935 786 4693 875 2229 36908 86236 1529 6399 4051
internal_value=-6.30135e-06 0.000266585 0.00291094 -0.00276797 -0.00982556 0.00492094 -1.39461e-05 -0.00142849 0.00795858 -0.00210472 0.00071255 0.00567303 0.000354708 0.00528406
internal_weight=23790.3 20991.6 2004.34 590.235 306.303 283.932 18987.2 6439.45 425.482 6013.97 12547.8 834.279 11713.5 1414.11
internal_count=180000 159680 12116 3710 1925 1785 147564 48707 3104 45603 98857 6222 92635 8406
is_linear=0
shrinkage=0.035


Tree=147
num_leaves=15
num_cat=0
split_feature=10 3 22 15 8 3 11 3 4 7 18 8 7 13
split_gain=10.7722 18.6855 33.1024 18.3633 17.3721 15.8645 19.0793 15.4592 14.7633 14.6235 13.8259 13.429 13.8841 13.7528
threshold=1.4792042970657351 -0.76041498780250538 0.30037069320678716 18.016963958740238 -0.81464016437530506 1.4699995517730715 0.31692631542682653 0.048132693395018585 0.012104112654924394 -0.16285398602485654 0.12257724255323411 -0.81464016437530506 -0.43239645659923548 0.26461821794509893
decision_type=2 2 2 2 2 2 2 2 2 2 2 2 2 2
left_child=1 2 3 -1 -2 11 8 9 -7 -6 -8 13 -13 -3
right_child=4 5 -4 -5 7 6 10 -9 -10 -11 -12 12 -14 -15
leaf_value=0.0043878107486102691 -0.016650641239421407 0.0055249364239598432 0.019128821318851994 -0.020721331961511533 -0.0026090707443645056 0.0032710864442709832 0.0047252932345048992 -0.012191768397425565 0.024092901498147874 0.017337131904173707 -0.011362477997711961 0.0053302155482718499 -0.00025153163037574367 -0.021144330948380245
leaf_weight=112.17069994658232 113.29578527063131 30.00090628862381 159.38618811219931 40.696721948683262 109.60584703087807 77.110332652926445 291.46188482642174 83.678866498172283 91.166148722171783 63.937351942062378 73.680333107709885 549.8339379876852 21929.163485405967 62.574375800788403
leaf_count=685 1019 173 947 245 826 356 1444 590 428 468 378 2996 169058 387
internal_value=-6.36311e-06 8.85224e-05 0.0084583 -0.00315865 -0.00584799 -2.82016e-05 0.00588131 -0.000644818 0.0152703 0.00528378 0.00126267 -0.0001704 -0.000112693 -0.0128056
internal_weight=23787.8 23417.2 312.254 152.867 370.518 23105 533.419 257.222 168.276 173.543 365.142 22571.6 22479 92.5753
internal_count=180000 177097 1877 930 2903 175220 2606 1884 784 1294 1822 172614 172054 560
is_linear=0
shrinkage=0.035


Tree=148
num_leaves=15
num_cat=0
split_feature=23 15 23 15 8 20 23 3 11 21 2 13 19 18
split_gain=10.3964 18.4928 14.6555 14.0693 20.5975 19.2147 16.8582 15.0297 34.4305 17.2154 12.7414 9.75492 10.7414 8.4484
threshold=0.31619535386562353 16.08006572723389 0.30651316046714788 19.889597892761234 -0.16467675566673276 0.075289648026227965 0.20564330369234088 -0.098511517047882066 0.28014855086803442 -0.13796672224998471 0.025840449146926407 0.24659551680088046 0.023960944265127185 -0.051885951310396188
decision_type=2 2 2 2 2 2 2 2 2 2 2 2 2 2
left_child=2 -2 3 7 6 -6 -5 8 -1 -9 13 -3 -13 -4
right_child=1 11 10 4 5 -7 -8 9 -10 -11 -12 12 -14 -15
leaf_value=-0.0047578136462992429 0.008502476656889045 0.0034682386848260065 0.00044446508331297832 0.012659187958638626 -0.0025162285362734945 0.013273923732578 0.001245648968399001 0.0056329946363528408 0.00011193899039630804 0.00021984394163475723 -0.0068649468830539314 -0.013745008595844174 -0.0025581485019221441 0.015838833244461441
leaf_weight=2537.7632142342627 103.79388907365501 84.174525443464518 60.18608270958066 374.48096964880824 700.76167888566852 98.874569572508335 273.81775908172131 754.62972246296704 5889.3980572074652 12266.918880019337 49.270029872655869 252.32489844411612 184.63005567714572 155.03083685785532
leaf_count=24010 792 616 329 2403 5992 861 1863 5376 37357 95313 368 2012 1736 972
internal_value=-6.25885e-06 -0.00442479 0.000114818 1.84339e-05 0.00334549 -0.000423951 0.00793068 -0.00020762 -0.00135844 0.000537631 0.00815414 -0.00711113 -0.00918113 0.0117446
internal_weight=23786.1 624.923 23161.1 22896.6 1447.93 799.636 648.299 21448.7 8427.16 13021.5 264.487 521.129 436.955 215.217
internal_count=180000 5156 174844 173175 11119 6853 4266 162056 61367 100689 1669 4364 3748 1301
is_linear=0
shrinkage=0.035


Tree=149
num_leaves=15
num_cat=0
split_feature=20 20 13 20 21 3 24 23 17 10 5 11 13 23
split_gain=10.3915 11.6211 30.1032 26.3186 20.6505 15.7635 13.2912 31.9485 24.5039 12.6494 12.6072 12.0846 11.8519 11.4949
threshold=-0.098063450306653963 -0.062295727431774132 0.48650091886520391 -0.059193730354309075 -0.12335744500160216 0.35542245209217077 0.037328952923417098 0.2665951550006867 0.023853100836277012 0.290235385298729 0.25550748407840734 0.19598617404699328 0.35172414779663091 0.22840204834938052
decision_type=2 2 2 2 2 2 2 2 2 2 2 2 2 2
left_child=-1 2 4 5 12 -3 8 -8 -5 -6 13 -7 -2 -4
right_child=1 3 10 6 9 11 7 -9 -10 -11 -12 -13 -14 -15
leaf_value=0.0047059283325887992 0.016416931195485658 0.0079944728155912255 -0.0047905997468782602 -0.00365588711430808 -0.0075427390967171765 0.008124487315762598 0.0018342579070877117 -0.0058728482622159165 1.068554170336421e-05 0.00019052905476448165 0.011398614449384066 -0.005866584737534669 0.0021876054405328537 -0.014171709277480517
leaf_weight=549.92821696400642 119.97472374141216 789.46719865687191 334.79117430187762 2893.5651230160147 331.05693190544844 104.25627519935369 6457.4956930987537 723.84206471778452 9665.0937888585031 1076.3935968726873 28.915675885975361 214.27537057548761 168.05590983293951 326.28765830211341
leaf_count=3454 737 5434 2589 32639 3200 572 47883 6857 64819 6727 184 1042 1097 2766
internal_value=-5.70415e-06 -0.000119203 -0.00242797 0.000146009 9.25183e-05 0.00537019 -0.000149793 0.00105033 -0.000836344 -0.00166885 -0.00853427 -0.00117936 0.00846659 -0.009563
internal_weight=23783.4 23233.5 2385.48 20848 1695.48 1108 19740 7181.34 12558.7 1407.45 689.995 318.532 288.031 661.079
internal_count=180000 176546 17300 159246 11761 7048 152198 54740 97458 9927 5539 1614 1834 5355
is_linear=0
shrinkage=0.035


Tree=150
num_leaves=15
num_cat=0
split_feature=21 1 22 22 9 23 2 6 12 14 18 24 10 17
split_gain=10.4942 25.2027 19.2301 30.1227 28.4549 32.2881 19.9023 16.0666 23.1144 20.4628 15.542 14.0947 15.402 14.7154
threshold=0.17091248184442523 0.12206578627228738 0.59531068801879894 0.55062827467918407 0.24422384798526767 0.1535952687263489 0.71704462170600902 0.21276213973760608 0.95868521928787243 0.76546552777290355 0.01264880830422044 0.036670535802841193 1.1010872125625613 0.037085859104990966
decision_type=2 2 2 2 2 2 2 2 2 2 2 2 2 2
left_child=2 -2 3 4 5 -1 -6 8 -5 -9 -3 -4 13 -13
right_child=1 10 11 7 6 -7 -8 9 -10 -11 -12 12 -14 -15
leaf_value=0.00044244177156256694 0.01587204865600314 -0.008723632618598055 -0.0062122037321628446 0.0080323719870990309 5.4032250217710308e-05 -0.0075666769337391446 0.0066156711064789733 -0.010339582751411626 0.0012518012980546457 0.0025579549275058866 0.006453524070036497 -0.0022991319474122483 -0.012883098336342439 0.0033833349465231979
leaf_weight=1178.1367780864239 161.60384805873036 148.05148225650191 900.86298453994095 1273.1574105396867 13418.900658093393 1281.2912141289562 581.21523043513298 201.66819494217634 1192.6429347936064 514.06423547118902 163.38331421464682 1857.5893160179257 121.39478018134832 786.50811023265123
leaf_count=10087 1204 1031 8621 9772 92404 17474 3140 1217 9059 3098 1207 15971 888 4827
internal_value=-5.47897e-06 0.00510074 -0.000111256 0.000323444 -0.000279803 -0.00374382 0.000330967 0.00343541 0.00477109 -0.00116851 -0.000808406 -0.00243454 -0.00118601 -0.000602457
internal_weight=23780.5 473.039 23307.4 19641.1 16459.5 2459.43 14000.1 3181.53 2465.8 715.732 311.435 3666.36 2765.49 2644.1
internal_count=180000 3442 176558 146251 123105 27561 95544 23146 18831 4315 2238 30307 21686 20798
is_linear=0
shrinkage=0.035


Tree=151
num_leaves=15
num_cat=0
split_feature=12 2 11 3 3 15 10 10 9 18 8 6 11 6
split_gain=10.3692 11.1257 22.4413 20.3887 17.9047 31.768 17.3157 16.5729 25.8607 12.9692 13.8347 9.70595 7.54221 11.5354
threshold=1.3133114576339724 -0.32263129949569697 0.50998535752296459 -0.76041498780250538 -0.098511517047882066 19.694011688232425 1.4792042970657351 0.46547411382198339 0.28460386395454412 0.39322072267532354 -0.72859495878219593 -0.41817514598369593 0.30892767012119299 -0.027728434652090069
decision_type=2 2 2 2 2 2 2 2 2 2 2 2 2 2
left_child=1 2 7 -3 5 -5 -6 8 -1 10 -4 -9 13 -2
right_child=12 3 9 4 6 -7 -8 11 -10 -11 -12 -13 -14 -15
leaf_value=0.025310272952403835 -0.011047886440004283 0.016597940374073864 -0.0061045687320880355 -0.002262509054849223 0.0007349051654529042 0.0073056524816050537 -0.015620257099578341 0.01859091538058159 -0.0029194855755786506 0.019887683581532103 0.0021753101930830827 0.0072411831149350866 -0.00045546381326050692 -0.0022570930732510085
leaf_weight=34.676590129733086 247.37698308564723 79.796505376696587 475.41079219430685 6139.9091676361859 12934.569630650803 446.96502982452512 69.802830770611763 107.65412093698978 350.70386247336864 24.685954339802265 495.91574455797672 605.18504494428635 1106.9674350768328 657.47671325318515
leaf_count=253 2077 487 2952 46776 101831 3236 481 599 2187 168 2921 3595 7390 5047
internal_value=-5.50052e-06 0.000217124 0.00263602 -4.1607e-05 -0.000117814 -0.00160315 0.000635182 0.00606348 0.000196537 -0.00116587 -0.00189814 0.00918872 -0.00240316 -0.00475489
internal_weight=23777.1 21765.3 2094.23 19671 19591.2 6586.87 13004.4 1098.22 385.38 996.012 971.327 712.839 2011.82 904.854
internal_count=180000 165486 12675 152811 152324 50012 102312 6634 2440 6041 5873 4194 14514 7124
is_linear=0
shrinkage=0.035


Tree=152
num_leaves=15
num_cat=0
split_feature=17 23 3 6 19 21 24 15 17 22 20 11 22 19
split_gain=10.0447 10.7943 20.3121 26.5737 18.6604 22.5781 17.4895 16.8143 16.7193 21.6194 13.2694 12.3055 10.6807 9.34221
threshold=0.012400826904922726 0.13140495866537097 -0.16604209691286084 0.12803734093904498 -0.063806716352701173 0.17091248184442523 0.040403148159384734 18.767875671386722 0.020875890739262108 0.46367530524730688 0.11053578183054925 0.50998535752296459 0.52009707689285289 0.04788388870656491
decision_type=2 2 2 2 2 2 2 2 2 2 2 2 2 2
left_child=-1 2 3 12 5 10 7 -4 9 -6 -3 -10 -2 -8
right_child=1 4 6 -5 8 -7 13 -9 11 -11 -12 -13 -14 -15
leaf_value=-0.0075943475015987942 -0.0095279619577707062 0.0012528547928833645 0.0019465896890040778 0.014336091825216588 -0.0091296904773616808 0.01425356376156992 0.00021736932523944486 0.0076696184388180206 -0.00021941646216606863 -0.0011958158985905997 -0.0072389527838620134 -0.0045883936254865398 -0.0013539673770017601 -0.013996527033802277
leaf_weight=201.70620206929743 372.38271626830101 5771.4923830777407 2832.2410150244832 84.640701629221439 669.62963043898344 149.88081024214625 113.91764817759395 802.7896419391036 10079.741873621941 1113.976016767323 224.69000754877925 846.98063681274652 409.34233228117228 102.07916863262653
leaf_count=2904 2421 40643 18107 504 9880 1085 816 5375 74847 12625 1841 5472 2800 680
internal_value=-4.58182e-06 6.35517e-05 0.00155907 -0.003257 -0.000311218 0.00127083 0.00264818 0.00322808 -0.00107662 -0.00420877 0.000923126 -0.000561962 -0.0053189 -0.00682215
internal_weight=23775.5 23573.8 4717.39 866.366 18856.4 6146.06 3851.03 3635.03 12710.3 1783.61 5996.18 10926.7 781.725 215.997
internal_count=180000 177096 30703 5725 146393 43569 24978 23482 102824 22505 42484 80319 5221 1496
is_linear=0
shrinkage=0.035


Tree=153
num_leaves=15
num_cat=0
split_feature=10 15 15 3 20 24 20 8 18 20 6 20 3 20
split_gain=10.0454 17.2181 10.4656 20.8401 20.4295 26.2455 11.068 24.6345 12.503 10.9684 32.997 18.9382 7.94606 7.83465
threshold=0.15326413512229922 17.397848129272464 20.783766746521 -0.16604209691286084 0.075289648026227965 0.0356238391250372 0.09569913893938066 -0.0055118792224675408 0.39322072267532354 0.070513486862182631 0.066824611276388182 0.04162253066897393 0.060330107808113105 0.1171386204659939
decision_type=2 2 2 2 2 2 2 2 2 2 2 2 2 2
left_child=1 -1 6 -4 5 -5 9 8 -8 11 -11 -2 -3 -9
right_child=2 12 3 4 -6 -7 7 13 -10 10 -12 -13 -14 -15
leaf_value=-0.02467976219582534 0.00028675822761557078 0.012315214794166481 0.017196431301549547 0.011125101713920891 0.023364343451813607 -0.010670225938584004 -0.0055149312238396723 0.0050875074777120312 0.013933861181903814 -0.0011510762801247713 0.0084595570891164186 -0.0030717190706961496 -0.0059573676084213531 0.026925970225367895
leaf_weight=44.435673488304019 17886.914835937321 30.024047618731856 119.60928490385413 96.021759565919638 31.500890005379915 178.48709237575531 1053.5549191590399 60.724443070590496 32.748878099024296 1076.0615453887731 725.26344248652458 2313.8750406801701 97.782282395288348 25.605680610984564
leaf_count=1020 130515 533 654 655 220 1192 9166 575 238 8232 5105 20325 1351 219
internal_value=-4.77152e-06 -0.0081905 5.84139e-05 0.0054331 0.000436518 -0.00292327 -4.25964e-05 -0.00334106 -0.00480686 0.000134638 0.00274377 -9.9264e-05 -0.00108263 0.0136876
internal_weight=23772.6 172.242 23600.4 425.619 306.01 274.509 23174.7 1172.63 1086.3 22002.1 1801.32 20200.8 127.806 86.3301
internal_count=180000 2904 177096 2721 2067 1847 174375 10198 9404 164177 13337 150840 1884 794
is_linear=0
shrinkage=0.035


Tree=154
num_leaves=15
num_cat=0
split_feature=24 20 21 22 8 23 24 15 20 24 15 23 22 22
split_gain=10.0564 12.6468 31.0895 29.0984 50.2379 38.246 24.4875 23.8634 22.3913 21.336 52.1104 43.0227 19.2604 18.7756
threshold=0.032028134912252433 -0.028148042969405648 -0.012826317455619572 0.43019491434097296 -0.2290297523140907 0.21203850954771045 0.033703889697790153 20.783766746521 -0.011756616178900002 0.035998258739709861 17.874490737915043 0.22840204834938052 0.60703763365745556 0.48759272694587713
decision_type=2 2 2 2 2 2 2 2 2 2 2 2 2 2
left_child=-1 2 9 4 5 -3 -5 13 -6 10 -2 -11 -8 -4
right_child=1 3 7 6 8 -7 12 -9 -10 11 -12 -13 -14 -15
leaf_value=-0.005455613190621102 0.0010807191810990942 -0.0052445234779343155 -0.00025649224122353625 -0.0056976249643090138 -0.016049813387746498 0.0035185947367102695 0.0019923111031904992 0.021015974702074346 -0.0056382559460397439 0.0042178103646133861 0.0099928819183678352 -0.0049345196725880799 -0.001330746668364416 -0.0064832501972505183
leaf_weight=397.36431658267975 2214.6756686083972 980.97825964353979 1646.6224605869502 725.6006191149354 305.75173678249121 1577.4249543249607 6633.5949983280152 44.038016501814127 1409.6659984644502 1386.0593700930476 1254.0312899798155 1135.3661419339478 3141.181184111163 918.02256593666971
leaf_count=3346 13593 7027 11895 6973 2947 11058 50943 267 14391 8789 8407 8697 24958 6709
internal_value=-3.72658e-06 9.12544e-05 0.00115767 -0.000529781 -0.00296088 0.000151182 0.000461592 -0.00202615 -0.00757625 0.00254528 0.00432217 9.34185e-05 0.000924159 -0.0025019
internal_weight=23770.4 23373 8598.82 14774.2 4273.82 2558.4 10500.4 2608.68 1715.42 5990.13 3468.71 2521.43 9774.78 2564.65
internal_count=180000 176654 58357 118297 35423 18085 82874 18871 17338 39486 22000 17486 75901 18604
is_linear=0
shrinkage=0.035


Tree=155
num_leaves=15
num_cat=0
split_feature=12 1 22 8 8 6 23 22 22 24 21 17 20 15
split_gain=10.0265 10.9172 24.9366 35.3021 38.8021 32.0038 28.3196 23.0469 17.7584 35.3019 28.0899 25.732 21.6588 19.5968
threshold=1.2603251934051516 -0.056528162211179726 0.40993298590183264 -0.04714913293719291 -0.39896588027477259 0.2792243510484696 0.2665951550006867 0.48759272694587713 0.35748532414436346 0.036860829219222076 -0.050333308055996888 0.060210101306438453 0.042874749749898917 16.2045431137085
decision_type=2 2 2 2 2 2 2 2 2 2 2 2 2 2
left_child=1 8 3 4 -3 -5 7 -4 9 11 -10 -1 -12 -11
right_child=-2 2 6 5 -6 -7 -8 -9 10 13 12 -13 -14 -15
leaf_value=0.0060573640908282806 -0.0019701326001239621 -0.0085063879370634241 0.0045135096015427156 -0.016670936288722165 0.0004711288505335819 0.0015555643333525944 -0.011961498406870502 9.6042522410841989e-05 -0.0055910189384458442 0.0075069947855538133 0.0029221849752506385 -0.003209173190377934 -0.0043921464058912941 -0.0074676869981910136
leaf_weight=2518.4432047810405 2792.7700132653117 728.10417659580708 1791.2096291240305 361.68889549933374 2930.0057539120317 170.57215805724263 202.45606346614659 7354.7392435967922 925.93427335470915 126.77949340455234 2319.1308732349426 422.98142773658037 620.65840207599103 500.90758607164025
leaf_count=16528 20320 4493 14142 4072 24366 1065 2190 58270 7049 952 15683 2353 4507 4010
internal_value=-3.9506e-06 0.000258673 -0.000333106 -0.00257334 -0.00133406 -0.010909 0.000672744 0.000965176 0.0013353 0.00311186 -0.000308747 0.00471846 0.0013683 -0.00437283
internal_weight=23766.4 20973.6 13538.8 4190.37 3658.11 532.261 9348.4 9145.95 7434.84 3569.11 3865.72 2941.42 2939.79 627.687
internal_count=180000 159680 108598 33996 28859 5137 74602 72412 51082 23843 27239 18881 20190 4962
is_linear=0
shrinkage=0.035


Tree=156
num_leaves=15
num_cat=0
split_feature=17 10 23 23 19 10 2 19 22 16 3 20 8 20
split_gain=9.70557 10.7928 22.7402 13.6743 15.1003 12.397 11.786 16.0389 11.1361 10.8059 13.8674 10.2655 20.9721 12.8185
threshold=0.016356367617845539 0.24604422599077228 0.15924271941185 0.12952167540788653 -0.086960650980472551 0.26859636604785925 0.29271429777145391 -0.018334255553781983 0.55538171529769909 0.91452243924140941 0.07278193905949594 0.09569913893938066 -0.0055118792224675408 0.075289648026227965
decision_type=2 2 2 2 2 2 2 2 2 2 2 2 2 2
left_child=1 3 5 9 8 -3 7 -4 -5 10 -1 13 -13 -2
right_child=11 2 6 4 -6 -7 -8 -9 -10 -11 -12 12 -14 -15
leaf_value=-0.0067723283686867879 0.0001116492758302672 0.0074304584601523026 -0.0015632393815584831 -0.013364994901341585 -0.010338202028423052 -0.015008199254594734 -0.0097273071530212772 0.029787314321595489 0.013811815641117643 -0.0050259942599910788 0.013053927034247742 -0.0043878180997711461 0.013318596409528205 0.003715502145989345
leaf_weight=57.502105820924044 20205.490195851773 41.157608166337013 27.469246793538332 17.120834320783615 487.10581784695387 68.531812913715839 13.095933649688957 55.084712721407413 52.925644461065531 199.86856392398477 118.50883813947439 1065.6177436336875 79.048671524971724 1276.0374648571014
leaf_count=671 146555 373 346 326 7684 555 123 667 797 2054 924 8972 681 9272
internal_value=-4.55347e-06 -0.00314355 0.00397961 -0.00473678 -0.00816806 -0.00667141 0.0156693 0.0203138 0.00632942 0.00042915 0.0065609 0.000154695 -0.00306029 0.000327353
internal_weight=23764.6 1138.37 205.339 933.032 557.152 109.689 95.6499 82.554 70.0465 375.88 176.011 22626.2 1144.67 21481.5
internal_count=180000 14520 2064 12456 8807 928 1136 1013 1123 3649 1595 165480 9653 155827
is_linear=0
shrinkage=0.035


Tree=157
num_leaves=15
num_cat=0
split_feature=10 3 12 8 23 15 3 3 9 17 8 6 12 15
split_gain=9.54932 17.3994 17.4527 16.7224 15.4923 15.6613 14.1319 14.1085 17.8751 14.0124 12.3744 16.391 11.5114 10.8851
threshold=1.4792042970657351 -0.76041498780250538 1.1686680316925051 -0.81464016437530506 0.20564330369234088 17.804110527038578 0.048132693395018585 1.4699995517730715 0.6320878565311433 0.11229864135384561 -0.81464016437530506 -0.41817514598369593 1.3133114576339724 18.419822692871097
decision_type=2 2 2 2 2 2 2 2 2 2 2 2 2 2
left_child=1 2 4 -2 -1 -6 9 10 13 -5 -3 -12 -4 -9
right_child=3 7 12 6 5 -7 -8 8 -10 -11 11 -13 -14 -15
leaf_value=0.014884193025136102 -0.016216365187305112 -0.012354008875477414 0.032253675868179017 0.018092179894212152 0.0044119367891104957 -0.017439871575618628 -0.011589409004268011 0.0065332199691648263 -0.0020342441050481531 -0.0019036205871250833 0.0059432704971343533 -0.00025499368442908233 0.0029008954043577531 0.021500495295578393
leaf_weight=82.07851442694664 111.55368436127901 91.530201196670532 41.634829163551331 56.1835707873106 112.55737799406052 50.154146611690521 82.328435622155666 235.48245964199305 221.57176902145147 117.52953678369522 525.39530698955059 21930.625274483114 27.1018261089921 77.611396700143814
leaf_count=468 1019 560 258 380 671 300 590 1130 1122 914 3019 169035 180 354
internal_value=-4.28984e-06 8.47899e-05 0.0081452 -0.0055259 0.00338376 -0.00294344 -0.000433747 -2.81749e-05 0.00553809 0.00519635 -0.000162563 -0.000107394 0.0225186 0.010794
internal_weight=23763.3 23395.7 313.527 367.595 244.79 162.712 256.042 23082.2 534.666 173.713 22547.6 22456 68.7367 313.094
internal_count=180000 177097 1877 2903 1439 971 1884 175220 2606 1294 172614 172054 438 1484
is_linear=0
shrinkage=0.035


Tree=158
num_leaves=15
num_cat=0
split_feature=24 20 21 24 21 8 13 23 11 3 21 20 6 10
split_gain=9.38202 11.1166 28.4963 26.1419 40.3328 35.4368 20.9813 20.3713 28.9308 19.8189 51.1523 18.9882 17.3388 23.2669
threshold=0.032028134912252433 -0.028148042969405648 -0.012826317455619572 0.0358814224600792 -0.10554360598325728 -0.081407386809587465 0.35172414779663091 0.2665951550006867 0.39036202430725103 -0.098511517047882066 -0.10063671320676802 -0.030144429765641686 0.10290294885635377 0.34937518835067755
decision_type=2 2 2 2 2 2 2 2 2 2 2 2 2 2
left_child=-1 2 9 4 6 -6 -3 -5 -9 10 -2 -11 13 -4
right_child=1 3 12 7 5 -7 -8 8 -10 11 -12 -13 -14 -15
leaf_value=-0.0052801002728852103 -0.0064314461096197555 -0.00082787830404860139 -0.0086229349995689576 0.001017454094316302 0.00012202977763048893 -0.0072740761760678911 -0.018381534200877077 -0.0094037455639660872 0.0033428951622396352 0.003164653911740891 0.0042025974461056209 0.011739982633734367 0.0027810906324093067 -0.00067938522618402367
leaf_weight=395.75269671902061 930.46193396113813 119.38535676524043 714.72077080793679 9112.6560463868082 3319.7749056406319 1032.7245232127607 274.54921322874725 551.26590584404767 350.04799681156874 3389.3859995771199 1338.8991911988705 341.37889147363603 686.41921444237232 1204.0396816730499
leaf_count=3346 6182 913 7102 68613 27227 10503 2479 6042 2520 22711 8152 2441 4497 7272
internal_value=-3.5684e-06 8.80225e-05 0.00108716 -0.000494814 -0.0026314 -0.00164551 -0.0132139 0.000519503 -0.00447091 0.00241316 -0.00016656 0.00397861 -0.00196438 -0.00366765
internal_weight=23761.5 23365.7 8605.31 14760.4 4746.43 4352.5 393.935 10014 901.314 6000.13 2269.36 3730.76 2605.18 1918.76
internal_count=180000 176654 58357 118297 41122 37730 3392 77175 8562 39486 14334 25152 18871 14374
is_linear=0
shrinkage=0.035


Tree=159
num_leaves=15
num_cat=0
split_feature=10 15 15 3 20 24 3 10 22 22 21 13 23 22
split_gain=9.23444 16.6727 9.43661 19.3397 19.1826 24.0731 9.74081 30.9779 45.1472 42.2091 18.2243 35.4721 21.5017 9.21194
threshold=0.15326413512229922 17.397848129272464 20.783766746521 -0.16604209691286084 0.075289648026227965 0.0356238391250372 -0.098511517047882066 0.51990038156509411 0.30844902992248541 0.31738407909870153 -0.13796672224998471 0.51663881540298473 0.24698165804147723 0.31738407909870153
decision_type=2 2 2 2 2 2 2 2 2 2 2 2 2 2
left_child=1 -1 6 13 5 -5 7 8 -2 -9 11 -8 -12 -4
right_child=2 -3 3 4 -6 -7 10 9 -10 -11 12 -13 -14 -15
leaf_value=-0.024346330369363733 0.0021142607642267329 -0.00093776908850908122 0.003288982576284787 0.010452858485542005 0.022426511436837361 -0.010402307654497759 0.0091022405081573037 -0.0033739360220753026 -0.0051203913811751376 0.0037826576746838023 0.00055341696224570427 -0.0056672512287731514 -0.005450481831214448 0.023460679322812508
leaf_weight=43.212291117757559 1538.1110276002437 127.29758607409894 47.097976587712765 96.688802018761635 31.913846962153912 177.46807896345854 721.00471140816808 1564.7662321701646 3333.7592129874974 2805.0122583732009 12164.430554470047 266.05660954117775 767.37319063208997 73.431138969957829
leaf_count=1020 11585 1884 272 655 220 1192 4961 9618 28274 17641 92665 2232 7399 382
internal_value=-4.10012e-06 -0.0078903 5.62284e-05 0.00515399 0.000332469 -0.00293816 -3.98525e-05 -0.00092018 -0.00283667 0.00121811 0.000544896 0.0051043 0.000193209 0.0164342
internal_weight=23757.6 170.51 23587.1 426.6 306.071 274.157 23160.5 9241.65 4871.87 4369.78 13918.9 987.061 12931.8 120.529
internal_count=180000 2904 177096 2721 2067 1847 174375 67118 39859 27259 107257 7193 100064 654
is_linear=0
shrinkage=0.035


Tree=160
num_leaves=15
num_cat=0
split_feature=12 2 8 9 11 9 24 3 24 15 15 22 23 8
split_gain=9.58492 10.5662 19.8805 18.296 17.1156 13.8517 13.7767 12.7397 30.3228 34.6928 19.8913 43.7526 16.6187 16.4382
threshold=1.2603251934051516 -0.32263129949569697 -0.72859495878219593 0.53720557689666759 0.87362524867057811 0.28460386395454412 0.03718423284590245 -0.28844989836215967 0.033703889697790153 19.694011688232425 16.959463119506839 0.26816761493682867 0.13297493755817416 -0.54137262701988209
decision_type=2 2 2 2 2 2 2 2 2 2 2 2 2 2
left_child=1 2 3 -1 5 -4 -5 8 13 -10 11 -9 -12 -3
right_child=-2 7 4 6 -6 -7 -8 10 9 -11 12 -13 -14 -15
leaf_value=0.017160992149951489 -0.0019273301836832623 -0.019745285493181285 0.021198595493302726 -0.0016785291239642839 0.023928300940243202 0.0032540945489466003 -0.01514734874943155 0.0090179587692004702 -0.0017840650726584084 0.014498830136281031 0.0018398649952734742 0.00070834627461673777 -0.0014192783891793155 -0.0053039606441339926
leaf_weight=39.915087811648846 2789.7689023278654 147.98685229569674 45.275469208136201 371.25752511620522 45.172759354114532 1392.7721510007977 115.54305072873831 902.66182422451675 2233.4777201414108 162.64285637438297 2569.1010349243879 5206.3181588146836 7455.7632645629346 276.9791252464056
leaf_count=217 20320 883 315 2250 262 8290 782 7048 14894 945 17785 39023 65170 1816
internal_value=-3.82425e-06 0.000252931 0.00265934 -0.00313947 0.00472583 0.00396155 -0.00511593 -3.50672e-06 -0.00216914 -0.000623157 0.000376274 0.0019489 -0.000583047 -0.0106712
internal_weight=23754.6 20964.9 2009.94 526.716 1483.22 1438.05 486.801 18954.9 2821.09 2396.12 16133.8 6108.98 10024.9 424.966
internal_count=180000 159680 12116 3249 8867 8605 3032 147564 18538 15839 129026 46071 82955 2699
is_linear=0
shrinkage=0.035


Tree=161
num_leaves=15
num_cat=0
split_feature=20 20 13 20 3 3 20 10 14 8 15 2 5 2
split_gain=9.26921 11.5861 26.5891 22.073 14.8848 14.3447 16.5477 14.2725 12.168 18.5235 15.5739 11.9531 11.9346 11.1855
threshold=-0.098063450306653963 -0.062295727431774132 0.48650091886520391 -0.059193730354309075 0.35542245209217077 0.59208369255065929 -0.083308964967727647 0.30098146200180059 0.66414606571197521 -0.72859495878219593 16.959463119506839 0.025840449146926407 0.25550748407840734 -0.26741875708103174
decision_type=2 2 2 2 2 2 2 2 2 2 2 2 2 2
left_child=13 2 5 4 11 7 -7 -2 9 -5 -10 -3 -4 -1
right_child=1 3 12 8 -6 6 -8 -9 10 -11 -12 -13 -14 -15
leaf_value=0.012956789481239392 -0.0065804630203487278 0.0028455588690291171 -0.0092037603356533073 -0.013499681393297871 -0.001428160592957494 -0.0097827428672024961 0.014133997846121031 0.00092638241185642408 0.0015374206059461477 -0.0015461542063321342 -0.00062675145558132922 0.011490024122125665 0.011159948270402318 0.0015339172967307889
leaf_weight=131.53531077504158 422.4398693870753 378.41531769372523 654.72835040837526 159.89997100830078 319.40213108062744 38.144370183348656 145.45085473358631 1091.2492236047983 6716.8819074239582 2512.190230390057 10316.895241545513 416.60430562496185 29.013692326843739 420.17777991294861
leaf_count=671 4076 2486 5355 1155 1614 223 672 6790 49205 18755 83083 2948 184 2783
internal_value=-3.1711e-06 -0.000110681 -0.00241818 0.00015424 0.00492388 -5.81734e-05 0.00891633 -0.00119806 -0.000117856 -0.00230913 0.000227042 0.00746187 -0.00819124 0.00443946
internal_weight=23753 23201.3 2381.03 20820.3 1114.42 1697.28 183.595 1513.69 19705.9 2672.09 17033.8 795.02 683.742 551.713
internal_count=180000 176546 17300 159246 7048 11761 895 10866 152198 19910 132288 5434 5539 3454
is_linear=0
shrinkage=0.035


Tree=162
num_leaves=15
num_cat=0
split_feature=12 9 15 6 20 20 18 4 20 22 3 6 24 11
split_gain=8.998 10.1365 20.8623 15.3948 24.8846 11.8788 10.6512 26.1011 20.7639 18.7753 29.4469 21.3308 15.1438 8.32457
threshold=1.3133114576339724 0.18943239748477939 16.017986297607425 0.10290294885635377 0.070513486862182631 0.056490141898393638 -0.051885951310396188 -0.0020986936287954445 -0.062295727431774132 0.2154868766665459 -0.2679042369127273 -0.41817514598369593 0.034890316426754005 0.14781708270311358
decision_type=2 2 2 2 2 2 2 2 2 2 2 2 2 2
left_child=1 2 13 5 -5 -4 9 12 -9 10 -3 -11 -8 -1
right_child=-2 6 3 4 -6 -7 7 8 -10 11 -12 -13 -14 -15
leaf_value=-0.022671623020839051 -0.0022408984000266943 -0.0044707562460214387 -0.0023357705725735012 5.8928243313675674e-05 0.019779849562403973 -0.013315242994254923 0.0051570539169890454 -0.0062945709618414999 0.0002284009034822738 0.0061986094436677179 0.010335083371684149 -0.0023663095095211592 0.0013633492946353901 -0.0037115624429490735
leaf_weight=72.28931488469243 2004.3295832574368 264.07500629872084 786.16667688265443 498.00213823281229 83.035585060715675 134.168461387977 2093.8880350776017 632.40949689783156 8600.8095242008567 378.02185366302729 407.63510923460126 4391.2081295028329 3354.9771426618099 50.278833698481321
leaf_count=1366 14514 1580 10231 5097 883 2089 14455 4856 65534 2213 2759 29631 24197 595
internal_value=-2.95986e-06 0.000204237 -0.00244715 -0.00126318 0.00316421 -0.0040623 0.000419315 0.000909369 -0.000224703 -0.000902313 0.00453414 -0.00167588 0.00282797 -0.0157607
internal_weight=23751.3 21747 1623.94 1501.37 581.038 920.335 20123 14682.1 9233.22 5440.94 671.71 4769.23 5448.87 122.568
internal_count=180000 165486 20261 18300 5980 12320 145225 109042 70390 36183 4339 31844 38652 1961
is_linear=0
shrinkage=0.035


Tree=163
num_leaves=15
num_cat=0
split_feature=21 1 22 22 9 3 15 15 5 13 8 24 10 3
split_gain=9.13684 21.4736 15.7219 27.4565 26.1086 33.3588 18.0338 15.7922 21.6517 14.8919 14.8596 12.2295 14.2366 11.2888
threshold=0.17091248184442523 0.12206578627228738 0.59531068801879894 0.55062827467918407 0.26714293658733373 0.38840235769748693 19.694011688232425 17.874490737915043 -0.11066984385251998 0.44793264567852026 -0.025709023699164387 0.036670535802841193 1.1010872125625613 -0.011928610038012264
decision_type=2 2 2 2 2 2 2 2 2 2 2 2 2 2
left_child=2 13 3 4 5 -1 -6 8 -5 -9 -3 -4 -13 -2
right_child=1 10 11 7 6 -7 -8 9 -10 -11 -12 12 -14 -15
leaf_value=-0.0045547324725855164 0.0047228989007612899 -0.0057322268511441577 -0.0057515438156891347 -0.00500191204787152 5.6403571372434448e-05 0.0050998133525143189 0.0051104976720689459 0.005402682701946819 0.0063905414378693107 -0.0028468847842202214 0.010259857019850969 -0.00048943399331680094 -0.012369009424848396 0.023246444087070862
leaf_weight=2805.1681312173605 84.401052076369524 217.27384603023529 890.58179314993322 222.90148090571165 12201.665048737079 510.68417282775044 920.83634547516704 399.82152590155602 1801.3536698073149 764.90396556258202 93.67494136467576 2636.8951045125723 119.71507099270821 80.302740387618542
leaf_count=32294 624 1532 8621 1351 81960 2969 5882 2934 12710 6151 706 20798 888 580
internal_value=-3.20577e-06 0.00474819 -0.000102306 0.000290137 -0.000287027 -0.00305694 0.000414682 0.00325687 0.00511764 6.87255e-06 -0.000744964 -0.00220925 -0.00104819 0.0145679
internal_weight=23750.2 475.653 23274.5 19627.3 16438.4 3315.85 13122.5 3188.98 2024.26 1164.73 310.949 3647.19 2756.61 164.704
internal_count=180000 3442 176558 146251 123105 35263 87842 23146 14061 9085 2238 30307 21686 1204
is_linear=0
shrinkage=0.035


Tree=164
num_leaves=15
num_cat=0
split_feature=23 15 3 23 24 22 13 13 20 22 18 2 17 18
split_gain=9.16274 17.0346 12.9628 12.4459 11.7572 22.1826 32.7778 18.7682 28.5543 18.3313 14.89 11.5786 9.18714 8.43575
threshold=0.31619535386562353 16.897056579589847 -0.28844989836215967 0.30651316046714788 0.037889750674366958 0.61015853285789501 0.77215799689292919 0.63797521591186535 0.11053578183054925 0.61566752195358287 0.060370365157723434 1.0000000180025095e-35 0.026076240465044979 -0.051885951310396188
decision_type=2 2 2 2 2 2 2 2 2 2 2 2 2 2
left_child=3 2 -2 4 7 6 -6 9 -9 -1 -7 13 -4 -5
right_child=1 -3 12 11 5 10 -8 8 -10 -11 -12 -13 -14 -15
leaf_value=0.00026738570938314535 -0.0072483620040640706 -0.0088215589665019602 -0.0089584153926575236 -1.1627647394433479e-05 0.0018922824054449384 0.00035192785666708729 0.012779237066189778 -0.0039910756722473422 0.0070859107436574628 -0.010098877514424473 -0.0061935926501037542 -0.0057260207713632563 0.012091358018350179 0.015386247104031303
leaf_weight=13730.656830130145 90.246175438165665 371.64247014373541 23.141867969185114 59.909354884177446 3338.8498640079051 1501.8769883085042 367.83580717071891 2825.8559804856777 307.77457926794887 202.19826036691666 583.62891847267747 57.222942356020212 135.80424540862441 149.80813482776284
leaf_count=100904 629 3223 305 326 25068 12243 2834 23611 2530 1827 4158 431 999 912
internal_value=-2.88841e-06 -0.00416469 0.00285291 0.000110592 2.12298e-05 0.00138237 0.00300413 -0.000441268 -0.00288405 0.000109812 -0.00150065 0.00748578 0.00867775 0.0111873
internal_weight=23746.5 620.835 249.192 23125.6 22858.7 5792.19 3706.69 17066.5 3133.63 13932.9 2085.51 266.94 158.946 209.717
internal_count=180000 5156 1933 174844 173175 44303 27902 128872 26141 102731 16401 1669 1304 1238
is_linear=0
shrinkage=0.035


Tree=165
num_leaves=15
num_cat=0
split_feature=24 16 14 3 10 10 23 24 10 3 8 0 10 10
split_gain=8.75575 10.2629 12.4569 13.4742 20.3267 16.1575 12.0202 15.5115 18.4495 10.3212 15.0285 12.3607 9.31408 15.9992
threshold=0.032028134912252433 0.92238044738769542 0.58814096450805675 0.79802337288856517 0.41329878568649298 0.42312680184841162 0.24541131407022479 0.03718423284590245 0.64613988995552074 -0.76041498780250538 -0.72859495878219593 -0.16039561480283734 0.29558062553405767 0.61859694123268139
decision_type=2 2 2 2 2 2 2 2 2 2 2 2 2 2
left_child=12 6 -3 5 -5 -4 9 8 -8 11 -11 -2 -1 -14
right_child=1 2 3 4 -6 -7 7 -9 -10 10 -12 -13 13 -15
leaf_value=-0.016385647313168331 0.027400016668784079 -0.005972438808343917 -0.0015951193833410623 0.011583209025719531 0.00057551962454650677 0.00089164260433013487 0.0039780375615797187 -0.0081290714947483446 -0.0070143502361948579 -0.009567949040914436 0.0016449417988251996 0.0024346280731864707 0.0024638355044890345 -0.013877505466783674
leaf_weight=63.784720566123724 31.38078086078167 478.01668773405254 7884.6966876387596 271.28694816678762 766.97178581357002 5374.6689993366599 571.92472632601857 362.61266986094415 265.67162942886353 139.65319807827473 7140.3635817226022 64.203557960689068 235.1232755407691 95.230330668389797
leaf_count=1026 184 3606 71280 1404 3978 33755 4160 3233 1547 827 52292 388 1679 641
internal_value=-2.93197e-06 8.54292e-05 -0.000473504 -0.000285611 0.00353478 -0.000587201 0.00104787 -0.00218783 0.000449814 0.00157666 0.00141701 0.0124497 -0.00511063 -0.00251618
internal_weight=23745.6 23351.5 14775.6 14297.6 1038.26 13259.4 8575.81 1200.21 837.596 7375.6 7280.02 95.5843 394.138 330.354
internal_count=180000 176654 114023 110417 5382 105035 62631 8940 5707 53691 53119 572 3346 2320
is_linear=0
shrinkage=0.035


Tree=166
num_leaves=15
num_cat=0
split_feature=21 5 2 4 21 24 10 15 1 11 6 24 21 13
split_gain=8.58729 20.2966 13.7011 13.2367 11.9306 25.1648 22.2134 19.0551 16.23 36.1083 21.5864 15.4863 52.2888 25.6587
threshold=0.17091248184442523 0.011225866153836252 -0.066437624394893632 0.01003137929365039 0.038016187027096755 0.035484667867422111 0.19944858551025393 20.783766746521 0.026395685039460662 0.17268133163452151 0.09520928189158441 0.03500685282051564 0.02811361383646727 0.63797521591186535
decision_type=2 2 2 2 2 2 2 2 2 2 2 2 2 2
left_child=4 2 -2 -3 11 6 -6 -8 9 -7 -10 12 13 -1
right_child=1 3 -4 -5 5 8 7 -9 10 -11 -12 -13 -14 -15
leaf_value=0.0021927786231081079 0.0054397007673774667 -0.0087059046645294267 0.027188791374684312 0.0052090552413881133 -0.019086747901489832 0.020220659385198531 -0.0039454030010023042 0.017859939952095047 -0.0048870978419962531 0.0014410392581089195 0.0011201398886703964 -0.0003583494825610052 0.018311833950509827 -0.0047178938880078373
leaf_weight=4599.5332085844129 90.67632557451725 128.82382971793413 56.181530982255936 201.09846780076623 108.26973378658295 128.75398144684732 2178.3950212746859 40.483508221805096 1199.747196841985 1327.7054334543645 1851.2818185500801 10855.707707367837 218.39897221140563 758.19798032566905
leaf_count=31145 586 960 416 1480 1999 1693 18509 260 11039 9833 14555 79856 1794 5875
internal_value=-3.09651e-06 0.00459773 0.0149629 -0.000320554 -9.9312e-05 -0.00132713 -0.00427438 -0.00346922 0.000200582 0.00322776 -0.00125032 0.000411882 0.00190934 0.00120785
internal_weight=23743.3 476.78 146.858 329.922 23266.5 6834.64 2327.15 2218.88 4507.49 1456.46 3051.03 16431.8 5576.13 5357.73
internal_count=180000 3442 1002 2440 176558 57888 20768 18769 37120 11526 25594 118670 38814 37020
is_linear=0
shrinkage=0.035


Tree=167
num_leaves=15
num_cat=0
split_feature=20 20 13 20 21 20 24 23 9 6 1 5 6 13
split_gain=8.59215 10.7162 23.1968 20.7037 17.8473 11.8469 11.39 25.5288 19.739 11.1885 11.1194 25.9986 15.453 10.7128
threshold=-0.098063450306653963 -0.062295727431774132 0.48650091886520391 -0.059193730354309075 -0.12335744500160216 -0.073807202279567705 0.037328952923417098 0.2665951550006867 0.25567927956581121 0.36140918731689459 -0.056528162211179726 -0.066200684756040559 0.053153764456510551 0.35172414779663091
decision_type=2 2 2 2 2 2 2 2 2 2 2 2 2 2
left_child=-1 2 4 10 13 9 8 -8 -5 -4 11 -3 -12 -2
right_child=1 3 5 6 -6 -7 7 -9 -10 -11 12 -13 -14 -15
leaf_value=0.0042704932171308734 0.015094222567825871 0.0035246183376843525 -0.0045146589300596018 -0.0035381543344139878 -0.0017755405481245698 -0.01151747643105897 0.0016898274682308283 -0.0052495281604535895 -5.9606877400385593e-05 0.016392862541651058 -0.0036309900816718834 0.024337956304216261 0.0063566723308194654 0.0016718690852732744
leaf_weight=552.85864586383104 121.89174453169107 248.37863729149103 249.29422915168107 2485.4448472615331 1406.5157731641084 401.83775448612869 6466.9639239348471 712.04990101978183 10032.861535020173 25.787829652428627 308.51944033056498 97.104932129383087 462.87339480593801 169.08054066635668
leaf_count=3454 737 1377 1947 28503 9927 3450 47883 6857 68955 142 2255 621 2795 1097
internal_value=-2.31931e-06 -0.000105988 -0.00232853 0.000148548 -0.000131701 -0.00775533 -0.000115356 0.000995203 -0.000752527 -0.00204839 0.00476251 0.00989469 0.00236675 0.00760935
internal_weight=23741.5 23188.6 2374.41 20814.2 1697.49 676.92 19697.3 7179.01 12518.3 275.082 1116.88 345.484 771.393 290.972
internal_count=180000 176546 17300 159246 11761 5539 152198 54740 97458 2089 7048 1998 5050 1834
is_linear=0
shrinkage=0.035


Tree=168
num_leaves=15
num_cat=0
split_feature=12 2 9 22 15 24 17 10 9 3 24 15 17 3
split_gain=8.62127 9.69368 16.9457 22.2447 18.002 16.2524 13.2367 22.0472 18.2854 11.8442 28.4801 31.8154 17.5626 20.0979
threshold=1.2603251934051516 -0.32263129949569697 0.74696844816207897 0.30844902992248541 16.897056579589847 0.03718423284590245 0.045670438557863242 0.59400221705436718 0.2966208308935166 -0.28844989836215967 0.033703889697790153 19.694011688232425 0.029691315256059173 -0.098511517047882066
decision_type=2 2 2 2 2 2 2 2 2 2 2 2 2 2
left_child=1 2 6 4 -4 -5 8 -8 -1 10 -3 -12 13 -11
right_child=-2 9 3 5 -6 -7 7 -9 -10 12 11 -13 -14 -15
leaf_value=0.017657641532240659 -0.0018281639733996929 -0.010365980924370261 -0.00058009699145404223 0.011472724767738189 -0.017480711968852383 -0.0048899768096563948 0.017614273618597104 0.0039689110074898962 -0.0006623846684064706 -0.0041558447238017699 -0.0017164691966589007 0.013824158156182468 0.0016506969857586894 0.00011640672301908346
leaf_weight=64.282126283273101 2783.6197976376861 422.01759084686637 156.95221347361803 162.18457376211882 143.31960714608431 123.1525641605258 197.0262211188674 513.94091518968344 651.50956560671329 1644.1287778876722 2230.0363792926073 163.92073714360595 7175.4324703738093 7306.7601713780314
leaf_count=438 20320 2699 990 999 935 786 1105 2946 3917 17436 14894 945 43770 67820
internal_value=-1.71986e-06 0.000241661 0.00254498 -0.00243897 -0.00895017 0.00448407 0.00459337 0.00794224 0.00120348 -4.24974e-06 -0.00209447 -0.000599281 0.000361817 -0.000672097
internal_weight=23738.3 20954.7 2012.37 585.609 300.272 285.337 1426.76 710.967 715.792 18942.3 2815.97 2393.96 16126.3 8950.89
internal_count=180000 159680 12116 3710 1925 1785 8406 4051 4355 147564 18538 15839 129026 85256
is_linear=0
shrinkage=0.035


Tree=169
num_leaves=15
num_cat=0
split_feature=10 3 12 8 3 7 3 15 4 10 15 8 6 13
split_gain=8.54501 17.0265 16.2886 15.7787 13.5342 13.295 12.2905 16.9042 15.0631 14.4454 11.8873 11.1156 14.7877 12.7778
threshold=1.4792042970657351 -0.76041498780250538 1.1686680316925051 -0.81464016437530506 0.048132693395018585 -0.16285398602485654 1.4699995517730715 18.419822692871097 -0.023012330755591389 0.61859694123268139 18.334442138671879 -0.81464016437530506 -0.41817514598369593 0.26461821794509893
decision_type=2 2 2 2 2 2 2 2 2 2 2 2 2 2
left_child=1 2 10 -2 5 -5 11 9 -9 -8 -1 13 -13 -3
right_child=3 6 -4 4 -6 -7 7 8 -10 -11 -12 12 -14 -15
leaf_value=0.0073692498450689866 -0.015734190942568938 0.0057480796428066028 0.021877290650873012 -0.0024135322883753162 -0.011291084143844719 0.016575234800034838 0.0086447659973367674 0.0001059533101430112 0.023983978710547617 -0.0043572508235200143 -0.010339369413228803 0.0056339931092301036 -0.00024358135957191642 -0.020036591708747949
leaf_weight=193.487294472754 109.60700313001871 29.847172483801842 69.323756463825703 108.92121203988791 81.628907732665539 64.681240513920784 179.05441083759069 50.127937577664852 81.782628700137138 225.15878789126873 50.771426752209663 527.23354735970497 21903.543248374015 60.382291041314602
leaf_count=1144 1019 173 438 826 590 468 846 232 383 1145 295 3019 169035 387
internal_value=-1.42508e-06 8.2625e-05 0.00805544 -0.00524405 -0.000315765 0.00517879 -2.92524e-05 0.00515885 0.0155569 0.00147191 0.00342647 -0.000154993 -0.00010298 -0.0117847
internal_weight=23735.6 23370.7 313.582 364.838 255.231 173.602 23057.1 536.124 131.911 404.213 244.259 22521 22430.8 90.2295
internal_count=180000 177097 1877 2903 1884 1294 175220 2606 615 1991 1439 172614 172054 560
is_linear=0
shrinkage=0.035


Tree=170
num_leaves=15
num_cat=0
split_feature=17 10 2 16 17 14 3 22 14 11 23 20 3 17
split_gain=8.37605 14.8245 13.8517 8.57185 13.9835 24.8557 19.9803 17.9695 16.3186 15.4275 13.1838 12.1145 12.9515 11.9755
threshold=0.012400826904922726 0.19092348217964175 0.11828402802348138 0.92238044738769542 0.034436065703630454 1.0482492446899416 0.67827665805816661 0.26194338500499731 2.4839316606521611 0.50998535752296459 0.22513678669929507 -0.05719425901770591 -0.65646037459373463 0.060210101306438453
decision_type=2 2 2 2 2 2 2 2 2 2 2 2 2 2
left_child=1 -1 -3 10 6 9 7 -5 -7 -6 11 12 -2 -12
right_child=3 2 -4 4 5 8 -8 -9 -10 -11 13 -13 -14 -15
leaf_value=-0.014950681500078342 0.024136997792794684 0.016377811741795575 -0.0089299755036348072 0.0025771073924320213 -0.00015185826836567134 0.0035797405837449813 0.005597835852834682 -0.0025038514441279992 -0.0046013187553431466 -0.0058502497109766691 -0.00036515088272829715 0.00098766603969165654 0.0041970474959773093 -0.0077169001463983653
leaf_weight=110.9590218141675 32.12736202776432 41.702924707904458 45.137574419379234 969.11328497901559 2612.6277291402221 3124.7707124724984 457.71953744068742 6673.4071339070797 321.56310224533081 739.02384203672409 1436.5530577152967 5787.9631278477609 1056.2742410823703 324.97673187404871
leaf_count=1992 165 494 418 8883 16035 19006 2443 61057 2143 4800 11430 42572 6512 2050
internal_value=-1.08207e-06 -0.00699721 0.00365966 6.06607e-05 -0.000447871 0.000722063 -0.0014294 -0.00185703 0.0028053 -0.00142199 0.000937256 0.00162909 0.00500002 -0.00175735
internal_weight=23733.9 197.8 86.8405 23536.1 14898.2 6797.99 8100.24 7642.52 3446.33 3351.65 8637.89 6876.36 1088.4 1761.53
internal_count=180000 2904 912 177096 114367 41984 72383 69940 21149 20835 62729 49249 6677 13480
is_linear=0
shrinkage=0.035


Tree=171
num_leaves=15
num_cat=0
split_feature=21 19 7 22 22 24 6 9 6 12 16 4 24 16
split_gain=8.16844 16.7818 14.183 14.1274 24.9943 24.2967 45.2374 27.0139 15.7127 21.0758 19.1853 11.3876 11.9731 10.9479
threshold=0.17091248184442523 -0.056661093607544892 -0.05018316023051738 0.59531068801879894 0.55062827467918407 0.039040250703692443 0.039850240573287017 0.26714293658733373 0.21276213973760608 0.95868521928787243 0.82564520835876476 -0.044236849993467324 0.036670535802841193 1.9035639166831972
decision_type=2 2 2 2 2 2 2 2 2 2 2 2 2 2
left_child=3 -2 -3 4 5 7 -7 -1 9 -6 -10 -5 -13 -14
right_child=1 2 -4 11 8 6 -8 -9 10 -11 -12 12 13 -15
leaf_value=-0.0035192685038218439 0.013120631703820251 -0.0091511568632766625 0.0055989604122913886 -0.0078582288477523615 0.007521025222039652 -0.001758597201505348 0.013484653427172939 0.00012498490485318481 -0.016015305652557862 0.0010622910355985425 0.00076386425375324623 -0.0051105638571882729 0.00015961189470181924 -0.014773987442718701
leaf_weight=3110.5853471793234 166.04418180510402 124.23995897546411 187.1627840641886 367.15151868388057 1281.8890865389258 524.15245297923684 424.55490691587329 12362.406597137451 86.058028791099787 1195.4043456427753 631.59425651282072 802.7709243837744 2415.2291822694242 51.667396906763315
leaf_count=33344 1198 806 1438 2531 9772 3847 2960 82954 488 9059 3827 8000 19366 410
internal_value=-9.69192e-07 0.00448309 -0.000387502 -9.49246e-05 0.000276826 -0.000274795 0.00513239 -0.000609431 0.00310411 0.0044212 -0.00144067 -0.00209537 -0.00142627 -0.000211546
internal_weight=23730.9 477.447 311.403 23253.5 19616.6 16421.7 948.707 15473 3194.95 2477.29 717.652 3636.82 3269.67 2466.9
internal_count=180000 3442 2244 176558 146251 123105 6807 116298 23146 18831 4315 30307 27776 19776
is_linear=0
shrinkage=0.035


Tree=172
num_leaves=15
num_cat=0
split_feature=23 15 23 1 15 20 20 10 18 3 17 13 19 10
split_gain=8.07445 16.3651 11.4611 10.9266 10.8293 18.7742 18.9657 18.4171 17.8313 12.6935 9.81576 8.35087 9.95242 8.62641
threshold=0.31619535386562353 16.08006572723389 0.30651316046714788 -0.01384155824780464 19.889597892761234 -0.028148042969405648 0.075289648026227965 0.15326413512229922 0.087698280811309828 -0.098511517047882066 0.013864892069250347 0.24659551680088046 0.023960944265127185 0.51990038156509411
decision_type=2 2 2 2 2 2 2 2 2 2 2 2 2 2
left_child=2 -2 4 -4 7 8 -7 10 -6 -9 -1 -3 13 -13
right_child=1 11 3 -5 5 6 -8 9 -10 -11 -12 12 -14 -15
leaf_value=-0.019750231728908194 0.0081872228448272438 0.003261180777985157 0.012085381592629537 -0.0024066779253959151 0.011390128610600377 -0.0023590518925637426 0.010362478103986448 -0.0011575212499561271 -0.0047401506787020081 0.00059163936986795249 -2.8139645829767181e-05 -0.020028156191591606 -0.0020657315216890998 -0.0064111161649401342
leaf_weight=79.922947995364666 104.25370511598885 84.448639173060656 175.38486862555146 92.713681116700172 413.777348626405 772.620292019099 165.80570164695382 8376.4305466525257 98.717036619782448 12889.657755048946 47.152765484526753 107.34239134192467 182.30195410549641 138.89255455136299
leaf_count=1535 792 616 1027 642 2803 6340 1307 61196 669 98575 750 1026 1736 986
internal_value=-1.31974e-06 -0.0039196 0.000104973 0.00716742 1.89879e-05 0.00293451 -2.57892e-05 -0.000180026 0.00825185 -9.75521e-05 -0.0129681 -0.00648957 -0.00844162 -0.0128972
internal_weight=23729.4 617.239 23112.2 268.099 22844.1 1450.92 938.426 21393.2 512.494 21266.1 127.076 512.986 428.537 246.235
internal_count=180000 5156 174844 1669 173175 11119 7647 162056 3472 159771 2285 4364 3748 2012
is_linear=0
shrinkage=0.035


Tree=173
num_leaves=15
num_cat=0
split_feature=12 0 9 19 14 3 20 11 12 22 12 16 17 3
split_gain=7.97326 9.11423 13.883 12.7156 11.3407 10.9982 12.3572 11.9407 9.69123 8.39944 7.97341 7.27085 25.8406 17.966
threshold=1.2603251934051516 0.29423068463802343 1.6133269071578982 0.10222247242927553 1.2224763631820681 1.4699995517730715 0.04162253066897393 0.29412451386451727 0.88314035534858715 0.39816650748252874 1.1544972658157351 1.9035639166831972 0.064152654260396971 -0.58245521783828724
decision_type=2 2 2 2 2 2 2 2 2 2 2 2 2 2
left_child=1 2 5 8 10 6 -1 -7 -3 -10 -5 12 -2 -13
right_child=11 3 -4 4 -6 7 -8 -9 9 -11 -12 13 -14 -15
leaf_value=0.0005024467794729928 -0.002591569435444935 0.00015252601386223181 -0.015782502649408673 -0.007143572096201008 0.0081056846734572641 0.014459688207940006 -0.0016031249187533317 0.0019956309510678534 0.0017739645501921807 0.025378625352755001 0.0081436089416134661 -0.016887377816651679 0.0075194643729628082 0.00057424070956772094
leaf_weight=15528.347397027537 2144.7521487046033 46.500044703483582 57.074276231229305 174.49526964128017 161.93661110848188 119.97773067653179 4365.9952536933124 356.81278365850449 26.490306369960308 65.998137570917606 45.02492792904377 117.00705406069756 351.76729818433523 165.74212116934359
leaf_count=115734 15843 298 460 1111 1009 550 37876 1780 174 408 280 1028 2257 1192
internal_value=-1.5636e-06 0.000232394 0.000114726 0.00476183 0.0013381 0.000166987 3.97866e-05 0.00536465 0.0134378 0.0194506 -0.00378988 -0.00175953 -0.00114258 -0.00698174
internal_weight=23727.9 20948.7 20428.2 520.445 381.457 20371.1 19894.3 476.791 138.988 92.4884 219.52 2779.27 2496.52 282.749
internal_count=180000 159680 156400 3280 2400 155940 153610 2330 880 582 1391 20320 18100 2220
is_linear=0
shrinkage=0.035


Tree=174
num_leaves=15
num_cat=0
split_feature=24 24 4 10 10 24 21 24 20 24 15 16 1 10
split_gain=7.94953 9.2049 38.5147 43.8172 37.17 23.2424 28.9404 21.8217 38.0776 25.1192 18.6495 13.8507 10.3726 8.93046
threshold=0.032028134912252433 0.033951222896575935 0.034491103142499931 0.64613988995552074 0.290235385298729 0.034483484923839576 -0.014650785364210604 0.034890316426754005 0.038012521341443069 0.035484667867422111 18.678056716918949 0.79046091437339794 -0.23843076825141904 0.29558062553405767
decision_type=2 2 2 2 2 2 2 2 2 2 2 2 2 2
left_child=13 2 3 4 -2 6 11 8 -7 -9 -8 -3 -5 -1
right_child=1 5 -4 12 -6 7 10 9 -10 -11 -12 -13 -14 -15
leaf_value=-0.016016574896041542 -0.00079095205006623657 -0.0031631841852999693 -0.0041146776444461195 0.00074148222217776849 0.0075936713442676272 0.0011957220222671443 -0.0037121006363871815 -0.0038011837759258662 0.017535898872181585 0.00023370172576506066 0.012644103145308746 -0.017658073186300718 -0.0092146188958600987 -0.0023528407272844542
leaf_weight=62.664271535351872 944.50848040729761 124.67780663073063 1134.7628819942474 195.43258421123028 2038.8126997351646 726.16406274400651 380.51682009361684 2158.6604099068791 220.74955431558192 14706.385698748752 99.297830745577812 249.27926061861217 354.93813293427229 329.13586389273405
leaf_count=1026 9593 1065 8806 1098 12513 5045 2638 17144 1794 111856 744 2325 2033 2320
internal_value=-1.22717e-06 8.27888e-05 0.00147106 0.00327133 0.00494536 -0.00026503 -0.00587198 6.86885e-06 0.00514848 -0.000284694 -0.000138143 -0.0130337 -0.00572914 -0.00488244
internal_weight=23726 23334.2 4668.45 3533.69 2983.32 18665.7 853.772 17812 946.914 16865 479.815 373.957 550.371 391.8
internal_count=180000 176654 34043 25237 22106 142611 6772 135839 6839 129000 3382 3390 3131 3346
is_linear=0
shrinkage=0.035


Tree=175
num_leaves=15
num_cat=0
split_feature=20 20 3 22 20 11 3 11 2 14 20 11 9 15
split_gain=7.92779 10.3636 21.319 18.8388 18.6717 17.3584 14.784 11.5422 11.0879 10.6128 17.4402 14.1275 10.3781 12.0902
threshold=-0.098063450306653963 -0.062295727431774132 -0.43294988572597498 0.4152646958827973 -0.059193730354309075 0.19198361784219745 0.35542245209217077 0.19598617404699328 0.043598080053925521 0.66414606571197521 0.030121861025691036 0.39036202430725103 1.1529235839843752 17.331815719604496
decision_type=2 2 2 2 2 2 2 2 2 2 2 2 2 2
left_child=-1 2 12 5 6 -4 8 -8 -3 10 -6 -11 13 -2
right_child=1 4 3 -5 9 -7 7 -9 -10 11 -12 -13 -14 -15
leaf_value=0.0040981149573951327 -0.019290859242343729 0.0028659870013592109 -0.00615298468451722 -0.011656611829310775 -0.0045222135150668518 0.0017766565454830684 0.0072801861362932659 -0.0063501946252022606 0.011156489622754104 -0.00032460827267962177 0.0012134474783875274 0.0020864800998034263 0.006306008701165689 -0.0031782524810112576
leaf_weight=554.05981165915728 154.20626912266016 404.52312555909157 426.87748220749199 176.91318522766232 1560.3104561194777 1486.7956821024418 105.32694131135941 215.22022866457701 394.61185263097286 13184.027373505756 1101.4611711166799 3834.5114496052265 30.993129022419453 94.438653767108917
leaf_count=3454 953 2673 4417 1576 11058 9536 572 1042 2761 108943 8852 23345 233 585
internal_value=-1.66883e-06 -0.000101431 -0.00228915 -0.00105094 0.000148847 -1.49758e-05 0.0045247 -0.00178671 0.00704711 -0.000102282 -0.0021531 0.000219549 -0.0111902 -0.0135306
internal_weight=23724.3 23170.2 2370.22 2090.59 20800 1913.67 1119.68 320.547 799.135 19680.3 2661.77 17018.5 279.638 248.645
internal_count=180000 176546 17300 15529 159246 13953 7048 1614 5434 152198 19910 132288 1771 1538
is_linear=0
shrinkage=0.035


Tree=176
num_leaves=15
num_cat=0
split_feature=23 15 3 23 24 22 23 20 20 10 18 6 0 16
split_gain=7.75201 15.4148 12.06 10.423 10.4514 20.3263 26.7591 14.8394 29.9517 27.5267 14.2048 10.2552 9.92227 10.4322
threshold=0.31619535386562353 16.704549789428714 -0.28844989836215967 0.30651316046714788 0.037889750674366958 0.61015853285789501 0.2665951550006867 0.05296724662184716 0.038012521341443069 0.31213991343975073 0.060370365157723434 -0.10043011978268622 -0.1076098009943962 1.0491435527801516
decision_type=2 2 2 2 2 2 2 2 2 2 2 2 2 2
left_child=3 2 -2 4 7 6 -6 8 -1 -9 -7 12 -5 -14
right_child=1 -3 -4 11 5 10 -8 9 -10 -11 -12 -13 13 -15
leaf_value=-0.00033539755630693349 -0.0066807452425818236 -0.0078696465858472103 0.0096100373229772058 -0.00023607174833234216 0.0040836297835534097 0.00034733524147391014 -0.004257559398650676 -0.01053483772168382 0.0074986440893028408 -0.0010920948917806539 -0.0060538919475953421 -0.0017027932302468426 0.023779369923137054 0.00015921250331317713
leaf_weight=14076.855911532417 80.780736714601517 398.28993932157755 136.97916073910892 55.111928280442953 3168.8102607391775 1501.3333117011935 544.73030694946647 463.93509019166231 614.33695856295526 1886.4465910643339 581.61933766677976 104.46448434516788 78.707728497684002 31.062032606452703
leaf_count=103280 561 3486 1109 292 22743 12243 5159 6479 5195 13918 4158 783 411 183
internal_value=-1.92777e-06 -0.00384491 0.00353878 0.000102146 1.9944e-05 0.00130244 0.00285193 -0.000416791 -2.92605e-06 -0.00299271 -0.00146045 0.0068219 0.0120114 0.0176668
internal_weight=23723.5 616.05 217.76 23107.4 22838.1 5796.49 3713.54 17041.6 14691.2 2350.38 2082.95 269.346 164.882 109.77
internal_count=180000 5156 1670 174844 173175 44303 27902 128872 108475 20397 16401 1669 886 594
is_linear=0
shrinkage=0.035


Tree=177
num_leaves=15
num_cat=0
split_feature=12 1 22 8 8 6 23 22 7 0 24 10 24 15
split_gain=7.68937 9.45745 17.9903 31.7262 44.1435 29.5578 20.7178 23.6084 19.4802 14.9076 13.3969 30.5661 25.5206 8.23987
threshold=1.2383896708488467 -0.02050760947167873 0.40993298590183264 -0.04714913293719291 -0.39896588027477259 0.2792243510484696 0.2665951550006867 0.48759272694587713 -1.0000000180025095e-35 0.29423068463802343 0.033951222896575935 0.64613988995552074 0.034483484923839576 18.678056716918949
decision_type=2 2 2 2 2 2 2 2 2 2 2 2 2 2
left_child=1 9 3 4 -3 -5 7 -4 -8 10 11 -1 -12 -2
right_child=13 2 6 5 -6 -7 8 -9 -10 -11 12 -13 -14 -15
leaf_value=0.0051040513063246419 -0.0025499930113568369 -0.0095814472516378008 0.0046488691774128951 -0.016312006510049038 0.0010693668612870128 0.0015133506733483498 -0.01718025077001132 -0.00017464833642078995 0.0094034355659384523 0.015791264955684135 -0.0090801800741836178 -0.0055472539686768274 0.00067386422416902951 0.0017319425900994684
leaf_weight=1893.4016574285924 2472.3176744952798 589.68805502355099 1521.7919176518917 340.05754308402538 2316.7824406083673 166.59755162522197 134.20603175088763 6589.9037497807294 37.021110689267516 73.947156526148319 337.08423071354628 390.64621264487505 6158.5935425944626 699.72153598442674
leaf_count=13166 17944 3691 11831 3926 19047 1041 1457 52245 468 460 2720 2205 44520 5279
internal_value=-1.88623e-06 0.000245914 -0.000407266 -0.00254171 -0.001117 -0.0105349 0.000474272 0.000734876 -0.0112309 0.00110828 0.000966786 0.00326609 0.000154512 -0.00160296
internal_weight=23721.8 20549.7 11696 3413.13 2906.47 506.655 8282.92 8111.7 171.227 8853.67 8779.73 2284.05 6495.68 3172.04
internal_count=180000 156777 93706 27705 22738 4967 66001 64076 1925 63071 62611 15371 47240 23223
is_linear=0
shrinkage=0.035


Tree=178
num_leaves=15
num_cat=0
split_feature=21 5 8 12 2 22 22 9 23 2 6 12 16 13
split_gain=7.68583 18.1963 14.7638 14.1044 12.8492 12.4204 22.8039 21.6721 25.876 17.2774 14.6923 19.524 18.1482 11.4109
threshold=0.17091248184442523 0.011225866153836252 -0.04714913293719291 1.0474706292152407 -0.066437624394893632 0.59531068801879894 0.55062827467918407 0.24422384798526767 0.1535952687263489 0.71704462170600902 0.21276213973760608 0.95868521928787243 0.84588482975959789 0.57087454199790966
decision_type=2 2 2 2 2 2 2 2 2 2 2 2 2 2
left_child=5 4 3 -3 -2 6 7 8 -1 -9 11 -8 -12 -7
right_child=1 2 -4 -5 -6 13 10 9 -10 -11 12 -13 -14 -15
leaf_value=0.00041220530247008551 0.0049249809045757041 -0.010694907951887791 0.0079584135634864824 0.012755649487080464 0.02578741746218613 -0.004121953273198622 0.0071947685785939391 -1.081896014554409e-06 -0.0068009769787075068 0.0061035748346573602 -0.014438925579899209 0.00098776832260361394 0.00089323742840640558 -0.0001835058217157644
leaf_weight=1176.3133249729872 91.418067626655102 159.79953750036657 140.35507474280894 29.681764807552099 57.286286160349846 1641.3476177174598 1288.2192204222083 13401.803125467151 1251.3246570192277 583.05720619857311 101.52323970198631 1196.692479789257 616.00702027231455 1985.873178370297
leaf_count=10087 586 1164 1068 208 416 13298 9772 92404 17474 3140 582 9059 3733 17009
internal_value=-2.29265e-06 0.00434229 -0.000333207 -0.00656615 0.0140804 -9.35738e-05 0.000254637 -0.000273039 -0.00331847 0.000257613 0.0029514 0.00422152 -0.00144475 -0.00197212
internal_weight=23720.7 478.541 329.836 189.481 148.704 23242.2 19614.9 16412.5 2427.64 13984.9 3202.44 2484.91 717.53 3627.22
internal_count=180000 3442 2440 1372 1002 176558 146251 123105 27561 95544 23146 18831 4315 30307
is_linear=0
shrinkage=0.035


Tree=179
num_leaves=15
num_cat=0
split_feature=20 20 4 20 2 15 23 12 13 10 24 23 9 7
split_gain=7.5132 16.0777 28.1939 17.2679 14.6002 23.8893 13.2677 13.1607 11.7451 10.1908 9.88232 21.1338 17.7956 9.07685
threshold=-0.087301429361104951 -0.062295727431774132 -0.010961812455207108 -0.059193730354309075 -0.10953330248594283 17.73579025268555 0.22840204834938052 0.72387230396270763 0.26461821794509893 0.28510884940624243 0.037328952923417098 0.2665951550006867 0.18943239748477939 -0.088459189981222139
decision_type=2 2 2 2 2 2 2 2 2 2 2 2 2 2
left_child=7 2 4 -3 9 -6 -4 -1 -9 -2 12 -12 -5 -10
right_child=1 3 6 10 5 -7 -8 8 13 -11 11 -13 -14 -15
leaf_value=-0.010057620812353259 -0.015669925805966593 0.0043448356039121954 -0.0041001246225184458 -0.005768020061473365 -0.002320915416013244 0.011054658122225954 -0.014348469650789602 -0.0038527877391646326 0.0076045783380891225 -0.0022566514575671115 0.0015626613087211727 -0.0047833178843329476 -0.00034964162658401642 -0.0018725063232908994
leaf_weight=79.285001412034035 71.300678228959441 1122.8240215796977 326.67400138825178 782.93451520800591 375.41649069450796 276.14407665655017 304.74822890758514 181.94879748485982 646.61081512458622 510.73700481653214 6477.0527281612158 703.83987285941839 11710.272398490459 148.29294796474278
leaf_count=511 766 7048 2593 10981 2509 1938 2776 1197 4012 3216 47883 6857 86477 1236
internal_value=-1.88473e-06 -0.000136911 -0.00324101 0.000142881 -0.000145056 0.00342932 -0.00919295 0.00286953 0.00401003 -0.00413673 -9.90146e-05 0.000934869 -0.000693547 0.00583529
internal_weight=23718.1 22661.9 1865.02 20796.9 1233.6 651.561 631.422 1056.14 976.853 582.038 19674.1 7180.89 12493.2 794.904
internal_count=180000 173044 13798 159246 8429 4447 5369 6956 6445 3982 152198 54740 97458 5248
is_linear=0
shrinkage=0.035


end of trees

feature_importances:
market_vol20=300
momentum252_20=249
dispersion20=245
vol60=238
market_ret20=237
log_turnover=182
breadth200=148
market_ret60=137
range20=111
drawdown252=92
vol20=73
downside60=71
ret120=69
vol_expansion=66
ma200=53
turnover_shock=45
drawdown60=36
ret60=35
rsi14=35
relative60=22
relative20=20
ma60=18
ma20=16
ret20=11
volume_shock=11

parameters:
[boosting: gbdt]
[objective: binary]
[metric: binary_logloss]
[tree_learner: serial]
[device_type: cpu]
[data_sample_strategy: bagging]
[data: ]
[valid: ]
[num_iterations: 180]
[learning_rate: 0.035]
[num_leaves: 15]
[num_threads: 1]
[seed: 804]
[deterministic: 1]
[force_col_wise: 1]
[force_row_wise: 0]
[histogram_pool_size: -1]
[max_depth: 5]
[min_data_in_leaf: 150]
[min_sum_hessian_in_leaf: 0.001]
[bagging_fraction: 1]
[pos_bagging_fraction: 1]
[neg_bagging_fraction: 1]
[bagging_freq: 0]
[bagging_seed: 31454]
[bagging_by_query: 0]
[feature_fraction: 0.85]
[feature_fraction_bynode: 1]
[feature_fraction_seed: 16221]
[extra_trees: 0]
[extra_seed: 23160]
[early_stopping_round: 0]
[early_stopping_min_delta: 0]
[first_metric_only: 0]
[max_delta_step: 0]
[lambda_l1: 0]
[lambda_l2: 10]
[linear_lambda: 0]
[min_gain_to_split: 0]
[drop_rate: 0.1]
[max_drop: 50]
[skip_drop: 0.5]
[xgboost_dart_mode: 0]
[uniform_drop: 0]
[drop_seed: 31648]
[top_rate: 0.2]
[other_rate: 0.1]
[min_data_per_group: 100]
[max_cat_threshold: 32]
[cat_l2: 10]
[cat_smooth: 10]
[max_cat_to_onehot: 4]
[top_k: 20]
[monotone_constraints: ]
[monotone_constraints_method: basic]
[monotone_penalty: 0]
[feature_contri: ]
[forcedsplits_filename: ]
[refit_decay_rate: 0.9]
[cegb_tradeoff: 1]
[cegb_penalty_split: 0]
[cegb_penalty_feature_lazy: ]
[cegb_penalty_feature_coupled: ]
[path_smooth: 0]
[interaction_constraints: ]
[verbosity: -1]
[saved_feature_importance_type: 0]
[use_quantized_grad: 0]
[num_grad_quant_bins: 4]
[quant_train_renew_leaf: 0]
[stochastic_rounding: 1]
[linear_tree: 0]
[max_bin: 63]
[max_bin_by_feature: ]
[min_data_in_bin: 3]
[bin_construct_sample_cnt: 200000]
[data_random_seed: 2664]
[is_enable_sparse: 1]
[enable_bundle: 1]
[use_missing: 1]
[zero_as_missing: 0]
[feature_pre_filter: 1]
[pre_partition: 0]
[two_round: 0]
[header: 0]
[label_column: ]
[weight_column: ]
[group_column: ]
[ignore_column: ]
[categorical_feature: ]
[forcedbins_filename: ]
[precise_float_parser: 0]
[parser_config_file: ]
[objective_seed: 11469]
[num_class: 1]
[is_unbalance: 0]
[scale_pos_weight: 1]
[sigmoid: 1]
[boost_from_average: 1]
[reg_sqrt: 0]
[alpha: 0.9]
[fair_c: 1]
[poisson_max_delta_step: 0.7]
[tweedie_variance_power: 1.5]
[lambdarank_truncation_level: 30]
[lambdarank_norm: 1]
[label_gain: ]
[lambdarank_position_bias_regularization: 0]
[eval_at: ]
[multi_error_top_k: 1]
[auc_mu_weights: ]
[num_machines: 1]
[local_listen_port: 12400]
[time_out: 120]
[machine_list_filename: ]
[machines: ]
[gpu_platform_id: -1]
[gpu_device_id: -1]
[gpu_device_id_list: ]
[gpu_use_dp: 0]
[num_gpu: 1]

end of parameters

pandas_categorical:[]
