tree
version=v4
num_class=1
num_tree_per_iteration=1
label_index=0
max_feature_idx=24
objective=binary sigmoid:1
feature_names=ret20 ret60 ret120 momentum252_20 ma20 ma60 ma200 drawdown60 drawdown252 vol20 vol60 downside60 vol_expansion rsi14 volume_shock log_turnover turnover_shock range20 relative20 relative60 market_ret20 market_ret60 breadth200 market_vol20 dispersion20
feature_infos=[-0.97297078371047974:25.612903594970703] [-0.99359548091888428:96.863685607910156] [-0.99815022945404053:60.791206359863281] [-0.99970638751983643:49.222221374511719] [-0.91463136672973633:8.5846643447875977] [-0.97813576459884644:10.667648315429688] [-0.99911534786224365:21.996347427368164] [-0.99477112293243408:0] [-0.99995052814483643:0] [0.011504286900162697:56.277904510498047] [0.012127312831580639:32.573638916015625] [0.0068114609457552433:3.0041182041168213] [0.020887129008769989:1.7614884376525879] [0:1] [0.0063309594988822937:11.959701538085938] [15.424971580505371:24.619516372680664] [0.051542699337005615:3] [0.0014989606570452452:1.0639512538909912] [-1.0264421701431274:25.541141510009766] [-1.056833028793335:96.971687316894531] [-0.11205293983221054:0.13794340193271637] [-0.19037060439586639:0.18027448654174805] [0.17041800916194916:0.67019808292388916] [0.089597404003143311:0.4651646614074707] [0.031471334397792816:0.044689930975437164]
tree_sizes=1730 1789 1794 1792 1796 1802 1803 1795 1790 1796 1795 1801 1789 1798 1807 1808 1795 1799 1802 1803 1803 1795 1798 1797 1805 1812 1799 1802 1808 1800 1802 1803 1797 1812 1804 1798 1805 1809 1799 1807 1790 1802 1813 1799 1807 1793 1810 1793 1803 1816 1811 1806 1811 1806 1798 1814 1799 1808 1798 1815 1811 1814 1808 1803 1808 1803 1806 1811 1803 1803 1809 1803 1809 1792 1805 1822 1806 1804 1800 1802 1803 1811 1805 1807 1807 1809 1812 1797 1803 1814 1806 1809 1805 1806 1807 1801 1813 1794 1808 1816 1800 1819 1799 1790 1818 1811 1807 1803 1826 1797 1810 1821 1809 1804 1813 1805 1811 1809 1807 1815 1810 1814 1812 1791 1796 1798 1802 1809 1805 1808 1794 1816 1806 1805 1819 1813 1796 1798 1789 1815 1809 1820 1811 1797 1806 1820 1812 1820 1793 1800 1816 1819 1808 1804 1806 1817 1799 1816 1798 1808 1815 1814 1803 1792 1807 1808 1803 1803 1814 1799 1802 1791 1814 1798 1809 1808 1822 1800 1803 1797

Tree=0
num_leaves=15
num_cat=0
split_feature=17 3 11 24 21 10 24 3 10 3 3 15 17 10
split_gain=3160.84 553.812 451.628 420.867 366.291 294.28 219.72 188.952 187.029 186.75 109.759 108.031 98.6138 86.6626
threshold=0.029978419654071334 0.35133789479732519 0.36250703036785131 0.041788998991250999 -0.08160002157092093 0.28704898059368139 0.040601676329970367 0.62586495280265819 1.7810811996459963 0.94833856821060192 0.69814115762710582 18.925502777099613 0.055158255621790893 0.21014636009931567
decision_type=2 2 2 2 2 2 2 2 2 2 2 2 2 2
left_child=1 5 3 9 7 13 10 12 11 -2 -3 -6 -4 -1
right_child=2 6 4 -5 8 -7 -8 -9 -10 -11 -12 -13 -14 -15
leaf_value=-1.7134946957652903 -1.6793030228063803 -1.6831076340815609 -1.6682986388766368 -1.7054686596624096 -1.6718885840774071 -1.6960525938776321 -1.7071886181642371 -1.613049036446101 -1.6977576279159103 -1.6536980927694855 -1.6611172043706912 -1.6530745178267903 -1.6452967086865899 -1.7048654630468489
leaf_weight=2346.8946804776788 4840.3451004698873 1484.8101801723242 444.7357190772891 740.9898038059473 3240.7451289817691 4114.7866808325052 403.95222828537226 149.34367483854294 308.00868835300207 367.9781548678875 334.14906460046768 424.70600909739733 536.65440420806408 3965.5698307678103
leaf_count=17821 36332 11243 3406 6109 24555 30990 3305 1180 2385 2795 2535 3225 4200 29919
internal_value=-1.68804 -1.69998 -1.67438 -1.68095 -1.66675 -1.70336 -1.68414 -1.64921 -1.67182 -1.67743 -1.67894 -1.66962 -1.65542 -1.70811
internal_weight=23703.7 12650.2 11053.5 5949.31 5104.19 10427.3 2222.91 1130.73 3973.46 5208.32 1818.96 3665.45 981.39 6312.46
internal_count=180000 95813 84187 45236 38951 78730 17083 8786 30165 39127 13778 27780 7606 47740
is_linear=0
shrinkage=1


Tree=1
num_leaves=15
num_cat=0
split_feature=11 20 3 23 11 3 23 11 24 9 23 24 21 21
split_gain=2647.05 646.662 559.383 333.625 308.093 305.915 214.693 206.635 221.194 162.944 162.392 147.153 121.881 111.28
threshold=0.22569543123245242 -0.023001317866146561 0.32682493329048162 0.12856709212064746 0.36250703036785131 0.79796245694160473 0.12856709212064746 0.40403389930725103 0.041788998991250999 0.22487947344779971 0.12467885017395021 0.040601676329970367 -0.015352656133472918 -0.053668919950723641
decision_type=2 2 2 2 2 2 2 2 2 2 2 2 2 2
left_child=2 5 6 -4 10 7 -1 8 -2 -8 -3 -5 -9 -7
right_child=1 4 3 11 -6 13 9 12 -10 -11 -12 -13 -14 -15
leaf_value=-0.0034803181719357192 0.016092939337433165 0.024412818415092647 0.029112414471019362 0.0014477436027264968 0.01271046596337627 0.068667729415942264 -0.025286971530753096 0.035697307355457335 -0.013690419552862178 -0.014598299114956817 -0.0030927503933639421 -0.020876966770540864 0.01343329487598602 0.03084803306719229
leaf_weight=1282.551587626338 2699.6186877414584 270.44706611335278 451.64627200365067 1494.1042432561517 3289.0735277459025 190.59034035354853 3017.728862516582 997.3258448690176 336.60097565501928 4302.314312748611 4208.8906046822667 466.73630559444427 454.49272079765797 241.20565745234489
leaf_count=9734 20015 2104 3392 11268 24853 1450 23231 7522 2801 32712 31921 3864 3336 1797
internal_value=-1.47487e-06 0.0108923 -0.0125485 0.00233825 0.00459365 0.0208085 -0.0167212 0.018021 0.012757 -0.0190333 -0.00138138 -0.00394514 0.0288671 0.0487177
internal_weight=23703.3 12688.2 11015.1 2412.49 7768.41 4919.83 8602.59 4488.04 3036.22 7320.04 4479.34 1960.84 1451.82 431.796
internal_count=180000 95799 84201 18524 58878 36921 65677 33674 22816 55943 34025 15132 10858 3247
is_linear=0
shrinkage=0.035


Tree=2
num_leaves=15
num_cat=0
split_feature=10 3 20 11 23 3 23 10 10 21 23 24 24 22
split_gain=2686.86 616.5 562.281 335.844 287.629 225.538 199.925 167.139 166.409 154.861 132.632 130.064 121.884 116.985
threshold=0.38558267056941992 0.37747098505496984 -0.013095685746520756 0.17269556969404223 0.12856709212064746 0.94833856821060192 0.12856709212064746 0.59578466415405285 1.7810811996459963 -0.0036788767902180548 0.12856709212064746 0.040601676329970367 0.041788998991250999 0.36472003161907202
decision_type=2 2 2 2 2 2 2 2 2 2 2 2 2 2
left_child=1 3 5 10 -3 9 -5 -4 13 -2 -1 -8 -6 -9
right_child=2 4 7 6 12 -7 11 8 -10 -11 -12 -13 -14 -15
leaf_value=-0.0079235507788667312 0.02479533041270518 0.032060826420313521 0.0016506255449407659 0.0080133108887749261 0.003981477153779142 0.048049507406623171 -0.0082323913589682184 0.037057065470627829 -0.014851550795751959 0.0093274987059980049 -0.023262779112073157 -0.022575325373270644 -0.022458838648609297 0.013094101824984749
leaf_weight=847.83279822021723 2755.395672865212 425.00387132912874 3640.0278915539384 789.85668344795704 1492.4837481528521 393.95783767849207 4442.1875888705254 280.11481067538261 225.7978178858757 1135.7528939247131 4062.63991176337 935.85145562142134 238.96486826241016 2035.7117275744677
leaf_count=6454 20440 3126 27557 5940 11340 2884 33240 2108 1749 8381 31694 7811 2014 15262
internal_value=-2.95308e-06 -0.0104793 0.0132413 -0.0138103 0.00661784 0.0229717 -0.00835164 0.00647007 0.0133388 0.020316 -0.0206358 -0.0107655 0.000224321 0.0161395
internal_weight=23701.6 13234.8 10466.8 11078.4 2156.45 4285.11 6167.9 6181.65 2541.62 3891.15 4910.47 5378.04 1731.45 2315.83
internal_count=180000 101619 78381 85139 16480 31705 46991 46676 19119 28821 38148 41051 13354 17370
is_linear=0
shrinkage=0.035


Tree=3
num_leaves=15
num_cat=0
split_feature=17 23 20 10 10 24 17 21 10 20 10 23 6 12
split_gain=2626.96 446.816 381.29 327.162 259.326 301.769 173.037 172.913 143.71 143.505 137.184 105.779 93.8257 91.1029
threshold=0.029978419654071334 0.12856709212064746 -0.023001317866146561 0.28138612210750585 0.50407126545906078 0.041788998991250999 0.039657097309827812 -0.041194939985871308 0.21666708588600161 0.0074960114434361466 1.7810811996459963 0.14879859983921054 0.2521227896213532 1.3697516322135928
decision_type=2 2 2 2 2 2 2 2 2 2 2 2 2 2
left_child=1 8 4 12 5 11 -4 13 -1 -5 -8 -2 -3 -6
right_child=2 3 6 9 7 -7 10 -9 -10 -11 -12 -13 -14 -15
leaf_value=-0.0095685048438443818 0.031465033158415 -0.02064621800195094 0.00032211675573491047 -0.00060752676946131676 0.04371322786243171 -0.020550639031744634 0.013336053243432301 0.018854802289693749 0.010496097948423412 -0.012791667618756204 -0.013351107883892904 0.0120362341068598 0.0027691377040188446 0.017768464379722643
leaf_weight=635.28548616170883 445.20380830764771 5416.1784560233355 2839.2544008120894 2166.7310120463371 859.27871685475111 301.53126946091652 3694.4760406762362 1182.7895555347204 1350.5032156780362 2604.0995482578874 244.17963978648186 1514.3790004998446 215.74692045152187 229.18329829722643
leaf_count=4842 3174 42673 21482 16474 6256 2530 27525 8428 10051 20098 1907 11168 1675 1717
internal_value=-5.30879e-06 -0.0111352 0.0121847 -0.0140372 0.0200352 0.0115664 0.00691337 0.0283786 0.00406133 -0.00727094 0.0116519 0.0165877 -0.0197459 0.0384619
internal_weight=23698.8 12388.5 11310.3 10402.8 4532.37 2261.11 6777.91 2271.25 1985.79 4770.83 3938.66 1959.58 5631.93 1088.46
internal_count=180000 95813 84187 80920 33273 16872 50914 16401 14893 36572 29432 14342 44348 7973
is_linear=0
shrinkage=0.035


Tree=4
num_leaves=15
num_cat=0
split_feature=17 23 20 10 10 24 17 21 10 10 20 23 10 6
split_gain=2445.81 422.418 346.16 316.815 232.266 280.161 159.027 152.321 133.488 126.965 116.325 94.8009 90.3393 83.7028
threshold=0.029978419654071334 0.12856709212064746 -0.023001317866146561 0.25855948030948644 0.50407126545906078 0.041788998991250999 0.039657097309827812 -0.041194939985871308 0.21666708588600161 1.7810811996459963 0.0074960114434361466 0.14879859983921054 0.71601200103759777 -0.021191960200667378
decision_type=2 2 2 2 2 2 2 2 2 2 2 2 2 2
left_child=1 8 4 -3 5 11 -4 -6 -1 12 -5 -2 -8 -10
right_child=2 3 6 10 7 -7 9 -9 13 -11 -12 -13 -14 -15
leaf_value=-0.0093005204674690683 0.029756027375675141 -0.020812206597029214 0.00031081270359358058 -0.0031478534053518826 0.036204919002424674 -0.020136351438603668 0.008352003433340258 0.017969617476008913 -0.0028573823662079033 -0.013019134799051356 -0.012986824376764057 0.011522314189723945 0.019579398426488238 0.015826625422104387
leaf_weight=631.07881035655737 454.69546979665756 4382.1972464695573 2839.881478689611 2779.2640583217144 1116.1396007314324 297.24662709236145 2280.1159923672676 1197.833579942584 421.49845319241285 241.93699195235968 3139.5878598839045 1526.7757591977715 1447.8477747887373 938.7191327214241
leaf_count=4842 3174 35120 21482 21290 7973 2530 16874 8428 3112 1907 24510 11168 10651 6939
internal_value=-7.35547e-06 -0.0108333 0.0116627 -0.0136838 0.019081 0.0110751 0.00663901 0.0268833 0.00390732 0.0111538 -0.00837993 0.0158349 0.0127532 0.0100583
internal_weight=23694.8 12292.3 11402.5 10301 4592.69 2278.72 6809.78 2313.97 1991.3 3969.9 5918.85 1981.47 3727.96 1360.22
internal_count=180000 95813 84187 80920 33273 16872 50914 16401 14893 29432 45800 14342 27525 10051
is_linear=0
shrinkage=0.035


Tree=5
num_leaves=15
num_cat=0
split_feature=17 3 20 10 23 3 10 24 17 23 20 24 10 20
split_gain=2277.63 474.809 314.615 238.01 237.583 217.49 166.023 255.988 147.627 140.879 120.664 112.601 108.154 104.841
threshold=0.029978419654071334 0.32682493329048162 -0.023001317866146561 0.28704898059368139 0.12856709212064746 0.94833856821060192 0.51921141147613536 0.041788998991250999 0.036640072241425521 0.12856709212064746 -0.023001317866146561 0.040601676329970367 1.7810811996459963 0.0094829550944268721
decision_type=2 2 2 2 2 2 2 2 2 2 2 2 2 2
left_child=1 3 5 9 -3 6 7 -2 -4 -1 -5 13 -10 -6
right_child=2 4 8 10 11 -7 -8 -9 12 -11 -12 -13 -14 -15
leaf_value=-0.0067568031512247623 0.013948538377977649 0.024320524737897992 -0.0012752920061046475 0.0015248835041239185 0.011632090539462948 0.042914288999363899 0.023337318668622851 -0.020082972048561264 0.011057176693917054 -0.021071699901659535 -0.011564206538912785 -0.018047797528859107 -0.01269324337981189 -0.0065553190130437774
leaf_weight=1037.6987626180053 2009.1210697367787 504.89402624964714 2126.2109904959798 1270.5967396870255 727.39698275923729 391.84147846698761 1945.6008695885539 303.71444503217936 4474.2271730750799 4756.1645293533802 2664.0307244807482 427.48799104243517 239.75924190878868 810.61680497974157
leaf_count=7933 14402 3623 16101 9455 5495 2680 13582 2609 32906 38533 20795 3682 1907 6297
internal_value=-9.31114e-06 -0.0105379 0.0111678 -0.0140146 0.00315468 0.0181849 0.0158142 0.00941241 0.00637768 -0.0185239 -0.00734424 -0.00237794 0.00982489 0.00206591
internal_weight=23689.4 12198.9 11490.5 9728.49 2470.4 4650.28 4258.44 2312.84 6840.2 5793.86 3934.63 1965.5 4713.99 1538.01
internal_count=180000 95813 84187 76716 19097 33273 30593 17011 50914 46466 30250 15474 34813 11792
is_linear=0
shrinkage=0.035


Tree=6
num_leaves=15
num_cat=0
split_feature=17 3 20 11 23 3 10 24 17 23 10 21 24 20
split_gain=2121.35 449.045 286.342 239.867 217.888 193.515 149.862 238.328 137.335 113.567 109.384 106.842 106.401 97.2418
threshold=0.029978419654071334 0.32682493329048162 -0.023001317866146561 0.16083143651485446 0.12856709212064746 0.94833856821060192 0.51921141147613536 0.041788998991250999 0.039657097309827812 0.12856709212064746 1.7810811996459963 0.024009003303945068 0.040601676329970367 0.0094829550944268721
decision_type=2 2 2 2 2 2 2 2 2 2 2 2 2 2
left_child=1 3 5 -1 -3 6 7 -2 -4 -5 -10 -8 13 -6
right_child=2 4 8 9 12 -7 11 -9 10 -11 -12 -13 -14 -15
leaf_value=-0.020838992717244039 0.013336288783700113 0.023109969267529912 0.00023555161375748306 0.0026568617277214503 0.011140483483558242 0.040349453849733555 0.025456639643194785 -0.019674883659975471 0.011728375229493358 -0.011289949614084777 -0.012373397363080055 0.0019795520369221679 -0.017653769816658959 -0.0063577259133578224
leaf_weight=3581.8271907120943 2027.9245243147016 513.11715631186962 2844.0363881364465 824.44024574011564 733.24763642251492 402.59854075312614 1697.503186583519 299.44720769673586 3787.9007765501738 5226.0866289809346 237.64488939195871 277.87243983894587 422.05390729755163 806.93403777480125
leaf_count=29315 14402 3623 21482 6149 5495 2680 11659 2609 27525 41252 1907 1923 3682 6297
internal_value=-1.15448e-05 -0.0102495 0.0106972 -0.0136635 0.00303705 0.0173424 0.0151011 0.00902296 0.00612701 -0.00938832 0.0102784 0.0221808 -0.00230251 0.00199092
internal_weight=23682.6 12107.7 11574.9 9632.35 2475.35 4705.35 4302.75 2327.37 6869.58 6050.53 4025.55 1975.38 1962.24 1540.18
internal_count=180000 95813 84187 76716 19097 33273 30593 17011 50914 47401 29432 13582 15474 11792
is_linear=0
shrinkage=0.035


Tree=7
num_leaves=15
num_cat=0
split_feature=17 3 20 11 3 23 12 11 23 21 23 21 22 22
split_gain=1976.11 424.511 261.575 230.773 208.312 200.023 122.55 121.306 128.436 108.719 107.157 101.255 104.057 90.4236
threshold=0.029978419654071334 0.32682493329048162 -0.013095685746520756 0.16083143651485446 0.79796245694160473 0.12856709212064746 1.3119403719902041 0.36250703036785131 0.12467885017395021 0.024009003303945068 0.12856709212064746 0.10473833978176118 0.51738458871841442 0.36472003161907202
decision_type=2 2 2 2 2 2 2 2 2 2 2 2 2 2
left_child=1 3 4 -1 6 -3 9 8 -4 -2 -5 12 -7 -9
right_child=2 5 7 10 -6 11 -8 13 -10 -11 -12 -13 -14 -15
leaf_value=-0.02041955813959544 0.018803750684967077 0.021980355260467255 0.031595986347295636 0.002560291696468658 0.035672235260831492 0.0075607342652389284 0.0019650191664804225 0.02542110138065341 -0.00061961935491963184 0.0020793308234444631 -0.010984174720349711 0.022271369025881633 -0.010508304239613306 0.0080595519412786209
leaf_weight=3528.6188130751252 3189.9329838007689 520.97468204796314 149.09494099766016 825.94290049374104 581.92492987215519 563.97381066530943 908.89453448355198 421.83850090950727 3209.9988628998399 562.5140947625041 5184.5895752906799 177.31795735657215 1217.7212350592017 2631.2340257838368
leaf_count=29315 22345 3623 1113 6149 3871 4282 6683 3018 24096 3944 41252 1362 9830 19117
internal_value=-1.33057e-05 -0.00996695 0.0102507 -0.0133179 0.0160438 0.00292421 0.0135222 0.00549605 0.000899823 0.0163089 -0.00912179 -0.00222943 -0.00477849 0.0105335
internal_weight=23674.6 12019.1 11655.4 9539.15 5243.27 2479.99 4661.34 6412.17 3359.09 3752.45 6010.53 1959.01 1781.7 3053.07
internal_count=180000 95813 84187 76716 36843 19097 32972 47344 25209 26289 47401 15474 14112 22135
is_linear=0
shrinkage=0.035


Tree=8
num_leaves=15
num_cat=0
split_feature=10 3 20 23 17 9 23 3 21 20 20 23 24 24
split_gain=1862.43 473.993 401.13 209.938 199.173 178.18 168.907 166.703 120.826 104.22 99.1953 137.838 97.058 94.014
threshold=0.35430912673473364 0.37747098505496984 -0.013095685746520756 0.12856709212064746 0.034084623679518707 0.22487947344779971 0.12856709212064746 1.1955554485321047 0.024009003303945068 0.058028543367981918 0.0074960114434361466 0.17689362913370135 0.041788998991250999 0.039236826822161681
decision_type=2 2 2 2 2 2 2 2 2 2 2 2 2 2
left_child=1 3 7 -1 -4 -5 -3 8 -2 -6 13 -12 -7 -8
right_child=2 6 4 5 9 12 10 -9 -10 -11 11 -13 -14 -15
leaf_value=-0.00147089835865682 0.017305647202502238 0.025581805158350148 -0.004728439804790526 -0.022578201660704896 0.0047585661548265297 -0.010091979440595466 0.017695727290015378 0.040713238247080667 0.0018814252403266793 0.01620852997884864 -0.019968057509852852 0.011637806921523877 -0.027224137844014572 -0.0094163771332147449
leaf_weight=1491.6060494482517 4175.6950427815318 403.51448157429695 2231.1969377547503 2967.5678841769695 3645.7083974927664 4487.1932352930307 496.1978629976511 324.58026241511106 733.83004246652126 1326.1263494491577 469.33890161663294 252.97758908569813 440.78686951845884 219.38578199595213
leaf_count=11381 29099 2749 17403 25125 26578 35553 3627 2088 5172 9653 3820 1974 3925 1853
internal_value=-1.33895e-05 -0.010342 0.0093124 -0.0135248 0.00394497 -0.0157973 0.0058685 0.0166773 0.0150087 0.00783899 0.000197922 -0.00889094 -0.0116764 0.0093684
internal_weight=23665.7 11228.6 12437.1 9387.15 7203.03 7895.55 1841.41 5234.11 4909.53 4971.83 1437.9 722.316 4927.98 715.584
internal_count=180000 90007 89993 75984 53634 64603 14023 36359 34271 36231 11274 5794 39478 5480
is_linear=0
shrinkage=0.035


Tree=9
num_leaves=15
num_cat=0
split_feature=17 3 10 21 3 10 15 20 20 20 12 21 17 3
split_gain=1741.06 339.379 318.075 276.644 187.798 158.426 131.644 113.542 137.276 112.252 100.136 96.9475 93.7872 65.2068
threshold=0.02770243585109711 0.2836615145206452 0.48992204666137701 1.0000000180025095e-35 0.69814115762710582 0.21666708588600161 18.925502777099613 -0.023001317866146561 0.061955412849783904 -0.023001317866146561 1.3119403719902041 0.099927101284265532 0.1307371184229851 0.62586495280265819
decision_type=2 2 2 2 2 2 2 2 2 2 2 2 2 2
left_child=1 5 4 6 9 -1 12 13 11 10 -2 -9 -4 -3
right_child=2 7 3 -5 -6 -7 -8 8 -10 -11 -12 -13 -14 -15
leaf_value=-0.022492404969635331 0.0093673876927444256 0.0061977845018021558 0.01881318023112824 0.005963706106541373 0.021682835718792426 -0.011282950576717831 0.036975890436363471 -0.012058318743568837 0.018582772212705323 -0.0034742930469477381 -0.0093250114839885986 0.016467291740908031 -0.0070303818308809713 0.032074132903225069
leaf_weight=2146.6015242785215 2132.7729977220297 717.40587425231934 3063.6977660506964 3183.5397321432829 571.85997253656387 5642.1640903875232 486.17842353880405 1325.1761397272348 250.42368803173304 3257.8530674725771 411.49075641483068 155.10307982563972 177.28444161266088 135.08789743483067
leaf_count=18427 15318 5360 20801 22945 4118 45591 3324 10740 1971 24838 3192 1168 1263 944
internal_value=-1.49645e-05 -0.0107552 0.00837222 0.0135682 0.00272631 -0.0143972 0.0200302 0.000239121 -0.00490709 0.000823848 0.00631954 -0.00897897 0.0173822 0.0106225
internal_weight=23656.6 10372 13284.7 6910.7 6373.98 7788.77 3727.16 2583.2 1730.7 5802.12 2544.26 1480.28 3240.98 852.494
internal_count=180000 84201 95799 48333 47466 64018 25388 20183 13879 43348 18510 11908 22064 6304
is_linear=0
shrinkage=0.035


Tree=10
num_leaves=15
num_cat=0
split_feature=17 3 20 24 17 3 21 12 9 3 20 21 3 8
split_gain=1624.99 322.454 267.162 181.391 179.71 168.264 125.481 117.064 115.035 98.0586 85.2499 70.7162 68.7996 63.6676
threshold=0.02770243585109711 0.24511349946260455 -0.023001317866146561 0.040601676329970367 0.034084623679518707 0.79796245694160473 0.024009003303945068 1.2268424630165102 0.21324594318866733 0.62586495280265819 0.061955412849783904 -0.023950153961777684 0.62586495280265819 -0.26998779177665705
decision_type=2 2 2 2 2 2 2 2 2 2 2 2 2 2
left_child=1 8 5 9 12 6 7 -2 -1 -3 -6 -7 -4 -10
right_child=2 3 4 -5 10 11 -8 -9 13 -11 -12 -13 -14 -15
leaf_value=-0.020212533651906721 0.017735306576422197 -4.4939361889344471e-05 -0.0063552445168456387 -0.020000326357430286 0.0050672914822598655 0.042375066925493143 -0.0020244890754916576 0.0047041297041552407 -0.001372353481900137 0.018736896542230205 0.015702236182091517 0.016433305132100593 0.012804470073029818 -0.012802404978321528
leaf_weight=2689.5162465050817 3027.910283498466 2138.2774534150958 2073.4780245572329 495.99819370359182 4405.875719152391 328.21529200673103 685.2120718061924 1182.1356027722359 708.78090561181307 395.01201218366623 1165.0014747753739 239.52930952608585 248.63793881982565 3863.6929579824209
leaf_count=22994 20637 16572 16098 4506 31914 2042 4801 8597 5564 2887 8291 1523 1896 31678
internal_value=-1.53194e-05 -0.0104619 0.00803596 -0.000864677 0.00390958 0.0139798 0.0118401 0.0140961 -0.0144586 0.00294584 0.00731546 0.0319042 -0.00425763 -0.0110375
internal_weight=23647.3 10291.3 13356 3029.29 7892.99 5463 4895.26 4210.05 7261.99 2533.29 5570.88 567.745 2322.12 4572.47
internal_count=180000 84201 95799 23965 58199 37600 34035 29234 60236 19459 40205 3565 17994 37242
is_linear=0
shrinkage=0.035


Tree=11
num_leaves=15
num_cat=0
split_feature=10 3 20 23 9 23 10 15 21 10 24 20 23 10
split_gain=1547.55 413.134 328.735 204.954 162.065 148.339 139.015 136.335 111.969 98.1293 94.8649 88.0892 126.999 86.8333
threshold=0.35430912673473364 0.37747098505496984 -0.013095685746520756 0.12856709212064746 0.22487947344779971 0.12856709212064746 0.51921141147613536 19.760030746459964 0.024009003303945068 1.7810811996459963 0.041788998991250999 0.0074960114434361466 0.17689362913370135 0.21014636009931567
decision_type=2 2 2 2 2 2 2 2 2 2 2 2 2 2
left_child=1 3 7 13 -5 -3 -4 8 -2 -8 -6 -7 -13 -1
right_child=2 5 6 4 10 11 9 -9 -10 -11 -12 12 -14 -15
leaf_value=-0.012873430281288342 0.015586052988122549 0.023645923043190381 -0.0013858184955159376 -0.021557543080332055 -0.0094253171984784011 0.0086339943443302664 0.0097516115151640055 0.036589560999412331 0.00081629138743916118 -0.013934314284699635 -0.026594241410727748 -0.019400902135934865 0.010931574848034352 0.0052051234554390024
leaf_weight=471.33568845689297 4301.7973424270749 413.68148918449879 3612.4593480974436 2851.3386176526546 4410.6965697035193 724.2019095942378 3428.8427697941661 326.55593980103731 737.44153995811939 219.89390402287245 427.77350062131882 460.19609998911619 255.96844187378883 995.10766204446554
leaf_count=3870 28969 2749 27586 25125 35553 5480 24299 2244 5146 1749 3925 3820 1974 7511
internal_value=-1.58574e-05 -0.00960176 0.0083437 -0.0126504 -0.0149344 0.0054412 0.00348096 0.0149054 0.0134305 0.00828998 -0.010995 8.57166e-05 -0.00855836 -0.000653416
internal_weight=23637.3 11010.3 12627 9156.25 7689.81 1854.05 7261.2 5365.79 5039.24 3648.74 4838.47 1440.37 716.165 1466.44
internal_count=180000 90007 89993 75984 64603 14023 53634 36359 34115 26048 39478 11274 5794 11381
is_linear=0
shrinkage=0.035


Tree=12
num_leaves=15
num_cat=0
split_feature=17 23 11 24 9 15 23 3 17 21 3 3 24 8
split_gain=1433.11 300.179 251.411 331.583 204.179 186.446 175.743 147.064 139.385 124.449 123.829 96.5158 80.8651 75.0272
threshold=0.02770243585109711 0.12856709212064746 0.36250703036785131 0.041788998991250999 0.21324594318866733 19.028015136718754 0.12856709212064746 0.24511349946260455 0.1307371184229851 -0.073702733963727937 0.210772879421711 1.1955554485321047 0.040601676329970367 -0.28133521974086756
decision_type=2 2 2 2 2 2 2 2 2 2 2 2 2 2
left_child=1 7 3 6 -3 8 -2 -1 9 -4 13 -8 -12 -6
right_child=2 4 5 -5 10 -7 11 -9 -10 -11 12 -13 -14 -15
leaf_value=-0.0045160722582968738 0.020299029758058723 -0.020318170793074256 0.021585447167411856 -0.017212009903083005 -6.7577348245715841e-05 0.03035510594325189 0.0027686334853595359 0.016208481299150149 -0.0097300462994334234 0.0088123521327710813 0.0027550456907010461 0.025928943813546046 -0.015564979802273352 -0.01435297796830946
leaf_weight=1145.2056925371289 887.74969117343426 2856.0623951330781 1279.7524809762836 849.10868936777115 523.57665801793337 659.76423944532871 5702.1127179339528 649.078049659729 373.67632730305195 3505.898709833622 1396.1696613132954 219.53522591292858 363.61794134229422 3215.2668826654553
leaf_count=9010 6023 25204 8371 7191 4156 4439 41470 4518 2762 24055 10974 1488 3345 26994
internal_value=-1.74902e-05 -0.00994559 0.00746045 0.00328653 -0.0127324 0.0129387 0.00586413 0.00302927 0.0106571 0.012266 -0.00876253 0.00366953 -0.00109691 -0.012358
internal_weight=23626.6 10149 13477.6 7658.51 8354.69 5819.09 6809.4 1794.28 5159.33 4785.65 5498.63 5921.65 1759.79 3738.84
internal_count=180000 84201 95799 56172 70673 39627 48981 13528 35188 32426 45469 42958 14319 31150
is_linear=0
shrinkage=0.035


Tree=13
num_leaves=15
num_cat=0
split_feature=10 3 20 23 11 3 10 24 10 24 22 23 21 20
split_gain=1362.45 381.687 291.56 187.834 152.101 126.186 123.005 111.692 106.929 94.7134 91.2267 90.2399 85.8993 69.1572
threshold=0.35430912673473364 0.2836615145206452 -0.013095685746520756 0.12856709212064746 0.16083143651485446 1.1955554485321047 0.61986178159713756 0.040601676329970367 1.7810811996459963 0.040601676329970367 0.44000212848186498 0.12467885017395021 0.024009003303945068 0.0094829550944268721
decision_type=2 2 2 2 2 2 2 2 2 2 2 2 2 2
left_child=1 4 5 -3 -1 12 11 -6 10 13 -8 -4 -2 -5
right_child=2 3 6 9 7 -7 8 -9 -10 -11 -12 -13 -14 -15
leaf_value=-0.019165528432559458 0.014290957051552939 0.018933615754498218 0.022736316085920839 0.0076639573533345299 -0.0070838999896734433 0.034044310238533666 0.023043627249860185 -0.02211155054979615 -0.013513150988784316 -0.016775664101757726 0.0073222031132943672 -0.0010920086537949522 0.0013797819249312204 -0.0062531783733752169
leaf_weight=3037.7609837055206 4356.6519635394216 614.47345004230738 193.21110016852617 896.6431650146842 4326.6277887970209 348.19477464258671 624.64277935028076 699.33017639815807 217.23957159370184 458.7059848383069 1631.7557060569525 4634.1354764997959 740.56680429726839 835.27457328885794
leaf_count=27158 29099 4131 1399 6720 34580 2088 4186 6455 1749 4218 11452 34848 5172 6745
internal_value=-1.84323e-05 -0.009118 0.00774181 0.00199762 -0.0129824 0.013864 0.00316289 -0.00921466 0.00949213 -0.0028174 0.0117569 -9.32669e-05 0.0124215 0.000954593
internal_weight=23615.2 10868.8 12746.4 2805.1 8063.72 5445.41 7300.98 5025.96 2473.64 2190.62 2256.4 4827.35 5097.22 1731.92
internal_count=180000 90007 89993 21814 68193 36359 53634 41035 17387 17683 15638 36247 34271 13465
is_linear=0
shrinkage=0.035


Tree=14
num_leaves=15
num_cat=0
split_feature=10 23 20 9 17 24 15 10 21 17 20 10 21 23
split_gain=1271.38 334.45 267.392 215.217 139.562 138.096 117.446 99.8333 92.5446 99.4912 83.5561 78.0253 69.0562 59.5565
threshold=0.35430912673473364 0.12856709212064746 -0.013095685746520756 0.22487947344779971 0.034084623679518707 0.041788998991250999 19.949443817138675 0.21666708588600161 -0.015352656133472918 0.066158112138509764 0.058028543367981918 0.2980505377054215 0.0019163322867825629 0.11503823846578599
decision_type=2 2 2 2 2 2 2 2 2 2 2 2 2 2
left_child=1 7 6 -3 -4 11 8 -1 9 -2 -6 -5 13 -9
right_child=2 3 4 5 10 -7 -8 12 -10 -11 -12 -13 -14 -15
leaf_value=-0.0072360964032838647 0.012531314817808753 -0.018971404692183308 -0.0042896111064695463 -0.0097345982411515073 0.0034821114214310931 -0.024428426119321354 0.035216505688210324 0.0032368776968784425 0.0057908911935887425 0.028005878782956174 0.013555233997880865 -0.0011104917552625002 -0.00035352300506189357 0.023280890042063036
leaf_weight=598.22117909789085 2702.3878864645958 3190.462042234838 2209.0016518980265 2837.1435362994671 3727.4972301349044 532.52795575559139 275.93790631741285 283.84163478016853 1881.8883728310466 631.82637500762939 1378.8265596181154 2347.6653361544013 493.01201454550028 512.68328573554754
leaf_count=4842 17764 28800 17403 23633 26578 5074 1823 2069 12780 3992 9653 18370 3596 3623
internal_value=-1.91376e-05 -0.00886244 0.00743614 -0.0116962 0.00304718 -0.00761036 0.013266 0.00450041 0.0120396 0.0155387 0.00622327 -0.00583928 0.00995881 0.0162669
internal_weight=23602.9 10795.6 12807.4 8907.8 7315.33 5717.34 5492.04 1887.76 5216.1 3334.21 5106.32 5184.81 1289.54 796.525
internal_count=180000 90007 89993 75877 53634 47077 36359 14130 34536 21756 36231 42003 9288 5692
is_linear=0
shrinkage=0.035


Tree=15
num_leaves=15
num_cat=0
split_feature=17 3 3 10 24 23 21 24 10 21 21 20 20 23
split_gain=1190.18 271.9 218.253 197.743 239.263 159.643 145.611 137.773 131.602 103.29 93.1094 92.9625 92.784 86.6472
threshold=0.02770243585109711 0.24511349946260455 0.79796245694160473 0.48992204666137701 0.041788998991250999 0.12856709212064746 -0.0036788767902180548 0.039442984387278564 0.28704898059368139 -0.046392317861318581 0.10473833978176118 0.061955412849783904 -0.023001317866146561 0.13297493755817416
decision_type=2 2 2 2 2 2 2 2 2 2 2 2 2 2
left_child=1 8 3 4 12 -3 7 -5 13 -4 11 -7 -2 -1
right_child=2 5 9 6 -6 10 -8 -9 -10 -11 -12 -13 -14 -15
leaf_value=-0.0078080504799200997 0.0081761167877893118 0.014609509933787372 0.034172839501196116 0.0094719526036008174 -0.019374880509850981 -0.0092979732432343348 0.0036096702553725852 0.024737451878608929 -0.0065918647009108287 0.01346112956597475 0.016215265434226817 0.016309037679740384 -0.0010867165356503844 -0.019384134170956656
leaf_weight=1059.6751284450293 2373.3446614071727 664.20844872295856 403.23255867511034 2249.0674278587103 645.31177549064159 1924.6963200420141 2783.5807277038693 1075.4912953674793 2523.2893406376243 1131.4865970537066 225.14878899604082 181.7015697658062 2977.7992326542735 3372.8173915818334
leaf_count=8823 16289 4518 2438 14177 5665 16192 19610 7423 20574 7783 1772 1483 22414 30839
internal_value=-1.94725e-05 -0.00921781 0.00669367 0.00510764 0.00058987 -0.000399045 0.00953459 0.0144697 -0.0130099 0.0190889 -0.0047188 -0.00702244 0.00302913 -0.0166404
internal_weight=23590.9 9951.54 13639.3 12104.6 5996.46 2995.76 6108.14 3324.56 6955.78 1534.72 2331.55 2106.4 5351.14 4432.49
internal_count=180000 84201 95799 85578 44368 23965 41210 21600 60236 10221 19447 17675 38703 39662
is_linear=0
shrinkage=0.035


Tree=16
num_leaves=15
num_cat=0
split_feature=10 3 21 10 24 23 16 11 24 24 23 24 23 21
split_gain=1116.27 349.54 188.383 181.281 249.723 167.748 146.49 142.951 115.295 101.536 94.6141 88.4056 76.9746 90.2358
threshold=0.35430912673473364 0.37747098505496984 -0.0036788767902180548 0.71601200103759777 0.039442984387278564 0.12856709212064746 1.6473843455314638 0.16480948030948642 0.039155300706624992 0.041235627606511123 0.13297493755817416 0.040601676329970367 0.12856709212064746 -0.10968972370028494
decision_type=2 2 2 2 2 2 2 2 2 2 2 2 2 2
left_child=1 5 3 10 -5 -1 -6 -7 12 -4 -2 -9 -3 -14
right_child=2 8 9 4 6 7 -8 11 -10 -11 -12 -13 13 -15
leaf_value=-0.00045627445747854848 0.018922190515674477 0.023747154454337938 0.004557898429147899 0.010452584175244407 0.04623825529051058 -0.019435140478356601 -0.0038116050973418547 -0.0072075623562768091 -0.0087886163209279725 -0.0071635101163313947 0.0057135695408964422 -0.020577365531716713 0.03517244941701464 0.0015023093881390897
leaf_weight=1459.3705761134624 777.64626733958721 384.92720095813274 5090.3442591056228 994.94120290875435 502.00582800805569 2935.9497978463769 81.599611110985279 3694.1820276007056 502.46592485159636 1091.3375089541078 4376.5424115285277 721.43065750598907 100.05272090435028 864.54463452100754
leaf_count=11381 4953 2410 36274 6162 3270 27487 565 30221 4323 8705 30064 6895 676 6614
internal_value=-1.95727e-05 -0.0083965 0.00689807 0.0109445 0.0212958 -0.0112998 0.039294 -0.0134488 0.00540239 0.00248033 0.00773922 -0.0094335 0.0107119 0.0053198
internal_weight=23577.3 10662.9 12914.4 6732.74 1578.55 8810.93 583.605 7351.56 1851.99 6181.68 5154.19 4415.61 1349.52 964.597
internal_count=180000 90007 89993 45014 9997 75984 3835 64603 14023 44979 35017 37116 9700 7290
is_linear=0
shrinkage=0.035


Tree=17
num_leaves=15
num_cat=0
split_feature=17 3 3 10 10 10 21 15 3 12 8 9 22 21
split_gain=1053.26 249.243 195.601 171.545 130.127 126.84 107.375 91.5479 90.2365 64.2324 50.8 50.7163 49.4923 48.6502
threshold=0.02770243585109711 0.24511349946260455 0.79796245694160473 0.51921141147613536 1.7810811996459963 0.21666708588600161 -0.0036788767902180548 19.028015136718754 0.62586495280265819 1.2460847496986391 -0.26998779177665705 0.21324594318866733 0.27474015951156622 -0.017483765259385105
decision_type=2 2 2 2 2 2 2 2 2 2 2 2 2 2
left_child=1 5 3 9 6 -1 -5 13 11 12 -7 -3 -2 -4
right_child=2 8 7 4 -6 10 -8 -9 -10 -11 -12 -13 -14 -15
leaf_value=-0.020413669714653537 0.012164844877290323 -0.009370654333172846 0.02245109946518388 0.015249935460797476 -0.011499359761273045 -0.0012278359735406993 0.0050578378649695699 0.036495317933170686 0.013583627070120246 -0.0057307608122373951 -0.01104242363679377 0.00086424439860649418 0.0015107660886286036 0.0083849775997505496
leaf_weight=1799.5481790751219 592.90514385700226 937.59798953682184 492.98469919711351 2840.3772529214621 337.00151985883713 763.83447147905827 2304.2437976449728 262.01152145117521 470.13731706887484 1379.5036374032497 4276.7866516932845 1581.2793632224202 4722.3522474840283 803.77854108810425
leaf_count=17124 3968 7873 2952 17975 2498 6131 15952 1698 3516 10469 36981 12576 34716 5571
internal_value=-1.95828e-05 -0.00876176 0.00623833 0.00473509 0.00932017 -0.0124415 0.0107036 0.0178759 -0.000327558 0.000972564 -0.00956054 -0.00296747 0.00271982 0.0138633
internal_weight=23564.3 9829.18 13735.2 12176.4 5481.62 6840.17 5144.62 1558.77 2989.01 6694.76 5040.62 2518.88 5315.26 1296.76
internal_count=180000 84201 95799 85578 36425 60236 33927 10221 23965 49153 43112 20449 38684 8523
is_linear=0
shrinkage=0.035


Tree=18
num_leaves=15
num_cat=0
split_feature=17 23 10 10 23 21 23 22 15 2 17 10 21 8
split_gain=983.589 235.978 177.818 174.297 190.334 150.131 125.001 98.6825 92.2294 87.1895 73.4623 68.7521 59.8311 52.673
threshold=0.02770243585109711 0.12856709212064746 0.22295501828193667 0.50407126545906078 0.35906259715557104 1.0000000180025095e-35 0.13297493755817416 0.2589207142591477 19.949443817138675 0.19582012295722964 0.1307371184229851 0.21014636009931567 0.035695703700184829 -0.28133521974086756
decision_type=2 2 2 2 2 2 2 2 2 2 2 2 2 2
left_child=1 11 -3 4 6 8 12 -8 10 13 -5 -1 -2 -4
right_child=3 2 9 5 -6 -7 7 -9 -10 -11 -12 -13 -14 -15
leaf_value=-0.0075810096559278299 0.019059615229018036 -0.019673812012059883 -0.0001876359451566808 0.014462431767021796 -0.02404585702312774 0.0041798074481988112 0.016295299514023615 -0.00030475967617740149 0.039229504007360728 -0.00035113038773965484 -0.0076302476213512558 0.0073509418558708947 0.00074970067267743313 -0.011766054511404328
leaf_weight=527.30686248838902 793.4781147018075 2152.4063769057393 550.31815250217915 3459.9468912780285 316.52392566204071 3107.5386272072792 471.04728139936924 4978.313003025949 169.61176285892725 1422.1112588644028 188.75913444906473 1266.3105085268617 301.49738443642855 3846.6528136357665
leaf_count=4357 5164 20701 4466 21676 2822 21635 3018 36980 1035 11943 1302 9171 2167 33563
internal_value=-1.95648e-05 -0.00851342 -0.0110917 0.00599843 0.00203971 0.0099114 0.00333613 0.00115738 0.014553 -0.00788899 0.0133018 0.00294339 0.0140705 -0.0103206
internal_weight=23551.8 9765.11 7971.49 13786.7 6860.86 6925.86 6544.34 5449.36 3818.32 5819.08 3648.71 1793.62 1094.98 4396.97
internal_count=180000 84201 70673 95799 50151 45648 47329 39998 24013 49972 22978 13528 7331 38029
is_linear=0
shrinkage=0.035


Tree=19
num_leaves=15
num_cat=0
split_feature=10 20 3 10 24 3 21 23 12 15 24 23 20 23
split_gain=927.661 286.142 228.917 153.39 134.665 131.863 125.424 100.011 98.946 93.9192 82.8061 80.9998 83.6724 75.8349
threshold=0.3037365078926087 -0.023001317866146561 0.2836615145206452 0.46362581849098211 0.039442984387278564 0.69814115762710582 0.024009003303945068 0.13297493755817416 1.3119403719902041 19.949443817138675 0.040601676329970367 0.12856709212064746 0.0094829550944268721 0.19265223294496539
decision_type=2 2 2 2 2 2 2 2 2 2 2 2 2 2
left_child=2 6 7 5 11 10 8 -1 9 -2 -3 -4 -13 -5
right_child=1 3 4 13 -6 -7 -8 -9 -10 -11 -12 12 -14 -15
leaf_value=-0.0050946123037290594 0.013474854162555989 -0.0030853458496331002 0.01789848027347235 0.0021621667374002399 -0.016546348640421111 0.015807145606849107 -0.0014995585807762179 -0.016264512263397344 0.0017070911627077943 0.036262383528201082 -0.015864881552293795 0.0094070071638935205 -0.0097338347842064257 0.011217604018760907
leaf_weight=1285.9819395914674 4258.5868591666222 3530.2858103811741 425.09996581077576 3370.2012615427375 446.00576842576265 384.53654963523149 895.56170260906219 4311.3967449888587 855.82956134527922 228.32398959249258 745.83143199235201 562.72235531359911 536.93937274813652 1701.4856427460909
leaf_count=10760 27526 27404 2763 23866 4081 2843 6252 40325 5906 1470 6648 4324 4530 11302
internal_value=-2.00105e-05 0.00476267 -0.0101056 0.00100896 0.000154578 -0.00357074 0.0106078 -0.0137119 0.0126363 0.0147125 -0.00534614 0.00511572 5.74822e-05 0.00521625
internal_weight=23538.8 15970.6 7568.15 9732.34 1970.77 4660.65 6238.3 5597.38 5342.74 4486.91 4276.12 1524.76 1099.66 5071.69
internal_count=180000 113217 66783 72063 15698 36895 41154 51085 34902 28996 34052 11617 8854 35168
is_linear=0
shrinkage=0.035


Tree=20
num_leaves=15
num_cat=0
split_feature=17 3 3 10 24 24 10 23 21 10 21 20 20 23
split_gain=873.583 213.967 190.381 164.349 238.322 116.939 114.903 112.095 93.4451 93.347 81.0898 63.336 128.187 62.8693
threshold=0.026174021884799007 0.24511349946260455 0.79796245694160473 0.51921141147613536 0.041788998991250999 0.040601676329970367 1.7810811996459963 0.13297493755817416 -0.12700128555297849 0.21014636009931567 -0.08160002157092093 0.061955412849783904 0.010921956971287729 0.12856709212064746
decision_type=2 2 2 2 2 2 2 2 2 2 2 2 2 2
left_child=1 9 3 4 7 11 8 -2 -5 -1 -4 12 -3 -11
right_child=2 5 10 6 -6 -7 -8 -9 -10 13 -12 -13 -14 -15
leaf_value=-0.020089042684066243 0.012194608095180843 0.0074279896721418156 0.033248200101011989 0.0224172032751348 -0.017773031499510768 -0.017971930794066671 -0.011348199489221824 0.00042838522120479356 0.0078200578297123405 -0.00016379654575917767 0.012609762798074431 0.018679125016704948 -0.010678905538679615 -0.011747212964934924
leaf_weight=1514.0257275253534 1189.4752190634608 1218.2018326371908 280.45396736264229 602.54119874536991 784.52166141569614 393.03351183980703 335.70606736838818 5734.7210953012109 4657.6160488426685 677.48387741297483 1353.1644743904471 251.8752144947648 775.13232312351465 3757.6389906331897
leaf_count=15007 8079 9052 1568 3757 7052 3929 2498 42207 30372 5228 8975 2006 6397 33873
internal_value=-2.0328e-05 -0.0089098 0.00509243 0.00370093 0.000384394 -0.000609073 0.00826088 0.00246432 0.0095315 -0.0125837 0.0163336 0.00249658 0.000368744 -0.00998215
internal_weight=23525.6 8587.39 14938.2 13304.6 7708.72 2638.24 5595.86 6924.2 5260.16 5949.15 1633.62 2245.21 1993.33 4435.12
internal_count=180000 75492 104508 93965 57338 21384 36627 50286 34129 54108 10543 17455 15449 39101
is_linear=0
shrinkage=0.035


Tree=21
num_leaves=15
num_cat=0
split_feature=10 20 23 17 21 10 12 17 6 20 23 23 10 15
split_gain=825.055 262.721 207.815 191.168 116.051 98.2834 86.668 87.7548 70.6865 63.2519 60.7944 56.2706 52.8453 49.5583
threshold=0.2980505377054215 -0.023001317866146561 0.12856709212064746 0.034084623679518707 0.024009003303945068 0.20301710069179538 1.3119403719902041 0.071891684085130705 0.2324667498469353 0.061955412849783904 0.12467885017395021 0.12467885017395021 0.21014636009931567 20.471218109130863
decision_type=2 2 2 2 2 2 2 2 2 2 2 2 2 2
left_child=2 4 12 10 6 -4 7 -2 -7 11 -3 -5 -1 -12
right_child=1 3 5 9 -6 8 -8 -9 -10 -11 13 -13 -14 -15
leaf_value=-0.006956858914551417 0.012006533923319337 0.011297395112136977 -0.021243049370961754 0.017038329707951012 -0.0017071896394813058 -0.011634640354277625 0.0015498254619475159 0.028488847071852261 0.0053346321899702303 0.011853399441110996 -0.0067930463402617941 0.0018560877575182044 0.00689422360681528 0.014321512950321516
leaf_weight=519.6140588670969 4215.9328791350126 255.09213968366385 1346.156805306673 312.10733606666327 918.05070117861032 4001.1954884678125 869.52794101089239 434.8764536678791 319.43805497139692 1232.1388982906938 3792.3747031018138 4241.7737068608403 921.22314865142107 132.11033361405134
leaf_count=4359 27295 1824 13599 2129 6423 36570 5999 2531 2672 8273 30913 29657 6680 1076
internal_value=-2.0803e-05 0.00429484 -0.00997308 0.000732165 0.00979959 -0.0129863 0.0117128 0.0136055 -0.0103706 0.00484874 -0.00496461 0.00293168 0.00188554 -0.00604767
internal_weight=23511.6 16404 7107.63 9965.6 6438.39 5666.79 5520.34 4650.81 4320.63 5786.02 4179.58 4553.88 1440.84 3924.49
internal_count=180000 116120 63880 73872 42248 52841 35825 29826 39242 40059 33813 31786 11039 31989
is_linear=0
shrinkage=0.035


Tree=22
num_leaves=15
num_cat=0
split_feature=17 3 3 20 17 23 23 11 21 20 20 11 15 15
split_gain=769.276 201.448 174.416 148.397 111.925 97.2604 88.7231 106.566 93.1422 79.9283 129.853 77.801 67.7668 64.3842
threshold=0.026174021884799007 0.24511349946260455 1.1955554485321047 -0.023001317866146561 0.034084623679518707 0.12856709212064746 0.20133908092975619 0.42048552632331854 0.02811361383646727 0.061955412849783904 0.0074960114434361466 0.14875999093055728 17.788969039916996 19.598605155944828
decision_type=2 2 2 2 2 2 2 2 2 2 2 2 2 2
left_child=1 11 3 6 -5 -3 8 -8 -2 10 -7 -1 -11 -4
right_child=2 5 13 4 -6 9 7 -9 -10 12 -12 -13 -14 -15
leaf_value=-0.017852866713863987 0.015240581117501002 0.011609045875412845 0.015809931041127736 -0.0047977656733722042 0.0037429282307135294 0.0022352969200479409 -0.00074833654663965536 0.013662417080443124 -0.00062060276447627302 -0.0066812818612723545 -0.016654501690648565 -0.0092011465982378814 0.03064412359829979 0.044702176754510041
leaf_weight=1910.4409713745117 2405.967115662992 621.04802533984184 804.19805697351694 2897.0876608267426 5308.94036770612 943.0119519084692 2045.9279647916555 896.80764923989773 557.41165297478437 98.574514374136925 831.97826632857323 3944.0311761125922 129.85076490044594 102.70983661711216
leaf_count=19136 15047 4121 5064 23078 36743 7834 14575 5422 3955 803 7560 34972 1066 624
internal_value=-2.05236e-05 -0.00844316 0.00473689 0.00377281 0.000725519 -0.000382017 0.00799837 0.00367478 0.012265 -0.00413838 -0.00666248 -0.01205 0.0149321 0.0195339
internal_weight=23498 8478.94 15019.1 14112.1 8206.03 2624.46 5906.11 2942.74 2963.38 2003.42 1774.99 5854.47 228.425 906.908
internal_count=180000 75492 104508 98820 59821 21384 38999 19997 19002 17263 15394 54108 1869 5688
is_linear=0
shrinkage=0.035


Tree=23
num_leaves=15
num_cat=0
split_feature=10 20 3 17 24 21 2 3 17 12 10 10 10 15
split_gain=733.013 227.88 186.832 164.061 121.787 101.414 89.9255 89.6774 75.6914 66.3701 62.231 68.4314 61.6739 41.7652
threshold=0.2980505377054215 -0.023001317866146561 0.2836615145206452 0.034084623679518707 0.039442984387278564 0.024009003303945068 0.46473187208175665 0.69814115762710582 0.020813738927245144 1.3119403719902041 1.7810811996459963 0.71601200103759777 0.21014636009931567 20.868925094604496
decision_type=2 2 2 2 2 2 2 2 2 2 2 2 2 2
left_child=2 5 12 7 8 6 9 13 -4 -2 11 -5 -1 -3
right_child=1 3 4 10 -6 -7 -8 -9 -10 -11 -12 -13 -14 -15
leaf_value=-0.018701853926658064 0.011095659462756187 -0.0065893428502123534 -0.0023952230089485586 0.0026747563914568556 -0.016535494254624541 -0.0016651379740740429 0.023991643640593568 0.013186466254333146 0.01361557320496903 0.00011396927943396167 -0.012663290904110924 0.011116997612965749 -0.010321703486580045 0.020311266252905379
leaf_weight=1575.1223313212395 4214.7125331833959 3774.0348532795906 797.50670300424099 3903.8033945038915 411.57958053052425 917.13801020383835 568.57969844341278 310.6080302670598 648.15240324288607 802.42990024387836 239.38545868545771 1679.3614665269852 3578.9620735794306 62.579754583537579
leaf_count=16217 26963 30984 6293 27152 3884 6423 3309 2324 4748 5553 1907 11000 32738 505
internal_value=-1.99428e-05 0.00401419 -0.00949009 0.000687253 2.9957e-05 0.00910596 0.0108743 -0.00462627 0.00482734 0.00934299 0.00447335 0.00522944 -0.012914 -0.0060989
internal_weight=23484 16472.6 7011.32 9969.77 1857.24 6502.86 5585.72 4147.22 1445.66 5017.14 5822.55 5583.16 5154.08 3836.61
internal_count=180000 116120 63880 73872 14925 42248 35825 33813 11041 32516 40059 38152 48955 31489
is_linear=0
shrinkage=0.035


Tree=24
num_leaves=15
num_cat=0
split_feature=10 20 23 10 3 3 3 23 21 3 23 23 24 12
split_gain=686.111 210.477 193.589 117.682 94.6294 93.2836 84.0089 77.4663 72.7558 61.7993 61.6332 65.5404 60.0803 52.9377
threshold=0.2980505377054215 -0.023001317866146561 0.12856709212064746 0.40220187604427343 0.62586495280265819 0.37747098505496984 0.16371676325798037 0.12467885017395021 0.024009003303945068 0.69814115762710582 0.19265223294496539 0.12467885017395021 0.040601676329970367 1.2268424630165102
decision_type=2 2 2 2 2 2 2 2 2 2 2 2 2 2
left_child=2 4 6 7 8 -4 -1 -3 13 -9 11 -5 -7 -2
right_child=1 3 5 10 -6 12 -8 9 -10 -11 -12 -13 -14 -15
leaf_value=-0.0062384665169833899 0.010723783770239572 0.014207842587545146 -0.014144917567434837 0.014405116355183926 0.01923404526645086 0.0028947823059267547 0.010618191777193855 -0.0074814444399687353 -0.0026144784129097268 0.011296955849626164 0.0081847181580040201 -0.00035234015420037315 -0.020125807805144742 0.0021234669101092988
leaf_weight=711.66225309669971 3663.8142703548074 238.44310103356838 4666.0637047737837 395.82356924563646 900.31886780261993 702.38340359181166 717.76483343541622 2914.7890233099461 814.50753109157085 222.92389250546694 2179.0963043347001 4020.8386802375317 162.5839254334569 1159.0984757170081
leaf_count=5953 23377 1688 45720 2671 5161 5480 5086 24335 5776 1675 14624 28879 1641 7934
internal_value=-2.01316e-05 0.00386543 -0.0092287 0.000663437 0.00874091 -0.0121915 0.00224081 -0.00464257 0.00703402 -0.00611565 0.00338233 0.000999785 -0.00161286 0.00866553
internal_weight=23470.1 16509.7 6960.46 9971.91 6537.74 5531.03 1429.43 3376.16 5637.42 3137.71 6595.76 4416.66 864.967 4822.91
internal_count=180000 116120 63880 73872 42248 52841 11039 27698 37087 26010 46174 31550 7121 31311
is_linear=0
shrinkage=0.035


Tree=25
num_leaves=15
num_cat=0
split_feature=11 3 20 23 17 24 15 24 17 21 12 20 3 3
split_gain=640.657 219.951 158.919 138.647 120.729 102.215 100.395 88.6824 93.1378 76.2702 69.2645 56.7014 55.0681 50.8284
threshold=0.22107744216918948 0.56847849488258373 -0.023001317866146561 0.12856709212064746 0.034084623679518707 0.039155300706624992 19.760030746459964 0.041788998991250999 0.019926463253796104 0.024009003303945068 1.3119403719902041 0.061955412849783904 0.32682493329048162 0.078873220831155791
decision_type=2 2 2 2 2 2 2 2 2 2 2 2 2 2
left_child=1 3 6 13 12 -3 9 8 -5 10 -2 -6 -4 -1
right_child=2 5 4 7 11 -7 -8 -9 -10 -11 -12 -13 -14 -15
leaf_value=-0.0072147825763951845 0.011083701800013154 0.017221713054736153 -0.0070493562185946898 -0.015378657713191739 0.0025452493700270709 -0.010049229309911504 0.026067802654910155 -0.024009049148799498 -0.0064960104580899392 -0.0029786009954580377 -0.00040758667523831105 0.011054069094630775 0.00533384491516092 0.0058342103583351674
leaf_weight=598.91591433435678 4107.8560969978571 605.9711786583066 2176.6554232537746 2324.6649835780263 4434.6837076693773 224.13037808984518 384.28291032463312 590.72140069305897 3874.9431172311306 706.25052276998758 760.53278199583292 1217.8003808110952 542.83525602519512 905.52006137371063
leaf_count=4893 25529 4155 17860 23350 30566 1923 2447 6350 33907 4879 5195 8025 4201 6720
internal_value=-1.99894e-05 -0.00726447 0.00459462 -0.00898463 0.00148166 0.00982649 0.00895835 -0.0111117 -0.00984614 0.00773436 0.00929139 0.00439472 -0.00456707 0.000626069
internal_weight=23455.8 9124.87 14330.9 8294.77 8371.97 830.102 5958.92 6790.33 6199.61 5574.64 4868.39 5652.48 2719.49 1504.44
internal_count=180000 81298 98702 75220 60652 6078 38050 63607 57257 35603 30724 38591 22061 11613
is_linear=0
shrinkage=0.035


Tree=26
num_leaves=15
num_cat=0
split_feature=10 23 9 15 21 17 21 23 10 23 22 10 11 2
split_gain=608.217 216.17 146.361 145.837 113.802 95.8977 140.089 90.4864 85.3072 76.1628 77.1487 72.5691 55.6119 53.1633
threshold=0.35430912673473364 0.13297493755817416 0.22487947344779971 20.179944038391117 0.042000187560915954 0.052526783198118217 -0.10531204193830489 0.35906259715557104 1.7810811996459963 0.35906259715557104 0.36472003161907202 0.21666708588600161 0.51192277669906627 0.23884364217519763
decision_type=2 2 2 2 2 2 2 2 2 2 2 2 2 2
left_child=1 4 -3 5 11 9 12 13 -8 10 -2 -1 -7 -4
right_child=3 2 7 -5 -6 6 8 -9 -10 -11 -12 -13 -14 -15
leaf_value=-0.0037746922407293168 0.0087870097965650207 -0.016079478536591009 -0.0067649763928652349 0.023489182416244717 -0.013373244492585581 0.010473280890131585 0.0073680559186911805 -0.033482560713468321 -0.01112064051136632 -0.017194278946314066 0.00086961920993846014 0.010697276123031172 0.030034188914982437 0.0026396835748140664
leaf_weight=607.7264883890748 1941.6547821983695 2602.0796909108758 4097.9736125618219 487.93957998603582 433.46611725538969 319.57464318722486 2916.1261372938752 131.76901588588953 332.45458555221558 233.27650357037783 6638.9615480825305 1365.7429866418242 442.05375348031521 891.43998878449202
leaf_count=5279 12194 26593 35881 3231 3669 1964 18377 1392 2485 1854 47288 9781 2600 7412
internal_value=-2.04354e-05 -0.00647957 -0.00933093 0.00489601 0.00267049 0.00417081 0.00865138 -0.00587732 0.00544763 0.00212472 0.00266934 0.0062441 0.0220686 -0.00508276
internal_weight=23442.2 10130.2 7723.26 13312 2406.94 12824.1 4010.21 5121.18 3248.58 8813.89 8580.62 1973.47 761.628 4989.41
internal_count=180000 90007 71278 89993 18729 86762 25426 44685 20862 61336 59482 15060 4564 43293
is_linear=0
shrinkage=0.035


Tree=27
num_leaves=15
num_cat=0
split_feature=10 20 23 17 10 15 21 2 2 10 10 23 24 16
split_gain=574.691 176.299 164.861 129.945 88.7755 78.9743 80.322 69.094 64.2919 55.1124 58.5598 49.5265 58.9284 47.3075
threshold=0.2980505377054215 -0.023001317866146561 0.12856709212064746 0.034084623679518707 0.20301710069179538 19.949443817138675 0.024009003303945068 0.46473187208175665 0.29491363465785986 1.7810811996459963 0.71601200103759777 0.26395021378993994 0.040601676329970367 1.0320684909820559
decision_type=2 2 2 2 2 2 2 2 2 2 2 2 2 2
left_child=2 5 -1 11 -4 6 7 -2 -6 10 -5 12 -3 -7
right_child=1 3 4 9 8 13 -8 -9 -10 -11 -12 -13 -14 -15
leaf_value=0.0019712344499386398 0.0072237592606138696 -0.0010141631533958845 -0.019515230128236544 0.0022333069088824827 -0.010357483572004219 0.035854186216001498 -0.0028449591741231683 0.020359966881645174 0.0036935908089847664 -0.012313835044484642 0.0099878630075716877 -0.017826009171689465 -0.012099340776564486 0.0098606876170632615
leaf_weight=1435.6103730201721 4845.6085405051708 3097.6787823438644 1252.1957270950079 3933.6239168345928 3700.6867641657591 181.9466986656189 871.58617489784956 540.88461885601282 441.93517155200243 237.03523929417133 1707.5349634736776 293.72779130935669 715.59228172898293 173.86547925323248
leaf_count=11039 30818 24833 13599 27152 35409 1109 6125 3077 3833 1907 11000 2355 6625 1119
internal_value=-2.10321e-05 0.00349529 -0.0085589 0.000557742 -0.0113595 0.00792265 0.00698518 0.00857812 -0.00885323 0.00389251 0.00459407 -0.00421305 -0.0031206 0.0237694
internal_weight=23429.5 16599.1 6830.43 9985.19 5394.82 6613.89 6258.08 5386.49 4142.62 5878.19 5641.16 4107 3813.27 355.812
internal_count=180000 116120 63880 73872 52841 42248 40020 33895 39242 40059 38152 33813 31458 2228
is_linear=0
shrinkage=0.035


Tree=28
num_leaves=15
num_cat=0
split_feature=10 3 3 10 24 24 20 10 15 22 20 24 23 10
split_gain=537.689 174.235 164.298 141.42 180.439 123.621 96.4765 88.5183 77.0642 73.6605 68.1689 100.184 64.2587 46.3063
threshold=0.2980505377054215 0.69814115762710582 0.24511349946260455 0.48992204666137701 0.041788998991250999 0.039442984387278564 -0.023001317866146561 1.7810811996459963 18.486165046691898 0.55654591321945202 0.0094829550944268721 0.037889750674366958 0.13297493755817416 0.21014636009931567
decision_type=2 2 2 2 2 2 2 2 2 2 2 2 2 2
left_child=2 3 12 4 6 10 -2 9 -3 -5 -4 -12 -1 -14
right_child=1 8 5 7 -6 -7 -8 -9 -10 -11 11 -13 13 -15
leaf_value=-0.0046212037573322567 0.0054079231796673038 0.0086645087056480431 0.010117623802059477 0.0092581491425549438 -0.017416897548228848 -0.015772794371181054 -0.0027213996572339758 -0.011497350254065949 0.023930313044405179 0.00071411368877819317 -0.015331344887040998 0.011085519426377137 -0.020943777931514036 -0.011800229023880631
leaf_weight=1107.7755667045712 3012.4444689527154 1530.2275625541806 974.59976092725992 4368.9921372905374 740.19160822033882 481.65077537298203 4370.1221482083201 331.40808562189341 552.63067762553692 1724.6745192632079 403.00948932766914 297.00759976357222 957.15443087369204 2564.099264793098
leaf_count=9674 20115 9697 7243 26872 6929 4811 34673 2478 3463 11893 3593 2392 10969 25198
internal_value=-2.11176e-05 0.00336664 -0.0083172 0.00200675 -0.00106248 -0.000333084 0.000598586 0.00588258 0.0128099 0.00684509 0.00417493 -0.00412476 -0.0120276 -0.0143379
internal_weight=23416 16630.7 6785.3 14547.8 8122.76 2156.27 7382.57 6425.07 2082.86 6093.67 1674.62 700.017 4629.03 3521.25
internal_count=180000 116120 63880 102960 61717 18039 54788 41243 13160 38765 13228 5985 45841 36167
is_linear=0
shrinkage=0.035


Tree=29
num_leaves=15
num_cat=0
split_feature=17 3 3 20 24 23 17 15 24 17 9 20 20 15
split_gain=510.185 161.896 131.665 96.6137 90.1381 76.4915 84.5385 72.7853 70.8489 67.0825 61.6644 58.8084 100.209 55.3108
threshold=0.026174021884799007 0.24511349946260455 1.1955554485321047 -0.023001317866146561 0.040601676329970367 0.20133908092975619 0.058173839002847678 19.230949401855472 0.042675064876675613 0.034084623679518707 0.19430126994848254 0.061955412849783904 0.010921956971287729 17.719628334045414
decision_type=2 2 2 2 2 2 2 2 2 2 2 2 2 2
left_child=1 10 3 5 11 7 -7 -2 9 -5 -1 12 -3 -13
right_child=2 4 -4 8 -6 6 -8 -9 -10 -11 -12 13 -14 -15
leaf_value=-0.016240896311563117 0.0084207953455058202 0.0068743326011886253 0.016366382631100084 -0.0031834278830254917 -0.015766174461571955 -0.00090972253141410127 0.01300231109220162 0.027281216362451802 -0.011922008924607661 0.0036686057159514215 -0.0080617121708748997 -0.001134831947901854 -0.0093022323875105728 0.031526419336427067
leaf_weight=1596.128666870296 2782.2812412083149 1226.8891675248742 942.1946155577898 2666.8692891672254 363.06873316317797 2319.195420615375 685.10096914321184 268.87465908378363 520.60417175292969 5049.4334804192185 3982.5563010498881 105.41826044768095 745.77846433222294 147.2626753076911
leaf_count=16840 17357 9052 5688 21327 3929 15983 4014 1645 4479 34015 37268 851 6397 1155
internal_value=-2.20634e-05 -0.00707517 0.0037612 0.00291937 0.000160653 0.00627163 0.00229539 0.0101665 0.0004503 0.00129939 -0.0104267 0.00281804 0.000742616 0.0183757
internal_weight=23401.7 8167.1 15234.6 14292.4 2588.42 6055.45 3004.3 3051.16 8236.91 7716.3 5578.68 2225.35 1972.67 252.681
internal_count=180000 75492 104508 98820 21384 38999 19997 19002 59821 55342 54108 17455 15449 2006
is_linear=0
shrinkage=0.035


Tree=30
num_leaves=15
num_cat=0
split_feature=17 3 15 20 24 3 17 11 11 9 20 24 11 16
split_gain=476.731 152.831 121.483 94.2986 84.9573 81.1253 69.9242 65.5121 62.3948 54.3065 49.6007 41.2122 38.8855 38.2631
threshold=0.026174021884799007 0.24511349946260455 20.179944038391117 -0.013095685746520756 0.040601676329970367 0.19468660652637484 0.034084623679518707 0.74117162823677074 0.14875999093055728 0.21324594318866733 0.061955412849783904 0.041788998991250999 0.21663392335176471 1.0320684909820559
decision_type=2 2 2 2 2 2 2 2 2 2 2 2 2 2
left_child=1 8 3 5 9 -2 11 -7 -1 -3 -8 -5 -6 -4
right_child=2 4 13 6 12 7 10 -9 -10 -11 -12 -13 -14 -15
leaf_value=-0.015590409983816845 0.0033399147803076989 -0.0041382543911372876 0.030371445700731737 -0.0028044648207353902 -0.019964205399075414 0.010024070667200676 0.00083230982370120202 0.037358955344987559 -0.0075745165321215759 0.0070322282640596558 0.0087855026677935849 -0.017384438859601375 0.011604249809147742 0.011095521418692082
leaf_weight=1758.8588408976793 4565.7783762067556 861.14993318170309 231.90268535166979 2312.1004347503185 309.20497423410416 2146.228190600872 4100.5966674163938 104.97440657019615 3775.4216851294041 1367.9987437799573 1245.4877914637327 255.63291300088167 49.455476433038712 303.58801149576902
leaf_count=19136 29626 7153 1469 18478 3434 13446 28239 584 34972 10302 8105 2492 495 2069
internal_value=-2.16905e-05 -0.00686753 0.0036226 0.00301975 0.000154986 0.00603374 0.000419148 0.0114583 -0.0101456 0.00271771 0.00269812 -0.0043178 -0.0154146 0.019847
internal_weight=23388.4 8122.09 15266.3 14730.8 2587.81 6816.98 7913.82 2251.2 5534.28 2229.15 5346.08 2567.73 358.66 535.491
internal_count=180000 75492 104508 100970 21384 43656 57314 14030 54108 17455 36344 20970 3929 3538
is_linear=0
shrinkage=0.035


Tree=31
num_leaves=15
num_cat=0
split_feature=10 23 20 17 10 15 23 22 10 23 7 2 23 23
split_gain=452.063 148.656 138.168 99.7028 80.6121 66.9162 65.0489 64.0557 48.7735 51.4585 48.5094 47.8889 47.4417 54.4022
threshold=0.2980505377054215 0.12856709212064746 -0.023001317866146561 0.034084623679518707 0.20301710069179538 19.760030746459964 0.22513678669929507 0.31477111577987676 1.7810811996459963 0.12467885017395021 -0.13899525254964826 0.46473187208175665 0.26395021378993994 0.20133908092975619
decision_type=2 2 2 2 2 2 2 2 2 2 2 2 2 2
left_child=1 -1 5 12 -3 11 7 -6 9 -5 -7 -2 13 -4
right_child=2 4 3 8 6 10 -8 -9 -10 -11 -12 -13 -14 -15
leaf_value=0.0022963316460121379 0.0049235666216991287 -0.018402740508743565 -0.0042185413303252517 0.016545281824298232 0.015374475728113096 0.029413524830254414 -0.017003850414436243 -0.0069409791038773892 -0.011980562618049128 0.0031019162953439955 0.0060111112418327374 0.014981643343342342 -0.017227918113711504 0.0088401645861391522
leaf_weight=1425.0812482312322 5614.2893513664603 1196.1620556786656 3344.2333175987005 364.16886669397354 156.72530123591423 260.00442983210087 789.98862604051828 3104.0282763466239 234.79055310040712 5332.6850351020694 191.91513853520155 640.9304256811738 287.83683574199677 432.88110560178757
leaf_count=11039 35825 13599 27999 2354 1304 1531 7509 30429 1907 35798 1240 3652 2355 3459
internal_value=-2.10185e-05 -0.00771556 0.00305519 0.000446168 -0.010434 0.00693734 -0.00804138 -0.00582468 0.00333755 0.00398876 0.0198206 0.00597642 -0.00377083 -0.00270254
internal_weight=23375.7 6671.99 16703.7 9996.6 5246.9 6707.14 4050.74 3260.75 5931.64 5696.85 451.92 6255.22 4064.95 3777.11
internal_count=180000 63880 116120 73872 52841 42248 39242 31733 40059 38152 2771 39477 33813 31458
is_linear=0
shrinkage=0.035


Tree=32
num_leaves=15
num_cat=0
split_feature=10 3 24 11 24 22 3 20 22 23 3 22 10 11
split_gain=426 221.169 112.353 114.847 104.856 97.9687 72.4233 68.5912 82.4198 92.5799 68.5587 61.8104 54.4888 76.1283
threshold=0.38558267056941992 0.2836615145206452 0.040601676329970367 0.17269556969404223 0.041788998991250999 0.55654591321945202 0.69814115762710582 0.0042093934025615462 0.61403846740722667 0.12467885017395021 1.7600587010383608 0.1988179758191109 1.7810811996459963 0.54618939757347118
decision_type=2 2 2 2 2 2 2 2 2 2 2 2 2 2
left_child=1 2 3 -1 6 10 -3 -7 9 -9 12 -5 13 -2
right_child=5 4 -4 11 -6 7 -8 8 -10 -11 -12 -13 -14 -15
leaf_value=-0.011797389352798325 0.0050198049176871738 0.0024622638418266636 -0.018533565802624895 0.021009320162000723 -0.017077591115198139 0.0081486556813630921 0.017183852035891456 0.019369596718910045 0.005638794248339558 -0.0093965297438216126 0.023854412735348628 -0.0034567296982946621 -0.010469341785700836 0.014210276383672969
leaf_weight=2815.8877838626504 6435.1365165114403 2422.9674667343497 1048.9519750252366 120.49336145073175 280.98931701481342 907.04675809293985 483.80773652344942 139.63749099522829 918.73187585920095 1710.6027389764786 267.53232418745756 4254.4897009432316 227.11918800324202 1329.8627648055553
leaf_count=29225 41301 18783 11389 869 3007 6327 3205 916 6416 12601 1469 35141 1582 7769
internal_value=-2.07823e-05 -0.00484867 -0.00787458 -0.00629614 0.00297293 0.00460178 0.00496306 -0.000151831 -0.0028904 -0.0071331 0.00671504 -0.00273652 0.00611221 0.00661005
internal_weight=23363.3 11427.6 8239.82 7190.87 3187.76 11935.7 2906.78 3676.02 2768.97 1850.24 8259.65 4374.98 7992.12 7765
internal_count=180000 101619 76624 65235 24995 78381 21988 26260 19933 13517 52121 36010 50652 49070
is_linear=0
shrinkage=0.035


Tree=33
num_leaves=15
num_cat=0
split_feature=11 23 15 10 20 24 2 21 23 10 10 21 12 24
split_gain=400.089 159.256 113.785 107.483 100.669 99.2834 87.5197 85.3767 67.8137 79.204 57.1077 52.9963 62.3618 49.4419
threshold=0.22107744216918948 0.13297493755817416 20.179944038391117 0.21014636009931567 -0.042620319873094552 0.041788998991250999 0.19582012295722964 0.042000187560915954 0.12856709212064746 0.41100101172924047 0.17806206643581393 0.024009003303945068 1.3119403719902041 0.039442984387278564
decision_type=2 2 2 2 2 2 2 2 2 2 2 2 2 2
left_child=1 7 4 -3 11 6 -5 10 -6 -10 -1 12 -2 -12
right_child=2 3 -4 5 8 -7 -8 -9 9 -11 13 -13 -14 -15
leaf_value=-0.01000781457063935 0.010900317251911451 -0.017775929622658764 0.01879655038230298 -0.0081113410215268994 0.009498123099822715 -0.020906523540373347 0.0018684307776925225 -0.011711966699661205 -0.0055807763660184265 0.0019579504254557804 0.010791633159833535 -0.0034287495862875311 -0.0012228644794791675 -0.0074305923067437369
leaf_weight=234.14599685370922 3081.6577425673604 1256.4369757696986 565.59689822047949 3278.1356403380632 1012.7705922424793 513.91930965334177 1595.6156413704157 415.85129749774933 2306.1624781787395 6483.4267037659883 1298.4688998907804 480.41041143238544 622.55362109094858 204.71960718929768
leaf_count=2156 18555 14587 3730 30794 6494 5656 13219 3614 18872 43666 9508 3141 4244 1764
internal_value=-2.03788e-05 -0.00590903 0.00354103 -0.00858667 0.00291115 -0.00641472 -0.00484693 0.00235491 0.000968393 -2.41122e-05 0.00576973 0.00744883 0.00886501 0.00827724
internal_weight=23349.9 8797.29 14552.6 6644.11 13987 5387.67 4873.75 2153.19 9802.36 8789.59 1737.33 4184.62 3704.21 1503.19
internal_count=180000 81298 98702 64256 94972 49669 44013 17042 69032 62538 13428 25940 22799 11272
is_linear=0
shrinkage=0.035


Tree=34
num_leaves=15
num_cat=0
split_feature=17 3 3 24 24 17 23 24 9 9 11 11 21 23
split_gain=376.512 135.841 108.401 79.9688 72.8578 66.3386 139.424 93.7005 54.2549 50.7816 44.0576 35.4421 34.9314 34.3089
threshold=0.026174021884799007 0.22777676582336429 1.1955554485321047 0.042675064876675613 0.040601676329970367 0.052526783198118217 0.35906259715557104 0.039236826822161681 0.19430126994848254 0.21324594318866733 0.28982384502887731 0.21663392335176471 -0.0036788767902180548 0.22513678669929507
decision_type=2 2 2 2 2 2 2 2 2 2 2 2 2 2
left_child=1 8 3 5 9 6 -2 -7 -1 -3 -5 -6 -4 -11
right_child=2 4 12 10 11 7 -8 -9 -10 13 -12 -13 -14 -15
leaf_value=-0.015207511037101568 0.0023248027084880702 -0.0040268489764539294 0.021672767270361961 -0.018298938257641461 -0.018461676908489655 0.0034829450097182361 -0.022344727558260072 0.016169123326455995 -0.0072356860651790009 0.0081156980772231369 -0.0015557967709240676 0.010687757223306968 0.0081174736488795873 -0.010324595644779276
leaf_weight=1463.8956716135144 9908.7500803396106 918.48599833250046 441.4692959561944 313.66847287863493 318.02145060151815 2410.2689774855971 278.85930394381285 1007.7614744752645 3764.417004995048 1328.0649721547961 480.27138195931911 53.740902312099934 521.85806217044592 127.64672826230526
leaf_count=16160 68755 7877 2343 3031 3702 14584 2485 6425 36143 10002 3540 541 3345 1067
internal_value=-2.11177e-05 -0.00618717 0.00318138 0.00241541 0.000117829 0.00304728 0.00162829 0.00725955 -0.00949252 0.00239045 -0.00831599 -0.0140783 0.0144884 0.00643932
internal_weight=23337.2 7974.27 15362.9 14399.6 2745.96 13605.6 10187.6 3418.03 5228.31 2374.2 793.94 371.762 963.327 1455.71
internal_count=180000 75492 104508 98820 23189 92249 71240 21009 52303 18946 6571 4243 5688 11069
is_linear=0
shrinkage=0.035


Tree=35
num_leaves=15
num_cat=0
split_feature=10 3 3 15 10 24 24 10 15 17 10 20 15 21
split_gain=357.702 127.551 127.02 100.485 99.5988 163.676 99.0847 77.066 65.8076 58.7693 42.8262 35.328 34.7207 34.0381
threshold=0.2980505377054215 0.69814115762710582 0.24511349946260455 20.868925094604496 0.51921141147613536 0.041788998991250999 0.039442984387278564 1.7810811996459963 18.486165046691898 0.020813738927245144 0.20301710069179538 0.0094829550944268721 17.649865150451664 -0.046392317861318581
decision_type=2 2 2 2 2 2 2 2 2 2 2 2 2 2
left_child=2 3 10 4 5 -2 9 -6 -3 11 -1 -4 -12 -10
right_child=1 8 6 -5 7 -7 -8 -9 13 -11 12 -13 -14 -15
leaf_value=-0.016356642511629889 0.00033279471064341236 0.0068553032095054287 0.0043190965084091253 0.026664700980786646 0.0057661949932043301 -0.016380565611085408 -0.014227399646476322 -0.011443298560158003 0.034046232237498905 0.011228466650640173 -0.0044883855447743187 -0.009241396054899105 -0.011710370331720593 0.014702568504584321
leaf_weight=1095.7224643006921 7956.0044136568904 1568.527553319931 506.3913726657629 182.04975650459528 5402.825428634882 778.92505267262459 456.69767884165049 329.56725227087736 163.48669971525669 747.98725041747093 1561.6340900063515 423.0650385543704 1743.1282468736172 409.24359624832869
leaf_count=12941 58407 9697 3899 1248 33411 7421 4811 2473 861 5503 15300 3826 17600 2602
internal_value=-2.15993e-05 0.00268242 -0.00696303 0.00151266 0.00117796 -0.00117462 4.63397e-05 0.00475858 0.0106411 0.00399376 -0.0103548 -0.00188596 -0.00832153 0.0207137
internal_weight=23325.3 16790.6 6534.63 14649.4 14467.3 8734.93 2134.14 5732.39 2141.26 1677.44 4400.48 929.456 3304.76 572.73
internal_count=180000 116120 63880 102960 101712 65828 18039 35884 13160 13228 45841 7725 32900 3463
is_linear=0
shrinkage=0.035


Tree=36
num_leaves=15
num_cat=0
split_feature=10 23 3 20 17 21 10 15 3 3 21 23 24 24
split_gain=334.64 130.995 118.071 98.1526 85.5894 78.6668 68.5277 61.233 55.0738 53.9791 52.4368 49.6472 49.4714 44.0027
threshold=0.2980505377054215 0.13297493755817416 0.69814115762710582 -0.023001317866146561 0.036640072241425521 0.042000187560915954 0.21014636009931567 19.028015136718754 0.078873220831155791 0.37747098505496984 0.024009003303945068 0.12467885017395021 0.039442984387278564 0.040601676329970367
decision_type=2 2 2 2 2 2 2 2 2 2 2 2 2 2
left_child=1 5 3 10 11 8 -3 -4 -1 -8 -2 -5 -10 -11
right_child=2 6 7 4 -6 -7 9 -9 12 13 -12 -13 -14 -15
leaf_value=-0.0045699561081932382 0.0062479439556856146 -0.016944601761629693 0.0073389590385238186 0.010123543194590138 0.0025695489194949022 -0.014835196129589293 -0.009253773463562211 0.022523140402406452 0.012689498081238929 0.0066922894260970714 -0.0031826874225143933 -0.0053099477067659042 -0.0098139735698266426 -0.0169862634456001
leaf_weight=510.77406591922045 5111.5770518705249 1215.9321898892522 1757.7560093849897 263.11180102825165 4343.1082916632295 295.50676248967648 2906.7262377664447 395.51597252488136 834.00724820792675 494.66592095792294 834.51815843582153 4108.32395542413 131.8688350468874 108.89641012251377
leaf_count=4534 31958 14587 10825 1867 28945 2734 29700 2335 6123 3804 5855 34335 1181 1217
internal_value=-2.14198e-05 -0.00676057 0.00258565 0.00145827 -0.00090752 0.0013498 -0.00979808 0.0102192 0.00466674 -0.00728149 0.00492126 -0.00436004 0.00954807 0.00221292
internal_weight=23312.3 6498.38 16813.9 14660.6 8714.54 1772.16 4726.22 2153.27 1476.65 3510.29 5946.1 4371.44 965.876 603.562
internal_count=180000 63880 116120 102960 65147 14572 49308 13160 11838 34721 37813 36202 7304 5021
is_linear=0
shrinkage=0.035


Tree=37
num_leaves=15
num_cat=0
split_feature=11 3 23 15 24 9 20 24 17 17 3 3 11 21
split_gain=314.18 149.397 103.001 98.1035 89.8661 90.2995 84.4373 75.2208 66.1489 50.4818 48.6532 47.54 63.0091 32.2357
threshold=0.22107744216918948 0.56847849488258373 0.22513678669929507 19.949443817138675 0.040601676329970367 0.19430126994848254 -0.042620319873094552 0.039155300706624992 0.034084623679518707 0.1307371184229851 0.17892029881477359 -0.039381494745612138 0.51192277669906627 0.014488546643406154
decision_type=2 2 2 2 2 2 2 2 2 2 2 2 2 2
left_child=1 2 4 6 5 -1 11 -3 10 -10 -8 13 -13 -2
right_child=3 7 -4 -5 -6 -7 8 -9 9 -11 -12 12 -14 -15
leaf_value=-0.010447508920858786 0.0049444745740745318 0.014710641576496358 -0.016442615908452536 0.015267157718533717 -0.015739841047860251 -0.00080493830952879522 -0.0065855278317641487 -0.0088760307241043685 0.0032450209117546296 -0.011269706368851008 0.0029819489019698954 0.0078924913855184659 0.025728493504136571 -0.0062276034862367331
leaf_weight=1657.5122156366706 1818.4461414366961 626.39580434560776 1151.893373452127 759.79668340831995 843.71229288727045 4158.5464144423604 2101.0175920501351 216.32597872614861 6386.238571614027 297.99617762118578 934.51582699269056 1695.1177133917809 277.59856168925762 373.63840974122286
leaf_count=17402 10962 4155 11071 4961 9988 36759 17168 1923 41505 2246 7235 10736 1481 2408
internal_value=-2.16749e-05 -0.00530513 -0.00681679 0.00310218 -0.00512972 -0.00356618 0.00242598 0.00862288 0.000637141 0.00258206 -0.00363998 0.00658922 0.0105195 0.00302057
internal_weight=23298.8 8654.39 7811.66 14644.4 6659.77 5816.06 13884.6 842.722 9719.77 6684.23 3035.53 4164.8 1972.72 2192.08
internal_count=180000 81298 75220 98702 64149 54161 93741 6078 68154 43751 24403 25587 12217 13370
is_linear=0
shrinkage=0.035


Tree=38
num_leaves=15
num_cat=0
split_feature=17 3 15 20 20 23 24 23 17 24 21 8 3 21
split_gain=296.121 115.488 94.6819 65.8454 104.382 80.438 74.6877 65.3056 88.3018 133.92 106.125 61.1094 56.6765 49.7615
threshold=0.026174021884799007 0.22777676582336429 19.463782310485843 0.061955412849783904 0.0074960114434361466 0.12467885017395021 0.039155300706624992 0.13297493755817416 0.052526783198118217 0.041788998991250999 -0.10531204193830489 -0.30545625090599055 1.7600587010383608 0.0019163322867825629
decision_type=2 2 2 2 2 2 2 2 2 2 2 2 2 2
left_child=1 -1 7 4 6 -6 -3 11 9 -9 -10 -2 -4 -13
right_child=2 3 12 -5 5 -7 -8 8 10 -11 -12 13 -14 -15
leaf_value=-0.0086613002854347195 0.00067233367176343665 0.0080220788542937089 0.0098813491568141391 0.015970463213942503 0.014078615808342562 -0.014369335843196931 -0.012061349016748499 0.00055521912482381038 0.017430666938347168 -0.013571215672589964 0.0024747302012108037 0.019165878578526769 0.039799107826087921 0.0052074470174162113
leaf_weight=5105.6880670264363 928.34247313439846 1200.388305477798 1180.9352298378944 281.72457231581211 133.68004579842091 848.40230984985828 269.8323885127902 7590.4451667517424 727.15844684094191 911.84747323393822 2769.0244376808405 650.7409135773778 74.789688944816589 613.55089443922043
leaf_count=52303 5685 8780 7871 2288 926 8327 2868 53003 4175 8107 17307 3765 402 4193
internal_value=-2.17468e-05 -0.00555774 0.00278971 0.000248465 -0.00161523 -0.0103942 0.00427955 0.00197009 0.000952312 -0.000973965 0.0056262 0.00750995 0.0119636 0.012486
internal_weight=23286.6 7839.72 15446.8 2734.03 2452.3 982.082 1470.22 14191.1 11998.5 8502.29 3496.18 2192.63 1255.72 1264.29
internal_count=180000 75492 104508 23189 20901 9253 11648 96235 82592 61110 21482 13643 8273 7958
is_linear=0
shrinkage=0.035


Tree=39
num_leaves=15
num_cat=0
split_feature=10 23 3 10 24 10 20 6 21 21 21 11 11 3
split_gain=282.166 110.594 108.716 88.84 145.067 72.5302 70.3437 66.2015 64.6985 53.7122 48.6845 45.7855 45.6655 43.2256
threshold=0.28704898059368139 0.13297493755817416 0.69814115762710582 0.51921141147613536 0.041788998991250999 1.7810811996459963 -0.023001317866146561 0.2324667498469353 0.042000187560915954 -0.12700128555297849 -0.08160002157092093 0.59187892079353344 0.15286641567945483 0.078873220831155791
decision_type=2 2 2 2 2 2 2 2 2 2 2 2 2 2
left_child=1 8 3 4 6 9 -2 12 13 -5 11 -4 -3 -1
right_child=2 7 10 5 -6 -7 -8 -9 -10 -11 -12 -13 -14 -15
leaf_value=-0.0045540986680515467 0.0041388212957988151 -0.015163999660395402 0.013147239039656334 0.014895224952240615 -0.014901835303576383 -0.011223643938492034 -0.0022630824157445924 0.0068924034790545079 -0.014465064565959957 0.0042070696557514001 0.0069810251287129917 0.04160513493492695 -0.00744877256899235 0.0085391978200858535
leaf_weight=460.2730857282877 3576.4787538573146 1734.6473230719566 291.47164025902748 646.58334068953991 823.57822252810001 328.49737342447042 5071.7314391508698 266.21933517605066 266.34831184893847 4861.8785455226898 1834.8598095849156 88.793048784136772 2123.8627726361156 898.28708695620298
leaf_count=4191 23591 20460 1515 3702 8083 2478 40610 2374 2538 30039 11473 435 21685 6826
internal_value=-2.05373e-05 -0.00674169 0.00218728 0.00113578 -0.000957459 0.00452836 0.000386156 -0.00978218 0.000989032 0.00548636 0.00941648 0.0206881 -0.0109475 0.00410239
internal_weight=23273.5 5749.64 17523.9 15308.7 9471.79 5836.96 8648.21 4124.73 1624.91 5508.46 2215.12 380.265 3858.51 1358.56
internal_count=180000 58074 121926 108503 72284 36219 64201 44519 13555 33741 13423 1950 42145 11017
is_linear=0
shrinkage=0.035


Tree=40
num_leaves=15
num_cat=0
split_feature=9 3 10 24 15 3 23 15 24 17 24 10 12 6
split_gain=267.448 138.917 121.322 127.965 103.586 87.148 75.9543 57.026 54.4556 50.9052 49.2688 48.8826 30.6993 29.75
threshold=0.21324594318866733 0.62586495280265819 0.38558267056941992 0.040601676329970367 20.471218109130863 0.17892029881477359 0.1309928968548775 18.486165046691898 0.03751721233129502 0.016915886662900451 0.039442984387278564 1.7810811996459963 0.83666446805000316 0.11807952076196672
decision_type=2 2 2 2 2 2 2 2 2 2 2 2 2 2
left_child=6 2 3 5 11 -2 8 -3 -1 -5 12 -4 -10 -8
right_child=1 7 4 9 -6 -7 13 -9 10 -11 -12 -13 -14 -15
leaf_value=-0.0064645405938191878 -0.0041253143945525128 0.0056282640195973246 0.0027522414209660948 0.025863852277580555 0.026659893369504948 0.0043883912716438092 -0.01615908773130589 0.017045101446792086 0.036762507814861463 -0.01597959319094824 -0.011271954335507111 -0.010920043868652807 0.0073513331073324206 -0.007120569090180189
leaf_weight=646.53209485858679 4344.6873910799623 1933.2445680871606 9466.5648978501558 28.234155550599098 208.60344976186752 2216.0658659636974 1443.6855000033975 741.49279876798391 80.714977204799652 982.88117301464081 69.427024349570274 321.8454705029726 95.682102628052235 679.53391528874636
leaf_count=5529 37787 11997 61769 349 1295 17203 17140 4521 634 10687 618 2448 827 7196
internal_value=-2.01121e-05 0.00142986 0.000296572 -0.00304312 0.00282661 -0.00124729 -0.00972634 0.00884495 -0.00113886 -0.0145693 0.0125732 0.00229201 0.0220594 -0.0133133
internal_weight=23259.2 20243.6 17568.9 7571.87 9997.01 6560.75 3015.58 2674.74 892.356 1011.12 245.824 9788.41 176.397 2123.22
internal_count=180000 148056 131538 66026 65512 54990 31944 16518 7608 11036 2079 64217 1461 24336
is_linear=0
shrinkage=0.035


Tree=41
num_leaves=15
num_cat=0
split_feature=9 3 10 24 3 15 17 22 15 17 10 2 24 1
split_gain=250.86 128.672 115.159 152.998 78.1303 64.2455 55.087 54.0563 52.2812 48.6096 41.7681 35.0355 33.5009 29.2091
threshold=0.21324594318866733 0.62586495280265819 0.48992204666137701 0.041788998991250999 0.17892029881477359 17.788969039916996 0.1307371184229851 0.56378209590911876 18.486165046691898 0.016915886662900451 0.15030362457036975 0.097779992967844023 0.040601676329970367 0.21874997764825824
decision_type=2 2 2 2 2 2 2 2 2 2 2 2 2 2
left_child=10 2 3 4 -2 6 -4 -7 13 -5 -1 -12 -13 -3
right_child=1 8 5 9 -6 7 -8 -9 -10 -11 11 12 -14 -15
leaf_value=-0.023163723658357553 -0.0027122811510833429 0.0086670526621528479 0.0028512155313732152 0.031774115030817528 0.0039025807534532795 0.012821422033359725 -0.012303261753741071 -0.0020072512866675498 0.016306575214077145 -0.017189639757911653 -0.011707795666151512 -0.0015620009280633753 -0.019151626258851657 -0.00022581152327697914
leaf_weight=242.8436259701848 7080.6131855994463 1226.7349521443248 4386.5490230917931 16.681527256965637 3153.302190810442 1394.0326476469636 305.0483516305685 380.22670567780733 748.27622559666634 851.31470981985331 1521.8528896272182 1085.8501700311899 141.48414789140224 712.68078107386827
leaf_count=2890 57730 7508 27093 208 24164 8372 2238 2597 4521 9136 16641 10583 1830 4489
internal_value=-1.93729e-05 0.00137938 0.000286339 -0.00187588 -0.000672272 0.00399604 0.0018418 0.00965017 0.00849635 -0.0158975 -0.0094617 -0.00817179 -0.00372808 0.00541478
internal_weight=23247.5 20255.5 17567.8 11101.9 10233.9 6465.86 4691.6 1774.26 2687.69 867.996 2992.03 2749.19 1227.33 1939.42
internal_count=180000 148056 131538 91238 81894 40300 29331 10969 16518 9344 31944 29054 12413 11997
is_linear=0
shrinkage=0.035


Tree=42
num_leaves=15
num_cat=0
split_feature=11 23 24 3 20 3 23 23 12 3 23 1 10 21
split_gain=238.954 129.584 113.129 132.619 83.4891 64.9608 56.9383 55.2797 55.2496 55.6578 54.2574 52.5236 49.8134 41.641
threshold=0.22107744216918948 0.22513678669929507 0.040601676329970367 0.17892029881477359 -0.042620319873094552 0.62586495280265819 0.12856709212064746 0.18925949931144717 1.3119403719902041 -0.039381494745612138 0.24243597686290744 -0.2195906192064285 0.19548019766807559 -0.045057980343699448
decision_type=2 2 2 2 2 2 2 2 2 2 2 2 2 2
left_child=1 2 3 12 8 -5 -6 13 9 -2 -9 -11 -1 -8
right_child=4 -3 -4 5 6 -7 7 10 -10 11 -12 -13 -14 -15
leaf_value=-0.015218964428887318 0.0042659857468037984 -0.015454215772904777 -0.014242171266528676 0.0017135873753554827 0.0085118649000655439 0.015143852564716313 -0.0090068376148802372 0.0070380527831740711 -0.0020650355528149429 0.026055737944083661 -0.0016538363074070901 0.010026091760663047 -0.004003331316887241 -0.00080613034972102531
leaf_weight=576.57159368693829 1936.9765876457095 1169.9276458919048 936.9617577791214 2405.9760158658028 1078.0104584917426 531.19574596732855 895.20125282555819 2101.3282327726483 735.70877304673195 300.26982794702053 1502.7637402266264 1480.3042452409863 2889.3583981245756 4696.0063008442521
leaf_count=7068 11554 11421 11279 20224 6759 3424 6094 14348 4938 1690 9990 8855 27882 34474
internal_value=-1.96056e-05 -0.00468545 -0.00295033 -0.00127837 0.00267798 0.00418563 0.000940565 4.46613e-05 0.00667496 0.00840552 0.00341933 0.0128597 -0.00590751 -0.00213287
internal_weight=23236.6 8509.99 7340.06 6403.1 14726.6 2937.17 10273.3 9195.3 4453.26 3717.55 3604.09 1780.57 3465.93 5591.21
internal_count=180000 81298 69877 58598 98702 23648 71665 64906 27037 22099 24338 10545 34950 40568
is_linear=0
shrinkage=0.035


Tree=43
num_leaves=15
num_cat=0
split_feature=9 3 10 15 24 22 11 23 23 22 20 22 24 10
split_gain=228.067 114.299 132.358 88.044 85.3738 78.1672 75.5293 85.6518 71.9691 60.9279 72.1766 51.7647 50.7606 47.259
threshold=0.21324594318866733 0.30414201319217687 0.38558267056941992 20.471218109130863 0.040601676329970367 0.52671915292739879 0.74117162823677074 0.22513678669929507 0.1309928968548775 0.61403846740722667 0.0074960114434361466 0.1988179758191109 0.03751721233129502 1.7810811996459963
decision_type=2 2 2 2 2 2 2 2 2 2 2 2 2 2
left_child=8 2 4 13 11 6 7 -3 12 10 -7 -2 -1 -4
right_child=1 5 3 -5 -6 9 -8 -9 -10 -11 -12 -13 -14 -15
leaf_value=-0.0059079700237688612 0.017373047923084892 0.012622974838977816 0.0024208105945295053 0.026784436876299954 -0.0152741708445464 0.0058092047028933617 0.035741449795650283 -0.0021899897164807509 -0.012627795214477237 0.012633353592816882 -0.0060744028228135877 -0.0033216627707049122 0.012504879555104535 -0.011434093218098566
leaf_weight=637.5147791877389 142.70352428406477 1762.1233243346214 8298.0677286088467 168.15623774379492 752.17718755453825 1166.6696143224835 124.34439399838448 651.24791532754898 2075.0090285465121 511.78778168559074 1328.1267869472504 5058.3508546277881 245.91789223998785 303.15432387590408
leaf_count=5529 1090 10841 53752 1019 8435 7852 659 4171 24336 3489 10169 44242 2079 2337
internal_value=-1.94888e-05 0.00130698 -0.000306844 0.00242653 -0.00433055 0.00558525 0.0100965 0.00863316 -0.0090803 0.00175666 -0.000516132 -0.0027216 -0.000699857 0.00191978
internal_weight=23225.4 20266.9 14722.6 8769.38 5953.23 5544.3 2537.72 2413.37 2958.44 3006.58 2494.8 5201.05 883.433 8601.22
internal_count=180000 148056 110875 57108 53767 37181 15671 15012 31944 21510 18021 45332 7608 56089
is_linear=0
shrinkage=0.035


Tree=44
num_leaves=15
num_cat=0
split_feature=10 23 3 10 24 23 24 22 21 6 23 22 22 24
split_gain=214.538 95.982 79.5104 74.9035 123.644 94.5229 73.3275 73.2532 59.4801 58.0665 44.5272 50.7314 44.3554 47.1703
threshold=0.28704898059368139 0.13297493755817416 0.69814115762710582 0.68032512068748485 0.041788998991250999 0.35906259715557104 0.034483484923839576 0.1988179758191109 0.042000187560915954 0.2521227896213532 0.22513678669929507 0.31477111577987676 0.54946553707122814 0.036792531609535224
decision_type=2 2 2 2 2 2 2 2 2 2 2 2 2 2
left_child=1 8 3 4 7 6 -5 -2 12 10 11 -3 13 -1
right_child=2 9 -4 5 -6 -7 -8 -9 -10 -11 -12 -13 -14 -15
leaf_value=0.0051739542410438452 0.019276663207905144 0.0094954727322388455 0.0080057114885539234 -0.0076161196445986299 -0.011174153880654455 0.028782626906290295 0.0067991295660436279 0.00044111119097190767 -0.013771408253147018 0.0090896391246061414 -0.017737802858613684 -0.0091027832655784999 0.013595979812841099 -0.011597673864065475
leaf_weight=651.29492834210396 248.98562680929899 183.48724040389061 2255.3268922269344 519.25730433315039 1140.211183577776 195.70232052356005 2374.3411853760481 10853.570532344282 260.1543632671237 202.09473212808371 706.6190808005631 2919.7081537395716 414.48028076440096 287.99520165473223
leaf_count=5164 1433 1729 13423 2885 10370 1115 14916 77784 2538 1750 7733 33307 3460 2393
internal_value=-1.85074e-05 -0.00596156 0.00188486 0.000979855 -0.00025041 0.00584042 0.00419499 0.000880483 0.00124161 -0.00885515 -0.00982836 -0.00797613 0.00420649 -3.63866e-05
internal_weight=23213.2 5625.83 17587.4 15332.1 12242.8 3089.3 2893.6 11102.6 1613.92 4011.91 3809.81 3103.2 1353.77 939.29
internal_count=180000 58074 121926 108503 89587 18916 17801 79217 13555 44519 42769 35036 11017 7557
is_linear=0
shrinkage=0.035


Tree=45
num_leaves=15
num_cat=0
split_feature=9 3 11 15 22 11 23 23 23 22 22 20 17 22
split_gain=207.186 102.033 105.988 79.7538 71.887 68.2005 78.321 65.6547 60.2615 60.4582 55.6834 67.3313 50.2796 44.626
threshold=0.21324594318866733 0.30414201319217687 0.26269893348217016 20.471218109130863 0.52671915292739879 0.74117162823677074 0.22513678669929507 0.1309928968548775 0.22513678669929507 0.2226631045341492 0.61403846740722667 0.0074960114434361466 0.1307371184229851 0.60265234112739574
decision_type=2 2 2 2 2 2 2 2 2 2 2 2 2 2
left_child=7 2 8 12 5 6 -3 -1 -2 -10 11 -6 -4 -9
right_child=1 4 3 -5 10 -7 -8 13 9 -11 -12 -13 -14 -15
leaf_value=-0.000722940994709331 -0.0019521702455574305 0.011971164214451789 0.0022373034011992986 0.025241274181324328 0.0055048998273854793 0.033738867644135868 -0.002181007084550525 -0.014879576552747723 0.0026067171766054648 -0.014462611301730962 0.01193707391830558 -0.0059666448502929056 -0.011441266204279793 -0.0023495123793755854
leaf_weight=883.62121792137623 4644.323175996542 1777.2696278616786 8198.672165542841 169.94543773680925 1171.903889387846 126.58768839389086 650.67814816534519 1592.179282028228 332.78985509648919 1029.9270035028458 517.01451090723276 1324.5437384992838 333.10851417481899 450.2412142008543
leaf_count=7608 41897 10841 53174 1030 7852 659 4171 18982 2757 9546 3489 10169 2471 5354
internal_value=-1.81073e-05 0.00123957 -0.000288801 0.00217887 0.00527028 0.00957798 0.00818506 -0.00870803 -0.00386112 -0.0103055 0.001599 -0.000581096 0.00169048 -0.0121423
internal_weight=23202.8 20276.8 14708.8 8701.73 5568 2554.54 2427.95 2926.04 6007.04 1362.72 3013.46 2496.45 8531.78 2042.42
internal_count=180000 148056 110875 56675 37181 15671 15012 31944 54200 12303 21510 18021 55645 24336
is_linear=0
shrinkage=0.035


Tree=46
num_leaves=15
num_cat=0
split_feature=10 20 23 23 23 21 23 8 3 3 20 21 23 23
split_gain=198.338 103.677 92.2469 114.542 124.185 98.5466 87.2577 118.611 100.92 64.3494 58.6003 45.6749 39.7353 38.0396
threshold=0.21666708588600161 -0.023001317866146561 0.12467885017395021 0.18801177293062213 0.24243597686290744 0.17091248184442523 0.16016178578138354 -0.26998779177665705 -0.039381494745612138 0.22777676582336429 0.016725691966712478 0.042000187560915954 0.42612589895725256 0.16016178578138354
decision_type=2 2 2 2 2 2 2 2 2 2 2 2 2 2
left_child=13 6 10 5 -5 -4 8 9 -2 -8 -3 -10 -9 -1
right_child=1 2 3 4 -6 -7 7 12 11 -11 -12 -13 -14 -15
leaf_value=-0.0063715259423121479 -0.000244371465677186 -0.0027359731203184462 -0.0054288210947740336 0.0072930777929950587 -0.0048023087526074424 0.01559397744677859 0.0040380562366050471 -0.0029037027622018964 0.014717845184793866 0.019718330275567762 0.015473143262931359 -0.0010650290679743188 -0.01808920799435711 -0.0162480718006189
leaf_weight=1159.7922964058816 1082.2117588818073 322.81461936235428 6972.9966657981277 2649.5799238309264 1698.5964434817433 274.78711991012096 2529.9032190293074 2314.8216500654817 1889.1590082272887 358.86589141190052 631.32428389787674 253.27385552972555 223.13154675066471 830.43874415755272
leaf_count=12413 7007 2204 57063 20934 12263 2156 15672 17737 11673 1955 4237 1852 2015 10819
internal_value=-1.75477e-05 0.000975969 -0.00105608 -0.00191946 0.00256789 -0.00461139 0.00392157 0.00120697 0.0084721 0.00604729 0.00934796 0.0128557 -0.00430454 -0.0105532
internal_weight=23191.7 21201.5 12550.1 11596 4348.18 7247.78 8651.37 5426.72 3224.64 2888.77 954.139 2142.43 2537.95 1990.23
internal_count=180000 156768 98857 92416 33197 59219 57911 37379 20532 17627 6441 13525 19752 23232
is_linear=0
shrinkage=0.035


Tree=47
num_leaves=15
num_cat=0
split_feature=9 3 10 24 22 23 10 24 15 17 24 24 22 3
split_gain=187.876 94.0283 89.5718 142.199 73.2174 60.3515 55.5643 48.2397 47.429 46.0369 44.4288 44.4141 42.6626 28.7227
threshold=0.21324594318866733 0.62586495280265819 0.53621113300323497 0.041788998991250999 0.1988179758191109 0.1309928968548775 1.7810811996459963 0.039155300706624992 18.486165046691898 0.016915886662900451 0.03751721233129502 0.039442984387278564 0.60265234112739574 -0.74777272343635548
decision_type=2 2 2 2 2 2 2 2 2 2 2 2 2 2
left_child=5 2 3 4 -2 10 7 -4 -3 -5 -1 -12 -7 -8
right_child=1 8 6 9 -6 12 13 -9 -10 -11 11 -13 -14 -15
leaf_value=-0.0056291443469477006 0.018009648655918236 0.0042912375672610817 0.0026089050463319616 0.032139550686899131 -0.00075297523863214857 -0.014387658035204193 -0.019796927188831099 0.010024593244888455 0.014560494955917984 -0.015413138257347516 0.020347704360342424 -0.011197425880370562 -0.0020865813201658995 0.00092248576468132511
leaf_weight=632.95671588182449 250.8437080308795 1968.8171826079488 3531.0590454563498 16.549202173948288 10953.190071247518 1564.5632325410843 163.23664206266403 1541.6566607505083 762.95634458214045 945.48909037560225 180.7283583059907 69.195236161351204 447.24751035496593 153.94028321653605
leaf_count=5529 1669 11997 20843 208 86594 18982 1274 9693 4521 10075 1461 618 5354 1182
internal_value=-1.74098e-05 0.00117401 0.000232471 -0.00143159 -0.000317219 -0.0083429 0.00398428 0.00487791 0.00720198 -0.0142729 -0.0007002 0.0115192 -0.0116768 -0.01002
internal_weight=23182.4 20287.7 17556 12166.1 11204 2894.69 5389.89 5072.72 2731.77 962.038 882.88 249.924 2011.81 317.177
internal_count=180000 148056 131538 98546 88263 31944 32992 30536 16518 10283 7608 2079 24336 2456
is_linear=0
shrinkage=0.035


Tree=48
num_leaves=15
num_cat=0
split_feature=10 3 17 24 22 12 24 21 15 22 22 15 22 11
split_gain=179.539 93.3279 91.6081 102.327 63.3258 46.6605 51.0654 41.1967 36.9569 34.3332 31.8759 32.8157 31.122 30.6644
threshold=0.21666708588600161 0.62586495280265819 0.036640072241425521 0.040601676329970367 0.1988179758191109 1.3119403719902041 0.039236826822161681 -0.10531204193830489 16.236111640930179 0.35748532414436346 0.33717781305313116 18.486165046691898 0.5702941119670869 0.59187892079353344
decision_type=2 2 2 2 2 2 2 2 2 2 2 2 2 2
left_child=8 2 3 4 -2 6 -4 13 -1 -5 -9 -12 -10 -3
right_child=1 7 5 9 -6 -7 -8 10 12 -11 11 -13 -14 -15
leaf_value=-0.023427462924164554 0.018827887838783162 0.011601807406393551 0.0023461104245631197 -0.022643646459469778 -0.0011757301827126183 -0.0025677289270476704 0.009536370301656447 -0.015497711995929645 -0.011778111736494894 -0.0082384568579658164 0.0033877962817691568 0.012551436750292156 -0.001998205828649451 0.036316068226031679
leaf_weight=219.24678508192301 188.03819979727268 268.82350035011768 4460.9883490279317 245.36856731772423 9222.0769383460283 1500.9546520411968 1655.6477161720395 78.55514769256115 1121.3499458283186 1124.0474112853408 1727.5241653770208 658.82821620255709 622.73685324937105 77.605443239212036
leaf_count=2710 1290 1428 26843 2570 75665 10074 11088 394 13003 12191 10830 4026 7519 369
internal_value=-1.69195e-05 0.000922214 1.31947e-05 -0.00206228 -0.000756444 0.00294902 0.00430475 0.00684962 -0.010115 -0.010965 0.00521584 0.00595953 -0.00831744 0.0180017
internal_weight=23171.8 21208.5 18397.1 10779.5 9410.12 7617.59 6116.64 2811.34 1963.33 1369.42 2464.91 2386.35 1744.09 346.429
internal_count=180000 156768 139721 91716 76955 48005 37931 17047 23232 14761 15250 14856 20522 1797
is_linear=0
shrinkage=0.035


Tree=49
num_leaves=15
num_cat=0
split_feature=10 20 23 23 23 21 23 8 3 3 20 21 23 23
split_gain=168.692 94.5277 83.9602 106.254 115.741 91.219 81.734 105.533 91.7846 60.5878 53.6627 41.3544 36.1348 35.4953
threshold=0.21666708588600161 -0.023001317866146561 0.12467885017395021 0.18801177293062213 0.24243597686290744 0.17091248184442523 0.16016178578138354 -0.28133521974086756 -0.039381494745612138 0.22777676582336429 0.016725691966712478 0.042000187560915954 0.16016178578138354 0.22513678669929507
decision_type=2 2 2 2 2 2 2 2 2 2 2 2 2 2
left_child=12 6 10 5 -5 -4 8 9 -2 -8 -3 -10 -1 -9
right_child=1 2 3 4 -6 -7 7 13 11 -11 -12 -13 -14 -15
leaf_value=-0.0057597366422647575 -0.00023820739241242424 -0.0027510854441851096 -0.0052755296732902596 0.0069737579368242221 -0.0047013702729105976 0.014846243507995032 0.0038571705139301433 0.00037818746184638393 0.013996200124463848 0.019539778060853361 0.014639162658633216 -0.0010223125187452606 -0.015490268945629928 -0.0077313260971488031
leaf_weight=1141.2798234298825 1081.8325450271368 322.74450609087944 6945.1903464123607 2662.3556479662657 1694.1814641952515 277.92822995781898 2453.0083853304386 1241.9552468135953 1906.199100241065 335.68940776586533 638.61044330149889 252.93447053432465 806.47456701099873 1401.7106838300824
leaf_count=12413 7007 2204 57063 20934 12263 2156 15028 9596 11673 1791 4237 1852 10819 10964
internal_value=-1.67194e-05 0.000890066 -0.00105279 -0.00188041 0.00243313 -0.00448184 0.00369727 0.00106829 0.00808702 0.00580804 0.00883272 0.0122402 -0.00984724 -0.00393453
internal_weight=23162.1 21214.3 12541 11579.7 4356.54 7223.12 8673.33 5432.36 3240.97 2788.7 961.355 2159.13 1947.75 2643.67
internal_count=180000 156768 98857 92416 33197 59219 57911 37379 20532 16819 6441 13525 23232 20560
is_linear=0
shrinkage=0.035


Tree=50
num_leaves=15
num_cat=0
split_feature=17 15 23 9 24 10 10 10 20 23 23 24 24 20
split_gain=162.875 72.3734 67.4076 54.9797 53.0959 49.8167 60.1142 48.6805 41.9263 82.4692 73.4642 41.1926 55.5403 36.2338
threshold=0.024757965467870239 19.463782310485843 0.12856709212064746 0.19430126994848254 0.042675064876675613 1.7810811996459963 0.71601200103759777 0.81963747739791881 0.0074960114434361466 0.1535952687263489 0.18686003983020785 0.03751721233129502 0.039442984387278564 -0.027459092438220974
decision_type=2 2 2 2 2 2 2 2 2 2 2 2 2 2
left_child=2 4 11 -4 5 6 -2 -6 9 -5 -10 13 -13 -1
right_child=1 -3 3 8 7 -7 -8 -9 10 -11 -12 12 -14 -15
leaf_value=0.0017154873255957458 0.00085577015382324348 0.0094252424549470422 -0.012381999917839424 0.012716698701679088 -0.011905368751367586 -0.011525159286648694 0.0067641527892604095 0.0084793072947763736 -0.013654072310670267 -0.0046740586364006648 0.00042444974779237742 0.017392986003908633 -0.0091650793791181826 -0.013567741072506833
leaf_weight=751.1061343178153 11455.009960994124 1397.19066381827 1428.9192790426314 430.67697960883379 644.17166572809219 334.74590733647346 2576.7526054680347 176.03037688881159 1108.5807545110583 1370.4420555792749 763.27897841855884 347.34201456606388 124.92069327831268 243.60264354199171
leaf_count=5733 79592 9253 18029 3913 5758 2482 14914 1218 11783 13981 7661 2613 1074 1996
internal_value=-1.63502e-05 0.00183126 -0.00467655 -0.00657485 0.00112686 0.00162316 0.00194481 -0.00748101 -0.00428818 -0.00046839 -0.00794159 0.00192525 0.0103236 -0.00212514
internal_weight=23152.8 16583.9 6568.87 5101.9 15186.7 14366.5 14031.8 820.202 3672.98 1801.12 1871.86 1466.97 472.263 994.709
internal_count=180000 113217 66783 55367 103964 96988 94506 6976 37338 17894 19444 11416 3687 7729
is_linear=0
shrinkage=0.035


Tree=51
num_leaves=15
num_cat=0
split_feature=11 23 24 3 15 10 22 23 23 20 12 9 3 17
split_gain=154.316 114.74 92.7768 110.311 69.0786 67.2561 53.9492 41.2074 58.8347 44.9124 37.3826 44.0951 37.0185 36.0283
threshold=0.22107744216918948 0.22513678669929507 0.040601676329970367 0.092719733715057387 19.463782310485843 0.17806206643581393 0.38352946937084204 0.16016178578138354 0.18801177293062213 0.0042093934025615462 1.4036168456077578 0.92676493525505077 1.7600587010383608 0.021254251711070541
decision_type=2 2 2 2 2 2 2 2 2 2 2 2 2 2
left_child=1 2 3 13 6 -5 10 9 -9 -8 11 -2 -6 -1
right_child=4 -3 -4 5 12 -7 7 8 -10 -11 -12 -13 -14 -15
leaf_value=-0.010457730728059432 0.0045429106557851977 -0.014198669987659571 -0.012718349812470931 -0.011217916243662073 0.0081207304352047521 0.0047402353057544944 0.0058711845878008 -0.0062430219375059952 0.0012013981355066697 -0.0014654969380539465 -0.0060517392850065951 0.018211257325580901 0.031873869956642188 -0.0022347591247806574
leaf_weight=1247.4800390489399 3519.6664477661252 1120.5079330988228 888.8851142115891 348.65048237144947 1233.5824824124575 3335.3514170497656 2224.449903421104 2361.6034468114376 2873.6178373321891 1877.8761858940125 355.94047543406487 306.97582148015499 77.845362022519112 1371.6981029398739
leaf_count=14409 21787 11421 11279 3962 8089 27777 13874 17098 19545 13845 2417 1654 393 12450
internal_value=-1.66484e-05 -0.00383148 -0.00219882 -0.000697542 0.00212257 0.00320369 0.00137497 -0.000105847 -0.00216227 0.00251736 0.00467323 0.005684 0.00976124 -0.00617613
internal_weight=23144.1 8312.57 7192.07 6303.18 14831.6 3684 13520.1 9337.55 5235.22 4102.33 4182.58 3826.64 1311.43 2619.18
internal_count=180000 81298 69877 58598 98702 31739 90220 64362 36643 27719 25858 23441 8482 26859
is_linear=0
shrinkage=0.035


Tree=52
num_leaves=15
num_cat=0
split_feature=9 20 23 10 21 20 21 20 23 21 21 2 23 24
split_gain=148.438 72.5835 80.2175 88.5641 72.8973 63.007 77.3903 77.0893 67.0685 61.9306 58.0643 55.8938 52.452 49.3665
threshold=0.21324594318866733 -0.023001317866146561 0.20133908092975619 0.38558267056941992 -0.053668919950723641 0.061955412849783904 0.099927101284265532 0.035693310201168067 0.12856709212064746 -0.13655275851488111 0.02811361383646727 0.19582012295722964 0.1309928968548775 0.036792531609535224
decision_type=2 2 2 2 2 2 2 2 2 2 2 2 2 2
left_child=12 2 10 9 -5 6 8 -8 -3 -4 13 -7 -1 -2
right_child=1 5 3 4 -6 11 7 -9 -10 -11 -12 -13 -14 -15
leaf_value=-0.00039420931374799305 0.010680233426410887 0.0068288444318818494 -0.026773427831856156 0.0095365159075325445 -0.0026547818477781989 0.0009681908256869644 0.013877901867778101 -0.0088580844484221783 -0.0041122277238113993 -0.0045086856221420472 -0.0018769684078993932 0.012525628442343199 -0.010701097740315437 0.0016231664727474834
leaf_weight=876.04367228597403 2865.9623523503542 745.05567842721939 166.956308580935 1251.6925001889467 1140.4762867540121 1918.4282695800066 651.08137264102697 244.58432339131832 7630.7358546890318 1185.8740598298609 820.31410375982523 690.46796590834856 1949.4743376374245 996.72978650033474
leaf_count=7608 17501 4967 1859 7332 6620 14665 5027 1866 60908 10078 6037 4825 24336 6371
internal_value=-1.65061e-05 0.00103039 0.00351267 -0.0003067 0.00373741 -0.000732031 -0.00208426 0.00764001 -0.003132 -0.00743273 0.00656116 0.00406312 -0.00751814 0.00835337
internal_weight=23133.9 20308.4 8428.01 3745 2392.17 11880.4 9271.46 895.666 8375.79 1352.83 4683.01 2608.9 2825.52 3862.69
internal_count=180000 148056 55798 25889 13952 92258 72768 6893 65875 11937 29909 19490 31944 23872
is_linear=0
shrinkage=0.035


Tree=53
num_leaves=15
num_cat=0
split_feature=10 3 10 24 15 22 22 1 23 22 17 21 15 22
split_gain=141.121 81.8176 96.5246 74.0876 71.858 62.3765 56.4625 46.9753 58.7707 45.2443 43.4793 39.9416 36.5147 33.7649
threshold=0.21666708588600161 0.30414201319217687 0.38558267056941992 0.040601676329970367 20.471218109130863 0.52671915292739879 0.61403846740722667 -0.12811870127916333 0.24243597686290744 0.1988179758191109 0.1307371184229851 0.099927101284265532 16.236111640930179 0.38352946937084204
decision_type=2 2 2 2 2 2 2 2 2 2 2 2 2 2
left_child=12 2 3 9 10 7 11 -3 -9 -2 -4 -7 -1 -5
right_child=1 5 4 13 -6 6 -8 8 -10 -11 -12 -13 -14 -15
leaf_value=-0.022620566708385546 0.016408741390744514 0.017357179276421185 0.0018571328763719802 -0.025227866905998056 0.023413937740249614 -0.0026794604338839022 0.010916506875214905 0.0083530981498325003 -0.0075306260550287553 -0.0029178413841064606 -0.010939426353089249 0.010853648132315975 -0.0073235392606407395 -0.0089692217524467086
leaf_weight=209.79788008332253 142.62411919236183 544.29601229727268 8389.2945871949196 221.81014695391059 174.93805259466171 2347.7320307530463 568.9560296908021 1792.1535732522607 330.95486684143543 5540.2017706036568 328.48650154471397 291.38889997452497 1694.4479059651494 547.26204870641232
leaf_count=2710 1034 3053 54131 2602 1027 17295 3823 11057 2158 49607 2471 1988 20522 6522
internal_value=-1.66119e-05 0.000804058 -0.000541247 -0.00379711 0.00182258 0.00431246 0.00101735 0.00825687 0.00585341 -0.00240482 0.00136298 -0.00114992 -0.00911824 -0.0139221
internal_weight=23124.3 21220.1 15344.6 6451.9 8892.72 5875.48 3208.08 2667.4 2123.11 5682.83 8717.78 2639.12 1904.25 769.072
internal_count=180000 156768 117394 59765 57629 39374 23106 16268 13215 50641 56602 19283 23232 9124
is_linear=0
shrinkage=0.035


Tree=54
num_leaves=15
num_cat=0
split_feature=9 3 11 15 24 22 11 23 23 22 21 24 24 24
split_gain=132.489 73.7463 76.2608 66.4361 57.7348 53.8675 53.3415 67.043 49.8304 40.9357 40.2368 39.4866 38.39 38.8603
threshold=0.21324594318866733 0.30414201319217687 0.26269893348217016 19.949443817138675 0.041788998991250999 0.51738458871841442 0.74117162823677074 0.22513678669929507 0.1309928968548775 0.60265234112739574 0.10473833978176118 0.039442984387278564 0.03751721233129502 0.039442984387278564
decision_type=2 2 2 2 2 2 2 2 2 2 2 2 2 2
left_child=8 2 4 -4 -2 6 7 -3 12 -10 -7 -8 -1 -14
right_child=1 5 3 -5 -6 10 11 -9 9 -11 -12 -13 13 -15
leaf_value=-0.004870719416414644 -0.0024876602167572051 0.010877952038670553 0.0010911774167398098 0.016132187206860122 -0.016546151473492598 -3.8852998987880998e-05 -0.0015467818870901499 -0.0023942455638272806 -0.013013356567637869 -0.00077723142026962745 0.01172961912933914 0.041671630147751645 0.019158389879141341 -0.010504567810841154
leaf_weight=620.79425244778395 5562.9034835770726 1609.2985550239682 8388.9603973031044 365.98080199956894 373.06645256280899 2850.61717774719 34.460011273622513 650.32873297855258 1490.8369069322944 432.84344782680273 396.6533175110817 86.370778985321522 183.79560533165932 67.666646018624306
leaf_count=5529 49480 9482 54458 2217 4720 20335 170 4171 18982 5354 2596 427 1461 618
internal_value=-1.65466e-05 0.000967499 -0.000338184 0.00173762 -0.00339756 0.00437048 0.00835857 0.00706445 -0.00714577 -0.0102784 0.00143026 0.0301699 -0.000198882 0.0110798
internal_weight=23114.6 20318.6 14690.9 8754.94 5935.97 5627.73 2380.46 2259.63 2795.94 1923.68 3247.27 120.831 872.257 251.462
internal_count=180000 148056 110875 56675 54200 37181 14250 13653 31944 24336 22931 597 7608 2079
is_linear=0
shrinkage=0.035


Tree=55
num_leaves=15
num_cat=0
split_feature=10 20 23 23 23 21 23 8 6 21 20 21 15 23
split_gain=127.483 74.0517 70.0206 91.6093 103.443 75.2517 67.1356 86.9466 58.6954 50.7181 48.0947 36.3001 35.3932 34.0675
threshold=0.21666708588600161 -0.023001317866146561 0.12467885017395021 0.18801177293062213 0.24243597686290744 0.17091248184442523 0.16016178578138354 -0.26998779177665705 -0.028616708703339096 -0.023950153961777684 0.016725691966712478 0.056388445198535926 16.236111640930179 0.42612589895725256
decision_type=2 2 2 2 2 2 2 2 2 2 2 2 2 2
left_child=12 6 10 5 -5 -4 8 9 -2 -8 -3 -10 -1 -9
right_child=1 2 3 4 -6 -7 7 13 11 -11 -12 -13 -14 -15
leaf_value=-0.022170588108467247 0.0014512509153715408 -0.00296334273075237 -0.004898517283616035 0.006527931741699947 -0.0045124419982060784 0.01316800460174701 0.0089841532882655971 -0.0026451667093307625 0.012561210069280786 -0.00028431493219608018 0.013430362317550959 -0.0033290749341823283 -0.0069571495056971423 -0.01698534192159688
leaf_weight=204.87568468227983 1318.4495639652014 323.73188974708319 6880.0130224488676 2679.7035378552973 1685.7058333009481 285.07296795397997 1644.7079866975546 2296.5993442423642 1770.8203359097242 1283.7431010380387 649.34065632522106 191.32803722470999 1676.8360721729696 213.4159501157701
leaf_count=2710 8343 2204 57063 20934 12263 2156 9732 17737 10712 7895 4237 1477 20522 2015
internal_value=-1.57066e-05 0.000759983 -0.000966365 -0.00172947 0.00226411 -0.00416236 0.00323392 0.000844675 0.00718013 0.004934 0.00800167 0.0110027 -0.00872199 -0.00392701
internal_weight=23104.3 21222.6 12503.6 11530.5 4365.41 7165.09 8719.06 5438.47 3280.6 2928.45 973.073 1962.15 1881.71 2510.02
internal_count=180000 156768 98857 92416 33197 59219 57911 37379 20532 17627 6441 12189 23232 19752
is_linear=0
shrinkage=0.035


Tree=56
num_leaves=15
num_cat=0
split_feature=17 3 12 20 20 24 23 15 15 10 22 23 11 24
split_gain=122.642 84.1201 63.1264 57.8261 95.2043 81.5738 59.9769 54.4174 42.1233 41.2493 40.6388 47.9649 37.1865 81.9439
threshold=0.029978419654071334 0.210772879421711 1.2460847496986391 0.061955412849783904 0.0074960114434361466 0.039155300706624992 0.12467885017395021 20.179944038391117 17.719628334045414 0.18706589192152026 0.1988179758191109 0.22513678669929507 0.64701920747756969 0.039155300706624992
decision_type=2 2 2 2 2 2 2 2 2 2 2 2 2 2
left_child=1 9 7 4 5 -3 -6 12 -5 -1 -11 -12 -2 -14
right_child=2 3 -4 8 6 -7 -8 -9 -10 10 11 -13 13 -15
leaf_value=-0.014372079824266007 0.0023468274696829641 0.0077038194850036247 -0.0023448880581473618 0.00058622130316701943 0.01056645510492008 -0.0097623571306917258 -0.010904648415887147 0.017320815279975286 0.023706801191368788 0.015502853869189365 -0.003538143338427867 -0.012524779943541219 0.00084606800478305617 0.022393700259706231
leaf_weight=564.86950597912073 9016.0237890519202 1677.7696180604398 2900.4402750954032 168.74493315815926 178.30733045190573 397.38307237997651 1085.4954437352717 327.86230447143316 217.19186443835497 112.27101212367415 4715.0128815919161 854.1825954541564 518.68030862510204 361.73886688053608
leaf_count=7928 57532 11998 19618 1373 1170 4320 11068 1823 1719 967 46747 8523 3047 2167
internal_value=-1.58569e-05 -0.00294034 0.0022065 0.00122086 -0.000277997 0.00432834 -0.00781616 0.00349867 0.0138678 -0.00541978 -0.00450603 -0.00493646 0.00302373 0.00985144
internal_weight=23096 9971.23 13124.7 3724.89 3338.96 2075.15 1263.8 10224.3 385.937 6246.34 5681.47 5569.2 9896.44 880.419
internal_count=180000 95813 84187 31648 28556 16318 12238 64569 3092 64165 56237 55270 62746 5214
is_linear=0
shrinkage=0.035


Tree=57
num_leaves=15
num_cat=0
split_feature=17 3 12 9 24 22 24 3 20 20 23 24 24 11
split_gain=116.304 58.621 53.0345 47.9933 93.893 100.41 72.4819 50.2096 44.9775 81.7396 47.5907 44.7939 37.4629 41.4698
threshold=0.024757965467870239 0.22777676582336429 1.3119403719902041 0.59356313943862926 0.039155300706624992 0.43440482020378118 0.041788998991250999 -0.01290716417133808 0.061955412849783904 0.0074960114434361466 0.12467885017395021 0.036792531609535224 0.041136151179671294 0.42048552632331854
decision_type=2 2 2 2 2 2 2 2 2 2 2 2 2 2
left_child=1 -1 3 6 -5 -6 7 -2 9 11 -11 -3 -4 -14
right_child=2 8 12 4 5 -7 -8 -9 -10 10 -12 -13 13 -15
leaf_value=-0.0065022239823819186 -0.00057853741531627438 0.01028444019344271 -0.00050334932848150517 0.0016403159883104795 0.023299785369698508 0.0034041702150601968 -0.0089896918104584687 0.0043962771271883506 0.014125213311495579 0.0092482562117000601 -0.013440802704167389 -0.0029207359091555675 -0.017872630568181339 -0.00060594000126740818
leaf_weight=4124.1847434826195 4812.4425392374396 686.07886349409819 1719.9220412559807 2273.8743593096733 628.79695619642735 612.86887229979038 785.72733101993799 5124.7082889601588 251.47794486582279 127.77133505046368 689.41847251355648 567.86656774953008 371.73691596835852 309.07586176693439
leaf_count=46357 33298 4898 11533 13074 3483 3943 7340 35018 2021 837 7429 5241 3501 2027
internal_value=-1.51353e-05 -0.00400254 0.00153125 0.00234277 0.00588575 0.0135852 0.00117679 0.00198887 0.000444916 -0.00127604 -0.00982435 0.0043285 -0.00327151 -0.0101561
internal_weight=23086 6446.8 16639.2 14238.4 3515.54 1241.67 10722.9 9937.15 2322.61 2071.14 817.19 1253.95 2400.73 680.813
internal_count=180000 66783 113217 96156 20500 7426 75656 68316 20426 18405 8266 10139 17061 5528
is_linear=0
shrinkage=0.035


Tree=58
num_leaves=15
num_cat=0
split_feature=9 3 16 24 11 17 15 2 11 24 11 6 1 15
split_gain=111.755 69.6394 69.5579 67.889 86.6015 52.2641 37.2192 35.6285 29.8568 55.4047 21.4768 22.634 21.2354 20.0263
threshold=0.19430126994848254 0.62586495280265819 0.86698183417320263 0.041788998991250999 0.48370429873466497 0.031882470473647125 18.486165046691898 0.097779992967844023 0.54618939757347118 0.039236826822161681 0.74117162823677074 0.16401328146457675 0.21874997764825824 18.007331848144535
decision_type=2 2 2 2 2 2 2 2 2 2 2 2 2 2
left_child=7 2 8 5 -5 -4 12 -1 13 -10 11 -8 -3 -2
right_child=1 6 3 4 -6 -7 10 -9 9 -11 -12 -13 -14 -15
leaf_value=-0.012399057453268865 0.0009272897828344627 0.0059789170931614779 -0.0027844768581139923 -0.013605818295916594 0.0077996543289484055 0.0017073932849563532 0.00097397271397755365 -0.0028990318597866818 0.0032140504314706973 0.02352074400852177 0.032489471924337057 0.01429906500277239 -0.001451013363895029 0.0068584026600792148
leaf_weight=1041.5004912987351 2649.2122114151716 1284.8643729388714 6159.2908079326153 1018.0250229686499 291.64706852287054 6524.0648302957416 222.95295435190201 909.93740316480398 481.87680130451918 243.08339556306601 51.46861208230257 523.49404264241457 735.62759097665548 938.50789542868733
leaf_count=12983 19407 7650 55148 10644 1890 41372 1282 10249 2770 1428 259 3108 4548 7262
internal_value=-1.48926e-05 0.000726822 -6.28789e-05 -0.0012609 -0.00881611 -0.000474424 0.00583806 -0.00800665 0.00381817 0.0102504 0.0121949 0.0103845 0.00327998 0.00249355
internal_weight=23075.6 21124.1 18305.7 13993 1309.67 12683.4 2818.41 1951.44 4312.68 724.96 797.916 746.447 2020.49 3587.72
internal_count=180000 156768 139921 109054 12534 96520 16847 23232 30867 4198 4649 4390 12198 26669
is_linear=0
shrinkage=0.035


Tree=59
num_leaves=15
num_cat=0
split_feature=10 23 11 24 24 21 22 21 6 17 2 15 24 23
split_gain=106.662 65.8298 96.7389 97.4385 67.2963 83.5879 58.9704 55.6184 52.6364 43.5821 38.8759 34.3094 33.6468 31.1988
threshold=0.21666708588600161 0.13297493755817416 0.36250703036785131 0.041788998991250999 0.039155300706624992 -0.015352656133472918 0.2589207142591477 0.0019163322867825629 -0.036039223894476884 0.016285283491015438 -1.0000000180025095e-35 16.236111640930179 0.03320316597819329 0.16016178578138354
decision_type=2 2 2 2 2 2 2 2 2 2 2 2 2 2
left_child=11 7 3 6 12 -6 -3 8 -2 -5 -10 -1 -4 -13
right_child=1 2 4 9 5 -7 -8 -9 10 -11 -12 13 -14 -15
leaf_value=-0.021522342141063574 0.0014973446706547655 0.0079029550487465274 -0.0096942004132278079 0.031835006022854877 0.013071574212392731 -0.00136457661301254 -0.0018090368023536338 -2.6384038663699246e-05 0.027217859863829942 -0.01299975772297743 0.010177759333443717 -0.0023450315421725655 0.0016179118265780303 -0.012164958107110602
leaf_weight=197.97077945247293 821.87169434130192 822.11567236483097 346.540641695261 17.969977855682373 1462.8456842601299 734.65496066957712 9627.8108188584447 1636.2343867793679 188.2455241009593 1074.4518369697034 1161.6670940816402 987.58522378280759 3326.9702098295093 659.01023914664984
leaf_count=2710 5078 5581 1892 242 8471 5120 79076 11742 1231 11754 6716 11123 19865 9399
internal_value=-1.37931e-05 0.000689337 -0.000223111 -0.00208323 0.00343118 0.00826105 -0.00103815 0.00485145 0.00850972 -0.0119802 0.0127367 -0.00806327 0.000527363 -0.00632493
internal_weight=23065.9 21221.4 17413.4 11542.3 5871.01 2197.5 10449.9 3808.02 2171.78 1092.42 1349.91 1844.57 3673.51 1646.6
internal_count=180000 156768 132001 96653 35348 13591 84657 24767 13025 11996 7947 23232 21757 20522
is_linear=0
shrinkage=0.035


Tree=60
num_leaves=15
num_cat=0
split_feature=9 3 10 24 24 22 20 21 17 20 15 2 2 22
split_gain=101.237 64.2906 66.4626 93.6781 76.6348 75.4237 60.0878 40.4143 39.5974 36.0437 33.8605 33.8403 28.5426 26.7811
threshold=0.19430126994848254 0.5187366008758546 0.68032512068748485 0.041788998991250999 0.034483484923839576 0.36472003161907202 -0.023001317866146561 -0.046392317861318581 0.016285283491015438 0.061955412849783904 18.925502777099613 0.097779992967844023 0.23884364217519763 0.35748532414436346
decision_type=2 2 2 2 2 2 2 2 2 2 2 2 2 2
left_child=11 2 3 6 -4 -6 -2 10 -5 13 -3 -1 -11 -9
right_child=1 7 4 8 5 -7 -8 9 -10 12 -12 -13 -14 -15
leaf_value=-0.011980863045162278 0.0024013790189896774 0.0074248578582916166 -0.0078009119368871198 0.032798729560276504 0.018191541943753688 0.0037272390319985508 -0.0023414131796584917 -0.015029388379449624 -0.011500244993099441 -0.00021466603505473778 0.023307492933133007 -0.0026811344598053496 0.022602296790594428 0.0020936626514754114
leaf_weight=1027.0058250203729 5674.4508125372231 746.78319065272808 503.91881660372019 15.851247191429136 564.82239839434624 1940.6052471473813 7701.7773551382124 107.84069499373436 1151.9555760771036 105.12530746310949 208.01774071902037 904.93146032840014 175.0592765212059 2227.5803930088878
leaf_count=12983 40135 4016 2782 216 3096 12200 64317 561 11946 655 1112 10249 1058 14674
internal_value=-1.33396e-05 0.000689398 -0.000182344 -0.00116262 0.00454345 0.00704742 -0.000329139 0.00496373 -0.0106256 0.00269337 0.0110908 -0.00766105 0.014329 0.00124228
internal_weight=23055.7 21123.8 17553.4 14544 3009.35 2505.43 13376.2 3570.41 1167.81 2615.61 954.801 1931.94 280.185 2335.42
internal_count=180000 156768 134692 116614 18078 15296 104452 22076 12162 16948 5128 23232 1713 15235
is_linear=0
shrinkage=0.035


Tree=61
num_leaves=15
num_cat=0
split_feature=10 23 11 24 24 21 22 21 22 17 23 24 17 2
split_gain=96.7288 62.055 88.6715 90.6006 60.9631 74.9491 55.2237 52.3366 50.571 44.707 34.3034 30.2996 28.1701 27.5215
threshold=0.21014636009931567 0.13297493755817416 0.36250703036785131 0.041788998991250999 0.039155300706624992 -0.015352656133472918 0.2589207142591477 0.0019163322867825629 0.54946553707122814 0.016285283491015438 0.16016178578138354 0.03320316597819329 0.017477167770266536 0.0086634284816682356
decision_type=2 2 2 2 2 2 2 2 2 2 2 2 2 2
left_child=10 7 3 6 11 -6 -3 8 -2 -5 12 -4 -1 -9
right_child=1 2 4 9 5 -7 -8 13 -10 -11 -12 -13 -14 -15
leaf_value=-0.0082465140561047597 0.0051345905905296379 0.0075231988293848707 -0.0092887456615512575 0.031047108239167648 0.012322005381863845 -0.0013321000092717196 -0.0017951216520520946 -0.0054357972474934476 0.017589927420267958 -0.012689096886272431 -0.014693031488468337 0.0014809128117895041 0.0044626999805431828 0.0036471831245896628
leaf_weight=643.24564176425338 1709.6437428966165 836.71547015011311 343.90164410322905 20.146901581436396 1474.8242945075035 734.14942136406898 9764.2874613329768 685.5302844569087 517.25307033210993 1070.2189115658402 621.89206055551767 3333.9079658091068 309.76333571225405 980.76684436947107
leaf_count=7727 10172 5688 1892 264 8471 5120 80978 5047 3218 11963 9284 19865 3317 6994
internal_value=-1.23712e-05 0.000603275 -0.000283008 -0.00204652 0.00321692 0.00779853 -0.00105325 0.0045954 0.00809336 -0.0116062 -0.00835661 0.000451415 -0.0041121 -9.97756e-05
internal_weight=23046.2 21471.3 17578.2 11691.4 5886.78 2208.97 10601 3893.19 2226.9 1090.37 1574.9 3677.81 953.009 1666.3
internal_count=180000 159672 134241 98893 35348 13591 86666 25431 13390 12227 20328 21757 11044 12041
is_linear=0
shrinkage=0.035


Tree=62
num_leaves=15
num_cat=0
split_feature=10 15 3 24 20 24 20 22 22 24 22 21 20 17
split_gain=92.8767 70.9794 64.2071 74.1345 53.8781 97.7719 49.2376 59.5189 94.237 59.9024 42.5453 50.7332 41.0047 27.3952
threshold=0.28704898059368139 20.868925094604496 0.16371676325798037 0.039155300706624992 0.0094829550944268721 0.037889750674366958 0.0074960114434361466 0.55824339389801036 0.57900977134704601 0.03889110870659352 0.5702941119670869 0.024009003303945068 0.016725691966712478 0.019926463253796104
decision_type=2 2 2 2 2 2 2 2 2 2 2 2 2 2
left_child=2 6 -1 4 -4 -6 10 9 -9 -8 11 -2 -5 -14
right_child=1 -3 3 12 5 -7 7 8 -10 -11 -12 -13 13 -15
leaf_value=-0.0076220398346799672 0.0029158781354108911 0.017857922428615329 0.0082080998124245911 -0.016929936238695101 -0.014349725777968732 0.011060185613642587 -0.0014136003593603935 -0.015368448838249718 -0.001555873513638784 0.0077453819711221896 0.0093017946493282374 -0.0043470686071230887 -0.0093453971057243287 0.015953103707844429
leaf_weight=2857.0998767279088 7395.3680783137679 298.22466517239809 1142.3733565732837 398.12166877090931 436.6353712528944 307.92956655472517 2391.5217180848122 742.60096401721239 3101.5646648705006 1367.0360582731664 1014.8094459176064 1391.8863518759608 102.4677168391645 88.58581804484129
leaf_count=34085 45900 1833 9304 5163 4732 2587 17064 6002 23479 10175 7308 10165 1246 957
internal_value=-1.19597e-05 0.00120811 -0.00405652 7.17107e-05 0.0034614 -0.00383365 0.000912729 -0.00120018 -0.00425708 0.00192935 0.00255111 0.00176181 -0.010661 0.0025948
internal_weight=23036.2 17703 5333.21 2476.11 1886.94 744.565 17404.8 7602.72 3844.17 3758.56 9802.06 8787.25 589.175 191.054
internal_count=180000 121926 58074 23989 16623 7319 120093 56720 29481 27239 63373 56065 7366 2203
is_linear=0
shrinkage=0.035


Tree=63
num_leaves=15
num_cat=0
split_feature=9 3 10 15 23 22 21 22 11 23 17 10 21 23
split_gain=88.374 55.5987 64.2673 68.7433 57.7343 44.9031 42.4685 40.9876 42.189 54.786 40.9347 38.0705 36.6881 35.0738
threshold=0.21324594318866733 0.30414201319217687 0.35430912673473364 20.868925094604496 0.22513678669929507 0.2226631045341492 -0.052141902968287461 0.52671915292739879 0.74117162823677074 0.24243597686290744 0.1307371184229851 0.15030362457036975 0.10473833978176118 0.12856709212064746
decision_type=2 2 2 2 2 2 2 2 2 2 2 2 2 2
left_child=6 2 4 10 -2 -6 -1 8 9 -3 -4 -8 -9 -13
right_child=1 7 3 -5 5 -7 11 12 -10 -11 -12 13 -14 -15
leaf_value=-0.015604173638549648 -0.0015681106207469902 0.0081248377012419007 0.0013412136379563073 0.027610522862853735 0.00082310285975978976 -0.01497349238273918 -0.019241135948540447 -0.00057892529010150531 0.025358238837823423 -0.0057033709867919851 -0.01100020304484524 0.0046385581027908454 0.010640835430793222 -0.0054157114362557305
leaf_weight=453.90071392804384 3613.8688559569418 2083.107683558017 9504.5953602865338 109.62284382432699 301.23399170488119 801.76700108498335 173.21902920305729 2630.495425529778 134.46479091793299 414.22758650034666 331.08834975212812 584.52306985855103 402.93590199202299 1488.8857676163316
leaf_count=5340 34657 12335 62262 636 2601 8243 2434 18914 659 2677 2476 4965 2596 19205
internal_value=-1.20721e-05 0.000779146 -0.000359151 0.00123672 -0.00371947 -0.0106907 -0.00594863 0.00372061 0.00690817 0.00581758 0.000915027 -0.00393736 0.000941481 -0.00257261
internal_weight=23027.9 20327.4 14662.2 9945.31 4716.87 1103 2700.53 5665.23 2631.8 2497.34 9835.68 2246.63 3033.43 2073.41
internal_count=180000 148056 110875 65374 45501 10844 31944 37181 15671 15012 64738 26604 21510 24170
is_linear=0
shrinkage=0.035


Tree=64
num_leaves=15
num_cat=0
split_feature=10 3 10 15 24 20 20 17 20 15 24 21 15 21
split_gain=83.8852 55.3921 74.8369 65.5251 48.5075 42.3851 94.107 41.9463 41.4749 37.0778 36.8343 33.5165 30.6708 27.917
threshold=0.21014636009931567 0.210772879421711 0.38558267056941992 20.471218109130863 0.040601676329970367 0.061955412849783904 0.0074960114434361466 0.1307371184229851 -0.094027157872915254 16.301675796508793 0.037889750674366958 -0.015352656133472918 15.97650718688965 0.087271049618721022
decision_type=2 2 2 2 2 2 2 2 2 2 2 2 2 2
left_child=9 2 4 7 8 6 12 -4 -2 -1 -8 -6 -3 -7
right_child=1 5 3 -5 11 13 10 -9 -10 -11 -12 -13 -14 -15
leaf_value=-0.022523849748040285 0.016266001560987509 -0.0028493004323637159 0.0014158402852685269 0.022506379116335525 -0.021775426050866319 0.016301053508746475 -0.0084669424312778692 -0.011264657025271199 -0.0032088968669298523 -0.0058069280975258514 0.00038802070271227405 -0.0054585728758027134 0.006239370406720712 0.0028394045523970281
leaf_weight=176.98370277509093 127.92111600935459 510.94916345924139 7942.8963793292642 165.75206661224365 279.34994810819626 446.91630084067583 1033.8922609090805 322.99746475368738 4893.6803719997406 1373.4916557557881 1280.5459623448551 349.89928798377514 3783.7095392644405 330.01113292574883
leaf_count=2553 981 3176 50830 937 3334 2931 8108 2436 45174 17775 10405 4508 24541 2311
internal_value=-1.19999e-05 0.000557258 -0.000730372 0.00135808 -0.00384346 0.00300997 0.00209216 0.000907325 -0.00268145 -0.00784724 -0.00358702 -0.0129296 0.00515396 0.0106918
internal_weight=23019 21468.5 14082.5 8431.65 5650.85 7386.02 6609.1 8265.89 5021.6 1550.48 2314.44 629.249 4294.66 776.927
internal_count=180000 159672 108200 54203 53997 51472 46230 53266 46155 20328 18513 7842 27717 5242
is_linear=0
shrinkage=0.035


Tree=65
num_leaves=15
num_cat=0
split_feature=11 24 3 15 10 11 24 22 24 20 3 22 12 8
split_gain=79.3091 78.2116 75.8741 52.5026 46.1339 55.1758 44.6256 43.4785 88.6677 59.3672 29.6534 29.8659 29.1136 24.1418
threshold=0.22107744216918948 0.041788998991250999 0.62586495280265819 19.463782310485843 1.7810811996459963 0.64701920747756969 0.039155300706624992 0.57900977134704601 0.035845547914505012 -0.023001317866146561 1.7600587010383608 0.55654591321945202 1.4036168456077578 -0.17847363650798795
decision_type=2 2 2 2 2 2 2 2 2 2 2 2 2 2
left_child=1 2 7 4 5 12 -7 9 -9 -1 11 13 -2 -5
right_child=3 -3 -4 10 -6 6 -8 8 -10 -11 -12 -13 -14 -15
leaf_value=-0.0013425958437885937 0.00099724127271187874 -0.016067803239212392 0.009739767883677539 0.013433407149172906 -0.011132331471841039 0.0027207091739561984 0.017687894658845332 -0.015511943229252083 0.0043506411157531802 -0.0091213578089874431 0.027589407785973793 -0.0025241652121697389 -0.0058536133409367542 0.0011601320259174367
leaf_weight=2741.4402820691466 11423.851485911757 500.42378908023238 618.88056486845016 651.72875022143126 372.90624534338713 582.89633610844612 415.31603589653969 315.92164281010628 1764.8186900988221 2135.9061719328165 80.281411930918694 320.22639023512602 804.04412635788321 282.02187031507492
leaf_count=25309 76241 7271 3940 3926 2817 3305 2341 3278 18204 23296 393 2281 5516 1882
internal_value=-1.22513e-05 -0.00280411 -0.00190808 0.00149873 0.000845808 0.00119168 0.00906163 -0.00295658 0.00127511 -0.00476079 0.00809764 0.00664135 0.000542349 0.00977807
internal_weight=23010.7 8077.39 7576.97 14933.3 13599 13226.1 998.212 6958.09 2080.74 4877.35 1334.26 1253.98 12227.9 933.751
internal_count=180000 81298 74027 98702 90220 87403 5646 70087 21482 48605 8482 8089 81757 5808
is_linear=0
shrinkage=0.035


Tree=66
num_leaves=15
num_cat=0
split_feature=9 23 10 23 3 22 24 21 6 2 15 15 20 23
split_gain=78.143 57.2302 68.7307 74.5939 44.6752 44.2208 44.813 42.8672 37.7359 31.4328 26.417 25.6445 24.2379 23.1992
threshold=0.19430126994848254 0.13297493755817416 0.40220187604427343 0.35906259715557104 0.210772879421711 0.38352946937084204 0.03320316597819329 0.0019163322867825629 -0.068236686289310441 0.097779992967844023 18.320114135742191 19.129290580749515 0.061955412849783904 0.11503823846578599
decision_type=2 2 2 2 2 2 2 2 2 2 2 2 2 2
left_child=9 7 3 4 -3 6 -4 8 10 -1 -2 -7 -11 -10
right_child=1 2 5 -5 -6 11 -8 -9 13 12 -12 -13 -14 -15
leaf_value=-0.011061098945886298 -0.0024557502290318669 -0.0042479627974235101 -0.0043763209850555106 -0.026398532288519135 0.0015205618948669454 -0.00078217320210879925 0.0067170528893360608 0.00014977987440945969 0.0041102449336430508 -0.004212570879627944 0.014502035911986372 0.006103448731939607 0.012663744136967395 0.013686042071555028
leaf_weight=995.84129309654236 561.40907076001167 4787.4524434544146 523.69475667178631 150.57038171589375 2496.1583415307105 5849.6852460056543 2782.6542951762676 1609.0492889396846 457.10565087944269 778.68894131481647 130.17354502528906 737.06411396712065 110.31309230998158 1032.2597024813294
leaf_count=12983 3358 46379 2862 1995 21071 39111 16074 11616 2768 9008 851 4585 1241 6098
internal_value=-1.2011e-05 0.000598662 -0.000254266 -0.00279513 -0.00227166 0.00165596 0.00495207 0.00448853 0.00767425 -0.00682088 0.000897348 -3.58074e-06 -0.00200088 0.0107941
internal_weight=23002.1 21117.3 17327.3 7434.18 7283.61 9893.1 3306.35 3790 2180.95 1884.84 691.583 6586.75 889.002 1489.37
internal_count=180000 156768 132077 69445 67450 62632 18936 24691 13075 23232 4209 43696 10249 8866
is_linear=0
shrinkage=0.035


Tree=67
num_leaves=15
num_cat=0
split_feature=9 23 11 24 24 21 17 3 3 21 23 6 2 24
split_gain=73.1686 53.221 69.3561 89.0092 50.6706 62.9447 45.2273 45.0543 40.5714 35.7116 37.4867 30.8688 29.8023 27.7599
threshold=0.19430126994848254 0.13297493755817416 0.36250703036785131 0.041788998991250999 0.039155300706624992 -0.015352656133472918 0.016915886662900451 0.210772879421711 -0.15719542652368543 0.0019163322867825629 0.11503823846578599 0.12639325112104419 0.097779992967844023 0.03320316597819329
decision_type=2 2 2 2 2 2 2 2 2 2 2 2 2 2
left_child=12 8 3 7 13 -6 -5 -3 11 10 -10 -2 -1 -4
right_child=1 2 4 6 5 -7 -8 -9 9 -11 -12 -13 -14 -15
leaf_value=-0.010775413872682514 -0.0045396011970806806 -0.0024874551527695426 -0.0090488959102583717 0.02962337710914455 0.011083806868617631 -0.0014010084740797752 -0.012614696626133485 0.0023950952204457566 0.001707113955748995 0.0017126259010542995 0.012971443624886463 0.016972949062210446 -0.0019311834302482261 0.0012846473397671308
leaf_weight=986.89127020165324 779.75659827888012 6867.2366619966924 341.92570233345032 22.774552568793297 1493.7603698521852 734.13889537751675 1039.1093680597842 3480.7125868573785 524.48846556991339 1231.4204989075661 1182.233357258141 81.283835425972939 887.53532964363694 3339.9462943300605
leaf_count=12983 4988 58841 1887 311 8464 5112 11872 25775 3194 8975 7028 506 10249 19815
internal_value=-1.18793e-05 0.000577504 -0.000246153 -0.00183974 0.00282845 0.00698192 -0.0114409 -0.000844398 0.00432315 0.00627633 0.00953994 -0.00233723 -0.00662017 0.000303088
internal_weight=22993.2 21118.8 17319.6 11409.8 5909.77 2227.9 1061.88 10347.9 3799.18 2938.14 1706.72 861.04 1874.43 3681.87
internal_count=180000 156768 132077 96799 35278 13576 12183 84616 24691 19197 10222 5494 23232 21702
is_linear=0
shrinkage=0.035


Tree=68
num_leaves=15
num_cat=0
split_feature=10 16 24 11 3 22 15 9 21 17 20 16 17 21
split_gain=71.6099 47.4892 60.8196 75.6993 51.7219 53.2117 35.9249 35.0852 55.7891 32.4273 27.8353 26.865 24.8434 24.6357
threshold=0.21014636009931567 0.86698183417320263 0.041788998991250999 0.48370429873466497 0.17892029881477359 0.1988179758191109 16.301675796508793 0.84134581685066234 -0.092673916369676576 0.016285283491015438 0.061955412849783904 1.0077885389328005 0.01800154056400061 -0.015352656133472918
decision_type=2 2 2 2 2 2 2 2 2 2 2 2 2 2
left_child=6 7 4 9 5 -3 -1 -2 -9 -4 -6 12 -8 -5
right_child=1 2 3 13 10 -7 11 8 -10 -11 -12 -13 -14 -15
leaf_value=-0.021975240924575444 0.0025652402766500881 0.013546056465706398 0.028849070584435019 0.014486976146235023 0.0020464054685774054 -0.0018070002341329095 -0.0040355210301804955 0.029232023275409455 0.0025176366099556066 -0.012114666787247987 0.0097687536013258778 -0.010200612352835285 0.011487729085204271 -0.0030235082904715919
leaf_weight=171.63523656874895 4896.6342907994986 275.47681741416454 14.955433644354342 203.21695297956467 4798.4234318956733 8898.2257077135146 524.40881706401706 151.75716906785965 239.89301378279924 1160.8212720155716 640.86027950793505 674.53323449939489 155.38603989034891 177.44290255010128
leaf_count=2553 35359 1659 196 1103 32964 68572 6939 753 1432 11966 4391 8951 1885 1277
internal_value=-1.13317e-05 0.000511013 -0.000431044 -0.0069853 0.000271353 -0.00133172 -0.00731192 0.00338682 0.013339 -0.0113547 0.00297252 -0.00530618 -0.000372151 0.00645609
internal_weight=22983.7 21457.7 16169.4 1556.44 14613 9173.7 1525.96 5288.28 391.65 1175.78 5439.28 1354.33 679.795 380.66
internal_count=180000 159672 122128 14542 107586 70231 20328 37544 2185 12162 37355 17775 8824 2380
is_linear=0
shrinkage=0.035


Tree=69
num_leaves=15
num_cat=0
split_feature=11 2 15 3 17 17 23 3 11 24 23 23 24 23
split_gain=67.3856 51.4104 48.0653 39.0794 47.0913 47.8145 43.8598 38.4453 33.0357 46.1336 35.5685 30.5704 30.2096 29.1944
threshold=0.16083143651485446 0.10719282925128938 20.868925094604496 0.210772879421711 0.042048897594213493 0.1307371184229851 0.35906259715557104 -0.080835994333028779 0.74117162823677074 0.039442984387278564 0.24243597686290744 0.16016178578138354 0.041788998991250999 0.22021089494228366
decision_type=2 2 2 2 2 2 2 2 2 2 2 2 2 2
left_child=1 11 3 4 6 -6 -2 -4 10 -10 -5 -1 13 -3
right_child=2 12 7 8 5 -7 -8 -9 9 -11 -12 -13 -14 -15
leaf_value=-0.0046186784873209997 -0.0018911689973682849 0.0019368959642731452 0.031909933990546133 0.0032578081122230903 0.0030502447995487789 -0.010740169571542895 -0.023919256495551277 0.0058119128209143502 -0.00277826082838474 0.028065269658878421 -0.0049629219874515974 -0.014957147045197756 -0.016884209152549047 -0.013544732440216818
leaf_weight=737.70723194628954 8032.3259424604475 1552.7886796370149 91.741698242723942 5381.9544321708381 4608.8054100610316 320.2724425047636 102.37375996261835 235.00015440955758 98.158577337861061 134.28939220309258 723.28744295239449 680.6393474675715 122.51040589809418 154.97221516817808
leaf_count=8785 66238 15396 556 36450 27587 2439 1295 1521 551 721 4890 9812 1901 1858
internal_value=-1.03563e-05 -0.00467324 0.000759453 0.000531631 -0.000562652 0.00213427 -0.00219742 0.0138696 0.00278459 0.0154632 0.00227738 -0.00964991 -0.000785144 0.00046133
internal_weight=22976.8 3248.62 19728.2 19401.5 13063.8 4929.08 8134.7 326.742 6337.69 232.448 6105.24 1418.35 1830.27 1707.76
internal_count=180000 37752 142248 140171 97559 30026 67533 2077 42612 1272 41340 18597 19155 17254
is_linear=0
shrinkage=0.035


Tree=70
num_leaves=15
num_cat=0
split_feature=10 23 10 23 20 21 22 22 20 15 3 24 15 6
split_gain=64.84 55.9619 72.6091 64.1756 49.4482 47.9335 53.0087 39.7866 54.0374 51.8536 38.6491 41.4386 38.607 27.2906
threshold=0.17806206643581393 0.13297493755817416 0.40220187604427343 0.35906259715557104 0.0074960114434361466 0.042000187560915954 0.56666836142539989 0.55654591321945202 0.0042093934025615462 19.028015136718754 0.078873220831155791 0.039442984387278564 17.258499145507816 0.34167316555976873
decision_type=2 2 2 2 2 2 2 2 2 2 2 2 2 2
left_child=12 5 3 4 -3 10 -7 9 -9 -4 13 -12 -1 -2
right_child=1 2 7 -5 -6 6 -8 8 -10 -11 11 -13 -14 -15
leaf_value=-0.025868258550492872 0.00038065272806667014 -5.7165747876680343e-05 0.0017074478427266495 -0.025512009825155169 -0.0055674192167670684 0.0033122726755786774 -0.015683375526139656 0.0053623670787207416 -0.0048869508344168743 0.010480342159306691 0.010754051603570952 -0.0034651882620095322 -0.0058291710409985754 0.02660697139178346
leaf_weight=152.4271373078227 1426.1904016174376 4395.9436035268009 5965.3019412532449 142.20156623795629 3643.0261196829379 452.9724184833467 285.65029741078615 882.45061676949263 2137.8662933558226 949.09535083919764 1746.1535927057266 288.07052823528647 461.56992441043258 40.331957124173641
leaf_count=2347 9915 40160 36239 1981 37756 3620 2321 5839 15325 5457 10276 2162 6365 237
internal_value=-1.06433e-05 0.00029984 -0.000547806 -0.0029877 -0.00255807 0.00391481 -0.00414535 0.00146241 -0.00188458 0.00292504 0.00562238 0.00873334 -0.0111388 0.00127724
internal_weight=22969.3 22355.3 18115.9 8181.17 8038.97 4239.37 738.623 9934.71 3020.32 6914.4 3500.75 2034.22 613.997 1466.52
internal_count=180000 171288 142757 79897 77916 28531 5941 62860 21164 41696 22590 12438 8712 10152
is_linear=0
shrinkage=0.035


Tree=71
num_leaves=15
num_cat=0
split_feature=10 3 16 24 11 22 15 20 24 24 11 16 17 15
split_gain=61.9689 44.5596 46.5074 55.5488 58.8876 34.6783 33.1909 28.7484 35.9705 29.5986 27.0294 21.34 22.2528 17.5038
threshold=0.20301710069179538 1.1955554485321047 0.86698183417320263 0.041788998991250999 0.48370429873466497 0.1988179758191109 16.496439933776859 -0.023001317866146561 0.037224734202027328 0.035537138581275947 0.28982384502887731 1.0077885389328005 0.01800154056400061 19.598605155944828
decision_type=2 2 2 2 2 2 2 2 2 2 2 2 2 2
left_child=6 2 7 5 -5 -4 -1 9 -9 -2 -3 12 -8 -12
right_child=1 10 3 4 -6 -7 11 8 -10 -11 13 -13 -14 -15
leaf_value=-0.02154068211802097 0.0015293495109476008 0.018247769359271807 0.010819972924493836 -0.011276989202050645 0.0054899220979311384 -0.00048357465274078294 -0.0038250356561211241 -0.0035999708686526369 0.0041738799611169778 0.0097987509643310076 0.0024848733417614692 -0.010039723750747277 0.013142098011437207 0.017380918716556518
leaf_weight=168.39315090328455 975.07655951008201 213.93915129452944 330.68567079678178 1102.0871449895203 326.8662261068821 13799.308315575123 450.98548291623592 1302.4954156838357 1630.9264387525618 1163.6160433068871 740.47271484881639 544.049380492419 109.1742036677897 102.09063839912415
leaf_count=2590 5912 1229 1984 11880 2060 104248 6065 10274 12954 7466 4079 7453 1316 490
internal_value=-1.11234e-05 0.000430776 7.01192e-05 -0.000878881 -0.00743014 -0.000211572 -0.00748658 0.00297722 0.000721638 0.00605321 0.00740688 -0.00516922 -0.00034567 0.00447247
internal_weight=22960.2 21687.6 20631.1 15558.9 1428.95 14130 1272.6 5072.11 2933.42 2138.69 1056.5 1104.21 560.16 842.563
internal_count=180000 162576 156778 120172 13940 106232 17424 36606 23228 13378 5798 14834 7381 4569
is_linear=0
shrinkage=0.035


Tree=72
num_leaves=15
num_cat=0
split_feature=9 23 8 23 23 22 2 3 3 21 23 10 6 2
split_gain=59.3544 45.0201 58.101 92.4643 99.2258 50.1272 46.2504 35.2159 33.8449 30.1525 34.2831 29.3219 28.2374 25.7019
threshold=0.19430126994848254 0.13297493755817416 -0.29325686395168299 0.22513678669929507 0.19330504536628726 0.40314695239067083 0.37569543719291693 -0.15719542652368543 0.210772879421711 0.0019163322867825629 0.11503823846578599 0.15030362457036975 0.12639325112104419 0.097779992967844023
decision_type=2 2 2 2 2 2 2 2 2 2 2 2 2 2
left_child=11 7 5 4 -4 8 -5 12 -3 10 -9 -1 -2 -13
right_child=1 2 3 6 -6 -7 -8 9 -10 -11 -12 13 -14 -15
leaf_value=-0.018693515369858804 -0.0043875311672819011 0.0041515781629213903 -0.0020922579883481227 -0.0096225410669721154 0.007282067719402271 -0.00062133263252664396 0.0045084870776152383 0.0012675331839734584 0.015621024937052204 0.0015622571538363168 0.011989788604888885 -0.0085438124920951507 0.016089507197569516 0.0001764528020549442
leaf_weight=190.47565117478371 777.31158519536257 2898.7074968367815 6342.5623155683279 2148.1923233680427 1758.1854746006429 3479.412178479135 320.68068405985832 527.57265996187925 346.27232856675982 1233.7706212922931 1196.6704064011574 872.31515380367637 82.301335088908672 779.37805546820164
leaf_count=2858 4988 17270 54313 18528 14407 23817 1985 3194 1757 8975 7028 11483 506 8891
internal_value=-1.05517e-05 0.000516264 -0.000243793 -0.00186127 -5.11855e-05 0.00229761 -0.00777629 0.00395099 0.00541972 0.0057588 0.00873529 -0.00601816 -0.00226454 -0.00445272
internal_weight=22953.8 21111.6 17294 10569.6 8100.75 6724.39 2468.87 3817.63 3244.98 2958.01 1724.24 1842.17 859.613 1651.69
internal_count=180000 156768 132077 89233 68720 42844 20513 24691 19027 19197 10222 23232 5494 20374
is_linear=0
shrinkage=0.035


Tree=73
num_leaves=15
num_cat=0
split_feature=17 2 12 15 20 20 23 8 16 23 23 15 23 5
split_gain=57.4464 51.6375 45.142 48.4202 42.3706 68.8074 38.3847 45.032 39.6912 29.6743 28.1521 25.6675 22.2143 22.0695
threshold=0.026174021884799007 0.14820268750190738 1.2460847496986391 20.179944038391117 0.061955412849783904 0.0074960114434361466 0.16016178578138354 -0.26998779177665705 1.0077885389328005 0.24243597686290744 0.22021089494228366 17.719628334045414 0.22513678669929507 0.070045914500951781
decision_type=2 2 2 2 2 2 2 2 2 2 2 2 2 2
left_child=1 6 3 -2 5 10 8 9 -1 -8 -3 -6 -9 -5
right_child=2 4 -4 13 11 -7 7 12 -10 -11 -12 -13 -14 -15
leaf_value=0.0020955448914294831 0.0017059952739980843 0.0068911922175403798 -0.0025084116523404016 0.018790381715895837 0.0015264617210035334 -0.0076631065714854981 -0.0012059397412492083 -0.0075343917162788961 -0.0072509733653511547 0.02408096163581766 -0.010455264168868137 0.021008923225029508 -0.016148488834330472 0.0021802138409351968
leaf_weight=1449.008932068944 12053.445533461869 1088.940622664988 3227.0527058057487 293.606549795717 143.75182047858834 887.1778879314661 237.64019730314612 1672.74424963817 890.51717912778258 64.373555988073349 119.02908311411738 191.02264511212707 478.98331569880247 148.95239782705903
leaf_count=14260 79392 9282 22573 1678 1332 9450 2268 20303 9244 579 1335 1695 5744 865
internal_value=-1.0286e-05 -0.00259192 0.00117662 0.00212951 0.0015602 -0.000309333 -0.00469569 -0.00774531 -0.00147783 0.00478295 0.00511013 0.0129301 -0.00951776 0.0133716
internal_weight=22946.2 7223.19 15723.1 12496 2429.92 2095.15 4793.27 2453.74 2339.53 302.014 1207.97 334.774 2151.73 442.559
internal_count=180000 75492 104508 81935 23094 20067 52398 28894 23504 2847 10617 3027 26047 2543
is_linear=0
shrinkage=0.035


Tree=74
num_leaves=15
num_cat=0
split_feature=10 23 10 24 24 21 22 22 22 20 15 3 24 22
split_gain=54.8204 48.2689 68.7202 62.6732 60.8766 44.7356 49.7 38.2706 35.3373 50.0849 46.912 33.8935 30.8686 30.7931
threshold=0.15030362457036975 0.13297493755817416 0.40220187604427343 0.040601676329970367 0.040185062214732177 0.042000187560915954 0.56666836142539989 0.54946553707122814 0.55654591321945202 0.0042093934025615462 19.028015136718754 -0.039381494745612138 0.040403148159384734 0.38352946937084204
decision_type=2 2 2 2 2 2 2 2 2 2 2 2 2 2
left_child=-1 5 3 4 -3 7 -7 11 10 -10 -4 -2 -9 -5
right_child=1 2 8 13 -6 6 -8 12 9 -11 -12 -13 -14 -15
leaf_value=-0.0182516626828685 -0.003516363633058143 -0.0023212030129287067 0.0015408425951741666 -0.019888641777615578 0.014963776488291456 0.0028782927122193384 -0.015264723805890104 0.014001019837569567 0.0051244500872545491 -0.0047351923942029394 0.0098597019979075381 0.005275846172370857 0.0011833190674610497 -0.0069785634719161695
leaf_weight=190.05253863334656 761.65049658343196 6879.3649095855653 5978.4655921235681 295.79038408398628 249.08903117477894 465.32542470097542 294.23167924955487 804.74580388516188 885.67288006097078 2130.8280673548579 955.51657470315695 1766.6578786410391 323.52178591862321 959.40497921407223
leaf_count=2904 5021 65262 36239 3727 2448 3775 2475 5165 5839 15325 5457 11229 2627 12507
internal_value=-9.89793e-06 0.000150443 -0.00064118 -0.00297385 -0.0016971 0.00343099 -0.00425685 0.00503519 0.0013252 -0.00183294 0.00269975 0.00262378 0.0103683 -0.010154
internal_weight=22940.3 22750.3 18334.1 8383.65 7128.45 4416.13 759.557 3656.58 9950.48 3016.5 6933.98 2528.31 1128.27 1255.2
internal_count=180000 177096 146804 83944 67710 30292 6250 24042 62860 21164 41696 16250 7792 16234
is_linear=0
shrinkage=0.035


Tree=75
num_leaves=15
num_cat=0
split_feature=9 12 21 20 24 21 23 21 23 24 11 10 21 24
split_gain=53.5348 45.7478 41.0901 37.6094 55.935 80.8113 56.5606 47.842 41.6317 34.4226 30.4883 30.1777 27.7865 35.328
threshold=0.21324594318866733 1.3119403719902041 -0.052141902968287461 -0.023001317866146561 0.037224734202027328 0.031916436739265926 0.25068173557519918 0.024009003303945068 0.20133908092975619 0.041136151179671294 0.42048552632331854 0.15030362457036975 -0.0036788767902180548 0.03751721233129502
decision_type=2 2 2 2 2 2 2 2 2 2 2 2 2 2
left_child=2 3 -1 7 5 -5 -6 8 -2 -3 -11 -4 13 -13
right_child=1 9 11 4 6 -7 -8 -9 -10 10 -12 12 -14 -15
leaf_value=-0.01443224976709561 0.0067671441738573852 -0.0012785445252044109 -0.017043763346688379 -0.0087674342268110449 0.0033653866240639925 0.00093756105432662312 -0.0067263277201095942 -0.0039256859646275531 0.0010456008698924155 -0.016743413499445761 -0.0020713339279230933 -0.0014674418661478432 -0.0044080788704262746 0.015367708152484862
leaf_weight=433.89484989270568 3576.9901085272431 1985.076448071748 156.67198591679335 1810.7903314046562 5235.1479579396546 2482.0884746238589 772.27551988512278 1000.6693244688213 2761.4678481444716 385.2031578309834 314.9411039724946 444.35455523431301 1351.7501659914851 221.42902619764209
leaf_count=5340 21379 14060 2434 13465 41676 19522 5857 7373 18609 4084 2031 4598 17320 2252
internal_value=-1.0201e-05 0.000596321 -0.00472099 0.00124462 -0.000119983 -0.00316699 0.00205904 0.00315738 0.00428002 -0.00365124 -0.0102657 -0.00272576 -0.00153532 0.00427621
internal_weight=22932.8 20324.7 2608.1 17639.4 10300.3 4292.88 6007.42 7339.13 6338.46 2685.22 700.144 2174.21 2017.53 665.784
internal_count=180000 148056 31944 127881 80520 32987 47533 47361 39988 20175 6115 26604 24170 6850
is_linear=0
shrinkage=0.035


Tree=76
num_leaves=15
num_cat=0
split_feature=17 23 23 20 23 20 24 9 20 15 17 8 11 24
split_gain=51.6834 50.3444 63.0687 79.362 109.403 56.6227 47.5757 33.473 34.5992 33.0758 37.8241 38.0554 34.6377 31.7738
threshold=0.029978419654071334 0.22513678669929507 0.2075224965810776 0.0074960114434361466 0.12467885017395021 -0.10282622277736662 0.039442984387278564 0.24795927852392199 0.02811438869684935 19.028015136718754 0.1307371184229851 -0.51864704489707936 0.74117162823677074 0.043070860207080848
decision_type=2 2 2 2 2 2 2 2 2 2 2 2 2 2
left_child=1 2 3 6 -5 -3 -1 -7 -9 10 12 -12 13 -2
right_child=9 5 -4 4 -6 7 -8 8 -10 -11 11 -13 -14 -15
leaf_value=0.0029138479562865853 0.0010497849879111361 0.022043683405029987 0.012221881020106455 0.010480302254950431 -0.0077092272557658988 -0.020547901103162753 -0.0079770398742053574 -0.0034731271904500116 -0.021372553275665496 0.006081440128148167 -0.016754807105007118 0.007787595323840997 0.0098348811075711084 -0.0093144973894983604
leaf_weight=3813.5045296102762 10355.154160987586 60.965074870735407 411.02284943312407 454.02229680866003 3234.1481155380607 286.39469169825315 554.06304721534252 727.18569834530354 153.34214555844665 1619.1771044321358 270.53184746950865 100.05593338608742 522.48436933010817 365.52259705960751
leaf_count=32677 65595 465 4104 3296 35979 3847 6983 6917 1545 9739 2040 726 2968 3119
internal_value=-1.09868e-05 -0.00195132 -0.000986171 -0.00167439 -0.00544777 -0.00854467 0.00151718 -0.0103165 -0.00679527 0.00141093 0.000755102 -0.010098 0.00112149 0.000688063
internal_weight=22927.6 9694.65 8466.76 8055.74 3688.17 1227.89 4367.57 1166.92 880.528 13232.9 11613.7 370.588 11243.2 10720.7
internal_count=180000 95813 83039 78935 39275 12774 39660 12309 8462 84187 74448 2766 71682 68714
is_linear=0
shrinkage=0.035


Tree=77
num_leaves=15
num_cat=0
split_feature=10 16 2 24 17 22 9 12 21 2 22 5 24 8
split_gain=50.1777 43.2245 46.9475 43.7326 39.3371 29.7619 29.1502 42.2947 26.3295 23.867 20.5081 19.789 18.083 27.8236
threshold=0.17806206643581393 0.86698183417320263 0.46473187208175665 0.041788998991250999 0.015601515304297211 0.1988179758191109 0.92676493525505077 0.61290821433067333 -0.092673916369676576 0.097779992967844023 0.62254077196121227 0.015095130540430548 0.035537138581275947 -0.48988606035709376
decision_type=2 2 2 2 2 2 2 2 2 2 2 2 2 2
left_child=9 6 3 5 -5 -3 12 -8 -9 -1 11 -4 -2 -14
right_child=1 2 10 4 -6 -7 7 8 -10 -11 -12 -13 13 -15
leaf_value=-0.016774610031137623 -0.00081891435432197965 0.0095161286189722073 0.012297784358777056 0.035506270411143119 -0.008023456135200089 -0.00092774133079145851 -0.012560563896603882 0.03275978099552411 0.0086346940321800104 -0.0027066859596911207 0.016558654661448069 0.0018380043815186481 0.010186185226762713 0.0022404770171230732
leaf_weight=299.25492029264569 1546.6991124562919 332.86299929022789 253.82915236055851 16.206854101270437 1335.5169020704925 13364.019950538874 53.864937640726566 100.52147182822227 131.35995007306337 291.61756682395935 152.72462304309011 1417.6776449717581 652.44496050477028 2971.5887666530907
leaf_count=4754 10472 2022 1399 244 13383 104732 361 487 745 3958 1009 9121 3839 23474
internal_value=-1.12851e-05 0.000257181 -0.000618794 -0.00126241 -0.00724463 -0.000667176 0.0029621 0.0136572 0.020015 -0.00999216 0.00466849 0.00349008 0.00234584 0.00369506
internal_weight=22920.2 22329.3 16872.8 15048.6 1351.72 13696.9 5456.48 285.746 231.881 590.872 1824.23 1671.51 5170.73 3624.03
internal_count=180000 171288 131910 120381 13627 106754 39378 1593 1232 8712 11529 10520 37785 27313
is_linear=0
shrinkage=0.035


Tree=78
num_leaves=15
num_cat=0
split_feature=10 3 10 24 24 22 24 8 21 20 20 19 2 15
split_gain=47.9648 43.3171 49.3211 69.44 56.2427 53.1898 45.0481 42.7665 29.11 32.6537 26.6567 20.5642 19.2915 17.2345
threshold=0.15030362457036975 0.5187366008758546 0.71601200103759777 0.034483484923839576 0.040601676329970367 0.38352946937084204 0.040185062214732177 -0.48988606035709376 -0.10531204193830489 0.061955412849783904 0.0074960114434361466 0.13625277578830722 0.22339098900556567 18.925502777099613
decision_type=2 2 2 2 2 2 2 2 2 2 2 2 2 2
left_child=-1 2 4 -4 6 -5 -2 -6 11 10 -10 13 -11 -3
right_child=1 8 3 5 7 -7 -8 -9 9 12 -12 -13 -14 -15
leaf_value=-0.017394023843017737 -0.00080884459720372253 0.011658200270121608 -0.008753251599965154 0.015533714493295655 0.0084991589656056871 0.0031613959481362943 0.0098285809419282836 -0.0078346405234698147 0.0038968758841057627 0.0014793393626547811 -0.0028950864824108199 0.0026893008343487103 0.018146923694179827 0.032204702727921822
leaf_weight=182.78845085948706 13553.253090459853 211.09551355987787 434.87125702947378 569.29167080670595 208.44435070827603 1633.724385663867 495.89222821965814 2089.4247963428497 1722.8577386625111 135.51690179854631 1187.5066604614258 195.8074528798461 227.45219185948372 66.910632863640785
leaf_count=2904 110049 1080 2403 3017 1415 10287 4149 22612 9923 822 8622 1065 1324 328
internal_value=-9.78627e-06 0.000137587 -0.000541675 0.00389025 -0.00125879 0.00641433 -0.000426652 -0.00632256 0.00357135 0.00237872 0.00112515 0.0115911 0.0121305 0.0175498
internal_weight=22914.8 22732 18984.9 2637.89 16347 2203.02 14049.1 2297.87 3747.15 3273.33 2910.36 473.814 362.969 278.006
internal_count=180000 177096 153932 15707 138225 13304 114198 24027 23164 20691 18545 2473 2146 1408
is_linear=0
shrinkage=0.035


Tree=79
num_leaves=15
num_cat=0
split_feature=11 6 15 23 10 11 15 23 24 8 15 23 8 20
split_gain=46.356 43.2275 40.842 40.3378 33.1839 46.2622 47.4626 31.7325 28.3899 26.289 26.1514 23.0765 19.4143 18.0269
threshold=0.16083143651485446 0.10225855931639673 20.471218109130863 0.16016178578138354 1.7810811996459963 0.74117162823677074 17.074342727661136 0.13297493755817416 0.039442984387278564 -0.39926652610301966 16.496439933776859 0.18801177293062213 -0.80598312616348255 0.085128907114267363
decision_type=2 2 2 2 2 2 2 2 2 2 2 2 2 2
left_child=1 3 4 -1 5 7 -7 -2 10 -4 -3 -10 -6 -11
right_child=2 8 9 -5 12 6 -8 -9 11 13 -12 -13 -14 -15
leaf_value=-0.0028580314653123273 0.0033566032808787531 -0.0093223738336413158 0.025295409235240016 -0.014258693562065709 -0.019052764536730871 0.0023294049543173519 0.022527688894403815 -0.00045087773662075151 -0.016783307489592638 0.0037839638456415936 0.0042065449411596411 0.0029941428848599626 -0.0030420991216390273 0.026635935426904161
leaf_weight=830.46598798036575 3259.368527546525 196.34690123051405 98.669830784201622 701.25206477940083 151.83216091245413 377.91920612752438 221.41043131798506 14901.469322573394 186.91914790123701 451.45152134075761 1154.4959647990763 109.97336516529322 228.42138393223286 37.382060419768095
leaf_count=10116 20610 1887 494 10679 1204 2129 1188 111553 2519 3127 11151 1400 1676 267
internal_value=-8.66655e-06 -0.00392371 0.00062397 -0.00813612 0.00034249 0.000552339 0.0100385 0.000233931 1.75688e-05 0.00963514 0.00218604 -0.0095986 -0.00975943 0.00603043
internal_weight=22907.4 3179.45 19727.9 1531.72 19140.4 18760.2 599.33 18160.8 1647.74 587.503 1350.84 296.893 380.254 488.834
internal_count=180000 37752 142248 20795 138360 135480 3317 132163 16957 3888 13038 3919 2880 3394
is_linear=0
shrinkage=0.035


Tree=80
num_leaves=15
num_cat=0
split_feature=10 21 20 24 17 23 10 23 24 1 8 3 17 16
split_gain=44.8911 40.5396 44.9813 90.4463 79.9998 54.2652 65.4874 50.666 40.4371 16.7487 24.3211 13.1909 10.8148 8.96399
threshold=0.15030362457036975 0.17091248184442523 -0.023001317866146561 0.037224734202027328 0.02523916028439999 0.20133908092975619 0.28704898059368139 0.14241379499435428 0.036792531609535224 0.11560970544815065 -0.046099407598376267 -0.01290716417133808 0.033317454159259803 0.903119057416916
decision_type=2 2 2 2 2 2 2 2 2 2 2 2 2 2
left_child=13 2 5 4 -4 8 -7 -5 -2 11 -11 12 -3 -1
right_child=1 9 3 7 -6 6 -8 -9 -10 10 -12 -13 -14 -15
leaf_value=-0.0016164672675090994 0.0056413255124889766 -0.004951618341028698 -0.01173678415231898 0.0065398628770607682 -0.0021237477483768718 -0.012519522227232871 0.00046372233571343049 -0.00045598713961269959 -0.0013564649638279011 -0.0029868573373565219 0.020007697878623453 0.036414929079772583 0.022323290695804378 -0.020866700492453514
leaf_weight=39.117582187056541 4271.5383106656373 28.831677410751581 1522.3724444098771 1570.7738565281034 3463.2480659298599 545.88878338783979 3303.5598228387535 6406.9696625284851 1320.0633116997778 133.90115407854319 84.634345203638077 43.775305692106485 26.737536378204823 140.29804447665811
leaf_count=605 28443 292 17139 11938 24604 6827 20837 55401 9388 1010 675 373 169 2299
internal_value=-8.24614e-06 0.000133145 -4.56386e-05 -0.00138356 -0.00507673 0.00179096 -0.00140509 0.00092792 0.00398982 0.012351 0.00640427 0.0236504 0.00957497 -0.0169765
internal_weight=22901.7 22722.3 22404.4 12963.4 4985.62 9441.05 3849.45 7977.74 5591.6 317.88 218.535 99.3445 55.5692 179.416
internal_count=180000 177096 174577 109082 41743 65495 27664 67339 37831 2519 1685 834 461 2904
is_linear=0
shrinkage=0.035


Tree=81
num_leaves=15
num_cat=0
split_feature=9 12 21 20 23 21 6 20 8 15 23 5 3 11
split_gain=43.5051 40.1327 38.0606 39.7849 55.4276 46.8355 24.7563 36.0945 23.2867 21.3901 20.0826 16.7759 16.5942 26.7068
threshold=0.19430126994848254 1.3119403719902041 0.17091248184442523 -0.023001317866146561 0.18801177293062213 0.024009003303945068 0.10225855931639673 0.061955412849783904 -0.026793014258146283 17.934490203857425 0.16016178578138354 0.022876285016536716 -0.74777272343635548 0.42048552632331854
decision_type=2 2 2 2 2 2 2 2 2 2 2 2 2 2
left_child=6 2 3 5 -5 -2 8 11 10 -9 -1 -8 -3 -14
right_child=1 12 -4 4 -6 -7 7 9 -10 -11 -12 -13 13 -15
leaf_value=-0.0027199987787850316 0.0038297775128430488 -0.014530068185453077 0.013980579029778473 -0.0024612158479919394 0.0028511892355115136 -0.0041017000587491364 0.0086255495368957377 -0.0011816994371420238 -0.022687813172775632 0.030208223285554548 -0.013059406120647453 -0.0061750468089105679 -0.0054202899424810403 0.0021447360899003011
leaf_weight=632.25718943029642 6617.136654060334 149.40457760542631 263.54634037613869 6765.4486787132919 3720.9115148372948 1049.1607187241316 106.57717047259212 41.916364662349224 116.4905313923955 59.444525122642517 358.3762422464788 484.4181022234261 1671.0364615134895 859.48858772963285
leaf_count=7621 42482 1141 1907 55508 28712 7930 1103 470 1865 662 5790 5721 13880 5208
internal_value=-7.8359e-06 0.000438692 0.00102149 0.000825749 -0.000575276 0.0027404 -0.00521618 -1.57564e-05 -0.00843909 0.0182869 -0.00655356 -0.00340687 -0.00355513 -0.00285251
internal_weight=22895.6 21096.1 18416.2 18152.7 10486.4 7666.3 1799.48 692.356 1107.12 101.361 990.633 590.995 2679.93 2530.53
internal_count=180000 156768 136539 134632 84220 50412 23232 7956 15276 1132 13411 6824 20229 19088
is_linear=0
shrinkage=0.035


Tree=82
num_leaves=15
num_cat=0
split_feature=16 10 23 6 9 21 15 10 23 20 20 14 2 21
split_gain=43.209 52.2477 45.54 34.7117 33.2361 50.4042 32.3658 29.6796 24.2214 32.4851 29.0181 22.4609 23.1358 20.2636
threshold=0.88573682308197033 0.29246887564659124 0.22513678669929507 0.2521227896213532 0.77777692675590526 -0.092673916369676576 20.868925094604496 0.15030362457036975 0.22021089494228366 -0.055737031623721116 0.061955412849783904 0.44900625944137579 0.53329482674598705 -0.023950153961777684
decision_type=2 2 2 2 2 2 2 2 2 2 2 2 2 2
left_child=4 2 3 7 8 -6 11 -2 9 13 -11 -3 -13 -1
right_child=1 6 -4 -5 5 -7 -8 -9 -10 10 -12 12 -14 -15
leaf_value=0.0029004961358230362 -0.019359765636986298 -0.012080884844976388 -0.013241550814198999 0.0092125840618574335 0.023920918011247093 0.0022511207806820174 0.012749819232827409 -0.0030700219137763172 -0.0031680924801269763 0.00015194215436493724 0.0081640815592943852 -0.00039589316040323613 0.0045261946004180528 0.014783764575427514
leaf_weight=322.25926601141691 133.52356392145157 176.92798361182213 587.55645532160997 263.30141489207745 204.80223633348942 345.11422833055258 237.23336451500654 3292.2296335734427 1032.4298558495939 3327.3545363545418 654.39226313307881 10615.549213338643 1304.567916482687 393.17003932967782
leaf_count=1978 2206 1300 7373 2151 997 2009 1422 36559 7108 26564 5168 74498 8029 2638
internal_value=-8.0106e-06 -0.000943026 -0.00427173 -0.00281117 0.0024629 0.0106046 0.000213648 -0.00375944 0.00166437 0.00273101 0.00148588 -4.25246e-05 0.000146135 0.00954481
internal_weight=22890.4 16610.9 4276.61 3689.05 6279.52 549.916 12334.3 3425.75 5729.61 4697.18 3981.75 12097 11920.1 715.429
internal_count=180000 133538 48289 40916 46462 3006 85249 38765 43456 36348 31732 83827 82527 4616
is_linear=0
shrinkage=0.035


Tree=83
num_leaves=15
num_cat=0
split_feature=10 3 10 24 24 10 24 8 21 20 15 23 2 1
split_gain=39.588 37.1592 43.2558 64.7222 51.6167 42.2618 42.0886 39.3262 26.1917 33.7327 28.1408 23.0036 22.7335 16.539
threshold=0.15030362457036975 0.5187366008758546 0.71601200103759777 0.034483484923839576 0.040601676329970367 1.7810811996459963 0.040185062214732177 -0.48988606035709376 -0.046392317861318581 0.061955412849783904 19.028015136718754 0.16715492308139804 0.23884364217519763 0.20277575403451922
decision_type=2 2 2 2 2 2 2 2 2 2 2 2 2 2
left_child=-1 2 4 -4 6 -5 -2 -6 10 11 13 -10 -11 -3
right_child=1 8 3 5 7 -7 -8 -9 9 12 -12 -13 -14 -15
leaf_value=-0.016201958458905132 -0.00075661068767560798 0.0075317650497891755 -0.0085984540027267235 0.0078522378655575091 0.0081146124059394576 -0.0068139432770785574 0.009500641891884723 -0.0075177490280597973 0.0025925208321529937 -0.00028660216461138497 0.019567234710711694 -0.0045063444010429018 0.019379177552349816 -0.0049139382720886898
leaf_weight=173.43316287919879 13529.344927921891 638.11131903901696 433.29750620573759 1944.8666868060827 209.58447138220072 266.69347158819437 498.46584003418684 2071.4211665466428 1617.389794357121 111.65600329637527 200.267667979002 841.91431591659784 191.32403295487165 156.43314338475466
leaf_count=2904 110049 3368 2403 11138 1415 2166 4149 22612 10361 689 1046 5783 1111 806
internal_value=-7.57304e-06 0.000123174 -0.000507601 0.00363599 -0.0011814 0.00606092 -0.00038562 -0.00605226 0.00329819 0.00153182 0.00813877 0.000153899 0.0123542 0.00505078
internal_weight=22884.2 22710.8 18953.7 2644.86 16308.8 2211.56 14027.8 2281.01 3757.1 2762.28 994.812 2459.3 302.98 794.544
internal_count=180000 177096 153932 15707 138225 13304 114198 24027 23164 17944 5220 16144 1800 4174
is_linear=0
shrinkage=0.035


Tree=84
num_leaves=15
num_cat=0
split_feature=16 17 24 9 2 12 20 20 21 16 2 9 24 20
split_gain=40.0958 44.6551 35.1302 37.0545 33.4099 29.9213 29.0444 39.5086 24.4961 23.5559 24.2566 20.2817 19.881 34.582
threshold=0.86698183417320263 0.026174021884799007 0.041788998991250999 0.727064609527588 0.14820268750190738 1.4036168456077578 0.061955412849783904 0.0074960114434361466 -0.15080039948225019 2.0666555166244511 0.46473187208175665 0.77777692675590526 0.035537138581275947 -0.042620319873094552
decision_type=2 2 2 2 2 2 2 2 2 2 2 2 2 2
left_child=8 4 9 -4 -2 -5 7 -6 11 10 -3 -1 -10 -14
right_child=1 2 3 5 6 -7 -8 -9 12 -11 -12 -13 13 -15
leaf_value=0.0059765566099666571 -0.0054957024787765226 0.00065310936489715071 -0.0097578657321376119 0.0092082184122761219 0.0031629412056231503 -0.0079313110637690108 0.010477246859296324 -0.0078024985964420283 -0.0012645446593468881 -0.0080330472475688107 0.0056387643464335504 0.026692725176248853 0.010682750210094797 0.0018531264929704768
leaf_weight=195.07650976255536 3503.2797521613538 8920.0971987172961 788.22757417336106 300.52330253273249 928.63632201775908 199.10302866995335 279.49366858229041 695.31055649742484 1568.4221051074564 330.73533976078033 1371.1172791719437 77.793015539646149 652.09588593989611 3067.7135418727994
leaf_count=1200 40053 59110 7986 1833 8382 1381 2521 7701 10768 2329 8048 367 4119 24202
internal_value=-7.1999e-06 -0.000837692 0.000360315 -0.00507614 -0.00347243 0.00235644 0.000260663 -0.00155105 0.0025757 0.00102361 0.00132219 0.0126174 0.00203472 0.00342548
internal_weight=22877.6 17316.5 11909.8 1287.85 5406.72 499.626 1903.44 1623.95 5561.1 10621.9 10291.2 272.87 5288.23 3719.81
internal_count=180000 139344 80687 11200 58657 3214 18604 16083 40656 69487 67158 1567 39089 28321
is_linear=0
shrinkage=0.035


Tree=85
num_leaves=15
num_cat=0
split_feature=11 2 15 12 24 24 20 21 24 23 15 8 20 24
split_gain=36.5861 42.034 40.5372 30.2836 29.5101 28.2816 26.8087 51.6404 46.8609 23.9664 23.3543 22.9375 16.451 20.7343
threshold=0.14875999093055728 0.10719282925128938 20.471218109130863 1.4036168456077578 0.041136151179671294 0.039442984387278564 -0.042620319873094552 0.014488546643406154 0.037300020456314094 0.16016178578138354 16.496439933776859 -0.39926652610301966 0.085128907114267363 0.035735940560698516
decision_type=2 2 2 2 2 2 2 2 2 2 2 2 2 2
left_child=1 9 3 6 -5 10 7 -2 -8 -1 -3 -4 13 -13
right_child=2 5 11 4 -6 -7 8 -9 -10 -11 -12 12 -14 -15
leaf_value=-0.0045783796748755032 0.0042217903072026735 -0.010572737672224764 0.023820054416582581 -0.001562738495265322 -0.012748166813459923 -0.010594956020694164 -0.0025583403597302383 -0.0046230682510461753 0.0016475977410786622 -0.015804385047437461 0.0040889364042791011 0.016125851939095177 0.025094836377038111 -0.00030175043015722027
leaf_weight=519.54619140177965 4470.3137318193913 143.89639401808381 99.885349594056606 1036.5323770157993 392.48805693536997 252.62522764131427 6013.9546504281461 978.01411631330848 7024.6508920565248 430.5100273154676 985.97526868060231 116.60922920331359 40.417747490108013 365.38772520422935
leaf_count=6696 28616 1543 494 7006 3379 3603 45315 6712 55706 7092 10106 797 291 2644
internal_value=-6.67279e-06 -0.00415085 0.000465777 0.000188688 -0.00470212 -0.000242104 0.00056908 0.00262851 -0.000292832 -0.00977698 0.00214531 0.00919043 0.00599839 0.00391955
internal_weight=22870.8 2332.55 20538.3 19916 1429.02 1382.5 18486.9 5448.33 13038.6 950.056 1129.87 622.3 522.415 481.997
internal_count=180000 29040 150960 146734 10385 15252 136349 35328 101021 13788 11649 4226 3732 3441
is_linear=0
shrinkage=0.035


Tree=86
num_leaves=15
num_cat=0
split_feature=16 10 23 6 9 24 24 11 22 10 3 23 20 20
split_gain=37.1883 44.6379 43.5103 31.1023 28.5022 51.1683 27.2022 42.4768 29.1041 27.0179 25.589 22.8266 27.6278 29.7958
threshold=0.88573682308197033 0.29246887564659124 0.22513678669929507 0.2521227896213532 0.77777692675590526 0.039442984387278564 0.041788998991250999 0.48370429873466497 0.1988179758191109 0.15030362457036975 -0.039381494745612138 0.22021089494228366 -0.039823643863201134 0.061955412849783904
decision_type=2 2 2 2 2 2 2 2 2 2 2 2 2 2
left_child=4 2 3 9 11 -6 8 -8 -3 -2 -10 12 -1 -14
right_child=1 6 -4 -5 5 -7 7 -9 10 -11 -12 -13 13 -15
leaf_value=0.0073649013876531631 -0.018603309299692054 0.011932127901301185 -0.012806048411798511 0.0087983488088559034 -0.00033057648506264583 0.020768252365791096 -0.008614831779314951 0.0053128232400353583 -0.0013635969877248346 -0.0027981063850700304 0.0020525932740161255 -0.0031523574813250581 -0.00044420785277439294 0.007741419889792522
leaf_weight=1113.956992957741 128.5850313603878 268.08649023622274 578.69822685047984 264.96342436596751 292.89217242598534 260.61876618862152 917.46641808003187 369.54868385195732 5014.0128294639289 3269.631977301091 5762.5957289971411 1031.6244137585163 2934.619903229177 658.64302687346935
leaf_count=7060 2206 1398 7373 2151 1632 1374 9042 2306 33986 36559 38517 7108 24120 5168
internal_value=-6.52242e-06 -0.000876278 -0.00396873 -0.00254158 0.0022821 0.00979599 0.000189822 -0.00460557 0.00075228 -0.00344899 0.000463358 0.00154161 0.00257483 0.00107353
internal_weight=22865.9 16573.6 4241.88 3663.18 6292.36 553.511 12331.7 1287.02 11044.7 3398.22 10776.6 5738.84 4707.22 3593.26
internal_count=180000 133538 48289 40916 46462 3006 85249 11348 73901 38765 72503 43456 36348 29288
is_linear=0
shrinkage=0.035


Tree=87
num_leaves=15
num_cat=0
split_feature=21 11 3 15 10 11 20 3 20 3 18 19 8 8
split_gain=36.5637 39.1986 41.0728 38.1667 36.1159 30.6024 28.3057 44.3913 44.1105 22.1994 19.1191 16.2134 20.1658 15.297
threshold=0.17091248184442523 0.22107744216918948 0.69814115762710582 19.463782310485843 1.7810811996459963 0.64701920747756969 0.061955412849783904 0.013345095328986646 0.048252414911985404 1.7600587010383608 0.033876681700348861 -0.06074655428528785 -0.046099407598376267 -0.80598312616348255
decision_type=2 2 2 2 2 2 2 2 2 2 2 2 2 2
left_child=1 2 6 4 5 -3 8 -8 -1 10 -5 -2 -13 -6
right_child=11 3 -4 9 13 -7 7 -9 -10 -11 -12 12 -14 -15
leaf_value=-0.0030141385842826747 0.022301255605966974 0.00012486738503062324 0.007427448061994496 0.0084895963282761756 -0.018870798605587935 0.0064376466295373962 -0.0061653559250012995 0.0085939073413580976 -0.01544120566818691 0.02321293500561785 -0.00039921103629382809 -0.002994239343713909 0.017680203191365557 -0.0041982568598904297
leaf_weight=5812.7367813065648 103.611970923841 12133.403580285609 497.38090863823891 795.42965818196535 145.42905747145414 1009.7998804599047 415.49972618743777 595.68494245409966 363.30694520846009 81.419409975409508 467.68578442186117 133.68190216273069 88.710863389074802 215.39503861218691
leaf_count=61580 869 80940 3235 5129 1183 5573 4647 5945 4278 388 2904 1005 718 1606
internal_value=-6.31764e-06 -0.000177135 -0.00220472 0.000872983 0.000310943 0.000614407 -0.00288069 0.00252828 -0.00376894 0.00647395 0.00522111 0.0114543 0.00565857 -0.0104614
internal_weight=22859.2 22533.2 7684.61 14848.6 13504 13143.2 7187.23 1011.18 6176.04 1344.53 1263.12 326.005 222.393 360.824
internal_count=180000 177408 79685 97723 89302 86513 76450 10592 65858 8421 8033 2592 1723 2789
is_linear=0
shrinkage=0.035


Tree=88
num_leaves=15
num_cat=0
split_feature=20 23 23 22 22 22 23 8 23 23 9 22 23 8
split_gain=34.861 95.7052 120.529 110.805 82.3465 75.877 72.4429 84.5403 64.1838 44.5042 82.6426 64.3955 46.727 39.9942
threshold=0.0074960114434361466 0.12467885017395021 0.18032129853963855 0.55824339389801036 0.61403846740722667 0.5702941119670869 0.24243597686290744 -0.22986169904470441 0.20133908092975619 0.1535952687263489 0.24218987673521045 0.39343349635601049 0.15299160778522494 -0.20255509018898007
decision_type=2 2 2 2 2 2 2 2 2 2 2 2 2 2
left_child=5 -2 3 -3 -5 9 8 -8 -4 12 13 -12 -1 -11
right_child=1 2 6 4 -6 -7 7 -9 -10 10 11 -13 -14 -15
leaf_value=0.002456865334004874 0.0098637606382741445 0.0023703732895863686 0.00050783339130021593 -0.013538239901645079 -0.00030389178408157244 0.008714494223759011 0.0014278295623545276 -0.017443389899287731 0.010643744724810172 0.0039312594370961556 0.0026332233742142586 -0.0042341122032838185 0.01989058625583727 -0.014883243151797142
leaf_weight=3506.5048772469163 809.43068537116051 1153.0828792750835 2364.0462258793414 2350.074865642935 762.473836787045 1443.4409200176597 721.335035238415 475.68253195285797 1122.4216603562236 166.77023532241583 4388.3088565729558 2689.2041291594505 189.41309052333236 711.25556463748217
leaf_count=23287 5374 10485 20066 22710 6597 11893 4672 4274 8893 1886 28453 20429 1265 9716
internal_value=-5.68468e-06 -0.00158829 -0.00263396 -0.00688298 -0.0103076 0.00117401 0.00124238 -0.00615379 0.00379206 0.000233189 -0.00124118 2.15868e-05 0.00340159 -0.0113056
internal_weight=22853.4 9758.55 8949.12 4265.63 3112.55 13094.9 4683.49 1197.02 3486.47 11651.5 7955.54 7077.51 3695.92 878.026
internal_count=180000 83071 77697 39792 29307 96929 37905 8946 28959 85036 60484 48882 24552 11602
is_linear=0
shrinkage=0.035


Tree=89
num_leaves=15
num_cat=0
split_feature=10 23 8 23 23 2 22 24 6 24 24 10 24 15
split_gain=34.4555 35.064 47.371 76.0218 94.024 40.3541 38.4519 41.0241 31.3428 33.3691 40.6828 23.8026 17.2979 18.1186
threshold=0.15030362457036975 0.13297493755817416 -0.29325686395168299 0.22513678669929507 0.19330504536628726 0.37569543719291693 0.38352946937084204 0.03320316597819329 -0.01411261362954974 0.039442984387278564 0.03751721233129502 0.59578466415405285 0.03751721233129502 19.949443817138675
decision_type=2 2 2 2 2 2 2 2 2 2 2 2 2 2
left_child=-1 8 6 4 -4 -5 7 -3 12 10 -10 -8 13 -2
right_child=1 2 3 5 -6 -7 11 -9 9 -11 -12 -13 -14 -15
leaf_value=-0.015374888633509757 -0.0038661472958379296 -0.0038494398662933787 -0.0023084467268225874 -0.009090932453582945 0.0063959817419402282 0.0040595323323163275 -0.003329379911952716 0.0068347988830066179 0.0040140082004459605 -0.0049052617459552483 0.014558460568730268 0.0021211060508270407 0.0052449258662893069 0.017708033933368429
leaf_weight=167.30722043663263 1186.5462661571801 535.5474939905107 7065.9717567637563 2147.802547570318 1926.1703991256654 323.65437363088131 1882.0814530178905 2326.3416353501379 1880.3093777112663 348.11422290280461 584.19166460633278 2029.8056288212538 403.38930461928248 39.877348199486732
leaf_count=2904 8159 3104 65637 19524 16597 2004 13913 13494 12665 2758 3613 12531 2780 317
internal_value=-5.96219e-06 0.000114139 -0.000565407 -0.00193599 -0.000438873 -0.00735937 0.00175353 0.00482901 0.00289887 0.00513056 0.00656223 -0.000503027 -0.00096023 -0.00302711
internal_weight=22847.1 22679.8 18237.4 11463.6 8992.14 2471.46 6773.78 2861.89 4442.43 2812.62 2464.5 3911.89 1629.81 1226.42
internal_count=180000 177096 146804 103762 82234 21528 43042 16598 30292 19036 16278 26444 11256 8476
is_linear=0
shrinkage=0.035


Tree=90
num_leaves=15
num_cat=0
split_feature=16 17 24 11 10 15 11 22 24 3 23 22 3 19
split_gain=33.1909 39.7919 33.3267 45.1791 26.6163 25.6072 40.5305 28.6519 28.2725 23.9231 26.6718 26.4412 22.6403 21.8372
threshold=0.88573682308197033 0.024757965467870239 0.041788998991250999 0.48370429873466497 0.15030362457036975 17.321049690246586 0.64701920747756969 0.50607720017433178 0.035537138581275947 0.17892029881477359 0.24243597686290744 0.36472003161907202 -0.21048251539468762 -0.32994681596755976
decision_type=2 2 2 2 2 2 2 2 2 2 2 2 2 2
left_child=5 4 9 12 -2 8 -7 -8 -1 11 -11 -3 -4 -5
right_child=1 2 3 13 -6 6 7 -9 -10 10 -12 -13 -14 -15
leaf_value=-0.0045874750569913116 -0.01850640135349366 0.0029522312362088069 0.0023398758617568568 -0.013225709677025166 -0.0031786433617813042 0.0035067362678058642 0.029636291698539249 0.00099640585110324096 0.0022155690828251631 0.0040621631546219287 -0.0049034510823996917 -0.001777065604227528 -0.011937212838163503 0.008726934465161245
leaf_weight=1053.7492975778878 134.08786907792091 2033.7296655327082 162.80891032144427 57.792159348726273 4235.3863713257015 2547.2076377645135 119.49226519465446 64.977020189166069 2513.8426074944437 3456.8159634172916 451.90498752892017 4960.5766245536506 736.03821984678507 312.70094186812639
leaf_count=7019 2405 12826 1376 406 46783 20298 576 384 18185 21665 2916 35507 7755 1899
internal_value=-5.8103e-06 -0.000829178 0.000200018 -0.00514459 -0.0036902 0.00215424 0.00469779 0.0201182 0.000198967 0.000826385 0.00301574 -0.00039968 -0.0093539 0.00504501
internal_weight=22841.1 16541.8 12172.4 1269.34 4369.47 6299.27 2731.68 184.469 3567.59 10903 3908.72 6994.31 898.847 370.493
internal_count=180000 133538 84350 11436 49188 46462 21258 960 25204 72914 24581 48333 9131 2305
is_linear=0
shrinkage=0.035


Tree=91
num_leaves=15
num_cat=0
split_feature=21 23 23 22 22 8 23 15 21 23 22 24 15 22
split_gain=32.407 34.7895 66.6376 83.0857 102.916 46.6255 88.1563 40.1431 30.737 44.4927 29.3598 31.4309 23.3481 18.8405
threshold=0.17091248184442523 0.13297493755817416 0.14879859983921054 0.61015853285789501 0.56378209590911876 -0.2592987716197967 0.22513678669929507 19.760030746459964 0.042000187560915954 0.1309928968548775 0.54946553707122814 0.036792531609535224 17.861110687255863 0.56666836142539989
decision_type=2 2 2 2 2 2 2 2 2 2 2 2 2 2
left_child=1 8 3 4 -3 7 -7 -4 10 13 11 -1 -12 -10
right_child=-2 2 5 -5 -6 6 -8 -9 9 -11 12 -13 -14 -15
leaf_value=0.0043113481834359752 0.010721709212574253 0.0015152695935706834 0.0013581895562110528 0.0097227713494978385 -0.016240902882847272 0.00019958191872715921 -0.0078828541724632484 0.012330976365032725 -0.0020158971276933104 0.013066601055576665 0.012376011841155639 -0.004052532312310707 0.0022435939492496848 -0.014263222761475559
leaf_weight=1799.8951108790934 329.83183532580733 624.52274947986007 6572.4763973690569 306.92785534635186 1093.8002814501524 6793.1841920204461 2174.5934626422822 425.83707096427679 323.8958675339818 144.57483923435211 711.69215570390224 781.84601611271501 462.27245064079762 289.92515149340034
leaf_count=11267 2592 5283 42363 2771 10823 62905 19575 2516 2557 1298 4757 5435 3287 2571
internal_value=-5.89195e-06 -0.000167804 -0.000857287 -0.00682168 -0.00981601 -9.69256e-05 -0.00176692 0.00204251 0.00257601 -0.00381474 0.00387321 0.00177259 0.00843881 -0.00793657
internal_weight=22835.3 22505.4 17991.3 2025.25 1718.32 15966.1 8967.78 6998.31 4514.1 758.396 3755.71 2581.74 1173.96 613.821
internal_count=180000 177408 146236 18877 16106 127359 82480 44879 31172 6426 24746 16702 8044 5128
is_linear=0
shrinkage=0.035


Tree=92
num_leaves=15
num_cat=0
split_feature=3 10 15 15 21 22 23 22 23 22 23 17 3 17
split_gain=32.1513 48.5098 49.8773 39.9204 35.2806 49.562 44.802 40.5087 30.572 26.8577 26.5574 26.4379 33.1851 28.655
threshold=0.210772879421711 0.35430912673473364 20.868925094604496 16.04056549072266 0.10473833978176118 0.51738458871841442 0.22513678669929507 0.61403846740722667 0.16016178578138354 0.2589207142591477 0.22513678669929507 0.1307371184229851 -0.74777272343635548 0.052526783198118217
decision_type=2 2 2 2 2 2 2 2 2 2 2 2 2 2
left_child=1 8 11 -2 5 6 -5 -7 -1 -10 -11 13 -13 -3
right_child=3 2 -4 4 -6 7 -8 -9 9 10 -12 12 -14 -15
leaf_value=-0.0004901650323133654 -0.0046831403638802407 -0.00070143123568654979 0.023207458713895297 0.0080159659726336974 0.011432707721793294 -0.0023105824634125855 -0.0016359292248425646 0.0083626828924143661 0.0026755001897911211 -0.0050577417152443621 -0.013065062157749493 -0.019469129539623119 0.0030674705527078128 0.0035733762493502714
leaf_weight=2236.0884151607752 1012.2862038761377 6284.6814776547253 107.43215160816908 2128.5634489655495 517.36346974596381 3032.3084665313363 808.99406822025776 498.4676727950573 391.47955868393183 2072.8280867263675 674.43117007613182 171.88793032616377 138.67846857011318 2754.93117813766
leaf_count=23587 6937 43141 584 13565 3676 24665 5658 3515 3802 24731 7935 1386 1053 15765
internal_value=-5.74193e-06 -0.000970077 0.000539209 0.00178162 0.00272377 0.00201062 0.00536133 -0.00078439 -0.00362191 -0.00584437 -0.00706373 0.000254239 -0.00962401 0.000603877
internal_weight=22830.4 14832.4 9457.61 7997.98 6985.7 6468.33 2937.56 3530.78 5374.83 3138.74 2747.26 9350.18 310.566 9039.61
internal_count=180000 121984 61929 58016 51079 47403 19223 28180 60055 36468 32666 61345 2439 58906
is_linear=0
shrinkage=0.035


Tree=93
num_leaves=15
num_cat=0
split_feature=3 20 22 23 23 22 23 20 23 23 11 21 15 11
split_gain=31.1276 29.4706 71.7838 68.3706 104.988 97.3289 57.7362 42.9259 44.1867 41.7997 25.5683 19.6062 26.1078 15.4804
threshold=1.1955554485321047 0.0074960114434361466 0.5702941119670869 0.12467885017395021 0.18032129853963855 0.55824339389801036 0.24243597686290744 -0.023001317866146561 0.18801177293062213 0.20133908092975619 0.28982384502887731 0.014488546643406154 18.8310661315918 0.29735919833183294
decision_type=2 2 2 2 2 2 2 2 2 2 2 2 2 2
left_child=1 2 7 13 5 -5 -6 9 -9 -1 -2 -4 -13 -3
right_child=10 3 11 4 6 -7 -8 8 -10 -11 -12 12 -14 -15
leaf_value=0.0030552246976092308 0.016207837016652054 0.011176096355928261 -0.003538740403888384 0.0019888294089039906 0.0032655178402220034 -0.010241675410652337 -0.0057463745412871334 -0.0070595605985902159 0.0040180260537540742 -0.0018366180082355671 0.0029665472909483478 0.012188672469612567 -0.00096838643591170767 0.00028004605083731905
leaf_weight=5098.0345975570381 218.38626077026129 553.55332156643271 146.83665230125189 1099.0444541536272 3364.2112257704139 2863.328167013824 1164.0250512063503 1764.7392442524433 579.67229095101357 3673.5069014541805 851.70481899380684 999.12284556403756 224.4366019256413 223.63563048094511
leaf_count=34943 1231 3816 1303 10142 28212 27956 8830 15270 5148 27109 4569 8077 2067 1327
internal_value=-5.64365e-06 -0.000293455 0.00081618 -0.00178772 -0.00269979 -0.00685283 0.00094137 -0.000118512 -0.00431512 0.00100677 0.0057939 0.00834386 0.009787 0.00808415
internal_weight=22824.2 21754.1 12486.3 9267.8 8490.61 3962.37 4528.24 11116 2344.41 8771.54 1070.09 1370.4 1223.56 777.189
internal_count=180000 174200 93917 80283 75140 38098 37042 82470 20418 62052 5800 11447 10144 5143
is_linear=0
shrinkage=0.035


Tree=94
num_leaves=15
num_cat=0
split_feature=9 12 15 21 8 24 2 11 21 2 20 5 20 20
split_gain=31.9034 33.2717 31.9454 29.7895 26.8272 26.2945 25.868 23.6063 22.9953 21.6808 19.0003 18.2442 16.8633 22.3813
threshold=0.19430126994848254 1.3119403719902041 20.179944038391117 0.17091248184442523 -0.1637638062238693 0.041136151179671294 0.46473187208175665 0.42048552632331854 -0.052141902968287461 0.097779992967844023 0.061955412849783904 0.14801730960607531 0.061955412849783904 0.0074960114434361466
decision_type=2 2 2 2 2 2 2 2 2 2 2 2 2 2
left_child=8 2 3 6 11 -3 -2 -7 -1 -10 -6 -4 13 -11
right_child=1 5 4 -5 10 7 -8 -9 9 12 -12 -13 -14 -15
leaf_value=-0.013765672392745553 -5.5662133947795872e-05 -0.0012264613710190296 0.016173587711331251 0.012075388314759836 -0.0020617064804265939 -0.0151230351122386 0.0043584474765188319 -0.0020204117317277879 -0.0070096272496859542 0.0051297594618855656 0.016958558052098626 -0.010284305748640451 0.013642655868417817 -0.0076935779843003505
leaf_weight=268.28926888108253 15520.286853991449 1980.1923301517963 366.24718110635877 262.25428865849972 348.5560281984508 363.87335462123156 1806.6848872005939 312.96986109763384 736.28227311000228 351.20832913741469 68.483284775167704 28.210504591464996 106.55827865377069 299.81246233731508
leaf_count=3615 117916 14106 2303 1839 2826 4092 10983 2031 10512 3930 524 148 1168 4007
internal_value=-5.47256e-06 0.000373915 0.000903011 0.000587586 0.00764948 -0.00327987 0.000406846 -0.00918205 -0.00451569 -0.00277396 0.00138565 0.0140739 0.00138033 -0.00080278
internal_weight=22819.9 21057.8 18400.7 17589.2 811.497 2657.04 17327 676.843 1762.15 1493.86 417.039 394.458 757.579 651.021
internal_count=180000 156768 136539 130738 5801 20229 128899 6123 23232 19617 3350 2451 9105 7937
is_linear=0
shrinkage=0.035


Tree=95
num_leaves=15
num_cat=0
split_feature=10 3 10 15 15 11 24 23 21 24 8 5 22 15
split_gain=30.4595 28.8567 39.3994 45.1513 37.4213 33.1195 37.5984 29.621 28.4164 26.3894 25.4349 24.2083 23.4166 13.7139
threshold=0.15030362457036975 0.210772879421711 0.35430912673473364 20.868925094604496 16.04056549072266 0.74117162823677074 0.039155300706624992 0.16016178578138354 0.10473833978176118 0.036300789564847953 -0.36330664157867426 0.034786090254783637 0.38352946937084204 17.451268196105961
decision_type=2 2 2 2 2 2 2 2 2 2 2 2 2 2
left_child=13 2 7 12 11 8 -7 9 -6 -2 -9 -3 -4 -1
right_child=1 4 3 -5 5 6 -8 10 -10 -11 -12 -13 -14 -15
leaf_value=-0.026632450866123664 -0.0039278695684006821 0.00021531946994989424 0.0027409208893898539 0.021978456154898223 0.0016334414233660675 -0.0037814143922518359 0.027202134016633395 0.0067658414641026234 0.010156450613949092 0.0037503198189654105 -0.0062515177345545238 -0.01070048812575039 -0.00097148960231334955 -0.005772866999982044
leaf_weight=60.687652304768562 1091.3525324501097 578.17641781270504 3112.340901710093 108.82571724057198 6229.9860605113208 70.429756186902523 127.04836424440145 188.27955032140017 509.91294150054455 1082.0469995848835 2895.5042262002826 426.46988872811198 6233.3527311682701 101.62646095082164
leaf_count=1209 10988 3873 18365 584 45623 379 666 1519 3563 11533 34059 2964 42980 1695
internal_value=-5.35255e-06 0.000106108 -0.000811617 0.000539313 0.00180497 0.00272002 0.0165023 -0.00323754 0.00229235 -0.000105543 -0.00543745 -0.00447821 0.000266441 -0.014665
internal_weight=22816 22653.7 14711.7 9454.52 7942.02 6937.38 197.478 5257.18 6739.9 2173.4 3083.78 1004.65 9345.69 162.314
internal_count=180000 177096 120028 61929 57068 50231 1045 58099 49186 22521 35578 6837 61345 2904
is_linear=0
shrinkage=0.035


Tree=96
num_leaves=15
num_cat=0
split_feature=10 15 23 23 22 22 8 23 3 15 24 21 22 24
split_gain=29.2747 37.0455 28.5251 38.8686 107.681 42.6849 34.2431 74.0966 29.6831 28.8228 27.8134 21.6529 43.2138 26.8092
threshold=0.17806206643581393 17.258499145507816 0.13297493755817416 0.14416451752185824 0.61015853285789501 0.56378209590911876 -0.29325686395168299 0.22513678669929507 -0.15719542652368543 17.649865150451664 0.036521380767226226 0.042000187560915954 0.56666836142539989 0.039442984387278564
decision_type=2 2 2 2 2 2 2 2 2 2 2 2 2 2
left_child=1 -1 8 4 5 -4 9 -8 10 -5 -2 13 -13 -10
right_child=2 -3 3 6 -6 -7 7 -9 11 -11 -12 12 -14 -15
leaf_value=-0.023543208195034124 -0.008841515886768226 -0.0026614965034698632 -0.0028829911778892269 0.00039148820693583945 0.0083775728236986785 -0.017163806882035539 0.00049908066866662863 -0.0065295286173113372 0.0068042707920561189 0.0053533173714270469 0.0034450770742007943 0.0056783564787936218 -0.014051886347877917 -0.002944591673347549
leaf_weight=129.54019106924534 457.89386988431215 422.11299535259604 421.64930948615074 4200.0529771484435 458.93079133704305 663.35477040335536 7636.478174675256 2409.0015796385705 2466.7179137021303 2169.1193653605878 428.1295333057642 337.21246171742678 213.83074142038822 395.79287176951766
leaf_count=2347 2958 6365 3779 26327 3729 6291 67890 21104 15085 13637 2764 2758 1889 3077
internal_value=-5.14345e-06 -0.00789685 0.000193905 -0.000419526 -0.00571019 -0.0116911 8.12786e-05 -0.00119126 0.00275113 0.00208706 -0.0029324 0.00423061 -0.0020919 0.00545076
internal_weight=22809.8 551.653 22258.2 17958.6 1543.93 1085 16414.7 10045.5 4299.58 6369.17 886.023 3413.55 551.043 2862.51
internal_count=180000 8712 171288 142757 13799 10070 128958 88994 28531 39964 5722 22809 4647 18162
is_linear=0
shrinkage=0.035


Tree=97
num_leaves=15
num_cat=0
split_feature=16 24 11 3 22 17 10 23 24 15 11 22 17 11
split_gain=29.0492 33.499 49.086 32.2079 38.943 52.2392 41.2097 28.1822 25.9298 25.1607 33.3858 27.6751 23.031 33.3026
threshold=0.86698183417320263 0.041788998991250999 0.48370429873466497 0.17892029881477359 0.2589207142591477 0.034084623679518707 0.76076689362525951 0.2833589911460877 0.03751721233129502 17.321049690246586 0.64701920747756969 0.52399712800979625 0.015601515304297211 0.12535282969474795
decision_type=2 2 2 2 2 2 2 2 2 2 2 2 2 2
left_child=9 3 12 4 6 -6 -2 8 -5 -1 -11 -12 13 -3
right_child=1 2 -4 7 5 -7 -8 -9 -10 10 11 -13 -14 -15
leaf_value=0.00016546135110658266 0.0083683662529071019 -0.014762958553744855 0.0051157432226367474 0.00011626757564986156 -0.0047289695388660746 0.0006433036798364724 -0.017100956234154641 -0.014866836608414657 0.0048098902240827773 0.0036823882287217685 0.027990117058220292 -0.0010483515530673639 -0.01004622126978085 0.044247889796947187
leaf_weight=3212.6617034599185 741.1779566667974 15.509815055876972 384.6807029992342 3367.9110634587705 4615.0970989465714 4254.9523062258959 77.449772544205189 112.14748901873827 2511.871951052919 2190.5888265222311 120.62800335139036 57.066370896995068 1128.9994486235082 14.187655534595249
leaf_count=22544 5018 364 2380 23875 47754 26807 401 781 18709 17196 577 339 13033 222
internal_value=-6.05634e-06 -0.000717234 -0.00561995 -0.000231406 -0.00147831 -0.00215407 0.00578144 0.00178388 0.00212617 0.00218615 0.00491506 0.0191054 -0.00919741 0.0174735
internal_weight=22804.9 17224 1543.38 15680.6 9688.68 8870.05 818.628 5991.93 5879.78 5580.94 2368.28 177.694 1158.7 29.6975
internal_count=180000 139344 15999 123345 79980 74561 5419 43365 42584 40656 18112 916 13619 586
is_linear=0
shrinkage=0.035


Tree=98
num_leaves=15
num_cat=0
split_feature=9 12 15 21 24 8 21 22 20 11 6 20 20 15
split_gain=28.122 30.8366 28.3647 26.3848 24.3845 23.6459 21.8384 21.5921 21.3063 21.2315 18.8961 27.2077 21.7287 21.2723
threshold=0.19430126994848254 1.3119403719902041 20.179944038391117 0.17091248184442523 0.041136151179671294 -0.1637638062238693 -0.052141902968287461 0.55654591321945202 -0.023001317866146561 0.42048552632331854 0.10225855931639673 0.061955412849783904 -0.0050618462264537803 17.934490203857425
decision_type=2 2 2 2 2 2 2 2 2 2 2 2 2 2
left_child=6 2 3 8 -3 7 -1 -4 -2 -6 -8 12 -12 -13
right_child=1 4 5 -5 9 -7 10 -9 -10 -11 11 13 -14 -15
leaf_value=-0.013344850302369012 0.001817310962003677 -0.0012010424159078811 0.017127080395494189 0.011310927695464573 -0.014599214184017219 0.0013089272031786953 -0.0058717096788417763 -0.0029757019748288646 -0.0006648717638039934 -0.0021203270962530567 0.0068485495315038468 -0.0015961025418370751 -0.0073504973945555004 0.029806421388164001
leaf_weight=264.12204342707992 7352.1399140246212 1978.3671489432454 319.6051934696734 265.29229813069105 357.58023035526276 417.21800445765257 866.22233122959733 78.321291916072369 9968.364859521389 313.32801601290703 222.50449668988585 41.297780852764845 295.89263084158301 58.878914825618267
leaf_count=3615 48239 14106 1905 1839 4092 3350 12416 546 80660 2031 2246 453 3881 621
internal_value=-5.60104e-06 0.000349487 0.000858203 0.000560292 -0.00317382 0.00720062 -0.00425718 0.0131944 0.000389196 -0.00888805 -0.00256216 0.00209206 -0.00124176 0.0178909
internal_weight=22799.1 21050.2 18400.9 17585.8 2649.28 815.144 1748.92 397.926 17320.5 670.908 1484.8 618.574 518.397 100.177
internal_count=180000 156768 136539 130738 20229 5801 23232 2451 128899 6123 19617 7201 6127 1074
is_linear=0
shrinkage=0.035


Tree=99
num_leaves=15
num_cat=0
split_feature=16 17 2 24 9 24 12 7 20 21 12 24 15 5
split_gain=26.9313 32.9818 24.7002 23.6194 25.1852 38.2714 22.5478 21.3237 29.1535 21.2985 21.1392 20.5368 19.5961 19.0698
threshold=0.88573682308197033 0.026174021884799007 0.14820268750190738 0.032605132088065154 0.77777692675590526 0.039442984387278564 1.2460847496986391 -0.049649894237518304 0.061955412849783904 -0.058180689811706536 0.63922846317291271 0.041136151179671294 18.486165046691898 0.13532633334398272
decision_type=2 2 2 2 2 2 2 2 2 2 2 2 2 2
left_child=3 2 -2 -1 9 -6 -3 -4 -9 13 -7 12 -8 -5
right_child=1 6 7 4 5 10 11 8 -10 -11 -12 -13 -14 -15
leaf_value=-0.012031905771588781 -0.0049283146964019453 0.0012202475236208997 0.0063705194751414763 -0.0026973869815586425 0.00035904256926978339 -0.0045593314240410451 -0.0023651848708735562 -0.0046277410970586609 0.0085458854874111492 0.0028379605999263131 0.022604317241507906 -0.0073032413964011049 0.0054103187807876436 0.021434316125827545
leaf_weight=135.12740148603916 3238.9151310734451 8422.2767479382455 485.90692047402263 1445.5083625204861 284.82809717208147 37.678835466504097 1774.2516056597233 1072.4169567748904 244.49164803698659 4150.3060002624989 226.05176154524088 744.77244447916746 500.81215266510844 31.327239491045475
leaf_count=883 38000 56269 4311 9987 1577 232 11828 11298 2193 32451 1142 6435 3204 190
internal_value=-5.32308e-06 -0.000749736 -0.00310523 0.00193719 0.0022618 0.00935311 0.000289968 0.000179222 -0.00213601 0.00155514 0.0186987 -0.00230003 -0.000637369 -0.00204478
internal_weight=22794.7 16483.8 5041.73 6310.83 6175.7 548.559 11442.1 1802.82 1316.91 5627.14 263.731 3019.84 2275.06 1476.84
internal_count=180000 133538 55802 46462 45579 2951 77736 17802 13491 42628 1374 21467 15032 10177
is_linear=0
shrinkage=0.035


Tree=100
num_leaves=15
num_cat=0
split_feature=3 16 24 17 21 24 22 17 15 9 17 16 15 24
split_gain=25.8143 27.1926 30.7843 32.6428 33.9225 27.4434 26.7611 23.2382 22.0236 21.8939 18.7806 25.8775 19.5424 17.7314
threshold=1.1955554485321047 0.86698183417320263 0.041788998991250999 0.055158255621790893 -0.015352656133472918 0.041724324226379401 0.1988179758191109 0.015601515304297211 16.04056549072266 0.84134581685066234 0.037573805078864105 1.1247064471244814 19.598605155944828 0.039155300706624992
decision_type=2 2 2 2 2 2 2 2 2 2 2 2 2 2
left_child=1 8 5 7 -5 6 -3 -4 -1 -10 11 -2 -12 -11
right_child=10 2 3 4 -6 -7 -8 -9 9 13 12 -13 -14 -15
leaf_value=-0.0026143698177327566 0.02412144211672335 0.0088332443767246156 0.017299590833908748 0.0099373355016259875 -0.0097246028875336253 0.011464214567048974 -0.00092617544602475977 -0.010411885837328848 0.0023943808818509215 0.0029095370410172432 0.0012629756598971544 -0.0058166095905076206 0.016470646940778204 0.021997328216632212
leaf_weight=1052.0441462546587 115.87516754120588 342.64742279425263 29.794702364131808 259.06386876106262 169.31805378943682 221.00159327685833 14422.096827864647 949.14819655381143 4032.9192516729236 115.91721678525209 805.55510811507702 44.537249065935612 109.14723825454712 120.89251045137644
leaf_count=7362 654 2081 586 1455 1292 1965 115708 11874 30611 641 4376 254 516 625
internal_value=-4.85192e-06 -0.000267995 -0.00097369 -0.00590417 0.00212139 -0.000507036 -0.000693862 -0.00940207 0.00190356 0.00302027 0.00526352 0.0159558 0.00323613 0.0131504
internal_weight=22790 21714.8 16393.1 1407.32 428.382 14985.7 14764.7 978.943 5321.77 4269.73 1075.11 160.412 914.702 236.81
internal_count=180000 174200 134961 15207 2747 119754 117789 12460 39239 31877 5800 908 4892 1266
is_linear=0
shrinkage=0.035


Tree=101
num_leaves=15
num_cat=0
split_feature=20 23 23 22 22 22 24 21 22 23 8 23 22 21
split_gain=25.1576 69.3538 95.6848 92.7557 69.7246 60.6793 59.8207 71.0739 69.7908 35.1624 59.4736 42.1156 35.1846 32.7878
threshold=0.0074960114434361466 0.12467885017395021 0.18032129853963855 0.55824339389801036 0.61403846740722667 0.5702941119670869 0.03889110870659352 0.042000187560915954 0.60526764392852794 0.1535952687263489 -0.1637638062238693 0.15299160778522494 0.39343349635601049 0.031916436739265926
decision_type=2 2 2 2 2 2 2 2 2 2 2 2 2 2
left_child=5 -2 3 13 -5 9 7 -4 -8 11 12 -1 -11 -3
right_child=1 2 6 4 -6 -7 8 -9 -10 10 -12 -13 -14 -15
leaf_value=0.0020531999456925801 0.0082753357207701102 -0.0050359004277889677 -0.0075132626686467774 -0.012372758080475594 -0.00012151598979587093 0.0076797563095128887 0.0080320231222501485 0.0041708957731048284 -0.010471532636672495 0.0028465027321925903 -0.005630090962516922 0.018467980999432459 -0.0031569729884305935 0.0069791651989177753
leaf_weight=3521.9647876471281 827.44607167690992 445.63016525655985 1446.6080975048244 2268.9105076063424 758.72474779933691 1466.6450054980814 1826.9965684078634 1125.7873541414738 280.17790533974767 3655.5043586492538 2495.5358132533729 192.80916091054678 1765.4210893325508 707.03009047359228
leaf_count=23287 5374 3926 11360 22710 6597 11893 14636 9135 2774 23268 23937 1265 13279 6559
internal_value=-3.5205e-06 -0.00135505 -0.00226277 -0.0061046 -0.00931311 0.000996355 0.00117485 -0.00240344 0.00553388 0.000147735 -0.00117044 0.00295248 0.000889151 0.00233066
internal_weight=22785.2 9687.31 8859.87 4180.3 3027.64 13097.9 4679.57 2572.4 2107.17 11631.2 7916.46 3714.77 5420.93 1152.66
internal_count=180000 83071 77697 39792 29307 96929 37905 20495 17410 85036 60484 24552 36547 10485
is_linear=0
shrinkage=0.035


Tree=102
num_leaves=15
num_cat=0
split_feature=10 10 17 21 23 23 8 16 8 22 15 16 16 24
split_gain=27.0607 26.3129 33.6736 62.0688 47.154 59.0903 58.3559 19.1526 16.3761 14.3077 13.1605 10.1244 8.82073 8.02281
threshold=0.15030362457036975 1.7810811996459963 0.071891684085130705 -0.12700128555297849 0.22513678669929507 0.19330504536628726 -0.24907903373241422 0.98396971821784984 -0.80598312616348255 0.29968656599521643 17.451268196105961 0.9604582190513612 0.66599586606025707 0.035845547914505012
decision_type=2 2 2 2 2 2 2 2 2 2 2 2 2 2
left_child=10 2 4 7 5 -2 -6 -4 -3 -5 -1 -12 -10 -14
right_child=1 8 3 9 6 -7 -8 -9 12 -11 11 -13 13 -15
leaf_value=-0.026051466491070763 -0.00021344945452052785 -0.017781375049166943 0.028193831000521054 -0.010381809552423816 0.00035775456012821627 0.0053897921243211046 -0.0077782575334707539 0.008747742421164259 -0.014437690331824165 0.0029952605152382666 0.0077480470023236778 -0.013228056187594386 -0.011558275105626733 0.0048385647686409001
leaf_weight=57.627059521153569 13538.856838133186 144.99020862579346 149.38044273853302 96.594938769936562 2361.694643702358 2768.568915374577 1978.5256227143109 122.3889018446207 50.854667790234089 1229.9601397812366 37.737692523747683 62.486624136567116 38.209207735955715 141.73435704410076
leaf_count=1209 110309 1204 702 492 14875 21801 18387 617 318 7010 601 1094 275 1106
internal_value=-3.69504e-06 0.000100149 0.000257196 0.00513516 -0.000122708 0.000740553 -0.00336047 0.0200577 -0.00896237 0.0019508 -0.0140051 -0.0053435 -0.00291381 0.000931652
internal_weight=22779.6 22621.8 22246 1598.32 20647.6 16307.4 4340.22 271.769 375.788 1326.56 157.851 100.224 230.798 179.944
internal_count=180000 177096 174193 8821 165372 132110 33262 1319 2903 7502 2904 1695 1699 1381
is_linear=0
shrinkage=0.035


Tree=103
num_leaves=15
num_cat=0
split_feature=10 3 15 17 22 15 11 24 17 20 5 3 15 10
split_gain=25.7291 25.8905 35.6535 35.7377 44.7227 29.3644 29.6753 34.5732 28.8058 26.2397 24.38 18.8569 12.8495 11.5818
threshold=0.15030362457036975 0.17892029881477359 20.868925094604496 0.036640072241425521 0.2589207142591477 16.04056549072266 0.74117162823677074 0.039155300706624992 0.1307371184229851 0.061955412849783904 0.034786090254783637 -0.095818575471639619 17.451268196105961 0.27008850872516638
decision_type=2 2 2 2 2 2 2 2 2 2 2 2 2 2
left_child=12 2 3 4 -2 10 9 -8 -5 -7 13 -4 -1 -3
right_child=1 5 11 8 -6 6 7 -9 -10 -11 -12 -13 -14 -15
leaf_value=-0.025782805655403123 0.0066524000214641093 -0.010721047079225455 0.023932560018514848 0.0014654784484668467 -0.0034002983059356054 0.0012706084731617501 -0.0036170000938205082 0.025548944927848864 -0.0094103750386213703 0.0079625523993111826 -0.0098471728421900846 5.7986251716073065e-05 -0.005197247705116953 0.0026455200935225536
leaf_weight=56.317021127790213 578.0425696708262 82.760945361107588 98.01154488325119 6009.1174890585244 7046.4610764440149 6438.5831785947084 73.959218576550484 129.45285526663065 303.9616484567523 798.83151710405946 452.70074063166976 64.940505273640156 99.766706604510546 543.15559791773558
leaf_count=1209 4686 848 571 36562 69596 48541 398 675 2421 5485 3222 632 1695 3459
internal_value=-4.43241e-06 9.63026e-05 -0.000823955 -0.00101923 -0.00263045 0.0016186 0.0024015 0.0152718 0.000927774 0.0020192 -0.00375468 0.0149714 -0.01373 0.000737345
internal_weight=22776.1 22620 14100.5 13937.6 7624.5 8519.44 7440.83 203.412 6313.08 7237.41 1078.62 162.952 156.084 625.917
internal_count=180000 177096 114468 113265 74282 62628 55099 1073 38983 54026 7529 1203 2904 4307
is_linear=0
shrinkage=0.035


Tree=104
num_leaves=15
num_cat=0
split_feature=10 23 23 24 24 11 17 3 24 2 21 23 21 10
split_gain=24.4602 25.9135 34.33 52.1309 67.7291 29.4448 32.5583 26.7305 26.4302 25.5174 20.8321 43.2671 19.6977 16.6074
threshold=0.15030362457036975 0.13297493755817416 0.14416451752185824 0.038321306928992278 0.036501046270132072 0.15286641567945483 0.015601515304297211 -0.15719542652368543 0.036521380767226226 0.10719282925128938 0.0019163322867825629 0.11503823846578599 0.044257616624236114 1.0029493570327761
decision_type=2 2 2 2 2 2 2 2 2 2 2 2 2 2
left_child=-1 7 3 4 -3 9 -7 8 -2 -4 11 -9 -5 -12
right_child=1 2 5 12 -6 6 -8 10 -10 -11 13 -13 -14 -15
leaf_value=-0.013457375267936156 -0.0087093810943234783 -0.0024950316805679639 -0.010479793826791525 0.0061101840180039909 -0.021153644203852417 0.018003728141577188 0.00027529330036866708 -0.00153277056419368 0.0032612981585977583 -0.00092626249632194358 0.0014226537821129738 0.0093004033220475697 -0.0089167900291369281 -0.015869434507886006
leaf_weight=154.36868728883564 456.97672180458903 569.17857229337096 571.5572617650032 461.92886594310403 403.85271234437823 117.98196161538363 15062.110735066235 644.1417585387826 429.9750697016716 838.41199995204806 1388.1077756211162 1481.4565444067121 128.68422516435385 61.529356196522713
leaf_count=2904 2979 4960 9190 4078 3966 1399 111731 4231 2775 10104 10846 9100 1376 361
internal_value=-4.45232e-06 9.32801e-05 -0.000494374 -0.00543491 -0.0103756 -2.57257e-05 0.000424843 0.00247982 -0.00293459 -0.00484549 0.00382747 0.00602571 0.00274212 0.000585004
internal_weight=22770.3 22615.9 18153.7 1563.64 973.031 16590.1 15180.1 4462.19 886.952 1409.97 3575.24 2125.6 590.613 1449.64
internal_count=180000 177096 146804 14380 8926 132424 113130 30292 5754 19294 24538 13331 5454 11207
is_linear=0
shrinkage=0.035


Tree=105
num_leaves=15
num_cat=0
split_feature=10 8 24 3 10 24 22 21 22 3 11 22 21 8
split_gain=23.6611 32.3013 40.5235 39.6585 39.6414 33.2437 25.3152 34.437 30.8557 24.7446 22.9601 24.4083 20.9058 15.2675
threshold=1.7810811996459963 -0.46388831734657282 0.03320316597819329 0.17892029881477359 0.71601200103759777 0.040601676329970367 0.51738458871841442 0.10473833978176118 0.40314695239067083 -0.43415968120098108 0.2508505135774613 0.38352946937084204 -0.019823805429041382 -0.80598312616348255
decision_type=2 2 2 2 2 2 2 2 2 2 2 2 2 2
left_child=1 2 9 4 5 -3 8 -8 -5 -1 -4 -12 -11 -2
right_child=13 3 10 6 -6 -7 7 -9 -10 12 11 -13 -14 -15
leaf_value=-0.014634935565896503 -0.017244814153914476 -0.0016057045874133603 0.02783723656105884 0.00063681712191836562 0.0063659446327911044 -0.0075811494667166459 -0.0014506042289580128 0.0072204402616255579 0.0072382584874314728 0.012055530043211133 0.0083051629781969016 0.0018028496981076724 -0.010080207127985239 -0.0028104938360057423
leaf_weight=222.13030889630318 142.45890119671822 8681.5516613051295 41.581942420452833 1903.2494433261454 666.20801543444395 1304.9181123618037 4113.6576474737376 639.44910076260567 1586.8619024883956 106.96721135824919 1113.3434437662363 1929.6046160236001 84.808082267642021 230.13823520392179
leaf_count=1204 1204 76752 333 12804 3849 14518 33598 4598 10874 542 5784 11758 483 1699
internal_value=-5.27346e-06 0.000142112 0.00322636 -0.000430318 -0.00184006 -0.00239331 0.00139151 -0.000271354 0.00365042 -0.0069421 0.00460886 0.00420131 0.00225209 -0.0086358
internal_weight=22766.9 22394.3 3498.44 18895.9 10652.7 9986.47 8243.22 4753.11 3490.11 413.906 3084.53 3042.95 191.775 372.597
internal_count=180000 177097 20104 156993 95119 91270 61874 38196 23678 2229 17875 17542 1025 2903
is_linear=0
shrinkage=0.035


Tree=106
num_leaves=15
num_cat=0
split_feature=9 10 11 23 6 22 21 24 6 14 20 23 20 23
split_gain=23.3153 24.0307 27.0435 27.1485 23.2983 21.2373 23.9865 18.9647 18.9181 18.2928 17.845 21.8603 17.3293 26.0149
threshold=0.19430126994848254 1.7810811996459963 0.74117162823677074 0.13297493755817416 -0.39780975878238672 0.5702941119670869 1.0000000180025095e-35 0.0340968705713749 0.059828199446201331 0.44900625944137579 -0.023001317866146561 0.1535952687263489 0.0074960114434361466 0.18032129853963855
decision_type=2 2 2 2 2 2 2 2 2 2 2 2 2 2
left_child=5 2 3 8 -5 10 -7 -4 -2 -9 11 -1 -8 -14
right_child=1 -3 7 4 -6 6 12 9 -10 -11 -12 -13 13 -15
leaf_value=0.0014960612198205425 0.00057148664115739124 -0.0083991690033294198 -0.008488565013279303 0.0069346840621302636 -0.00060456169783837225 0.019145392524881885 0.0078189567929090251 -0.0090525498867019705 0.0055619152964820487 0.011757468076870422 -0.011956977315080703 -0.012695777303314906 -0.010264484324189598 0.0091832288427718869
leaf_weight=428.4694070443511 1962.7457766830921 370.50702042132616 71.827484577894211 508.61456755548716 15797.223501401022 69.32572104036808 168.55990408360958 50.187214709818363 1763.8645370416343 506.38974475860596 468.79522175341845 181.64959446527064 307.83291003666818 105.94620527140796
leaf_count=4195 13046 2903 375 2799 123948 558 2236 287 10678 2732 7286 2979 4415 1563
internal_value=-5.06533e-06 0.000316972 0.000477264 0.00025114 -0.00036529 -0.00389805 0.001084 0.00756885 0.0029421 0.00975435 -0.00688953 -0.00286584 -0.00135307 -0.00518579
internal_weight=22761.9 21031.4 20660.9 20032.4 16305.8 1730.58 651.665 628.404 3726.61 556.577 1078.91 610.119 582.339 413.779
internal_count=180000 156768 153865 150471 126747 23232 8772 3394 23724 3019 14460 7174 8214 5978
is_linear=0
shrinkage=0.035


Tree=107
num_leaves=15
num_cat=0
split_feature=3 16 24 11 24 11 3 9 15 21 9 12 23 12
split_gain=22.6133 23.8444 27.7065 35.5144 24.5919 23.4001 22.7878 20.4271 20.1596 18.9383 18.7493 21.8318 14.6919 14.1416
threshold=1.1955554485321047 0.86698183417320263 0.041788998991250999 0.48370429873466497 0.041724324226379401 0.28982384502887731 -0.19197712838649747 0.28919115662574774 16.04056549072266 -0.015352656133472918 0.84134581685066234 0.71768212318420421 0.22513678669929507 0.61290821433067333
decision_type=2 2 2 2 2 2 2 2 2 2 2 2 2 2
left_child=1 8 4 6 7 -2 -4 -3 -1 -5 12 -12 -10 -7
right_child=5 2 3 9 -6 13 -8 -9 10 -11 11 -13 -14 -15
leaf_value=-0.0025494001994539332 0.014796791350946031 -0.0026412718872752842 0.0022525621562819362 0.011139061559109801 0.010803455772497512 -0.0097345013476393509 -0.011053125490268068 0.00020140942567489637 0.0032328373066254847 -0.0054561982094942516 -0.010167658789199636 0.01670944431810089 -0.0023135708029332876 0.0038581791775102515
leaf_weight=1049.3592635206878 221.66409195959568 4412.3287317305803 188.09037233144045 193.35194534808397 223.25800732336938 97.132566228508949 876.59907494112849 10325.44684605673 3336.3826826103032 135.753945723176 37.885314412415028 200.21599385887384 701.44748965650797 758.52041348814964
leaf_count=7362 1231 47540 1674 1025 1965 541 11473 70249 25812 1035 250 1016 4799 4028
internal_value=-5.0562e-06 -0.000251968 -0.000914309 -0.00561591 -0.000472841 0.00492045 -0.00870343 -0.000650872 0.00178009 0.0043346 0.00284606 0.0121955 0.00226599 0.00222053
internal_weight=22757.4 21680.1 16354.8 1393.8 14961 1077.32 1064.69 14737.8 5325.29 329.106 4275.93 238.101 4037.83 855.653
internal_count=180000 174200 134961 15207 119754 5800 13147 117789 39239 2060 31877 1266 30611 4569
is_linear=0
shrinkage=0.035


Tree=108
num_leaves=15
num_cat=0
split_feature=20 23 23 22 22 22 24 21 22 21 20 24 20 22
split_gain=22.6498 60.8616 83.6366 85.2236 63.5972 56.7865 54.3 64.7803 63.6283 31.8115 33.4258 33.1561 31.1724 24.5391
threshold=0.0074960114434361466 0.12467885017395021 0.18032129853963855 0.55824339389801036 0.61403846740722667 0.5702941119670869 0.03889110870659352 0.042000187560915954 0.60526764392852794 0.0019163322867825629 -0.013095685746520756 0.036792531609535224 0.048252414911985404 0.40314695239067083
decision_type=2 2 2 2 2 2 2 2 2 2 2 2 2 2
left_child=5 -2 3 12 -5 9 7 -4 -8 10 11 -1 -3 -12
right_child=1 2 6 4 -6 -7 8 -9 -10 -11 13 -13 -14 -15
leaf_value=0.0038113444926609627 0.0076926314778736947 0.0078656895844519455 -0.0072683026376836029 -0.011833047786699528 -0.0001038877340838722 0.0073932903348847166 0.0075590772550939555 0.0038888896114178092 -0.010169325531957745 -0.0031967933995577123 0.0014404512707575699 -0.00067370870989584672 -0.0035601275348906714 -0.011080463940356368
leaf_weight=4471.7824497316033 833.97092058509588 590.28492330759764 1437.2467556092888 2232.4362352974713 757.85480924323201 1472.9697907790542 1838.5615334827453 1130.7668441198766 277.56437179632485 2705.5497037600726 329.26226564124227 3669.8949419781566 562.03322934918106 442.29082707688212
leaf_count=28764 5374 5277 11360 22710 6597 11893 14636 9135 2774 22270 2464 27636 5208 3902
internal_value=-4.75516e-06 -0.00128954 -0.00214594 -0.00576252 -0.00887068 0.000943577 0.00105799 -0.00235946 0.00519682 0.000120261 0.00112958 0.00179134 0.00231016 -0.00578707
internal_weight=22752.5 9660.72 8826.75 4142.61 2990.29 13091.7 4684.14 2568.01 2116.13 11618.8 8913.23 8141.68 1152.32 771.553
internal_count=180000 83071 77697 39792 29307 96929 37905 20495 17410 85036 62766 56400 10485 6366
is_linear=0
shrinkage=0.035


Tree=109
num_leaves=15
num_cat=0
split_feature=10 12 21 20 23 21 1 0 3 11 23 2 11 16
split_gain=22.5587 22.6684 22.3889 24.7025 49.4632 28.5757 14.0082 17.9533 12.3253 16.788 19.7917 11.4081 10.4054 9.09572
threshold=0.15030362457036975 1.3119403719902041 0.17091248184442523 -0.023001317866146561 0.18801177293062213 0.024009003303945068 0.11560970544815065 -1.0000000180025095e-35 -0.74777272343635548 0.42048552632331854 0.2833589911460877 1.0000000180025095e-35 0.74117162823677074 0.9604582190513612
decision_type=2 2 2 2 2 2 2 2 2 2 2 2 2 2
left_child=13 2 3 5 -5 -2 11 -8 12 10 -10 -4 -3 -1
right_child=1 8 6 4 -6 -7 7 -9 9 -11 -12 -13 -14 -15
leaf_value=-0.0013210502573210319 0.002607134066289144 0.0029319496671031051 0.010349998322928693 -0.0023992682767379988 0.0024564945464635338 -0.0033482511894045329 -0.00592487790428431 0.013210117848274109 -0.0029394856458652271 0.0015716588227000841 -0.014457925950749689 0.036798500594898143 -0.017865019926304578 -0.019048080330492045
leaf_weight=55.633114719763398 7158.3524481337517 36.224669076502323 76.140287764370441 7432.4946982227266 3915.6488706618547 1135.7963455244899 106.50792751461267 115.95877637714148 1423.8374976255 863.51755873113871 201.37780033610761 25.317747674882412 104.86000268906355 96.076515048742294
leaf_count=989 47856 240 586 66006 31435 9199 771 850 11609 5208 2225 210 901 1915
internal_value=-5.16755e-06 8.80144e-05 0.000490787 0.000337835 -0.000723112 0.00178856 0.00947767 0.00418828 -0.00296021 -0.00236038 -0.0044464 0.0196593 -0.0126846 -0.0130311
internal_weight=22747.7 22596 19966.2 19642.3 11348.1 8294.15 323.925 222.467 2629.82 2488.73 1625.22 101.458 141.085 151.71
internal_count=180000 177096 156913 154496 97441 57055 2417 1621 20183 19042 13834 796 1141 2904
is_linear=0
shrinkage=0.035


Tree=110
num_leaves=15
num_cat=0
split_feature=3 10 15 15 11 24 20 20 6 22 24 24 20 10
split_gain=21.6694 31.9774 38.2595 31.9365 25.3506 30.1445 25.2652 43.8088 29.5197 24.6749 64.6001 39.1874 27.3813 22.4929
threshold=0.210772879421711 0.35430912673473364 20.868925094604496 16.04056549072266 0.74117162823677074 0.039155300706624992 0.061955412849783904 0.0074960114434361466 0.10225855931639673 0.46727332472801214 0.035845547914505012 0.035845547914505012 -0.013095685746520756 0.28138612210750585
decision_type=2 2 2 2 2 2 2 2 2 2 2 2 2 2
left_child=1 9 -3 -2 6 -6 7 -5 -8 10 12 13 -1 -11
right_child=3 2 -4 4 5 -7 8 -9 -10 11 -12 -13 -14 -15
leaf_value=0.0019332091466217212 -0.0043551352745469932 0.00016459231489472707 0.019995770886880662 0.0033109707596080382 -0.0038625361559260912 0.023780821648813313 -0.0039855329316007826 -0.0029531236115766645 0.011836460730582957 -0.012649631190702008 -0.012045086190843388 0.0014909440380767804 -0.012790090644890948 -0.00081216394498546322
leaf_weight=1045.9252775944769 1002.4270777385682 9342.9001368246973 110.71582939475775 3979.0623439475894 70.301827788352966 128.86677406728268 186.97902516275644 2072.0289722308517 568.19688206166029 445.01743561401963 1050.3726061750203 2221.210802603513 171.30234101042151 348.84821881726384
leaf_count=9508 6937 61345 584 26686 379 666 1310 18333 3705 5993 12543 26759 1927 3325
internal_value=-5.11485e-06 -0.00080137 0.000417728 0.00145935 0.00229638 0.0143052 0.0019245 0.00116467 0.0079181 -0.00297968 -0.00572964 -0.000899361 -0.000226159 -0.00752271
internal_weight=22744.2 14736.3 9453.62 8007.86 7005.44 199.169 6806.27 6051.09 755.176 5282.68 2267.6 3015.08 1217.23 793.866
internal_count=180000 121984 61929 58016 51079 1045 50034 45019 5015 60055 23978 36077 11435 9318
is_linear=0
shrinkage=0.035


Tree=111
num_leaves=15
num_cat=0
split_feature=10 23 23 24 24 23 21 9 6 24 24 19 21 15
split_gain=21.3085 21.3733 29.6665 47.7363 62.4236 27.9321 39.0818 38.745 24.4468 25.7722 27.0791 16.9462 16.847 16.0799
threshold=0.15030362457036975 0.13297493755817416 0.14416451752185824 0.038321306928992278 0.036501046270132072 0.16016178578138354 -0.019823805429041382 0.24218987673521045 -0.028616708703339096 0.039442984387278564 0.03751721233129502 0.054981105029582984 0.044257616624236114 19.598605155944828
decision_type=2 2 2 2 2 2 2 2 2 2 2 2 2 2
left_child=-1 8 3 4 -3 6 -4 -7 13 10 -10 -11 -5 -2
right_child=1 2 5 12 -6 7 -8 -9 9 11 -12 -13 -14 -15
leaf_value=-0.012735527352213116 -0.0023185885197159022 -0.0023198529836945272 -0.0041240367590389794 0.0058132542357261351 -0.020400808143482406 -0.0058418661234189585 0.0054302919131898192 -2.5733549539228824e-06 0.0032599766143543503 0.0028467838626239804 0.011591274836372331 -0.012046085260687716 -0.0081849622263390816 0.012499491118610361
leaf_weight=149.93234119191766 1412.1260986365378 566.26414640620351 683.00610984116793 464.19401344284415 392.11424094438553 1561.9833985883743 2164.5960665903986 12155.89917839691 1993.3610688112676 181.46184058114886 624.56230647861958 176.73875577002764 126.01454216241837 85.848731458187103
leaf_count=2904 9578 4960 4978 4078 3966 20855 18217 88374 13454 1537 3759 1329 1376 635
internal_value=-5.05949e-06 8.50391e-05 -0.000450279 -0.00506675 -0.00985183 -1.5922e-05 0.00313224 -0.000671234 0.00224853 0.00407949 0.00528413 -0.00462905 0.00273794 -0.00139211
internal_weight=22738.1 22588.2 18114.1 1548.59 958.378 16565.5 2847.6 13717.9 4474.1 2976.12 2617.92 358.201 590.209 1497.97
internal_count=180000 177096 146804 14380 8926 132424 23195 109229 30292 20079 17213 2866 5454 10213
is_linear=0
shrinkage=0.035


Tree=112
num_leaves=15
num_cat=0
split_feature=12 9 21 15 0 3 24 1 22 3 24 22 11 21
split_gain=20.795 24.8559 35.8721 23.2817 20.4444 25.0534 20.2825 19.2731 32.0647 18.5355 18.3613 17.8988 16.9174 16.4147
threshold=1.3119403719902041 0.21324594318866733 -0.052141902968287461 20.179944038391117 0.30430580675601965 -0.01290716417133808 0.041136151179671294 -0.089348439127206788 0.29968656599521643 0.10641456395387651 0.035185910761356361 0.56018468737602245 0.42048552632331854 -0.0036788767902180548
decision_type=2 2 2 2 2 2 2 2 2 2 2 2 2 2
left_child=1 2 10 4 5 -3 -2 11 -9 -6 -1 -5 -8 -4
right_child=6 3 13 7 9 -7 12 8 -10 -11 -12 -13 -14 -15
leaf_value=-0.0039971821408026102 -0.001137514731664713 -0.0011096102080450033 0.0033143610778353424 0.020536038684303311 0.012205028271177889 0.0016332963524269036 -0.013447851173114004 -0.019337427218149829 0.0062735956291837085 -0.0019349144172327803 -0.019149003152799292 -0.0074200329556587362 -0.0021882002665384141 -0.0032418254810374536
leaf_weight=186.03664472140372 1974.4655766710639 7658.4924516454339 697.88342913985252 160.27883779257536 328.70242495834827 8706.1988686770201 344.24399275146425 57.612495254725218 528.03739092499018 167.16176745668054 213.69247278384864 28.266359809786081 312.07539322972298 1371.4813199918717
leaf_count=2054 14175 55117 7433 922 2030 64450 4114 401 3771 997 3246 193 2031 19066
internal_value=-5.5528e-06 0.000377832 -0.00290405 0.000838724 0.000564189 0.000349753 -0.00292562 0.00673416 0.0034718 0.00749426 -0.0123669 0.0161823 -0.00820715 -0.00102548
internal_weight=22734.6 20103.8 2469.09 17634.8 16860.6 16364.7 2630.78 774.195 585.65 495.864 399.729 188.545 656.319 2069.36
internal_count=180000 159680 31799 127881 122594 119567 20320 5287 4172 3027 5300 1115 6145 26499
is_linear=0
shrinkage=0.035


Tree=113
num_leaves=15
num_cat=0
split_feature=10 8 24 23 8 23 20 2 24 1 2 11 23 11
split_gain=20.485 27.4318 37.3752 33.7032 50.8477 50.036 56.7255 36.535 29.991 23.4591 21.857 21.7935 21.481 20.6671
threshold=1.7810811996459963 -0.46388831734657282 0.03320316597819329 0.22513678669929507 -0.24907903373241422 0.19330504536628726 -0.023001317866146561 0.37569543719291693 0.035845547914505012 -0.36194674670696253 0.025767459534108642 0.2508505135774613 0.19265223294496539 0.59187892079353344
decision_type=2 2 2 2 2 2 2 2 2 2 2 2 2 2
left_child=1 2 9 5 8 6 -3 -6 -5 13 -7 -4 -13 -1
right_child=-2 3 11 4 7 10 -8 -9 -10 -11 -12 12 -14 -15
leaf_value=0.025436654021659316 -0.0080921289236869798 0.0025763553786689723 0.026758798736953436 0.0073652563489555716 -0.0090484974663523985 0.00098394556296431922 -0.0023056071879089183 0.0042000274465642364 -0.0024549493254011527 -0.010570326202034155 0.0075834694557744926 0.00096835722084598081 0.0068380377246306289 -0.008824833718637376
leaf_weight=37.915896251797676 367.41973952203989 4513.6915438510478 42.286255139857531 597.32823840528727 1724.4946036282927 1062.8757525756955 8192.7877225819975 292.87708547711372 1013.2116895094514 342.61924891918898 1459.1402287725359 1538.7519836574793 1514.0584822520614 32.121131144464016
leaf_count=190 2903 31598 333 3768 16998 8851 75314 1849 6924 1873 11691 9363 8179 166
internal_value=-5.98508e-06 0.000130419 0.00296787 -0.00039871 -0.00342539 0.000324117 -0.000570737 -0.00711388 0.00121021 -0.0068145 0.00481704 0.00428986 0.00389228 0.010584
internal_weight=22731.6 22364.2 3507.75 18856.4 3627.91 15228.5 12706.5 2017.37 1610.54 412.656 2522.02 3095.1 3052.81 70.037
internal_count=180000 177097 20104 156993 29539 127454 106912 18847 10692 2229 20542 17875 17542 356
is_linear=0
shrinkage=0.035


Tree=114
num_leaves=15
num_cat=0
split_feature=3 11 16 24 11 17 24 22 15 11 24 20 8 23
split_gain=20.0791 21.6851 21.0494 23.6915 31.6729 23.161 22.3656 22.7717 18.708 24.0159 22.0771 17.1176 16.8038 15.6053
threshold=1.1955554485321047 0.28982384502887731 0.86698183417320263 0.041788998991250999 0.48370429873466497 0.015601515304297211 0.041724324226379401 0.1988179758191109 17.321049690246586 0.64701920747756969 0.035537138581275947 0.0074960114434361466 -0.39926652610301966 0.13297493755817416
decision_type=2 2 2 2 2 2 2 2 2 2 2 2 2 2
left_child=2 -2 8 6 5 -5 7 -4 10 13 -1 -12 -6 -10
right_child=1 -3 3 4 12 -7 -8 -9 9 -11 11 -13 -14 -15
leaf_value=-0.0046514041697076243 0.014102035003763638 0.0020284692764989355 0.0081198873426881479 0.018746353587897353 -0.0013266670826845726 -0.0091257108886902746 0.010251890088922895 -0.00084239722485354458 0.0085507252277823922 0.017347363754131505 0.0047547254555860589 -0.0014651790894899222 0.01513072167017312 0.0014272411126325713
leaf_weight=911.10078188404441 223.15057387202978 855.9136012122035 345.93878788501024 28.784901287406683 225.73123833537102 1020.0881439317018 225.24304848909378 14369.309853482991 481.98699367046356 146.0973135009408 1136.0709651540965 1021.4221991188824 103.50810039043427 1632.5286129936576
leaf_count=6127 1231 4569 2081 586 1429 12561 1965 115708 3326 750 7653 7973 631 13410
internal_value=-5.39671e-06 0.00463185 -0.000238578 -0.000862273 -0.00523624 -0.00819098 -0.000455585 -0.000626333 0.00166928 0.00407776 -0.000112512 0.00181686 0.0041408 0.00308359
internal_weight=22726.9 1079.06 21647.8 16318.6 1378.11 1048.87 14940.5 14715.2 5329.21 2260.61 3068.59 2157.49 329.239 2114.52
internal_count=180000 5800 174200 134961 15207 13147 119754 117789 39239 17486 21753 15626 2060 16736
is_linear=0
shrinkage=0.035


Tree=115
num_leaves=15
num_cat=0
split_feature=9 12 9 24 22 22 22 22 24 17 16 15 10 15
split_gain=20.0992 20.1317 21.4987 49.5387 31.3022 19.3529 79.0161 70.1145 18.256 27.9868 17.99 17.8131 17.0239 11.7346
threshold=0.12534701824188235 1.2460847496986391 0.59356313943862926 0.039155300706624992 0.39343349635601049 0.57900977134704601 0.55824339389801036 0.59050410985946666 0.041136151179671294 0.052526783198118217 0.96819084882736217 18.239056587219242 0.64812719821929943 17.719628334045414
decision_type=2 2 2 2 2 2 2 2 2 2 2 2 2 2
left_child=13 2 5 12 -5 6 -2 -7 11 -10 -11 -3 -4 -1
right_child=1 8 3 4 -6 7 -8 -9 9 10 -12 -13 -14 -15
leaf_value=-0.021768814041278166 0.00030363853459421846 -0.0027408247800570443 0.0054714305993007828 0.015871145530202295 0.0039513213353857164 0.012146197213025851 -0.0090247291346889445 -6.2059358824785257e-05 -0.012776965998123753 0.013764783095266049 -0.003784256325398405 0.0031734510460708783 -0.0018385462476115469 -0.003567122950308563
leaf_weight=68.748048644512892 10546.556937430054 2000.4585936833173 508.99681705236435 470.86197776347399 636.08189569413662 695.91365529969335 1233.4272106830031 3137.6860603839159 438.53630058094859 79.976949818432331 339.60522256791592 894.994334384799 1563.432776607573 107.49230412207544
leaf_count=1304 83758 14198 2888 2401 3874 5617 12043 28812 5282 432 2302 6786 8703 1600
internal_value=-4.09082e-06 9.04556e-05 0.000558111 0.00317665 0.00911837 2.32089e-05 -0.000679917 0.00217994 -0.00224621 -0.00669887 -0.000196662 -0.000908072 -2.55345e-05 -0.0114549
internal_weight=22722.8 22546.5 18793 3179.37 1106.94 15613.6 11780 3833.6 3753.57 858.118 419.582 2895.45 2072.43 176.24
internal_count=180000 177096 148096 17866 6275 130230 95801 34429 29000 8016 2734 20984 11591 2904
is_linear=0
shrinkage=0.035


Tree=116
num_leaves=15
num_cat=0
split_feature=10 3 10 22 24 14 20 20 20 24 22 16 6 2
split_gain=19.4933 21.3646 32.946 50.8116 33.8171 31.8879 31.8229 62.0021 40.8559 32.6082 31.2894 24.6219 22.3776 21.3313
threshold=0.17806206643581393 0.038896564394235618 0.53621113300323497 0.2226631045341492 0.03320316597819329 1.2492724657058718 0.0074960114434361466 0.061955412849783904 0.092964261770248427 0.037889750674366958 0.5702941119670869 2.0666555166244511 -0.29445977509021753 0.097779992967844023
decision_type=2 2 2 2 2 2 2 2 2 2 2 2 2 2
left_child=13 2 3 5 -4 -2 10 9 -9 -8 12 -6 -3 -1
right_child=1 6 4 -5 11 -7 7 8 -10 -11 -12 -13 -14 -15
leaf_value=-0.013518115138855898 0.01399395222048742 0.018000759648239332 -0.0084079679450565631 -0.0033067816280434184 0.0031949315126318088 -0.0041528880496846873 -0.0074573269474832162 0.01056365962909778 -0.0021691382047225732 -0.00043071402449022166 0.0089072216995768737 -0.0077029651832651027 0.0015387581566885928 0.00039501725777191948
leaf_weight=260.49702019430697 345.99855883419514 93.155319847166538 376.68840830773115 6305.8102323673666 3649.5131434723735 172.22020053490996 1448.1853453554213 766.81130405142903 507.43589205294847 1820.3172180987895 880.24529301375151 263.48158571869135 5559.2618723101914 268.36581975594163
leaf_count=4754 2224 479 2090 55856 21300 1269 13465 5534 3975 16356 6583 2056 40101 3958
internal_value=-4.19098e-06 0.000155475 -0.000928279 -0.00243779 0.00147313 0.00799874 0.00124283 -0.00100575 0.00551575 -0.00355727 0.00280562 0.00244336 0.00184137 -0.00658173
internal_weight=22718 22189.1 11113.7 6824.03 4289.68 518.219 11075.4 4542.75 1274.25 3268.5 6532.66 3912.99 5652.42 528.863
internal_count=180000 171288 84795 59349 25446 3493 86493 39330 9509 29821 47163 23356 40580 8712
is_linear=0
shrinkage=0.035


Tree=117
num_leaves=15
num_cat=0
split_feature=2 16 24 24 21 4 8 24 15 11 24 15 22 8
split_gain=18.8072 24.2439 20.4475 20.9447 20.4988 19.3712 18.5586 18.4187 17.9744 31.6987 16.6296 12.4001 15.0184 13.6688
threshold=0.46473187208175665 0.87671238183975231 0.041788998991250999 0.041724324226379401 -0.1872228607535362 0.0895691253244877 -0.30545625090599055 0.032605132088065154 17.321049690246586 0.64701920747756969 0.035537138581275947 16.106567382812504 0.62254077196121227 -0.082780424505472169
decision_type=2 2 2 2 2 2 2 2 2 2 2 2 2 2
left_child=1 7 3 4 -3 6 -4 -1 10 -10 -9 13 -13 -2
right_child=11 2 5 -5 -6 -7 -8 8 9 -11 -12 12 -14 -15
leaf_value=-0.011420683731731558 0.0032062387687629458 0.013049974823253638 -0.0012151899500434228 0.010074633535636862 -0.00098617898009284053 0.0060830426417115523 -0.010501270632456514 -0.0039085500964104623 0.0031905604325698873 0.019906374507346395 0.0018079405547132435 0.0032045394143210117 0.014372614482781945 -0.0093486998314647671
leaf_weight=119.27181234583259 227.71915776282549 118.72508755326271 432.42261897027493 208.39779349416494 13333.524064231664 152.46529391780496 677.27341506443918 859.28360697999597 2169.8254204578698 139.1784739792347 2193.919654360041 1744.4482595063746 152.70086480304599 183.29675428569317
leaf_count=792 1308 879 3258 1814 108313 1225 9562 5848 17422 706 15991 10733 950 1199
internal_value=-4.17191e-06 -0.000343414 -0.00107452 -0.000678751 -0.000852699 -0.00531897 -0.00692587 0.00164528 0.00195662 0.00427963 0.000191602 0.00298328 0.0041741 -0.00248183
internal_weight=22712.5 20404.3 14922.8 13660.6 13452.2 1262.16 1109.7 5481.48 5362.21 2309 3053.2 2308.17 1897.15 411.016
internal_count=180000 165810 125051 111006 109192 14045 12820 40759 39967 18128 21839 14190 11683 2507
is_linear=0
shrinkage=0.035


Tree=118
num_leaves=15
num_cat=0
split_feature=10 17 21 23 23 20 8 22 21 12 23 8 6 22
split_gain=19.3362 24.1823 50.4706 39.5728 48.2754 57.0533 48.1569 38.0065 29.8251 17.2946 16.4785 14.1775 14.0165 12.5874
threshold=1.7810811996459963 0.071891684085130705 -0.12700128555297849 0.22513678669929507 0.19330504536628726 -0.023001317866146561 -0.24907903373241422 0.49854819476604467 -0.023950153961777684 1.2879030108451845 0.2833589911460877 -0.80598312616348255 0.14424917101860049 0.29968656599521643
decision_type=2 2 2 2 2 2 2 2 2 2 2 2 2 2
left_child=1 3 9 4 5 -1 8 -8 -5 10 -3 -2 -6 -4
right_child=11 2 13 6 12 -7 7 -9 -10 -11 -12 -13 -14 -15
leaf_value=0.0027099509255929339 -0.016324473519944319 0.0064794538350780679 -0.010207723693213346 0.0028013566111839477 0.0033529186564083624 -0.0019904866619957643 -0.0097517356986071557 0.0021216137454010699 -0.0056817793458797403 0.0045989697098768158 0.030323545992805765 -0.0022823831798439564 0.0091641545654384034 0.0023551724220615077
leaf_weight=4978.3946374040097 138.03233769536018 56.924268200993538 96.13635990023613 1640.4404010530561 2135.9913250450045 8636.2404800299555 1536.3136782981455 415.91673574596643 723.2698147892952 92.379068821668625 125.81096255779266 227.20253487676382 667.85192282497883 1238.3242117092013
leaf_count=34127 1204 263 492 10306 17352 78570 14726 3849 4583 468 588 1699 4763 7010
internal_value=-3.59397e-06 0.00012867 0.00424763 -0.000192971 0.000591373 -0.000270974 -0.0031712 -0.00722423 0.000192608 0.0176166 0.0236174 -0.00788289 0.00476476 0.00138093
internal_weight=22709.2 22344 1609.57 20734.4 16418.5 13614.6 4315.94 1952.23 2363.71 275.114 182.735 365.235 2803.84 1334.46
internal_count=180000 177097 8821 168276 134812 112697 33464 18575 14889 1319 851 2903 22115 7502
is_linear=0
shrinkage=0.035


Tree=119
num_leaves=15
num_cat=0
split_feature=10 23 23 22 22 23 22 23 3 6 15 10 17 24
split_gain=18.8802 18.703 24.9794 80.7472 34.2415 25.6012 36.2688 33.6326 21.8446 24.9517 16.4002 15.9114 17.0644 14.8527
threshold=0.15030362457036975 0.13297493755817416 0.14416451752185824 0.61015853285789501 0.56378209590911876 0.16016178578138354 0.47683593630790716 0.18801177293062213 -0.15719542652368543 0.12639325112104419 18.743803024291996 1.0029493570327761 0.029978419654071334 0.036521380767226226
decision_type=2 2 2 2 2 2 2 2 2 2 2 2 2 2
left_child=-1 8 3 4 -3 6 -4 -7 9 13 -5 12 -10 -2
right_child=1 2 5 10 -6 7 -8 -9 11 -11 -12 -13 -14 -15
leaf_value=-0.012124314621047363 -0.0092565150389663283 -0.0022417955134455304 -0.0040199256023512701 0.010333815386630188 -0.015151096185616636 -0.0030221163808862063 0.0051911901802596276 0.00061570529012939536 0.0019416312597794992 0.01428951735413477 -0.0052798328142945883 -0.0088542582763557007 0.0070858764234298368 0.00023282040616485618
leaf_weight=146.34127512946725 416.24544189125299 420.00198025628924 680.85414262861013 382.50858461856842 633.32176025211811 4770.121948286891 2171.6786152943969 8920.5416450817138 2266.9448428452015 84.268820188939571 97.593554005026817 117.92389118671417 1211.9909372478724 383.24874278157949
leaf_count=2904 2748 3904 4978 3064 6560 41631 18217 67598 17250 511 852 631 6657 2495
internal_value=-3.40857e-06 8.05641e-05 -0.000421425 -0.00467983 -0.0100731 -2.41148e-05 0.00298628 -0.000653071 0.00210222 -0.00280492 0.00711696 0.00331235 0.00374896 -0.00476099
internal_weight=22703.6 22557.2 18076.6 1533.43 1053.32 16543.2 2852.53 13690.7 4480.62 883.763 480.102 3596.86 3478.94 799.494
internal_count=180000 177096 146804 14380 10464 132424 23195 109229 30292 5754 3916 24538 23907 5243
is_linear=0
shrinkage=0.035


Tree=120
num_leaves=15
num_cat=0
split_feature=11 15 15 14 17 23 23 21 20 23 3 1 19 15
split_gain=18.2749 25.5063 23.4246 20.4574 21.3248 66.5209 28.6049 18.9232 19.5977 23.9098 23.5213 16.6211 15.6954 14.1547
threshold=0.14875999093055728 20.471218109130863 16.431023597717289 0.44900625944137579 0.080433934926986708 0.35906259715557104 0.42612589895725256 -0.092673916369676576 0.0074960114434361466 0.12467885017395021 0.16371676325798037 -0.013632211834192274 0.030237511731684211 17.516696929931644
decision_type=2 2 2 2 2 2 2 2 2 2 2 2 2 2
left_child=2 3 -1 13 6 -6 -5 11 10 -10 -9 -4 -3 -2
right_child=1 12 7 4 5 -7 -8 8 9 -11 -12 -13 -14 -15
leaf_value=-0.012071026066512142 -0.010786202422272198 0.012966672578046795 0.0045551762007760149 0.00018083143414450589 0.0019800009503219678 0.029198226363503419 -0.0091417504493403086 -0.003536267524975714 0.0083759285980297554 -0.0067728656147062445 0.0076805843942742008 -0.020481955305591971 0.0019287139682827566 0.0054508674283888633
leaf_weight=291.80815595202148 322.60288097336888 294.18634580820799 41.376066748052835 17837.912603929639 1069.0838123112917 112.86318162828684 402.5033777281642 387.29723408818245 144.58145251125097 748.50080565176904 534.56872422061861 101.5235259719193 336.56271325051785 75.375793498009443
leaf_count=4200 2248 2014 583 133466 6463 546 3476 5544 1148 11063 5149 1353 2212 535
internal_value=-3.837e-06 0.000326033 -0.00299078 0.000103795 0.000266588 0.00480221 -2.97823e-05 -0.00158295 -0.000583471 -0.00425483 0.00298075 -0.0134088 0.00719893 -0.00765273
internal_weight=22700.7 20451.1 2249.66 19820.3 19422.4 1181.95 18240.4 1957.85 1814.95 893.082 921.866 142.9 630.749 397.979
internal_count=180000 150960 29040 146734 143951 7009 136942 24840 22904 12211 10693 1936 4226 2783
is_linear=0
shrinkage=0.035


Tree=121
num_leaves=15
num_cat=0
split_feature=9 12 23 21 6 23 20 22 24 17 15 16 15 15
split_gain=17.905 18.5897 20.048 63.2152 40.9723 37.8792 39.8856 22.9847 16.5009 25.0885 16.2651 16.1834 14.1234 11.2632
threshold=0.12534701824188235 1.2460847496986391 0.22513678669929507 -0.041194939985871308 -0.068236686289310441 0.19330504536628726 -0.023001317866146561 0.2589207142591477 0.041136151179671294 0.052526783198118217 18.239056587219242 0.96819084882736217 19.598605155944828 17.719628334045414
decision_type=2 2 2 2 2 2 2 2 2 2 2 2 2 2
left_child=13 2 5 4 -4 6 -2 -5 10 -10 -3 -11 -7 -1
right_child=1 8 3 7 -6 12 -8 -9 9 11 -12 -13 -14 -15
leaf_value=-0.021213061268614931 0.0029106028476754814 -0.0026512290066060353 0.007010472519682248 -0.0022236718475610322 -0.0027672115146155792 0.0041732772802227369 -0.0011683741548621405 -0.010833259340498207 -0.012247125802241412 0.012906414221265594 0.0029977427713724601 -0.0037003079629407123 0.013329101791272734 -0.0032199560399654758
leaf_weight=66.363255839794874 4608.6672520730644 1995.9122829083353 1052.7095730565488 676.04042083024979 1029.5132945571095 2263.2755302041769 8054.1095884405077 875.97626048699021 431.11734387278557 80.560289464890957 897.10991099476814 338.64727205038071 220.6464437302202 106.36551442183554
leaf_count=1304 30851 14198 6509 4461 8518 17401 71484 7097 5282 432 6786 2302 1775 1600
internal_value=-3.72672e-06 8.47583e-05 0.000533903 -0.00179736 0.00218597 0.00109407 0.000317311 -0.00712127 -0.00216409 -0.0064205 -0.000895222 -0.000282599 0.00503677 -0.0109156
internal_weight=22697 22524.3 18780.9 3634.24 2082.22 15146.7 12662.8 1552.02 3743.35 850.325 2893.02 419.208 2483.92 172.729
internal_count=180000 177096 148096 26585 15027 121511 102335 11558 29000 8016 20984 2734 19176 2904
is_linear=0
shrinkage=0.035


Tree=122
num_leaves=15
num_cat=0
split_feature=10 8 3 23 10 22 10 24 22 3 19 24 21 8
split_gain=17.6838 22.3702 30.8707 34.0624 46.0683 32.3214 31.2905 30.7451 25.6452 22.4991 21.1543 26.7318 18.2373 16.9452
threshold=1.7810811996459963 -0.46388831734657282 0.038896564394235618 0.24243597686290744 0.53621113300323497 0.51738458871841442 0.71601200103759777 0.03320316597819329 0.2226631045341492 -0.43415968120098108 -0.13526370376348493 0.039155300706624992 -0.019823805429041382 -0.58921107649803151
decision_type=2 2 2 2 2 2 2 2 2 2 2 2 2 2
left_child=1 7 6 5 -5 -4 8 9 -3 -1 13 -12 -11 -9
right_child=-2 2 3 4 -6 -7 -8 10 -10 12 11 -13 -14 -15
leaf_value=-0.013686905386789726 -0.0075680780583810923 0.0052303728665817929 0.0038904644003327905 -0.0095754160223922493 0.0052090709785533248 -0.00017622727188379154 0.0058895919483625356 0.0045836944888839846 -0.0032065603481453361 0.011558615681701422 0.0041568567028675493 0.015605076693091196 -0.0092051058204334762 -0.0020915364656299484
leaf_weight=217.53800763934851 362.41493885964155 463.20714969187975 4067.5016797780991 787.41084853559732 374.09815212339163 5796.9847041387111 556.02116852998734 990.38558103889227 6769.5954679567367 107.56621181219816 913.64712242037058 340.26459193974733 83.102304346859455 863.56581527739763
leaf_count=1204 2903 3233 30027 7799 2035 50523 3191 5474 60185 542 5247 2061 483 5093
internal_value=-4.06757e-06 0.000122024 -0.000357253 0.000834114 -0.00480982 0.00150287 -0.00204268 0.00268042 -0.00265976 -0.00624669 0.00386923 0.00736236 0.00250107 0.00147985
internal_weight=22693.3 22330.9 18814.8 11026 1161.51 9864.49 7788.82 3516.07 7232.8 408.207 3107.86 1253.91 190.669 1853.95
internal_count=180000 177097 156993 90384 9834 80550 66609 20104 63418 2229 17875 7308 1025 10567
is_linear=0
shrinkage=0.035


Tree=123
num_leaves=15
num_cat=0
split_feature=10 10 11 15 24 16 19 15 2 8 15 12 16 24
split_gain=17.1673 16.9424 20.2165 31.2314 20.1852 19.8386 17.9026 18.0888 16.3436 13.6666 13.0521 10.4781 9.45099 4.44835
threshold=0.15030362457036975 1.7810811996459963 0.74117162823677074 17.074342727661136 0.034483484923839576 0.92023369669914257 0.40295478701591497 20.868925094604496 0.1376006826758385 -0.80598312616348255 17.451268196105961 0.47134378552436834 0.9604582190513612 0.034483484923839576
decision_type=2 2 2 2 2 2 2 2 2 2 2 2 2 2
left_child=10 2 6 5 -5 -4 7 -2 -8 -3 -1 -11 -12 -13
right_child=1 9 3 4 -6 -7 8 -9 -10 11 12 13 -14 -15
leaf_value=-0.024432361800951954 -0.00036281110137202465 -0.015722604057423973 0.0082091456298804127 -0.008781017568765332 0.019403859403932678 -0.0072792777346542955 0.014494140016232818 0.0075030203622201055 0.0025324215783518391 -0.014344753456030463 0.0094026504761969432 -0.010517376691246281 -0.011232666104839837 0.004487045233567034
leaf_weight=50.103047775104642 20055.393591145054 135.34179712086916 181.60863494127989 30.172679163515568 217.16284775733948 204.95455960929394 154.51959646865726 354.66032930836082 985.4942694157362 51.210219003260136 36.137598348781466 18.685195453464985 57.456330683082342 155.40673463046551
leaf_count=1209 161309 1204 952 156 1110 1177 958 2529 6002 335 601 138 1094 1226
internal_value=-3.96791e-06 7.54743e-05 0.000199378 0.00631048 0.0157579 2.07514e-05 1.67758e-05 -0.000222521 0.00426567 -0.00734587 -0.0116616 -0.00185953 -0.00312662 0.0023928
internal_weight=22688.3 22544.6 22184 633.899 247.336 386.563 21550.1 20410.1 1140.01 360.644 143.697 225.302 93.5939 174.092
internal_count=180000 177096 174193 3395 1266 2129 170798 163838 6960 2903 2904 1699 1695 1364
is_linear=0
shrinkage=0.035


Tree=124
num_leaves=15
num_cat=0
split_feature=21 11 2 15 24 23 23 20 23 22 10 11 1 8
split_gain=16.8224 20.1531 31.3136 24.416 32.162 62.6026 28.8273 19.7202 21.9967 19.1436 18.3283 17.126 16.3131 17.3273
threshold=0.17091248184442523 0.14875999093055728 0.10719282925128938 19.949443817138675 0.035735940560698516 0.22513678669929507 0.15299160778522494 -0.023001317866146561 0.16016178578138354 0.62254077196121227 1.7810811996459963 0.74117162823677074 0.11560970544815065 -0.046099407598376267
decision_type=2 2 2 2 2 2 2 2 2 2 2 2 2 2
left_child=1 2 -1 10 5 -5 -6 8 -4 -9 11 -3 -2 -14
right_child=12 3 7 4 6 -7 -8 9 -10 -11 -12 -13 13 -15
leaf_value=-0.0085218836841955744 0.018069087812536647 -0.00013057545465905659 0.010536876078532523 0.024503045815789208 -0.0092208578421179629 -0.0084130798167161742 0.005199763104183892 -0.0054391539381649636 -0.006876401051969701 0.0077032436551376995 -0.007947230228933462 0.0058467934034683918 -0.0055755235603964295 0.01293225184711686
leaf_weight=849.40144590102136 109.89224859327078 18047.552319008857 327.91922799125314 218.43094570189714 217.81628912687302 96.5391755849123 658.74152152240276 708.66849576309323 112.74203804321587 158.17039539478719 346.53486907482147 596.91914903372526 141.08988129347563 95.411830507218838
leaf_count=13319 860 134747 2657 1472 1472 582 4905 8981 1587 1652 2824 3210 1012 720
internal_value=-4.34924e-06 -0.00012465 -0.00333223 0.000219624 0.0050582 0.0144657 0.00155279 7.82531e-05 0.00602801 -0.00298058 -8.64589e-05 6.38269e-05 0.00753983 0.00211279
internal_weight=22685.8 22339.4 2156.9 20182.5 1191.53 314.97 876.558 1307.5 440.661 866.839 18991 18644.5 346.394 236.502
internal_count=180000 177408 28196 149212 8431 2054 6377 14877 4244 10633 140781 137957 2592 1732
is_linear=0
shrinkage=0.035


Tree=125
num_leaves=15
num_cat=0
split_feature=9 3 15 15 17 21 5 11 24 17 10 3 11 15
split_gain=16.2963 16.4237 26.5058 24.41 24.2232 35.6256 21.6225 21.5093 27.0968 19.0954 19.074 17.0035 10.9371 10.6793
threshold=0.12534701824188235 0.17892029881477359 20.868925094604496 16.04056549072266 0.036640072241425521 -0.092673916369676576 0.034786090254783637 0.74117162823677074 0.03889110870659352 0.1307371184229851 1.1929115056991579 -0.095818575471639619 0.18034251034259799 17.719628334045414
decision_type=2 2 2 2 2 2 2 2 2 2 2 2 2 2
left_child=13 2 4 6 5 -2 12 10 -9 -6 -5 -4 -3 -1
right_child=1 3 11 7 9 -7 -8 8 -10 -11 -12 -13 -14 -15
leaf_value=-0.020701463366902397 -0.0084293106995880756 -0.011455700445064188 0.021216102195993153 0.0019094549918715913 0.0011974802310790033 -0.0012415208247954076 -0.0094137510430908032 -0.0042757295722151171 0.021666071764078462 -0.0078325358199417775 -0.011959708572819427 -0.0011147146088074853 0.0023105819993346163 -0.0030340475481024066
leaf_weight=64.286751201376319 960.70376328937709 70.846735151484609 100.53164519369602 7132.0720485039055 6019.3697166405618 6552.4434235803783 446.83091851137578 70.657428383827209 133.97310810536146 291.28186007589102 113.7246737331152 65.606272308155894 554.34840821474791 105.78061223216355
leaf_count=1304 9405 768 571 53430 36562 64773 3214 379 694 2421 656 648 3575 1600
internal_value=-3.89291e-06 7.99555e-05 -0.000657771 0.00129031 -0.000829094 -0.0021706 -0.00362531 0.00200152 0.0129267 0.000768948 0.00167559 0.0128352 0.000594805 -0.0104912
internal_weight=22682.5 22512.4 13989.9 8522.45 13823.8 7513.15 1072.03 7450.43 204.631 6310.65 7245.8 166.138 625.195 170.067
internal_count=180000 177096 114380 62716 113161 74178 7557 55159 1073 38983 54086 1219 4343 2904
is_linear=0
shrinkage=0.035


Tree=126
num_leaves=15
num_cat=0
split_feature=12 0 10 11 24 23 1 24 11 3 15 11 19 24
split_gain=16.1973 19.1771 18.3334 22.7681 22.1995 18.4507 16.7919 16.3812 13.1307 12.6706 15.6303 10.8002 10.2615 10.2229
threshold=1.3119403719902041 0.30430580675601965 1.7810811996459963 0.74117162823677074 0.0340968705713749 0.13297493755817416 0.099077314138412489 0.041136151179671294 0.42048552632331854 0.19468660652637484 16.889247894287113 0.31335109472274786 -0.41822648048400873 0.03889110870659352
decision_type=2 2 2 2 2 2 2 2 2 2 2 2 2 2
left_child=1 2 3 5 -5 -1 13 9 -9 11 -11 -2 -10 -3
right_child=7 6 -4 4 -6 -7 -8 8 12 10 -12 -13 -14 -15
leaf_value=0.0021949997180369641 -0.0066537539782634547 0.00525948064402327 -0.011531127746280508 -0.011200877845625047 0.011332319565659608 -0.00048904493820837124 0.0030044057542282241 -0.012169087148468699 -0.018074207715374681 -0.0057382025878125404 0.0064242682627044549 -0.00028838420864931775 0.00031932899584129963 0.025125733843888897
leaf_weight=3955.3754329606891 545.81575546041131 61.80719430744648 153.12168243527412 54.261945836246014 364.98667769134045 15015.847350126132 392.34095799177885 330.00575048103929 32.839046321809292 170.37572958320379 456.36029757559299 793.85786350816488 277.58367730677128 73.531916476786137
leaf_count=27423 4834 362 1111 277 1899 125797 2410 4114 249 1128 3083 5130 1782 401
internal_value=-4.38326e-06 0.000333129 0.000153649 0.000251817 0.00822292 7.14223e-05 0.00685401 -0.00259439 -0.00741051 -0.000996297 0.00307976 -0.00291188 -0.00212984 0.0170392
internal_weight=22678.1 20071.3 19543.6 19390.5 419.249 18971.2 527.68 2606.84 640.428 1966.41 626.736 1339.67 310.423 135.339
internal_count=180000 159680 156507 155396 2176 153220 3173 20320 6145 14175 4211 9964 2031 763
is_linear=0
shrinkage=0.035


Tree=127
num_leaves=15
num_cat=0
split_feature=2 16 10 24 17 24 24 20 24 0 9 10 24 17
split_gain=15.9729 20.8615 19.7026 18.0724 29.052 18.7702 15.9243 13.9919 21.5921 14.2328 11.5773 11.5202 23.8532 21.0844
threshold=0.46473187208175665 0.87671238183975231 0.15030362457036975 0.041788998991250999 0.014782015234231951 0.041724324226379401 0.032605132088065154 -0.058963982388377183 0.036445425823330886 0.20765966922044757 0.4652774184942246 0.64812719821929943 0.040601676329970367 0.052526783198118217
decision_type=2 2 2 2 2 2 2 2 2 2 2 2 2 2
left_child=1 6 -3 5 -5 -4 10 8 -8 -9 -1 12 -2 -13
right_child=11 2 3 4 -6 -7 7 9 -10 -11 -12 13 -14 -15
leaf_value=-0.00056237015815904291 0.0068793773268946336 -0.014807983540322854 -0.00067317759357875056 0.0325486117234196 -0.0056230720316984336 0.0096913552311869849 -0.00073598829147095222 0.00067068201195946405 0.010483236764419829 0.01188651972700158 -0.021788172849568289 -0.01099176355271903 -0.0066494609756716427 0.0022251611717265616
leaf_weight=66.595630221068859 1099.6270758993924 115.52510024979711 13315.446676580235 15.087115053087471 1226.9088523983955 207.56389951333404 354.23910726979375 4376.0580301266164 502.17510636337101 133.21169871091843 50.637824721634388 167.87640010565519 178.29519154131413 866.04425527900457
leaf_count=508 6631 2452 107023 260 13530 1786 2219 33871 3086 791 284 978 1618 4963
internal_value=-4.53394e-06 -0.000317987 -0.000997906 -0.000879903 -0.00490311 -0.000507049 0.00152576 0.00181281 0.00588769 0.00102759 -0.0107225 0.00274594 0.00495487 -5.59015e-06
internal_weight=22675.3 20363.4 14880.5 14765 1242 13523 5482.92 5365.68 856.414 4509.27 117.233 2311.84 1277.92 1033.92
internal_count=180000 165810 125051 122599 13790 108809 40759 39967 5305 34662 792 14190 8249 5941
is_linear=0
shrinkage=0.035


Tree=128
num_leaves=15
num_cat=0
split_feature=21 11 15 15 24 23 23 23 6 15 18 21 21 1
split_gain=15.767 18.2985 24.0749 22.0204 29.6773 57.4488 27.1996 21.7564 19.7418 19.328 16.8601 27.1911 15.0788 15.02
threshold=0.17091248184442523 0.14875999093055728 16.236111640930179 19.949443817138675 0.035735940560698516 0.22513678669929507 0.1535952687263489 0.13297493755817416 0.11807952076196672 19.341073036193851 -0.068998783826827989 -0.15080039948225019 0.14041382819414142 0.11560970544815065
decision_type=2 2 2 2 2 2 2 2 2 2 2 2 2 2
left_child=1 2 -1 10 5 -5 -6 9 -9 -4 11 -3 -12 -2
right_child=13 3 7 4 6 -7 -8 8 -10 -11 12 -13 -14 -15
leaf_value=-0.013934695026047668 0.017321614131719107 0.0089468381907943807 0.0062945531157360332 0.023275197562525763 -0.0086220381226756581 -0.0082250009646165894 0.0051095276781907293 -0.0091320439467423731 -0.00037809729017079774 -0.0076303715699798588 0.00064282730578481945 -0.0025758695070731323 -0.0089734989665757273 0.0020615240368964914
leaf_weight=218.46608543768525 111.1137683019042 256.4213033169508 524.20616116002202 221.58382703363895 232.15090418606997 96.138534840196371 645.31319573521614 601.53414848074317 653.96728609502316 149.13133491575718 14161.637684829533 4371.5645204000175 192.6326440051198 236.65689244866371
leaf_count=3358 860 1395 4897 1472 1568 582 4809 10500 7989 1452 108103 29782 1501 1732
internal_value=-4.31677e-06 -0.00012108 -0.00318492 0.000206394 0.00479401 0.0137835 0.00142035 -0.00190178 -0.0046113 0.00314392 -8.48303e-05 -0.00191952 0.00050762 0.00728504
internal_weight=22672.5 22324.7 2147.31 20177.4 1195.19 317.722 877.464 1928.84 1255.5 673.337 18982.3 4627.99 14354.3 347.771
internal_count=180000 177408 28196 149212 8431 2054 6377 24838 18489 6349 140781 31177 109604 2592
is_linear=0
shrinkage=0.035


Tree=129
num_leaves=15
num_cat=0
split_feature=3 10 16 24 10 17 21 24 15 10 15 12 17 24
split_gain=15.4328 19.7186 15.114 18.4908 23.6329 23.5906 22.1707 19.0561 16.2579 15.5619 15.0951 13.1011 21.9944 12.5768
threshold=1.1955554485321047 0.45225168764591223 0.86698183417320263 0.041788998991250999 0.64812719821929943 0.014782015234231951 -0.015352656133472918 0.041724324226379401 16.04056549072266 0.15030362457036975 19.598605155944828 0.53765949606895458 0.080433934926986708 0.037889750674366958
decision_type=2 2 2 2 2 2 2 2 2 2 2 2 2 2
left_child=2 -2 8 7 5 -5 -6 9 -1 -4 -3 -10 -13 -12
right_child=1 10 3 4 6 -7 -8 -9 11 -11 13 12 -14 -15
leaf_value=-0.0024944620206154271 0.014881480532515914 0.00021492020047229857 -0.013233766038017486 0.023046190996478005 0.010064922133586488 -0.0084163065338688607 -0.0065033857823832931 0.0094430792360144112 -0.0039553485779923259 -0.00043953640064576583 -0.0015914454292312468 0.0024291930725701049 0.016437089309060023 0.02128925596859273
leaf_weight=1044.7809920087457 163.59997048228979 802.55403158068657 107.41483661532402 20.709863586351275 210.98221880942583 951.04780674725771 169.98887750506401 227.93709078989923 360.18756066262722 14560.686509411782 43.708138197660446 3801.2826364673674 132.91542947292328 72.500145338475704
leaf_count=7362 899 4352 2212 442 1115 12317 1333 1965 2587 115577 197 28611 679 352
internal_value=-4.29225e-06 0.00405447 -0.000209571 -0.000740427 -0.00464296 -0.00751787 0.00269491 -0.000383155 0.00140435 -0.000542181 0.00198708 0.00235649 0.00294292 0.0132392
internal_weight=22670.3 1082.36 21587.9 16248.8 1352.73 971.758 380.971 14896 5339.17 14668.1 918.762 4294.39 3934.2 116.208
internal_count=180000 5800 174200 134961 15207 12759 2448 119754 39239 117789 4901 31877 29290 549
is_linear=0
shrinkage=0.035


Tree=130
num_leaves=15
num_cat=0
split_feature=9 22 21 12 15 22 23 15 21 17 20 24 12 20
split_gain=14.7517 20.7358 18.8395 18.0384 18.0637 18.9477 17.5627 15.9462 15.9159 16.5037 14.5891 14.3623 13.533 13.0001
threshold=0.19430126994848254 0.5702941119670869 1.0000000180025095e-35 1.2460847496986391 20.179944038391117 0.54946553707122814 0.22513678669929507 16.365574836730961 0.17091248184442523 0.1307371184229851 0.0074960114434361466 0.043441580608487136 0.78942695260047924 -0.023001317866146561
decision_type=2 2 2 2 2 2 2 2 2 2 2 2 2 2
left_child=1 13 -3 4 8 6 -6 -4 9 -2 -9 -5 -10 -1
right_child=3 2 7 11 5 -7 -8 10 12 -11 -12 -13 -14 -15
leaf_value=-0.002721322924746342 0.0004436417878676447 0.01761797409378265 -0.015650148850151684 -0.001597807008532444 0.014424012403425539 -0.0016822931050206487 0.000491860446951742 0.010497963229142785 -0.001108485224511128 -0.011709482407919044 -0.0021640587715026486 -0.015252546157640672 0.014743825328010413 -0.010605167581504866
leaf_weight=605.6922945715487 16106.69010633789 70.940720457583666 63.64292954094708 3629.1893882267177 332.85450325533748 257.88502252846956 164.86004726588726 151.2652542758733 103.99868147820234 128.06087411940098 353.01137892156839 87.089194921776652 164.36913219094276 446.73653977550566
leaf_count=7174 119943 558 1069 27827 2192 1960 1122 1954 688 948 5191 975 1113 7286
internal_value=-3.32401e-06 -0.00313785 0.00181991 0.000250799 0.000727246 0.00598313 0.00990979 -0.000424184 0.000483126 0.000340628 0.00176438 -0.00195787 0.00878155 -0.00613619
internal_weight=22666.3 1691.29 638.86 20975 17258.7 755.6 497.715 567.92 16503.1 16234.8 504.277 3716.28 268.368 1052.43
internal_count=180000 23232 8772 156768 127966 5274 3314 8214 122692 120891 7145 28802 1801 14460
is_linear=0
shrinkage=0.035


Tree=131
num_leaves=15
num_cat=0
split_feature=2 23 8 23 21 20 20 22 22 15 24 17 6 20
split_gain=14.5713 16.8096 72.7092 47.8734 46.6426 44.3083 69.2044 56.6873 34.4074 24.6327 22.1991 19.9771 19.1559 24.2028
threshold=0.53329482674598705 0.22513678669929507 -0.24907903373241422 0.19330504536628726 -0.041194939985871308 0.0074960114434361466 0.02811438869684935 0.58798441290855419 0.49854819476604467 17.134798049926761 0.040185062214732177 0.025693416595458988 0.14424917101860049 0.070185318589210524
decision_type=2 2 2 2 2 2 2 2 2 2 2 2 2 2
left_child=1 3 4 5 11 7 -7 -1 10 -10 -4 -3 -5 -14
right_child=-2 2 8 12 -6 6 -8 -9 9 -11 -12 -13 13 -15
leaf_value=3.1167990396258875e-05 0.0029362099596261224 0.026164496364375105 -0.01257679093953782 0.0029164961190170759 -0.0045069150543188561 -0.0086393868366658275 -0.00035707783800585093 0.0094301245885222516 -0.0091310367986307869 0.0085672421347798722 -0.0024072025657490546 0.0041539581888439536 0.005419719334434565 0.021615148172206108
leaf_weight=6661.0756654702127 1883.2311370112002 42.52845649048686 1069.2270271852612 2305.8697969801724 1027.9825508277863 1784.1241423022002 3974.6494778897613 881.25850593298674 148.56362776644528 236.03807129338384 354.89664758369327 1732.6644421182573 410.17172898352146 151.87683830037713
leaf_count=49907 11352 421 10003 18288 6426 18535 35379 7304 1352 2325 4188 10388 3111 1021
internal_value=-3.41113e-06 -0.000271093 -0.00213253 0.000260836 0.00139886 -0.000624318 -0.00293355 0.00114039 -0.0075831 0.00167262 -0.010077 0.00482488 0.00435399 0.0100974
internal_weight=22664.2 20780.9 4611.9 16169 2803.18 13301.1 5758.77 7542.33 1808.73 384.602 1424.12 1775.19 2867.92 562.049
internal_count=180000 168648 35103 133545 17235 111125 53914 57211 17868 3677 14191 10809 22420 4132
is_linear=0
shrinkage=0.035


Tree=132
num_leaves=15
num_cat=0
split_feature=14 8 11 3 11 20 21 15 1 18 16 11 15 3
split_gain=14.5684 18.5723 26.6575 26.7986 26.295 25.0781 21.2785 23.7582 21.0622 18.1381 16.5426 14.0582 14.035 9.53592
threshold=0.44900625944137579 -0.46388831734657282 0.54618939757347118 0.013345095328986646 0.25666087865829473 0.0074960114434361466 1.0000000180025095e-35 18.743803024291996 -0.12811870127916333 -0.031483400613069527 2.0666555166244511 0.51192277669906627 20.471218109130863 -0.21048251539468762
decision_type=2 2 2 2 2 2 2 2 2 2 2 2 2 2
left_child=11 4 3 8 9 -5 7 -4 -3 -2 12 -1 -6 -12
right_child=1 2 6 5 10 -7 -8 -9 -10 -11 13 -13 -14 -15
leaf_value=0.0021806565940377044 -5.4943099554687816e-05 -0.0060630936011102114 0.0063424913742951335 0.0018708315308246049 0.0021310259869865879 -0.0015156046568851635 -0.00040041849930149554 0.025915997045937448 -0.0013085229039474075 0.036537816056427565 -0.013972538651705464 -0.011206704207906563 0.017827222232810431 0.0094836773076694501
leaf_weight=144.50575894862413 25.8691600933671 1435.2489915136248 318.41991223394871 6485.1739557608962 3309.6191565841436 4549.764287352562 342.32633158564568 94.431774653494358 5471.2904394920915 36.129181049764156 106.34083321690559 260.89521642029285 61.540732480585575 18.570468783378601
leaf_count=1061 194 10820 1645 50403 18947 42580 2123 452 48382 274 880 1843 274 122
internal_value=-2.93814e-06 0.000118228 -0.000323207 -0.000595745 0.00243225 0.000474478 0.00607489 0.0113266 -0.00230391 0.0233823 0.00199509 -0.00649714 0.00246944 -0.0100408
internal_weight=22660.1 22254.7 18696.7 17941.5 3558.07 11034.9 755.178 412.852 6906.54 61.9983 3496.07 405.401 3371.16 124.911
internal_count=180000 177096 156405 152185 20691 92983 4220 2097 59202 468 20223 2904 19221 1002
is_linear=0
shrinkage=0.035


Tree=133
num_leaves=15
num_cat=0
split_feature=23 9 22 17 10 7 20 23 24 20 22 20 15 22
split_gain=14.583 26.7339 44.1349 28.6788 32.1956 27.8792 21.6364 42.5896 24.1945 19.8493 33.9127 28.1751 31.1517 48.3375
threshold=0.13297493755817416 0.22487947344779971 0.46727332472801214 0.016915886662900451 0.25855948030948644 -0.10038011521100997 0.0074960114434361466 0.17689362913370135 0.035735940560698516 0.016725691966712478 0.60080283880233776 -0.018789016641676422 18.655429840087894 0.52399712800979625
decision_type=2 2 2 2 2 2 2 2 2 2 2 2 2 2
left_child=9 2 5 4 -3 -2 8 -8 -4 11 -11 12 -1 -14
right_child=1 3 6 -5 -6 -7 7 -9 -10 10 -12 -13 13 -15
leaf_value=-6.1825826716515651e-05 0.0011405310212768999 -0.0010937216249159165 -0.015234710363960489 -0.00012610153068052458 0.030526625545577425 -0.017532454764784766 -0.012707236851646727 0.0030228827468916043 0.0064437827810722792 0.011656785515070893 0.00018515378437944022 -0.0061716478610219158 0.016517608803455437 -0.0046275757824392662
leaf_weight=2076.1433476544917 128.25465682707727 76.83152088150382 61.818591212853789 16025.075713403523 69.644114889204502 389.05857527256012 404.8511479254812 422.50117183849216 530.49792686663568 576.67421005666256 684.13011118210852 644.904346909374 366.89768151193857 198.57524364069104
leaf_count=12813 1653 910 857 119273 676 5846 6651 5865 7097 3966 5324 5333 2453 1283
internal_value=-1.91252e-06 -0.000447058 -0.00432171 1.94202e-05 0.0149307 -0.0129691 -0.001102 -0.00473422 0.00396588 0.00176786 0.00548256 0.00033048 0.00193515 0.00914074
internal_weight=22655.9 18108.5 1936.98 16171.6 146.476 517.313 1419.67 827.352 592.317 4547.32 1260.8 3286.52 2641.62 565.473
internal_count=180000 148828 27969 120859 1586 7499 20470 12516 7954 31172 9290 21882 16549 3736
is_linear=0
shrinkage=0.035


Tree=134
num_leaves=15
num_cat=0
split_feature=9 12 23 2 2 23 20 21 24 11 16 15 15 22
split_gain=14.1888 14.7789 16.646 55.3929 43.2924 33.4308 35.3171 32.225 14.0799 23.4938 16.7457 13.9645 11.3968 10.4209
threshold=0.12534701824188235 1.2460847496986391 0.22513678669929507 -1.0000000180025095e-35 0.46473187208175665 0.19330504536628726 -0.055737031623721116 -0.041194939985871308 0.041136151179671294 0.51192277669906627 1.0156668424606325 18.239056587219242 19.598605155944828 0.61266016960144054
decision_type=2 2 2 2 2 2 2 2 2 2 2 2 2 2
left_child=-1 2 5 7 -5 6 -2 -4 11 -10 -11 13 -7 -3
right_child=1 8 3 4 -6 12 -8 -9 9 10 -12 -13 -14 -15
leaf_value=-0.0098906408241493902 0.0047365075661075402 -0.0014902600938236376 0.0056384975985142851 -0.0095022846835015658 0.0063593767422685148 0.0038997698704749139 -0.00050820650026790466 -0.0030200226724111322 -0.0097659494689434495 0.017272017359298897 -0.0023809561907244823 0.0028324110587703193 0.012075393192384322 -0.0094847029222928456
leaf_weight=166.36527428776026 1829.82531148009 1768.2374519277364 1224.6341435965151 1233.6335936803371 246.48927789554 2271.0994779542089 10828.467974940315 909.64985845424235 579.17881416715682 61.956812649965286 195.69386423379183 898.16836785897613 223.88324725441635 216.15823399275541
leaf_count=2904 12138 12517 8289 10555 1385 17401 90197 6356 6357 308 1351 6786 1775 1681
internal_value=-1.93736e-06 7.55858e-05 0.000475247 -0.00165603 -0.00683584 0.000984363 0.000253086 0.00195129 -0.00193693 -0.00590532 0.00281371 -0.000768444 0.00467867 -0.00240428
internal_weight=22653.4 22487.1 18767.7 3614.41 1480.12 15153.3 12658.3 2134.28 3719.39 836.829 257.651 2882.56 2494.98 1984.4
internal_count=180000 177096 148096 26585 11940 121511 102335 14645 29000 8016 1659 20984 19176 14198
is_linear=0
shrinkage=0.035


Tree=135
num_leaves=15
num_cat=0
split_feature=23 9 22 17 10 7 20 23 23 6 20 23 23 10
split_gain=13.6379 25.0768 41.8517 26.6404 29.4053 26.5067 20.1923 40.1072 21.4749 18.9867 16.2965 36.6289 31.2016 16.0582
threshold=0.13297493755817416 0.22487947344779971 0.46727332472801214 0.016915886662900451 0.25855948030948644 -0.10038011521100997 0.0074960114434361466 0.18032129853963855 0.1535952687263489 -0.01411261362954974 -0.039823643863201134 0.20001561939716342 0.18801177293062213 1.0029493570327761
decision_type=2 2 2 2 2 2 2 2 2 2 2 2 2 2
left_child=9 2 5 4 -3 -2 8 -8 -4 -1 11 -5 -12 -11
right_child=1 3 6 10 -6 -7 7 -9 -10 13 12 -13 -14 -15
leaf_value=-0.0013001015826963642 0.001050540665224003 -0.0010737351035058425 0.011238516383022331 0.00578462095252968 0.029000424968712125 -0.017179539559333972 -0.010973318776276548 0.0045459851689102649 -0.002000654982840298 0.0039775380265453736 -0.0024428495640183025 -0.00058006690555403059 0.0013263612255028357 -0.0080705239279737218
leaf_weight=1638.7752473019063 128.52923728711903 76.783703736960888 256.87374905310571 1650.2587259784341 71.234524097293615 383.26448739878833 483.85311284661293 340.07063524797559 337.2700039409101 2778.9349077623338 6441.3212787136436 3323.1701178904623 4606.4779548607767 133.31725116074085
leaf_count=11397 1653 910 2787 10087 676 5846 7879 4637 5167 19025 52239 22888 34059 750
internal_value=-1.95602e-06 -0.000432777 -0.00419301 1.83364e-05 0.0143189 -0.0126689 -0.00106668 -0.0045901 0.00381449 0.00170858 -0.000122635 0.0015392 -0.000871465 0.00340027
internal_weight=22650.1 18099.1 1929.86 16169.2 148.018 511.794 1418.07 823.924 594.144 4551.03 16021.2 4973.43 11047.8 2912.25
internal_count=180000 148828 27969 120859 1586 7499 20470 12516 7954 31172 119273 32975 86298 19775
is_linear=0
shrinkage=0.035


Tree=136
num_leaves=15
num_cat=0
split_feature=14 8 24 3 23 10 10 22 22 3 14 15 1 15
split_gain=13.5686 16.9804 27.3166 24.2591 34.0124 41.9712 29.3571 35.9397 25.6493 20.8396 18.0397 17.6448 15.584 13.3961
threshold=0.44900625944137579 -0.46388831734657282 0.03320316597819329 0.013345095328986646 0.26395021378993994 0.53621113300323497 0.64812719821929943 0.2226631045341492 0.51738458871841442 -0.43415968120098108 2.5791200399398808 18.8310661315918 -0.36194674670696253 17.516696929931644
decision_type=2 2 2 2 2 2 2 2 2 2 2 2 2 2
left_child=13 2 9 6 8 -6 7 -3 -5 -2 11 -4 -11 -1
right_child=1 3 10 4 5 -7 -8 -9 -10 12 -12 -13 -14 -15
leaf_value=-0.009469883424415914 -0.013321006012508151 0.007067251402750897 0.0030153078946743919 0.0032445434072136147 -0.012277818926295607 0.004505067078927145 0.0043695890867614063 -0.0034125170470677771 -0.00022742765899000112 0.01991223059998205 -0.0082862226965603018 0.01128615404164759 -0.0029496128560989824 0.0057539255294632588
leaf_weight=320.80470935627818 215.69862095266581 420.69398472458124 2660.8614989854395 4411.5677986200899 502.19794950261712 277.01859133690596 800.47710457444191 5921.9987521413714 6346.6241577193141 37.263948231935501 144.32711254060268 351.39501099288464 152.65456891804934 82.797756489366293
leaf_count=2299 1222 2923 15570 32948 5390 1500 4719 53046 55879 183 1004 1869 843 605
internal_value=-1.92314e-06 0.000114824 0.00232581 -0.000307808 0.00068454 -0.00632987 -0.00190933 -0.00270739 0.001198 -0.00612383 0.00342749 0.0040143 0.00230775 -0.00628316
internal_weight=22646.4 22242.8 3562.2 18680.6 11537.4 779.217 7143.17 6342.69 10758.2 405.617 3156.58 3012.26 189.919 403.602
internal_count=180000 177096 20691 156405 95717 6890 60688 55969 88827 2248 18443 17439 1026 2904
is_linear=0
shrinkage=0.035


Tree=137
num_leaves=15
num_cat=0
split_feature=9 12 0 10 11 1 24 11 3 15 8 15 11 3
split_gain=13.3084 13.8588 16.5905 16.5767 19.0926 15.1011 13.802 11.0203 10.9743 14.0397 10.3961 10.351 10.1535 9.26948
threshold=0.12534701824188235 1.3119403719902041 0.30430580675601965 1.7810811996459963 0.74117162823677074 0.099077314138412489 0.041136151179671294 0.42048552632331854 0.19468660652637484 16.889247894287113 -0.3801936656236648 17.451268196105961 0.31335109472274786 -0.11040785908699034
decision_type=2 2 2 2 2 2 2 2 2 2 2 2 2 2
left_child=11 2 3 4 -2 -4 8 -8 12 -10 -9 -1 -3 -7
right_child=1 6 5 -5 -6 13 7 10 9 -11 -12 -13 -14 -15
leaf_value=-0.020746978605725726 0.00014429704083598121 -0.0063092972383312785 0.016041871583598422 -0.010973529194237251 0.0075971727867599915 0.0082913891087009993 -0.01124633298886718 -0.0061144091364524625 -0.0054781143189544549 0.0060658522546185268 0.0073350334023983537 -0.0028029269039655776 -0.00011939238569448679 -0.00224403660849778
leaf_weight=54.866756739094853 18786.27835557051 541.07870149798691 136.69902282208204 150.7919458001852 420.73713549971581 184.65555212646723 320.47278296202421 215.98203904181719 169.31922700628638 458.5429929792881 92.703891083598137 109.94878241233528 790.94826798886061 208.6792182661593
leaf_count=1199 150330 4827 763 1111 2176 1151 4110 1418 1125 3083 613 1705 5130 1259
internal_value=-1.89985e-06 7.28852e-05 0.000386813 0.000217896 0.000311424 0.00643769 -0.00233077 -0.00679803 -0.000869473 0.00291565 -0.00197188 -0.00962155 -0.00266205 0.00278488
internal_weight=22641.7 22476.9 19887.8 19357.8 19207 530.034 2589.05 629.159 1959.89 627.862 308.686 164.816 1332.03 393.335
internal_count=180000 177096 156790 153617 152506 3173 20306 6141 14165 4208 2031 2904 9957 2410
is_linear=0
shrinkage=0.035


Tree=138
num_leaves=15
num_cat=0
split_feature=3 11 12 24 0 17 0 5 4 11 3 15 16 22
split_gain=13.228 19.1444 13.0001 24.5684 18.939 16.5109 17.5301 11.3272 16.7109 10.2462 12.4039 9.54097 9.13855 8.73103
threshold=1.1955554485321047 0.28982384502887731 1.4036168456077578 0.041136151179671294 0.30430580675601965 0.1307371184229851 -0.29325899481773371 0.13532633334398272 0.052284536883234985 0.31335109472274786 0.10641456395387651 19.463782310485843 1.3775897026062014 0.5938289761543275
decision_type=2 2 2 2 2 2 2 2 2 2 2 2 2 2
left_child=2 12 4 13 5 6 -1 8 -3 -6 -11 -9 -2 -4
right_child=1 7 3 -5 9 -7 -8 11 -10 10 -12 -13 -14 -15
leaf_value=0.0088706336903380586 0.015209117801292813 0.001639860056787969 0.00068257899209145823 -0.011037727526781203 -0.003106100603949741 -0.013249446114729212 -0.00018753816826991805 -0.0080434124920611069 0.01903657922794395 0.011920666998302996 -0.0016993528741831992 0.0089067691914649222 -0.004334486651629269 -0.0079550329822278051
leaf_weight=255.33564126491547 196.75874383747578 545.20913736522198 909.43636562861502 370.09507908672094 106.51608447730541 107.04070693999529 19207.241985067725 203.22177206724882 67.643878847360611 335.67059798538685 104.34926433116198 41.520461067557335 29.66492760181427 159.91965315677226
leaf_count=1357 1070 2838 6339 3643 729 829 157448 1173 355 2005 606 203 161 1244
internal_value=-2.25328e-06 0.00375229 -0.00019272 -0.00339405 3.79306e-05 -0.000143057 -6.42068e-05 0.0013052 0.00383484 0.00640461 0.00872474 -0.00493106 0.0125736 -0.000670889
internal_weight=22639.6 1084.02 21555.6 1439.45 20116.2 19569.6 19462.6 857.595 612.853 546.536 440.02 244.742 226.424 1069.36
internal_count=180000 5800 174200 11226 162974 159634 158805 4569 3193 3340 2611 1376 1231 7583
is_linear=0
shrinkage=0.035


Tree=139
num_leaves=15
num_cat=0
split_feature=10 23 23 22 22 23 21 23 20 22 20 15 15 13
split_gain=12.8157 13.3365 20.855 68.9232 32.0078 21.048 33.9019 27.7754 18.8251 31.2812 25.9023 28.6947 17.0351 15.6239
threshold=0.15030362457036975 0.13297493755817416 0.14416451752185824 0.61015853285789501 0.56378209590911876 0.16016178578138354 -0.019823805429041382 0.18801177293062213 0.016725691966712478 0.60080283880233776 -0.018789016641676422 18.655429840087894 18.007331848144535 0.43748229742050176
decision_type=2 2 2 2 2 2 2 2 2 2 2 2 2 2
left_child=-1 8 3 4 -3 6 -4 -7 10 -10 11 -2 -11 -5
right_child=1 2 5 13 -6 7 -8 -9 9 12 -12 -13 -14 -15
leaf_value=-0.010322905858372576 -1.1182044792015495e-05 -0.0017778032891145937 -0.0040613357366831686 -0.003415244259740084 -0.014358993286500095 -0.0027358457350769383 0.0048479220713573482 0.00058042715105525327 0.011335492655355377 0.00432697658694727 -0.0059301925851626969 0.0088954690726257297 -0.0071470009581963588 0.010346651272410086
leaf_weight=136.42945215664804 2062.8820991702378 414.99098633229733 678.9855089224875 134.85910990461707 616.37445959821343 4730.9549411721528 2180.7502536587417 8897.4617833830416 573.6615249812603 436.40200190991163 634.12004013359547 554.31606739386916 235.79198417440057 349.58523923531175
leaf_count=2904 12576 3904 4978 1015 6560 41631 18217 67598 3867 3274 5172 3531 1872 2901
internal_value=-2.01155e-06 6.51242e-05 -0.000360936 -0.00427569 -0.00936238 1.33326e-06 0.00272582 -0.000571942 0.00176783 0.00540746 0.000360873 0.0019019 0.000256372 0.00652404
internal_weight=22637.6 22501.1 18004 1515.81 1031.37 16488.2 2859.74 13628.4 4497.17 1245.86 3251.32 2617.2 672.194 484.444
internal_count=180000 177096 146804 14380 10464 132424 23195 109229 30292 9013 21279 16107 5146 3916
is_linear=0
shrinkage=0.035


Tree=140
num_leaves=15
num_cat=0
split_feature=11 2 15 3 3 12 20 11 10 22 16 20 22 21
split_gain=12.6284 28.4329 15.5708 21.8261 14.8405 19.0963 23.4056 19.3694 18.3068 43.14 15.8429 13.8619 13.3738 14.9969
threshold=0.14463458955287936 0.10719282925128938 20.868925094604496 -0.095818575471639619 0.038896564394235618 0.73407596349716198 0.058028543367981918 0.74117162823677074 0.53621113300323497 0.2226631045341492 2.0666555166244511 -0.023001317866146561 0.62254077196121227 0.099927101284265532
decision_type=2 2 2 2 2 2 2 2 2 2 2 2 2 2
left_child=1 -1 4 -4 8 6 -6 -7 9 -2 -10 -3 13 -13
right_child=2 11 3 -5 5 7 -8 -9 10 -11 -12 12 -14 -15
leaf_value=-0.0079521624984259225 0.0077311983862838485 0.0059744912267712747 0.020369555721503403 0.0017997812372991422 -0.0040219869811325042 0.0015293656287139804 0.0079375515075386163 0.012377899822727727 0.0015577943906820465 -0.00282295628354983 -0.0070245901916493542 -0.0064141759820056524 0.0074214672513700577 0.0069060443957935308
leaf_weight=756.09505920484662 506.6567173153162 393.29248769022524 100.71675110608339 266.27613672241569 1403.3625866100192 7867.7045575994998 224.10581005737185 197.19653501361609 3982.4677034467459 5846.9120324086398 272.25519039481878 556.1404416076839 143.76121062412858 118.0603160392493
leaf_count=12198 3392 3832 555 1737 10591 58917 1619 1053 23074 50743 2183 7407 1523 1176
internal_value=-2.31497e-06 -0.00267451 0.000253221 0.00730117 0.000122277 0.00111171 -0.00233672 0.00180963 -0.000781926 -0.0019705 0.000993433 0.000658067 -0.00193946 -0.00401481
internal_weight=22635 1967.35 20667.7 366.993 20300.7 9692.37 1627.47 8064.9 10608.3 6353.57 4254.72 1211.25 817.962 674.201
internal_count=180000 26136 153864 2292 151572 72180 12210 59970 79392 54135 25257 13938 10106 8583
is_linear=0
shrinkage=0.035


Tree=141
num_leaves=15
num_cat=0
split_feature=18 4 17 22 9 24 17 3 10 21 24 18 23 23
split_gain=12.8183 21.6886 22.7544 25.4024 23.0754 22.3864 29.4209 24.1579 29.0625 20.946 17.8853 15.9819 14.2441 14.0703
threshold=-0.068998783826827989 -0.015192166436463593 0.023003676906228069 0.5702941119670869 0.25371542572975164 0.039155300706624992 0.036640072241425521 0.092719733715057387 0.57371908426284801 -0.15080039948225019 0.035735940560698516 -0.048410285264253609 0.24698165804147723 0.22513678669929507
decision_type=2 2 2 2 2 2 2 2 2 2 2 2 2 2
left_child=9 5 3 4 -3 7 11 12 -9 -1 -5 -7 -2 -4
right_child=1 2 13 10 -6 6 -8 8 -10 -11 -12 -13 -14 -15
leaf_value=0.0077769462952082787 0.00013750435200289744 -0.0075819729548865043 0.0013049282948886588 -0.011319552874799514 0.0012625515297772511 0.0038847741657980148 0.0033253308306585459 0.0084731014227413977 -0.0049948321664671702 -0.0020894559319783335 0.0023343162002433995 -0.010480610991979436 0.0087876333249107819 -0.0018811995944975344
leaf_weight=269.15331075526774 1916.5508172027767 1452.3988827820867 7042.2293111309409 120.82908623479307 476.52207688428462 113.90360020659864 639.0292467661202 1501.5301521699876 218.86225572228432 4796.7572488710284 1150.1927519198507 449.56626831926405 255.55860398896039 2226.8209482245147
leaf_count=1458 14802 18406 51000 1622 4767 1272 4252 10759 1164 33580 13474 5192 1681 16571
internal_value=-1.69083e-06 0.000445788 -0.000340695 -0.00288051 -0.00540177 0.00236744 -0.00179543 0.00365477 0.00674079 -0.00155096 0.000958087 -0.00755959 0.00119084 0.000538282
internal_weight=22629.9 17564 12469 3199.94 1928.92 5095 1202.5 3892.5 1720.39 5065.91 1271.02 563.47 2172.11 9269.05
internal_count=180000 144962 105840 38269 23173 39122 10716 28406 11923 35038 15096 6464 16483 67571
is_linear=0
shrinkage=0.035


Tree=142
num_leaves=15
num_cat=0
split_feature=23 8 23 20 22 22 22 22 3 24 13 19 24 12
split_gain=12.3675 50.9095 35.7102 32.6894 33.4993 93.7535 84.9832 31.3612 26.0482 31.6169 23.4781 24.9127 22.8711 22.4045
threshold=0.22513678669929507 -0.24907903373241422 0.19330504536628726 -0.023001317866146561 0.57900977134704601 0.56378209590911876 0.58936241269111644 0.49854819476604467 -0.01290716417133808 0.036792531609535224 0.79825779795646679 0.51254245638847362 0.039888098835945136 1.1469829678535464
decision_type=2 2 2 2 2 2 2 2 2 2 2 2 2 2
left_child=2 -2 3 8 5 -5 -6 10 -1 -10 11 -3 -12 -9
right_child=1 7 -4 4 6 -7 -8 13 9 -11 12 -13 -14 -15
leaf_value=-0.0013201868190100459 0.001388598312146283 -0.010189347531756897 0.0038428393241633587 -0.0014032626546151387 0.011260985068014985 -0.014597719548456969 -0.0015317284289943047 -0.0063857528672188685 0.005704927321248953 -0.0020163327108510859 -0.0096292629056088253 0.011632686094354085 0.024688234971260537 0.009437441859989083
leaf_weight=1966.4499247167259 2888.7135109454393 1399.3508137781173 3084.615466222167 3969.851263711229 752.66841128841043 781.83416433632374 3824.7370957378298 187.59475808776915 2529.4378088004887 867.19138238951564 36.122454147785902 59.093045990914106 42.203412786126137 237.40512871183455
leaf_count=13355 17658 13859 23551 35813 5407 8042 34623 1760 16383 6280 357 344 406 2162
internal_value=-1.82956e-06 -0.00156645 0.000425726 -0.000293821 -0.00154502 -0.00360035 0.000591755 -0.00590275 0.00188148 0.00373348 -0.00821838 -0.00923197 0.00956328 0.00246685
internal_weight=22627.3 4850.48 17776.8 14692.2 9329.09 4751.69 4577.41 1961.77 5363.08 3396.63 1536.77 1458.44 78.3259 425
internal_count=180000 36546 143454 119903 83885 43855 40030 18888 36018 22663 14966 14203 763 3922
is_linear=0
shrinkage=0.035


Tree=143
num_leaves=15
num_cat=0
split_feature=12 17 3 16 22 22 24 15 17 11 24 7 24 8
split_gain=12.2831 15.3966 28.5314 23.9502 32.3888 22.7073 15.9081 16.9695 15.8364 15.8864 24.2517 15.8146 12.8821 10.9715
threshold=1.2460847496986391 0.029978419654071334 0.62586495280265819 1.0077885389328005 0.57900977134704601 0.2589207142591477 0.036300789564847953 17.134798049926761 0.1307371184229851 0.74117162823677074 0.040601676329970367 -0.26718436181545252 0.043441580608487136 -0.63893720507621754
decision_type=2 2 2 2 2 2 2 2 2 2 2 2 2 2
left_child=1 2 3 4 -1 -5 7 -4 9 11 -11 -3 -2 -10
right_child=12 8 6 5 -6 -7 -8 -9 13 10 -12 -13 -14 -15
leaf_value=-0.0014441688252284039 -0.001502929487643339 -0.0015296858507249985 -0.00081498320353188159 0.0078510239456803053 0.0051784675441727858 -0.0044363811784905302 0.0028043869639592539 0.022260651334824095 -0.017941170197681648 0.0021914587758443843 0.019308147983996243 0.0018590188708658554 -0.014570874671722241 0.0016018086755520294
leaf_weight=3509.8268317207694 3622.7068620529026 2152.2216174677014 55.48449545353651 187.45907362923026 1207.5743558201939 2955.8217145819217 444.99900252744555 116.42683215811849 78.430718876421452 320.94064267724752 140.34732505679131 7689.222574416548 85.027978878468275 55.921257100999355
leaf_count=35106 28041 11980 310 1777 12647 32758 3168 636 623 1721 722 49153 988 370
internal_value=-1.76717e-06 0.000359549 -0.000747956 -0.00131949 0.000258481 -0.00368101 0.00643947 0.0151776 0.00125898 0.00141899 0.00769842 0.00111714 -0.001841 -0.0102593
internal_weight=22622.4 18914.7 8477.59 7860.68 4717.4 3143.28 616.91 171.911 10437.1 10302.7 461.288 9841.44 3707.73 134.352
internal_count=180000 150971 86402 82288 47753 34535 4114 946 64569 63576 2443 61133 29029 993
is_linear=0
shrinkage=0.035


Tree=144
num_leaves=15
num_cat=0
split_feature=14 8 24 11 24 24 3 4 11 3 14 21 19 11
split_gain=12.1184 14.7271 25.6667 22.7654 43.9037 34.7128 27.966 20.2835 19.8297 19.7038 16.246 15.0458 13.0733 12.7646
threshold=0.44900625944137579 -0.46388831734657282 0.03320316597819329 0.54618939757347118 0.040601676329970367 0.041788998991250999 0.026028295978903774 0.0895691253244877 0.2508505135774613 -0.43415968120098108 2.5791200399398808 -0.019823805429041382 -0.24466954171657559 0.51192277669906627
decision_type=2 2 2 2 2 2 2 2 2 2 2 2 2 2
left_child=13 2 9 5 -5 6 -3 -7 -4 -2 -10 -11 -6 -1
right_child=1 3 8 4 12 7 -8 -9 10 11 -12 -13 -14 -15
leaf_value=0.0022855440361816129 -0.013064704257177069 -0.0018416433118437746 0.024423265226013183 -0.00065753456185787087 -0.0046824092438167153 -0.0075373067623833896 0.0010889664174711041 0.0051014654898818915 0.0034207173482973968 0.01030536503249471 -0.0083074747939084707 -0.008590941189339155 0.019307659753232818 -0.010510539069639167
leaf_weight=144.11561860516667 214.48479748517275 6687.4580909647048 43.357194568961859 490.6563650816679 27.420341923832893 1181.3707717694342 9853.263537760824 171.78309093415737 2976.249733414501 108.35930591821671 142.70513515174389 81.925184667110443 239.40822228044271 256.26830130070448
leaf_count=1061 1222 57009 330 2724 162 14769 78933 1474 17111 543 1002 483 1334 1843
internal_value=-1.51938e-06 0.00010851 0.00216569 -0.000285877 0.00561714 -0.000538762 -9.62838e-05 -0.00590716 0.00323098 -0.00603424 0.00285927 0.00214701 0.0167623 -0.00596121
internal_weight=22618.8 22218.4 3567.08 18651.4 757.485 17893.9 16540.7 1353.15 3162.31 404.769 3118.95 190.284 266.829 400.384
internal_count=180000 177096 20691 156405 4220 152185 135942 16243 18443 2248 18113 1026 1496 2904
is_linear=0
shrinkage=0.035


Tree=145
num_leaves=15
num_cat=0
split_feature=18 4 17 20 3 22 24 17 3 11 18 23 22 24
split_gain=12.1318 19.7621 20.9049 23.4456 36.329 22.7337 20.0208 27.0289 21.0243 19.3035 15.0984 13.5992 15.5417 14.738
threshold=-0.068998783826827989 -0.015192166436463593 0.023003676906228069 0.061955412849783904 0.038896564394235618 0.5702941119670869 0.039155300706624992 0.036640072241425521 0.092719733715057387 0.42048552632331854 -0.048410285264253609 0.18686003983020785 0.36472003161907202 0.03320316597819329
decision_type=2 2 2 2 2 2 2 2 2 2 2 2 2 2
left_child=11 6 3 5 -5 -3 8 10 -2 -10 -8 12 -1 -13
right_child=1 2 -4 4 -6 -7 7 -9 9 -11 -12 13 -14 -15
leaf_value=0.0042237404802848294 0.001177100796376293 -0.0064238688164549064 0.00052374301187988826 -0.0064463136002179426 0.012303076183955984 0.00028386001420417206 0.0038652766657104455 0.0032142035585244417 0.0074827182579445565 -0.0054134613667800426 -0.010106938424013934 -0.009141544936204048 -0.0039965380107052223 0.0013932619168875104
leaf_weight=308.38263550028205 2172.0482880324125 1734.790474018082 9266.4471940137446 216.10144098475575 280.17029697261751 957.95530904829502 113.91242645867169 639.46752882376313 1581.0970776118338 149.04586261510849 444.77782083675265 166.77238816022873 2549.8296362794936 2034.2152243610471
leaf_count=1703 16483 21159 67571 2739 2769 11602 1272 4252 11129 794 5192 971 18750 13614
internal_value=-1.45141e-06 0.000433837 -0.000317886 -0.00275743 0.00417259 -0.00404535 0.00226664 -0.00168019 0.0034797 0.00634703 -0.00724024 -0.00150981 -0.00309799 0.000557287
internal_weight=22615 17555.8 12455.5 3189.02 496.272 2692.75 5100.35 1198.16 3902.19 1730.14 558.69 5059.2 2858.21 2200.99
internal_count=180000 144962 105840 38269 5508 32761 39122 10716 28406 11923 6464 35038 20453 14585
is_linear=0
shrinkage=0.035


Tree=146
num_leaves=15
num_cat=0
split_feature=9 12 23 8 21 2 23 20 24 15 17 24 23 15
split_gain=11.6606 12.1951 14.8691 55.501 42.2869 41.243 27.1916 26.9274 12.1735 10.5017 10.2249 21.1926 16.1811 10.0379
threshold=0.12534701824188235 1.2460847496986391 0.22513678669929507 -0.1860629394650459 -0.041194939985871308 0.37569543719291693 0.19330504536628726 -0.055737031623721116 0.043441580608487136 19.598605155944828 0.058173839002847678 0.041788998991250999 0.24698165804147723 17.451268196105961
decision_type=2 2 2 2 2 2 2 2 2 2 2 2 2 2
left_child=13 2 6 4 -4 -5 7 -2 10 -8 11 -3 -12 -1
right_child=1 8 3 5 -6 -7 9 -9 -10 -11 12 -13 -14 -15
leaf_value=-0.020222260453807223 0.0041462634252602401 -0.0014786539337777317 0.0049889131783633018 -0.011402829749710665 -0.0042067020100949983 0.0060247350463063934 0.0034858387686366224 -0.00041995940099198747 -0.01421426359918504 0.011294154807262409 -0.0013947436464006875 -0.011484649369447264 0.0080053786731269366 -0.0024026614002053957
leaf_weight=53.071599604561925 1843.4560312386602 2293.1736348867416 1499.4197464864701 882.5744642149657 1021.6002466492355 197.7615736797452 2284.3150250036269 10794.563717532903 83.922315528616309 225.92156853340566 728.05666993558407 283.06067930534482 312.78313098847866 108.65705502778292
leaf_count=1199 12138 17747 9216 9392 6709 1268 17401 90197 986 1775 4728 3796 1743 1705
internal_value=-1.68529e-06 6.77817e-05 0.000430401 -0.00158817 0.00126065 -0.00818662 0.000911027 0.000248848 -0.00176549 0.00423061 -0.00143827 -0.00261821 0.00147939 -0.00908726
internal_weight=22612.3 22450.6 18749.6 3601.36 2521.02 1080.34 15148.3 12638 3701 2510.24 3617.07 2576.23 1040.84 161.729
internal_count=180000 177096 148096 26585 15925 10660 121511 102335 29000 19176 28014 21543 6471 2904
is_linear=0
shrinkage=0.035


Tree=147
num_leaves=15
num_cat=0
split_feature=18 21 4 17 20 3 22 24 9 3 10 23 8 15
split_gain=11.5358 18.4315 18.0361 19.3896 21.5053 33.6932 21.4045 18.5582 25.639 19.3812 25.6009 16.0282 14.2188 13.0418
threshold=-0.068998783826827989 -0.15080039948225019 -0.015192166436463593 0.023003676906228069 0.061955412849783904 0.038896564394235618 0.5702941119670869 0.039155300706624992 0.39506794512271887 0.092719733715057387 0.57371908426284801 0.42612589895725256 -0.55113002657890309 17.719628334045414
decision_type=2 2 2 2 2 2 2 2 2 2 2 2 2 2
left_child=1 12 7 4 6 -6 -4 9 -9 -2 -11 -10 -1 -3
right_child=2 13 3 -5 5 -7 -8 8 11 10 -12 -13 -14 -15
leaf_value=0.015444984037004032 0.0011244554446493968 -0.0033478652864041788 -0.0062083535306275113 0.00051291207565440009 -0.0063027968310856016 0.011736667693169667 0.00030785227411026878 -0.0076692633561311375 0.0056318452030261618 0.0076904753590204796 -0.0049417387226331488 -0.0064307578331660705 -0.00030893522288132113 0.00045500815914683852
leaf_weight=124.82735171914101 2173.9282997269183 3062.6712800823152 1724.8955272678286 9266.5676785707474 215.20969082228839 282.85433435440063 957.38574321940541 493.4212757460773 531.8369377553463 1518.4902153443545 218.57047912478447 170.53718627803028 145.57049624435604 1721.4559793584049
leaf_count=612 16483 20854 21159 67571 2739 2769 11602 5786 3512 10759 1164 1418 846 12726
internal_value=-2.26865e-06 -0.00147392 0.000422087 -0.000296806 -0.00265029 0.00397132 -0.00389002 0.00217142 -0.00163404 0.00333615 0.0060818 0.00265387 0.00725521 -0.0019814
internal_weight=22608.2 5054.53 17553.7 12446.9 3180.35 498.064 2682.28 5106.78 1195.8 3910.99 1737.06 702.374 270.398 4784.13
internal_count=180000 35038 144962 105840 38269 5508 32761 39122 10716 28406 11923 4930 1458 33580
is_linear=0
shrinkage=0.035


Tree=148
num_leaves=15
num_cat=0
split_feature=16 3 8 11 6 11 21 23 18 15 5 5 8 9
split_gain=11.3959 15.575 13.4751 23.4237 21.4671 17.1394 23.5544 20.976 16.606 13.499 14.2647 13.0561 11.7703 9.04709
threshold=2.0666555166244511 -0.74777272343635548 -0.46388831734657282 0.25666087865829473 -0.26123164594173426 0.54618939757347118 -0.041194939985871308 0.16016178578138354 -0.031483400613069527 20.471218109130863 0.21382509917020801 0.16411040723323825 -0.056180434301495545 0.33615627884864813
decision_type=2 2 2 2 2 2 2 2 2 2 2 2 2 2
left_child=2 -2 3 8 13 7 -7 -6 -1 10 -5 -3 -13 -4
right_child=1 11 4 9 5 6 -8 -9 -10 -11 -12 12 -14 -15
leaf_value=-0.00062240088082092927 -0.01598563048545637 -0.010851843580080392 0.004477033642583535 0.0008833427033291309 0.0010525349703035263 0.013094274777665046 5.9736831439691942e-05 -0.0013839851598471144 0.033749604710532156 0.016491716063583076 0.012730040613708919 0.010047680496980614 -0.0096908899440641075 -0.013565744513433073
leaf_weight=26.274465322494507 117.3263052329421 93.422905018553138 35.815620418637991 3329.6984875053167 7486.6815395001322 269.86418379843235 432.19227510690689 10232.388569330797 38.064181115478277 63.578876413404942 119.46666791290045 124.86879792809486 42.074828311800957 193.88215799629688
leaf_count=195 1062 675 272 19050 60474 1305 2524 90732 278 281 735 879 286 1252
internal_value=-2.23222e-06 -0.00595124 0.000101483 0.00206609 -0.000276218 -0.000140727 0.00518363 -0.000354491 0.0215173 0.00164975 0.00132928 -0.00100553 0.00480643 -0.010683
internal_weight=22605.6 377.693 22227.9 3577.08 18650.8 18421.1 702.056 17719.1 64.3386 3512.74 3449.17 260.367 166.944 229.698
internal_count=180000 2902 177098 20539 156559 155035 3829 151206 473 20066 19785 1840 1165 1524
is_linear=0
shrinkage=0.035


Tree=149
num_leaves=15
num_cat=0
split_feature=14 3 11 17 24 23 23 22 10 11 1 16 11 16
split_gain=11.2193 13.4377 15.8595 13.1032 35.3154 30.4312 22.9318 18.4698 16.3695 11.9822 11.163 11.3113 10.6845 8.59957
threshold=0.44900625944137579 1.1955554485321047 0.28982384502887731 0.066158112138509764 0.034483484923839576 0.27688330411911016 0.42612589895725256 0.2589207142591477 0.39383536577224737 0.51192277669906627 0.21874997764825824 1.3373398184776308 0.64701920747756969 1.2567811012268069
decision_type=2 2 2 2 2 2 2 2 2 2 2 2 2 2
left_child=9 3 13 6 -5 -6 7 -2 -8 -1 11 -4 -12 -3
right_child=1 2 10 4 5 -7 8 -9 -10 -11 12 -13 -14 -15
leaf_value=0.0022243309355667886 0.0039781430627732007 0.015482739936619775 0.0067959707370183198 -0.0091089052746997409 0.0024137720933702978 0.015104364083713967 -0.023083007944475511 -0.00048574064119646026 -0.0048403704782032098 -0.010186447284111427 -0.0064452763651361719 -0.0090090918217155275 0.0086157552660024797 -0.00045263003720112866
leaf_weight=144.23976505547762 1203.1734913028777 174.75183332711458 439.42102409899235 258.88850212097168 1370.7422458529472 269.95795496553183 71.791301587596536 17720.798136243597 260.51334380730987 254.23740831017494 262.88579953461885 54.513106226921082 63.938232816755772 52.778510078787804
leaf_count=1061 7894 939 2262 1448 8158 1362 1415 149314 1921 1843 1462 288 345 288
internal_value=-1.63252e-06 0.000104062 0.0039529 -8.84283e-05 0.00267707 0.00458071 -0.000362487 -0.000199979 -0.00934073 -0.00574955 0.00162653 0.00490748 -0.00333049 0.0119229
internal_weight=22602.6 22204.2 1048.29 21155.9 1899.59 1640.7 19256.3 18924 332.305 398.477 820.758 493.934 326.824 227.53
internal_count=180000 177096 5584 171512 10968 9520 160544 157208 3336 2904 4357 2550 1807 1227
is_linear=0
shrinkage=0.035


Tree=150
num_leaves=15
num_cat=0
split_feature=10 15 23 23 22 22 23 23 21 20 21 15 20 6
split_gain=11.1769 12.627 11.3875 17.7221 62.018 30.2294 17.9603 31.255 24.8677 16.6731 28.1235 28.0961 22.8407 19.2503
threshold=0.15030362457036975 17.451268196105961 0.13297493755817416 0.14416451752185824 0.61015853285789501 0.56378209590911876 0.16016178578138354 0.15604651719331744 -0.041194939985871308 0.016725691966712478 0.10473833978176118 17.934490203857425 0.012586914468556644 0.046614049002528198
decision_type=2 2 2 2 2 2 2 2 2 2 2 2 2 2
left_child=1 -1 9 4 5 -4 7 -5 -8 12 11 -11 13 -2
right_child=2 -3 3 6 -6 -7 8 -9 -10 10 -12 -13 -14 -15
leaf_value=-0.023017030677391751 -0.001655147535139695 -0.0014447740963944645 -0.0014759537696672066 0.00017344246888096015 0.0062283820910446564 -0.013769337969091145 0.0012980899033510779 0.008204138861830754 -0.0017548430682955802 0.01115143375566391 -0.0092138107962807803 -0.00033571345740049185 -0.013911099988330972 0.0038339274680123884
leaf_weight=44.496517984196544 1669.3678178116679 88.968624386936426 411.88409990444779 2040.7616235390306 486.83571477234364 604.61695297248662 5442.5922260489315 827.49538815021515 8151.1981553081423 698.69753515720367 141.18932101503015 411.82911113277078 122.83230615407228 1456.7501011751592
leaf_count=1209 11453 1695 3904 16911 3916 6560 40737 6284 68492 4780 1239 2994 1236 8590
internal_value=-1.8193e-06 -0.00973989 6.03399e-05 -0.000334241 -0.00395885 -0.00885099 -1.03506e-06 0.00251076 -0.000532474 0.00163265 0.00504737 0.00692655 0.00030561 0.000906794
internal_weight=22599.5 133.465 22466.1 17965.4 1503.34 1016.5 16462 2868.26 13593.8 4500.67 1251.72 1110.53 3248.95 3126.12
internal_count=180000 2904 177096 146804 14380 10464 132424 23195 109229 30292 9013 7774 21279 20043
is_linear=0
shrinkage=0.035


Tree=151
num_leaves=15
num_cat=0
split_feature=23 8 21 23 22 21 21 21 24 3 13 1 12 24
split_gain=10.972 43.5172 37.3909 32.0872 30.5638 25.1458 38.6853 48.9455 46.0242 23.9945 22.5524 23.9086 19.9604 18.7806
threshold=0.22513678669929507 -0.23921982198953626 -0.041194939985871308 0.19330504536628726 0.49854819476604467 -0.15080039948225019 -0.045057980343699448 -0.0036788767902180548 0.0340968705713749 -0.14064995944499967 0.79825779795646679 0.53986594080924999 1.1764066219329836 0.039888098835945136
decision_type=2 2 2 2 2 2 2 2 2 2 2 2 2 2
left_child=3 2 -2 5 10 9 8 -8 -7 -1 11 -3 -6 -12
right_child=1 4 -4 -5 12 6 7 -9 -10 -11 13 -13 -14 -15
leaf_value=-0.0051185525191910766 0.0040873446337353295 -0.0099090063132413909 -0.0040740833364855599 0.0036335511947368396 -0.0050828722406452463 0.0021933508374367538 0.0043919767024154554 -0.00091260644988454698 -0.0067863512658804023 0.014087063362811136 -0.0083891660619217646 0.014943176978297364 0.009955707617709024 0.023175447391239092
leaf_weight=106.20196402072906 1902.0228789001703 1334.5036389548331 1064.3537873439491 3092.8049821555614 201.60167200304568 1023.7108190637082 2862.1546421758831 8246.5007194783539 2168.7775869481266 264.4751576911658 34.459576305001974 40.576798789203167 212.37666000425816 41.767295161262155
leaf_count=610 11556 13421 6748 23551 1928 6243 19622 74560 17001 1867 347 226 1921 399
internal_value=-2.51693e-06 -0.0014796 0.00115513 0.000399829 -0.00565343 -0.000283847 -0.000519816 0.000456845 -0.00390904 0.00859459 -0.00803402 -0.00907306 0.00268498 0.0095881
internal_weight=22596.3 4831.66 2966.38 17764.6 1865.29 14671.8 14301.1 11108.7 3192.49 370.677 1451.31 1375.08 413.978 76.2269
internal_count=180000 36546 18304 143454 18242 119903 117426 94182 23244 2477 14393 13647 3849 746
is_linear=0
shrinkage=0.035


Tree=152
num_leaves=15
num_cat=0
split_feature=18 3 19 11 19 4 24 24 3 21 15 2 8 11
split_gain=10.9061 16.9388 27.2273 19.7951 17.5467 19.9017 18.823 17.3502 16.121 16.0886 15.2776 13.3547 13.0467 12.9572
threshold=-0.068998783826827989 0.69814115762710582 0.20736686885356906 0.29735919833183294 0.40295478701591497 -0.0063404566608369342 0.039838077500462539 0.039155300706624992 -0.74777272343635548 -0.15080039948225019 18.486165046691898 -0.0095316157676279527 -0.55113002657890309 0.74117162823677074
decision_type=2 2 2 2 2 2 2 2 2 2 2 2 2 2
left_child=9 4 3 10 5 7 -7 -2 -6 12 -3 -10 -1 -5
right_child=1 2 -4 13 8 6 -8 -9 11 -11 -12 -13 -14 -15
leaf_value=0.014513367882650275 0.0024742868290456386 0.0077661472980713932 -0.00091089475802371518 0.00093125983608173177 -0.012418760878329093 -0.0020426314755226846 0.0017490370207568814 -0.0022585968395364016 0.019928578721037985 -0.001910003153438825 0.021312023745307933 0.0046745584511255576 -0.00052957904325915512 0.021510989129380247
leaf_weight=125.7357966825366 4292.6559082027525 313.09231448918581 869.34837821871042 463.36487197875977 51.533381178975105 7347.3344386294484 2042.6321542989463 1208.7740067932755 70.151815541088581 4775.6755979340523 158.05053490400314 697.48022190108895 145.82756482250988 30.886690266430378
leaf_count=612 33213 1943 4998 2510 434 63218 20663 11898 434 33580 954 4549 846 148
internal_value=-2.11378e-06 0.000410441 0.00358317 0.00759797 3.78736e-05 -0.000237891 -0.00121683 0.00143217 0.00499334 -0.00143422 0.0126588 0.00630693 0.0067035 0.00261841
internal_weight=22592.5 17545.3 1834.74 965.394 15710.6 14891.4 9389.97 5501.43 819.165 5047.24 471.143 767.632 271.563 494.252
internal_count=180000 144962 10553 5555 134409 128992 83881 45111 5417 35038 2897 4983 1458 2658
is_linear=0
shrinkage=0.035


Tree=153
num_leaves=15
num_cat=0
split_feature=21 1 8 11 15 21 15 24 23 23 1 24 18 21
split_gain=10.7953 14.4263 14.9989 12.5039 21.6399 16.9698 16.8457 25.6007 50.2316 25.32 15.0213 14.1624 13.3626 17.8343
threshold=0.17091248184442523 0.11560970544815065 -0.046099407598376267 0.14875999093055728 16.236111640930179 -0.092673916369676576 19.949443817138675 0.035735940560698516 0.22513678669929507 0.1535952687263489 -0.013632211834192274 0.041788998991250999 -0.068998783826827989 -0.15080039948225019
decision_type=2 2 2 2 2 2 2 2 2 2 2 2 2 2
left_child=3 -2 -3 4 -1 10 12 8 -8 -9 -6 -7 13 -5
right_child=1 2 -4 6 5 11 7 9 -10 -11 -12 -13 -14 -15
leaf_value=-0.013036913498909355 0.015674278063701367 -0.0061614986714216636 0.010855969863592951 0.0070024704079041291 0.0042697200254646021 0.00031211996227207997 0.02117990822667094 -0.0086855037266853966 -0.0082116833159180773 0.0045860662105409915 -0.019553485511300435 -0.012916616947565913 0.0004415702483730184 -0.002264601275624706
leaf_weight=210.53523197583854 113.96175039932132 142.83412194252014 98.56546089425683 260.59917883574963 41.656207352876663 1664.7567659337074 226.10429611057043 230.91096442937851 95.620439812541008 645.38990750536323 99.399636346846819 95.389194177463651 14327.942440127954 4336.3317011091858
leaf_count=3358 860 1012 720 1395 603 20780 1472 1568 582 4809 1392 2063 109604 29782
internal_value=-9.9061e-07 0.00596644 0.000942309 -9.90034e-05 -0.00265454 -0.00144262 0.000170365 0.00417754 0.0124602 0.00103038 -0.0127012 -0.000473716 -8.53788e-05 -0.00172519
internal_weight=22590 355.361 241.4 22234.6 2111.74 1901.2 20122.9 1198.03 321.725 876.301 141.056 1760.15 18924.9 4596.93
internal_count=180000 2592 1732 177408 28196 24838 149212 8431 2054 6377 1995 22843 140781 31177
is_linear=0
shrinkage=0.035


Tree=154
num_leaves=15
num_cat=0
split_feature=16 3 0 1 3 1 0 6 21 10 19 8 11 10
split_gain=10.6674 14.3902 12.4513 13.225 12.5617 15.3803 16.0362 13.3883 14.3145 11.2637 10.3168 9.81885 9.57809 9.49823
threshold=2.0666555166244511 -0.74777272343635548 0.30430580675601965 0.099077314138412489 0.62586495280265819 0.21874997764825824 -0.06762711331248282 -0.39780975878238672 -0.092673916369676576 0.76076689362525951 0.26883429288864141 -0.051017131656408303 0.94854721426963817 0.64812719821929943
decision_type=2 2 2 2 2 2 2 2 2 2 2 2 2 2
left_child=2 -2 4 -4 7 6 -6 13 -9 -7 12 -12 -3 -1
right_child=1 10 3 -5 5 9 -8 8 -10 -11 11 -13 -14 -15
leaf_value=0.010241374540862654 -0.015512231239687197 -0.016162149960619192 0.013245183042217923 0.0018875944278124103 0.00010590200641240848 0.00085545056646575072 0.0066968430445063978 -0.0028452988005265999 -0.00014673016599305906 -0.0076125575110840222 0.0091334732686928159 -0.0093741389969925742 0.0052688691578331153 0.0017304807058380375
leaf_weight=206.38069155067205 115.44805618003011 67.397200606763363 159.93729401379824 498.22990630194545 770.12497871369123 692.27101628109813 1086.585319802165 2857.2066985033453 15040.638321908191 255.61974117159843 121.99968795105815 38.829239688813686 32.187209628522396 645.69983089715242
leaf_count=1157 1062 466 880 3101 4145 4257 6571 22582 129350 1435 841 267 266 3620
internal_value=-1.20721e-06 -0.00577078 9.89727e-05 0.00480446 -4.68706e-05 0.00213351 0.00397827 -0.000373974 -0.000578877 -0.00148377 -0.0010382 0.00437797 -0.00938661 0.00388677
internal_weight=22588.6 375.861 22212.7 658.167 21554.5 2804.6 1856.71 18749.9 17897.8 947.891 260.413 160.829 99.5844 852.081
internal_count=180000 2902 177098 3981 173117 16408 10716 156709 151932 5692 1840 1108 732 4777
is_linear=0
shrinkage=0.035


Tree=155
num_leaves=15
num_cat=0
split_feature=9 12 23 8 2 21 23 20 24 2 15 17 24 23
split_gain=10.4817 11.2164 13.0428 48.6133 38.0627 36.0191 24.4608 22.9158 11.3683 9.47798 9.44457 9.08972 18.8086 13.6897
threshold=0.12534701824188235 1.2460847496986391 0.22513678669929507 -0.1860629394650459 0.37569543719291693 -0.041194939985871308 0.19330504536628726 -0.055737031623721116 0.043441580608487136 0.025767459534108642 17.719628334045414 0.058173839002847678 0.041788998991250999 0.24698165804147723
decision_type=2 2 2 2 2 2 2 2 2 2 2 2 2 2
left_child=10 2 6 5 -5 -4 7 -2 11 -8 -1 12 -3 -13
right_child=1 8 3 4 -6 -7 9 -9 -10 -11 -12 13 -14 -15
leaf_value=-0.018847912649881421 0.0038183736723827553 -0.0014298950297303983 0.0045962285550540036 -0.010848052420237925 0.0059082841102535335 -0.0038994468042784368 0.001774041757720717 -0.00038687717011890306 -0.013806683893697479 0.0060824516638866453 -0.0017674664830915527 -0.0012874629117981856 -0.010928874109903796 0.0073442056109769838
leaf_weight=57.468010243028402 1851.2587300147861 2289.9601037856191 1504.8833306357265 868.31094896607101 197.98350515216589 1015.4696490038186 1224.011062214151 10780.042399590835 82.707018878310919 1294.2851400580257 101.91710080951452 725.85728276520967 278.11407481692731 314.78385246545076
leaf_count=1304 12138 17747 9216 9392 1268 6709 9223 90197 986 9953 1600 4728 3796 1743
internal_value=-1.28973e-06 6.4191e-05 0.000411808 -0.00148337 -0.00771084 0.00117137 0.000861171 0.000231982 -0.00169652 0.00400366 -0.00867515 -0.00138159 -0.002497 0.00136858
internal_weight=22587.1 22427.7 18736.2 3586.65 1066.29 2520.35 15149.6 12631.3 3691.42 2518.3 159.385 3608.72 2568.07 1040.64
internal_count=180000 177096 148096 26585 10660 15925 121511 102335 29000 19176 2904 28014 21543 6471
is_linear=0
shrinkage=0.035


Tree=156
num_leaves=15
num_cat=0
split_feature=14 3 10 16 20 23 12 18 16 17 22 22 12 10
split_gain=10.358 11.9732 13.761 12.2183 13.1533 16.0435 12.1665 10.9934 10.4735 10.4595 10.5379 8.09172 7.78609 6.33298
threshold=0.44900625944137579 1.1955554485321047 0.44089113175868994 0.78591814637184154 -0.10282622277736662 0.22513678669929507 0.82526722550392162 -0.1501023322343826 1.6473843455314638 0.080433934926986708 0.57900977134704601 0.57900977134704601 0.78942695260047924 0.34088800847530371
decision_type=2 2 2 2 2 2 2 2 2 2 2 2 2 2
left_child=7 3 13 9 6 -6 -5 -1 12 10 -2 -10 -4 -3
right_child=1 2 8 4 5 -7 -8 -9 11 -11 -12 -13 -14 -15
leaf_value=-0.016195017672490861 0.00050419404111114977 0.0014550380078473862 -0.0020087184132996103 -0.0080948833849691058 -1.1873143771696843e-05 -0.0025504167398501133 0.0069368031493187068 -0.0023420725750138436 -0.018094733556703484 0.011161125747913956 0.0063680387136316827 0.0042112273089812691 0.0053312911344892836 0.017400234162206731
leaf_weight=82.103222765028477 1998.6039423234761 43.854686081409454 246.30069763958454 67.840674709528685 14126.785659221932 3879.4562750998884 472.09050675667822 314.3900296818465 43.326862029731274 139.49423732608557 452.86423989012837 26.736580274999142 581.9298876747489 107.42988813668489
leaf_count=583 13912 242 1321 460 118667 31027 3164 2321 234 736 3546 162 3055 570
internal_value=-1.93616e-06 9.94568e-05 0.00373012 -8.25048e-05 -0.000397362 -0.000559916 0.00493526 -0.00553849 0.00201552 0.00216412 0.0016089 -0.0101198 0.00315058 0.0131548
internal_weight=22583.2 22186.7 1049.58 21137.1 18546.2 18006.2 539.931 396.493 898.294 2590.96 2451.47 70.0634 828.231 151.285
internal_count=180000 177096 5584 171512 153318 149694 3624 2904 4772 18194 17458 396 4376 812
is_linear=0
shrinkage=0.035


Tree=157
num_leaves=15
num_cat=0
split_feature=10 15 3 10 15 20 20 23 20 23 9 23 1 24
split_gain=10.1856 11.9685 10.1297 19.9469 20.0081 19.4041 48.2537 35.4548 32.3279 21.8186 27.8317 25.9825 15.0602 12.4777
threshold=0.15030362457036975 17.451268196105961 0.038896564394235618 0.3037365078926087 20.868925094604496 0.0074960114434361466 0.061955412849783904 0.12467885017395021 0.092964261770248427 0.15863632410764697 0.27689747512340551 0.118607334792614 -0.117665097117424 0.043070860207080848
decision_type=2 2 2 2 2 2 2 2 2 2 2 2 2 2
left_child=1 -1 3 13 12 9 7 -7 -8 11 -11 -4 -5 -2
right_child=2 -3 5 4 -6 6 8 -9 -10 10 -12 -13 -14 -15
leaf_value=-0.022549296010470128 -0.0043338393725362405 -0.0013462435664316529 -0.0011215523085462303 -0.0019336982092204255 0.014069308491158785 0.0062771510142942437 0.0090212823854199462 -0.0045870139575033119 -0.0021720195141052721 -0.0057636341261021202 0.0017365518178000386 0.0059232282911945069 0.00097007466793511631 0.01436360646438516
leaf_weight=42.877433612942696 1892.9685076922178 88.708440968766809 871.60529824718833 3657.8952276334167 111.96192949265242 412.68554027751088 804.77789737284184 2885.8216589167714 511.08309558779001 771.17326958477497 2694.0621453486383 2387.9221488274634 5413.0034490004182 35.209036381915212
leaf_count=1209 23256 1695 5184 23075 598 2496 5806 28856 4052 9594 18465 16056 38970 688
internal_value=-1.87446e-06 -0.00935993 5.71183e-05 -0.000693619 -1.26146e-05 0.000792717 -0.000953941 -0.0032129 0.00469019 0.00199087 5.56357e-05 0.00404177 -0.000201729 -0.00392007
internal_weight=22581.8 131.586 22450.2 11111 9182.86 11339.1 4614.37 3298.51 1315.86 6724.76 3465.24 3259.53 9070.9 1928.18
internal_count=180000 2904 177096 86587 62643 90509 41210 31352 9858 49299 28059 21240 62045 23944
is_linear=0
shrinkage=0.035


Tree=158
num_leaves=15
num_cat=0
split_feature=12 24 16 0 7 6 3 2 14 21 8 24 3 14
split_gain=9.93546 13.2565 13.0505 18.2876 14.8812 14.0328 15.2351 12.9879 10.7014 13.8437 11.4975 10.161 6.83742 6.04768
threshold=1.4447717666625979 0.041136151179671294 1.6473843455314638 0.30430580675601965 -0.30384890735149378 -0.39780975878238672 -0.039381494745612138 1.1877669095993044 1.3088335990905764 -0.023950153961777684 -0.013455391395837067 0.033066125586628921 0.94833856821060192 1.0238475799560549
decision_type=2 2 2 2 2 2 2 2 2 2 2 2 2 2
left_child=2 13 3 5 -4 11 -7 -3 9 -5 -10 -1 -6 -2
right_child=1 7 4 8 12 6 -8 -9 10 -11 -12 -13 -14 -15
leaf_value=-0.0079887979693905459 0.0028247866255776345 -0.011363443541738785 -0.016888912678087134 0.011506187761577896 -2.674490383392271e-05 -0.0012705394007654883 0.00072724014281828138 0.014061671191150362 0.019560479155689776 -0.0026592754658888934 -0.0019249190585372798 0.0060610299800066565 -0.012476041614154032 -0.0032126509195132859
leaf_weight=60.772563092410564 322.34610412083566 279.84996560029685 99.366628222167492 134.12516535818577 319.07578264549375 7586.412013636902 12153.803422989324 18.479426182806492 113.64485779777169 197.33045902103186 38.275368914008141 683.57923666387796 55.073438733816147 514.6121029406786
leaf_count=333 2293 2723 723 720 2183 58450 102658 148 660 1222 246 3786 312 3543
internal_value=-1.86244e-06 -0.00317808 0.000167716 0.00029867 -0.00551739 0.000138226 -4.07861e-05 -0.00938355 0.00695739 0.00324195 0.0143628 0.00482324 -0.00213631 -0.000881494
internal_weight=22576.7 1135.29 21441.5 20967.9 473.516 20484.6 19740.2 298.329 483.376 331.456 151.92 744.352 374.149 836.958
internal_count=180000 8707 171293 168075 3218 165227 161108 2871 2848 1942 906 4119 2495 5836
is_linear=0
shrinkage=0.035


Tree=159
num_leaves=15
num_cat=0
split_feature=10 15 3 24 2 20 3 11 23 20 17 10 21 23
split_gain=9.79935 29.8189 11.6802 23.2926 18.0231 14.422 10.5142 20.4568 19.3783 42.4484 29.7067 26.1347 26.0875 23.3816
threshold=0.17806206643581393 17.258499145507816 0.026028295978903774 0.036445425823330886 0.088432338088750853 0.048252414911985404 0.026028295978903774 0.18416628241539004 0.24243597686290744 -0.0077311408240348092 0.055158255621790893 0.50407126545906078 -0.13655275851488111 0.20133908092975619
decision_type=2 2 2 2 2 2 2 2 2 2 2 2 2 2
left_child=1 -1 3 -3 -4 -5 7 -2 12 11 -11 -10 -8 -14
right_child=6 2 4 5 -6 -7 8 -9 9 10 -12 -13 13 -15
leaf_value=-0.020424740769415268 -0.0051296926467776097 -0.0075459595116102018 -0.01440565837958792 0.037045468283988144 0.0027169079026087531 -0.0046697240816985048 0.010346640809195262 -0.00015233052895989992 -0.004456209012731552 -0.020630131817833804 0.0046119561758495974 0.0072304816892247402 0.00031990316749745315 0.0052915198040807791
leaf_weight=105.66815372183919 1120.7393435500562 39.138560498133302 105.47215824201703 29.178052632138133 209.46879488043487 10.941185001283882 370.76280997693539 9600.4745627082884 554.36364315077662 224.50011342763901 71.266204029321671 390.96908810734749 8408.4890406597406 1334.3405215404928
leaf_count=2347 14321 682 1859 553 3064 207 2400 67792 5613 2249 398 2062 66247 10206
internal_value=-1.92921e-06 -0.00479907 -0.000208793 0.0110106 -0.00328422 0.0270072 0.000108817 -0.000676933 0.000850672 -0.00326009 -0.014596 0.000402244 0.00135785 0.00100552
internal_weight=22575.8 499.867 394.199 79.2578 314.941 40.1192 22075.9 10721.2 11354.7 1241.1 295.766 945.333 10113.6 9742.83
internal_count=180000 8712 6365 1442 4923 760 171288 82113 89175 10322 2647 7675 78853 76453
is_linear=0
shrinkage=0.035


Tree=160
num_leaves=15
num_cat=0
split_feature=21 19 8 21 22 20 24 20 23 22 24 21 24 3
split_gain=9.73323 12.2947 13.4592 11.4852 59.6379 45.5488 64.9156 38.3857 71.8329 33.955 25.7906 25.1012 21.5593 16.803
threshold=0.17091248184442523 -0.06074655428528785 -0.046099407598376267 0.08534699305891992 0.5938289761543275 0.034011216834187515 0.035185910761356361 0.026058134622871879 0.13760865479707721 0.51214519143104564 0.036935579031705863 0.039167748764157302 0.039091851562261588 0.69814115762710582
decision_type=2 2 2 2 2 2 2 2 2 2 2 2 2 2
left_child=3 -2 -3 5 10 7 -7 11 -9 -8 -5 -1 13 -6
right_child=1 2 -4 4 12 6 9 8 -10 -11 -12 -13 -14 -15
leaf_value=0.00056462173217854085 0.014503690477278022 -0.0058199927239824265 0.010296511504802793 -0.0028139363524818961 -0.00586299781426791 0.019209110922765379 -0.00050386780851793074 0.0038542654503240436 -0.012351293355839231 0.0068645777623643879 0.0064133777198682731 -0.0036782219265592731 -0.014199338150799212 0.0065025406119838605
leaf_weight=12101.260659789667 116.18580730445683 141.52549433894455 99.341923821717501 592.5973254237324 1176.1936579160392 296.92933481000364 1976.268519025296 540.25792507454753 856.04235384240746 1239.8051498550922 962.41404108889401 1978.5748859997839 351.33339534886181 143.50780122727156
leaf_count=89261 869 1005 718 5070 10901 2608 15766 3995 7733 10660 7767 18566 4233 848
internal_value=-2.20875e-06 0.00565074 0.000972478 -9.55673e-05 -0.00202295 0.000232767 0.00382469 -0.000584526 -0.0060982 0.00234916 0.00290144 -3.37931e-05 -0.00659543 -0.00447955
internal_weight=22572.2 357.053 240.867 22215.2 3226.05 18989.1 3513 15476.1 1396.3 3216.07 1555.01 14079.8 1671.03 1319.7
internal_count=180000 2592 1723 177408 28819 148589 29034 119555 11728 26426 12837 107827 15982 11749
is_linear=0
shrinkage=0.035


Tree=161
num_leaves=15
num_cat=0
split_feature=16 24 10 2 23 15 24 2 23 19 9 7 0 3
split_gain=9.69803 18.6427 15.3225 24.8366 18.5214 17.7578 21.0938 31.8198 14.7976 14.1599 16.9048 16.2456 13.4203 13.3293
threshold=0.92023369669914257 0.032605132088065154 0.29246887564659124 0.37569543719291693 0.22513678669929507 18.486165046691898 0.0340968705713749 0.0086634284816682356 0.2075224965810776 0.12731394171714785 0.92676493525505077 -0.21575506031513211 0.091420073062181487 -0.1255412548780441
decision_type=2 2 2 2 2 2 2 2 2 2 2 2 2 2
left_child=1 -1 3 4 8 6 7 -4 -2 10 11 -3 -11 -7
right_child=2 9 5 -5 -6 13 -8 -9 -10 12 -12 -13 -14 -15
leaf_value=-0.010505692550733168 -0.0028696758629111101 -0.0010405224833378113 0.0078844844048040815 0.0087098650530028649 -0.0096488109496518249 -0.00092999594222451269 -0.0013986277450495725 -0.0030215492366607757 0.0066766424158297092 -0.0036251928115021339 0.010544893326147763 0.0028898119020957951 0.0041958062819665862 0.0043773507048720118
leaf_weight=158.79898721165955 2763.2691326942295 1910.2885949835181 780.81900629401207 218.17608395591378 465.10864620283246 858.56469459831715 7240.3431777283549 552.41153775900602 204.88685581274331 1138.8624156173319 261.52253071963787 3919.7555985562503 341.74291206151247 1755.3043979816139
leaf_count=1112 32920 11088 4758 1811 6833 5737 51875 3362 2273 8167 1366 33897 2444 12357
internal_value=-2.065e-06 0.00100233 -0.000525669 -0.00249096 -0.00322598 0.000117429 -0.000652955 0.00337682 -0.0021905 0.0012572 0.00200298 0.00160241 -0.00180397 0.00263717
internal_weight=22569.9 7730.97 14838.9 3651.44 3433.26 11187.4 8573.57 1333.23 2968.16 7572.17 6091.57 5830.04 1480.61 2613.87
internal_count=180000 58074 121926 43837 42026 78089 59995 8120 35193 56962 46351 44985 10611 18094
is_linear=0
shrinkage=0.035


Tree=162
num_leaves=15
num_cat=0
split_feature=18 4 17 6 15 24 18 3 24 15 14 8 15 10
split_gain=9.76883 15.0331 16.4356 17.5968 16.9787 15.4446 19.941 15.6558 19.3277 15.0587 14.276 13.8993 12.056 16.8487
threshold=-0.068998783826827989 -0.015192166436463593 0.021254251711070541 0.30359195172786718 18.655429840087894 0.038224844262003906 -0.048410285264253609 0.092719733715057387 0.03751721233129502 15.909159183502199 1.478732764720917 -0.41809865832328791 17.719628334045414 0.29246887564659124
decision_type=2 2 2 2 2 2 2 2 2 2 2 2 2 2
left_child=12 5 3 9 -5 7 -7 10 -9 -3 -2 -8 -1 -14
right_child=1 2 -4 4 -6 6 11 8 -10 -11 -12 -13 13 -15
leaf_value=-0.0026385138781557919 0.0021091667845758522 -0.014480111664835085 0.00035942066117598007 -0.0025875885276990833 0.028976545405584302 0.0068673345063586235 0.0043636829176943873 0.0045365459819395179 0.018182604332875409 -0.0026640951968436312 -0.0075543772943563051 -0.0051336338524417173 -0.006583637525423131 0.002424899982109532
leaf_weight=3226.6359260920435 1861.9179043304175 131.32693226635456 9986.462581390515 39.182827051728964 31.314817864447832 295.287488700822 229.33860050886869 1489.4246269315481 131.03150315769017 2229.6628890763968 198.2611675914377 909.15390482544899 295.45754635892808 1513.1524829827249
leaf_count=21805 14049 2014 75054 339 256 2526 1439 10163 847 28177 1516 8582 3542 9691
internal_value=-1.94751e-06 0.000388401 -0.000269576 -0.00284384 0.013291 0.0019834 -0.00109275 0.00318141 0.00574473 -0.00337965 0.0011472 -0.00319915 -0.00135919 0.000925141
internal_weight=22567.6 17532.4 12418 2431.49 70.4976 5114.42 1433.78 3680.64 1620.46 2360.99 2060.18 1138.49 5035.25 1808.61
internal_count=180000 144962 105840 30786 595 39122 12547 26575 11010 30191 15565 10021 35038 13233
is_linear=0
shrinkage=0.035


Tree=163
num_leaves=15
num_cat=0
split_feature=12 24 16 0 15 0 3 16 10 3 10 0 15 11
split_gain=9.27946 18.028 12.1537 17.5961 15.6333 12.3769 10.96 10.1342 8.94921 9.86534 8.88638 7.83795 7.49159 7.38745
threshold=1.4036168456077578 0.040185062214732177 1.6473843455314638 0.30430580675601965 17.013909339904789 -0.29325899481773371 0.79796245694160473 0.70268845558166515 0.59578466415405285 0.17892029881477359 0.64812719821929943 0.10617581382393838 17.195460319519047 0.40403389930725103
decision_type=2 2 2 2 2 2 2 2 2 2 2 2 2 2
left_child=2 -2 3 5 10 7 -7 -1 -5 -10 -4 -3 -13 -14
right_child=1 11 4 8 -6 6 -8 -9 9 -11 -12 12 13 -15
leaf_value=-0.0049352750654995765 3.4842844889624039e-05 -0.01100081117877537 -0.000647905207855017 -0.0019613387944661274 0.0026155543279290563 -0.00021706114929406425 0.0026795249125251535 0.0098208843946390352 0.013056418587344586 0.00056843019670771704 -0.014843782487633756 -0.008615556921939398 -0.0037344880878789014 0.016240598001203237
leaf_weight=65.521032489836216 1005.1622188556939 337.35242559202015 76.395236179232597 104.95176846161485 169.18831389397383 18100.214888628572 1745.2974287308753 261.35259860754013 257.73973982036114 110.38187284767628 182.52583636343479 74.436101399362087 40.972511686384678 33.681958466768265
leaf_count=382 7072 3151 548 699 1150 151211 9701 1409 1457 611 1222 675 444 268
internal_value=-1.59738e-06 -0.00265994 0.000187735 0.000310002 -0.00558105 0.000151843 3.8898e-05 0.00680435 0.00691135 0.00942594 -0.0108351 -0.00811686 -0.00130994 0.00613157
internal_weight=22565.2 1491.61 21073.6 20645.5 428.109 20172.4 19845.5 326.874 473.073 368.122 258.921 486.443 149.091 74.6545
internal_count=180000 11610 168390 165470 2920 162703 160912 1791 2767 2068 1770 4538 1387 712
is_linear=0
shrinkage=0.035


Tree=164
num_leaves=15
num_cat=0
split_feature=14 8 11 24 6 11 24 24 6 18 14 15 24 18
split_gain=9.52576 11.799 22.2582 22.4009 19.5594 18.6644 43.7383 25.7011 16.8794 15.0668 13.4868 11.7788 10.1781 8.51689
threshold=0.44900625944137579 -0.46388831734657282 0.25666087865829473 0.03320316597819329 -0.26123164594173426 0.54618939757347118 0.040601676329970367 0.041788998991250999 -0.20968438684940335 -0.031483400613069527 2.5791200399398808 17.195460319519047 0.0387038141489029 -0.053233185783028596
decision_type=2 2 2 2 2 2 2 2 2 2 2 2 2 2
left_child=11 2 9 8 12 7 -7 -6 -4 -2 -5 -1 13 -3
right_child=1 4 3 10 5 6 -8 -9 -10 -11 -12 -13 -14 -15
leaf_value=-0.0089475618038303232 -0.00039609107664052352 -0.0085283813236258499 -0.0017900631391240286 0.0030331948384255589 1.9692867218916731e-05 -0.0010956140777556619 0.016581935203341145 -0.005084077495828899 -0.017957912451644346 0.032466178069853281 -0.0077233397570635803 0.0042586034800442436 -0.017977014962493505 0.0099494628141442686
leaf_weight=286.7808881085366 26.081275552511215 91.735106930136681 291.61763594299555 2974.746199041605 16345.95859606564 470.23621845245361 258.82884332537651 1295.1670254506171 99.927945747971535 38.298359602689743 140.57079228013754 107.78373651951551 101.45773399621248 34.229108430445194
leaf_count=2110 194 574 1620 17033 134886 2601 1440 15953 568 274 1002 794 733 218
internal_value=-1.63316e-06 9.54515e-05 0.00193514 0.00152875 -0.000258667 -0.000129592 0.00531962 -0.000357681 -0.00626079 0.0208897 0.00252467 -0.00532392 -0.0102402 -0.0031448
internal_weight=22563.4 22168.9 3571.24 3506.86 18597.6 18370.2 729.065 17641.1 391.546 64.3796 3115.32 394.565 227.422 125.964
internal_count=180000 177096 20691 20223 156405 154880 4041 150839 2188 468 18035 2904 1525 792
is_linear=0
shrinkage=0.035


Tree=165
num_leaves=15
num_cat=0
split_feature=18 21 3 19 11 19 20 22 24 3 2 11 2 10
split_gain=9.15716 13.7038 12.1343 23.4074 18.5402 15.8603 14.9957 25.6528 24.5052 14.5739 12.5102 11.8971 11.6532 19.3204
threshold=-0.068998783826827989 -0.15080039948225019 0.69814115762710582 0.20736686885356906 0.29735919833183294 0.40295478701591497 -0.023001317866146561 0.54576775431633007 0.036935579031705863 -0.74777272343635548 -0.0095316157676279527 0.74117162823677074 0.62690767645835888 0.89354899525642406
decision_type=2 2 2 2 2 2 2 2 2 2 2 2 2 2
left_child=1 -1 5 4 -4 6 7 -2 -8 -7 -11 -6 -5 -14
right_child=2 -3 3 12 11 9 8 -9 -10 10 -12 -13 13 -15
leaf_value=0.00618318621787516 0.000343733346630162 -0.0017579418899140845 0.011613627626085084 -0.0055386899871264546 0.00035979407792368083 -0.011921143605643614 -0.0036031272698714943 0.0078003603221435524 0.00028786087650598961 0.019111757277334995 0.0044198426298534066 0.020065525990906542 0.0070689321717969135 -0.0078256700454237237
leaf_weight=272.25407989136875 5804.3919092472643 4757.4584223516285 476.69820578768849 389.9009217582643 466.06835647672415 50.664214074611664 3163.260657178238 616.28400870226324 5281.5944077707827 70.926048055291176 699.82559342496097 30.857110247015953 335.92577181383967 144.83846472203732
leaf_count=1458 44692 33580 2897 2293 2510 434 30107 4756 49437 434 4549 148 1892 813
internal_value=-1.74436e-06 -0.00131668 0.000376046 0.00305353 0.00675404 5.95142e-05 -0.00020346 0.00107047 -0.00117216 0.00476389 0.00599929 0.00195513 -0.00111429 0.00251365
internal_weight=22560.9 5029.71 17531.2 1844.29 973.624 15686.9 14865.5 6420.68 8444.86 821.416 770.752 496.925 870.665 480.764
internal_count=180000 35038 144962 10553 5555 134409 128992 49448 79544 5417 4983 2658 4998 2705
is_linear=0
shrinkage=0.035


Tree=166
num_leaves=15
num_cat=0
split_feature=21 1 3 7 21 23 24 9 24 10 24 10 17 23
split_gain=9.38619 12.5405 11.7632 11.7308 10.4535 21.1379 34.7447 27.388 19.9748 13.2585 12.9658 56.7857 30.5032 49.7962
threshold=0.17091248184442523 0.11560970544815065 -0.01290716417133808 -0.05283862724900245 0.08534699305891992 0.19330504536628726 0.039091851562261588 0.64928302168846141 0.039091851562261588 0.81963747739791881 0.0340968705713749 0.64812719821929943 0.052526783198118217 0.22513678669929507
decision_type=2 2 2 2 2 2 2 2 2 2 2 2 2 2
left_child=4 2 -2 -3 10 6 -6 8 -7 -8 11 -1 13 -12
right_child=1 3 -4 -5 5 7 9 -9 -10 -11 12 -13 -14 -15
leaf_value=0.0043244487671432351 0.0032065788323206519 -0.0084019848371244509 0.025200294153294101 0.0067761513588014263 -0.001898098571528321 0.0011455502379172898 -0.016445572196892203 -0.010364219307561135 0.012813264605550307 0.0029572657534398528 -1.0330481911830282e-05 -0.0082376006330038571 0.0027327848110956332 -0.0059789301605797356
leaf_weight=2660.1135798599571 62.70764715783298 92.818747531622648 53.226542491465807 148.78111019171774 1907.7307634502649 541.70776260271668 299.91390155442059 161.33578059822321 260.68207300268114 46.897016040980816 10345.787603195757 518.43896272778511 3416.1717517636716 2041.9561878498644
leaf_count=18364 465 608 395 1124 16887 4520 3857 970 2209 376 88427 2683 19696 19419
internal_value=-1.07251e-06 0.00554646 0.0145034 0.00084278 -9.28703e-05 -0.00193414 -0.00378377 0.00238729 0.00504724 -0.0138125 0.000220151 0.0022561 -0.000190496 -0.000998204
internal_weight=22558.3 357.534 115.934 241.6 22200.7 3218.27 2254.54 963.726 802.39 346.811 18982.5 3178.55 15803.9 12387.7
internal_count=180000 2592 860 1732 177408 28819 21120 7699 6729 4233 148589 21047 127542 107846
is_linear=0
shrinkage=0.035


Tree=167
num_leaves=15
num_cat=0
split_feature=9 16 22 11 9 9 6 14 14 23 24 24 8 21
split_gain=9.17254 9.16205 19.0998 22.2899 19.1581 17.13 20.6225 15.843 15.0599 14.8027 14.021 12.1202 11.9083 9.78012
threshold=0.12534701824188235 1.0077885389328005 0.62254077196121227 0.28982384502887731 0.92676493525505077 0.28919115662574774 0.2521227896213532 0.44900625944137579 0.59022349119186412 0.13297493755817416 0.035961233079433448 0.041788998991250999 -0.20255509018898007 0.039167748764157302
decision_type=2 2 2 2 2 2 2 2 2 2 2 2 2 2
left_child=-1 2 4 10 9 6 13 -6 -7 -2 -4 -10 -5 -3
right_child=1 5 3 12 7 8 -8 -9 11 -11 -12 -13 -14 -15
leaf_value=-0.0081824965842639003 0.0026432999674223133 -0.0026458577937633148 -0.0077074810680163716 -0.0065672759680797804 -0.0089735887789090616 -0.0072012009251431353 0.0056696009585303067 0.0097142815188535434 0.00080427614547573805 -0.00058196069129467522 0.014528227178744253 -0.003775636187039019 0.010457456294911268 -0.0076060276918089994
leaf_weight=156.63026425056159 2206.4597737006843 1408.7796470616013 32.616659816354513 163.17608077824116 56.11637718975544 324.76332223787904 273.07627693191171 407.07359478622675 7471.7312613576651 8154.3502494469285 318.14471357502043 771.87769185006618 61.135307751595974 749.70139534585178
leaf_count=2904 14876 16051 358 1061 379 2442 2164 2101 50631 66115 2895 7800 394 9829
internal_value=-1.10466e-06 5.97315e-05 0.000754768 0.00691451 0.000421424 -0.000660556 -0.00324681 0.00730842 7.63075e-05 0.000106784 0.0123042 0.000371388 -0.00167897 -0.0043958
internal_weight=22555.6 22399 11399.1 575.073 10824 10999.9 2431.56 463.19 8568.37 10360.8 350.761 8243.61 224.311 2158.48
internal_count=180000 177096 88179 4708 83471 88917 28044 2480 60873 80991 3253 58431 1455 25880
is_linear=0
shrinkage=0.035


Tree=168
num_leaves=15
num_cat=0
split_feature=21 1 7 3 21 22 20 24 20 23 22 24 21 24
split_gain=8.90041 11.7049 11.0177 10.8474 9.60167 53.5258 42.7281 59.8661 35.4325 67.1547 30.8745 22.9863 22.6839 18.8649
threshold=0.17091248184442523 0.11560970544815065 -0.05283862724900245 -0.01290716417133808 0.08534699305891992 0.5938289761543275 0.034011216834187515 0.035185910761356361 0.026058134622871879 0.13760865479707721 0.51214519143104564 0.036935579031705863 0.039167748764157302 0.039091851562261588
decision_type=2 2 2 2 2 2 2 2 2 2 2 2 2 2
left_child=4 3 -3 -2 6 11 8 -8 12 -10 -9 -6 -1 -7
right_child=1 2 -4 -5 5 13 7 10 9 -11 -12 -13 -14 -15
leaf_value=0.00051215214725588987 0.0031309424092779031 -0.0081577970345541075 0.006564774846843844 0.024192878044894384 -0.0026271820321129746 -0.0042521779194429231 0.018362244642053483 -0.00046786834222290071 0.00369383016211235 -0.011995262418105461 0.0065505657476269347 0.0060870053725221637 -0.0035277417313168214 -0.013439848946411074
leaf_weight=12102.246530652046 62.791807198897004 92.310766477137804 149.29636783525348 53.99442895129323 590.01333726197481 1312.1941627040505 300.63588258251548 1973.0401130821556 541.44993493705988 847.45499971136451 1245.6938076447695 967.72907408513129 1971.0812625400722 342.5379537474364
leaf_count=89261 465 608 1124 395 5070 11749 2608 15766 3995 7733 10660 7767 18566 4233
internal_value=-1.3351e-06 0.00539432 0.000839063 0.0140087 -9.08551e-05 -0.00185732 0.000208924 0.00368385 -0.000583876 -0.00589635 0.00226024 0.0027907 -5.57702e-05 -0.00622338
internal_weight=22552.5 358.393 241.607 116.786 22194.1 3212.47 18981.6 3519.37 15462.2 1388.9 3218.73 1557.74 14073.3 1654.73
internal_count=180000 2592 1732 860 177408 28819 148589 29034 119555 11728 26426 12837 107827 15982
is_linear=0
shrinkage=0.035


Tree=169
num_leaves=15
num_cat=0
split_feature=10 15 11 12 15 8 2 10 12 21 19 24 6 8
split_gain=8.89837 11.2774 8.8185 8.76671 11.9467 18.3725 19.3964 13.0213 12.954 21.3937 16.409 9.30133 7.03396 14.0283
threshold=0.15030362457036975 17.451268196105961 0.091421436518430724 1.2460847496986391 20.179944038391117 -0.1637638062238693 0.025767459534108642 1.0029493570327761 0.762935370206833 -0.092673916369676576 0.40295478701591497 0.043441580608487136 0.11807952076196672 -0.51864704489707936
decision_type=2 2 2 2 2 2 2 2 2 2 2 2 2 2
left_child=1 -1 -3 4 8 7 -7 -6 9 -2 -10 12 13 -5
right_child=3 2 -4 11 5 6 -8 -9 10 -11 -12 -13 -14 -15
leaf_value=-0.021948885986550839 -0.0086612007864006989 -0.009786699769302111 0.01038948532208315 0.0023678241633675956 0.011823343675874792 -0.01638357013460752 0.0027288910120415004 -0.010121732938868953 0.00042314546907050861 -0.0006578134543139204 0.0062621110551990562 -0.01267213741674386 0.0011919072618688919 -0.0036745063525685036
leaf_weight=40.91392227448523 449.63736713305116 51.112366130575538 36.992075718939304 613.45279930904508 354.88984504342079 67.180379316210747 403.83501051925123 28.872139260172844 13100.172081625089 3744.8539544381201 607.49912229925394 79.343273419886827 1038.1590119153261 1933.4480436015874
leaf_count=1209 3039 956 739 3897 2258 832 3383 135 105005 30051 3627 975 7715 16179
internal_value=-1.16479e-06 -0.00882882 -0.00111988 5.35452e-05 0.000359618 0.00437753 -0.00028103 0.00995719 0.000165438 -0.00153431 0.000686294 -0.00150986 -0.00122826 -0.00221557
internal_weight=22550.4 129.018 88.1044 22421.3 18756.9 854.777 471.015 383.762 17902.2 4194.49 13707.7 3664.4 3585.06 2546.9
internal_count=180000 2904 1695 177096 148330 6608 4215 2393 141722 33090 108632 28766 27791 20076
is_linear=0
shrinkage=0.035


Tree=170
num_leaves=15
num_cat=0
split_feature=16 3 5 8 11 24 1 6 11 24 24 19 8 24
split_gain=8.61589 13.1641 10.8191 10.7301 20.8191 21.1066 21.9454 18.2502 13.1022 48.5897 21.2014 12.8079 10.4561 9.5773
threshold=2.0666555166244511 -0.74777272343635548 0.16411040723323825 -0.46388831734657282 0.25666087865829473 0.03320316597819329 -0.36194674670696253 -0.26123164594173426 0.54618939757347118 0.039155300706624992 0.041788998991250999 -0.13526370376348493 -0.056180434301495545 0.0387038141489029
decision_type=2 2 2 2 2 2 2 2 2 2 2 2 2 2
left_child=3 -2 -3 4 -1 6 -6 13 10 -10 -9 -7 -4 -5
right_child=1 2 12 7 5 11 -8 8 9 -11 -12 -13 -14 -15
leaf_value=0.019991714899872025 -0.014682243024546496 -0.0098335462203368897 0.0093923297596945898 -0.003054587778559003 0.010577130046748012 0.00057470049155197017 -0.0099963974213842805 2.6349349004534665e-05 -0.0045281573437106334 0.013630758506947276 -0.0046311619580614409 0.0051437250628559609 -0.0092524180062841192 -0.01749733431551119
leaf_weight=65.824820421636105 112.33295322209597 91.13422991707921 126.10633085668087 125.71662447601557 69.97673824429512 1880.0534241311252 320.1307829618454 16384.819091485813 356.00695489346981 348.55231241881847 1281.6439980361611 1245.3382918015122 41.571124814450741 100.0637497715652
leaf_count=473 1062 675 879 792 361 10734 1811 135266 1964 1865 15940 7160 286 732
internal_value=-1.97817e-06 -0.00521963 -0.000719129 8.76508e-05 0.00183916 0.00144352 -0.00613384 -0.000250457 -0.000126207 0.00452027 -0.000313967 0.00240587 0.00450928 -0.0099261
internal_weight=22549.3 371.145 258.812 22178.1 3581.32 3515.5 390.108 18596.8 18371 704.559 17666.5 3125.39 167.677 225.78
internal_count=180000 2902 1840 177098 20539 20066 2172 156559 155035 3829 151206 17894 1165 1524
is_linear=0
shrinkage=0.035


Tree=171
num_leaves=15
num_cat=0
split_feature=10 15 16 12 16 15 2 15 15 4 7 19 16 11
split_gain=8.43653 10.9174 8.699 8.42033 12.1208 31.7538 13.6198 16.4774 15.4685 10.4528 10.0984 12.0714 9.46659 7.88047
threshold=0.15030362457036975 17.451268196105961 0.9604582190513612 0.53765949606895458 0.78591814637184154 17.134798049926761 0.53329482674598705 16.170800209045414 17.013909339904789 0.10161238536238672 -0.018281551077961918 -0.24466954171657559 0.75132307410240184 0.59187892079353344
decision_type=2 2 2 2 2 2 2 2 2 2 2 2 2 2
left_child=1 -1 -3 10 5 -5 8 -8 -6 -7 11 13 -12 -2
right_child=3 2 -4 4 6 9 7 -9 -10 -11 12 -13 -14 -15
leaf_value=-0.021677236330572707 0.017446857793448557 0.010824346534712422 -0.0093462209796035586 -0.0009570980927528941 0.00089328574514270401 0.0060105772950234159 -0.0041648618135138446 0.00475886443495626 -0.0012376280490916066 0.021418843449641636 -0.012759330603266955 -0.0074472574411007198 0.010133138929180269 -0.0010008512942453062
leaf_weight=40.08948337752372 29.70095794275403 34.813004733994603 53.18323490023613 1460.3675853908062 6842.3450748678297 1056.8940807618201 308.39472957700491 1260.4089411273599 10664.985009789467 49.001048617064953 18.825479920953512 535.01359401457012 96.820008447393775 95.934275306761265
leaf_count=1209 218 601 1094 9853 52881 7507 1869 7606 91347 262 167 3901 894 591
internal_value=-2.24667e-06 -0.00862692 -0.00107609 5.08535e-05 0.000180034 0.00243341 -0.000124222 0.00298937 -0.000404774 0.00687913 -0.00350708 -0.00517741 0.00568765 0.00432507
internal_weight=22546.8 128.086 87.9962 22418.7 21642.4 2566.26 19076.1 1568.8 17507.3 1105.9 776.294 660.649 115.645 125.635
internal_count=180000 2904 1695 177096 171325 17622 153703 9475 144228 7769 5771 4710 1061 809
is_linear=0
shrinkage=0.035


Tree=172
num_leaves=15
num_cat=0
split_feature=18 21 15 10 23 5 8 21 17 24 21 17 23 20
split_gain=8.57145 12.6521 11.2055 14.6334 14.4614 13.4716 11.0385 10.7247 32.8604 30.7795 38.449 33.5244 21.9455 16.6963
threshold=-0.068998783826827989 -0.15080039948225019 17.719628334045414 0.29246887564659124 0.18032129853963855 0.051369691267609603 -0.55113002657890309 -0.092673916369676576 0.055158255621790893 0.035845547914505012 -0.12700128555297849 0.034896863624453552 0.16897801309823993 0.0074960114434361466
decision_type=2 2 2 2 2 2 2 2 2 2 2 2 2 2
left_child=1 6 -3 4 -4 -5 -1 8 9 10 -2 -11 -10 -9
right_child=7 2 3 5 -6 -7 -8 13 12 11 -12 -13 -14 -15
leaf_value=0.013058745369536752 0.0088759746929060208 -0.0029737946076763191 -0.012838001532902635 0.0027749878171752576 0.0026187757996244876 -0.013099210592617016 -0.00073302925712647566 0.0018359408374234881 -0.011832256058812905 -0.012891485995492008 -0.0050411322597666113 -0.0013463965582125098 0.0089110203275316307 -0.00051771880899344517
leaf_weight=126.99772494286299 427.09032405726612 3036.6895297728479 168.20716091990471 1363.9211521670222 122.04040138237178 58.946362141519785 145.68285389617085 7874.6393051194027 63.361679166555405 614.74485032260418 538.47401851415634 613.05346703156829 454.403818577528 6936.8025970719755
leaf_count=612 3048 20854 1970 8827 1553 376 846 60942 318 6946 3899 4626 2366 62817
internal_value=-2.06047e-06 -0.00127529 -0.00170024 0.000561444 -0.00646813 0.00203052 0.00592506 0.000363405 -0.0016566 -0.0035301 0.00114259 -0.00718434 0.00619646 0.00073402
internal_weight=22545.1 5022.49 4749.8 1713.12 290.248 1422.87 272.681 17522.6 2711.13 2193.36 965.564 1227.8 517.765 14811.4
internal_count=180000 35038 33580 12726 3523 9203 1458 144962 21203 18519 6947 11572 2684 123759
is_linear=0
shrinkage=0.035


Tree=173
num_leaves=15
num_cat=0
split_feature=14 11 8 11 24 1 6 11 24 24 18 14 24 9
split_gain=8.30259 10.4723 9.95171 19.3415 19.222 19.7734 17.1702 15.6535 37.7767 20.5805 13.8177 12.2752 9.15156 11.4158
threshold=0.44900625944137579 0.51192277669906627 -0.46388831734657282 0.25666087865829473 0.03320316597819329 -0.31080126762390131 -0.26123164594173426 0.54618939757347118 0.040601676329970367 0.041788998991250999 -0.031483400613069527 2.5791200399398808 0.0387038141489029 0.35142272710800176
decision_type=2 2 2 2 2 2 2 2 2 2 2 2 2 2
left_child=1 -1 3 10 5 -5 12 9 -9 -8 -2 -6 13 -4
right_child=2 -3 6 4 11 -7 7 8 -10 -11 -12 -13 -14 -15
leaf_value=0.0024402802297389015 -0.0008766852220350275 -0.0092126548992507908 0.01295693274070246 0.0070696830590429921 0.0027941213850023786 -0.010413317456124772 8.8176126387714467e-06 -0.0011179908063122593 0.015259041451377442 -0.0045851893506641817 0.030141661182043589 -0.0074925576169717189 -0.017094387933279522 -0.0089000533128497719
leaf_weight=143.48222347535193 26.407042250037193 248.19918072596192 31.000671155750751 99.909963116049767 2982.1502964906394 288.6304641738534 16339.472640868276 469.9135749861598 261.52115369588137 1278.7836886271834 39.604013308882713 139.74735463038087 99.067948617041111 94.426163397729397
leaf_count=1061 194 1843 213 530 17033 1658 134886 2601 1440 15953 274 1002 733 579
internal_value=-2.49823e-06 -0.00498943 8.78955e-05 0.00177584 0.0013935 -0.00585312 -0.000237898 -0.00011757 0.00486437 -0.000327041 0.0192502 0.0023112 -0.00964885 -0.00294
internal_weight=22542.3 391.681 22150.6 3576.45 3510.44 388.54 18574.2 18349.7 731.435 17618.3 66.0111 3121.9 224.495 125.427
internal_count=180000 2904 177096 20691 20223 2188 156405 154880 4041 150839 468 18035 1525 792
is_linear=0
shrinkage=0.035


Tree=174
num_leaves=15
num_cat=0
split_feature=21 1 2 7 16 3 5 24 24 21 24 23 15 17
split_gain=8.15928 11.0069 10.5492 10.2923 8.80582 10.289 10.4291 9.63231 41.3557 38.8045 33.2744 27.0695 31.1771 31.0292
threshold=0.17091248184442523 0.11560970544815065 1.0000000180025095e-35 -0.049649894237518304 2.0666555166244511 -0.74777272343635548 0.16411040723323825 0.037300020456314094 0.036792531609535224 0.10721856355667116 0.036521380767226226 0.14241379499435428 18.007331848144535 0.066158112138509764
decision_type=2 2 2 2 2 2 2 2 2 2 2 2 2 2
left_child=4 2 -2 -3 7 -6 -7 8 10 -10 -1 12 -9 -13
right_child=1 3 -4 -5 5 6 -8 11 9 -11 -12 13 -14 -15
leaf_value=-0.00051445256796901859 0.0057969235700124182 -0.0077512602800115446 0.028332484351025797 0.0063981104445390673 -0.013908670671151518 -0.010415296448314959 0.0038134601383900436 0.0080998527310979038 -0.0077357040177105209 0.010419797599328477 0.0063197694962769746 -0.00090468873494466378 -0.0013178574923737789 0.0052683468667198748
leaf_weight=9042.1138897370547 86.826992446556687 95.382522538304329 30.908342782407999 146.65702855028212 109.21394298970699 88.956289548426867 164.85655520111322 1155.011273201555 1426.0048053003848 151.62545915879309 955.82687341235578 7261.2246577879414 679.14122047647834 1146.0879278667271
leaf_count=68693 625 635 235 1097 1049 665 1144 8138 11699 1340 6260 66914 5180 6326
internal_value=-2.34766e-06 0.00515393 0.013468 0.000735843 -8.82708e-05 -0.00542041 -0.0013792 2.89656e-06 -0.000688571 -0.00593615 0.000144577 0.000784347 0.00462447 -5.79191e-05
internal_weight=22539.8 359.775 117.735 242.04 22180.1 363.027 253.813 21817 11575.6 1577.63 9997.94 10241.5 1834.15 8407.31
internal_count=180000 2592 860 1732 177408 2858 1809 174550 87992 13039 74953 86558 13318 73240
is_linear=0
shrinkage=0.035


Tree=175
num_leaves=15
num_cat=0
split_feature=15 10 16 15 7 24 2 15 7 24 22 18 24 7
split_gain=8.15093 19.749 13.0891 18.4868 27.1725 20.3597 19.0834 17.0058 16.1227 14.196 13.7137 14.2865 12.4115 11.6511
threshold=16.106567382812504 0.21014636009931567 0.78591814637184154 16.889247894287113 -0.30384890735149378 0.037300020456314094 0.53329482674598705 17.321049690246586 -0.092209294438362108 0.039091851562261588 0.60265234112739574 -0.063558608293533311 0.039442984387278564 -0.14478821307420728
decision_type=2 2 2 2 2 2 2 2 2 2 2 2 2 2
left_child=1 -1 7 4 -4 -6 8 10 -5 -8 12 -12 -2 -3
right_child=2 13 3 6 5 -7 9 -9 -10 -11 11 -13 -14 -15
leaf_value=-0.016096724878416929 -0.0037376703476095317 -0.0030613487692188581 -0.0055994843113166435 0.00019976100982067985 0.00072008255658153979 0.0061261903594666302 0.0069919309989807188 0.005810004250151414 -0.0024167873502129087 -0.0016433381197542079 -0.0068254420339193319 0.018506650484623657 0.005612539276429628 0.00083151133586073728
leaf_weight=99.83663725014776 765.85396273620427 1797.4488535709679 488.45918239653111 5800.8763534016907 1905.336747251451 1540.1513750040904 642.31768324971199 1128.42112101987 5725.8935478813946 357.94080030545592 33.534634437412024 76.602972976863384 214.66518619284034 1959.570140665397
leaf_count=2073 5151 11437 2975 42641 14135 12873 3632 7957 56917 2417 229 564 1468 15531
internal_value=-1.92386e-06 -0.00146463 0.000300702 -4.01149e-05 0.00204988 0.00314738 -0.000697561 0.0028177 -0.00110097 0.00391614 -0.00030287 0.0108674 -0.00165463 -0.00103411
internal_weight=22536.9 3856.86 18680.1 16461 3933.95 3445.49 12527 2219.08 11526.8 1000.26 1090.66 110.138 980.519 3757.02
internal_count=180000 29041 150959 135590 29983 27008 105607 15369 99558 6049 7412 793 6619 26968
is_linear=0
shrinkage=0.035


Tree=176
num_leaves=15
num_cat=0
split_feature=18 4 17 22 20 20 24 18 3 21 23 17 21 15
split_gain=7.99678 13.5549 13.7166 16.3127 16.3151 15.0457 13.468 18.3602 14 18.1441 16.2174 12.4693 11.8385 10.3068
threshold=-0.068998783826827989 -0.015192166436463593 0.021254251711070541 0.5702941119670869 0.021164098754525188 0.067398246377706542 0.038224844262003906 -0.048410285264253609 0.12024042010307313 -0.12700128555297849 0.24698165804147723 0.036640072241425521 -0.15080039948225019 17.719628334045414
decision_type=2 2 2 2 2 2 2 2 2 2 2 2 2 2
left_child=12 6 3 5 -5 -3 8 -8 10 -10 -2 -9 -1 -14
right_child=1 2 -4 4 -6 -7 7 11 9 -11 -12 -13 13 -15
leaf_value=0.0057294757513029248 5.4152883663708768e-05 -0.0062002094111167552 0.00029872919850904299 0.0058804315818332406 -0.0030684874583952037 0.0058084112427409266 0.0066055750292346276 -0.0068903226126288755 0.017137074151965505 0.0042487723768842803 0.0093982770739614637 0.00042597870263130257 -0.0028678673054059567 0.00052402982881966434
leaf_weight=272.88254114426672 1918.9945860933512 1284.7748870030046 9983.6057310774922 428.2539650183171 570.06811568513513 133.95868217386305 296.03632681444287 533.16858857311308 140.27934711426497 1382.7175831459463 248.15483689680696 598.92150549590588 3030.2814072910696 1713.0485706776381
leaf_count=1458 14871 16819 75054 5135 7284 1548 2526 6044 875 9210 1619 3977 20854 12726
internal_value=-1.90158e-06 0.000350994 -0.000274694 -0.00263468 0.000790611 -0.00503362 0.0018645 -0.00101637 0.00297917 0.00553993 0.00116238 -0.00304986 -0.00123262 -0.00164436
internal_weight=22535.1 17518.9 12400.7 2417.06 998.322 1418.73 5118.27 1428.13 3690.15 1523 2167.15 1132.09 5016.21 4743.33
internal_count=180000 144962 105840 30786 12419 18367 39122 12547 26575 10085 16490 10021 35038 33580
is_linear=0
shrinkage=0.035


Tree=177
num_leaves=15
num_cat=0
split_feature=9 15 3 12 15 8 2 10 22 22 22 24 22 22
split_gain=7.84942 8.4383 8.55485 8.14825 11.3059 16.5077 16.9544 12.758 11.8911 55.93 47.2183 8.79099 7.22577 13.2429
threshold=0.12534701824188235 17.719628334045414 0.14929322898387912 1.2460847496986391 20.179944038391117 -0.1637638062238693 0.025767459534108642 1.0029493570327761 0.57900977134704601 0.56378209590911876 0.58936241269111644 0.043441580608487136 0.61015853285789501 0.46727332472801214
decision_type=2 2 2 2 2 2 2 2 2 2 2 2 2 2
left_child=1 -1 -3 4 8 7 -7 -6 9 -2 -10 12 13 -5
right_child=3 2 -4 11 5 6 -8 -9 10 -11 -12 -13 -14 -15
leaf_value=-0.017625329601523715 0.0002739606799361277 0.0094510001920748449 -0.0093674994638148334 -0.0026545646478760535 0.011376747296974797 -0.015254751364323062 0.0026342439220533014 -0.010308392939324387 0.010638144274804626 -0.0084675805242886391 0.00024532519957924225 -0.012357649610907065 -0.0058624971909159015 0.0018384098939997703
leaf_weight=53.511999566107988 12625.469197828323 42.893763365224004 57.362625796347857 1791.8040113337338 356.20490425825119 66.858590697869658 407.15953265875578 28.844847619533539 617.50514902547002 955.11352609284222 3656.9077078327537 78.487513970583677 353.12636343576014 1441.2913899868727
leaf_count=1304 95667 757 843 13417 2253 865 3469 135 4376 9049 32282 986 2841 11756
internal_value=-1.37729e-06 -0.00763603 -0.00118923 5.44689e-05 0.000350178 0.0042485 -0.000151975 0.00953245 0.000160343 -0.000346604 0.00176805 -0.00145243 -0.00118006 -0.000652135
internal_weight=22532.5 153.768 100.256 22378.8 18714.1 859.068 474.018 385.05 17855 13580.6 4274.41 3664.71 3586.22 3233.1
internal_count=180000 2904 1600 177096 148096 6722 4334 2388 141374 104716 36658 29000 28014 25173
is_linear=0
shrinkage=0.035


Tree=178
num_leaves=15
num_cat=0
split_feature=12 16 17 7 8 9 22 22 22 19 23 23 17 20
split_gain=7.69064 11.4916 15.654 15.3674 20.8212 14.5195 19.4686 20.5012 14.4718 13.3421 12.2923 15.9938 11.6253 9.41613
threshold=0.53765949606895458 0.88573682308197033 0.080433934926986708 -0.19554150849580762 -0.3801936656236648 0.30204890668392187 0.57900977134704601 0.58936241269111644 0.56378209590911876 -0.19580879807472226 0.35906259715557104 0.23620001226663592 0.017477167770266536 0.029064724221825603
decision_type=2 2 2 2 2 2 2 2 2 2 2 2 2 2
left_child=13 2 3 -2 -5 6 8 -8 -3 -7 11 -4 -11 -1
right_child=1 5 10 4 -6 9 7 -9 -10 12 -12 -13 -14 -15
leaf_value=-0.0058495501608890176 -0.0015618577890312763 -0.0027458805034881201 0.010496076957060424 0.0093168005786901289 0.0013517703283306723 -0.0027613380205323613 0.010778999328607203 -0.00046674786905052262 -0.010901914784217428 0.015917862947255657 0.022160897453997765 -0.010510168501815782 0.00068658957710722663 0.0025220062611620562
leaf_weight=549.21294511854649 1843.9611641839147 2966.2310974271968 153.4494469165802 449.59324898570776 3256.1420223880559 1489.9154360592365 228.8275269344449 1174.0875428207219 284.9180414956063 51.801275622099638 61.646818295121193 51.961822733283043 9742.739664837718 226.5237265471369
leaf_count=3969 10715 33037 821 2836 27888 9591 1962 14030 3722 492 285 260 68553 1839
internal_value=-2.17068e-06 0.000120637 0.00145081 0.00104347 0.00234059 -0.000365413 -0.0020081 0.00143084 -0.00349188 0.00031326 0.00957238 0.00494101 0.000783298 -0.00340398
internal_weight=22531 21755.3 5816.75 5549.7 3705.74 15938.5 4654.06 1402.92 3251.15 11284.5 267.058 205.411 9794.54 775.737
internal_count=180000 174192 42805 41439 30724 131387 52751 15992 36759 78636 1366 1081 69045 5808
is_linear=0
shrinkage=0.035


Tree=179
num_leaves=15
num_cat=0
split_feature=14 15 8 11 24 6 6 11 24 24 18 15 24 9
split_gain=7.63854 10.4988 9.38167 17.8551 17.6036 16.0523 15.8361 13.9603 34.5809 19.0496 12.651 11.6504 8.85921 10.7325
threshold=0.44900625944137579 17.516696929931644 -0.46388831734657282 0.25666087865829473 0.03320316597819329 -0.20968438684940335 -0.26123164594173426 0.54618939757347118 0.040601676329970367 0.041788998991250999 -0.031483400613069527 18.8310661315918 0.0387038141489029 0.35142272710800176
decision_type=2 2 2 2 2 2 2 2 2 2 2 2 2 2
left_child=1 -1 3 10 5 -5 12 9 -9 -8 -2 -6 13 -4
right_child=2 -3 6 4 11 -7 7 8 -10 -11 -12 -13 -14 -15
leaf_value=-0.0077261791404004427 -0.00088095043839869595 0.0057975417419760403 0.012624316450142302 -0.0012509760317459763 0.0014414482748826788 -0.017124076156212309 8.1143656423523135e-06 -0.0011493574449444751 0.014489152611033259 -0.0044203296877559622 0.028697448766872052 0.0080520291663426381 -0.016671889983330138 -0.0085474633122595498
leaf_weight=307.52120108157396 26.406155243515968 82.358587395399809 31.200713768601418 288.80192285776138 2761.885804053396 97.873557552695274 16332.50687999744 469.95308344811201 263.10633424669504 1273.424551022239 40.443372413516045 361.66203627735376 97.954075966030359 93.67296302318573
leaf_count=2299 194 605 213 1620 16150 568 134886 2601 1440 15953 274 1885 733 579
internal_value=-1.59865e-06 -0.00479587 8.49587e-05 0.00172359 0.00135421 -0.00559911 -0.000231583 -0.000116361 0.004583 -0.000314519 0.0184194 0.00223011 -0.00930219 -0.00271372
internal_weight=22528.8 389.88 22138.9 3577.07 3510.22 386.675 18561.8 18339 733.059 17605.9 66.8495 3123.55 222.828 124.874
internal_count=180000 2904 177096 20691 20223 2188 156405 154880 4041 150839 468 18035 1525 792
is_linear=0
shrinkage=0.035


end of trees

feature_importances:
dispersion20=302
market_vol20=296
vol60=214
momentum252_20=198
market_ret20=185
market_ret60=185
log_turnover=182
breadth200=173
downside60=137
range20=132
drawdown252=76
vol20=73
ret120=60
vol_expansion=58
turnover_shock=57
ma200=43
ret60=28
relative20=23
volume_shock=21
relative60=21
drawdown60=15
ret20=14
ma60=14
ma20=10
rsi14=3

parameters:
[boosting: gbdt]
[objective: binary]
[metric: binary_logloss]
[tree_learner: serial]
[device_type: cpu]
[data_sample_strategy: bagging]
[data: ]
[valid: ]
[num_iterations: 180]
[learning_rate: 0.035]
[num_leaves: 15]
[num_threads: 1]
[seed: 804]
[deterministic: 1]
[force_col_wise: 1]
[force_row_wise: 0]
[histogram_pool_size: -1]
[max_depth: 5]
[min_data_in_leaf: 150]
[min_sum_hessian_in_leaf: 0.001]
[bagging_fraction: 1]
[pos_bagging_fraction: 1]
[neg_bagging_fraction: 1]
[bagging_freq: 0]
[bagging_seed: 31454]
[bagging_by_query: 0]
[feature_fraction: 0.85]
[feature_fraction_bynode: 1]
[feature_fraction_seed: 16221]
[extra_trees: 0]
[extra_seed: 23160]
[early_stopping_round: 0]
[early_stopping_min_delta: 0]
[first_metric_only: 0]
[max_delta_step: 0]
[lambda_l1: 0]
[lambda_l2: 10]
[linear_lambda: 0]
[min_gain_to_split: 0]
[drop_rate: 0.1]
[max_drop: 50]
[skip_drop: 0.5]
[xgboost_dart_mode: 0]
[uniform_drop: 0]
[drop_seed: 31648]
[top_rate: 0.2]
[other_rate: 0.1]
[min_data_per_group: 100]
[max_cat_threshold: 32]
[cat_l2: 10]
[cat_smooth: 10]
[max_cat_to_onehot: 4]
[top_k: 20]
[monotone_constraints: ]
[monotone_constraints_method: basic]
[monotone_penalty: 0]
[feature_contri: ]
[forcedsplits_filename: ]
[refit_decay_rate: 0.9]
[cegb_tradeoff: 1]
[cegb_penalty_split: 0]
[cegb_penalty_feature_lazy: ]
[cegb_penalty_feature_coupled: ]
[path_smooth: 0]
[interaction_constraints: ]
[verbosity: -1]
[saved_feature_importance_type: 0]
[use_quantized_grad: 0]
[num_grad_quant_bins: 4]
[quant_train_renew_leaf: 0]
[stochastic_rounding: 1]
[linear_tree: 0]
[max_bin: 63]
[max_bin_by_feature: ]
[min_data_in_bin: 3]
[bin_construct_sample_cnt: 200000]
[data_random_seed: 2664]
[is_enable_sparse: 1]
[enable_bundle: 1]
[use_missing: 1]
[zero_as_missing: 0]
[feature_pre_filter: 1]
[pre_partition: 0]
[two_round: 0]
[header: 0]
[label_column: ]
[weight_column: ]
[group_column: ]
[ignore_column: ]
[categorical_feature: ]
[forcedbins_filename: ]
[precise_float_parser: 0]
[parser_config_file: ]
[objective_seed: 11469]
[num_class: 1]
[is_unbalance: 0]
[scale_pos_weight: 1]
[sigmoid: 1]
[boost_from_average: 1]
[reg_sqrt: 0]
[alpha: 0.9]
[fair_c: 1]
[poisson_max_delta_step: 0.7]
[tweedie_variance_power: 1.5]
[lambdarank_truncation_level: 30]
[lambdarank_norm: 1]
[label_gain: ]
[lambdarank_position_bias_regularization: 0]
[eval_at: ]
[multi_error_top_k: 1]
[auc_mu_weights: ]
[num_machines: 1]
[local_listen_port: 12400]
[time_out: 120]
[machine_list_filename: ]
[machines: ]
[gpu_platform_id: -1]
[gpu_device_id: -1]
[gpu_device_id_list: ]
[gpu_use_dp: 0]
[num_gpu: 1]

end of parameters

pandas_categorical:[]
