tree
version=v4
num_class=1
num_tree_per_iteration=1
label_index=0
max_feature_idx=34
objective=binary sigmoid:1
feature_names=ret20 ret60 ret120 momentum252_20 ma20 ma60 ma200 drawdown60 drawdown252 vol20 vol60 downside60 vol_expansion rsi14 volume_shock log_turnover turnover_shock range20 relative20 relative60 market_ret20 market_ret60 breadth200 market_vol20 dispersion20 macro_policy_rate macro_term_spread macro_inflation_yoy macro_inflation_change3 macro_unemployment macro_unemployment_change3 macro_industrial_yoy macro_payroll_yoy macro_housing_yoy macro_money_yoy
feature_infos=[-0.92641878128051758:6.5767917633056641] [-0.94255995750427246:21.247085571289062] [-0.95885497331619263:27.356060028076172] [-0.93863505125045776:26.121212005615234] [-0.86192613840103149:2.5155470371246338] [-0.90859663486480713:3.5744116306304932] [-0.90367245674133301:5.2354607582092285] [-0.94339066743850708:0] [-0.9669221043586731:0] [0.027096280828118324:14.120672225952148] [0.039521303027868271:38.344577789306641] [0:1.6623408794403076] [0.033108003437519073:1.762175440788269] [0:1] [0.00011126961908303201:12] [20.030130386352539:28.401023864746094] [0.00043789192568510771:3] [0.0039843423292040825:0.24489203095436096] [-0.95534378290176392:6.5356764793395996] [-1.0279383659362793:21.212968826293945] [-0.19025871157646179:0.12816762924194336] [-0.21291881799697876:0.13406597077846527] [0.088342443108558655:0.54096168279647827] [0.074556596577167511:0.40138965845108032] [0.024956967681646347:0.036262825131416321] [0.20000000000000001:5.3300000000000001] [-1.5699999999999998:1.99] [3.0920034743899372:8.9952206085881272] [-1.8949169909075581:1.4610440306022321] [3.3999999999999999:3.8999999999999999] [-0.39999999999999991:0.39999999999999991] [-0.0068009909932560397:0.064042699835552774] [0.017452357071213731:0.045751724328582988] [-0.22296173044925127:0.14551495016611304] [-0.046342554791329427:0.098520678765167125]
tree_sizes=1734 1789 1790 1790 1789 1788 1791 1797 1805 1806 1783 1799 1795 1782 1787 1782 1792 1799 1796 1791 1808 1787 1786 1802 1801 1806 1804 1811 1810 1804 1796 1800 1804 1810 1803 1813 1806 1787 1809 1806 1793 1792 1804 1801 1805 1793 1811 1810 1805 1795 1796 1804 1802 1801 1805 1802 1812 1797 1783 1803 1798 1802 1796 1806 1792 1801 1810 1792 1795 1806 1809 1804 1804 1812 1812 1800 1813 1810 1814 1815 1798 1803 1802 1807 1814 1810 1815 1807 1806 1797 1784 1780 1811 1799 1793 1803 1808 1785 1797 1802 1799 1809 1810 1810 1791 1808 1801 1789 1796 1803 1803 1792 1800 1795 1805 1794 1798 1795 1809 1808 1796 1810 1806 1805 1802 1787 1806 1801 1807 1795 1798 1790 1791 1794 1803 1822 1786 1799 1805 1807 1801 1789 1813 1805 1800 1801 1809 1806 1802 1805 1790 1780 1791 1788 1801 1815 1808 1801 1801 1786 1789 1794 1799 1805 1781 1789 1812 1798 1796 1809 1792 1786 1814 1812 1775 1796 1784 1815 1800 1813

Tree=0
num_leaves=15
num_cat=0
split_feature=3 33 22 30 22 33 10 26 27 26 8 30 6 16
split_gain=683.456 440.338 367.392 303.38 398.732 212.936 178.444 158.81 130.003 118.249 121.464 101.225 107.623 66.7388
threshold=0.063979394733905806 0.059136581678989171 0.35542443394660955 -0.14999999999999988 0.26176579296588903 -0.067435648233345621 0.32223080098629003 -0.69999999999999962 6.3839191697188777 -1.1449999999999998 -0.31923802196979517 0.099999999999999881 0.1863512918353081 1.1850577592849734
decision_type=2 2 2 2 2 2 2 2 2 2 2 2 2 2
left_child=1 3 5 -1 6 9 -5 -4 -6 -2 -11 12 -7 -13
right_child=2 -3 7 4 8 11 -8 -9 -10 10 -12 13 -14 -15
leaf_value=-2.0441402117265985 -2.020166065214283 -2.0486518133942311 -2.0309623656551641 -2.0355400568377013 -2.0358668567392315 -2.0329678096383637 -2.0106316426954427 -2.0020008254002994 -2.0217847966712865 -2.0060928915379415 -1.9760911415914557 -1.9994557814492997 -1.9998317288140601 -2.0225230941468455
leaf_weight=1220.9801796451211 159.49982922524214 1527.1400543227792 1488.3085715770721 412.32644988596439 2973.7583214566112 469.57370214909315 2199.0221637636423 264.41784173995256 1091.9422006160021 279.11714178323746 485.54670219868422 562.52904418855906 150.21957911550999 215.03925520181656
leaf_count=12450 1615 14458 14704 3820 29564 4624 20437 2666 10949 2550 4477 5326 1471 2077
internal_value=-2.02633 -2.03151 -2.01437 -2.02817 -2.02523 -2.00527 -2.01458 -2.02648 -2.03208 -1.9923 -1.98664 -2.01403 -2.02464 -2.00571
internal_weight=13499.4 9425.17 4074.25 7898.03 6677.05 2321.53 2611.35 1752.73 4065.7 924.164 764.664 1397.36 619.793 777.568
internal_count=131188 91678 39510 77220 64770 22140 24257 17370 40513 8642 7027 13498 6095 7403
is_linear=0
shrinkage=1


Tree=1
num_leaves=15
num_cat=0
split_feature=33 30 21 26 8 6 8 16 6 6 0 5 21 10
split_gain=619.759 449.832 466.526 375.724 173.275 114.904 109.52 105.255 102.746 68.4083 45.6917 26.9436 26.0439 25.3879
threshold=0.059136581678989171 -0.14999999999999988 -0.015407797880470751 -0.69999999999999962 -0.18845927715301511 0.14721943438053134 -0.0975510999560356 1.4653307795524599 0.14721943438053134 0.16605263948440555 -0.14811548590660092 0.091235671192407622 0.039619062095880515 0.71925216913223278
decision_type=2 2 2 2 2 2 2 2 2 2 2 2 2 2
left_child=1 6 7 5 -5 -4 -1 8 -3 12 -9 -8 -2 -13
right_child=9 2 3 4 -6 -7 11 10 -10 -11 -12 13 -14 -15
leaf_value=-0.017451333150611703 -0.021534669232453351 0.015213353022461386 -0.014778813830412994 0.0030736040540446726 0.023359516442227887 0.0020091443015626846 -0.0074375209124068883 0.029559279460549513 0.034696350951812338 -0.003071081962603917 0.0020032674343948556 0.036126861308959007 -0.011325565918287121 -0.0023868322650004961
leaf_weight=1353.5295143648982 1467.3528155758977 3062.3252838104963 1906.8213102370501 2067.0097978189588 679.06831727921963 672.43330159783363 39.670186944305897 70.522394336760044 371.73969269543886 388.21310514956713 896.45236249268055 62.04594049602747 434.27858921140432 27.907612733542919
leaf_count=13985 14024 28311 19366 20263 6668 6860 408 652 3436 3668 8382 634 4248 283
internal_value=-1.26638e-06 0.00339157 0.0061321 -0.000839129 0.00815659 -0.0104112 -0.0145012 0.0145502 0.017417 -0.0165528 0.00429494 0.0153476 -0.0192746 0.0251348
internal_weight=13499.4 11209.5 9726.37 5325.33 2746.08 2579.25 1483.15 4401.04 3434.06 2289.84 966.975 129.624 1901.63 89.9536
internal_count=131188 109248 93938 53157 26931 26226 15310 40781 31747 21940 9034 1325 18272 917
is_linear=0
shrinkage=0.035


Tree=2
num_leaves=15
num_cat=0
split_feature=3 33 22 23 30 33 10 26 26 6 30 6 20 8
split_gain=619.443 399.277 315.48 270.356 293.622 176.464 167.025 137.508 103.959 101.538 82.0885 96.1486 71.5032 62.439
threshold=0.063979394733905806 0.059136581678989171 0.35542443394660955 0.13191533088684085 -0.14999999999999988 -0.067435648233345621 0.30578473210334783 -0.69999999999999962 -1.1449999999999998 0.13084281980991366 0.099999999999999881 0.21036731451749804 0.086438085883855834 -0.31186003983020777
decision_type=2 2 2 2 2 2 2 2 2 2 2 2 2 2
left_child=1 3 5 12 -5 8 -6 13 -2 -10 11 -7 -1 -4
right_child=2 -3 7 4 6 10 -8 -9 9 -11 -12 -13 -14 -15
leaf_value=-0.012267806582979216 0.0052257485307743443 -0.021590677178498257 -0.017296886044407538 -0.017389416736380857 -0.0092592633323076469 -0.0056127812895723234 0.0093573615463402697 0.022385842269854413 0.026757435414053059 0.054380584825504091 0.01891810433130308 0.026538406453836282 0.0078484085243933945 -0.00030964300520915078
leaf_weight=2556.0561444312334 162.6302150413394 1480.1942125633359 335.55317658931017 734.21866303682327 694.3740381076932 477.89374288916588 3682.4572523757815 272.24757154285908 539.23790013790131 257.80955836176872 798.35544113814831 138.72052258998156 229.69236977398396 1139.5405803546309
leaf_count=25886 1615 14458 3334 7802 6650 4767 34607 2666 4769 2258 7403 1328 2275 11370
internal_value=-2.70551e-06 -0.00497335 0.0112895 -0.0018352 0.0029463 0.019568 0.0063895 -8.30317e-06 0.0311051 0.0362554 0.0115798 0.0019284 -0.010587 -0.00426434
internal_weight=13499 9376.99 4121.99 7896.8 5111.05 2374.65 4376.83 1747.34 959.678 797.047 1414.97 616.614 2785.75 1475.09
internal_count=131188 91678 39510 77220 49059 22140 41257 17370 8642 7027 13498 6095 28161 14704
is_linear=0
shrinkage=0.035


Tree=3
num_leaves=15
num_cat=0
split_feature=3 33 22 30 22 26 24 25 11 31 25 2 17 6
split_gain=574.885 380.395 287.85 255.751 334.362 174.244 158.362 147.448 128.465 123.415 107.745 83.3898 48.2543 47.2398
threshold=0.063979394733905806 0.059136581678989171 0.3397038877010346 -0.14999999999999988 0.2409842982888222 -0.69999999999999962 0.027066921815276149 1.4450000000000001 0.18090093135833743 0.0024204354616306216 4.4500000000000011 0.30917969346046453 0.074814073741436019 0.11656741797924043
decision_type=2 2 2 2 2 2 2 2 2 2 2 2 8 2
left_child=1 3 7 13 6 -4 -5 8 -2 12 -6 -11 -9 -1
right_child=2 -3 5 4 10 -7 -8 9 -10 11 -12 -13 -14 -15
leaf_value=-0.019391267507721539 0.07705998600122535 -0.021196779286905755 -0.0037073815392655164 -0.01679364810757638 0.0039515916466073076 0.021966223786142401 0.013304120683290697 0.019558910753967224 -0.0043163374810712279 0.027421560331315181 -0.00880189100990845 0.056180659525382461 -0.0011790890043378848 0.0016789288671635321
leaf_weight=1028.5914216116071 15.286769606173037 1455.5568545907736 1634.5853071212769 226.68619810044765 1105.1972179934382 393.27435486018658 2384.4479330852628 888.58209557086229 384.82435512542725 498.07270013540983 2993.4750972241163 180.92122669517994 160.97155806422234 147.31729677319527
leaf_count=10908 148 14458 16313 2215 10949 3753 21498 8194 3850 4253 30108 1513 1486 1542
internal_value=-3.78938e-06 -0.00482168 0.0108094 -0.00177612 0.00087082 0.001355 0.0106371 0.0197677 0.000595943 0.0241765 -0.0053617 0.0357887 0.0163972 -0.0167597
internal_weight=13497.8 9341.27 4156.52 7885.72 6709.81 2027.86 2611.13 2128.66 400.111 1728.55 4098.67 678.994 1049.55 1175.91
internal_count=131188 91678 39510 77220 64770 20066 23713 19444 3998 15446 41057 5766 9680 12450
is_linear=0
shrinkage=0.035


Tree=4
num_leaves=15
num_cat=0
split_feature=3 33 22 23 10 25 8 26 28 26 3 20 22 8
split_gain=534.19 362.26 263.512 241.17 173.232 147.903 144.722 125.54 123.355 116.537 110.115 64.8327 62.8116 59.4509
threshold=0.063979394733905806 0.059136581678989171 0.35542443394660955 0.13191533088684085 0.30578473210334783 0.9900000000000001 -0.2670078426599502 -1.1449999999999998 -0.20349242140922372 -0.69999999999999962 0.30129462480545049 0.086438085883855834 0.2409842982888222 -0.31186003983020777
decision_type=2 2 2 2 2 2 2 2 2 2 2 2 2 2
left_child=1 3 6 11 -5 -6 8 -8 12 13 -9 -1 -2 -4
right_child=2 -3 9 4 5 -7 7 10 -10 -11 -12 -13 -14 -15
leaf_value=-0.011706456707727315 0.028288418447273967 -0.020805542674903463 -0.016852159798812324 -0.011827339929898388 -0.016571569828830679 0.007465492023671169 0.010543760570196656 0.020652357197058501 -0.0035840876093931537 0.020200249331633679 0.04679384092318923 0.0073868038517919659 0.0055105544181501213 -0.000171008519431226
leaf_weight=2513.1408882886171 366.12005934119225 1431.640565238893 330.15230633318424 826.10280334204435 331.01424891501665 3972.8635988011956 447.53111780434847 428.96467427909374 537.10764507949352 281.50975202023983 407.17806570976973 231.77064469456673 254.47829508036375 1136.0234239846468
leaf_count=25886 3088 14458 3334 8123 3623 37313 4166 3837 5142 2666 3558 2275 2349 11370
internal_value=-3.2157e-06 -0.00467462 0.0103613 -0.00171938 0.00276149 0.00558266 0.0177645 0.0258265 0.00868059 -2.25928e-05 0.0337851 -0.0100733 0.0191838 -0.00401597
internal_weight=13495.6 9306.53 4189.07 7874.89 5129.98 4303.88 2441.38 1283.67 1157.71 1747.69 836.143 2744.91 620.598 1466.18
internal_count=131188 91678 39510 77220 49059 40936 22140 11561 10579 17370 7395 28161 5437 14704
is_linear=0
shrinkage=0.035


Tree=5
num_leaves=15
num_cat=0
split_feature=3 32 30 22 22 26 8 10 28 8 6 3 11 8
split_gain=495.983 346.02 425.695 293.845 240.716 147.733 130.655 125.152 115.746 74.2661 70.4559 67.6289 91.6009 57.2861
threshold=0.063979394733905806 0.019536802125425305 -0.14999999999999988 0.42151103913784033 0.3397038877010346 -0.69999999999999962 -0.2670078426599502 0.30578473210334783 -0.20349242140922372 -0.28927157819271082 -0.334786906838417 0.30129462480545049 0.14799184352159503 -0.31186003983020777
decision_type=2 2 2 2 2 2 2 2 2 2 2 2 2 2
left_child=1 10 -3 7 6 13 8 -4 -2 -7 -1 -8 -13 -6
right_child=4 2 3 -5 5 9 11 -9 -10 -11 -12 12 -14 -15
leaf_value=0.012749191469097972 0.019600859102601915 -0.01694225980127316 -0.0063096173396082209 -0.014633039806413742 -0.015535086056801458 -0.0042636974501862818 0.016957069847408003 0.0088244321488012544 -0.0033048420993232208 0.028800291402655446 -0.020577992127843791 0.095686500065702701 0.030753731462079017 6.1391513583485021e-05
leaf_weight=75.280560001730919 579.10359479486942 1668.1321385428309 788.3235489577055 959.10277429223061 363.90263969451189 111.24404100328684 542.55652444809675 4203.6695101112127 494.66697987169027 294.79403664171696 1578.2600925564766 21.058572337031364 550.93994691967964 1262.5712875574827
leaf_count=763 4949 17805 7683 10250 3709 1044 4816 39238 4751 2709 15939 175 4753 12604
internal_value=-4.41752e-06 -0.0045312 -0.00137185 0.00301374 0.00992769 0.00123903 0.0179554 0.00642666 0.00911548 0.0198569 -0.0189932 0.026315 0.0347473 -0.00350173
internal_weight=13493.6 9272.77 7619.23 5951.1 4220.84 2032.51 2188.33 4991.99 1073.77 406.038 1653.54 1114.56 571.999 1626.47
internal_count=131188 91678 74976 57171 39510 20066 19444 46921 9700 3753 16702 9744 4928 16313
is_linear=0
shrinkage=0.035


Tree=6
num_leaves=15
num_cat=0
split_feature=33 3 30 22 10 22 25 8 26 25 3 8 15 6
split_gain=471.201 420.156 227.525 281.915 137.31 128.295 143.321 119.296 152.282 108.695 84.2424 56.8799 51.0645 45.9091
threshold=0.059136581678989171 0.082598924636840834 -0.14999999999999988 0.30864126980304724 0.35458551347255712 0.2409842982888222 1.4450000000000001 -0.29683119058609003 -0.9750000000000002 4.4500000000000011 0.063979394733905806 -0.071711514145135866 24.212780952453617 0.11656741797924043
decision_type=2 2 2 2 2 2 2 2 2 2 2 2 2 2
left_child=1 2 13 4 -4 6 11 -7 -9 -5 -2 -3 -8 -1
right_child=10 5 3 9 -6 7 12 8 -10 -11 -12 -13 -14 -15
leaf_value=-0.018465822174431844 -0.020069165643734593 -0.0064073584529688327 -0.0042969346110573693 0.0028590491127364723 0.011436897136010385 -0.0042901220904761044 0.027065713496597952 0.0049696072239944411 0.027084725358230699 -0.010929473262545434 -0.0055981009888186632 0.038550486199026339 0.058185889347948258 0.0021049555559340695
leaf_weight=1001.5403416752815 1388.0951853916049 221.09180516004562 893.52070446312428 1019.0492345914245 2768.2858710363507 630.10290595144033 730.02025584876537 985.41252041608095 618.32643123716116 2204.8492054790258 776.60428742319345 30.518266201019287 72.361583761870861 150.78894608467817
leaf_count=11007 14458 2216 8386 10049 24939 6082 5905 9613 5630 22968 7482 274 580 1599
internal_value=-3.96203e-06 0.00285894 -0.00145537 0.000961115 0.00759642 0.0133789 0.023405 0.0085651 0.0136112 -0.00657567 -0.0149272 0.000310809 0.0305539 -0.0157791
internal_weight=13490.6 11325.9 8038.03 6885.71 3661.81 3287.83 1053.99 2233.84 1603.74 3223.9 2164.7 251.61 802.382 1152.33
internal_count=131188 109248 78948 66342 33325 30300 8975 21325 15243 33017 21940 2490 6485 12606
is_linear=0
shrinkage=0.035


Tree=7
num_leaves=15
num_cat=0
split_feature=22 25 22 25 8 8 3 3 10 8 20 32 21 11
split_gain=446.972 555.486 234.861 210.931 142.742 140.51 133.855 124.191 121.934 81.5728 76.1613 74.7628 73.3383 67.1097
threshold=0.35781356692314154 1.4450000000000001 0.2409842982888222 4.2150000000000007 -0.023093936964869496 -0.17058596760034558 0.082598924636840834 1.0000000180025095e-35 0.34670929610729223 -0.19660847634077069 -0.14048753678798673 0.019536802125425305 -0.065105643123388277 0.21027008444070819
decision_type=2 2 2 2 2 2 2 2 2 2 2 2 2 2
left_child=1 4 6 9 10 -5 8 11 -3 -2 12 -4 -1 -7
right_child=3 2 7 5 -6 13 -8 -9 -10 -11 -12 -13 -14 -15
leaf_value=-0.014022608913432445 -0.00083844529190797387 -0.0043112670674564429 -0.013780636028985979 -0.016767415362845848 0.047698314612395022 -0.013443845890735173 0.028880463967796574 0.010648395679846049 0.016256434373306483 0.020690518797520013 -0.014951661522976728 0.0017473333912852464 0.02159892882590457 0.0033460216590063497
leaf_weight=124.16514255106449 688.67036102712154 432.70298700779676 517.74939342588186 2613.7308245971799 40.033663764595985 438.56922309100628 820.0595753416419 1598.5161507949233 1825.0721703767776 303.36126906424761 1769.7766792029142 1348.7850533425808 140.76881524175406 825.37630179524422
leaf_count=1395 6795 3935 5358 27621 363 4549 6485 14713 15816 2863 18508 13080 1293 8414
internal_value=-4.03118e-06 0.0047842 0.00978581 -0.00846991 -0.0109601 -0.0121483 0.0168065 0.00351927 0.012313 0.00588585 -0.0123419 -0.00261038 0.00500156 -0.0025396
internal_weight=13487.3 8617.63 6542.89 4869.71 2074.74 3877.68 3077.83 3465.05 2257.78 992.032 2034.71 1866.53 264.934 1263.95
internal_count=131188 80946 59387 50242 21559 40584 26236 33151 19751 9658 21196 18438 2688 12963
is_linear=0
shrinkage=0.035


Tree=8
num_leaves=15
num_cat=0
split_feature=33 3 30 25 21 22 33 17 3 28 30 8 17 6
split_gain=421.299 366.758 193.146 255.534 143.26 129.235 111.097 86.4083 80.3341 65.7551 53.3779 45.5408 34.926 30.0717
threshold=0.059136581678989171 1.0000000180025095e-35 -0.14999999999999988 3.9399999999999999 -0.015407797880470751 0.39701244235038763 -0.067435648233345621 0.025454134680330757 0.063979394733905806 -1.1401333311752746 0.099999999999999881 -0.29683119058609003 0.026424471288919452 0.13084281980991366
decision_type=2 2 2 2 2 2 2 8 2 2 2 2 10 2
left_child=1 2 13 7 -5 6 9 -4 -2 -3 -8 -7 -13 -1
right_child=8 5 3 4 -6 11 10 -9 -10 -11 -12 12 -14 -15
leaf_value=-0.018048065139058607 -0.019410498839475387 0.0089101588233545144 -0.010489874254862728 0.0032712999483177321 -0.011554305170742669 -0.016672716117392742 -0.00041592297497865515 0.010385624675038584 -0.0051659052853432908 0.025368510667887818 0.012267605774072718 -0.017323176793016301 0.0057589115967003873 0.0011547688401322127
leaf_weight=931.67583715170622 1350.7330616265535 425.70779717713594 261.93323939293623 1256.5415619388223 2162.6945321708918 172.72913382202387 609.54229084402323 2410.9519942775369 768.06916382163763 1105.9495611339808 1206.1401961371303 82.050952792167664 628.88268344849348 110.45553074032068
leaf_count=10509 14458 4080 2520 11623 22740 1872 5961 21737 7482 8982 10695 861 6492 1176
internal_value=-4.94581e-06 0.00266941 -0.00217329 0.000217927 -0.00611236 0.010821 0.0139556 0.00830843 -0.0142953 0.0208816 0.00803067 -0.0010764 0.0028916 -0.0160211
internal_weight=13484.1 11365.3 7134.25 6092.12 3419.24 4231 3347.34 2672.89 2118.8 1531.66 1815.68 883.663 710.934 1042.13
internal_count=131188 109248 70305 58620 34363 38943 29718 24257 21940 13062 16656 9225 7353 11685
is_linear=0
shrinkage=0.035


Tree=9
num_leaves=15
num_cat=0
split_feature=33 3 30 22 10 34 8 25 3 10 22 6 6 26
split_gain=396.205 342.004 191.331 230.539 114.944 110.321 133.43 94.994 77.2548 76.6231 60.1733 41.9205 29.1886 24.5181
threshold=0.059136581678989171 0.082598924636840834 -0.14999999999999988 0.30864126980304724 0.35458551347255712 -0.038291429902634559 -0.28927157819271082 4.4500000000000011 0.063979394733905806 0.74231791496276867 0.2409842982888222 0.090733207762241377 -0.30644971132278437 -0.83499999999999985
decision_type=2 2 2 2 2 2 2 2 2 2 2 2 2 2
left_child=1 2 11 4 -4 -3 10 -5 12 -8 -7 -1 -2 -10
right_child=8 5 3 7 -6 6 9 -9 13 -11 -12 -13 -14 -15
leaf_value=-0.017725908242135668 -0.0015049412307267817 -0.00087675408743855866 -0.0042065194843770382 0.0026773295195522983 0.010160913453122596 0.013297115081697076 0.025366338409265575 -0.010238157177109415 -0.0096318492262933413 0.0076068131631960917 -0.0034226929096747146 0.00066196490150623004 -0.020567792248599732 0.00328475559961838
leaf_weight=932.22918857634068 108.73182383179665 663.04749520123005 891.46609545499086 1022.8443334102631 2830.6366118490696 527.90424793958664 1263.9975263178349 2160.4818265810609 490.0828922316432 402.65335807204247 510.80839554965496 180.22604691982269 1221.2091884985566 274.91800460219383
leaf_count=10668 1194 6772 8386 10049 24939 4421 10862 22968 4777 3464 4781 1938 13264 2705
internal_value=-8.02173e-06 0.00256878 -0.00136536 0.000811947 0.00671778 0.0119096 0.0150351 -0.00609285 -0.0139589 0.0211467 0.00512057 -0.0147676 -0.0190321 -0.00500753
internal_weight=13481.2 11386.3 8017.88 6905.43 3722.1 3368.41 2705.36 3183.33 2094.94 1666.65 1038.71 1112.46 1329.94 765.001
internal_count=131188 109248 78948 66342 33325 30300 23528 33017 21940 14326 9202 12606 14458 7482
is_linear=0
shrinkage=0.035


Tree=10
num_leaves=15
num_cat=0
split_feature=32 30 22 3 6 10 3 6 17 6 11 10 21 11
split_gain=379.139 430.264 303.722 211.114 101.724 92.7062 90.6713 79.436 72.0189 66.571 51.675 31.4937 31.2451 27.9883
threshold=0.01892619387526873 -0.14999999999999988 0.42151103913784033 0.082598924636840834 0.1863512918353081 0.30578473210334783 0.23175679147243503 0.14721943438053134 0.015994798392057422 -0.30644971132278437 0.33340024948120123 0.2768308967351914 0.039619062095880515 0.43213717639446264
decision_type=2 2 2 2 2 2 2 2 8 2 2 2 2 2
left_child=6 4 3 5 11 -3 9 -4 -5 -1 -6 -2 -11 -9
right_child=1 2 7 8 10 -7 -8 13 -10 12 -12 -13 -14 -15
leaf_value=0.013356066683797825 -0.029617032929014308 -0.0056816119757519285 -0.014709741378345244 0.069921077825309402 0.026991879073193944 0.0065434759637132463 -0.001928152418475256 0.0075977840955219304 0.016209905257189971 -0.022571647303126687 -0.005666297708134419 -0.013485341077543411 -0.010139391667760645 -0.013124535382628684
leaf_weight=72.086660161614418 164.28470748662949 898.93681673705578 980.19056148827076 22.002876095473766 100.58575617522001 4675.6844487562776 596.87189611792564 350.22395331412554 2368.4258498623967 1105.8275006935 122.04253927618265 1577.3135116547346 350.54923272877932 92.931601293385029
leaf_count=752 1883 8895 10894 178 1003 42928 5750 3678 19935 11514 1235 17720 3830 993
internal_value=-1.01897e-05 0.0025327 0.00565083 0.00831194 -0.0123241 0.00456547 -0.0135415 -0.0091949 0.0169935 -0.0180345 0.00961502 -0.0151674 -0.0196688 0.0030585
internal_weight=13478 11352.6 9388.4 7965.05 1964.23 5574.62 2125.34 1423.35 2390.43 1528.46 222.628 1741.6 1456.38 443.156
internal_count=131188 109342 87501 71936 21841 51823 21846 15565 20113 16096 2238 19603 15344 4671
is_linear=0
shrinkage=0.035


Tree=11
num_leaves=15
num_cat=0
split_feature=22 25 26 22 6 8 10 3 8 16 22 25 21 10
split_gain=356.566 439.593 188.163 186.208 132.473 125.864 101.841 92.1657 81.8852 76.5758 69.087 65.4803 59.9551 59.8705
threshold=0.35781356692314154 1.4450000000000001 -0.69999999999999962 0.2409842982888222 0.16605263948440555 -0.023093936964869496 0.34670929610729223 -0.043076051399111741 -0.19660847634077069 1.4653307795524599 0.10145319998264314 2.8200000000000007 -0.065105643123388277 0.65407690405845653
decision_type=2 2 2 2 2 2 2 2 2 2 2 2 2 2
left_child=1 5 4 6 -2 10 11 -5 -4 -8 12 -3 -1 -9
right_child=2 3 8 7 -6 -7 9 13 -10 -11 -12 -13 -14 -15
leaf_value=-0.012803600186147686 -0.015554196703540609 -0.012648127021534387 -0.0017981307803449601 -0.0030017147622361951 -0.00029526883889782833 0.043832460477434707 0.020560906905197684 0.012701993074851665 0.018094519209343414 0.0062225357135266245 -0.014001863154282181 0.011831901717254397 0.01953319284108752 -0.00076294897296146763
leaf_weight=118.90555623173714 2680.2766265720129 241.03658612817526 779.05686401575804 1670.8103334158659 941.19939690083265 42.128449834883213 2068.6867357715964 1236.1124072372913 364.63908233493567 598.83698128163815 1713.0732734426856 276.75253450125456 145.46698951721191 597.34956431388855
leaf_count=1395 29547 2180 7681 16575 9679 363 16680 11235 3335 4983 18508 2393 1293 5341
internal_value=-1.15371e-05 0.00419883 -0.00769938 0.00851774 -0.0116002 -0.0100785 0.0146295 0.00293643 0.00464601 0.0173773 -0.0114418 0.000412447 0.00505266 0.00833472
internal_weight=13474.3 8709.16 4765.17 6689.59 3621.48 2019.57 3185.31 3504.27 1143.7 2667.52 1977.45 517.789 264.373 1833.46
internal_count=131188 80946 50242 59387 39226 21559 26236 33151 11016 21663 21196 4573 2688 16576
is_linear=0
shrinkage=0.035


Tree=12
num_leaves=15
num_cat=0
split_feature=22 25 26 22 6 8 10 3 8 16 22 25 8 21
split_gain=333.185 408.545 177.422 170.115 126.16 117.017 92.6572 86.0855 75.6184 68.9995 65.4303 61.1667 60.6396 55.6651
threshold=0.35781356692314154 1.4450000000000001 -0.69999999999999962 0.2409842982888222 0.16605263948440555 -0.023093936964869496 0.34670929610729223 1.0000000180025095e-35 -0.22113384306430814 1.4653307795524599 0.10145319998264314 2.8200000000000007 -0.17058596760034558 -0.065105643123388277
decision_type=2 2 2 2 2 2 2 2 2 2 2 2 2 2
left_child=1 5 4 6 -2 10 11 -5 -4 -8 13 -3 -9 -1
right_child=2 3 8 7 -6 -7 9 12 -10 -11 -12 -13 -14 -15
leaf_value=-0.012509918345223567 -0.015201158825575566 -0.01233834499716314 -0.0024815443011814175 -0.0023493063056611242 -0.00028510867158774316 0.041502720177648542 0.019546570872207542 0.0033962957287699833 0.015931592608302059 0.0059808307572704108 -0.013666600893734797 0.011332920292454064 0.017229310167534002 0.018633913692534049
leaf_weight=117.69407074153423 2647.3586404025555 238.73270951211452 719.03124974668026 1854.5775942951441 940.98408652842045 43.472621150314808 2099.8229440674186 1042.4350226223469 428.48301424086094 601.58572378754616 1694.2523264437914 279.22020587325096 614.78646840155125 147.59387054294348
leaf_count=1395 29547 2180 7110 18438 9679 363 16680 9362 3906 4983 18508 2393 5351 1293
internal_value=-1.1682e-05 0.00404063 -0.00747799 0.00816846 -0.0113013 -0.00980268 0.0139676 0.00282769 0.00447218 0.0165588 -0.0111458 0.000395413 0.00860055 0.00486454
internal_weight=13470 8734.17 4735.86 6731.16 3588.34 2003.01 3219.36 3511.8 1147.51 2701.41 1959.54 517.953 1657.22 265.288
internal_count=131188 80946 50242 59387 39226 21559 26236 33151 11016 21663 21196 4573 14713 2688
is_linear=0
shrinkage=0.035


Tree=13
num_leaves=15
num_cat=0
split_feature=32 30 22 3 8 3 5 8 6 6 15 10 8 10
split_gain=330.534 354.198 245.266 176.837 104.081 86.5609 85.4792 84.0505 73.8336 69.3235 48.5 50.3065 35.9997 35.9396
threshold=0.01892619387526873 -0.14999999999999988 0.42151103913784033 0.10284244641661645 -0.0975510999560356 0.014935995917767288 -0.16715751588344571 -0.28927157819271082 -0.28388874232769007 0.14721943438053134 22.983864784240726 0.88175842165946972 -0.28927157819271082 0.41306242346763616
decision_type=2 2 2 2 2 2 2 2 2 2 2 2 2 2
left_child=5 4 3 6 13 8 -3 -5 -1 -4 -7 12 -12 -2
right_child=1 2 9 7 -6 10 -8 -9 -10 -11 11 -13 -14 -15
leaf_value=0.011151282360678225 -0.02090173149910492 0.018651036743498731 -0.013723979569062896 0.0070777693655036328 0.015708148905948776 -0.010939721170776715 0.0028857439175843237 0.020846915340984786 -0.022430131754663494 0.00294629263640824 -0.012383659050015721 -0.016012622423429435 0.019021865638681305 -0.010122822130475651
leaf_weight=81.362279959022999 583.81739901006222 448.26909776777029 948.24303871393204 897.77084390074015 151.37297632545233 664.04278267920017 5320.4697294086218 1423.5940820723772 979.34764733165503 444.15006374567747 48.722166933119297 92.660937093198299 209.47650614380836 1171.9225998520851
leaf_count=866 6916 3876 10894 7486 1506 6654 49063 11511 10907 4671 501 896 2022 13419
internal_value=-1.15809e-05 0.00233222 0.00510168 0.00743701 -0.0113928 -0.0128223 0.00414097 0.015575 -0.0197742 -0.00842335 -0.00543472 0.00499858 0.0128549 -0.0138051
internal_weight=13465.2 11389.6 9482.5 8090.1 1907.11 2075.61 5768.74 2321.36 1060.71 1392.39 1014.9 350.86 258.199 1755.74
internal_count=131188 109342 87501 71936 21841 21846 52939 18997 11773 15565 10073 3419 2523 20335
is_linear=0
shrinkage=0.035


Tree=14
num_leaves=15
num_cat=0
split_feature=32 30 22 3 8 11 3 10 6 6 15 10 3 10
split_gain=310.773 331.208 227.911 161.803 97.9451 84.4123 83.3655 78.3758 72.3614 65.6118 45.8897 44.4639 41.7459 34.7877
threshold=0.01892619387526873 -0.14999999999999988 0.42151103913784033 0.12464760616421701 -0.0975510999560356 0.14799184352159503 1.0000000180025095e-35 0.30578473210334783 -0.28388874232769007 0.14721943438053134 22.890003204345707 0.88175842165946972 1.2680044174194338 0.41306242346763616
decision_type=2 2 2 2 2 2 2 2 2 2 2 2 2 2
left_child=6 4 3 7 13 -5 8 -3 -1 -4 -8 12 -12 -2
right_child=1 2 9 5 -6 -7 10 -9 -10 -11 11 -13 -14 -15
leaf_value=0.010825303214834417 -0.020526311222476383 -0.0050901685541191038 -0.013394749303596538 0.056174620528122172 0.01502081000162327 0.013983462017089429 -0.010953789638088778 0.0058650932436369379 -0.022413451723453486 0.0028390294908522836 0.0052625975932232508 -0.015461144551332361 0.042300570273028346 -0.0098518226338519827
leaf_weight=81.888439826667309 574.04530739784241 944.62403754889965 937.97581802308559 51.05702717602253 153.18367759138346 2156.1041255146265 667.48094242066145 4981.9514641985297 927.99719688296318 445.15767146646976 247.2396302446723 95.144138880074024 34.793668612837791 1162.4591155424714
leaf_count=864 6916 9275 10894 384 1506 17469 6777 44808 10530 4671 2408 933 334 13419
internal_value=-1.353e-05 0.00224629 0.00490537 0.00713905 -0.0111008 0.0152084 -0.0125098 0.00411332 -0.0196385 -0.00818708 -0.0054976 0.00419161 0.0111239 -0.0134779
internal_weight=13461.1 11406.6 9516.87 8133.74 1889.69 2207.16 2054.54 5926.58 1009.89 1383.13 1044.66 377.177 282.033 1736.5
internal_count=131188 109342 87501 71936 21841 17853 21846 54083 11394 15565 10452 3675 2742 20335
is_linear=0
shrinkage=0.035


Tree=15
num_leaves=15
num_cat=0
split_feature=32 30 22 2 26 8 5 6 15 2 8 6 10 10
split_gain=291.939 309.755 211.863 104.422 111.656 92.1745 84.179 62.0792 50.3327 53.2689 47.2003 34.524 33.6526 33.2717
threshold=0.01892619387526873 -0.14999999999999988 0.42151103913784033 0.20211029052734378 -1.3799999999999999 -0.0975510999560356 -0.14271087199449536 0.14721943438053134 22.983864784240726 -0.37440317869186396 -0.21311142295598981 0.23879923671483996 0.41306242346763616 0.92401519417762767
decision_type=2 2 2 2 2 2 2 2 2 2 2 2 2 2
left_child=8 5 3 6 -5 12 -3 -4 9 -1 -10 -7 -2 -12
right_child=1 2 7 4 -6 11 -8 -9 10 -11 13 -13 -14 -15
leaf_value=0.013381328259195625 -0.020153106724437677 0.014856228459597429 -0.013070456094509861 -0.0020702259276790809 0.021082728831062877 -0.004909710743437188 0.0034947513887534911 0.0027358961942903466 -0.01438573638873015 -0.01680025188081543 0.011582062139262808 0.027249883011171847 -0.0095861665701894149 -0.019558947079829508
leaf_weight=68.172921538352966 564.56657579541206 917.16540504992008 928.03107968717813 333.0470557808876 1057.9272235557437 64.522147983312607 5867.358995474875 446.13001327216625 223.0189813375473 1454.6065272241831 247.12135896086693 90.405651420354843 1153.3021302521229 40.873599097132683
leaf_count=726 6916 7685 10894 3078 8559 669 52614 4671 2384 15896 2439 837 13419 401
internal_value=-1.36254e-05 0.00216449 0.00471838 0.00685587 0.0155639 -0.0108141 0.00505026 -0.00795613 -0.0121974 -0.0153706 -0.00262793 0.0143709 -0.0131555 0.00665435
internal_weight=13456.2 11422.5 9549.66 8175.5 1390.97 1872.8 6784.52 1374.16 2033.79 1522.78 511.014 154.928 1717.87 287.995
internal_count=131188 109342 87501 71936 11637 21841 60299 15565 21846 16622 5224 1506 20335 2840
is_linear=0
shrinkage=0.035


Tree=16
num_leaves=15
num_cat=0
split_feature=3 32 30 22 32 8 28 3 6 30 15 33 28 7
split_gain=278.681 222.093 220.607 139.959 133.528 92.1756 106.963 92.7523 67.338 61.5175 41.0321 40.089 45.959 34.7254
threshold=1.0000000180025095e-35 0.019536802125425305 -0.14999999999999988 0.42151103913784033 0.01892619387526873 -0.31923802196979517 -1.1401333311752746 0.30129462480545049 -0.28388874232769007 0.19999999999999998 22.890003204345707 -0.16801730899034531 -0.32965580251068655 -0.16044037789106366
decision_type=2 2 2 2 2 2 2 2 2 2 2 2 2 2
left_child=1 8 -3 9 10 11 -7 -8 -1 -4 -2 -6 -13 -12
right_child=4 2 3 -5 5 6 7 -9 -10 -11 13 12 -14 -15
leaf_value=0.0079904015204423327 -0.010246535014938704 -0.014007225435261131 0.002505466143132453 -0.01205912367615848 -0.014413057735916788 0.0057458946176390082 0.011583924093082697 0.029666449769630173 -0.019820440798884027 0.015730162655513944 -0.0096326011443582313 0.0102144891308114 -0.0039873491568604841 0.011884317109025301
leaf_weight=111.90628676861525 653.48111207038164 1382.1276294216514 4271.175226688385 780.4930916428566 166.31148440390825 1498.0619037672877 870.16989009827375 595.00162800401449 1172.8354891091585 470.15192698687315 135.39873754233122 583.53028958290815 519.18642347306013 242.27782774716616
leaf_count=1165 6777 16754 38772 9179 1841 14196 7344 4499 13400 4082 1354 4625 4879 2321
internal_value=-1.51334e-05 -0.0040523 -0.0015553 0.00158113 0.00626156 0.00900949 0.0123802 0.0190785 -0.017355 0.00384718 -0.00499521 0.00110347 0.00355217 0.00412091
internal_weight=13452.1 8188.69 6903.95 5521.82 5263.42 4232.26 2963.23 1465.17 1284.74 4741.33 1031.16 1269.03 1102.72 377.677
internal_count=131188 83352 68787 52033 47836 37384 26039 11843 14565 42854 10452 11345 9504 3675
is_linear=0
shrinkage=0.035


Tree=17
num_leaves=15
num_cat=0
split_feature=3 32 25 33 32 34 8 6 5 10 6 28 15 10
split_gain=259.312 210.858 160.466 166.959 123.547 85.5164 105.323 64.3313 60.5182 57.2003 56.4516 42.4224 38.5815 39.249
threshold=1.0000000180025095e-35 0.019536802125425305 0.9900000000000001 -0.16801730899034531 0.01892619387526873 -0.038291429902634559 -0.28927157819271082 -0.28388874232769007 -0.16715751588344571 0.74231791496276867 0.13084281980991366 -0.10326313031254751 22.890003204345707 0.88175842165946972
decision_type=2 2 2 2 2 2 2 2 2 2 2 2 2 2
left_child=1 7 -3 10 12 -6 11 -1 -5 -8 -4 -7 -2 -14
right_child=4 2 3 8 5 6 9 -9 -10 -11 -12 -13 13 -15
leaf_value=0.0076883439011564466 -0.00997399160374738 -0.014277522084475844 -0.011594366360514733 0.017587592550652686 -0.0014317577801596004 0.0085562234946510406 0.018860783063998826 -0.019445491961035483 0.003092145198877069 0.0046102002570749933 0.005057662589480991 -0.0040868221690034427 0.01034532352218381 -0.014795245624245969
leaf_weight=112.61227784305811 648.20905942469835 1015.8453435972333 1371.9249854683876 379.67088586837053 829.33118687570095 765.75808244943619 1668.2069356292486 1154.1364236921072 3828.6344519928098 444.1587995365262 298.27043524384499 551.61895229667425 286.07192724198103 92.812664657831192
leaf_count=1165 6777 12473 15795 3122 8496 6187 13807 13400 34241 3628 3156 5266 2742 933
internal_value=-1.61968e-05 -0.00392622 -0.00150441 0.000723371 0.00601633 0.00864044 0.011073 -0.016992 0.00443851 0.0159002 -0.00860818 0.00327136 -0.00484349 0.00396473
internal_weight=13447.3 8161.09 6894.35 5878.5 5286.17 4259.07 3429.74 1266.75 4208.31 2112.37 1670.2 1317.38 1027.09 378.885
internal_count=131188 83352 68787 56314 47836 37384 28888 14565 37363 17435 18951 11453 10452 3675
is_linear=0
shrinkage=0.035


Tree=18
num_leaves=15
num_cat=0
split_feature=32 3 25 22 10 10 3 22 26 6 6 6 20 9
split_gain=244.244 226.096 148.694 185.141 88.0745 78.1853 75.418 64.7228 56.9612 110.728 54.6462 53.1305 46.3179 40.6546
threshold=0.01892619387526873 0.030320054851472381 1.4450000000000001 0.27970407903194433 0.32223080098629003 0.69662031531333934 0.23175679147243503 0.42151103913784033 -1.3799999999999999 0.21036731451749804 -0.30644971132278437 0.16605263948440555 -0.14048753678798673 0.24192818254232409
decision_type=2 2 2 2 2 2 2 2 2 2 2 2 2 2
left_child=6 2 12 4 -4 8 10 -5 13 -10 -1 -7 -2 -3
right_child=1 5 3 7 -6 11 -8 -9 9 -11 -12 -13 -14 -15
leaf_value=0.012359470600018768 0.0041073664627470745 0.031651144641416322 -0.0080435948936877933 -0.0010774592821086808 0.011033766107516316 -0.0063988290827654733 -0.00070368010525160272 -0.011251815956119356 0.010763824824280222 0.031397669288746675 -0.017352104681669096 0.0080566439318849499 -0.013866920813088523 -0.0016701358178010366
leaf_weight=73.525010615587234 198.3969519212842 39.510082729160786 338.1962753906846 2539.3257163316011 2074.1302845329046 566.6018451154232 579.76822565495968 1088.2421787381172 1805.7999747619033 383.64261359721422 1325.3368862494826 667.82976917177439 1293.1141769215465 469.16241353005171
leaf_count=752 2016 403 3126 25288 16862 4909 5750 13026 15318 3080 15344 5755 15027 4532
internal_value=-1.74026e-05 0.00194523 -0.00160755 0.000841509 0.00833705 0.00873614 -0.0113413 -0.00415223 0.0120642 0.0145057 -0.0157138 0.00142351 -0.0114646 0.00147836
internal_weight=13442.6 11464 7531.41 6039.89 2412.33 3932.55 1978.63 3627.57 2698.12 2189.44 1398.86 1234.43 1491.51 508.672
internal_count=131188 109342 75345 58302 19988 33997 21846 38314 23333 18398 16096 10664 17043 4935
is_linear=0
shrinkage=0.035


Tree=19
num_leaves=15
num_cat=0
split_feature=22 25 8 16 24 8 26 15 26 20 11 10 25 23
split_gain=230.357 285.67 130.894 123.835 94.9132 91.2828 87.6976 69.391 67.4395 53.8592 49.3691 42.3672 41.5242 41.327
threshold=0.35781356692314154 1.4450000000000001 -0.18845927715301511 1.4653307795524599 0.028544961474835876 -0.023093936964869496 -0.83499999999999985 23.677119255065922 -0.69999999999999962 -0.14048753678798673 0.21542140096426013 0.32223080098629003 4.7400000000000011 0.3832866251468659
decision_type=2 2 2 2 2 2 2 2 2 2 2 2 2 2
left_child=1 5 6 4 10 9 -2 -6 11 13 -3 -4 -5 -1
right_child=2 3 8 12 7 -7 -8 -9 -10 -11 -12 -13 -14 -15
leaf_value=0.015884649515244612 -0.015010260637025739 0.002207593783563958 -0.013477734480965942 0.0048611498724565345 0.0054941020851430019 0.035058290359289056 -0.0020271629592048864 0.020270853466191781 0.014513649981348934 -0.012266643308684374 0.022985916861096772 0.0012150659819102421 -0.0065883711679728075 -0.011061136670073265
leaf_weight=154.38477181643248 1974.5862367004156 173.68756929039955 306.03839735686779 643.24962537735701 3963.4388302341104 47.444139994680882 943.96392693370581 424.307886749506 365.4549178108573 1616.3626919686794 766.19424825906754 998.96189614385366 947.48901733756065 111.92252650111914
leaf_count=1293 23475 1562 3564 5379 33934 363 9549 3501 3141 18508 6216 10513 8795 1395
internal_value=-1.72717e-05 0.00328217 -0.00637253 0.00660308 0.00915787 -0.00859409 -0.0108323 0.0069659 0.00143752 -0.00987357 0.0192098 -0.00230686 -0.00195706 0.00456952
internal_weight=13437.5 8848.48 4589.01 6918.37 5327.63 1930.11 2918.55 4387.75 1670.46 1882.67 939.882 1305 1590.74 266.307
internal_count=131188 80946 50242 59387 45213 21559 33024 37435 17218 21196 7778 14077 14174 2688
is_linear=0
shrinkage=0.035


Tree=20
num_leaves=15
num_cat=0
split_feature=3 32 30 22 22 6 28 10 32 8 10 6 17 28
split_gain=222.968 189.581 176.615 110.278 105.584 77.0495 77.2551 104.468 76.0715 67.7311 67.5065 59.7832 53.2872 43.8258
threshold=1.0000000180025095e-35 0.019536802125425305 -0.14999999999999988 0.42151103913784033 0.35542443394660955 0.1863512918353081 -1.1401333311752746 0.76547798514366161 0.042560839849552619 -0.28927157819271082 0.30578473210334783 -0.264771819114685 0.053243666887283332 1.0000000180025095e-35
decision_type=2 2 2 2 2 2 2 2 2 2 2 2 8 2
left_child=1 11 -3 10 5 8 -7 -8 12 -6 -4 -1 -2 -11
right_child=4 2 3 -5 9 6 7 -9 -10 13 -12 -13 -14 -15
leaf_value=0.0056454318808170272 0.012428270762613458 -0.012816160128000471 -0.0067692859288553051 -0.010994181229755743 -0.011819089753431463 0.0019255844213249905 0.039334170366021277 0.0087192863407433915 -0.0078831593742213039 0.0052163234935948934 0.005019496455982147 -0.018915033970457365 4.2258427609317739e-06 -0.011693106078310308
leaf_weight=131.83110396564007 1506.7519812732935 1326.7953387275338 686.75301668047905 754.5664301738143 494.96306490153074 235.47136083245277 305.47451542317867 253.39055079966784 381.03763249516487 1358.1971211135387 4103.3703184276819 1099.4765116125345 586.40052063763142 208.02357145398855
leaf_count=1385 12039 16754 6799 9179 5403 1944 2232 1957 4045 13471 36055 13180 4666 2079
internal_value=-1.67267e-05 -0.00367234 -0.00139619 0.00135467 0.00553739 0.00943982 0.0188704 0.0258506 0.00634835 -0.000666584 0.00331877 -0.0162611 0.00896422 0.0029105
internal_weight=13432.5 8102.79 6871.49 5544.69 5329.71 3268.53 794.336 558.865 2474.19 2061.18 4790.12 1231.31 2093.15 1566.22
internal_count=131188 83352 68787 52033 47836 26883 6133 4189 20750 20953 42854 14565 16705 15550
is_linear=0
shrinkage=0.035


Tree=21
num_leaves=15
num_cat=0
split_feature=32 30 22 3 8 3 11 14 6 2 3 5 8 11
split_gain=212.255 218.702 150.185 112.731 74.5775 70.6757 69.483 66.5173 49.4675 48.5768 50.1618 29.358 27.2658 25.803
threshold=0.01892619387526873 -0.14999999999999988 0.42151103913784033 0.12464760616421701 -0.0975510999560356 0.75976115465164196 0.14799184352159503 0.31034220755100256 0.14721943438053134 -0.37440317869186396 -0.02936783246695995 0.091235671192407622 -0.16173209995031354 0.19960751384496692
decision_type=2 2 2 2 2 2 2 2 2 2 2 2 2 2
left_child=5 4 3 7 13 9 -5 -3 -4 -1 -11 -6 -7 -2
right_child=1 2 8 6 11 12 -8 -9 -10 10 -12 -13 -14 -15
leaf_value=0.014158176380977213 -0.025545456701486766 -0.0061514778371762786 -0.011728606140573715 0.047777856902959027 -0.0089869007259038847 -0.0011270842051724933 0.011072808912541136 0.0045387793179636881 0.0024557875388030613 -0.020381657947100219 -0.0081617822734774605 0.022122495670120992 0.02544406982686986 -0.010143837093057832
leaf_weight=70.31205890327692 143.10500713437796 816.4491646066308 888.25578989088535 56.145572058856487 46.958441637456417 117.61863023787737 2258.2174105495214 5228.9819358587265 448.58719983696938 803.3939973115921 878.78732118755579 111.59989295899868 68.246852822601795 1490.5051623955369
leaf_count=745 1888 7178 10894 384 493 1203 17469 46905 4671 9987 9279 1013 632 18447
internal_value=-1.79072e-05 0.00179215 0.00386967 0.00561191 -0.00940745 -0.0107004 0.012165 0.00308726 -0.00698604 -0.0128768 -0.0140838 0.0129226 0.00943036 -0.0116402
internal_weight=13427.2 11488.8 9696.64 8359.79 1792.17 1938.36 2314.36 6045.43 1336.84 1752.49 1682.18 158.558 185.865 1633.61
internal_count=131188 109342 87501 71936 21841 21846 17853 54083 15565 20011 19266 1506 1835 20335
is_linear=0
shrinkage=0.035


Tree=22
num_leaves=15
num_cat=0
split_feature=32 30 22 3 2 3 10 10 6 2 3 10 10 6
split_gain=199.172 204.578 139.759 103.836 71.5673 66.8564 63.2913 59.7755 46.7207 45.932 48.4991 40.051 29.0789 24.8487
threshold=0.01892619387526873 -0.14999999999999988 0.42151103913784033 0.082598924636840834 0.44143588840961462 0.75976115465164196 0.30578473210334783 0.17670542001724246 0.14721943438053134 -0.37440317869186396 -0.043076051399111741 0.81603863835334789 1.1225485205650332 0.0077541749924421319
decision_type=2 2 2 2 2 2 2 2 2 2 2 2 2 2
left_child=5 4 3 6 -2 9 -3 -5 -4 -1 -11 -6 13 -7
right_child=1 2 8 7 11 12 -8 -9 -10 10 -12 -13 -14 -15
leaf_value=0.013587905360565675 -0.011486936858322118 -0.0057219305321707789 -0.01143110625024908 0.055892263727262574 0.024753035098533167 -0.009619553676583634 0.0043391940688310158 0.01049063590270978 0.0023672717141072133 -0.020244718214109912 -0.0081315593618828882 -0.0076556689246774475 -0.018872219534534402 0.021872469470937586
leaf_weight=71.104047521948814 1602.3502636998892 899.42845766991377 879.88574332743883 26.634363368153572 102.59216435998678 33.442199714481831 4874.4287979528308 2592.4714180231094 449.43149152398109 760.09109909832478 902.93870510905981 73.418225802481174 29.020957492291927 124.62851299345493
leaf_count=745 20088 8895 10894 180 989 352 42928 19933 4671 9609 9657 764 299 1184
internal_value=-1.77876e-05 0.00172732 0.00372525 0.00539571 -0.00915508 -0.010419 0.00276473 0.0111632 -0.00678314 -0.0125632 -0.0137558 0.0115498 0.00908385 0.0150339
internal_weight=13421.9 11500.6 9722.28 8392.96 1778.36 1921.23 5773.86 2619.11 1329.32 1734.13 1663.03 176.01 187.092 158.071
internal_count=131188 109342 87501 71936 21841 21846 51823 20113 15565 20011 19266 1753 1835 1536
is_linear=0
shrinkage=0.035


Tree=23
num_leaves=15
num_cat=0
split_feature=32 30 22 16 6 8 25 28 6 2 6 8 10 8
split_gain=187.07 191.216 130.087 82.2306 79.1374 68.1734 61.2145 47.2269 46.4647 46.8219 44.1132 34.1297 33.6953 34.3658
threshold=0.01892619387526873 -0.14999999999999988 0.42151103913784033 1.4163023233413699 0.21036731451749804 -0.0975510999560356 4.4500000000000011 1.0000000180025095e-35 0.21036731451749804 -0.34878493845462794 0.14721943438053134 -0.31186003983020777 0.29692076146602636 -0.23671425879001615
decision_type=2 2 2 2 2 2 2 2 2 2 2 2 2 2
left_child=7 5 3 4 -3 12 -5 8 9 -1 -4 -11 -2 -14
right_child=1 2 10 6 -6 -7 -8 -9 -10 11 -12 -13 13 -15
leaf_value=0.01554700783242533 -0.025792463491869162 0.0059592135274784278 -0.011138747418719496 0.0047866642738072368 0.019710979330579564 0.012315552186094371 -0.0070150345838845248 -0.018823942440552875 0.0068659491361914415 -0.018748662026864246 0.0022820995946612518 -0.0058757949337564291 -0.011804690835270283 0.0020293319787338783
leaf_weight=75.548296384513378 163.81678055226803 5725.1542145982385 871.78392660617828 1142.8740662559867 556.25247171521187 160.18517637252808 1000.2603284046054 541.36489679664373 249.20465195178986 451.52138633280993 450.24632708728313 587.22954962402582 1173.9481413736939 266.88907524198294
leaf_count=801 2235 48853 10894 9823 4160 1506 9100 6212 2513 5536 4671 6784 14962 3138
internal_value=-1.74712e-05 0.00166618 0.00358714 0.00518935 0.0072064 -0.00890305 -0.000728515 -0.0101476 -0.00659074 -0.00963452 -0.00658517 -0.0115968 -0.0110844 -0.00924586
internal_weight=13416.3 11511.4 9746.57 8424.54 6281.41 1764.84 2143.13 1904.87 1363.5 1114.3 1322.03 1038.75 1604.65 1440.84
internal_count=131188 109342 87501 71936 53013 21841 18923 21846 15634 13121 15565 12320 20335 18100
is_linear=0
shrinkage=0.035


Tree=24
num_leaves=15
num_cat=0
split_feature=3 32 30 33 8 26 21 3 6 5 11 21 17 17
split_gain=182.65 159.355 140.668 81.7007 79.4698 97.2142 70.9055 69.3851 53.9123 52.0368 44.8447 42.419 42.3145 41.851
threshold=1.0000000180025095e-35 0.019536802125425305 -0.14999999999999988 -0.16801730899034531 -0.31186003983020777 -0.9750000000000002 -0.015407797880470751 0.45276044309139257 -0.264771819114685 -0.16715751588344571 0.50948160886764537 -0.019647533074021336 0.024428043514490131 0.074814073741436019
decision_type=2 2 2 2 2 2 2 2 2 2 2 2 10 10
left_child=1 8 -3 -4 6 11 -2 12 -1 -5 -9 13 -7 -6
right_child=4 2 3 9 5 7 -8 10 -10 -11 -12 -13 -14 -15
leaf_value=0.0055423283708540298 0.0048652964007934989 -0.01172403493630305 -0.0066268423877974972 0.01539627377723137 0.012451164131499257 -0.0076723283679359638 -0.0098899856853932062 0.030333192495270715 -0.017812284931891041 0.0021753477554746076 0.00057203361620157848 -0.0012160490387235284 0.011856990787833989 -0.01066193320990301
leaf_weight=132.07288608700037 908.67129106074572 1278.9460340291262 1279.0374076887965 393.02465648204088 649.60190937668085 147.69119570404291 695.5447474271059 377.02311611175537 1049.1339342072606 3899.034831687808 74.321529813110828 1310.41924251616 1112.7324411273003 104.43345358967781
leaf_count=1385 7554 16754 14670 3122 4824 1267 7155 2875 13180 34241 575 13414 9376 796
internal_value=-1.8956e-05 -0.00336061 -0.00130397 0.00110486 0.00496603 0.00773258 -0.00155383 0.0138754 -0.0151764 0.00341896 0.0255511 0.00259684 0.00952625 0.00915236
internal_weight=13411.7 8031.25 6850.04 5571.1 5380.44 3776.22 1604.22 1711.77 1181.21 4292.06 451.345 2064.45 1260.42 754.035
internal_count=131188 83352 68787 52033 47836 33127 14709 14093 14565 37363 3450 19034 10643 5620
is_linear=0
shrinkage=0.035


Tree=25
num_leaves=15
num_cat=0
split_feature=33 33 3 2 8 3 32 28 10 10 10 2 32 26
split_gain=170.65 215.902 118.859 77.314 74.3841 67.2461 61.1696 62.1889 59.9837 69.6068 51.3667 50.6137 42.8925 42.2806
threshold=-0.067435648233345621 -0.16801730899034531 -1.0000000180025095e-35 -0.30650004744529719 -0.16173209995031354 0.23175679147243503 0.01892619387526873 -0.10326313031254751 0.71925216913223278 0.31429205834865576 0.32223080098629003 -0.040151763707399361 0.01790539048499085 -0.9750000000000002
decision_type=2 2 2 2 2 2 2 2 2 2 2 2 2 2
left_child=1 4 3 -2 -1 8 -5 -8 9 -3 -6 -7 -4 -13
right_child=2 5 12 6 10 11 7 -9 -10 -11 -12 13 -14 -15
leaf_value=-0.0079842809803593508 0.0021888132053076194 -0.0024354086369526959 -0.007737203290489738 -0.019054753339305792 -0.012271260772433656 0.0027160172164166058 -0.00020295199847859463 -0.012351119556056693 -0.003846808760371195 0.011220813675668767 0.0090021632874549493 0.01242506539582959 0.003291093998566222 0.031779232929954007
leaf_weight=1816.6269797384739 698.00196355581284 564.04724604636431 519.7513589784503 786.82627119123936 166.1763778179884 206.40583503991365 844.57193320244551 1319.1093648150563 564.59115790575743 2334.5747932642698 660.30248425900936 279.97586908936501 2335.5003861114383 309.91222450882196
leaf_count=21151 6985 5193 5630 10391 1852 1510 7442 15795 4675 19270 6541 1964 20683 2106
internal_value=-1.92069e-05 0.00381114 -0.00408406 -0.00826103 -0.00403755 0.00867944 -0.0107322 -0.00763195 0.00653564 0.00856419 0.00462925 0.0178065 0.00126358 0.0229535
internal_weight=13406.4 6902.61 6503.76 3648.51 2643.11 4259.51 2950.51 2163.68 3463.21 2898.62 826.479 796.294 2855.25 589.888
internal_count=131188 64262 66926 40613 29544 34718 33628 23237 29138 24463 8393 5580 26313 4070
is_linear=0
shrinkage=0.035


Tree=26
num_leaves=15
num_cat=0
split_feature=3 32 30 32 22 14 8 10 6 17 21 11 21 11
split_gain=161.437 132.955 122.45 80.707 79.2676 72.0705 59.0685 56.772 52.941 50.4659 34.484 29.0448 27.7554 25.5923
threshold=-0.043076051399111741 0.019536802125425305 -0.14999999999999988 0.018885187133953932 0.42151103913784033 0.31034220755100256 -0.37979941070079798 0.30578473210334783 -0.264771819114685 0.074814073741436019 -0.046499745920300477 0.53569284081459057 0.039619062095880515 0.16644513607025149
decision_type=2 2 2 2 2 2 2 2 2 8 2 2 2 2
left_child=1 8 -3 12 7 -5 10 -4 11 -8 -7 -1 -2 -10
right_child=3 2 4 5 -6 6 9 -9 13 -11 -12 -13 -14 -15
leaf_value=-0.0046806600872572185 -0.010210781308224511 -0.011703502759131387 -0.0074466972858132753 -0.0036038681910903706 -0.010525285181310731 0.0064707555680628796 0.0109254772000339 0.0039676768304673631 -0.0055602056784900926 -0.0012726809328501539 -0.0088236347283961371 0.029729973277835182 0.0036123573788433222 -0.021032244010963701
leaf_weight=96.986665695905685 565.74298368394375 1183.3714058026671 609.24580264091492 831.97218936681747 656.77963959425688 330.54661908745766 3220.7459439635277 3881.1452557817101 170.25511199235916 474.54082096368074 374.99914857745171 32.232801608741283 251.40419451892376 721.18703878670931
leaf_count=1029 6269 15794 6071 7421 8338 2833 27792 33516 2231 4041 3472 324 2718 9339
internal_value=-1.97394e-05 -0.00350257 -0.00160195 0.00421099 0.000738666 0.00580852 0.00759205 0.0024059 -0.0151611 0.00935981 -0.00166795 0.00542174 -0.00596569 -0.0181717
internal_weight=13401.2 7351.2 6330.54 6049.95 5147.17 5232.8 4400.83 4490.39 1020.66 3695.29 705.546 129.219 817.147 891.442
internal_count=131188 76642 63719 54546 47925 45559 38138 39587 12923 31833 6305 1353 8987 11570
is_linear=0
shrinkage=0.035


Tree=27
num_leaves=15
num_cat=0
split_feature=33 33 28 21 8 14 17 3 20 8 3 15 17 3
split_gain=153.34 194.432 106.419 79.1239 67.5486 65.5443 61.3648 60.7671 56.0758 52.5466 53.2235 50.9713 62.6395 50.2935
threshold=-0.067435648233345621 -0.16801730899034531 1.0000000180025095e-35 -0.015407797880470751 -0.12097887694835661 0.3518767803907395 0.02964506205171347 0.23175679147243503 -0.14048753678798673 -0.071711514145135866 0.39299960434436804 22.627005577087406 0.025454134680330757 0.10284244641661645
decision_type=2 2 2 2 2 2 10 2 2 2 2 2 10 2
left_child=1 4 3 -2 -1 -5 -6 11 -4 -10 -11 12 -3 -7
right_child=2 7 8 5 6 13 -8 -9 9 10 -12 -13 -14 -15
leaf_value=-0.0069449909592027336 0.0051512803754065108 -0.0060661285020829278 0.0051686479693184495 -0.017283604418997889 -0.017186270860243574 -0.006939979072699551 0.011366028336549715 0.016785082559716686 -0.013244849834511374 -0.006619274629582797 0.033934740975444695 -0.0018018302705718101 0.010312246781030727 0.0043736297026272441
leaf_weight=2026.8984108120203 1749.6549933999777 317.90318372100592 267.90441286563873 405.29019748419523 103.16847874224186 1078.4476782307029 502.16296441107988 807.90339479595423 1953.221708022058 110.34187087416649 49.791120953857899 768.24507667869329 2401.98882227391 853.88736243546009
leaf_count=23549 13963 2919 2709 4515 1128 12823 4867 5580 23578 1087 397 6367 19852 7854
internal_value=-2.10473e-05 0.0035946 -0.00389324 -0.000460968 -0.00388684 -0.00466565 0.00629956 0.00817694 -0.00975794 -0.0116656 0.00724386 0.00614088 0.00838272 -0.00194378
internal_weight=13396.8 6928.27 6468.54 4087.28 2632.23 2337.63 605.331 4296.04 2381.26 2113.35 160.133 3488.14 2719.89 1932.34
internal_count=131188 64262 66926 39155 29544 25192 5995 34718 27771 25062 1484 29138 22771 20677
is_linear=0
shrinkage=0.035


Tree=28
num_leaves=15
num_cat=0
split_feature=3 33 33 2 8 22 21 3 6 15 21 10 10 28
split_gain=145.647 111.448 130.304 79.3155 73.1766 61.3199 58.8464 47.4775 46.9881 46.3827 46.0685 46.0032 44.4131 41.406
threshold=-0.043076051399111741 -0.074371376572517675 -0.16801730899034531 -0.30650004744529719 -0.31923802196979517 0.3397038877010346 -0.015407797880470751 0.45276044309139257 0.13084281980991366 22.627005577087406 -0.015407797880470751 0.29692076146602636 0.42773909866809851 1.0000000180025095e-35
decision_type=2 2 2 2 2 2 2 2 2 2 2 2 2 2
left_child=1 2 8 -3 6 7 -2 -6 -1 11 -5 -4 -9 -7
right_child=4 3 9 10 5 13 -8 12 -10 -11 -12 -13 -14 -15
leaf_value=-0.010373280924588939 0.0034196908567282703 0.0026047113431025039 -0.0060680199696940707 -0.0065643295012070939 0.007321918119876222 0.0039207369344816051 -0.0096536028575424666 0.041985304410758151 0.0061636494428387893 -0.0040081808471140656 -0.015703373047125907 0.010268142205679698 0.014595520538030326 -0.01142845532360511
leaf_weight=1187.5973327308893 982.01936210691929 707.5421170592308 234.77064734697342 1615.5260632485151 1571.8438354283571 1980.0860937684774 724.56801852583885 80.998847313225269 248.36732931435108 465.75043842941523 1185.1841937527061 1673.2110477089882 502.39504593610764 231.68206832557917
leaf_count=14629 8185 7063 2279 17557 12751 19368 7633 542 2676 3964 14687 13787 3567 2500
internal_value=-2.13427e-05 -0.00334461 0.000801308 -0.00783625 0.00398172 0.00637924 -0.00215476 0.0105676 -0.00749017 0.00582754 -0.0104738 0.00823688 0.0190418 0.00226871
internal_weight=13391.5 7317.95 3809.7 3508.25 6073.59 4367.01 1706.59 2155.24 1435.96 2373.73 2800.71 1907.98 583.394 2211.77
internal_count=131188 76642 37335 39307 54546 38728 15818 16860 17305 20030 32244 16066 4109 21868
is_linear=0
shrinkage=0.035


Tree=29
num_leaves=15
num_cat=0
split_feature=33 28 28 2 9 22 15 19 10 8 14 11 28 20
split_gain=136.6 172.876 98.7591 71.9979 65.9905 63.8744 58.5267 53.9023 73.7224 52.9797 52.5979 49.1546 47.966 47.8744
threshold=-0.067435648233345621 -1.1401333311752746 1.0000000180025095e-35 0.064424313604831709 0.9440138339996339 0.2409842982888222 24.013175964355472 0.24914890527725223 0.34670929610729223 -0.12097887694835661 0.3518767803907395 0.24863559752702716 -1.5580680481672158 -0.14048753678798673
decision_type=2 2 2 2 2 2 2 2 2 2 2 2 2 2
left_child=1 9 5 -3 6 -2 -5 11 -9 12 -7 -4 -1 -13
right_child=2 3 7 4 -6 10 -8 8 -10 -11 -12 13 -14 -15
leaf_value=0.00075088569416101921 0.0065311113145542776 0.0053423520596558348 -0.02110097332745706 0.016732064442810939 -0.0036347372892858582 -0.013095368262464609 0.048139362331648713 0.058384438316667064 -0.00095125551777743868 0.0056780296588819466 -0.00093597278150339626 0.0073411931228293649 -0.0093629751902833784 -0.01061879713425949
leaf_weight=957.45827066898346 1157.2425577640533 2843.0564993098378 480.59299495071173 801.48386469483376 170.99563416093588 523.06488923728466 74.658456556499004 18.292719043791294 271.58420930057764 685.59425164759159 2398.4543191343546 201.9503204151988 1420.6923391744494 1381.5310325324535
leaf_count=9103 8667 23030 5985 5844 1280 5587 512 149 2786 6654 24901 2046 17839 16805
internal_value=-2.10549e-05 0.00337709 -0.00369409 0.00826558 0.0160767 -0.000394138 0.0199214 -0.00938615 0.00461521 -0.00283676 -0.00315022 -0.0113653 -0.00530498 -0.00829656
internal_weight=13386.7 6953.94 6432.71 3890.19 1047.14 4078.76 876.142 2353.95 289.877 3063.74 2921.52 2064.07 2378.15 1583.48
internal_count=131188 64262 66926 30666 7636 39155 6356 27771 2935 33596 30488 24836 26942 18851
is_linear=0
shrinkage=0.035


Tree=30
num_leaves=15
num_cat=0
split_feature=3 33 33 2 8 26 21 3 10 21 10 3 6 10
split_gain=133.648 104.885 108.548 66.14 62.6153 77.3819 55.494 54.4942 59.3439 52.2848 42.4178 48.6504 42.2784 43.3379
threshold=1.0000000180025095e-35 -0.074371376572517675 -0.16801730899034531 -0.30650004744529719 -0.31186003983020777 -0.9750000000000002 -0.015407797880470751 0.45276044309139257 0.78960132598876964 -0.015407797880470751 1.0376653075218203 1.2680044174194338 0.13084281980991366 0.74231791496276867
decision_type=2 2 2 2 2 2 2 2 2 2 2 2 2 2
left_child=1 2 12 -3 6 10 -2 -7 -9 -5 11 -6 -1 -14
right_child=4 3 -4 9 5 7 -8 8 -10 -11 -12 -13 13 -15
leaf_value=-0.0090728091618882661 0.0039656583179693049 0.0023067803809009627 0.0053509205934495329 -0.0053365657352157075 0.0017426401816436259 0.0081570908734455508 -0.009126206080145376 0.029768441693732533 0.0022836551806485147 -0.014604853691503189 -0.017468762829835387 0.022905080761625007 0.013760740383415364 -0.014699695913909704
leaf_weight=1269.2163251414895 923.7505409270525 732.74874813109636 2572.6812126711011 1740.541061617434 1832.7673925086856 1289.4837015196681 679.95183800905943 336.47420450299978 135.67846876382828 1320.0395741835237 118.52171439677477 133.71061988919973 211.70721693336964 83.773815147578716
leaf_count=15795 7554 7314 21535 18968 16870 10643 7155 2410 1040 16584 1075 1089 2248 908
internal_value=-1.91667e-05 -0.00291756 0.000936988 -0.00711312 0.00419587 0.00661316 -0.0016073 0.0119927 0.0220815 -0.00936856 0.0020324 0.00329019 -0.00630831 0.00547467
internal_weight=13381 7930.71 4137.38 3793.33 5450.34 3846.64 1603.7 1761.64 472.153 3060.58 2085 1966.48 1564.7 295.481
internal_count=131188 83352 40486 42866 47836 33127 14709 14093 3450 35552 19034 17959 18951 3156
is_linear=0
shrinkage=0.035


Tree=31
num_leaves=15
num_cat=0
split_feature=22 26 16 8 24 6 11 26 15 17 7 26 0 31
split_gain=126.28 158.902 94.4258 89.6385 69.2592 66.6677 87.2794 58.8823 54.5667 48.2993 43.3769 41.171 33.1685 32.7611
threshold=0.35781356692314154 1.1600000000000004 1.4653307795524599 -0.18845927715301511 0.028544961474835876 0.21036731451749804 0.19960751384496692 -0.83499999999999985 23.677119255065922 0.035816974937915809 -0.10186635330319403 -0.69999999999999962 -0.083332672715187059 0.0015392376163891888
decision_type=2 2 2 2 2 2 2 2 2 8 2 2 2 2
left_child=1 2 4 7 10 9 -7 13 -6 -3 -1 -5 -4 -2
right_child=3 5 12 11 8 6 -8 -9 -10 -11 -12 -13 -14 -15
leaf_value=0.021105688757516273 -0.021615947144432386 -0.017468312687464554 0.011016208024199274 -0.0015024956090297285 0.0037339283481120649 0.072296724536679458 0.0028136745331297681 -0.0015902764909439453 0.016493591394683583 -0.0047068857816220276 0.0060587002098132399 0.011432769892928915 -0.0045179523989140611 -0.0098934148180603552
leaf_weight=598.04525551944971 374.18894036859274 525.90539972484112 181.00391466170549 1277.5068398565054 4089.0189717710018 17.299093797802925 122.11059545725584 932.56345687806606 448.18321847915649 1164.4665630012751 399.75122465193272 383.80091778188944 1433.4293258041143 1429.0071343183517
leaf_count=4550 4802 6581 1519 14077 33934 103 1080 9549 3501 13795 3228 3141 12655 18673
internal_value=-1.90846e-05 0.00236027 0.00471561 -0.00487228 0.00688518 -0.00681825 0.0156975 -0.00875541 0.00502782 -0.00875658 0.0151973 0.00153638 -0.00271923 -0.0124318
internal_weight=13376.3 8979.21 7149.43 4397.07 5535 1829.78 139.41 2735.76 4537.2 1690.37 997.796 1661.31 1614.43 1803.2
internal_count=131188 80946 59387 50242 45213 21559 1183 33024 37435 20376 7778 17218 14174 23475
is_linear=0
shrinkage=0.035


Tree=32
num_leaves=15
num_cat=0
split_feature=32 30 14 16 25 10 2 7 28 6 2 15 21 8
split_gain=119.533 122.176 81.3402 91.8594 77.907 72.1404 54.6852 44.3369 39.3528 37.772 41.3036 34.8522 31.3113 28.9088
threshold=0.01892619387526873 -0.14999999999999988 0.31034220755100256 1.2888126969337466 4.4500000000000011 0.30578473210334783 0.44143588840961462 -0.26999026536941523 1.0000000180025095e-35 0.21036731451749804 -0.34878493845462794 23.533616065979007 -0.012050007469952105 -0.31186003983020777
decision_type=2 2 2 2 2 2 2 2 2 2 2 2 2 2
left_child=8 6 7 5 -5 -4 -2 12 9 10 -1 -8 -3 -12
right_child=1 2 3 4 -6 -7 11 -9 -10 -11 13 -13 -14 -15
leaf_value=0.015569909436568354 -0.0095697878279265829 0.008541283884800327 -0.0018532062368728614 0.0048359620920360195 -0.0067542052586000208 0.0084826945133696305 0.022384364266918373 -0.0097394144567515897 -0.016696778930691897 0.0069583330831227081 -0.016847041051363598 -0.0077367885946873849 -0.0095290985330046089 -0.004667101066803311
leaf_weight=75.494298577308655 1506.3655357137322 369.7044141292572 1002.1119799315929 1383.3990344256163 1439.8630729094148 4644.668675608933 106.81818077713251 882.38380205631256 494.90844066441059 248.42793648689985 416.47368185967207 72.077555768191814 160.64296709001064 567.46420823037624
leaf_count=801 20088 2825 10035 11667 14017 39197 1033 8038 6212 2513 5536 720 1722 6784
internal_value=-1.73583e-05 0.00129112 0.00277779 0.00407477 -0.001078 0.00664839 -0.00739202 -0.00497227 -0.00837442 -0.00512235 -0.00799374 0.0104814 0.00299269 -0.00994016
internal_weight=13370.8 11568 9882.77 8470.04 2823.26 5646.78 1685.26 1412.73 1802.77 1307.86 1059.43 178.896 530.347 983.938
internal_count=131188 109342 87501 74916 25684 49232 21841 12585 21846 15634 13121 1753 4547 12320
is_linear=0
shrinkage=0.035


Tree=33
num_leaves=15
num_cat=0
split_feature=3 32 10 14 28 22 8 6 32 17 20 29 5 21
split_gain=121.249 100.538 77.4785 64.8032 62.1831 80.9995 49.6132 48.3373 45.6509 43.5438 36.7822 31.6076 31.1175 27.241
threshold=-0.043076051399111741 0.019536802125425305 0.29692076146602636 0.31034220755100256 0.34781234381816534 0.29119834303855902 -0.38770240545272822 -0.264771819114685 0.018885187133953932 0.074814073741436019 -0.14048753678798673 3.6500000000000008 -0.13266260176897046 -0.015407797880470751
decision_type=2 2 2 2 2 2 2 2 2 10 2 2 2 2
left_child=1 7 11 13 5 -4 12 -1 -8 -10 -6 -3 -5 -2
right_child=3 2 4 6 10 -7 8 -9 9 -11 -12 -13 -14 -15
leaf_value=0.0061504137009523825 0.00098606898935929359 -0.016581726806719068 0.0066806622275706268 0.0048114248158334753 0.0086494700112181282 -0.0030477674412279551 -0.0024077279314545803 -0.016594254781647666 0.0093615325669965683 -0.002029200478740886 -0.0088558687741167666 -0.002182330861151121 -0.0092831527263478788 -0.010869778500300518
leaf_weight=127.13700049370527 482.49516897648573 519.25683888792992 2224.6956967934966 335.19938644021749 160.63598899543285 1966.6644226610661 595.86916209757328 834.40955993905663 3350.4150565192103 464.76930912584066 1132.5403280556202 293.7947685867548 424.43308239430189 454.49044135212898
leaf_count=1353 3867 6516 17257 2992 1615 21498 6582 11570 28271 3911 13951 2882 4069 4854
internal_value=-1.82503e-05 -0.003074 -0.00145482 0.00361268 4.77852e-05 0.00211951 0.0051469 -0.0135546 0.00656777 0.00797223 -0.0066317 -0.0114683 -0.003082 -0.00481874
internal_weight=13366.8 7259.13 6297.59 6107.67 5484.54 4191.36 5170.69 961.547 4411.05 3815.18 1293.18 813.052 759.632 936.986
internal_count=131188 76642 63719 54546 54321 38755 45825 12923 38764 32182 15566 9398 7061 8721
is_linear=0
shrinkage=0.035


Tree=34
num_leaves=15
num_cat=0
split_feature=3 32 30 22 8 26 17 21 10 3 6 10 3 10
split_gain=114.243 106.269 88.9792 66.371 56.7643 67.0733 51.1763 43.2845 40.4661 60.2986 40.198 39.3017 41.2662 30.3243
threshold=0.063979394733905806 0.019536802125425305 -0.14999999999999988 0.42151103913784033 -0.31186003983020777 -0.9750000000000002 0.025454134680330757 -0.015407797880470751 0.78960132598876964 0.45276044309139257 -0.334786906838417 1.0376653075218203 1.2680044174194338 0.2768308967351914
decision_type=2 2 2 2 2 2 8 2 2 2 2 2 2 2
left_child=1 10 13 6 7 11 -4 -2 9 -7 -1 12 -6 -3
right_child=4 2 3 -5 5 8 -8 -9 -10 -11 -12 -13 -14 -15
leaf_value=0.01168161288865566 0.0037393830979648179 -0.025450980676367474 -0.0073229440732140135 -0.0084575877779213722 0.0020220635505011288 0.0099622646492548844 0.0035448464819638724 -0.0087520393595894256 -0.00010380383454276158 0.027301234170700042 -0.013318857224492046 -0.016916334122574629 0.021482684742344025 -0.0072872362158727354
leaf_weight=76.83854790776968 796.02233758568764 117.62849083170295 587.06038510799408 788.78089003264904 1540.2710852921009 863.20843248814344 4810.3139928132296 577.95931354910135 259.46557307988405 346.66366323083639 1187.1138155125082 111.27050845324993 136.49207795411348 1163.2296305708587
leaf_count=763 6358 1788 5669 10250 13793 6690 41252 6113 2037 2410 15939 1020 1089 16017
internal_value=-1.95427e-05 -0.00237598 -0.000780873 0.00096177 0.00441833 0.00692877 0.00235142 -0.00154035 0.0124438 0.0151135 -0.0117193 0.00235276 0.00372417 -0.00913956
internal_weight=13362.3 8730.97 7467.01 6186.16 4631.35 3257.37 5397.37 1373.98 1469.34 1209.87 1263.95 1788.03 1676.76 1280.86
internal_count=131188 91678 74976 57171 39510 27039 46921 12471 11137 9100 16702 15902 14882 17805
is_linear=0
shrinkage=0.035


Tree=35
num_leaves=15
num_cat=0
split_feature=3 32 30 14 6 6 8 25 32 26 3 21 10 21
split_gain=107.562 90.4575 78.5387 59.1118 53.9482 44.6354 44.0091 42.0048 40.8311 41.5176 37.869 26.913 38.2643 24.9437
threshold=-0.043076051399111741 0.019536802125425305 -0.14999999999999988 0.31034220755100256 -0.1852670609951019 -0.264771819114685 -0.38770240545272822 4.4500000000000011 0.018885187133953932 -1.3799999999999999 -0.52494290471076954 -0.012050007469952105 0.57466796040534984 -0.015407797880470751
decision_type=2 2 2 2 2 2 2 2 2 2 2 2 2 2
left_child=1 5 -3 13 10 -1 11 -6 -8 -10 -4 12 -5 -2
right_child=3 2 4 6 7 -7 8 -9 9 -11 -12 -13 -14 -15
leaf_value=0.0058756409133248816 0.00084437039681931286 -0.0097833370889015246 -0.0042225815300321297 0.013845930602944397 0.0012062236238105574 -0.015967116497231006 -0.0023321090692185061 -0.0065037449749746666 -0.00015552415335410544 0.0092126319329580934 0.0085576355544946265 -0.010604111102633051 -0.0064246085457242749 -0.010524634680890849
leaf_weight=127.86227776110172 483.85119799524546 1111.4297506846488 359.23869793862104 195.36479801684618 2090.8966069072485 813.54955230280757 594.60238964110613 1464.116585098207 709.93892795592546 3136.3737925365567 1258.6963029578328 313.87208733707666 247.46620386838913 449.70327050983906
leaf_count=1353 3867 15794 3030 1672 18440 11570 6582 15837 6660 25522 10618 3363 2026 4854
internal_value=-2.00541e-05 -0.00291139 -0.0013864 0.00338668 0.000433107 -0.0129699 0.00484279 -0.00197843 0.00617051 0.00748757 0.00571147 -0.00292816 0.00262647 -0.0046857
internal_weight=13357 7225.79 6284.38 6131.17 5172.95 941.412 5197.62 3555.01 4440.92 3846.31 1617.94 756.703 442.831 933.554
internal_count=131188 76642 63719 54546 47925 12923 45825 34277 38764 32182 13648 7061 3698 8721
is_linear=0
shrinkage=0.035


Tree=36
num_leaves=15
num_cat=0
split_feature=14 10 33 25 34 19 21 34 10 25 3 10 22 15
split_gain=102.262 106.611 90.2213 96.7264 73.6962 68.3443 51.1048 50.0665 49.9878 48.7175 45.8539 50.5014 43.3433 38.0851
threshold=0.31034220755100256 0.31429205834865576 -0.067435648233345621 4.2150000000000007 -0.031273858577813334 0.31394593417644506 -0.059047469869256013 -0.01694045508671815 0.74231791496276867 0.55000000000000016 0.10284244641661645 0.20627406984567645 0.3397038877010346 24.013175964355472
decision_type=2 2 2 2 2 2 2 2 2 2 2 2 2 2
left_child=12 4 3 -3 10 -6 9 -8 -5 -4 13 -12 -1 -2
right_child=1 2 6 8 5 -7 7 -9 -10 -11 11 -13 -14 -15
leaf_value=-0.0033122170655735528 -0.0044676452595971911 0.010945923985122214 -0.0053467994434535813 0.00377742210253923 -0.012410491933185554 0.040891172365859665 -0.00060801727667674139 -0.010865485757519253 -0.0081472508314756539 0.0073524428638500157 0.051463139061995303 0.0069696031585005161 -0.014203993864977667 0.028662894847350923
leaf_weight=1166.7647711522877 562.36791351437569 2460.1763980835676 509.56393041834235 1963.6987212821841 1238.1022611856461 20.642409354448318 1834.1712581031024 845.35300607979298 540.97200071066618 1286.459703117609 32.890128038823605 130.55160182714462 724.77292313426733 35.957420736551285
leaf_count=10472 6151 19518 6698 19183 14592 131 18986 9754 5087 10390 226 1060 8572 368
internal_value=-2.09548e-05 0.00122522 0.00278761 0.00603133 -0.00605245 -0.011221 -0.000816171 -0.00387247 0.00117971 0.00373979 0.00252276 0.0183742 -0.00753833 -0.00203816
internal_weight=13352.4 11460.9 9440.4 4964.85 2020.51 1258.74 4475.55 2679.52 2504.67 1796.02 761.767 163.442 1891.54 598.325
internal_count=131188 112144 89616 43788 22528 14723 45828 28740 24270 17088 7805 1286 19044 6519
is_linear=0
shrinkage=0.035


Tree=37
num_leaves=15
num_cat=0
split_feature=3 32 17 10 25 10 28 15 8 26 21 10 10 2
split_gain=100.621 93.966 82.2089 79.7374 71.6361 66.7561 59.0004 40.3852 38.1544 68.6923 38.4033 36.8742 35.8989 32.5852
threshold=0.12464760616421701 0.019536802125425305 0.025454134680330757 0.74231791496276867 1.4450000000000001 0.20627406984567645 -1.8296610773469666 20.810315132141117 -0.31186003983020777 -0.9750000000000002 -0.012050007469952105 0.78960132598876964 1.0376653075218203 -0.37440317869186396
decision_type=2 2 8 2 2 2 2 2 2 2 2 2 2 2
left_child=1 13 6 4 -4 -2 7 -3 10 12 -7 -11 -10 -1
right_child=5 2 3 -5 -6 8 -8 -9 9 11 -12 -13 -14 -15
leaf_value=0.0096534556824965038 0.040821141232229616 -0.015198499495861819 -0.005454834978399218 -0.007902325233363745 0.0042139665455889399 0.0040179052893131468 -0.013261691599321838 0.031363068637433524 0.0029160787460629088 0.015648359030672319 -0.0086795175028752374 0.00018915700292973557 -0.017439873021024455 -0.01166131753711531
leaf_weight=86.725209206342697 51.703381434082985 27.300469927489758 1154.7690806537867 1090.4570651352406 4841.855903595686 711.04140890389681 821.80981427058578 56.645551137626171 1407.2275257483125 956.07829665392637 480.36744895577431 235.28992728888988 104.77486342936754 1321.6254203803837
leaf_count=884 346 283 14423 10439 44602 5656 9148 566 12342 6978 5146 1826 975 17574
internal_value=-1.88778e-05 -0.00198773 -0.000513835 0.000760279 0.00234607 0.00466443 -0.0103826 0.0162146 0.00408114 0.006374 -0.00113124 0.0126222 0.00140019 -0.01029
internal_weight=13347.7 9401.19 7992.84 7087.08 5996.62 3946.48 905.756 83.946 3894.78 2703.37 1191.41 1191.37 1512 1408.35
internal_count=131188 97919 79461 69464 59025 33269 9997 849 32923 22121 10802 8804 13317 18458
is_linear=0
shrinkage=0.035


Tree=38
num_leaves=15
num_cat=0
split_feature=3 32 30 14 6 6 30 8 17 11 3 25 11 11
split_gain=96.1146 78.7887 68.6119 50.2224 48.6431 41.3646 39.321 39.2472 35.8102 35.1858 35.0187 33.3605 28.1979 25.6195
threshold=-0.043076051399111741 0.019536802125425305 -0.14999999999999988 0.31034220755100256 -0.1852670609951019 -0.264771819114685 0.19999999999999998 -0.38770240545272822 0.074814073741436019 0.21027008444070819 -0.52494290471076954 3.4300000000000002 0.16644513607025149 0.53569284081459057
decision_type=2 2 2 2 2 2 2 2 8 2 2 2 2 2
left_child=1 5 -3 -2 10 13 -6 -5 9 -9 -4 -10 -7 -1
right_child=3 2 4 7 6 12 -8 8 11 -11 -12 -13 -14 -15
leaf_value=-0.0039600519201179523 -0.0042944727042431166 -0.0092762493195570547 -0.0042358713766225704 -0.0028316841705035077 -0.0031681681555666957 -0.0015773337280762659 0.0091838528903704485 0.0010344650969557059 0.014290886538276166 0.0088172048543384129 0.0080385193426164066 -0.0066051838020460205 -0.018428468348245228 0.028259163368796993
leaf_weight=94.964333117008209 924.30528054758906 1093.7010946497321 359.2740119472146 754.49827057868242 3212.1263712197542 152.18119044601917 340.30999811738729 938.84303212165833 107.31481368839741 2967.9177311658859 1270.1489021554589 456.14931167662144 638.30331221595407 33.062817580997944
leaf_count=1029 8721 15794 3030 7061 31526 2231 2751 8742 817 25111 10618 4094 9339 324
internal_value=-1.84167e-05 -0.00276298 -0.00135277 0.00319187 0.000334227 -0.0122796 -0.00196243 0.00452195 0.00576667 0.00695433 0.00532279 -0.00244561 -0.0152446 0.00580505
internal_weight=13343.1 7194.07 6275.56 6149.03 5181.86 918.512 3552.44 5224.72 4470.22 3906.76 1629.42 563.464 790.485 128.027
internal_count=131188 76642 63719 54546 47925 12923 34277 45825 38764 33853 13648 4911 11570 1353
is_linear=0
shrinkage=0.035


Tree=39
num_leaves=15
num_cat=0
split_feature=14 10 10 33 34 28 19 21 15 25 21 21 6 5
split_gain=91.6739 94.7084 78.1866 90.0239 72.6653 60.3237 59.0271 45.0983 42.335 54.8143 39.9547 39.3543 33.511 40.0349
threshold=0.31034220755100256 0.32223080098629003 0.74231791496276867 -0.067435648233345621 -0.031273858577813334 -1.1401333311752746 0.31394593417644506 -0.059047469869256013 21.577282905578617 4.9450000000000012 -0.015407797880470751 0.03740320727229119 0.31094019114971166 -0.18258374929428098
decision_type=2 2 2 2 2 2 2 2 2 2 2 2 2 2
left_child=10 4 3 5 8 -3 11 -5 -2 -10 -1 -6 13 -4
right_child=1 2 12 7 6 -7 -8 -9 9 -11 -12 -13 -14 -15
leaf_value=-0.0022833293149971748 -0.0036096535012871294 0.0026552701369081527 0.0081087787095373755 0.004860872411196337 -0.016725405956929461 0.011421055073696429 0.036209588657856576 -0.0031277575348623004 -0.010804798340357778 0.020584109149489882 -0.012520588261150243 -0.0045486428807954933 0.0026809050290978022 -0.010182107805729557
leaf_weight=984.98317710310221 508.02813925594091 1633.4922818690538 164.61620037257671 1469.2407784312963 743.93404604122043 2355.2581548765302 23.143660634756088 2077.0416649058461 86.056949056684971 243.28716919571161 887.65856937691569 589.20915189385414 601.35952307656407 971.8479216247797
leaf_count=8753 5298 17278 1475 14147 9282 17502 147 22516 1103 2126 10291 6571 5331 9368
internal_value=-1.81703e-05 0.00115615 0.00270369 0.00424654 -0.00536808 0.00784687 -0.0103458 0.00018633 0.00272125 0.0123055 -0.00717666 -0.0114176 -0.003972 -0.00748506
internal_weight=13339.2 11466.5 9272.86 7535.03 2193.66 3988.75 1356.29 3546.28 837.372 329.344 1872.64 1333.14 1737.82 1136.46
internal_count=131188 112144 87617 71443 24527 34780 16000 36663 8527 3229 19044 15853 16174 10843
is_linear=0
shrinkage=0.035


Tree=40
num_leaves=15
num_cat=0
split_feature=22 25 16 26 24 19 11 6 14 15 7 11 11 11
split_gain=89.9953 112.973 77.7396 65.346 56.1921 56.0139 64.3951 49.8762 46.8512 46.5156 38.2372 37.4482 35.7699 39.0437
threshold=0.35781356692314154 1.4450000000000001 1.4653307795524599 -0.83499999999999985 0.028544961474835876 0.24914890527725223 0.16644513607025149 0.090733207762241377 0.553692787885666 23.677119255065922 -0.10186635330319403 0.24863559752702716 0.47178424894809728 0.1876151189208031
decision_type=2 2 2 2 2 2 2 2 2 2 2 2 2 2
left_child=1 5 4 7 10 11 -7 -2 -5 -6 -3 -1 13 -9
right_child=3 2 -4 8 9 6 -8 12 -10 -11 -12 -13 -14 -15
leaf_value=-0.019953355801378355 -0.010998882672624668 0.018642692060208695 -0.0028435473267671594 -0.0085023106706325832 0.0029854869710836465 0.062265758275183963 0.0035799974782923945 -0.017038099186828439 0.0058551491152500582 0.014612142841200992 0.0047458673510897284 -0.0056435834659192942 -0.016660413012087087 0.0032335570047311679
leaf_weight=264.4933570176363 1702.1894828677177 619.18322291970253 1616.2552560679615 370.48442533612251 4141.2395256496966 16.306686200201511 189.01147782802582 122.97614820674062 1030.6812078021467 460.76444029808044 408.97292666882277 1310.5882974304259 158.40905203297734 923.80011354386806
leaf_count=3462 23399 4550 14174 3776 33934 104 1902 1436 9856 3501 3228 16091 1830 9945
internal_value=-1.79184e-05 0.00196824 0.0039091 -0.00417404 0.0058492 -0.00590899 0.0109162 -0.00715853 0.00202552 0.00417874 0.0132139 -0.00815725 -0.00168857 0.000713335
internal_weight=13335.4 9026.82 7246.42 4308.54 5630.16 1780.4 205.318 2907.37 1401.17 4602 1028.16 1575.08 1205.19 1046.78
internal_count=131188 80946 59387 50242 45213 21559 2006 36610 13632 37435 7778 19553 13211 11381
is_linear=0
shrinkage=0.035


Tree=41
num_leaves=15
num_cat=0
split_feature=3 32 30 5 8 30 26 17 3 6 21 22 26 15
split_gain=87.892 70.1301 59.8222 56.3273 46.3745 45.3349 44.5203 42.3923 82.9567 39.6113 35.4621 34.7241 30.5031 28.3861
threshold=-0.043076051399111741 0.019536802125425305 -0.14999999999999988 -0.14271087199449536 -0.31923802196979517 0.19999999999999998 -1.02 0.024428043514490131 0.26453016698360449 -0.264771819114685 -0.015407797880470751 0.29119834303855902 1.1600000000000004 22.09812164306641
decision_type=2 2 2 2 2 2 2 10 2 2 2 2 2 2
left_child=1 9 -3 -4 10 -5 11 8 -8 -1 13 -6 -9 -2
right_child=4 2 3 5 6 -7 7 12 -10 -11 -12 -13 -14 -15
leaf_value=0.0059637375035204139 0.0073590302354373856 -0.0087946377657540063 0.010010346919026121 -0.002308137772094297 0.0081184255755931412 0.0090642452343936194 -0.014536500103279795 0.011857800993327554 0.036442134107087049 -0.01468389054640004 -0.0079393207041985603 -0.0014277690962083954 -0.00016014004914226035 -0.0044334971106318325
leaf_weight=127.56037580221891 572.99172218888998 1077.2652973271906 624.00838396698236 4096.7159099280834 652.14898233115673 469.66633655130863 202.39228818565607 1699.6284831613302 38.084855489432812 773.22045389562845 688.84359883889556 1574.390779197216 304.53396638855338 429.02099218964577
leaf_count=1353 4662 15794 5175 39058 4484 3692 1876 13253 242 11570 7633 15964 2909 3523
internal_value=-1.73119e-05 -0.00265056 -0.00132956 0.00023375 0.00304533 -0.0011212 0.00490951 0.00837692 -0.00533033 -0.0117266 -0.00188404 0.00139209 0.0100399 0.00231603
internal_weight=13330.5 7168.44 6267.66 5190.39 6162.04 4566.38 4471.18 2244.64 240.477 900.781 1690.86 2226.54 2004.16 1002.01
internal_count=131188 76642 63719 47925 54546 42750 38728 18280 2118 12923 15818 20448 16162 8185
is_linear=0
shrinkage=0.035


Tree=42
num_leaves=15
num_cat=0
split_feature=3 10 10 33 10 21 11 30 15 22 8 26 26 15
split_gain=82.0441 73.4604 67.9138 80.873 59.5433 55.4858 53.7206 40.6797 37.5096 32.5229 44.6041 51.7777 33.5342 37.5509
threshold=0.12464760616421701 0.32223080098629003 0.74231791496276867 -0.067435648233345621 0.20627406984567645 -0.059047469869256013 0.50948160886764537 -1.0000000180025095e-35 21.63571929931641 0.2409842982888222 -0.29683119058609003 -0.9750000000000002 1.1600000000000004 24.212780952453617
decision_type=2 2 2 2 2 2 2 2 2 2 2 2 2 2
left_child=1 7 3 6 -2 -5 -3 -1 -4 12 -11 -12 13 -6
right_child=4 2 8 5 9 -7 -8 -9 -10 10 11 -13 -14 -15
leaf_value=-0.015825326476219034 0.037851096029978416 0.0042889863043226008 0.00024955103670258605 0.0021338773675740092 0.0090797648983795918 -0.0078692223745176846 0.038840951285820255 -0.0045905586583685496 -0.012106413540072249 -0.0059966289600038381 -0.00031352514687398513 0.011298917512095705 -0.0014297007425162129 0.031973834116563862
leaf_weight=552.82760027423501 53.459645614027977 3388.6774496883154 477.58028788864613 1267.1382222361863 825.78750416636467 1445.7493339143693 46.23590549826622 1369.184749815613 802.0526478998363 711.81092471629381 1218.3815397247672 755.59629309177399 319.40429472923279 91.284962765872478
leaf_count=7720 346 30958 4802 13134 5161 17624 393 15040 8248 7186 11344 5570 3115 547
internal_value=-1.66185e-05 -0.00180745 -0.000225695 0.00130416 0.00418873 -0.00320629 0.00486547 -0.0078872 -0.00752878 0.00363483 0.00146037 0.00416601 0.00830844 0.0116789
internal_weight=13325.2 9349.45 7427.43 6147.8 3975.73 2712.89 3434.91 1922.01 1279.63 3922.27 2685.79 1973.98 1236.48 917.072
internal_count=131188 97919 75159 62109 33269 30758 31351 22760 13050 32923 24100 16914 8823 5708
is_linear=0
shrinkage=0.035


Tree=43
num_leaves=15
num_cat=0
split_feature=14 10 10 33 34 19 28 3 26 28 15 27 21 21
split_gain=85.4087 80.1726 67.8783 71.4851 61.3908 55.2389 54.6141 54.5035 44.704 39.3715 37.239 64.8725 35.6213 34.9931
threshold=0.31034220755100256 0.31429205834865576 0.74231791496276867 -0.067435648233345621 -0.031273858577813334 0.22401621192693713 -1.1401333311752746 1.9270285964012148 0.53000000000000014 1.0000000180025095e-35 21.832904815673832 4.5430175265602015 -0.015407797880470751 0.03740320727229119
decision_type=2 2 2 2 2 2 2 2 2 2 2 2 2 2
left_child=12 4 3 6 10 13 -3 -4 -7 -5 -2 -12 -1 -6
right_child=1 2 7 9 5 8 -8 -9 -10 -11 11 -13 -14 -15
leaf_value=-0.0023501866037531254 -0.0032320980472762958 0.0021344490650380575 -0.0057777736787199283 0.0031186267472407491 -0.017103378267187688 -0.010404567227329643 0.010315124957847071 0.015379476499929575 0.050108507389873769 -0.0043763719396324877 0.02226399569151594 -0.015895957708032933 -0.01205721805766893 -0.0048441836689684025
leaf_weight=985.70508597418666 492.15535148233175 1695.5253677740693 1574.023266248405 2231.6327268593013 642.56040569767356 21.828039608895779 2448.3888524100184 155.05305638164282 23.530108842998743 1381.5740576051176 203.05345090478659 65.323344044387341 873.75785004720092 525.79873037338257
leaf_count=8753 5218 17908 14908 20721 8410 173 17928 1266 152 16885 1731 856 10291 5988
internal_value=-1.45669e-05 0.00111605 0.00245214 0.00384952 -0.00528383 -0.0101392 0.00698111 -0.00380299 0.0243683 0.000248611 0.00249577 0.0127384 -0.0069516 -0.0116743
internal_weight=13319.9 11460.4 9486.2 7757.12 1974.25 1213.72 4143.91 1729.08 45.3581 3613.21 760.532 268.377 1859.46 1168.36
internal_count=131188 112144 89616 73442 22528 14723 35836 16174 325 37606 7805 2587 19044 14398
is_linear=0
shrinkage=0.035


Tree=44
num_leaves=15
num_cat=0
split_feature=14 10 16 3 33 22 21 26 15 22 28 27 8 26
split_gain=79.9832 74.8219 67.284 63.5807 57.2753 56.523 51.1885 46.2808 36.0489 35.2564 34.9603 32.9124 32.0387 31.9405
threshold=0.31034220755100256 0.32223080098629003 1.9489623904228213 0.17405603080987933 -0.067435648233345621 0.29119834303855902 -0.018627555109560486 -1.3799999999999999 21.0124626159668 0.3397038877010346 1.0000000180025095e-35 6.3839191697188777 -0.33378942310810084 1.1600000000000004
decision_type=2 2 2 2 2 2 2 2 2 2 2 2 2 2
left_child=9 3 4 7 5 -3 -5 8 -2 13 -6 -4 -9 -1
right_child=1 2 11 6 10 -7 -8 12 -10 -11 -12 -13 -14 -15
leaf_value=0.00012932407821636367 -0.0066116022153207164 0.011091354503190948 -0.0093022524143110824 0.032869887866199196 0.0031319672506463503 0.0028664493749465544 -0.00030054068110844608 -0.016900782008024445 0.018182347353023813 -0.012932268767333725 -0.0038651004765440284 0.0013723306437784326 -0.0059823453159497282 -0.013820315686248374
leaf_weight=907.72373864427209 130.84630692005157 1837.4929406121373 784.86119107529521 81.172109566628933 2361.6451703384519 2316.728869356215 151.53650765120983 455.7571970410645 139.28470693528652 693.49508705735207 1376.0669438131154 633.60431125387549 1197.2354080751538 248.21923545002937
leaf_count=7306 1501 12739 8436 504 21441 22548 1343 5710 1521 8572 16694 5759 13948 3166
internal_value=-1.423e-05 0.00107685 0.00243772 -0.00478447 0.00369926 0.00652238 0.0121474 -0.00688556 0.00636533 -0.00674815 0.000552504 -0.00455787 -0.00907626 -0.00295897
internal_weight=13315.7 11466.2 9310.4 2155.83 7891.93 4154.22 232.709 1923.12 270.131 1849.44 3737.71 1418.47 1652.99 1155.94
internal_count=131188 112144 87617 24527 73422 35287 1847 22680 3022 19044 38135 14195 19658 10472
is_linear=0
shrinkage=0.035


Tree=45
num_leaves=15
num_cat=0
split_feature=6 22 25 16 14 25 17 11 10 25 15 5 20 15
split_gain=76.8463 86.7248 94.4118 54.9932 53.1235 52.7679 47.7364 45.9347 43.6021 43.1074 38.6782 31.7332 30.6365 27.8756
threshold=0.16605263948440555 0.36707998812198644 1.4450000000000001 1.4653307795524599 0.21992009133100512 4.2150000000000007 0.074814073741436019 0.19378553330898288 0.2768308967351914 4.2150000000000007 21.63571929931641 -0.27316644787788386 -0.14048753678798673 24.796125411987308
decision_type=2 2 2 2 2 2 8 2 2 2 2 2 2 2
left_child=1 2 8 4 -4 10 7 -7 -1 -3 -2 -5 -10 -12
right_child=5 9 3 11 -6 6 -8 -9 12 -11 13 -13 -14 -15
leaf_value=-0.028257563649984 0.029877892074506068 0.00066593740340415992 -0.0064163458336337553 0.029167345129540081 0.0051037989001802902 -0.012964196850516601 -0.0067743982330208848 0.0083901118031815703 0.0058383872730966057 -0.0093805834253488495 0.0060812676231342721 -0.0048473762673133108 -0.0077344879663241032 0.02857246486112025
leaf_weight=102.29085144400597 135.37154030799866 709.6561106517911 537.65206650644541 24.62387876957655 4784.7685274593532 130.13874829187989 497.02642682939768 1080.6540620774031 236.0783207975328 1967.6926889680326 498.70733368396759 1305.2882956005633 1231.2672075629234 70.075223602354527
leaf_count=1530 994 6793 4603 190 39253 1301 4826 9662 2396 27461 3732 11836 16107 504
internal_value=-1.45442e-05 -0.00126661 0.000516871 0.00234029 0.00393022 0.00562519 0.00226981 0.00600751 -0.00717692 -0.00672509 0.0136174 -0.0040046 -0.00552604 0.00929802
internal_weight=13311.3 10899.3 8221.97 6652.33 5322.42 2411.97 1707.82 1210.79 1569.64 2677.35 704.154 1329.91 1467.35 568.783
internal_count=131188 110169 75915 55882 43856 21019 15789 10963 20033 34254 5230 12026 18503 4236
is_linear=0
shrinkage=0.035


Tree=46
num_leaves=15
num_cat=0
split_feature=6 28 17 30 6 26 25 10 10 34 21 25 25 15
split_gain=71.5282 73.7743 70.8959 78.9731 68.229 56.8724 49.3538 46.6427 46.2314 69.8814 61.8196 28.6022 25.3615 24.8921
threshold=0.16605263948440555 -0.40673658347942782 0.056895622983574874 1.0000000180025095e-35 -0.28388874232769007 -0.9750000000000002 4.2150000000000007 0.74231791496276867 0.41306242346763616 -0.023314336221800954 -0.059047469869256013 0.55000000000000016 3.4300000000000002 22.713021278381351
decision_type=2 2 10 2 2 2 2 2 2 2 2 2 2 2
left_child=1 2 3 6 11 -2 -1 -7 9 -6 -10 -3 -9 -4
right_child=5 4 13 -5 8 7 -8 12 10 -11 -12 -13 -14 -15
leaf_value=0.0033804907951645569 0.00036247471734231191 -0.0086080394268750159 -0.0030543486422281549 0.0079298772493788024 0.0014919464196565587 0.01678789171391536 -0.0059743837553367547 0.012098761958586965 0.0025166705866540044 -0.014873410786853756 -0.008507054589293267 0.0092523548753075772 -0.004474859881519631 -0.014470507936475148
leaf_weight=1506.0553555563092 1286.257079962641 128.3808221295476 717.63380809128284 2250.7915370315313 428.57066695392132 683.8199625313282 1259.5074857510626 180.05670635402203 1217.9880543164909 1227.968663059175 1258.4884563013911 547.73980265855789 270.46172650158405 342.64901204407215
leaf_count=13163 12077 1830 6590 17810 4062 5149 17042 1383 11761 15573 14422 4730 2410 3186
internal_value=-1.38961e-05 -0.00122498 0.00133782 0.00307744 -0.00445929 0.00541516 -0.000886132 0.0110913 -0.00614508 -0.0106559 -0.00309702 0.00578502 0.00226793 -0.00684441
internal_weight=13306.4 10885.8 6076.64 5016.35 4809.14 2420.6 2765.56 1134.34 4133.02 1656.54 2476.48 676.121 450.518 1060.28
internal_count=131188 110169 57791 48015 52378 21019 30205 8942 45818 19635 26183 6560 3793 9776
is_linear=0
shrinkage=0.035


Tree=47
num_leaves=15
num_cat=0
split_feature=3 25 25 2 8 10 3 34 5 33 17 28 10 24
split_gain=72.9028 61.1459 63.8167 44.6599 39.0475 37.9951 40.779 37.6181 32.7907 32.4284 31.0054 30.5977 26.7637 45.1056
threshold=-0.043076051399111741 4.2150000000000007 1.4450000000000001 -0.27196811139583582 -0.31923802196979517 1.0376653075218203 0.75976115465164196 -0.026535316142143547 -0.065857302397489534 -0.067435648233345621 0.026424471288919452 -0.65279997750805607 0.35458551347255712 0.02837362885475159
decision_type=2 2 2 2 2 2 2 2 2 2 10 2 2 2
left_child=1 2 10 -3 8 6 9 -5 -2 -6 -1 -8 13 -4
right_child=4 3 12 7 5 -7 11 -9 -10 -11 -12 -13 -14 -15
leaf_value=-0.02267676960315897 0.0018766636344847726 0.0027801033844454177 0.0052192192230067561 -0.0047068244467961678 0.007004353892484971 -0.0088764615883296146 0.0047650772659049816 -0.013507777104027997 -0.0082430923164662582 0.00045271319545864719 -0.0043923835372676702 0.021333658881066461 0.0050302286138187453 -0.01358144541851542
leaf_weight=118.8030272834003 1080.9448985829949 562.22669861838222 342.78397660702467 1581.4504359550774 1929.2664083279669 238.6250713467598 255.21061248332262 961.70179080590606 603.17063039913774 1773.1228059083223 1048.9300294406712 302.82335449755192 2231.257840923965 271.6124706491828
leaf_count=1815 9854 5504 3202 17405 15962 2072 1966 14590 5964 16570 13843 2158 17628 2655
internal_value=-1.44878e-05 -0.00242775 0.000427135 -0.00610692 0.00276336 0.00446237 0.00522851 -0.00807481 -0.00177502 0.00387636 -0.00642935 0.0139735 0.0032534 -0.00317658
internal_weight=13301.9 7118.77 4013.39 3105.38 6183.16 4499.05 4260.42 2543.15 1684.12 3702.39 1167.73 558.034 2845.65 614.396
internal_count=131188 76642 39143 37499 54546 38728 36656 31995 15818 32532 15658 4124 23485 5857
is_linear=0
shrinkage=0.035


Tree=48
num_leaves=15
num_cat=0
split_feature=14 3 25 15 25 22 17 6 22 28 19 6 34 16
split_gain=72.5756 62.1944 68.4811 57.5691 50.7573 32.3177 31.606 36.3304 45.3637 35.6414 30.1792 30.8189 29.0114 27.7449
threshold=0.31034220755100256 -0.081588048487901674 4.2150000000000007 23.082156181335453 1.4450000000000001 0.3397038877010346 0.074814073741436019 0.23879923671483996 0.17717885971069339 -0.40673658347942782 -0.15715781599283216 0.16605263948440555 -0.026535316142143547 1.7084905505180361
decision_type=2 2 2 2 2 2 10 2 2 2 2 2 2 2
left_child=5 2 3 4 -2 10 7 9 -9 -3 -1 -12 13 -4
right_child=1 6 12 -5 -6 -7 -8 8 -10 -11 11 -13 -14 -15
leaf_value=0.0084537180137221456 -0.0038389775365313223 0.0059491298409063411 -0.00052638342074654227 -0.0097330234839814386 0.0064889615936172904 -0.012446141426319331 -0.0033439553983607758 0.034188396537078863 0.0081045307215426854 -0.00059250362727034534 -0.0075885418095829934 0.014249736305870427 -0.011325753818639775 -0.01127258406355346
leaf_weight=223.53635883703828 807.87719291821122 2344.7150340117514 1174.3845276907086 455.14443466439843 2033.4262159392238 681.84358979016542 703.08785212785006 82.280977211892605 851.73932361602783 1797.4178260527551 850.44500295072794 77.978983573615551 830.68544877320528 383.21812049672008
leaf_count=1956 10871 20021 12276 4432 16618 8572 6252 485 6830 17705 7923 593 12419 4235
internal_value=-1.54164e-05 0.00102033 -0.00157773 0.00169143 0.00354922 -0.00646076 0.00357422 0.00453713 0.0107402 0.00311589 -0.0028414 -0.00562203 -0.00607826 -0.00322532
internal_weight=13297.8 11464 5684.74 3296.45 2841.3 1833.8 5779.24 5076.15 934.02 4142.13 1151.96 928.424 2388.29 1557.6
internal_count=131188 112144 60851 31921 27489 19044 51293 45041 7315 37726 10472 8516 28930 16511
is_linear=0
shrinkage=0.035


Tree=49
num_leaves=15
num_cat=0
split_feature=14 17 34 16 28 22 3 24 31 15 3 22 26 6
split_gain=67.8955 58.1584 70.0076 57.7332 55.1131 50.0566 48.2346 45.8021 43.2917 33.5428 32.8332 30.702 28.6803 28.2403
threshold=0.31034220755100256 0.025454134680330757 -0.026535316142143547 1.4163023233413699 0.65129667254060231 0.2409842982888222 0.17405603080987933 0.03199290111660958 0.0088706853385821533 21.764852523803714 0.45276044309139257 0.3397038877010346 1.1600000000000004 -0.37274430692195887
decision_type=2 10 2 2 2 2 2 2 2 2 2 2 2 2
left_child=11 2 6 4 5 -3 7 -2 -5 -10 -4 12 13 -1
right_child=1 3 10 8 -6 -7 -8 -9 9 -11 -12 -13 -14 -15
leaf_value=0.025876016120455921 -0.0056378793889965252 0.0081710686964533985 -0.014466755173045905 -0.0061551399798467684 -0.0077681018663896782 0.0019582227006429893 0.028121136927099718 0.022819871071527359 0.008426906939623769 -0.0022111358029798249 0.019482367935836912 -0.012138861521799492 -0.013177071783396993 -0.0012943986988012866
leaf_weight=39.505894251167774 397.3108582124114 2630.0257607288659 713.12713008373976 1580.2403820343316 478.19588879868388 4010.9695870876312 72.917493030428886 73.493460819125175 604.12095071747899 880.66798981279135 28.250708676874638 675.01086324453354 242.49977401643991 867.30528055503964
leaf_count=309 4279 19715 8868 16971 6596 40338 537 711 5788 8162 179 8572 3166 6997
internal_value=-1.51395e-05 0.000983997 -0.00600372 0.00187077 0.00359836 0.00442728 0.00350478 -0.000813344 -0.0021406 0.00214462 -0.012931 -0.00626773 -0.00274454 0.000158629
internal_weight=13293.6 11469.3 1285.1 10184.2 7119.19 6641 543.722 470.804 3065.03 1484.79 741.378 1824.32 1149.31 906.811
internal_count=131188 112144 14574 97570 66649 60053 5527 4990 30921 13950 9047 19044 10472 7306
is_linear=0
shrinkage=0.035


Tree=50
num_leaves=15
num_cat=0
split_feature=3 25 25 15 2 10 8 26 17 3 34 10 5 17
split_gain=63.9349 51.9416 54.5364 47.6732 40.7836 37.4363 35.1119 35.2207 35.5452 67.877 34.0012 31.4375 30.594 29.2801
threshold=-0.043076051399111741 4.2150000000000007 1.4450000000000001 22.890003204345707 -0.27196811139583582 0.36975193023681646 -0.31923802196979517 -1.02 0.024428043514490131 0.26453016698360449 -0.026535316142143547 0.76547798514366161 -0.065857302397489534 0.026424471288919452
decision_type=2 2 2 2 2 2 2 2 10 2 2 2 2 8
left_child=1 2 13 5 -3 -4 12 -8 9 -9 -6 -10 -2 -1
right_child=6 4 3 -5 10 -7 7 8 11 -11 -12 -13 -14 -15
leaf_value=-0.022197080994277616 0.0017853030322493818 0.0027790873055940678 -0.0024779216197990069 -0.007558857993833594 -0.0044087783910512785 0.0074141720470475422 0.0010538596607075181 -0.013990346204430909 0.010781398481200985 0.031335828295900897 -0.012849008857879443 -0.0003806566989043387 -0.0080075902130840922 -0.0040955086500264071
leaf_weight=113.56583417207003 1082.47190342471 562.08057315647602 627.30034803599119 439.78163198381662 1569.3713317625225 1795.7327131330967 2237.0628688670695 198.41063020005822 1665.4089222177863 40.434011451900005 938.93162290751934 378.20516054704785 599.20262702926993 1041.5567863062024
leaf_count=1798 9854 5504 5839 3685 17405 13961 20448 1876 13064 242 14590 3098 5964 13860
internal_value=-1.39975e-05 -0.00228315 0.000337527 0.00292709 -0.00570256 0.00485354 0.00257927 0.00418327 0.00723247 -0.00536618 -0.00760668 0.00872388 -0.00173074 -0.0060504
internal_weight=13289.5 7088.32 4017.94 2862.81 3070.38 2423.03 6201.2 4519.52 2282.46 238.845 2508.3 2043.61 1681.67 1155.12
internal_count=131188 76642 39143 23485 37499 19800 54546 38728 18280 2118 31995 16162 15818 15658
is_linear=0
shrinkage=0.035


Tree=51
num_leaves=15
num_cat=0
split_feature=14 10 10 33 34 3 19 28 24 15 25 19 6 24
split_gain=63.5792 59.0128 57.1192 50.9436 49.1143 48.463 44.2398 37.6369 35.3936 32.1536 37.5472 29.7342 33.015 29.509
threshold=0.31034220755100256 0.31429205834865576 0.74231791496276867 -0.067435648233345621 -0.031273858577813334 1.9270285964012148 0.31394593417644506 -1.1401333311752746 0.030043962411582473 21.577282905578617 4.9450000000000012 -0.15715781599283216 0.16605263948440555 0.02906045783311129
decision_type=2 2 2 2 2 2 2 2 2 2 2 2 2 2
left_child=11 4 3 7 9 -4 -6 -3 -5 -2 -11 -1 -13 -7
right_child=1 2 5 8 6 13 -8 -9 -10 10 -12 12 -14 -15
leaf_value=0.0028171402839507454 -0.0035985356013041809 0.0019220760386119121 -0.0055638411693489272 -0.0036332064811180165 -0.010159614207784376 0.040860731136633049 0.031080875749948052 0.0086731910752777929 0.0033414020518666952 -0.0097079736091909511 0.017658943029365902 -0.010306577802713783 0.0053675612639986232 0.0056357324502033495
leaf_weight=362.82421011850238 455.62459866702557 1700.3897682949901 1563.4770915210247 1573.6015901714563 1147.642062522471 29.414526924490929 23.274894028902054 2513.0034844130278 2028.8560465611517 75.101854808628559 231.70738711953163 1269.2546919137239 182.61978946626186 128.37949059158564
leaf_count=3766 4847 17908 14908 18095 14592 247 131 17928 19511 1008 1950 13533 1745 1019
internal_value=-1.47486e-05 0.000949826 0.00208072 0.00335159 -0.00461081 -0.00367603 -0.00908361 0.00595966 0.000293176 0.00228701 0.010865 -0.00608349 -0.00831182 0.0142459
internal_weight=13285.2 11470.5 9537.12 7815.85 1933.35 1721.27 1170.92 4213.39 3602.46 762.434 306.809 1814.7 1451.87 157.794
internal_count=131188 112144 89616 73442 22528 16174 14723 35836 37606 7805 2958 19044 15278 1266
is_linear=0
shrinkage=0.035


Tree=52
num_leaves=15
num_cat=0
split_feature=14 10 10 8 33 3 30 15 19 34 24 19 2 24
split_gain=59.5 55.0185 53.0177 47.2493 47.1407 45.4725 36.8709 53.6251 52.4702 35.2404 32.9759 27.9614 27.6637 27.1643
threshold=0.31034220755100256 0.31429205834865576 0.74231791496276867 -0.31186003983020777 -0.067435648233345621 1.9270285964012148 1.0000000180025095e-35 23.677119255065922 0.31394593417644506 -0.036793507707299659 0.030043962411582473 -0.15715781599283216 0.18130384385585788 0.02906045783311129
decision_type=2 2 2 2 2 2 2 2 2 2 2 2 2 2
left_child=11 3 4 -2 9 -4 8 -8 -5 -3 -6 -1 -13 -7
right_child=1 2 5 6 10 13 7 -9 -10 -11 -12 12 -14 -15
leaf_value=0.0027154322295920835 -0.013312310144856046 -0.0029199257798933325 -0.0053928309445860937 -0.0079264628733044934 -0.0035169977733585911 0.038948650466571477 0.0010753313000347658 0.030432344768884491 0.039099363420650547 0.006899993825922786 0.0032169615193540081 -0.010652827904953397 0.00094759080336488861 0.005432849058937401
leaf_weight=363.59998094290495 525.08551731333137 502.97919747233391 1557.0325313992798 747.88253452628851 1569.1122859492898 30.254050359129906 553.42388655245304 78.550995960831642 20.409613586962223 3727.44095582515 2033.876298867166 1120.5699726603925 322.00089843943715 128.87700165808201
leaf_count=3766 6874 5758 14908 9548 18095 247 5344 644 118 30078 19511 11901 3377 1019
internal_value=-1.29532e-05 0.000917944 0.00200672 -0.00446475 0.00322714 -0.0035503 -0.00107614 0.00514145 -0.0061909 0.00572831 0.000282685 -0.0058996 -0.00807476 0.013731
internal_weight=13281.1 11474.9 9549.57 1925.35 7833.41 1716.16 1400.27 631.975 768.292 4230.42 3602.99 1806.17 1442.57 159.131
internal_count=131188 112144 89616 22528 73442 16174 15654 5988 9666 35836 37606 19044 15278 1266
is_linear=0
shrinkage=0.035


Tree=53
num_leaves=15
num_cat=0
split_feature=6 22 32 16 31 24 9 17 14 15 31 15 5 3
split_gain=59.6284 63.0637 71.1014 47.7236 42.029 39.8683 37.8677 37.5932 35.863 34.7347 33.5424 33.1631 31.1469 28.5189
threshold=0.21036731451749804 0.35781356692314154 0.042560839849552619 1.4653307795524599 0.013150702432325636 0.028544961474835876 1.3038532137870791 0.035816974937915809 0.3726943731307984 22.983864784240726 0.013150702432325636 21.63571929931641 -0.27316644787788386 -0.081588048487901674
decision_type=2 2 2 2 2 2 2 8 2 2 2 2 2 2
left_child=1 2 3 5 6 -1 9 -4 -3 -2 13 -6 -5 -10
right_child=4 8 7 12 11 -7 -8 -9 10 -11 -12 -13 -14 -15
leaf_value=0.010008388146919888 -0.0015248408195868133 -0.012771939881255804 -0.014269163643092003 0.02920158735456832 0.031245320431026492 0.0022662071098784654 -0.013425990910386191 -0.0024365708025531727 -0.010040790985606391 0.010103946313475942 0.0029293756862199148 0.0092830576462013883 -0.0045539446403097504 -0.0014665079199430342
leaf_weight=1004.2301183417439 619.34135142713785 598.96264133229852 463.28017451241612 24.507276341319084 97.383818857371807 4195.2827687039971 156.49116564542055 1096.4589657634497 950.78367299959064 624.8408760279417 746.79228672385216 475.45404034107924 1275.1974716670811 948.14819610118866
leaf_count=7405 5581 8142 6581 183 657 34131 1626 13795 14411 5559 6906 3392 11445 11374
internal_value=-1.09248e-05 -0.000992284 0.000667561 0.0022792 0.00558665 0.00377787 0.0022822 -0.00601965 -0.00510429 0.00434925 -0.00332686 0.0134887 -0.00369935 -0.00578971
internal_weight=13277.2 11303.6 8058.96 6499.22 1973.51 5199.51 1400.67 1559.74 3244.69 1244.18 2645.72 572.838 1299.7 1898.93
internal_count=131188 114373 73540 53164 16815 41536 12766 20376 40833 11140 32691 4049 11628 25785
is_linear=0
shrinkage=0.035


Tree=54
num_leaves=15
num_cat=0
split_feature=3 32 17 15 14 2 8 10 3 15 5 11 27 30
split_gain=55.44 46.4531 45.4018 33.5645 34.9269 32.8682 31.2987 33.0269 33.8737 30.5249 28.3099 27.9334 26.2091 18.9073
threshold=-0.043076051399111741 0.019536802125425305 0.022048955783247951 23.082156181335453 0.31034220755100256 -0.37440317869186396 -0.31923802196979517 1.0376653075218203 0.75976115465164196 21.402656555175785 -0.065857302397489534 0.16644513607025149 3.5825168728413797 0.099999999999999881
decision_type=2 2 10 2 2 2 2 2 2 2 2 2 2 2
left_child=1 5 13 4 -4 -1 10 8 12 -10 -2 -7 -8 -3
right_child=6 2 3 -5 -6 11 7 -9 9 -11 -12 -13 -14 -15
leaf_value=0.010925260516514133 0.0016921423755367846 -0.018253754531930729 -0.0062983854947521924 -0.0072392974761138571 0.0018699047447908131 0.002138606632201244 -0.00060570095606557526 -0.008585487242963331 -0.0083633152411688103 0.015478447969988571 -0.0077481967537556626 -0.015087348411131147 0.0055292206422037265 -0.00057574932431188526
leaf_weight=77.263214025646448 1083.9649697355926 246.06323968246579 741.11643689870834 742.31137046590447 4377.6117596402764 137.97024686634541 1311.5680069290102 236.53950847685337 69.089064843952656 500.61779019609094 594.73082902655005 627.7810116186738 2420.3660459145904 105.24101276695728
leaf_count=789 9854 3373 7920 7571 43820 2239 12258 2072 509 3615 5964 9895 20274 1035
internal_value=-1.03212e-05 -0.00213233 -0.00107887 -0.00033599 0.000677282 -0.00979186 0.00239744 0.00390552 0.0046107 0.0124927 -0.00167847 -0.0119961 0.00337728 -0.0131204
internal_weight=13272.2 7055.36 6212.34 5861.04 5118.73 843.014 6216.88 4538.18 4301.64 569.707 1678.7 765.751 3731.93 351.304
internal_count=131188 76642 63719 59311 51740 12923 54546 38728 36656 4124 15818 12134 32532 4408
is_linear=0
shrinkage=0.035


Tree=55
num_leaves=15
num_cat=0
split_feature=22 25 8 16 19 11 24 15 17 28 11 11 5 0
split_gain=54.2344 57.6423 54.6122 50.644 41.0344 47.365 37.0837 37.0182 33.5693 33.6807 35.7027 30.7585 28.8544 28.1498
threshold=0.35781356692314154 1.4450000000000001 -0.2742782980203628 1.4653307795524599 0.24914890527725223 0.16644513607025149 0.028544961474835876 23.677119255065922 0.025454134680330757 1.0000000180025095e-35 0.29860505461692816 0.20500267297029498 0.0087128393352031725 -0.083332672715187059
decision_type=2 2 2 2 2 2 2 2 10 2 2 2 2 2
left_child=1 4 -2 6 11 -6 12 -8 -4 10 -10 -1 -3 -5
right_child=2 3 8 13 5 -7 7 -9 9 -11 -12 -13 -14 -15
leaf_value=-0.023410131249885391 -0.0079547845454844383 0.015031079840156012 -0.010048528238235668 0.0098961386772295368 0.052552956034403658 0.003512158992836481 0.0019602066646049066 0.012156486919937735 0.0069882657834948302 -0.011284497186533245 -0.0028859380886801771 -0.0048051462284257485 0.0033630372705074456 -0.0043199812168277611
leaf_weight=109.42756443470716 1769.1753676794469 624.73557661473751 332.40844360366464 184.17738309130073 17.975978638976812 188.72020230814815 4213.5330426059663 477.50692746788263 1173.8104150146246 207.72213522717357 715.05477702990174 1383.1769874580204 451.51101031899452 1420.4913836978376
leaf_count=1686 23454 4482 4362 1519 104 1902 33934 3501 12490 2624 7312 17867 3296 12655
internal_value=-1.14599e-05 0.00151059 -0.00329602 0.00285021 -0.00428367 0.0100055 0.00437891 0.00302175 0.000115922 0.00176752 0.00325474 -0.00631586 0.0102121 -0.00263713
internal_weight=13269.4 9071.26 4198.17 7371.96 1699.3 206.696 5767.29 4691.04 2429 2096.59 1888.87 1492.6 1076.25 1604.67
internal_count=131188 80946 50242 59387 21559 2006 45213 37435 26788 22426 19802 19553 7778 14174
is_linear=0
shrinkage=0.035


Tree=56
num_leaves=15
num_cat=0
split_feature=14 10 10 34 24 17 33 26 24 15 30 29 6 6
split_gain=52.7995 48.6674 49.7678 46.6962 40.5145 58.9451 38.4605 31.8971 29.6388 27.6078 61.2113 26.9412 34.7605 26.6756
threshold=0.31034220755100256 0.32223080098629003 0.74231791496276867 -0.026535316142143547 0.027712903916835788 0.025454134680330757 -0.067435648233345621 -1.1449999999999998 0.028592240996658806 22.09812164306641 1.0000000180025095e-35 3.7500000000000004 0.27169470489025122 -0.37274430692195887
decision_type=2 2 2 2 2 10 2 2 2 2 2 2 2 2
left_child=13 3 6 9 5 -5 7 -3 -8 -2 -11 12 -4 -1
right_child=1 2 11 4 -6 -7 8 -9 -10 10 -12 -13 -14 -15
leaf_value=0.014652681701701489 -0.0020671027660119448 -0.002766222281183161 -0.0056107912794082625 -0.012447966375139185 -0.012859691827764844 0.014348517142147438 -0.0044934115712478521 0.0065637643898017297 0.0025272887402194941 -0.014405123184256064 0.020744526097765288 -0.011652926986694616 0.0058412487118253732 -0.0064549147114910917
leaf_weight=67.346285190433264 627.87479801476002 506.08540668338537 812.45080934464931 192.00671618804336 809.37044650688767 190.28913393616676 1036.8641894944012 3645.9700863175094 2475.8996343165636 76.643020030111074 203.49978666752577 371.19938796758652 526.70844444260001 1722.815540317446
leaf_count=647 6883 4947 8123 2210 10908 1866 12477 29833 24186 1031 1629 3260 4791 18397
internal_value=-1.06101e-05 0.000862962 0.00194203 -0.00394148 -0.00846955 0.000915838 0.00314638 0.00542264 0.000448112 0.00202861 0.010963 -0.0034421 -0.00109665 -0.00558386
internal_weight=13265 11474.9 9375.18 2099.68 1191.67 382.296 7664.82 4152.06 3512.76 908.018 280.143 1710.36 1339.16 1790.16
internal_count=131188 112144 87617 24527 14984 4076 71443 34780 36663 9543 2660 16174 12914 19044
is_linear=0
shrinkage=0.035


Tree=57
num_leaves=15
num_cat=0
split_feature=6 22 28 6 26 9 22 14 26 16 25 15 15 33
split_gain=51.8506 55.6089 56.9927 45.8739 37.5361 37.4847 36.1538 28.1774 25.7322 24.6202 24.3696 21.2215 20.455 22.0746
threshold=0.21036731451749804 0.39354364573955541 -0.40673658347942782 -0.30644971132278437 -0.9750000000000002 0.4882615208625794 0.2409842982888222 0.3726943731307984 -0.83499999999999985 2.6373455524444585 0.55000000000000016 22.713021278381351 24.796125411987308 -0.0036754678384726121
decision_type=2 2 2 2 2 2 2 2 2 2 2 2 2 2
left_child=1 2 5 10 -2 6 -1 -5 -3 12 -4 -7 -6 -14
right_child=4 8 3 7 9 11 -8 -9 -10 -11 -12 -13 13 -15
leaf_value=0.0096113793912609106 0.00068817032530804568 -0.0084505458718497715 -0.008142449106521692 -0.010085329348386395 0.0097624343082939168 0.0013714727732586564 0.0018575099760994066 -0.0024651546152667692 0.00024802107827895197 -0.0082703420259499071 0.010586198563040853 -0.0070294006239035971 0.034549996082303205 -0.0027322789283321875
leaf_weight=1315.2121192887425 1063.3957767039537 1514.1440757811069 97.693145651370287 722.07164908573031 749.23371598124504 1208.4514936544001 1672.2981023043394 3226.3947909586132 572.5294989310205 73.340844172984362 429.30503081530333 518.3612019456923 76.425816684961319 23.310663804411888
leaf_count=9362 9820 21635 1432 8294 5567 9823 15665 34459 5793 678 3570 4340 554 196
internal_value=-1.11272e-05 -0.000930679 0.000242538 -0.00258339 0.00518933 0.00292508 0.00529173 -0.00388064 -0.00607408 0.010316 0.00702737 -0.00117629 0.0119992 0.0263814
internal_weight=13262.2 11276.5 9189.79 4475.46 1985.71 4714.32 2987.51 3948.47 2086.67 922.311 526.998 1726.81 848.97 99.7365
internal_count=131188 114373 86945 47755 16815 39190 25027 42753 27428 6995 5002 14163 6317 750
is_linear=0
shrinkage=0.035


Tree=58
num_leaves=15
num_cat=0
split_feature=3 6 32 30 3 14 8 10 3 15 5 5 26 28
split_gain=49.6227 44.2798 45.5266 30.3533 29.7169 29.1067 27.2384 31.3046 30.028 27.9527 26.2779 25.8475 25.8374 25.629
threshold=-0.043076051399111741 -0.1852670609951019 0.01892619387526873 -0.24999999999999975 -0.52494290471076954 0.13899476826190951 -0.31923802196979517 1.0376653075218203 0.75976115465164196 21.402656555175785 -0.065857302397489534 -0.20304091274738309 -1.02 0.34781234381816534
decision_type=2 2 2 2 2 2 2 2 2 2 2 2 2 2
left_child=1 3 -3 -1 11 -4 10 8 12 -10 -2 -5 -8 -7
right_child=6 2 5 4 -6 13 7 -9 9 -11 -12 -13 -14 -15
leaf_value=-0.00936530964983745 0.0016890251697270721 -0.014170842550973508 -0.019818681208350727 0.013442706518737777 0.0058812463002311851 -0.001003593886267137 0.00018052380011219553 -0.0085133514857852026 -0.0082627869698762534 0.014545505538559289 -0.0074329065860550599 -0.0081333133798362611 0.0059932013996961886 -0.0080482239310009293
leaf_weight=241.81573831662536 1083.3373869098723 466.72062031552196 109.4422326348722 73.42589208856225 1510.197841770947 3495.8673196472228 1814.4153614342213 235.90687069669366 68.854324527084827 507.09292500093579 589.38810735940933 370.16225742176175 1928.0545640960336 763.487155392766
leaf_count=3811 9854 8217 1265 607 13475 35544 16932 2072 509 3615 5964 3357 15600 10366
internal_value=-1.07218e-05 -0.00202447 -0.00389358 0.00209096 0.00354934 -0.00276579 0.00226266 0.00366338 0.0043467 0.0117243 -0.00155018 -0.00434427 0.0031831 -0.00228223
internal_weight=13258.2 7031.12 4835.52 2195.6 1953.79 4368.8 6227.05 4554.32 4318.42 575.947 1672.73 443.588 3742.47 4259.35
internal_count=131188 76642 55392 21250 17439 47175 54546 38728 36656 4124 15818 3964 32532 45910
is_linear=0
shrinkage=0.035


Tree=59
num_leaves=15
num_cat=0
split_feature=6 26 32 10 30 17 11 9 12 15 7 17 21 11
split_gain=46.7556 41.2862 41.069 56.8382 42.7411 70.0932 39.754 30.3895 27.9896 27.9419 27.8722 27.1847 26.8103 23.2308
threshold=0.16605263948440555 -0.9750000000000002 0.01892619387526873 0.69662031531333934 1.0000000180025095e-35 0.022048955783247951 0.44344225525856024 0.9440138339996339 0.97795388102531444 24.212780952453617 -0.36360627412796015 0.054384171962738044 0.039619062095880515 0.1876151189208031
decision_type=2 2 2 2 2 8 2 2 2 2 2 8 2 2
left_child=2 13 6 4 5 -4 12 9 -8 -3 -5 -6 -1 -2
right_child=1 7 3 10 11 -7 8 -9 -10 -11 -12 -13 -14 -15
leaf_value=-0.012469542136435748 -0.016574346676308672 0.0097261658642272351 -0.017578514686361936 0.001295221715296906 0.0048918489906275139 -0.00019211696991066352 -0.0032201086215603212 -0.00066686902165426915 0.028273451228205657 0.02848811185411998 -0.0093043127235777397 -0.0038680639899771742 0.00018567048111891291 0.0013213143246561608
leaf_weight=800.58155992999673 85.858380936086178 767.07140750810504 295.23400166258216 414.6199485398829 3188.3893194869161 4095.9375759884715 74.015019666403532 293.20491620525718 52.035695783793926 106.74674097821116 1105.5149296931922 494.49315422028303 274.13026834651828 1207.05509198457
leaf_count=11763 889 5624 4062 3773 25603 44609 986 2547 663 771 10825 4008 3877 11188
internal_value=-1.20117e-05 0.00433248 -0.00100512 -0.000238321 0.000932731 -0.00139835 -0.00707934 0.00907512 0.0109035 0.0123145 -0.0064237 0.00370838 -0.00926958 1.48301e-05
internal_weight=13254.9 2459.94 10795 9594.19 8074.05 4391.17 1200.76 1167.02 126.051 873.818 1520.13 3682.88 1074.71 1292.91
internal_count=131188 21019 110169 92880 78282 48671 17289 8942 1649 6395 14598 29611 15640 12077
is_linear=0
shrinkage=0.035


Tree=60
num_leaves=15
num_cat=0
split_feature=22 25 8 16 19 11 15 3 26 14 11 28 15 19
split_gain=47.2522 54.2184 51.9868 44.5053 36.3568 44.2433 31.4498 62.7309 30.928 35.0427 29.2391 28.5888 26.7916 26.4412
threshold=0.3397038877010346 1.4450000000000001 -0.22893909364938733 1.2888126969337466 0.24914890527725223 0.17402838915586474 23.185171127319339 0.26453016698360449 -0.83499999999999985 0.553692787885666 0.20500267297029498 1.0000000180025095e-35 22.465462684631351 0.020278157666325573
decision_type=2 2 2 2 2 2 2 2 2 2 2 2 2 2
left_child=1 4 11 6 10 -6 13 -8 -4 -10 -1 -2 -12 -3
right_child=2 3 8 -5 5 -7 7 -9 9 -11 12 -13 -14 -15
leaf_value=-0.022786131270478661 -0.0047799321999588973 0.005873455936510368 -0.0015670394807878608 -0.0016254784773349674 0.049070624881508526 0.003058255590311506 0.0018817332637573968 0.022984537827380108 -0.0096468300864743072 0.0098916503171307679 -0.0015172137869714204 -0.017864175931781648 -0.012815478933461823 -0.00018004283915585829
leaf_weight=105.30569966882467 2577.5646626316011 2511.1390446461737 1719.6580427996814 1703.6588217280805 19.942936148494482 187.9700698889792 368.02581592649221 318.17542316764593 126.28748872503638 673.05783211439848 1032.1689808443189 214.47400562092662 333.90772676840425 1360.2041625976562
leaf_count=1686 31501 19306 19393 14280 117 1889 2815 2007 1112 5611 13715 3478 4152 10126
internal_value=-1.19364e-05 0.00169659 -0.00256473 0.00319395 -0.00387211 0.00952105 0.00499511 0.0118562 0.00108002 0.00672374 -0.00581613 -0.00584518 -0.00435189 0.00375156
internal_weight=13251.5 7940.5 5311.04 6261.2 1679.3 207.913 4557.54 686.201 2519 799.345 1471.38 2792.04 1366.08 3871.34
internal_count=131188 70093 61095 48534 21559 2006 34254 4822 26116 6723 19553 34979 17867 29432
is_linear=0
shrinkage=0.035


Tree=61
num_leaves=15
num_cat=0
split_feature=14 3 25 15 25 22 17 2 15 16 25 7 26 2
split_gain=46.2296 40.4882 50.4386 46.9722 28.7993 25.3789 25.0457 24.7599 36.173 25.0572 22.8243 28.5266 19.3238 22.5349
threshold=0.31034220755100256 -0.081588048487901674 4.2150000000000007 23.082156181335453 0.9900000000000001 0.3397038877010346 0.074814073741436019 0.58984988927841198 23.185171127319339 2.5000044107437138 1.4450000000000001 -0.26999026536941523 -1.2850000000000001 -0.37440317869186396
decision_type=2 2 2 2 2 2 10 2 2 2 2 2 2 2
left_child=5 2 3 4 -2 10 7 9 -9 -3 -1 -12 -4 -14
right_child=1 6 12 -5 -6 -7 -8 8 -10 -11 11 -13 13 -15
leaf_value=-0.01165289701937724 -0.0043593615162727363 0.0032546974741390041 -0.00039496202181928369 -0.0089890776235865485 0.0047562674171843728 -0.010743167985251208 -0.0033267023693252656 0.0018548528143195139 0.021291561705607406 -0.015716684265362504 0.0075090558489385338 -0.0049237838968767024 0.0064275127902066326 -0.0085362177778733755
leaf_weight=229.72700341418386 509.53919156268239 4599.1730090640485 704.72506178542972 444.73261189460754 2347.9043760076165 644.21941901743412 701.40179399400949 243.84922849014401 219.8174783475697 77.135962802916765 390.48627009242773 509.18142354488373 127.09756866842508 1498.0564651787281
leaf_count=3166 8179 40752 7131 4432 19310 8572 6252 1849 1682 758 3033 4273 1211 20588
internal_value=-1.15743e-05 0.00080268 -0.00131368 0.00146802 0.00312123 -0.00525392 0.00284196 0.00368856 0.0113245 0.00290889 -0.00205598 0.000495716 -0.00524565 -0.00733381
internal_weight=13247 11473.4 5632.06 3302.18 2857.44 1773.61 5841.38 5139.98 463.667 4676.31 1129.39 899.668 2329.88 1625.15
internal_count=131188 112144 60851 31921 27489 19044 51293 45041 3531 41510 10472 7306 28930 21799
is_linear=0
shrinkage=0.035


Tree=62
num_leaves=15
num_cat=0
split_feature=14 10 8 10 3 3 16 29 19 15 19 6 33 29
split_gain=43.2736 42.225 48.8881 44.8692 37.4235 33.202 36.6636 33.2001 48.6888 27.6479 24.7638 27.3178 24.7274 24.0448
threshold=0.31034220755100256 0.32223080098629003 -0.31186003983020777 0.74231791496276867 1.9270285964012148 -0.49180048704147333 1.6417065858840945 3.6500000000000008 0.27841229736804968 23.409000396728519 -0.15715781599283216 0.16605263948440555 -0.22064376115222742 3.7500000000000004
decision_type=2 2 2 2 2 2 2 2 2 2 2 2 2 2
left_child=10 2 12 5 13 -3 -7 8 -4 -9 -1 -12 -2 -5
right_child=1 3 7 4 -6 6 -8 9 -10 -11 11 -13 -14 -15
leaf_value=0.0030230560536442627 0.0150359551913126 -0.0052990341877877959 -0.0083287620731694514 -0.0027796148658756213 0.012123622351860682 0.004737974373191331 -0.0017393700170897908 0.0016262273816237413 0.031313078505019978 0.019509583830692546 -0.0090660092946736846 0.0052064293390339843 -0.013973503083628552 -0.013505956679313185
leaf_weight=360.39805315807462 30.456442039459944 550.95630906894803 641.20541505515575 1225.0526601709425 163.10897655785084 5833.341649800539 1305.0731072388589 714.08882791176438 30.565573263913393 114.82969273626804 1222.7252978496253 182.89782118797302 552.58256208524108 316.47021771967411
leaf_count=3766 435 5303 7865 12003 1266 53169 12971 7720 183 1033 13533 1745 7291 2905
internal_value=-1.23192e-05 0.000773746 -0.00372233 0.00177394 -0.00334973 0.00291266 0.00355298 -0.000357846 -0.00609222 0.00430663 -0.00509671 -0.00718524 -0.0122301 -0.00505456
internal_weight=13243.8 11477.7 2083.73 9394 1704.63 7689.37 7138.41 1500.69 671.771 828.919 1766.02 1405.62 583.039 1541.52
internal_count=131188 112144 24527 87617 16174 71443 66140 16801 8048 8753 19044 15278 7726 14908
is_linear=0
shrinkage=0.035


Tree=63
num_leaves=15
num_cat=0
split_feature=14 10 8 10 3 33 11 31 3 28 29 21 33 6
split_gain=41.3468 39.6766 46.4074 34.3689 42.0769 37.9104 36.7359 32.7472 31.4291 44.8567 34.1866 25.1813 24.1073 20.2805
threshold=0.19513657689094546 0.32223080098629003 -0.31186003983020777 0.53824713826179515 1.9270285964012148 -0.067435648233345621 0.36181201040744787 0.0088706853385821533 0.34470570087432867 -0.10326313031254751 3.6500000000000008 -0.059047469869256013 -0.22064376115222742 0.16605263948440555
decision_type=2 2 2 2 2 2 2 2 2 2 2 2 2 2
left_child=13 2 12 5 7 6 -3 -5 10 -10 -4 -7 -2 -1
right_child=1 3 8 4 -6 11 -8 -9 9 -11 -12 -13 -14 -15
leaf_value=-0.0096855209537010586 0.014552332867241936 0.0045255487741491908 -0.0079419282501114012 -0.0046188678610407799 0.013087913653859517 0.0040906401581852605 0.017769712032974411 0.0014898847414952861 -0.0036395872006100621 0.042873229579978148 0.0028557465200008672 -0.0028351525182321599 -0.013754114738035013 0.0086093429089832123
leaf_weight=697.08662699908018 31.41784804686904 2909.0931182838976 632.0072530284524 2251.8106561265886 238.78562555834651 1089.5381221100688 273.50771532580256 2041.5630660802126 51.108779892325401 37.838749438524246 807.00746937841177 1539.1742507889867 565.98508724197745 75.188676476478577
leaf_count=7716 445 25032 7898 21857 1843 10747 2048 18477 359 212 8716 17531 7559 748
internal_value=-1.14594e-05 0.000477868 -0.00386653 0.00137342 -0.000910212 0.0031529 0.00571583 -0.00171735 -0.00060926 0.0184804 -0.00190861 4.00459e-05 -0.0120504 -0.00781705
internal_weight=13241.1 12468.8 2125.37 10343.5 4532.16 5811.31 3182.6 4293.37 1527.96 88.9475 1439.01 2628.71 597.403 772.275
internal_count=131188 122724 25189 97535 42177 55358 27080 40334 17185 571 16614 28278 8004 8464
is_linear=0
shrinkage=0.035


Tree=64
num_leaves=15
num_cat=0
split_feature=22 25 8 16 19 11 15 3 24 7 15 28 15 25
split_gain=41.7329 48.5381 45.8725 39.087 33.078 39.3832 27.8802 32.4045 27.8763 36.641 30.5634 26.8996 25.6621 26.519
threshold=0.3397038877010346 1.4450000000000001 -0.22893909364938733 1.2888126969337466 0.24914890527725223 0.16644513607025149 22.465462684631351 0.30129462480545049 0.028544961474835876 -0.097591128200292573 23.677119255065922 1.0000000180025095e-35 21.896074295043949 4.7400000000000011
decision_type=2 2 2 2 2 2 2 2 2 2 2 2 2 2
left_child=1 4 11 8 6 -6 7 -1 9 -3 -10 -2 13 -5
right_child=2 3 -4 12 5 -7 -8 -9 10 -11 -12 -13 -14 -15
leaf_value=-0.0042506816568196569 -0.0044916424290067274 0.015194241810885269 0.00099683054590377854 0.0091386811018175518 0.047181192503815507 0.0030875478160372481 -0.013853963482341218 0.020357552156164693 0.002275359912487528 8.1672044214491182e-06 0.012927045741977129 -0.01732639159673784 -0.0056038737853634614 -0.0033859593546840179
leaf_weight=1038.5108979046345 2557.3327305279672 589.21811063587666 2521.8567604199052 408.51427786797285 18.852334152907133 190.06512961536646 362.2603822350502 60.061759680509567 3345.7975864224136 288.27655109018087 357.18167812749743 209.10856091603637 888.59970788285136 402.11082030087709
leaf_count=14241 31501 3982 26116 3087 104 1902 4680 632 25684 2141 2447 3478 7417 3776
internal_value=-9.81235e-06 0.00159233 -0.00241664 0.0030022 -0.00369631 0.00903993 -0.00556683 -0.00273379 0.00468129 0.0102616 0.00333485 -0.0055207 -0.00152488 0.00296028
internal_weight=13237.7 7949.45 5288.3 6279.7 1669.75 208.917 1460.83 1098.57 4580.47 877.495 3702.98 2766.44 1699.22 810.625
internal_count=131188 70093 61095 48534 21559 2006 19553 14873 34254 6123 28131 34979 14280 6863
is_linear=0
shrinkage=0.035


Tree=65
num_leaves=15
num_cat=0
split_feature=6 22 30 5 14 22 9 26 26 14 6 11 11 29
split_gain=39.4333 43.5941 39.8933 43.1552 37.4398 32.2065 31.0903 34.9662 21.8047 19.6429 19.1968 17.9717 16.9783 15.8841
threshold=0.21036731451749804 0.39354364573955541 -0.24999999999999975 -0.10761930048465727 0.31034220755100256 0.18733153492212298 0.9440138339996339 -1.2850000000000001 -0.83499999999999985 1.9720126986503603 -0.30644971132278437 0.1876151189208031 0.63393574953079235 3.4500000000000006
decision_type=2 2 2 2 2 2 2 2 2 2 2 2 2 2
left_child=1 2 -1 10 -5 9 7 -7 13 12 -4 -9 -2 -3
right_child=5 8 3 4 -6 6 -8 11 -10 -11 -12 -13 -14 -15
leaf_value=-0.0073804484908076987 0.024449106326298344 -0.0021044417748324706 0.010979995021816657 -0.0075879884836879425 0.00055944540101904045 -0.0052481603356627372 -0.004779627275432778 -0.0057562375258201261 0.00039077168120390588 -0.0029433556066509664 0.0032159046194278982 0.010112505826769641 -0.0047031695924654986 -0.010036268202620468
leaf_weight=765.73677237331867 174.33769830316305 449.60859983786941 563.71226536110044 773.93990030884743 5814.574095800519 277.17287626117468 476.84574733301997 90.187908817082644 570.2160352319479 50.977129973471165 1262.1005242280662 911.31318792328238 24.855543158948421 1027.6808200590312
leaf_count=11546 1067 6531 4305 7809 52829 2359 4610 783 5793 385 10456 7436 175 15104
internal_value=-8.3369e-06 -0.000816894 0.000214909 0.000914057 -0.000407667 0.00449945 0.00277879 0.00561271 -0.00542158 0.0160029 0.00565979 0.0086407 0.0207605 -0.00765262
internal_weight=13233.3 11227.6 9180.06 8414.33 6588.51 2005.69 1755.52 1278.67 2047.51 250.17 1825.81 1001.5 199.193 1477.29
internal_count=131188 114373 86945 75399 60638 16815 15188 10578 27428 1627 14761 8219 1242 21635
is_linear=0
shrinkage=0.035


Tree=66
num_leaves=15
num_cat=0
split_feature=3 6 28 25 3 10 22 10 11 14 17 2 28 26
split_gain=38.1221 39.6519 39.9151 39.4313 34.9099 29.0745 27.8779 26.2564 25.707 24.6025 22.6903 23.7302 38.6849 38.3555
threshold=-0.093824993818998323 -0.264771819114685 -0.20349242140922372 4.2150000000000007 -0.49180048704147333 0.44277469813823706 0.18286002427339557 0.71925216913223278 0.57373544573783886 0.21992009133100512 0.074814073741436019 0.20211029052734378 -0.40673658347942782 -1.3799999999999999
decision_type=2 2 2 2 2 2 2 2 2 2 8 2 2 2
left_child=1 4 3 -3 8 -4 -7 -6 -1 -2 11 12 -11 -13
right_child=9 2 5 -5 7 6 -8 -9 -10 10 -12 13 -14 -15
leaf_value=-0.0076281907170659352 -0.0052509647113828046 0.0021450731804909581 -0.012927657439406394 -0.0052434692312629096 0.011673081179301676 0.0032631062952292763 -0.0097434555927470457 -0.0059938293645534005 0.013607010747717188 0.0046547182492776007 -0.0031526142906552908 -0.0046838080569523519 -0.0023967703756698835 0.0087678253534607172
leaf_weight=368.39759108051658 554.60763728991151 1904.5781021490693 746.94807247817516 1636.1632641516626 584.72659495472908 395.47448182851076 394.50622109696269 118.13358317688107 76.10587814822793 2183.0374757945538 790.76521191000938 307.30519614368677 1677.1556416302919 1491.7635311707854
leaf_count=3430 5744 16024 10516 20966 5291 4543 5534 1115 710 18598 7138 2721 17012 11846
internal_value=-8.53466e-06 -0.00199983 -0.00332735 -0.0012743 0.0038531 -0.00801831 -0.00327281 0.00866128 -0.00377301 0.00176146 0.00237162 0.00314772 0.00159275 0.00645692
internal_weight=13229.7 6225.03 5077.67 3540.74 1147.36 1536.93 789.981 702.86 444.503 7004.63 6450.03 5659.26 3860.19 1799.07
internal_count=131188 68129 57583 36990 10546 20593 10077 6406 4140 63059 57315 50177 35610 14567
is_linear=0
shrinkage=0.035


Tree=67
num_leaves=15
num_cat=0
split_feature=22 4 25 16 31 19 11 14 11 15 3 24 15 15
split_gain=37.5158 42.7401 42.1676 35.4444 31.3328 29.7045 36.8639 27.9487 27.2628 25.8695 54.2149 25.3544 24.6841 24.4342
threshold=0.3397038877010346 0.047826813533902175 1.4450000000000001 1.2888126969337466 0.0088706853385821533 0.24914890527725223 0.16644513607025149 0.28817580640316015 0.20500267297029498 23.185171127319339 0.23175679147243503 0.028544961474835876 22.465462684631351 21.176095962524418
decision_type=2 2 2 2 2 2 2 2 2 2 2 2 2 2
left_child=2 7 5 9 -3 8 -7 -2 -1 11 -11 -4 -10 -5
right_child=1 4 3 13 -6 6 -8 -9 12 10 -12 -13 -14 -15
leaf_value=-0.022004627821873624 -0.011369557425498226 -0.0010109705700749902 0.0089489246591064123 0.0052490243422616484 0.010055019318538024 0.045284109458728801 0.0028304400893741123 -0.0029158040205722498 -0.00112018175308028 0.0010028097991567509 0.02039027235055807 0.0018707691852699526 -0.012076175762561708 -0.0040796164752800257
leaf_weight=100.29793146252632 550.76058387756348 835.95678288862109 765.36747667193413 466.2638196721673 489.92897754535079 19.136359952390194 190.92886634916067 3393.6409491933882 1021.5313281789422 359.80375116690993 339.26154670864344 3136.6289930567145 325.4458126835525 1231.4228716865182
leaf_count=1686 7528 9463 5328 3999 4539 104 1902 39565 13715 2739 2083 24104 4152 10281
internal_value=-9.11402e-06 -0.00229692 0.00150736 0.00281404 0.00312269 -0.00344581 0.00857987 -0.00412198 -0.00523818 0.0044063 0.0105666 0.00327846 -0.00383677 -0.0015018
internal_weight=13226.4 5270.29 7956.09 6298.75 1325.89 1657.34 210.065 3944.4 1447.28 4601.06 699.065 3902 1346.98 1697.69
internal_count=131188 61095 70093 48534 14002 21559 2006 47093 19553 34254 4822 29432 17867 14280
is_linear=0
shrinkage=0.035


Tree=68
num_leaves=15
num_cat=0
split_feature=14 0 8 19 6 10 25 22 22 16 10 3 29 8
split_gain=35.8521 38.3174 50.9199 29.864 32.7989 27.2366 26.2035 25.405 25.3445 21.58 21.5291 29.392 26.2648 19.5163
threshold=0.3518767803907395 -0.054636245593428605 -0.25949512422084803 -0.15715781599283216 0.16605263948440555 0.28730794787406927 0.55000000000000016 0.28411240875720983 0.30864126980304724 1.9489623904228213 0.74231791496276867 0.75976115465164196 3.7500000000000004 -0.31186003983020777
decision_type=2 2 2 2 2 2 2 2 2 2 2 2 2 2
left_child=3 6 5 -1 8 13 -2 -8 -5 -7 11 -4 -12 -3
right_child=1 2 10 4 -6 9 7 -9 -10 -11 12 -13 -14 -15
leaf_value=0.0037954179377836955 -0.0060917693372880746 -0.019900868834770182 0.0022647433337179669 -0.0044684359598077174 0.005581111229759534 -0.0013278253945387206 0.0079976358949136982 0.0014509631923282614 -0.013921345339374936 -0.0088276179423353134 9.8641311068840411e-05 0.014827502309238958 -0.016323730137526339 -0.0015762522864596923
leaf_weight=456.4665536954999 278.00409518182278 193.20680014416575 3375.792614877224 914.38476384431124 241.36713411286473 2705.1483715027571 1578.9046215191483 1347.0960269533098 565.89712123945355 560.17985288053751 512.43522717803717 235.32792542874813 145.45448634400964 112.42770807817578
leaf_count=4709 4154 2803 32441 8643 2230 27082 11854 14372 7694 6094 4763 1540 1250 1559
internal_value=-8.19253e-06 0.00080207 -0.000516696 -0.00410146 -0.00620502 -0.00359555 0.00402057 0.00499883 -0.00815136 -0.00263747 0.0020611 0.00312211 -0.00372227 -0.0134237
internal_weight=13222.1 11044 7839.97 2178.12 1721.65 3570.96 3204 2926 1480.28 3265.33 4269.01 3611.12 657.89 305.635
internal_count=131188 107912 77532 23276 18567 37538 30380 26226 16337 33176 39994 33981 6013 4362
is_linear=0
shrinkage=0.035


Tree=69
num_leaves=15
num_cat=0
split_feature=22 25 28 17 5 2 26 28 14 10 16 11 3 31
split_gain=34.6379 34.5426 33.13 30.6924 28.4501 36.5301 40.4941 27.7543 26.9517 25.4811 22.365 19.0546 18.9316 18.4652
threshold=0.35781356692314154 0.55000000000000016 1.0000000180025095e-35 0.025454134680330757 -0.10761930048465727 0.20211029052734378 -1.3799999999999999 -0.20349242140922372 0.7557053565979005 0.92401519417762767 1.1003528833389284 0.36772757768630987 -0.25635464489459986 0.0028411853832293059
decision_type=2 2 2 10 2 2 2 2 2 2 2 2 2 2
left_child=1 10 3 13 -3 7 -7 -6 -5 -10 -1 12 -12 -2
right_child=2 4 -4 8 5 6 -8 -9 9 -11 11 -13 -14 -15
leaf_value=-0.0099544567620369773 0.0026531040180797971 0.005773180171816784 -0.011974379321434438 -0.0038485835753192888 0.001287398984208255 -0.0058810791628141458 0.0089289005867719106 -0.0040660471323668724 0.0037253760753316986 -0.011855171017470854 -0.0047671525084713321 -0.008532495092216057 0.021513507711302247 -0.013865681609285127
leaf_weight=515.29327692836523 104.30288613215089 1762.932764198631 411.04197896644473 1498.3080177381635 3451.0562348328531 277.93848347663879 1078.9399061277509 1795.2362068928778 1632.279701076448 129.81293714419007 49.576579134911299 89.427655775099993 77.278398472815752 346.1294237151742
leaf_count=7682 1372 13658 6212 18356 27509 2402 7643 18947 17927 1474 804 1262 1039 4901
internal_value=-9.35115e-06 0.00119646 -0.00266724 -0.00160689 0.00183626 0.000778028 0.00587444 -0.000548755 -0.000411034 0.00251714 -0.00604621 0.00329361 0.0116448 -0.010066
internal_weight=13219.6 9097.68 4121.87 3710.83 8366.1 6603.17 1356.88 5246.29 3260.4 1762.09 731.576 216.283 126.855 450.432
internal_count=131188 80946 50242 44030 70159 56501 10045 46456 37757 19401 10787 3105 1843 6273
is_linear=0
shrinkage=0.035


Tree=70
num_leaves=15
num_cat=0
split_feature=14 10 34 24 17 10 22 28 10 3 3 17 25 16
split_gain=34.3141 33.4794 41.2565 33.6099 48.8233 31.9575 43.0385 31.032 45.4653 30.5433 29.7669 41.2673 26.3144 24.8676
threshold=0.19513657689094546 0.32223080098629003 -0.026535316142143547 0.028159140609204773 0.025454134680330757 0.53824713826179515 0.27970407903194433 -0.40673658347942782 0.43507897853851324 1.9270285964012148 0.17405603080987933 0.018683446571230892 0.55000000000000016 2.3746869564056401
decision_type=2 2 2 2 10 2 2 2 2 2 2 8 2 2
left_child=-1 2 10 4 -4 7 12 13 -9 -8 -2 -12 -7 -3
right_child=1 5 3 -5 -6 6 9 8 -10 -11 11 -13 -14 -15
leaf_value=-0.0071902082673091592 -0.00065062706332804743 0.0057301394188885866 -0.012082679138014042 -0.01275848931272942 0.0097450594466749526 -0.0081017570205989126 -0.005182933897994498 -0.0046387435422321844 0.0048263195974115108 0.010459253674772939 0.052119418284586966 0.0059103856591145275 0.0040751403600125307 -0.010129048751412037
leaf_weight=758.08592927083373 797.24866571649909 3239.1656378470361 231.73301917314529 696.64621751382947 251.18537674844265 236.28093444928527 2258.1642466858029 1263.3167135417461 1204.7903983928263 154.77466440573335 21.706745199859142 106.57885150238872 1879.5133329406381 116.94166898727417
leaf_count=8464 8871 28199 2847 9875 2653 3201 23387 13804 12213 1302 131 812 14287 1142
internal_value=-1.03172e-05 0.000432004 -0.00358135 -0.0078947 -0.000761821 0.00125072 -0.000953482 0.00296334 -1.76033e-05 -0.00414056 0.00194151 0.0169328 0.00268357 0.00514909
internal_weight=13216.1 12458 2105.1 1179.56 482.918 10352.9 4528.73 5824.21 2468.11 2412.94 925.534 128.286 2115.79 3356.11
internal_count=131188 122724 25189 15375 5500 97535 42177 55358 26017 24689 9814 943 17488 29341
is_linear=0
shrinkage=0.035


Tree=71
num_leaves=15
num_cat=0
split_feature=3 6 28 26 3 10 22 11 10 8 5 20 14 5
split_gain=33.2554 34.2849 34.6829 34.6466 31.6877 26.9083 26.0585 24.2522 23.6972 21.2477 27.8542 20.5694 21.573 20.6717
threshold=-0.093824993818998323 -0.264771819114685 -0.20349242140922372 -0.83499999999999985 -0.49180048704147333 0.44277469813823706 0.18286002427339557 0.57373544573783886 0.78960132598876964 -0.38770240545272822 -0.13266260176897046 0.037173081189394004 0.21992009133100512 -0.022106379270553585
decision_type=2 2 2 2 2 2 2 2 2 2 2 2 2 2
left_child=1 4 3 -3 7 -4 -7 -1 -6 10 -2 12 -11 -14
right_child=9 2 5 -5 8 6 -8 -9 -10 11 -12 -13 13 -15
leaf_value=-0.0075069047897253815 0.0029257249240373282 -0.005134521064138909 -0.012319782178980604 0.0018353746054556917 0.0104837411681635 0.0033385573895139964 -0.009286767697371098 0.013056252699924133 -0.0082811617914622174 -0.0076856069844215757 -0.0078119918883672044 0.006363462425807969 0.0053282808012844107 0.00022313594312879724
leaf_weight=366.92241788655519 562.98755764961243 1541.3749082759023 731.05219796299934 1991.5174662768841 622.19206125289202 394.54032138362527 388.73362968862057 76.845743793994188 87.23769748583436 290.58550373092294 604.65602475777268 1301.760095089674 1489.3044192194939 2763.2686550244689
leaf_count=3430 5035 19529 10516 17461 5575 4543 5534 710 831 3222 6106 10485 13646 24565
internal_value=-9.66067e-06 -0.00187542 -0.00311911 -0.00121145 0.00354785 -0.00753249 -0.00296539 -0.0037368 0.00809321 0.00164034 -0.00265385 0.00250126 0.00138307 0.00201933
internal_weight=13213 6200.42 5047.22 3532.89 1153.2 1514.33 783.274 443.768 709.43 7012.56 1167.64 5844.92 4543.16 4252.57
internal_count=131188 68129 57583 36990 10546 20593 10077 4140 6406 63059 11141 51918 41433 38211
is_linear=0
shrinkage=0.035


Tree=72
num_leaves=15
num_cat=0
split_feature=6 22 28 10 15 34 9 10 26 15 22 22 24 26
split_gain=32.5957 38.1982 35.3182 38.998 40.6959 37.2224 33.0189 30.0202 32.5485 23.9097 28.0782 23.5658 21.1384 21.0961
threshold=0.23879923671483996 0.39354364573955541 -0.40673658347942782 0.41306242346763616 20.960259437561039 -0.023314336221800954 0.4882615208625794 1.1225485205650332 -1.1900000000000002 25.327908515930179 0.17717885971069339 0.18733153492212298 0.027712903916835788 -0.83499999999999985
decision_type=2 2 2 2 2 2 2 2 2 2 2 2 2 2
left_child=1 2 6 5 -5 -4 11 8 -2 10 -10 -1 -9 -3
right_child=7 13 3 4 -6 -7 -8 12 9 -11 -12 -13 -14 -15
leaf_value=0.011070826171547438 -0.0022705938900858215 -0.007115957465185307 0.0019470632970187997 0.007016565262447122 -0.0021442710962030279 -0.0099700193586759016 -0.0014365501379373306 0.017349744802594148 0.023131505092304647 0.029147591077832442 0.0056561396676055482 0.0030820299644869417 -0.011170317427220414 0.00066824869653522769
leaf_weight=545.99441261589527 408.34777380153537 1515.4940431304276 450.57338435947895 810.6295972391963 2141.6561610735953 1082.7136685289443 1788.8319502323866 28.235035561025143 120.1075876429677 60.476794362068176 952.07324229553342 2511.6200345717371 203.81281339749694 589.75659108906984
leaf_count=3687 3662 22340 4244 8404 21846 13862 14602 217 735 459 7709 21543 1931 5947
internal_value=-1.01698e-05 -0.000695799 0.000266492 -0.00196935 0.000386278 -0.00647813 0.00233564 0.00439165 0.00616087 0.00919386 0.00780942 0.00454002 -0.00712664 -0.00494247
internal_weight=13210.3 11437.3 9332.02 4485.57 2952.29 1533.29 4846.45 1773.05 1541.01 1132.66 1072.18 3057.61 232.048 2105.25
internal_count=131188 116475 88188 48356 30250 18106 39832 14713 12565 8903 8444 25230 2148 28287
is_linear=0
shrinkage=0.035


Tree=73
num_leaves=15
num_cat=0
split_feature=3 6 32 3 17 8 16 33 17 2 26 28 17 22
split_gain=30.4873 31.787 32.9829 29.438 28.3698 23.8359 22.22 23.0907 19.8048 25.5797 29.6164 29.6084 37.8608 24.0762
threshold=-0.093824993818998323 -0.264771819114685 0.019536802125425305 -0.49180048704147333 0.022048955783247951 -0.49808794260025019 0.44910728931427008 -0.0036754678384726121 0.074814073741436019 0.20211029052734378 -1.3799999999999999 -0.40673658347942782 0.053243666887283332 0.35781356692314154
decision_type=2 2 2 2 10 2 2 2 8 2 2 2 8 2
left_child=1 3 -3 -1 -4 -6 -5 -8 9 11 -11 12 -2 -12
right_child=8 2 4 6 5 -7 7 -9 -10 10 13 -13 -14 -15
leaf_value=-0.003626669693939022 0.0051823715952916535 -0.011050949295169928 -0.012995791817042066 -0.0063998423674745432 -0.0077876854627885097 -0.00023082382408153607 0.014972177633560669 0.00037148549657143351 -0.0034673611284643194 -0.0039262673664398028 0.011477551720634332 -0.0026989198323497591 -0.0063593449284278939 0.0029355554847315091
leaf_weight=442.57439588010311 2026.2447544261813 545.30755695328116 260.25822182744741 107.96326656267047 584.99587887898088 3640.1468125879765 410.89306287840009 194.53110505267978 833.43816288933158 329.93774116784334 858.31788850203156 1787.3003702312708 411.10049412027001 773.30620880052447
leaf_count=4140 17405 9614 3568 986 5930 38471 3336 2084 7584 2977 5723 18498 3452 7420
internal_value=-8.58028e-06 -0.00179834 -0.00300059 0.00341468 -0.00199947 -0.00129303 0.00777276 0.010363 0.00156911 0.00225215 0.00554429 0.000714082 0.00321763 0.00747163
internal_weight=13206.3 6186.67 5030.71 1155.96 4485.4 4225.14 713.387 605.424 7019.65 6186.21 1961.56 4224.65 2437.35 1631.62
internal_count=131188 68129 57583 10546 47969 44401 6406 5420 63059 55475 16120 39355 20857 13143
is_linear=0
shrinkage=0.035


Tree=74
num_leaves=15
num_cat=0
split_feature=14 0 8 19 2 10 15 29 21 33 10 15 29 15
split_gain=32.0341 34.4024 44.7519 29.3586 27.6457 24.5059 43.3126 26.6822 24.4547 19.8335 19.3775 28.0704 24.5671 17.4898
threshold=0.3937548696994782 -0.060207501053810113 -0.25949512422084803 -0.15715781599283216 0.20211029052734378 0.38431294262409216 23.082156181335453 3.6500000000000008 -0.015407797880470751 1.0000000180025095e-35 0.74231791496276867 23.677119255065922 3.7500000000000004 21.577282905578617
decision_type=2 2 2 2 2 2 2 2 2 2 2 2 2 2
left_child=3 9 5 -1 8 7 -7 -3 13 -2 11 -4 -12 -5
right_child=1 2 10 4 -6 6 -8 -9 -10 -11 12 -13 -14 -15
leaf_value=0.0036036178456819315 0.0060357027259649509 -0.01430373886212021 0.0017394534503059455 -0.00027504653061280666 0.002266528284611863 0.0008088634750986857 -0.011052341247313474 -0.0028807245344475286 -0.012722472403354369 -0.00029203693916199873 0.00016633992530466329 0.010377538387111807 -0.016055015638805219 -0.010082612798272517
leaf_weight=555.59534976258874 1990.9227715283632 434.42990396916866 3068.271155577153 604.63813968747854 444.41903036087751 2023.7227412760258 453.19610799849033 589.01588892564178 652.58031038939953 869.6111334040761 501.96628034114838 533.69094743207097 138.0430556833744 343.19047402963042
leaf_count=5645 17585 5846 29108 5719 4447 19915 4659 6636 8499 9374 4673 4681 1203 3198
internal_value=-9.35073e-06 0.000845021 -0.000367889 -0.00348283 -0.00541644 -0.00329225 -0.00139707 -0.00782103 -0.00755075 0.00411773 0.00204729 0.00304452 -0.0035256 -0.00389437
internal_weight=13203.3 10602.9 7742.34 2600.42 2044.83 3500.36 2476.92 1023.45 1600.41 2860.53 4241.97 3601.96 640.009 947.829
internal_count=131188 103680 76721 27508 21863 37056 24574 12482 17416 26959 39665 33789 5876 8917
is_linear=0
shrinkage=0.035


Tree=75
num_leaves=15
num_cat=0
split_feature=14 10 34 19 10 3 33 22 24 3 10 3 15 17
split_gain=30.3618 29.525 34.8884 31.7994 27.8234 31.7796 29.4773 27.7675 26.1362 25.5356 40.6389 25.3333 23.1654 22.0285
threshold=0.19513657689094546 0.31429205834865576 -0.026535316142143547 0.22401621192693713 0.74231791496276867 1.9270285964012148 -0.067435648233345621 0.18286002427339557 0.02906045783311129 0.10284244641661645 0.17670542001724246 -0.46316319704055781 24.013175964355472 0.025454134680330757
decision_type=2 2 2 2 2 2 2 2 2 2 2 2 2 10
left_child=-1 2 9 13 6 -6 11 -8 -7 12 -11 -3 -2 -4
right_child=1 4 3 -5 5 8 7 -9 -10 10 -12 -13 -14 -15
leaf_value=-0.0068026975023711325 -0.0034928244579424113 -0.0042378725841024185 -0.014354985480045946 0.01749145653802844 -0.0040383666421088642 0.033999025344758009 0.003552958283349875 -0.0025521996526946581 0.0035489400769441234 0.047304294489497606 0.0051213852539640182 0.0046686349527955522 0.020879513910423107 -0.0039466040855271316
leaf_weight=749.89231526851654 609.1288345605135 422.8962110877037 499.25329531729221 48.752515308558941 1802.3176973685622 35.637830577790737 1449.4393531829119 2425.7247860617936 154.01857234910131 24.480582982301712 165.97997609898448 4264.3163503780961 41.819271065294743 508.09535339847207
leaf_count=8464 7161 3621 7147 323 17773 278 14178 27025 1174 141 1286 35578 398 6641
internal_value=-1.06293e-05 0.000403542 -0.00360448 -0.00781105 0.00112685 -0.00258998 0.00199356 -0.000265402 0.010687 0.00170517 0.0126326 0.00385775 -0.00163484 -0.00919551
internal_weight=13201.8 12451.9 1897.51 1056.1 10554.4 1991.97 8562.38 3875.16 189.656 841.409 190.461 4687.21 650.948 1007.35
internal_count=131188 122724 23097 14111 99627 19225 80402 41203 1452 8986 1427 39199 7559 13788
is_linear=0
shrinkage=0.035


Tree=76
num_leaves=15
num_cat=0
split_feature=14 0 8 19 2 21 10 15 25 16 8 10 3 15
split_gain=28.915 31.8428 39.3277 27.4498 26.0799 23.1815 22.3329 23.8993 20.2088 19.4517 18.7478 17.097 24.9746 16.4638
threshold=0.3937548696994782 -0.054636245593428605 -0.25949512422084803 -0.15715781599283216 0.20211029052734378 -0.015407797880470751 0.28730794787406927 23.082156181335453 0.26500000000000007 0.44910728931427008 -0.31186003983020777 0.63568374514579784 0.62993767857551586 21.577282905578617
decision_type=2 2 2 2 2 2 2 2 2 2 2 2 2 2
left_child=3 8 6 -1 5 13 10 -8 -2 -10 -3 12 -4 -5
right_child=1 2 11 4 -6 -7 7 -9 9 -11 -12 -13 -14 -15
leaf_value=0.0035248158358754489 -0.0090207191892461812 -0.018941774201835942 0.0021793835811652566 -0.00022081976138707226 0.0022583728603959739 -0.012356971202856202 -0.00096731718791698317 -0.0092868358517858868 -0.006189434736740166 0.0052213989677238198 -0.00056573538625500817 -0.0022022048432150426 0.013656396653833955 -0.0097636076614149719
leaf_weight=556.4282772988081 133.84344809502363 180.80403430387378 2976.7682089842856 603.87397985160351 444.41442435234785 644.68676029145718 2617.3388494998217 495.24797283858061 188.01328939571977 2699.0687888041139 106.66178286075592 968.02358880639076 242.69179136306047 340.17363597080112
leaf_count=5645 2121 2746 28838 5719 4447 8499 26620 5208 1631 24731 1526 8678 1581 3198
internal_value=-8.11067e-06 0.000801862 -0.000409005 -0.00331657 -0.00519699 -0.00728355 -0.00320048 -0.00231655 0.00383446 0.0044595 -0.0123717 0.00185977 0.00308416 -0.00372572
internal_weight=13198 10608.5 7587.54 2589.58 2033.15 1588.73 3400.05 3112.59 3020.93 2887.08 287.466 4187.48 3219.46 944.048
internal_count=131188 103680 75197 27508 21863 17416 36100 31828 28483 26362 4272 39097 30419 8917
is_linear=0
shrinkage=0.035


Tree=77
num_leaves=15
num_cat=0
split_feature=22 30 5 6 26 28 28 16 10 2 11 10 11 15
split_gain=28.4269 29.5814 24.1503 28.9284 33.6338 32.5668 21.7546 20.1357 19.0312 18.9768 22.5539 22.1177 18.8564 17.045
threshold=0.39354364573955541 -0.24999999999999975 -0.10761930048465727 0.069091804325580611 -1.1900000000000002 -0.40673658347942782 1.0000000180025095e-35 1.0523283481597903 0.42040842771530157 0.50680273771286022 0.48898662626743322 0.63568374514579784 0.36772757768630987 21.764852523803714
decision_type=2 2 2 2 2 2 2 2 2 2 2 2 2 2
left_child=1 7 13 5 -5 -4 9 8 -1 11 -11 -2 -9 -3
right_child=6 2 3 4 -6 -7 -8 12 -10 10 -12 -13 -14 -15
leaf_value=-0.01887092654440839 -0.0016001518124670099 0.0075012738281159856 0.0014680397902249274 -0.0030078884489548796 0.0061705751912905426 -0.004031659312700487 -0.011617982813852179 0.0083876762582890899 -0.0047090957098744682 0.0092810294754284654 -0.011652865610201377 -0.010984768525174644 -0.0092768653633953611 0.00068424131034316852
leaf_weight=170.54125689342618 1648.1485153697431 1165.1949486471713 2994.0930320546031 668.08129010349512 1764.9867716133595 2342.2817385047674 320.68262027204037 185.88593128323555 354.43084298446774 302.19643840566278 69.92605347186327 369.6497988216579 109.24519445002079 730.93246536701918
leaf_count=2946 20808 9298 25016 5940 13384 25295 4941 2708 5016 2829 800 4891 1562 5754
internal_value=-9.36187e-06 0.000817075 0.00136034 0.000493561 0.00364832 -0.000948955 -0.00319759 -0.00552499 -0.00957643 -0.00202403 0.00514531 -0.00336506 0.00175926 0.00489077
internal_weight=13196.3 10485.7 9665.57 7769.44 2433.07 5336.37 2710.6 820.103 524.972 2389.92 372.122 2017.8 295.131 1896.13
internal_count=131188 96919 84687 69635 19324 50311 34269 12232 7962 29328 3629 25699 4270 15052
is_linear=0
shrinkage=0.035


Tree=78
num_leaves=15
num_cat=0
split_feature=6 22 28 17 10 15 34 22 10 26 2 22 17 10
split_gain=27.2866 32.6685 29.5483 48.652 35.5097 36.8785 34.4679 26.3858 26.6331 22.335 21.6482 20.9262 20.5841 21.4977
threshold=0.23879923671483996 0.39354364573955541 -0.40673658347942782 0.054384171962738044 0.41306242346763616 20.960259437561039 -0.023314336221800954 0.19535173475742343 1.1225485205650332 -1.2850000000000001 0.58984988927841198 0.2409842982888222 0.022048955783247951 0.49864971637725836
decision_type=2 2 2 10 2 2 2 2 2 2 2 2 10 2
left_child=1 2 3 11 6 -6 -4 -2 9 -9 -11 -1 -3 -14
right_child=7 12 4 -5 5 -7 -8 8 -10 10 -12 -13 13 -15
leaf_value=0.0069174989924724248 0.01430635877185934 -0.015535407520266544 0.0019572161586929207 -0.0042543521257359532 0.0067238007251291835 -0.0019867841051855423 -0.0095382003163101865 -0.0043061039010830453 -0.010093807729554935 0.0016556111396100128 0.011729335307557234 0.0016575920986941909 -0.00075835274601023894 -0.0085639784822152381
leaf_weight=1689.1070780828595 250.66238825768232 182.12153877690434 449.97585071250796 1116.5714650899172 814.60873428359628 2132.4560031294823 1067.4245416522026 304.67556563019753 179.16069174557924 567.15547267347574 480.8340079523623 2056.4991959817708 1249.4307009875774 652.63406372815371
leaf_count=11490 1567 2916 4244 9426 8404 21846 13862 2685 1790 4746 3925 18916 16466 8905
internal_value=-1.05631e-05 -0.000640665 0.000246089 0.00213173 -0.0018077 0.000435536 -0.00613881 0.00400418 0.00223652 0.00393176 0.00634477 0.00404169 -0.00459107 -0.00346739
internal_weight=13193.3 11410.8 9326.64 4862.18 4464.47 2947.06 1517.4 1782.49 1531.83 1352.67 1047.99 3745.61 2084.19 1902.06
internal_count=131188 116475 88188 39832 48356 30250 18106 14713 13146 11356 8671 30406 28287 25371
is_linear=0
shrinkage=0.035


Tree=79
num_leaves=15
num_cat=0
split_feature=14 17 28 16 33 28 21 15 34 10 17 12 30 11
split_gain=27.4936 26.5805 48.9531 26.0358 26.9054 32.5899 25.6543 22.8479 21.1954 19.6622 19.4498 18.9937 23.4545 24.6779
threshold=0.19513657689094546 0.025454134680330757 -1.8296610773469666 2.5000044107437138 -0.067435648233345621 -1.1401333311752746 -0.059047469869256013 20.810315132141117 -0.026535316142143547 0.39876851439476019 0.061225941404700286 0.56654202938079845 1.0000000180025095e-35 0.57373544573783886
decision_type=2 10 2 2 2 2 2 2 2 2 10 2 2 2
left_child=11 2 7 4 5 -3 -6 -2 -4 -10 -5 12 -1 -14
right_child=1 3 8 10 6 -7 -8 -9 9 -11 -12 -13 13 -15
leaf_value=-0.008403057714990142 -0.0072571989687209388 -0.00024406839589600487 -0.00064361941322785634 -0.015661135500701411 0.0024428193142534407 0.0051107848181978568 -0.0027081062921235359 0.026826175064903462 -0.012181225629524502 0.0075023177878475889 -0.0017980165050659319 -0.011220244778323797 0.0009086857082671202 0.031768862427000853
leaf_weight=173.10998167470098 28.625411815941334 2346.6884806863964 455.93637518212199 176.27434663102031 1996.6810170672834 3410.1189239099622 2881.6359554231167 74.824609003961086 633.4389622695744 62.166378013789654 379.98257575929165 427.92566012591124 106.95538570731878 35.514994133263826
leaf_count=2308 294 25527 4772 1985 19133 23783 33132 656 8702 671 4069 4819 1047 290
internal_value=-1.09306e-05 0.000381796 -0.00442781 0.000924613 0.00131285 0.00293131 -0.000599163 0.0175867 -0.00653988 -0.0103407 -0.00639014 -0.00650304 4.16227e-05 0.0101806
internal_weight=13189.9 12446.4 1254.99 11191.4 10635.1 5756.81 4878.32 103.45 1151.54 695.605 556.257 743.506 315.58 142.47
internal_count=131188 122724 15095 107629 101575 49310 52265 950 14145 9373 6054 8464 3645 1337
is_linear=0
shrinkage=0.035


Tree=80
num_leaves=15
num_cat=0
split_feature=14 0 8 10 15 28 10 15 29 22 2 16 10 26
split_gain=26.2642 29.3832 32.9754 25.3316 30.5693 29.6853 23.9206 36.6932 30.6665 23.345 22.256 21.74 21.9435 23.9596
threshold=0.3937548696994782 -0.039339454844593995 -0.25949512422084803 0.43507897853851324 21.699171066284183 -0.10326313031254751 0.38431294262409216 23.082156181335453 3.6500000000000008 0.3397038877010346 0.22438343614339831 0.44910728931427008 0.32223080098629003 -1.4349999999999998
decision_type=2 2 2 2 2 2 2 2 2 2 2 2 2 2
left_child=3 11 6 -1 9 10 8 -8 -3 -5 -6 -2 13 -13
right_child=1 2 -4 4 5 -7 7 -9 -10 -11 -12 12 -14 -15
leaf_value=-0.010083376142549075 -0.0070565037802415983 -0.016071590939780795 0.00157335100209043 0.0056037313508127884 -0.007112308954525479 -0.016283723779696904 0.00082354097581359626 -0.010570350550305651 -0.0026506614281055336 -0.0050500064457435117 0.0059799948173169604 0.013416145551062304 0.0054005955158558036 -0.0053632361054793097
leaf_weight=509.55584741011262 219.89900652691722 345.26133300736547 3990.1067093275487 805.68099831789732 414.88274408131838 247.85603765025735 1840.741837605834 416.12303363159299 516.98393530771136 355.559869941324 244.96110544726253 90.760378692299128 2715.9763510785997 472.52218848466873
leaf_count=6021 2031 4811 37189 7263 4154 2889 18155 4369 5840 4815 2366 1056 24363 5866
internal_value=-1.05818e-05 0.000760054 -0.000532784 -0.0031718 -0.00142924 -0.00620692 -0.00322347 -0.00131464 -0.00814733 0.0023264 -0.00223519 0.00338074 0.00409996 -0.00215612
internal_weight=13186.9 10608.4 7109.22 2578.5 2068.94 907.7 3119.11 2256.86 862.245 1161.24 659.844 3499.16 3279.26 563.283
internal_count=131188 103680 70364 27508 21487 9409 33175 22524 10651 12078 6520 33316 31285 6922
is_linear=0
shrinkage=0.035


Tree=81
num_leaves=15
num_cat=0
split_feature=6 22 30 5 8 10 23 26 23 26 18 10 10 6
split_gain=24.918 28.9253 28.0989 25.9587 27.637 24.4943 26.7363 21.1326 19.6293 19.4089 16.7079 15.9029 15.5922 14.137
threshold=0.23879923671483996 0.39354364573955541 -0.24999999999999975 -0.10761930048465727 -0.54372942447662342 1.1225485205650332 0.27203558385372167 -1.2850000000000001 0.15630242973566058 -0.83499999999999985 -0.019261196255683895 0.74231791496276867 0.41306242346763616 -0.30644971132278437
decision_type=2 2 2 2 2 2 2 2 2 2 2 2 2 2
left_child=1 2 12 13 -5 6 7 11 -7 -3 -9 -2 -1 -4
right_child=5 9 3 4 -6 8 -8 10 -10 -11 -12 -13 -14 -15
leaf_value=-0.013503190575397762 -0.0098948572887458536 -0.0064608622637208025 0.0088975616805411287 -0.0075435334631313257 0.00045608604845421771 -0.01500677344675511 0.027060533620499837 0.015778498964240734 0.0050249785063265452 0.0010449003204364238 0.0046269389021986853 0.0052820215911052616 -0.0027057362159877657 0.002339887987565951
leaf_weight=235.84057616814971 186.05766711384058 1485.8980661518872 583.065075840801 568.85899741947651 6138.1576381139457 131.95872415602207 57.158380694687366 192.25023759901524 96.925021328032017 584.39372780174017 982.89984501898289 140.2610447704792 512.04120259359479 1289.578374043107
leaf_count=4144 1569 22340 4305 5319 56429 1407 320 1487 741 5947 7944 1245 7489 10502
internal_value=-1.19279e-05 -0.000615428 0.000216653 0.000786428 -0.000232626 0.00381823 0.00539093 0.00439242 -0.00666871 -0.00434733 0.00656903 -0.00340832 -0.0062439 0.0044181
internal_weight=13185.3 11397.8 9327.54 8579.66 6707.02 1787.51 1558.63 1501.47 228.884 2070.29 1175.15 326.319 747.882 1872.64
internal_count=131188 116475 88188 76555 61748 14713 12565 12245 2148 28287 9431 2814 11633 14807
is_linear=0
shrinkage=0.035


Tree=82
num_leaves=15
num_cat=0
split_feature=14 17 28 3 22 7 16 3 10 11 8 17 12 30
split_gain=25.2507 23.8644 45.2003 42.6374 52.6922 24.6758 24.2657 23.7251 22.8589 27.3966 22.0571 18.4255 17.9057 21.7503
threshold=0.19513657689094546 0.025454134680330757 -1.8296610773469666 0.23175679147243503 0.3397038877010346 -0.044314963743090623 2.5000044107437138 -0.15347038209438321 0.88175842165946972 0.50948160886764537 -0.63282975554466236 0.061225941404700286 0.56654202938079845 1.0000000180025095e-35
decision_type=2 10 2 2 2 2 2 2 2 2 2 10 2 2
left_child=12 2 7 5 -5 -4 8 -2 9 -3 -10 -8 13 -1
right_child=1 6 3 4 -6 -7 11 -9 10 -11 -12 -13 -14 -15
leaf_value=-0.0081114329591385377 -0.0049999893142589624 0.0014121846506168598 -0.004899224139198315 0.035143049618681851 -0.012381577189676399 -0.016856937546894414 -0.015300652011575919 0.027858900721281037 0.0095792015014483731 0.011894979070464157 -0.0060169803972853816 -0.0017478399318096658 -0.010872453907581393 0.0097884949611673749
leaf_weight=171.53062039241195 37.102392844855785 9402.0241426564753 751.78242971748114 54.654681585729122 44.114994410425425 291.98944485932589 173.96191961318254 67.68432442843914 119.19162067770958 305.94796910881996 815.95033663883805 379.44871976599097 423.27573633939028 143.45219197496772
leaf_count=2308 375 89967 9940 306 438 3461 1985 575 1146 2691 7771 4069 4819 1337
internal_value=-1.14471e-05 0.000363756 -0.00420888 -0.00626496 0.0147296 -0.00837255 0.000876463 0.0168024 0.00125011 0.00175445 -0.0039488 -0.00620406 -0.0062561 9.10588e-05
internal_weight=13182.1 12443.9 1247.33 1142.54 98.7697 1043.77 11196.5 104.787 10643.1 9707.97 935.142 553.411 738.259 314.983
internal_count=131188 122724 15095 14145 744 13401 107629 950 101575 92658 8917 6054 8464 3645
is_linear=0
shrinkage=0.035


Tree=83
num_leaves=15
num_cat=0
split_feature=14 0 3 0 10 19 2 15 9 16 21 10 26 7
split_gain=23.8737 26.2368 27.9553 24.4563 34.6378 24.3493 24.0461 21.7984 23.7592 20.4013 20.0863 19.4858 22.0875 18.1103
threshold=0.3937548696994782 -0.039339454844593995 -0.22149623930454251 0.033440599218010909 0.76547798514366161 -0.15715781599283216 0.20211029052734378 22.983864784240726 0.33847820758819586 0.44910728931427008 -0.015407797880470751 0.32223080098629003 -1.4349999999999998 -0.048916025087237351
decision_type=2 2 2 2 2 2 2 2 2 2 2 2 2 2
left_child=5 9 7 13 -5 -1 10 8 -3 -2 -7 12 -11 -4
right_child=1 2 3 4 -6 6 -8 -9 -10 11 -12 -13 -14 -15
leaf_value=0.0033982785816764334 -0.0069349856819415434 -0.0085183136859050199 -0.00039341031305497719 0.0047570375364045731 -0.0049433647273255483 -0.003541910713920069 0.002338508534292964 -0.011385856885701755 0.00016655475199225126 0.012833989763548721 -0.011643137257451175 0.0051043975082293719 -0.0051342864184554561 -0.0090464794379763007
leaf_weight=557.14975387603045 219.16200909763575 516.21611879765987 1433.1575156748295 2433.6221333928406 544.37628070637584 939.3112885504961 443.03932897746563 364.37080827727914 1445.4062056727707 91.736720766872168 629.25184835493565 2730.0397560596466 469.5150867626071 363.84554062411189
leaf_count=5645 2031 6432 13937 22195 5055 8917 4447 4155 14939 1056 8499 24363 5866 3651
internal_value=-1.10832e-05 0.000722342 -0.000501818 0.00103118 0.0029732 -0.00303189 -0.00482085 -0.00363982 -0.00215055 0.00319298 -0.00684501 0.00388635 -0.00202412 -0.0021858
internal_weight=13180.2 10611.4 7100.99 4775 2978 2568.75 2011.6 2325.99 1961.62 3510.45 1568.56 3291.29 561.252 1797
internal_count=131188 103680 70364 44838 27250 27508 21863 25526 21371 33316 17416 31285 6922 17588
is_linear=0
shrinkage=0.035


Tree=84
num_leaves=15
num_cat=0
split_feature=6 28 17 11 22 21 16 11 34 15 14 23 5 10
split_gain=23.1586 29.4816 45.3843 39.1504 36.632 35.5603 42.1773 36.8806 30.9695 42.509 30.523 28.874 25.4313 25.3531
threshold=0.16605263948440555 -0.40673658347942782 0.056895622983574874 0.30795718729496008 0.2409842982888222 -0.059047469869256013 0.47961382567882543 0.47178424894809728 -0.023314336221800954 22.799298286437992 0.89737677574157726 0.27203558385372167 0.0087128393352031725 0.53824713826179515
decision_type=2 2 10 2 2 2 2 2 2 2 2 2 2 2
left_child=1 2 4 8 12 6 -5 -7 9 -3 -10 -2 -1 -6
right_child=11 3 -4 5 13 7 -8 -9 10 -11 -12 -13 -14 -15
leaf_value=0.0091887236240252163 0.0021812202408896032 -0.0038597675600634822 -0.0057985775205599381 -0.0080157761825545969 0.0014619792715085493 -0.0085555213762978938 0.0062771026643801426 0.0074455334722873046 -0.013497903105119011 0.020866038770337755 -0.0032602870537866702 0.02019091203044146 7.8406505348729721e-05 -0.0066320033630783131
leaf_weight=1190.2527157887816 2399.8252696841955 477.38563862815499 1027.8735069669783 308.3530623242259 2765.4638469368219 786.45420958474278 1233.7438971139491 218.30077772960067 831.84084989503026 93.218741599470377 633.27559802681208 104.52543838322163 546.39758352935314 561.72745714336634
leaf_count=7872 20364 4660 9776 3178 30080 9480 11735 2523 11522 782 8498 655 3925 6138
internal_value=-1.19684e-05 -0.000723172 0.000871918 -0.00284084 0.00223468 5.51464e-05 0.00338591 -0.0050399 -0.00644652 0.000469461 -0.00912494 0.00301021 0.00633923 7.96994e-05
internal_weight=13178.6 10674.3 6091.72 4582.57 5063.84 2546.85 1542.1 1004.75 2035.72 570.604 1465.12 2504.35 1736.65 3327.19
internal_count=131188 110169 57791 52378 48015 26916 14913 12003 25462 5442 20020 21019 11797 36218
is_linear=0
shrinkage=0.035


Tree=85
num_leaves=15
num_cat=0
split_feature=32 10 10 25 2 33 16 8 19 19 22 25 10 24
split_gain=21.3962 21.1241 28.8673 28.9914 47.5284 25.3781 22.9903 24.0431 21.9804 20.4155 19.9745 20.3575 17.1814 18.7085
threshold=0.01790539048499085 0.69662031531333934 0.35458551347255712 2.8200000000000007 0.22438343614339831 -0.16801730899034531 0.38091585040092474 -0.63282975554466236 -0.15715781599283216 0.49270236492156988 0.27970407903194433 1.4450000000000001 1.1225485205650332 0.027712903916835788
decision_type=2 2 2 2 2 2 2 2 2 2 2 2 2 2
left_child=-1 2 3 4 -2 -5 8 -8 -4 10 11 -3 13 -11
right_child=1 9 6 5 -6 -7 7 -9 -10 12 -12 -13 -14 -15
leaf_value=-0.0056917409329499593 -0.012410986506093161 -0.0094311593981442482 0.0050551195428610533 -0.0058630514211189056 0.023925923326016243 0.0022864849203159984 -0.0064031305870455614 0.0033281101386070265 -0.0092303050833826891 -0.010095716162170143 -0.0073590007427960531 0.0020366135651692227 -0.0047694858239893953 0.012130597077061744
leaf_weight=755.26053950563073 484.78060291334987 235.06562293320894 191.7948093675077 663.43547489494085 39.185251735150814 1525.1785575821996 318.33211857452989 6211.8581571243703 379.15701331570745 47.619873601943254 1048.1206355728209 828.72376777604222 174.48161973804235 272.20205057039857
leaf_count=11452 6280 3095 1865 9078 202 14691 2869 55839 4007 377 11409 6066 1606 2352
internal_value=-1.16184e-05 0.000338093 0.00108214 -0.0019842 -0.00929631 -0.000199318 0.00225459 0.00284467 -0.00442712 -0.00245703 -0.00395389 -0.000561653 0.00388989 0.00861545
internal_weight=13175.2 12419.9 9813.72 2712.58 523.966 2188.61 7101.14 6530.19 570.952 2606.21 2111.91 1063.79 494.304 319.822
internal_count=131188 119736 94831 30251 6482 23769 64580 58708 5872 24905 20570 9161 4335 2729
is_linear=0
shrinkage=0.035


Tree=86
num_leaves=15
num_cat=0
split_feature=14 17 28 25 25 4 34 17 34 10 12 24 6 11
split_gain=21.5855 20.6597 41.2273 23.2417 29.1566 24.9314 23.9265 22.1611 18.8749 17.8653 17.3604 19.4243 21.3901 13.5723
threshold=0.19513657689094546 0.025454134680330757 -1.8296610773469666 4.2150000000000007 0.55000000000000016 -0.12477019056677817 -0.01694045508671815 0.044225068762898452 -0.026535316142143547 0.39876851439476019 0.61660116910934459 0.030391268432140354 0.069091804325580611 0.57373544573783886
decision_type=2 10 2 2 2 2 2 10 2 2 2 2 2 2
left_child=10 2 -2 4 -3 -6 7 -5 -4 -10 11 -1 13 -13
right_child=1 3 8 6 5 -7 -8 -9 9 -11 -12 12 -14 -15
leaf_value=-0.008546926029413331 0.015980552635637517 -0.0044896885543444422 -0.00037718827474674443 0.0022552545271614529 0.015390621564573619 0.0029357982182226256 -0.0099149359731219473 -0.0021110301955351821 -0.011392506351704367 0.0073623488469615646 -0.011229538169134058 -0.005346950005077713 0.026227621198985133 0.017578518505610215
leaf_weight=179.28609227761626 106.20426590740681 627.58511742949486 452.69121866673231 2584.5475342199206 197.09384245797992 4336.4624695368111 314.21620316430926 3146.259227104485 615.79368522390723 62.278345730155706 356.68519426137209 118.80179336294532 42.693764694035053 31.935617316514254
leaf_count=2183 950 9251 4772 26697 1472 35040 4803 30366 8702 671 4139 1399 464 279
internal_value=-1.22015e-05 0.000332781 -0.00394135 0.000807665 0.0025304 0.00350995 -0.000664932 -0.000141373 -0.00593615 -0.00958798 -0.00582229 -0.000489429 0.00703187 0.000301543
internal_weight=13172.5 12443.1 1236.97 11206.2 5161.14 4533.56 6045.02 5730.81 1130.76 678.072 729.402 372.717 193.431 150.737
internal_count=131188 122724 15095 107629 45763 36512 61866 57063 14145 9373 8464 4325 2142 1678
is_linear=0
shrinkage=0.035


Tree=87
num_leaves=15
num_cat=0
split_feature=3 15 25 16 6 17 8 7 9 20 15 6 11 8
split_gain=22.3952 24.9655 34.0018 33.8205 28.4357 20.4812 17.7987 23.3146 17.5123 16.7969 16.106 19.5707 14.7099 13.8043
threshold=-0.093824993818998323 22.890003204345707 4.2150000000000007 0.47961382567882543 -0.20702163130044934 0.03847047686576844 -0.38770240545272822 -0.23736196011304853 0.45939026772975927 0.037173081189394004 21.231522560119632 -0.30644971132278437 0.57373544573783886 -0.49808794260025019
decision_type=2 2 2 2 2 8 2 2 2 2 2 2 2 2
left_child=1 2 3 8 -4 -5 7 10 -1 -8 11 -2 -12 -6
right_child=6 -3 4 5 13 -7 9 -9 -10 -11 12 -13 -14 -15
leaf_value=-0.0020448747275848239 0.025440650910630701 -0.0068382391082196774 0.0027746850953872856 -0.00065437717242369515 -0.017359170269864665 0.0055611780455214199 0.0011080055546900365 -0.0095062708850882759 -0.016832417811590051 0.0055882908459202142 -0.0067611231672518313 0.0026137262706373478 0.0053164665343123224 -0.0054242436507449879
leaf_weight=274.88532443344593 50.805062331259251 919.93916547298431 544.38277715072036 1064.5018559135497 122.97428793460131 1647.8581643886864 4552.6771563775837 386.76445315033197 145.45553333684802 1315.8229433447123 344.1933887116611 200.90554090961814 180.75406607240438 1418.1186608150601
leaf_count=2850 423 10504 5564 11105 1905 15049 41433 4048 1494 10485 3167 1776 1727 19658
internal_value=-1.12337e-05 -0.00155469 -0.000611931 0.00169194 -0.00406426 0.00312836 0.00133634 -0.0026028 -0.00743422 0.00212036 0.000912165 0.00801714 -0.00258083 -0.00648239
internal_weight=13170 6138.12 5218.18 3132.7 2085.48 2712.36 7031.92 1163.42 420.341 5868.5 776.658 251.711 524.947 1541.09
internal_count=131188 68129 57625 30498 27127 26154 63059 11141 4344 51918 7093 2199 4894 21563
is_linear=0
shrinkage=0.035


Tree=88
num_leaves=15
num_cat=0
split_feature=6 28 17 33 11 15 6 14 15 3 10 26 8 24
split_gain=21.122 21.4904 45.7685 35.0511 33.2629 41.4409 32.51 29.8498 28.4925 28.3138 21.2739 24.4174 20.8267 19.1947
threshold=0.23879923671483996 -0.40673658347942782 0.056895622983574874 -0.16801730899034531 0.31274756789207464 21.285234451293949 0.040364427492022521 0.3518767803907395 23.185171127319339 0.39299960434436804 1.1225485205650332 -1.2850000000000001 -0.67106613516807545 0.027712903916835788
decision_type=2 2 8 2 2 2 2 2 2 2 2 2 2 2
left_child=1 2 3 8 6 -6 -3 -7 -1 -8 11 -2 -4 -12
right_child=10 4 12 -5 5 7 9 -9 -10 -11 13 -13 -14 -15
leaf_value=-0.00043004769154758571 -0.0034742109061580745 -0.0079451069204858893 0.0094487743990880353 0.0039684139852746419 0.005853492083905374 -0.012795083909111596 -0.0016091110407803002 -0.00079558292069594795 -0.014435877662245239 0.019590379390523455 0.016837668324098255 0.0071859887495179641 -0.0068376154485791782 -0.010296983820372602
leaf_weight=1425.6177950762212 326.75517154484987 1652.186235845089 96.701054960489273 3747.9984000436962 1010.1518514417112 306.7400555498898 475.90052933245897 1288.9043130986392 193.41658870130777 81.847913913428783 28.450956620275974 1241.6388983428478 1093.5759299769998 198.17602632939816
leaf_count=18320 2814 21507 872 29770 10550 3720 5254 13035 2319 650 217 9751 10478 1931
internal_value=-1.16488e-05 -0.000569413 0.000734209 0.00211258 -0.00234233 0.000338463 -0.0054906 -0.00316764 -0.00218159 0.00179211 0.00350586 0.00495713 -0.00544677 -0.00632287
internal_weight=13168.1 11373 6557.31 5367.03 4815.73 2605.8 2209.93 1595.64 1619.03 557.748 1795.02 1568.39 1190.28 226.627
internal_count=131188 116475 61759 50409 54716 27305 27411 16755 20639 5904 14713 12565 11350 2148
is_linear=0
shrinkage=0.035


Tree=89
num_leaves=15
num_cat=0
split_feature=3 15 25 16 6 11 9 17 16 18 15 33 20 8
split_gain=20.6071 22.8924 31.4741 31.9389 26.398 19.5387 16.6753 16.4316 19.9281 17.1836 16.2269 20.6895 14.7594 13.2148
threshold=-0.093824993818998323 22.890003204345707 4.2150000000000007 0.47961382567882543 -0.20702163130044934 0.50948160886764537 0.45939026772975927 0.074814073741436019 2.5000044107437138 0.20702455937862399 24.212780952453617 0.059136581678989171 0.02331897430121899 -0.49808794260025019
decision_type=2 2 2 2 2 2 2 8 2 2 2 2 2 2
left_child=1 2 3 6 -4 -5 -1 8 9 12 -9 -12 -2 -6
right_child=7 -3 4 5 13 -7 -8 10 -10 -11 11 -13 -14 -15
leaf_value=-0.0020281179166695027 0.00044239202452676864 -0.0065741584377821535 0.0026492904166163286 0.0023731150911568935 -0.01699392780597701 0.017043577700246327 -0.016510522623403318 -0.0066116323973605803 -0.01419366281361579 0.010176384262468384 0.0080710507673113999 -0.016837555051064587 0.004157628894867523 -0.0052363162391023885
leaf_weight=274.74395222216845 3847.5555431134999 913.35569383762777 545.73520300909877 2611.6549353599548 120.98101986944675 106.5937690846622 143.79075174406171 567.24040270224214 83.035300709307194 299.85024058446288 221.71780628338456 39.921760689467192 1978.2031721398234 1410.7480740919709
leaf_count=2850 35011 10504 5564 25236 1905 918 1494 5216 864 2358 1925 443 17242 19658
internal_value=-1.15973e-05 -0.00149429 -0.00059359 0.00161816 -0.00392489 0.00300877 -0.00727283 0.00127968 0.00189839 0.0021393 -0.00332211 0.00379049 0.00170891 -0.00626917
internal_weight=13165.1 6127.6 5214.25 3136.78 2077.46 2718.25 418.535 7037.52 6208.64 6125.61 828.88 261.64 5825.76 1531.73
internal_count=131188 68129 57625 30498 27127 26154 4344 63059 55475 54611 7584 2368 52253 21563
is_linear=0
shrinkage=0.035


Tree=90
num_leaves=15
num_cat=0
split_feature=14 12 3 10 11 3 2 29 16 24 15 11 2 16
split_gain=19.5779 20.7412 20.5258 25.5228 28.4138 36.4354 25.8948 20.0665 22.7247 17.5169 17.5094 16.3454 15.884 10.3374
threshold=0.13899476826190951 0.53684827685356151 1.9270285964012148 0.74231791496276867 0.50948160886764537 0.5313689410686494 0.20211029052734378 3.7500000000000004 0.34343293309211737 0.030391268432140354 21.402656555175785 0.3227506577968598 0.041997374966740615 0.41575984656810766
decision_type=2 2 2 2 2 2 2 2 2 2 2 2 2 2
left_child=1 9 3 4 6 -6 -2 10 -9 -1 -5 -4 -11 -13
right_child=2 -3 11 7 5 -7 -8 8 -10 12 -12 13 -14 -15
leaf_value=-0.010751818022954362 -0.00035031886321441582 -0.015544777346105503 -0.015408751781501136 0.0055983727022989038 0.023490962045596066 -0.017719925493210092 0.0041893145432450284 0.0082511861463475597 -0.01409660928172886 -0.0011307659308998749 -0.0036864392775774299 -0.0057204336255428142 0.0264111682504754 0.014757794691515029
leaf_weight=75.187813803553581 8593.8027247097343 191.10950798913836 20.684552572667599 301.53696236386895 118.85296009108424 25.167567569762468 1864.768391918391 59.591342739760876 336.04713204875588 58.373584922403097 1235.3073505274951 29.403339758515358 34.695644468069077 218.91042494028807
leaf_count=953 88457 2256 142 3048 1014 196 15873 533 3238 618 12573 234 405 1648
internal_value=-1.25916e-05 -0.0079568 0.000216411 7.42151e-06 0.000682551 0.0156064 0.000462329 -0.00368113 -0.0106101 0.00105031 -0.0018403 0.00960579 0.010703 0.0122053
internal_weight=13163.4 359.367 12804.1 12535.1 10602.6 144.021 10458.6 1932.48 395.638 168.257 1536.84 268.998 93.0692 248.314
internal_count=131188 4232 126956 124932 105540 1210 104330 19392 3771 1976 15621 2024 1023 1882
is_linear=0
shrinkage=0.035


Tree=91
num_leaves=15
num_cat=0
split_feature=3 11 10 25 15 16 8 15 8 5 2 26 11 25
split_gain=18.8868 21.5421 31.9666 22.8495 26.5758 39.0541 18.2216 18.179 15.7132 21.9387 15.3405 14.9854 23.4584 29.867
threshold=-0.093824993818998323 0.50948160886764537 0.74231791496276867 4.2150000000000007 22.545885086059574 0.66264888644218456 -0.51200741529464711 23.834196090698246 -0.38770240545272822 -0.13266260176897046 -0.44925436377525324 -1.02 0.20500267297029498 1.4450000000000001
decision_type=2 2 2 2 2 2 2 2 2 2 2 2 2 2
left_child=1 3 6 4 5 -1 -3 -4 9 -2 -6 -10 -13 -14
right_child=8 2 7 -5 10 -7 -8 -9 11 -11 -12 12 13 -15
leaf_value=-0.0057334921783123265 0.0024162436813794344 0.01095018302576691 0.0041161261217503367 -0.0046982902850048287 0.018706292929373997 0.0037348204964837788 0.047761372680953887 -0.021888169008002861 0.00010682016000729613 -0.007141578929955897 -0.007376720217087027 -0.0027263498602435859 -0.0034144813975934521 0.0067958988270768591
leaf_weight=706.40337171033025 567.37583194300532 54.457561373710632 281.74483000487089 2267.4825463332236 19.457081131637096 2084.9594296254218 20.628355596214533 27.149125706404448 2809.7529988512397 592.60992949083447 655.74754501879215 570.65759440138936 414.99694047123194 2088.8656213656068
leaf_count=7114 5035 453 2944 30159 159 20104 200 326 26315 6106 6670 5264 4407 15932
internal_value=-1.2519e-05 -0.00143391 0.00648867 -0.00197482 -0.000185009 0.00132678 0.0254881 0.00121587 0.00122226 -0.00248593 -0.00636306 0.00195625 0.00364059 0.00509675
internal_weight=13162.3 6118.03 383.98 5734.05 3466.57 2791.36 75.0859 308.894 7044.26 1159.99 675.205 5884.27 3074.52 2503.86
internal_count=131188 68129 3923 64206 34047 27218 653 3270 63059 11141 6829 51918 25603 20339
is_linear=0
shrinkage=0.035


Tree=92
num_leaves=15
num_cat=0
split_feature=22 17 8 11 33 2 5 24 14 11 28 15 18 3
split_gain=19.2813 25.4089 21.2838 23.7738 20.7023 22.0393 22.0724 34.3282 21.3481 19.7858 20.9733 18.7099 15.5759 18.6459
threshold=0.39354364573955541 0.022048955783247951 -0.29683119058609003 0.47178424894809728 -0.067435648233345621 0.020930367521941665 0.017277669161558155 0.029240576550364498 0.3518767803907395 0.2531034797430039 -0.20349242140922372 24.212780952453617 -0.068118575960397706 -0.22149623930454251
decision_type=2 10 2 2 2 2 2 2 2 2 2 2 2 2
left_child=4 -2 -3 -4 5 -1 7 -7 9 -6 -11 -8 -10 -14
right_child=1 2 3 -5 8 6 11 -9 12 10 -12 -13 13 -15
leaf_value=0.00048380987255097963 -0.014946666098758062 -0.006089870586142518 0.0017195584611681806 -0.016234643750166131 -0.021196919054072498 0.020813273281414427 0.00057469258335016995 0.004552999633568919 0.0038628987945625239 0.0013976390903981493 -0.0097480048581157618 0.01370584101159238 -0.0048016213722115522 0.00073270781380589808
leaf_weight=3188.5164403989911 181.66939267516136 869.73552710935473 1531.265015900135 85.98603343218565 81.824437569826841 232.7238996103406 1037.2917139083147 484.52523121237755 1046.510922241956 427.18938815966249 386.99935558438301 142.63359257951379 1072.5636730380356 2390.1921574287117
leaf_count=25066 3010 12947 17333 979 1205 1532 7596 3696 10448 3932 5405 1008 13226 23805
internal_value=-1.13192e-05 -0.00266189 -0.00170825 0.000671068 0.000664817 0.00226559 0.00524194 0.0100426 -0.000842716 -0.0057453 -0.00395409 0.00226388 0.000142008 -0.000990401
internal_weight=13159.6 2668.66 2486.99 1617.25 10491 5085.69 1897.17 717.249 5405.28 896.013 814.189 1179.93 4509.27 3462.76
internal_count=131188 34269 31259 18312 96919 38898 13832 5228 58021 10542 9337 8604 47479 37031
is_linear=0
shrinkage=0.035


Tree=93
num_leaves=15
num_cat=0
split_feature=22 4 31 25 24 16 4 15 16 8 14 15 18 10
split_gain=18.26 31.6514 24.3201 22.6431 21.2253 24.0971 20.481 20.1878 19.0227 24.9342 17.3232 17.2994 15.2545 14.3396
threshold=0.3397038877010346 0.047826813533902175 0.0088706853385821533 0.55000000000000016 0.026834268122911457 1.2888126969337466 -0.086686596274375902 23.185171127319339 1.1003528833389284 -0.32641997933387751 0.2662122249603272 23.677119255065922 -0.068118575960397706 0.92401519417762767
decision_type=2 2 2 2 2 2 2 2 2 2 2 2 2 2
left_child=3 10 -3 8 -5 7 -7 -6 12 -10 -2 -11 -1 -4
right_child=1 2 13 4 5 6 -8 -9 9 11 -12 -13 -14 -15
leaf_value=0.00043567016701138783 -0.0096473287036622727 -0.00067181745279653595 0.01095328746136247 -0.0045339979467102385 0.0025030379246487842 0.0085471359879629033 -0.0026826794589868939 0.0087606025218097336 -0.007052477718960992 0.02347640559394543 -0.0023690604462341214 -0.0079944474787225495 -0.012715450054700249 -0.0082909189877492986
leaf_weight=155.94922098517418 446.52070219069719 826.82200056686997 451.15735459700227 618.93974417820573 4137.9199944734573 217.76849389448762 1570.3941994048655 739.25721674412489 115.62827555462718 74.280202571302652 3396.6019731983542 23.072508078068495 337.06031851656735 45.584212008863688
leaf_count=2351 6598 9463 4072 8179 31005 1780 13280 5062 1845 969 40495 291 5331 467
internal_value=-1.19395e-05 -0.00163164 0.00302059 0.00103613 0.00161795 0.00219516 -0.00127515 0.00346751 -0.00490582 0.00371426 -0.00323754 0.0159679 -0.00862952 0.00905855
internal_weight=13157 5166.69 1323.56 7990.27 7284.28 6665.34 1788.16 4877.18 705.991 212.981 3843.12 97.3527 493.01 496.742
internal_count=131188 61095 14002 70093 59306 51127 15060 36067 10787 3105 47093 1260 7682 4539
is_linear=0
shrinkage=0.035


Tree=94
num_leaves=15
num_cat=0
split_feature=14 8 12 3 10 10 8 26 15 3 0 11 6 24
split_gain=17.7548 21.5116 18.6711 18.1589 23.8704 25.0335 26.3672 25.0452 16.75 25.467 15.5137 15.2043 15.0609 17.6792
threshold=0.13899476826190951 -0.67106613516807545 0.53684827685356151 1.9270285964012148 0.74231791496276867 0.35458551347255712 -0.31186003983020777 -1.3799999999999999 21.402656555175785 0.62993767857551586 -0.23816407471895215 0.3227506577968598 1.0000000180025095e-35 0.030391268432140354
decision_type=2 2 2 2 2 2 2 2 2 2 2 2 2 2
left_child=1 -1 12 4 5 6 -2 -7 9 -6 -10 -5 -3 -14
right_child=3 2 -4 11 8 7 -8 -9 10 -11 -12 -13 13 -15
leaf_value=0.024299401868648721 -0.0070604417229196961 -0.008746498248517847 -0.017031783546595167 -0.015172326780007314 0.0057362248294865695 -0.0038466439243350888 0.00014049237634291439 0.0024124488914005881 0.0061729360615370207 -0.021812448274612577 -0.0062919212946451484 0.011478823705113753 -0.007399010270197689 0.026753594293017147
leaf_weight=14.983012229204176 897.59823598712683 100.13932462781668 181.62530783936381 20.518231801688671 363.24959656968713 875.11225984618068 1984.6250214762986 6843.2707443274558 126.02724669873714 36.31799328327179 1400.5469784662127 250.9471936263144 27.35040944442153 31.541451949626207
leaf_count=166 11795 1155 2190 142 3678 8382 21937 63426 1238 292 14184 1882 364 357
internal_value=-1.1897e-05 -0.00761667 -0.00967336 0.000205208 7.65833e-06 0.000659777 -0.00211872 0.00169873 -0.00356618 0.0027608 -0.0052294 0.00899696 -0.000759069 0.0121208
internal_weight=13153.9 355.64 340.656 12798.2 12526.7 10600.6 2882.22 7718.38 1926.14 399.568 1526.57 271.465 159.031 58.8919
internal_count=131188 4232 4066 126956 124932 105540 33732 71808 19392 3970 15422 2024 1876 721
is_linear=0
shrinkage=0.035


Tree=95
num_leaves=15
num_cat=0
split_feature=6 22 22 30 17 5 17 10 15 15 16 17 15 28
split_gain=17.8073 20.9934 20.7784 21.4168 20.4971 20.3995 26.0644 19.5759 19.4842 27.5082 26.2558 19.022 16.8693 15.4434
threshold=0.23879923671483996 0.19535173475742343 0.39354364573955541 -0.24999999999999975 0.035816974937915809 -0.10761930048465727 0.051180602982640273 1.1225485205650332 22.983864784240726 20.415326118469242 1.4653307795524599 0.015994798392057422 21.764852523803714 -0.40673658347942782
decision_type=2 2 2 2 8 2 8 2 2 2 2 10 2 2
left_child=2 -2 3 4 -1 12 -7 8 9 -3 -10 -4 -5 -13
right_child=1 7 11 5 -6 6 -8 -9 10 -11 -12 13 -14 -15
leaf_value=-0.016683484321802885 0.012284837036008821 0.026573022637060247 -0.02371391324071653 0.0064071239067704641 -0.0024471074542636974 0.0010373862319079791 -0.003961667156936655 -0.0091164038649316995 0.013143330024635445 -0.0030935446232422002 -0.00018322964794388865 -0.001654916488216912 -0.00041239540649257948 -0.009595176982628845
leaf_weight=148.98513501696289 256.61615723744035 30.776075847446918 46.91841521859169 1182.9139369390905 583.10534793511033 4989.3546572253108 1706.2900359220803 173.70526047796011 382.10150491818786 622.76265480369329 336.04204244911671 1626.9912507422268 706.28144845739007 359.73385217040777
leaf_count=2859 1567 253 808 9271 8774 46080 15668 1790 2871 5141 3091 21319 5536 6160
internal_value=-1.20714e-05 0.00321014 -0.000526001 0.000174852 -0.00553008 0.00066722 -0.00024056 0.00163396 0.00305148 -0.00131708 0.00699054 -0.00372203 0.00386888 -0.0031335
internal_weight=13152.6 1802 11350.6 9316.93 732.09 8584.84 6695.64 1545.39 1371.68 653.539 718.144 2033.64 1889.2 1986.73
internal_count=131188 14713 116475 88188 11633 76555 61748 13146 11356 5394 5962 28287 14807 27479
is_linear=0
shrinkage=0.035


Tree=96
num_leaves=15
num_cat=0
split_feature=14 10 15 28 4 8 28 22 22 6 3 28 11 25
split_gain=17.1203 22.9328 27.7001 26.67 20.7769 30.6854 24.1092 20.7821 18.6924 16.8698 15.6428 27.3787 17.1743 14.9666
threshold=0.3937548696994782 0.43507897853851324 21.699171066284183 -0.10326313031254751 -0.037430541589856141 -0.24449487030506131 -0.20349242140922372 0.44238667190074926 0.3397038877010346 -0.264771819114685 0.30129462480545049 -1.1401333311752746 0.11597722023725511 0.26500000000000007
decision_type=2 2 2 2 2 2 2 2 2 2 2 2 2 2
left_child=1 -1 8 -4 13 6 7 -6 -3 -8 12 -12 -7 -2
right_child=4 2 3 -5 5 10 9 -9 -10 -11 11 -13 -14 -15
leaf_value=-0.0092602568184515545 -0.0071373238383553037 0.0055510128584768219 -0.0017864648779818844 -0.015300668284932076 0.00026821381409488227 -0.011229689319542031 0.0032459138138467643 -0.011067921599264544 -0.0040785756745275875 -0.00835183041188595 -0.0019022681805656247 0.0097020702454987152 0.0010976553603104979 0.0037769256736027886
leaf_weight=496.04276632145047 154.16954163648188 804.94868559017777 651.44626365974545 238.32947639003396 2387.4712271951139 135.67784728854895 174.84825921058655 205.9902673214674 345.83433649688959 1027.7883616369218 389.63770466297865 666.61228796094656 2784.6720300801098 2686.3647567555308
leaf_count=6021 2555 7263 6520 2889 21810 1606 1758 3416 4815 12969 3092 4428 27359 24687
internal_value=-1.22782e-05 -0.00258967 -0.000930851 -0.00553611 0.000605585 -0.000331372 -0.00257875 -0.000671233 0.00264691 -0.0066528 0.00181508 0.00544368 0.000488566 0.0031616
internal_weight=13149.8 2536.6 2040.56 889.776 10613.2 7772.7 3796.1 2593.46 1150.78 1202.64 3976.6 1056.25 2920.35 2840.53
internal_count=131188 27508 21487 9409 103680 76438 39953 25226 12078 14727 36485 7520 28965 27242
is_linear=0
shrinkage=0.035


Tree=97
num_leaves=15
num_cat=0
split_feature=32 10 11 3 3 10 3 19 15 34 5 8 15 10
split_gain=16.6879 17.5574 22.0193 22.3445 20.3741 21.8804 19.3057 20.3652 17.7451 15.077 15.057 14.637 12.84 21.5419
threshold=0.01790539048499085 0.69662031531333934 0.50948160886764537 0.063979394733905806 -0.52494290471076954 0.35458551347255712 1.9270285964012148 0.49270236492156988 23.677119255065922 -0.031273858577813334 0.17020014673471454 -0.54372942447662342 23.082156181335453 0.65407690405845653
decision_type=2 2 2 2 2 2 2 2 2 2 2 2 2 2
left_child=12 2 4 11 -2 -6 7 8 -3 -8 -9 -4 13 -1
right_child=1 6 3 -5 5 -7 9 10 -10 -11 -12 -13 -14 -15
leaf_value=-0.01152520470094816 -0.006814474829908013 -0.0031458608560755632 0.0084710195448409811 -0.0047449880900703534 -0.0015437234929119793 0.0022061714252704892 0.00048463061348685761 0.015068803944244921 -0.012125942433675986 0.01967950844948977 -3.4414112262043268e-05 0.044830693483785163 0.0022692736518411423 0.0051383455833049893
leaf_weight=419.61454860121012 402.41238041594625 1655.7635230608284 31.397287033498287 33.546426676213741 2659.9919879287481 6663.9310540370643 131.5581051632762 98.588075917214155 315.38444822654128 71.509773377329111 316.49350396171212 25.488968309015036 205.94698613882065 115.68843495845795
leaf_count=7066 3918 16539 254 259 29894 60280 935 839 3146 560 2886 226 2595 1791
internal_value=-1.34424e-05 0.00029306 0.000969472 0.0172757 0.000800274 0.00113587 -0.00226527 -0.00315529 -0.00463663 0.00785044 0.00382293 0.0290295 -0.0050789 -0.00789573
internal_weight=13147.3 12406.1 9816.77 90.4327 9726.34 9323.92 2589.3 2386.23 1971.15 203.068 415.082 56.8863 741.25 535.303
internal_count=131188 119736 94831 739 94092 90174 24905 23410 19685 1495 3725 480 11452 8857
is_linear=0
shrinkage=0.035


Tree=98
num_leaves=15
num_cat=0
split_feature=14 6 24 6 12 14 4 17 34 3 8 6 19 11
split_gain=16.5211 16.1261 23.2208 18.3669 17.424 16.0841 25.0253 17.6638 36.3757 30.0598 18.2051 34.9272 23.5257 15.1788
threshold=0.19513657689094546 0.16605263948440555 0.030304147861897949 -0.334786906838417 0.53684827685356151 2.8184012174606328 -0.08059630915522574 0.025454134680330757 -0.026535316142143547 0.17405603080987933 -0.51200741529464711 -0.264771819114685 -0.14736869931221006 0.57373544573783886
decision_type=2 2 2 2 2 2 2 10 2 2 2 2 2 2
left_child=1 3 -3 -1 13 7 -7 8 9 -2 11 -9 -12 -5
right_child=5 2 -4 4 -6 6 -8 10 -10 -11 12 -13 -14 -15
leaf_value=0.013851080921524322 -0.00025818638793932697 -0.010620592186148812 0.024864648004378237 -0.0051014062044976377 -0.012957091068647432 0.017272129019059057 -0.0052535057282079769 0.0018754577040666842 -0.0089143762099255473 0.022007047734751508 0.0064539722411572336 -0.0086452546239761275 0.0010585054472237736 0.016553004779437282
leaf_weight=39.649456046521664 467.57495064288378 33.142258636653423 40.333450999110937 181.27166000381112 381.03779378533363 54.728044122457504 968.81915653496981 973.27027358859777 645.46654225513339 78.257706191390753 1132.1397252045572 628.23221620544791 7481.4789749197662 40.037305388599634
leaf_count=390 5059 355 393 2276 4646 516 10060 8650 9127 545 11082 6680 71005 404
internal_value=-1.17054e-05 -0.00514585 0.00950369 -0.00694253 -0.00851511 0.000287716 -0.00389362 0.000666008 -0.00334978 0.00327255 0.00113715 -0.00227961 0.00177433 -0.000637618
internal_weight=13145.4 715.472 73.4757 641.996 602.347 12430 1023.55 11406.4 1191.3 545.833 10215.1 1601.5 8613.62 221.309
internal_count=131188 8464 748 7716 7326 122724 10576 112148 14731 5604 97417 15330 82087 2680
is_linear=0
shrinkage=0.035


Tree=99
num_leaves=15
num_cat=0
split_feature=14 8 12 22 11 26 15 8 15 8 11 15 15 6
split_gain=15.7849 19.9778 17.2282 15.7255 25.1749 50.6967 35.1551 26.8318 24.1425 22.8951 25.7461 19.485 19.3082 17.3019
threshold=0.13899476826190951 -0.67106613516807545 0.53684827685356151 0.28411240875720983 0.30326476693153387 0.26499999999999996 21.176095962524418 -0.5272652506828307 23.677119255065922 -0.22113384306430814 0.29411299526691442 24.796125411987308 21.067113876342777 0.27169470489025122
decision_type=2 2 2 2 2 2 2 2 2 2 2 2 2 2
left_child=1 -1 -3 4 5 8 -6 -8 -2 -5 12 -7 -11 -12
right_child=3 2 -4 9 6 11 7 -9 -10 10 13 -13 -14 -15
leaf_value=0.023273091911849498 0.0021507642131071737 -0.00071729860348398913 -0.016434672828636011 -0.0028320719085383034 0.0079961128501578795 -0.0074068826988923512 -0.0062134478651105721 0.0026770848252510317 0.019250554396939276 -0.0019048109960952482 -0.0078760272738358766 0.015876173736300639 0.0056490675396124214 0.0010746204240414765
leaf_weight=15.350235018879173 1011.4228549860418 158.74991607666016 177.40872407332063 3667.8507127650082 1256.0762625224888 1116.8125943448395 514.43441374227405 2000.394889164716 102.89059514924884 570.14149922132492 494.53467765823007 36.668247086927295 1469.0417997464538 551.81020619347692
leaf_count=166 7625 1876 2190 44289 10704 11956 4478 16677 681 6350 4728 401 14197 4870
internal_value=-1.02575e-05 -0.00722269 -0.00924734 0.000193417 0.0014899 -0.00142033 0.00323921 0.000841028 0.00388686 -0.000966349 0.00125347 -0.00653664 0.00353807 -0.00319024
internal_weight=13143.6 351.509 336.159 12792.1 6038.7 2267.79 3770.91 2514.83 1114.31 6753.38 3085.53 1153.48 2039.18 1046.34
internal_count=131188 4232 4066 126956 52522 20663 31859 21155 8306 74434 30145 12357 20547 9598
is_linear=0
shrinkage=0.035


Tree=100
num_leaves=15
num_cat=0
split_feature=32 10 10 25 3 14 6 15 15 33 15 11 3 11
split_gain=15.3394 16.6816 31.7514 46.3528 39.8899 27.2538 24.2431 28.5874 22.4302 22.0377 19.2188 25.3288 18.5882 18.4393
threshold=0.01790539048499085 0.53824713826179515 0.43507897853851324 2.8200000000000007 0.39299960434436804 0.47448155283927923 0.31094019114971166 21.764852523803714 24.796125411987308 -0.15552437556717932 21.231522560119632 0.35020197927951818 0.95325967669487011 0.50948160886764537
decision_type=2 2 2 2 2 2 2 2 2 2 2 2 2 2
left_child=-1 2 3 4 -2 -5 7 13 -8 -9 11 -4 -12 -3
right_child=1 6 10 5 -6 -7 8 9 -10 -11 12 -13 -14 -15
leaf_value=-0.0048807171355041172 -0.0077391356350324436 -0.0010460618187832405 0.0036719281941563278 -0.00540708926982376 0.022378849672097557 0.0028022950445450597 0.0010429901219457284 -0.012309444713100101 0.0147143680973226 -0.0034332673049082053 0.0011452846835100809 0.014853889766964853 0.019681626982446309 0.0078404133263540714
leaf_weight=736.91340914368629 1136.9290111362934 1300.4100593850017 649.43498766422272 576.01664991676807 47.012950219213963 3207.846131939441 768.9438203163445 419.70363385602832 172.29537942260504 1767.4545089192688 1541.9378671534359 401.21110374480486 59.347470283508301 356.07424968853593
leaf_count=11452 12897 12636 5949 6360 259 32059 6218 4975 1386 16107 13708 3577 416 3189
internal_value=-9.35618e-06 0.000283732 0.00130019 -0.000351891 -0.00636577 0.00154162 -0.00133428 -0.00256705 0.00367394 -0.00518483 0.0043847 0.00804178 0.00195017 0.000899741
internal_weight=13141.5 12404.6 7619.74 4967.8 1183.94 3783.86 4784.88 3843.64 941.239 2187.16 2651.93 1050.65 1601.29 1656.48
internal_count=131188 119736 75225 51575 13156 38419 44511 36907 7604 21082 23650 9526 14124 15825
is_linear=0
shrinkage=0.035


Tree=101
num_leaves=15
num_cat=0
split_feature=16 17 14 3 17 31 19 2 25 21 12 12 15 16
split_gain=14.8484 20.7964 17.214 19.5574 21.2901 38.9896 18.1237 25.2599 18.1063 17.4195 15.0352 12.3837 13.2795 10.8222
threshold=2.5000044107437138 0.061225941404700286 0.3518767803907395 -0.46316319704055781 0.025454134680330757 0.0028411853832293059 -0.15715781599283216 0.18130384385585788 4.4500000000000011 -0.015407797880470751 0.53684827685356151 0.96536841988563549 20.5606803894043 0.21375524252653125
decision_type=2 8 2 2 10 2 2 2 2 2 2 2 2 2
left_child=2 -2 6 11 5 -5 13 9 -6 -8 -9 12 -4 -1
right_child=1 -3 3 4 8 -7 7 10 -10 -11 -12 -13 -14 -15
leaf_value=-0.0063177214759530991 -0.015214875133682301 -0.00092937223528331738 0.0015407245155189043 0.003319032221127977 0.0035335183405823438 -0.0096573899789294676 -0.0035058921150897112 0.013654783976791998 0.0003146162350622818 -0.012146405482998862 -0.0011424110272904807 -0.00060195842481024925 -0.01336347243531984 0.0062752586312762124
leaf_weight=99.69257491081953 173.89236346259713 393.17371980473399 99.126238036900759 552.59915406629443 4087.0166078060865 564.62076791375875 746.54037353768945 109.84371513873339 4487.5749488137662 465.92495272308588 277.67564741522074 475.71537386439741 251.02793959528208 354.65908617526293
leaf_count=1091 2043 4302 982 5896 36560 7926 7270 1205 43449 6702 2888 4826 2467 3581
internal_value=-8.00439e-06 -0.00549781 0.000243788 0.000816643 0.00125851 -0.00326649 -0.00267883 -0.00442571 0.00185121 -0.00689846 0.00328989 -0.00432183 -0.00921857 0.00343559
internal_weight=13139.1 567.066 12572 10517.7 9691.81 1117.22 2054.34 1599.98 8574.59 1212.47 387.519 825.87 350.154 454.352
internal_count=131188 6345 124843 102106 93831 13822 22737 18065 80009 13972 4093 8275 3449 4672
is_linear=0
shrinkage=0.035


Tree=102
num_leaves=15
num_cat=0
split_feature=22 17 30 20 8 11 16 8 18 33 2 10 33 2
split_gain=14.5056 22.2944 18.3283 17.7536 17.664 22.3567 16.8355 23.801 17.5267 16.3361 18.9307 14.6397 13.3502 12.312
threshold=0.39354364573955541 0.022048955783247951 -0.24999999999999975 -0.14048753678798673 -0.29683119058609003 0.47178424894809728 1.0523283481597903 -0.32641997933387751 -0.13144770264625547 -0.067435648233345621 0.020930367521941665 0.76547798514366161 -0.042326532264593979 0.50680273771286022
decision_type=2 10 2 2 2 2 2 2 2 2 2 2 2 2
left_child=2 -2 6 -4 -3 13 8 -8 -1 10 -5 -9 -11 -6
right_child=1 4 3 9 5 -7 7 11 -10 12 -12 -13 -14 -15
leaf_value=0.009203333533762818 -0.014040216172234769 -0.0054746187655492521 0.012009736751090338 0.0005178813780351032 9.6418628205771823e-05 -0.015808784577158352 -0.0077447514656936566 0.01680586052675688 -0.010596858252075013 -0.0069975290796076449 0.0049744007195998445 -0.0085879684410845331 -0.00015580824820207631 0.007725500786153517
leaf_weight=54.424969386309385 175.12607338652015 854.33809063956141 166.0634729154408 3158.991949416697 1209.5367677882314 84.494793221354485 143.22781910374761 119.03135825321078 449.03072244115174 371.4708615578711 1844.8131392225623 28.725113857537508 4158.5980203300714 319.87561755627394
leaf_count=791 3010 12947 1307 24476 14433 979 2350 1564 7171 4011 12977 356 41916 2900
internal_value=-8.9544e-06 -0.00232117 0.000575113 0.000995204 -0.00143639 0.000721835 -0.00450271 0.00215693 -0.00831885 0.000790967 0.00216756 0.0116376 -0.000731014 0.00173186
internal_weight=13137.7 2643.37 10494.4 9699.94 2468.25 1613.91 794.44 290.984 503.456 9533.87 5003.81 147.756 4530.07 1529.41
internal_count=131188 34269 96919 84687 31259 18312 12232 4270 7962 83380 37453 1920 45927 17333
is_linear=0
shrinkage=0.035


Tree=103
num_leaves=15
num_cat=0
split_feature=14 8 12 16 17 17 28 3 3 33 24 21 6 24
split_gain=14.2113 18.9622 16.2792 14.5782 19.5649 15.9803 33.9602 35.4838 19.811 18.6466 24.2669 20.0898 13.9432 15.8777
threshold=0.13899476826190951 -0.67106613516807545 0.53684827685356151 2.5000044107437138 0.061225941404700286 0.025454134680330757 -1.8296610773469666 0.23175679147243503 -0.15347038209438321 -0.067435648233345621 0.028692813590168956 -0.059047469869256013 1.0000000180025095e-35 0.030391268432140354
decision_type=2 2 2 2 8 10 2 2 2 2 2 2 2 2
left_child=1 -1 12 5 -5 6 8 -8 -2 10 -7 -11 -3 -14
right_child=3 2 -4 4 -6 9 7 -9 -10 11 -12 -13 13 -15
leaf_value=0.022661033397647131 -0.0052282195305941529 -0.0083945430130781401 -0.015966362233224961 -0.01479053900093474 -0.00085725893198953802 0.0054152516853085975 -0.0072450965074939899 0.013973489140163184 0.024437476255156687 0.0019078647774709091 0.00064475112413273159 -0.002573779406577552 -0.0070553248348037461 0.025279295007725546
leaf_weight=15.572233088314531 37.404149174690247 98.965081289410591 174.19310473650694 171.04599220305681 392.34432232379913 1913.8861637711525 998.95400154776871 97.50371104106307 70.215034767985344 2086.2533424198627 4078.9568809941411 2940.5041639171541 26.97422444447875 32.370148941874504
leaf_count=166 378 1155 2190 2025 4289 14693 13399 729 570 19945 36528 34400 364 357
internal_value=-9.41918e-06 -0.00688652 -0.00889156 0.000183016 -0.00527159 0.000438523 -0.00337322 -0.00524897 0.014559 0.000857702 0.00217475 -0.000713669 -0.000620819 0.011684
internal_weight=13135.1 348.075 332.503 12787.1 563.39 12223.7 1204.08 1096.46 107.619 11019.6 5992.84 5026.76 158.309 59.3444
internal_count=131188 4232 4066 126956 6314 120642 15076 14128 948 105566 51221 54345 1876 721
is_linear=0
shrinkage=0.035


Tree=104
num_leaves=15
num_cat=0
split_feature=22 25 7 24 3 8 11 19 11 15 3 3 15 25
split_gain=13.754 21.7104 21.9018 21.8146 26.2379 21.1258 23.9078 19.7051 29.8723 24.675 26.8409 18.7737 18.5567 60.2385
threshold=0.28411240875720983 1.4450000000000001 -0.093243271112442003 0.028544961474835876 -0.52494290471076954 -0.22113384306430814 0.29411299526691442 0.24914890527725223 0.16644513607025149 22.465462684631351 0.30129462480545049 -0.26841984689235682 23.677119255065922 5.0700000000000012
decision_type=2 2 2 2 2 2 2 2 2 2 2 2 2 2
left_child=1 7 3 4 -3 -2 12 9 -9 10 -1 -5 -7 -14
right_child=5 2 -4 11 -6 6 -8 8 -10 -11 -12 -13 13 -15
leaf_value=-0.0026210933978121952 -0.0028316770261688014 -0.0095863520737270638 -0.001725148633381272 -0.0021917392875936323 0.01135215230792797 0.0018254301244526056 -0.0031914863314331972 0.040231462864272878 0.0022483417470758899 -0.011940197616012428 0.019717265233795259 0.0041924602112986178 -0.0032860909776439391 0.02706347349588269
leaf_weight=991.4700473099947 3797.121491137892 74.70682430267334 1170.8014684692025 788.78146425262094 658.72715719044209 1744.9996001347899 1062.0349488854408 19.483148753643036 192.00531642511487 336.81017376296222 60.563057634979486 1927.3458755984902 166.58174075558782 141.0012922771275
leaf_count=14241 46423 526 8649 5821 4274 17840 9814 104 1902 4680 632 13458 1567 1257
internal_value=-8.54479e-06 0.0011844 0.00240023 0.00380135 0.00911912 -0.00108238 0.00105248 -0.00231896 0.00740593 -0.00384219 -0.00116158 0.00233721 0.0032532 0.0110408
internal_weight=13132.4 6220.69 4620.36 3449.56 733.434 6911.74 3114.62 1600.33 211.488 1388.84 1052.03 2716.13 2052.58 307.583
internal_count=131188 54287 32728 24079 4800 76901 30478 21559 2006 19553 14873 19279 20664 2824
is_linear=0
shrinkage=0.035


Tree=105
num_leaves=15
num_cat=0
split_feature=14 0 8 10 15 28 10 4 19 16 2 22 19 10
split_gain=13.6099 20.8253 25.1947 20.1109 24.8961 24.945 18.8292 19.4005 18.539 18.3522 17.8092 15.4665 11.9416 11.9346
threshold=0.3937548696994782 -0.039339454844593995 -0.49808794260025019 0.43507897853851324 21.699171066284183 -0.10326313031254751 0.92401519417762767 0.047826813533902175 0.62379428744316112 0.44910728931427008 0.22438343614339831 0.3397038877010346 -0.13794638961553571 0.32223080098629003
decision_type=2 2 2 2 2 2 2 2 2 2 2 2 2 2
left_child=3 9 -3 12 11 10 7 -4 -8 -2 -6 -5 -1 -11
right_child=1 2 6 4 5 -7 8 -9 -10 13 -12 -13 -14 -15
leaf_value=0.00096439936228577311 -0.0068917425082035107 -0.006918576671215846 -0.00089621715415967801 0.0052323643900149056 -0.0060279664800775238 -0.014726153853852054 -0.014163441584311855 0.0032192029401007989 0.00083602932103435596 -0.00130252126436303 0.0057455615553432884 -0.0035653944334688385 -0.011677063781012303 0.0043223063461924347
leaf_weight=118.91659611463547 218.1326467525214 677.70906232297421 3798.6444149147719 808.99821975827217 402.04892520979047 233.21058017760515 206.46734498441219 2212.3350034616888 187.16300773620605 549.74078128673136 245.1010734885931 340.92099798843265 367.62259603850543 2762.0420643351972
leaf_count=1427 2031 7083 38785 7263 4154 2889 2149 20597 1750 6922 2366 4815 4594 24363
internal_value=-6.7522e-06 0.00054245 -0.000552468 -0.00231546 -0.000767321 -0.00516608 0.000130902 0.00062129 -0.00718749 0.00273462 -0.00154929 0.00261581 -0.00863013 0.0033875
internal_weight=13129.1 10612.2 7082.32 2516.82 2030.28 880.361 6404.61 6010.98 393.63 3529.92 647.15 1149.92 486.539 3311.78
internal_count=131188 103680 70364 27508 21487 9409 63281 59382 3899 33316 6520 12078 6021 31285
is_linear=0
shrinkage=0.035


Tree=106
num_leaves=15
num_cat=0
split_feature=32 10 10 25 3 22 8 6 3 15 10 10 15 11
split_gain=13.1771 15.3783 28.0843 43.1411 35.6552 24.2446 33.7803 27.342 23.9608 23.2894 21.3324 19.7913 17.8192 22.9837
threshold=0.01790539048499085 0.53824713826179515 0.43507897853851324 2.8200000000000007 0.39299960434436804 0.27970407903194433 -0.51200741529464711 0.31094019114971166 -0.081588048487901674 23.185171127319339 0.88175842165946972 1.1225485205650332 21.231522560119632 0.35020197927951818
decision_type=2 2 2 2 2 2 2 2 2 2 2 2 2 2
left_child=-1 2 3 4 -2 6 -3 9 -5 -7 -8 -9 13 -4
right_child=1 5 12 8 -6 7 10 11 -10 -11 -12 -13 -14 -15
leaf_value=-0.0045459166903965087 -0.0074629331027843736 -0.0056950600346166846 0.0034710831001356227 -0.0013511492211787201 0.020907562274280873 -0.0039572478440920694 0.0056908502543475655 0.0048648900944449954 0.0042082154652788775 -0.0138967279198123 -0.0033826276068950724 -0.010781706469592095 0.0017864221668386999 0.014077903154117014
leaf_weight=729.77669321745634 1127.4884008988738 637.6759002096951 651.53406022489071 1845.0890704914927 47.498167306184769 1321.2054285146296 1381.3964385911822 557.00218292325735 1938.939856775105 365.0679399445653 403.90456428751349 110.26285022497177 1605.1280547715724 405.98864622041583
leaf_count=11452 12897 5518 5949 21551 259 14523 11350 4670 16868 3953 3332 1165 14124 3577
internal_value=-8.0487e-06 0.000262506 0.00123774 -0.000320344 -0.00614931 -0.00129296 0.00116302 -0.00381562 0.00150106 -0.00617832 0.00363067 0.00215833 0.0041299 0.00763683
internal_weight=13128 12398.2 7621.67 4959.02 1174.99 4776.52 2422.98 2353.54 3784.03 1686.27 1785.3 667.265 2662.65 1057.52
internal_count=131188 119736 75225 51575 13156 44511 20200 24311 38419 18476 14682 5835 23650 9526
is_linear=0
shrinkage=0.035


Tree=107
num_leaves=15
num_cat=0
split_feature=3 10 32 15 26 15 6 13 8 6 16 10 16 15
split_gain=13.4267 17.4262 19.0074 26.2471 18.9409 19.7322 23.8286 17.7587 16.8631 29.4297 17.7009 16.389 13.7989 12.6198
threshold=1.9270285964012148 0.74231791496276867 0.01790539048499085 23.533616065979007 -1.1900000000000002 22.030074119567875 0.23879923671483996 0.26760603487491613 -0.63282975554466236 -0.30644971132278437 0.94566968083381664 0.84688016772270214 2.7911652326583867 24.212780952453617
decision_type=2 2 2 2 2 2 2 2 2 2 2 2 2 2
left_child=1 2 3 -1 7 -6 -7 11 10 -10 -4 -3 -9 -5
right_child=-2 4 8 13 5 6 -8 12 9 -11 -12 -13 -14 -15
leaf_value=-0.0089183758028942087 0.0074278424027307069 0.033443259072501806 -0.011800155848711613 0.023925379332334917 1.9891771851731878e-05 -0.012685123239825773 -0.0017022610114191873 -0.0019840066026878692 0.010239586743506781 0.00063865155777180277 0.0028393135027457842 0.0034223638185735309 0.022191422866602497 -0.0014339749118010342
leaf_weight=484.40248514711857 280.88421992957592 30.12476771697402 248.92422498762608 37.996103722602129 606.09474519640207 558.60444327443838 427.42722472548485 408.93532897904515 398.2699579000473 9359.8877099510282 160.72780410572886 55.976304765790701 21.06911639124155 46.032618414610624
leaf_count=8169 2078 293 2197 498 6244 6175 3886 4310 3311 91130 1557 555 249 536
internal_value=-8.05604e-06 -0.000176317 0.00039574 -0.00577647 -0.00307765 -0.00495915 -0.00798914 0.00271047 0.000746134 0.00104059 -0.00612554 0.016313 -0.000322048 0.011358
internal_weight=13125.4 12844.5 10736.2 568.431 2108.23 1592.13 986.032 516.106 10167.8 9758.16 409.652 86.1011 430.004 84.0287
internal_count=131188 129110 107398 9203 21712 16305 10061 5407 98195 94441 3754 848 4559 1034
is_linear=0
shrinkage=0.035


Tree=108
num_leaves=15
num_cat=0
split_feature=14 8 12 14 4 13 10 26 22 0 33 23 3 6
split_gain=12.9425 18.2592 15.6774 14.1528 23.0588 16.6135 20.8425 33.6427 22.02 16.713 14.7488 14.0253 13.6789 13.4481
threshold=0.13899476826190951 -0.67106613516807545 0.53684827685356151 2.8184012174606328 -0.08059630915522574 0.65328913927078258 0.32223080098629003 -1.4349999999999998 0.28411240875720983 0.033440599218010909 -0.21630575307045893 0.2161265313625336 -0.22149623930454251 1.0000000180025095e-35
decision_type=2 2 2 2 2 2 2 2 2 2 2 2 2 2
left_child=1 -1 13 5 -5 6 7 -2 -8 11 -6 -7 -11 -3
right_child=3 2 -4 4 10 9 8 -9 -10 12 -12 -13 -14 -15
leaf_value=0.02229014572753743 0.009055641101881973 -0.0081719788533592772 -0.015600713241038193 0.01642560043507954 0.007627036283549625 -0.01051492491508365 0.0023750233263608602 -0.0057182818660522564 -0.001214377784067181 0.00013115125135070734 -0.0064986238301284836 0.010876691119932044 0.0069984071824296451 0.011562605121187551
leaf_weight=15.708049513399599 209.56564990803599 98.236296020448208 171.67126066237688 55.517380364239216 92.507123988121748 155.89096628129482 4359.9120614342391 1370.8360103722662 4010.6697724256665 526.2376307696104 871.30626351386309 39.728476755321026 1086.4873694740236 59.45207367837429
leaf_count=166 2412 1155 2190 516 892 1686 36103 17620 42919 5808 9168 283 9549 721
internal_value=-6.32266e-06 -0.00659768 -0.00859165 0.000176686 -0.00375903 0.00052075 -4.13283e-05 -0.0037146 0.000655805 0.00359698 -0.00507844 -0.0058528 0.00477222 -0.000485769
internal_weight=13123.7 345.068 329.36 12778.7 1019.33 11759.3 9950.98 1580.4 8370.58 1808.34 963.813 195.619 1612.73 157.688
internal_count=131188 4232 4066 126956 10576 116380 99054 20032 79022 17326 10060 1969 15357 1876
is_linear=0
shrinkage=0.035


Tree=109
num_leaves=15
num_cat=0
split_feature=16 17 14 10 17 28 3 7 6 10 15 6 21 34
split_gain=12.6315 18.9655 14.2773 18.719 18.585 31.6414 19.9054 18.4669 24.3349 17.242 17.917 26.8851 14.682 12.5491
threshold=2.5000044107437138 0.061225941404700286 0.3518767803907395 0.88175842165946972 0.025454134680330757 -1.8296610773469666 -0.49180048704147333 -0.36360627412796015 0.27169470489025122 0.43507897853851324 21.699171066284183 0.058718187734484679 -0.015407797880470751 -0.036271333827289469
decision_type=2 8 2 2 10 2 2 2 2 2 2 2 2 2
left_child=2 -2 9 4 5 -4 -6 13 -9 -1 12 -12 -11 -5
right_child=1 -3 3 7 6 -7 -8 8 -10 10 11 -13 -14 -15
leaf_value=-0.0094710035662487462 -0.014517609691110787 -0.00075677193103867839 0.014618646361424594 -0.0066628347960684875 -0.0046198934547192335 -0.0049853506688350242 0.0021382009167248035 -0.0160352993645787 -0.0013776003703478252 0.0054153343608532561 -0.010849604090378598 0.0028864063574794139 -0.003232883525593254 0.012579253369740882
leaf_weight=344.23630878888071 169.51773353479803 391.3633144274354 102.15260209143162 58.176937498152256 562.15166614949703 1015.9761517029256 8118.6401307694614 232.45499450713396 329.279790263623 606.06045278534293 412.79745050147176 291.4193301461637 385.94445251300931 101.5590208619833
leaf_count=4409 2043 4302 883 471 5618 13135 75576 2532 2893 5431 4685 3031 5181 998
internal_value=-5.33181e-06 -0.00509722 0.000225911 0.000746022 0.00114814 -0.00308062 0.00169575 -0.00465658 -0.00761757 -0.00244629 -0.000973517 -0.00520454 0.00205202 0.00559149
internal_weight=13121.7 560.881 12560.8 10520.4 9798.92 1118.13 8680.79 721.471 561.735 2040.46 1696.22 704.217 992.005 159.736
internal_count=131188 6345 124843 102106 95212 14018 81194 6894 5425 22737 18328 7716 10612 1469
is_linear=0
shrinkage=0.035


Tree=110
num_leaves=15
num_cat=0
split_feature=3 10 10 25 3 14 22 8 12 29 6 25 16 5
split_gain=12.2801 15.8683 27.7248 33.6111 38.7328 30.6956 24.5657 33.7952 19.2821 22.0222 19.7904 17.7208 16.8017 17.4546
threshold=1.9270285964012148 0.53824713826179515 0.43507897853851324 2.8200000000000007 0.39299960434436804 0.47448155283927923 0.27970407903194433 -0.49808794260025019 0.45595462620258337 3.5500000000000003 0.31094019114971166 0.55000000000000016 2.2519055604934697 0.17020014673471454
decision_type=2 2 2 2 2 2 2 2 2 2 2 2 2 2
left_child=1 2 3 4 -1 -5 7 -3 9 -8 -10 -9 13 -4
right_child=-2 6 12 5 -6 -7 8 11 10 -11 -12 -13 -14 -15
leaf_value=-0.0072842315802008374 0.0070856214029546387 -0.0057897392590757846 0.0034626286824775625 -0.0063526623149209429 0.02268447550726288 0.0020626333879897193 -0.013060381198511141 -0.0063778864553598359 -0.0070705535762665729 0.013307432232314904 0.00019747542985685819 0.0047881394276220292 -0.0080245104111501958 0.015083938479113353
leaf_weight=1121.8806405458599 282.4313818141818 665.56622810661793 2490.269602958113 616.460344215855 45.842899560928345 3477.3396716173738 43.826352782547474 188.55265552178025 1650.9050246942788 136.86651593819261 633.44070817157626 1470.9381172098219 135.69438457489014 160.52077316120267
leaf_count=12897 2078 5832 22619 7357 250 36576 658 2642 18997 1621 5816 11142 1418 1285
internal_value=-6.39202e-06 -0.000167806 0.00078131 -0.000714158 -0.00592509 0.000783033 -0.00176075 0.000819355 -0.00418783 0.00656251 -0.00506308 0.00348884 0.00359755 0.00422041
internal_weight=13120.5 12838.1 8048.01 5261.52 1167.72 4093.8 4790.1 2325.06 2465.04 180.693 2284.35 1659.49 2786.48 2650.79
internal_count=131188 129110 82402 57080 13147 43933 46708 19616 27092 2279 24813 13784 25322 23904
is_linear=0
shrinkage=0.035


Tree=111
num_leaves=15
num_cat=0
split_feature=11 8 28 10 8 25 15 6 28 8 3 22 8 15
split_gain=12.1455 31.0449 24.9779 18.6664 23.1938 23.6176 22.8823 19.8742 23.2474 21.5761 19.2873 22.1367 31.7506 16.748
threshold=0.21027008444070819 -0.33378942310810084 -1.7299220911368594 0.53824713826179515 -0.071711514145135866 5.2250000000000005 23.677119255065922 -0.264771819114685 -0.40673658347942782 -0.72851803898811329 1.9270285964012148 0.27970407903194433 -0.49808794260025019 21.067113876342777
decision_type=2 2 2 2 2 2 2 2 2 2 2 2 2 2
left_child=1 -1 13 4 7 -6 -7 9 -9 -2 11 12 -5 -3
right_child=3 2 -4 10 5 6 -8 8 -10 -11 -12 -13 -14 -15
leaf_value=-0.012239946627050779 -0.013574528519930358 -0.0020526858109318463 -0.0024367128485634189 -0.005607205322036928 0.0036659593725881954 0.011301478073412625 0.045779810303878316 0.0023549504413873019 -0.00257892660677896 0.0081942291007421619 0.0078949983652162204 -0.0039620447689057564 0.0034032365061243785 0.01474324589775179
leaf_weight=322.87213519960642 51.644153688102961 112.75327602773905 1515.8240589220077 662.71940136700869 238.70738005265594 88.969490829855204 28.162420336157084 2952.8474215902388 1923.3429453391582 690.84039648249745 265.62103073298931 2424.3720202762634 1655.1773647144437 184.1894789300859
leaf_count=4838 466 1127 17826 5831 1781 703 200 26260 22055 6088 1951 26734 13725 1603
internal_value=-6.14584e-06 -0.00241482 -0.000607311 0.000464015 0.00178373 0.0103251 0.0225401 0.00122542 0.000407559 0.00651981 -0.00111085 -0.00163084 0.000814004 0.0085065
internal_weight=13118 2135.64 1812.77 10982.4 5974.51 355.839 117.132 5618.67 4876.19 742.485 5007.89 4742.27 2317.9 296.943
internal_count=131188 25394 20556 105794 57553 2684 903 54869 48315 6554 48241 46290 19556 2730
is_linear=0
shrinkage=0.035


Tree=112
num_leaves=15
num_cat=0
split_feature=14 11 26 14 4 13 23 25 0 33 5 23 1 24
split_gain=11.8277 17.3237 15.9717 12.8069 21.597 14.8751 19.274 16.4577 15.3672 13.7298 13.2951 13.1741 12.9616 12.8638
threshold=0.13899476826190951 0.57373544573783886 -0.92000000000000026 2.8184012174606328 -0.08059630915522574 0.65328913927078258 0.096428066492080702 0.55000000000000016 0.033440599218010909 -0.21630575307045893 -0.20304091274738309 0.2161265313625336 0.023172851651906971 0.032262634485960014
decision_type=2 2 2 2 2 2 2 2 2 2 2 2 2 2
left_child=1 -1 -3 5 -5 6 10 -8 11 12 -2 -7 -6 -10
right_child=3 2 -4 4 9 8 7 -9 13 -11 -12 -13 -14 -15
leaf_value=-0.0098878523221508485 0.014244163959974432 0.021635168500326197 -0.01130395471485285 0.015856937310378384 -0.013600375122546556 -0.01024618805911868 -0.0052839877848246536 0.00097362707309294339 0.0055589063036107387 -0.0062545199415825021 -0.0045461943284187886 0.01045754496433636 0.013835604661723289 -0.0046552788657319754
leaf_weight=283.76614833623171 38.260108731687069 37.437668051570654 21.167182613164186 56.083327509462833 19.394263535737991 154.59328569658101 540.05628132820129 8056.6604632008821 1458.3914234116673 865.65552372485399 1309.6722574606538 40.030998557806015 73.602131862193346 160.78377974033356
leaf_count=3633 477 347 252 516 229 1686 8519 73278 13647 9168 16780 283 663 1710
internal_value=-4.79987e-06 -0.00633056 0.00982452 0.000169575 -0.00358338 0.000496218 -3.66294e-05 0.000574833 0.00340188 -0.00487264 -0.00391187 -0.00568482 0.00734893 0.00452229
internal_weight=13115.6 342.371 58.6049 12773.2 1014.74 11758.4 9944.65 8596.72 1813.8 958.652 1347.93 194.624 92.9964 1619.18
internal_count=131188 4232 599 126956 10576 116380 99054 81797 17326 10060 17257 1969 892 15357
is_linear=0
shrinkage=0.035


Tree=113
num_leaves=15
num_cat=0
split_feature=11 8 28 8 11 26 15 5 29 6 3 30 15 19
split_gain=11.3756 29.2958 23.0612 17.6251 27.8782 26.6526 22.1943 17.7672 16.2681 35.6409 24.8914 15.561 15.3857 15.9539
threshold=0.21027008444070819 -0.33378942310810084 -1.7299220911368594 -0.12097887694835661 0.50948160886764537 -1.2850000000000001 23.677119255065922 -0.065857302397489534 3.6500000000000008 0.31094019114971166 0.62993767857551586 -0.24999999999999975 21.067113876342777 0.065309897065162673
decision_type=2 2 2 2 2 2 2 2 2 2 2 2 2 2
left_child=1 -1 12 7 5 -5 -7 11 10 -10 -4 -2 -3 -14
right_child=3 2 8 4 -6 6 -8 -9 9 -11 -12 -13 13 -15
leaf_value=-0.011937919597237868 -0.0041863030135079748 -0.0020101708257538342 -0.0087561713462965263 -0.0049066020322275673 -0.016683226983221826 0.0042953886872523564 0.015220327207108614 -0.0013305359689233631 0.0022818268196586962 -0.025386663790822939 0.019422385007651328 0.0025884483842345341 0.022877895934513424 0.0024440096139875318
leaf_weight=319.53263731300831 464.9665378369391 112.63082306832075 548.19313303381205 257.0198645144701 66.080096580088139 817.98389358446002 313.03156160563231 5723.4337221756577 881.73403729125857 50.93204840272665 31.919743023812771 3340.2305581979454 100.3596030883491 85.895293325185776
leaf_count=4838 7435 1127 7447 2199 549 6462 2395 57433 9803 413 163 29321 925 678
internal_value=-4.42461e-06 -0.00233832 -0.000588954 0.000450183 0.00402546 0.00512362 0.00742598 -9.90703e-05 -0.0023546 0.000517597 -0.00690284 0.00175182 0.00813458 0.0140591
internal_weight=13113.9 2131.2 1811.66 10982.7 1454.12 1388.04 1131.02 9528.63 1512.78 932.666 580.113 3805.2 298.886 186.255
internal_count=131188 25394 20556 105794 11605 11056 8857 94189 17826 10216 7610 36756 2730 1603
is_linear=0
shrinkage=0.035


Tree=114
num_leaves=15
num_cat=0
split_feature=22 17 28 30 20 27 8 18 8 11 7 15 15 6
split_gain=11.493 18.8175 15.8416 14.3024 16.4143 16.9642 14.1223 14.4132 13.8677 16.712 13.5812 13.0586 12.4885 26.5225
threshold=0.39701244235038763 0.015994798392057422 1.0000000180025095e-35 -0.24999999999999975 -0.14048753678798673 8.7764034884104571 -0.16173209995031354 0.078395765274763121 -0.29683119058609003 0.43213717639446264 -0.42166590690612787 20.078255653381351 23.533616065979007 0.16605263948440555
decision_type=2 10 2 2 2 2 2 2 2 2 2 2 2 2
left_child=3 -2 8 12 -5 11 10 -8 -3 -10 -4 -6 13 -1
right_child=1 2 6 4 5 -7 7 -9 9 -11 -12 -13 -14 -15
leaf_value=-0.0044145772502727871 -0.022280018864789898 -0.0046657195401719233 0.01631107674636607 0.011388093856775135 -0.0093414869961719275 -0.0066298017677354102 0.011006034144029573 -0.012167352892484957 0.0025874470351887266 -0.011190257904212709 -0.017511287905966996 0.001105314760120175 -0.015018607234481514 0.01880783502107267
leaf_weight=626.52686865068972 45.911264482885599 677.20924682728946 8.124325502663849 167.6350378729403 139.01053709536791 367.10918992012739 62.269906274974346 50.336683504283428 1257.0378035232425 108.00856985896826 168.04745592549443 9278.4184637498111 99.753192963078618 56.658135928213596
leaf_count=10310 819 10406 126 1307 1305 4011 819 617 14257 1246 3239 80804 1430 492
internal_value=-4.75223e-06 -0.00220161 -0.00171267 0.000483268 0.00084293 0.000650821 -0.00924078 0.000499707 -0.000608345 0.00142384 -0.0151592 0.000941364 -0.00404148 -0.00224515
internal_weight=13112.1 2376.95 2331.03 10735.1 9952.17 9784.54 288.778 112.607 2042.26 1365.05 176.172 9417.43 782.938 683.185
internal_count=131188 31529 30710 99659 87427 86120 4801 1436 25909 15503 3365 82109 12232 10802
is_linear=0
shrinkage=0.035


Tree=115
num_leaves=15
num_cat=0
split_feature=16 17 10 8 2 9 0 24 15 22 6 17 9 5
split_gain=11.2219 17.8754 12.4698 26.1298 27.5111 31.1908 18.1233 29.6176 14.7707 14.7659 17.1197 16.1491 10.0305 8.69005
threshold=2.5000044107437138 0.061225941404700286 0.92401519417762767 -0.63282975554466236 0.18130384385585788 0.6235521435737611 0.22603399306535724 0.031914900988340385 23.834196090698246 0.39701244235038763 0.1863512918353081 0.015994798392057422 0.36041930317878729 -0.27316644787788386
decision_type=2 8 2 2 2 2 2 2 2 2 2 10 2 2
left_child=2 -2 6 13 12 -6 9 8 -8 10 -1 -11 -5 -4
right_child=1 -3 3 4 5 -7 7 -9 -10 11 -12 -13 -14 -15
leaf_value=0.00030065591574064254 -0.014059141310810515 -0.00062293327479435437 0.020797716915841324 0.0067161007972640924 0.015828685133377748 -0.0051611875027540348 0.0060752456032004505 -0.011400174230964136 0.020025104308184681 -0.022516785682864422 0.0054994482307239205 -0.0020535913095873089 -0.016138073104397618 0.0024490167962303339
leaf_weight=8233.4419046211988 166.70979244448245 389.96323814615607 49.564863570034504 20.310695629566908 97.633806388825178 437.1596173979342 397.39291224628687 88.838278815150261 118.39503245800734 38.619523346424103 846.84669484198093 1881.4580763950944 270.05838918499649 73.998645309358835
leaf_count=78368 2043 4302 456 221 1004 4126 3569 868 990 725 5728 25165 2864 759
internal_value=-5.96541e-06 -0.00482384 0.000211344 -0.00362531 -0.00589132 -0.00110899 0.000527848 0.00637682 0.00959728 0.000200864 0.000791023 -0.00257971 -0.0143691 0.0108153
internal_weight=13110.4 556.673 12553.7 948.726 825.163 534.793 11605 604.626 515.788 11000.4 9080.29 1920.08 290.369 123.564
internal_count=131188 6345 124843 9430 8215 5130 115413 5427 4559 109986 84096 25890 3085 1215
is_linear=0
shrinkage=0.035


Tree=116
num_leaves=15
num_cat=0
split_feature=14 8 12 6 24 16 31 15 17 8 25 14 0 0
split_gain=11.0329 17.1642 14.5707 12.4866 14.4213 11.9276 22.7496 26.5875 40.125 22.2549 19.3885 16.6099 17.5497 15.0434
threshold=0.13899476826190951 -0.67106613516807545 0.53684827685356151 1.0000000180025095e-35 0.030391268432140354 1.4163023233413699 0.0088706853385821533 21.764852523803714 0.044986806809902198 -0.25949512422084803 0.55000000000000016 2.8184012174606328 0.22603399306535724 -0.14811548590660092
decision_type=2 2 2 2 2 2 2 2 8 2 2 2 2 2
left_child=1 -1 3 -3 -5 10 13 8 -8 -9 -2 12 -12 -7
right_child=5 2 -4 4 -6 6 7 9 -10 -11 11 -13 -14 -15
leaf_value=0.021716218189596976 -0.0056172113066850276 -0.0078066223934157939 -0.014975706637247337 -0.0068133629496361934 0.023954261070723838 0.0093798914541224025 -0.0037830366368050076 -0.0079345672132469167 0.013455688660275628 0.002824344292635405 0.0011303762224724823 -0.0094355396283485569 0.011116476194835414 -0.0053731859159114543
leaf_weight=15.913734026253222 536.98154807090759 97.096068689599633 167.54227960854769 26.687174927443266 33.131168432533741 80.63471358269453 271.22825352847576 459.96341843158007 400.05888703837991 464.36871697381139 8636.2322420384735 167.51082074269652 211.29597666859627 1540.12508235313
leaf_count=166 8490 1155 2190 364 357 803 2804 4808 3594 3908 81397 1589 1741 17822
internal_value=-5.88683e-06 -0.00613328 -0.00810768 -0.000316607 0.0112179 0.000162124 -0.00167817 0.00128583 0.00653723 -0.00255709 0.0007829 0.00116992 0.00138114 -0.00458619
internal_weight=13108.8 340.37 324.457 156.914 59.8183 12768.4 3216.38 1595.62 671.287 924.332 9552.02 9015.04 8847.53 1620.76
internal_count=131188 4232 4066 1876 721 126956 33739 15114 6398 8716 93217 84727 83138 18625
is_linear=0
shrinkage=0.035


Tree=117
num_leaves=15
num_cat=0
split_feature=33 17 3 10 11 6 33 29 11 14 11 28 15 3
split_gain=10.7523 22.3305 16.611 16.5319 28.301 24.9728 18.1796 17.1507 16.2034 16.0073 21.4609 16.8099 18.1426 13.2219
threshold=-0.067435648233345621 0.022048955783247951 0.23175679147243503 0.71925216913223278 0.50948160886764537 0.55470368266105663 -0.1179000261444577 3.6500000000000008 0.48898662626743322 0.3518767803907395 0.2531034797430039 -0.20349242140922372 21.577282905578617 0.082598924636840834
decision_type=2 10 2 2 2 2 2 2 2 2 2 2 2 2
left_child=1 2 -1 4 7 6 -5 -3 -7 10 -2 -12 -13 -6
right_child=9 3 -4 5 13 8 -8 -9 -10 -11 11 12 -14 -15
leaf_value=-0.0092175058017609519 -0.020420807289530375 0.000369317505142156 0.015232238342410559 -0.0084002559950901515 0.034695442195137892 0.016615543619430368 0.00053438839915506849 0.0044102849944876003 -0.0027880865234167448 -0.0003057866128089736 0.0012289119929770438 -0.0017168423661084746 -0.016448710377372486 0.00094254988918693317
leaf_weight=363.82249063067138 92.308263683691621 3320.4247722327709 28.450757518410683 585.72989642992616 37.862535174936056 119.7790748924017 522.55354707688093 2092.6465660892427 84.550068374723196 4973.964166617021 456.14643181487918 227.54489431716502 180.21128422021866 21.037116043269634
leaf_count=4467 1577 32073 198 6350 276 1016 4169 14864 705 54783 4485 3410 2671 144
internal_value=-5.39815e-06 0.000905284 -0.00710964 0.00137847 0.00222422 -0.0021374 -0.00422048 0.00193677 0.00883098 -0.0011072 -0.00522963 -0.00339134 -0.0084656 0.0245265
internal_weight=13107 7176.86 392.273 6784.58 5471.97 1312.61 1108.28 5413.07 204.329 5930.18 956.211 863.903 407.756 58.8997
internal_count=131188 64262 4665 59597 47357 12240 10519 46937 1721 66926 12143 10566 6081 420
is_linear=0
shrinkage=0.035


Tree=118
num_leaves=15
num_cat=0
split_feature=22 33 17 3 24 22 27 15 8 24 9 11 6 16
split_gain=10.3311 16.8845 18.2143 22.0161 16.8353 23.9124 16.9181 17.6014 16.6591 15.9234 15.9584 11.555 14.1273 21.0189
threshold=0.45299300551414495 -0.067435648233345621 0.022048955783247951 0.23175679147243503 0.030043962411582473 0.18286002427339557 8.7764034884104571 22.386670112609867 -0.17058596760034558 0.030992706306278709 0.49911369383335119 0.43213717639446264 0.10262179374694826 0.66264888644218456
decision_type=2 2 10 2 2 2 2 2 2 2 2 2 2 2
left_child=1 2 3 -1 5 -3 7 -6 -7 10 -4 12 -2 -14
right_child=11 4 9 -5 6 8 -8 -9 -10 -11 -12 -13 13 -15
leaf_value=-0.0091235146502222832 -0.006291124704222246 0.00017904165575970482 0.0051623172628125231 0.020881395955976101 -0.0019956017392021457 -0.0095884203741501781 0.010914606554232743 0.0032024010944938157 -0.00037510526369689167 -0.0002653654285709984 0.00028284787455809096 -0.013436186130626568 0.01964845230711993 -0.0010281633275116729
leaf_weight=302.96575532853603 426.87466076947749 1153.6854548063129 2319.087816208601 23.667516306042671 2204.1992752607912 821.08535519056022 168.96284378319979 1237.699626673013 339.44253006763756 2342.3719545602798 1269.9903846010566 115.81142036989331 64.218382623046637 314.8915427736938
leaf_count=3297 7094 13098 18284 140 23649 13068 1307 11944 3860 19772 10032 1676 700 3267
internal_value=-5.10057e-06 0.000266357 0.001533 -0.00639367 -0.0010718 -0.00339535 0.00042263 -0.000122549 -0.00691985 0.00197953 0.00344131 -0.00355724 -0.00199048 0.00288925
internal_weight=13105 12183.2 6258.08 326.633 5925.08 2314.21 3610.86 3441.9 1160.53 5931.45 3589.08 921.796 805.985 379.11
internal_count=131188 118451 51525 3437 66926 30026 36900 35593 16928 48088 28316 12737 11061 3967
is_linear=0
shrinkage=0.035


Tree=119
num_leaves=15
num_cat=0
split_feature=14 4 4 22 6 19 28 7 33 28 8 1 11 14
split_gain=10.2434 19.8795 14.6582 23.8362 20.9926 20.308 18.6258 15.5369 12.5155 12.2397 21.2324 11.9505 11.4758 10.8376
threshold=2.8184012174606328 -0.08059630915522574 0.047826813533902175 0.3397038877010346 0.1863512918353081 -0.046235499903559678 -0.74591251496506306 -0.23736196011304853 -0.21630575307045893 1.0000000180025095e-35 -0.16173209995031354 0.023172851651906971 0.48898662626743322 0.24345398694276812
decision_type=2 2 2 2 2 2 2 2 2 2 2 2 2 2
left_child=2 -2 3 4 5 -1 -6 -4 11 13 -11 -3 -9 -5
right_child=1 8 7 9 6 -7 -8 12 -10 10 -12 -13 -14 -15
leaf_value=0.0024806258997876062 0.01517072265478538 -0.013263322333215161 -0.0074080304823466734 -0.0078089599557417113 -0.0014402717078441285 -0.0016649262087505877 0.012458629657772793 0.0044929358510690425 -0.0059595321535360095 -0.016021851520648927 0.004718801236264036 0.013149208404546643 -0.0055479926222749406 -0.0012756297120996749
leaf_weight=2891.8526163641363 56.752012118697166 19.0689034499228 156.45070631057024 337.06956451572478 176.37782675027847 2878.8270785063505 336.19497964903712 1839.9593084231019 858.6134269759059 182.77330977097154 82.580261755734682 74.459254246205091 142.42349989339709 3068.8753902502358
leaf_count=25153 516 229 1486 5159 1161 26905 2109 16736 9168 3564 1108 663 1307 35924
internal_value=-4.71823e-06 -0.00337506 0.00027901 -0.000286623 0.00102227 0.000413226 0.00773994 0.00290066 -0.00462667 -0.00252342 -0.00963023 0.00700314 0.00374732 -0.00194317
internal_weight=13102.3 1008.89 12093.4 9954.55 6283.25 5770.68 512.573 2138.83 952.142 3671.3 265.354 93.5282 1982.38 3405.94
internal_count=131188 10576 120612 101083 55328 52058 3270 19529 10060 45755 4672 892 18043 41083
is_linear=0
shrinkage=0.035


Tree=120
num_leaves=15
num_cat=0
split_feature=3 11 10 10 25 3 14 22 8 12 29 10 22 16
split_gain=10.0926 13.8057 13.4635 23.5902 31.0423 34.8007 27.5935 20.7178 29.9975 18.3634 20.3627 17.9861 15.8877 16.5026
threshold=1.9270285964012148 0.3227506577968598 0.53824713826179515 0.43507897853851324 2.8200000000000007 0.39299960434436804 0.47448155283927923 0.27970407903194433 -0.51200741529464711 0.45595462620258337 3.5500000000000003 0.88175842165946972 0.10145319998264314 0.47961382567882543
decision_type=2 2 2 2 2 2 2 2 2 2 2 2 2 2
left_child=2 -2 3 4 5 -1 -6 8 -4 10 -9 -10 13 -5
right_child=1 -3 7 12 6 -7 -8 9 11 -11 -12 -13 -14 -15
leaf_value=-0.0069985609980338847 -0.016152457927916537 0.0087198074860538478 -0.0058630246100205468 -0.010769971840630926 -0.0060315076687514763 0.021341497385750884 0.001979635322938524 -0.01251038093516412 0.0049223219785450049 -0.004729575831264171 0.013031568062736679 -0.003879563071666885 0.0025815826957991061 0.01697539099321033
leaf_weight=1111.939432060346 21.155204519629478 264.21155475452542 610.53459306061268 24.013010408729315 610.45715367794037 46.15634948015213 3479.0761466883123 42.795179016888142 1364.4046938605607 2262.9201548136771 137.43986820429564 350.57422430068254 2614.3720875233412 160.08292230218649
leaf_count=12897 142 1936 5385 203 7357 250 36576 658 11192 24813 1621 3039 23955 1164
internal_value=-5.01889e-06 0.00639151 -0.000152333 0.000720851 -0.000663549 -0.00569602 0.000771992 -0.00162407 0.000739958 -0.00386811 0.00662804 0.00311099 0.00330997 0.0129879
internal_weight=13100.1 285.367 12814.8 8046.1 5247.63 1158.1 4089.53 4768.67 2325.51 2443.16 180.235 1714.98 2798.47 184.096
internal_count=131188 2078 129110 82402 57080 13147 43933 46708 19616 27092 2279 14231 25322 1367
is_linear=0
shrinkage=0.035


Tree=121
num_leaves=15
num_cat=0
split_feature=11 8 28 10 16 34 8 5 10 21 11 8 15 24
split_gain=10.0621 27.175 21.2098 15.6095 19.3713 18.8177 18.6822 27.3584 17.9658 17.8392 23.1699 16.1936 15.1109 14.9946
threshold=0.21027008444070819 -0.33378942310810084 -1.7299220911368594 0.53824713826179515 0.38091585040092474 -0.038291429902634559 -0.49808794260025019 -0.27316644787788386 0.88175842165946972 0.074440684169530882 0.3559535294771195 -0.30423325300216669 25.327908515930179 0.032575633376836784
decision_type=2 2 2 2 2 2 2 2 2 2 2 2 2 2
left_child=1 -1 -3 4 -2 12 7 -7 -8 10 -6 -11 -5 -4
right_child=3 2 13 5 9 6 8 -9 -10 11 -12 -13 -14 -15
leaf_value=-0.011526777994470119 -0.0066793813734787426 0.0078096446140751051 -0.0013208019568419268 -0.0081731120894065028 0.00039003593514322539 0.0086739234862131791 0.0024004305788468392 -0.0069053206766104261 -0.0035549740983113498 0.0015376147999840053 0.0072609155375439717 0.012203393399362328 0.016656047311898355 -0.015688486928406135
leaf_weight=314.80885240994394 315.9404975194484 300.52152754738927 1420.617909187451 551.30771056562662 4281.9451598692685 155.78334107995033 2612.0878480821848 845.742237765342 803.37883924134076 327.4358131699264 689.68965144455433 371.20739829540253 22.578969538211823 85.155142715200782
leaf_count=4838 3611 2730 16534 6371 41456 1306 23956 8531 7861 3270 6083 3133 216 1292
internal_value=-5.09053e-06 -0.00220606 -0.000527084 0.000421823 0.00162572 -0.00102254 -0.000241379 -0.00442024 0.000993324 0.00209942 0.00135586 0.00729686 -0.0069277 -0.00223147
internal_weight=13098.2 2121.1 1806.29 10977.1 5986.22 4990.88 4416.99 1001.53 3415.47 5670.28 4971.63 698.643 573.887 1505.77
internal_count=131188 25394 20556 105794 57553 48241 41654 9837 31817 53942 47539 6403 6587 17826
is_linear=0
shrinkage=0.035


Tree=122
num_leaves=15
num_cat=0
split_feature=5 8 28 25 17 10 6 26 9 2 2 3 9 16
split_gain=10.0024 20.4496 17.8996 16.8027 20.2962 16.088 15.4389 15.1055 32.9239 25.5617 15.0879 16.1182 14.5513 13.4342
threshold=-0.065857302397489534 -0.28927157819271082 -0.20349242140922372 3.9399999999999999 0.03847047686576844 1.1225485205650332 0.031704638153314597 -1.3799999999999999 0.19365488737821582 0.58984988927841198 0.13037868589162829 -0.34749810397624964 0.56043332815170299 0.44910728931427008
decision_type=2 2 2 2 10 2 2 2 2 2 2 2 2 2
left_child=6 2 3 4 -2 7 13 8 -3 -9 11 -4 -8 -1
right_child=1 5 10 -5 -6 -7 12 9 -10 -11 -12 -13 -14 -15
leaf_value=-0.0031573863239497098 -0.0034394527145664242 0.021855872515981895 -0.011771411789498651 -0.0041901252678054023 0.0054868563133045715 -0.010039125295576896 0.014043389353417661 0.00075722241866371198 -0.0053426288038225817 0.0086475989453248317 -0.018538885878652368 -0.0017759194170871042 0.00054570863320045051 0.0019101703562149409
leaf_weight=825.66501378268003 538.6592055298388 48.867849946022034 286.28303044848144 1141.9243998154998 715.3635678589344 158.08955083042383 209.31744251400232 4216.5899880733341 758.44259855151176 561.48920725658536 108.02648000046611 607.1029766574502 178.15899024158716 2742.6043064966798
leaf_count=8722 4299 453 4157 14609 5474 1511 1947 40769 7374 4166 1394 8009 1552 26752
internal_value=-5.13685e-06 -0.000641405 -0.0027897 -0.00113628 0.00165573 0.000631985 0.00146305 0.000951423 -0.00344899 0.00170057 -0.00669526 -0.00507379 0.00800712 0.000732037
internal_weight=13096.6 9140.84 3397.36 2395.95 1254.02 5743.48 3955.75 5585.39 807.31 4778.08 1001.41 893.386 387.476 3568.27
internal_count=131188 92215 37942 24382 9773 54273 38973 52762 7827 44935 13560 12166 3499 35474
is_linear=0
shrinkage=0.035


Tree=123
num_leaves=15
num_cat=0
split_feature=16 17 4 17 8 14 12 2 32 34 22 14 29 18
split_gain=9.76589 17.1775 10.7354 14.431 17.8353 19.124 16.7121 16.5194 19.7655 15.3787 10.9106 11.2103 8.20918 6.94684
threshold=2.5000044107437138 0.061225941404700286 -0.14276183396577832 0.071654707193374648 -0.60442450642585743 0.3518767803907395 0.63781169056892406 -0.51672425866127003 0.023428329849149002 -0.031273858577813334 0.11457107588648797 2.8184012174606328 3.7500000000000004 -0.030883950181305405
decision_type=2 8 2 8 2 2 2 2 2 2 2 2 2 2
left_child=2 13 10 4 6 -6 -4 8 -5 -9 -1 -12 -3 -2
right_child=1 12 3 7 5 -7 -8 9 -10 -11 11 -13 -14 -15
leaf_value=0.014432541638314707 0.0072495328548960215 0.0020842270682406988 0.0061797502213707554 0.033490788805285887 -0.0027627015576403998 0.0013659999384021222 -0.0082636862436280493 -0.0099020093382028787 -0.0073162545386803602 -0.0012715547829713042 -8.8216514753645129e-05 0.021656592102750956 -0.010337457446809672 -0.015676006405319052
leaf_weight=112.99612878262997 12.226602552458642 316.27182312682271 114.64901735261083 21.217820793390274 1618.609410379082 8804.6188149116933 483.9484739433974 414.15582644939423 21.718380827456713 635.16797582246363 293.59195434302092 22.221921637654305 71.458890795707703 151.94566760957241
leaf_count=1004 157 3466 1186 183 18505 85766 4619 3867 209 6447 2856 201 836 1886
internal_value=-5.37515e-06 -0.00451961 0.000196699 1.89374e-06 0.000383424 0.000722826 -0.00544126 -0.00381662 0.0153666 -0.00473921 0.00557458 0.00205957 -0.000407445 -0.0136504
internal_weight=13094.8 551.903 12542.9 12114.1 11021.8 10423.2 598.597 1092.26 42.9362 1049.32 428.81 315.814 387.731 164.172
internal_count=131188 6345 124843 120782 110076 104271 5805 10706 392 10314 4061 3057 4302 2043
is_linear=0
shrinkage=0.035


Tree=124
num_leaves=15
num_cat=0
split_feature=3 19 10 10 25 3 14 22 12 29 15 3 22 30
split_gain=9.51835 11.6666 11.3911 21.079 29.0577 32.5339 25.0356 18.739 17.1673 18.8814 15.4997 23.8052 18.1079 14.6757
threshold=1.9270285964012148 0.18318083137273791 0.53824713826179515 0.43507897853851324 2.8200000000000007 0.39299960434436804 0.47448155283927923 0.27970407903194433 0.45595462620258337 3.5500000000000003 21.231522560119632 0.95325967669487011 0.18286002427339557 1.0000000180025095e-35
decision_type=2 2 2 2 2 2 2 2 2 2 2 2 2 2
left_child=2 -2 3 4 5 -1 -6 -4 9 -9 12 -12 -5 -10
right_child=1 -3 7 10 6 -7 -8 8 13 -11 11 -13 -14 -15
leaf_value=-0.0068085914247269976 0.013301970416338458 -0.00055896691854661956 0.00074109838513338009 0.012234834231373322 -0.0057776581947586855 0.020523549056987656 0.0018739075424041051 -0.012124722244865183 -0.0019156899142275675 0.012571601388907054 0.0001436452989577855 0.021223265379436012 0.0028999754494663734 -0.0076073523463932851
leaf_weight=1106.3315274920315 134.79842968657613 151.38435843586922 2324.5383087880909 393.65396931022406 606.29560067132115 46.475752755999565 3485.6284881141037 42.105386331677437 1241.8099931869656 138.5976095572114 1643.6816081833094 58.362509720027447 713.29750731214881 1007.0436714906245
leaf_count=12897 983 1095 19616 3263 7357 250 36576 658 14721 1621 14841 408 6810 10092
internal_value=-4.57446e-06 0.00619852 -0.000147907 0.000653889 -0.000656898 -0.00553966 0.000728863 -0.00150472 -0.00364769 0.0064831 0.00309493 0.000986201 0.00629945 -0.00448683
internal_weight=13094 286.183 12807.8 8053.73 5244.73 1152.81 4091.92 4754.09 2429.56 180.703 2809 1702.04 1106.95 2248.85
internal_count=131188 2078 129110 82402 57080 13147 43933 46708 27092 2279 25322 15249 10073 24813
is_linear=0
shrinkage=0.035


Tree=125
num_leaves=15
num_cat=0
split_feature=11 8 8 25 25 15 29 8 11 15 26 11 15 6
split_gain=9.87912 25.0488 17.1735 35.8794 28.1686 25.4721 18.4412 14.1567 22.6484 19.2817 18.7819 15.7425 13.7214 23.7651
threshold=0.21027008444070819 -0.33378942310810084 -0.071711514145135866 1.4450000000000001 2.4450000000000007 23.409000396728519 3.7500000000000004 -0.0975510999560356 0.24420057982206347 22.545885086059574 -1.2850000000000001 0.50948160886764537 20.860421180725101 -0.1852670609951019
decision_type=2 2 2 2 2 2 2 2 2 2 2 2 2 2
left_child=1 -1 4 -4 -3 -6 -5 12 9 -9 -10 -12 13 -2
right_child=7 2 3 6 5 -7 -8 8 10 -11 11 -13 -14 -15
leaf_value=-0.011191882331287355 0.0064234362730182914 -0.014405142624949855 0.02458374437150837 -0.012716586396345384 0.0011779576560881494 0.016339146221385117 0.0028964210732418485 0.0033549785735309326 -0.0095490156862230655 0.022194738797030784 0.0050053415354362274 -0.015672850487674431 -0.00077566882131719815 -0.00051638466302972644
leaf_weight=311.24209041520953 986.09933551959693 113.43298742547631 33.654338359832764 346.26331997662783 1046.9099108614028 146.3197867795825 120.87591244652867 137.68998908624053 150.19692968577147 126.9193679690361 679.41465216130018 38.618270516395569 7320.2757584881037 1534.0734936166555
leaf_count=4838 8971 1948 245 3170 12710 1487 996 1126 1310 980 5130 315 71820 16142
internal_value=-3.34532e-06 -0.00218558 -0.000581658 -0.0060263 0.00153498 0.00315744 -0.00870057 0.000419602 0.00410682 0.0128706 0.00131975 0.0036932 -8.61094e-06 0.0022137
internal_weight=13092 2118.7 1807.46 500.794 1306.66 1193.23 467.139 10973.3 1132.84 264.609 868.23 718.033 9840.45 2520.17
internal_count=131188 25394 20556 4411 16145 14197 4166 105794 8861 2106 6755 5445 96933 25113
is_linear=0
shrinkage=0.035


Tree=126
num_leaves=15
num_cat=0
split_feature=28 8 3 11 11 15 16 11 15 16 17 12 26 16
split_gain=9.54033 25.7438 34.9772 33.9134 31.8899 30.7182 28.1727 21.9239 19.7922 16.7938 16.0791 23.0755 19.6922 19.3781
threshold=-0.40673658347942782 -0.22893909364938733 0.45276044309139257 0.28025582432746893 0.30795718729496008 20.660531044006351 0.56565031409263622 0.35020197927951818 23.677119255065922 0.90729725360870372 0.056895622983574874 0.65890878438949596 -0.83499999999999985 2.5000044107437138
decision_type=2 2 2 2 2 2 2 2 2 2 8 2 2 2
left_child=10 4 7 -4 -2 9 -7 8 -3 -6 13 -12 -13 -1
right_child=1 2 3 -5 5 6 -8 -9 -10 -11 11 12 -14 -15
leaf_value=0.0019413196588869766 -0.0075481776707014142 -0.0045029787554448329 0.025862948179170762 0.0041675731661113997 0.0031087933478719208 -0.009838781422055182 -0.00011022200954502821 0.0086701546875219034 0.0083241754203966355 0.017501449473170196 0.01078133028628144 -0.0057789324473704884 0.0020483261468733716 -0.014709691482684271
leaf_weight=5744.6972641609609 1169.852388234809 938.38670451566577 122.73155540600419 278.40155239775777 361.18856853991747 474.25340196304023 1477.2277756985277 255.24335544556379 165.00400329940021 130.19893522188067 148.99008040875196 1160.3257751055062 587.04685661941767 77.018016342073679
leaf_count=52783 16443 10555 804 2001 3785 5571 15503 2419 1598 1286 1401 11236 4933 870
internal_value=-3.0755e-06 -0.00113439 0.00232836 0.0112731 -0.00282288 -0.000538453 -0.00251259 -0.00037563 -0.00252724 0.0071953 0.00078487 -0.00200705 -0.0031526 0.00169619
internal_weight=13090.6 5372.49 1759.77 401.133 3612.72 2442.87 1951.48 1358.63 1103.39 491.388 7718.08 1896.36 1747.37 5821.72
internal_count=131188 59965 17377 2805 42588 26145 21074 14572 12153 5071 71223 17570 16169 53653
is_linear=0
shrinkage=0.035


Tree=127
num_leaves=15
num_cat=0
split_feature=4 25 22 11 8 28 6 26 15 17 19 17 15 22
split_gain=9.27783 14.7839 16.7052 18.1594 14.7824 20.5717 28.511 16.4308 21.5636 21.657 16.7266 22.2941 16.3732 15.0121
threshold=-0.043477704748511307 0.26500000000000007 0.17287103831768039 0.29860505461692816 -0.24449487030506131 -0.20349242140922372 -0.264771819114685 -1.02 23.082156181335453 0.071654707193374648 -0.039613647386431687 0.028875116258859638 20.610119819641117 0.35781356692314154
decision_type=2 2 2 2 2 2 2 2 2 10 2 10 2 2
left_child=1 -1 3 -3 5 13 12 8 -6 -10 -9 -12 -7 -2
right_child=4 2 -4 -5 7 6 -8 10 9 -11 11 -13 -14 -15
leaf_value=-0.0079273514238824075 0.0012333921139755925 -0.002750755927413757 0.00051455795080568355 0.0085597672184087713 -0.0040012192902581442 0.018893820754078403 -0.0073081651480332091 0.0091540765113572037 0.0078580213948507092 -0.0068087375840056924 -0.0064365205118687048 0.0030508369683255156 -0.00046324404294300698 -0.003740719045738188
leaf_weight=184.2717419154942 2276.2129405960441 221.85038803704083 2556.4449768159539 731.18113081529737 1350.0864493623376 68.945511981844902 1290.7667746078223 403.65510477125645 443.03392551094294 160.78160969167948 355.30302232690156 1789.1147776134312 164.83841586858034 1091.452207500115
leaf_count=3183 17777 1851 25931 5716 13937 677 17128 3828 3886 1612 3677 14683 1702 15600
internal_value=-2.26462e-06 0.0014815 0.00199665 0.00592564 -0.000586628 -0.0019167 -0.00527557 0.000859778 -0.00155041 0.00390532 0.00270679 0.00145632 0.00578623 -0.000385007
internal_weight=13087.9 3693.75 3509.48 953.032 9394.19 4892.22 1524.55 4501.97 1953.9 603.816 2548.07 2144.42 233.784 3367.67
internal_count=131188 36681 33498 7567 94507 52884 19507 41623 19435 5498 22188 18360 2379 33377
is_linear=0
shrinkage=0.035


Tree=128
num_leaves=15
num_cat=0
split_feature=14 8 12 6 24 4 25 22 11 14 4 22 10 33
split_gain=9.21781 16.2046 13.7243 11.9257 12.8904 10.5337 13.0688 15.1095 19.2923 12.6151 18.7145 17.9285 12.6577 11.2951
threshold=0.13899476826190951 -0.67106613516807545 0.53684827685356151 1.0000000180025095e-35 0.030391268432140354 -0.040394335985183709 0.26500000000000007 0.17287103831768039 0.29860505461692816 2.8184012174606328 0.047826813533902175 0.35781356692314154 0.5275276005268098 -0.21630575307045893
decision_type=2 2 2 2 2 2 2 2 2 2 2 2 2 2
left_child=1 -1 3 -3 -5 6 -2 8 -8 10 11 -7 -12 -11
right_child=5 2 -4 4 -6 9 7 -9 -10 13 12 -13 -14 -15
leaf_value=0.021289069609220338 -0.0071948197586316296 -0.0074505965516138842 -0.014370282310895204 -0.0062340118428930846 0.022997560194832609 0.00029543288974418191 -0.0027780892003297451 0.00079145082154871281 0.00870800961200267 0.0068968608896085287 0.0053602287203024755 -0.0037620685386566162 -1.2917545929089341e-05 -0.0056747859847083078
leaf_weight=16.061367426067591 181.78602544777095 95.990376736968756 163.62027361430228 26.066500131040812 33.704793956130743 3992.4278859272599 231.514130262658 2577.1724347751588 724.78296398743987 89.361877083778381 1094.2365355044603 1992.471856135875 1045.5585117824376 820.75947095826268
leaf_count=166 3157 1155 2190 364 357 35196 1936 25823 5559 843 10059 26094 9436 8853
internal_value=-2.21704e-06 -0.0056437 -0.00760333 -5.68702e-05 0.0111832 0.000150512 0.00171674 0.00219422 0.00592732 -0.000494732 -5.47854e-05 -0.0010594 0.00274692 -0.00437888
internal_weight=13085.5 335.443 319.382 155.762 59.7713 12750.1 3715.26 3533.47 956.297 9034.82 8124.69 5984.9 2139.8 910.121
internal_count=131188 4232 4066 1876 721 126956 36475 33318 7495 90481 80785 61290 19495 9696
is_linear=0
shrinkage=0.035


Tree=129
num_leaves=15
num_cat=0
split_feature=3 11 7 23 10 10 25 3 14 15 8 21 10 16
split_gain=8.92132 13.2118 14.9347 14.2497 10.7158 18.2232 26.3449 28.7972 22.9811 16.652 24.6296 24.3176 19.4431 18.1214
threshold=1.9270285964012148 0.3227506577968598 -0.14130051434040067 0.20072399079799655 0.53824713826179515 0.43507897853851324 2.8200000000000007 0.39299960434436804 0.47448155283927923 21.764852523803714 -0.51200741529464711 -0.059047469869256013 1.2617958188056948 1.1544044613838198
decision_type=2 2 2 2 2 2 2 2 2 2 2 2 2 2
left_child=4 -2 3 -3 5 6 7 -1 -8 13 12 -12 -11 -6
right_child=1 2 -4 -5 9 -7 8 -9 -10 10 11 -13 -14 -15
leaf_value=-0.0064680683550352985 -0.016063788155090172 0.009479485008369766 0.021216305991764571 -0.0092971873273550911 -0.00079435635567612806 0.002900632426320042 -0.0055289321431552275 0.019185240658938982 0.0018229830748467219 -0.013293855110606283 0.004132446375295076 -0.003761677310367867 0.012161500932762028 0.0073342212923670014
leaf_weight=1095.7448426969349 21.08503196388483 130.52028587087989 68.430128157138824 67.016484402120113 1389.3890124931931 2817.7128689903766 602.11057575047016 46.795922733843327 3487.5017106123269 372.84367111138999 629.67371651530266 1889.5538430456072 32.899175062775612 432.46623734384775
leaf_count=12897 142 1048 455 433 13676 25322 7357 250 36576 3946 5262 19216 340 4268
internal_value=-1.85566e-06 0.0059945 0.00826194 0.00296826 -0.00014094 0.000636653 -0.000585794 -0.00526002 0.00072972 -0.00145818 -0.00309027 -0.00178003 -0.010987 0.00116468
internal_weight=13083.7 287.052 265.967 197.537 12796.7 8049.87 5232.15 1142.54 4089.61 4746.83 2924.97 2519.23 405.743 1821.86
internal_count=131188 2078 1936 1481 129110 82402 57080 13147 43933 46708 28764 24478 4286 17944
is_linear=0
shrinkage=0.035


Tree=130
num_leaves=15
num_cat=0
split_feature=11 8 28 24 8 14 8 11 26 22 24 25 22 11
split_gain=9.01042 23.0786 18.9562 14.1716 16.8016 12.4968 12.4662 20.6213 16.975 16.6771 15.8919 15.858 15.106 14.9023
threshold=0.21027008444070819 -0.33378942310810084 -1.7299220911368594 0.032575633376836784 -0.17058596760034558 0.45460186898708349 -0.0975510999560356 0.24420057982206347 -1.2850000000000001 0.28411240875720983 0.026834268122911457 0.9900000000000001 0.21641109138727191 0.50948160886764537
decision_type=2 2 2 2 2 2 2 2 2 2 2 2 2 2
left_child=1 -1 5 4 -4 -3 9 12 -9 10 -2 -12 -8 -10
right_child=6 2 3 -5 -6 -7 7 8 13 -11 11 -13 -14 -15
leaf_value=-0.010798861819540762 -0.0045340158546842381 -0.014580213111933254 0.0032042636040697618 -0.015354708878085203 -0.0044781443111600681 0.0093179376380180725 -0.0082607434704598821 -0.0092013771957903771 0.004699073881477946 -0.00156065650690503 -0.0033023739449874086 0.0027139724775240878 0.015209904816433464 -0.015469606688078905
leaf_weight=307.05298789218068 502.84741804376245 20.599748127162457 586.99257782846689 83.865674540400505 830.23858902230859 282.76097768172622 32.457127261906862 148.73158509284258 682.64277827367187 4523.3361350633204 606.45190966501832 4200.8733862452209 234.95561906695366 38.313831232488155
leaf_count=4838 7017 216 8100 1292 8434 2514 230 1310 5130 50963 9603 29350 1876 315
internal_value=-1.45449e-06 -0.0020896 -0.000556249 -0.00217793 -0.00129607 0.00728163 0.000401987 0.00385481 0.00119001 -7.9231e-07 0.00132837 0.00194972 0.0121661 0.00343028
internal_weight=13082.1 2111.51 1804.46 1501.1 1417.23 303.361 10970.6 1137.1 869.688 9833.51 5310.17 4807.33 267.413 720.957
internal_count=131188 25394 20556 17826 16534 2730 105794 8861 6755 96933 45970 38953 2106 5445
is_linear=0
shrinkage=0.035


Tree=131
num_leaves=15
num_cat=0
split_feature=5 8 26 10 19 6 15 11 6 9 28 5 6 30
split_gain=8.6502 16.8797 15.0414 18.8245 21.4784 19.2726 16.3727 20.2719 14.5772 13.1434 12.3296 11.8261 16.1066 11.2675
threshold=-0.065857302397489534 -0.49808794260025019 -1.02 0.74231791496276867 0.62379428744316112 0.069091804325580611 22.545885086059574 0.26196473836898809 0.031704638153314597 0.56043332815170299 -1.1401333311752746 0.13556884974241259 -0.19577267020940778 -0.24999999999999975
decision_type=2 2 2 2 2 2 2 2 2 2 2 2 2 2
left_child=8 11 6 5 -5 -4 -3 -8 13 10 -10 12 -2 -1
right_child=1 2 3 4 -6 -7 7 -9 9 -11 -12 -13 -14 -15
leaf_value=-0.0045628837539463387 -0.0026458832529322874 -0.0041519445965119113 0.00017491071783602848 -0.007341593041641439 0.0057588696967803997 0.0049558718835132388 0.006925105022881334 -0.0023909749090330009 0.0046606156272786803 0.00058504888344345155 0.021730046695726753 0.0074402670669467142 -0.013788777031754861 0.0013859498534469111
leaf_weight=435.4001609813422 408.71164979785681 1857.0220695324242 2962.3415188118815 585.70918433740735 198.10667398944497 1576.4173364751041 444.88406074792147 762.23709643445909 110.80306515097618 177.82629896700382 100.57601230219007 68.300832945853472 256.60766318067908 3135.235360596329
leaf_count=7409 4150 21064 31156 5897 1673 12348 4379 7543 1064 1552 883 832 3173 28065
internal_value=-3.05517e-06 -0.000596095 -0.000147804 0.000976448 -0.00399966 0.0018427 -0.00209751 0.00107115 0.0013609 0.00770462 0.0133971 -0.00565003 -0.00708414 0.000649837
internal_weight=13080.2 9120.34 8386.72 5322.57 783.816 4538.76 3064.14 1207.12 3959.84 389.205 211.379 733.62 665.319 3570.64
internal_count=131188 92215 84060 51074 7570 43504 32986 11922 38973 3499 1947 8155 7323 35474
is_linear=0
shrinkage=0.035


Tree=132
num_leaves=15
num_cat=0
split_feature=11 8 28 29 19 15 15 3 5 8 11 15 24 22
split_gain=8.5923 21.5164 17.5218 13.6621 26.9625 23.5208 13.0746 14.3731 12.448 11.2082 22.1846 20.0407 21.4195 17.7856
threshold=0.21027008444070819 -0.33378942310810084 -1.7299220911368594 3.6500000000000008 0.27841229736804968 22.311064720153812 21.067113876342777 0.20214457809925082 0.11082161962985994 -0.12097887694835661 0.50948160886764537 23.677119255065922 0.033574642613530166 0.28411240875720983
decision_type=2 2 2 2 2 2 2 2 2 2 2 2 2 2
left_child=1 -1 6 5 -5 -4 8 -8 -3 13 11 -11 -13 -2
right_child=9 2 3 4 -6 -7 7 -9 -10 10 -12 12 -14 -15
leaf_value=-0.010499434205186883 0.0013218429128650077 -0.007391661226935034 -0.0010461186130890185 0.0023644047222866069 -0.017922166977426292 -0.015798669082050059 0.015875991933017676 -0.0099266042136959762 0.019842203928474574 0.001604534821063867 -0.015582549808231707 0.013640073890439582 -0.012619398070056362 -0.0017185094466713065
leaf_weight=304.01743627153337 5211.9783664885908 98.042640559375286 370.18100163154304 853.34196807257831 78.488178551197052 197.45811264589429 167.5547660626471 24.106519147753716 15.498336784541605 1030.1249632723629 63.507455244660378 343.07598525285721 34.792477238923311 4286.0617719385773
leaf_count=4838 45261 1001 5074 9554 662 2536 1440 163 126 8167 549 2581 308 48928
internal_value=-2.69275e-06 -0.00204337 -0.000568842 -0.00213312 0.000483516 -0.00636258 0.00694038 0.0122993 -0.00236902 0.000391093 0.00322255 0.00417466 0.0109592 -5.05033e-05
internal_weight=13078.2 2108.69 1804.67 1499.47 931.83 567.639 305.202 191.661 113.541 10969.5 1471.5 1407.99 377.868 9498.04
internal_count=131188 25394 20556 17826 10216 7610 2730 1603 1127 105794 11605 11056 2889 94189
is_linear=0
shrinkage=0.035


Tree=133
num_leaves=15
num_cat=0
split_feature=16 29 3 14 2 22 15 19 11 25 8 22 11 21
split_gain=8.51592 18.0769 16.5584 16.5903 17.1756 17.1195 15.2016 23.1251 20.8263 16.4265 15.5594 22.9855 20.7352 14.6881
threshold=1.4163023233413699 3.8500000000000001 -0.49180048704147333 0.3726943731307984 0.18130384385585788 0.30864126980304724 21.764852523803714 0.10270559042692186 0.44344225525856024 4.2150000000000007 -0.28927157819271082 0.12264757230877878 0.63393574953079235 0.074440684169530882
decision_type=2 2 2 2 2 2 2 2 2 2 2 2 2 2
left_child=2 6 -1 4 5 -4 7 8 -2 -9 12 -12 -8 -5
right_child=1 -3 3 13 -6 -7 10 9 -10 -11 11 -13 -14 -15
leaf_value=-0.00531109707461337 -0.0024980172317742152 -0.0099838559352906156 -0.001169075215031007 0.00098772202368557966 0.0037221515312388805 -0.0091954769060688304 -0.0090108094677216529 0.017215276136437887 0.015467170460498302 0.0013392725040638289 0.019794315718086555 -0.001498480945036256 0.011538371928510503 0.0055393128641052581
leaf_weight=555.51513537578285 775.28735834732652 275.05359040573239 949.89648006297648 6415.6975521333516 467.84092754684389 488.0630528666079 595.44380811415613 172.76894498988986 77.912568461149931 144.98737039417028 55.977244026958942 1048.5276363454759 58.2146330550313 995.90615647099912
leaf_count=5593 8615 3496 8819 61177 4926 7395 6822 1406 711 1529 473 10148 652 9426
internal_value=-3.87455e-06 -0.00156884 0.000505094 0.000857185 -0.00204798 -0.00393804 -0.000747359 0.00233039 -0.000697292 0.0102332 -0.00279876 -0.00025142 -0.00703442 0.00160596
internal_weight=13077.1 3204.17 9872.92 9317.4 1905.8 1437.96 2929.12 1170.96 853.2 317.756 1758.16 1104.5 653.658 7411.6
internal_count=131188 33852 97336 91743 21140 16214 30356 12261 9326 2935 18095 10621 7474 70603
is_linear=0
shrinkage=0.035


Tree=134
num_leaves=15
num_cat=0
split_feature=28 8 3 10 6 10 15 11 15 25 16 22 17 12
split_gain=8.43291 21.9547 31.1533 39.8189 28.1614 23.5894 25.7518 19.9572 17.6309 16.1223 15.6762 15.5736 14.4873 21.3008
threshold=-0.40673658347942782 -0.22893909364938733 0.45276044309139257 0.42773909866809851 -0.30644971132278437 0.41306242346763616 23.677119255065922 0.35020197927951818 23.677119255065922 0.9900000000000001 0.68506118655204784 0.17287103831768039 0.056895622983574874 0.65890878438949596
decision_type=2 2 2 2 2 2 2 2 2 2 2 2 8 2
left_child=12 4 7 -4 -2 10 -7 8 -3 -5 -6 -9 -1 -14
right_child=1 2 3 9 5 6 -8 11 -10 -11 -12 -13 13 -15
leaf_value=0.0016003682206199253 0.004469964629329891 -0.004379498201316937 0.031413534943028634 -0.016953462629147154 -0.018167525356384558 -0.00078536976960390215 -0.013567737023033637 0.019102121190582175 0.0076788730236583046 0.0072582474057159624 -0.0063369612877870029 0.0015360825557953904 0.010319849112380219 -0.0030262626529051055
leaf_weight=5827.9313837662339 566.41174590960145 934.72698790580034 78.331869155168533 28.291650362312794 170.58073289878666 1978.5389749128371 204.14463717490435 89.80860310792923 166.84797802940011 298.19011159986258 672.89216013997793 167.62445521354675 150.11613086611032 1740.867031801492
leaf_count=53653 5242 10555 475 208 2735 22416 2259 666 1598 2122 9936 1753 1401 16169
internal_value=-3.0314e-06 -0.00106893 0.00212114 0.0105169 -0.00263668 -0.00397719 -0.00203732 -0.000438299 -0.00250045 0.00471866 -0.00891436 0.00814934 0.000737054 -0.00191806
internal_weight=13075.3 5356.39 1763.82 404.814 3592.57 3026.16 2182.68 1359.01 1101.57 326.482 843.473 257.433 7718.91 1890.98
internal_count=131188 59965 17377 2805 42588 37346 24675 14572 12153 2330 12671 2419 71223 17570
is_linear=0
shrinkage=0.035


Tree=135
num_leaves=15
num_cat=0
split_feature=22 33 24 22 27 15 24 15 5 11 8 15 33 6
split_gain=8.50985 12.9589 13.9245 20.2738 13.6291 15.2053 12.5049 14.5372 30.0487 22.1814 12.375 10.9495 10.9406 13.0909
threshold=0.45299300551414495 -0.067435648233345621 0.030043962411582473 0.18286002427339557 8.7764034884104571 22.386670112609867 0.030992706306278709 21.63571929931641 0.11082161962985994 0.16644513607025149 -0.19660847634077069 20.960259437561039 -0.21630575307045893 0.058718187734484679
decision_type=2 2 2 2 2 2 2 2 2 2 2 2 2 2
left_child=1 6 3 11 5 -4 7 8 -1 -9 -5 -3 -8 -14
right_child=-2 2 4 10 -6 -7 12 9 -10 -11 -12 -13 13 -15
leaf_value=0.0031858734836653834 -0.0032423622187170648 0.0051652127077973864 -0.0018229017215327362 -0.008984463770961423 0.0097563081088299745 0.0030105823361606891 -0.006899619028857727 -0.015049719911487873 0.01715853469787124 0.0013585492184892633 -0.0012980341247131955 -0.0021005880777915545 -0.0014460279634471815 0.0045749528038984575
leaf_weight=1676.8210061974823 913.20713818259537 363.22650382854044 2191.9804412983358 743.54706612601876 171.95933282747865 1239.8101235814393 287.20628814771771 96.738093640655279 203.74348192662001 1845.9769114777446 394.84653916023672 785.94956610910594 1550.4286085665226 607.40586971491575
leaf_count=13968 12737 4304 23649 12285 1307 11944 2753 837 1486 14306 4643 8794 13273 4902
internal_value=-2.69033e-06 0.000243078 -0.000934702 -0.00306406 0.000421699 -7.30253e-05 0.00134975 0.00259741 0.00478245 0.000468608 -0.00635298 0.000220702 -0.000603831 0.000262095
internal_weight=13072.8 12159.6 5891.32 2287.57 3603.75 3431.79 6268.32 3823.28 1880.56 1942.72 1138.39 1149.18 2445.04 2157.83
internal_count=131188 118451 66926 30026 36900 35593 51525 30597 15454 15143 16928 13098 20928 18175
is_linear=0
shrinkage=0.035


Tree=136
num_leaves=15
num_cat=0
split_feature=5 8 26 10 2 2 15 11 30 5 17 20 4 7
split_gain=8.38909 15.1323 13.461 17.5822 18.1206 16.7604 14.753 18.8282 11.5891 11.1523 11.0371 8.9897 10.4846 12.1331
threshold=-0.065857302397489534 -0.49808794260025019 -1.02 0.74231791496276867 0.50680273771286022 0.92839106917381298 22.545885086059574 0.26196473836898809 -0.24999999999999975 0.13556884974241259 0.03647244721651078 0.0095225144177675265 0.020944776013493541 -0.29031632840633387
decision_type=2 2 2 2 2 2 2 2 2 2 8 2 2 2
left_child=8 9 6 4 -4 -5 10 -8 11 -2 -3 -1 13 -13
right_child=1 2 3 5 -6 -7 7 -9 -10 -11 -12 12 -14 -15
leaf_value=-0.0069185220561790604 -0.006796070535385443 -0.00070037868203586158 0.0011488378694810377 -0.0063771493411437178 0.010112571610743698 0.006416775123843527 0.0066117761869446418 -0.0023539204421963865 0.0020363418821221558 0.0072935697774397954 -0.0062027655579018626 -0.0041793480429166375 -0.010093158062640441 0.018540789200144504
leaf_weight=325.95934893004596 659.95626663975418 755.18934111855924 4258.790782539174 634.63913484290242 285.81186966970563 147.1668162047863 447.22821992263198 761.25139208324254 3490.1631199270487 68.494351703673601 1092.8377325292677 44.686889234930277 40.756509335711598 57.855479555204511
leaf_count=5561 7323 9558 41712 6362 1792 1208 4379 7543 31108 832 11506 698 629 977
internal_value=-2.7493e-06 -0.000587236 -0.000163927 0.00089819 0.00173354 -0.0039182 -0.00201172 0.000991093 0.00134035 -0.00539043 -0.00397011 -0.00377061 0.0033741 0.00914801
internal_weight=13070.8 9111.37 8382.92 5326.41 4544.6 781.806 3056.51 1208.48 3959.42 728.451 1848.03 469.258 143.299 102.542
internal_count=131188 92215 84060 51074 43504 7570 32986 11922 38973 8155 21064 7865 2304 1675
is_linear=0
shrinkage=0.035


Tree=137
num_leaves=15
num_cat=0
split_feature=11 8 8 25 25 15 29 10 16 8 22 11 8 15
split_gain=8.48786 19.8051 16.8122 32.1002 24.4852 21.2902 17.996 11.7084 16.6274 15.0365 22.7785 18.9201 20.8989 18.9151
threshold=0.21027008444070819 -0.33378942310810084 -0.071711514145135866 1.4450000000000001 2.4450000000000007 23.409000396728519 3.7500000000000004 0.53824713826179515 0.38091585040092474 -0.51200741529464711 0.21641109138727191 0.57373544573783886 -0.63282975554466236 21.764852523803714
decision_type=2 2 2 2 2 2 2 2 2 2 2 2 2 2
left_child=1 -1 4 -4 -3 -6 -5 8 -2 11 -11 13 -13 -9
right_child=7 2 3 6 5 -7 -8 9 -10 10 -12 12 -14 -15
leaf_value=-0.010193128743926185 -0.0063123369116880748 -0.013636867241778023 0.022908243307938093 -0.012556855658270602 0.0011274192788691055 0.014855247574841985 0.0028845307650136043 -0.0027252710479137906 0.0018636718986250317 0.0034876490462246021 -0.0019607646411179407 0.011421894682650122 -0.0075131913509639374 -0.014266069669822641
leaf_weight=300.824766471982 312.26472346112132 109.86394306086004 33.742623548954725 343.83755126968026 1047.1355018038303 149.84706277772784 120.75017393380404 413.79855603910983 5686.2285516411066 1498.3031107410789 2484.7077467124909 150.65856978669763 119.36028596945107 297.92912065796554
leaf_count=4838 3611 1948 245 3170 12710 1487 996 4102 53942 12205 26177 1382 1204 3171
internal_value=-2.64107e-06 -0.00203228 -0.000623649 -0.00602732 0.00146702 0.00295481 -0.0085673 0.000388742 0.00142825 -0.000867558 9.23857e-05 -0.00472378 0.00308235 -0.00768698
internal_weight=13069.3 2106 1805.18 498.33 1306.85 1196.98 464.588 10963.3 5998.49 4964.76 3983.01 981.747 270.019 711.728
internal_count=131188 25394 20556 4411 16145 14197 4166 105794 57553 48241 38382 9859 2586 7273
is_linear=0
shrinkage=0.035


Tree=138
num_leaves=15
num_cat=0
split_feature=19 11 1 14 12 24 2 0 3 10 19 0 15 3
split_gain=8.20786 15.8112 15.3443 12.9117 17.9505 17.3689 14.404 12.2691 18.6343 14.0213 18.011 12.7356 11.5393 11.2923
threshold=-0.14736869931221006 0.1876151189208031 -0.16563511639833448 0.3937548696994782 0.53684827685356151 0.030391268432140354 0.14585927873849872 -0.039339454844593995 -0.49180048704147333 0.97668138146400463 0.62379428744316112 0.22603399306535724 20.22267055511475 -0.46316319704055781
decision_type=2 2 2 2 2 2 2 2 2 2 2 2 2 2
left_child=1 -1 13 4 5 -2 -7 8 -5 11 -11 -9 -10 -3
right_child=3 2 -4 7 -6 6 -8 9 12 10 -12 -13 -14 -15
leaf_value=-0.016256358618074753 -0.0034829180711886485 -0.0049386319841448019 0.007782163193066959 -0.014056881201270821 -0.0048022285682797396 0.0033465666465149566 0.023248356146146315 -0.00090462223400020973 -0.0067329957596531358 -0.015787762197094126 0.00056505570942296619 0.0037462238951283438 0.0035011235264227826 0.0020879575553121952
leaf_weight=47.898163251578808 201.70916980691254 331.81273109838367 481.02542581409216 72.706188689917326 1482.1358717940748 122.47511280141771 63.95703523978591 5282.5197549965233 134.82733074203134 156.33394201472402 162.38974058628082 825.10464037396014 2154.9958385694772 1547.9975644536316
leaf_count=782 2458 3135 5399 698 16887 1410 634 52617 1451 1794 1576 7762 20108 14477
internal_value=-3.12915e-06 0.00183773 0.00227185 -0.000420455 -0.00305286 0.00358001 0.01101 0.000142556 0.00229384 -0.00065066 -0.00769227 -0.000271223 0.00287187 0.000828097
internal_weight=13067.9 2408.73 2360.84 10659.2 1870.28 388.141 186.432 8788.88 2362.53 6426.35 318.724 6107.62 2289.82 1879.81
internal_count=131188 23793 23011 107395 21389 4502 2044 86006 22257 63749 3370 60379 21559 17612
is_linear=0
shrinkage=0.035


Tree=139
num_leaves=15
num_cat=0
split_feature=14 8 6 21 4 14 4 22 7 25 22 10 33 19
split_gain=8.17418 15.3056 12.6799 13.8122 9.62608 11.5058 16.133 16.0117 12.9089 10.7465 12.7606 11.8041 10.3559 11.319
threshold=0.13899476826190951 -0.67106613516807545 0.090733207762241377 -0.017531219869852063 -0.040394335985183709 2.8184012174606328 0.047826813533902175 0.35781356692314154 -0.23736196011304853 0.26500000000000007 0.17287103831768039 0.37710918486118322 -0.21630575307045893 0.0065696542151272306
decision_type=2 2 2 2 2 2 2 2 2 2 2 2 2 2
left_child=1 -1 -3 -4 9 6 7 -6 -8 -2 11 -11 13 -7
right_child=4 2 3 -5 5 12 8 -9 -10 10 -12 -13 -14 -15
leaf_value=0.020695579795848993 -0.0065315883545435426 -0.01045160090121686 0.026904199270849079 -0.0049895621849973667 0.00028444899948511183 -0.014272528667544923 -0.0069582627941974342 -0.003558478420387996 0.0032989995243765734 -0.0032473977669155293 0.00077108683990799237 0.0071561811412091721 -0.0054501830619025811 0.012379313635759382
leaf_weight=16.277674410492182 177.99125466868281 260.77523716725409 16.127400156110525 39.105706945061684 3987.987318765372 16.430693455040455 153.21332971379161 1980.3667080663145 1992.0565733145922 153.5729730669409 2575.6789723541588 809.12535725906491 815.27703493461013 73.431424081325531
leaf_count=166 3157 3419 131 516 35196 197 1473 26094 18022 1423 25823 6072 8853 646
internal_value=-3.85617e-06 -0.00534139 -0.00727624 0.00701976 0.000139493 -0.000478324 -5.86378e-05 -0.000994497 0.00253755 0.00163605 0.00206416 0.00548024 -0.00419862 0.00656496
internal_weight=13067.4 332.286 316.008 55.2331 12735.1 9018.76 8113.62 5968.35 2145.27 3716.37 3538.38 962.698 905.139 89.8621
internal_count=131188 4232 4066 647 126956 90481 80785 61290 19495 36475 33318 7495 9696 843
is_linear=0
shrinkage=0.035


Tree=140
num_leaves=15
num_cat=0
split_feature=17 34 15 24 19 10 15 5 6 8 0 19 21 24
split_gain=7.6618 28.4194 16.2268 15.9325 14.0001 13.2202 12.4829 20.2928 25.3492 16.3806 20.8818 18.843 25.4521 16.3788
threshold=0.025454134680330757 -0.026535316142143547 20.5606803894043 0.03199290111660958 0.12503047287464145 0.25409369170665747 20.860421180725101 0.11082161962985994 -0.1852670609951019 -0.48469921946525568 -0.21052397042512891 -0.13794638961553571 0.064371928572654738 0.027896618470549587
decision_type=10 2 2 2 2 2 2 2 2 2 2 2 2 2
left_child=1 2 -1 4 -4 -5 7 8 -2 10 -8 12 -11 -10
right_child=6 -3 3 5 -6 -7 9 -9 13 11 -12 -13 -14 -15
leaf_value=-0.0070895910491157949 0.0059112262851537742 -0.0076392302602566629 0.0055855495824888189 0.029686338776459063 -0.014312414655532953 0.00027749680048689434 0.0051132753121020409 0.012383838581922465 0.0053104478914133627 0.0018888073318733686 -0.0057490331424253907 -0.00036979393718031316 0.016232424941262348 -0.002854645095440006
leaf_weight=137.55066584423184 971.93598447367549 641.76087101921439 315.26327854767442 46.949010379612446 40.265911351889372 28.181036069989204 256.75269828736782 213.44695419631898 373.81796163320541 693.93351739272475 1183.0629598014057 6589.6939914729446 185.12226133793592 1387.8153604883701
leaf_count=1597 8790 9608 3363 364 310 239 2317 1908 3764 6785 12324 62629 1748 15442
internal_value=-3.48151e-06 -0.00264471 0.00303087 0.00635083 0.00300208 0.0199836 0.000268082 0.00223859 0.00140417 -0.000385556 -0.00379012 0.000274962 0.00505807 -0.00110182
internal_weight=13065.6 1209.97 568.21 430.659 355.529 75.13 11855.6 2947.02 2733.57 8908.57 1439.82 7468.75 879.056 1761.63
internal_count=131188 15481 5873 4276 3673 603 115707 29904 27996 85803 14641 71162 8533 19206
is_linear=0
shrinkage=0.035


Tree=141
num_leaves=15
num_cat=0
split_feature=3 11 7 23 31 10 16 18 4 6 15 3 11 19
split_gain=7.96247 12.5145 13.8915 13.4902 9.29203 8.94362 17.3328 20.0531 17.7595 20.1199 14.7925 21.8749 15.4398 14.7842
threshold=1.9270285964012148 0.3227506577968598 -0.14130051434040067 0.20072399079799655 0.00052908022445963276 0.53824713826179515 2.5000044107437138 -0.030883950181305405 0.047826813533902175 -0.264771819114685 21.63571929931641 0.62993767857551586 0.50948160886764537 0.13776502758264544
decision_type=2 2 2 2 2 2 2 2 2 2 2 2 2 2
left_child=5 -2 3 4 -3 6 8 -8 9 -1 11 12 -7 -12
right_child=1 2 -4 -5 -6 10 7 -9 -10 -11 13 -13 -14 -15
leaf_value=0.005506572858914433 -0.015854796756593046 -0.002262566574616264 0.02025259899839759 -0.0092161525303344656 0.015940421127705488 0.0006477938849834237 0.019340594441710941 -0.015252880570795156 0.0044275711506742092 -0.00064238773087327283 -0.0051689287202033637 -0.012279281830164905 0.0091726647812825305 -0.00031220807292904997
leaf_weight=724.06726389750838 20.951510719954967 52.307791557163 69.30060663074255 66.822769936174154 79.051440995186567 1218.2311105690897 15.141972711309789 135.80941282398999 1361.147411281243 5811.2894631549716 1551.7182643823326 123.79271763190627 321.58245301246643 1513.0344488490373
leaf_count=6320 142 415 455 433 633 12438 184 1671 12620 61607 15804 978 2991 14497
internal_value=-2.4508e-06 0.00564897 0.007844 0.00274054 0.00904463 -0.000134359 0.000575339 -0.0107968 0.000806111 4.62419e-05 -0.0013409 0.00131109 0.00247587 -0.00278003
internal_weight=13064.2 288.434 267.483 198.182 131.359 12775.8 8047.46 150.951 7896.5 6535.36 4728.36 1663.61 1539.81 3064.75
internal_count=131188 2078 1936 1481 1048 129110 82402 1855 80547 67927 46708 16407 15429 30301
is_linear=0
shrinkage=0.035


Tree=142
num_leaves=15
num_cat=0
split_feature=22 28 8 3 10 11 6 11 17 12 16 4 17 30
split_gain=7.63123 11.9517 19.9869 28.1348 36.3823 25.9792 21.4207 18.7926 13.9925 17.4488 17.4022 17.4581 15.8375 14.8193
threshold=0.45299300551414495 -0.40673658347942782 -0.22893909364938733 0.45276044309139257 0.42773909866809851 0.30795718729496008 -0.12525189667940137 0.35020197927951818 0.059678239747881896 0.65890878438949596 2.5000044107437138 0.023725951090455059 0.064688574522733702 1.0000000180025095e-35
decision_type=2 2 2 2 2 2 2 2 8 2 2 2 10 2
left_child=1 8 5 7 -5 -3 -7 -4 10 12 11 -1 -10 -11
right_child=-2 2 3 4 -6 6 -8 -9 9 13 -12 -13 -14 -15
leaf_value=0.00099584791049913335 -0.003077160902756948 -0.0068323868594755898 -0.0024161982065923071 0.029819977938504459 0.004436981429267085 0.0022027428072817854 -0.0044796351490870483 0.0079070572198616865 -0.007686378809245456 0.0013126775749108543 -0.013338528590633503 0.0054339542954928771 0.019832707970748563 -0.0060776840397490607
leaf_weight=3768.9065906647593 909.20868348516524 1144.7373523954302 1098.5384177546948 79.396455146372318 327.69449942559004 1468.2853747140616 965.47424026019871 258.32544161751866 31.106178240850568 574.44208753667772 79.047012086957693 1518.6979739107192 70.530552539974451 769.10912620276213
leaf_count=32449 12737 16443 12153 475 2330 15003 11142 2419 267 5710 836 12318 576 6330
internal_value=-2.20061e-06 0.000230164 -0.00100809 0.00203351 0.00998378 -0.00250888 -0.000455645 -0.000407344 0.00120137 -0.00184637 0.002024 0.00227841 0.0114763 -0.00293154
internal_weight=13063.5 12154.3 5342.45 1763.95 407.091 3578.5 2433.76 1356.86 6811.84 1445.19 5366.65 5287.6 101.637 1343.55
internal_count=131188 118451 59965 17377 2805 42588 26145 14572 58486 12883 45603 44767 843 12040
is_linear=0
shrinkage=0.035


Tree=143
num_leaves=15
num_cat=0
split_feature=14 11 34 5 8 30 3 0 24 10 7 31 8 16
split_gain=7.59513 14.587 22.8909 8.59511 19.891 14.961 12.3721 11.3771 15.0722 15.3742 11.7771 13.0987 11.1513 10.1974
threshold=0.13899476826190951 0.57373544573783886 -0.034402338185120167 -0.034613095223903649 -0.12097887694835661 -0.24999999999999975 -0.46316319704055781 0.055178180336952216 0.031914900988340385 0.76547798514366161 -0.048916025087237351 0.0023266718268072366 -0.51200741529464711 2.7911652326583867
decision_type=2 2 2 2 2 2 2 2 2 2 2 2 2 2
left_child=1 -1 -3 4 5 -2 -7 10 9 -9 12 -12 -5 -10
right_child=3 2 -4 7 -6 6 -8 8 13 -11 11 -13 -14 -15
leaf_value=-0.008562928589618695 -0.0044512678337324703 0.025405539933275829 -0.013142424040660893 -0.0087054813703174774 0.023867474549404591 -0.0035612013869774275 0.0023182078542371798 0.0027384194320728434 -0.0056297711186375421 -0.0033492122972488105 0.00044080358843191395 -0.009693458729226806 -0.00046882976351971168 0.014458274885720771
leaf_weight=271.83788864128292 534.96925908140838 33.843068934977055 24.821682956069708 206.8396466858685 37.193504150956869 482.43480429239571 4058.158953005448 2718.9551918525249 536.32989889010787 615.54217975027859 239.51204146631062 434.85738352313638 2842.004330040887 23.383297432214022
leaf_count=3633 9020 277 322 2313 331 4361 37229 25630 5834 6308 2424 4576 28620 310
internal_value=-1.64444e-06 -0.00516044 0.0095568 0.000136234 0.00124499 0.0010326 0.00168707 -0.000608609 0.000713308 0.001608 -0.00198944 -0.00614028 -0.00105425 -0.0045515
internal_weight=13060.7 330.503 58.6648 12730.2 5112.76 5075.56 4540.59 7617.42 3894.21 3334.5 3723.21 674.369 3048.84 559.713
internal_count=131188 4232 599 126956 50941 50610 41590 76015 38082 31938 37933 7000 30933 6144
is_linear=0
shrinkage=0.035


Tree=144
num_leaves=15
num_cat=0
split_feature=3 11 7 23 25 4 28 8 3 15 17 22 2 24
split_gain=7.44676 11.5798 12.8258 12.6462 8.65071 8.55335 10.897 21.9236 22.8737 19.5867 17.32 16.7336 14.7642 8.53876
threshold=1.9270285964012148 0.32802467048168188 -0.14130051434040067 0.20072399079799655 5.1000000000000005 -0.14276183396577832 -0.40673658347942782 -0.22893909364938733 0.45276044309139257 20.660531044006351 0.055602252483367927 0.2409842982888222 0.22438343614339831 0.027960255742073063
decision_type=2 2 2 2 2 2 2 2 2 2 8 2 2 2
left_child=5 -2 3 4 -3 13 10 9 -9 -8 11 -7 -12 -1
right_child=1 2 -4 -5 -6 6 7 8 -10 -11 12 -13 -14 -15
leaf_value=-0.0055598442714160637 -0.015054892826948425 0.017267850240213708 0.019491485360660931 -0.008953583208654756 -1.2433191697441967e-05 0.004275985075920947 0.0014961069807101009 -0.00045736156225635913 0.0093629566480031203 -0.0047677723705004281 -0.0054529889677807572 0.00018952126412252044 0.00099611776606022581 0.0070282508088746181
leaf_weight=73.245698785409331 21.443526819348335 61.953256949782372 69.458615392446518 66.403284221887589 69.998090304434299 1799.0581399351358 805.71354934759438 1355.8303714543581 359.50819737836719 2475.7467275373638 934.53340143710375 3821.7163071483374 800.97324808314443 343.96333496645093
leaf_count=916 146 521 452 433 526 11723 9856 14564 2492 29854 9276 40168 7183 3078
internal_value=-1.48277e-06 0.00545614 0.00758123 0.00267525 0.00874584 -0.000129275 -0.000297424 -0.0015571 0.00164316 -0.0032299 0.000559168 0.00150276 -0.00248793 0.00473986
internal_weight=13059.5 289.257 267.813 198.355 131.951 12770.3 12353.1 4996.8 1715.34 3281.46 7356.28 5620.77 1735.51 417.209
internal_count=131188 2078 1932 1480 1047 129110 125116 56766 17056 39710 68350 51891 16459 3994
is_linear=0
shrinkage=0.035


Tree=145
num_leaves=15
num_cat=0
split_feature=11 8 8 25 28 14 29 6 15 25 11 15 34 11
split_gain=7.555 18.2966 16.4525 29.5847 26.3741 17.99 17.0332 9.55226 20.2954 25.8857 59.1179 18.3283 29.2641 19.2768
threshold=0.21027008444070819 -0.33378942310810084 -0.071711514145135866 1.4450000000000001 1.0000000180025095e-35 0.57333469390869152 3.7500000000000004 0.27169470489025122 23.082156181335453 5.1000000000000005 0.26652751863002783 22.983864784240726 -0.026535316142143547 0.47178424894809728
decision_type=2 2 2 2 2 2 2 2 2 2 2 2 2 2
left_child=1 -1 4 -4 5 -3 -5 8 -2 -10 -11 12 -9 -13
right_child=7 2 3 6 -6 -7 -8 11 9 10 -12 13 -14 -15
leaf_value=-0.0098188217872771967 0.0006722273906192833 -0.0060743106150268908 0.021810333042598388 -0.012295500897047753 -0.01033307552301045 0.0055494323856444998 0.0027345113555612777 -0.010115430737409089 -0.0071611098005644053 0.021761004959974569 -0.0042309157415094771 0.0097285573023797259 0.0058216636584222711 -0.0013858998251755305
leaf_weight=296.98282309435308 8029.6820633597672 188.75226243771613 33.859475664794445 340.99344362691045 187.04701670072973 929.00904090888798 121.03241422399879 264.87985510379076 965.28864325210452 132.84265640564263 420.77010456100106 587.58201537653804 280.72010156139731 277.74223781004548
leaf_count=4838 79493 2382 245 3170 3280 10483 996 2158 9638 1223 4037 4608 2202 2435
internal_value=-1.10194e-06 -0.0019203 -0.000570587 -0.00593166 0.00149648 0.00355012 -0.00838372 0.000367653 -3.07375e-05 -0.00372706 0.00228144 0.00304504 -0.00195834 0.00618608
internal_weight=13057.2 2097.68 1800.69 495.885 1304.81 1117.76 462.026 10959.5 9548.58 1518.9 553.613 1410.92 545.6 865.324
internal_count=131188 25394 20556 4411 16145 12865 4166 105794 94391 14898 5260 11403 4360 7043
is_linear=0
shrinkage=0.035


Tree=146
num_leaves=15
num_cat=0
split_feature=4 14 13 22 0 30 17 5 22 27 11 0 3 24
split_gain=7.4236 10.0473 14.3804 13.9038 16.5974 13.4186 26.9878 25.3768 9.91943 14.8636 12.2954 12.8904 26.6389 17.2634
threshold=-0.040394335985183709 2.8184012174606328 0.65328913927078258 0.12264757230877878 0.02840148285031319 0.099999999999999881 0.022048955783247951 0.069111548364162459 0.17287103831768039 8.4992713392404244 0.29860505461692816 -0.13729769736528394 -0.49180048704147333 0.030304147861897949
decision_type=2 2 2 2 2 2 8 2 2 2 2 2 2 2
left_child=8 2 5 -4 -5 6 -2 -7 10 -10 -1 13 -13 -12
right_child=1 -3 3 4 -6 7 -8 -9 9 -11 11 12 -14 -15
leaf_value=-0.0024766856708269358 -0.013062178973006107 -0.0040344959356624485 0.016830853149979216 -0.0086280875114446726 0.0029745108159743706 0.0029112783205607483 -0.0014120432371037745 -0.0062731608816427396 0.00093239636740573577 -0.0081063107195386876 -0.0039570461155752209 -0.014448345576967008 0.016180175620186935 0.0079725473305943175
leaf_weight=267.33610539883375 250.58466156572104 900.99497311189771 70.175096523016691 156.87536456249654 1610.8207294400781 1910.9190225936472 3805.0546755958349 446.25074949860573 2535.6069967038929 234.25458174943924 246.71338144317269 32.437612604349852 241.54178277030587 346.42430966347456
leaf_count=2690 4044 9696 562 1637 15210 16813 40585 3803 25445 3186 2832 305 2100 2280
internal_value=-1.22685e-06 -0.000546329 -0.000160989 0.00256011 0.00190209 -0.00094361 -0.00216222 0.00115336 0.00127462 0.000141558 0.00401567 0.00602271 0.0121728 0.00302714
internal_weight=13056 9151.68 8250.68 1837.87 1767.7 6412.81 4055.64 2357.17 3904.31 2769.86 1134.45 867.117 273.979 593.138
internal_count=131188 92350 82654 17409 16847 65245 44629 20616 38838 28631 10207 7517 2405 5112
is_linear=0
shrinkage=0.035


Tree=147
num_leaves=15
num_cat=0
split_feature=16 12 28 11 29 4 8 16 31 17 2 14 22 8
split_gain=7.61526 17.0215 14.9406 14.178 21.5881 13.9034 12.7367 12.7121 28.9045 21.1979 12.6037 11.6653 14.3319 11.1123
threshold=0.44910728931427008 0.56654202938079845 -0.10326313031254751 0.53569284081459057 3.7500000000000004 -0.08059630915522574 -0.54372942447662342 1.2888126969337466 0.0066205494171276422 0.074814073741436019 0.13037868589162829 0.67346575856208812 0.2409842982888222 -0.58080530166625965
decision_type=2 2 2 2 2 2 2 2 2 8 2 2 2 2
left_child=1 3 11 10 -5 -2 -7 9 -9 -8 13 12 -3 -1
right_child=5 2 -4 4 -6 6 7 8 -10 -11 -12 -13 -14 -15
leaf_value=0.012066580486482613 0.0035247272822488108 0.0052573462797851486 -0.011590315240758519 0.0024634143339028556 0.03094532788446271 -0.0042924771959781723 0.0015694675150188346 -0.0051115854452231622 0.0015257352311313767 -0.0095674212889639287 0.0083485807260166873 -0.017290548218504356 -0.0051149197835430628 -0.007038284280565776
leaf_weight=33.814606979489326 1431.629902003333 267.15369506180286 289.51540831848979 105.12207021377981 38.581004530191422 824.08019328303635 5818.0245382394642 1487.1904284767807 1727.8556668553501 207.28376469388604 121.27077943086624 47.766272399574518 387.27129096724093 268.16276179999113
leaf_count=371 13620 1712 3649 1091 320 8350 56855 16922 16591 1922 1423 411 4712 3239
internal_value=-1.8222e-06 -0.00228949 -0.00503661 0.00251976 0.011626 0.000310065 -0.000150255 0.000223401 -0.00155083 0.00117112 -0.000769008 -0.0022097 -0.000865286 -0.00458077
internal_weight=13054.7 1558.66 991.707 566.951 143.703 11496.1 10064.4 9240.35 3215.05 6025.31 423.248 702.191 654.425 301.977
internal_count=131188 16928 10484 6444 1411 114260 100640 92290 33513 58777 5033 6835 6424 3610
is_linear=0
shrinkage=0.035


Tree=148
num_leaves=15
num_cat=0
split_feature=14 8 12 6 34 15 4 14 18 17 15 28 22 11
split_gain=7.16561 13.9396 12.3292 10.4242 11.1609 8.85409 8.11271 9.63413 13.5026 15.638 11.598 9.0475 10.7523 15.6172
threshold=0.13899476826190951 -0.67106613516807545 0.53684827685356151 1.0000000180025095e-35 -0.021614717912531053 20.415326118469242 -0.040394335985183709 2.8184012174606328 0.12843308597803119 0.071654707193374648 22.168936729431156 1.0796244589338924 0.17287103831768039 0.29860505461692816
decision_type=2 2 2 2 2 2 2 2 2 8 2 2 2 2
left_child=1 -1 3 -3 -5 -4 11 8 9 -8 -10 12 13 -2
right_child=6 2 5 4 -6 -7 7 -9 10 -11 -12 -13 -14 -15
leaf_value=0.0196041382679608 -0.0028300314798666956 -0.0068257363411550172 0.0028655618807676866 0.020065422320877501 -0.0076665881539255626 -0.017239580642903377 -0.00033726910036957757 -0.0038572228377721615 0.0071539859867307464 -0.0084650143845066538 0.0005807256305326474 -0.0060473218493304823 0.00070381277184996106 0.0074766387767243444
leaf_weight=16.684463072568178 231.2470853663981 94.023768246173859 30.100743852555752 39.108391378074884 21.156593035906553 127.91666046716273 6419.6691311858594 897.11484725400805 520.15314687229693 293.76522298157215 871.05844459682703 175.32337053120136 2577.8421253096312 738.40778497979045
leaf_count=166 1936 1155 408 452 269 1782 65073 9696 4852 2872 7988 3157 25823 5559
internal_value=-1.84602e-06 -0.00502407 -0.00690721 0.00022203 0.0106243 -0.0134671 0.000131845 -0.000436595 -5.36739e-05 -0.000704983 0.00307189 0.00150382 0.00189296 0.00501487
internal_weight=13053.6 328.991 312.306 154.289 60.265 158.017 12724.6 9001.76 8104.65 6713.43 1391.21 3722.82 3547.5 969.655
internal_count=131188 4232 4066 1876 721 2190 126956 90481 80785 67945 12840 36475 33318 7495
is_linear=0
shrinkage=0.035


Tree=149
num_leaves=15
num_cat=0
split_feature=16 30 12 2 15 19 4 8 10 11 16 14 32 11
split_gain=7.0313 21.1352 24.5381 15.6898 17.3208 13.9698 12.4616 11.9391 14.0694 23.8472 14.119 11.1454 13.3001 10.7951
threshold=0.44910728931427008 1.0000000180025095e-35 0.39084637165069586 0.14585927873849872 21.176095962524418 -0.14736869931221006 -0.08059630915522574 -0.54372942447662342 0.92401519417762767 0.50948160886764537 2.3746869564056401 0.63317540287971508 0.019536802125425305 0.27098180353641516
decision_type=2 2 2 2 2 2 2 2 2 2 2 2 2 2
left_child=1 3 -3 4 5 -1 -2 -8 9 -9 -10 12 -4 -6
right_child=6 2 11 -5 13 -7 7 8 10 -11 -12 -13 -14 -15
leaf_value=0.0048839320597301008 0.003335093295054698 0.020091629558572417 -0.012285710352633683 0.0015231622353633159 0.0095636600690798147 -0.0092652394700097652 -0.0041564328223420753 0.00031152950885964816 -0.0084042822422434171 0.01479778286070038 0.0062780295307638869 -0.01415675009267591 0.0029793818571815902 -0.019590138716678775
leaf_weight=120.62860273197293 1436.5099455714226 71.490615760907531 69.521701525896788 226.95804641023278 11.088981682434676 246.16467561386526 821.41588871181011 8624.5098237842321 391.20845284685493 131.5026425793767 92.467315029352903 53.857556967064738 572.91355031728745 182.32592424564064
leaf_count=1470 13620 662 1119 2844 187 3445 8350 86185 3896 1136 1073 432 4353 2416
internal_value=-1.81769e-06 -0.00220296 0.00191956 -0.00619761 -0.00929739 -0.00460583 0.000297523 -0.000139058 0.000222197 0.000545725 -0.00552706 -0.000204269 0.00116447 -0.0175307
internal_weight=13052.6 1554.95 767.783 787.166 560.208 366.793 11497.6 10061.1 9239.69 8756.01 483.676 696.293 642.435 193.415
internal_count=131188 16928 6566 10362 7518 4915 114260 100640 92290 87321 4969 5904 5472 2603
is_linear=0
shrinkage=0.035


Tree=150
num_leaves=15
num_cat=0
split_feature=3 19 15 8 6 2 10 16 18 10 25 15 8 23
split_gain=7.03528 11.1512 11.0246 11.6913 14.6746 9.15126 7.69398 15.2886 19.0432 15.9647 24.072 13.5741 20.0832 20.9396
threshold=1.9270285964012148 0.18318083137273791 24.212780952453617 -0.28176589310169214 0.079355131834745421 1.4303516745567324 0.53824713826179515 2.5000044107437138 -0.030883950181305405 0.43507897853851324 2.8200000000000007 21.764852523803714 -0.51200741529464711 0.24611242860555652
decision_type=2 2 2 2 2 2 2 2 2 2 2 2 2 2
left_child=6 2 3 4 -2 -3 7 9 -9 10 -1 -8 -13 -14
right_child=1 5 -4 -5 -6 -7 11 8 -10 -11 -12 12 13 -15
leaf_value=-0.0049411810347647139 0.010555079312653277 -0.0099379537427613483 0.02488688988065511 0.020658249373456838 -0.018258871259243508 0.0062286999853038887 0.0011171444466727459 0.01895119276917474 -0.014688469867504573 0.0028849350984339038 0.00085386429459743431 -0.0099840719850681978 -0.0028973266076858413 0.0060145786134974521
leaf_weight=1112.7052747830749 35.374885898083448 69.152565211057663 43.873775530606508 25.659500524401665 31.954915329813957 83.891961701214314 1819.8996009677649 15.286541715264319 132.97045886702836 2765.1122006941587 4020.9730805139989 393.35847643204033 2130.9114696029574 370.77080045640469
leaf_count=12939 277 481 294 155 257 614 17944 184 1671 24600 43008 4286 21257 3221
internal_value=-2.10584e-06 0.00529666 0.0121903 0.00436501 -0.00371285 -0.00123764 -0.000126528 0.000531165 -0.0102416 0.00074606 -0.000409354 -0.00124777 -0.00273315 -0.00155782
internal_weight=13051.9 289.908 136.863 92.9893 67.3298 153.045 12762 8047.05 148.257 7898.79 5133.68 4714.94 2895.04 2501.68
internal_count=131188 2078 983 689 534 1095 129110 82402 1855 80547 55947 46708 28764 24478
is_linear=0
shrinkage=0.035


Tree=151
num_leaves=15
num_cat=0
split_feature=32 10 15 15 8 6 10 21 6 15 25 9 15 15
split_gain=6.89943 12.2626 24.9825 19.1524 14.6452 12.2464 10.4283 9.64086 7.76476 20.5547 53.3746 68.5665 20.3096 17.6778
threshold=0.01790539048499085 0.65407690405845653 24.013175964355472 23.533616065979007 -0.21311142295598981 0.31094019114971166 0.88175842165946972 0.039619062095880515 0.23879923671483996 23.082156181335453 5.1000000000000005 0.4687707126140595 25.327908515930179 20.415326118469242
decision_type=2 2 2 2 2 2 2 2 2 2 2 2 2 2
left_child=1 3 6 7 -5 -6 -3 -1 9 -2 -11 -12 13 -10
right_child=8 2 -4 4 5 -7 -8 -9 12 10 11 -13 -14 -15
leaf_value=-0.01102709051370419 0.00049519540002366071 0.017242345852766659 -0.015415674678233161 -0.013643638447242779 0.025889051650532468 -0.0059989695233704649 -0.0013551262831970024 0.0044448147072850015 0.022348542002218925 -0.0081795601489421266 0.018108340405466678 -0.0066629002578536831 0.016161935980873777 0.00065338472725093321
leaf_weight=375.09999212995172 9066.357566293329 96.680666506290436 51.41997692361474 17.631857028231025 40.815690044313669 16.243524685502052 54.39654185809195 51.092167042195797 37.482734192162752 1090.0864285454154 252.95436605066061 277.44705342128873 112.04576899856329 1511.0197818689048
leaf_count=6722 90991 1487 603 312 442 133 893 860 268 11357 1914 2572 848 11786
internal_value=-1.39829e-06 -0.00334818 0.00378983 -0.00625163 0.00922337 0.0172703 0.0108778 -0.00911293 0.000191809 -0.000154926 -0.00377297 0.00526726 0.00241087 0.00131856
internal_weight=13050.8 703.38 202.497 500.883 74.6911 57.0592 151.077 426.192 12347.4 10686.8 1620.49 530.401 1660.55 1548.5
internal_count=131188 11452 2983 8469 887 575 2380 7582 119736 106834 15843 4486 12902 12054
is_linear=0
shrinkage=0.035


Tree=152
num_leaves=15
num_cat=0
split_feature=6 8 3 5 14 6 15 10 11 24 21 5 2 17
split_gain=6.88045 25.2008 16.4231 12.6197 12.5423 13.284 12.5365 12.3377 19.9771 14.3176 12.336 11.7381 11.1624 19.4527
threshold=-0.30644971132278437 -0.54372942447662342 -0.46316319704055781 0.17020014673471454 0.13899476826190951 0.04937598109245301 22.386670112609867 1.1225485205650332 0.34459368884563452 0.027712903916835788 -0.015407797880470751 -0.27316644787788386 -0.51672425866127003 0.071654707193374648
decision_type=2 2 2 2 2 2 2 2 2 2 2 2 2 10
left_child=2 3 11 -2 5 -3 12 8 -6 -9 -7 -1 13 -4
right_child=1 4 6 -5 7 10 -8 9 -10 -11 -12 -13 -14 -15
leaf_value=0.011683360388606319 -0.0077337243946097303 -0.011437397270110047 -0.010739646436153397 0.014106666741504195 -0.00045097132087286749 0.022491028877664871 -0.0044839397333097794 0.011880267604422021 0.0028148518514269061 -0.0097534577495302123 -0.0046621157414689076 -0.0050234363387837667 0.011465266290840763 0.020632637483147313
leaf_weight=50.614832278341055 653.3741432055831 205.78265040926635 72.387276824563742 25.110345622524619 7553.4078891444951 21.951234046369791 98.592281434684992 35.159565392881632 3284.2191488444805 247.2315843179822 49.955279540270567 344.40473509952426 382.7538635134697 24.338886272162199
leaf_count=421 7189 2773 576 321 78251 190 933 305 30345 2605 705 3211 3171 192
internal_value=-5.23356e-07 -0.000229558 0.00281525 -0.00673227 0.000163098 -0.00705238 0.00652947 0.000349458 0.000540382 -0.00674572 0.00536096 -0.00264714 0.00883942 -0.00165197
internal_weight=13049.3 12076.2 973.092 678.484 11397.7 277.689 578.072 11120 10837.6 282.391 71.9065 395.02 479.48 96.7262
internal_count=131188 122684 8504 7510 115174 3668 4872 111506 108596 2910 895 3632 3939 768
is_linear=0
shrinkage=0.035


Tree=153
num_leaves=15
num_cat=0
split_feature=17 31 15 3 17 8 10 10 10 19 17 10 15 25
split_gain=6.73175 23.3545 24.4718 20.6986 39.2363 20.3796 33.9548 16.5917 15.4635 15.1889 11.3515 14.5769 10.3905 17.5769
threshold=0.025454134680330757 0.0028411853832293059 23.409000396728519 0.17405603080987933 0.018683446571230892 -0.084700383245944963 0.2768308967351914 0.39876851439476019 0.44277469813823706 0.020278157666325573 0.015994798392057422 0.22578528523445132 20.860421180725101 3.9399999999999999
decision_type=10 2 2 2 8 2 2 2 2 2 10 2 2 2
left_child=1 2 3 9 -5 6 -4 10 -9 -1 -3 -12 13 -2
right_child=12 7 5 4 -6 -7 -8 8 -10 -11 11 -13 -14 -15
leaf_value=0.00038224295404345749 0.0050306342592653132 -0.022456801876390608 0.041570156427332632 0.045964400017708532 -0.0038954678376729975 -0.005299700177046114 -0.0013676662795549476 0.027326982448747865 -0.0038485283369466437 -0.013626610209267294 0.0033940150469513289 -0.010683567813087552 -0.00034356959017551138 -0.00038441664856272832
leaf_weight=287.53413486480713 1322.9972105119377 63.481105839833617 46.609215078875422 21.073811758309603 47.49918033182621 35.509757746011019 36.481783868744969 21.034303331747651 46.920167090371251 131.0709312222898 114.6766181178391 351.13207286410034 8890.1258337888867 1632.0103297494352
leaf_count=3776 12033 1117 397 129 388 267 335 248 533 1323 1789 5179 85803 17871
internal_value=3.70753e-07 -0.00248301 0.00234534 -0.00121543 0.0153272 0.0159291 0.0245962 -0.00733833 0.008069 -0.00421971 -0.00942939 -0.00721934 0.000254471 0.00204877
internal_weight=13048.2 1203.02 605.779 487.178 68.573 118.601 83.091 597.244 67.9545 418.605 529.29 465.809 11845.1 2955.01
internal_count=131188 15481 6615 5616 517 999 732 8866 781 5099 8085 6968 115707 29904
is_linear=0
shrinkage=0.035


Tree=154
num_leaves=15
num_cat=0
split_feature=16 30 12 2 15 11 4 21 16 28 14 32 7 11
split_gain=6.73144 19.8682 23.064 14.8874 16.3493 13.0901 11.4006 11.7997 17.6996 25.2154 10.5709 12.4007 10.5061 10.4302
threshold=0.44910728931427008 1.0000000180025095e-35 0.39084637165069586 0.14585927873849872 21.176095962524418 0.38769944012165075 -0.08059630915522574 0.064371928572654738 1.1544044613838198 -0.74591251496506306 0.63317540287971508 0.019536802125425305 -0.2527406364679336 0.27098180353641516
decision_type=2 2 2 2 2 2 2 2 2 2 2 2 2 2
left_child=1 3 12 4 5 -1 -2 -8 9 -9 11 -4 -3 -6
right_child=6 2 10 -5 13 -7 7 8 -10 -11 -12 -13 -14 -15
leaf_value=-0.0093667504632823431 0.003195997422355898 0.026367006813713685 -0.011972046444102441 0.0014681689147211319 0.0093982638500151837 0.0040790550596821237 -0.00074368582633397564 -8.7822443415884086e-06 -0.0012795652217708815 0.010325107636053914 -0.013877788742348206 0.0028354760877049123 -0.0020059773798231473 -0.019213352327862223
leaf_weight=233.72085030004382 1439.8554949983954 52.698269747197628 68.66981895826757 227.19453862309456 11.157331489026545 132.19534658454359 7935.5070050600916 583.18871817179024 972.00654209405184 563.85483494214714 53.369989592581987 574.33952797204256 19.659627292305231 179.38419274799526
leaf_count=3334 13620 466 1119 2844 187 1581 80087 6321 9592 4640 432 4353 196 2416
internal_value=1.75695e-06 -0.00215388 0.00183538 -0.00604102 -0.00907872 -0.00452987 0.000294507 -0.000123761 0.00219035 0.0051164 -0.000232727 0.001095 0.0193505 -0.0171529
internal_weight=13046.8 1552.39 768.737 783.652 556.458 365.916 11494.4 10054.6 2119.05 1147.04 696.379 643.009 72.3579 190.542
internal_count=131188 16928 6566 10362 7518 4915 114260 100640 20553 10961 5904 5472 662 2603
is_linear=0
shrinkage=0.035


Tree=155
num_leaves=15
num_cat=0
split_feature=33 17 3 24 10 6 16 19 14 21 24 15 10 15
split_gain=6.59595 17.0928 14.3041 11.7902 14.3251 18.2572 13.0788 11.1934 10.6655 12.6575 10.3208 15.1096 24.4217 14.0515
threshold=-0.067435648233345621 0.022048955783247951 0.23175679147243503 0.030992706306278709 0.53824713826179515 0.55470368266105663 2.3746869564056401 0.01315937237814069 0.3518767803907395 -0.065105643123388277 0.030304147861897949 20.660531044006351 0.34670929610729223 20.36607646942139
decision_type=2 10 2 2 2 2 2 2 2 2 2 2 2 2
left_child=1 2 7 4 6 -6 -3 -1 9 -2 11 12 -10 -12
right_child=8 3 -4 -5 5 -7 -8 -9 10 -11 13 -13 -14 -15
leaf_value=-0.0037619741550207601 0.00028867871606010677 0.0043338315816591538 0.014237202785024427 -0.00071913275322738166 -0.001667245808705409 0.01082816395523715 -0.0081943909590185965 -0.016892242201823462 -0.0094181126172252078 -0.0078905632776993875 -0.0064956996085242993 -0.0034841560820581224 0.0089966451168175983 0.0019731006921489217
leaf_weight=238.32057365402579 413.30800073035061 2532.7693123407662 28.675093375146389 2616.3443925771862 1397.6671493072063 149.48127357289195 97.36178483068943 115.8471119068563 113.64645062014461 515.69533598609269 255.14095679484308 1725.3633466139436 303.27241111919284 2543.0015254579484
leaf_count=3276 4359 21392 198 23626 12394 1182 1003 1191 2145 7784 2800 21196 3477 25165
internal_value=1.44606e-06 0.000712736 -0.00638777 0.00112167 0.00227358 -0.000398188 0.00384078 -0.00840276 -0.000867971 -0.00428735 -0.000217626 -0.00204081 0.003874 0.00118051
internal_weight=13045.9 7176.47 382.843 6793.62 4177.28 1547.15 2630.13 354.168 5869.43 929.003 4940.42 2142.28 416.919 2798.14
internal_count=131188 64262 4665 59597 35971 13576 22395 4467 66926 12143 54783 26818 5622 27965
is_linear=0
shrinkage=0.035


Tree=156
num_leaves=15
num_cat=0
split_feature=22 11 16 6 4 28 8 3 10 11 15 11 16 17
split_gain=6.53848 10.4497 14.2573 14.6878 10.5441 9.46926 17.0482 23.6374 32.9496 22.9499 23.0055 17.397 11.4142 11.2842
threshold=0.45299300551414495 0.43213717639446264 0.70717206597328197 0.10262179374694826 0.26833592355251318 -0.40673658347942782 -0.22893909364938733 0.45276044309139257 0.42773909866809851 0.30795718729496008 21.285234451293949 0.35020197927951818 0.81063702702522289 0.059678239747881896
decision_type=2 2 2 2 2 2 2 2 2 2 2 2 2 8
left_child=5 2 3 -2 -4 13 9 11 -9 12 -11 -8 -7 -1
right_child=1 -3 4 -5 -6 6 7 8 -10 10 -12 -13 -14 -15
leaf_value=0.0018131635542545253 -0.00097812125914233669 -0.012428171429295967 -0.0050524888934893458 0.017786121257136134 0.017103405991255288 -0.011381227767362114 -0.0022800311657997507 0.027868718807308575 0.0038965591252226716 0.0036679345315959611 -0.0032199993059421014 0.0076408542454077834 -0.0038503802768269629 -0.0016679953197543972
leaf_weight=5383.3277879692614 127.04675453901291 111.30696080625057 572.97884497605264 74.405561681836843 17.9274374358356 367.8715536352247 1093.7079278808087 80.779658883810043 330.31381449848413 1006.6814422421157 1418.9352113306522 259.38907455280423 761.69118248671293 1438.1627602949739
leaf_count=45603 2159 1676 7899 800 203 5590 12153 475 2330 10418 15727 2419 10853 12883
internal_value=6.92179e-07 -0.00285473 -0.00137176 0.00646576 -0.00410686 0.0002154 -0.000890566 0.00191515 0.00915703 -0.00228432 -0.000358041 -0.000336092 -0.00638135 0.00107787
internal_weight=13044.5 903.666 792.359 201.452 590.906 12140.9 5319.37 1764.19 411.093 3555.18 2425.62 1353.1 1129.56 6821.49
internal_count=131188 12737 11061 2959 8102 118451 59965 17377 2805 42588 26145 14572 16443 58486
is_linear=0
shrinkage=0.035


Tree=157
num_leaves=15
num_cat=0
split_feature=11 8 28 24 8 10 15 1 10 6 15 34 15 25
split_gain=6.37689 17.1262 15.5627 13.3336 15.5397 12.2787 11.8504 13.634 11.2145 8.98024 17.6513 27.1463 17.4595 22.4388
threshold=0.21027008444070819 -0.34897011518478388 -1.7299220911368594 0.032575633376836784 -0.17058596760034558 0.33887781202793127 21.067113876342777 0.14354452490806582 0.32223080098629003 0.27169470489025122 22.983864784240726 -0.026535316142143547 23.082156181335453 5.1000000000000005
decision_type=2 2 2 2 2 2 2 2 2 2 2 2 2 2
left_child=1 5 6 4 -4 -1 8 -8 -3 12 11 -11 -2 -14
right_child=9 2 3 -5 -6 -7 7 -9 -10 10 -12 -13 13 -15
leaf_value=-0.013260251623619455 0.00060291437977255647 -0.0081012524305188738 0.0029954586336253175 -0.014853203500971111 -0.0043162617923476901 0.0068328711271771914 0.017196694811086832 -0.0022790285647309419 0.014761023541134155 -0.0098801317138537473 0.0060119376548762411 0.0054770961853503886 -0.0067186822773050159 0.0020856315257698978
leaf_weight=215.98588397912681 8034.1065112575889 91.256361182779074 613.17031387798488 83.435409536585212 822.20190922357142 38.146237265318632 137.04416636377573 59.80136701837182 25.670727275311947 263.15531692653894 866.88146033510566 282.13736534491181 953.99185007624328 554.86336185224354
leaf_count=3657 79493 958 8632 1347 8434 520 1177 454 215 2158 7043 2202 9638 5260
internal_value=1.47866e-06 -0.00176703 -0.000562965 -0.00203632 -0.00119369 -0.0100997 0.00641137 0.0114559 -0.00231445 0.000339646 0.00293425 -0.00197868 -4.6975e-05 -0.00348859
internal_weight=13041.8 2086.71 1832.58 1518.81 1435.37 254.132 313.773 196.846 116.927 10955.1 1412.17 545.293 9542.96 1508.86
internal_count=131188 25394 21217 18413 17066 4177 2804 1631 1173 105794 11403 4360 94391 14898
is_linear=0
shrinkage=0.035


Tree=158
num_leaves=15
num_cat=0
split_feature=16 30 12 2 1 11 4 14 13 22 10 14 7 33
split_gain=6.26901 18.5483 21.5223 14.0017 13.7204 15.9295 10.8609 10.6619 12.3033 11.6776 11.3782 10.0562 9.70738 9.64244
threshold=0.44910728931427008 1.0000000180025095e-35 0.39084637165069586 0.14585927873849872 -0.10367797687649725 0.26196473836898809 -0.08059630915522574 2.8184012174606328 0.65328913927078258 0.12264757230877878 0.92401519417762767 0.63317540287971508 -0.3441632986068725 -0.21630575307045893
decision_type=2 2 2 2 2 2 2 2 2 2 2 2 2 2
left_child=1 3 12 4 5 -1 -2 8 10 -10 -8 -4 -3 -9
right_child=6 2 11 -5 -6 -7 7 13 9 -11 -12 -13 -14 -15
leaf_value=0.025549121794874886 0.0031132761255052463 0.029805022476342053 0.0010475620225716051 0.0014172233987656158 -0.0144862648673151 -0.0054749491929130837 -7.2020229849907938e-05 0.0064589785034911314 0.016103487638479214 0.0022451038286349675 -0.0064102635299642698 -0.013605824829158539 0.004440696393306685 -0.0048885305986892443
leaf_weight=11.942256530746816 1441.6979411225766 34.673372335731983 643.28873783163726 227.39209619536996 262.02670691534877 278.14123656973243 7028.4686543233693 94.237570758908987 68.407468793913722 1670.9929208625108 354.98257706873119 52.898126220330596 38.593508148565888 833.4608901552856
leaf_count=212 13620 282 5472 2844 3831 3475 70584 892 542 15764 3690 432 380 9168
internal_value=1.09599e-06 -0.00208172 0.00176516 -0.00585327 -0.00881963 -0.0033889 0.000283389 -0.000125234 0.000239804 0.00287906 -0.000385009 -0.000242741 0.0185822 -0.00367924
internal_weight=13041.2 1548.96 769.454 779.502 552.11 290.083 11492.2 10050.6 9122.85 1739.4 7383.45 696.187 73.2669 927.698
internal_count=131188 16928 6566 10362 7518 3687 114260 100640 90580 16306 74274 5904 662 10060
is_linear=0
shrinkage=0.035


Tree=159
num_leaves=15
num_cat=0
split_feature=3 11 7 23 5 23 10 16 18 4 6 22 8 12
split_gain=6.22779 10.34 12.5464 11.1909 8.5139 7.92228 7.03614 13.7085 18.4008 14.7701 17.2411 12.8954 22.7588 14.7294
threshold=1.9270285964012148 0.33340024948120123 -0.14130051434040067 0.20072399079799655 -0.026185047812759873 0.13043972849845889 0.53824713826179515 2.5000044107437138 -0.046783303841948502 0.047826813533902175 -0.264771819114685 0.27970407903194433 -0.49808794260025019 0.45595462620258337
decision_type=2 2 2 2 2 2 2 2 2 2 2 2 2 2
left_child=6 -2 3 4 -3 -4 7 9 -9 10 -1 12 -8 -13
right_child=1 2 5 -5 -6 -7 11 8 -10 -11 -12 13 -14 -15
leaf_value=0.0050554688857000719 -0.013999101074448923 0.015302887056745231 0.0054460171682908899 -0.0087728549247230881 -0.0017301409746747849 0.02938004814703013 -0.004854275628568808 0.021320539151825278 -0.013803835210199483 0.0040061742018559091 -0.00062050899810719431 0.0063869225476782341 0.0028244880655875554 -0.0037822803795437899
leaf_weight=728.97905795834959 22.62904317304492 71.456371858716011 37.780199512839317 66.018020752817392 61.055140268057585 32.155760049819946 647.85393426381052 11.880751635879276 134.12375792860985 1369.4731006994843 5798.374632999301 180.409099586308 1672.0854202769697 2205.7131258286536
leaf_count=6320 156 570 259 432 472 189 5832 134 1721 12620 61607 2279 13784 24813
internal_value=2.0813e-06 0.00497737 0.00702219 0.00219004 0.00788415 0.0187494 -0.000115331 0.000513508 -0.00976223 0.000715603 2.01514e-05 -0.00118885 0.000668526 -0.00298996
internal_weight=13040 291.095 268.465 198.53 132.512 69.936 12748.9 8042.83 146.005 7896.83 6527.35 4706.06 2319.94 2386.12
internal_count=131188 2078 1922 1474 1042 448 129110 82402 1855 80547 67927 46708 19616 27092
is_linear=0
shrinkage=0.035


Tree=160
num_leaves=15
num_cat=0
split_feature=14 8 12 6 2 11 15 5 8 6 8 30 25 15
split_gain=6.19489 13.1187 11.4486 9.424 11.3392 8.61253 7.64859 7.08117 18.2807 15.0993 25.3877 10.6032 10.4971 28.045
threshold=0.13899476826190951 -0.67106613516807545 0.61660116910934459 0.069091804325580611 0.50680273771286022 0.57373544573783886 20.465373039245609 -0.034613095223903649 -0.12097887694835661 0.090733207762241377 -0.28176589310169214 -0.24999999999999975 4.4500000000000011 22.09812164306641
decision_type=2 2 2 2 2 2 2 2 2 2 2 2 2 2
left_child=1 -1 3 5 -5 -3 -4 8 9 11 -11 -2 13 -9
right_child=7 2 6 4 -6 -7 -8 12 -10 10 -12 -13 -14 -15
leaf_value=0.019086571922263356 -0.0043599083004119115 -0.0096760432179813401 0.0016369374216103167 0.020596906197284104 -0.0097653830719600307 0.0096933489074797295 -0.019285967175585887 0.0035287285735935434 0.022655476605160759 -0.0020036026896357866 0.016548814718987583 0.00097474806838588474 -0.0018050759493767449 -0.0026158033537645457
leaf_weight=16.86685274168849 501.56196073628962 118.25999503582716 25.443906819447875 33.125299783423543 15.81447549164295 27.340376410633326 88.610277013853192 2034.4385991785675 37.906213544309139 167.26282731071115 181.69001015275717 4228.5721046924591 3931.4404645841569 1630.3170705158263
leaf_count=166 8708 1606 347 381 174 268 1290 19071 331 1506 1412 38984 42412 14532
internal_value=2.95818e-06 -0.0046918 -0.00654974 -0.00118772 0.0107934 -0.0056497 -0.0148627 0.000126738 0.00113197 0.000927132 0.00784805 0.000401081 -0.000551008 0.000795569
internal_weight=13038.7 325.461 308.594 194.54 48.9398 145.6 114.054 12713.2 5116.99 5079.09 348.953 4730.13 7596.2 3664.76
internal_count=131188 4232 4066 2429 555 1874 1637 126956 50941 50610 2918 47692 76015 33603
is_linear=0
shrinkage=0.035


Tree=161
num_leaves=15
num_cat=0
split_feature=33 17 3 2 3 15 15 3 16 19 22 33 11 4
split_gain=6.03294 15.8649 13.5416 11.24 23.6012 32.2964 15.6356 18.9633 12.054 10.6785 10.0592 20.792 15.713 18.4491
threshold=-0.067435648233345621 0.022048955783247951 0.23175679147243503 0.58984988927841198 0.45276044309139257 23.185171127319339 22.713021278381351 -0.19890207052230832 2.6373455524444585 0.01315937237814069 0.18286002427339557 -0.042326532264593979 0.16644513607025149 0.0104404971934855
decision_type=2 10 2 2 2 2 2 2 2 2 2 2 2 2
left_child=1 2 9 6 -5 -6 8 -8 -3 -1 -2 -12 13 -13
right_child=10 3 -4 4 5 -7 7 -9 -10 -11 11 12 -14 -15
leaf_value=-0.0036309778035615186 0.0011428540201747659 0.0018371406350428054 0.013833815445584411 0.014230228552997522 -0.01312703056277836 0.0082773504803191032 -0.009135406605707979 -8.7222289308065378e-05 -0.010606592769007989 -0.016515372694812121 -0.010459237435185948 0.013924071344058419 -0.0018561199084450842 -0.0025748837373472354
leaf_weight=237.40076825022697 2052.6414927914739 4731.5094282254577 28.837566301226616 227.00339921936393 132.24552318453789 209.77916398644447 382.30600650236011 1026.0616972129792 87.487152237445116 114.22309913486242 308.20510280691087 165.85908288881183 3181.589622810483 152.24420224688947
leaf_count=3276 20717 41967 198 1924 973 1524 3852 8407 950 1191 4026 2299 37772 2112
internal_value=3.87372e-06 0.000683816 -0.00617891 0.0010765 0.00574159 -0.000136559 0.000641709 -0.00259047 0.00158973 -0.00815736 -0.000828534 -0.00189142 -0.00110923 0.00618986
internal_weight=13037.4 7176.85 380.461 6796.39 569.028 342.025 6227.36 1408.37 4819 351.624 5860.54 3807.9 3499.69 318.103
internal_count=131188 64262 4665 59597 4421 2497 55176 12259 42917 4467 66926 46209 42183 4411
is_linear=0
shrinkage=0.035


Tree=162
num_leaves=15
num_cat=0
split_feature=11 8 8 25 28 29 22 10 11 15 17 10 34 26
split_gain=5.94848 16.3315 15.2485 27.6129 22.8144 16.3275 14.4591 10.5368 8.67153 26.9956 26.3325 27.7602 19.6663 29.2272
threshold=0.21027008444070819 -0.33378942310810084 -0.071711514145135866 1.4450000000000001 1.0000000180025095e-35 3.7500000000000004 0.42151103913784033 0.38431294262409216 0.24863559752702716 22.386670112609867 0.034502565860748298 0.3623319566249848 -0.01694045508671815 -1.1900000000000002
decision_type=2 2 2 2 2 2 2 2 2 2 8 2 2 2
left_child=1 7 4 -4 6 -5 -3 -1 9 10 11 -2 13 -11
right_child=8 2 3 5 -6 -7 -8 -9 -10 12 -12 -13 -14 -15
leaf_value=-0.010954630227428841 0.0004224408743671111 0.005275251718875597 0.021188094263204869 -0.011889289943905278 -0.0096081264650074508 0.002869361147015608 -0.0049742173010516111 0.013067939150063322 -8.3990265520283129e-05 0.00078707684247635186 -0.0051841360754479012 0.018293544733670931 0.00077130409578650134 0.023142410612612158
leaf_weight=275.25945949368179 382.01214806362987 921.31114208698273 33.753655441105366 336.53270572796464 182.36006415449083 120.34750732406974 197.54419216513634 15.967760624364017 9318.2217199765146 114.42267630249262 616.0222354196012 137.88850912824273 199.83437774702907 184.90812050923705
leaf_count=4630 4437 9642 245 3170 3280 996 3223 208 88866 1084 6351 1463 1926 1667
internal_value=3.0928e-06 -0.00170668 -0.000436577 -0.00563078 0.00154994 -0.0080235 0.00343758 -0.00924739 0.000329514 0.00267222 -0.000326704 0.00541801 0.0093691 0.0148985
internal_weight=13036.4 2083.08 1791.85 490.634 1301.22 456.88 1118.86 291.227 10953.3 1635.09 1135.92 519.901 499.165 299.331
internal_count=131188 25394 20556 4411 16145 4166 12865 4838 105794 16928 12251 5900 4677 2751
is_linear=0
shrinkage=0.035


Tree=163
num_leaves=15
num_cat=0
split_feature=16 12 21 25 15 8 4 21 16 22 17 8 16 6
split_gain=5.95199 15.316 14.5168 12.9267 13.7372 13.4927 9.99096 10.293 15.9761 22.2822 9.22745 14.348 14.2122 8.77233
threshold=0.44910728931427008 1.0176854729652407 -0.015407797880470751 2.4450000000000007 21.121526718139652 -0.25205086171627039 -0.08059630915522574 0.064371928572654738 1.0298653841018679 0.32758933305740362 0.071654707193374648 -0.63282975554466236 2.3746869564056401 0.23879923671483996
decision_type=2 2 2 2 2 2 2 2 2 2 8 2 2 2
left_child=1 2 3 4 -1 -5 13 10 9 -9 11 -8 -12 -2
right_child=6 -3 -4 5 -6 -7 7 8 -10 -11 12 -13 -14 -15
leaf_value=0.0031520276185790521 0.0021187971672536024 -0.012790205926355219 -0.0048876899019732944 0.0078135508482662635 -0.012496433952509102 -0.0064856656027397512 -0.0090946156568856469 0.012317716257896839 -0.00067875633050961922 0.001251129785406807 -0.0065670059993410204 2.1200053552713954e-05 0.0032969881464041664 0.011666741244548643
leaf_weight=143.34725041128695 1324.1561748813838 136.76155142858624 616.601860800758 442.48229725658894 116.68855670467019 90.436369642615318 208.29598017595708 347.78486165776849 1177.5628687534481 598.0036981292069 671.3128978703171 6805.5774430260062 235.65975094586611 120.47453053668141
leaf_count=1642 12599 1411 8529 3267 1396 683 2070 2475 11534 6544 6648 68659 2710 1021
internal_value=3.84904e-06 -0.00202751 -0.00090052 0.00222216 -0.00407279 0.00531221 0.000278782 -0.000113719 0.00204454 0.00540683 -0.000694135 -0.000262082 -0.00399603 0.00298978
internal_weight=13035.1 1546.32 1409.56 792.954 260.036 532.919 11488.8 10044.2 2123.35 945.789 7920.85 7013.87 906.973 1444.63
internal_count=131188 16928 15517 6988 3038 3950 114260 100640 20553 9019 80087 70729 9358 13620
is_linear=0
shrinkage=0.035


Tree=164
num_leaves=15
num_cat=0
split_feature=6 8 28 15 16 31 6 14 6 10 11 24 21 15
split_gain=6.07968 23.0604 12.0327 11.9051 18.734 19.9883 13.3304 11.0987 12.2547 11.6619 18.4634 13.3009 11.2664 10.4258
threshold=-0.30644971132278437 -0.54372942447662342 -1.8296610773469666 21.0124626159668 0.88802286982536327 1.0000000180025095e-35 -0.334786906838417 0.13899476826190951 0.04937598109245301 1.1225485205650332 0.34459368884563452 0.027712903916835788 -0.015407797880470751 20.415326118469242
decision_type=2 2 2 2 2 2 2 2 2 2 2 2 2 2
left_child=2 -2 -1 4 6 -6 -4 8 13 10 -9 -11 -10 -3
right_child=1 7 3 -5 5 -7 -8 9 12 11 -12 -13 -14 -15
leaf_value=-0.012270079038169845 -0.0064585077542025689 0.003414122111532491 -0.0024193110225101833 -6.2913905493637562e-05 -0.010086859333620045 0.022502416712753309 0.014319248392789918 -0.00043308423970505802 0.021411104465981389 0.011295291290939332 0.0027058341651333977 -0.0095095903909258837 -0.004460441859832763 -0.01497138852764029
leaf_weight=52.594121482223272 673.14281296730042 44.577926309779286 203.79212739691138 499.39206076785922 21.6800577044487 127.44022392109036 70.452063042670488 7542.380811817944 22.378273110836744 35.49167987704277 3288.5577865242958 245.26719588413835 49.6061927434057 157.5548263322562
leaf_count=477 7510 605 1668 4594 170 1007 588 78251 190 305 30345 2605 705 2168
internal_value=3.21083e-06 -0.000212612 0.00264666 0.00361929 0.00786398 0.0174282 0.00223323 0.000161996 -0.00666911 0.000336359 0.000521591 -0.00658155 0.005213 -0.0109469
internal_weight=13034.3 12059 975.351 922.757 423.364 149.12 274.244 11385.8 274.117 11111.7 10830.9 280.759 71.9845 202.133
internal_count=131188 122684 8504 8027 3433 1177 2256 115174 3668 111506 108596 2910 895 2773
is_linear=0
shrinkage=0.035


Tree=165
num_leaves=15
num_cat=0
split_feature=3 19 7 19 17 2 11 4 28 8 6 3 10 11
split_gain=5.87288 10.3984 10.1483 9.34707 8.83086 8.37194 6.5197 6.4404 8.58217 18.1366 16.8574 16.8206 11.5464 13.8187
threshold=1.9270285964012148 0.18318083137273791 -0.17574811726808545 -0.17911668866872785 0.071654707193374648 1.4303516745567324 0.48898662626743322 -0.14276183396577832 -0.20349242140922372 -0.22113384306430814 -0.264771819114685 0.45276044309139257 0.92401519417762767 0.63393574953079235
decision_type=2 2 2 2 10 2 2 2 2 2 2 2 2 2
left_child=7 2 3 4 -2 -3 -7 -1 12 10 -10 -11 -9 -14
right_child=1 5 -4 -5 -6 6 -8 8 9 11 -12 -13 13 -15
leaf_value=0.0040916836311125733 0.0011812101519245168 -0.009810980960450447 0.027463130447582113 -0.0034770685378209707 0.028639971666420658 0.015525481069291948 -0.0024895725087473453 0.00070856503309818931 0.0021255805699482476 -0.00035894369150426961 -0.0047396537452538126 0.0092155701577063941 -0.008044161335412265 0.0041939026941815536
leaf_weight=421.62039013206959 28.717600129544735 68.860733233392239 27.269998740404844 61.596555668860674 20.593462683260441 34.09310831874609 50.460561960935593 7897.2416401579976 549.74281997792423 1003.4401529859751 2056.1859950851649 279.40165061876178 382.78913224302232 151.39257689937949
leaf_count=3994 231 481 172 427 153 219 395 74010 5498 10677 27522 1833 4083 1493
internal_value=3.29201e-06 0.00483063 0.0114493 0.0055661 0.015544 -0.00146655 0.00564807 -0.000110881 -0.000257903 -0.00161589 -0.00328879 0.00178153 0.000369606 -0.00456244
internal_weight=13033.4 291.592 138.178 110.908 49.3111 153.414 84.5537 12741.8 12320.2 3888.77 2605.93 1282.84 8431.42 534.182
internal_count=131188 2078 983 811 384 1095 614 129110 125116 45530 33020 12510 79586 5576
is_linear=0
shrinkage=0.035


Tree=166
num_leaves=15
num_cat=0
split_feature=22 11 16 6 2 13 33 17 3 2 24 15 19 14
split_gain=5.7713 9.92855 13.282 13.3017 11.2735 9.3785 9.12004 13.1023 18.4108 11.7628 15.2248 12.1881 10.4386 9.39769
threshold=0.45299300551414495 0.43213717639446264 0.70717206597328197 0.10262179374694826 0.58984988927841198 0.34455807507038122 -0.067435648233345621 0.022048955783247951 0.23175679147243503 -0.049980174750089638 0.030043962411582473 20.860421180725101 -0.052701640874147408 0.3518767803907395
decision_type=2 2 2 2 2 2 2 10 2 2 2 2 2 2
left_child=6 2 3 -2 5 -4 7 8 12 11 -11 -9 -1 -8
right_child=1 -3 4 -5 -6 -7 13 9 -10 10 -12 -13 -14 -15
leaf_value=-0.00056139722388282162 -0.00083908588589019437 -0.012078038935149167 0.0056145625253128688 0.016970071860616852 0.0070458566610449762 -0.0078258114066466176 -0.0040115469611687778 0.002981308533445054 0.019028054234033788 0.0056901964466075424 0.00076478643411657086 -0.0017885875854340065 -0.013744194541864313 -0.00017777555186211384
leaf_weight=127.22031684964895 126.54249400645494 109.83090705238283 66.926299583166838 75.483577333390713 88.73515285924077 431.82472000457346 921.40864850208163 1001.139444610104 24.155342593789101 1396.409201271832 1703.7355093341321 1859.6118889525533 167.44083008915186 4930.9306973926723
leaf_count=1541 2159 1676 1041 800 786 6275 12143 8089 140 10369 14473 15157 1756 54783
internal_value=4.75263e-06 -0.00268467 -0.00124321 0.00630154 -0.00389977 -0.00594737 0.000206165 0.00113169 -0.00567461 0.00150462 0.00299452 -0.000114759 -0.00825775 -0.000787189
internal_weight=13031.4 899.343 789.512 202.026 587.486 498.751 12132.1 6279.71 318.816 5960.9 3100.14 2860.75 294.661 5852.34
internal_count=131188 12737 11061 2959 8102 7316 118451 51525 3437 48088 24842 23246 3297 66926
is_linear=0
shrinkage=0.035


Tree=167
num_leaves=15
num_cat=0
split_feature=3 11 7 23 31 23 10 14 19 21 16 32 11 22
split_gain=5.61519 10.3906 10.8101 10.9132 8.25545 7.65824 6.23427 12.8558 18.9434 13.1318 14.325 13.1092 12.8024 11.774
threshold=1.9270285964012148 0.32802467048168188 -0.14130051434040067 0.20072399079799655 0.00052908022445963276 0.13043972849845889 0.53824713826179515 0.3726943731307984 -0.15715781599283216 0.074440684169530882 1.1850577592849734 0.020451472762968884 0.3559535294771195 0.27970407903194433
decision_type=2 2 2 2 2 2 2 2 2 2 2 2 2 2
left_child=6 -2 3 4 -3 -4 7 8 -1 12 -11 -10 -9 -8
right_child=1 2 5 -5 -6 -7 13 9 11 10 -12 -13 -14 -15
leaf_value=0.0056947183996975143 -0.014740059623434732 -0.0027456886638679446 0.0047392261743088625 -0.0086443378781282301 0.014213243455083822 0.027827550217882975 0.00065468057812922802 -0.00022194060034236819 -0.015616481281841161 0.0076120393463510625 -0.00059136893326634733 -0.0036907334044563103 0.0049833494837275344 -0.0028449002599457329
leaf_weight=196.07137504778802 21.237096469849348 52.76875339448452 38.352535419166088 65.829551432281733 80.949419844895601 32.849483355879784 2318.8814553506672 5482.2219250351191 140.39689879305661 671.6667342428118 420.10949666239321 494.59933535195887 637.04966193437576 2376.6436263788491
leaf_count=2118 146 414 262 433 633 190 19616 56365 2163 6478 4179 5666 5433 27092
internal_value=4.86399e-06 0.00472193 0.00671914 0.00221833 0.00779541 0.0175063 -0.000106885 0.000484662 -0.00361147 0.000961086 0.0044787 -0.00652874 0.000327205 -0.00111892
internal_weight=13029.6 291.987 270.75 199.548 133.718 71.202 12737.6 8042.12 831.068 7211.05 1091.78 634.996 6119.27 4695.53
internal_count=131188 2078 1932 1480 1047 452 129110 82402 9947 72455 10657 7829 61798 46708
is_linear=0
shrinkage=0.035


Tree=168
num_leaves=15
num_cat=0
split_feature=11 28 24 2 19 14 6 11 28 3 28 33 10 11
split_gain=5.50324 13.0363 13.832 10.2905 10.7412 9.75314 8.36787 12.9069 16.0852 12.1779 12.0964 13.6997 11.2294 19.6928
threshold=0.21027008444070819 -1.7299220911368594 0.032575633376836784 -0.20326890796422956 0.01315937237814069 0.5139540731906892 0.27169470489025122 0.47178424894809728 -1.8296610773469666 1.2680044174194338 -0.65279997750805607 -0.16801730899034531 0.53824713826179515 0.50948160886764537
decision_type=2 2 2 2 2 2 2 2 2 2 2 2 2 2
left_child=1 5 3 -3 -5 -1 12 8 -8 -10 11 -9 -2 -14
right_child=6 2 -4 4 -6 -7 7 10 9 -11 -12 -13 13 -15
leaf_value=-0.011002200031141317 0.00091300054348412985 -0.012798700339641117 -0.015194423098913166 0.0022512501400315816 -0.0037055437205352087 0.006377678464179146 -0.007549696642898434 -0.0077913035343311491 0.0046059339549420009 0.016105565644306267 -0.0089152182215825899 0.010454435229887935 -0.0028764737685885006 0.0032385603706041113
leaf_weight=35.742454547435045 5779.9289598800242 93.18103401735425 95.576136173680425 603.59048851206899 930.57050555199385 319.82232055068016 106.77471552044153 74.119352363049984 806.73715780302882 124.90383646637201 182.67608473822474 117.84756108373404 2940.3127220161259 816.71235946752131
leaf_count=398 55872 1462 1669 8888 10034 2943 950 878 6343 796 1553 883 30499 8020
internal_value=4.9793e-06 -0.00164162 -0.00290189 -0.00209154 -0.00136254 0.00437743 0.000318742 0.00282234 0.00481958 0.00630234 -0.0026949 0.0033727 -5.47746e-05 -0.0015421
internal_weight=13028.5 2078.48 1722.92 1627.34 1534.16 355.565 10950 1413.06 1038.42 931.641 374.643 191.967 9536.95 3757.03
internal_count=131188 25394 22053 20384 18922 3341 105794 11403 8089 7139 3314 1761 94391 38519
is_linear=0
shrinkage=0.035


Tree=169
num_leaves=15
num_cat=0
split_feature=5 8 10 28 2 17 19 10 28 29 18 10 23 19
split_gain=5.41871 9.83986 18.7162 12.9904 15.6888 15.6782 11.9798 15.0168 12.0953 10.7415 12.0914 10.1089 9.37915 10.2247
threshold=-0.065857302397489534 -0.31923802196979517 0.39876851439476019 -0.20349242140922372 0.052892548963427551 0.028128365054726604 -0.046235499903559678 0.53824713826179515 -0.20349242140922372 3.6500000000000008 -0.059453882277011864 0.29692076146602636 0.3832866251468659 -0.24243742227554319
decision_type=2 2 2 2 2 8 2 2 2 2 2 2 2 2
left_child=12 2 9 5 -5 -4 7 8 -3 10 -2 -11 13 -1
right_child=1 6 3 4 -6 -7 -8 -9 -10 11 -12 -13 -14 -15
leaf_value=-0.0018509772794131447 0.0038445297166618889 0.0080748944919235548 0.020317425758279922 -0.0020452458972328607 -0.016609625667564035 0.00070303177869717587 -0.00036126415331182854 -0.0059049021487782086 -0.001574768382828674 -0.011806079342270723 -0.014562647246000765 -4.7880729797846852e-05 -0.0045548341464700867 0.0025817432616174955
leaf_weight=813.86310088075697 47.632282389327884 626.17334373481572 41.836152285337448 533.63342726975679 100.12094410322607 1380.0695773027837 5256.8993132133037 155.29904936440289 208.32168679870665 112.82911635749042 265.21766836382449 331.0852551292628 322.2736623827368 2832.4472872279584
leaf_count=7636 687 6741 393 7098 1475 13299 49265 1427 2547 1853 3834 3596 4070 27267
internal_value=3.9266e-06 -0.000468499 -0.00218368 -0.000440775 -0.00456841 0.001418 0.000305978 0.00381794 0.00567585 -0.00685059 -0.0117278 -0.0032307 0.0010808 0.00159
internal_weight=13027.7 9059.12 2812.42 2055.66 633.754 1421.91 6246.69 989.794 834.495 756.764 312.85 443.914 3968.58 3646.31
internal_count=131188 92215 32235 22265 8573 13692 59980 10715 9288 9970 4521 5449 38973 34903
is_linear=0
shrinkage=0.035


Tree=170
num_leaves=15
num_cat=0
split_feature=22 11 16 6 2 4 3 6 3 8 10 22 11 14
split_gain=5.41675 9.33408 13.4281 13.1791 9.31439 9.07369 8.86953 9.75887 8.23169 7.96511 7.89548 7.68494 7.58109 19.5811
threshold=0.45299300551414495 0.42159695923328405 0.70717206597328197 0.10262179374694826 0.58984988927841198 -0.046739056706428521 -0.2930550724267959 0.43531060218811041 0.45276044309139257 -0.12097887694835661 0.2768308967351914 0.43639466166496282 0.34459368884563452 0.33144658803939825
decision_type=2 2 2 2 2 2 2 2 2 2 2 2 2 2
left_child=11 2 3 10 5 -4 -3 -8 -6 -5 -2 12 13 -1
right_child=1 6 4 9 8 -7 7 -9 -10 -11 -12 -13 -14 -15
leaf_value=-0.0067402785986156793 0.020487087456133007 0.0082031752040925797 0.0065207955214832865 0.025636605724717456 0.013430436559700328 -0.0074288292967963823 -0.022564971408566486 -0.00061647509030422244 -0.0069026925781248026 0.0024613566446257526 -0.0037677509617760696 0.0067301866575304164 0.0011854234839824907 -8.6693568398206545e-05
leaf_weight=579.41853933222592 8.9165830146521312 17.640127075836062 57.70698906108737 42.380838565528393 55.967943016439676 434.41334723494947 63.668763509020209 38.287965517491102 30.887459918856621 31.374068219214678 115.99413380026817 206.68422215431929 4629.6443755384535 6714.173816004768
leaf_count=7337 188 343 834 477 511 6418 1035 448 252 292 1939 2805 42599 65710
internal_value=2.94753e-06 -0.00260577 -0.00114099 0.00650579 -0.00383076 -0.00569578 -0.0113071 -0.0151139 0.00623346 0.0172492 -0.000646122 0.000197899 7.91198e-05 -0.000623774
internal_weight=13027.2 897.238 777.641 198.666 578.976 492.12 119.597 101.957 86.8554 73.7549 124.911 12129.9 11923.2 7293.59
internal_count=131188 12737 10911 2896 8015 7252 1826 1483 763 769 2127 118451 115646 73047
is_linear=0
shrinkage=0.035


Tree=171
num_leaves=15
num_cat=0
split_feature=17 34 3 17 7 15 28 15 17 11 10 19 16 29
split_gain=5.29327 23.6027 19.1907 25.2058 20.7521 16.6631 15.7422 13.9363 10.6156 14.529 12.3449 9.52895 11.3343 9.05686
threshold=0.025454134680330757 -0.026535316142143547 0.17405603080987933 0.018683446571230892 -0.048916025087237351 24.013175964355472 -1.7299220911368594 22.09812164306641 0.018683446571230892 0.14799184352159503 0.39876851439476019 -0.020208139903843399 0.88802286982536327 3.8500000000000001
decision_type=10 2 2 8 2 2 2 2 8 2 2 2 2 2
left_child=1 2 4 -4 5 -1 -6 -5 11 -10 -11 12 -3 -2
right_child=13 8 3 7 6 -7 -8 -9 9 10 -12 -13 -14 -15
leaf_value=0.0021266122516844393 0.00049226996000366341 -0.017591985628152118 0.041097137629056528 -0.011743861611099537 0.0099692233296850234 0.025473136852156835 -0.01491395419278887 0.0177458963961383 0.0085494197804955926 -0.0096824565811371201 0.0058962215612805907 -0.024917808105367988 0.006254384839454283 -0.0033147515961693356
leaf_weight=287.02515759691596 11021.497326277196 39.009864535182714 24.779988385736942 30.582028537988663 32.375438012182713 33.499660335481167 130.91983309015632 28.356759887188673 81.144935602322221 336.62142532132566 68.882043497636914 58.016814064234495 41.001596964895725 812.61747054196894
leaf_count=3332 106037 758 138 235 258 276 1439 195 1155 5226 798 957 714 9670
internal_value=3.66838e-06 -0.00220915 0.00293305 0.0174292 0.000122531 0.00526354 -0.00968995 0.00296039 -0.00685362 -0.00425211 -0.00695792 -0.0151189 -0.00603476 0.000228274
internal_weight=13026.3 1192.22 567.539 83.7188 483.82 320.525 163.295 58.9388 624.677 486.648 405.503 138.028 80.0115 11834.1
internal_count=131188 15481 5873 568 5305 3608 1697 430 9608 7179 6024 2429 1472 115707
is_linear=0
shrinkage=0.035


Tree=172
num_leaves=15
num_cat=0
split_feature=15 26 22 17 28 11 29 33 2 11 18 4 23 17
split_gain=5.25465 10.3589 6.29978 18.1119 11.2501 9.65357 8.50732 8.75805 13.9023 10.5533 4.19741 6.31145 3.63866 6.03473
threshold=20.078255653381351 -1.0799999999999998 0.39354364573955541 0.015994798392057422 0.089116286093593469 0.73006007075309765 3.4500000000000006 -0.067435648233345621 -0.040151763707399361 0.16644513607025149 -0.15723107010126111 -0.046739056706428521 0.12288202345371248 0.04055143520236016
decision_type=2 2 2 10 2 2 2 2 2 2 2 2 2 8
left_child=1 -1 6 -4 5 -5 10 8 -8 -9 -2 -12 -3 -14
right_child=2 12 3 4 -6 -7 7 9 -10 -11 11 -13 13 -15
leaf_value=-0.016983594174604436 0.0081138441715256845 0.010161382195526448 -0.021564846430784539 -0.00031307078796220165 -0.013930509086635359 -0.01762509164810289 -5.001908004800613e-05 0.0055670711779457274 0.003708793774340149 -0.00077299873746799769 -0.012825463522048617 -0.0012107376178022091 -0.0091302342005695515 0.0063182231272689189
leaf_weight=55.937699478119612 15.93107410147786 23.629948865622282 43.800781980156898 2389.9097085278481 70.176326632499695 30.129340708255768 2578.3231760039926 334.20887711085379 2253.1953659541905 4897.1063073668629 109.72740049660206 114.36275025084615 64.702396456152201 43.863054268062115
leaf_count=607 196 362 852 31142 1254 473 19605 4084 15815 53013 1235 1403 738 409
internal_value=4.29511e-06 -0.00565208 9.15282e-05 -0.00146844 -0.00103012 -0.000600248 0.000476258 0.000634112 0.00170696 -0.000358107 -0.00590242 -0.00720291 -3.38701e-08 -0.00288222
internal_weight=13025 188.133 12836.9 2534.02 2490.22 2420.04 10302.9 10062.8 4831.52 5231.32 240.021 224.09 132.195 108.565
internal_count=131188 2116 129072 33721 32869 31615 95351 92517 35420 57097 2834 2638 1509 1147
is_linear=0
shrinkage=0.035


Tree=173
num_leaves=15
num_cat=0
split_feature=4 18 15 24 29 9 15 15 3 21 19 31 28 18
split_gain=5.12825 7.95847 19.2909 18.9846 15.7036 16.5372 25.8826 14.0089 13.2938 12.9713 12.545 12.4183 12.0608 9.88358
threshold=-0.040394335985183709 0.12843308597803119 21.832904815673832 0.031032942235469822 3.6500000000000008 0.4687707126140595 22.983864784240726 23.409000396728519 -0.22149623930454251 0.039619062095880515 -0.052701640874147408 0.0024204354616306216 -1.8296610773469666 -0.088145546615123735
decision_type=2 2 2 2 2 2 2 2 2 2 2 2 2 2
left_child=-1 4 3 11 7 6 -6 10 -4 -7 -2 -3 -10 -9
right_child=1 2 8 -5 5 9 -8 13 12 -11 -12 -13 -14 -15
leaf_value=0.0010607838436935216 0.0010233425090290249 -0.0010774145211951808 -0.0062638737823529416 -0.0013726845446900445 0.00062585507049904359 -0.0049959890967997706 0.010322679674123654 0.0082229377943119387 -0.010372218665123674 0.0025535857778313962 -0.0037584205391909646 0.015197746023370937 0.0026906248781507413 -0.010935647969186941
leaf_weight=3911.8606505095959 1071.8737574443221 70.408741228282452 369.99392016977072 205.78216680325568 2314.4733634032309 917.67287688143551 385.01825055480003 29.278146369382739 85.966523639857769 391.23850875347853 1776.1797692608088 273.85283882543445 888.37433226034045 332.10058142058551
leaf_count=38838 12970 845 4349 2005 23569 7928 3162 322 856 3460 19284 2413 7726 3461
internal_value=2.38533e-06 -0.000452648 0.00156096 0.00701925 -0.000982564 0.000478395 0.00204187 -0.00280304 -0.000707677 -0.00273714 -0.00196151 0.0119327 0.00144442 -0.00920384
internal_weight=13024.1 9112.21 1894.38 550.044 7217.84 4008.4 2699.49 3209.43 1344.33 1308.91 2848.05 344.262 974.341 361.379
internal_count=131188 92350 18194 5263 74156 38119 26731 36037 12931 11388 32254 3258 8582 3783
is_linear=0
shrinkage=0.035


Tree=174
num_leaves=15
num_cat=0
split_feature=6 3 33 18 28 7 5 15 28 3 14 6 24 2
split_gain=5.14174 14.6675 14.8027 27.4789 11.728 9.85361 9.73925 11.204 9.58336 9.30996 8.74985 10.1233 16.5426 13.0083
threshold=-0.30644971132278437 -0.44028411805629725 1.0000000180025095e-35 -0.088145546615123735 -0.10326313031254751 -0.30156929790973658 -0.27316644787788386 20.610119819641117 0.20498098594737837 -0.56750780344009388 0.21992009133100512 0.16605263948440555 0.030391268432140354 0.50680273771286022
decision_type=2 2 2 2 2 2 2 2 2 2 2 2 2 2
left_child=1 6 3 4 -3 -5 9 8 -8 -1 11 -2 -13 -14
right_child=10 2 -4 5 -6 -7 7 -9 -10 -11 -12 12 13 -15
leaf_value=0.020234930491395301 -0.0052087286238192204 0.0099951809002401595 -0.0024193692912310907 0.0090064277535474337 -0.005018882864692078 0.029473057370285907 -0.0031957726393964892 -0.0082113598722625223 0.016105135180277043 -0.0052518490054925069 5.4490954705923924e-05 -0.0087671226235869811 0.033084471018041767 0.0009175070056989859
leaf_weight=32.315679110586643 694.71285980194807 115.72010852769017 164.4194127637893 60.88045360147953 120.3165155723691 78.697489731013775 74.204721927642822 266.5060683786869 41.642823737114668 24.277360022068024 11254.354228025302 42.299753667786717 23.419769395142794 29.654251206666231
leaf_count=264 9009 914 1717 424 866 591 604 2546 380 198 112709 464 216 286
internal_value=2.16215e-06 0.00242825 0.00624167 0.00999733 0.00244903 0.021745 -0.00229791 -0.0043529 0.00447061 0.0101547 -0.000196883 -0.00373349 0.00648681 0.0181066
internal_weight=13023.4 978.981 540.034 375.615 236.037 139.578 438.947 382.354 115.848 56.593 12044.4 790.087 95.3738 53.074
internal_count=131188 8504 4512 2795 1780 1015 3992 3530 984 462 122684 9975 966 502
is_linear=0
shrinkage=0.035


Tree=175
num_leaves=15
num_cat=0
split_feature=10 15 3 1 6 1 31 14 22 25 1 8 12 25
split_gain=5.10059 14.4891 15.2112 20.6498 16.5827 15.9316 14.556 14.0418 16.915 14.735 21.2373 16.5774 11.1271 30.748
threshold=0.35458551347255712 21.460306167602543 0.62993767857551586 0.15780407935380938 -0.16597682982683179 -0.051465475931763642 0.0028411853832293059 0.553692787885666 0.48898293077945715 2.8200000000000007 0.28809612989425665 -0.023093936964869496 0.81920146942138683 2.0050000000000003
decision_type=2 2 2 2 2 2 2 2 2 2 2 2 2 2
left_child=7 2 3 5 -4 -2 -5 -1 9 10 -9 -11 13 -3
right_child=1 12 4 6 -6 -7 -8 8 -10 11 -12 -13 -14 -15
leaf_value=-0.0067677296551358814 0.003215131280302091 -0.015301904041115807 0.014929684294722682 0.00037396463808607124 -0.011963633664372673 -0.0018327584336772723 0.013212863836739955 -0.0076164878463434345 -0.012507513177553648 0.0027288238669801448 0.022817884496766465 -0.010864394244003883 0.00021856473733216413 -0.0012866170302074571
leaf_weight=470.05190391838551 2210.7018308248371 210.44118676520884 24.93596663698554 159.66120609454811 155.91659412905574 1161.1187527030706 329.36915268190205 375.50324461981654 119.09946270287037 1704.758106501773 20.666239134967327 107.64262725412846 4479.6696885451674 1492.7945615537465
leaf_count=6333 20838 2771 192 1643 1189 11844 2882 5367 2109 19004 99 944 42350 13623
internal_value=4.0903e-06 0.000366615 0.00199362 0.00246482 -0.00766761 0.00147656 0.00911264 -0.00131739 -0.000192499 0.000524984 -0.00550618 0.00186631 -0.000698446 -0.00309747
internal_weight=13022.3 10224.6 4041.7 3860.85 180.853 3371.82 489.03 2797.72 2327.67 2208.57 396.169 1812.4 6182.91 1703.24
internal_count=131188 97332 38588 37207 1381 32682 4525 33856 27523 25414 5466 19948 58744 16394
is_linear=0
shrinkage=0.035


Tree=176
num_leaves=15
num_cat=0
split_feature=3 19 15 8 6 2 11 22 4 10 8 26 8 11
split_gain=5.05345 10.0959 9.86187 10.3107 13.9413 7.76641 5.89138 5.92428 5.70829 7.60058 16.7403 17.4222 14.0111 22.707
threshold=1.9270285964012148 0.18318083137273791 24.212780952453617 -0.28176589310169214 0.079355131834745421 1.4303516745567324 0.48898662626743322 0.30864126980304724 -0.14276183396577832 0.92401519417762767 -0.63282975554466236 -1.3799999999999999 -0.63282975554466236 0.50948160886764537
decision_type=2 2 2 2 2 2 2 2 2 2 2 2 2 2
left_child=8 2 3 4 -2 -3 -7 -8 -1 12 -11 -12 -10 -14
right_child=1 5 -4 -5 -6 6 7 -9 9 10 11 -13 13 -15
leaf_value=0.0038451700288551359 0.0099115436673126497 -0.0097604050930438727 0.022811045338333977 0.018765227006106402 -0.01816340472728278 0.014430907111354564 0.0074510749277501825 -0.012950932359591999 -0.0060275142591515877 0.010263897730378111 0.0084621391028908578 -0.007573591440372709 -2.2867332132196091e-05 0.010080126641387526
leaf_weight=423.40271014906466 35.819304093718529 68.707620840519667 45.033155187964439 26.427174001932144 31.730147864669561 34.679354816675186 27.028671868145466 23.451468959450722 446.11380543000996 85.251144586130977 87.648320890963078 597.56486909277737 10818.989980952814 269.55865058489144
leaf_count=3994 277 481 294 155 257 219 162 233 4379 895 1069 6454 109850 2469
internal_value=3.4127e-06 0.00447154 0.0109731 0.00365219 -0.00391778 -0.00171346 0.00512234 -0.00260126 -0.000102826 -0.000241683 -0.00358439 -0.00543018 -1.54943e-05 0.000231594
internal_weight=13021.4 292.877 139.01 93.9766 67.5495 153.867 85.1595 50.4801 12728.5 12305.1 770.464 685.213 11534.7 11088.5
internal_count=131188 2078 983 689 534 1095 614 395 129110 125116 8418 7523 116698 112319
is_linear=0
shrinkage=0.035


Tree=177
num_leaves=15
num_cat=0
split_feature=14 18 18 26 9 3 1 33 23 26 2 6 20 24
split_gain=5.12212 13.4316 9.83653 18.6318 14.8943 15.3838 8.83758 12.6991 8.27053 13.5941 16.9326 11.2616 10.0703 11.3056
threshold=2.8184012174606328 -0.13144770264625547 0.20702455937862399 -1.2850000000000001 1.0244091153144839 -0.30572260916233057 0.047620011493563659 -0.21630575307045893 0.096428066492080702 -0.9750000000000002 -0.15755042433738706 -0.21951127052307126 -0.015619827434420584 0.027267058379948143
decision_type=2 2 2 2 2 2 2 2 2 2 2 2 2 2
left_child=2 -2 8 -4 5 -5 -3 -8 9 11 -11 -1 13 -10
right_child=1 6 3 4 -6 -7 7 -9 12 10 -12 -13 -14 -15
leaf_value=0.0076527465584347656 0.014232304351611004 -0.0074196919973890272 -0.0079819634918621221 -0.0030527212905340573 -0.00077455910547058373 0.014049720723267746 0.012149140190144191 -0.0026588518955614213 -0.0089237314660349058 -0.0075796221566056532 0.0044448484871365858 -0.006438194306989253 0.0013093051010915897 -0.00054625943330455066
leaf_weight=67.582381648942828 46.402130112051964 379.96962950006127 120.11379469186068 76.697763446718454 212.78985127806664 310.18915318138897 72.896345745772123 482.6767038628459 197.7189909145236 186.70011366903782 521.38326676003635 808.66204041242599 5546.2081127054989 3990.6303246952593
leaf_count=1003 394 4323 1181 823 2264 2447 630 5229 2402 2061 4761 12696 53352 37622
internal_value=4.52772e-06 -0.00241299 0.000203554 0.00414198 0.00666146 0.0106678 -0.00338038 -0.000535448 -5.03333e-05 -0.0023872 0.00121296 -0.00527731 0.000332058 -0.000962047
internal_weight=13020.6 981.945 12038.7 719.791 599.677 386.887 935.543 555.573 11318.9 1584.33 708.083 876.244 9734.56 4188.35
internal_count=131188 10576 120612 6715 5534 3270 10182 5859 113897 20521 6822 13699 93376 40024
is_linear=0
shrinkage=0.035


Tree=178
num_leaves=15
num_cat=0
split_feature=16 30 12 2 1 11 2 8 7 13 8 25 17 16
split_gain=4.85361 16.2251 20.0676 13.2433 12.6258 15.4219 11.7969 9.61085 8.96778 8.89014 9.91282 11.0989 18.803 16.9036
threshold=0.44910728931427008 1.0000000180025095e-35 0.45595462620258337 0.14585927873849872 -0.10367797687649725 0.26196473836898809 -0.10669834166765212 -0.2742782980203628 -0.21680241078138349 0.34455807507038122 -0.54372942447662342 4.4500000000000011 0.03847047686576844 1.3290508389472964
decision_type=2 2 2 2 2 2 2 2 2 2 2 2 10 2
left_child=1 3 6 4 5 -1 -3 -4 -8 -2 -11 12 -12 -13
right_child=9 2 7 -5 -6 -7 8 -9 -10 10 11 13 -14 -15
leaf_value=0.0252767809694837 0.0021699293295553094 0.00117206006072144 0.0015332849543645694 0.0016784861784475877 -0.013836885862585458 -0.0051915729668111331 0.027339189877350633 -0.0082803436515107437 -0.00032980413625828255 -0.0040382530134541452 -0.0015914589275359999 0.00043063998069697249 0.0033137782360213625 -0.004184349144669185
leaf_weight=12.028026370331643 2344.6267293132842 59.113381987437606 479.33532681502402 225.75244339369237 255.54427292756736 275.76520247757435 59.239063220098615 153.11633251979947 17.802476484328508 761.43431449495256 1547.4138651378453 2895.3229026645422 2480.0430900845677 1452.5480587612838
leaf_count=212 23734 524 4005 2844 3831 3475 512 1357 168 7718 15809 28507 21417 17075
internal_value=4.40464e-06 -0.00183561 0.00175237 -0.0053978 -0.00831514 -0.00311214 0.0134431 -0.000934496 0.0216422 0.00025222 -0.000241727 0.000107834 0.00142983 -0.00111721
internal_weight=13019.1 1537.7 768.607 769.09 543.338 287.793 136.155 632.452 77.0415 11481.4 9136.76 8375.33 4027.46 4347.87
internal_count=131188 16928 6566 10362 7518 3687 1204 5362 680 114260 90526 82808 37226 45582
is_linear=0
shrinkage=0.035


Tree=179
num_leaves=15
num_cat=0
split_feature=15 34 22 17 28 11 29 33 15 11 18 4 23 17
split_gain=4.95103 8.57812 5.57487 17.2964 10.585 9.39377 8.00719 7.62656 13.2841 9.71388 3.91114 6.08796 3.77857 3.24611
threshold=20.078255653381351 -0.036271333827289469 0.39354364573955541 0.015994798392057422 0.089116286093593469 0.73006007075309765 3.4500000000000006 -0.067435648233345621 24.013175964355472 0.16644513607025149 -0.15723107010126111 -0.046739056706428521 0.089377358555793776 0.04055143520236016
decision_type=2 2 2 10 2 2 2 2 2 2 2 2 2 8
left_child=1 -1 6 -4 5 -5 10 8 -8 -9 -2 -12 -3 -14
right_child=2 12 3 4 -6 -7 7 9 -10 -11 11 -13 13 -15
leaf_value=-0.017577674010693288 0.0077358489815745465 0.01200549549028607 -0.021210574571562137 -0.00025834648367338618 -0.013558673947745214 -0.017412149292790672 0.001074931103625163 0.0053517558742810561 0.0079871649210409706 -0.00072263059997691183 -0.012566198577605037 -0.0011373576792500022 -0.0071315893800389663 0.0034830508704139563
leaf_weight=42.795002017170191 16.113714514300227 13.653283977881072 42.783468343317509 2386.005467787385 69.062239523977041 29.766171284019947 4479.4445397444069 335.2488305196166 359.17823095619678 4889.9802894331515 108.79758318141103 114.15113105811179 81.013071758672595 49.843180906027555
leaf_count=430 196 216 852 31142 1254 473 32960 4084 2460 53013 1235 1403 987 483
internal_value=4.73451e-06 -0.00549747 8.92763e-05 -0.00138041 -0.000955331 -0.000540617 0.000450825 0.000603676 0.00160345 -0.000323422 -0.00574967 -0.00701458 -0.00101393 -0.00312823
internal_weight=13017.8 187.305 12830.5 2527.62 2484.83 2415.77 10302.9 10063.9 4838.62 5225.23 239.062 222.949 144.51 130.856
internal_count=131188 2116 129072 33721 32869 31615 95351 92517 35420 57097 2834 2638 1686 1470
is_linear=0
shrinkage=0.035


end of trees

feature_importances:
vol60=207
momentum252_20=182
log_turnover=181
drawdown252=179
ma200=150
downside60=150
breadth200=141
range20=103
volume_shock=101
macro_policy_rate=100
macro_inflation_change3=96
turnover_shock=91
macro_term_spread=78
ret120=68
macro_housing_yoy=68
relative60=58
dispersion20=58
macro_unemployment_change3=57
market_ret60=56
ma60=49
macro_payroll_yoy=45
ma20=37
macro_money_yoy=35
vol_expansion=32
macro_unemployment=29
drawdown60=28
ret20=22
market_vol20=21
vol20=19
relative20=19
macro_industrial_yoy=19
market_ret20=16
ret60=10
macro_inflation_yoy=8
rsi14=7

parameters:
[boosting: gbdt]
[objective: binary]
[metric: binary_logloss]
[tree_learner: serial]
[device_type: cpu]
[data_sample_strategy: bagging]
[data: ]
[valid: ]
[num_iterations: 180]
[learning_rate: 0.035]
[num_leaves: 15]
[num_threads: 1]
[seed: 804]
[deterministic: 1]
[force_col_wise: 1]
[force_row_wise: 0]
[histogram_pool_size: -1]
[max_depth: 5]
[min_data_in_leaf: 150]
[min_sum_hessian_in_leaf: 0.001]
[bagging_fraction: 1]
[pos_bagging_fraction: 1]
[neg_bagging_fraction: 1]
[bagging_freq: 0]
[bagging_seed: 31454]
[bagging_by_query: 0]
[feature_fraction: 0.85]
[feature_fraction_bynode: 1]
[feature_fraction_seed: 16221]
[extra_trees: 0]
[extra_seed: 23160]
[early_stopping_round: 0]
[early_stopping_min_delta: 0]
[first_metric_only: 0]
[max_delta_step: 0]
[lambda_l1: 0]
[lambda_l2: 10]
[linear_lambda: 0]
[min_gain_to_split: 0]
[drop_rate: 0.1]
[max_drop: 50]
[skip_drop: 0.5]
[xgboost_dart_mode: 0]
[uniform_drop: 0]
[drop_seed: 31648]
[top_rate: 0.2]
[other_rate: 0.1]
[min_data_per_group: 100]
[max_cat_threshold: 32]
[cat_l2: 10]
[cat_smooth: 10]
[max_cat_to_onehot: 4]
[top_k: 20]
[monotone_constraints: ]
[monotone_constraints_method: basic]
[monotone_penalty: 0]
[feature_contri: ]
[forcedsplits_filename: ]
[refit_decay_rate: 0.9]
[cegb_tradeoff: 1]
[cegb_penalty_split: 0]
[cegb_penalty_feature_lazy: ]
[cegb_penalty_feature_coupled: ]
[path_smooth: 0]
[interaction_constraints: ]
[verbosity: -1]
[saved_feature_importance_type: 0]
[use_quantized_grad: 0]
[num_grad_quant_bins: 4]
[quant_train_renew_leaf: 0]
[stochastic_rounding: 1]
[linear_tree: 0]
[max_bin: 63]
[max_bin_by_feature: ]
[min_data_in_bin: 3]
[bin_construct_sample_cnt: 200000]
[data_random_seed: 2664]
[is_enable_sparse: 1]
[enable_bundle: 1]
[use_missing: 1]
[zero_as_missing: 0]
[feature_pre_filter: 1]
[pre_partition: 0]
[two_round: 0]
[header: 0]
[label_column: ]
[weight_column: ]
[group_column: ]
[ignore_column: ]
[categorical_feature: ]
[forcedbins_filename: ]
[precise_float_parser: 0]
[parser_config_file: ]
[objective_seed: 11469]
[num_class: 1]
[is_unbalance: 0]
[scale_pos_weight: 1]
[sigmoid: 1]
[boost_from_average: 1]
[reg_sqrt: 0]
[alpha: 0.9]
[fair_c: 1]
[poisson_max_delta_step: 0.7]
[tweedie_variance_power: 1.5]
[lambdarank_truncation_level: 30]
[lambdarank_norm: 1]
[label_gain: ]
[lambdarank_position_bias_regularization: 0]
[eval_at: ]
[multi_error_top_k: 1]
[auc_mu_weights: ]
[num_machines: 1]
[local_listen_port: 12400]
[time_out: 120]
[machine_list_filename: ]
[machines: ]
[gpu_platform_id: -1]
[gpu_device_id: -1]
[gpu_device_id_list: ]
[gpu_use_dp: 0]
[num_gpu: 1]

end of parameters

pandas_categorical:[]
