tree
version=v4
num_class=1
num_tree_per_iteration=1
label_index=0
max_feature_idx=24
objective=binary sigmoid:1
feature_names=ret20 ret60 ret120 momentum252_20 ma20 ma60 ma200 drawdown60 drawdown252 vol20 vol60 downside60 vol_expansion rsi14 volume_shock log_turnover turnover_shock range20 relative20 relative60 market_ret20 market_ret60 breadth200 market_vol20 dispersion20
feature_infos=[-0.92641878128051758:15.217391014099121] [-0.94255995750427246:21.247085571289062] [-0.95885497331619263:27.356060028076172] [-0.97449761629104614:40.181819915771484] [-0.86192613840103149:2.5155470371246338] [-0.90859663486480713:3.7914237976074219] [-0.90367245674133301:5.2354607582092285] [-0.94339066743850708:0] [-0.97403734922409058:0] [0.027096280828118324:28.299291610717773] [0.043709386140108109:38.344577789306641] [0:1.6623408794403076] [0.033108003437519073:1.762175440788269] [0:1] [0.00084273074753582478:12] [20.030130386352539:28.401023864746094] [0.033902630209922791:3] [0.0039843423292040825:0.24489203095436096] [-0.95534378290176392:15.273717880249023] [-1.0279383659362793:21.212968826293945] [-0.14806638658046722:0.12816762924194336] [-0.1642666757106781:0.13406597077846527] [0.088342443108558655:0.54096168279647827] [0.074556596577167511:0.45299896597862244] [0.025222873315215111:0.037677697837352753]
tree_sizes=1722 1780 1776 1769 1780 1779 1797 1791 1783 1795 1796 1792 1800 1809 1796 1797 1805 1803 1798 1799 1792 1802 1802 1790 1807 1812 1801 1798 1808 1797 1785 1800 1816 1817 1792 1810 1800 1819 1809 1814 1802 1796 1806 1807 1799 1799 1801 1815 1802 1807 1803 1809 1804 1796 1803 1812 1813 1815 1807 1800 1814 1800 1795 1798 1804 1811 1807 1792 1819 1810 1792 1813 1798 1806 1807 1817 1809 1791 1818 1802 1817 1807 1806 1792 1823 1789 1809 1818 1823 1808 1812 1791 1816 1825 1799 1810 1791 1803 1810 1788 1789 1795 1809 1808 1800 1799 1810 1780 1791 1824 1820 1806 1799 1802 1814 1807 1809 1810 1813 1816 1821 1801 1814 1822 1802 1799 1832 1801 1789 1817 1809 1816 1807 1806 1812 1795 1800 1805 1822 1801 1806 1809 1797 1809 1811 1784 1816 1816 1801 1822 1797 1822 1822 1799 1793 1828 1821 1793 1802 1803 1826 1808 1797 1785 1803 1808 1790 1808 1820 1811 1815 1811 1792 1809 1817 1797 1794 1801 1811 1823

Tree=0
num_leaves=15
num_cat=0
split_feature=22 24 3 16 15 15 3 11 16 24 21 8 24 21
split_gain=1489.18 826.697 618.498 401.295 268.327 264.27 263.916 166.431 159.422 156.589 141.347 134.524 125.707 106.47
threshold=0.30788511037826544 0.03567874617874623 0.22667212784290316 1.2699047327041628 22.394638061523441 24.512570381164554 0.063627529889345183 0.47733408212661749 1.546687185764313 0.032905315980315215 0.025375037454068664 -0.18395974487066266 0.027782052755355838 -0.057884303852915757
decision_type=2 2 2 2 2 2 2 2 2 2 2 2 2 2
left_child=2 6 8 4 -3 7 12 -4 9 -1 -6 -8 -2 -11
right_child=1 3 5 -5 10 -7 11 -9 -10 13 -12 -13 -14 -15
leaf_value=-1.8213564281421726 -1.8268606061096859 -1.8008584649428487 -1.798186630939673 -1.8385425916410796 -1.8148915510864092 -1.7656483446569506 -1.8381096900129947 -1.8209135920768955 -1.8301863381644534 -1.8200406212811155 -1.7267171314836156 -1.8233106068217755 -1.8452491491746539 -1.797873037039087
leaf_weight=5267.5242037251592 498.68858814239502 379.69350238889456 1326.8868778496981 240.1217939183116 30.912074953317642 231.18645767122507 1526.3101206198335 567.98434252291918 1975.4122275337577 456.63869245350361 108.2332665771246 1468.2883049547672 5310.6564735174179 648.02414958178997
leaf_count=42555 4543 3061 10621 1933 268 1830 13360 4500 15863 3553 855 12922 46786 5096
internal_value=-1.82632 -1.8363 -1.81721 -1.80147 -1.78441 -1.8004 -1.83933 -1.80493 -1.82151 -1.81882 -1.74423 -1.83087 -1.84367 -1.8069
internal_weight=20036.6 9562.9 10473.7 758.961 518.839 2126.06 8803.94 1894.87 8347.6 6372.19 139.145 2994.6 5809.35 1104.66
internal_count=167746 83728 84018 6117 4184 16951 77611 15121 67067 51204 1123 26282 51329 8649
is_linear=0
shrinkage=1


Tree=1
num_leaves=15
num_cat=0
split_feature=22 24 3 16 3 15 15 8 16 21 24 8 21 24
split_gain=1388.09 770.803 560.231 361.484 252.187 238.818 228.808 150.002 142.809 141.522 138.79 127.301 125.919 120.295
threshold=0.30788511037826544 0.03567874617874623 0.19859525561332705 1.3088528513908388 0.063627529889345183 24.512570381164554 22.394638061523441 -0.25636136531829828 1.546687185764313 -0.046499745920300477 0.032905315980315215 -0.29483425617218012 0.060504643246531493 0.027782052755355838
decision_type=2 2 2 2 2 2 2 2 2 2 2 2 2 2
left_child=2 4 8 6 13 7 -3 -4 10 -9 -1 -6 -13 -2
right_child=1 3 5 -5 11 -7 -8 9 -10 -11 -12 12 -14 -15
leaf_value=0.0045959708606859934 -0.00052187032826462925 0.023874241334539754 0.010550926860194421 -0.012770672229243342 -0.016123918054960298 0.055850495922053212 0.074700319565558934 0.016772813815794728 -0.0038186820659559455 0.043528219599558 0.018281184031715438 -0.0047760829655068464 0.014657823587051498 -0.018523959357819388
leaf_weight=5177.7808450832963 498.49392986297607 392.47491056472063 1070.1224010661244 229.97874353080988 813.27528173476458 248.105583332479 149.60457020998001 536.68453307449818 1950.0328633859754 465.19472800940275 1094.2047821208835 1638.6258156821132 532.91959412395954 5238.2846290245652
leaf_count=41687 4543 3108 8437 1867 7162 1883 1142 4166 15702 3694 8449 14342 4778 46786
internal_value=7.99727e-08 -0.00970239 0.0087385 0.0236128 -0.0126752 0.0238896 0.0390004 0.0198127 0.00443929 0.0295033 0.00700878 -0.0044044 3.85259e-05 -0.0169633
internal_weight=20035.8 9493.66 10542.1 772.058 8721.6 2320.11 542.079 2072 8222.02 1001.88 6271.99 2984.82 2171.55 5736.78
internal_count=167746 83728 84018 6117 77611 18180 4250 16297 65838 7860 50136 26282 19120 51329
is_linear=0
shrinkage=0.035


Tree=2
num_leaves=15
num_cat=0
split_feature=22 24 3 16 8 15 15 11 20 16 24 3 9 21
split_gain=1294.3 718.571 513.843 326.765 242.798 225.024 196.353 126.594 130.426 123.457 132.798 114.368 107.593 106.979
threshold=0.30788511037826544 0.03567874617874623 0.1231636554002762 1.2335861325263979 -0.18395974487066266 24.512570381164554 22.394638061523441 0.46356204152107244 -0.0019366201595403252 1.8206580281257632 0.032905315980315215 0.063627529889345183 0.93806943297386181 0.025375037454068664
decision_type=2 2 2 2 2 2 2 2 2 2 2 2 2 2
left_child=2 4 9 6 -2 7 -3 8 -4 10 -1 -6 -7 -8
right_child=1 3 5 -5 11 12 13 -9 -10 -11 -12 -13 -14 -15
leaf_value=0.003434619313894308 -0.016365170857863716 0.023101533563798401 0.015455184621724485 -0.010847841242960487 -0.011335832928624093 0.06552557701363261 0.0095352392471924445 0.0053877530788041242 0.03521531573485958 -0.0056687248517181734 0.01668146902968656 0.0028939483196956692 0.017741942531687541 0.08409139363653366
leaf_weight=5251.5338147580624 5879.4568621218204 387.18108136951923 1171.3446224555373 244.29395728558302 1290.5792807564139 185.27677362412214 32.131623074412346 739.17887391895056 647.11148101091385 1399.4014012515545 1118.1295755207539 1471.6113919466734 95.506715461611748 121.02380955219269
leaf_count=42209 52970 3013 9249 1996 11719 1351 262 5767 4906 11283 8540 12922 713 846
internal_value=1.07871e-07 -0.00943176 0.00838267 0.0224465 -0.0123488 0.0211002 0.0374229 0.0176951 0.0226411 0.00371519 0.00578247 -0.00377155 0.0504414 0.0699928
internal_weight=20033.8 9426.28 10607.5 784.63 8641.65 2838.42 540.337 2557.63 1818.46 7769.06 6369.66 2762.19 280.783 153.155
internal_count=167746 83728 84018 6117 77611 21986 4121 19922 14155 62032 50749 24641 2064 1108
is_linear=0
shrinkage=0.035


Tree=3
num_leaves=15
num_cat=0
split_feature=22 24 16 6 8 10 24 15 15 16 23 21 17 15
split_gain=1206.89 670.671 296.928 259.869 231.623 231.307 186.808 169.255 146.434 134.836 120.421 118.214 103.933 97.5459
threshold=0.30788511037826544 0.03567874617874623 1.3088528513908388 0.22298138588666919 -0.18395974487066266 0.8439508080482484 0.032905315980315215 22.394638061523441 24.268281936645511 1.4410157203674319 0.4487865567207337 -0.019647533074021336 0.053767548874020583 22.473917961120609
decision_type=2 2 2 2 2 2 2 2 2 2 2 2 8 2
left_child=3 4 7 6 -2 8 9 -3 -5 11 13 -1 -9 -8
right_child=1 2 -4 5 -6 -7 10 12 -10 -11 -12 -13 -14 -15
leaf_value=0.0028994437174392905 -0.015986757276845696 0.02158059238993686 -0.012184382826252801 0.030621924836538097 -0.0036514248697389847 0.0062950335494298378 0.014423572987360503 0.080897500198254146 0.078406433129447978 -0.004414602266094211 -0.013660496575092719 0.01299603933994318 0.016678871685652949 0.034951527630904672
leaf_weight=4018.7962543293834 5809.4661298170686 405.50931171327829 226.05644877254963 435.82173173874617 2754.6002886593342 444.13323667645454 1179.632555745542 115.58015581965446 95.980336613953114 1784.680490732193 138.80992822349072 2194.0405566990376 49.138726159930229 378.08029229193926
leaf_count=31666 52970 3108 1867 3389 24641 3415 8910 798 700 14449 1080 17568 344 2841
internal_value=9.75161e-07 -0.00916645 0.0213773 0.00804425 -0.012028 0.0251743 0.00629554 0.034663 0.0405341 0.00404648 0.0168119 0.00648017 0.063791 0.0195972
internal_weight=20030.3 9360.35 796.285 10670 8564.07 975.935 9694.04 570.228 531.802 7997.52 1696.52 6212.84 164.719 1557.71
internal_count=167746 83728 6117 84018 77611 7504 76514 4250 4089 63683 12831 49234 1142 11751
is_linear=0
shrinkage=0.035


Tree=4
num_leaves=15
num_cat=0
split_feature=22 24 16 6 8 9 15 24 15 16 24 21 23 11
split_gain=1125.46 626.34 269.746 237.436 220.922 218.587 172.874 168.389 147.783 122.032 111.661 109.044 107.988 93.8377
threshold=0.30788511037826544 0.03567874617874623 1.3088528513908388 0.19823931157588962 -0.12622683495283124 0.93806943297386181 24.268281936645511 0.032905315980315215 22.394638061523441 1.4410157203674319 0.027782052755355838 -0.019647533074021336 0.4487865567207337 0.20678631961345675
decision_type=2 2 2 2 2 2 2 2 2 2 2 2 2 2
left_child=3 4 8 7 10 6 -5 9 -3 11 -2 -1 -9 -6
right_child=1 2 -4 5 13 -7 -8 12 -10 -11 -12 -13 -14 -15
leaf_value=0.002632749123138605 0.0012716053985968741 0.020531719766431124 -0.011878888951362047 0.025561243622071142 -0.011013140507072758 0.0018783954436038734 0.070374916674308813 0.018520681257354212 0.059387619694073669 -0.004365246570656677 -0.01587921672853012 0.012355948397239334 -0.013358475147252498 0.0055534421191166111
leaf_weight=3985.796698898077 500.96707908064127 411.70414544641972 224.04782360047102 596.48210499435663 661.61158926784992 394.61770775914192 126.17891938984394 1558.7954243868589 171.52855547517538 1748.1071767807007 6223.302794970572 2185.238527238369 134.89604347199202 1102.9687099084258
leaf_count=31349 4672 3108 1867 4543 5920 3045 875 11599 1142 14201 57147 17346 1060 9872
internal_value=2.39071e-06 -0.00890674 0.020383 0.00772201 -0.0117129 0.0229278 0.0342396 0.00593268 0.0327677 0.00377968 -0.0146015 0.00609027 0.0159181 -0.000685089
internal_weight=20026.2 9296.13 807.281 10730.1 8488.85 1117.28 722.661 9612.83 583.233 7919.14 6724.27 6171.04 1693.69 1764.58
internal_count=167746 83728 6117 84018 77611 8463 5418 75555 4250 62896 61819 48695 12659 15792
is_linear=0
shrinkage=0.035


Tree=5
num_leaves=15
num_cat=0
split_feature=22 24 3 16 3 8 22 15 16 24 24 8 3 10
split_gain=1049.62 584.631 438.368 245.262 231.312 177.503 131.804 136.236 120.351 116.718 113.266 110.156 108.018 136.726
threshold=0.30788511037826544 0.03567874617874623 0.22667212784290316 1.3088528513908388 0.063627529889345183 -0.25636136531829828 0.36230848729610449 22.473917961120609 2.087031483650208 0.032905315980315215 0.027782052755355838 -0.29483425617218012 0.6727714240550996 0.75213748216629039
decision_type=2 2 2 2 2 2 2 2 2 2 2 2 2 2
left_child=2 4 8 6 10 -4 -3 -8 9 -1 -2 -6 -7 -14
right_child=1 3 5 -5 11 12 7 -9 -10 -11 -12 -13 13 -15
leaf_value=0.0032707521042767444 0.00045670509400865466 -0.0013463831493705455 0.010966716201925244 -0.01157901776994961 -0.014631021418461072 0.022220292479783393 0.026099236789061755 0.068355060865119527 -0.0072379342093504655 0.014679803132145813 -0.01719238510294302 0.00068347964805485497 0.062109738889597969 0.019699529168699128
leaf_weight=6123.8451613262296 488.26451171934605 122.35677401721478 1120.9257697612047 222.09942882508039 776.17517524957657 746.34476992487907 339.61592826247215 133.82198084890842 1058.8942949697375 1331.279616214335 5008.8959857821465 2142.5907343626022 235.68249607086182 170.95426690578461
leaf_count=48685 4543 960 8519 1867 7162 5487 2470 820 8541 9841 46786 19120 1687 1258
internal_value=2.37677e-06 -0.00865449 0.00741329 0.0194348 -0.0114041 0.0210309 0.0309964 0.0392101 0.00375591 0.00532503 -0.0156268 -0.00342509 0.0306369 0.0451808
internal_weight=20021.7 9233.82 10787.9 817.894 8415.93 2273.91 595.795 473.438 8514.02 7455.12 5497.16 2918.77 1152.98 406.637
internal_count=167746 83728 84018 6117 77611 16951 4250 3290 67067 58526 51329 26282 8432 2945
is_linear=0
shrinkage=0.035


Tree=6
num_leaves=15
num_cat=0
split_feature=23 3 3 10 21 10 9 24 8 23 6 24 21 21
split_gain=960.838 473.578 218.82 148.947 143.791 127.435 125.853 157.592 117.883 117.81 114.141 75.3604 75.4883 66.9341
threshold=0.13294924795627597 0.10160859301686288 0.046606821939349181 0.30875778198242193 0.053618809208273895 0.8439508080482484 0.93806943297386181 0.035151986405253417 -0.26422506570816034 0.095546394586563124 0.19823931157588962 0.030096776783466343 0.020014503039419655 0.053618809208273895
decision_type=2 2 2 2 2 2 2 2 2 2 2 2 2 2
left_child=2 3 9 -2 11 10 7 -5 -6 -1 -3 -4 -13 -11
right_child=1 5 4 6 8 -7 -8 -9 -10 13 -12 12 -14 -15
leaf_value=-0.020819308098605511 -0.0089181452847762882 0.017121971779506126 -0.013173054825736255 0.0035112976059606636 -0.006916161391843265 0.0045409959825136598 -0.007719052036717057 0.019189823819287799 0.018781438269567987 -0.01376289945591265 0.034810239743106069 0.0076518593826386296 -0.010622413168026172 -0.0031024395860961762
leaf_weight=1874.6623020842671 1279.1343122124672 1915.1931014582515 1140.8531034141779 5554.8592438176274 338.26317347586155 705.17023073136806 971.6939102858305 906.2024002596736 587.39367664605379 1851.0807078480721 597.07852484285831 620.99170926213264 483.4743831679225 1190.0599858015776
leaf_count=17444 10700 14763 9877 45845 2987 5492 7950 6805 5009 16420 4529 5273 4300 10352
internal_value=2.67076e-06 0.00631446 -0.00930456 0.00206919 -0.00212595 0.0177674 0.00396948 0.00573656 0.0094172 -0.0139215 0.0214472 -0.0069054 -0.000371145 -0.00961509
internal_weight=20016.1 11929.3 8086.78 8711.89 3170.98 3217.44 7432.76 6461.06 925.657 4915.8 2512.27 2245.32 1104.47 3041.14
internal_count=167746 96084 71662 71300 27446 24784 60600 52650 7996 44216 19292 19450 9573 26772
is_linear=0
shrinkage=0.035


Tree=7
num_leaves=15
num_cat=0
split_feature=22 24 3 16 3 8 21 22 21 24 21 22 21 24
split_gain=939.389 524.575 372.793 220.603 210.626 149.681 187.242 145.261 107.787 105.775 102.096 100.306 177.056 170.408
threshold=0.30788511037826544 0.03567874617874623 0.1231636554002762 1.0631552338600161 0.015014747623354198 -0.27173162996768946 -0.046499745920300477 0.22323016822338107 0.060504643246531493 0.027782052755355838 0.025375037454068664 0.22323016822338107 -0.05086581036448478 0.027059725485742096
decision_type=2 2 2 2 2 2 2 2 2 2 2 2 2 2
left_child=2 4 11 10 9 -4 7 -7 -6 -2 -3 13 -13 -1
right_child=1 3 5 -5 8 6 -8 -9 -10 -11 -12 12 -14 -15
leaf_value=-0.02044597770540928 0.0004466760614445089 2.8175664842600942e-05 0.0087195709043280147 -0.0062664764985547652 -0.0078026031183924174 0.02589747734030165 0.037030261500055082 -0.0026329639804205038 0.0065313157587945127 -0.017126183421516297 0.038434137367283738 -0.012688610132875354 0.0040616739547100975 0.008176745985291731
leaf_weight=261.97038520872593 462.05802426487207 104.73106939345598 1350.184048101306 293.36678109318018 2482.0488110408187 479.61398664861917 770.15705888718367 391.89618488401175 857.45242806524038 4502.7979097366333 435.66862669587135 1147.9659998714924 2316.2798079177737 4156.9564555585384
leaf_count=2312 4319 814 10164 2381 22505 3450 5548 2824 7805 42982 2922 8695 18435 32590
internal_value=7.16986e-07 -0.00826661 0.00694884 0.0180513 -0.0109275 0.0174463 0.0245273 0.0131837 -0.00411371 -0.0154931 0.0311267 0.00294774 -0.0015095 0.00643755
internal_weight=20013.1 9138.12 10875 833.766 8304.36 2991.85 1641.67 871.51 3339.5 4964.86 540.4 7883.17 3464.25 4418.93
internal_count=167746 83728 84018 6117 77611 21986 11822 6274 30310 47301 3736 62032 27130 34902
is_linear=0
shrinkage=0.035


Tree=8
num_leaves=15
num_cat=0
split_feature=22 24 3 8 16 15 10 15 16 24 3 10 24 22
split_gain=876.083 489.536 345.34 203.24 202.58 149.095 157.909 113.69 107.867 98.4143 89.2067 88.4404 82.068 83.2118
threshold=0.30788511037826544 0.03567874617874623 0.22667212784290316 -0.18395974487066266 1.3088528513908388 23.731651306152347 0.69100764393806469 22.394638061523441 2.087031483650208 0.032905315980315215 0.030492129735648636 0.34367513656616216 0.027782052755355838 0.37085860967636114
decision_type=2 2 2 2 2 2 2 2 2 2 2 2 2 2
left_child=2 3 8 12 7 -4 -7 -3 9 11 -5 -1 -2 -14
right_child=1 4 5 10 -6 6 -8 -9 -10 -11 -12 -13 13 -15
leaf_value=-0.0049624796429462463 4.1284450948440847e-05 0.016799174187564436 0.013433276862514255 -0.010431213981748729 -0.011266770513128689 0.054794521647593304 0.017057445974151632 0.049484699638449807 -0.0070408780974912724 0.01336227188688327 0.002492396550829978 0.0051853698732378523 -0.010636160747474052 -0.019724433149810018
leaf_weight=1336.2927658483386 439.73653385788202 434.9551524668932 1791.5324466973543 1089.2739131748676 220.08906148374081 245.06124890595675 319.94898724555969 188.42880952358246 1053.7164561375976 1359.0536623448133 1609.03915720433 4821.7867074906826 2265.4040771201253 2833.5057331323624
leaf_count=10671 4120 3108 13062 10380 1867 1616 2273 1142 8541 9841 14261 38014 21216 27634
internal_value=-8.46746e-07 -0.00803034 0.00667274 -0.0106343 0.0172257 0.0185099 0.0340934 0.0273042 0.00340034 0.00487135 -0.00274395 0.00297883 -0.0144665 -0.0157153
internal_weight=20007.8 9080.43 10927.4 8236.96 843.473 2356.54 565.01 623.384 8570.85 7517.13 2698.31 6158.08 5538.65 5098.91
internal_count=167746 83728 84018 77611 6117 16951 3889 4250 67067 58526 24641 48685 52970 48850
is_linear=0
shrinkage=0.035


Tree=9
num_leaves=15
num_cat=0
split_feature=22 3 20 3 15 22 21 10 22 8 22 10 20 17
split_gain=817.341 315.894 293.22 199.329 135.565 99.4269 198.941 99.3139 95.5134 95.0194 88.4942 87.2566 79.6489 77.188
threshold=0.30788511037826544 0.22667212784290316 0.062627475708723082 0.030492129735648636 24.512570381164554 0.22323016822338107 -0.0049976010341197244 0.73155876994133007 0.50268998742103588 -0.29483425617218012 0.29388138651847845 0.31747992336750036 0.024621242657303814 0.063245929777622237
decision_type=2 2 2 2 2 2 2 2 2 2 2 2 2 8
left_child=1 5 3 -2 7 11 -7 -3 13 -5 -8 -1 -11 -4
right_child=2 4 8 9 -6 6 10 -9 -10 12 -12 -13 -14 -15
leaf_value=-0.0047566512944104767 -0.014423709154493853 0.020016525449113004 0.020363130212395459 -0.013263120230882752 0.039986051243658151 -0.0072907619922899097 0.0039214781112883561 0.0040328854050380265 -0.015362462010080135 -0.004179466475531691 0.023332602584234269 0.0085858211977787226 0.0092980583359788122 -0.0065413241831382991
leaf_weight=697.14749929308891 4866.6453077867627 1361.4255353957415 652.89747119694948 833.91375738382339 285.52612547576427 2335.1695400923491 1096.7715560272336 738.75910824537277 140.43064805865288 1568.1374216899276 382.73337469249964 4079.4501944482327 804.3404513001442 157.55311699956656
leaf_count=5465 46962 9693 5094 7842 1830 18329 8573 5428 1367 14278 2847 31853 6916 1269
internal_value=-1.17823e-06 0.00641131 -0.0078 -0.00996608 0.0176514 0.00327315 -0.000939793 0.0144399 0.0105025 -0.00317652 0.00906588 0.00663261 0.000409663 0.0151169
internal_weight=20000.9 10977 9023.92 8073.04 2385.71 8591.27 3814.67 2100.18 950.881 3206.39 1479.5 4776.6 2372.48 810.451
internal_count=167746 84018 83728 75998 16951 67067 29749 15121 7730 29036 11420 37318 21194 6363
is_linear=0
shrinkage=0.035


Tree=10
num_leaves=15
num_cat=0
split_feature=22 24 3 8 16 15 15 2 8 21 16 21 3 24
split_gain=762.586 442.333 295.224 188.967 182.025 139.405 99.5712 91.6589 84.9276 131.936 80.9067 95.9047 79.3435 74.5151
threshold=0.30788511037826544 0.03567874617874623 0.081845983862876906 -0.18395974487066266 1.2699047327041628 24.512570381164554 22.394638061523441 -0.38054229319095606 -0.25636136531829828 -0.046499745920300477 1.546687185764313 -0.036515807732939713 0.063627529889345183 0.027782052755355838
decision_type=2 2 2 2 2 2 2 2 2 2 2 2 2 2
left_child=2 3 7 13 6 8 -3 -1 -4 -10 11 -9 -5 -2
right_child=1 4 5 12 -6 -7 -8 10 9 -11 -12 -13 -14 -15
leaf_value=0.012515554494759284 -4.7401935739693768e-05 0.015959161271720954 0.0063410103664071661 -0.0090738905853312967 -0.010279484242437771 0.035766439612842635 0.046361999674926817 -0.001447598663566964 0.0080951208487117007 0.02863265105284641 -0.0057309419034455127 0.0082532929578754445 0.0029782697906740301 -0.015063095759151867
leaf_weight=936.94480734318495 440.56160890311003 435.60748219490051 1520.9154758825898 1213.4190253764391 227.10736445337534 338.92102538794279 192.17542377114296 2649.8433163315058 807.00570130348206 739.29318568855524 1685.5041288807988 2346.2375519275665 1469.0160927474499 4992.7387342303991
leaf_count=7192 4120 3061 11303 11719 1933 2169 1123 20562 5765 5210 13615 18202 12922 48850
internal_value=-2.03214e-06 -0.00757485 0.00616115 -0.0101005 0.0162419 0.0147111 0.025847 0.00232431 0.0122759 0.0180351 0.00087864 0.00311548 -0.00248707 -0.0138479
internal_weight=19995.3 8970.63 11024.7 8115.74 854.89 3406.14 627.783 7618.53 3067.21 1546.3 6681.58 4996.08 2682.44 5433.3
internal_count=167746 83728 84018 77611 6117 24447 4184 59571 22278 10975 52379 38764 24641 52970
is_linear=0
shrinkage=0.035


Tree=11
num_leaves=15
num_cat=0
split_feature=23 3 22 20 21 10 10 10 15 24 8 20 24 23
split_gain=753.944 330.749 226.336 166.027 132.634 127.323 112.843 108.389 125.38 87.4626 83.8003 78.83 71.9468 62.8213
threshold=0.13294924795627597 0.10160859301686288 0.35694092512130743 -0.0046211180742830029 0.053618809208273895 0.30875778198242193 0.65363451838493358 1.0036211609840395 23.731651306152347 0.035151986405253417 -0.13675396889448163 -0.019621936604380604 0.03567874617874623 0.11182687059044839
decision_type=2 2 2 2 2 2 2 2 2 2 2 2 2 2
left_child=2 5 3 13 -4 -2 9 8 11 -7 -5 -3 -6 -1
right_child=1 7 4 10 12 6 -8 -9 -10 -11 -12 -13 -14 -15
leaf_value=-0.015902584234352639 -0.0083588466071383479 0.0072875488034704842 -0.018473150905716065 0.00220326526622765 -0.0082359245589277222 0.0044519722709170295 -0.0032826722604238938 -0.0024290314823302 0.031931510440447182 0.017124106217316547 0.021785761932269884 0.020024928777024387 0.015239222581888366 -0.0035259353670848404
leaf_weight=847.16961865127087 1259.9986928403378 1242.5297279432416 2748.3837616890669 1291.7629048079252 1269.370686493814 4621.0268575325608 2081.751752756536 392.51215156912804 559.84310561418533 772.87638573348522 328.62326629459858 1165.5486034825444 173.44760179519653 1232.3479570522904
leaf_count=7592 10700 9398 26535 11360 12371 38251 16697 2971 3875 5652 2737 8540 1226 9841
internal_value=-1.81076e-06 0.00548711 -0.00841194 -0.00209341 -0.0139715 0.00189134 0.00362784 0.0148012 0.0170804 0.00629605 0.00628397 0.01351 -0.0053284 -0.00862
internal_weight=19987.2 12096.1 7891.11 3699.9 4191.2 8735.65 7475.65 3360.43 2967.92 5393.9 1620.39 2408.08 1442.82 2079.52
internal_count=167746 96084 71662 31530 40132 71300 60600 24784 21813 43903 14097 17938 13597 17433
is_linear=0
shrinkage=0.035


Tree=12
num_leaves=15
num_cat=0
split_feature=23 3 22 20 21 22 20 8 2 15 12 24 8 24
split_gain=704.104 305.149 214.819 155.302 127.19 97.1812 139.272 107.907 89.7229 88.3185 87.5751 133.183 77.0107 67.1409
threshold=0.13294924795627597 0.063627529889345183 0.35694092512130743 -0.0046211180742830029 0.053618809208273895 0.23581409454345706 -0.019621936604380604 -0.10441472008824347 -0.38054229319095606 24.512570381164554 1.3749309778213503 0.036239216104149825 -0.18395974487066266 0.03567874617874623
decision_type=2 2 2 2 2 2 2 2 2 2 2 2 2 2
left_child=2 8 3 -1 -4 9 -7 -8 -2 -3 11 -10 -5 -6
right_child=1 5 4 12 13 6 7 -9 10 -11 -12 -13 -14 -15
leaf_value=-0.0083753872241468727 0.011765905208324101 0.016501990115778794 -0.018082778619470875 0.0010930561859055106 -0.0079993585674741925 -0.004256507508727434 0.0083583570659115473 0.032087518976675077 0.00020892061827926809 0.042084196715176984 -0.0083644555743670589 0.016971956282812561 0.017707337727915072 0.014593322432083994
leaf_weight=2066.4428547248244 927.77233244478703 1711.0076063722372 2710.3429517671466 1150.5382629111409 1261.6038649454713 715.84973704069853 816.31685610860586 326.07549051195383 5631.862911619246 179.72272183746099 1194.7856786251068 637.37537909299135 477.0603065341711 175.19571822136641
leaf_count=17433 7142 12143 26535 10135 12371 5786 6206 2377 46852 1098 10068 4412 3962 1226
internal_value=-2.55731e-06 0.00527601 -0.00817185 -0.00202426 -0.0136297 0.0135636 0.00781531 0.0153511 0.00156184 0.0191423 0.000279441 0.00193748 0.00604121 -0.0051627
internal_weight=19982 12140.8 7841.18 3694.04 4147.14 3748.97 1858.24 1142.39 8391.8 1890.73 7464.02 6269.24 1627.6 1436.8
internal_count=167746 96084 71662 31530 40132 27610 14369 8583 68474 13241 61332 51264 14097 13597
is_linear=0
shrinkage=0.035


Tree=13
num_leaves=15
num_cat=0
split_feature=23 3 22 20 10 21 10 15 10 20 24 3 10 22
split_gain=657.667 280.622 203.842 145.194 130.629 121.904 101.537 109.95 99.1442 82.0469 77.0646 74.3243 67.1622 63.7965
threshold=0.13294924795627597 0.063627529889345183 0.35694092512130743 -0.0046211180742830029 0.30875778198242193 0.053618809208273895 1.0036211609840395 23.731651306152347 0.65363451838493358 -0.019621936604380604 0.027059725485742096 1.0000000180025095e-35 0.65363451838493358 0.50268998742103588
decision_type=2 2 2 2 2 2 2 2 2 2 2 2 2 2
left_child=2 4 3 -1 -2 -4 7 9 10 -3 -6 -5 -13 -7
right_child=1 6 5 11 8 13 -8 -9 -10 -11 -12 12 -14 -15
leaf_value=-0.008133809215960075 -0.0091853113169237527 0.0059112135876138077 -0.017696656095535612 -0.00058582907340678711 -0.012106905764795856 0.00082783076954742328 -0.0032809652556679944 0.02831709143517518 -0.0033475733785048641 0.018038552071157409 0.0068144997931735172 0.022482235519589611 -0.00019662025174359071 -0.014291170904656867
leaf_weight=2053.8673728108406 1190.8818375840783 1398.6561749354005 2673.427262224257 945.24475228786469 269.54919239133596 884.8225437104702 415.30222197622061 614.42735634744167 1992.3453379720449 1354.1197225227952 4947.5695420354605 441.98872154951096 247.3189756795764 546.14063961058855
leaf_count=17433 10207 10540 26535 8368 2338 7975 3126 4157 16014 9787 39915 3679 2050 5622
internal_value=-2.24327e-06 0.00507556 -0.00793694 -0.0019564 0.00150593 -0.0132935 0.0129783 0.0149874 0.00328222 0.0119205 0.00581561 0.00580797 0.0144588 -0.00500161
internal_weight=19975.7 12182.9 7792.81 3688.42 8400.35 4104.39 3782.51 3367.2 7209.46 2752.78 5217.12 1634.55 689.308 1430.96
internal_count=167746 96084 71662 31530 68474 40132 27610 24484 58267 20327 42253 14097 5729 13597
is_linear=0
shrinkage=0.035


Tree=14
num_leaves=15
num_cat=0
split_feature=23 16 24 6 20 14 15 6 10 6 6 24 24 14
split_gain=617.65 193.169 198.352 177.818 172.156 120.281 101.018 100.376 92.5623 78.1242 43.8492 44.0324 43.5605 37.58
threshold=0.11622204259037973 1.8206580281257632 0.036672301590442664 0.19823931157588962 0.062627475708723082 0.3333516269922257 22.558373451232914 0.10033694654703142 0.75213748216629039 -0.30806502699851984 -0.30806502699851984 0.030890330672264103 0.031552704051136977 0.39666378498077398
decision_type=2 2 2 2 2 2 2 2 2 2 2 2 2 2
left_child=4 2 3 5 7 -2 -4 9 -5 -1 -3 -12 -11 -6
right_child=1 10 6 8 13 -7 -8 -9 -10 12 11 -13 -14 -15
leaf_value=0.005931418390483569 -0.0054363048915480276 0.01474840025442585 0.013724405756214279 0.024003955159712875 -0.011665113859430776 0.0042407587251736996 0.040772282855565702 -0.0049454397051327563 0.0056821566174384596 -0.019311004218212319 -0.0010493891111688456 -0.011187979015278415 -0.0064100756476671954 0.013564828370029409
leaf_weight=178.04595050960779 1917.8512537702918 110.93172237277031 639.60482649505138 752.45417788624763 79.897383876144886 8567.5313244536519 230.01113502681255 1394.1659448370337 620.73717742413282 2546.0163748860359 900.63611558824778 1254.9099299013615 381.22044494748116 396.52428463101387
leaf_count=1699 15660 918 4282 5692 660 69679 1389 12919 4780 24668 7811 10613 3683 3293
internal_value=-3.60123e-06 0.00354277 0.00521911 0.00402582 -0.0106762 0.00246726 0.0212607 -0.0127944 0.0158227 -0.0162912 -0.00585283 -0.00697625 -0.0176584 0.00918086
internal_weight=19970.5 14994.7 12728.2 11858.6 4975.87 10485.4 869.616 4499.45 1373.19 3105.28 2266.48 2155.55 2927.24 476.422
internal_count=167746 120824 101482 95811 46922 85339 5671 42969 10472 30050 19342 18424 28351 3953
is_linear=0
shrinkage=0.035


Tree=15
num_leaves=15
num_cat=0
split_feature=22 24 3 3 17 15 8 21 22 24 22 21 21 24
split_gain=595.73 346.698 219.296 180.132 131.354 119.841 107.376 106.049 95.2797 87.8789 124.982 186.522 82.0723 81.9862
threshold=0.30788511037826544 0.03567874617874623 0.22667212784290316 0.015014747623354198 0.060103049501776702 22.394638061523441 -0.25636136531829828 -0.026244873180985447 0.22323016822338107 0.027059725485742096 0.22323016822338107 -0.0049976010341197244 0.060504643246531493 0.027782052755355838
decision_type=2 2 2 2 8 2 2 2 2 2 2 2 2 2
left_child=2 3 9 13 5 -3 -4 8 -8 -1 -11 -12 -5 -2
right_child=1 4 6 12 -6 -7 7 -9 -10 10 11 -13 -14 -15
leaf_value=-0.012747481868938707 0.00044705968794164872 0.012159812093265734 0.0068503523016006573 -0.0061316421549946218 -0.0078763076524757652 0.045676278229769635 0.024801799259106392 0.034630752261130833 0.0011196997355369027 0.0073712256527813632 -0.0072653199412948772 0.0090249658963445847 0.0064374619055229173 -0.015074345467171731
leaf_weight=418.4037811383605 462.0196525529027 463.21784451603889 1201.172477774322 2379.0173991024494 242.05239445716143 178.78428380191326 431.43742241710424 469.05052360147238 395.60379513353109 4577.3577376157045 2332.9968991801143 1351.4043715149164 858.38150127977133 4204.3791802674532
leaf_count=3639 4319 3249 8519 22505 1854 1014 2777 2990 2665 34887 18329 10212 7805 42982
internal_value=-3.8864e-06 -0.00681808 0.00535483 -0.0091456 0.0138604 0.0220509 0.0144737 0.0214322 0.0136225 0.00271771 0.00351539 -0.00128194 -0.00278944 -0.0135399
internal_weight=19965.3 8787.85 11177.4 7903.8 884.055 642.002 2497.26 1296.09 827.041 8680.16 8261.76 3684.4 3237.4 4666.4
internal_count=167746 83728 84018 77611 6117 4263 16951 8432 5442 67067 63428 28541 30310 47301
is_linear=0
shrinkage=0.035


Tree=16
num_leaves=15
num_cat=0
split_feature=23 3 3 10 8 23 10 21 9 6 24 17 6 24
split_gain=557.833 240.78 166.964 134.995 111.897 92.7806 92.4385 90.8405 89.3834 84.3022 76.8341 57.2712 47.5022 47.4249
threshold=0.13294924795627597 1.0000000180025095e-35 0.046606821939349181 0.30875778198242193 -0.18395974487066266 0.095546394586563124 1.0036211609840395 0.053618809208273895 0.93806943297386181 0.22298138588666919 0.035151986405253417 0.053767548874020583 -0.30806502699851984 0.027782052755355838
decision_type=2 2 2 2 2 2 2 2 2 2 2 8 2 2
left_child=2 3 5 -2 -4 12 9 -6 10 11 -5 -3 -1 -14
right_child=1 6 4 8 7 -7 -8 -9 -10 -11 -12 -13 13 -15
leaf_value=0.0068054417373328655 -0.010841457330677085 0.012921759567474472 -0.0075588674835059899 0.002562137909542453 3.1051666818423915e-05 -0.007776129737149382 -0.0040206210028026611 0.018642722858429588 -0.0077238352102988192 0.022632560305196364 0.013887868150804868 0.0025867737559596348 0.0019168818563285825 -0.021134171701417227
leaf_weight=84.218171536922455 1036.5172881707549 2379.6918229460716 1590.0884520187974 4952.1155443936586 1052.041784696281 2893.0417779758573 448.80876219272614 452.49245720356703 870.26743000745773 821.81598526239395 853.03435897827148 913.89721804112196 116.20444355905056 1492.2861583605409
leaf_count=860 8973 17515 14567 40505 9224 26772 3378 3655 7241 5734 6001 6737 1093 15491
internal_value=-3.79452e-06 0.00462349 -0.00739634 0.000848818 -0.00110795 -0.0116283 0.0109856 0.00571469 0.00267751 0.0126279 0.00424741 0.0100705 -0.0181279 -0.0194673
internal_weight=19956.5 12276.1 7680.37 7711.93 3094.62 4585.75 4564.21 1504.53 6675.42 4115.41 5805.15 3293.59 1692.71 1608.49
internal_count=167746 96084 71662 62720 27446 44216 33364 12879 53747 29986 46506 24252 17444 16584
is_linear=0
shrinkage=0.035


Tree=17
num_leaves=15
num_cat=0
split_feature=22 3 8 11 3 11 21 16 21 21 22 22 22 22
split_gain=534.732 191.656 189.794 101.332 116.166 87.2023 86.0387 81.833 76.1594 74.2357 136.376 71.3155 82.9853 71.1513
threshold=0.30788511037826544 0.22667212784290316 -0.12622683495283124 0.46356204152107244 0.6727714240550996 0.20098250359296801 0.050632659345865257 2.087031483650208 0.017405906692147258 -0.032635236158967011 0.22323016822338107 0.37085860967636114 0.36230848729610449 0.50268998742103588
decision_type=2 2 2 2 2 2 2 2 2 2 2 2 2 2
left_child=1 7 6 4 -3 -4 11 9 -7 10 -1 12 -2 -8
right_child=2 3 5 -5 -6 8 13 -9 -10 -11 -12 -13 -14 -15
leaf_value=0.0053280141838828237 -0.010129830854805153 0.012031076438222025 -0.0071294338618842611 0.0033743458101470219 0.031828791861571566 -0.002323830211114698 -0.0014985575037656312 -0.0065942857841143898 0.01541544557361826 0.0077614534042111261 -0.0076448834337686216 -0.016599875112483075 0.010802913481325388 -0.017791886834170972
leaf_weight=2839.4986022487283 1863.0676402300596 1175.9009285420179 638.20690590143204 826.03472939133644 531.17078960686922 474.4415038973093 2122.6411269754171 1041.9435940533876 770.10795594751835 3309.3932626694441 1513.4250972867012 2209.1545766666532 256.48753137141466 378.91461434960365
leaf_count=21620 18115 7792 5915 5773 3386 4357 19282 8541 6725 25160 11746 23200 1998 4136
internal_value=-4.69447e-06 0.00503903 -0.00650801 0.0134928 0.0183408 0.00331717 -0.0092172 0.00256617 0.00868834 0.0038188 0.000810411 -0.0122001 -0.00755792 -0.00402755
internal_weight=19950.4 11237.4 8713.02 2533.11 1707.07 1882.76 6830.27 8704.26 1244.55 7662.32 4352.92 4328.71 2119.56 2501.56
internal_count=167746 84018 83728 16951 11178 16997 66731 67067 11082 58526 33366 43313 20113 23418
is_linear=0
shrinkage=0.035


Tree=18
num_leaves=15
num_cat=0
split_feature=23 22 8 20 21 2 5 22 16 22 6 22 6 14
split_gain=502.516 190.844 188.792 150.078 134.616 112.311 102.584 102.202 100.213 91.5012 88.9935 84.8335 73.8554 55.9501
threshold=0.11622204259037973 0.22323016822338107 -0.12622683495283124 0.062627475708723082 -0.0087223635055124742 0.052555616945028312 -0.16491936892271039 0.35694092512130743 1.8206580281257632 0.40883582830429083 0.10033694654703142 0.19796442985534671 -0.30806502699851984 1.476471543312073
decision_type=2 2 2 2 2 2 2 2 2 2 2 2 2 2
left_child=3 5 8 10 -4 6 -2 -6 9 -3 12 -8 -1 -7
right_child=1 2 4 -5 7 13 11 -9 -10 -11 -12 -13 -14 -15
leaf_value=0.0064627083227522322 0.016265087447425105 0.0010270405331808926 -0.0036316265588410839 0.0086296945031838768 0.030065139649502585 0.020252122840215766 -0.00059697031403804996 0.0083534110496657574 -0.012340642224741382 -0.010536707047379109 -0.004425385456577031 0.010693273216951337 -0.016587868204799155 0.0037633312152329538
leaf_weight=176.11102823913097 841.06852870434523 5273.4334398061037 542.93620396405458 480.67770626395941 457.33822896331549 1096.9437961131334 2687.5490007027984 641.23227302730083 1073.2039006501436 986.37040943652391 1376.0712058618665 1159.6523279696703 2817.8929564356804 333.22729097306728
leaf_count=1699 6135 42917 4088 3953 3301 7616 20690 5639 9724 9834 12919 8418 28351 2462
internal_value=-5.66754e-06 0.00314457 -0.000106522 -0.00979384 0.0105858 0.00790566 0.00526572 0.0175817 -0.00251118 -0.000808983 -0.0118354 0.00282512 -0.015215 0.0164631
internal_weight=19943.7 15093 8974.51 4850.75 1641.51 6118.44 4688.27 1098.57 7333.01 6259.8 4370.08 3847.2 2994 1430.17
internal_count=167746 120824 75503 46922 13028 45321 35243 8940 62475 52751 42969 29108 30050 10078
is_linear=0
shrinkage=0.035


Tree=19
num_leaves=15
num_cat=0
split_feature=23 3 20 10 3 10 15 3 22 24 24 6 20 22
split_gain=470.637 232.073 141.273 132.453 131.082 107.798 137.977 100.685 97.5382 129.52 103.502 77.817 66.2168 56.0249
threshold=0.11622204259037973 0.081845983862876906 0.062627475708723082 0.29961036145687109 0.046606821939349181 0.73155876994133007 23.731651306152347 0.6727714240550996 0.22323016822338107 0.027059725485742096 0.035151986405253417 -0.30806502699851984 -0.0019366201595403252 0.20288966596126559
decision_type=2 2 2 2 2 2 2 2 2 2 2 2 2 2
left_child=2 3 4 -2 11 6 12 -8 9 -5 -10 -1 -3 -7
right_child=1 5 -4 8 -6 13 7 -9 10 -11 -12 -13 -14 -15
leaf_value=0.007085452647520577 -0.009707481951821301 0.0051574272203627159 0.0082842158603214765 -0.019241384566941938 -0.0045033714871961375 0.012992947081932223 0.018214608767007284 0.05206806000494256 -0.0035799862224772535 0.0074305594638223475 0.010621643197624689 -0.01841008465682719 0.016214544275983823 -0.0024447337925972601
leaf_weight=151.49028999358416 1440.4846213981509 1591.4897634387016 483.56267312914133 227.89492572844028 1868.3194689899683 379.71487370878458 350.00261492282152 159.23943488299847 4323.2186366468668 3685.3261037915945 725.48500365018845 2310.8388156816363 1145.8857128471136 1094.6214879006147
leaf_count=1460 12765 12161 3953 2032 17364 2598 2337 967 38391 27749 5370 24145 8036 8418
internal_value=-5.96565e-06 0.00302865 -0.00952541 0.0001056 -0.0115285 0.00945561 0.0130107 0.0295994 0.00169196 0.00583218 -0.00152229 -0.0168192 0.00982819 0.00159198
internal_weight=19937.6 15123.4 4814.21 10402.4 4330.65 4720.95 3246.62 509.242 8961.92 3913.22 5048.7 2462.33 2737.38 1474.34
internal_count=167746 120824 46922 86307 42969 34517 23501 3304 73542 29781 43761 25605 20197 11016
is_linear=0
shrinkage=0.035


Tree=20
num_leaves=15
num_cat=0
split_feature=22 24 3 8 16 15 10 24 22 21 14 2 10 21
split_gain=447.8 290.594 160.318 160.121 142.158 88.7314 96.5952 78.214 91.4441 165.851 77.8925 73.4593 69.7034 67.2453
threshold=0.30788511037826544 0.036239216104149825 0.22667212784290316 -0.12622683495283124 1.2335861325263979 23.731651306152347 0.79500892758369457 0.027059725485742096 0.22323016822338107 -0.05086581036448478 0.3333516269922257 0.46564039587974554 0.34367513656616216 0.037735188379883773
decision_type=2 2 2 2 2 2 2 2 2 2 2 2 2 2
left_child=2 3 7 10 -3 -4 11 -1 12 -10 -2 -7 -9 -12
right_child=1 4 5 -5 -6 6 -8 8 9 -11 13 -13 -14 -15
leaf_value=-0.012376214964076105 -0.018363210396318434 0.028884541915283769 0.0084031367384408036 0.001575201330765393 -0.010805736271385808 0.024969797621895332 0.0074765213815611306 -0.0025595894116469207 -0.011433992841962282 0.0042345659636900774 -0.012087534249156756 0.063079051757167506 0.0083450089491309103 -0.0039898684985599682
leaf_weight=413.91771839559078 1193.4957366660237 403.95200476050377 1939.3508329391479 1772.5652420073748 144.78242495656013 281.32540076225996 277.56792414933443 880.75419896841049 1243.8051225170493 2424.6418654769659 2766.2369892969728 82.500665605068207 3784.1267370507121 2320.7028235346079
leaf_count=3639 12201 2393 13062 16282 1182 1617 1823 6753 9628 18913 28493 449 28134 23177
internal_value=-5.81028e-06 -0.00602259 0.00456422 -0.00770795 0.0184064 0.0122127 0.0234255 0.00229629 0.00303904 -0.00109458 -0.0103263 0.0350676 0.00628509 -0.00840839
internal_weight=19929.7 8601.74 11328 8053 548.734 2580.74 641.394 8747.25 8333.33 3668.45 6280.44 363.826 4664.88 5086.94
internal_count=167746 83728 84018 80153 3575 16951 3889 67067 63428 28541 63871 2066 34887 51670
is_linear=0
shrinkage=0.035


Tree=21
num_leaves=15
num_cat=0
split_feature=23 22 24 8 20 24 21 16 22 22 10 22 9 20
split_gain=422.407 164.012 172.47 159.623 147.744 122.449 114.454 113.463 105.75 90.3054 78.1986 87.4258 74.2533 66.901
threshold=0.11182687059044839 0.22323016822338107 0.027059725485742096 -0.12622683495283124 0.024621242657303814 0.035151986405253417 -0.0087223635055124742 1.0631552338600161 0.40030081570148474 0.40883582830429083 0.36037077009677893 0.19796442985534671 1.1698970794677737 0.062627475708723082
decision_type=2 2 2 2 2 2 2 2 2 2 2 2 2 2
left_child=4 2 -2 5 -1 8 -5 -7 -3 -8 11 -4 -12 -6
right_child=1 3 10 6 13 7 9 -9 -10 -11 12 -13 -14 -15
leaf_value=-0.016149161187792541 -0.018024128313042481 -0.0020537052960712086 -0.006594070649631795 -0.0035911960931698642 -0.0064969940792581095 0.016928834044510371 0.022418541521315959 -0.0084746036648791108 -0.01351866090746842 0.0020009685681690115 0.011739030762141309 0.01362996593933726 -0.0039844127666991015 0.0081405958673327478
leaf_weight=2152.9663666710258 308.83462356030941 5473.340161293745 764.62685292214155 567.04655257612467 1685.1520641893148 679.57684870064259 771.90226661413908 305.86183054000139 1193.4025336951017 404.87993056327105 4345.8249896019697 385.55001253634691 397.09854912012815 484.7521513029933
leaf_count=22079 2725 45328 5799 4244 17223 4672 5768 2507 12957 3694 31035 2793 2969 3953
internal_value=-5.70799e-06 0.00267826 0.00709083 -0.000238746 -0.00967393 -0.00241871 0.00928653 0.00903815 -0.0041232 0.0154698 0.00843531 0.000244264 0.010417 -0.00320464
internal_weight=19920.8 15597.9 6201.94 9396.01 4322.87 7652.18 1743.83 985.439 6666.74 1176.78 5893.1 1150.18 4742.92 2169.9
internal_count=167746 124491 45321 79170 43255 65464 13706 7179 58285 9462 42596 8592 34004 21176
is_linear=0
shrinkage=0.035


Tree=22
num_leaves=15
num_cat=0
split_feature=23 3 20 11 22 21 8 3 9 14 15 20 22 1
split_gain=395.685 199.895 140.805 95.132 94.9061 110.608 117.796 85.9612 78.8286 93.5594 72.7391 71.9518 59.1899 49.4106
threshold=0.11182687059044839 0.030492129735648636 0.024621242657303814 0.20678631961345675 0.22323016822338107 -0.046499745920300477 -0.12622683495283124 1.0000000180025095e-35 1.0059458017349245 0.31200242042541509 24.512570381164554 0.062627475708723082 0.37085860967636114 0.16817088425159457
decision_type=2 2 2 2 2 2 2 2 2 2 2 2 2 2
left_child=2 3 -1 13 10 -6 -7 11 9 -5 -3 -4 -9 -2
right_child=1 4 7 8 5 6 -8 12 -10 -11 -12 -13 -14 -15
leaf_value=-0.01578527634704564 -0.010867920869929012 0.011668855219705829 -0.014142853077896783 -0.0064055000198023539 -0.0063188996879829512 0.0025208967089328598 0.017620111524019513 0.015543489121637076 -0.0085733102677028675 0.003987150758042006 0.034592665097658168 0.0043968463539802508 -0.0024451272140619085 0.0078372385114194153
leaf_weight=2126.2161171510816 1321.1818805411458 1842.4939955025911 908.24149610847235 1268.4528912380338 881.85530006885529 1797.7821636497974 970.3171950429678 374.89895503968 920.21482750028372 6248.4283700063825 181.07707005739212 350.29762025177479 530.8185626193881 191.52667035162449
leaf_count=22079 12028 12419 9919 10384 6238 14844 7264 3458 7848 50732 1021 2919 4880 1713
internal_value=-7.03303e-06 0.00257928 -0.00940893 -0.000411516 0.00781581 0.00442491 0.00785808 -0.00310087 0.00104049 0.00222724 0.0138802 -0.00898859 0.00508924 -0.00846371
internal_weight=19913.8 15623.3 4290.47 9949.8 5673.53 3649.95 2768.1 2164.26 8437.1 7516.88 2023.57 1258.54 905.718 1512.71
internal_count=167746 124491 43255 82705 41786 28346 22108 21176 68964 61116 13440 12838 8338 13741
is_linear=0
shrinkage=0.035


Tree=23
num_leaves=15
num_cat=0
split_feature=22 24 3 3 17 11 3 8 21 2 17 21 15 21
split_gain=378.665 253.746 144.139 138.862 97.3744 83.9987 95.946 83.7254 75.9 69.8036 72.979 97.1073 68.7278 68.3283
threshold=0.30788511037826544 0.036239216104149825 0.063627529889345183 0.22667212784290316 0.058697782456874854 0.46356204152107244 0.80338537693023693 -0.29483425617218012 0.037735188379883773 -0.41325563192367548 0.058697782456874854 -0.032635236158967011 22.394638061523441 0.037735188379883773
decision_type=2 2 2 2 8 2 2 2 2 2 8 2 2 2
left_child=3 2 13 9 12 6 -5 -4 -9 -1 11 -11 -3 -2
right_child=1 4 7 5 -6 -7 -8 8 -10 10 -12 -13 -14 -15
leaf_value=0.012100326589163227 -0.014693133247361807 0.016025513072346977 -0.011150508957203613 0.010870629604391283 -0.0057097089168488841 0.002102716754565899 0.030077330755137632 -0.0027546655473602807 0.010610731651894849 -0.0011453737182397057 -0.0051404860070172137 0.0076090092476866211 0.048461478391815589 -0.0065036486238642614
leaf_weight=761.64816331863403 2616.2688584029675 285.535112015903 728.83564578741789 1356.3844013661146 161.03437848389149 845.10186911374331 416.61274445056915 1321.2123466432095 845.5829049050808 3385.8078692853451 1787.0937762632966 2852.5489639267325 112.00838784128428 2431.5905736982822
leaf_count=5581 28116 1841 7390 8665 1184 5773 2513 12291 7409 25987 13846 21653 550 24947
internal_value=-7.44935e-06 -0.00559467 -0.00720369 0.00415883 0.0170113 0.0112183 0.0155271 -0.000972965 0.00248591 0.0020451 0.00107695 0.00286342 0.0261293 -0.0107689
internal_weight=19907.3 8502.07 7943.49 11405.2 558.578 2618.1 1773 2895.63 2166.8 8787.1 8025.45 6238.36 397.543 5047.86
internal_count=167746 83728 80153 84018 3575 16951 11178 27090 19700 67067 61486 47640 2391 53063
is_linear=0
shrinkage=0.035


Tree=24
num_leaves=15
num_cat=0
split_feature=23 3 22 20 10 21 10 20 22 8 9 6 24 3
split_gain=355.352 161.907 157.718 128.117 106.961 96.0687 75.7984 88.4382 80.0982 75.3354 71.9172 55.9982 55.6784 51.9826
threshold=0.13294924795627597 1.0000000180025095e-35 0.35694092512130743 1.0000000180025095e-35 0.30875778198242193 0.053618809208273895 1.0036211609840395 0.01002221228554845 0.23155066370964053 -0.27173162996768946 0.93806943297386181 0.22298138588666919 0.035151986405253417 -0.042606700211763375
decision_type=2 2 2 2 2 2 2 2 2 2 2 2 2 2
left_child=2 4 3 11 -2 -4 7 8 -3 -9 12 -1 -6 -5
right_child=1 6 5 13 10 -7 -8 9 -10 -11 -12 -13 -14 -15
leaf_value=-0.0084929172149700305 -0.010059522018016579 0.011863127153588955 -0.015162323996941993 0.00083754694654895954 0.0020215745452456611 -0.0035888304639904683 -0.0047844448744688746 0.0056751533446637017 0.00018768491519382513 0.023224003984532934 -0.0073145026805805967 0.0082252748113587175 0.01151254039355401 0.013982846607025059
leaf_weight=1842.2200426310301 1013.9016311690211 1601.0692494139075 2445.1235603541136 773.53072535246611 5000.907361023128 1380.2379155531526 455.86592209339142 455.88227473199368 1301.7103850767016 911.97285225242376 860.74238152056932 274.79748256504536 883.8147286772728 696.18276702612638
leaf_count=16554 8973 10687 26535 7010 40505 13597 3378 3156 10198 5945 7241 2238 6001 5728
internal_value=-6.82075e-06 0.0035961 -0.00607271 -0.000794478 0.000482793 -0.0110067 0.00869533 0.010142 0.00664606 0.0174589 0.00207994 -0.00629436 0.00346412 0.00711671
internal_weight=19898 12485.9 7412.09 3586.73 7759.37 3825.36 4726.5 4270.63 2902.78 1367.86 6745.46 2117.02 5884.72 1469.71
internal_count=167746 96084 71662 31530 62720 40132 33364 29986 20885 9101 53747 18792 46506 12738
is_linear=0
shrinkage=0.035


Tree=25
num_leaves=15
num_cat=0
split_feature=23 3 20 14 2 8 3 3 20 22 17 20 23 2
split_gain=336.624 164.384 129.498 88.1216 85.6634 85.1533 81.8041 76.3734 67.1216 65.032 63.5068 57.8223 51.4029 48.1719
threshold=0.11182687059044839 0.030492129735648636 0.024621242657303814 0.37526954710483557 -0.38054229319095606 -0.38015195727348322 0.80338537693023693 1.0000000180025095e-35 0.062627475708723082 0.40883582830429083 0.058697782456874854 0.10968593135476114 0.084634464234113707 -0.35320952534675593
decision_type=2 2 2 2 2 2 2 2 2 2 8 2 2 2
left_child=2 4 13 -3 -2 -5 -7 8 -4 10 -6 -11 -9 -1
right_child=1 3 7 5 9 6 -8 12 -10 11 -12 -13 -14 -15
leaf_value=0.0083223657210927567 0.0089349129935217403 -0.0015641306413238915 -0.01343422836525777 -0.0012535604827440372 0.0012539227968409515 0.0089704163860606263 0.022446751467290225 0.021665110431421504 0.0045425583901798393 -0.012959378492765669 -0.0063003985231758026 0.012102369061393559 0.00083329229937647068 -0.016190867710524911
leaf_weight=97.457613728940487 1070.3915879279375 1155.2759002298117 887.18755154311657 783.85091879218817 6119.1517650932074 3130.9534573853016 669.90233150869608 170.94361546635628 349.34429042041302 882.65399148315191 1743.198212325573 121.08796978741884 736.95701745897532 1972.0559451654553
leaf_count=1051 8067 8830 9919 5740 49733 22754 4462 1548 2919 9802 14304 799 6790 21028
internal_value=-7.25801e-06 0.00235429 -0.00877733 0.00706428 -0.000370877 0.00923718 0.0113983 -0.00272837 -0.00835974 -0.00150315 -0.000426857 -0.00984646 0.0049489 -0.015002
internal_weight=19890.4 15676.5 4213.95 5739.98 9936.48 4584.71 3800.86 2144.43 1236.53 8866.09 7862.35 1003.74 907.901 2069.51
internal_count=167746 124491 43255 41786 82705 32956 27216 21176 12838 74638 64037 10601 8338 22079
is_linear=0
shrinkage=0.035


Tree=26
num_leaves=15
num_cat=0
split_feature=22 23 8 16 15 16 21 22 14 8 21 11 17 22
split_gain=320.537 168.442 141.598 99.6925 115.136 86.8364 77.4108 133.521 74.7342 68.017 67.9734 65.3155 52.0958 48.6169
threshold=0.30788511037826544 0.26289419829845434 -0.12622683495283124 1.8206580281257632 23.731651306152347 1.546687185764313 -0.032635236158967011 0.22323016822338107 0.3333516269922257 -0.12622683495283124 0.037735188379883773 0.20098250359296801 0.077558167278766646 0.17202089726924899
decision_type=2 2 2 2 2 2 2 2 2 2 2 2 8 2
left_child=3 2 8 4 6 -3 7 -1 -2 -8 -10 -4 -13 -5
right_child=1 5 11 13 -6 -7 9 -9 10 -11 -12 12 -14 -15
leaf_value=0.0051610866764312145 -0.016684197800599369 0.025111419835745604 -0.0069893275153692907 0.0077018591147333939 0.015929370533141671 -0.016290994015178369 0.0058202298174723057 -0.0066675722632633461 -0.010742044808842265 0.020199077657018456 -0.0025982420476375876 0.010437451917107888 -0.008261609786275095 -0.0073081277652918058
leaf_weight=3299.4770638719201 1180.9262938201427 310.10254349559546 602.08306041359901 323.35885088890791 1065.3300963938236 69.616268150508404 3249.4167540445924 1797.6035519465804 2655.1324912384152 453.51880966871977 2389.4818839579821 986.08129538595676 215.57292124629021 1285.6675080806017
leaf_count=23760 12424 1785 5764 2522 6915 587 23875 13640 28493 2964 23905 8810 1960 10342
internal_value=-7.42264e-06 -0.00519503 -0.00627894 0.00379553 0.0051128 0.0172976 0.00378676 0.000984549 -0.0087776 0.00763094 -0.00689734 0.00234593 0.0070424 -0.0042627
internal_weight=19883.4 8409 8029.28 11474.4 9865.35 379.719 8800.02 5097.08 6225.54 3702.94 5044.61 1803.74 1201.65 1609.03
internal_count=167746 83728 81356 84018 71154 2372 64239 37400 64822 26839 52398 16534 10770 12864
is_linear=0
shrinkage=0.035


Tree=27
num_leaves=15
num_cat=0
split_feature=23 22 20 16 15 24 20 10 8 2 2 23 15 8
split_gain=301.114 125.846 124.13 120.057 113.526 66.6498 64.8006 55.2243 44.8995 48.9173 44.1158 42.0856 41.0482 39.5171
threshold=0.11182687059044839 0.40883582830429083 0.03682194463908673 2.087031483650208 23.731651306152347 0.036672301590442664 0.10968593135476114 0.79500892758369457 -0.15651866048574445 -0.35320952534675593 -0.45656897127628321 0.10477664321660997 23.447156906127933 -0.12622683495283124
decision_type=2 2 2 2 2 2 2 2 2 2 2 2 2 2
left_child=2 3 8 4 5 -2 -3 -6 9 -1 -5 13 -10 -4
right_child=1 6 11 10 7 -7 -8 -9 12 -11 -12 -13 -14 -15
leaf_value=0.0047821467563827916 0.0023937310966181736 -0.0095997659909271994 0.00091922072870364766 0.027998849712191895 0.01807811668158887 0.012423454548556942 0.011830765311058379 0.0026211981000530248 -0.010536529454461699 -0.016940235696145813 -0.0073989393607189731 -0.0077970132307340423 0.0065204790696964682 0.018802560307043737
leaf_weight=132.21740767359734 10410.195011682808 1420.1749704778194 694.24668118357658 34.843041121959686 1000.2095512375236 871.3664892911911 187.98986440896988 398.69958560913801 586.92277252674103 1834.2760783210397 1387.3117414116859 497.80103155970573 235.40832818299532 183.97847124189138
leaf_count=1427 81039 15204 6427 280 6778 5365 1203 2813 5868 20457 11809 5281 2249 1546
internal_value=-8.02978e-06 0.00221087 -0.0083635 0.00326967 0.00435183 0.00317872 -0.00703697 0.0137227 -0.0125952 -0.0154629 -0.00634224 0.000241928 -0.00563395 0.00483509
internal_weight=19875.6 15710.8 4164.85 14102.6 12680.5 11281.6 1608.16 1398.91 2788.82 1966.49 1422.15 1376.03 822.331 878.225
internal_count=167746 124491 43255 108084 95995 86404 16407 9591 30001 21884 12089 13254 8117 7973
is_linear=0
shrinkage=0.035


Tree=28
num_leaves=15
num_cat=0
split_feature=23 22 3 20 10 24 10 20 22 24 3 8 9 14
split_gain=283.065 135.94 134.537 115.166 99.8261 81.6693 68.2272 75.9453 68.8087 66.9912 68.2631 63.7687 61.6327 69.1497
threshold=0.13294924795627597 0.35694092512130743 1.0000000180025095e-35 1.0000000180025095e-35 0.30875778198242193 0.03567874617874623 1.0036211609840395 0.01002221228554845 0.23155066370964053 0.027782052755355838 -0.01514332555234432 -0.27173162996768946 0.93806943297386181 0.31200242042541509
decision_type=2 2 2 2 2 2 2 2 2 2 2 2 2 2
left_child=1 3 4 -1 -2 9 7 8 -4 -3 -11 -9 13 -6
right_child=2 5 6 -5 12 -7 -8 11 -10 10 -12 -13 -14 -15
leaf_value=-0.0058670813880047183 -0.0098863362691433941 0.0044740619650244107 0.010682232046624107 0.0068642428552031084 -0.0053238261428389137 0.012256539544329578 -0.0049845683502714698 0.0050265107917390472 -8.1013559718740884e-05 -0.01787331097225409 -0.0076628482997750788 0.021036171175720441 -0.0068888089660462696 0.0048174045747641095
leaf_weight=2092.5427742898464 1008.7032144218683 296.32806489616632 1629.7120616659522 1475.2975466102362 979.47165435552597 181.48689647018909 457.6358672901988 460.81614715605974 1307.7464190721512 1616.1377908289433 1634.8446078673005 937.12360599637032 851.33385795354843 4939.088840290904
leaf_count=18792 8973 2775 10687 12738 7794 1226 3378 3156 10198 19148 16983 5945 7241 38712
internal_value=-7.73939e-06 -0.005487 0.00317428 -0.000598223 0.000329864 -0.0101506 0.00778018 0.00913597 0.00590645 -0.0113283 -0.0127779 0.0158319 0.0018644 0.00313297
internal_weight=19868.3 7296.64 12571.6 3567.84 7778.6 3728.8 4793.03 4335.4 2937.46 3547.31 3250.98 1397.94 6769.89 5918.56
internal_count=167746 71662 96084 31530 62720 40132 33364 29986 20885 38906 36131 9101 53747 46506
is_linear=0
shrinkage=0.035


Tree=29
num_leaves=15
num_cat=0
split_feature=22 24 3 3 17 15 8 24 21 22 17 8 6 4
split_gain=268.217 194.385 129.342 108.333 96.6078 98.0495 94.0948 76.7866 86.1377 168.496 92.4576 66.198 57.7449 59.9844
threshold=0.30788511037826544 0.03567874617874623 -0.042606700211763375 0.6727714240550996 0.054933378472924239 22.394638061523441 -0.27173162996768946 0.027059725485742096 -0.032635236158967011 0.22323016822338107 0.057369727641344077 -0.29483425617218012 -0.26468613743782038 0.023969171568751339
decision_type=2 2 2 2 8 2 2 2 2 2 8 2 2 2
left_child=3 2 12 7 5 -3 -5 -1 9 -9 -10 -4 -2 -14
right_child=1 4 11 6 -6 -7 -8 8 10 -11 -12 -13 13 -15
leaf_value=-0.011635443474265436 0.003476813153028072 0.0090092912270371295 -0.010257171097326424 0.003165825816349476 -0.0059559363782112698 0.039645176371202594 0.023979622363099841 0.0047005048987167879 0.009756659311576054 -0.0076723508337963641 -0.0022923303045675231 0.00070327026809903753 -0.016020553953045066 -0.0063846197817529907
leaf_weight=449.8706396073103 296.45754471421242 455.10747529566288 883.92017874121666 514.37333042919636 301.00608587265015 173.0408461689949 549.04492773115635 3727.7938595712185 3173.2312062233686 2099.1062386184931 1029.0155559927225 2752.2276756092906 2188.3941623792052 1268.0550254136324
leaf_count=3899 3213 3005 9467 3435 2218 894 3178 26819 22836 16224 7627 26461 24783 13687
internal_value=-8.4112e-06 -0.00479644 -0.0066955 0.00344331 0.0102163 0.0179378 0.0140353 0.00235607 0.00299464 0.000237749 0.00680775 -0.00198195 -0.011245 -0.0125141
internal_weight=19860.6 8318.21 7389.05 11542.4 929.154 628.148 1063.42 10479 10029.1 5826.9 4202.25 3636.15 3752.91 3456.45
internal_count=167746 83728 77611 84018 6117 3899 6613 77405 73506 43043 30463 35928 41683 38470
is_linear=0
shrinkage=0.035


Tree=30
num_leaves=15
num_cat=0
split_feature=22 24 3 16 8 15 2 15 14 11 16 11 24 17
split_gain=251.38 250.731 126.764 123.678 104.861 81.9078 71.543 66.0814 57.2601 54.7927 51.2764 52.6709 48.2805 43.926
threshold=0.33232145011425024 0.03567874617874623 0.063627529889345183 1.3088528513908388 -0.18395974487066266 24.512570381164554 -0.38054229319095606 22.473917961120609 0.3333516269922257 0.45091645419597631 1.546687185764313 0.20678631961345675 0.027782052755355838 0.053767548874020583
decision_type=2 2 2 2 2 2 2 2 2 2 2 2 2 10
left_child=2 4 6 7 12 8 -1 -3 -4 -10 11 -8 -2 -9
right_child=1 3 5 -5 -6 -7 10 13 9 -11 -12 -13 -14 -15
leaf_value=0.00898971434396789 0.00022110703914203451 0.013178354857078379 -0.0027573086652808152 -0.011034182234340124 -0.001422503146126228 0.021813614412166331 -0.007076030090052924 0.048985640082431392 0.010547641833577771 -0.00043467790606254857 -0.005922685072753479 0.002362219896498226 -0.012057815479453367 0.0074492496956752655
leaf_weight=1030.560803540051 437.87925124913454 406.72855858504772 721.98109036684036 182.72875874489546 2274.882114186883 447.266133017838 850.0917305201292 127.9100838303566 2500.9117210283875 713.97854206711054 1802.4509051069617 4581.4364052787423 3727.0550450310111 45.521801799535751
leaf_count=7517 4120 2470 5221 1511 22247 2591 7081 588 16793 4962 15116 34907 42390 232
internal_value=-8.6598e-06 -0.00522377 0.00296283 0.0136299 -0.00747493 0.00776622 0.000408448 0.0214535 0.00611908 0.00811485 -0.000824772 0.000874745 -0.0107694 0.0390838
internal_weight=19851.4 7202.71 12648.7 762.889 6439.82 4384.14 8264.54 580.16 3936.87 3214.89 7233.98 5431.53 4164.93 173.432
internal_count=167746 73558 94188 4801 68757 29567 64621 3290 26976 21755 57104 41988 46510 820
is_linear=0
shrinkage=0.035


Tree=31
num_leaves=15
num_cat=0
split_feature=23 20 14 16 10 24 15 22 22 20 2 6 6 17
split_gain=245.658 115.665 108.125 127.48 112.781 77.051 66.9088 55.3009 54.2681 81.348 45.3372 50.9001 42.0775 48.9604
threshold=0.11182687059044839 0.024621242657303814 0.2894160002470017 1.671612083911896 0.36037077009677893 0.035151986405253417 23.731651306152347 0.17202089726924899 0.37085860967636114 0.062627475708723082 -0.35320952534675593 0.10033694654703142 0.067888125777244582 0.060103049501776702
decision_type=2 2 2 2 2 2 2 2 2 2 2 2 2 8
left_child=1 10 -2 4 5 -4 -6 -5 12 -10 -1 -12 -3 -14
right_child=2 8 3 7 6 -7 -8 -9 9 -11 11 -13 13 -15
leaf_value=0.0090089530109575718 -0.005634736416291251 -0.00052646810973705732 -0.0031251915283491754 0.0083834473574793469 0.005613125399591406 0.014166456575378485 0.015086410806506663 -0.005944258075902333 -0.011545118896798432 0.0082692074154564685 -0.01905832539667196 -0.0068167611001383535 0.026329537928777437 -0.0046311513822093527
leaf_weight=96.053182013332844 1989.1259184777737 542.0607236251235 2657.8519425615668 377.58681006729603 7098.8736342862248 348.09169629961252 1044.8163553103805 2244.2211361601949 953.66939094662666 336.4596283659339 1234.6545047312975 648.88288100808859 178.89846122264862 89.596186399459839
leaf_count=1051 16088 5546 22741 2893 53751 2344 6954 19720 10595 2613 14370 6658 1580 842
internal_value=-8.02137e-06 -0.00765133 0.00197436 0.0030767 0.00470909 -0.00108247 0.00684554 -0.0038568 -0.0019136 -0.00635378 -0.0136998 -0.0148994 0.00514496 0.0162027
internal_weight=19840.8 4080.27 15760.6 13771.4 11149.6 3005.94 8143.69 2621.81 2100.68 1290.13 1979.59 1883.54 810.555 268.495
internal_count=167746 43255 124491 108403 85790 25085 60705 22613 21176 13208 22079 21028 7968 2422
is_linear=0
shrinkage=0.035


Tree=32
num_leaves=15
num_cat=0
split_feature=23 3 20 10 10 20 14 17 3 3 21 22 20 3
split_gain=229.971 120.899 109.833 95.0817 82.0865 79.5638 71.7649 76.6799 68.2874 54.3829 49.7372 47.6002 45.0518 44.9534
threshold=0.11182687059044839 0.081845983862876906 0.024621242657303814 0.28976805508136755 0.69100764393806469 -0.0046211180742830029 0.31200242042541509 0.058697782456874854 -0.081160873174667345 0.6727714240550996 -0.054856372997164719 0.20288966596126559 0.062627475708723082 0.10160859301686288
decision_type=2 2 2 2 2 2 2 8 2 2 2 2 2 2
left_child=2 3 13 -2 5 9 -5 -8 12 -3 -7 -6 -4 -1
right_child=1 4 8 6 11 10 7 -9 -10 -11 -12 -13 -14 -15
leaf_value=-0.017669345433524219 -0.0091777681073333603 0.0019233716351721077 -0.013417213533225659 -0.006150243175002252 0.0098388571745940262 0.0027859656337657513 0.0043326388326234925 -0.0035019745108986785 0.0041355278498994485 0.017083372673914035 0.019002042058847483 -0.0031061303926860637 0.0025487918064418711 -0.0067209080453212297
leaf_weight=1179.3214447274804 1267.9490738660097 1540.163577452302 684.01094029843807 1445.4728486314416 460.42041189223528 294.50719368457794 5891.6014085412025 2057.6352861821651 1102.2318346649408 348.04271247982979 1146.5986424162984 1326.864223651588 310.55814566463232 778.76502427458763
leaf_count=14021 11649 11346 8103 11993 2959 1770 47546 17279 10505 2310 7656 9983 2568 8058
internal_value=-8.17096e-06 0.0019031 -0.00743212 -0.000220332 0.00632001 0.00956011 0.000997074 0.00230282 -0.00184877 0.00479301 0.0157301 0.000264802 -0.00845602 -0.0133712
internal_weight=19834.1 15779.3 4054.89 10662.7 5116.6 3329.31 9394.71 7949.24 2096.8 1888.21 1441.11 1787.28 994.569 1958.09
internal_count=167746 124491 43255 88467 36024 23082 76818 64825 21176 13656 9426 12942 10671 22079
is_linear=0
shrinkage=0.035


Tree=33
num_leaves=15
num_cat=0
split_feature=23 22 20 16 14 10 21 21 6 24 14 22 22 20
split_gain=218.895 114.591 103.233 79.4774 86.4955 82.9515 78.2243 59.1408 48.4057 46.6476 44.6341 43.8111 40.8007 39.9761
threshold=0.13294924795627597 0.35694092512130743 1.0000000180025095e-35 1.671612083911896 0.31200242042541509 0.31747992336750036 0.053618809208273895 -0.019647533074021336 0.22298138588666919 0.035151986405253417 0.37526954710483557 0.17202089726924899 0.50268998742103588 0.040596295148134239
decision_type=2 2 2 2 2 2 2 2 2 2 2 2 2 2
left_child=1 2 8 4 -2 9 -3 -7 -1 -6 -8 -5 -12 -4
right_child=3 6 13 11 5 7 10 -9 -10 -11 12 -13 -14 -15
leaf_value=-0.0075484882544537115 -0.0032754780204143582 -0.013177627081882757 0.012300571004229724 0.0070165480849832419 -0.0047825560486554949 0.0044509907737935259 -0.016662400343397374 0.010935196754258589 0.0080108711920278738 0.012249960695023938 0.005190071309398899 -0.0057413894482556118 -0.0086535812205607056 0.00082440271345621198
leaf_weight=1793.4615372940898 1669.6487576812506 2285.8052455037832 741.91168355196714 396.75305186212063 1257.9647836908698 4569.6795452535152 217.40377062559128 2781.7907200008631 275.06390555948019 223.42192270606756 733.331623069942 1750.7623568177223 391.76482731848955 738.62613239139318
leaf_count=16554 12901 26535 6356 3028 10623 31623 2327 21349 2238 1524 6735 15036 4535 6382
internal_value=-8.74549e-06 -0.00488702 -0.000411256 0.00276076 0.00401489 0.00539511 -0.00925187 0.00691613 -0.00545088 -0.00214881 -0.00251967 -0.00336277 0.000335865 0.00661916
internal_weight=19827.4 7177.37 3549.06 12650 10502.5 8832.86 3628.31 7351.47 2068.53 1481.39 1342.5 2147.52 1125.1 1480.54
internal_count=167746 71662 31530 96084 78020 65119 40132 52972 18792 12147 13597 18064 11270 12738
is_linear=0
shrinkage=0.035


Tree=34
num_leaves=15
num_cat=0
split_feature=22 24 3 16 11 8 16 24 21 8 21 17 21 17
split_gain=207.893 215.857 112.385 109.486 105.102 97.9282 68.5591 73.0203 76.0153 54.5107 52.2699 75.9058 45.2373 41.7201
threshold=0.33232145011425024 0.03567874617874623 0.6727714240550996 1.3088528513908388 0.46356204152107244 -0.22510141879320142 2.4242618083953862 0.027059725485742096 0.0099786282517015951 -0.31019608676433558 0.017405906692147258 0.025604831054806713 0.095337018370628371 0.077558167278766646
decision_type=2 2 2 2 2 2 2 2 2 2 2 10 2 8
left_child=2 5 6 13 9 -2 7 12 -9 -4 -7 -12 -1 -3
right_child=1 3 4 -5 -6 10 -8 8 -10 -11 11 -13 -14 -15
leaf_value=-0.019797806440551791 -0.010816582283935528 0.021895437726457891 0.0046904761643508149 -0.010787461634451311 0.0011395493299479853 -0.0080607608944365822 -0.0088703419104336611 0.0013769820892444082 0.0088502683791109489 0.027698617364347887 -0.01460457928302126 0.0049281869652514987 0.0039113648857159716 -0.017479061447847923
leaf_weight=278.84841241687536 3517.2435171753168 563.45922793447971 173.98544310033321 181.36012653261423 533.82144184410572 1083.5258538499475 708.5806353315711 8289.7547592446208 2078.7624137476087 498.00630278140306 282.31204729527235 1458.6889102905989 145.28750013560057 27.784159794449806
leaf_count=2472 40148 3124 1164 1511 3615 11248 6053 61018 15813 2860 2981 14380 1193 166
internal_value=-9.26924e-06 -0.0047958 0.00267226 0.0125625 0.0127929 -0.00692697 0.001601 0.00229606 0.00288237 0.0218977 -0.00206234 0.00169553 -0.0117732 0.0197852
internal_weight=19821.4 7114.37 12707 772.604 1205.81 6341.77 11501.2 10792.7 10368.5 671.992 2824.53 1741 424.136 591.243
internal_count=167746 73558 94188 4801 7639 68757 86549 80496 76831 4024 28609 17361 3665 3290
is_linear=0
shrinkage=0.035


Tree=35
num_leaves=15
num_cat=0
split_feature=3 10 10 15 20 10 24 17 6 2 10 20 15 1
split_gain=163.21 139.649 88.1157 119.174 87.3428 80.8675 74.6406 70.5379 60.1032 53.5918 77.3017 43.4976 41.5007 42.6255
threshold=0.063627529889345183 0.34367513656616216 1.0036211609840395 23.731651306152347 -0.066054619848728166 0.65363451838493358 0.035151986405253417 0.016029549762606624 -0.21772951632738111 0.46564039587974554 0.79500892758369457 -0.0012952625402249394 23.217839241027836 0.16817088425159457
decision_type=2 2 2 2 2 2 2 8 2 2 2 2 2 2
left_child=1 12 3 7 -3 6 -6 -2 -7 -5 -11 -9 13 -1
right_child=2 4 -4 9 5 8 -8 11 -10 10 -12 -13 -14 -15
leaf_value=-0.011044746155738222 0.038613657368761246 0.0094751471085437987 -0.0073629346997091203 0.0099389257526316787 -0.00071462623894558901 0.0029355052546219829 0.010651852304771389 -0.00028273580602657274 -0.0094617523706821815 0.038794900271525157 0.0078811932135337149 0.0062176178663022712 0.0031628986519538402 0.009834948002471049
leaf_weight=2686.9474555402994 58.297294862568378 997.47195170074701 706.38577341288328 775.97940067201853 5259.2790184244514 623.07320186495781 807.58594050258398 2672.6449948325753 2006.5112995132804 229.24548067897558 179.83557027578354 2376.1603366732597 315.58984489738941 117.91239631175995
leaf_count=26430 428 7464 5793 5275 47318 5185 5315 20950 18218 1600 1360 18352 2951 1107
internal_value=-1.01776e-05 -0.00235734 0.00428472 0.00560195 -0.000281552 -0.00141023 0.000813452 0.00326649 -0.00652426 0.0155552 0.0257173 0.00278282 -0.00878445 -0.0101352
internal_weight=19812.9 12814.4 6998.55 6292.16 9693.92 8696.45 6066.86 5107.1 2629.58 1185.06 409.081 5048.81 3120.45 2804.86
internal_count=167746 113988 53758 47965 83500 76036 52633 39730 23403 8235 2960 39302 30488 27537
is_linear=0
shrinkage=0.035


Tree=36
num_leaves=15
num_cat=0
split_feature=22 24 8 24 22 20 17 15 21 3 21 3 3 4
split_gain=196.862 139.588 138.5 117.907 126.353 113.459 89.5268 95.0682 88.1387 65.3306 55.3598 53.4648 50.4609 49.6706
threshold=0.22323016822338107 0.027059725485742096 -0.12622683495283124 0.035151986405253417 0.35694092512130743 0.0074753409717231998 0.060103049501776702 22.394638061523441 0.050632659345865257 0.291689082980156 0.037735188379883773 0.42785075306892401 0.6727714240550996 -0.10114258155226706
decision_type=2 2 2 2 2 2 8 2 2 2 2 2 2 2
left_child=1 -1 3 4 5 -2 7 -5 12 13 -6 -10 -4 -3
right_child=2 9 8 6 10 -7 -8 -9 11 -11 -12 -13 -14 -15
leaf_value=-0.017723859973472422 -0.0064260288434361667 0.013271458431325869 -0.0023433486980886423 0.0050894528407667596 -0.015123198412737486 0.0034777353157821492 -0.0096584332682910501 0.031655352448627813 0.0088403957261827554 0.013890180091308121 -0.0064708687130433633 0.029599075773080626 0.013835633593521027 0.0030914815404054982
leaf_weight=304.79556067287922 3390.1162467598915 671.40085622668266 1553.3634829819202 641.6274376437068 1737.1630019471049 2421.1296315342188 310.26148171722889 214.6271738037467 733.60411671549082 1098.6157464087009 1936.8822749853134 187.53014356642962 268.16876611113548 4337.5153556987643
leaf_count=2725 29434 4772 13472 4459 20892 19626 2436 1250 6032 6538 21591 1244 1989 31286
internal_value=-8.71738e-06 0.00502978 -0.00242275 -0.0042283 -0.00552012 -0.00230095 0.00623354 0.012037 0.00457941 0.00619242 -0.0105918 0.0133391 0.000101082 0.00447974
internal_weight=19806.8 6412.33 13394.5 10651.8 9485.29 5811.25 1166.52 856.255 2742.67 6107.53 3674.05 921.134 1821.53 5008.92
internal_count=167746 45321 122425 99688 91543 49060 8145 5709 22737 42596 42483 7276 15461 36058
is_linear=0
shrinkage=0.035


Tree=37
num_leaves=15
num_cat=0
split_feature=23 3 20 17 15 2 3 17 14 2 3 11 17 20
split_gain=187.435 98.2351 96.3904 65.6555 75.8404 61.9046 59.6779 50.5892 46.208 45.1936 54.3511 44.2887 58.1682 39.7279
threshold=0.11182687059044839 1.0000000180025095e-35 0.024621242657303814 0.071504909545183196 24.512570381164554 -0.38054229319095606 -0.081160873174667345 0.042306713759899146 0.22013574093580249 -0.35320952534675593 0.015014747623354198 0.20678631961345675 0.066972300410270705 0.062627475708723082
decision_type=2 2 2 8 2 2 2 10 2 2 2 2 8 2
left_child=2 5 9 4 8 -2 13 -6 -3 -1 -11 -7 -13 -4
right_child=1 3 6 -5 7 11 -8 -9 -10 10 -12 12 -14 -15
leaf_value=0.010434453474593411 0.0072830655100866223 -0.0052282931011468099 -0.012599792074560918 -0.0028763427447186514 0.0066920155261254947 -0.0073869006585294446 0.0039917472671316704 0.03203913443244108 0.0064989261910875307 -0.019891000825804708 -0.0076446643257362945 0.00095733592014347066 -0.0075658046780877801 0.0024528067323647419
leaf_weight=93.266209319233894 1079.9569086953998 445.86627280712128 665.39858351647854 1059.4822077155113 177.29177240282297 1341.4384873509407 1104.1602620109916 220.19518899917603 4465.5218512713909 881.7886188775301 924.79246741533279 5859.9239286035299 1167.7372574582696 310.74003331363201
leaf_count=1051 7928 3532 8103 7865 1067 12734 10505 1240 31985 11149 9879 47966 10174 2568
internal_value=-8.25914e-06 0.00170081 -0.00678746 0.00505696 0.00664263 -0.00056409 -0.00156711 0.0211752 0.00542584 -0.0124655 -0.0136987 -0.00158418 -0.000467633 -0.00783173
internal_weight=19797.6 15817.4 3980.15 6368.36 5308.88 9449.06 2080.3 397.487 4911.39 1899.85 1806.58 8369.1 7027.66 976.139
internal_count=167746 124491 43255 45689 37824 78802 21176 2307 35517 22079 21028 70874 58140 10671
is_linear=0
shrinkage=0.035


Tree=38
num_leaves=15
num_cat=0
split_feature=22 24 8 24 22 20 16 21 21 2 4 21 3 3
split_gain=178.049 130.658 127.086 108.622 116.266 104.999 90.0367 80.4152 79.8016 60.6858 58.3004 52.3293 47.6215 46.0277
threshold=0.22323016822338107 0.027059725485742096 -0.12622683495283124 0.035151986405253417 0.35694092512130743 0.0074753409717231998 1.0631552338600161 0.050632659345865257 0.0099786282517015951 0.052555616945028312 -0.10114258155226706 0.037735188379883773 0.42785075306892401 0.6727714240550996
decision_type=2 2 2 2 2 2 2 2 2 2 2 2 2 2
left_child=1 -1 3 4 5 -2 8 13 -5 10 -3 -6 -9 -4
right_child=2 9 7 6 11 -7 -8 12 -10 -11 -12 -13 -14 -15
leaf_value=-0.017378520252632767 -0.0062085224114005093 0.012534054776863448 -0.0022619128296328906 -0.0031676360381280768 -0.014656115559212922 0.0033223427148752179 -0.0087091551198233089 0.0084401709543250811 0.019850857723794069 0.01206137810887899 0.0021345509054621491 -0.0061934617596693551 0.027876411358946539 0.013129052231923165
leaf_weight=301.27447197586298 3371.2129181995988 787.42573916167021 1550.0273360982537 271.94523980468512 1708.3906220421195 2427.8205612227321 350.61711215227842 738.36065276712179 548.02021510899067 1470.4907678514719 3880.2300899103284 1922.5416945517063 191.32303590327501 270.88242911547422
leaf_count=2725 29434 5433 13472 2169 20892 19626 2880 6032 3096 9519 27644 21591 1244 1989
internal_value=-8.58737e-06 0.00476727 -0.00231389 -0.00405292 -0.00530162 -0.00221948 0.00596605 0.0043786 0.0122705 0.00588074 0.00391197 -0.0102045 0.0126941 8.68826e-05
internal_weight=19790.6 6439.42 13351.1 10600.5 9429.97 5799.03 1170.58 2750.59 819.965 6138.15 4667.66 3630.93 929.684 1820.91
internal_count=167746 45321 122425 99688 91543 49060 8145 22737 5265 42596 33077 42483 7276 15461
is_linear=0
shrinkage=0.035


Tree=39
num_leaves=15
num_cat=0
split_feature=23 3 20 10 10 20 21 3 14 9 3 6 3 23
split_gain=169.197 88.7288 88.1146 78.6936 73.4746 74.7691 64.3034 55.0437 49.4055 65.8275 45.3712 44.5777 53.1028 37.3255
threshold=0.11182687059044839 1.0000000180025095e-35 0.024621242657303814 0.28976805508136755 0.69100764393806469 -0.0019366201595403252 -0.054856372997164719 -0.081160873174667345 0.31200242042541509 1.0059458017349245 0.80338537693023693 -0.2843943834304809 0.015014747623354198 0.084634464234113707
decision_type=2 2 2 2 2 2 2 2 2 2 2 2 2 2
left_child=2 3 11 -2 5 10 -7 -4 -5 -10 -3 -1 -13 -9
right_child=1 4 7 8 -6 6 -8 13 9 -11 -12 12 -14 -15
leaf_value=0.010323468681939965 -0.0096486608586413298 0.0017011642381612351 -0.0075624378744764444 -0.005775640535435762 -0.00073263762081360458 -9.5912882399634748e-06 0.015965465630328232 0.016368916817455944 0.0028953979881311161 -0.0077048680586006115 0.016601608977840663 -0.019518878607883698 -0.0073011646848542217 0.00054536591184438843
leaf_weight=96.92789252102375 1026.4348792880774 2241.7813950330019 968.17951737344265 1265.4361211508512 2019.2969376146793 389.95451292395592 1470.443806797266 220.16522928327322 6351.2064376696944 799.22975412756205 272.290358312428 851.25202551484108 921.38405644148588 887.53249264508486
leaf_count=1094 9854 16986 10671 10594 14725 2409 9817 1982 51195 7159 1752 11036 9949 8523
internal_value=-8.50405e-06 0.00160791 -0.00648408 -0.00054838 0.0047882 0.00733253 0.0126348 -0.00150555 0.000571663 0.00170146 0.00337436 -0.0119746 -0.0132449 0.00380876
internal_weight=19781.5 15836.1 3945.44 9442.31 6393.77 4374.47 1860.4 2075.88 8415.87 7150.44 2514.07 1869.56 1772.64 1107.7
internal_count=167746 124491 43255 78802 45689 30964 12226 21176 68948 58354 18738 22079 20985 10505
is_linear=0
shrinkage=0.035


Tree=40
num_leaves=15
num_cat=0
split_feature=23 6 3 10 10 3 14 21 10 20 21 17 24 3
split_gain=160.005 91.2322 77.7849 76.21 70.1075 69.4309 59.3001 53.2283 50.1169 54.5886 65.9548 47.4086 48.215 44.4849
threshold=0.13294924795627597 0.15815447270870212 1.0000000180025095e-35 1.0641621947288515 0.31747992336750036 0.6727714240550996 0.3333516269922257 0.053618809208273895 1.0036211609840395 -0.019621936604380604 -0.031002582050859925 0.066972300410270705 0.027059725485742096 0.6727714240550996
decision_type=2 2 2 2 2 2 2 2 2 2 2 8 2 2
left_child=1 6 4 5 -2 -3 -1 -8 9 13 -11 12 -6 -4
right_child=2 3 8 -5 11 -7 7 -9 -10 10 -12 -13 -14 -15
leaf_value=-0.014594075777549372 -0.0080092866736452412 0.0012819712878792775 0.00033548679374419967 -0.016317195881344233 -0.011337615897225387 0.018726650600312377 -0.0077165837119653 0.00015393523909909977 -0.0051669794966166084 0.0029181423549322089 0.015215204849156557 -0.0048180996773379905 0.0036169652002142412 0.012543226529938757
leaf_weight=901.57877167314291 1096.2933423221111 1082.4893625453115 1731.393219679594 209.73489866405725 268.50201501697302 367.55491768568754 2807.3463734537363 1679.8716672956944 458.57060486078262 856.03187543898821 1436.9601164236665 1186.5573422089219 5238.4102428779006 453.76186393201351
leaf_count=9833 10020 10198 12367 2068 2450 3085 30624 15854 3378 5533 9280 9921 40329 2806
internal_value=-8.85428e-06 -0.00423575 0.00233371 0.00292579 0.000153853 0.0058018 -0.00644288 -0.00477632 0.00576608 0.00689467 0.010657 0.00150081 0.00286859 0.0029161
internal_weight=19775.1 7048.58 12726.5 1659.78 7789.76 1450.04 5388.8 4487.22 4936.72 4478.15 2292.99 6693.47 5506.91 2185.16
internal_count=167746 71662 96084 15351 62720 13283 56311 46478 33364 29986 14813 52700 42779 15173
is_linear=0
shrinkage=0.035


Tree=41
num_leaves=15
num_cat=0
split_feature=22 24 3 17 6 15 16 2 10 24 15 16 14 9
split_gain=163.797 133.019 93.6976 78.021 72.5948 65.4023 65.2087 62.6687 54.6296 53.8026 47.3706 47.0144 54.3938 43.4247
threshold=0.37085860967636114 0.03567874617874623 0.10160859301686288 0.016029549762606624 0.15815447270870212 24.512570381164554 1.169120252132416 -0.38054229319095606 0.67132419347763073 0.027782052755355838 22.473917961120609 1.546687185764313 0.22013574093580249 0.93806943297386181
decision_type=2 2 2 8 2 2 2 2 2 2 2 2 2 2
left_child=2 4 7 -4 9 8 10 -1 -5 -2 -3 12 -9 -7
right_child=1 6 3 5 -6 13 -8 11 -10 -11 -12 -13 -14 -15
leaf_value=0.0075077636169136701 0.0017359308333184374 0.0086343981714599172 0.046919163827295739 0.006712224671454433 -0.00044736076827973979 0.023351625284620009 -0.0089773460259543244 -0.009177505043034594 -0.0014616074086842971 -0.012643706225680285 0.033933547511936613 -0.0055673610981532978 0.0013243819093144166 0.0019917303544917143
leaf_weight=1148.1034276038408 360.93967784941196 300.21627680957317 45.823636695742607 2788.9320870190859 1131.8504645302892 364.29069808870554 159.36908680945635 659.64448964595795 1555.0731338486075 2578.7091337963939 126.83146940171719 2207.4791587889194 6168.8157267123461 172.24231756478548
leaf_count=8427 3477 1761 302 19362 11362 2060 1300 5552 11266 31381 575 19716 50022 1183
internal_value=-9.49686e-06 -0.00574058 0.00175979 0.00571717 -0.00798671 0.00523517 0.00972679 -0.000158259 0.00378951 -0.0108782 0.0167527 -0.00113952 0.000297939 0.0166564
internal_weight=19768.3 4657.92 15110.4 4926.36 4071.5 4880.54 586.417 10184 4344.01 2939.65 427.048 9035.94 6828.46 536.533
internal_count=167746 49856 117890 34173 46220 33871 3636 83717 30628 34858 2336 75290 55574 3243
is_linear=0
shrinkage=0.035


Tree=42
num_leaves=15
num_cat=0
split_feature=22 24 24 16 22 21 20 21 15 6 2 24 22 10
split_gain=154.174 118.754 106.521 117.679 113.876 153.831 177.062 93.9964 77.7791 73.9666 53.5405 41.9075 40.435 75.2801
threshold=0.22323016822338107 0.027059725485742096 0.035151986405253417 1.2699047327041628 0.35694092512130743 -0.05086581036448478 1.0000000180025095e-35 0.0099786282517015951 22.473917961120609 0.12615788727998736 0.052555616945028312 0.027782052755355838 0.1916291415691376 0.37633652985095983
decision_type=2 2 2 2 2 2 2 2 2 2 2 2 2 2
left_child=1 -1 4 7 5 -2 -7 -4 -9 11 12 -6 13 -3
right_child=2 10 3 -5 9 6 -8 8 -10 -11 -12 -13 -14 -15
leaf_value=-0.016882480355630312 -0.0095890448889276395 -0.0084431788775544796 -0.0023761876276938952 -0.010451279971381984 0.0010872205456219186 -0.0047665372236689778 0.0080461671467512708 0.0115812925783862 0.036266829598515751 -0.0010748106323496393 0.011231124222668032 -0.01180383603690423 0.0082331416257871021 0.0043062346603438134
leaf_weight=296.16474241018295 1700.1799036934972 730.71705934405327 359.36966025829315 361.68575370311737 343.90945903211832 2332.856193356216 3021.9022062495351 527.80592180788517 222.61209864914417 1521.043186455965 1487.3189482912421 2893.3270982764661 1544.508782453835 2415.6414793506265
leaf_count=2725 12763 5505 2842 3068 3320 22114 23437 3083 1037 15357 9519 35404 10616 16956
internal_value=-8.21405e-06 0.00441642 -0.00216628 0.00668409 -0.00327342 -0.000448852 0.0024657 0.0123121 0.0192849 -0.00745158 0.00546306 -0.0104352 0.0036142 0.00132791
internal_weight=19759 6474.35 13284.7 1471.47 11813.2 7054.94 5354.76 1109.79 750.418 4758.28 6178.19 3237.24 4690.87 3146.36
internal_count=167746 45321 122425 10030 112395 58314 45551 6962 4120 54081 42596 38724 33077 22461
is_linear=0
shrinkage=0.035


Tree=43
num_leaves=15
num_cat=0
split_feature=22 21 3 4 23 10 15 9 24 24 20 6 16 21
split_gain=144.566 120.027 86.0616 71.2568 67.0452 66.2489 59.3792 83.6577 47.9812 50.2609 44.086 44.5582 41.8079 52.8097
threshold=0.37085860967636114 0.037735188379883773 0.10160859301686288 0.021172045730054382 0.11182687059044839 0.1769332364201546 23.731651306152347 0.93806943297386181 0.03567874617874623 0.028990984894335273 0.024621242657303814 -0.26468613743782038 1.4910123348236086 -0.031002582050859925
decision_type=2 2 2 2 2 2 2 2 2 2 2 2 2 2
left_child=2 -2 4 -3 10 -4 -7 -8 9 -5 11 -1 13 -6
right_child=1 3 5 8 12 6 7 -9 -10 -11 -12 -13 -14 -15
leaf_value=0.011428313928828105 -0.012192401973354179 -0.0058648218971813007 0.045140884806409945 0.010617389269448673 -0.00075437095161263708 0.0029223489982684006 0.018215680208494074 -0.0030390392827397842 0.016508170006341964 -0.0059011892231274629 -0.00065733576155411696 -0.017787532598075473 -0.0033750006010116462 0.0053901959193846001
leaf_weight=65.423325598239899 1885.0533678233624 1489.2810685448349 41.083583749830723 384.62834702432156 3613.6763535812497 3810.0415918305516 781.67431206256151 314.34767051786184 337.32647828757763 517.21305204182863 517.44105042517185 543.39622371643782 2203.7759466692805 3244.7628828585148
leaf_count=719 22735 15618 267 3906 27043 26974 4697 2235 2035 5562 5374 6744 18632 25205
internal_value=-8.64165e-06 -0.00542571 0.00164503 -0.000723239 -0.000195086 0.00542744 0.00500373 0.0121473 0.0054536 0.00118303 -0.00820965 -0.0145141 0.000808922 0.00215627
internal_weight=19749.1 4613.5 15135.6 2728.45 10188.5 4947.15 4906.06 1096.02 1239.17 901.841 1126.26 608.82 9062.22 6858.44
internal_count=167746 49856 117890 27121 83717 34173 33906 6932 11503 9468 12837 7463 70880 52248
is_linear=0
shrinkage=0.035


Tree=44
num_leaves=15
num_cat=0
split_feature=22 24 8 24 21 22 3 17 9 21 4 24 2 11
split_gain=139.387 111.375 108.844 104.526 92.9136 81.8924 81.0791 70.5025 63.2115 57.261 55.6089 53.9891 51.7471 49.3836
threshold=0.22323016822338107 0.027059725485742096 -0.18395974487066266 0.035151986405253417 0.017405906692147258 0.35694092512130743 0.33137543499469763 0.058697782456874854 0.47953550517559057 -0.05086581036448478 -0.12534373998641965 0.03279035538434983 0.020840822719037536 0.50904381275177013
decision_type=2 2 2 2 2 2 2 8 2 2 2 2 2 2
left_child=1 -1 3 5 -4 9 -6 8 -5 -2 11 -3 -12 -8
right_child=2 10 4 7 6 -7 13 -9 -10 -11 12 -13 -14 -15
leaf_value=-0.016555581933200125 -0.0092356575905555537 0.0094162414214751557 -0.0028321500793731112 0.0027956855011890486 0.0035404784548018365 -0.010203241050558552 0.021659595240677988 -0.0082428654415417774 0.023205258729312474 -0.00070578360933244396 0.0019154254914047577 0.034447009877965971 0.0093747663126309676 -0.016698984873380878
leaf_weight=292.94386307895184 1282.2495042309165 505.17515777796507 1997.1238874346018 426.01004287600517 1605.261179715395 2947.2513951584697 528.3337657302618 291.37486238777637 324.22418127208948 3803.7792129814625 3981.4044582769275 128.36134938150644 1590.1054400503635 37.319580078125
leaf_count=2725 9908 3446 17012 2895 14467 36185 3838 2287 1982 33547 28127 798 10225 304
internal_value=-7.98443e-06 0.00418679 -0.00206787 -0.00421684 0.00260989 -0.00556987 0.0076063 0.00617198 0.0118052 -0.00287017 0.00519111 0.0149442 0.0040573 0.0188827
internal_weight=19740.9 6497.99 13242.9 9074.89 4168.04 8033.28 2170.91 1041.61 750.234 5086.03 6205.05 633.537 5571.51 565.653
internal_count=167746 45321 122425 86804 35621 79640 18609 7164 4877 43455 42596 4244 38352 4142
is_linear=0
shrinkage=0.035


Tree=45
num_leaves=15
num_cat=0
split_feature=23 14 16 20 6 17 3 6 3 11 15 6 11 17
split_gain=130.493 78.7213 84.1763 76.6634 64.566 57.0111 48.7603 43.359 53.4427 41.7537 36.7237 36.3007 35.6597 34.8909
threshold=0.11182687059044839 0.2894160002470017 1.9043213129043581 0.024621242657303814 0.32676012814044958 0.066972300410270705 -0.081160873174667345 -0.23169998824596402 0.015014747623354198 0.47733408212661749 22.473917961120609 -0.30806502699851984 0.36068023741245275 0.046247597783803947
decision_type=2 2 2 2 2 8 2 2 2 2 2 2 2 8
left_child=3 12 4 7 5 -3 -5 -1 -9 -6 -8 -4 -2 -12
right_child=1 2 11 6 9 -7 10 8 -10 -11 13 -13 -14 -15
leaf_value=0.006876025785799671 -0.011384633452293125 0.0034823179418660552 0.015728834367292544 -0.0069049970539851726 0.017744120378474101 -0.0051946693091118367 -0.0015054281858867952 -0.019320537629437862 -0.0066670542115142648 0.00109205577491226 0.021970107053905435 -0.005617992629429725 -0.0015808118862887044 0.0026021815601866166
leaf_weight=146.56632375344634 706.05390233546495 10131.405858166516 93.599279552698135 949.46977401524782 589.6124613955617 1012.141672231257 648.49012216925621 769.90602095797658 894.26344887912273 268.39779085665941 199.30545432120562 1812.1352686136961 1254.9975339323282 256.87827007472515
leaf_count=1745 6172 78016 766 10671 3853 7658 6299 10510 9824 1898 1808 16212 9916 2398
internal_value=-7.76911e-06 0.00139754 0.00232389 -0.00576636 0.00340918 0.00269026 -0.00112566 -0.0109958 -0.0126015 0.0126077 0.00385908 -0.00449292 -0.00515042 0.0113537
internal_weight=19733.2 15868.3 13907.3 3864.88 12001.6 11143.5 2054.14 1810.74 1664.17 858.01 1104.67 1905.73 1961.05 456.184
internal_count=167746 124491 108403 43255 91425 85674 21176 22079 20334 5751 10505 16978 16088 4206
is_linear=0
shrinkage=0.035


Tree=46
num_leaves=15
num_cat=0
split_feature=22 21 14 16 3 8 4 21 11 22 3 0 22 8
split_gain=127.177 109.998 80.7884 80.124 65.6769 80.3628 64.061 60.5232 51.5795 41.8734 36.7843 35.7617 34.604 31.6297
threshold=0.37085860967636114 0.037735188379883773 0.3333516269922257 2.087031483650208 0.6727714240550996 -0.31019608676433558 0.021172045730054382 0.0099786282517015951 0.25656756758689886 0.49532502889633184 -0.028975114226341244 -0.17175641655921933 0.18485939502716067 -0.63722968101501454
decision_type=2 2 2 2 2 2 2 2 2 2 2 2 2 2
left_child=2 10 8 4 7 -6 -3 -4 -1 -8 11 -2 -5 -10
right_child=1 6 3 12 5 -7 9 -9 13 -11 -12 -13 -14 -15
leaf_value=-0.020125241105900922 0.013944805227741672 -0.0055385779985724359 0.00098934182224199316 0.0050524303170456104 -0.0015625709503859892 0.017547151481595386 0.0085465532984288772 0.0069824401563143646 0.011900601331818346 -0.0069111239324719 -0.0069820504681731123 -0.01850201525312186 -0.0084086278589021665 -0.0039145254834650547
leaf_weight=220.99358731508255 36.810174606740475 1476.219598416239 7395.2450545579195 293.28440444171429 399.62776552140713 808.70762997120619 976.47766028344631 2855.7987310364842 158.33780217170715 266.23102712631226 995.36756961047649 820.92950715497136 1044.9358710944653 1978.7761386707425
leaf_count=2094 493 15618 55762 2336 2795 4939 8417 23323 1239 3086 11102 11140 9565 15837
internal_value=-7.93399e-06 -0.00511787 0.00153594 0.00263314 0.00358019 0.0112661 -0.000626483 0.00266411 -0.00440461 0.00520625 -0.011669 -0.0169649 -0.00544291 -0.00269282
internal_weight=19727.7 4572.04 15155.7 12797.6 11459.4 1208.34 2718.93 10251 2358.11 1242.71 1853.11 857.74 1338.22 2137.11
internal_count=167746 49856 117890 98720 86819 7734 27121 79085 19170 11503 22735 11633 11901 17076
is_linear=0
shrinkage=0.035


Tree=47
num_leaves=15
num_cat=0
split_feature=22 24 21 22 24 16 6 20 20 24 17 4 24 10
split_gain=124.377 104.833 96.7613 108.592 110.656 73.4852 69.3752 67.5585 64.2941 65.8915 66.0535 51.5468 49.0136 47.426
threshold=0.22323016822338107 0.027059725485742096 0.0099786282517015951 0.34918159246444708 0.03567874617874623 1.3088528513908388 0.067888125777244582 -0.033910721540451043 0.0074753409717231998 0.030391268432140354 0.054933378472924239 -0.12534373998641965 0.03279035538434983 0.69100764393806469
decision_type=2 2 2 2 2 2 2 2 2 2 8 2 2 2
left_child=1 -1 8 7 6 -6 -5 -4 -2 -10 -11 12 -3 -9
right_child=2 11 3 4 5 -7 -8 13 9 10 -12 -13 -14 -15
leaf_value=-0.016279202285019966 -0.0079281226152567927 0.0089733893512114124 -0.01443418328354077 -0.0087064316157182339 0.015091476260101409 -0.010002028527517326 0.00077297675235666794 0.011372363026390293 -0.013933768046384312 0.0064543576118831145 -0.0076327592196924043 0.0038153635129223504 0.032615706888324915 -0.00029006268452000454
leaf_weight=290.21132592111826 3852.9518421217799 508.7845356091857 161.38051966577768 2249.5091055259109 622.99051459133625 177.02729221433401 1623.9781028181314 1678.296510450542 363.60807846486568 1318.7206693515182 578.74334820359945 5593.226299405098 131.20390508323908 571.16173651814461
leaf_count=2725 37095 3446 1331 26800 3290 1511 16454 13029 3573 10256 4637 38352 798 4449
internal_value=-8.46718e-06 0.00394156 -0.00196231 0.00082185 -0.00229041 0.00948388 -0.00474039 0.00683962 -0.00518441 -0.000494685 0.00214017 0.00490758 0.0142475 0.00842297
internal_weight=19721.8 6523.43 13198.4 7084.34 4673.51 800.018 3873.49 2410.84 6114.02 2261.07 1897.46 6233.21 639.988 2249.46
internal_count=167746 45321 122425 66864 48055 4801 43254 18809 55561 18466 14893 42596 4244 17478
is_linear=0
shrinkage=0.035


Tree=48
num_leaves=15
num_cat=0
split_feature=22 24 8 24 21 22 22 17 15 21 4 3 10 22
split_gain=115.81 98.3895 96.1408 89.9452 80.3102 70.2434 68.3795 62.6575 74.2408 50.6083 50.0578 48.1869 48.0424 79.4846
threshold=0.22323016822338107 0.027059725485742096 -0.18395974487066266 0.035151986405253417 0.017405906692147258 0.34918159246444708 0.35694092512130743 0.066972300410270705 22.31605434417725 -0.05086581036448478 0.053972054272890098 0.42785075306892401 0.37633652985095983 0.19796442985534671
decision_type=2 2 2 2 2 2 2 8 2 2 2 2 2 2
left_child=1 -1 3 6 -4 11 9 8 -5 -2 -7 -6 13 -3
right_child=2 12 4 7 5 10 -8 -9 -10 -11 -12 -13 -14 -15
leaf_value=-0.015913413747317598 -0.0087749732026394869 -0.0070027137671597921 -0.0026011909480515246 0.0034994471756673337 0.010943294390359598 -0.0021651360186418604 -0.0094968833290830709 -0.011683045771939489 0.026769942527236787 -0.00071981071077060251 0.01052038009351044 0.03339898874739982 0.0063551571639714729 0.010582682495857804
leaf_weight=286.78260874003172 1266.9762034267187 915.73444532603025 1985.0541746839881 630.05545795708895 475.85489174723625 918.65414912253618 2884.6347328871489 197.63510570675135 220.91068745404482 3803.0714772343636 637.89941849559546 154.01049352437258 4869.8263459801674 467.21996754407883
leaf_count=2725 9908 6721 17012 4276 3509 8687 36185 1631 1257 33547 5544 869 32686 3189
internal_value=-8.98256e-06 0.00379519 -0.00189871 -0.00393249 0.0024897 0.00710253 -0.00520299 0.0056636 0.00978123 -0.00274606 0.00306755 0.0168702 0.00472309 -0.00102831
internal_weight=19714.3 6539.56 13174.8 9003.28 4171.47 2186.42 7954.68 1048.6 850.966 5070.05 1556.55 629.865 6252.78 1382.95
internal_count=167746 45321 122425 86804 35621 18609 79640 7164 5533 43455 14231 4378 42596 9910
is_linear=0
shrinkage=0.035


Tree=49
num_leaves=15
num_cat=0
split_feature=14 11 16 8 21 22 8 11 22 22 20 14 11 23
split_gain=108.76 118.999 98.5525 74.9 65.3875 64.7516 58.1598 53.3689 37.14 34.8092 25.8545 24.2497 32.0768 22.4708
threshold=0.3333516269922257 0.20678631961345675 2.087031483650208 -0.17494086921215055 -0.0087223635055124742 0.22323016822338107 -0.31790342926979059 0.36068023741245275 0.39701244235038763 0.18485939502716067 -0.0019366201595403252 0.16896134614944461 0.55645331740379345 0.11622204259037973
decision_type=2 2 2 2 2 2 2 2 2 2 2 2 2 2
left_child=7 6 3 5 -5 -3 -2 13 10 -4 -8 12 -9 -1
right_child=1 2 9 4 -6 -7 8 11 -10 -11 -12 -13 -14 -15
leaf_value=-0.019480734375622196 -0.01581414631063768 0.0055559773111346685 0.0052653086185988872 0.0022315204702687869 0.013148865122185093 -0.00035336071183971564 -0.0043782379201318458 -0.012123897014051222 -0.01049589679233529 -0.0082869455385164489 0.0038602119007707506 0.00072029091225826454 0.0065709552036984096 -0.0086672515287118113
leaf_weight=328.67399111762643 516.06276826560497 3804.8070702105761 276.59913704544306 1160.8551897928119 1601.8572265058756 5611.9184000194073 982.24038489162922 471.94725662842393 595.12312952429056 1265.4366786517203 871.06571500003338 1177.4608672112226 139.58155517652631 902.46890286356211
leaf_count=4071 5688 25790 2172 7794 12853 51250 8815 4152 6745 12363 7216 9767 1188 7882
internal_value=-8.61912e-06 0.00109854 0.00247278 0.0035289 0.00858613 0.00203766 -0.0052492 -0.006109 -0.00296713 -0.00583778 -0.000506178 -0.00222618 -0.00781973 -0.0116878
internal_weight=19706.1 16686 13721.5 12179.4 2762.71 9416.73 2964.49 3020.13 2448.43 1542.04 1853.31 1788.99 611.529 1231.14
internal_count=167746 140686 112222 97687 20647 77040 28464 27060 22776 14535 16031 15107 5340 11953
is_linear=0
shrinkage=0.035


Tree=50
num_leaves=15
num_cat=0
split_feature=23 14 9 10 6 20 24 6 24 11 10 15 0 7
split_gain=106.143 69.2441 68.6574 86.218 63.9103 63.1787 49.7012 41.932 37.0913 36.9806 35.5166 30.7571 31.6717 29.9779
threshold=0.10839130729436876 0.2668085396289826 1.0059458017349245 0.36037077009677893 0.32676012814044958 0.062627475708723082 0.030486240051686767 0.067888125777244582 0.035151986405253417 0.50904381275177013 0.79500892758369457 25.378752708435062 -0.23774743080139157 -0.26935234665870661
decision_type=2 2 2 2 2 2 2 2 2 2 2 2 2 2
left_child=5 13 3 8 -5 6 -1 9 -3 -8 -9 12 -4 -2
right_child=1 2 11 4 -6 -7 7 10 -10 -11 -12 -13 -14 -15
leaf_value=-0.011730884561663379 -7.2107954242285767e-05 -0.0033175099195577656 0.01059364586258711 0.0036387688711577628 0.014166311356276374 0.0059553781378752753 -0.0093947328432908983 0.0096357824244672225 0.0078724961996316737 0.017132403789198249 -0.0095668965850438208 0.017073191052113162 -0.0080699486047448102 -0.00936018276052227
leaf_weight=1557.3279271572828 742.11572095379233 3016.8822054937482 113.67205914855003 8829.1494959294796 759.90487196296453 499.82417425513268 844.11504507809877 428.42780761420727 402.69723315536976 60.538489367812872 152.45610022172332 62.279749840497971 1243.3287618085742 988.82408245652914
leaf_count=19492 5966 26648 911 66313 5059 3953 10496 4298 2658 715 1639 476 10651 8471
internal_value=-9.6992e-06 0.0011939 0.00198834 0.00278659 0.00448694 -0.00548746 -0.00738042 -0.00277178 -0.00198064 -0.00745166 0.00451932 -0.00529645 -0.00644049 -0.00540134
internal_weight=19701.5 16158.9 14427.9 13008.6 9589.05 3542.69 3042.87 1485.54 3419.58 904.654 580.884 1419.28 1357 1730.94
internal_count=167746 127153 112716 100678 71372 40593 36640 17148 29306 11211 5937 12038 11562 14437
is_linear=0
shrinkage=0.035


Tree=51
num_leaves=15
num_cat=0
split_feature=22 21 3 20 10 15 10 15 17 4 22 15 3 22
split_gain=101.776 98.155 71.2154 66.2841 83.2068 79.6294 62.0786 55.3183 59.2172 53.891 41.9519 39.2959 37.3107 36.7563
threshold=0.37085860967636114 0.037735188379883773 1.0000000180025095e-35 -0.0019366201595403252 0.67132419347763073 23.011245727539066 0.31747992336750036 21.455722808837894 0.051689112558960922 0.021172045730054382 0.22323016822338107 24.066154479980472 1.9729520678520205 0.49532502889633184
decision_type=2 2 2 2 2 2 2 2 8 2 2 2 2 2
left_child=2 -2 6 10 5 -5 11 -8 -9 -3 -4 -1 -6 -11
right_child=1 9 3 4 12 -7 7 8 -10 13 -12 -13 -14 -15
leaf_value=-0.0088859845096377708 -0.010908739732063024 -0.0049511822739648562 0.0053495664695571076 0.008158409628411677 -0.0023947522360685046 0.02490080619780705 0.0034862827046069772 0.0016757179688084492 -0.0072780521053954121 0.0080310181162945027 -0.0021885738543292953 0.01918227472323333 0.019875218994885327 -0.0065069839186517389
leaf_weight=1281.7968458533287 1807.9809290878475 1452.475536622107 1587.7555468603969 1301.5761030465364 863.58355256170034 474.41581059992313 3840.9482882320881 1917.7474429011345 1698.0906907692552 982.77801008522511 2075.1694118008018 54.937123030424118 93.026002518832684 263.09971273317933
leaf_count=12147 22735 15618 9910 8774 5979 2792 30402 15181 14397 8417 17209 483 616 3086
internal_value=-9.32455e-06 -0.00462253 0.00136148 0.00416861 0.00828351 0.0127451 -0.000682564 0.000565743 -0.00253768 -0.000385851 0.00108463 -0.00759856 -4.58839e-05 0.00493357
internal_weight=19695.4 4506.33 15189 6395.53 2732.6 1775.99 8793.52 7456.79 3615.84 2698.35 3662.92 1336.73 956.61 1245.88
internal_count=167746 49856 117890 45280 18161 11566 72610 59980 29578 27121 27119 12630 6595 11503
is_linear=0
shrinkage=0.035


Tree=52
num_leaves=15
num_cat=0
split_feature=14 11 9 6 15 8 24 11 22 22 2 23 15 8
split_gain=97.2046 104.316 89.1135 86.1539 62.1312 54.1421 52.0742 49.7098 34.3239 34.1494 27.9005 23.7647 22.9088 30.6001
threshold=0.3333516269922257 0.20678631961345675 1.0059458017349245 0.22298138588666919 24.268281936645511 -0.31790342926979059 0.032905315980315215 0.36068023741245275 0.19796442985534671 0.39701244235038763 -0.41325563192367548 0.38340328633785253 21.228878974914554 -0.63722968101501454
decision_type=2 2 2 2 2 2 2 2 2 2 2 2 2 2
left_child=7 5 3 6 -5 -2 -3 -1 -4 11 -10 -7 13 -9
right_child=1 2 8 4 -6 9 -8 12 10 -11 -12 -13 -14 -15
leaf_value=-0.011233470730437213 -0.015246139826194308 0.00092307719432939883 0.0041130171618538967 0.0072564870222211883 0.024249702452655602 0.00030020618790664041 0.0069409370001287012 0.020891975647536684 0.009903602973120644 -0.010025404676236036 -0.0095850256844837219 -0.023000804024143975 -0.0052099776690361964 -7.1059152388135624e-05
leaf_weight=1214.4650190994143 505.77720979228616 8345.2842535488307 354.50097184628248 1246.4914976581931 330.16237295418978 1802.3288950324059 2224.1576864868402 89.294313907623291 89.50141879171133 586.50994139537215 1161.5281268954277 45.256785608828068 1087.8971924558282 604.76667828112841
leaf_count=11953 5688 70615 2644 9366 2189 15659 15626 717 791 6745 10991 372 9305 5085
internal_value=-8.79385e-06 0.0010341 0.00231381 0.00333876 0.0109454 -0.00493945 0.0021948 -0.00580232 -0.00541278 -0.00274422 -0.00812329 -0.000391303 -0.00205878 0.00288437
internal_weight=19687.9 16691.5 13751.6 12146.1 1576.65 2939.87 10569.4 2996.42 1605.53 2434.1 1251.03 1847.59 1781.96 694.061
internal_count=167746 140686 112222 97796 11555 28464 86241 27060 14426 22776 11782 16031 15107 5802
is_linear=0
shrinkage=0.035


Tree=53
num_leaves=15
num_cat=0
split_feature=23 16 14 3 10 10 6 4 3 7 8 24 22 3
split_gain=94.3804 58.4628 64.2673 57.7133 56.0658 63.1397 53.9046 46.3099 45.8726 34.0014 32.3521 49.2307 32.8791 24.1411
threshold=0.11182687059044839 2.5470607280731206 0.2894160002470017 0.063627529889345183 0.31747992336750036 0.73155876994133007 -0.30806502699851984 0.021172045730054382 0.030492129735648636 -0.26935234665870661 -0.27956028282642359 0.030486240051686767 0.3397038877010346 1.9729520678520205
decision_type=2 2 2 2 2 2 2 2 2 2 2 2 2 2
left_child=3 2 9 6 8 -6 -1 -8 -4 -2 13 -12 -13 -5
right_child=1 -3 4 10 5 -7 7 -9 -10 -11 11 12 -14 -15
leaf_value=0.013559316975362588 0.0010633714939777988 -0.0090673863010013751 -0.0061349310577488896 -0.010208132108146127 0.004745756502604415 -0.0018725205718112365 -0.014148590965128299 -0.0034823415219964612 0.0048858398986422026 -0.0084068772116478903 -0.0039717152119698286 0.03015289020587605 0.0067656861343749772 0.01818324123861113
leaf_weight=118.53999685496092 800.20302144810557 645.071084279567 1477.6945009566844 405.56455530971289 9039.9957513213158 2188.107425622642 1255.0446480289102 836.77817621454597 662.76784811168909 1090.1153838187456 566.85730993747711 79.233292676508427 485.8305499330163 31.135180421173573
leaf_count=1323 6378 6038 14231 4660 67323 16534 16457 9656 4635 9352 5687 617 4511 344
internal_value=-9.03994e-06 0.00117296 0.00161153 -0.00497349 0.00246612 0.00345548 -0.0086042 -0.00991871 -0.00271563 -0.00441346 0.000164698 0.00328758 0.0105124 -0.00782218
internal_weight=19682.9 15904 15258.9 3778.98 13368.6 11228.1 2210.36 2091.82 2140.46 1890.32 1568.62 1131.92 565.064 436.7
internal_count=167746 124491 118453 43255 102723 83857 27436 26113 18866 15730 15819 10815 5128 5004
is_linear=0
shrinkage=0.035


Tree=54
num_leaves=15
num_cat=0
split_feature=22 24 21 24 22 16 8 15 8 20 24 16 4 2
split_gain=91.1268 91.4942 88.0791 89.0938 108.941 97.721 83.984 65.2906 57.5863 54.7636 55.7029 51.1222 45.6721 39.9423
threshold=0.22323016822338107 0.027059725485742096 0.0099786282517015951 0.035151986405253417 0.35694092512130743 1.546687185764313 -0.21710395812988278 23.447156906127933 -0.29483425617218012 0.0074753409717231998 0.030391268432140354 1.3088528513908388 -0.085586968809366212 0.010817645583301784
decision_type=2 2 2 2 2 2 2 2 2 2 2 2 2 2
left_child=1 -1 9 4 6 7 -4 -5 -6 -2 -11 -12 -3 -14
right_child=2 12 3 5 8 -7 -8 -9 -10 10 11 -13 13 -15
leaf_value=-0.015726315551130042 -0.0073562373872498093 0.010065735135282142 0.00017116626154186211 0.011183253559473126 -0.010183631941588531 -0.013267498827033266 0.013488864200027961 0.038826765620766347 -0.00102074497209518 -0.013048353096329412 0.0052771368770600825 -0.0077554708282248173 0.00059666451794905811 0.0073367476215264182
leaf_weight=284.80812057852745 3791.6873121708632 1295.605212688446 1638.5873140469193 717.260224185884 1375.5628809407353 167.12644340097904 888.1519371047616 116.49890503287315 2141.199139829725 352.51490960270166 1415.7689502462745 487.70695761591196 3447.2537947818637 1557.8287872225046
leaf_count=2725 37095 8516 13911 4013 17405 1440 6390 532 23173 3573 10688 4205 24176 9904
internal_value=-8.89381e-06 0.00334641 -0.00169792 0.000961954 -0.000645685 0.0105795 0.00488707 0.0154602 -0.00462347 -0.00479265 -0.000470521 0.00191485 0.0042321 0.00270496
internal_weight=19677.6 6585.5 13092.1 7044.39 6043.5 1000.89 2526.74 833.759 3516.76 6047.68 2255.99 1903.48 6300.69 5005.08
internal_count=167746 45321 122425 66864 60879 5985 20301 4545 40578 55561 18466 14893 42596 34080
is_linear=0
shrinkage=0.035


Tree=55
num_leaves=15
num_cat=0
split_feature=14 11 16 8 21 8 11 24 6 9 14 11 23 24
split_gain=86.3903 93.4826 80.1186 66.0532 64.4822 49.3716 45.6528 44.7714 32.6456 30.2996 22.4046 29.645 20.8963 20.4751
threshold=0.3333516269922257 0.20678631961345675 1.7434136271476748 -0.17494086921215055 -0.015407797880470751 -0.31790342926979059 0.36068023741245275 0.032905315980315215 -0.30806502699851984 1.5546597242355349 0.16896134614944461 0.55645331740379345 0.11622204259037973 0.035151986405253417
decision_type=2 2 2 2 2 2 2 2 2 2 2 2 2 2
left_child=6 5 3 7 -5 -2 12 -3 -4 -10 11 -8 -1 -7
right_child=1 2 8 4 -6 13 10 -9 9 -11 -12 -13 -14 -15
leaf_value=-0.018442138702989143 -0.014663246120353652 0.00065954106993701509 0.012541489802861319 0.0016356905391232196 0.013028655153015097 -0.0037108131529471878 -0.011536934104713296 0.0066859640392466528 -0.003276048563105833 -0.01723609405897009 0.00091647273407319523 0.0064544218499173146 -0.0078370060318592692 0.0067351279005317686
leaf_weight=314.06731798872352 495.45702316612005 6885.9741172976792 135.82745952159166 1028.845093511045 1491.2281011343002 2177.4996979087591 463.79593209549785 1925.3461502641439 2107.1101505719125 200.56802124157548 1171.8212504535913 139.81834057718515 883.15420987829566 247.63546504080296
leaf_count=4071 5688 57935 1143 6658 11753 21135 4152 13224 19564 1945 9767 1188 7882 1641
internal_value=-8.95545e-06 0.000970697 0.00217701 0.00341634 0.00840221 -0.00470684 -0.00549584 0.00198245 -0.00356071 -0.0045585 -0.00191329 -0.00733223 -0.0107488 -0.00262088
internal_weight=19668.1 16695.5 13774.9 11331.4 2520.07 2920.59 2972.66 8811.32 2443.51 2307.68 1775.44 603.614 1197.22 2425.14
internal_count=167746 140686 112222 89570 18411 28464 27060 71159 22652 21509 15107 5340 11953 22776
is_linear=0
shrinkage=0.035


Tree=56
num_leaves=15
num_cat=0
split_feature=22 21 3 20 10 21 10 6 10 15 17 1 22 15
split_gain=85.9239 89.515 59.9813 57.8092 72.6066 71.2342 51.8727 52.4657 51.0687 50.7053 52.4655 45.9329 42.5382 36.5174
threshold=0.37085860967636114 0.037735188379883773 1.0000000180025095e-35 -0.0019366201595403252 0.67132419347763073 -0.054856372997164719 0.81774538755416881 0.11330451443791391 0.31747992336750036 21.455722808837894 0.051689112558960922 0.12693935632705691 0.49532502889633184 24.066154479980472
decision_type=2 2 2 2 2 2 2 2 2 2 8 2 2 2
left_child=2 -2 8 -4 5 -5 7 12 13 11 -11 -10 -3 -1
right_child=1 6 3 4 -6 -7 -8 -9 9 10 -12 -13 -14 -15
leaf_value=-0.0082394254244347685 -0.010348597273365704 0.00079080090485224178 0.00092701573958383341 -0.0015802586841410849 -0.00016120894742113916 0.015361304322903878 -0.012932974577005155 0.0094051684241780245 0.0018958854525477108 0.001455435496449743 -0.006983621354685967 0.01389300201710628 -0.013797846467595219 0.0187304039907603
leaf_weight=1259.2648228146136 1775.6798681281507 1338.661475431174 3669.5034146979451 384.25091567635536 957.68402999639511 1415.1260330155492 333.90799122303724 721.5090166516602 3422.0953769311309 1924.6447646580637 1684.5105886533856 432.13677220791578 289.39461487904191 55.365033708512783
leaf_count=12147 22735 13304 27119 2318 6595 9248 3385 6392 26857 15181 14397 3545 4040 483
internal_value=-9.66342e-06 -0.00427632 0.00124364 0.00381007 0.00763004 0.0117548 -0.00023474 0.00161703 -0.000637493 0.00048591 -0.00249176 0.00327347 -0.0018708 -0.00697078
internal_weight=19663.7 4459.15 15204.6 6426.56 2757.06 1799.38 2683.47 2349.57 8778.02 7463.39 3609.16 3854.23 1628.06 1314.63
internal_count=167746 49856 117890 45280 18161 11566 27121 23736 72610 59980 29578 30402 17344 12630
is_linear=0
shrinkage=0.035


Tree=57
num_leaves=15
num_cat=0
split_feature=22 24 21 22 24 20 17 20 24 17 17 4 24 2
split_gain=83.4471 85.7174 81.7034 81.4501 79.5904 60.3581 52.5672 49.1997 50.157 56.1381 48.7323 42.8488 43.4984 41.2683
threshold=0.22323016822338107 0.027059725485742096 0.0099786282517015951 0.34918159246444708 0.03567874617874623 -0.033910721540451043 0.071504909545183196 0.0074753409717231998 0.030391268432140354 0.054933378472924239 0.025604831054806713 -0.12534373998641965 0.03279035538434983 0.010817645583301784
decision_type=2 2 2 2 2 2 8 2 2 8 10 2 2 2
left_child=1 -1 7 5 10 -4 -6 -2 -9 -10 -5 12 -3 -13
right_child=2 11 3 4 6 -7 -8 8 9 -11 -12 13 -14 -15
leaf_value=-0.015374960561031497 -0.0070666542830045021 0.0075334777170163198 -0.01412923697956817 -0.0136940903684171 0.011726394998951698 0.0075633269524037761 -0.01288878418700209 -0.012574435143561382 0.0056354126996336403 -0.0073631100724682761 -0.0023228922831405254 0.0010845153643074222 0.029390270988987797 0.0075918873783916681
leaf_weight=281.52849772572517 3762.3967826850712 520.68984957039356 159.62409690767527 529.17293322458863 694.76747067272663 2276.9573554396629 116.62773209810257 347.05318226665258 1335.9163062646985 573.80221513658762 3261.1376498751342 3959.9425843283534 136.38208451122046 1701.7047408744693
leaf_count=2725 37095 3446 1331 6553 3849 17478 952 3573 10256 4637 36701 27613 798 10739
internal_value=-9.79578e-06 0.0031948 -0.00163085 0.000929399 -0.00181054 0.00609027 0.00807444 -0.00462116 -0.000530953 0.00171181 -0.0039423 0.00404516 0.0124427 0.00305035
internal_weight=19657.7 6600.25 13057.5 7038.29 4601.71 2436.58 811.395 6019.17 2256.77 1909.72 3790.31 6318.72 657.072 5661.65
internal_count=167746 45321 122425 66864 48055 18809 4801 55561 18466 14893 43254 42596 4244 38352
is_linear=0
shrinkage=0.035


Tree=58
num_leaves=15
num_cat=0
split_feature=14 11 17 6 15 6 24 8 22 6 11 17 22 24
split_gain=80.5798 87.7196 75.0216 97.0528 56.1702 47.8191 46.6739 45.79 35.0426 34.8978 36.1824 29.7594 28.0439 23.3825
threshold=0.2668085396289826 0.20678631961345675 0.071504909545183196 0.22298138588666919 23.890827178955082 -0.30806502699851984 0.035151986405253417 -0.31790342926979059 0.19796442985534671 -0.20481759309768674 0.43991158902645117 0.043099561706185348 0.39701244235038763 0.031670397147536285
decision_type=2 2 8 2 2 2 2 2 2 2 2 8 2 2
left_child=9 7 3 6 -5 -4 -3 -2 -7 -1 -11 -12 13 -9
right_child=1 2 5 4 -6 8 -8 12 -10 10 11 -13 -14 -15
leaf_value=0.0032673186298874486 -0.014260900555378242 0.0010303157222817274 0.010302141106489049 0.0072556552931690209 0.023230566764279682 0.0030104890714117167 0.0081384674545199581 -0.0031476541179959569 -0.0079237061334480625 -0.012355586054337529 0.014421152813320319 -0.005326465120305289 -0.009366491968528963 0.0053969202331444989
leaf_weight=359.70390012487769 502.47295723110437 9669.0147016346455 251.81912702322006 980.80405670404434 370.69266176596284 452.04448711872101 1272.3078219145536 1316.582684379071 1654.2021292857826 1105.4712691679597 105.63241826742887 479.74582168459892 582.94264652580023 547.18346475809813
leaf_count=2955 5886 81870 2054 7391 2426 3200 7695 12069 15134 10956 934 4097 6873 4206
internal_value=-1.03435e-05 0.000755935 0.00186501 0.00296201 0.0117757 -0.00384211 0.00186356 -0.0047414 -0.00557386 -0.00655912 -0.00865648 -0.00158061 -0.00273632 -0.000623636
internal_weight=19650.6 17600.1 14650.9 12292.8 1351.5 2358.07 10941.3 2949.18 2106.25 2050.55 1690.85 585.378 2446.71 1863.77
internal_count=167746 148804 119770 99382 9817 20388 89565 29034 18334 18942 15987 5031 23148 16275
is_linear=0
shrinkage=0.035


Tree=59
num_leaves=15
num_cat=0
split_feature=14 11 10 6 8 11 15 14 3 2 22 23 15 8
split_gain=76.4349 78.6883 72.6648 80.8565 43.3786 42.0199 41.6601 38.8727 29.9274 30.4876 27.6783 22.5474 21.0236 26.9103
threshold=0.3333516269922257 0.20678631961345675 0.91094025969505321 0.22298138588666919 -0.31790342926979059 0.36068023741245275 24.268281936645511 2.4828850030899052 1.9729520678520205 -0.52486193180084217 0.39701244235038763 0.38340328633785253 21.228878974914554 -0.63722968101501454
decision_type=2 2 2 2 2 2 2 2 2 2 2 2 2 2
left_child=5 4 3 7 -2 -1 -5 -3 9 -4 11 -6 13 -7
right_child=1 2 8 6 10 12 -8 -9 -10 -11 -12 -13 -14 -15
leaf_value=-0.010280362539350264 -0.01381745471261892 0.0023960026738023225 0.013972103448392123 0.0070571228000348872 0.00038091484902279526 0.019692096831074719 0.020700861169546114 -0.0048575613354338758 0.0093172246426163879 -0.0091569534607196124 -0.0090623996058664356 -0.022528859594851722 -0.004804949178171169 0.00016025203918610374
leaf_weight=1180.372158870101 481.21644258126616 9924.5358297079802 65.837174817919731 1263.0740640796721 1796.3451982364058 90.945967718958855 348.31361785531044 986.47097815573215 133.17699090391397 1083.7173407189548 569.21637284010649 44.205687806010246 1076.3478838726878 601.28683197125793
leaf_count=11953 5688 80495 546 9602 15659 717 2321 8813 1027 9418 6745 372 9305 5085
internal_value=-1.00835e-05 0.000908249 0.00200815 0.00282184 -0.00433287 -0.00519491 0.0101158 0.00173636 -0.00589566 -0.00772324 -0.00238958 -0.000288092 -0.00176211 0.00297024
internal_weight=19645.1 16696.1 13805.1 12522.4 2890.98 2948.95 1611.39 10911 1282.73 1149.55 2409.77 1840.55 1768.58 692.233
internal_count=167746 140686 112222 101231 28464 27060 11923 89308 10991 9964 22776 16031 15107 5802
is_linear=0
shrinkage=0.035


Tree=60
num_leaves=15
num_cat=0
split_feature=22 24 21 22 24 8 8 21 3 17 20 24 17 4
split_gain=75.388 80.3344 77.6091 74.7404 72.0911 57.2934 53.0222 49.3928 47.2661 47.1533 45.5812 46.6709 51.5938 40.0262
threshold=0.22323016822338107 0.027059725485742096 0.0099786282517015951 0.34918159246444708 0.03567874617874623 -0.16557408124208448 -0.29483425617218012 0.020014503039419655 0.49032144248485571 0.071504909545183196 0.0074753409717231998 0.030391268432140354 0.054933378472924239 -0.085586968809366212
decision_type=2 2 2 2 2 2 2 2 2 8 2 2 8 2
left_child=1 -1 10 5 6 7 -5 -4 -7 -6 -2 -12 -13 -3
right_child=2 13 3 4 9 8 -8 -9 -10 -11 11 12 -14 -15
leaf_value=-0.015047463302662998 -0.0068427549028697394 0.0092704392353234015 0.013936333142549237 -0.0088939488318625047 0.011098641494359714 0.0094883116351363421 -0.00040358298749243297 -0.0002664394614339988 0.03255986078563336 -0.012349570336188683 -0.012236467446513974 0.0053452195723544624 -0.0071328351325578446 0.0024157013486486266
leaf_weight=278.47529869526625 3739.4353205226362 1311.2251932621002 368.31912488490343 1474.1499469690025 699.85542442649603 494.70679432153702 2295.8802217282355 1446.3298371583223 135.38197093456984 114.7720398530364 343.15862370654941 1342.3655716702342 570.35043026506901 5026.5650660917163
leaf_count=2725 37095 8516 2805 18653 3849 3432 24601 11865 707 952 3573 10256 4637 34080
internal_value=-1.02086e-05 0.00302951 -0.00155546 0.000939537 -0.0016961 0.00586897 -0.00373822 0.00267688 0.0148767 0.00768535 -0.00447749 -0.000543837 0.00160666 0.00384625
internal_weight=19641 6616.27 13024.7 7029.4 4584.66 2444.74 3770.03 1814.65 630.089 814.627 5995.31 2255.87 1912.72 6337.79
internal_count=167746 45321 122425 66864 48055 18809 43254 14670 4139 4801 55561 18466 14893 42596
is_linear=0
shrinkage=0.035


Tree=61
num_leaves=15
num_cat=0
split_feature=23 3 20 6 16 6 10 10 10 5 20 8 22 23
split_gain=71.7518 52.215 54.6639 61.9519 48.571 49.6947 51.8287 43.7355 47.5655 42.6635 33.8478 40.0507 30.0974 29.242
threshold=0.10839130729436876 0.046606821939349181 0.062627475708723082 -0.30806502699851984 2.5470607280731206 0.22298138588666919 1.1478294134140017 0.65363451838493358 0.36037077009677893 -0.18112004548311231 0.024621242657303814 -0.27956028282642359 0.20288966596126559 0.084634464234113707
decision_type=2 2 2 2 2 2 2 2 2 2 2 2 2 2
left_child=1 2 3 -1 5 7 12 8 -2 -9 -3 -12 -7 -13
right_child=4 10 -4 -5 -6 6 -8 9 -10 -11 11 13 -14 -15
leaf_value=0.015253748982840929 -0.0017926000715016181 -0.0048733238482317476 0.0035884487481042493 -0.012989750537740595 -0.0083824471711571192 0.019061127041650722 -0.0084189047474155631 0.0055516363899343587 0.0032529810206604376 -0.005084394186906426 -0.0071368882107247017 0.025894868303785627 0.0066025589002574447 0.00610907293137628
leaf_weight=93.447182357311249 3323.7211124636233 760.0461580529809 373.56184366345406 1474.0376343727112 643.31824304908514 283.88069900870323 236.49712378531694 559.92421890795231 7303.2859965488315 2453.1884405352175 211.40939339250326 110.1343620121479 1378.0420821905136 428.44869052618742
leaf_count=1102 28973 8758 3081 20839 6157 1584 1835 4111 55214 19506 2237 837 9773 3739
internal_value=-1.00586e-05 -0.00458423 -0.00836624 -0.01122 0.000967698 0.00135995 0.00665005 0.000619346 0.00167471 -0.00309608 0.000300335 0.00553848 0.00883194 0.0105533
internal_weight=19632.9 3451.09 1941.05 1567.48 16181.9 15538.5 1898.42 13640.1 10627 3013.11 1510.04 749.992 1661.92 538.583
internal_count=167746 40593 25022 21941 127153 120996 13192 107804 84187 23617 15571 6813 11357 4576
is_linear=0
shrinkage=0.035


Tree=62
num_leaves=15
num_cat=0
split_feature=14 10 17 2 16 15 3 24 17 6 9 6 11 21
split_gain=70.9212 76.6978 71.2699 65.9037 61.2534 55.23 47.284 49.3957 47.9726 40.1677 33.9295 30.7934 30.5931 27.0591
threshold=0.22013574093580249 0.31747992336750036 0.071504909545183196 0.53322646021842968 2.3023016452789311 23.11257362365723 0.030492129735648636 0.030096776783466343 0.016029549762606624 -0.30806502699851984 1.5546597242355349 -0.23169998824596402 0.55645331740379345 0.020014503039419655
decision_type=2 2 8 2 2 2 2 2 8 2 2 2 2 2
left_child=11 6 3 4 -3 -5 -2 -8 -9 -4 -11 -1 -13 -14
right_child=1 2 9 5 -6 -7 7 8 -10 10 -12 12 13 -15
leaf_value=0.0054838237488513955 -0.0074975521060037745 0.0025131444111049484 0.0087620026467492423 0.003356881921313891 -0.0094699012090338208 0.021627360844926703 -0.010469062107400647 0.032114525453709582 0.0036042019869770054 -0.0038869070026881 -0.017665836816589443 -0.01154576085718945 0.011869254802600721 -0.019270769868053584
leaf_weight=189.15514286607504 2049.3684732504189 11463.609607629478 263.89465302228928 423.74676892906427 537.78598157316446 386.35929938405752 260.58794033527374 73.609729960560799 562.32529098168015 1923.8966674022377 238.87015187367797 1088.8162428177893 129.00664399564266 35.664064101874828
leaf_count=1526 22337 92433 2134 3173 5366 2701 2531 498 4026 16700 2317 10582 1062 360
internal_value=-9.55788e-06 0.000584638 0.00158459 0.00262649 0.00196874 0.012228 -0.00457566 0.00211253 0.00735037 -0.00390432 -0.00548304 -0.00745167 -0.00943163 0.00440786
internal_weight=19626.7 18184.1 15238.2 12811.5 12001.4 810.106 2945.89 896.523 635.935 2426.66 2162.77 1442.64 1253.49 164.671
internal_count=167746 154216 124824 103673 97799 5874 29392 7055 4524 21151 19017 13530 12004 1422
is_linear=0
shrinkage=0.035


Tree=63
num_leaves=15
num_cat=0
split_feature=14 11 10 6 16 15 11 8 22 24 22 2 9 6
split_gain=67.6112 67.4879 63.2764 73.9608 57.3762 47.2969 40.117 39.4433 25.8492 34.0584 25.0625 24.2729 23.1173 30.734
threshold=0.3333516269922257 0.20678631961345675 0.87497204542160045 0.22298138588666919 2.087031483650208 23.731651306152347 0.24722337722778323 -0.31790342926979059 0.30788511037826544 0.036239216104149825 0.39701244235038763 0.26626771688461309 1.5546597242355349 0.8210124969482423
decision_type=2 2 2 2 2 2 2 2 2 2 2 2 2 2
left_child=6 7 3 4 -3 -5 -1 -2 -8 11 -9 -10 13 -4
right_child=1 2 12 5 -6 -7 8 10 9 -11 -12 -13 -14 -15
leaf_value=-0.017741559468135527 -0.013180727400609668 0.0024312670273474325 -0.0049741075090165799 0.005456329875240141 -0.0067584023576037844 0.018512104519421823 -0.00097472077557936461 -0.0001876402169399814 -0.013981245314382201 0.009585851209465571 -0.008585319539673399 -0.00062525249650788274 -0.01410043533088403 0.011196111270986383
leaf_weight=261.47354640811682 470.76408954337239 9895.9732708409429 1070.679144859314 1035.1058082729578 899.00574703514576 506.23442073538899 1700.1003872305155 1835.0172434300184 628.50703255832195 109.72392363101244 560.9560815654695 226.88504391908646 265.23401343822479 156.52735906839371
leaf_count=3023 5688 79371 9019 7817 8777 3423 12796 16031 7986 615 6745 2640 2570 1245
internal_value=-9.57015e-06 0.000851392 0.00186489 0.00268903 0.0016604 0.00983603 -0.00490716 -0.00402708 -0.00358642 -0.00812988 -0.00218125 -0.0104868 -0.00491991 -0.00283781
internal_weight=19622.2 16695.5 13828.8 12336.3 10795 1541.34 2926.69 2866.74 2665.22 965.116 2395.97 855.392 1492.44 1227.21
internal_count=167746 140686 112222 99388 88148 11240 27060 28464 24037 11241 22776 10626 12834 10264
is_linear=0
shrinkage=0.035


Tree=64
num_leaves=15
num_cat=0
split_feature=14 10 17 2 16 15 3 24 2 9 15 6 12 15
split_gain=63.7568 68.3291 64.4861 57.5828 52.6169 49.3296 44.161 46.1798 31.9013 32.9697 31.7059 28.8301 22.2363 19.0111
threshold=0.22013574093580249 0.31747992336750036 0.069056175649166121 0.53322646021842968 2.5470607280731206 23.447156906127933 -0.028975114226341244 0.030096776783466343 -0.45656897127628321 1.5546597242355349 21.964603424072269 -0.23169998824596402 0.54458054900169384 23.217839241027836
decision_type=2 2 8 2 2 2 2 2 2 2 2 2 2 2
left_child=11 6 3 4 -3 -5 13 -8 -4 -10 -9 -1 -13 -2
right_child=1 2 8 5 -6 -7 7 10 9 -11 -12 12 -14 -15
leaf_value=0.0053921738404573028 -0.0090497933653421476 0.002293361000632892 0.010254994474179728 0.004524338303178309 -0.013565235613902094 0.022750504600107933 -0.0095284761957599752 0.00010352737550250374 -0.0030785781893224603 -0.016386370357390635 0.014083329519854812 -0.0024246329459346313 -0.012369888205000868 0.0036657616916996295
leaf_weight=189.44755827262998 1573.3582285679877 11525.588012546301 185.97243855148554 464.52300428971648 252.2703095972538 296.07545533776283 359.39125840738416 536.02069273218513 2290.9532555527985 244.50011992827058 305.97277506068349 421.12478515133262 818.75190680846572 153.11637782305479
leaf_count=1526 17643 93151 1462 3456 2592 1982 3715 4208 19761 2420 2234 4251 7753 1592
internal_value=-1.03087e-05 0.000550568 0.00149074 0.00255073 0.00194247 0.0118223 -0.00433798 0.000814556 -0.00338442 -0.00442122 0.00528933 -0.00710155 -0.0090384 -0.00790747
internal_weight=19617.1 18187.7 15259.9 12538.5 11777.9 760.598 2927.86 1201.38 2721.43 2535.45 841.993 1429.32 1239.88 1726.47
internal_count=167746 154216 124824 101181 95743 5438 29392 10157 23643 22181 6442 13530 12004 19235
is_linear=0
shrinkage=0.035


Tree=65
num_leaves=15
num_cat=0
split_feature=22 24 21 22 24 20 16 8 8 16 20 22 4 24
split_gain=66.1034 75.8388 74.2211 66.8071 64.2842 55.0694 51.4201 48.898 47.7729 43.9293 51.2535 39.9929 36.5623 39.8774
threshold=0.22323016822338107 0.027059725485742096 0.0099786282517015951 0.34918159246444708 0.03567874617874623 -0.033910721540451043 1.0631552338600161 -0.21710395812988278 -0.29483425617218012 1.3088528513908388 0.0074753409717231998 0.23581409454345706 -0.12534373998641965 0.03279035538434983
decision_type=2 2 2 2 2 2 2 2 2 2 2 2 2 2
left_child=1 -1 9 5 8 -4 -6 -7 -5 10 -2 -12 13 -3
right_child=2 12 3 4 6 7 -8 -9 -10 -11 11 -13 -14 -15
leaf_value=-0.014810619552759512 -0.0054919474833831326 0.0066389866518925464 -0.013800622308726855 -0.0084115354023103026 0.01289324777537869 0.0032203309812528108 -0.0061584281857619671 0.013916874258423284 -0.0003125905959503808 -0.0092409811051219481 0.014731997613368587 -3.6484159189282434e-05 0.0026961585493565535 0.027316727154870168
leaf_weight=276.11893499642611 2672.0403433740139 528.17844758182764 157.79570566117764 1452.8692941404879 577.94379831850529 1489.4011837616563 239.15449727326632 804.54484338313341 2289.1539433039725 1615.472273632884 256.70514722168446 1423.1490124687552 5690.4270977303386 139.8223537877202
leaf_count=2725 26019 3446 1331 18653 2922 12062 1879 5416 24601 16307 1533 11702 38352 798
internal_value=-1.04605e-05 0.00282898 -0.00146306 0.000978688 -0.00152711 0.00562561 0.00731002 0.007016 -0.00347111 -0.00432862 -0.0024881 0.00229417 0.00361704 0.0113062
internal_weight=19612.8 6634.55 12978.2 7010.86 4559.12 2451.74 817.098 2293.95 3742.02 5967.37 4351.89 1679.85 6358.43 668.001
internal_count=167746 45321 122425 66864 48055 18809 4801 17478 43254 55561 39254 13235 42596 4244
is_linear=0
shrinkage=0.035


Tree=66
num_leaves=15
num_cat=0
split_feature=22 21 3 8 10 10 5 21 21 21 10 20 15 3
split_gain=61.7614 76.022 49.1531 62.7966 45.4275 44.3169 40.4445 38.2672 65.947 51.6988 40.8285 35.9559 34.1694 29.6246
threshold=0.37085860967636114 0.037735188379883773 0.6727714240550996 -0.31019608676433558 0.81774538755416881 0.8439508080482484 0.085951764136552825 0.050632659345865257 0.037735188379883773 0.0099786282517015951 0.67132419347763073 -0.0012952625402249394 23.731651306152347 -0.028975114226341244
decision_type=2 2 2 2 2 2 2 2 2 2 2 2 2 2
left_child=2 13 7 -4 6 12 -3 8 9 -1 11 -9 -5 -2
right_child=1 4 3 5 -6 -7 -8 10 -10 -11 -12 -13 -14 -15
leaf_value=-0.00076444541266885687 -0.014414435923237984 -0.001139596295638785 -0.0022430910619691039 0.010947481438588721 -0.012026163114385608 0.00079040845140139211 0.0090215564555386554 0.00092258401562029537 -0.015174734775609313 0.0076252983286541386 -0.0044082544965560206 0.01050736413931337 0.027724339014999471 -0.0051318439880037488
leaf_weight=9888.8783957362175 775.98672487586737 1669.875196736306 562.46741332113743 427.33889056742191 323.94931182265282 283.18017019331455 662.328165397048 815.37154592573643 352.61804210394621 979.70149744302034 516.09011728689075 1161.0060598999262 240.3232275173068 945.77633577957749
leaf_count=76418 11633 17610 3984 2594 3385 1916 6126 6760 3573 8170 4301 8943 1231 11102
internal_value=-1.02251e-05 -0.00366906 0.00104345 0.00700806 5.06115e-05 0.0124469 0.00177229 0.00038062 -0.000491757 -1.87368e-06 0.00429437 0.00657763 0.0173063 -0.00937452
internal_weight=19604.9 4377.92 15227 1513.31 2656.15 950.842 2332.2 13713.7 11221.2 10868.6 2492.47 1976.38 667.662 1721.76
internal_count=167746 49856 117890 9725 27121 5741 23736 108165 88161 84588 20004 15703 3825 22735
is_linear=0
shrinkage=0.035


Tree=67
num_leaves=15
num_cat=0
split_feature=23 20 14 14 6 17 24 3 6 9 0 3 20 6
split_gain=60.6476 47.3604 38.9489 43.615 38.146 46.7279 37.2226 34.4238 49.7248 28.898 27.9641 23.8619 22.0197 21.0465
threshold=0.10839130729436876 0.03682194463908673 0.19576018303632739 2.4828850030899052 0.32676012814044958 0.071504909545183196 0.030696987174451355 0.046606821939349181 -0.23169998824596402 1.5546597242355349 -0.10200452059507369 -0.05597651191055774 0.062627475708723082 0.058202732354402549
decision_type=2 2 2 2 2 8 2 2 2 2 2 2 2 2
left_child=1 7 -2 4 5 -4 13 8 -1 -6 -8 12 -3 -5
right_child=2 11 3 6 9 -7 10 -9 -10 -11 -12 -13 -14 -15
leaf_value=0.0076397687423540037 -0.0059679809164116387 -0.0098754026940187992 0.0020449101376163966 -0.0026752194660513385 0.0097332170258216874 -0.0053392910694546082 0.011631652878226701 -0.0027142726615480613 -0.01414174851236528 -0.013106388126290803 -0.010752762316072098 0.0065793844842013767 0.0030777004979269896 0.011351331724416106
leaf_weight=140.51154448464513 946.32601418718696 304.4903997965157 11614.652139440179 336.5112776607275 1000.7675121203065 1144.435289401561 66.47958954423666 1079.7973978742957 1007.8525302782655 64.232488598674536 808.49074897170067 561.39614132419229 321.55529242753983 201.67794035747647
leaf_count=1804 8252 4209 89885 2949 6682 9545 513 11881 14999 578 6984 5025 2675 1765
internal_value=-1.01257e-05 -0.00424106 0.000884897 0.00131414 0.00191358 0.00137892 -0.00452206 -0.00723913 -0.0114337 0.0082466 -0.00893979 0.0013981 -0.00327852 0.0026922
internal_weight=19599.2 3415.6 16183.6 15237.2 13824.1 12759.1 1413.16 2228.16 1148.36 1065 874.97 1187.44 626.046 538.189
internal_count=167746 40593 127153 118901 106690 99430 12211 28684 16803 7260 7497 11909 6884 4714
is_linear=0
shrinkage=0.035


Tree=68
num_leaves=15
num_cat=0
split_feature=22 21 22 20 24 4 10 14 4 21 6 21 24 21
split_gain=60.818 70.7394 75.2307 105.766 69.7296 59.3021 55.2602 39.171 34.7717 34.3609 32.1059 30.551 26.3336 25.9644
threshold=0.22323016822338107 -0.05086581036448478 0.30788511037826544 -0.033910721540451043 0.027059725485742096 0.044902967289090163 0.67132419347763073 0.22013574093580249 -0.085586968809366212 0.017405906692147258 -0.036139478906989091 -0.063802402466535554 0.030956145375967029 -0.057884303852915757
decision_type=2 2 2 2 2 2 2 2 2 2 2 2 2 2
left_child=4 13 3 -3 -1 7 -5 -4 11 -7 -10 -6 -13 -2
right_child=1 2 5 6 8 9 -8 -9 10 -11 -12 12 -14 -15
leaf_value=-0.014337414265507251 -0.0059948748923447977 -0.0092582498856911468 -0.013276760784266711 0.0095784714408106084 0.0041504078246237617 -0.0046737077107483699 -0.00092390421763018321 -0.0032770777371950838 -4.1058387832498537e-05 0.0053976884336775395 0.0057161260971506488 0.0078476370732213536 0.024047382846221703 -0.017290307021811772
leaf_weight=271.9061763510108 1331.7909961566329 621.5875204578042 521.4942609667778 2097.099732093513 809.83472735434771 560.51803595945239 863.61458785831928 5126.4698399081826 3156.1613911241293 1521.5871080495417 1891.3304730951786 297.29515179246664 219.55364076793194 304.09100718051195
leaf_count=2725 10547 5458 6562 14279 5146 6200 6197 56956 22061 14010 12019 2088 1282 2216
internal_value=-1.04099e-05 -0.0014072 -0.000420431 0.0037659 0.00270892 -0.00236284 0.00652222 -0.00422221 0.00345739 0.00267701 0.00212324 0.00847946 0.015055 -0.00818686
internal_weight=19594.3 12948.3 11312.4 3582.3 6646.08 7730.07 2960.71 5647.96 6374.18 2082.11 5047.49 1326.68 516.849 1635.88
internal_count=167746 122425 109662 25934 45321 83728 20476 63518 42596 20210 34080 8516 3370 12763
is_linear=0
shrinkage=0.035


Tree=69
num_leaves=15
num_cat=0
split_feature=22 21 22 20 24 4 8 14 20 4 24 2 22 21
split_gain=56.6757 66.4237 70.0331 98.5303 65.4988 56.2366 45.8558 37.1661 33.8293 32.4506 34.8262 34.0289 31.0899 24.8003
threshold=0.22323016822338107 -0.05086581036448478 0.30788511037826544 -0.033910721540451043 0.027059725485742096 0.021172045730054382 -0.16557408124208448 0.2668085396289826 0.084703385829925551 -0.12534373998641965 0.03279035538434983 0.010817645583301784 0.1916291415691376 -0.057884303852915757
decision_type=2 2 2 2 2 2 2 2 2 2 2 2 2 2
left_child=4 13 3 -3 -1 7 -5 -4 -7 10 -6 12 -11 -2
right_child=1 2 5 6 9 8 -8 -9 -10 11 -12 -13 -14 -15
leaf_value=-0.013999753231997791 -0.0058118647886590286 -0.008997459060764235 -0.012251452005666373 0.003748947063150218 0.0061634706915686373 -0.00015602217226345404 0.013811886331881039 -0.0033997579311249347 0.010084661128059455 -0.0015222847316659859 0.025297175343874548 0.006554849763889644 0.0049974979691862365 -0.016907519659347
leaf_weight=269.0111795142293 1326.0656327828765 617.58010303229094 673.98003535345197 2239.9869087859988 532.27180558443069 2605.6878941133618 733.07669027149677 3980.1755627132952 455.73731471598148 2644.1736566349864 143.30726080387831 1724.8559337854385 1342.7758337706327 300.3843039944768
leaf_count=2725 10547 5458 8619 16092 3446 26994 4384 44928 3187 18602 798 10739 9011 2216
internal_value=-1.07945e-05 -0.00136122 -0.000406932 0.00362484 0.00261104 -0.00228548 0.00626818 -0.00470511 0.00139632 0.00333141 0.010532 0.00246283 0.000680541 -0.00795188
internal_weight=19589.1 12932.7 11306.2 3590.64 6656.4 7715.58 2973.06 4654.16 3061.43 6387.38 675.579 5711.81 3986.95 1626.45
internal_count=167746 122425 109662 25934 45321 83728 20476 53547 30181 42596 4244 38352 27613 12763
is_linear=0
shrinkage=0.035


Tree=70
num_leaves=15
num_cat=0
split_feature=11 10 6 15 14 21 16 3 22 24 14 2 15 9
split_gain=56.3644 60.9452 85.8012 66.7297 46.7076 40.7235 34.4476 33.8908 30.358 29.1742 26.9554 25.7531 24.8417 23.1197
threshold=0.20678631961345675 0.73155876994133007 0.12615788727998736 23.890827178955082 0.14016597718000415 0.017405906692147258 1.3088528513908388 1.9729520678520205 0.23155066370964053 0.028990984894335273 0.51726531982421886 0.46564039587974554 21.228878974914554 1.5546597242355349
decision_type=2 2 2 2 2 2 2 2 2 2 2 2 2 2
left_child=10 2 4 5 -2 -4 -6 8 13 -9 -1 -5 -10 -3
right_child=1 7 3 11 6 -7 -8 9 12 -11 -12 -13 -14 -15
leaf_value=-0.013527307295911452 -0.01573763567780357 0.001666227356688327 6.9916121047330619e-05 0.012616546459260662 0.0021262106248274575 0.010989197750292888 -0.0026850010208937904 0.036282745780426652 0.00086162999089145161 0.0039808653549745446 -0.0032143206406957279 0.03088611047573497 -0.0079338694201082395 -0.015411828395975213
leaf_weight=344.68794375285506 197.83233990520239 1266.1868084967136 883.72386503592134 245.02476677671075 7927.6365588083863 784.83231834694743 2357.2586774453521 30.449529260396957 490.98735387250781 246.90287688374519 2605.3079711385071 174.76207956671715 1931.8613558486104 95.107863299548626
leaf_count=3938 1998 8865 6668 1605 64031 6271 21258 253 4761 1821 25830 1091 18604 752
internal_value=-1.07702e-05 0.000780733 0.00198484 0.00844532 0.000690974 0.00524085 0.00102196 -0.00294191 -0.00381332 0.00866642 -0.00446096 0.020764 -0.00615526 0.000369368
internal_weight=19582.6 16632.6 12571.1 2088.34 10482.7 1668.56 10284.9 4061.5 3784.14 277.352 2950 419.787 2422.85 1361.29
internal_count=167746 137978 102922 15635 87287 12939 85289 35056 32982 2074 29768 2696 23365 9617
is_linear=0
shrinkage=0.035


Tree=71
num_leaves=15
num_cat=0
split_feature=3 10 15 17 24 1 8 10 3 5 15 8 24 8
split_gain=53.7089 58.5951 55.5761 53.266 69.7639 52.3568 48.7922 62.9006 68.1753 52.1487 37.4899 30.0106 28.7731 25.5641
threshold=1.0000000180025095e-35 0.34367513656616216 21.513823509216312 0.054933378472924239 0.032905315980315215 0.12693935632705691 -0.31790342926979059 1.0036211609840395 1.0039492845535281 -0.060142099857330315 22.394638061523441 -0.40575607120990748 0.030096776783466343 -0.3564597219228744
decision_type=2 2 2 8 2 2 2 2 2 2 2 2 2 2
left_child=1 13 5 4 -4 11 9 8 10 -2 -8 -3 -10 -1
right_child=6 2 3 -5 -6 -7 7 -9 12 -11 -12 -13 -14 -15
leaf_value=-0.011858945804032319 0.0016015123331509467 0.0034297380051347432 -0.0027392815683096078 -0.0077516815058068737 0.011885503173406494 0.011897198125965645 0.0007418470809957661 -0.0094165224862235719 0.0017010772616593587 -0.0093244534204521522 0.0068194138611537853 -0.0028416734909653472 0.020414399160143398 -0.0040214794533355996
leaf_weight=717.24128509312868 1554.4379887804389 2355.9894982911646 1974.5068433359265 1759.8978553488851 490.2997484318912 611.46213485300541 2809.4666364938021 402.95730826631188 132.56815338879824 804.23030184954405 2224.3930182866752 1535.7766813859344 434.93082042783499 1769.9261441752315
leaf_count=7896 12104 19054 17865 16804 3458 5514 22414 3340 1036 6844 16215 13628 2557 19017
internal_value=-1.00563e-05 -0.0015925 -0.000239611 -0.00311934 0.000206154 0.00246294 0.00211143 0.00378526 0.00475008 -0.00214753 0.00343564 0.000953961 0.0161481 -0.00632006
internal_weight=19578.1 11215.1 8727.93 4224.7 2464.81 4503.23 8362.98 6004.32 5601.36 2358.67 5033.86 3891.77 567.499 2487.17
internal_count=167746 103236 76323 38127 21323 38196 64510 45562 42222 18948 38629 32682 3593 26913
is_linear=0
shrinkage=0.035


Tree=72
num_leaves=15
num_cat=0
split_feature=14 11 10 3 8 21 22 11 8 3 13 22 23 15
split_gain=52.7074 53.9967 53.3643 56.4133 59.1736 43.0146 39.4967 37.3073 33.3295 26.2365 24.5335 21.2752 21.2021 18.7663
threshold=0.3333516269922257 0.20678631961345675 0.636783927679062 1.0039492845535281 -0.27956028282642359 0.050632659345865257 0.20288966596126559 0.36068023741245275 -0.31790342926979059 1.9729520678520205 0.27150820195674902 0.39701244235038763 0.38340328633785253 21.228878974914554
decision_type=2 2 2 2 2 2 2 2 2 2 2 2 2 2
left_child=7 8 3 5 -5 -3 10 -1 -2 -8 -4 12 -10 -9
right_child=1 2 6 4 -6 -7 9 13 11 -11 -12 -13 -14 -15
leaf_value=-0.0092529493068566875 -0.012216843635262011 0.0012847544753027446 0.017237000765834475 -0.0037117663538006498 0.030440520324315844 0.006822899052279373 -0.00453794992431322 0.0033492920531709089 0.00050885709717194251 0.0078740282163766821 0.0019778956990655133 -0.0079339261015189122 -0.021967837049851217 -0.0040442665271299061
leaf_weight=1143.4455279260874 455.45493764057755 7191.9252454824746 141.29140393435955 91.790120400488377 170.34390906989574 2250.047568961978 2888.1786891072989 685.73985362797976 1786.5021074041724 215.80661191791296 904.63821958750486 549.70743930339813 42.925160959362984 1054.6638215593994
leaf_count=11953 5688 58006 873 678 1004 18307 25527 5802 15659 1638 6189 6745 372 9305
internal_value=-1.00124e-05 0.000745706 0.00164655 0.00306613 0.0187846 0.00261033 -0.00167237 -0.00437076 -0.00364747 -0.00365248 0.00418292 -0.0019627 -0.00013509 -0.00112862
internal_weight=19572.5 16688.6 13854 9704.11 262.134 9441.97 4149.91 2883.85 2834.59 3103.99 1045.93 2379.13 1829.43 1740.4
internal_count=167746 140686 112222 77995 1682 76313 34227 27060 28464 27165 7062 22776 16031 15107
is_linear=0
shrinkage=0.035


Tree=73
num_leaves=15
num_cat=0
split_feature=22 20 3 8 6 2 20 17 20 10 10 15 15 20
split_gain=51.5362 44.6538 38.7094 51.6913 37.9691 36.5936 44.1792 66.5231 45.8617 36.0036 33.9636 28.8846 28.3561 27.5127
threshold=0.37085860967636114 0.084703385829925551 0.6727714240550996 -0.31019608676433558 0.15815447270870212 -0.41325563192367548 -0.017610163427889344 0.058697782456874854 -0.050431339070200913 0.8439508080482484 1.0641621947288515 23.731651306152347 24.066154479980472 -0.020915670320391651
decision_type=2 2 2 2 2 2 2 8 2 2 2 2 2 2
left_child=2 4 5 12 13 -1 8 -8 -7 11 -6 -5 -4 -2
right_child=1 -3 3 9 10 6 7 -9 -10 -11 -12 -13 -14 -15
leaf_value=0.0067999860470127774 0.0041109714363810187 0.0057752114047287841 -0.0060329581130262704 0.0096210656548077773 0.0026748662699161547 0.00099892075754037021 0.0033208206800339393 -0.0050114107809593493 -0.0054406190547709446 0.00057834578019813946 -0.01664289973342278 0.024860948157518849 0.013308293978797441 -0.0081674069399462843
leaf_weight=991.41266726702452 240.4144844263792 560.50456783175468 455.19629672914743 434.68145208805799 1024.570097386837 2470.3818975538015 5797.4417210146785 1461.7217467539012 2982.9974333643913 283.7828930541873 114.96784733608365 245.89000574499369 106.21337346732616 2398.333035402
leaf_count=6964 3320 3797 3303 2594 10057 17500 44114 12076 27511 1916 1397 1231 681 31285
internal_value=-9.93483e-06 -0.00337061 0.000949072 0.00621839 -0.00473905 0.000358293 -0.000149026 0.00163844 -0.00252702 0.0110944 0.000598074 0.0154075 -0.00220491 -0.00703744
internal_weight=19568.5 4338.79 15229.7 1525.76 3778.29 13704 12712.5 7259.16 5453.38 964.354 1139.54 680.571 561.41 2638.75
internal_count=167746 49856 117890 9725 46059 108165 101201 56190 45011 5741 11454 3825 3984 34605
is_linear=0
shrinkage=0.035


Tree=74
num_leaves=15
num_cat=0
split_feature=23 20 16 14 21 22 22 3 6 3 24 15 15 8
split_gain=49.4685 42.4343 33.72 35.5787 32.1041 66.4726 55.4545 30.2873 47.1737 21.7855 19.0501 21.3155 17.2431 17.2355
threshold=0.10839130729436876 0.03682194463908673 2.5470607280731206 0.19576018303632739 -0.031002582050859925 0.23155066370964053 0.40883582830429083 0.046606821939349181 -0.23169998824596402 -0.081160873174667345 0.031373530626297004 23.11257362365723 21.228878974914554 -0.3564597219228744
decision_type=2 2 2 2 2 2 2 2 2 2 2 2 2 2
left_child=1 7 3 -2 5 -5 -6 8 12 -3 11 -9 -1 -11
right_child=2 9 -4 4 6 -7 -8 10 -10 13 -12 -13 -14 -15
leaf_value=0.018254540089221775 -0.0055132191842430459 -0.0032912241271323725 -0.0071349023249748962 0.0021684248421163944 0.0042422228295813979 -0.0054110876165779096 -0.0035465421722150501 -0.0087602424263554836 -0.013426201637165821 -0.0071065629436820035 0.0070734320516484435 0.0025138140223414911 -0.0050989619377999383 0.0086772699974471904
leaf_weight=75.277534831315279 922.77296590805054 585.9775957763195 621.42500815168023 4308.3115854337811 6902.7103478200734 2100.0136311724782 1328.3304863236845 559.10898884758353 981.26759576797485 93.606230020523071 198.19440896064043 315.72279034182429 64.592504568397999 504.25137482956052
leaf_count=971 8135 6495 6157 29149 53157 15946 14609 6638 14999 958 1900 3343 833 4456
internal_value=-9.43307e-06 -0.00385542 0.000795226 0.00111627 0.00153763 -0.000319949 0.00298249 -0.00672667 -0.010726 0.00147802 -0.00248755 -0.00470906 0.00784919 0.00612975
internal_weight=19561.6 3378 16183.6 15562.1 14639.4 6408.33 8231.04 2194.16 1121.14 1183.84 1073.03 874.832 139.87 597.858
internal_count=167746 40593 127153 120996 112861 45095 67766 28684 16803 11909 11881 9981 1804 5414
is_linear=0
shrinkage=0.035


Tree=75
num_leaves=15
num_cat=0
split_feature=3 23 6 20 10 8 3 5 10 20 20 20 21 24
split_gain=47.7418 54.7041 45.4202 53.8937 43.0988 50.322 55.1041 50.2884 38.6439 35.7838 28.5322 49.5633 27.9242 25.6353
threshold=1.0000000180025095e-35 0.10839130729436876 -0.30806502699851984 0.062627475708723082 1.0036211609840395 -0.31790342926979059 1.0039492845535281 -0.10530615597963332 0.20650849491357806 -0.0012952625402249394 -0.050431339070200913 -0.033910721540451043 -0.063802402466535554 0.030096776783466343
decision_type=2 2 2 2 2 2 2 2 2 2 2 2 2 2
left_child=1 2 -1 -4 5 7 9 -2 -3 -7 12 -12 -10 -8
right_child=4 8 3 -5 -6 6 13 -9 10 -11 11 -13 -14 -15
leaf_value=0.01414919991058681 0.003563550217685724 -0.014553374560454356 -0.012125990463237483 0.0034711175942012842 -0.0061528465354338717 0.00024404260439466404 0.0010820650048907938 -0.0073990029717377051 0.00081677801319101446 0.0061375145582825037 -0.0090915441575943022 -4.0577643857528241e-05 0.01034543179880976 0.018592190091271527
leaf_weight=104.55779299885035 1010.7228868156672 222.78315602615476 1246.7087511792779 341.2636524066329 718.49218482896686 2455.8161941282451 133.97236774116755 1021.0040761902928 1139.0039655864239 2588.2062182128429 822.51736196875572 6754.1067750863731 554.39626245945692 443.41408382356167
leaf_count=1185 7582 2331 18904 2829 6212 19571 1036 8494 8262 19058 8075 57609 4041 2557
internal_value=-9.79408e-06 -0.0015053 -0.00728249 -0.00877334 0.00198777 0.00275906 0.00446319 -0.00195472 -0.000468674 0.00327428 -0.000114863 -0.00103384 0.00397875 0.0146169
internal_weight=19557 11185.3 1692.53 1587.97 8371.63 7653.14 5621.41 2031.73 9492.81 5044.02 9270.02 7576.62 1693.4 577.386
internal_count=167746 103236 22918 21733 64510 58298 42222 16076 80318 38629 77987 65684 12303 3593
is_linear=0
shrinkage=0.035


Tree=76
num_leaves=15
num_cat=0
split_feature=14 16 15 24 3 21 11 5 9 1 15 2 23 21
split_gain=47.0938 48.4914 48.4319 63.8047 64.0131 55.946 39.3155 28.5869 29.6578 42.1723 25.6576 28.2574 24.7151 37.7903
threshold=0.39666378498077398 1.3088528513908388 23.011245727539066 0.030096776783466343 0.42785075306892401 -0.046499745920300477 0.25656756758689886 -0.18112004548311231 1.5546597242355349 0.18469838798046115 21.455722808837894 0.21671491861343387 0.13294924795627597 -0.019647533074021336
decision_type=2 2 2 2 2 2 2 2 2 2 2 2 2 2
left_child=6 2 12 4 -4 -5 -1 -3 9 -9 -8 -12 -2 -14
right_child=1 7 3 5 -6 -7 10 8 -10 -11 11 -13 13 -15
leaf_value=-0.012975627890399745 -0.0018428536853208844 0.011852801810850013 -0.0095461003273029661 0.0019387588443480202 0.013512798831272162 0.014903569611369839 0.00079101392543367362 -0.0043668234839568977 -0.015130139153776799 0.0025650010127151565 -0.0083632722838678283 0.0016003506206613062 -4.6477763534771096e-05 0.0058805638871349394
leaf_weight=459.7694696597755 2706.8574694730341 166.67726371064782 475.05634171143174 655.57195008546114 202.15907144919038 1083.2773338146508 1745.1072265803814 3000.028870742768 207.35785819590092 1664.3738550245762 1124.4163962937891 499.32338730990887 3431.6253514960408 2129.1107958741486
leaf_count=5243 28715 1340 4360 3991 1600 7784 15342 28314 2174 14347 10074 4519 23493 16450
internal_value=-9.74261e-06 0.00083835 0.0021726 0.00652109 -0.0025662 0.0100547 -0.00348552 -0.00198953 -0.00248643 -0.00189318 -0.00215577 -0.00530827 0.000895483 0.00222937
internal_weight=19550.7 15722.1 10683.7 2416.06 677.215 1738.85 3828.62 5038.44 4871.76 4664.4 3368.85 1623.74 8267.59 5560.74
internal_count=167746 132568 86393 17735 5960 11775 35178 46175 44835 42661 29935 14593 68658 39943
is_linear=0
shrinkage=0.035


Tree=77
num_leaves=15
num_cat=0
split_feature=11 10 6 22 14 8 16 19 13 3 8 10 3 11
split_gain=45.7324 50.8236 59.0367 42.7777 42.3116 31.5245 30.9119 28.9117 28.1049 24.1775 26.2504 24.6994 23.3643 19.3915
threshold=0.20678631961345675 0.636783927679062 0.28551493585109716 0.20288966596126559 0.2894160002470017 -0.31790342926979059 1.3088528513908388 0.43636399507522589 0.27150820195674902 1.3313781619071963 -0.63722968101501454 1.1478294134140017 1.3313781619071963 0.33657699823379522
decision_type=2 2 2 2 2 2 2 2 2 2 2 2 2 2
left_child=5 2 4 7 13 -1 -6 8 -3 10 -5 -11 -4 -2
right_child=1 3 12 9 6 -7 -8 -9 -10 11 -12 -13 -14 -15
leaf_value=-0.012173387762107841 -0.010325367062322111 0.011391785735099866 0.010338574365229178 0.0048025015827209581 0.0033028248779219766 -0.0024090017881740846 -0.0013687469110260477 0.015128304902157221 -0.001505569552563882 0.0077145781533386384 -0.005580891177764744 -0.011070384523313648 0.033013921902166669 8.3632873596310852e-05
leaf_weight=477.78600552678108 493.05431141331792 250.56440913677216 478.39480492472649 318.85710937902331 7243.1796899586916 2438.2574670612812 2274.5440424233675 202.5361361131072 998.21607064455748 377.06066981330514 3447.5492037534714 100.74032807722688 57.175863064825535 388.32879035919905
leaf_count=6107 5286 1628 3372 2858 57051 23661 20202 1313 6963 2756 31939 927 314 3369
internal_value=-9.80959e-06 0.000699753 0.00209555 -0.00197898 0.00150523 -0.00404501 0.00218615 0.00319278 0.00115219 -0.00375083 -0.00469146 0.00360818 0.0133201 -0.00578977
internal_weight=19546.2 16630.2 10934.7 5695.52 10399.1 2916.04 9517.72 1451.32 1248.78 4244.21 3766.41 477.801 535.571 881.383
internal_count=167746 137978 89594 48384 85908 29768 77253 9904 8591 38480 34797 3683 3686 8655
is_linear=0
shrinkage=0.035


Tree=78
num_leaves=15
num_cat=0
split_feature=22 21 10 21 22 20 20 16 15 20 4 21 18 22
split_gain=44.3724 65.287 39.3074 35.8773 83.0312 57.3003 61.9337 49.0121 43.2222 36.5746 36.5646 37.9373 34.3678 31.3654
threshold=0.37085860967636114 0.037735188379883773 0.81774538755416881 -0.019647533074021336 0.23155066370964053 -0.019621936604380604 -0.050431339070200913 1.2699047327041628 22.916647911071781 0.03682194463908673 -0.12534373998641965 -0.057884303852915757 0.1935326233506203 0.41938711702823644
decision_type=2 2 2 2 2 2 2 2 2 2 2 2 2 2
left_child=3 -2 12 4 10 6 -5 8 -7 -6 11 -1 13 -3
right_child=1 2 -4 5 9 7 -8 -9 -10 -11 -12 -13 -14 -15
leaf_value=0.0058854135417415734 -0.0085195639474250108 0.005016864832637088 -0.011110527782086002 0.011476655925604132 -0.0077101180651159536 0.0056546100052090303 -0.0040275413796308362 -0.00016495803437222942 0.016289991839746977 0.00011406290478504973 0.00099573568730887082 0.028687137121665103 0.015467839030667943 -0.0034683420697993596
leaf_weight=529.14264737069607 1675.4957919418812 1004.612762581557 314.59297951310873 366.34090111404657 2121.4946334026754 2182.4409757852554 1949.9473897218704 1339.1968844905496 594.27103379741311 1114.1425446346402 4936.2821649163961 99.82654532045126 197.99513539299369 1115.980154056102
leaf_count=3354 22735 10050 3385 2417 18851 17238 18086 11468 4063 8403 33447 563 1801 11885
internal_value=-9.06131e-06 -0.00314077 0.000301049 0.000878221 -0.000573946 0.00286296 -0.00153663 0.00533662 0.00798108 -0.00502393 0.00201764 0.0098967 0.00189047 0.000556132
internal_weight=19541.8 4308.68 2633.18 15233.1 8800.89 6432.2 2316.29 4115.91 2776.71 3235.64 5565.25 628.969 2318.59 2120.59
internal_count=167746 49856 27121 117890 64618 53272 20503 32769 21301 27254 37364 3917 23736 21935
is_linear=0
shrinkage=0.035


Tree=79
num_leaves=15
num_cat=0
split_feature=14 10 10 21 11 8 8 8 9 19 15 24 15 11
split_gain=42.5777 48.4316 45.2625 43.4603 42.9298 42.2226 38.7451 26.9885 25.2842 38.79 24.449 33.775 21.4048 19.882
threshold=0.22013574093580249 0.31747992336750036 0.73155876994133007 0.050632659345865257 0.31478951871395117 -0.27173162996768946 -0.34853559732437128 -0.63722968101501454 1.5546597242355349 0.65519291162490856 20.507468223571781 0.035151986405253417 21.228878974914554 0.43991158902645117
decision_type=2 2 2 2 2 2 2 2 2 2 2 2 2 2
left_child=7 6 3 4 -3 -5 -2 12 9 -4 -8 -12 -1 -9
right_child=1 2 8 5 -6 -7 10 13 -10 -11 11 -13 -14 -15
leaf_value=0.025444542431858955 -0.012099768126099038 -0.0014378285918811887 -0.0030548302510909199 0.0019809652472165895 0.0033922446902893877 0.010378153645443344 -0.0077691841509812242 -0.010539186772959655 -0.012676170629264471 0.008206901317490186 -0.0012999657820553382 0.014480563363070971 -0.0071125043330452532 -0.0015994986622604465
leaf_weight=48.797527138143778 537.48492933809757 4416.7253242842853 2644.6405663788319 1574.1391784325242 4584.9089295752347 1373.3249800764024 600.48622978851199 804.76171313971281 258.60489938035607 426.46540620923042 1560.0424548983574 175.81484682112932 36.639074917882681 493.40540681779385
leaf_count=400 6394 38185 22441 13357 34181 10588 6107 8409 2664 3408 15758 1133 327 4394
internal_value=-8.24442e-06 0.000444133 0.00122863 0.002234 0.00102336 0.00591537 -0.00371649 -0.00590395 -0.00237515 -0.00146942 -0.00174453 0.000372139 0.0122003 -0.0071796
internal_weight=19536.2 18152.6 15278.8 11949.1 9001.63 2947.46 2873.83 1383.6 3329.71 3071.11 2336.34 1735.86 85.4366 1298.17
internal_count=167746 154216 124824 96311 72366 23945 29392 13530 28513 25849 22998 16891 727 12803
is_linear=0
shrinkage=0.035


Tree=80
num_leaves=15
num_cat=0
split_feature=22 24 16 21 24 14 6 18 20 21 20 14 22 10
split_gain=41.8722 66.6263 44.1638 40.4757 45.192 35.1861 42.9981 37.1185 36.1127 84.5298 71.9115 28.6334 28.5137 34.5053
threshold=0.35694092512130743 0.03567874617874623 1.0631552338600161 0.037735188379883773 0.028990984894335273 2.4828850030899052 0.22298138588666919 -0.06844171509146689 -0.017610163427889344 -0.054856372997164719 -0.050431339070200913 0.55631205439567577 0.20288966596126559 0.73155876994133007
decision_type=2 2 2 2 2 2 2 2 2 2 2 2 2 2
left_child=5 3 -3 -2 11 6 8 -7 10 -10 -1 -5 -8 -14
right_child=1 2 -4 4 -6 7 12 -9 9 -11 -12 -13 13 -15
leaf_value=0.0026750689041239346 -0.0078255637041270455 0.011570541045186185 -0.0060849009891367689 -0.0050871611051070426 -0.0052381232427830627 0.014214268461366792 0.016357875417845308 -0.0066058490899743947 -0.0041509887317093047 0.0050569388631782185 -0.0054292983443637866 0.0081157156104354582 0.010951081150355219 -0.0015768776436518017
leaf_weight=2733.1984025910497 2124.1918464004993 584.72288271784782 237.72228815406561 269.88392535969615 1389.4994903169572 106.34769142791629 319.13586097210646 1109.9810948744416 1652.2250262871385 4605.6538684442639 2615.235871296376 720.74451053887606 511.59469188004732 552.29489782452583
leaf_count=18739 28032 2922 1879 3410 16113 817 1748 9388 11853 34245 23652 7876 3032 4040
internal_value=-8.21069e-06 -0.00265168 0.00645556 -0.00432519 -0.00118155 0.000984192 0.0015182 -0.00468441 0.000820076 0.00262309 -0.00129048 0.00450387 0.00732888 0.00449334
internal_weight=19532.4 5326.76 822.445 4504.32 2380.13 14205.7 12989.3 1216.33 11606.3 6257.88 5348.43 990.628 1383.03 1063.89
internal_count=167746 60232 4801 55431 27399 107514 97309 10205 88489 46098 42391 11286 8820 7072
is_linear=0
shrinkage=0.035


Tree=81
num_leaves=15
num_cat=0
split_feature=3 23 6 20 10 15 10 17 3 2 10 20 20 21
split_gain=40.9686 47.7601 42.3543 47.609 38.0933 49.6831 35.3243 32.632 44.8645 29.0019 35.4382 23.9494 42.9349 24.2288
threshold=1.0000000180025095e-35 0.10839130729436876 -0.30806502699851984 0.062627475708723082 1.0036211609840395 23.731651306152347 0.20650849491357806 0.016029549762606624 0.17128116637468341 0.46564039587974554 0.79500892758369457 -0.050431339070200913 -0.033910721540451043 -0.063802402466535554
decision_type=2 2 2 2 2 2 2 8 2 2 2 2 2 2
left_child=1 2 -1 -4 5 7 -3 8 -2 -7 -11 13 -13 -8
right_child=4 6 3 -5 -6 9 11 -9 -10 10 -12 12 -14 -15
leaf_value=0.013773423432923095 0.0030569502978315161 -0.014022724634796079 -0.011522030299975453 0.0031417268117646213 -0.0058485303183064552 0.0048457574150744418 0.00068800097229989611 0.00089579904336098133 0.051260066337644829 0.023554433518972368 0.0039163103521815861 -0.0085089867872770956 -2.439910383423514e-05 0.009522784017982476
leaf_weight=105.26348796859384 67.641145147383213 218.66285881027579 1220.5534911639988 343.17293452471495 712.41287128254771 928.46270052716136 1141.3796071857214 6176.0331402271986 27.560184180736542 270.2997500449419 195.92756135761738 809.34895440936089 6746.3396829813719 561.53880262374878
leaf_count=1185 544 2331 18904 2829 6212 6146 8262 48342 172 1671 1423 8075 57609 4041
internal_value=-7.89779e-06 -0.00139739 -0.00683824 -0.00830443 0.0018401 0.00256132 -0.00043304 0.00122653 0.0205576 0.00851173 0.0155572 -9.73056e-05 -0.000943295 0.00363986
internal_weight=19524.6 11146.3 1668.99 1563.73 8378.34 7665.92 9477.27 6271.23 95.2013 1394.69 466.227 9258.61 7555.69 1702.92
internal_count=167746 103236 22918 21733 64510 58298 80318 49058 716 9240 3094 77987 65684 12303
is_linear=0
shrinkage=0.035


Tree=82
num_leaves=15
num_cat=0
split_feature=14 14 10 10 6 18 15 22 22 2 8 22 20 3
split_gain=39.648 41.7523 40.3522 35.0947 36.5988 34.6103 31.9914 30.5737 29.4245 32.2194 27.4281 22.4494 17.1934 16.9974
threshold=0.39666378498077398 2.4828850030899052 0.31747992336750036 0.8439508080482484 0.19823931157588962 -0.078860104084014879 20.654570579528812 0.19796442985534671 0.30788511037826544 0.26626771688461309 -0.5311807096004485 0.20288966596126559 0.0047500219661742457 0.17128116637468341
decision_type=2 2 2 2 2 2 2 2 2 2 2 2 2 2
left_child=8 2 6 4 -4 -3 13 -8 -1 10 12 -5 -10 -2
right_child=1 5 3 11 -6 -7 7 -9 9 -11 -12 -13 -14 -15
leaf_value=-0.00082419785422294437 -0.0096650406317166943 0.012670337617012629 0.002072127300753521 0.0050676484406802016 0.0079120420676742648 -0.0057660281576013845 -0.0097981535122142246 0.0023919239546287365 -0.0099532017273992798 0.0024378556279956889 -0.012361387310059421 -0.0059572577885488821 0.011695594341110173 0.0064281849396626957
leaf_weight=2381.7833257429302 771.4679406657815 125.87673500552773 8681.5221744589508 289.89559714496136 1542.4151763804257 1598.0964553393424 296.75929287075996 1403.0685210339725 66.828173819929361 324.9395953565836 927.54849805682898 926.35566985979676 99.272769790142775 82.69932509586215
leaf_count=17883 8371 1095 69339 1930 10821 15135 2323 14476 898 3607 11749 8486 1041 592
internal_value=-6.65464e-06 0.000769377 0.00140327 0.00229117 0.00296003 -0.00435458 -0.00256738 0.000218898 -0.00320988 -0.00718159 -0.0100359 -0.00330956 0.00291494 -0.00805056
internal_weight=19518.5 15718.2 13994.2 11440.2 10223.9 1723.97 2554 1699.83 3800.37 1418.59 1093.65 1216.25 166.101 854.167
internal_count=167746 132568 116338 90576 80160 16230 25762 16799 35178 17295 13688 10416 1939 8963
is_linear=0
shrinkage=0.035


Tree=83
num_leaves=15
num_cat=0
split_feature=11 10 6 2 8 8 15 5 2 10 8 11 21 3
split_gain=38.4211 43.8406 49.6894 28.5991 39.1272 29.0332 28.3057 28.0203 43.6676 37.9094 27.8231 26.8459 24.7643 21.3738
threshold=0.20678631961345675 0.636783927679062 0.32676012814044958 -0.38054229319095606 -0.31790342926979059 -0.72699072957038868 23.447156906127933 -0.16491936892271039 0.21671491861343387 1.1478294134140017 -0.31790342926979059 0.55645331740379345 0.017405906692147258 -0.5708046257495879
decision_type=2 2 2 2 2 2 2 2 2 2 2 2 2 2
left_child=10 2 3 5 -5 -2 12 13 11 -10 -1 -9 -4 -3
right_child=1 7 6 4 -6 -7 -8 8 9 -11 -12 -13 -14 -15
leaf_value=-0.011461735362037845 -0.011259345593426945 0.019243461247715862 -0.003665126191956523 -0.001355273026512997 0.0031050440850414001 0.0092685833428371948 0.02622418835704593 -0.0071794621957401413 0.0030193814987313121 -0.0095292103296975381 -0.0021942071323486374 0.0026208702087806407 0.0171066854063327 0.0019788143123062041
leaf_weight=466.46748848259449 85.173068448901176 90.327527832239866 135.99400292336941 4766.6003287546337 4852.8118886314332 845.77074453979731 137.46794172376394 2352.1968827620149 1756.7145785316825 344.08364260196686 2423.3631940744817 395.16770789399743 129.43121353536844 733.15108337253332
leaf_count=6107 628 702 959 40811 39499 5970 809 20921 14404 3163 23661 3468 918 5726
internal_value=-6.82281e-06 0.000641257 0.00193402 0.00146641 0.000895761 0.00729076 0.013847 -0.00185439 -0.00286881 0.000928676 -0.00372451 -0.00576544 0.00671732 0.00408074
internal_weight=19514.7 16624.9 10953.2 10550.4 9619.41 930.944 402.893 5671.64 4848.16 2100.8 2889.83 2747.36 265.425 823.479
internal_count=167746 137978 89594 86908 80310 6598 2686 48384 41956 17567 29768 24389 1877 6428
is_linear=0
shrinkage=0.035


Tree=84
num_leaves=15
num_cat=0
split_feature=22 21 21 22 20 20 16 23 20 4 21 22 22 18
split_gain=38.6316 55.28 33.5146 75.5447 48.7571 53.6068 43.8227 34.2289 33.2342 31.8304 34.4756 31.3621 31.2788 42.8797
threshold=0.37085860967636114 0.037735188379883773 -0.019647533074021336 0.23155066370964053 -0.019621936604380604 -0.050431339070200913 1.2699047327041628 0.10839130729436876 0.03682194463908673 -0.12534373998641965 -0.057884303852915757 0.29388138651847845 0.41938711702823644 0.12515699863433841
decision_type=2 2 2 2 2 2 2 2 2 2 2 2 2 2
left_child=2 -2 3 9 5 -4 7 -6 -5 10 -1 -7 -3 -14
right_child=1 12 4 8 6 11 -8 -9 -10 -11 -12 -13 13 -15
leaf_value=0.0053707601767556713 -0.0079492316035221049 0.0042927961881210185 0.010676338703858597 -0.0074240082080403889 -0.000343695909438577 -0.0082841864322301291 -0.00020359730609388119 0.0093976690051552226 4.3918770525647263e-05 0.00092238828389854682 0.026908808899082041 0.00060843190831667772 -0.0062998021683440463 0.0089669764185685511
leaf_weight=533.46557080745697 1646.7079512141645 1221.4941199496388 370.70894995331764 2104.42011583969 548.56635359674692 929.48920054733753 1338.4401064068079 2247.1016198545694 1114.7393596097827 4938.7260331735015 101.95800980180502 1003.4684526883066 1140.8520192019641 270.97804478183389
leaf_count=3354 22735 12126 2417 18851 5896 7663 11468 15405 8403 33447 563 10423 12405 2590
internal_value=-6.2644e-06 -0.00294022 0.000819583 -0.000585229 0.00273634 -0.0013406 0.0050059 0.0074918 -0.00484587 0.00187963 0.00919006 -0.00368833 0.000210317 -0.00332713
internal_weight=19511.1 4280.03 15231.1 8793.31 6437.77 2303.67 4134.11 2795.67 3219.16 5574.15 635.424 1932.96 2633.32 1411.83
internal_count=167746 49856 117890 64618 53272 20503 32769 21301 27254 37364 3917 18086 27121 14995
is_linear=0
shrinkage=0.035


Tree=85
num_leaves=15
num_cat=0
split_feature=14 11 3 8 8 14 18 8 23 11 15 15 11 23
split_gain=37.2573 39.5321 35.3952 27.7323 26.855 25.5649 31.8809 24.5391 24.1794 23.9999 23.377 19.6881 18.4478 16.7833
threshold=0.22013574093580249 0.20678631961345675 1.3313781619071963 -0.25636136531829828 -0.33286318182945246 2.4828850030899052 -0.06844171509146689 -0.63722968101501454 0.26289419829845434 0.50904381275177013 24.066154479980472 21.228878974914554 0.43991158902645117 0.38340328633785253
decision_type=2 2 2 2 2 2 2 2 2 2 2 2 2 2
left_child=7 4 5 10 -2 8 -7 11 -3 -5 -4 -1 -9 -6
right_child=1 2 3 9 13 6 -8 12 -10 -11 -12 -13 -14 -15
leaf_value=0.024145569202815367 -0.011793905464088712 0.00053153224293936766 -0.0050701139857075254 0.020053489546800779 -0.0015562397629219509 0.012330805281892322 -0.0053830311619624538 -0.010054183014023452 0.0044499754515173956 -0.00074121146773772678 0.014027879037157825 -0.0069859305948145028 -0.0014090769957562934 -0.02158891448632785
leaf_weight=49.792574428021908 388.71879975497723 10831.181109357625 225.61705198138952 281.2433397769928 2417.0661131441593 128.19887334480882 1287.662744846195 792.85596773773432 2338.1294947639108 87.78670159727335 107.8597855232656 36.470776114612818 490.96996513754129 42.438474103808403
leaf_count=400 5159 92033 1753 1683 23788 1093 11880 8409 14995 660 788 327 4394 384
internal_value=-5.81768e-06 0.000415815 0.00112154 0.00873912 -0.0033628 0.000748898 -0.0037039 -0.00554956 0.00123008 0.0152177 0.00133551 0.0116252 -0.0067845 -0.00198792
internal_weight=19506 18135.9 15287.7 702.507 2848.22 14585.2 1415.86 1370.09 13169.3 369.03 333.477 86.2634 1283.83 2459.5
internal_count=167746 154216 124885 4884 29331 120001 12973 13530 107028 2343 2541 727 12803 24172
is_linear=0
shrinkage=0.035


Tree=86
num_leaves=15
num_cat=0
split_feature=16 14 10 10 21 11 24 17 23 14 11 17 7 19
split_gain=35.8796 39.6971 36.9098 38.746 35.1246 31.4072 27.7326 38.1062 32.6264 17.7767 27.5763 16.364 15.7155 15.538
threshold=2.5470607280731206 0.39666378498077398 0.31747992336750036 0.95338001847267162 0.050632659345865257 0.25656756758689886 0.035151986405253417 0.025604831054806713 0.28368386626243597 0.14016597718000415 0.55645331740379345 0.060103049501776702 -0.32961168885231013 -0.16513973474502561
decision_type=2 2 2 2 2 2 2 8 2 2 2 8 2 2
left_child=1 5 6 4 -4 -1 8 -8 -3 10 -7 -2 -5 -11
right_child=11 2 3 12 -6 9 7 -9 -10 13 -12 -13 -14 -15
leaf_value=-0.011810880299420292 -0.015938336523839292 -0.0027969465204369928 0.0013077441854180015 0.0025894646883918688 0.0057669423518080659 -0.011564133477958757 0.019760353414189292 -0.0059269115555757642 -0.020205181723693965 0.0039060522799576084 0.0086351894852867168 -0.0042519292940920595 -0.0083929733291590869 -0.0021469376513317266
leaf_weight=422.6340322047472 194.62218937650323 2274.5741399861872 8691.6956615820527 212.09769568964839 2875.3066109269857 415.02086596563458 141.36675035208464 126.05713891237974 130.50585671514273 680.45649383217096 95.035925474017859 562.77056896686554 589.82829026505351 2090.1239104121923
leaf_count=4940 2154 24417 68308 1838 22759 4222 880 887 1130 5916 830 5961 5161 18343
internal_value=-5.67499e-06 0.000297845 0.00109728 0.00190321 0.00242023 -0.0029434 -0.00262595 0.00787482 -0.00382131 -0.00176861 -0.00770684 -0.00742347 -0.00549216 -0.000651618
internal_weight=19502.1 18744.7 15041.4 12368.9 11567 3703.27 2672.5 267.424 2405.08 3280.64 510.057 757.393 801.926 2770.58
internal_count=167746 159631 125380 98066 91067 34251 27314 1767 25547 29311 5052 8115 6999 24259
is_linear=0
shrinkage=0.035


Tree=87
num_leaves=15
num_cat=0
split_feature=3 10 15 17 8 10 15 5 19 5 17 16 17 16
split_gain=35.1648 40.4468 52.8743 40.9792 35.6483 45.354 45.3336 44.641 37.5081 31.8432 30.9807 33.2935 32.4655 25.7547
threshold=1.0000000180025095e-35 0.36037077009677893 21.513823509216312 0.054933378472924239 -0.31790342926979059 1.0036211609840395 22.394638061523441 -0.060142099857330315 -0.10340578854084014 0.15737973898649218 0.044644353911280639 0.91258397698402416 0.031447842717170722 1.6079356074333193
decision_type=2 2 2 8 2 2 2 2 2 2 10 2 8 2
left_child=1 9 10 -4 7 6 -6 -2 -8 13 12 -12 -3 -1
right_child=4 2 3 -5 5 -7 8 -9 -10 -11 11 -13 -14 -15
leaf_value=-0.0039700502856627956 0.0014928509837128451 0.0075070796396944101 0.0001111052490100935 -0.0070069045921965683 0.0009251760700865571 -0.0082724881680479676 0.020767724714975649 -0.0086774737351867255 0.0059127523102168967 0.02182288982245302 0.00066184610106925432 0.0092467756260983247 -0.0029311233428616491 -0.013397131413462503
leaf_weight=2359.1464586108923 1554.201831381768 466.37229756638408 2317.515309728682 1720.3147731050849 2958.1767033040524 390.67481385543942 220.04626789316535 789.45627607777715 2475.3154386170208 43.92780638858676 989.00448018312454 1251.1083991788328 1551.8380731791258 412.13715968281031
leaf_count=25243 12104 4240 19954 16762 23351 3340 1632 6844 17239 425 7830 10748 13093 4941
internal_value=-6.51948e-06 -0.00129743 -6.56083e-05 -0.00293134 0.00170305 0.00312247 0.00392311 -0.00195531 0.00719778 -0.00491439 0.00265224 0.00547634 -0.000493921 -0.00541515
internal_weight=19499.2 11111.4 8296.15 4037.83 8387.87 6044.21 5653.54 2343.66 2695.36 2815.21 4258.32 2240.11 2018.21 2771.28
internal_count=167746 103236 72627 36716 64510 45562 42222 18948 18871 30609 35911 18578 17333 30184
is_linear=0
shrinkage=0.035


Tree=88
num_leaves=15
num_cat=0
split_feature=22 21 21 22 20 20 16 15 20 22 22 18 4 21
split_gain=35.8764 50.9745 31.264 69.8819 44.3152 50.023 39.6578 35.9913 31.3536 29.6617 29.3855 39.9219 28.8449 32.0303
threshold=0.37085860967636114 0.037735188379883773 -0.019647533074021336 0.23155066370964053 -0.019621936604380604 -0.050431339070200913 1.2699047327041628 22.916647911071781 0.03682194463908673 0.29388138651847845 0.41938711702823644 0.12515699863433841 -0.12534373998641965 -0.057884303852915757
decision_type=2 2 2 2 2 2 2 2 2 2 2 2 2 2
left_child=2 -2 3 12 5 -4 7 -6 -5 -7 -3 -12 13 -1
right_child=1 10 4 8 6 9 -8 -9 -10 -11 11 -13 -14 -15
leaf_value=0.0050491396828459632 -0.0076763428224786642 0.0041271444238030414 0.010313825032524541 -0.0071959656583022039 0.00502977044693027 -0.0080278345061218122 -0.00016894529830754906 0.014650433878409242 6.7082373282620301e-05 0.00063705337869187674 -0.0061447700798700263 0.0085568443637139089 0.0008824255489023391 0.025680846531485911
leaf_weight=536.15289086103439 1633.2323181256652 1224.3952736333013 372.63160937279463 2091.7028383798897 2203.2764664515853 923.27345784381032 1336.6002345271409 605.94784284383059 1113.7401592582464 1002.4029679559171 1135.7398700155318 272.70156754553318 4940.0399578884244 103.45649582892656
leaf_count=3354 22735 12126 2417 18851 17238 7663 11468 4063 8403 10423 12405 2590 33447 563
internal_value=-6.25461e-06 -0.00283923 0.000788673 -0.000569533 0.00263829 -0.00125668 0.00479536 0.00714955 -0.00468004 -0.00353737 0.00017907 -0.00325799 0.00179605 0.00873026
internal_weight=19495.3 4266.07 15229.2 8785.09 6444.13 2298.31 4145.82 2809.22 3205.44 1925.68 2632.84 1408.44 5579.65 639.609
internal_count=167746 49856 117890 64618 53272 20503 32769 21301 27254 18086 27121 14995 37364 3917
is_linear=0
shrinkage=0.035


Tree=89
num_leaves=15
num_cat=0
split_feature=23 20 17 15 24 5 19 21 21 22 0 6 6 1
split_gain=34.2313 33.469 27.4122 35.296 33.5338 28.0616 27.7058 27.6836 57.0755 54.9849 26.5828 24.6235 23.6342 18.8541
threshold=0.10839130729436876 0.03682194463908673 0.071504909545183196 25.378752708435062 0.027059725485742096 -0.27937644720077509 0.43636399507522589 0.0083271639887243527 0.03605617210268975 0.23581409454345706 0.03348244912922383 -0.2843943834304809 1.0000000180025095e-35 -0.02239345200359821
decision_type=2 2 8 2 2 2 2 2 2 2 2 2 2 2
left_child=1 11 4 5 10 -4 -7 9 -9 -6 -2 -1 -13 -14
right_child=2 -3 3 -5 7 6 -8 8 -10 -11 -12 12 13 -15
leaf_value=0.0097285698201064162 -0.015201624374377909 0.0014846501638733612 0.01115407796887068 0.019172455873653151 0.0024732369945004236 -0.0077279680573213569 0.0014244467873247249 0.01156811231208377 0.0017805004030025443 -0.0031716863933296995 0.0030079939513843433 -0.011392569454494737 0.007114042251378642 -0.005340972463368206
leaf_weight=109.24099873751402 256.77320798113942 1179.5372000336647 131.83881274238229 74.541091315448284 5742.1394976899028 1351.6101100742817 572.86621698364615 903.35401530563831 3659.0139695927501 3331.9891860820353 150.88240956887603 796.86628466844559 163.94477915391326 1065.660321816802
leaf_count=1312 2522 11909 979 572 37623 11699 4663 7793 30733 29282 1287 12585 2119 12668
internal_value=-5.61092e-06 -0.00324 0.000658906 -0.00303116 0.00122054 -0.00392493 -0.00501025 0.00151871 0.00373952 0.000399231 -0.00855119 -0.00584415 -0.00672727 -0.00363634
internal_weight=19490.3 3315.25 16175 2130.86 14044.2 2056.32 1924.48 13636.5 4562.37 9074.13 407.656 2135.71 2026.47 1229.61
internal_count=167746 40593 127153 17913 109240 17341 16362 105431 38526 66905 3809 28684 27372 14787
is_linear=0
shrinkage=0.035


Tree=90
num_leaves=15
num_cat=0
split_feature=22 24 16 24 20 6 15 24 8 17 19 17 15 24
split_gain=33.6546 52.0234 39.2486 33.2207 38.817 30.8182 30.3689 30.2637 29.3761 27.7512 26.348 26.046 35.3506 27.7098
threshold=0.34918159246444708 0.03567874617874623 1.0631552338600161 0.027782052755355838 -0.023568059317767617 0.22298138588666919 22.473917961120609 0.027059725485742096 -0.29483425617218012 0.025604831054806713 0.028943052515387539 0.060103049501776702 20.805137634277347 0.030956145375967029
decision_type=2 2 2 2 2 2 2 2 2 10 2 8 2 2
left_child=5 3 6 9 -5 7 -3 -1 -6 -2 -8 13 -13 -9
right_child=1 2 -4 4 8 -7 10 11 -10 -11 -12 12 -14 -15
leaf_value=-0.0091275209124357954 -0.012170891991373098 0.0051316678445619849 -0.0060122039371447245 0.0067897446537971227 -0.0095250722975747035 0.0055735349010687177 0.032017342076291491 -0.00048822092101159201 -0.0033154322878591338 0.0074554548308929649 0.0040908475641233425 0.0064194082511577714 -0.0046826571568987637 0.0033066997258437776
leaf_weight=389.53522478789091 97.382249906659126 410.26338473707438 236.81008497625589 327.74296617880464 1469.3912230692804 1549.2362603582442 111.79718992114067 4528.9939797855914 2578.1339818462729 499.34396262466908 67.655744031071663 421.45300500094891 1898.6338822804391 4899.7884669303894
leaf_count=3755 977 2184 1879 4304 21253 10042 457 35483 29663 4557 281 3166 15219 34526
internal_value=-5.29946e-06 -0.00223781 0.0058457 -0.00359062 -0.00464713 0.000941407 0.0106283 0.000346102 -0.00558766 0.00410474 0.0222604 0.000667697 -0.00264703 0.00148527
internal_weight=19486.2 5798.52 826.526 4971.99 4375.27 13687.6 589.716 12138.4 4047.53 596.726 179.453 11748.9 2320.09 9428.78
internal_count=167746 65555 4801 60754 55220 102191 2922 92149 50916 5534 738 88394 18385 70009
is_linear=0
shrinkage=0.035


Tree=91
num_leaves=15
num_cat=0
split_feature=14 16 3 9 24 8 8 12 15 15 8 17 22 2
split_gain=32.5853 35.6578 30.998 28.5653 31.1096 22.6309 19.423 23.0112 22.1726 18.2115 17.3571 15.6896 15.1012 24.844
threshold=0.22013574093580249 2.5470607280731206 1.3313781619071963 1.5546597242355349 0.035151986405253417 -0.63722968101501454 -0.25636136531829828 0.79808184504508983 24.066154479980472 21.455722808837894 -0.58495494723319996 0.061610747128725059 0.30788511037826544 0.26626771688461309
decision_type=2 2 2 2 2 2 2 2 2 2 2 10 2 2
left_child=5 2 3 4 -2 9 8 -8 -4 -1 -5 -3 -7 -14
right_child=1 11 6 10 -6 12 7 -9 -10 -11 -12 -13 13 -15
leaf_value=0.021648828149619177 -3.4105410121987911e-05 -0.01467986371335386 -0.0047911197671558943 0.0076420681210990432 0.0046432957009844185 -0.0034101938179318262 -0.00025121916847298053 0.018400354058432065 0.013837706061049473 -0.0089506776416403439 -0.022922939681772794 -0.0035996364103443052 -0.015766872905003473 0.0026747391963721045
leaf_weight=56.747001197189093 14593.442966792732 222.9851087257266 223.78215477243066 24.101909562945366 1967.9634237587452 798.49992138147354 113.43840353190899 271.30928587913513 107.79948997497559 30.084327016025782 89.665662750601768 507.34314273670316 357.52077256143093 114.82714282721281
leaf_count=457 128221 2465 1742 221 12039 6394 743 1672 778 270 910 5425 4975 1434
internal_value=-4.96526e-06 0.000387988 0.000707834 0.000399288 0.000524169 -0.00521446 0.00778597 0.0130341 0.00149304 0.0112176 -0.0163534 -0.00713526 -0.006416 -0.0113212
internal_weight=19479.5 18121.8 17391.5 16675.2 16561.4 1357.68 716.329 384.748 331.582 86.8313 113.768 730.328 1270.85 472.348
internal_count=167746 154216 146326 141391 140260 13530 4935 2415 2520 727 1131 7890 12803 6409
is_linear=0
shrinkage=0.035


Tree=92
num_leaves=15
num_cat=0
split_feature=3 17 6 23 8 10 5 15 19 16 1 21 24 3
split_gain=31.6807 37.7871 33.8816 41.5924 31.8977 42.8012 41.3925 40.4503 33.8192 30.2093 28.3255 28.238 26.9533 24.6566
threshold=1.0000000180025095e-35 0.016029549762606624 -0.2843943834304809 0.10839130729436876 -0.31790342926979059 1.0036211609840395 -0.060142099857330315 22.394638061523441 -0.10340578854084014 0.95266357064247142 0.11494634672999383 0.033302294090390212 0.027782052755355838 -0.43943801522254938
decision_type=2 10 2 2 2 2 2 2 2 2 2 2 2 2
left_child=1 -1 9 11 6 7 -2 12 -9 -3 -5 -4 -6 -11
right_child=4 2 3 10 5 -7 -8 8 -10 13 -12 -13 -14 -15
leaf_value=-0.016326687940888623 0.0014596730682474549 -0.00016587062459026423 -0.012951055100672917 -0.0018973897237636 0.013674606102723089 -0.0081389984409580545 -0.0083619185548475389 0.019608187704920364 0.0055906032470470924 0.0032723239358428422 0.0030883261558586708 -0.0030357122416914744 2.4264457511392883e-05 0.017228357868971551
leaf_weight=189.56127795949578 1553.8301845788956 956.4565599411726 598.32091550156474 6057.4085041061044 179.27352480590343 388.97590187564492 782.59255807474256 223.12119322642684 2484.0683958604932 346.7286480627954 1803.4179056994617 854.44327638670802 2778.2228679135442 279.49333990737796
leaf_count=2217 12104 6986 9782 52438 1262 3340 6844 1632 17239 2735 16096 10876 22089 2106
internal_value=-5.12768e-06 -0.00123272 -0.000955404 -0.00176052 0.00161643 0.00295581 -0.00185172 0.00373066 0.00681382 0.0037638 -0.000751104 -0.00717997 0.000894995 0.00967402
internal_weight=19475.9 11085.8 10896.3 9313.59 8390.08 6053.66 2336.42 5664.69 2707.19 1582.68 7860.83 1452.76 2957.5 626.222
internal_count=167746 103236 101019 89192 64510 45562 18948 42222 18871 11827 68534 20658 23351 4841
is_linear=0
shrinkage=0.035


Tree=93
num_leaves=15
num_cat=0
split_feature=22 21 21 22 20 20 17 15 21 17 22 12 20 24
split_gain=30.9428 45.2895 29.1451 61.5238 41.0398 45.7046 37.6895 33.159 29.6502 27.7242 43.7713 27.5437 27.2467 26.9207
threshold=0.37085860967636114 0.037735188379883773 -0.019647533074021336 0.23155066370964053 -0.019621936604380604 -0.050431339070200913 0.056117560714483268 23.11257362365723 -0.05086581036448478 0.036495011299848563 0.19796442985534671 1.2242367267608645 -0.033910721540451043 0.029357682913541797
decision_type=2 2 2 2 2 2 8 2 2 10 2 2 2 2
left_child=2 13 3 9 5 11 7 -6 -5 10 -1 -4 -7 -2
right_child=1 -3 4 8 6 12 -8 -9 -10 -11 -12 -13 -14 -15
leaf_value=-0.0074834118285075574 -0.014137252327862919 0.00019210965542586979 0.013897306418644643 -0.0084761432392625319 0.0049105630154992735 -0.01016947458146227 -0.0010836485722383314 0.014730370409221757 -0.0016189296705442684 0.0030697720351102421 0.0049811054996678188 -0.010507863943518603 -0.00085726607226443096 -0.0042415298196208113
leaf_weight=863.58871471881866 477.96822646260262 2627.9987758435309 314.74162672460079 1309.7299111112952 2591.3735250607133 522.30536492913961 1065.1952937841415 498.93859036639333 1877.3502921648324 4167.7088048793375 561.66889470070601 60.924787454307079 1397.6647684760392 1134.3258278779685
leaf_count=6290 6137 27121 1987 10533 20750 5278 8701 3318 16721 27340 3734 430 12808 16598
internal_value=-5.06769e-06 -0.0026458 0.000731354 -0.000580995 0.0025156 -0.00123707 0.0045867 0.00653839 -0.0044546 0.00163034 -0.00257088 0.00976949 -0.00343011 -0.0072442
internal_weight=19471.5 4240.29 15231.2 8780.05 6451.14 2295.64 4155.51 3090.31 3187.08 5592.97 1425.26 375.666 1919.97 1612.29
internal_count=167746 49856 117890 64618 53272 20503 32769 24068 27254 37364 10024 2417 18086 22735
is_linear=0
shrinkage=0.035


Tree=94
num_leaves=15
num_cat=0
split_feature=9 2 14 0 15 10 15 24 23 23 14 11 17 8
split_gain=30.5244 33.8058 36.4097 38.3439 30.9392 34.187 30.6838 28.4799 28.2889 23.3737 33.2505 19.3904 18.7187 13.0987
threshold=1.5546597242355349 0.21671491861343387 0.39666378498077398 -0.038903249427676194 21.573198318481449 0.44856855273246771 25.378752708435062 0.032905315980315215 0.41836158931255346 0.26289419829845434 1.476471543312073 0.55645331740379345 0.069056175649166121 -0.63722968101501454
decision_type=2 2 2 2 2 2 2 2 2 2 2 2 8 2
left_child=1 2 4 7 5 -1 9 -4 -5 12 -11 -6 -3 -2
right_child=13 6 3 8 11 -7 -8 -9 -10 10 -12 -13 -14 -15
leaf_value=-0.0083752895185480614 0.0076203008001542779 0.0029096514440094166 0.0013085248052449748 -0.00099105729810133273 -0.010662952319271139 0.0016018263017444478 0.015720845172926861 0.0079580841198181335 -0.017472426274613217 0.015667473974265517 -0.0087961521846275856 0.003039686242832418 -0.0028691429945500511 -0.014757844672598126
leaf_weight=593.07296711206436 30.849844750016928 2514.0670671612024 3583.5260525904596 7432.4978420510888 918.19654446840286 1383.538161251694 209.91749423369765 1003.8667499236763 119.8619104847312 298.81575892865658 80.219087526202202 141.99626814946532 934.27194419503212 222.31136180087924
leaf_count=6372 285 20381 30685 65661 8687 12213 1365 6853 1088 1710 554 1226 8246 2420
internal_value=-5.56762e-06 0.000156508 -0.000601077 0.000257265 -0.00402192 -0.00141885 0.00299879 0.0027778 -0.00127539 0.00226188 0.010397 -0.00881644 0.00134021 -0.0118449
internal_weight=19467 19213.8 15176.6 12139.8 3036.8 1976.61 4037.29 4587.39 7552.36 3827.37 379.035 1060.19 3448.34 253.161
internal_count=167746 165041 132785 104287 28498 18585 32256 37538 66749 30891 2264 9913 28627 2705
is_linear=0
shrinkage=0.035


Tree=95
num_leaves=15
num_cat=0
split_feature=22 24 16 21 21 21 22 21 21 24 23 24 24 15
split_gain=29.6493 45.875 35.7997 31.7802 42.6855 57.2935 41.4207 38.6861 30.5896 40.1348 29.9821 31.8462 27.5578 27.3974
threshold=0.34918159246444708 0.03567874617874623 1.0631552338600161 0.0099786282517015951 0.039619062095880515 0.050632659345865257 0.23581409454345706 0.0069537807721644649 0.037735188379883773 0.028990984894335273 0.1628791689872742 0.030696987174451355 0.029357682913541797 22.473917961120609
decision_type=2 2 2 2 2 2 2 2 2 2 2 2 2 2
left_child=3 8 13 6 -5 -6 7 -1 12 -10 11 -8 -2 -3
right_child=1 2 -4 4 5 -7 10 -9 9 -11 -12 -13 -14 -15
leaf_value=0.0019997194947714032 -0.013807585528762361 0.0048022717857392951 -0.0058872101798154493 0.01187120052595895 -0.012929445597263788 0.0037305478412598789 -0.004456323939218727 -0.014315730226783537 0.0040593562334633173 -0.0045753179761762741 -0.0059473270982838711 0.00505401428458875 -0.0043400299526420707 0.021022143786874295
leaf_weight=6669.1964017562568 472.34007036685944 412.03878595679998 235.89964337646961 650.60912062972784 275.09488509967923 2236.6792632006109 839.73367761448026 173.00213943421841 1154.4416339546442 1510.963682256639 1981.0922975577414 866.01693703979254 1805.8393481969833 180.63637161254883
leaf_count=44409 6137 2184 1879 5036 2676 16301 8609 1286 12626 17449 16216 7658 24542 738
internal_value=-5.79736e-06 -0.00210753 0.0054696 0.000881164 0.00395206 0.00186187 -4.40508e-05 0.0015669 -0.00338598 -0.00083427 -0.00302987 0.00037343 -0.00635472 0.0100126
internal_weight=19463.6 5772.16 828.575 13691.4 3162.38 2511.77 10529 6842.2 4943.58 2665.41 3686.84 1705.75 2278.18 592.675
internal_count=167746 65555 4801 102191 24013 18977 78178 45695 60754 30075 32483 16267 30679 2922
is_linear=0
shrinkage=0.035


Tree=96
num_leaves=15
num_cat=0
split_feature=14 11 10 6 15 22 2 8 8 0 15 11 21 12
split_gain=29.4839 31.7559 33.1264 42.7391 44.8584 25.6758 28.2915 23.6238 20.9795 20.0278 16.8514 16.4874 27.5194 24.8465
threshold=0.22013574093580249 0.20678631961345675 0.73155876994133007 0.12615788727998736 23.890827178955082 0.20288966596126559 0.21671491861343387 -0.33286318182945246 -0.63722968101501454 -0.15780864655971524 21.455722808837894 0.55645331740379345 -0.017704493366181847 0.60092219710350048
decision_type=2 2 2 2 2 2 2 2 2 2 2 2 2 2
left_child=8 7 3 9 -5 6 -4 -2 10 -3 -1 -10 13 -13
right_child=1 2 5 4 -6 -7 -8 -9 11 -11 -12 12 -14 -15
leaf_value=0.020686372514234566 -0.011055356854106425 0.0050977251997551595 -0.0011675969810771973 0.0037082954888183919 0.016246098915597824 -0.0038966521311408998 0.012657593231336394 -0.0017551864278925681 -0.0077500113446010406 0.00029395815896156779 -0.0087317884958121785 0.027879808242603606 -0.013240588986167229 -0.0035282374133532627
leaf_weight=57.616369497030973 378.89825908467174 1201.6283649429679 569.71398766338825 1673.145774975419 435.29583371803164 2464.1693189032376 254.97493989765644 2441.302019584924 1085.5056974887848 8689.9476912133396 29.845156043767929 57.764932043850422 64.963181007653475 52.96905205026269
leaf_count=457 5159 8700 4047 12647 2689 22773 1585 24172 11249 72444 270 454 688 412
internal_value=-6.2016e-06 0.00036669 0.000996543 0.00184928 0.00636124 -0.002111 0.00320727 -0.00303933 -0.00497902 0.000882079 0.0107819 -0.00614822 0.00363251 0.0138081
internal_weight=19457.7 18109.1 15288.9 12000 2108.44 3288.86 824.689 2820.2 1348.66 9891.58 87.4615 1261.2 175.697 110.734
internal_count=167746 154216 124885 96480 15336 28405 5632 29331 13530 81144 727 12803 1554 866
is_linear=0
shrinkage=0.035


Tree=97
num_leaves=15
num_cat=0
split_feature=3 23 17 20 24 6 3 22 16 0 19 15 24 12
split_gain=28.8084 32.3164 30.4241 29.4305 27.7882 26.2652 25.4327 25.1226 22.9925 22.3776 21.6224 20.748 19.0411 17.3498
threshold=1.3313781619071963 0.10839130729436876 0.066972300410270705 0.03682194463908673 0.027059725485742096 -0.23169998824596402 -0.069088779389858232 0.19796442985534671 2.5470607280731206 0.03348244912922383 0.32912015914916998 21.228878974914554 0.030391268432140354 0.9325036108493806
decision_type=2 2 8 2 2 2 2 2 2 2 2 2 2 2
left_child=1 3 4 5 9 11 -7 10 -6 -3 -4 -1 -9 -2
right_child=13 2 7 -5 8 6 -8 12 -10 -11 -12 -13 -14 -15
leaf_value=0.018387789211117032 0.0017870956443007411 -0.014268311149479395 -0.0012684220734189211 0.00098004089468597391 0.0015046933754119336 -0.012876215725555445 -0.0042009576704629889 0.0016652871457937181 -0.010369928499792586 0.0028348619701454585 0.012652119740019124 -0.0054604156877174148 -0.007452062262131378 0.012349081258275905
leaf_weight=83.050778552889824 423.93928382173181 246.02799643203616 533.78165477514267 1133.7748296000063 12581.861968550831 636.30926046893001 1197.1634352095425 350.401377633214 193.09456485882401 143.28054335340858 173.0495426133275 79.148767989128828 1336.3692707940936 342.09268023446202
leaf_count=1066 3089 2480 3826 11563 97312 10916 14559 3407 1974 1223 1184 1032 11830 2285
internal_value=-5.60908e-06 -0.000279863 0.000373553 -0.00351912 0.00103401 -0.00606732 -0.00726523 -0.00324797 0.00131724 -0.00806033 0.00226862 0.00710925 -0.00555942 0.00660219
internal_weight=19453.3 18687.3 15557.9 3129.45 13164.3 1995.67 1833.47 2393.6 12775 389.309 706.831 162.2 1686.77 766.032
internal_count=167746 162372 123236 39136 102989 27573 25475 20247 99286 3703 5010 2098 15237 5374
is_linear=0
shrinkage=0.035


Tree=98
num_leaves=15
num_cat=0
split_feature=9 6 22 21 10 24 17 21 22 17 21 11 22 8
split_gain=28.2718 38.9369 32.2901 36.7322 32.6706 27.0891 45.4666 26.9688 22.8934 21.2049 20.7698 38.1656 29.8473 12.4968
threshold=1.5546597242355349 0.32676012814044958 0.37085860967636114 0.037735188379883773 0.79500892758369457 0.031552704051136977 0.023425397463142875 0.050632659345865257 0.42348992824554449 0.038619806990027435 0.017405906692147258 0.55645331740379345 0.23581409454345706 -0.63722968101501454
decision_type=2 2 2 2 2 2 8 2 2 8 2 2 2 2
left_child=1 2 5 8 -5 7 -7 -1 -4 -3 12 -12 -11 -2
right_child=13 9 3 4 -6 6 -8 -9 -10 10 11 -13 -14 -15
leaf_value=-0.0018924804151865893 0.0074887039183800892 -0.012890458689302289 -0.010809404545307514 0.00074926890575041053 -0.014168488101610284 0.01571282889053623 0.0016303118971598724 0.0025054101826526764 -0.00087052125004242228 0.011135990870874274 0.013416309739661882 -0.013464843894445796 -0.0022374460964649928 -0.014357639028834867
leaf_weight=6526.3358760587871 30.937422551214695 65.731657080352306 939.25161194056273 2072.3293502368033 186.85589349269867 288.38168636709452 4857.5536104775965 2302.8682062476873 407.70209027826786 308.13388550281525 615.53168810531497 64.121928006410599 564.85039086267352 219.05376337841153
leaf_count=54306 285 435 13872 21843 2134 2237 34582 17876 6155 1669 4584 615 4733 2420
internal_value=-5.7573e-06 0.000149408 -0.000329967 -0.00327791 -0.000541571 0.00043252 0.00244845 -0.000743868 -0.00782964 0.00532718 0.00617598 0.0107217 0.00255558 -0.01147
internal_weight=19449.6 19199.6 17581.3 3606.14 2259.19 13975.1 5145.94 8829.2 1346.95 1618.37 1552.64 679.654 872.984 249.991
internal_count=167746 165041 153005 44004 23977 109001 36819 72182 20027 12036 11601 5199 6402 2705
is_linear=0
shrinkage=0.035


Tree=99
num_leaves=15
num_cat=0
split_feature=2 9 2 24 15 22 15 16 23 23 8 1 17 24
split_gain=27.6924 32.0172 37.7411 33.6147 83.7543 31.8391 26.923 21.1652 20.3735 18.079 18.0009 22.2675 13.4707 12.3707
threshold=-0.41325563192367548 1.5546597242355349 0.21671491861343387 0.035151986405253417 22.31605434417725 0.35694092512130743 25.378752708435062 0.77613982558250438 0.26289419829845434 0.24828879535198214 -0.63722968101501454 -0.41002549231052393 0.066972300410270705 0.028990984894335273
decision_type=2 2 2 2 2 2 2 2 2 2 2 2 8 2
left_child=7 2 3 5 -5 -2 8 10 -4 -9 11 -1 -11 -3
right_child=1 13 6 4 -6 -7 -8 9 -10 12 -12 -13 -14 -15
leaf_value=0.0088261230834030709 -0.00071076356358255595 0.0091289947095641814 0.0012470933566784022 -0.0012666029813420262 0.016165133437372067 -0.0049857096513743057 0.014658071861899656 0.005297018135051572 0.0096734180916681241 0.024254611384309965 0.0064689838474882057 -0.012387105915923206 0.0041606016463908982 -0.015793849113863515
leaf_weight=78.34057080745697 9634.0704399384558 21.002652481198311 3449.7437855266035 1197.366422958672 459.56256306171417 2733.196584943682 212.10494889691472 422.16189014166594 382.02408322691917 131.05046208202839 265.30357431992888 191.5996092967689 64.293319448828697 203.91282191872597
leaf_count=592 76578 219 28627 7796 2651 37618 1365 3293 2264 808 1852 1359 433 2291
internal_value=-6.18652e-06 -0.000338916 -0.000171903 -0.00103106 0.0036362 -0.0016588 0.00280287 0.0052314 0.00211018 0.00959258 0.000116285 -0.00613535 0.0181658 -0.013177
internal_weight=19445.7 18293 18068.1 14024.2 1656.93 12367.3 4043.87 1152.75 3831.77 617.506 535.244 269.94 195.344 224.915
internal_count=167746 159409 156899 124643 10447 114196 32256 8337 30891 4534 3803 1951 1241 2510
is_linear=0
shrinkage=0.035


Tree=100
num_leaves=15
num_cat=0
split_feature=14 16 9 6 4 23 8 17 24 2 8 24 4 15
split_gain=27.3207 28.3479 24.5328 30.0554 28.7414 25.8886 22.926 16.1964 13.0547 12.2787 18.4689 14.3204 15.1886 11.6952
threshold=0.14016597718000415 2.5470607280731206 1.5546597242355349 0.22298138588666919 -0.1799969747662544 0.26289419829845434 -0.67446607351303089 0.060103049501776702 0.030150655657052997 0.14368148893117907 -0.38831791281700129 0.030391268432140354 -0.018186105415225026 21.118991851806644
decision_type=2 2 2 2 2 2 2 8 2 2 2 2 2 2
left_child=6 2 3 4 -2 -5 -1 13 -4 10 -8 -11 -13 -3
right_child=1 7 8 5 -6 -7 9 -9 -10 11 -12 12 -14 -15
leaf_value=0.021501398533304378 0.010753872238306584 0.0020292544784976385 0.008117159305415721 0.0029467039425431388 -0.00017378524333700165 0.014641839264554011 -0.0045982931363451138 -0.0033239774194427684 -0.018137928661779431 -0.013487733421581872 -0.020129616937129717 -0.00095791931018797416 0.030060210698245968 -0.01928906342896311
leaf_weight=21.78975023701787 290.63607685640454 37.105077095329762 22.303084548562765 2212.1293020993471 15288.32694805041 250.47118575870991 194.90888324379921 547.00606775656343 116.59433444961905 47.250765703618526 185.71974594891071 58.728296410292387 18.410665974020958 148.7610891610384
leaf_count=187 2070 415 234 16703 132712 1372 1802 5938 1171 596 2040 610 177 1719
internal_value=-5.06609e-06 0.000215814 0.000489386 0.000605826 3.68452e-05 0.00419062 -0.00779135 -0.00648596 -0.0136601 -0.00944817 -0.0124978 0.000119141 0.00904526 -0.0151469
internal_weight=19440.1 18913.3 18180.5 18041.6 15579 2462.6 526.808 732.872 138.897 505.018 380.629 124.39 77.139 185.866
internal_count=167746 162334 154262 152857 134782 18075 5412 8072 1405 5225 3842 1383 787 2134
is_linear=0
shrinkage=0.035


Tree=101
num_leaves=15
num_cat=0
split_feature=11 14 17 6 6 11 15 24 8 6 21 24 2 14
split_gain=26.2045 27.3275 29.0656 37.236 29.5038 26.261 23.4627 21.6206 21.5478 21.3372 18.8252 18.7292 16.9831 16.362
threshold=0.20678631961345675 0.14016597718000415 0.071504909545183196 0.32676012814044958 -0.30806502699851984 0.55645331740379345 23.11257362365723 0.035151986405253417 -0.33286318182945246 0.32676012814044958 0.020014503039419655 0.031846072524786002 -0.30872523784637446 0.3333516269922257
decision_type=2 2 8 2 2 2 2 2 2 2 2 2 2 2
left_child=8 5 3 7 11 12 -5 -3 -1 -6 -7 -4 -2 -10
right_child=1 2 4 6 9 10 -8 -9 13 -11 -12 -13 -14 -15
leaf_value=-0.010738836666793284 0.0093539490277711745 0.00041901056347453351 0.014454019118033954 0.0023199560088780396 -0.0068155550464373488 0.016207531120002193 0.014189024362356905 0.0048590826274925421 -0.017669162602500232 0.0003727808982682718 -0.016685447578154603 -0.0038202457989134899 -0.01326965203022905 -0.0013621823450411551
leaf_weight=381.39498679339886 38.255427431315184 11319.885714318603 175.75345704331994 391.69490598514676 1344.3797618150711 76.242247078567743 426.62648034840822 1514.7729603201151 67.961144328117371 805.81122389808297 19.419193770736456 103.51055333390832 382.87437254562974 2389.0351697392762
leaf_count=5275 325 96368 1473 2764 12824 622 2708 8906 943 6872 209 755 4152 23550
internal_value=-4.91122e-06 0.000526999 0.000783478 0.00141137 -0.00273647 -0.00731794 0.00860441 0.000946412 -0.00310651 -0.00413238 0.00858309 0.00778267 -0.0110452 -0.00188303
internal_weight=19437.6 16599.2 16082.4 13653 2429.45 516.791 818.321 12834.7 2838.39 2150.19 95.6614 279.264 421.13 2457
internal_count=167746 137978 132670 110746 21924 5308 5472 105274 29768 19696 831 2228 4477 24493
is_linear=0
shrinkage=0.035


Tree=102
num_leaves=15
num_cat=0
split_feature=3 17 10 8 5 3 19 6 23 16 1 22 3 17
split_gain=25.3546 35.0701 28.1838 29.5771 40.0078 31.6551 29.491 26.5763 34.0291 27.643 26.4871 24.4454 21.964 21.1068
threshold=1.0000000180025095e-35 0.016029549762606624 1.1478294134140017 -0.31790342926979059 -0.10530615597963332 1.0039492845535281 -0.054501255974173539 -0.2843943834304809 0.10839130729436876 0.95266357064247142 0.11494634672999383 0.40473736822605139 -0.43943801522254938 0.038619806990027435
decision_type=2 10 2 2 2 2 2 2 2 2 2 2 2 8
left_child=1 -1 3 4 -2 6 -5 9 11 -3 -10 -9 -11 -7
right_child=2 7 -4 5 -6 13 -8 8 10 12 -12 -13 -14 -15
leaf_value=-0.015797737553677804 0.0030899407177938975 -0.00043711588098223992 -0.0077801870819877821 0.0078204051515593787 -0.0064030589088483287 -0.012180100832762527 0.0010011286123344611 -0.0097802751866335955 -0.0017650822682426716 0.0028987338713602571 0.0030591553091371521 -0.00011003466951003813 0.015980900124479606 0.011959446753131837
leaf_weight=185.57306123897433 1090.3861890994012 960.6120939552784 377.48790237307549 941.31525153666735 1066.4008642360568 39.83276629820466 4259.0265018157661 939.88841969147325 6033.7996461391449 348.94749187678099 1802.5027589686215 483.43142329156399 284.601577706635 619.92703694477677
leaf_count=2217 8206 6986 3370 7726 9139 246 31992 14352 52438 2735 16096 6306 2106 3831
internal_value=-5.12574e-06 -0.00110712 0.00144368 0.00188716 -0.00161166 0.00317544 0.00224813 -0.000841633 -0.00156075 0.00331901 -0.000652929 -0.00651946 0.00893248 0.0103419
internal_weight=19433.7 11039.4 8394.38 8016.89 2156.79 5860.1 5200.34 10853.8 9259.62 1594.16 7836.3 1423.32 633.549 659.76
internal_count=167746 103236 64510 61140 17345 43795 39718 101019 89192 11827 68534 20658 4841 4077
is_linear=0
shrinkage=0.035


Tree=103
num_leaves=15
num_cat=0
split_feature=14 14 15 24 17 22 11 18 5 8 24 15 2 8
split_gain=24.8932 30.2477 29.4484 32.9535 53.3031 30.8432 28.6175 27.9495 27.8173 29.7954 25.612 23.0963 22.043 16.6116
threshold=0.39666378498077398 2.4828850030899052 20.411319732666019 0.035151986405253417 0.024574437178671363 0.35694092512130743 0.25656756758689886 -0.096194308251142488 0.10411835089325906 -0.44379535317420954 0.030835845507681373 21.455722808837894 0.21671491861343387 -0.60873731970787037
decision_type=2 2 2 2 8 2 2 2 2 2 2 2 2 2
left_child=6 2 8 5 -5 -4 -1 -3 9 -2 -9 13 -13 -8
right_child=1 7 3 4 -6 -7 11 10 -10 -11 -12 12 -14 -15
leaf_value=-0.010963534601568282 0.0027586257582870436 0.012730504168930961 0.00214200099449007 0.027673003500682785 0.0044899474734527035 -0.0021393339177962099 0.010307642536318447 8.7605780088605409e-06 0.012646218134317768 -0.0077603784890192054 -0.0089144455795045346 -0.0072514522394377208 0.0016115173407923445 4.2359715970058508e-05
leaf_weight=429.48175400868058 471.25099264085293 107.59647601097822 8127.4788216613233 124.35601207613945 1353.0005601420999 2751.6422896571457 211.49278613552451 703.94630221650004 115.43971189856529 1057.3961036838591 884.98229029402137 1088.3750157728791 495.75507783144712 1507.6662463322282
leaf_count=5243 3833 909 59810 711 8134 33148 1658 7115 922 9780 8206 10074 4519 13684
internal_value=-5.3947e-06 0.00060583 0.00114134 0.00172727 0.00661431 0.00105816 -0.00257047 -0.00379423 -0.00324618 -0.00452073 -0.00498585 -0.00144944 -0.00448507 0.00135751
internal_weight=19429.9 15697.1 14000.6 12356.5 1477.36 10879.1 3732.77 1696.53 1644.09 1528.65 1588.93 3303.29 1584.13 1719.16
internal_count=167746 132568 116338 101803 8845 92958 35178 16230 14535 13613 15321 29935 14593 15342
is_linear=0
shrinkage=0.035


Tree=104
num_leaves=15
num_cat=0
split_feature=14 10 10 8 3 8 21 17 24 3 24 5 4 21
split_gain=23.8124 26.2239 39.3745 36.8979 28.155 35.4919 22.3989 36.666 23.3161 21.5705 29.3107 22.1601 21.4056 21.0349
threshold=0.22013574093580249 0.36037077009677893 0.636783927679062 -0.3564597219228744 1.0039492845535281 -0.27956028282642359 -0.05086581036448478 0.036495011299848563 0.03171984106302262 1.9729520678520205 0.028990984894335273 -0.16491936892271039 -0.0206671142950654 0.050632659345865257
decision_type=2 2 2 2 2 2 2 8 2 2 2 2 2 2
left_child=-1 3 4 12 13 -6 8 -8 -5 11 -11 -4 -2 -3
right_child=1 2 9 6 5 -7 7 -9 -10 10 -12 -13 -14 -15
leaf_value=-0.0045033801680612979 -0.0028485109361423922 0.0010822536669083261 0.0041415782137361684 -0.011292220683580691 -0.003718982124004263 0.021507179142338628 0.0029258679752528637 -0.0085871477474237599 0.0010254072728499044 0.034766183485474403 0.0030891675882780468 -0.0030665637537522824 -0.013503942046247672 0.0050669854754291808
leaf_weight=1331.948240917176 469.29975450783968 6569.1448519192636 594.2428300306201 400.53433696180582 99.798053331673145 190.02764232456684 2224.9676265791059 389.56589042022824 344.84441893547773 31.60622713342309 274.92194787040353 3897.595522057265 458.07932298630476 2148.97109907493
leaf_count=13530 5053 52416 4484 3219 739 1058 22547 4154 2472 247 1917 33682 5184 17044
internal_value=-4.81815e-06 0.000328645 0.00107118 -0.00205946 0.00243442 0.0129865 -0.000345379 0.00118424 -0.00565542 -0.00148776 0.00735057 -0.00210589 -0.00819968 0.00206915
internal_weight=19425.5 18093.6 13806.3 4287.29 9007.94 289.826 3359.91 2614.53 745.379 4798.37 306.528 4491.84 927.379 8718.12
internal_count=167746 154216 111587 42629 71257 1797 32392 26701 5691 40330 2164 38166 10237 69460
is_linear=0
shrinkage=0.035


Tree=105
num_leaves=15
num_cat=0
split_feature=11 10 18 22 16 3 19 13 15 8 8 2 15 19
split_gain=23.2054 31.9671 34.2623 28.7192 24.2866 27.6908 21.9451 21.8883 19.7092 18.9247 18.0204 27.876 20.6883 16.4513
threshold=0.20678631961345675 0.636783927679062 0.1935326233506203 0.20288966596126559 1.546687185764313 -0.46310503780841822 0.43636399507522589 0.27150820195674902 24.268281936645511 -0.33286318182945246 -0.63722968101501454 0.21671491861343387 21.228878974914554 -0.18819576501846311
decision_type=2 2 2 2 2 2 2 2 2 2 2 2 2 2
left_child=9 2 4 6 5 -2 7 -3 -4 -1 12 -12 -5 -6
right_child=1 3 8 10 13 -7 -8 -9 -10 -11 11 -13 -14 -15
leaf_value=-0.010157396735880059 -0.0048508464266310107 0.0096820746258224812 0.0075496739380316469 0.013690057678295543 0.0098977090732725558 0.0023785122510343094 0.012801195871668525 -0.0015996064613428766 0.028356380374240698 -0.001790581065475138 -0.0066970542838475054 -0.0007180652413765413 -0.0033197733541993502 -0.0041847659042589446
leaf_weight=374.30492537096143 694.29026954248548 256.49965100735426 455.83900421857834 151.88580436632037 100.70969882234931 8367.7371109984815 208.2616002894938 996.64808901771903 56.502350460737944 2450.4656661972404 1974.5254427008331 1846.9150565415621 184.17927950248122 1303.7085979022086
leaf_count=5275 5498 1628 3640 1268 958 67010 1313 6963 359 24493 19191 16297 1724 12129
internal_value=-4.44484e-06 0.000495121 0.00159354 -0.00165009 0.00115577 0.0018199 0.00255812 0.000767946 0.0103432 -0.00293117 -0.00313191 -0.0038168 0.00454133 -0.00311209
internal_weight=19422.5 16597.7 10978.8 5618.91 10466.4 9062.03 1461.41 1253.15 512.341 2824.77 4157.51 3821.44 336.065 1404.42
internal_count=167746 137978 89594 48384 85595 72508 9904 8591 3999 29768 38480 35488 2992 13087
is_linear=0
shrinkage=0.035


Tree=106
num_leaves=15
num_cat=0
split_feature=9 6 22 21 22 17 24 2 22 17 21 11 22 8
split_gain=22.9723 28.4671 27.193 33.0004 31.1529 24.0576 35.2364 22.8126 21.5817 19.1423 19.913 34.3131 26.4895 11.248
threshold=1.5546597242355349 0.32676012814044958 0.37085860967636114 0.037735188379883773 0.41938711702823644 0.058697782456874854 0.030956145375967029 -0.45656897127628321 0.42348992824554449 0.038619806990027435 0.017405906692147258 0.55645331740379345 0.23581409454345706 -0.63722968101501454
decision_type=2 2 2 2 2 8 2 2 2 8 2 2 2 2
left_child=1 2 5 8 -5 6 -1 -7 -4 -3 12 -12 -11 -2
right_child=13 9 3 4 -6 7 -8 -9 -10 10 11 -13 -14 -15
leaf_value=-0.00086182429290236379 0.0073814229648924822 -0.012780173683561283 -0.010279636417648284 0.0038203115530855993 -0.0043861659071613122 0.0069066498055540392 0.003094688290841576 -0.0033949731618123967 -0.00058624150206950569 0.0098386221747443405 0.012271224197491578 -0.013251366912462901 -0.0026845006450837614 -0.01332894554584392
leaf_weight=5362.573031745851 30.999079097062349 65.517671152949333 922.70192262157798 1090.8626151457429 1157.8441814817488 282.77701863273978 5658.5297073423862 2661.8966144099832 404.71724555641413 312.49264902621508 624.42618039622903 63.623457223176956 568.93970292434096 211.43152840808034
leaf_count=44117 285 435 13872 11069 12908 1969 41136 21779 6155 1669 4584 615 4733 2420
internal_value=-3.60919e-06 0.000134399 -0.000278287 -0.00299702 -0.000405861 0.000419527 0.00117052 -0.00238568 -0.0073507 0.00453688 0.00533611 0.00975514 0.00181586 -0.0104932
internal_weight=19419.3 19176.9 17541.9 3576.13 2248.71 13965.8 11021.1 2944.67 1327.42 1635 1569.48 688.05 881.432 242.431
internal_count=167746 165041 153005 44004 23977 109001 85253 23748 20027 12036 11601 5199 6402 2705
is_linear=0
shrinkage=0.035


Tree=107
num_leaves=15
num_cat=0
split_feature=14 11 16 9 18 4 21 14 2 2 24 20 9 23
split_gain=22.1773 25.5946 23.9407 21.7675 26.4204 26.6839 17.8313 17.4363 16.2089 16.4919 12.4355 12.0404 11.1423 10.3165
threshold=0.14016597718000415 0.55645331740379345 2.5470607280731206 1.5546597242355349 0.22235168516635898 -0.1799969747662544 0.020014503039419655 2.8661396503448491 -0.30872523784637446 0.14368148893117907 0.029357682913541797 0.022425538860261444 0.70500066876411449 0.26289419829845434
decision_type=2 2 2 2 2 2 2 2 2 2 2 2 2 2
left_child=1 8 3 4 5 -2 11 -6 -1 -10 -5 -3 -4 -14
right_child=2 6 12 10 7 -7 -8 -9 9 -11 -12 -13 13 -15
leaf_value=0.0091139225507880471 0.010158243724686407 0.0056058791958140267 -0.014612180061984739 0.011549445507886632 0.0084805974260716982 2.104163677347375e-05 -0.016257176916658352 -0.0016925995248554459 -0.016868236306253524 0.00015257105688437281 -0.01673201308014945 0.034590838707189576 -0.0014325579014522996 -0.01303476331177968
leaf_weight=38.452804464846849 314.28231129050255 57.615588806569576 138.54933409020305 15.05684771388769 791.2098048441112 16660.11527068913 18.988373979926109 274.01421293616295 292.3031841032207 90.412347670644522 120.8502312079072 18.947252217680216 476.74845738336444 107.90529372543097
leaf_count=326 2225 475 1610 153 6187 141987 209 2458 3177 1078 1252 147 5428 1034
internal_value=-4.0765e-06 -0.00708787 0.000193251 0.00044315 0.000551752 0.000214603 0.00861274 0.00587228 -0.010767 -0.0129458 -0.013022 0.0159463 -0.0060076 -0.00375708
internal_weight=19415.5 516.72 18898.7 18175.5 18039.6 16974.4 95.5512 1065.22 421.168 382.716 135.907 76.5628 723.203 584.654
internal_count=167746 5412 162334 154262 152857 144212 831 8645 4581 4255 1405 622 8072 6462
is_linear=0
shrinkage=0.035


Tree=108
num_leaves=15
num_cat=0
split_feature=2 9 6 17 16 12 15 22 16 9 23 15 10 17
split_gain=21.8482 25.2823 31.2844 29.9216 35.2441 22.9579 21.6299 21.8951 19.0141 17.0133 16.5071 13.7549 12.2938 16.8527
threshold=-0.41325563192367548 1.5546597242355349 0.22298138588666919 0.057369727641344077 2.4242618083953862 0.97137558460235607 20.555660247802738 0.1297867298126221 0.77613982558250438 0.65997818112373363 0.24828879535198214 21.455722808837894 0.53125309944152843 0.043860815465450294
decision_type=2 2 2 8 2 2 2 2 2 2 2 2 2 10
left_child=8 2 3 4 -2 -5 9 -8 11 -4 -10 -1 13 -12
right_child=1 -3 6 5 -6 -7 7 -9 10 -11 12 -13 -14 -15
leaf_value=0.0036333994818820246 0.00023600735687889451 -0.011938520018968456 0.026093147226723911 -0.0085550420036117659 -0.013709196849462355 -0.0018455245664560462 0.023714508802442344 0.0021753730947879847 0.004646056322754534 -0.0052958744381304658 0.0016378744390326146 -0.0080620353018710025 0.006726091027601076 0.032835159814215892
leaf_weight=364.92240243405104 12256.017291076481 215.884357213974 74.787132579833269 903.69380909949541 216.10247288271785 2000.338506411761 49.332647308707237 2509.2305280864239 427.03359121829271 24.220758378505707 29.902669042348862 173.47397947311401 95.612358659505844 73.454392328858376
leaf_count=2580 108365 2510 549 7730 2554 18382 267 18867 3293 185 183 1223 611 447
internal_value=-4.13955e-06 -0.000301754 -0.000155909 -0.00076248 -1.64085e-05 -0.00395562 0.00334328 0.00268139 0.00462322 0.0186329 0.00872077 -0.000213223 0.0168252 0.0247501
internal_weight=19414 18249.6 18033.7 15376.2 12472.1 2904.03 2657.57 2558.56 1164.4 99.0079 626.003 538.396 198.969 103.357
internal_count=167746 159409 156899 137031 110919 26112 19868 19134 8337 734 4534 3803 1241 630
is_linear=0
shrinkage=0.035


Tree=109
num_leaves=15
num_cat=0
split_feature=22 4 21 20 22 21 23 20 21 5 23 17 5 10
split_gain=21.8293 34.4885 29.4239 65.6297 34.8251 35.8226 29.971 28.7452 26.1863 22.9349 21.8313 25.8629 21.4311 20.7493
threshold=0.34918159246444708 0.049203328788280494 0.0099786282517015951 -0.033910721540451043 0.23581409454345706 0.0069537807721644649 0.1628791689872742 -0.030867527239024636 -0.0087223635055124742 -0.055548353120684617 0.19652975350618365 0.058697782456874854 -0.0044512299355119458 0.95338001847267162
decision_type=2 2 2 2 2 2 2 2 2 2 2 8 2 2
left_child=2 9 4 -4 5 8 -6 -5 -1 10 -2 -12 -8 -3
right_child=1 13 3 7 6 -7 12 -9 -10 -11 11 -13 -14 -15
leaf_value=0.0010818514454861224 -0.0020075553792501632 0.0038954895735468487 -0.012476245889179506 0.018761120875012329 0.00052622841141262294 -0.014018852286629521 -0.0029567212032978727 0.004338307700332414 0.0089435928561806023 -0.0051368502616689245 0.013993968106140469 -0.012226922014526838 -0.010509455161498529 -0.0095500088140628089
leaf_weight=6129.2028491050005 914.72471476718783 1422.9937720149755 270.87379565089941 171.94349537044764 1697.5969245694578 171.33757418394089 1237.5936401151121 2726.7638839893043 557.52502582222223 2955.1004710197449 226.53681983798742 49.02159021794796 734.11677520722151 146.34905342385173
leaf_count=41011 12761 13686 2676 1173 16267 1286 10293 20164 3398 35119 1831 435 5923 1723
internal_value=-3.25672e-06 -0.00181846 0.000754869 0.00370556 -0.0001362 0.00133593 -0.00288382 0.00525539 0.00174972 -0.00348928 0.000609856 0.00906447 -0.00580763 0.0025891
internal_weight=19411.7 5714.73 13697 3169.58 10527.4 6858.07 3669.31 2898.71 6686.73 4145.38 1190.28 275.558 1971.71 1569.34
internal_count=167746 65555 102191 24013 78178 45695 32483 21337 44409 50146 15027 2266 16216 15409
is_linear=0
shrinkage=0.035


Tree=110
num_leaves=15
num_cat=0
split_feature=3 17 17 15 3 11 24 17 11 11 2 22 20 21
split_gain=21.759 32.909 26.2856 35.6141 26.9962 25.6296 23.5432 31.5844 38.1757 27.5372 24.2478 23.533 21.2616 28.3816
threshold=1.0000000180025095e-35 0.016029549762606624 0.048853553831577308 25.378752708435062 1.3313781619071963 0.49209259450435644 0.031552704051136977 0.023425397463142875 0.37330733239650732 0.20678631961345675 -0.031232580542564389 0.22323016822338107 -0.050431339070200913 0.0099786282517015951
decision_type=2 10 8 2 2 2 2 10 2 2 2 2 2 2
left_child=1 -1 6 4 11 -6 9 -8 -9 -2 -11 -4 -3 -14
right_child=2 12 3 -5 5 -7 7 8 -10 10 -12 -13 13 -15
leaf_value=-0.015372316464736888 -0.0044137403358127164 0.0027683300104532865 0.0014662770593586363 0.014241462028468739 0.012628927679755901 -0.0020779762269169002 0.020594803682256149 0.0020611245578662971 0.018061066620088311 -0.001304524692663761 0.0060522904953152689 -0.0049230669653781032 -0.0032973729289003145 0.00061633754635358098
leaf_weight=182.50188890099525 743.64929701387882 1735.5631370432675 1057.8796209543943 174.53335323929787 286.79880049824715 279.34446172043681 169.86834373325109 1061.2884617112577 211.55346711724997 875.77591719478369 1446.4923346154392 2091.2308771684766 4795.072014041245 4296.9980175197124
leaf_count=2217 6728 12463 6283 1166 1820 2190 1050 6907 1392 7244 11665 18065 44287 44269
internal_value=-3.76102e-06 -0.00102689 0.00133716 -0.000770213 -0.00151176 0.00546218 0.00315297 0.00682442 0.00484046 0.00140875 0.00328418 -0.00277885 -0.000771133 -0.00144907
internal_weight=19408.5 11010.1 8398.41 3889.79 3715.25 566.143 4508.63 1442.71 1272.84 3065.92 2322.27 3149.11 10827.6 9092.07
internal_count=167746 103236 64510 29524 28358 4010 34986 9349 8299 25637 18909 24348 101019 88556
is_linear=0
shrinkage=0.035


Tree=111
num_leaves=15
num_cat=0
split_feature=14 11 0 21 24 10 14 15 8 23 10 15 6 15
split_gain=20.8426 28.0935 27.7009 32.8616 32.8 27.8489 26.8976 23.1217 31.2002 20.6239 20.6222 23.1097 19.4734 17.323
threshold=0.39666378498077398 0.36068023741245275 -0.038903249427676194 0.037735188379883773 0.028592240996658806 0.41570769250392919 2.8661396503448491 20.267002105712894 -0.47667078673839564 0.088230554014444365 0.81774538755416881 25.378752708435062 0.57756438851356517 21.398921966552738
decision_type=2 2 2 2 2 2 2 2 2 2 2 2 2 2
left_child=1 -1 7 4 5 -4 -6 8 -2 -9 11 -5 -12 -3
right_child=2 13 3 10 6 -7 -8 9 -10 -11 12 -13 -14 -15
leaf_value=-0.0059104666753535982 0.0067664896343207536 0.0037387189692612514 -0.017273403897779867 0.0025501626415129954 -0.00021177888796472926 -0.0034362219306565589 -0.0074928833827280685 -0.0053933818628875757 -0.01222220785936849 0.0039092688324555043 -0.011823230508935018 0.021903992056162551 0.0055424451454409449 -0.002556816744733085
leaf_weight=1563.8268773257732 162.93172346800566 954.14052322134376 282.15929155051708 3267.6117260232568 5304.6627898178995 473.62355175986886 694.10259420797229 303.43776725977659 268.55306349694729 4532.8721244223416 222.23362005501986 67.614162426441908 112.64591616764665 1194.165839523077
leaf_count=16476 1267 8024 2946 28792 43789 3961 6863 4161 2473 34661 2246 454 955 10678
internal_value=-3.03956e-06 -0.00235785 0.00055515 -0.000490405 -0.001938 -0.00876022 -0.00106533 0.00262125 -0.00506109 0.00331568 0.00217182 0.00300682 -0.00599048 0.000243626
internal_weight=19404.6 3712.13 15692.4 10424.7 6754.55 755.783 5998.77 5267.79 431.485 4836.31 3670.11 3335.23 334.88 2148.31
internal_count=167746 35178 132568 90006 57559 6907 50652 42562 3740 38822 32447 29246 3201 18702
is_linear=0
shrinkage=0.035


Tree=112
num_leaves=15
num_cat=0
split_feature=11 10 6 2 3 8 22 15 22 24 19 13 8 8
split_gain=20.6547 27.556 31.254 30.1475 27.1761 26.2998 25.8036 24.5642 20.5388 20.04 19.5788 19.5673 17.8203 16.3764
threshold=0.20678631961345675 0.636783927679062 -0.036139478906989091 -0.38054229319095606 1.0039492845535281 -0.72699072957038868 0.20288966596126559 21.761213302612308 0.35694092512130743 0.035151986405253417 0.43636399507522589 0.27150820195674902 -0.31790342926979059 -0.63722968101501454
decision_type=2 2 2 2 2 2 2 2 2 2 2 2 2 2
left_child=12 2 3 5 8 -2 10 -6 -4 -5 11 -3 -1 -8
right_child=1 6 4 9 7 -7 13 -9 -10 -11 -12 -13 -14 -15
leaf_value=-0.0092178279427630391 -0.011838681832898209 0.0091432157937814534 0.004999916622562545 -0.0017925884233298132 -0.003975643708849905 0.007531045359247342 0.0043593288709739449 0.021175137831575871 -3.7163524749045265e-05 0.0046791082039621453 0.01208259206904971 -0.0014949356660368359 -0.0015638471195787277 -0.0035995415261531804
leaf_weight=433.3375354334712 86.240620654076338 258.51609297841787 2586.2474677339196 4954.9136795140803 59.730427093803883 866.51019529625773 337.05352400615811 179.67988857626915 1604.2246160954237 654.91877496987581 210.07964462041855 993.96707636862993 2378.7271935865283 3797.9702317081392
leaf_count=6107 628 1628 17919 43320 361 5952 2992 1042 16448 3924 1313 6963 23661 35488
internal_value=-3.59115e-06 0.000467017 0.0014845 -4.9774e-05 0.00375242 0.00567299 -0.00153019 0.0149925 0.00307609 -0.00103007 0.00245379 0.000755839 -0.00277181 -0.00294185
internal_weight=19402.1 16590.1 10992.5 6562.58 4429.88 952.751 5597.59 239.41 4190.47 5609.83 1462.56 1252.48 2812.06 4135.02
internal_count=167746 137978 89594 53824 35770 6580 48384 1403 34367 47244 9904 8591 29768 38480
is_linear=0
shrinkage=0.035


Tree=113
num_leaves=15
num_cat=0
split_feature=14 11 10 8 17 16 15 8 15 15 24 8 21 2
split_gain=20.2174 24.3489 21.7335 27.1483 27.1067 36.1087 30.1003 22.3107 19.3064 18.8674 20.7261 18.6297 16.9118 15.2443
threshold=0.14016597718000415 0.55645331740379345 0.31747992336750036 -0.34853559732437128 0.057369727641344077 2.4242618083953862 25.378752708435062 -0.63722968101501454 20.856365203857425 20.507468223571781 0.035151986405253417 -0.51593270897865284 0.020014503039419655 -0.30872523784637446
decision_type=2 2 2 2 8 2 2 2 2 2 2 2 2 2
left_child=1 13 3 11 5 7 8 -4 -6 -5 -11 -2 -3 -1
right_child=2 12 4 9 6 -7 -8 -9 -10 10 -12 -13 -14 -15
leaf_value=0.0087897636752735184 0.0062350471060626826 0.015548279235615707 -0.0053633681068326975 -0.0064084539961387398 0.0033272866916552487 -0.01320563581195024 0.013245895261481252 0.0022579158410265974 -0.0028631653075709847 -0.000516850522759132 0.011694193953597228 -0.012556824046903989 -0.015932546724049139 -0.012564397092174488
leaf_weight=38.712801497429609 69.315296862274408 77.061788473278284 483.50896127521992 581.56127550452948 716.09479524567723 187.09913482517004 155.26098069921136 10397.169639300555 4147.4948914125562 1529.7498949840665 181.50398430228233 436.62171871215105 18.669882200658321 378.0068255700171
leaf_count=326 904 622 3661 6209 5754 2108 1132 83794 36197 15871 1137 5567 209 4255
internal_value=-3.13184e-06 -0.00679493 0.000184661 -0.00265632 0.000680278 0.00164734 -0.00145135 0.00191463 -0.00194675 -0.00101933 0.000838728 -0.00991132 0.00848257 -0.0104211
internal_weight=19397.8 512.451 18885.4 2798.75 16086.6 11067.8 5018.85 10880.7 4863.59 2292.82 1711.25 505.937 95.7317 416.72
internal_count=167746 5412 162334 29688 132646 89563 43083 87455 41951 23217 17008 6471 831 4581
is_linear=0
shrinkage=0.035


Tree=114
num_leaves=15
num_cat=0
split_feature=22 24 15 20 24 16 13 21 20 22 21 23 24 20
split_gain=19.3708 34.2057 29.9618 29.5181 31.9258 29.0328 31.2899 26.9088 61.4869 30.9308 32.9134 28.7391 28.8787 26.7227
threshold=0.34918159246444708 0.03567874617874623 24.512570381164554 -0.023568059317767617 0.027782052755355838 0.7964843511581422 0.80270540714263927 0.0099786282517015951 -0.033910721540451043 0.23581409454345706 0.0069537807721644649 0.1628791689872742 0.030696987174451355 -0.030867527239024636
decision_type=2 2 2 2 2 2 2 2 2 2 2 2 2 2
left_child=7 3 5 -2 -5 -3 -7 9 -9 10 -1 12 -11 -10
right_child=1 2 -4 4 -6 6 -8 8 13 11 -12 -13 -14 -15
leaf_value=0.0016348987769425945 0.0072154719384468985 0.0097370698361837916 0.030912566214886628 0.0039181940005742263 -0.0047120286948725979 -0.007092665133106961 0.021876263722837203 -0.01220689069704857 0.017966713611233451 -0.0040399791662232148 -0.013569919342602248 -0.0056119745614357924 0.0050483411075361757 0.0041313000564026352
leaf_weight=6696.0743682943285 324.41190639138222 392.00829380750656 40.754207916557789 597.76010882109404 3944.5181292816997 354.85448412597179 42.401258617639542 268.58687280863523 173.8681864887476 829.55244678258896 169.12656526267529 1962.0278226472437 864.53048820793629 2734.7540195584297
leaf_count=44409 4304 1963 193 5534 50916 2390 255 2676 1173 8609 1286 16216 7658 20164
internal_value=-3.41294e-06 -0.00171687 0.00481166 -0.0028379 -0.00357019 0.00309402 -0.00353941 0.000709882 0.0035273 -0.000143458 0.00124113 -0.00273964 0.000600413 0.00501706
internal_weight=19395.2 5696.71 830.018 4866.69 4542.28 789.264 397.256 13698.5 3177.21 10521.3 6865.2 3656.11 1694.08 2908.62
internal_count=167746 65555 4801 60754 56450 4608 2645 102191 24013 78178 45695 32483 16267 21337
is_linear=0
shrinkage=0.035


Tree=115
num_leaves=15
num_cat=0
split_feature=14 18 14 18 10 24 24 17 7 12 21 9 1 17
split_gain=19.2172 23.3109 26.7253 29.2824 27.8542 24.9464 23.6434 23.9914 20.8053 19.3103 18.3692 19.3569 18.0607 17.9431
threshold=0.2668085396289826 -0.06844171509146689 2.4828850030899052 0.1935326233506203 0.75213748216629039 0.030835845507681373 0.03279035538434983 0.08558454737067224 -0.26935234665870661 1.4322144985198977 -0.015407797880470751 0.38078191876411444 -0.23782337456941602 0.074306964874267592
decision_type=2 2 2 2 2 2 2 8 2 2 2 2 2 8
left_child=8 6 3 13 -5 -4 9 12 10 -2 11 -1 -8 -3
right_child=1 2 5 4 -6 -7 7 -9 -10 -11 -12 -13 -14 -15
leaf_value=0.018802737307288642 0.00040041351938742198 -6.2504491739618727e-06 0.00029026465058733865 0.01039960858656171 -0.000546046234353099 -0.0086585150188464473 0.00070748945093672768 -0.0097631544721928035 -0.0065175096225089423 0.013913962621212583 -0.0059665621508384397 0.0015669886320248097 0.010908983046845839 -0.0060160082326687894
leaf_weight=88.979450881481171 2990.826224502176 9894.5433029197156 684.10601325705647 626.39133537188172 513.78165438398719 851.21317479386926 289.87740129977465 90.560949094593525 1075.5799457840621 125.43672431260347 293.58353930339217 424.04679721221328 802.62251296639442 638.46892409399152
leaf_count=777 25777 83831 6971 4819 4669 8032 1830 745 11496 1113 3425 3244 5270 5747
internal_value=-2.59556e-06 0.000359351 -0.000369652 0.000202779 0.00550544 -0.00469505 0.00259467 0.00678528 -0.00335347 0.000987132 0.000893794 0.00485871 0.00823315 -0.000375898
internal_weight=19390 17507.8 13208.5 11673.2 1140.17 1535.32 4299.32 1183.06 1882.19 3116.26 806.61 513.026 1092.5 10533
internal_count=167746 148804 114069 99066 9488 15003 34735 7845 18942 26890 7446 4021 7100 89578
is_linear=0
shrinkage=0.035


Tree=116
num_leaves=15
num_cat=0
split_feature=3 17 10 8 5 19 3 11 11 10 14 8 14 21
split_gain=19.3373 30.8018 23.7087 25.2042 34.9336 25.5034 25.7539 23.5529 20.4804 26.2993 22.7974 18.8174 18.3681 17.2236
threshold=1.0000000180025095e-35 0.016029549762606624 1.1478294134140017 -0.31790342926979059 -0.10530615597963332 -0.10340578854084014 0.6727714240550996 0.22725104540586474 0.50904381275177013 0.79500892758369457 0.19576018303632739 -0.63722968101501454 2.4828850030899052 -0.015407797880470751
decision_type=2 10 2 2 2 2 2 2 2 2 2 2 2 2
left_child=1 -1 3 4 -2 7 -7 -5 10 -10 -3 -11 -12 -4
right_child=2 8 13 5 -6 6 -8 -9 9 11 12 -13 -14 -15
leaf_value=-0.014953860578192295 0.0027999925472507641 -0.0085899286278991373 0.0001247391007003718 -0.0063588854186001874 -0.0060823912704010422 0.00082895181081436788 0.0068336845428956482 0.012767673964135336 0.014112949226440625 0.0093563612219609536 -0.0002284895847748503 -0.0038670244799672146 -0.0050454610982397716 -0.01473857816853251
leaf_weight=179.61327028274536 1094.5934861525893 471.53724057227373 191.82696432620287 87.425390023738146 1056.9101589657366 4206.1165139600635 1096.009807895869 486.652075458318 237.89955203235149 186.18340681865811 8434.9392230063677 391.99920439347625 1085.8677101284266 179.87403981015086
leaf_count=2217 8206 5243 1456 832 9139 32315 6810 3838 1850 1520 77425 3835 11146 1914
internal_value=-2.37652e-06 -0.00096844 0.00126107 0.00166442 -0.00157137 0.00284983 0.00208073 0.00979592 -0.000722424 0.00457535 -0.00115924 0.00047778 -0.000782593 -0.00726563
internal_weight=19387.4 10988 8399.41 8027.71 2151.5 5876.2 5302.13 574.077 10808.4 816.082 9992.34 578.183 9520.81 371.701
internal_count=167746 103236 64510 61140 17345 43795 39125 4670 101019 7205 93814 5355 88571 3370
is_linear=0
shrinkage=0.035


Tree=117
num_leaves=15
num_cat=0
split_feature=3 17 24 15 22 20 15 3 17 6 11 15 22 8
split_gain=18.3857 19.9875 31.0091 55.6617 31.2578 40.9613 30.0194 42.0787 29.6605 29.0937 20.1859 19.8421 15.4484 15.2715
threshold=1.3313781619071963 0.054933378472924239 0.035151986405253417 21.761213302612308 0.35694092512130743 -0.0012952625402249394 20.856365203857425 0.030492129735648636 0.022192208096385006 0.03162138722836972 0.3200130313634873 25.378752708435062 0.20288966596126559 -0.25636136531829828
decision_type=2 8 2 2 2 2 2 2 10 2 2 2 2 2
left_child=1 2 4 10 5 -1 7 -3 -6 -5 -4 12 -8 -2
right_child=13 6 3 9 8 -7 11 -9 -10 -11 -12 -13 -14 -15
leaf_value=-0.001284155414111765 8.4666334235950568e-05 0.008011573680931772 -0.0039202129617312903 0.019438150672319535 -0.013622749208174818 0.0034986155936367284 -0.00030655362123266068 -0.0099108958437489226 -0.0020203410048471528 0.0033463094061329632 0.0067508966012236214 0.012767078663694217 -0.0049123409418746853 0.0098568396545315393
leaf_weight=4701.2611512728035 371.62330405786633 674.54490555822849 607.98441080003977 366.62278633564711 290.31223420798779 4096.0892286375165 1262.0174539200962 200.38656273856759 2730.820325192064 224.55561047792435 324.80301594734192 83.478800673037767 3044.948989007622 404.7071217186749
leaf_count=38142 2880 5563 3889 1987 4493 29567 8672 1481 35416 1143 1876 641 29502 2494
internal_value=-2.77217e-06 -0.000224182 0.000496576 0.0051783 -0.000110989 0.00094417 -0.00204806 0.00384116 -0.00317653 0.0134831 -0.000172266 -0.00322773 -0.0035666 0.00523954
internal_weight=19384.2 18607.8 13342.4 1523.97 11818.5 8797.35 5265.38 874.931 3021.13 591.178 932.787 4390.45 4306.97 776.33
internal_count=167746 162372 116513 8895 107618 67709 45859 7044 39909 3130 5765 38815 38174 5374
is_linear=0
shrinkage=0.035


Tree=118
num_leaves=15
num_cat=0
split_feature=3 17 10 8 5 15 19 17 11 10 23 14 8 24
split_gain=18.3868 28.8392 22.2502 23.2932 32.799 26.8436 31.6734 25.7854 19.2849 26.5852 21.4029 21.0081 19.0856 16.4286
threshold=1.0000000180025095e-35 0.016029549762606624 1.1478294134140017 -0.31790342926979059 -0.10530615597963332 22.394638061523441 -0.10340578854084014 0.016029549762606624 0.5300196409225465 0.79500892758369457 0.09382189437747003 0.10663916170597078 -0.63722968101501454 0.027931897900998596
decision_type=2 10 2 2 2 2 2 8 2 2 2 2 2 2
left_child=1 -1 3 4 -2 7 -7 -5 10 -10 -3 -12 -11 -4
right_child=2 8 13 5 -6 6 -8 -9 9 12 11 -13 -14 -15
leaf_value=-0.014571426537292508 0.0027311293890429204 -0.0065367517835337365 0.018213155603778255 0.019699078359759963 -0.0058835781835760124 0.017322758830031117 0.0040397605434297611 -0.0001081991149689787 0.016648259282761622 0.010035796508953242 -0.015648907813656621 -0.00043219285198403586 -0.003969875352931738 -0.0089826510447016637
leaf_weight=177.05341819301248 1095.8036408014596 803.4947470612824 20.20826943218708 72.785467237234116 1051.8735513202846 231.51277981698513 2650.3676736354828 2927.9784732572734 167.25756522268057 172.12134847790003 102.51402867585421 9221.5093246027827 335.24495563283563 349.38250666856766
leaf_count=2217 8206 12725 172 549 9139 1646 18457 23143 1297 1389 1070 81263 3275 3198
internal_value=-2.43928e-06 -0.000945072 0.0012293 0.00161888 -0.00149583 0.00275663 0.00516305 0.000436072 -0.000708458 0.00497818 -0.0010918 -0.000616081 0.000883616 -0.00705502
internal_weight=19379.1 10979.2 8399.91 8030.32 2147.68 5882.64 2881.88 3000.76 10802.1 674.624 10127.5 9324.02 507.366 369.591
internal_count=167746 103236 64510 61140 17345 43795 20103 23692 101019 5961 95058 82333 4664 3370
is_linear=0
shrinkage=0.035


Tree=119
num_leaves=15
num_cat=0
split_feature=14 11 0 23 15 10 5 23 22 11 22 6 15 16
split_gain=17.3367 25.7835 23.5609 24.9266 20.8462 20.4288 27.1834 17.8605 17.7403 16.8342 15.9678 15.7478 15.6047 15.393
threshold=0.39666378498077398 0.36068023741245275 -0.038903249427676194 0.41836158931255346 20.267002105712894 0.95338001847267162 0.12643745541572574 0.088230554014444365 0.30788511037826544 0.64944052696228038 0.48898293077945715 -0.30806502699851984 21.398921966552738 0.38747040927410131
decision_type=2 2 2 2 2 2 2 2 2 2 2 2 2 2
left_child=1 8 4 5 -2 6 -4 11 -1 -7 -10 -6 -3 -9
right_child=2 12 3 -5 7 9 -8 13 10 -11 -12 -13 -14 -15
leaf_value=-0.0020269193434829663 -0.0049054484133001387 0.0036444374234409923 -0.00085920684489235947 -0.013586540370515635 0.015479257419313398 -0.0095164095650679056 0.003549560484383285 -0.0074105982366949302 -0.011070796314168609 0.0041533795131005616 0.0071100883885490008 -0.0079106384594486573 -0.0023371452965310138 0.0039807435608685323
leaf_weight=824.34704627841711 429.43978589773178 955.04673942923546 7414.2574628517032 164.26765375211835 30.949378307908773 469.72652415186167 2217.1313577368855 141.32700973749161 667.05533050745726 137.00477477908134 58.118241406977177 269.62217435240746 1187.0390027277172 4410.1159752942622
leaf_count=6596 3740 8024 64500 1482 346 4555 18114 1056 8911 1355 969 3815 10678 33605
internal_value=-2.00443e-06 -0.00215662 0.000506193 -0.000460609 0.00240768 -0.000236955 0.000158314 0.00306371 -0.00558016 -0.00641237 -0.00953682 -0.00508135 0.00033428 0.00361156
internal_weight=19375.4 3691.61 15683.8 10402.4 5281.45 10238.1 9631.39 4852.01 1549.52 606.731 725.174 300.572 2142.09 4551.44
internal_count=167746 35178 132568 90006 42562 88524 82614 38822 16476 5910 9880 4161 18702 34661
is_linear=0
shrinkage=0.035


Tree=120
num_leaves=15
num_cat=0
split_feature=3 17 17 15 3 11 24 17 11 11 8 22 20 21
split_gain=17.1211 27.234 21.9774 29.0694 23.3692 21.3833 19.7822 28.9623 34.2639 23.9161 25.4869 19.6877 18.1806 26.7552
threshold=1.0000000180025095e-35 0.016029549762606624 0.048853553831577308 25.378752708435062 1.3313781619071963 0.47733408212661749 0.031552704051136977 0.023425397463142875 0.37330733239650732 0.20678631961345675 -0.27956028282642359 0.22323016822338107 -0.050431339070200913 0.0099786282517015951
decision_type=2 10 8 2 2 2 2 10 2 2 2 2 2 2
left_child=1 -1 6 4 11 -6 9 -8 -9 -2 -11 -4 -3 -14
right_child=2 12 3 -5 5 -7 7 8 -10 10 -12 -13 13 -15
leaf_value=-0.014232316574104936 -0.0042081006451944163 0.0025825939152734571 0.0012614222342618303 0.012706243304717035 0.012191357764908328 -0.0012567853415424747 0.019269313869262079 0.0016579037369078087 0.016711332255857931 -0.0017309094357773121 0.0058002035798920878 -0.004586993329827916 -0.0031142204716890884 0.00069318888992776057
leaf_weight=174.90988811850548 739.33869379758835 1740.3173499554396 1060.4528623372316 177.38266082853079 262.04629587754607 306.16065276414156 172.48351272940636 1066.1272855885327 214.91459492594004 875.31635902822018 1456.3607032299042 2073.0895191654563 4770.7347632683814 4283.8295926637948
leaf_count=2217 6728 12463 6283 1166 1635 2375 1050 6907 1392 7673 11236 18065 44287 44269
internal_value=-2.53959e-06 -0.000912874 0.00118544 -0.000746857 -0.00142401 0.00504883 0.0028401 0.0061899 0.00429323 0.00123969 0.00297769 -0.00261006 -0.000684086 -0.00131411
internal_weight=19373.5 10969.8 8403.67 3879.13 3701.75 568.207 4524.54 1453.53 1281.04 3071.02 2331.68 3133.54 10794.9 9054.56
internal_count=167746 103236 64510 29524 28358 4010 34986 9349 8299 25637 18909 24348 101019 88556
is_linear=0
shrinkage=0.035


Tree=121
num_leaves=15
num_cat=0
split_feature=14 16 15 24 2 22 6 19 15 9 24 12 6 24
split_gain=17.0513 17.6659 27.8073 40.1677 35.0287 28.4705 26.7405 27.7637 33.3453 23.2916 18.46 14.1505 19.2071 19.0788
threshold=0.14016597718000415 1.3088528513908388 23.011245727539066 0.030956145375967029 0.32743917405605322 0.19796442985534671 -0.21772951632738111 0.097815036773681655 21.829610824584964 1.1698970794677737 0.027782052755355838 0.50828117132186901 -0.20481759309768674 0.030391268432140354
decision_type=2 2 2 2 2 2 2 2 2 2 2 2 2 2
left_child=11 2 9 4 -4 -5 -3 -8 -9 10 -2 13 -13 -1
right_child=1 6 3 5 -6 -7 7 8 -10 -11 -12 12 -14 -15
leaf_value=-0.011777114659340518 0.0045329827811565766 0.0051044927066544151 -0.0046403502978763665 -0.0020068253095054198 0.0077338938712520787 0.010070655210160784 -0.005243421066167096 0.0065991544077089129 -0.0023951450818722022 -0.016391218250455551 -0.00029585012775708102 0.0059390019655876803 -0.014950759544906862 0.0096831043575060522
leaf_weight=74.418578639626503 1069.6551100797951 646.35336299985647 860.82013996690512 292.37628749012947 403.26967901736498 1232.6313073970377 2250.458319786936 690.1758833527565 1800.8440661281347 94.73175996914506 9523.0933453254402 62.077973440289497 251.18496959656477 117.4181574806571
leaf_count=954 8690 5391 7229 1618 3017 8572 23471 6036 16276 825 81209 506 2739 1213
internal_value=-1.88433e-06 0.00016958 0.000846737 0.00395219 -0.000663004 0.00775716 -0.00152262 -0.00243486 0.000113288 3.33733e-05 0.000195581 -0.0062847 -0.0107555 0.00118708
internal_weight=19369.5 18864.4 13476.6 2789.1 1264.09 1525.01 5387.83 4741.48 2491.02 10687.5 10592.7 505.1 313.263 191.837
internal_count=167746 162334 111160 20436 10246 10190 51174 45783 22312 90724 89899 5412 3245 2167
is_linear=0
shrinkage=0.035


Tree=122
num_leaves=15
num_cat=0
split_feature=2 6 5 10 19 0 24 8 10 24 21 16 8 4
split_gain=16.6768 20.3057 27.7311 29.9655 31.5887 28.2001 26.6531 25.4437 23.6896 20.0502 29.0014 17.7682 17.0707 16.5028
threshold=-0.41325563192367548 -0.036139478906989091 -0.021689879707992073 0.75213748216629039 0.65519291162490856 0.11587442085146905 0.027782052755355838 -0.12622683495283124 0.1769332364201546 0.035151986405253417 0.0099786282517015951 0.77613982558250438 -0.63722968101501454 -0.1799969747662544
decision_type=2 2 2 2 2 2 2 2 2 2 2 2 2 2
left_child=11 8 6 5 -5 -4 -3 -8 -2 13 -11 12 -1 -10
right_child=1 2 3 4 -6 -7 7 -9 9 10 -12 -13 -14 -15
leaf_value=-0.0066850978099270873 -0.018987844349628191 0.020213741910114102 -0.00062767893668735496 -0.0071182707846685718 0.0032373932804198244 0.0045356726040096792 0.0022837442174771117 0.017813390985131308 0.0084974412184915978 -0.0016080296301178017 0.010476407506370723 0.0079541491954884542 0.0055145967411690386 -0.0021856425698700485
leaf_weight=272.90063803642988 83.950827956199646 114.06229685619473 3947.836113281548 1243.8298095539212 499.79452218487859 1917.4002474024892 1782.867970071733 129.8407291546464 171.86865746229887 589.17288700118661 401.73183813691139 633.31095734238625 269.24621531739831 7308.8648259602487
leaf_count=1951 1115 825 34078 11530 4306 15736 15744 986 1238 3992 2211 4534 1852 67648
internal_value=-2.21287e-06 -0.00026419 0.000837308 -0.00013347 -0.00414838 0.00106512 0.00446454 0.00342511 -0.00150427 -0.00130883 0.00334695 0.00402014 -0.000636222 -0.00192918
internal_weight=19366.7 18191.2 9635.63 7608.86 1743.62 5865.24 2026.77 1912.71 8555.59 8471.64 990.905 1175.46 542.147 7480.73
internal_count=167746 159409 83205 65650 15836 49814 17555 16730 76204 75089 6203 8337 3803 68886
is_linear=0
shrinkage=0.035


Tree=123
num_leaves=15
num_cat=0
split_feature=22 4 21 24 10 22 8 21 4 17 21 11 21 7
split_gain=16.5924 29.951 25.6472 39.1731 45.1237 37.364 36.2925 31.9767 31.5923 30.947 26.4644 26.2124 30.7291 23.9126
threshold=0.34918159246444708 0.049203328788280494 -0.0087223635055124742 0.030096776783466343 1.3003563284873965 0.23155066370964053 -0.16557408124208448 -0.05086581036448478 0.015659966506063942 0.04544136859476567 0.057539198547601707 0.30949234962463384 -0.096818007528781877 -0.099775042384862886
decision_type=2 2 2 2 2 2 2 2 2 10 2 2 2 2
left_child=2 -2 5 8 6 11 -5 13 10 -9 -4 12 -1 -7
right_child=1 -3 3 4 -6 7 -8 9 -10 -11 -12 -13 -14 -15
leaf_value=-0.0095457224543780989 -0.0031629495887861153 0.0025126219939264312 -0.010535680487180218 0.003468843819219497 -0.024385795562120189 -0.0046468963242347434 0.012420759958240955 0.0036461198930886423 0.004953652136269299 -0.0052409562752275523 0.0006183330751860542 0.0029071459760962475 0.00041892948785016436 -0.015291505425058855
leaf_weight=486.74600387364626 4101.6572240665555 1566.9434642381966 534.74681946262717 2096.2862181179225 52.019434094429016 923.19028436392546 751.06104066595435 1001.0748369768262 576.26078217849135 903.97287176921964 497.50894102454185 3917.0745716616511 1597.5960919819772 357.64067884162068
leaf_count=3365 50146 15409 5814 15923 435 7653 4505 8904 4695 7967 3511 25652 10887 2880
internal_value=-1.58246e-06 -0.00159242 0.000657565 0.00281672 0.00524064 -0.000403767 0.00586535 -0.00346127 -0.00155781 -0.000576274 -0.00520551 0.00122238 -0.00194253 -0.00771458
internal_weight=19363.8 5668.6 13695.2 4507.88 2899.37 9187.3 2847.35 3185.88 1608.52 1905.05 1032.26 6001.42 2084.34 1280.83
internal_count=167746 65555 102191 34883 20863 67308 20428 27404 14020 16871 9325 39904 14252 10533
is_linear=0
shrinkage=0.035


Tree=124
num_leaves=15
num_cat=0
split_feature=11 10 18 11 2 10 22 21 10 21 11 8 15 14
split_gain=16.6252 22.3444 27.4803 22.1751 36.9199 36.695 26.9309 26.286 23.1358 18.8878 28.8251 24.6068 16.897 16.6061
threshold=0.20678631961345675 0.636783927679062 0.1935326233506203 0.55645331740379345 0.46564039587974554 1.0036211609840395 0.40473736822605139 -0.0061582669150084248 1.1478294134140017 0.050632659345865257 0.31478951871395117 -0.27173162996768946 24.268281936645511 0.51726531982421886
decision_type=2 2 2 2 2 2 2 2 2 2 2 2 2 2
left_child=13 2 9 4 5 -3 8 -6 -5 10 -2 -11 -4 -1
right_child=1 3 12 6 7 -7 -8 -9 -10 11 -12 -13 -14 -15
leaf_value=-0.010068515753365755 -0.00184923645788221 -0.0033594018859311302 0.0065428372932492497 0.0080603752465037079 -0.0038597270315208158 -0.017779799217995801 -0.013008128880752241 0.0074390263064831475 -0.0023215880860427943 0.00066697762709347374 0.0023617377108944371 0.0077125001169602633 0.025564690966881468 -0.0015304472825539641
leaf_weight=305.30244431085885 4278.5909908898175 3054.9415025785565 462.66633589193225 727.034767691046 400.96324155852199 223.64158397167921 111.11727060005069 648.14246234670281 403.03734574839473 1467.5392878949642 3707.4576968997717 1028.4239299744368 58.008435379713774 2483.2503765821457
leaf_count=3938 37895 27077 3640 5780 2781 2365 1391 5428 3562 12459 27600 7641 359 25830
internal_value=-2.59282e-06 0.000418549 0.00133251 -0.00138637 -0.00256836 -0.00439413 0.0027225 0.00312503 0.00436979 0.000938178 0.000106183 0.00358917 0.00910387 -0.00249787
internal_weight=19360.1 16571.6 11002.7 5568.88 4327.69 3278.58 1241.19 1049.11 1130.07 10482 7986.05 2495.96 520.675 2788.55
internal_count=167746 137978 89594 48384 37651 29442 10733 8209 9342 85595 65495 20100 3999 29768
is_linear=0
shrinkage=0.035


Tree=125
num_leaves=15
num_cat=0
split_feature=9 6 11 10 14 17 21 11 7 14 10 19 21 8
split_gain=16.0586 20.9541 19.1284 45.6008 24.3494 18.4479 16.7879 27.9661 15.2596 15.221 14.8074 18.587 12.409 9.42838
threshold=1.5546597242355349 0.32676012814044958 0.55645331740379345 0.95338001847267162 0.14016597718000415 0.038619806990027435 0.017405906692147258 0.55645331740379345 -0.16822297871112821 1.476471543312073 0.87497204542160045 -0.38298077881336207 0.020014503039419655 -0.63722968101501454
decision_type=2 2 2 2 2 8 2 2 2 2 2 2 2 2
left_child=1 2 3 4 -1 -3 9 -8 -5 -7 11 -4 -12 -2
right_child=13 5 10 8 -6 6 7 -9 -10 -11 12 -13 -14 -15
leaf_value=-0.0093440385883773059 0.0072191187955071351 -0.013071698413628659 -0.0021082960404104783 -0.0075599553217559692 -5.1872764258519338e-05 0.0042573792045944147 0.010900565494266889 -0.012393467292879125 -0.02392454243738807 -0.0058510307857477829 0.0041867399863072148 0.016313981195587891 -0.0073370103871019778 -0.011719488416250841
leaf_weight=343.13019733503461 31.080198239535093 65.802033219486475 93.059901967644691 224.67321297153831 15898.558384671807 638.53911046683788 633.72854552045465 61.691884964704514 102.77894235774875 244.3085287027061 466.59443239495158 212.44480135291815 140.91805524006486 200.03333667293191
leaf_count=3885 285 435 723 2238 138266 4462 4584 615 992 1940 3842 1610 1449 2420
internal_value=-2.66403e-06 0.000110436 -0.000245677 -0.000518554 -0.000253813 0.00387574 0.00466017 0.00868772 -0.0132531 0.0014259 0.00465838 0.0108134 0.00143817 -0.00897884
internal_weight=19357.3 19126.2 17482.2 16569.1 16241.7 1644.07 1578.27 695.42 327.452 882.848 913.017 305.505 607.512 231.114
internal_count=167746 165041 153005 145381 142151 12036 11601 5199 3230 6402 7624 2333 5291 2705
is_linear=0
shrinkage=0.035


Tree=126
num_leaves=15
num_cat=0
split_feature=22 21 22 0 21 22 20 20 20 20 10 12 24 5
split_gain=15.9904 27.7713 25.9439 28.7961 24.4971 37.0207 30.5907 28.6613 28.6125 29.8335 26.487 24.4048 23.9891 23.2977
threshold=0.37085860967636114 0.037735188379883773 0.41938711702823644 0.16799190640449527 -0.019647533074021336 0.23155066370964053 -0.0012952625402249394 0.03682194463908673 -0.050431339070200913 -0.033910721540451043 0.65363451838493358 1.2242367267608645 0.029357682913541797 -0.0044512299355119458
decision_type=2 2 2 2 2 2 2 2 2 2 2 2 2 2
left_child=4 12 -3 -4 5 -1 8 13 11 -10 -8 -6 -2 -7
right_child=1 2 3 -5 6 7 10 -9 9 -11 -12 -13 -14 -15
leaf_value=0.0010105897735515539 -0.012376967171545355 0.0039861989641772821 -0.0056763046369782263 0.0063213872326395165 0.012530766454749208 -0.0032373832631978692 0.0066393139933171507 0.00083242171702430188 -0.0090308712993997352 0.00024720526236000873 -0.0004737995978342662 -0.010424779015712518 -0.0027894138561268349 -0.010988093496548747
leaf_weight=5633.6002473831177 447.61460107192397 1217.8901230208576 1078.3138535507023 307.30689865350723 320.18574263900518 1270.0273567289114 2250.2745857052505 1093.4544329121709 504.40568061545491 2427.5254227556288 893.52149834483862 60.558779187500477 1089.5896989982575 761.60651743784547
leaf_count=37364 6137 12126 12286 2709 1987 11771 16576 8403 5278 21866 7135 430 16598 7080
internal_value=-3.67838e-06 -0.00192937 0.000276576 -0.00298919 0.00052131 -0.000684312 0.00215536 -0.00373319 -0.000192929 -0.00137425 0.00462255 0.00870625 -0.00564314 -0.00618251
internal_weight=19355.9 4140.72 2603.51 1385.62 15215.2 8758.69 6456.47 3125.09 3312.68 2931.93 3143.8 380.745 1537.2 2031.63
internal_count=167746 49856 27121 14995 117890 64618 53272 27254 29561 27144 23711 2417 22735 18851
is_linear=0
shrinkage=0.035


Tree=127
num_leaves=15
num_cat=0
split_feature=11 10 6 3 2 22 19 14 11 13 14 11 0 17
split_gain=15.4059 20.2459 25.2854 24.8407 24.9821 20.7985 18.9333 17.7894 17.0364 16.8711 15.6141 15.0421 20.7789 16.347
threshold=0.20678631961345675 0.636783927679062 0.15815447270870212 1.0039492845535281 0.97048053145408641 0.20288966596126559 0.43636399507522589 0.14016597718000415 0.31478951871395117 0.27150820195674902 0.51726531982421886 0.36682258546352392 0.0049896058626472959 0.053767548874020583
decision_type=2 2 2 2 2 2 2 2 2 2 2 2 2 8
left_child=10 2 7 -4 -5 6 9 -2 -9 -3 -1 12 -7 -13
right_child=1 5 3 4 -6 11 -8 8 -10 -11 -12 13 -14 -15
leaf_value=-0.0097842562893521515 -0.012519845439887569 0.0083151174472895738 0.0038798312232728566 0.024658923880959725 -0.0067789212235263999 -0.014977380868924832 0.011700382663053868 -0.00047174699942352814 0.0025101587297309135 -0.0015197593233700455 -0.0014735224661263082 0.0026759315936426302 -0.0030762799863927447 -0.0029699622625070426
leaf_weight=302.65268159471452 114.21147832274437 261.54992978274822 1174.7010786160827 131.23827351629734 34.920131951570511 250.75788626819849 210.75966364145279 5444.5122493803501 4112.0999492704868 993.19634459912777 2479.6492607183754 841.14742862805724 602.07213903963566 2398.7881415709853
leaf_count=3938 1350 1628 8504 693 206 2710 1313 48122 30719 6963 25830 7380 5953 22437
internal_value=-4.26061e-06 0.000400793 0.00126964 0.00575538 0.0180421 -0.0013197 0.00224759 0.00064239 0.000812615 0.000579842 -0.00240935 -0.00259941 -0.00670859 -0.00150046
internal_weight=19352.3 16570 11011.7 1340.86 166.158 5558.27 1465.51 9670.82 9556.61 1254.75 2782.3 4092.77 852.83 3239.94
internal_count=167746 137978 89594 9403 899 48384 9904 80191 78841 8591 29768 38480 8663 29817
is_linear=0
shrinkage=0.035


Tree=128
num_leaves=15
num_cat=0
split_feature=9 6 11 10 15 11 15 9 18 23 10 1 20 24
split_gain=14.9287 19.9042 22.3009 36.0441 22.6878 22.1684 19.8531 15.4028 15.0449 16.0343 12.3785 20.1587 12.4224 9.1502
threshold=1.5546597242355349 0.22298138588666919 0.55645331740379345 0.67132419347763073 20.411319732666019 0.36068023741245275 20.555660247802738 0.65997818112373363 0.5402314066886903 0.26289419829845434 0.87497204542160045 -0.34560285508632654 0.084703385829925551 0.028592240996658806
decision_type=2 2 2 2 2 2 2 2 2 2 2 2 2 2
left_child=1 2 3 4 -1 -5 7 -3 9 -8 11 -4 -12 -2
right_child=13 6 10 5 -6 -7 8 -9 -10 -11 12 -13 -14 -15
leaf_value=-0.0033202670711797114 0.011221208074968061 0.024435929958082022 0.0019485635426269002 -0.011762963545899507 0.00069022439633080034 -0.0029960997800083738 0.00057215104491924044 -0.005302936269570512 0.012307504152182014 0.0099133279352343878 0.0032292725835113461 0.019972267220685055 -0.018397501698243071 -0.010795463707091637
leaf_weight=2034.6572292428464 17.702348478138447 76.318416554480791 159.30674726143479 422.71539248526096 11145.947437189519 1999.1492172628641 2160.1265172623098 24.191614616662264 160.9824207983911 241.49626664072275 530.5588423833251 139.73154548555613 24.71046956628561 211.38450179994106
leaf_count=18844 186 549 1164 4658 96815 17758 16391 186 1422 1322 4626 1114 192 2519
internal_value=-4.28154e-06 0.00010435 -0.000350458 -0.000653217 6.9087e-05 -0.00456836 0.00290565 0.017446 0.00226975 0.00154867 0.00512249 0.0107442 0.0019584 -0.00869598
internal_weight=19349 19119.9 16456.8 15602.5 13180.6 2421.86 2663.12 100.51 2562.61 2401.62 854.308 299.038 555.269 229.087
internal_count=167746 165041 145171 138075 115659 22416 19870 735 19135 17713 7096 2278 4818 2705
is_linear=0
shrinkage=0.035


Tree=129
num_leaves=15
num_cat=0
split_feature=2 6 5 10 19 17 24 17 0 24 15 15 10 17
split_gain=14.5105 18.6779 26.7472 25.4533 28.0215 24.2442 23.5891 30.7787 23.298 17.9338 59.0517 19.1133 16.9217 28.8787
threshold=-0.41325563192367548 -0.036139478906989091 -0.021689879707992073 0.75213748216629039 0.65519291162490856 0.016029549762606624 0.027782052755355838 0.020677706226706508 0.11587442085146905 0.035151986405253417 22.473917961120609 21.573198318481449 0.54220488667488109 0.046247597783803947
decision_type=2 2 2 2 2 10 2 8 2 2 2 2 2 8
left_child=12 5 6 8 -5 -2 -3 -8 -4 11 -11 -7 13 -1
right_child=1 2 3 4 -6 9 7 -9 -10 10 -12 -13 -14 -15
leaf_value=0.0010728742167675069 -0.017127810513133279 0.019076583400383814 -0.00059071028150413623 -0.0066911339841586254 0.0030729985637118519 -0.00031037019931304309 0.026640101466388094 0.0025241550296262864 0.0040939153747784635 -0.0013344928958410733 0.019102804223739226 -0.0039089204133363796 0.00025415034794777197 0.018233331505398187
leaf_weight=270.98563829436898 109.05214494839311 115.82312371954322 3940.4071548208594 1229.7091844044626 500.51671884953976 4349.5535369440913 57.375304602086544 1854.8321825675666 1929.6345919556916 780.57755159586668 212.16595727205276 3086.6959270462394 701.93361032754183 207.72995213791728
leaf_count=1905 1387 825 34078 11530 4306 40857 538 16192 15736 5040 1175 27745 5072 1360
internal_value=-3.74046e-06 -0.000248936 0.000807528 -0.00014705 -0.00386516 -0.00143985 0.00436808 0.00338257 0.000953591 -0.00121683 0.00318025 -0.00180733 0.00373942 0.00874006
internal_weight=19347 18166.3 9628.3 7600.27 1730.23 8538.05 2028.03 1912.21 5870.04 8428.99 992.744 7436.25 1180.65 478.716
internal_count=167746 159409 83205 65650 15836 76204 17555 16730 49814 74817 6215 68602 8337 3265
is_linear=0
shrinkage=0.035


Tree=130
num_leaves=15
num_cat=0
split_feature=22 24 20 17 11 17 10 24 21 22 20 17 15 11
split_gain=14.9764 26.7288 27.8696 27.092 42.3063 44.4846 29.8875 27.0904 23.9394 53.2348 38.9407 34.1704 34.2329 32.9318
threshold=0.34918159246444708 0.03567874617874623 -0.023568059317767617 0.024574437178671363 0.31478951871395117 0.069056175649166121 0.25577317178249365 0.027782052755355838 -0.05086581036448478 0.23155066370964053 -0.017610163427889344 0.056117560714483268 23.011245727539066 0.30949234962463384
decision_type=2 2 2 8 2 8 2 2 2 2 2 8 2 2
left_child=8 2 -2 6 -5 -6 -3 -4 9 13 -10 12 -12 -1
right_child=1 3 7 4 5 -7 -8 -9 10 -11 11 -13 -14 -15
leaf_value=-0.0034399972084502004 0.0072544747530891166 -0.0027032802555332419 0.0036408727357959006 -0.007832112632994109 0.014872087952894505 -0.010614993097933801 0.037555329986062855 -0.0043010223481850345 -0.0016345749971104734 -0.0073747970456874449 0.0037833973750930551 -0.0010476180938893966 0.012450384971197428 0.0027786320252719335
leaf_weight=1563.2697344906628 323.86465759575367 34.992249451577663 600.23349950090051 306.75036173313856 339.34127336740494 102.45560411736369 47.843621775507927 3897.022121867165 2556.7733150683343 1269.6296117603779 3144.2108748666942 1396.4914943315089 673.92964144796133 3087.2286215089262
leaf_count=11012 4304 191 5534 1780 1702 903 225 50916 23127 10533 22542 10596 4007 20374
internal_value=-2.68744e-06 -0.00151678 -0.0025171 0.00424492 0.00200501 0.00885734 0.0220896 -0.00323532 0.000623053 -0.00105276 0.00189937 0.0036319 0.00534171 0.000685338
internal_weight=19344 5652.5 4821.12 831.383 748.547 441.797 82.8359 4497.26 13691.5 5920.13 7771.41 5214.63 3818.14 4650.5
internal_count=167746 65555 60754 4801 4385 2605 416 56450 102191 41919 60272 37145 26549 31386
is_linear=0
shrinkage=0.035


Tree=131
num_leaves=15
num_cat=0
split_feature=14 18 18 24 10 22 21 7 20 17 21 20 0 15
split_gain=14.2598 22.9549 22.2499 22.7746 19.7789 19.6639 24.0492 42.9091 32.6144 19.0368 16.9419 16.5093 14.4291 12.6924
threshold=2.4828850030899052 0.1935326233506203 -0.096194308251142488 0.030835845507681373 0.75213748216629039 0.37085860967636114 -0.05086581036448478 -0.12581440061330793 -0.017610163427889344 0.016029549762606624 0.037735188379883773 -0.0058676498010754577 0.023441022261977199 24.268281936645511
decision_type=2 2 2 2 2 2 2 2 2 10 2 2 2 2
left_child=1 5 -2 11 13 6 7 -1 -8 -7 -11 12 -4 -3
right_child=2 4 3 -5 -6 9 8 -9 -10 10 -12 -13 -14 -15
leaf_value=0.00056709297632858151 0.011504820543428775 0.0068159805366620778 -0.0048566314506240174 -0.0079564820903689198 -5.8009068891392008e-05 -0.01909497653409465 -0.0015338575352711722 -0.0067645285235480457 0.0032958211003253639 -0.0052132873944220086 -7.0437695231256127e-05 -0.0042214249094933995 0.011256920940127436 0.020501690177690587
leaf_weight=3866.9547749534249 109.59721955657005 544.3053221181035 90.668959390372038 860.41513241827488 518.63523101061583 71.86682465672493 2489.2586044743657 1298.2734592333436 5446.8697652556002 1242.6358719542623 2101.1686275191605 387.58301406353712 216.0285178758204 93.72996824234724
leaf_count=26694 909 4242 942 8206 4780 1104 23231 9447 40808 18669 21945 3903 2270 596
internal_value=-2.09244e-06 0.000290206 -0.0030893 -0.00418505 0.00503493 -4.49083e-05 0.000572031 -0.00128521 0.00178091 -0.00240604 -0.00199149 0.000535449 0.00649034 0.00911181
internal_weight=19338 17673.7 1664.29 1554.7 1156.67 16517 13101.4 5165.23 7936.13 3415.67 3343.8 694.28 306.697 638.035
internal_count=167746 151516 16230 15321 9618 141898 100180 36141 64039 41718 40614 7115 3212 4838
is_linear=0
shrinkage=0.035


Tree=132
num_leaves=15
num_cat=0
split_feature=3 10 17 15 3 11 11 10 14 1 19 15 6 15
split_gain=13.9508 23.8077 20.3916 26.0307 20.6591 19.155 16.3474 20.4786 18.947 16.6134 16.1342 26.3624 18.2599 21.6725
threshold=1.0000000180025095e-35 0.1769332364201546 0.048853553831577308 25.378752708435062 1.3313781619071963 0.49209259450435644 0.50904381275177013 0.79500892758369457 0.10663916170597078 0.12693935632705691 0.087569344788789763 24.268281936645511 -0.10486872866749762 22.394638061523441
decision_type=2 2 8 2 2 2 2 2 2 2 2 2 2 2
left_child=1 -1 10 4 -4 -6 8 -8 -3 -10 12 -12 -2 -14
right_child=2 6 3 -5 5 -7 7 -9 9 -11 11 -13 13 -15
leaf_value=-0.014843017293217475 -0.00076921240807655705 -0.015205448913684565 -0.0025580106831064936 0.011893591708216345 0.01073184634284912 -0.0019388474925738487 0.012234421325617842 0.00040864965596456031 -0.0015713609751425823 0.0020510484980072194 -0.0023614474254021124 0.011766564163289814 0.0029446286876576174 0.0098340381435494274
leaf_weight=136.4683127682656 737.01647733151913 104.22830506414175 3123.4293439537287 178.58599293231964 292.56088279560208 277.69881234318018 249.08998717367649 585.45174798741937 7941.6375066470355 1917.6500333175063 1206.814810782671 176.6198325753212 1520.3654340915382 887.50616673007607
leaf_count=1873 5777 1234 24348 1166 1820 2190 1895 5476 74161 18597 8814 1029 13050 6316
internal_value=-2.16235e-06 -0.000825889 0.00106974 -0.00079416 -0.00143806 0.00463453 -0.000635168 0.00404142 -0.00103054 -0.000865431 0.00266184 -0.000486259 0.00404384 0.00551413
internal_weight=19335.1 10934.5 8400.6 3872.28 3693.69 570.26 10798.1 834.542 9963.52 9859.29 4528.32 1383.43 3144.89 2407.87
internal_count=167746 103236 64510 29524 28358 4010 101363 7371 93992 92758 34986 9843 25143 19366
is_linear=0
shrinkage=0.035


Tree=133
num_leaves=15
num_cat=0
split_feature=16 13 23 24 20 2 24 3 17 0 15 3 15 16
split_gain=13.8794 16.4956 21.0608 32.5047 28.7713 30.4457 23.5278 19.7967 15.175 13.9213 12.3312 12.0968 22.34 13.5942
threshold=2.5470607280731206 0.68527108430862438 0.099894914776086821 0.027059725485742096 0.024621242657303814 -0.35320952534675593 0.027782052755355838 -0.081160873174667345 0.060103049501776702 0.03348244912922383 21.118991851806644 -0.22378785908222196 21.964603424072269 1.2335861325263979
decision_type=2 2 2 2 2 2 2 2 8 2 2 2 2 2
left_child=1 2 4 -4 5 -1 -5 -6 10 -3 -2 12 -11 -13
right_child=8 9 3 6 7 -7 -8 -9 -10 11 -12 13 -14 -15
leaf_value=0.013481634549093719 0.0040442519803790197 -0.0055675128106201684 -0.010745158640358481 0.0054672417516639597 -0.0052581238060504729 -0.0088798434454771188 8.7287305810445712e-05 0.0056557192997496696 -0.0017175660369383055 0.0046490085718379412 -0.017790832108255054 0.008814608630941979 -0.0083266813695647042 0.0020200281681556939
leaf_weight=71.584167510271072 35.984431132674217 206.53835313022137 312.09809594601393 1068.547812525183 330.4727072454989 1029.6832334008068 12979.676272578537 497.29952939227223 526.83148634247482 436.01560897007585 140.8536922223866 749.10298715159297 245.73632855340838 701.91055497899652
leaf_count=898 423 1703 3110 8057 4371 15935 103463 4748 5961 3912 1731 5390 2235 5809
internal_value=-1.86188e-06 0.000181551 -0.000213746 0.000248395 -0.00363759 -0.00731807 0.0005001 0.00128782 -0.00479197 0.00292333 -0.013369 0.00376773 -8.08159e-05 0.00556413
internal_weight=19332.3 18628.7 16289.4 14360.3 1929.04 1101.27 14048.2 827.772 703.67 2339.3 176.838 2132.77 681.752 1451.01
internal_count=167746 159631 140582 114630 25952 16833 111520 9119 8115 19049 2154 17346 6147 11199
is_linear=0
shrinkage=0.035


Tree=134
num_leaves=15
num_cat=0
split_feature=11 6 9 22 11 14 17 6 21 14 22 23 17 15
split_gain=13.7153 14.5498 30.9835 18.3741 17.4576 29.019 28.1376 17.9888 14.811 14.3862 13.749 15.1354 14.2972 12.566
threshold=0.20678631961345675 0.15815447270870212 1.3485153317451479 0.17202089726924899 0.55645331740379345 0.16896134614944461 0.058697782456874854 -0.24680535495281217 -0.0087223635055124742 0.51726531982421886 0.41938711702823644 0.38340328633785253 0.054933378472924239 25.378752708435062
decision_type=2 2 2 2 2 2 8 2 2 2 2 2 8 2
left_child=9 4 3 -3 5 7 -7 -2 -5 -1 11 12 -11 -4
right_child=1 2 13 8 -6 6 -8 -9 -10 10 -12 -13 -14 -15
leaf_value=-0.0094008931759752591 0.0085322085537620912 0.013642247886563258 -0.011220223197056425 -0.00072403506496530488 0.0045952477512481169 0.00069033609599276501 -0.0037652533045138517 -0.01037984822742311 0.0045354970988156565 0.00066352736649187452 -0.0077544448124416644 -0.019439152379461769 -0.015671627181738968 0.010420082816902309
leaf_weight=298.97969944216311 62.438158251345158 192.99126823991537 246.17602952569723 998.18816884979606 878.19870237261057 9654.1436167620122 2106.5087696798146 501.15658661164343 1888.9548949711025 2029.5564102604985 345.2647687792778 39.518256723880768 57.818903706967831 29.733685426414013
leaf_count=3938 515 995 2734 6772 7371 79276 18972 5730 15330 19928 4920 390 592 283
internal_value=-2.2688e-06 0.000379504 0.00243362 0.0034471 -0.000144096 -0.000485263 -0.000110247 -0.00817244 0.00272087 -0.00227665 -0.00138066 -0.000314533 0.000138492 -0.00860525
internal_weight=19329.6 16558.5 3356.04 3080.13 13202.4 12324.2 11760.7 563.595 2887.14 2771.14 2472.16 2126.89 2087.38 275.91
internal_count=167746 137978 26114 23097 111864 104493 98248 6245 22102 29768 25830 20910 20520 3017
is_linear=0
shrinkage=0.035


Tree=135
num_leaves=15
num_cat=0
split_feature=10 2 15 15 11 10 5 20 23 1 7 11 12 15
split_gain=13.6371 23.4513 24.9642 32.6113 21.757 36.7108 21.084 16.9611 16.7278 15.0712 11.1263 11.0674 10.4511 10.2218
threshold=1.1478294134140017 0.62402379512786876 20.555660247802738 22.916647911071781 0.55645331740379345 0.95338001847267162 0.022285901010036472 0.055164955556392677 0.10839130729436876 -0.41002549231052393 -0.17364045977592465 0.21212232112884524 0.60092219710350048 24.268281936645511
decision_type=2 2 2 2 2 2 2 2 2 2 2 2 2 2
left_child=1 4 -3 6 5 8 -4 12 -1 -2 -7 -5 -6 -11
right_child=9 2 3 11 7 10 -8 -9 -10 13 -12 -13 -14 -15
leaf_value=-0.002682973976391413 0.012754826685768005 0.029333799782798195 -0.017705823597852718 -0.011235190916357328 0.016486590284574266 -0.0058907089534387539 0.0006061101763996632 -0.0078675917259781406 0.00032496614489645469 -0.0098757070951645265 -0.018722010317828261 0.0093857249952866637 0.0053376755868020081 0.0012318833842897595
leaf_weight=2696.0197834149003 42.624447427690029 39.829740926623344 93.302705567330122 25.320041552186012 126.80228309333324 213.81934222206473 300.33884011954069 89.146101113408804 13882.552751775831 384.08886180818081 141.7587425224483 658.24804721772671 499.40543176233768 133.93183230981231
leaf_count=34998 372 269 761 190 1070 2211 2204 680 109746 3757 1453 4682 4073 1280
internal_value=-3.01668e-06 0.000158978 0.00505386 0.00389456 -0.000153507 -0.00040753 -0.00406539 0.00578256 -0.00016551 -0.00533323 -0.0113784 0.00847093 0.0078189 -0.00703495
internal_weight=19327.2 18766.5 1117.04 1077.21 17649.5 16934.2 393.642 715.354 16578.6 560.645 355.578 683.568 626.208 518.021
internal_count=167746 162337 8106 7837 154231 148408 2965 5823 144744 5409 3664 4872 5143 5037
is_linear=0
shrinkage=0.035


Tree=136
num_leaves=15
num_cat=0
split_feature=22 14 13 23 20 15 4 22 6 24 2 1 0 16
split_gain=13.1037 15.0143 24.498 17.5282 29.061 18.9206 15.4837 13.7633 11.1784 10.3392 10.1273 9.65507 8.78439 5.97068
threshold=0.49532502889633184 4.1559810638427743 0.69854092597961437 0.088230554014444365 0.03682194463908673 20.220350265502933 -0.033839454874396317 0.47137743234634405 0.11330451443791391 0.030779338441789154 -0.24266883730888364 0.2727940976619721 0.023441022261977199 0.6680387854576112
decision_type=2 2 2 2 2 2 2 2 2 2 2 2 2 2
left_child=1 2 3 4 -1 -5 10 11 -2 12 -3 -4 -8 -10
right_child=8 6 7 5 -6 -7 9 -9 13 -11 -12 -13 -14 -15
leaf_value=-0.006741663168781286 -0.010281818271665804 0.020527357540287332 0.0052551375528864406 -0.0045130411233640592 0.0074185540037160977 0.00056535432974842541 -0.014496011673477456 0.019551167191050232 0.0092598869113250364 -0.0098134611266367522 -0.0049479368426278121 -0.00040388406805905787 0.0013808247949810564 -0.0029998319715902107
leaf_weight=963.97363887913525 267.44658086821437 37.543614584952593 1230.10979905352 949.78393489122391 208.41895077377558 14118.141857113689 40.872061338275671 59.339006043970585 54.363711640238762 397.39963344112039 26.589770779013634 524.03752346709371 257.53124011680484 189.48979777470231
leaf_count=14491 4360 287 9829 8161 1976 114093 480 436 632 4021 271 3985 2709 2015
internal_value=-3.06641e-06 0.000148525 0.000352469 -7.93823e-05 -0.00418292 0.000242465 -0.00463821 0.00419905 -0.00547687 -0.0061859 0.0107226 0.00357184 -0.00119333 -9.59286e-06
internal_weight=19325 18813.7 18053.8 16240.3 1172.39 15067.9 759.936 1813.49 511.3 695.803 64.1334 1754.15 298.403 243.854
internal_count=167746 160739 152971 138721 16467 122254 7768 14250 7007 7210 558 13814 3189 2647
is_linear=0
shrinkage=0.035


Tree=137
num_leaves=15
num_cat=0
split_feature=10 24 6 11 10 14 11 21 22 22 6 21 15 20
split_gain=12.7345 32.8094 20.572 20.0345 33.0822 19.8479 18.7803 20.9324 20.0971 16.0948 15.513 16.3812 21.4987 15.1547
threshold=1.1478294134140017 0.027782052755355838 0.32676012814044958 0.55645331740379345 0.95338001847267162 0.14016597718000415 0.21212232112884524 -0.0087223635055124742 0.23155066370964053 0.40473736822605139 -0.26468613743782038 0.025375037454068664 24.855782508850101 -0.025097385980188843
decision_type=2 2 2 2 2 2 2 2 2 2 2 2 2 2
left_child=2 -2 3 4 5 -1 13 8 -8 -5 -3 12 -12 -4
right_child=1 10 6 9 -6 -7 7 -9 -10 -11 11 -13 -14 -15
leaf_value=-0.0085259868050600214 0.0261619884490338 0.0068876042110718192 0.012493265297899507 0.0068871007784665214 -0.011425846385715969 -3.8550897360783488e-05 0.0076682209699945056 0.0085639307562408572 -0.0061904262109947327 -0.011834845894855563 -0.0091227205318427547 -0.020277588819742107 0.014149008996387723 -0.014052494078503034
leaf_weight=334.85284966230392 28.684413902461529 73.641118280589581 25.834877233952284 684.28631531447172 319.24182976409793 15873.848296143115 211.13426222652197 864.42361991852522 294.98797955736518 52.18906431645155 285.97302931174636 121.03479133918881 48.942729651927948 103.63674218580127
leaf_count=3885 243 639 172 5361 3321 138317 1096 6558 2161 613 2669 1428 430 853
internal_value=-2.93764e-06 -0.00516478 0.000153306 -0.000189227 -0.000442281 -0.00021904 0.00407083 0.00528501 -0.000372585 0.00541963 -0.00731494 -0.0097074 -0.0054103 -0.00823956
internal_weight=19322.7 558.276 18764.4 17264.4 16527.9 16208.7 1500.02 1370.55 506.122 736.475 529.592 455.951 334.916 129.472
internal_count=167746 5409 162337 151497 145523 142202 10840 9815 3257 5974 5166 4527 3099 1025
is_linear=0
shrinkage=0.035


Tree=138
num_leaves=15
num_cat=0
split_feature=22 21 21 24 21 22 23 16 10 21 13 23 23 16
split_gain=12.6008 23.1676 25.483 23.1536 21.5855 32.391 25.2045 23.6511 24.8712 22.4387 23.7775 21.643 38.4964 21.2588
threshold=0.37085860967636114 0.037735188379883773 0.039619062095880515 0.029357682913541797 -0.019647533074021336 0.23155066370964053 0.13412301987409594 1.2008758187294009 0.95338001847267162 -0.05086581036448478 0.45818926393985754 0.12680740654468539 0.11622204259037973 1.2008758187294009
decision_type=2 2 2 2 2 2 2 2 2 2 2 2 2 2
left_child=4 3 -3 -2 5 -1 11 8 -8 10 -7 12 -6 -13
right_child=1 2 -4 -5 6 9 7 -9 -10 -11 -12 13 -14 -15
leaf_value=0.00091020283532964132 -0.011828024899243061 0.0089817875137501862 -0.0010834714385469417 -0.0023342384742238622 -0.0019752005264022867 -0.0011854964009799314 0.0068748385378706086 -5.1206109103531078e-05 -0.0072785036380817528 -0.0010650591404747949 -0.010997055359495319 -0.0010189347545555144 0.0080039130479613411 -0.013405929588034351
leaf_weight=5637.5418659672141 438.8511230610311 346.79858619347215 2249.4834286645055 1076.1380341127515 1434.3767998665571 504.16653064638376 2247.025820940733 1216.1246271543205 155.09959746897221 1846.9923202879727 756.80899634957314 453.39821711927652 694.93112936988473 263.02908897772431
leaf_count=37364 6137 4251 22870 16598 15379 4210 15456 9677 1127 16721 6323 4140 4912 2581
internal_value=-3.01014e-06 -0.00171979 0.0002903 -0.00514386 0.000461877 -0.000671529 0.001994 0.00392813 0.0059346 -0.00353435 -0.00711436 -0.000470319 0.00130382 -0.00568864
internal_weight=19320.8 4111.27 2596.28 1514.99 15209.5 8745.51 6463.99 3618.25 2402.13 3107.97 1260.98 2845.74 2129.31 716.427
internal_count=167746 49856 27121 22735 117890 64618 53272 26260 16583 27254 10533 27012 20291 6721
is_linear=0
shrinkage=0.035


Tree=139
num_leaves=15
num_cat=0
split_feature=10 8 15 1 8 4 11 21 17 15 20 0 1 17
split_gain=12.4812 29.323 24.5116 34.4864 20.003 19.7104 19.3371 18.6487 31.2355 28.2201 20.1822 19.7249 19.2055 18.3435
threshold=0.36037077009677893 -0.3564597219228744 21.283358573913578 0.12693935632705691 -0.36421388387680048 -0.0206671142950654 0.31478951871395117 -0.05086581036448478 0.036495011299848563 20.507468223571781 0.0018746108398772778 0.18618252128362658 -0.050738982856273644 0.058697782456874854
decision_type=2 2 2 2 2 2 2 2 8 2 2 2 2 8
left_child=1 5 3 6 13 -1 -2 10 9 -9 -3 -10 -12 -5
right_child=2 7 -4 4 -6 -7 -8 8 11 -11 12 -13 -14 -15
leaf_value=-0.002084578925360514 -0.0020926437011800194 -0.0019676268495617674 -0.00056136379728320555 0.026419044819876773 0.0056925772461994808 -0.01236144119038648 0.0028031804672721248 -0.0043172165123379919 -0.010372811808087506 0.0049933846848821805 0.001633527991747822 0.014348522053698369 -0.024094812539554752 0.0042430845217047465
leaf_weight=466.94684221409261 1501.4239053539932 586.38634296879172 9818.7238975055516 118.80657805874944 687.27015646919608 447.31617340631783 2849.4920243434608 510.42542582564056 352.27058570832014 1713.341895589605 50.426460821181536 35.608182482421398 101.37171275168657 77.698376253247261
leaf_count=5155 13368 4506 81506 1041 5554 5261 22283 5765 3936 17082 442 330 819 698
internal_value=-3.66109e-06 -0.00167296 0.000469989 0.00240188 0.00866473 -0.00719202 0.00111279 -0.000149732 0.00124165 0.00284655 -0.00502314 -0.00779975 -0.0159753 0.0182807
internal_weight=19317.5 4264.09 15053.4 5234.69 883.775 914.263 4350.92 3349.83 2611.65 2223.77 738.185 387.879 151.798 196.505
internal_count=167746 43296 124450 42944 7293 10416 35651 32880 27113 22847 5767 4266 1261 1739
is_linear=0
shrinkage=0.035


Tree=140
num_leaves=15
num_cat=0
split_feature=14 11 16 16 12 3 15 15 22 9 22 11 22 22
split_gain=12.5488 22.0724 18.9519 19.0667 23.2987 20.4312 21.2137 20.2992 17.9752 16.1045 18.7366 15.219 14.7932 15.6175
threshold=0.39666378498077398 0.36068023741245275 0.38747040927410131 1.3088528513908388 0.72074511647224437 -0.46310503780841822 20.411319732666019 20.957383155822757 0.17202089726924899 0.36451138556003576 0.35798960924148565 0.50904381275177013 0.30788511037826544 0.48898293077945715
decision_type=2 2 2 2 2 2 2 2 2 2 2 2 2 2
left_child=1 12 -2 5 -5 7 -7 -4 -6 10 11 -3 -1 -14
right_child=2 9 3 4 8 6 -8 -9 -10 -11 -12 -13 13 -15
leaf_value=-0.001809313756627926 -0.0077938334214074229 0.0071282558985037358 0.0023729059721554159 -0.017967278168138399 0.0047103760621541192 -0.0024743650485623873 0.0024979353308279902 -0.0091351318558044702 -0.0016618392036913978 -0.00075975779094814065 -0.0085754759433320678 0.028733080311490439 -0.010273586122445184 0.0077927401807058273
leaf_weight=819.30881475284696 326.15692219138145 183.49688356369734 329.26125784963369 89.381551876664162 612.66033148020506 1191.2201519496739 8492.2380908112973 416.78643525764346 4201.5574011914432 1844.1600159555674 58.697891429066658 45.492618653923273 649.07930754497647 57.117627952247858
leaf_count=6596 2639 1541 2573 789 4328 10681 67206 3294 41058 15909 886 366 8911 969
internal_value=-3.72976e-06 -0.00184673 0.000427623 0.000607471 -0.0011909 0.00145333 0.00188434 -0.00409196 -0.000842824 0.000455653 0.00801059 0.0124431 -0.00504626 -0.00872397
internal_weight=19316.6 3657.35 15659.3 15333.1 4903.6 10429.5 9683.46 746.048 4814.22 2131.85 287.687 228.99 1525.51 706.197
internal_count=167746 35178 132568 129929 46175 83754 77887 5867 45386 18702 2793 1907 16476 9880
is_linear=0
shrinkage=0.035


Tree=141
num_leaves=15
num_cat=0
split_feature=22 14 13 6 22 7 4 22 6 24 2 10 11 5
split_gain=12.2505 13.5316 22.9055 16.7044 24.2929 20.7427 14.348 12.6227 10.4808 9.67328 9.33683 8.59988 8.46627 12.4763
threshold=0.49532502889633184 4.1559810638427743 0.69854092597961437 0.22298138588666919 0.20288966596126559 -0.023687492124736306 -0.033839454874396317 0.47137743234634405 0.11330451443791391 0.030779338441789154 -0.24266883730888364 0.75213748216629039 0.42949792742729193 0.0088629638776183146
decision_type=2 2 2 2 2 2 2 2 2 2 2 2 2 2
left_child=1 2 3 5 -5 -1 10 11 -2 -8 -3 -4 13 -10
right_child=8 6 7 4 -6 -7 9 -9 12 -11 -12 -13 -14 -15
leaf_value=-0.0001761603210592109 -0.0099953982191634937 0.019622884868698551 0.0045463759824673575 0.012144371653101015 0.0012724891283418722 -0.0061874446927078289 -0.0010944174847893032 0.018677773281338936 0.024701874318661998 -0.009454027471683819 -0.0048027929200261813 -0.0019348863114991709 -0.012978083061612881 -0.00027230664923580839
leaf_weight=13652.057294350117 264.89828408882022 38.130161445587873 1460.623940166086 291.00359177589417 1558.8190725296736 731.40948697179556 297.61853538826108 60.040368542075157 18.194682944566011 393.29973051697016 26.455261398106813 296.44993669167161 40.088257774710655 185.60770225897431
leaf_count=118544 4360 287 11331 1522 12225 6430 3189 436 203 4021 271 2483 517 1927
internal_value=-3.91994e-06 0.00014237 0.000335481 -8.26395e-05 0.00303889 -0.000485925 -0.00441553 0.00405079 -0.00530962 -0.00592005 0.0103152 0.00344811 -2.69932e-05 0.00300837
internal_weight=19314.7 18805.9 18050.4 16233.3 1849.82 14383.5 755.504 1817.11 508.789 690.918 64.5854 1757.07 243.891 203.802
internal_count=167746 160739 152971 138721 13747 124974 7768 14250 7007 7210 558 13814 2647 2130
is_linear=0
shrinkage=0.035


Tree=142
num_leaves=15
num_cat=0
split_feature=9 6 22 11 10 16 13 18 11 15 20 10 16 0
split_gain=12.2314 15.3693 16.6797 15.2348 17.2751 15.1677 15.5421 13.1367 13.1308 12.6236 10.9905 10.6357 12.9571 8.68557
threshold=1.5546597242355349 0.32676012814044958 0.49532502889633184 0.22237041592597964 0.59219422936439525 2.5470607280731206 0.69854092597961437 0.5402314066886903 0.30461628735065466 20.856365203857425 0.016716612037271265 0.69100764393806469 0.69032967090606701 0.32247892022132879
decision_type=2 2 2 2 2 2 2 2 2 2 2 2 2 2
left_child=1 2 5 10 8 6 -1 -6 -5 -7 -3 12 -4 -12
right_child=-2 3 11 4 7 9 -8 -9 -10 -11 13 -13 -14 -15
leaf_value=-0.00020267654371402128 -0.0079602680180466106 0.0010664036649300952 0.0058581372175752558 0.0068958771084572162 0.0012702411952570894 0.0098092288611138188 0.0035144636072245703 0.012666747806415525 0.024005807106162277 -0.0079320063532995321 -0.025888634469377135 -0.020019627888653208 -0.0086438790306666187 -0.00052098619042530202
leaf_weight=15035.71527813375 223.79358924552798 93.554375980049372 97.903799653053284 199.16758996993303 1092.2205980271101 46.601496659219265 1506.8665227033198 130.23891235888004 73.866269193589687 440.04299771785736 37.196029558777809 56.901091132313013 251.96248808503151 26.093033608049154
leaf_count=129063 2705 743 1467 1299 7995 490 12305 1110 418 5125 249 912 3643 222
internal_value=-3.29701e-06 9.41106e-05 -0.000212344 0.00330975 0.00440529 -4.30165e-05 0.000137837 0.00257733 0.0122094 -0.00606979 -0.0067741 -0.0071301 -0.00453573 -0.0169281
internal_weight=19312.1 19088.3 17436 1652.34 1495.49 17029.2 16542.6 1222.46 273.034 486.644 156.843 406.767 349.866 63.2891
internal_count=167746 165041 153005 12036 10822 146983 141368 9105 1717 5615 1214 6022 5110 471
is_linear=0
shrinkage=0.035


Tree=143
num_leaves=15
num_cat=0
split_feature=2 6 5 17 17 24 24 21 13 3 16 8 1 11
split_gain=12.0579 16.4196 25.5416 22.2218 21.4468 25.2591 20.3421 17.5527 16.6787 16.2227 16.1611 15.9031 18.4794 15.5016
threshold=-0.41325563192367548 -0.036139478906989091 -0.021689879707992073 0.016029549762606624 0.020677706226706508 0.027782052755355838 0.029632964171469215 -0.096818007528781877 0.68527108430862438 0.6727714240550996 0.77613982558250438 -0.63722968101501454 -0.41002549231052393 0.46356204152107244
decision_type=2 2 2 10 8 2 2 2 2 2 2 2 2 2
left_child=10 3 4 -2 6 -6 -3 -5 9 -4 11 12 -1 -13
right_child=1 2 8 7 5 -7 -8 -9 -10 -11 -12 13 -14 -15
leaf_value=0.0065451714053128222 -0.016547225187391865 -0.0060618820987958918 -0.0019378988847280939 -0.005607044996977506 0.018920532655700581 0.0024934086595920168 0.033598899927940296 -0.00056292339851262828 0.0026154247985174443 0.0032344756413284644 0.0071221139161042482 0.010233816629821525 -0.012596497411502003 -0.0072100204452631607
leaf_weight=81.582087341696024 106.26463855430484 18.435838978737593 4769.8953832816333 943.54192961007357 112.70940002426505 1852.2983062230051 45.140501383692026 7460.4456187933683 1944.4714277982712 870.1646504253149 641.36052715033293 189.54553385451436 192.10238848254085 82.413490854203701
leaf_count=592 1387 207 43665 6498 782 16192 374 68319 16153 5832 4534 1258 1359 594
internal_value=-3.41677e-06 -0.000228006 0.000762869 -0.00134687 0.00424093 0.00352667 0.0228373 -0.00113523 -0.000171743 -0.00113558 0.00339891 -0.00102683 -0.00686101 0.00487947
internal_weight=19310.4 18123.4 9613.12 8510.25 2028.58 1965.01 63.5763 8403.99 7584.53 5640.06 1187 545.644 273.684 271.959
internal_count=167746 159409 83205 76204 17555 16974 581 74817 65650 49497 8337 3803 1951 1852
is_linear=0
shrinkage=0.035


Tree=144
num_leaves=15
num_cat=0
split_feature=4 14 18 24 15 24 10 19 3 4 20 0 11 15
split_gain=11.8674 13.8909 20.3147 17.4018 35.1156 17.0707 16.8326 16.3304 14.9896 13.2481 12.4933 14.8316 12.1239 11.4098
threshold=-0.1799969747662544 2.4828850030899052 0.1935326233506203 0.035151986405253417 22.241126060485843 0.030835845507681373 0.75213748216629039 -0.11887951940298079 0.10160859301686288 -0.033839454874396317 -0.0083783604204654676 0.023441022261977199 0.23752025514841082 22.100194931030277
decision_type=2 2 2 2 2 2 2 2 2 2 2 2 2 2
left_child=-1 2 3 8 -5 10 12 9 -2 -7 11 -3 -4 -12
right_child=1 5 6 4 -6 7 -8 -9 -10 -11 13 -13 -14 -15
leaf_value=0.006036206760608823 -0.0014199517240682251 -0.0047864410038376453 9.172434344335121e-05 -0.00038823824193919644 0.0094147265514716496 0.021179502593947717 -0.0001056368686872658 -0.0082449527108907506 0.00097211109244678396 -0.0027184448146916947 0.0021736881584708055 0.011497993558845308 0.011097024755088844 -0.0091332353725301924
leaf_weight=380.56027578189969 9268.0953040216118 95.374618209898472 163.73748905584216 1338.3607232123613 662.02530106157064 33.674793601036072 516.82289603352547 774.80403096601367 4897.3640380837023 75.924407280981541 231.61475450545549 197.85782243311405 480.35668931528926 192.05226069688797
leaf_count=2746 90090 960 1349 8359 3669 270 4762 7509 37433 730 2387 2005 3489 1988
internal_value=-2.85051e-06 -0.000127393 0.000161581 -0.000160764 0.00288673 -0.0032358 0.00461329 -0.00646156 -0.000592852 0.00578122 0.000777801 0.00621826 0.0083435 -0.00304426
internal_weight=19308.6 18928.1 17326.8 16165.8 2000.39 1601.3 1160.92 884.403 14165.5 109.599 716.899 293.232 644.094 423.667
internal_count=167746 165000 149151 139551 12028 15849 9600 8509 127523 1000 7340 2965 4838 4375
is_linear=0
shrinkage=0.035


Tree=145
num_leaves=15
num_cat=0
split_feature=9 4 6 15 22 17 16 15 18 23 3 3 24 2
split_gain=11.5456 14.3479 14.0031 18.2219 17.7718 17.4562 26.9633 21.0311 15.1764 9.87572 10.8216 8.94888 8.33824 8.10388
threshold=1.5546597242355349 -0.1799969747662544 0.22298138588666919 20.555660247802738 0.1297867298126221 0.057369727641344077 2.4242618083953862 20.856365203857425 0.17174345254898074 0.17300087213516238 -0.34397807717323298 1.3313781619071963 0.028592240996658806 -0.52486193180084217
decision_type=2 2 2 2 2 8 2 2 2 2 2 2 2 2
left_child=1 9 5 8 -5 6 -3 -7 -4 10 -1 -12 -2 -14
right_child=12 2 3 4 -6 7 -8 -9 -10 -11 11 -13 13 -15
leaf_value=0.014892565415826828 0.011133050144221729 0.00033863398650186497 0.023989946800647123 0.020406140008180328 0.0012360000676703989 0.0028837137287805077 -0.012169726920632456 -0.0042519098264832481 -0.0038947388294512811 0.011286532505940706 -0.011389945833450618 0.01177945107441083 0.010504298659637704 -0.011822286166135964
leaf_weight=29.709249954670668 17.717449992895126 12786.532981636003 71.914433594793081 50.752162203192711 2502.9034106694162 629.01221769675612 204.6523909419775 2456.0715051647276 30.231023661792278 223.31915294751525 79.8741604834795 17.640819601714611 14.423162147402762 190.28184169530869
leaf_count=229 186 112507 516 264 18713 5161 2553 22679 217 1364 688 150 120 2399
internal_value=-2.25723e-06 9.21332e-05 -4.09563e-05 0.00230854 0.00169511 -0.000430287 0.000132379 -0.00279242 0.0161258 0.00700795 -0.000777527 -0.00649275 -0.00775597 -0.00983322
internal_weight=19305 19082.6 18732.1 2655.8 2553.66 16076.3 12991.2 3085.08 102.145 350.543 127.224 97.515 222.422 204.705
internal_count=167746 165041 162610 19710 18977 142900 115060 27840 733 2431 1067 838 2705 2519
is_linear=0
shrinkage=0.035


Tree=146
num_leaves=15
num_cat=0
split_feature=11 8 23 17 6 19 18 22 15 12 24 17 24 15
split_gain=11.6177 13.5519 13.8065 13.4801 21.507 24.2303 19.8593 19.3746 23.1135 18.3906 35.3715 17.554 16.6858 45.5169
threshold=0.20678631961345675 -0.33286318182945246 0.38340328633785253 0.054933378472924239 -0.036139478906989091 -0.074630275368690477 0.12515699863433841 0.20288966596126559 24.855782508850101 0.95841506123542797 0.03171984106302262 0.027484176680445675 0.032905315980315215 21.632692337036136
decision_type=2 2 2 8 2 2 2 2 2 2 2 10 2 2
left_child=1 -1 -3 4 12 11 -7 8 -5 -9 -11 -6 -2 -14
right_child=3 2 -4 7 5 6 -8 9 -10 10 -12 -13 13 -15
leaf_value=-0.0084017429053402266 -0.0011169953564158321 -0.00076086261644198801 -0.019655005836815773 0.0012046050641144085 0.023409223371756341 0.00060776080543097912 0.0074417146908340786 -0.0056934305688357721 0.020883673234506912 0.0026070400653729789 -0.0055746220869061832 0.0066204693874086463 -0.0017137164779420042 0.011571629457912368
leaf_weight=353.46093516238034 5123.3955210987478 2365.0377247743309 38.378825191408396 1642.0467862598598 79.690127674490213 3020.0334370490164 620.0383366830647 1333.6293651107699 66.620789162814617 1606.5077739935368 1069.800056129694 650.54912527278066 838.80743152648211 494.7086034938693
leaf_count=5275 44470 24108 385 10992 738 24469 4566 11913 340 16090 9725 5701 5893 3081
internal_value=-1.13859e-06 -0.00210044 -0.00114276 0.000349706 0.00107542 0.00296847 0.00178903 -0.00102378 0.00208894 -0.00235204 -0.000671992 0.00874409 -0.000208491 0.00326433
internal_weight=19302.7 2756.88 2403.42 16545.8 10827.2 4370.31 3640.07 5718.6 1708.67 4009.94 2676.31 730.239 6456.91 1333.52
internal_count=167746 29768 24493 137978 88918 35474 29035 49060 11332 37728 25815 6439 53444 8974
is_linear=0
shrinkage=0.035


Tree=147
num_leaves=15
num_cat=0
split_feature=22 24 20 17 11 17 10 24 17 24 21 21 20 21
split_gain=11.3687 21.919 24.7768 24.5585 39.8066 38.5616 26.9752 22.9564 23.023 21.1838 27.2096 28.3095 47.3962 24.7425
threshold=0.34918159246444708 0.03567874617874623 -0.023568059317767617 0.024574437178671363 0.31478951871395117 0.069056175649166121 0.25577317178249365 0.027782052755355838 0.025604831054806713 0.027059725485742096 0.0099786282517015951 0.044409573078155525 -0.0012952625402249394 0.0069537807721644649
decision_type=2 2 2 8 2 8 2 2 10 2 2 2 2 2
left_child=9 2 -2 6 -5 -6 -3 8 -4 -1 13 -12 -13 -11
right_child=1 3 7 4 5 -7 -8 -9 -10 10 11 12 -14 -15
leaf_value=-0.0070981716102377331 0.0069463728824617973 -0.0027881602492296088 -0.011606186446383891 -0.0078194782808550124 0.013912755907145087 -0.0099799278828097068 0.035331619787637096 -0.0039165526334768606 0.0063771168777939707 0.00017531387918558495 0.010067732425556634 -0.0031823901475400494 0.0069624199852785524 -0.013048283542584006
leaf_weight=420.55507641658187 325.5330229178071 34.914378955960274 95.400428015738726 305.34834816306829 341.5730197429657 100.29241698980331 48.628892280161381 3853.5060924012214 507.21142170578241 10198.025005016476 664.58808417990804 1124.0259789973497 1113.9651269763708 166.32683199644089
leaf_count=4039 4304 191 977 1780 1702 903 225 50916 4557 75512 5036 9066 7252 1286
internal_value=-7.24667e-07 -0.00132592 -0.00223845 0.00389055 0.00174955 0.00838887 0.0208056 -0.00292348 0.00338717 0.000543229 0.000790621 0.00377953 0.00187572 -4.92709e-05
internal_weight=19299.9 5612.41 4781.65 830.757 747.214 441.865 83.5433 4456.12 602.612 13687.5 13266.9 2902.58 2237.99 10364.4
internal_count=167746 65555 60754 4801 4385 2605 416 56450 5534 102191 98152 21354 16318 76798
is_linear=0
shrinkage=0.035


Tree=148
num_leaves=15
num_cat=0
split_feature=14 11 0 21 2 11 15 8 23 16 14 3 23 21
split_gain=11.3907 22.3388 17.614 20.528 21.0947 28.2146 16.2464 38.1031 14.7644 14.5893 13.0967 13.0485 12.7452 30.0501
threshold=0.3333516269922257 0.24722337722778323 -0.038903249427676194 0.017405906692147258 0.62402379512786876 0.55645331740379345 20.362044334411625 -0.46493948996067042 0.41836158931255346 2.087031483650208 2.4828850030899052 0.046606821939349181 0.26289419829845434 0.0099786282517015951
decision_type=2 2 2 2 2 2 2 2 2 2 2 2 2 2
left_child=1 -1 6 8 9 -6 7 -2 10 -5 -4 -9 -8 -14
right_child=2 -3 3 4 5 -7 12 11 -10 -11 -12 -13 13 -15
leaf_value=-0.012680321124965086 0.0067190457429603216 -0.0011440281614508851 -0.00087603407988370049 0.0012986968797583725 0.011303429790543107 -0.015804114266356636 0.0016259909378790883 -0.014310025761574143 -0.011888713994648062 -0.0048405756035089769 -0.005698417926735427 -0.00062845159530087937 0.0034048597366888515 0.019342858095903033
leaf_weight=214.38692140579224 271.37280771881342 2496.4229052402079 5270.5575904417783 3581.8855214640498 408.45964313298464 44.180741719901562 3993.6811892054975 267.81779762543738 162.98477173596621 536.3731650095433 784.85258171334863 124.66089108213782 976.4262643456459 161.68902788311243
leaf_count=3023 2130 24037 42715 32440 2920 476 33865 2720 1543 6116 7679 960 6344 778
internal_value=-5.68496e-07 -0.00209964 0.000343583 -0.000492454 0.00128659 0.00837314 0.00189813 -0.00321978 -0.00180013 0.000489313 -0.00150944 -0.010088 0.00256516 0.00581788
internal_weight=19295.8 2710.81 16584.9 10789.3 4570.9 452.64 5795.65 663.851 6218.39 4118.26 6055.41 392.479 5131.8 1138.12
internal_count=167746 27060 140686 93889 41952 3396 46797 5810 51937 38556 50394 3680 40987 7122
is_linear=0
shrinkage=0.035


Tree=149
num_leaves=15
num_cat=0
split_feature=22 21 24 20 20 22 21 7 23 21 16 11 24 19
split_gain=11.1683 36.4468 34.6387 25.6547 51.2153 35.5566 23.0482 27.3763 45.3218 23.0472 22.4478 20.4994 19.0738 18.4811
threshold=0.22323016822338107 -0.05086581036448478 0.027059725485742096 -0.033910721540451043 -0.027345366775989529 0.30788511037826544 -0.084689632058143602 -0.095488872379064546 0.21555506438016894 -0.057884303852915757 0.69032967090606701 0.31478951871395117 0.030337849631905559 -0.013935536611825226
decision_type=2 2 2 2 2 2 2 2 2 2 2 2 2 2
left_child=2 9 -1 -3 13 -6 11 8 -8 -2 -11 -4 -9 -5
right_child=1 3 6 4 5 -7 7 12 -10 10 -12 -13 -14 -15
leaf_value=-0.011476330356222133 -0.0035824312170856291 -0.0059372554020006973 -0.0064580448860114071 0.003981762034697041 0.0033989882808413345 -0.0012225004429894601 0.0085038219631208226 -0.0055260800447824885 0.00015521390753378859 -0.00057303597626512446 -0.021485945940112414 0.001005417479716711 0.00292836185075579 0.021502348624869029
leaf_weight=246.51464992016554 1250.4028737694025 793.2663035467267 662.99086990207434 131.0369171500206 2859.817496560514 7037.4167383443564 1764.4751984700561 638.67872123420238 1446.0616673864424 94.183747127652168 182.58908396959305 1359.0465997606516 649.87826196104288 176.44382461905479
leaf_count=2725 10547 8181 4582 1173 19303 79603 11492 4748 9200 738 1478 8582 3992 1402
internal_value=-1.17375e-06 -0.000620064 0.00114346 8.54257e-05 0.000558955 0.000114967 0.00163736 0.00303022 0.00475567 -0.00566817 -0.0146376 -0.00146146 -0.0012724 0.0143963
internal_weight=19292.8 12525.2 6767.65 10998 10204.7 9897.23 6521.13 4499.09 3210.54 1527.18 276.773 2022.04 1288.56 307.481
internal_count=167746 122425 45321 109662 101481 98906 42596 29432 20692 12763 2216 13164 8740 2575
is_linear=0
shrinkage=0.035


Tree=150
num_leaves=15
num_cat=0
split_feature=10 24 2 21 15 11 10 14 20 6 21 15 15 11
split_gain=11.2394 30.1539 17.4157 24.2026 19.3683 18.1702 31.985 17.5318 15.3083 14.5046 15.4187 19.8357 13.9041 13.667
threshold=1.1478294134140017 0.027782052755355838 0.62402379512786876 0.017405906692147258 24.268281936645511 0.55645331740379345 0.95338001847267162 0.14016597718000415 0.064609490334987654 -0.26468613743782038 0.025375037454068664 24.855782508850101 20.604446411132816 0.5300196409225465
decision_type=2 2 2 2 2 2 2 2 2 2 2 2 2 2
left_child=2 -2 5 12 13 6 7 -1 -7 -3 11 -11 -4 -5
right_child=1 9 3 4 -6 8 -8 -9 -10 10 -12 -13 -14 -15
leaf_value=-0.0080122400106497262 0.024894450655245919 0.0067258170807726926 0.022111007898891633 0.0075686470154903091 0.020669590459269131 0.006954614170798199 -0.010707020236811341 2.9042029012172738e-05 -0.0094719319244138261 -0.0087695269768889444 -0.019717751396283754 0.013539122113575035 -0.0014060943521428096 -0.014469870894731165
leaf_weight=329.07856526039541 29.297307431697845 73.807279925793409 22.416495215147734 327.91404367983341 139.75244759395719 652.0913519859314 348.20766989141703 16212.179727748036 68.921090718358755 282.87472978234291 117.89160317182541 49.341533966362476 606.92610266059637 29.119098909199238
leaf_count=3854 243 639 147 2358 953 5302 3664 140890 521 2669 1428 430 4386 262
internal_value=-1.68516e-06 -0.00487333 0.000144677 0.0043447 0.0100374 -0.000126213 -0.000359833 -0.000135679 0.00527632 -0.00697302 -0.00931667 -0.00515738 -0.000235703 0.00542595
internal_weight=19289.8 553.212 18736.6 1126.13 496.786 17610.5 16889.5 16541.3 721.012 523.915 450.108 332.216 629.343 357.033
internal_count=167746 5409 162337 8106 3573 154231 148408 144744 5823 5166 4527 3099 4533 2620
is_linear=0
shrinkage=0.035


Tree=151
num_leaves=15
num_cat=0
split_feature=22 21 22 18 22 3 21 22 23 24 23 10 21 13
split_gain=10.8148 22.6648 22.7496 27.2903 22.3046 19.561 17.7212 27.7674 22.9713 21.8132 50.6832 27.0007 19.2546 21.8576
threshold=0.37421594560146337 0.037735188379883773 0.41938711702823644 0.12515699863433841 0.42348992824554449 -0.01514332555234432 -0.019647533074021336 0.23155066370964053 0.13412301987409594 0.029357682913541797 0.20932535827159884 1.0036211609840395 -0.05086581036448478 0.45818926393985754
decision_type=2 2 2 2 2 2 2 2 2 2 2 2 2 2
left_child=6 4 -3 -4 5 -2 7 -1 -8 10 -10 -11 13 -9
right_child=1 2 3 -5 -6 -7 8 12 9 11 -12 -13 -14 -15
leaf_value=0.00084152104538246333 -0.013839230419346796 0.0040392561910627001 -0.0051352406951502717 0.0070254400795982186 0.00098640295502634224 -0.0036550478380934963 -0.00047886042765964582 -0.0009427693039984965 0.0036145904148112227 0.0067999957817981068 -0.012711273981282363 -0.0082980197869226887 -0.00099899829843109545 -0.010393327041724919
leaf_weight=5638.3042888604105 416.19752492196858 1125.6595811098814 1091.3384463563561 275.19743072241545 479.63861126825213 526.55680324323475 3017.883957374841 501.33254441618919 1100.9738369062543 2095.8238278366625 284.74389201030135 147.52074413374066 1842.9467802066356 743.83347068354487
leaf_count=37364 7626 10819 12405 2590 7154 6651 29623 4210 7713 14682 2631 1234 16721 6323
internal_value=-1.26035e-06 -0.00164124 0.00037376 -0.00265304 -0.00514971 -0.00824912 0.00041713 -0.0006198 0.00177735 0.00364974 0.000192836 0.00577474 -0.003282 -0.00662614
internal_weight=19288 3914.59 2492.2 1366.54 1422.39 942.754 15373.4 8726.42 6646.95 3629.06 1385.72 2243.34 3088.11 1245.17
internal_count=167746 47245 25814 14995 21431 14277 120501 64618 55883 26260 10344 15916 27254 10533
is_linear=0
shrinkage=0.035


Tree=152
num_leaves=15
num_cat=0
split_feature=14 11 0 21 24 11 22 24 15 8 23 9 22 15
split_gain=10.4279 20.0095 18.286 20.7548 28.8469 23.1137 18.0892 17.374 15.6893 24.8892 15.6497 15.0485 17.2221 14.0039
threshold=0.39666378498077398 0.36068023741245275 -0.038903249427676194 0.037735188379883773 0.028592240996658806 0.34250728785991674 0.49532502889633184 0.030890330672264103 20.267002105712894 -0.47667078673839564 0.41836158931255346 0.36451138556003576 0.35798960924148565 21.455722808837894
decision_type=2 2 2 2 2 2 2 2 2 2 2 2 2 2
left_child=1 13 8 4 5 -4 7 -5 9 -2 -6 12 -3 -1
right_child=2 11 3 6 10 -7 -8 -9 -10 -11 -12 -13 -14 -15
leaf_value=-0.0023638571248044064 0.0060770508855808722 0.011995245827391863 -0.012486085797625272 0.0051241978679775072 -0.00050636600448402585 0.00049744268474036007 -0.0058422277794534542 6.5643621890596157e-05 0.0026246854298702885 -0.010957874808639452 -0.011486575347030499 -0.00067633170197588591 -0.0082342691494410036 -0.0095333953647076617
leaf_weight=1019.3667194880545 164.53026968985796 230.61011436209083 486.49079031869769 1557.9161595907062 5779.6913828402758 252.71784789860249 348.06011752784252 1771.9669815339148 4871.4862817060202 258.02370970696211 153.55592933669686 1838.6688961721957 57.953757762908936 493.45576366409659
leaf_count=11058 1267 1907 4861 13072 49170 2046 4581 14794 38822 2473 1482 15909 886 5418
internal_value=-2.07834e-06 -0.00168672 0.00039072 -0.000465187 -0.00162799 -0.00809993 0.00164303 0.00244059 0.00206183 -0.00433782 -0.000809389 0.000503602 0.00779273 -0.00474968
internal_weight=19284.5 3640.06 15644.4 10350.4 6672.46 739.209 3677.94 3329.88 5294.04 422.554 5933.25 2127.23 288.564 1512.82
internal_count=167746 35178 132568 90006 57559 6907 32447 27866 42562 3740 50652 18702 2793 16476
is_linear=0
shrinkage=0.035


Tree=153
num_leaves=15
num_cat=0
split_feature=10 8 8 10 14 8 6 16 19 3 17 10 11 3
split_gain=10.2992 22.4332 18.0487 16.9902 17.4467 25.2728 24.3511 22.6329 16.8277 29.6155 26.6704 24.1035 21.2066 18.7881
threshold=0.31747992336750036 -0.34853559732437128 -0.51593270897865284 0.636783927679062 0.2894160002470017 -0.63722968101501454 -0.30806502699851984 0.89296051859855663 0.078007232397794737 0.10160859301686288 0.02914745640009642 0.1769332364201546 0.11666493490338327 0.10160859301686288
decision_type=2 2 2 2 2 2 2 2 2 2 10 2 2 2
left_child=1 2 -1 4 -2 7 -7 -6 9 12 -10 -11 -3 -12
right_child=3 8 -4 -5 5 6 -8 -9 10 11 13 -13 -14 -15
leaf_value=0.0072475551273700556 -0.0037071873175300572 -0.014477351868394923 -0.011400607925432181 -0.0012491531454202182 -0.013491715728931543 0.0092458266022086913 0.0014790095824176845 0.0022946326979033705 -0.011996667030726996 0.036407332450563927 0.011738995299883826 0.0067220559768144767 0.00024529737946783406 -0.008901945650863401
leaf_weight=67.601159365847707 836.02248908020556 122.57153132930398 419.27809015475214 5554.7796547431499 243.8947586864233 513.23243940249085 9198.0225203614682 193.52774361893535 325.22005746141076 28.588823579251766 128.58181861042976 326.67850236594677 1245.6846957635134 79.409939464181662
leaf_count=904 8749 1597 5582 48689 1752 3359 73963 1468 2740 185 1310 2512 14376 560
internal_value=-2.85274e-06 -0.00198482 -0.00871764 0.000326922 0.00112433 0.00152559 0.00189857 -0.00661222 -0.000500197 0.0011865 -0.00587365 0.0100422 -0.00116906 0.00381156
internal_weight=19283.1 2743.61 486.879 16539.5 10984.7 10148.7 9711.25 437.423 2256.74 1723.52 533.212 355.267 1368.26 207.992
internal_count=167746 29766 6486 137980 89291 80542 77322 3220 23280 18670 4610 2697 15973 1870
is_linear=0
shrinkage=0.035


Tree=154
num_leaves=15
num_cat=0
split_feature=10 24 2 21 15 11 10 14 23 15 6 21 15 20
split_gain=10.1125 27.9795 16.4845 21.9335 17.872 17.069 29.7431 16.077 14.704 14.0513 13.6533 14.9207 18.6514 13.6097
threshold=1.1478294134140017 0.027782052755355838 0.62402379512786876 0.017405906692147258 24.268281936645511 0.55645331740379345 0.95338001847267162 0.14016597718000415 0.3174744993448258 20.555660247802738 -0.26468613743782038 0.025375037454068664 24.855782508850101 0.055164955556392677
decision_type=2 2 2 2 2 2 2 2 2 2 2 2 2 2
left_child=2 -2 5 9 -5 6 7 -1 13 -4 -3 12 -12 -7
right_child=1 10 3 4 -6 8 -8 -9 -10 -11 11 -13 -14 -15
leaf_value=-0.0077142081348888008 0.023812001766787733 0.0065664590008466753 0.022888586471049299 0.0051854926291153994 0.019771336704588312 0.0048784215211570255 -0.010380233358898244 1.7405175222095992e-05 0.016307062349656228 -0.0013041752241425503 -0.0084434165157204876 -0.019310639806367075 0.013149337003490526 -0.0099702551835528959
leaf_weight=326.29272786714137 29.854152634739876 74.032985340803862 20.880373556166887 358.16079471632838 141.17788767069578 534.43702148646116 344.90449280664325 16209.635972384363 110.4113943465054 607.42974158003926 280.39432302117348 115.84211644902825 49.678435120731592 78.301033835858107
leaf_count=3854 243 639 133 2620 953 4446 3664 140890 757 4400 2669 1428 430 620
internal_value=-2.77692e-06 -0.0046382 0.000135682 0.00421893 0.00961656 -0.000128123 -0.000354981 -0.000139728 0.00510014 -0.000154202 -0.00669024 -0.00898694 -0.00490245 0.00285129
internal_weight=19281.4 549.802 18731.6 1127.65 499.339 17604 16880.8 16535.9 723.149 628.31 519.948 445.915 330.073 612.738
internal_count=167746 5409 162337 8106 3573 154231 148408 144744 5823 4533 5166 4527 3099 5066
is_linear=0
shrinkage=0.035


Tree=155
num_leaves=15
num_cat=0
split_feature=22 4 20 24 21 22 21 20 23 17 14 5 24 17
split_gain=9.99569 22.5069 21.8622 19.2136 23.8351 39.5132 32.8441 24.006 28.2742 27.3182 21.2916 18.0672 18.0209 29.5498
threshold=0.33232145011425024 0.049203328788280494 -0.023568059317767617 0.027059725485742096 -0.054856372997164719 0.23155066370964053 -0.057884303852915757 -0.017610163427889344 0.21555506438016894 0.056117560714483268 0.75721713900566112 -0.055548353120684617 0.03567874617874623 0.060103049501776702
decision_type=2 2 2 2 2 2 2 2 2 8 2 2 2 8
left_child=3 11 -3 -1 5 6 -5 8 -6 -9 -7 12 -2 -14
right_child=1 2 -4 4 7 10 -8 9 -10 -11 -12 -13 13 -15
leaf_value=-0.0067519921879186434 -0.00069320967432816977 0.017928128758313108 0.0012759416490248584 -1.7644663671462434e-05 0.0012716253075486367 -0.002393976263556071 0.013993944324585205 0.0050874922368983567 -0.0083317975020598765 -0.00083164785603045217 -0.011677138957582307 -0.0038315540887385769 0.016972534507029641 -0.015653915864689276
leaf_weight=416.46343488246202 1178.827921744436 92.886754937469959 1616.6431041881442 4146.0300889089704 1598.0612509846687 713.42864685505629 205.59153340756893 3573.2613957263529 480.16557427868247 1298.8214340656996 524.40414019301534 3243.5166604667902 156.97575604915619 34.310212213546038
leaf_count=4039 16435 990 15802 27506 13661 6031 1162 23653 4096 9538 4502 39310 757 264
internal_value=-1.8393e-06 -0.00114156 0.00227973 0.000554842 0.000802699 -0.000898041 0.000674897 0.00216976 -0.000976479 0.00351107 -0.00638882 -0.00241147 0.000953738 0.0106335
internal_weight=19279.4 6323.16 1709.53 12956.2 12539.8 5589.45 4351.62 6950.31 2078.23 4872.08 1237.83 4613.63 1370.11 191.286
internal_count=167746 73558 16792 94188 90149 39201 28668 50948 17757 33191 10533 56766 17456 1021
is_linear=0
shrinkage=0.035


Tree=156
num_leaves=15
num_cat=0
split_feature=3 17 3 10 1 17 22 20 21 6 21 18 5 19
split_gain=9.8057 13.8817 22.2415 23.1173 26.4014 22.6283 18.4481 18.2496 23.3974 18.1821 21.4561 17.394 15.4615 14.25
threshold=1.3313781619071963 0.054933378472924239 -0.081160873174667345 0.44856855273246771 0.16817088425159457 0.031447842717170722 0.20288966596126559 -0.0012952625402249394 -0.054856372997164719 -0.21772951632738111 -0.015407797880470751 0.30863973498344427 -0.021689879707992073 0.13224224001169207
decision_type=2 8 2 2 2 10 2 2 2 2 2 2 2 2
left_child=1 2 3 4 -1 -5 13 12 -9 10 -8 -11 -4 -3
right_child=-2 6 7 5 -6 -7 9 8 -10 11 -12 -13 -14 -15
leaf_value=-0.003503791772551829 0.0038040209098831731 -0.0010606166166590453 0.002157631345915411 0.012050299175036389 0.0085961563190991852 0.00048023230845180406 -0.0039191774158254889 -0.0038478107974597871 0.0047658229684708177 -0.0053575720221478388 0.0095874152312840182 0.0015954323790579427 -0.0027130162978251226 0.0057725074466015314
leaf_weight=3594.0265166088939 785.10097261145711 1022.7290694117546 1773.5011729113758 214.77339178882539 225.9157493673265 2642.2853848449886 287.52766088023782 436.27823822200298 2967.0377351064235 2513.7384192626923 270.81656977906823 529.22316861525178 1435.4455332197249 577.07033650577068
leaf_count=37165 5374 6858 14852 2004 2063 21587 2350 2893 23777 24660 2629 5426 12172 3936
internal_value=-1.89182e-06 -0.00016546 0.000434608 -0.000989605 -0.00276761 0.00138898 -0.00169658 0.00187209 0.00365359 -0.00308325 0.00268542 -0.00414706 -2.2796e-05 0.00142474
internal_weight=19275.5 18490.4 13289.3 6677 3819.94 2857.06 5201.11 6612.26 3403.32 3601.31 558.344 3042.96 3208.95 1599.8
internal_count=167746 162372 116513 62819 39228 23591 45859 53694 26670 35065 4979 30086 27024 10794
is_linear=0
shrinkage=0.035


Tree=157
num_leaves=15
num_cat=0
split_feature=9 6 15 18 18 23 5 4 17 16 15 12 24 19
split_gain=9.87423 12.3031 15.6212 13.8403 13.0157 14.2655 11.4611 11.4491 14.282 24.4831 19.2311 9.95481 7.76001 9.3629
threshold=1.5546597242355349 0.22298138588666919 20.555660247802738 0.17174345254898074 0.5402314066886903 0.26289419829845434 0.071360822767019286 -0.1799969747662544 0.057369727641344077 2.4242618083953862 20.856365203857425 0.91945162415504467 0.030890330672264103 -0.31916774809360499
decision_type=2 2 2 2 2 2 2 2 8 2 2 2 2 2
left_child=1 7 3 6 5 -4 -3 11 9 -9 -10 -1 -2 -14
right_child=12 2 4 -5 -6 -7 -8 8 10 -11 -12 -13 13 -15
leaf_value=-0.0034864271298871564 0.0025762042258312625 0.0011312459131378402 0.00012160360225668378 -0.0040661629366026157 0.010957259370209797 0.0089170186189917091 0.030497863253916527 0.00029369415244799926 0.0028703001500130585 -0.011714769727728818 -0.0039590833889959877 0.0096829464853848551 0.0097071062398170083 -0.014280325025924134
leaf_weight=91.699816223233938 65.648825462907553 23.42891975492239 2165.3963347896934 30.299412701278925 164.09832661598921 242.24658325314522 50.016301944851875 12778.850944211707 628.67412351444364 201.4215800203383 2437.2745399847627 240.92227644473314 15.924734916537998 137.05329035967588
leaf_count=633 796 173 16391 217 1422 1322 345 112507 5161 2553 22679 1638 140 1769
internal_value=-1.50736e-06 8.52042e-05 0.00228107 0.0149838 0.00171259 0.00103978 0.0223882 -0.000274664 -0.000409593 9.8478e-05 -0.00255394 0.00605652 -0.00723199 -0.0113409
internal_weight=19273 19054.3 2675.49 103.745 2571.74 2407.64 73.4452 16378.8 16046.2 12980.3 3065.95 332.622 218.627 152.978
internal_count=167746 165041 19870 735 19135 17713 518 145171 142900 115060 27840 2271 2705 1909
is_linear=0
shrinkage=0.035


Tree=158
num_leaves=15
num_cat=0
split_feature=11 10 6 2 8 21 3 16 11 2 10 21 2 14
split_gain=9.6313 15.017 19.6945 19.793 22.6652 16.8292 16.0616 22.0914 15.4268 23.9949 24.6614 18.5798 18.9089 17.522
threshold=0.20678631961345675 0.636783927679062 -0.036139478906989091 -0.38054229319095606 -0.72699072957038868 -0.096818007528781877 1.0039492845535281 0.73427346348762523 0.55645331740379345 0.21671491861343387 1.0036211609840395 0.050632659345865257 -0.21497341990470883 0.47741860151290899
decision_type=2 2 2 2 2 2 2 2 2 2 2 2 2 2
left_child=-1 2 3 4 -2 -5 -4 -8 9 10 -3 -10 -13 -11
right_child=1 8 6 5 -6 -7 7 -9 11 13 -12 12 -14 -15
leaf_value=-0.0019182232566268109 -0.011836504081219668 -0.0034767077445920528 0.0023297535410085647 -0.0063101946467665274 0.0061241707885515183 -0.00027269911864375297 -0.0045259379424841852 0.017793936012354173 0.0041365728307806351 0.0063848574400287269 -0.018386326587223212 0.0066112434645233253 -0.014691666565890672 -0.0012755700143042058
leaf_weight=2741.5790253579617 85.971310649067163 2392.770889012143 4220.2497349437326 628.70833455771208 884.40858487039804 4948.4166983980685 72.017978060990572 174.9036883674562 1042.9015904776752 509.01585286483169 134.9975593034178 72.418164547532797 131.83656979724765 1230.748467862606
leaf_count=29768 628 21668 34367 4247 5952 42997 453 950 8814 4581 1531 630 1289 9871
internal_value=-8.70289e-07 0.000318112 0.00106429 -0.000158747 0.00442843 -0.000963381 0.00285323 0.0113613 -0.00117148 -0.00217147 -0.00434228 0.00224035 -0.00718271 0.000989379
internal_weight=19270.9 16529.4 11014.7 6547.5 970.38 5577.13 4467.17 246.922 5514.69 4267.53 2527.77 1247.16 204.255 1739.76
internal_count=167746 137978 89594 53824 6580 47244 35770 1403 48384 37651 23199 10733 1919 14452
is_linear=0
shrinkage=0.035


Tree=159
num_leaves=15
num_cat=0
split_feature=22 24 20 17 11 17 10 24 15 8 21 20 20 17
split_gain=9.68705 20.0347 23.4649 23.406 37.3756 33.4975 24.8529 17.285 21.51 17.9458 15.683 24.5019 30.2225 25.9906
threshold=0.35694092512130743 0.03567874617874623 -0.023568059317767617 0.024574437178671363 0.31478951871395117 0.053767548874020583 0.25577317178249365 0.027782052755355838 23.11257362365723 -0.29483425617218012 -0.019647533074021336 -0.017610163427889344 -0.050431339070200913 0.031447842717170722
decision_type=2 2 2 8 2 8 2 2 2 2 2 2 2 8
left_child=10 2 -2 6 -5 -6 -3 8 -4 -9 -1 12 -12 -13
right_child=1 3 7 4 5 -7 -8 9 -10 -11 11 13 -14 -15
leaf_value=-0.00048530204033720402 0.0065835828395167141 -0.0026476016222413954 0.0071673379163060659 -0.007752849290982927 0.016384966506995016 -0.0027010994744045653 0.033933258735129902 -0.0072861044724159257 -0.01155231769655676 -0.0020118651247286868 0.0076723050495420622 0.0088864428108969135 -0.003029292084480802 0.0019457653066614466
leaf_weight=8491.2768741287291 327.5762424506247 34.77408193051815 358.71629548817873 304.37247768417001 244.01428510993719 197.97348719090223 49.136922068893909 1215.0879478678107 84.968255024403334 2259.8080389909446 385.99776608496904 869.78223304450512 1753.2172231972218 2692.1481771953404
leaf_count=61998 4304 191 3459 1780 1164 1441 225 19564 735 27369 2417 6595 16694 19810
internal_value=-1.3665e-06 -0.00131201 -0.00228483 0.00363114 0.0015376 0.00796539 0.0201059 -0.00304106 0.0034068 -0.00387176 0.000468026 0.00188628 -0.00107159 0.00366073
internal_weight=19268.9 5076.43 4246.16 830.271 746.36 441.988 83.911 3918.58 443.685 3474.9 14192.4 5701.15 2139.21 3561.93
internal_count=167746 60232 55431 4801 4385 2605 416 51127 4194 46933 107514 45516 19111 26405
is_linear=0
shrinkage=0.035


Tree=160
num_leaves=15
num_cat=0
split_feature=13 14 22 17 20 24 17 13 3 20 21 24 0 21
split_gain=9.35571 14.331 14.2886 19.7791 19.0296 17.9995 29.3634 27.0275 19.5417 17.2971 40.6215 21.6876 13.0155 10.8446
threshold=0.68527108430862438 5.324740171432496 0.37421594560146337 0.016029549762606624 -0.020915670320391651 0.032905315980315215 0.024574437178671363 0.28472699224948889 -0.081160873174667345 -0.0012952625402249394 -0.054856372997164719 0.027267058379948143 0.03348244912922383 0.037735188379883773
decision_type=2 2 2 10 2 2 8 2 2 2 2 2 2 2
left_child=2 12 5 -4 -5 9 8 -8 -7 11 -11 -1 -2 -6
right_child=1 -3 3 4 13 6 7 -9 -10 10 -12 -13 -14 -15
leaf_value=-0.012223512208888863 -0.0054048238899300251 -0.0059035177844006751 -0.021309283987904278 0.0063804850840609812 -0.0057938299029957393 0.0010583586690396192 0.011240368276140323 0.00043671301717865176 0.025723109356355058 -0.0040099683830849735 0.0032042436901806447 -0.0012676815444640983 0.0036436766737738841 -0.0012408835625712393
leaf_weight=220.16277558729053 205.57728079892695 246.57968478277326 56.726823359727859 288.88514707610011 1009.5401492677629 63.112117819488049 313.48765709623694 2311.6693300642073 98.576252400875092 1329.1477686800063 3335.9192008376122 5926.9932096842676 2112.8039034605026 1745.5505443681031
leaf_count=2515 1704 2657 979 3840 15729 502 1914 15548 590 9760 25715 50231 17071 18991
internal_value=-7.0072e-07 0.00196311 -0.000303322 -0.00244329 -0.00202308 0.000186046 0.00268886 0.00176461 0.0167181 -0.000460942 0.00114463 -0.00167928 0.00282155 -0.00292413
internal_weight=19264.7 2564.96 16699.8 3100.7 3043.98 13599.1 2786.85 2625.16 161.688 10812.2 4665.07 6147.16 2318.38 2755.09
internal_count=167746 21432 146314 39539 38560 106775 18554 17462 1092 88221 35475 52746 18775 34720
is_linear=0
shrinkage=0.035


Tree=161
num_leaves=15
num_cat=0
split_feature=22 24 22 10 14 15 6 20 8 8 10 15 15 24
split_gain=9.47768 28.619 16.4644 44.4689 39.8278 24.0389 17.0559 14.6541 13.9976 13.741 25.3206 33.4563 21.4898 36.3363
threshold=0.22323016822338107 0.027059725485742096 0.19796442985534671 0.38408224284648901 1.5683421492576601 22.822746276855472 -0.02208427898585796 -0.066054619848728166 -0.053366694599390023 -0.22510141879320142 0.75213748216629039 23.731651306152347 21.455722808837894 0.035151986405253417
decision_type=2 2 2 2 2 2 2 2 2 2 2 2 2 2
left_child=1 8 3 -3 5 -4 -5 -2 -1 12 11 -11 -9 -14
right_child=7 2 4 6 -6 -7 -8 9 -10 10 -12 -13 13 -15
leaf_value=-0.013022148623902857 -0.010917401119508832 -0.0063210165250187546 0.0036661664106368307 0.0005962310652492252 -0.0072919415017237569 0.013006264043079963 0.0060765008820366636 0.00052960646391854698 0.014428339656340496 0.00062432927443106508 -0.0046444102416410005 0.0088093401564423163 -0.0046138209234414208 0.0058221667320585667
leaf_weight=222.80631373822689 155.53782692179084 966.98517933487892 1368.6343876868486 2476.9555509462953 315.9147200807929 444.26534880697727 958.78010560572147 3528.274488825351 16.986764587461948 3590.9245286099613 822.73596163839102 727.83262820914388 3205.8179466165602 459.51400448009372
leaf_count=2593 1431 7179 8554 16401 2230 2479 5753 37340 132 32843 7558 5255 34920 3078
internal_value=-9.71288e-07 0.00105257 0.00149508 0.000270594 0.0040144 0.00601382 0.00213876 -0.000572495 -0.0105778 -0.000433315 0.000947378 0.0020209 -0.00142008 -0.0032932
internal_weight=19262 6771.33 6531.54 4402.72 2128.81 1812.9 3435.74 12490.6 239.793 12335.1 5141.49 4318.76 7193.61 3665.33
internal_count=167746 45321 42596 29333 13263 11033 22154 122425 2725 120994 45656 38098 75338 37998
is_linear=0
shrinkage=0.035


Tree=162
num_leaves=15
num_cat=0
split_feature=11 10 18 12 0 8 11 2 10 22 8 14 14 22
split_gain=9.3366 13.7316 18.9184 16.938 22.9422 21.9313 14.496 22.7084 23.52 18.6874 17.4353 16.3897 12.1911 11.0983
threshold=0.20678631961345675 0.636783927679062 0.25825026631355291 1.3749309778213503 -0.18825789541006085 -0.63722968101501454 0.55645331740379345 0.21671491861343387 1.0036211609840395 0.40473736822605139 -0.67446607351303089 0.47741860151290899 0.3333516269922257 0.39701244235038763
decision_type=2 2 2 2 2 2 2 2 2 2 2 2 2 2
left_child=12 2 3 5 -5 -2 7 8 -3 10 -8 -9 -1 -14
right_child=1 6 -4 4 -6 -7 9 11 -10 -11 -12 -13 13 -15
leaf_value=-0.014592342147685018 -0.0064053034140266994 -0.0033603521552456844 0.010140324939282849 0.013195060406706411 -0.005911001937170572 0.0015499086725176366 0.012930073905026557 0.0061978149606442354 -0.018019164042109334 -0.011318220828198952 0.0015302945552078723 -0.0012071234615886996 -0.0002393365009941502 -0.005647347934034725
leaf_weight=79.666879443451762 434.61130648106337 2385.4276409875602 262.17230771109462 76.253335826098919 746.23113645985723 9495.3310912549496 189.5236529186368 510.25030663236976 132.95270468480885 104.60410290956497 953.51109161973 1228.2203537132591 2068.3764360081404 589.97851569019258
leaf_count=1304 3261 21668 1975 535 6879 76944 1389 4581 1531 1391 7953 9871 19864 8600
internal_value=-1.04507e-06 0.000313026 0.00102611 0.000794668 -0.00400244 0.00119563 -0.00111315 -0.00208483 -0.00420244 0.00219236 0.00351621 0.000989282 -0.00189015 -0.00145622
internal_weight=19257.1 16519.1 11014.6 10752.4 822.484 9929.94 5504.49 4256.85 2518.38 1247.64 1143.03 1738.47 2738.02 2658.35
internal_count=167746 137978 89594 87619 7414 80205 48384 37651 23199 10733 9342 14452 29768 28464
is_linear=0
shrinkage=0.035


Tree=163
num_leaves=15
num_cat=0
split_feature=10 24 5 16 4 12 8 15 8 21 15 22 18 9
split_gain=9.23297 26.3537 14.3427 13.2383 13.6586 14.2293 12.5872 15.1989 12.0749 13.9474 13.778 13.1426 11.994 9.34948
threshold=1.1478294134140017 0.027782052755355838 0.47238756716251379 2.5470607280731206 -0.1799969747662544 1.2623135447502138 -0.3564597219228744 20.906011581420902 -0.63722968101501454 0.03605617210268975 24.855782508850101 0.28088808059692388 0.12515699863433841 1.2478788495063784
decision_type=2 2 2 2 2 2 2 2 2 2 2 2 2 2
left_child=2 -2 3 4 5 -1 13 -8 11 10 -10 -3 -6 -5
right_child=1 8 -4 6 12 -7 7 -9 9 -11 -12 -13 -14 -15
leaf_value=0.0018472987974443229 0.023012464829443153 -0.0066561753809457761 0.0089403524056657444 -0.0034104117420520365 -0.00028972718612833295 0.017545192372849624 0.012506964533305133 -0.010852717691475748 -0.008004121456674165 -0.019627307240745392 0.010181144767653033 0.019809485845212058 0.002423787541108132 0.012122914899337736
leaf_weight=204.14035855978727 30.246030915528536 41.749640941619873 213.67003137245774 126.30323252268136 15336.960463974625 100.52847433835268 29.364957544952631 351.24392767064273 289.78169513866305 99.073562320321798 52.579638905823231 32.844743438065052 2283.6627330034971 63.248893970623612
leaf_count=1325 243 287 1843 1448 133214 698 324 4292 2851 1202 472 354 18441 752
internal_value=-1.5732e-06 -0.00444517 0.000130478 2.39249e-05 0.000192232 0.00741994 -0.0051796 -0.00877641 -0.00646143 -0.00864616 -0.00500156 0.00596112 6.31242e-05 0.00212045
internal_weight=19255.4 546.275 18709.1 18495.5 17925.3 304.669 570.161 380.609 516.029 441.435 342.361 74.5944 17620.6 189.552
internal_count=167746 5409 162337 160494 153678 2023 6816 4616 5166 4525 3323 641 151655 2200
is_linear=0
shrinkage=0.035


Tree=164
num_leaves=15
num_cat=0
split_feature=15 3 17 21 14 18 24 0 22 20 22 24 16 17
split_gain=9.01608 30.6551 13.3903 13.5585 12.1911 17.4494 17.9028 16.0315 17.4641 15.8394 15.1162 18.1469 12.8049 12.7747
threshold=20.220350265502933 -0.39694125950336451 0.044644353911280639 -0.023996559903025624 2.4828850030899052 -0.04570131562650203 0.030835845507681373 0.20825973898172381 0.1916291415691376 -0.0058676498010754577 0.37421594560146337 0.031552704051136977 1.8206580281257632 0.016029549762606624
decision_type=2 2 10 2 2 2 2 2 2 2 2 2 2 10
left_child=1 2 3 -1 7 -6 9 10 -9 -7 11 -2 -10 -12
right_child=4 -3 -4 -5 5 6 -8 8 12 -11 13 -13 -14 -15
leaf_value=-0.01572399402835448 -0.00031955110786285179 -0.005591056484476652 0.016951917585389293 0.009044789111402338 0.007598845140264451 0.0064481921610792256 -0.0076028535793865116 0.015444553215362278 0.0058404904790591477 -0.0045268919975957065 -0.01707778572823699 0.0024495934353019697 -0.0021481216333834102 -0.0017147590345496513
leaf_weight=34.42788664624095 7810.1665053330362 959.37755119428039 108.25061327591538 59.352137537673116 168.44825507327914 278.40670289099216 765.85927336476743 143.5360990203917 618.96434211358428 354.93591863103211 58.039535876363516 4598.4020236544311 396.58760473318398 2899.2186362948269
leaf_count=267 63602 9116 841 600 1458 2908 7586 973 4471 3625 938 31805 4072 35484
internal_value=-5.75884e-07 -0.0029764 0.00911786 -0.000687111 0.000191989 -0.0027478 -0.0040385 0.000472367 0.00442341 0.000322808 0.000171646 0.000707792 0.0027303 -0.00207281
internal_weight=19254 1161.41 202.031 93.78 18092.6 1567.65 1399.2 16524.9 1159.09 633.343 15365.8 12408.6 1015.55 2957.26
internal_count=167746 10824 1708 867 156922 15577 14119 141345 9516 6533 131829 95407 8543 36422
is_linear=0
shrinkage=0.035


Tree=165
num_leaves=15
num_cat=0
split_feature=9 18 14 22 21 24 5 22 21 8 8 14 11 24
split_gain=8.85451 11.0639 14.2611 13.0592 21.7841 15.869 12.3101 16.2612 20.8563 14.9435 14.8332 20.8587 12.9138 7.19674
threshold=1.5546597242355349 0.17174345254898074 5.324740171432496 0.18485939502716067 0.017405906692147258 0.033636102452874191 -0.0423800591379404 0.41938711702823644 -0.054856372997164719 -0.29483425617218012 -0.31790342926979059 0.16896134614944461 0.55645331740379345 0.030890330672264103
decision_type=2 2 2 2 2 2 2 2 2 2 2 2 2 2
left_child=1 6 3 5 -5 -3 10 8 -8 -9 12 -12 -1 -2
right_child=13 2 -4 4 -6 -7 7 9 -10 -11 11 -13 -14 -15
leaf_value=-0.00074483576779858026 0.0025341338020773369 0.0065452591358351681 -0.0057048483135268497 -0.0018082987023488953 0.0067086801048346295 0.029428342998642984 -0.0037420749241895688 -0.011574222190316086 0.00042441928514093429 -0.0025169499693250981 -0.010657507237826812 0.0043762608871652899 0.0042915997616644157 -0.010895452272993567
leaf_weight=4672.6141915880144 65.617604695260525 242.25997511669993 217.33734755963087 763.13475774601102 694.39598353952169 36.325375437736511 1875.5352631434798 293.99164295755327 6699.1872912514955 871.31024178862572 110.97740534134209 1849.0606218669564 709.4814973436296 150.48770283535123
leaf_count=38962 796 1647 2303 6585 5852 213 13576 4077 59354 9903 1377 15574 5618 1909
internal_value=-5.50986e-07 8.11918e-05 0.00256944 0.003632 0.00226742 0.0104454 -0.000204692 -0.00102 -0.000490209 -0.00488103 0.000876802 0.00347527 -7.41923e-05 -0.006886
internal_weight=19251.7 19035.6 1953.45 1736.12 1457.53 278.585 17082.2 9740.02 8574.72 1165.3 7342.13 1960.04 5382.1 216.105
internal_count=167746 165041 16600 14297 12437 1860 148441 86910 72930 13980 61531 16951 44580 2705
is_linear=0
shrinkage=0.035


Tree=166
num_leaves=15
num_cat=0
split_feature=10 24 2 21 15 11 10 14 23 15 15 11 7 6
split_gain=8.66176 24.5928 13.5586 20.2713 16.1347 13.5845 25.4207 14.6506 13.3178 13.021 12.7748 12.2852 11.6943 11.5715
threshold=1.1478294134140017 0.027782052755355838 0.62402379512786876 0.017405906692147258 24.268281936645511 0.55645331740379345 0.95338001847267162 0.14016597718000415 0.3174744993448258 20.555660247802738 22.916647911071781 0.5300196409225465 -0.17364045977592465 -0.26468613743782038
decision_type=2 2 2 2 2 2 2 2 2 2 2 2 2 2
left_child=2 -2 5 9 11 6 7 -1 -7 -4 -11 -5 -8 -3
right_child=1 13 3 4 -6 8 12 -9 -10 10 -12 -13 -14 -15
leaf_value=-0.0073853345784496531 0.022025142382930542 0.0058275264306706766 0.0216475155953554 0.006795545944964545 0.018570353497014542 0.002395749940140874 -0.0040528608472197407 3.0188619243658243e-05 0.015095312134729201 -0.0081473269043594535 0.0022673797989339775 -0.014159121589676093 -0.017361802530439584 -0.0084409866416814226
leaf_weight=323.08346493542194 30.771003171801567 75.106595989316702 21.310841705650091 331.06310531869531 142.89532782882452 617.37458308786154 203.61261235550046 16183.415049880743 112.38956554979086 215.16714615002275 393.16675634682178 28.73079751059413 134.01931217312813 438.29208867624402
leaf_count=3854 243 639 133 2358 953 5066 2211 140890 757 1622 2778 262 1453 4527
internal_value=-5.57164e-07 -0.0043129 0.000127128 0.00382205 0.00898914 -0.000112985 -0.000316673 -0.00011934 0.0045292 -0.000379236 -0.00148848 0.0047846 -0.00968316 -0.00628215
internal_weight=19250.4 544.17 18706.2 1132.33 502.689 17573.9 16844.1 16506.5 729.764 629.645 608.334 359.794 337.632 513.399
internal_count=167746 5409 162337 8106 3573 154231 148408 144744 5823 4533 4400 2620 3664 5166
is_linear=0
shrinkage=0.035


Tree=167
num_leaves=15
num_cat=0
split_feature=15 8 4 19 14 18 24 20 0 22 22 24 9 20
split_gain=8.36192 24.8935 15.3722 11.2444 11.2399 16.0823 16.666 14.7157 14.2723 15.9773 13.7275 16.9087 13.0208 12.5659
threshold=20.220350265502933 -0.47667078673839564 0.036901213228702552 -0.054501255974173539 2.4828850030899052 -0.04570131562650203 0.030835845507681373 -0.0058676498010754577 0.20825973898172381 0.1916291415691376 0.37421594560146337 0.031552704051136977 1.5546597242355349 -0.020915670320391651
decision_type=2 2 2 2 2 2 2 2 2 2 2 2 2 2
left_child=1 3 -3 -1 8 -6 7 -7 10 -10 11 -2 -11 -12
right_child=4 2 -4 -5 5 6 -8 -9 9 12 13 -13 -14 -15
leaf_value=0.0017578019970858377 -0.00031219582334734985 -0.0082791416528101795 0.0034716934545827717 0.017270153928978762 0.0072581804844705465 0.006193006555311467 -0.0073453897302193727 -0.004380514627080073 0.014654658453809449 0.0035381138358703576 0.0051587886846426049 0.0023597338273430653 -0.012749011127356429 -0.0026947581627823785
leaf_weight=248.78456774912775 7808.2602586559951 680.32496442273259 163.94671753421426 65.466029807925224 169.46452294290066 279.7369197383523 760.63401437550783 353.62254937924445 145.16947911679745 963.5402911901474 265.81219962239265 4604.9253348521888 54.36399283260107 2684.4432130847126
leaf_count=1985 63602 6893 1397 549 1458 2908 7586 3625 973 7762 3499 31805 781 32923
internal_value=-3.70209e-08 -0.00286961 -0.00598335 0.00542236 0.000185221 -0.00264165 -0.00388828 0.000313182 0.000454088 0.00417525 0.000169848 0.000680113 0.00255269 -0.00197213
internal_weight=19248.5 1158.52 844.272 314.251 18090 1563.46 1393.99 633.359 16526.5 1163.07 15363.4 12413.2 1017.9 2950.26
internal_count=167746 10824 8290 2534 156922 15577 14119 6533 141345 9516 131829 95407 8543 36422
is_linear=0
shrinkage=0.035


Tree=168
num_leaves=15
num_cat=0
split_feature=17 24 17 15 15 21 16 22 1 10 17 17 10 6
split_gain=8.559 15.595 47.438 41.875 35.0979 32.0423 31.8486 22.8018 20.6253 20.2106 32.1961 20.8472 20.0539 13.3359
threshold=0.071504909545183196 0.030096776783466343 0.025604831054806713 21.632692337036136 22.394638061523441 -0.0087223635055124742 1.2008758187294009 0.23155066370964053 0.12693935632705691 0.44856855273246771 0.031447842717170722 0.016029549762606624 0.53125309944152843 -0.30806502699851984
decision_type=8 2 10 2 2 2 2 2 2 2 10 10 2 2
left_child=1 2 -1 8 9 7 -7 -6 -4 11 -11 -3 -5 -2
right_child=13 4 3 12 5 6 -8 -9 -10 10 -12 -13 -14 -15
leaf_value=-0.010200269017661624 0.0048806630102469434 0.01151001577250052 0.0016417492067034713 -0.00037866128935139123 0.0045045892434503543 0.010966669206868318 0.00070489862451284977 -0.0031506142389029017 0.010027864272855543 0.016222711480264152 0.00077042262412577709 -0.0025743706549027868 -0.0069208155444344137 -0.0029239292435681435
leaf_weight=633.85593678802252 297.74324698746204 123.53740589506924 1881.4597405288368 1246.7933403141797 969.79189798980951 1076.8273429982364 564.31124144233763 918.56306426227093 435.79192505776882 162.34123271889985 4012.81377030164 3751.6807158980519 1055.5833935365081 2115.2169808708131
leaf_count=7918 2267 1212 19336 11905 5438 7963 4940 7222 4071 1472 30531 33417 9810 20244
internal_value=2.82028e-07 0.000280076 -0.00129999 -5.93917e-05 0.000997413 0.00390217 0.00746376 0.000783845 0.00325519 -0.000279371 0.00140858 -0.00209691 -0.00339504 -0.00194473
internal_weight=19246.3 16833.4 5253.48 4619.63 11579.9 3529.49 1641.14 1888.35 2317.25 8050.37 4175.16 3875.22 2302.38 2412.96
internal_count=167746 145235 53040 45122 92195 25563 12903 12660 23407 66632 32003 34629 21715 22511
is_linear=0
shrinkage=0.035


Tree=169
num_leaves=15
num_cat=0
split_feature=14 11 16 0 21 24 24 19 9 11 5 15 8 15
split_gain=8.39893 18.4004 18.0587 18.2311 18.0294 25.8039 16.0935 13.7931 13.7628 13.8066 32.3711 13.5734 20.0611 13.2829
threshold=0.39666378498077398 0.36068023741245275 0.38747040927410131 -0.038903249427676194 0.037735188379883773 0.028592240996658806 0.030890330672264103 -0.20127926021814344 0.36451138556003576 0.49209259450435644 -0.12991880625486371 20.267002105712894 -0.47667078673839564 21.455722808837894
decision_type=2 2 2 2 2 2 2 2 2 2 2 2 2 2
left_child=1 13 7 11 5 -5 -6 -2 9 -3 -11 12 -4 -1
right_child=2 8 3 4 6 -7 -8 -9 -10 10 -12 -13 -14 -15
leaf_value=-0.0021438693562263679 0.0042332396262856264 0.0028528205831433546 0.0056804372366986529 -0.0076361518122171146 0.004076293998687185 -0.00064895010313760623 -0.00058283273307882001 -0.011805632091697207 -0.00055040088647126026 -0.0049187445745019903 0.038870821607214195 0.0027513231204177439 -0.0099871496053371284 -0.0091588846375993908
leaf_weight=1013.1122419908643 83.07233027741313 219.27901928685606 156.54339577630162 718.8977028504014 1730.396993637085 5818.8424054384232 1894.7711491435766 241.29022009670734 1830.4228637646884 33.47623249143362 36.778935261070728 4733.7325196862221 244.79065148346126 487.38873748481274
leaf_count=11058 649 2148 1195 6776 15492 49888 16534 1990 15909 324 321 37649 2395 5418
internal_value=6.53131e-07 -0.00151588 0.000352853 0.000528388 -0.000330721 -0.00142776 0.0016462 -0.00769417 0.000584805 0.0075403 0.0199923 0.00222601 -0.00388636 -0.00446802
internal_weight=19242.8 3620.46 15622.3 15298 10162.9 6537.74 3625.17 324.363 2119.96 289.534 70.2552 5135.07 401.334 1500.5
internal_count=167746 35178 132568 129929 88690 56664 32026 2639 18702 2793 645 41239 3590 16476
is_linear=0
shrinkage=0.035


Tree=170
num_leaves=15
num_cat=0
split_feature=13 23 20 2 24 0 4 3 6 14 14 0 19 1
split_gain=8.36983 12.8733 21.7511 26.2522 21.6065 15.7994 15.4754 15.1259 15.9884 14.3158 11.4545 11.6495 11.3806 10.4928
threshold=0.68527108430862438 0.099894914776086821 0.024621242657303814 -0.35320952534675593 0.027059725485742096 -0.024326694197952744 -0.042610822245478623 -0.081160873174667345 -0.12038274481892584 0.39666378498077398 5.324740171432496 0.03348244912922383 -0.31916774809360499 -0.02239345200359821
decision_type=2 2 2 2 2 2 2 2 2 2 2 2 2 2
left_child=1 2 3 -1 -3 9 -7 13 -9 -6 11 -2 -5 -4
right_child=10 4 7 12 5 6 -8 8 -10 -11 -12 -13 -14 -15
leaf_value=0.01291322025197258 -0.0051887174160394969 -0.0089728142495003639 0.00240841521108992 0.011929336824247875 -0.0010511817012262416 0.0046502909998811341 -0.0014131842587993789 -0.012165271751012601 0.0071568352854220535 0.0023510176449481448 -0.0052434576635710783 0.0033908368489481396 -0.0082911606502392814 -0.0096997895403897142
leaf_weight=73.101607121527195 204.41327122226357 306.86417100951076 151.52112125046551 26.811530038714409 2107.6212011314929 550.7748672105372 6430.6073833387345 49.961724184453487 456.40409598499537 5335.1912552528083 242.25740077719092 2119.3190011493862 998.96177349053323 187.95536407642066
leaf_count=919 1704 3194 2091 432 18562 4862 52878 537 4316 39862 2657 17071 16115 2546
internal_value=6.54915e-07 -0.000286012 -0.0029548 -0.00618033 6.80733e-05 0.000266495 -0.000928858 0.00125889 0.0050517 0.00138748 0.00185752 0.00261711 -0.00765257 -0.00438117
internal_weight=19241.8 16675.8 1944.72 1098.87 14731.1 14424.2 6981.38 845.842 506.366 7442.81 2565.99 2323.73 1025.77 339.476
internal_count=167746 146314 26956 17466 119358 116164 57740 9490 4853 58424 21432 18775 16547 4637
is_linear=0
shrinkage=0.035


Tree=171
num_leaves=15
num_cat=0
split_feature=17 16 6 10 19 22 8 15 19 9 23 12 15 24
split_gain=8.12412 14.9894 16.7011 21.2469 15.9151 17.9667 14.6456 13.0383 11.9916 16.6383 15.5237 13.9962 14.8497 11.516
threshold=0.071504909545183196 2.5470607280731206 -0.036139478906989091 0.1769332364201546 -0.10340578854084014 0.40883582830429083 -0.63722968101501454 23.890827178955082 0.37556686997413641 1.5546597242355349 0.26289419829845434 0.99776253104209911 20.856365203857425 0.027059725485742096
decision_type=8 2 2 2 2 2 2 2 2 2 2 2 2 2
left_child=1 2 3 -1 5 -4 -2 -6 11 10 -10 -8 -13 -5
right_child=6 -3 4 13 7 -7 8 -9 9 -11 -12 12 -14 -15
leaf_value=-0.017906380659527266 0.0057008178285299005 -0.0075283182635608077 0.0093721628966882166 -0.0066794797427948442 0.00045691238305981343 -0.0033992003922698015 -0.011336649634973538 0.0047483062273250215 4.6286381483033631e-06 -0.012121287515647955 0.013511837672868355 0.0084164929058675644 -0.0044629913032008155 -0.00020424075397398983
leaf_weight=76.444046227261424 266.61106285080314 286.43399844318628 570.61421187967062 340.69045485183597 6072.7830576729029 170.06532509252429 311.06222850829363 1002.3485504239798 635.42708424851298 103.95701033249497 114.6862469278276 116.07349402457476 862.23468792438507 8310.1573742218316
leaf_count=1099 2156 3537 4544 3477 52631 2036 2817 6635 5573 1372 760 1011 8822 71276
internal_value=3.30418e-07 0.000272839 0.000412378 -0.000639746 0.00158652 0.00643355 -0.00189588 0.00107073 -0.00286287 0.000354626 0.00222036 -0.00498045 -0.00286518 -0.000466669
internal_weight=19239.6 16829.5 16543.1 8727.29 7815.81 740.68 2410.05 7075.13 2143.44 854.07 750.113 1289.37 978.308 8650.85
internal_count=167746 145235 141698 75852 65846 6580 22511 59266 20355 7705 6333 12650 9833 74753
is_linear=0
shrinkage=0.035


Tree=172
num_leaves=15
num_cat=0
split_feature=14 8 15 12 6 6 21 7 2 18 23 2 23 15
split_gain=7.955 13.5477 13.7231 13.6407 13.9855 14.4922 13.9339 17.545 11.0314 9.68618 28.8598 23.5887 17.2137 11.6302
threshold=0.22013574093580249 -0.63722968101501454 21.455722808837894 0.54458054900169384 -0.20481759309768674 0.17710794508457187 -0.015407797880470751 -0.15338807553052899 -0.19041907042264936 -0.073534965515136705 0.26289419829845434 -0.16641004383563993 0.41836158931255346 22.171043395996097
decision_type=2 2 2 2 2 2 2 2 2 2 2 2 2 2
left_child=1 2 -1 6 -5 -6 8 -8 -3 10 -2 13 -11 -12
right_child=9 3 -4 4 5 -7 7 -9 -10 12 11 -13 -14 -15
leaf_value=0.01852347073625717 0.00016731354778325015 -0.0055139688601360546 -0.0080946814944132042 0.004151010601344143 -0.010084554390486621 0.006027092982267686 -0.0089862872276861051 0.016157399080775237 0.0131983174991653 -9.2493423910669192e-05 -0.00056538130183314897 0.014166235524410466 -0.0090865536591821817 0.010861269372165448
leaf_weight=59.415695786476135 3423.9642035048455 45.969667058438063 29.001554187387228 125.54753747954965 593.54102728143334 70.480138581246138 173.93467887304723 32.165149724110961 136.97655496932566 13401.321527535096 400.04846032708883 349.55430045723915 255.85100823268294 139.57697156816721
leaf_count=457 29533 393 270 1054 6649 687 2380 401 1239 117097 2430 1946 2414 796
internal_value=-2.22192e-07 -0.00266946 0.00985716 -0.00368421 -0.0063018 -0.00831039 0.00165299 -0.00449612 0.00845432 0.000189358 0.00163327 0.00721357 -0.000267512 0.00253402
internal_weight=19237.3 1267.03 88.4172 1178.61 789.569 664.021 389.046 206.1 182.946 17970.3 4313.14 889.18 13657.2 539.625
internal_count=167746 13530 727 12803 8390 7336 4413 2781 1632 154216 34705 5172 119511 3226
is_linear=0
shrinkage=0.035


Tree=173
num_leaves=15
num_cat=0
split_feature=3 12 16 8 24 24 17 3 17 1 20 21 22 8
split_gain=7.8394 12.9378 15.4908 15.6939 12.5527 12.501 11.9006 17.8967 21.0049 16.1076 15.5098 20.2991 15.1529 14.5695
threshold=1.3313781619071963 0.9325036108493806 1.7434136271476748 -0.28713957965373987 0.030150655657052997 0.031326424330472953 0.054933378472924239 -0.081160873174667345 0.016029549762606624 0.16817088425159457 -0.0012952625402249394 -0.054856372997164719 0.20288966596126559 -0.67446607351303089
decision_type=2 2 2 2 2 2 8 2 10 2 2 2 2 2
left_child=6 -2 3 5 -5 -3 7 8 -1 -10 -9 -12 -8 -14
right_child=1 2 -4 4 -6 -7 12 10 9 -11 11 -13 13 -15
leaf_value=-0.017373478372241451 -0.00066701505119655337 0.012352952804043605 -0.0093904272373988296 -0.00022520553485812675 0.021438365488005408 -0.0088643502235290234 0.001255403912077027 -5.3223513105088815e-05 -0.001177995997661344 0.0048970748369455063 -0.0036716413499502105 0.0043639360577836786 0.0056841802541038261 -0.0034114480439593506
leaf_weight=83.196432314813137 433.70896566286683 52.308501321822405 45.043344661593437 40.949224356561899 149.90914165228605 64.988422106951475 1601.7840915732086 3206.3122299686074 5991.1940952707082 577.06609146669507 434.30599887669086 2979.8164187502116 221.62431690096855 3353.0050319526345
leaf_count=1224 3089 398 372 279 789 447 10794 27024 56432 5163 2893 23777 1930 33135
internal_value=3.8415e-07 0.0033992 0.00827318 0.0110691 0.0170106 0.00082461 -0.000146354 0.00040892 -0.000872725 -0.000637627 0.00169594 0.003334 -0.00156807 -0.00283324
internal_weight=19235.2 786.908 353.199 308.155 190.858 117.297 18448.3 13271.9 6651.46 6568.26 6620.43 3414.12 5176.41 3574.63
internal_count=167746 5374 2285 1913 1068 845 162372 116513 62819 61595 53694 26670 45859 35065
is_linear=0
shrinkage=0.035


Tree=174
num_leaves=15
num_cat=0
split_feature=13 23 20 2 24 0 21 3 9 14 15 19 14 0
split_gain=7.75863 12.1257 20.1644 24.4944 19.7599 14.4115 17.6432 13.4206 13.5038 12.9207 12.9088 10.7562 10.3888 10.8668
threshold=0.68527108430862438 0.099894914776086821 0.024621242657303814 -0.35320952534675593 0.027059725485742096 -0.024326694197952744 -0.029386736452579495 -0.081160873174667345 0.68157675862312328 0.39666378498077398 21.632692337036136 -0.31916774809360499 5.324740171432496 0.03348244912922383
decision_type=2 2 2 2 2 2 2 2 2 2 2 2 2 2
left_child=1 2 3 -1 -3 9 -7 10 -9 -6 -4 -5 13 -2
right_child=12 4 7 11 5 6 -8 8 -10 -11 -12 -13 -14 -15
leaf_value=0.01235137672925265 -0.0050470354672072651 -0.0086205538483055729 0.0015646065683756051 0.011532265172662419 -0.00099350408081207305 -0.0030832347556172483 0.00052137407706194668 0.007021480971539009 -0.0086588013914143478 0.0022397221684060152 -0.012014426153702698 -0.0080560074661369784 -0.0049991673099685011 0.0032521329904737382
leaf_weight=73.935867469757795 203.62145440280437 303.86362246051431 199.84483678080142 27.088485769927502 2104.4157953709364 2718.8501374199986 4254.2895443812013 438.93517199158669 70.378307200968266 5343.6235514990985 137.6610093396157 991.71585535630584 240.69007465615869 2123.6345829926431
leaf_count=919 1704 3194 2785 432 18562 20538 37202 4106 747 39862 1852 16115 2657 17071
internal_value=3.33698e-07 -0.000275931 -0.00286984 -0.00598998 6.74497e-05 0.000256358 -0.000886477 0.00117933 0.00472973 0.00132608 -0.00416033 -0.00742815 0.00178726 0.00250752
internal_weight=19232.5 16664.6 1939.56 1092.74 14725 14421.2 6973.14 846.819 509.313 7448.04 337.506 1018.8 2567.95 2327.26
internal_count=167746 146314 26956 17466 119358 116164 57740 9490 4853 58424 4637 16547 21432 18775
is_linear=0
shrinkage=0.035


Tree=175
num_leaves=15
num_cat=0
split_feature=22 15 3 10 8 2 11 2 16 21 16 10 8 6
split_gain=7.8243 9.22478 27.4948 10.7216 16.8298 23.1007 14.5889 20.2467 13.5105 12.1684 9.03963 10.3345 8.6589 8.98551
threshold=0.49532502889633184 20.220350265502933 -0.39694125950336451 0.636783927679062 -0.63722968101501454 -0.38054229319095606 0.55645331740379345 0.21671491861343387 0.89296051859855663 0.044409573078155525 0.85445970296859752 0.55367484688758861 -0.51593270897865284 0.19823931157588962
decision_type=2 2 2 2 2 2 2 2 2 2 2 2 2 2
left_child=1 2 10 4 8 -6 7 -5 -3 -8 11 -1 -4 -14
right_child=-2 3 12 6 5 -7 9 -9 -10 -11 -12 -13 13 -15
leaf_value=-0.0079042146480658246 -0.0043044780074957502 -0.011118978483790084 0.0040558783735150416 -0.004077852294315551 0.0075902444896002079 0.00075411837528246582 0.0038932849284120242 0.00095158721678011615 0.0012651421601573903 -0.0056287904964434322 0.016317782862132132 0.011675135598189768 -0.0074329646345048161 0.0087343672880785348
leaf_weight=58.928118472918868 493.77775928378105 243.24399270862341 97.674991700798273 2382.6628120820969 630.04270241782069 11315.141654681414 1008.2135098334402 1655.9237108174711 184.80571132525802 186.93173997104168 87.985990505665541 53.631818771362305 795.09843757748604 36.291419487446547
leaf_count=507 7007 1831 745 21873 4199 97272 8460 13562 1441 1682 737 399 7764 267
internal_value=-7.53404e-08 0.000115597 -0.00293629 0.000312953 0.000874507 0.00112073 -0.00101377 -0.0020184 -0.00586545 0.0023696 0.00853496 0.00161625 -0.00547696 -0.00663182
internal_weight=19230.4 18736.6 1129.61 17607 12373.2 11945.2 5233.73 4038.59 428.05 1195.15 200.546 112.56 929.065 831.39
internal_count=167746 160739 10419 150320 104743 101471 45577 35435 3272 10142 1643 906 8776 8031
is_linear=0
shrinkage=0.035


Tree=176
num_leaves=15
num_cat=0
split_feature=10 24 5 14 18 18 10 24 24 1 10 21 15 6
split_gain=7.83072 23.3642 13.1205 10.9504 16.2214 13.1121 14.2572 12.4767 12.0861 10.3446 9.17873 8.50603 13.7391 9.23116
threshold=1.1478294134140017 0.027782052755355838 0.47238756716251379 2.4828850030899052 -0.078860104084014879 0.1935326233506203 0.75213748216629039 0.030835845507681373 0.032905315980315215 -0.41002549231052393 0.39201530814170843 0.03605617210268975 24.512570381164554 0.078193768858909621
decision_type=2 2 2 2 2 2 2 2 2 2 2 2 2 2
left_child=2 -2 3 5 10 8 -7 -6 -1 -3 -5 12 -11 -13
right_child=1 9 -4 4 7 6 -8 -9 -10 11 -12 13 -14 -15
leaf_value=-0.00047378203345243517 0.02144900045442185 0.0089788166954737469 0.0085286207051778543 -0.0091999737568430658 -0.00033917283449996452 0.0072779244318001693 -0.0017117446751939848 -0.0071126537577179813 0.0018526073811615969 -0.0083130870893418085 0.012914727462882305 0.0034612874536747765 0.0075861953574662142 -0.020930206525419055
leaf_weight=12579.268236368895 31.067211139947176 42.731757536530495 214.6538565941155 21.170626197010279 614.15981432236731 627.58838967233896 322.00094874575734 720.73625293001533 3485.12762273103 287.61323065496981 103.36685055494308 20.750229142606258 77.265879686921835 81.46229512244463
leaf_count=113807 243 359 1843 206 6378 4670 2956 7124 24567 2831 786 264 705 1007
internal_value=5.50615e-08 -0.00411268 0.000121226 1.89743e-05 -0.00287991 0.000269182 0.0042435 -0.004022 3.17605e-05 -0.006053 0.00875097 -0.00758755 -0.00483374 -0.0161113
internal_weight=19229 540.891 18688.1 18473.4 1459.43 17014 949.589 1334.9 16064.4 509.823 124.537 467.092 364.879 102.213
internal_count=167746 5409 162337 160494 14494 146000 7626 13502 138374 5166 992 4807 3536 1271
is_linear=0
shrinkage=0.035


Tree=177
num_leaves=15
num_cat=0
split_feature=10 8 15 1 3 3 6 8 7 22 14 23 18 10
split_gain=7.72326 24.8452 23.2163 28.806 39.1542 22.3481 18.2202 16.2675 17.3352 16.1013 16.9178 15.9386 25.3041 17.4418
threshold=0.36037077009677893 -0.38015195727348322 21.513823509216312 0.12693935632705691 -0.14125084131956098 -0.24849453568458554 -0.20481759309768674 -0.37225912511348719 -0.31482124328613276 0.1297867298126221 0.89816442131996166 0.26289419829845434 -0.13684808462858197 0.45711369812488561
decision_type=2 2 2 2 2 2 2 2 2 2 2 2 2 2
left_child=1 6 3 -2 -5 7 -1 8 -4 -3 -11 13 -13 -7
right_child=2 9 5 4 -6 11 -8 -9 -10 10 -12 12 -14 -15
leaf_value=-0.00082987902383320716 0.00089286149452320407 -0.012156589539637982 -0.0093982537351666538 0.015475841624755753 0.0019412863319834114 0.0031536489900500135 -0.011932467820129725 -0.0088552280744617629 9.6511561113257581e-05 -0.0020553728294465338 0.0028959144853860199 0.015748319590314468 0.0015394491021753255 -0.0015253358704882104
leaf_weight=320.7524633705616 5105.5030763708055 120.27502948045731 290.06824641674757 414.33717831410468 692.63372684828937 1228.448723366484 410.5797525383532 592.5723526738584 1094.7603520080447 1707.1768023110926 1655.3192425742745 179.83826008811593 817.4884560033679 4597.2292593512684
leaf_count=3134 41974 986 2215 3697 5461 10271 5357 6063 10006 17470 16349 1042 5132 38589
internal_value=3.6534e-07 -0.00132183 0.000372138 0.00200859 0.00710044 -0.000784055 -0.0071399 -0.00405022 -0.0019454 -8.31765e-05 0.00038345 0.000167067 0.0042325 -0.000534975
internal_weight=19227 4214.1 15012.9 6212.47 1106.97 8800.41 731.332 1977.4 1384.83 3482.77 3362.5 6823 997.327 5825.68
internal_count=167746 43296 124450 51132 9158 73318 8491 18284 12221 34805 33819 55034 6174 48860
is_linear=0
shrinkage=0.035


Tree=178
num_leaves=15
num_cat=0
split_feature=22 21 20 20 22 21 16 22 11 9 23 22 15 17
split_gain=7.64045 26.6184 22.0881 44.6217 25.2355 21.0928 21.834 20.4027 27.7831 26.5775 25.3545 23.9533 28.0028 17.0676
threshold=0.22323016822338107 -0.05086581036448478 -0.033910721540451043 -0.027345366775989529 0.30788511037826544 -0.057884303852915757 0.69032967090606701 0.19796442985534671 0.31478951871395117 1.1698970794677737 0.28368386626243597 0.20288966596126559 22.733077049255375 0.074306964874267592
decision_type=2 2 2 2 2 2 2 2 2 2 2 2 2 10
left_child=7 5 -3 -4 -5 -2 -7 8 10 11 -1 12 -9 -8
right_child=1 2 3 4 -6 6 13 9 -10 -11 -12 -13 -14 -15
leaf_value=-0.0014374336231357235 -0.0028811244754921024 -0.005534684218430729 0.013340892400149065 0.002857560535514126 -0.0010319445606781278 0.0002788425565454077 -0.024321046464216241 0.0061724383289393355 0.0018008642789229484 -0.010567252902469996 -0.011207271225026511 0.0023768120896855314 0.024187089687295899 0.0068286662217589148
leaf_weight=1388.4547502249479 1229.2214730940759 784.66609456017613 312.21689599379897 2877.3186263181269 6981.5047842953354 92.282696768641472 155.01229360327125 426.06522853672504 2834.7083787955344 138.48172864317894 416.55504748225212 1433.1785446703434 135.83065899461508 20.395611893385649
leaf_count=10349 10547 8181 2575 19303 79603 738 1263 2482 18778 1126 2931 8979 676 215
internal_value=4.63541e-08 -0.00051444 8.53823e-05 0.000523964 0.000104961 -0.00487589 -0.0136022 0.000945289 -0.000358682 0.0037694 -0.00374141 0.00481227 0.010874 -0.0205261
internal_weight=19225.9 12452.6 10955.7 10171 9858.82 1496.91 267.691 6773.27 4639.72 2133.56 1805.01 1995.07 561.896 175.408
internal_count=167746 122425 109662 101481 98906 12763 2216 45321 32058 13263 13280 12137 3158 1478
is_linear=0
shrinkage=0.035


Tree=179
num_leaves=15
num_cat=0
split_feature=11 10 8 21 11 2 8 21 24 11 5 23 8 14
split_gain=7.40851 11.5655 15.8444 26.1523 19.2782 14.9014 20.1865 15.2461 13.6374 12.6659 19.6575 11.3624 11.5011 10.6087
threshold=0.20678631961345675 0.636783927679062 -0.25636136531829828 -0.0087223635055124742 0.31478951871395117 -0.38054229319095606 -0.72699072957038868 -0.096818007528781877 0.030096776783466343 0.37330733239650732 0.47238756716251379 0.38340328633785253 -0.3564597219228744 0.3333516269922257
decision_type=2 2 2 2 2 2 2 2 2 2 2 2 2 2
left_child=11 2 5 4 -4 6 -2 -7 -5 10 -3 12 -1 -14
right_child=1 9 3 8 -6 7 -8 -9 -10 -11 -12 -13 13 -15
leaf_value=-0.0081900050688687061 -0.011503701340696452 -0.0058860011986164558 -0.0029155036513868718 0.0018628826498564997 0.0048932984783200155 -0.0059299227473240592 0.0054970946366870183 -0.00012425625068182249 0.0074984213200492422 -0.00016936942984794269 0.0086895072486167131 -0.018326521858805379 -0.013892622372510755 -0.00020244870491334735
leaf_weight=262.82207992114127 85.140134032815695 1018.5256892517209 1221.6636113151908 888.59480837732553 554.9969274699688 606.78577549755573 894.28405563533306 5456.8136279266328 1309.8869351726025 4346.2211016863585 118.48056510463357 39.439231712371111 61.452293528243899 2357.7901833504438
leaf_count=4116 628 10097 8705 8371 3538 4097 5970 48410 9875 37249 1038 424 1010 24218
internal_value=-1.6862e-07 0.000279155 0.000932568 0.00269622 -0.000462439 -6.52637e-05 0.00391791 -0.000714038 0.00523937 -0.00103314 -0.00430466 -0.00168862 -0.0013768 -0.000605957
internal_weight=19222.9 16501.4 11018.2 3975.14 1776.66 7043.02 979.424 6063.6 2198.48 5483.23 1137.01 2721.5 2682.06 2419.24
internal_count=167746 137978 89594 30489 12243 59105 6598 52507 18246 48384 11135 29768 29344 25228
is_linear=0
shrinkage=0.035


end of trees

feature_importances:
breadth200=236
dispersion20=224
market_ret60=202
log_turnover=188
vol60=170
momentum252_20=158
drawdown252=155
market_ret20=143
range20=130
downside60=127
volume_shock=113
ma200=110
turnover_shock=103
market_vol20=96
ret120=76
vol20=50
ma20=40
ma60=33
relative20=32
relative60=32
ret20=30
ret60=23
vol_expansion=19
rsi14=17
drawdown60=13

parameters:
[boosting: gbdt]
[objective: binary]
[metric: binary_logloss]
[tree_learner: serial]
[device_type: cpu]
[data_sample_strategy: bagging]
[data: ]
[valid: ]
[num_iterations: 180]
[learning_rate: 0.035]
[num_leaves: 15]
[num_threads: 1]
[seed: 804]
[deterministic: 1]
[force_col_wise: 1]
[force_row_wise: 0]
[histogram_pool_size: -1]
[max_depth: 5]
[min_data_in_leaf: 150]
[min_sum_hessian_in_leaf: 0.001]
[bagging_fraction: 1]
[pos_bagging_fraction: 1]
[neg_bagging_fraction: 1]
[bagging_freq: 0]
[bagging_seed: 31454]
[bagging_by_query: 0]
[feature_fraction: 0.85]
[feature_fraction_bynode: 1]
[feature_fraction_seed: 16221]
[extra_trees: 0]
[extra_seed: 23160]
[early_stopping_round: 0]
[early_stopping_min_delta: 0]
[first_metric_only: 0]
[max_delta_step: 0]
[lambda_l1: 0]
[lambda_l2: 10]
[linear_lambda: 0]
[min_gain_to_split: 0]
[drop_rate: 0.1]
[max_drop: 50]
[skip_drop: 0.5]
[xgboost_dart_mode: 0]
[uniform_drop: 0]
[drop_seed: 31648]
[top_rate: 0.2]
[other_rate: 0.1]
[min_data_per_group: 100]
[max_cat_threshold: 32]
[cat_l2: 10]
[cat_smooth: 10]
[max_cat_to_onehot: 4]
[top_k: 20]
[monotone_constraints: ]
[monotone_constraints_method: basic]
[monotone_penalty: 0]
[feature_contri: ]
[forcedsplits_filename: ]
[refit_decay_rate: 0.9]
[cegb_tradeoff: 1]
[cegb_penalty_split: 0]
[cegb_penalty_feature_lazy: ]
[cegb_penalty_feature_coupled: ]
[path_smooth: 0]
[interaction_constraints: ]
[verbosity: -1]
[saved_feature_importance_type: 0]
[use_quantized_grad: 0]
[num_grad_quant_bins: 4]
[quant_train_renew_leaf: 0]
[stochastic_rounding: 1]
[linear_tree: 0]
[max_bin: 63]
[max_bin_by_feature: ]
[min_data_in_bin: 3]
[bin_construct_sample_cnt: 200000]
[data_random_seed: 2664]
[is_enable_sparse: 1]
[enable_bundle: 1]
[use_missing: 1]
[zero_as_missing: 0]
[feature_pre_filter: 1]
[pre_partition: 0]
[two_round: 0]
[header: 0]
[label_column: ]
[weight_column: ]
[group_column: ]
[ignore_column: ]
[categorical_feature: ]
[forcedbins_filename: ]
[precise_float_parser: 0]
[parser_config_file: ]
[objective_seed: 11469]
[num_class: 1]
[is_unbalance: 0]
[scale_pos_weight: 1]
[sigmoid: 1]
[boost_from_average: 1]
[reg_sqrt: 0]
[alpha: 0.9]
[fair_c: 1]
[poisson_max_delta_step: 0.7]
[tweedie_variance_power: 1.5]
[lambdarank_truncation_level: 30]
[lambdarank_norm: 1]
[label_gain: ]
[lambdarank_position_bias_regularization: 0]
[eval_at: ]
[multi_error_top_k: 1]
[auc_mu_weights: ]
[num_machines: 1]
[local_listen_port: 12400]
[time_out: 120]
[machine_list_filename: ]
[machines: ]
[gpu_platform_id: -1]
[gpu_device_id: -1]
[gpu_device_id_list: ]
[gpu_use_dp: 0]
[num_gpu: 1]

end of parameters

pandas_categorical:[]
