tree
version=v4
num_class=1
num_tree_per_iteration=1
label_index=0
max_feature_idx=34
objective=binary sigmoid:1
feature_names=ret20 ret60 ret120 momentum252_20 ma20 ma60 ma200 drawdown60 drawdown252 vol20 vol60 downside60 vol_expansion rsi14 volume_shock log_turnover turnover_shock range20 relative20 relative60 market_ret20 market_ret60 breadth200 market_vol20 dispersion20 macro_policy_rate macro_term_spread macro_inflation_yoy macro_inflation_change3 macro_unemployment macro_unemployment_change3 macro_industrial_yoy macro_payroll_yoy macro_housing_yoy macro_money_yoy
feature_infos=[-0.83250552415847778:5.2275447845458984] [-0.87805616855621338:12.064516067504883] [-0.86095237731933594:14.534246444702148] [-0.908214271068573:26.121212005615234] [-0.78448933362960815:2.5155470371246338] [-0.8096124529838562:3.3766458034515381] [-0.83397865295410156:5.2354607582092285] [-0.88362318277359009:0] [-0.90973156690597534:0] [0.027096280828118324:14.120672225952148] [0.039521303027868271:8.1769237518310547] [0:1.6071621179580688] [0.066172182559967041:1.7621750831604004] [0:1] [0.00011126961908303201:12] [20.030130386352539:27.927104949951172] [0.00043789192568510771:3] [0.0060253036208450794:0.2097080796957016] [-0.86807441711425781:5.1706600189208984] [-0.96085762977600098:12.131316184997559] [-0.19025871157646179:0.12816762924194336] [-0.21291881799697876:0.13406597077846527] [0.088342443108558655:0.54096168279647827] [0.078211821615695953:0.40138965845108032] [0.024956967681646347:0.034729544073343277] [0.20000000000000001:4.6500000000000004] [-1.0300000000000002:1.99] [4.9869204652974952:8.9952206085881272] [-1.8017281127258089:1.4610440306022321] [3.3999999999999999:3.7000000000000002] [-0.39999999999999991:0.20000000000000018] [0.0032200132577211438:0.064042699835552774] [0.027373467878275548:0.045751724328582988] [-0.21832579185520362:0.14551495016611304] [-0.040538858957401169:0.098520678765167125]
tree_sizes=1716 1774 1771 1774 1779 1775 1767 1774 1763 1779 1772 1773 1777 1776 1773 1790 1775 1779 1777 1774 1774 1775 1784 1780 1790 1772 1793 1774 1791 1790 1774 1782 1789 1786 1798 1778 1794 1794 1781 1792 1786 1790 1795 1781 1787 1790 1790 1782 1784 1791 1794 1783 1782 1798 1786 1772 1784 1777 1796 1799 1776 1793 1791 1794 1777 1788 1801 1785 1799 1781 1794 1778 1784 1777 1799 1794 1787 1791 1786 1779 1786 1797 1793 1672 1790 1801 1779 1781 1779 1787 1787 1793 1786 1788 1770 1795 1776 1795 1804 1800 1789 1780 1794 1808 1793 1788 1794 1782 1778 1798 1793 1794 1787 1788 1790 1786 1782 1793 1798 1793 1786 1780 1785 1805 1782 1795 1778 1783 1776 1787 1787 1783 1782 1793 1791 1803 1793 1772 1791 1806 1802 1786 1781 1799 1808 1785 1787 1799 1789 1781 1791 1784 1782 1785 1779 1805 1794 1795 1792 1786 1814 1784 1791 1784 1768 1778 1789 1796 1794 1797 1781 1776 1790 1787 1798 1777 1798 1789 1788 1802

Tree=0
num_leaves=15
num_cat=0
split_feature=30 26 3 10 6 8 24 6 11 26 7 3 21 15
split_gain=748.057 389.816 321.688 183.055 130.956 118.294 98.9183 75.7807 58.017 38.7121 38.6485 32.812 29.4904 29.0739
threshold=-0.14999999999999988 -0.76500000000000001 0.10493374243378641 0.31713132560253149 0.19619389623403552 -0.32008633017539972 0.026834268122911457 0.15067858248949054 0.33608241379261022 0.26499999999999996 -0.23843089491128919 0.034796213731169708 1.0000000180025095e-35 23.186100959777836
decision_type=2 2 2 2 2 2 2 2 2 2 2 2 2 2
left_child=4 7 3 9 11 10 -5 -2 12 -3 -4 -1 -6 -13
right_child=1 2 5 6 8 -7 -8 -9 -10 -11 -12 13 -14 -15
leaf_value=-2.002312927423497 -2.0011920839377768 -1.9834302788473459 -1.9562427911731906 -1.9857600378835416 -1.9283232307488976 -1.9362009285536188 -1.967058824425971 -1.9780488567871639 -1.9884889501720706 -2.0014836094942945 -1.98541473523229 -1.9842157294007885 -1.9689962747192093 -2.0082197644847173
leaf_weight=1725.3148863911629 620.405363291502 363.26403576135635 118.47733602672815 397.09684720635414 27.963820174336433 434.13494317978621 2495.4847004935145 235.775196634233 121.32222479581833 236.18093528598547 93.567214667797089 264.61648384481668 71.912307508289814 72.018407173454762
leaf_count=16467 6151 3441 1072 3792 267 4015 22691 2333 1171 2121 867 2543 700 693
internal_value=-1.98106 -1.97347 -1.96903 -1.97328 -1.99761 -1.94653 -1.96963 -1.99486 -1.97235 -1.99076 -1.96873 -2.00035 -1.95385 -1.98999
internal_weight=7277.53 4994.39 4138.21 3492.03 2283.15 646.179 2892.58 856.181 221.198 599.445 212.045 2061.95 99.8761 336.635
internal_count=68324 46483 37999 32045 21841 5954 26483 8484 2138 5562 1939 19703 967 3236
is_linear=0
shrinkage=1


Tree=1
num_leaves=15
num_cat=0
split_feature=30 25 6 10 6 25 6 11 16 25 25 21 10 8
split_gain=701.527 361.746 230.322 195.211 125.268 110.408 72.346 53.8115 45.7684 41.6287 34.0636 26.6377 26.5836 35.5924
threshold=-0.14999999999999988 4.4500000000000011 0.19619389623403552 0.31713132560253149 0.19619389623403552 1.4450000000000001 0.15067858248949054 0.33608241379261022 2.622876882553101 2.8200000000000007 3.4300000000000002 1.0000000180025095e-35 0.27705927193164831 -0.24362841248512265
decision_type=2 2 2 2 2 2 2 2 2 2 2 2 2 2
left_child=4 2 3 9 12 -5 -3 11 10 -2 -4 -6 -1 -14
right_child=1 6 8 5 7 -7 -8 -9 -10 -11 -12 -13 13 -15
leaf_value=-0.031462374051591739 -0.019999717371866073 -0.019739198045961852 0.05283750060632865 -0.0034129105295238869 0.049863712788770539 0.01505165569920007 0.0029031444283199813 -0.007227351076086394 3.0459862190509645e-05 -0.0016311488751294091 0.027582529530864854 0.011597600415942995 -0.019646516895087715 -0.0065157557309585149
leaf_weight=193.3389173746109 241.20891164243221 610.98838976025581 166.95921072363853 460.62042289972305 29.094924874603748 2708.3618700802326 236.31335341930389 120.64058449119329 36.951103955507278 384.37950228154659 177.42310650646687 72.571399420499802 1520.4625115022063 318.40528535097837
leaf_count=1898 2196 6151 1466 4271 267 24414 2333 1171 343 3640 1669 700 14710 3095
internal_value=-3.02969e-06 0.00727581 0.0115061 0.00884259 -0.0161813 0.0123655 -0.013464 0.00844944 0.0371068 -0.00891678 0.0409718 0.0260333 -0.0189039 -0.0174204
internal_weight=7277.72 5023.21 4175.9 3794.57 2254.51 3168.98 847.302 222.307 381.333 625.588 344.382 101.666 2032.21 1838.87
internal_count=68324 46483 37999 34521 21841 28685 8484 2138 3478 5836 3135 967 19703 17805
is_linear=0
shrinkage=0.035


Tree=2
num_leaves=15
num_cat=0
split_feature=30 25 3 10 8 8 24 6 1 24 10 10 6 3
split_gain=658.089 335.92 273.872 155.834 119.904 100.37 86.8819 69.0432 47.2137 35.448 33.1766 32.9594 29.2477 28.4057
threshold=-0.14999999999999988 4.4500000000000011 0.10493374243378641 0.31713132560253149 -0.11825271695852278 -0.38471549749374384 0.026834268122911457 0.15067858248949054 0.16539337486028674 0.027595804072916511 0.41401821374893194 0.7285253405570985 -0.18158609420061109 0.29935254156589514
decision_type=2 2 2 2 2 2 2 2 2 2 2 2 2 2
left_child=4 2 3 9 10 12 -5 -3 -6 -2 -1 13 -4 -10
right_child=1 7 5 6 8 -7 -8 -9 11 -11 -12 -13 -14 -15
leaf_value=-0.024768472556461755 0.00016140757991214865 -0.019349461620302592 0.022002020150582908 -0.004759256164658901 -0.010104774894352875 0.038591987846269368 0.012724835253092341 0.0027996462346614195 0.017396245882978174 -0.016911294815932069 -0.014965351473652935 -0.0040768463102711667 -0.0069613383165590065 0.063906728487908543
leaf_weight=681.86771076917648 271.05648337304592 601.84448859095573 66.963942423462868 397.66747157275677 82.405371300876141 518.21547497063875 2549.5529888123274 236.83301614224911 62.745496608316898 320.27674549072981 1343.6127489060163 36.725407280027866 88.115934044122696 19.408895663917065
leaf_count=6768 2564 6151 596 3792 805 4565 22691 2333 598 2998 13137 354 793 179
internal_value=-4.94472e-06 0.00698288 0.0110106 0.00707039 -0.0158144 0.0313118 0.0103576 -0.0131355 0.00956384 -0.00921293 -0.018371 0.0229239 0.00612033 0.0341267
internal_weight=7277.29 5050.53 4211.85 3538.55 2226.77 673.295 2947.22 838.678 201.285 591.333 2025.48 118.88 155.08 82.1544
internal_count=68324 46483 37999 32045 21841 5954 26483 8484 1936 5562 19905 1131 1389 777
is_linear=0
shrinkage=0.035


Tree=3
num_leaves=15
num_cat=0
split_feature=30 25 3 10 6 2 24 6 11 25 15 11 10 15
split_gain=617.011 312.002 246.394 144.402 116.217 92.9157 79.8517 65.8684 57.0041 34.9018 27.231 25.1644 24.736 23.8602
threshold=-0.14999999999999988 4.4500000000000011 0.10493374243378641 0.31713132560253149 0.13190498948097232 0.044085811823606498 0.026834268122911457 0.15067858248949054 0.1697792932391167 2.8200000000000007 21.143177032470707 0.41730010509490972 0.29870600998401647 23.552927017211918
decision_type=2 2 2 2 2 2 2 2 2 2 2 2 2 2
left_child=4 2 3 9 12 10 -5 -3 -6 -2 -4 -9 -1 -10
right_child=1 7 5 6 8 -7 -8 11 13 -11 -12 -13 -14 -15
leaf_value=-0.029487747430375241 -0.019409404450714055 -0.018963347353874917 0.030849425305706772 -0.004613258632255317 0.053681970572241361 0.039879928374533073 0.012162891606063552 0.010068410201020717 0.0071823274741490833 -0.0020467041442543683 0.0060893462746959941 -0.01347051441960565 -0.016993550386440643 -0.012601509559908226
leaf_weight=239.01732535660267 226.73487021774054 592.96761568635702 67.552839353680611 396.23609568178654 16.132375851273537 414.86587050557137 2574.0037735775113 165.63446481525898 189.91220703721046 360.51768260449171 206.52611715346575 71.70036369562149 1645.3312128484249 109.2103451192379
leaf_count=2438 2121 6151 596 3792 148 3551 22691 1628 1835 3441 1807 705 16356 1064
internal_value=-6.40877e-06 0.00670169 0.0105384 0.00678394 -0.0154491 0.0295511 0.00991695 -0.0128126 0.00410891 -0.00896308 0.0130631 0.00270004 -0.0187257 -0.000214787
internal_weight=7276.34 5076.74 4246.44 3557.49 2199.6 688.945 2970.24 830.302 315.255 587.253 274.079 237.335 1884.35 299.123
internal_count=68324 46483 37999 32045 21841 5954 26483 8484 3047 5562 2403 2333 18794 2899
is_linear=0
shrinkage=0.035


Tree=4
num_leaves=15
num_cat=0
split_feature=25 25 3 10 8 6 8 14 25 9 10 8 6 3
split_gain=438.473 434.361 222.555 133.908 100.034 95.9713 82.8167 77.3649 33.3652 33.0648 30.1563 29.6585 27.3896 25.3561
threshold=0.9900000000000001 4.2150000000000007 0.10493374243378641 0.31713132560253149 -0.028683413751423355 0.13190498948097232 -0.38471549749374384 0.29866567254066473 2.8200000000000007 1.0586792230606081 0.41401821374893194 -0.21714191883802411 -0.18158609420061109 -0.062888737767934785
decision_type=2 2 2 2 2 2 2 2 2 2 2 2 2 2
left_child=4 2 3 8 10 13 12 -5 -2 -7 -1 -12 -4 -3
right_child=1 5 6 7 -6 9 -8 -9 -10 -11 11 -13 -14 -15
leaf_value=-0.024472299277945034 -0.019034287668710299 -0.021833888691140616 0.020388033691387197 -0.0046231803142952636 0.039917684998087372 0.0058489643778593722 0.034316194805921921 0.011721020188959371 -0.0019800507095913064 -0.01764379394139207 -0.015776227431773947 0.0023660084429056954 -0.0073627760212510943 -0.0075513896012154389
leaf_weight=497.27952694892883 223.36836677789688 725.66969011723995 68.812160670757294 405.43346028774977 29.229335233569145 352.07046797126532 545.77325002104044 2586.9258201569319 359.95739291608334 82.081163585186005 977.85683497041464 121.54961045831442 89.114755414426327 209.92345386743546
leaf_count=5062 2121 7615 596 3599 261 3456 4565 22884 3441 815 9741 1177 793 2198
internal_value=-8.15244e-06 0.00460537 0.0100929 0.00651018 -0.0159677 -0.0124879 0.0279516 0.00949853 -0.00872124 0.00111015 -0.0172328 -0.0137672 0.0052229 -0.018743
internal_weight=7275.05 5649.13 4279.39 3575.69 1625.92 1369.74 703.7 2992.36 583.326 434.152 1596.69 1099.41 157.927 935.593
internal_count=68324 52083 37999 32045 16241 14084 5954 26483 5562 4271 15980 10918 1389 9813
is_linear=0
shrinkage=0.035


Tree=5
num_leaves=15
num_cat=0
split_feature=30 25 3 10 2 2 24 2 10 5 8 3 15 24
split_gain=542.52 269.924 201.097 124.222 108.466 76.8293 72.8393 60.5787 41.6274 38.8708 36.1395 33.2908 35.793 32.6933
threshold=-0.14999999999999988 4.4500000000000011 0.10493374243378641 0.31713132560253149 0.4239537119865418 0.044085811823606498 0.026834268122911457 0.17809086292982104 0.7285253405570985 0.10903950035572053 -0.43088339269161219 0.034796213731169708 22.235387802124027 0.027595804072916511
decision_type=2 2 2 2 2 2 2 2 2 2 2 2 2 2
left_child=4 2 3 13 11 -4 -5 -3 9 -6 -7 -1 -13 -2
right_child=1 7 5 6 8 10 -8 -9 -10 -11 -12 12 -14 -15
leaf_value=-0.019275862032581817 0.00049304346742710123 -0.018988755877716812 0.011600887415404779 -0.004757730407656314 -0.0013906169409749548 -0.0065534378515981224 0.011217299983041808 0.0010188078558069039 -0.0057112917942869377 0.042559496658933473 0.037762048971901226 0.003907863822618496 -0.018454356551846681 -0.016036918785764014
leaf_weight=1620.8023028895259 269.03780689835548 535.20158115029335 281.1053112000227 397.65028609335423 39.293061152100563 20.927279472351074 2616.0392462164164 279.40952438861132 99.015817403793335 53.488095559179783 415.94048299640417 176.85528665781021 158.50516772270203 310.47732535004616
leaf_count=16609 2564 5695 2403 3792 383 185 22691 2789 980 491 3366 1779 1599 2998
internal_value=-1.19568e-05 0.00617561 0.00966738 0.0062488 -0.0147379 0.0264554 0.00910066 -0.0121971 0.00996473 0.0256221 0.0355401 -0.0171983 -0.00688976 -0.00848475
internal_weight=7273.75 5125.79 4311.18 3593.2 2147.96 717.973 3013.69 814.611 191.797 92.7812 436.868 1956.16 335.36 579.515
internal_count=68324 46483 37999 32045 21841 5954 26483 8484 1854 874 3551 19987 3378 5562
is_linear=0
shrinkage=0.035


Tree=6
num_leaves=15
num_cat=0
split_feature=30 22 3 17 8 25 6 2 19 10 10 25 11 14
split_gain=508.788 251.934 176.477 130.165 105.584 73.7886 62.32 61.2303 40.5158 34.6227 31.748 30.2663 25.1666 22.4822
threshold=-0.14999999999999988 0.41980001330375677 0.29935254156589514 0.025017222389578823 -0.11825271695852278 1.4450000000000001 0.13190498948097232 0.14027463644742968 0.23521929979324344 0.41401821374893194 0.41401821374893194 3.9399999999999999 0.41730010509490972 0.44977405667304998
decision_type=2 2 2 8 2 2 2 2 2 2 2 2 2 2
left_child=4 2 3 -2 10 -5 -3 13 -6 -10 -1 -9 -8 -4
right_child=1 6 7 5 8 -7 12 11 9 -11 -12 -13 -14 -15
leaf_value=-0.023383115784842635 -0.012365981907382029 -0.018356357307873373 -0.0049262209452163603 -0.0035904869108646228 -0.0060943889265259663 0.011080894049535796 0.008098287541965489 0.049255322714121981 0.059502276727536121 0.011466146925059626 -0.013549600699108823 0.016642592391755386 -0.015212179898995747 0.021828507954685352
leaf_weight=637.85971359908581 375.12785556167364 552.42379795759916 52.666556723415852 481.40258657187223 101.77072080224752 3068.5805680751801 204.3933040946722 180.34973412007093 16.52333215624094 83.844818919897079 1283.3462932854891 59.52140287309885 67.283697873353958 106.76756503432989
leaf_count=6768 3577 5763 452 4403 1009 26857 1945 1405 144 783 13137 518 660 903
internal_value=-1.43172e-05 0.00593116 0.0093114 0.00701037 -0.0143907 0.00908685 -0.0117054 0.0312063 0.00930081 0.0240489 -0.0169186 0.0421527 0.0019901 0.0132214
internal_weight=7271.86 5148.52 4324.42 3925.11 2123.34 3549.98 824.101 399.305 202.139 100.368 1921.21 239.871 271.677 159.434
internal_count=68324 46483 38115 34837 21841 31260 8368 3278 1936 927 19905 1923 2605 1355
is_linear=0
shrinkage=0.035


Tree=7
num_leaves=15
num_cat=0
split_feature=30 25 3 10 2 14 8 2 10 7 3 15 25 8
split_gain=477.065 236.878 170.117 110.206 100.978 70.1391 64.5366 56.1362 37.7546 32.2502 32.0065 34.7208 31.2728 26.7433
threshold=-0.14999999999999988 4.4500000000000011 0.10493374243378641 0.31713132560253149 0.4239537119865418 0.29866567254066473 -0.32008633017539972 0.17809086292982104 0.7285253405570985 -0.23843089491128919 0.034796213731169708 22.462831497192386 2.8200000000000007 -0.10469490662217139
decision_type=2 2 2 2 2 2 2 2 2 2 2 2 2 2
left_child=4 2 3 12 10 -5 9 -3 13 -4 -1 -12 -2 -6
right_child=1 7 6 5 8 -7 -8 -9 -10 -11 11 -13 -14 -15
leaf_value=-0.018557897808513583 -0.018352241796846209 -0.018356901097405062 0.01905465040878343 -0.0049897592381236951 0.002503863376916781 0.010481858463390555 0.030892132081452778 0.0009776996319822357 -0.0053922400241881129 -0.0065423021824112092 0.0032608605691040425 -0.019168853950324798 -0.0016973523151045901 0.039140517126176035
leaf_weight=1576.2274745926261 217.40923210978508 522.1931207627058 129.63624653965235 409.04342633485794 42.761052884161472 2642.7903920263052 512.79976306855679 279.64014677703381 98.147380948066711 99.172491930425167 193.39006309956312 136.96338584274054 357.57995135337114 51.755453705787659
leaf_count=16609 2121 5695 1072 3599 420 22884 4015 2789 980 867 1962 1416 3441 454
internal_value=-1.32344e-05 0.00570019 0.00891067 0.00575169 -0.0140452 0.00839864 0.0240775 -0.011685 0.00970124 0.00815079 -0.016483 -0.0063284 -0.0082008 0.0243909
internal_weight=7269.51 5170.26 4368.43 3626.82 2099.24 3051.83 741.609 801.833 192.664 228.809 1906.58 330.353 574.989 94.5165
internal_count=68324 46483 37999 32045 21841 26483 5954 8484 1854 1939 19987 3378 5562 874
is_linear=0
shrinkage=0.035


Tree=8
num_leaves=15
num_cat=0
split_feature=30 22 3 17 8 25 6 8 5 10 25 10 11 3
split_gain=447.36 221.567 149.037 116.117 97.759 67.4854 57.309 46.692 36.8247 31.178 25.847 24.901 23.5968 21.4397
threshold=-0.14999999999999988 0.41980001330375677 0.29935254156589514 0.025017222389578823 -0.11825271695852278 1.4450000000000001 0.13190498948097232 -0.44708053767681116 0.10903950035572053 0.41401821374893194 3.9399999999999999 0.75466910004615795 0.41730010509490972 0.29935254156589514
decision_type=2 2 2 8 2 2 2 2 2 2 2 2 2 2
left_child=4 2 3 -2 9 -5 -3 -4 -6 -1 -9 13 -8 -10
right_child=1 6 7 5 8 -7 12 10 11 -11 -12 -13 -14 -15
leaf_value=-0.022711215377627242 -0.011969070906400698 -0.01773120696862766 0.002108081937375625 -0.0037203258150258797 -0.0077852332326540539 0.010275352566976804 0.007697788463721906 0.038694450597072945 0.015727580265690273 -0.012849649071813119 0.01335193533937112 -0.0037453498658132646 -0.014928219317852971 0.056054450010386461
leaf_weight=617.83397644013166 370.50949460268021 539.39977763593197 70.956780523061752 482.82904259860516 86.843173772096634 3111.4067481383681 205.94269153475761 266.14987290650606 62.86010853946209 1255.0378650352359 77.288379736244678 33.372237242758274 66.572411470115185 20.115459688007832
leaf_count=6768 3577 5763 607 4403 872 26857 1945 2010 575 13137 661 325 660 164
internal_value=-1.53278e-05 0.00547677 0.00859105 0.00646223 -0.0137084 0.00839015 -0.0112205 0.0283264 0.00899488 -0.0162062 0.0335304 0.0211446 0.00183775 0.0304813
internal_weight=7267.12 5191.06 4379.14 3964.75 2076.06 3594.24 811.915 414.395 203.191 1872.87 343.438 116.348 272.515 82.9756
internal_count=68324 46483 38115 34837 21841 31260 8368 3278 1936 19905 2671 1064 2605 739
is_linear=0
shrinkage=0.035


Tree=9
num_leaves=15
num_cat=0
split_feature=30 25 3 10 6 22 8 2 11 24 2 10 8 6
split_gain=419.368 208.063 144.462 97.9488 94.692 65.3212 56.2981 52.0043 46.5847 30.2285 28.9842 26.0515 32.6882 25.6055
threshold=-0.14999999999999988 4.4500000000000011 0.10493374243378641 0.31713132560253149 0.13190498948097232 0.16723755002021792 -0.38471549749374384 0.17809086292982104 0.1697792932391167 0.027595804072916511 0.044085811823606498 0.27705927193164831 -0.24362841248512265 -0.18158609420061109
decision_type=2 2 2 2 2 2 2 2 2 2 2 2 2 2
left_child=4 2 3 9 11 -5 13 -3 -6 -2 -8 -1 -13 -4
right_child=1 7 6 5 8 -7 10 -9 -10 -11 -12 12 -14 -15
leaf_value=-0.029795919864338088 0.0006792547099932684 -0.017736141827051327 0.017928641898804554 0.01499815472581891 0.047536879825492463 0.0041624757536405507 0.012958118117096108 0.00094573529768873365 0.00012932436327432625 -0.01531660091697256 0.031533755252569254 -0.017070882737545732 -0.0027267825886890659 -0.0084206724063637228
leaf_weight=165.36641315370798 267.88896006345749 509.82953934371471 71.77091258764267 1014.2576737850904 17.774532742798328 2073.0208052322268 160.21068673580885 279.80770491808653 296.55763009935617 302.70603926479816 439.777189232409 1341.3865149989724 232.29860328137875 91.798040516674519
leaf_count=1874 2564 5695 596 8233 148 18250 1286 2789 2899 2998 3279 14445 2475 793
internal_value=-1.53577e-05 0.00526398 0.00822066 0.0052978 -0.0133738 0.00775923 0.0219733 -0.0111872 0.00419311 -0.00792435 0.0268674 -0.0165548 -0.0149841 0.00350773
internal_weight=7264.45 5211.07 4421.43 3657.87 2053.38 3087.28 763.557 789.637 314.332 570.595 599.988 1739.05 1573.69 163.569
internal_count=68324 46483 37999 32045 21841 26483 5954 8484 3047 5562 4565 18794 16920 1389
is_linear=0
shrinkage=0.035


Tree=10
num_leaves=15
num_cat=0
split_feature=30 22 6 10 2 25 6 15 21 3 15 3 15 11
split_gain=393.322 194.476 127.397 108.239 90.8691 77.0639 52.6684 33.498 33.0139 30.4696 34.0443 27.043 24.4139 24.0595
threshold=-0.14999999999999988 0.41980001330375677 0.22650895267724994 0.31713132560253149 0.4239537119865418 1.4450000000000001 0.15067858248949054 23.552927017211918 0.036388153210282333 0.034796213731169708 22.462831497192386 -0.12583433836698529 24.379923820495609 0.41730010509490972
decision_type=2 2 2 2 2 2 2 2 2 2 2 2 2 2
left_child=4 2 3 8 9 -5 -3 -6 -2 -1 13 -4 -13 -11
right_child=1 6 11 5 7 -7 -8 -9 -10 10 -12 12 -14 -15
leaf_value=-0.017524393700053254 -0.016628687396686097 -0.016719616528024183 0.006214686913622541 -0.004447217430346556 0.020209401006321341 0.010573336495825382 0.0024855464278915633 -0.0084429267677819803 -0.0002610126808122207 0.011441984026460662 -0.018416115721059161 0.024749220221050566 0.051380008173856594 -0.014708762290509126
leaf_weight=1515.0477004721761 261.12920835614204 548.52871941775084 68.581397347152233 481.04435360431671 119.58485147356987 2970.9524459913373 251.27928690612316 74.108779840171337 341.32727944850922 139.08031989634037 132.74016210436821 245.60425306111574 61.305695474147797 51.072849690914154
leaf_count=16609 2595 5988 598 4320 1121 24971 2380 733 3275 1436 1416 1888 468 526
internal_value=-1.57305e-05 0.00506201 0.00793088 0.00608559 -0.0130474 0.00847339 -0.0107297 0.00937048 -0.0075111 -0.0154479 -0.00547097 0.027181 0.0315222 0.00403425
internal_weight=7261.39 5229.75 4429.94 4054.45 2031.63 3452 799.808 193.694 602.456 1837.94 322.893 375.491 306.91 190.153
internal_count=68324 46483 38115 35161 21841 29291 8368 1854 5870 19987 3378 2954 2356 1962
is_linear=0
shrinkage=0.035


Tree=11
num_leaves=15
num_cat=0
split_feature=30 25 3 8 17 14 8 6 5 10 17 7 2 11
split_gain=369.089 183.242 125.748 88.58 86.3608 60.1492 48.774 48.0566 32.9575 30.4973 29.2227 24.3468 23.7064 21.6823
threshold=-0.14999999999999988 4.4500000000000011 0.10493374243378641 -0.11825271695852278 0.025017222389578823 0.29866567254066473 -0.38471549749374384 0.11590830236673356 0.090575627982616438 0.41401821374893194 0.036562075838446624 -0.35909183323383326 0.044085811823606498 0.41730010509490972
decision_type=2 2 2 2 8 2 2 2 2 2 8 2 2 2
left_child=3 2 4 9 -2 -6 11 -3 -5 -1 -10 -4 -8 -9
right_child=1 7 6 8 5 -7 12 13 10 -11 -12 -13 -14 -15
leaf_value=-0.021763627580297394 -0.011626777440513849 -0.017169765122430097 0.02226947024622131 -0.0090422362549026185 -0.0057921092860063099 0.008351677810154225 0.01215447496527761 0.0066405308406486613 0.051657132164369589 -0.011847603147950544 0.0099709674056481148 -0.0054256186164828952 0.02884939304446496 -0.014235960919367701
leaf_weight=590.96568652242422 343.17888570576906 495.69305599480867 45.915508694946766 74.180993989109993 413.90316148847342 2930.4388776123524 162.43428321182728 207.81099455058575 17.63260356336832 1216.07920370996 111.90893552452326 118.9632111787796 454.76292463392019 74.648953981697559
leaf_count=6768 3377 5682 374 764 3598 25070 1286 2046 146 13137 1026 1015 3279 756
internal_value=-1.6422e-05 0.00486979 0.00760012 -0.0127296 0.00486704 0.00658916 0.0202626 -0.0107102 0.00880481 -0.0151924 0.0189404 0.00311932 0.0247195 0.000825144
internal_weight=7258.52 5247.75 4469.6 2010.77 3687.52 3344.34 782.076 778.153 203.723 1807.04 129.542 164.879 617.197 282.46
internal_count=68324 46483 37999 21841 32045 28668 5954 8484 1936 19905 1172 1389 4565 2802
is_linear=0
shrinkage=0.035


Tree=12
num_leaves=15
num_cat=0
split_feature=30 22 3 17 6 15 6 2 15 3 15 10 8 11
split_gain=345.952 171.565 111.938 93.0325 85.5308 65.5975 48.0589 39.1869 34.3145 28.7746 27.4243 24.5473 27.9425 22.7827
threshold=-0.14999999999999988 0.41980001330375677 0.29935254156589514 0.025017222389578823 0.08812985941767694 22.887501716613773 0.15067858248949054 0.14027463644742968 23.552927017211918 0.034796213731169708 22.887501716613773 0.29870600998401647 -0.2598083615303039 0.19264812022447589
decision_type=2 2 2 8 2 2 2 2 2 2 2 2 2 2
left_child=4 2 3 -2 11 -5 -3 -4 9 -6 -9 -1 -13 -11
right_child=1 6 7 5 8 -7 -8 10 -10 13 -12 12 -14 -15
leaf_value=-0.02759322466777351 -0.011235127265364964 -0.016114344036225036 0.0098906300516890793 0.0092653998354475971 -0.0013390163905362875 -0.0031235119097621699 0.0022706321605185566 0.017087027886876403 -0.013039765591432356 0.050384250565989136 0.041765995793205501 -0.016224448820011991 -0.0020972080202189066 0.012063952006035602
leaf_weight=198.46468190103769 362.1678656116128 536.43925728648901 168.96608956903219 3048.3957958966494 157.3175932765007 626.52527920901775 252.37199181318283 117.25063061714172 118.65669865906239 16.762735962867737 152.88699584454298 1189.5816955789924 203.88836049288511 105.46795362234116
leaf_count=2362 3577 5988 1355 25999 1595 5261 2380 839 1213 131 1084 13281 2237 1022
internal_value=-1.62549e-05 0.00468351 0.00733702 0.00547745 -0.0124109 0.00715051 -0.0102775 0.0239311 0.00205712 0.00869416 0.0320467 -0.0160202 -0.0141871 0.0207321
internal_weight=7255.14 5265 4476.19 4037.09 1990.14 3674.92 788.811 439.104 398.205 279.548 270.138 1591.93 1393.47 122.231
internal_count=68324 46483 38115 34837 21841 31260 8368 3278 3961 2748 1923 17880 15518 1153
is_linear=0
shrinkage=0.035


Tree=13
num_leaves=15
num_cat=0
split_feature=30 25 3 8 10 22 2 8 19 10 10 1 6 11
split_gain=324.421 161.631 108.674 81.7836 78.3481 55.7978 44.5986 42.9709 31.8936 30.2292 29.4781 27.5829 23.9428 21.8787
threshold=-0.14999999999999988 4.4500000000000011 0.10493374243378641 -0.11825271695852278 0.30790668725967413 0.16723755002021792 0.17809086292982104 -0.38471549749374384 0.23521929979324344 0.40050412714481359 0.41401821374893194 0.20170953124761584 -0.18158609420061109 0.42606739699840551
decision_type=2 2 2 2 2 2 2 2 2 2 2 2 2 2
left_child=3 2 4 10 11 -6 -3 12 -5 -10 -1 -2 -4 -8
right_child=1 6 7 8 5 -7 13 -9 9 -11 -12 -13 -14 -15
leaf_value=-0.021088235904609356 -0.0098937374001086091 -0.016545334290832665 0.016415230745941777 -0.0054666035265780967 0.013059085351207117 0.0032443977172698815 0.0066929767781858966 0.022760583903714209 0.05354157102240676 0.0097827513917672082 -0.011222856506092465 0.028055666382698723 -0.0088265357757310921 -0.014451851796780558
leaf_weight=572.81187839061022 488.77521654218435 487.23467091470957 73.681328520178795 99.867030918598175 1055.185036227107 2155.2014529034495 207.26030782610178 633.51878193765879 17.58071468770504 87.248785071074963 1192.7695289254189 15.128738619387148 92.832460328936577 72.818358696997166
leaf_count=6768 4849 5695 596 1009 8354 18700 2042 4565 134 793 13137 142 793 747
internal_value=-1.55546e-05 0.00450684 0.0070327 -0.0121001 0.00448552 0.00650081 -0.0102528 0.0186571 0.0085119 0.021145 -0.0145242 -0.00823062 0.00263999 0.000886792
internal_weight=7251.91 5281.64 4514.32 1970.28 3714.29 3210.39 767.313 800.033 204.697 104.829 1765.58 503.904 166.514 280.079
internal_count=68324 46483 37999 21841 32045 27054 8484 5954 1936 927 19905 4991 1389 2789
is_linear=0
shrinkage=0.035


Tree=14
num_leaves=15
num_cat=0
split_feature=30 22 2 17 2 14 6 3 15 10 3 15 5 4
split_gain=304.038 151.105 98.8256 80.842 79.6742 63.128 44.2371 31.5009 31.4496 29.8673 28.3974 33.3238 26.9226 21.7352
threshold=-0.14999999999999988 0.41980001330375677 0.32149375975131994 0.02393356524407864 0.4239537119865418 0.29866567254066473 0.13190498948097232 -1.0000000180025095e-35 24.137397766113285 0.7285253405570985 0.034796213731169708 22.235387802124027 0.10903950035572053 0.08598682284355165
decision_type=2 2 2 8 2 2 2 2 2 2 2 2 2 2
left_child=4 2 3 -2 10 -5 -3 -4 -9 12 -1 -12 -6 -14
right_child=1 6 7 5 9 -7 -8 8 -10 -11 11 -13 13 -15
leaf_value=-0.016212130766198232 -0.01225709357557849 -0.015887892131960041 0.0050935684088333141 -0.0051513576012874093 -0.0011949568922597746 0.0082166258864806215 0.0014676529061152656 0.020365113537262173 0.047115202406687776 -0.0046569539428923251 0.0060146444899612491 -0.016200981452428372 0.053103901439934723 0.0097033761280373582
leaf_weight=1442.2815175503492 295.2631885483861 503.50220147520304 100.10737856477499 490.54908266663551 39.035830743610859 3316.8324400112033 274.49618946760893 239.35117698460817 77.128534778952599 96.165460005402565 169.00295922905207 145.10248793661594 27.892617270350456 31.345292583107948
leaf_count=16609 2970 5763 853 4216 383 27816 2605 1722 538 980 1779 1599 228 263
internal_value=-1.40633e-05 0.00433715 0.00679126 0.0051099 -0.0117911 0.00648529 -0.00982353 0.0228417 0.0281278 0.00910017 -0.0141423 -0.00443119 0.0217489 0.0348571
internal_weight=7248.06 5297.23 4519.23 4102.64 1950.83 3807.38 777.998 416.587 316.48 194.439 1756.39 314.105 98.2737 59.2379
internal_count=68324 46483 38115 35002 21841 32032 8368 3113 2260 1854 19987 3378 874 491
is_linear=0
shrinkage=0.035


Tree=15
num_leaves=15
num_cat=0
split_feature=30 26 10 26 20 6 14 2 15 24 17 16 6 10
split_gain=284.916 142.773 87.2688 79.6082 95.4576 77.3987 61.6222 40.8611 32.1392 27.7063 42.2238 25.0368 28.2379 24.4996
threshold=-0.14999999999999988 -0.76500000000000001 0.31713132560253149 1.1600000000000004 -0.064003245905041681 0.08812985941767694 0.27658735215663915 0.17809086292982104 23.552927017211918 0.028176901862025264 0.02603618893772364 2.0225229263305669 0.22650895267724994 0.29870600998401647
decision_type=2 2 2 2 2 2 2 2 2 2 10 2 2 2
left_child=5 7 9 6 -5 13 -4 -2 11 10 -3 12 -7 -1
right_child=1 2 3 4 -6 8 -8 -9 -10 -11 -12 -13 -14 -15
leaf_value=-0.026830501281725441 -0.015947346684647121 -0.010361730149774366 -0.0025010172349053221 0.020256979598663221 -0.012793669099316561 0.0029128278920524803 0.012107956327805161 0.00079717384285687607 -0.012512899851713988 -0.014128359034357021 0.012920878807782419 -0.014096200271590156 0.027137723555619442 -0.013186322629970493
leaf_weight=188.61355654895306 476.45217037945986 191.44992299377918 397.17814759165049 135.85439656674862 394.52231732010841 145.60666178911924 3006.5590904504061 280.58188670128584 116.52336028963327 258.49895767867565 171.31496442854404 41.543925918638706 92.306080624461174 1347.339762493968
leaf_count=2362 5695 1904 3315 1126 3492 1525 24042 2789 1213 2553 1567 414 809 15518
internal_value=-1.18765e-05 0.00417503 0.00651582 0.00843922 -0.00410964 -0.0114872 0.0104009 -0.00981179 0.00226578 -0.00560474 0.000685094 0.00864736 0.0130272 -0.0150245
internal_weight=7244.35 5312.41 4555.38 3934.11 530.377 1931.93 3403.74 757.034 395.98 621.264 362.765 279.457 237.913 1535.95
internal_count=68324 46483 37999 31975 4618 21841 27357 8484 3961 6024 3471 2748 2334 17880
is_linear=0
shrinkage=0.035


Tree=16
num_leaves=15
num_cat=0
split_feature=30 22 3 6 17 15 6 14 15 3 25 11 3 15
split_gain=267.184 133.141 90.4642 73.5686 73.0469 61.6938 40.6382 33.7727 30.125 24.2693 20.9686 20.0926 19.3859 26.153
threshold=-0.14999999999999988 0.41980001330375677 0.29935254156589514 0.08812985941767694 0.025017222389578823 22.887501716613773 0.13190498948097232 0.38483111560344702 23.552927017211918 0.034796213731169708 3.9399999999999999 0.41730010509490972 0.13358290493488315 22.462831497192386
decision_type=2 2 2 2 8 2 2 2 2 2 2 2 2 2
left_child=3 2 4 12 -2 -6 -3 -4 9 -5 -9 -8 -1 -14
right_child=1 6 7 8 5 -7 11 10 -10 -11 -12 -13 13 -15
leaf_value=-0.016032114893440256 -0.01040699882105512 -0.015302687641833318 0.0021670195912565681 -0.0010278355979904776 0.0080766901913826104 -0.003831236435483804 0.0066756580801589759 0.030031520435305568 -0.012220261412952531 0.019172383644419776 0.0082524064630083976 -0.014308543946736736 0.0080887781473345018 -0.019297102732699131
leaf_weight=1358.5444659516215 353.1561025083065 492.82715699821711 96.173509359359741 156.02806039899588 3112.6053397580981 636.41188844293356 209.92973892390728 283.3298407793045 115.3974300250411 125.12555941194296 77.997648440301418 65.020274236798286 98.179561734199524 60.885112844407558
leaf_count=16103 3577 5763 732 1595 25999 5261 1945 1942 1213 1153 604 660 1065 712
internal_value=-1.59845e-05 0.00401501 0.00628706 -0.0111975 0.00461177 0.00605045 -0.00938554 0.0208885 0.00218334 0.00831186 0.025679 0.00138531 -0.0146854 -0.00291508
internal_weight=7241.61 5327.45 4559.67 1914.16 4102.17 3749.02 767.777 457.501 396.551 281.154 361.327 274.95 1517.61 159.065
internal_count=68324 46483 38115 21841 34837 31260 8368 3278 3961 2748 2546 2605 17880 1777
is_linear=0
shrinkage=0.035


Tree=17
num_leaves=15
num_cat=0
split_feature=25 25 22 8 8 3 15 10 3 17 2 8 10 10
split_gain=208.481 230.801 101.224 101.855 98.14 81.0845 81.6023 60.9127 53.7251 49.6923 39.4431 30.3359 27.7306 24.8751
threshold=1.4450000000000001 3.9399999999999999 0.090174939483404173 -0.028683413751423355 -0.16771382093429563 0.2036690637469292 22.887501716613773 0.35817581415176397 0.36682300269603735 0.02933407295495272 1.0000000180025095e-35 -0.051455458626151078 0.41401821374893194 0.29870600998401647
decision_type=2 2 2 2 2 2 2 2 2 10 2 2 2 2
left_child=2 5 -1 12 13 6 7 -2 -5 -6 -7 -12 -4 -3
right_child=1 4 3 8 9 10 -8 -9 -10 -11 11 -13 -14 -15
leaf_value=0.016742677743998402 -0.00044829630121774247 -0.02135165140332846 -0.019840806285644035 0.0001229985469382399 -0.015072430649149551 0.0067043605470795114 -0.0059900877401081526 0.013015257454648677 0.066564004086034106 0.010638850632166054 0.036652212981190646 0.0063150621089676827 -0.010264120681838055 -0.0085000096598950633
leaf_weight=156.07970002293587 530.7621828019619 217.23132880032063 554.8207681402564 29.810892902314663 102.95284412056208 121.56025922298431 463.29533354192972 1814.262199215591 19.898489199578762 505.10318089276552 224.10813564807177 54.492311507463455 1245.8657123297453 1198.2285062149167
leaf_count=1307 4811 2580 6423 256 1116 934 3851 14426 131 4675 1480 347 13442 12545
internal_value=-1.78855e-05 0.00366111 -0.00958166 -0.0118802 -0.00557856 0.00948759 0.00733265 0.00997901 0.0334128 0.00611212 0.0240634 0.0311429 -0.0133081 -0.0106083
internal_weight=7238.47 5232 2006.48 1850.4 2023.52 3208.48 2808.32 2345.02 49.7094 608.056 400.161 278.6 1800.69 1415.46
internal_count=68324 46765 21559 20252 20916 25849 23088 19237 387 5791 2761 1827 19865 15125
is_linear=0
shrinkage=0.035


Tree=18
num_leaves=15
num_cat=0
split_feature=25 25 22 6 10 3 3 15 10 11 6 2 10 2
split_gain=194.945 214.177 94.8721 89.2107 84.187 78.1252 74.0138 75.4331 56.3019 46.1532 38.5429 35.4341 34.1725 27.3782
threshold=1.4450000000000001 3.9399999999999999 0.090174939483404173 0.22650895267724994 0.4404886662960053 -0.048961913213133805 0.2036690637469292 22.887501716613773 0.3427917361259461 0.42606739699840551 0.13190498948097232 1.0000000180025095e-35 0.75466910004615795 0.49754849076271063
decision_type=2 2 2 2 2 2 2 2 2 2 2 2 2 2
left_child=2 6 -1 -4 -5 10 7 8 -2 13 -3 -8 -12 -7
right_child=1 5 3 4 -6 9 11 -9 -10 -11 12 -13 -14 -15
leaf_value=0.016005103086821161 -0.0015745052688111939 -0.013601152790999981 -0.013642567694823434 0.069979375858556306 0.0016212741270240523 0.0034498829119417127 0.0064587899668183853 -0.0058100812356806277 0.012165550652162398 -0.014314884410407461 0.010180975986565696 0.029531472404318759 -0.01765860240773524 0.020803821737378606
leaf_weight=157.98391242325306 448.35243484377861 1027.6357533857226 1711.310578584671 18.279553309082985 102.79783314466476 476.14071163535118 122.13551553338766 461.27752897888422 1913.5049227848649 135.28044736385345 170.95777682214975 284.09010285884142 67.086860835552216 137.65854738652706
leaf_count=1307 4147 11484 19219 118 915 4643 934 3851 15090 1372 1597 1827 654 1166
internal_value=-1.60497e-05 0.00352416 -0.00931459 -0.0115726 0.016493 -0.00541429 0.00910026 0.00703837 0.00956163 0.00351652 -0.010686 0.0229163 0.00193949 0.00761301
internal_weight=7234.49 5244.12 1990.37 1832.39 121.077 2014.76 3229.36 2823.13 2361.86 749.08 1265.68 406.226 238.045 613.799
internal_count=68324 46765 21559 20252 1033 20916 25849 23088 19237 7181 13735 2761 2251 5809
is_linear=0
shrinkage=0.035


Tree=19
num_leaves=15
num_cat=0
split_feature=30 25 2 8 17 5 2 10 16 15 9 15 8 11
split_gain=221.715 113.939 74.0418 65.2757 61.9962 50.0479 35.3675 27.8375 27.2198 24.5248 23.8651 19.2658 19.7383 18.7128
threshold=-0.14999999999999988 4.4500000000000011 0.32149375975131994 -0.11825271695852278 0.025017222389578823 -0.13917370140552518 0.17809086292982104 0.41401821374893194 0.97832313179969799 24.379923820495609 0.96124336123466503 20.45137977600098 -0.29805578291416163 0.49294732511043554
decision_type=2 2 2 2 8 2 2 2 2 2 2 2 2 2
left_child=3 2 4 7 -2 -6 -3 -1 -5 -4 -11 -9 -13 -8
right_child=1 6 9 8 5 -7 13 11 -10 10 -12 12 -14 -15
leaf_value=-0.019313963364659865 -0.009713530834323459 -0.014947042906621303 0.014498053865495762 -0.012807751954728722 0.015713019702868151 0.0038892490581026924 0.0047846846247301036 0.003102559460415961 0.014904955184133168 0.055226786205204922 0.014319182862012706 -0.01415432526665083 -0.003181275245697987 -0.017982716046900295
leaf_weight=528.828100040555 351.5520862787962 459.18156736344099 369.51510988920927 50.195726439356804 497.71558899432421 3327.1133651211858 236.97837646305561 128.75157523155212 156.20937199145555 33.886036142706871 45.252303659915924 713.26097412407398 287.66790690273046 43.883216246962547
leaf_count=6768 3585 5695 2651 499 3923 27309 2327 1508 1437 225 306 8420 3209 462
internal_value=-1.27996e-05 0.00360211 0.00564435 -0.0103761 0.004167 0.00546481 -0.00906632 -0.0126824 0.00788508 0.0190058 0.0360659 -0.00943576 -0.0110633 0.000731437
internal_weight=7229.99 5365.08 4625.03 1864.91 4176.38 3824.83 740.043 1658.51 206.405 448.653 79.1383 1129.68 1000.93 280.862
internal_count=68324 46483 37999 21841 34817 31232 8484 19905 1936 3182 531 13137 11629 2789
is_linear=0
shrinkage=0.035


Tree=20
num_leaves=15
num_cat=0
split_feature=30 22 6 10 2 10 6 27 15 15 3 15 10 5
split_gain=208.007 107.078 75.7829 63.7681 62.8887 59.2427 34.073 32.3235 28.0164 34.2359 25.2267 31.9767 23.768 22.1234
threshold=-0.14999999999999988 0.41980001330375677 0.22650895267724994 0.31713132560253149 0.4239537119865418 0.7285253405570985 0.15067858248949054 8.2366869893135259 21.643765449523929 24.379923820495609 0.034796213731169708 22.462831497192386 0.7285253405570985 0.10903950035572053
decision_type=2 2 2 2 2 2 2 2 2 2 2 2 2 2
left_child=4 2 3 7 10 -5 -3 -2 -4 -10 -1 -12 13 -6
right_child=1 6 8 5 12 -7 -8 -9 9 -11 11 -13 -14 -15
leaf_value=-0.014372449517336768 -0.0014180837244880233 -0.013958218884972772 0.039358489279319557 0.0076990815349114909 -0.0015352550442142138 -0.0045164578670662293 0.0016607802345654579 -0.019501843980027293 0.0082221957032555509 0.033747207536703808 0.0061439757253429978 -0.016288753383071973 -0.0042190762086427372 0.030673506102077121
leaf_weight=1349.0183240547776 427.14911780506372 496.49186801165342 66.467471837997437 3051.2245291694999 39.363518916070461 571.35030337423086 255.42684482038021 159.97404731065035 269.9521771967411 79.183441326022148 181.57594419270754 121.63615199923515 94.981101758778095 62.649893492460251
leaf_count=16609 4233 5988 479 24685 383 4606 2380 1637 1941 534 1962 1416 980 491
internal_value=-1.23478e-05 0.00347127 0.00546446 0.00403068 -0.0101063 0.00576532 -0.00870028 -0.00658946 0.0195515 0.0147897 -0.0123326 -0.00308785 0.00825973 0.0192177
internal_weight=7226.44 5377.22 4625.3 4209.7 1849.22 3622.57 751.919 587.123 415.603 349.136 1652.23 303.212 196.995 102.013
internal_count=68324 46483 38115 35161 21841 29291 8368 5870 2954 2475 19987 3378 1854 874
is_linear=0
shrinkage=0.035


Tree=21
num_leaves=15
num_cat=0
split_feature=30 25 3 8 5 25 19 8 11 2 11 7 16 3
split_gain=194.953 101 71.7621 60.8845 49.1993 59.3626 35.2945 33.2851 32.9995 32.3576 29.6116 23.7315 21.651 18.2882
threshold=-0.14999999999999988 4.4500000000000011 0.10493374243378641 -0.24362841248512265 -0.16135718673467633 1.4450000000000001 0.23521929979324344 -0.32008633017539972 0.20480727404356006 0.17809086292982104 0.17845697700977328 -0.23843089491128919 0.46644303202629095 0.2036690637469292
decision_type=2 2 2 2 2 2 2 2 2 2 2 2 2 2
left_child=3 2 4 13 12 -6 8 11 -5 -3 -8 -4 -2 -1
right_child=1 9 7 6 5 -7 10 -9 -10 -11 -12 -13 -14 -15
leaf_value=-0.015258613248436376 0.00031561046928627268 -0.014387799845176677 0.012302464829801333 -0.022184261267820003 -0.010476933779718823 0.0036144794523809065 0.046538462276248582 0.0187854470469382 0.00079104569198184919 0.00065993005010627718 0.0063542094750388281 -0.0087280601712579828 0.021323352602125759 -0.001523546462627398
leaf_weight=1171.3776997923851 79.927433118224144 449.95912214368582 144.67572424560785 100.2423560321331 405.60368278622627 3085.5163745731115 17.060234658420086 600.89209824800491 248.67956183105707 281.24489062279463 161.68492762744427 105.09211127460003 235.99597960710526 134.64442992210388
leaf_count=14600 634 5695 1072 1241 3798 25782 121 4015 2784 2789 1558 867 1831 1537
internal_value=-1.11161e-05 0.00334455 0.00524509 -0.00983751 0.00317216 0.00195207 0.000203185 0.0143776 -0.00624375 -0.00866914 0.012452 0.00345833 0.0161812 -0.0138649
internal_weight=7222.6 5388.91 4657.7 1833.69 3807.04 3491.12 527.667 850.66 348.922 731.204 178.745 249.768 315.923 1306.02
internal_count=68324 46483 37999 21841 32045 29580 5704 5954 4025 8484 1679 1939 2465 16137
is_linear=0
shrinkage=0.035


Tree=22
num_leaves=15
num_cat=0
split_feature=30 22 6 8 25 21 10 19 10 11 6 15 3 10
split_gain=182.582 94.7956 66.9765 57.9747 57.2168 70.4296 53.9442 33.2011 33.7307 31.5834 31.1633 29.9128 37.8548 22.3257
threshold=-0.14999999999999988 0.41980001330375677 0.19619389623403552 -0.24362841248512265 1.4450000000000001 -0.053123654797673218 0.31713132560253149 0.23521929979324344 0.7285253405570985 0.20480727404356006 0.15067858248949054 21.643765449523929 0.29935254156589514 0.41401821374893194
decision_type=2 2 2 2 2 2 2 2 2 2 2 2 2 2
left_child=3 2 4 13 5 -2 -6 9 -9 -5 -3 -4 -13 -1
right_child=1 10 11 7 6 -7 -8 8 -10 -11 -12 12 -14 -15
leaf_value=-0.020746403600512969 0.012685956599279366 -0.013421065806995744 0.03497273082393023 -0.021839738950248402 -0.0051507892453031383 -0.014638065316050185 0.0069538875849519417 0.023560007492999135 -0.0061706332846893303 0.00076396048156970018 0.0015535472648379144 0.0018222783748931954 0.023118027776470186 -0.010392984169278833
leaf_weight=375.35389127582312 153.37564703822136 487.24537913501263 87.405094847083092 98.449541948735714 519.98419860005379 392.16299887001514 3101.162271246314 108.39967279881239 71.58813600987196 248.83552499115467 255.97006794810295 205.23064397275448 197.53196848928928 915.91322515904903
leaf_count=5039 1252 5988 618 1241 5165 3692 24551 947 732 2784 2380 1611 1226 11098
internal_value=-1.04877e-05 0.00322115 0.00507558 -0.00957181 0.00361304 -0.00686597 0.0052063 0.00021456 0.0120326 -0.00607574 -0.00831152 0.0171872 0.0125737 -0.0135389
internal_weight=7218.61 5400.07 4656.85 1818.54 4166.69 545.539 3621.15 527.273 179.988 347.285 743.215 490.168 402.763 1291.27
internal_count=68324 46483 38115 21841 34660 4944 29716 5704 1679 4025 8368 3455 2837 16137
is_linear=0
shrinkage=0.035


Tree=23
num_leaves=15
num_cat=0
split_feature=30 25 2 8 16 24 2 10 20 17 15 10 15 17
split_gain=171.261 89.8682 63.1448 61.5507 59.7849 57.158 55.2063 49.6556 31.1636 29.4459 29.0942 24.35 24.187 22.278
threshold=-0.14999999999999988 3.9399999999999999 0.055776339024305351 -0.17869709432125089 0.93808451294898998 0.026834268122911457 0.32149375975131994 0.3427917361259461 0.086438085883855834 0.02859675977379084 25.226474761962894 0.75466910004615795 23.416797637939457 0.026976288296282295
decision_type=2 2 2 2 2 2 2 2 2 10 2 2 2 8
left_child=6 2 5 -3 11 8 13 -7 -2 -5 -6 -4 -8 -1
right_child=1 3 4 9 10 7 12 -9 -10 -11 -12 -13 -14 -15
leaf_value=-0.0231493869680124 -0.017142648901555622 -0.0089553425862972103 0.031204521337301207 -0.01272980065906321 0.0048180022872156619 -0.0052293754535762786 0.0127145728601934 0.0076495071767457247 0.0012957614381961275 0.0097621969618348122 0.03981162449646336 0.0099585310228724275 -0.0085379515664464126 -0.010162882985817807
leaf_weight=184.35978714376688 219.96472880244255 1025.6173996478319 240.66018684953451 76.860588230192661 556.88087240606546 436.56063244491816 173.20409414917231 2097.9194182679057 216.88199283182621 411.13051536679268 21.086816683411598 106.84474194794893 93.608823493123055 1353.0661998912692
leaf_count=2501 2174 10784 1743 852 4220 4094 1614 16126 1935 3680 139 736 970 16756
internal_value=-1.11881e-05 0.00310427 0.00591156 -0.00411449 0.0138477 0.00340154 -0.00931919 0.0054193 -0.00816436 0.00603513 0.00675012 0.0251335 0.00521925 -0.0118597
internal_weight=7214.65 5410.41 3896.8 1513.61 925.473 2971.33 1804.24 2534.48 436.847 487.991 577.968 347.505 266.813 1537.43
internal_count=68324 46483 31167 15316 6838 24329 21841 20220 4109 4532 4359 2479 2584 19257
is_linear=0
shrinkage=0.035


Tree=24
num_leaves=15
num_cat=0
split_feature=30 25 3 8 17 14 3 19 11 8 17 8 6 16
split_gain=160.596 85.912 59.9663 54.4301 44.6027 47.6506 30.2245 30.0289 29.9047 29.1016 27.4844 26.4528 21.6456 18.3911
threshold=-0.14999999999999988 4.4500000000000011 0.10493374243378641 -0.24362841248512265 0.025017222389578823 0.29866567254066473 -0.048961913213133805 0.23521929979324344 0.20480727404356006 -0.38471549749374384 0.036562075838446624 -0.31262104213237757 -0.19942608475685117 0.6103312373161317
decision_type=2 2 2 2 8 2 2 2 2 2 8 2 2 2
left_child=3 2 4 -1 -2 -6 13 8 -5 12 -9 -8 -4 -3
right_child=1 6 9 7 5 -7 11 10 -10 -11 -12 -13 -14 -15
leaf_value=-0.012970457356901914 -0.0094709410130879423 0.00038816314996309285 0.014247107131889421 -0.021254082289688881 -0.0069002747804498632 0.0054855032000008614 -0.020458917598628751 0.043910120448472596 0.00096619319173713145 0.016155274427973904 0.0057266030221635941 0.0057647660867006633 -0.0094768970979478596 -0.017373903774069534
leaf_weight=1266.118686914444 321.38199526816607 88.611327961087227 69.500284016132355 95.448051735758781 425.16380403190851 3085.3951768130064 48.369180038571358 17.807002507150173 247.62327710539103 692.90025065839291 163.49912811815739 234.7453121766448 105.64334334433079 348.8643002808094
leaf_count=16137 3377 1126 529 1241 3598 25070 566 126 2784 4565 1553 2476 860 4316
internal_value=-1.08879e-05 0.00299249 0.00471993 -0.00906948 0.00282111 0.00397012 -0.00818498 0.000415964 -0.00564273 0.0129746 0.0115761 0.000739401 0.000198273 -0.0138479
internal_weight=7211.07 5420.57 4699.98 1790.5 3831.94 3510.56 720.59 524.377 343.071 868.044 181.306 283.114 175.144 437.476
internal_count=68324 46483 37999 21841 32045 28668 8484 5704 4025 5954 1679 3042 1389 5442
is_linear=0
shrinkage=0.035


Tree=25
num_leaves=15
num_cat=0
split_feature=30 22 2 15 14 8 2 2 6 15 3 10 9 10
split_gain=150.264 80.5691 57.2541 64.2349 53.3657 51.7464 32.8116 28.4135 27.9522 27.5658 29.5803 27.5241 24.0471 21.8769
threshold=-0.14999999999999988 0.41980001330375677 0.20011123269796374 23.082214355468754 0.29866567254066473 -0.24362841248512265 -0.32887096703052515 0.49754849076271063 0.11590830236673356 24.379923820495609 1.3224015235900881 0.7285253405570985 0.96124336123466503 0.41401821374893194
decision_type=2 2 2 2 2 2 2 2 2 2 2 2 2 2
left_child=5 2 3 4 -2 13 -5 -7 -3 10 -4 -9 -11 -1
right_child=1 8 9 6 -6 7 -8 11 -10 12 -12 -13 -14 -15
leaf_value=-0.019921700116248855 -0.0063098191980077304 -0.013401135854556288 0.012677582367962858 0.015875761303159881 0.0063493964660538338 -0.0040304980093237627 -0.011404597193288018 0.028515345734619675 0.00043527676175738711 0.045885860635423097 -0.015536131832019708 -0.0037660363123636206 0.010033930424480735 -0.009527943877161122
leaf_weight=360.8449223190546 463.57514718919992 434.72325972467661 570.17279029637575 52.064782865345478 3004.0965712964535 405.83403046429157 469.06499650329351 64.976161159574986 298.1544896364212 47.985078327357769 41.026429556310177 53.25444745272398 49.781622759997845 891.79685918241739
leaf_count=5039 3930 5520 4144 421 24749 4664 3967 505 2848 314 262 535 328 11098
internal_value=-1.21628e-05 0.00287992 0.00456571 0.0029187 0.00464377 -0.00881868 -0.00843149 0.000418928 -0.00784202 0.0136626 0.0105641 0.0148151 0.0302555 -0.0126561
internal_weight=7207.35 5430.65 4697.77 3988.8 3467.67 1776.71 521.13 524.065 732.878 708.966 611.199 118.231 97.7667 1252.64
internal_count=68324 46483 38115 33067 28679 21841 4388 5704 8368 5048 4406 1040 642 16137
is_linear=0
shrinkage=0.035


Tree=26
num_leaves=15
num_cat=0
split_feature=30 10 22 24 3 8 6 11 24 17 20 15 5 3
split_gain=140.794 77.0298 63.7047 75.9185 50.0677 43.6597 38.9303 36.5333 35.8755 33.9365 33.6539 25.1023 25.1656 23.8177
threshold=-0.14999999999999988 0.31713132560253149 0.38582323491573339 0.026834268122911457 0.034796213731169708 -0.14453894644975659 0.26201575994491583 0.44587364792823797 0.028176901862025264 0.025017222389578823 0.11776777356863023 22.462831497192386 0.090575627982616438 0.29935254156589514
decision_type=2 2 2 2 2 2 2 2 2 10 2 2 2 2
left_child=4 8 3 10 -1 -4 -5 11 9 -2 -3 13 -13 -6
right_child=1 2 5 6 7 -7 -8 -9 -10 -11 -12 12 -14 -15
leaf_value=-0.011824992100019785 -0.010973230542655161 -0.014673470035064537 -0.0063124754486701086 0.0075283356054262843 0.0067718512685784882 0.0087586238168546465 0.022607068241048252 -0.014618034376075834 -0.015408091767520633 0.0093255154421984648 0.0066620426845818417 -0.014490074032199343 0.014487899874402138 0.034116875813288899
leaf_weight=1349.2265682742 178.98727009445429 259.56174539029598 906.10047113895416 2873.2718450948596 119.09322255849838 307.40145131200552 220.03910522907972 108.28198402374983 359.34464120864868 206.44967848807573 129.21150923520327 82.222793146967888 51.291867405176163 53.430895462632179
leaf_count=17349 1914 2436 9289 21797 1293 2713 1392 1239 3981 1907 1054 982 469 509
internal_value=-1.13993e-05 0.00277591 0.00443641 0.00683797 -0.00857713 -0.00245432 0.00867034 0.00202886 -0.00761305 -0.000139835 -0.00759322 0.00819501 -0.00312389 0.0166458
internal_weight=7203.92 5440.37 4695.59 3482.08 1763.55 1213.5 3093.31 414.321 744.782 385.437 388.773 306.039 133.515 172.524
internal_count=68324 46483 38681 26679 21841 12002 23189 4492 7802 3821 3490 3253 1451 1802
is_linear=0
shrinkage=0.035


Tree=27
num_leaves=15
num_cat=0
split_feature=30 25 3 15 25 8 8 15 19 11 17 11 16 8
split_gain=131.752 73.8766 57.0503 64.3422 56.8387 52.8697 48.407 28.8531 26.9486 28.6173 25.162 24.9008 19.4894 18.6413
threshold=-0.14999999999999988 3.9399999999999999 0.29935254156589514 22.622629165649418 2.4450000000000007 -0.17869709432125089 -0.24362841248512265 24.137397766113285 0.23521929979324344 0.20480727404356006 0.02859675977379084 0.17845697700977328 0.88301676511764537 -0.46518422663211817
decision_type=2 2 2 2 2 2 2 2 2 2 10 2 2 2
left_child=6 2 3 4 -2 -3 -1 13 9 -8 -7 -10 -5 -4
right_child=1 5 7 12 -6 10 8 -9 11 -11 -12 -13 -14 -15
leaf_value=-0.012101333154064829 0.0011649456378513962 -0.0084662193131848969 -0.005344031354591809 0.005070052354706811 0.011151014374919275 -0.012141268843211313 -0.020723062585043004 0.037074563727585226 0.041582221097808049 0.0012180298219106357 0.0087824792017006364 0.0055116410699926482 -0.0081990177600560973 0.016169335091393459
leaf_weight=1229.270596601069 1387.7240486368537 1010.6848247200251 54.557894572615623 167.66925326734781 1400.5874214321375 75.212644554674625 92.825747407972813 68.591441966593266 18.299126997590065 246.10397639125586 417.8899540156126 164.22358099371195 591.12587353587151 275.45933739840984
leaf_count=16137 11018 10784 415 1350 11405 852 1241 399 121 2784 3680 1558 4859 1721
internal_value=-1.14298e-05 0.00267357 0.005186 0.0037474 0.00620294 -0.0039094 -0.00833677 0.0175827 0.000598504 -0.00521286 0.0054131 0.0111 -0.00523917 0.0125602
internal_weight=7200.23 5449.5 3945.72 3547.11 2788.31 1503.79 1750.72 398.609 521.452 338.93 493.103 182.523 758.795 330.017
internal_count=68324 46483 31167 28632 22423 15316 21841 2535 5704 4025 4532 1679 6209 2136
is_linear=0
shrinkage=0.035


Tree=28
num_leaves=15
num_cat=0
split_feature=30 10 14 16 30 3 24 15 15 1 10 3 10 8
split_gain=123.328 70.9947 59.7793 50.703 53.8633 46.6291 32.8694 32.4204 31.3653 27.4394 22.8558 32.7478 22.3675 22.9042
threshold=-0.14999999999999988 0.31713132560253149 0.29866567254066473 1.4095015525817873 0.15000000000000016 0.034796213731169708 0.028176901862025264 22.462831497192386 21.706601142883304 0.015656865201890472 0.59415781497955333 0.36682300269603735 0.27705927193164831 -0.2598083615303039
decision_type=2 2 2 2 2 2 2 2 2 2 2 2 2 2
left_child=5 6 -3 4 -4 12 -2 10 -5 -9 11 -7 -1 -14
right_child=1 2 3 8 -6 7 -8 9 -10 -11 -12 -13 13 -15
leaf_value=-0.02551243825168736 -0.00031839113184171648 -0.0056996329508534112 0.0064732319914995997 0.007164553754372068 0.021052162279547738 0.0074439811572204551 -0.014981092164831018 -0.023191651984520847 -0.0041035198586271476 0.0024757470355316054 -0.0060808085718683565 0.042850899880117366 -0.012447294964193067 -0.0012529462262593878
leaf_weight=116.70859029516578 386.83888081461191 642.12301671504974 2436.2962790057063 464.8131060898304 349.87922040373087 115.77132719755173 353.8597326874733 74.935301601886749 824.39450503885746 123.54446923732758 61.142632849514484 37.522296935319901 909.39327818900347 299.16006564348936
leaf_count=1766 3821 5706 19902 3797 2544 1266 3981 948 6732 1280 662 336 12177 3406
internal_value=-9.40894e-06 0.00257769 0.00416132 0.00572518 0.00837275 -0.00810165 -0.00742957 0.00213007 -1.70338e-05 -0.00786248 0.0113173 0.0182041 -0.0112817 -0.00970932
internal_weight=7196.38 5458.2 4717.51 4075.38 2786.18 1738.18 740.699 412.916 1289.21 198.48 214.436 153.294 1325.26 1208.55
internal_count=68324 46483 38681 32975 22446 21841 7802 4492 10529 2228 2264 1602 17349 15583
is_linear=0
shrinkage=0.035


Tree=29
num_leaves=15
num_cat=0
split_feature=25 22 8 8 22 10 17 3 16 15 2 19 10 24
split_gain=108.488 124.049 68.2444 66.635 68.4389 57.6232 49.0044 44.5611 43.4678 44.8009 41.2836 40.0172 36.7523 35.4739
threshold=1.4450000000000001 0.3574798852205277 -0.29056966304779047 -0.028683413751423355 0.090174939483404173 0.35817581415176397 0.021191173233091835 0.36682300269603735 1.4549062848091128 21.898896217346195 -0.041249630972743027 -0.057774035260081284 0.75466910004615795 0.028484541922807697
decision_type=2 2 2 2 2 2 10 2 2 2 2 2 2 2
left_child=3 5 -3 4 -1 11 -4 -5 10 -10 -7 13 -8 -2
right_child=1 2 6 7 -6 8 12 -9 9 -11 -12 -13 -14 -15
leaf_value=0.012550844584149248 0.019974812850717331 -0.01053618599479548 -0.021544656400116029 -0.0016063927024214002 -0.010617431199695406 0.0082010562301070115 0.0062771875562106097 0.055441556631140865 0.011841806618126206 -0.0067568104217369885 0.019247587076792156 -0.0098707023138526941 -0.0099161954749258825 -0.010595934160149013
leaf_weight=164.05188494920731 124.61598590016365 981.81530062109232 93.165610533207655 32.11727549880743 1648.0013811402023 1229.0763443857431 1013.4374148659408 23.902878306806087 271.76913826912642 353.41316341608763 639.91030991822481 358.11938344687223 196.99959851056337 63.277935072779655
leaf_count=1292 1077 10806 1155 267 19865 9130 9942 135 2001 2640 4442 3158 1839 575
internal_value=-1.0722e-05 0.0025358 -0.00361632 -0.00724532 -0.00846255 0.00715727 0.00163595 0.0274457 0.00940515 0.00138723 0.0120655 -0.00309546 0.00358204 0.00966417
internal_weight=7193.67 5325.6 2285.42 1868.07 1812.05 3040.18 1303.6 56.0202 2494.17 625.182 1868.99 546.013 1210.44 187.894
internal_count=68324 46765 23742 21559 21157 23023 12936 402 18213 4641 13572 4810 11781 1652
is_linear=0
shrinkage=0.035


Tree=30
num_leaves=15
num_cat=0
split_feature=30 25 3 3 5 25 16 8 3 15 19 10 11 5
split_gain=108.148 65.9878 48.9697 43.9455 42.31 41.3049 36.8605 29.4401 26.487 26.4154 25.1756 28.7243 23.8548 23.1969
threshold=-0.14999999999999988 4.4500000000000011 0.034796213731169708 -0.034194994717836373 -0.13917370140552518 1.4450000000000001 0.58532443642616283 -0.39225380122661585 -0.048961913213133805 23.552927017211918 0.23521929979324344 0.7032412886619569 0.41730010509490972 -0.12967955321073529
decision_type=2 2 2 2 2 2 2 2 2 2 2 2 2 2
left_child=3 2 4 -1 6 -6 -2 13 -3 10 -5 -12 -10 -4
right_child=1 8 7 9 5 -7 -8 -9 12 -11 11 -13 -14 -15
leaf_value=-0.011320863908791681 -0.002294572487735931 -0.01295192310840987 0.010658402359712495 0.00014284078598681823 -0.010623219349487614 0.001928732457268178 0.01927531611111653 0.013009911884255116 0.0070387988999703706 -0.013983860886052578 0.032790582587517561 -0.0062980580127433477 -0.014636516702832331 -0.011931617774466665
leaf_weight=1195.4894670434296 142.2676075771451 423.80977664142847 93.156492926180363 323.7163493335247 351.17305894941092 2890.0488190054893 282.70202860236168 898.31511911004782 204.97626104205847 105.82663712650537 59.296133100986481 30.280894502997398 77.546737737953663 111.23269531130791
leaf_count=15996 1096 5442 686 3833 3383 23665 2134 6117 2167 1237 463 312 875 918
internal_value=-9.48774e-06 0.00239413 0.00387521 -0.00765428 0.00191751 0.000540288 0.0121676 0.0103083 -0.00752007 0.000843918 0.00488134 0.0202714 0.000792401 -0.00161864
internal_weight=7189.84 5475.23 4768.9 1714.61 3666.19 3241.22 424.97 1102.7 706.333 519.12 413.293 89.577 282.523 204.389
internal_count=68324 46483 37999 21841 30278 27048 3230 7721 8484 5845 4608 775 3042 1604
is_linear=0
shrinkage=0.035


Tree=31
num_leaves=15
num_cat=0
split_feature=30 17 14 3 26 8 2 17 8 22 26 15 16 3
split_gain=101.194 64.1674 49.512 51.5214 52.672 48.3866 42.7825 20.6583 21.0072 20.5338 21.3528 18.4425 13.7432 13.4958
threshold=-0.14999999999999988 0.02393356524407864 0.29866567254066473 -0.034194994717836373 -0.76500000000000001 -0.39225380122661585 0.4239537119865418 0.026976288296282295 -0.29805578291416163 0.26397200673818594 1.1600000000000004 23.552927017211918 2.0225229263305669 0.29935254156589514
decision_type=2 8 2 2 2 2 2 8 2 2 2 2 2 2
left_child=6 -2 9 4 -4 -5 7 -1 13 10 -3 12 -8 -9
right_child=1 2 3 5 -6 -7 11 8 -10 -11 -12 -13 -14 -15
leaf_value=-0.020690872978643911 -0.011853727932593745 0.0035545060905520266 -0.011116342358212855 -0.0052500133902604546 0.0036708175596688038 0.013016949224648581 0.019369301142753027 -0.012052840248421232 -0.00154397178846105 -0.012828026022499424 -0.017513231123718966 -0.0063952872057275109 -0.0097037570986985532 0.0045779506415420199
leaf_weight=170.67942408099771 356.40400606393814 312.17535561323166 320.0030282959342 203.81679285317659 2797.2011113315821 1159.6819798499346 111.2670259103179 836.38449493795633 438.85114945098758 271.4917831197381 62.128975749015808 69.428169168531895 17.479880772531033 59.274136789143085
leaf_count=2521 4000 2385 4032 1647 22370 8677 966 11437 5301 2766 606 733 155 728
internal_value=-1.03146e-05 0.0023061 0.00331168 0.00461831 0.00212212 0.010268 -0.00743648 -0.00944808 -0.00786697 -0.00568625 -0.000307145 0.00756207 0.0150072 -0.0109138
internal_weight=7186.27 5482.9 5126.5 4480.7 3117.2 1363.5 1703.36 1505.19 1334.51 645.796 374.304 198.175 128.747 895.659
internal_count=68324 46483 42483 36726 26402 10324 21841 19987 17466 5757 2991 1854 1121 12165
is_linear=0
shrinkage=0.035


Tree=32
num_leaves=15
num_cat=0
split_feature=30 17 30 16 30 8 11 8 8 16 15 15 10 15
split_gain=94.7367 60.1406 48.1697 53.9057 49.3775 62.6734 61.3079 40.3573 25.9717 24.0866 23.743 22.8619 21.8888 21.7653
threshold=-0.14999999999999988 0.02393356524407864 0.15000000000000016 1.0180516242980959 -1.0000000180025095e-35 -0.22634403407573697 0.30365175008773809 -0.24362841248512265 -0.49566291272640223 1.0837125778198244 21.898896217346195 22.462831497192386 0.41401821374893194 20.498503684997562
decision_type=2 8 2 2 2 2 2 2 2 2 2 2 2 2
left_child=7 -2 4 8 6 -6 -3 12 -4 11 -5 -9 -1 -14
right_child=1 2 3 10 5 -7 -8 9 -10 -11 -12 -13 13 -15
leaf_value=-0.018294280748404095 -0.0115572187877339 -0.0040649273517634563 0.0037389471628841058 0.0099241462517769014 -0.0039595400977997042 0.0064401032124243602 0.012419297632203343 0.0018946990641951753 0.026231887044707216 0.0076636324337929721 -0.009175275296516551 -0.019686970141991663 0.0059284771439913654 -0.0098773744866653239
leaf_weight=334.5927444845438 353.07011312246323 386.70061506330967 85.998884841799736 159.4457663744688 2115.9921176582575 1055.7736720070243 924.40942419320345 139.27436854317784 268.50216998904943 283.08896213769913 140.680389739573 93.752912349998951 118.03975089639425 723.95354616641998
leaf_count=5039 4000 2960 636 1205 19172 8921 6609 1614 1942 2963 1038 1127 1553 9545
internal_value=-1.42774e-05 0.00221894 0.00318631 0.0119821 0.00187806 -0.000488489 0.00756345 -0.0072286 0.0210276 0.000924464 0.000964351 -0.00724096 -0.0107826 -0.00761796
internal_weight=7183.28 5490.57 5137.5 654.627 4482.88 3171.77 1311.11 1692.7 354.501 516.116 300.126 233.027 1176.59 841.993
internal_count=68324 46483 42483 4821 37662 28093 9569 21841 2578 5704 2243 2741 16137 11098
is_linear=0
shrinkage=0.035


Tree=33
num_leaves=15
num_cat=0
split_feature=25 25 8 8 22 3 15 3 17 8 3 10 16 15
split_gain=85.7374 101.962 59.2141 58.8794 60.3407 40.43 46.864 40.0579 38.2326 35.8316 30.256 26.6586 22.6579 21.3061
threshold=1.4450000000000001 3.9399999999999999 -0.29805578291416163 -0.028683413751423355 0.090174939483404173 0.07805704697966577 22.887501716613773 0.36682300269603735 0.021191173233091835 -0.61831119656562794 -0.048961913213133805 0.27705927193164831 1.1311696767807009 24.379923820495609
decision_type=2 2 2 2 2 2 2 2 10 2 2 2 2 2
left_child=3 5 -3 4 -1 6 9 -5 -4 -2 -10 -6 -8 -7
right_child=1 2 8 7 11 13 12 -9 10 -11 -12 -13 -14 -15
leaf_value=0.011870964130352619 -0.0073858863401134829 -0.011592383074138525 -0.021666508859279045 -0.0017960293490334239 -0.026952375205300628 0.011241800100946137 0.0024249549233783256 0.051793836524116219 -0.0037798317602341196 0.0073091251488644178 0.0078373899832436811 -0.0085396705802971776 -0.013637647329672707 0.032286731079549352
leaf_weight=165.91069573163986 216.65863357484341 775.92264388129115 75.888708434998989 32.243878208100796 96.058307509869337 587.94584055244923 186.9542685225606 24.864010095596313 494.25503330305219 2122.487301453948 595.4339837692678 1509.9590084590018 235.31746066361666 60.525910370051861
leaf_count=1292 1583 9084 1016 267 1427 3838 1554 135 5434 16595 5382 18438 1937 342
internal_value=-1.52067e-05 0.00222163 -0.00416736 -0.00653624 -0.0077165 0.0058609 0.00398518 0.0257774 0.000832029 0.00592238 0.00258166 -0.00980093 -0.00663459 0.0136666
internal_weight=7180.43 5351.39 1941.5 1829.04 1771.93 3409.89 2761.42 57.1079 1165.58 2339.15 1089.69 1606.02 422.272 648.472
internal_count=68324 46765 20916 21559 21157 25849 21669 402 11832 18178 10816 19865 3491 4180
is_linear=0
shrinkage=0.035


Tree=34
num_leaves=15
num_cat=0
split_feature=30 10 14 16 30 3 15 11 24 17 10 15 17 19
split_gain=82.7231 56.7527 51.0241 42.3278 45.6865 38.9174 35.5771 31.5242 29.6909 27.6763 21.6587 20.9469 21.9379 18.7805
threshold=-0.14999999999999988 0.31713132560253149 0.29866567254066473 1.2876605391502383 0.15000000000000016 0.034796213731169708 21.643765449523929 0.44587364792823797 0.028176901862025264 0.025017222389578823 0.27705927193164831 22.462831497192386 0.058443466201424606 -0.11695207655429839
decision_type=2 2 2 2 2 2 2 2 2 10 2 2 10 2
left_child=5 8 13 4 -4 10 -5 11 9 -2 -1 -7 -13 -3
right_child=1 2 3 6 -6 7 -8 -9 -10 -11 -12 12 -14 -15
leaf_value=-0.024324889617450138 -0.0102335669187781 0.0043502226166661278 0.0057363851306678855 0.0073533945567887662 0.019442886223238063 0.015805369603958137 -0.0037373270979187342 -0.013359444474799257 -0.014274912478264911 0.0081250863787457311 -0.0082789822435013448 -0.012068594493669921 0.015954083143145309 -0.009142132151978179
leaf_weight=107.52520832046866 174.65193723887205 163.87976390123367 2274.8253335133195 541.62190156430006 336.58966152369976 174.06742536276579 980.5924753472209 103.25841863453388 344.71271786093712 210.9751229211688 1156.4036098755896 87.493245046585798 42.891924493014812 476.84945691376925
leaf_count=1766 1914 1492 18320 4355 2345 1802 7955 1239 3981 1907 15583 1007 444 4214
internal_value=-1.45639e-05 0.00205765 0.00344979 0.00487482 0.00757047 -0.00681002 0.00023112 0.00254583 -0.00696666 -0.000238118 -0.00982427 0.00819357 -0.00237037 -0.00567736
internal_weight=7176.34 5504.7 4774.36 4133.63 2611.41 1671.64 1522.21 407.711 730.34 385.627 1263.93 304.453 130.385 640.729
internal_count=68324 46483 38681 32975 20665 21841 12310 4492 7802 3821 17349 3253 1451 5706
is_linear=0
shrinkage=0.035


Tree=35
num_leaves=15
num_cat=0
split_feature=30 22 6 25 20 10 3 15 15 15 8 19 10 10
split_gain=77.4758 54.4074 43.51 38.365 56.9826 39.1769 36.9556 24.3692 22.8671 31.1373 22.0174 20.6693 24.9816 18.147
threshold=-0.14999999999999988 0.41980001330375677 0.22650895267724994 1.4450000000000001 -0.064003245905041681 0.87988480925560009 -0.034194994717836373 23.552927017211918 22.099113464355472 24.379923820495609 -0.29056966304779047 0.23521929979324344 0.7032412886619569 0.35817581415176397
decision_type=2 2 2 2 2 2 2 2 2 2 2 2 2 2
left_child=6 2 3 4 -2 -5 -1 11 -4 -10 -3 -8 -13 -12
right_child=1 10 8 5 -6 -7 7 -9 9 -11 13 12 -14 -15
leaf_value=-0.010083719050523965 0.010618370176514765 -0.014915916415537928 0.026814848292749473 0.0043574743674949686 -0.013590443497152384 -0.010823835347222602 0.00063987239311515804 -0.013281863131442962 0.0020160051967808004 0.025387418940898316 -0.013577259155414448 0.030194105428699648 -0.0061246014483583534 0.0019401784294216763
leaf_weight=1148.0710282437503 161.97193286567926 258.95162531733513 110.80263996869326 3589.0223702713847 384.69998954981565 211.61250975728035 319.72810392081738 103.0442233979702 252.2753758430481 87.628347225487232 115.91881438344717 61.202433295547962 30.07001968473196 338.84094366431236
leaf_count=15996 1261 3408 722 28521 3735 1644 3833 1237 1698 534 1497 463 312 3463
internal_value=-1.61008e-05 0.00198271 0.00332621 0.00223667 -0.00635578 0.00348602 -0.00661655 0.00117171 0.0135587 0.00859459 -0.00697029 0.00502485 0.0188055 -0.00222226
internal_weight=7173.84 5511.72 4798.01 4347.31 546.672 3800.63 1662.12 514.045 450.706 339.904 713.711 411.001 91.2725 454.76
internal_count=68324 46483 38115 35161 4996 30165 21841 5845 2954 2232 8368 4608 775 4960
is_linear=0
shrinkage=0.035


Tree=36
num_leaves=15
num_cat=0
split_feature=3 30 25 8 15 10 10 18 10 8 16 25 19 16
split_gain=74.0386 70.6064 47.5602 42.4239 41.5063 37.0848 26.5723 27.438 21.3256 18.8105 18.5411 17.5866 16.5111 15.3429
threshold=0.034796213731169708 -0.14999999999999988 3.9399999999999999 -0.32008633017539972 22.542233467102054 0.38705265522003179 1.076923191547394 0.27306677401065832 0.27705927193164831 -0.2598083615303039 0.99773707985878002 3.9399999999999999 -0.013432951178401707 0.70509865880012523
decision_type=2 2 2 2 2 2 2 2 2 2 2 2 2 2
left_child=1 8 4 11 5 -3 7 12 -1 -10 -6 -2 -5 -11
right_child=3 2 -4 6 10 -7 -8 -9 9 13 -12 -13 -14 -15
leaf_value=-0.023893638713594074 0.00067703208838073973 -0.0021821128254372883 -0.0063452451262696954 0.01649985190231262 0.0028655491606588862 0.0071312349136180902 -0.0081398676898785313 0.029372871834090254 -0.010396480260103523 -0.016353069017314557 -0.0095170376843404896 -0.016113439141696873 0.0066187418944588568 0.0036282253665012682
leaf_weight=104.44724775478244 415.38534165173769 741.2505304440856 1029.3614141196012 284.67454836890101 214.75894109159708 1743.4596620947123 88.786342613399029 84.239304505288601 848.98189655318856 47.841774541884661 441.54534710943699 83.447910539805889 799.21450264379382 242.91936925798655
leaf_count=1766 3729 6480 11278 2386 1770 13255 670 585 12177 589 3685 918 6219 2817
internal_value=-1.56288e-05 -0.00204191 0.000147523 0.00620942 0.00228869 0.00435522 0.00961552 0.0110227 -0.0093233 -0.00779185 -0.00548295 -0.00239325 0.00934105 -9.3902e-05
internal_weight=7170.31 5414.57 4170.38 1755.75 3141.01 2484.71 1256.91 1168.13 1244.19 1139.74 656.304 498.833 1083.89 290.761
internal_count=68324 53817 36468 14507 25190 19735 9860 9190 17349 15583 5455 4647 8605 3406
is_linear=0
shrinkage=0.035


Tree=37
num_leaves=15
num_cat=0
split_feature=25 22 8 8 22 10 17 19 3 3 16 10 24 10
split_gain=69.7104 85.7188 52.42 51.943 51.3929 46.5515 39.7847 36.5792 36.2483 35.9372 34.1002 33.771 30.9835 25.1282
threshold=1.4450000000000001 0.3574798852205277 -0.29056966304779047 -0.028683413751423355 0.090174939483404173 0.35817581415176397 0.021191173233091835 -0.057774035260081284 -0.52389565110206593 0.36682300269603735 1.5075640678405764 0.75466910004615795 0.028484541922807697 0.27705927193164831
decision_type=2 2 2 2 2 2 10 2 2 2 2 2 2 2
left_child=3 5 -3 4 -1 7 -4 12 -7 -5 -10 -8 -2 -6
right_child=1 2 6 9 13 8 11 -9 10 -11 -12 -13 -14 -15
leaf_value=0.010783688971019322 0.018018562619074436 -0.0094240909030069361 -0.020245913147012774 -0.0019958189173512894 -0.026191819507058008 -0.0040375980547702906 0.0055905986309611163 -0.009958562543409653 0.01144956506762213 0.0483049797345243 0.0011507800156090196 -0.0099274546906078041 -0.010437343852851564 -0.0078681818694078809
leaf_weight=168.99396611750126 128.50969391316175 948.50261030346155 87.065328430384398 32.375641234219074 90.467870034277439 280.60971836745739 1024.5466319173574 358.39972819387913 1774.4358051866293 25.798607490956783 508.45765101909637 196.54586140066385 62.863678783178329 1480.0449322983623
leaf_count=1292 1077 10806 1155 267 1427 2063 9942 3158 12445 135 3705 1839 575 18438
internal_value=-1.73638e-05 0.00198067 -0.00320513 -0.00596371 -0.0071021 0.00573782 0.00134133 -0.00345406 0.00771488 0.0241246 0.00917079 0.00303248 0.00861704 -0.00908274
internal_weight=7167.62 5369.94 2256.66 1797.68 1739.51 3113.28 1308.16 549.773 2563.5 58.1742 2282.89 1221.09 191.373 1570.51
internal_count=68324 46765 23742 21559 21157 23023 12936 4810 18213 402 16150 11781 1652 19865
is_linear=0
shrinkage=0.035


Tree=38
num_leaves=15
num_cat=0
split_feature=3 30 25 8 4 25 11 2 15 10 1 25 10 8
split_gain=67.2842 62.6762 43.4235 39.0028 36.0088 40.1309 23.8685 23.4334 21.3707 20.2615 18.9012 18.6425 18.1338 17.2863
threshold=0.034796213731169708 -0.14999999999999988 4.4500000000000011 -0.3413845151662826 -0.095793444663286195 1.4450000000000001 0.54976043105125438 0.49754849076271063 23.552927017211918 0.27705927193164831 0.4781272560358048 3.9399999999999999 0.7285253405570985 -0.2598083615303039
decision_type=2 2 2 2 2 2 2 2 2 2 2 2 2 2
left_child=1 9 4 11 12 -6 7 8 -5 -1 -9 -2 -3 -11
right_child=3 2 -4 6 5 -7 -8 10 -10 13 -12 -13 -14 -15
leaf_value=-0.023330266525853138 0.00018315140474250451 0.017683325845916913 -0.0097984627193585302 0.009510793712094073 -0.011012782993498452 0.001614964925686447 -0.0081558360323681616 0.02630948623471514 -0.004631532976308507 -0.0099213825489346194 0.0083878675194937902 -0.018552430600487276 -0.0027554362027354578 -2.1261702842783521e-05
leaf_weight=100.60749801248312 366.84194150567055 221.30923561751842 471.31908537819982 780.73908757790923 332.44082491099834 3082.3843621015549 86.947114787995815 163.25642327219248 150.55369977653027 835.9713760279119 146.63172642886639 69.034535925835371 65.862084031105042 290.21068029105663
leaf_count=1766 3305 1686 6190 6326 3298 24762 641 1132 1247 12177 1080 776 532 3406
internal_value=-1.82653e-05 -0.00195784 9.27403e-05 0.00589688 0.00137504 0.000357059 0.0088619 0.0101097 0.00719962 -0.0088779 0.0183567 -0.00313375 0.0130608 -0.00739282
internal_weight=7164.11 5400.11 4173.32 1764 3702 3414.83 1328.13 1241.18 931.293 1226.79 309.888 435.876 287.171 1126.18
internal_count=68324 53817 36468 14507 30278 28060 10426 9785 7573 17349 2212 4081 2218 15583
is_linear=0
shrinkage=0.035


Tree=39
num_leaves=15
num_cat=0
split_feature=25 25 8 8 2 16 17 17 0 20 11 19 11 15
split_gain=61.8588 75.9283 48.0007 47.6532 37.286 53.0929 35.241 32.4928 30.6559 26.5826 25.9851 22.5717 22.1316 21.0451
threshold=1.4450000000000001 3.9399999999999999 -0.29805578291416163 -0.028683413751423355 0.011499338783323767 0.93808451294898998 0.035935023799538619 0.021191173233091835 -0.080777697265148149 -0.13083248585462567 0.19886650890111926 -0.051360718905925744 0.49294732511043554 21.968275070190433
decision_type=2 2 2 2 2 2 8 10 2 2 2 2 2 2
left_child=3 4 -3 6 8 11 -1 -4 -2 -8 -5 -6 -9 -7
right_child=1 2 7 10 5 13 9 12 -10 -11 -12 -13 -14 -15
leaf_value=-0.014601771586085584 0.0089935198196732513 -0.010563024068961775 -0.020598594165422569 0.046190974696023346 0.032513060124455921 0.012165367466125411 0.0069203793512777759 0.003413423399217966 0.00011363464095469911 -0.00601952761712575 0.0023861668714592796 0.013986153656274505 -0.019226407592454472 -0.00096087027278490833
leaf_weight=490.80247251689434 642.62335539609194 750.83072804287076 71.521372228860855 21.87603822350502 119.15425013005733 225.57970575988293 232.03986039757729 1048.5419470481575 1763.2143561840057 999.27658628672361 37.015041306614876 306.46049293130636 45.788839131593704 406.48614758998156
leaf_count=6607 4665 9084 1016 130 807 1675 2292 10356 13742 12258 272 2029 460 2931
internal_value=-1.97721e-05 0.00185273 -0.00372416 -0.00565513 0.00494077 0.0103879 -0.00676222 0.000732581 0.00251295 -0.00354491 0.0230011 0.0198002 0.00230061 0.0038403
internal_weight=7161.21 5380.2 1916.68 1781.01 3463.52 1057.68 1722.12 1165.85 2405.84 1231.32 58.8911 425.615 1094.33 632.066
internal_count=68324 46765 20916 21559 25849 7442 21157 11832 18407 14550 402 2836 10816 4606
is_linear=0
shrinkage=0.035


Tree=40
num_leaves=15
num_cat=0
split_feature=17 25 25 22 2 16 10 6 6 19 2 19 10 15
split_gain=59.9749 57.9673 58.7305 41.552 35.1757 42.6906 28.6669 33.8204 28.2109 27.2782 25.9957 23.6682 21.9267 17.7499
threshold=0.02393356524407864 1.4450000000000001 3.9399999999999999 0.090174939483404173 -0.051343584433197968 0.93808451294898998 0.75466910004615795 0.37233592569828039 -0.14215837419033048 0.2123302295804024 0.76717349886894237 0.26210126280784612 0.78011247515678417 20.64393520355225
decision_type=8 2 2 2 2 2 2 2 2 2 2 2 2 2
left_child=9 3 4 -2 8 -6 7 -4 -3 -1 -8 13 -13 -5
right_child=1 2 6 11 5 -7 10 -9 -10 -11 -12 12 -14 -15
leaf_value=-0.014121865170671847 0.011202542727610907 0.0056447704031209987 -0.0018081229281527971 -0.00060529043535409509 0.017398706257570371 0.0044961522489941107 -0.018250828051899655 0.018955588568422225 -0.0029702880306180868 0.025953230222236275 0.0029559810946922366 0.014653438938587128 -0.0093026801153652909 -0.010395394121544537
leaf_weight=426.580221850425 168.82801645994186 1257.5714040473104 1346.5789293348789 291.21391374617815 534.60082513093948 765.74432130157948 220.10087218508124 93.425225086510181 728.05042178183794 12.882164988666771 98.670745022594929 106.04159287363291 69.687322020530701 1037.5192256756127
leaf_count=5497 1254 9157 14681 3840 3566 5581 2439 695 5601 83 923 950 760 13297
internal_value=-1.74766e-05 0.000809478 0.00268173 -0.00481751 0.00543881 0.00989298 -0.00247102 -0.000339568 0.00248691 -0.0123958 -0.0117963 -0.00667735 0.00516399 -0.00827028
internal_weight=7157.5 6718.03 5044.74 1673.29 3285.97 1300.35 1758.78 1440 1985.62 439.462 318.772 1504.46 175.729 1328.73
internal_count=68324 62744 42643 20101 23905 9147 18738 15376 14758 5580 3362 18847 1710 17137
is_linear=0
shrinkage=0.035


Tree=41
num_leaves=15
num_cat=0
split_feature=3 30 6 8 30 16 8 17 3 11 2 15 17 26
split_gain=59.1454 52.962 39.453 50.5296 41.2051 39.3048 34.8391 30.7624 25.2582 21.8479 20.7754 19.4066 18.6543 16.7555
threshold=0.034796213731169708 -0.14999999999999988 -0.3030212521553039 -0.64353126287460316 0.15000000000000016 1.0180516242980959 -0.3413845151662826 0.021191173233091835 -0.49925649166107172 0.54976043105125438 0.49754849076271063 23.552927017211918 0.026976288296282295 -0.44500000000000001
decision_type=2 2 2 2 2 2 2 10 2 2 2 2 8 2
left_child=1 12 3 -3 7 -6 13 -4 -5 10 11 -8 -1 -2
right_child=6 2 4 8 5 -7 9 -9 -10 -11 -12 -13 -14 -15
leaf_value=-0.020053332700254712 -0.017888287381286578 -0.0039414623125364635 -0.017118918720591382 -0.00019848288730268786 0.017081599214253396 -0.0019998581745639334 0.0089156721322755546 -0.0018194356740112042 0.025476570798376782 -0.0080273406776605691 0.017169355059654324 -0.0045615300465104858 -0.0065874072705244032 6.0664643899130643e-05
leaf_weight=137.5571542493999 67.061061035841703 187.50635167211294 160.24006289243698 60.667870845645666 264.89638329297304 251.19351664930582 787.66559239849448 3056.668328166008 195.08960377424955 86.49653122574091 314.6595379114151 150.12303875386715 1066.4775508008897 367.37697050347924
leaf_count=2353 776 1439 2046 458 1949 1934 6326 27189 1453 641 2212 1247 14996 3305
internal_value=-1.57775e-05 -0.00184374 2.6725e-05 0.00977905 -0.00115432 0.00793271 0.00550936 -0.00263222 0.0196079 0.00828863 0.0094701 0.00673285 -0.00827835 -0.00305014
internal_weight=7153.68 5380.3 4176.26 443.264 3733 516.09 1773.38 3216.91 255.757 1338.94 1252.45 937.789 1204.03 434.438
internal_count=68324 53817 36468 3350 33118 3883 14507 29235 1911 10426 9785 7573 17349 4081
is_linear=0
shrinkage=0.035


Tree=42
num_leaves=15
num_cat=0
split_feature=3 30 8 5 15 16 10 17 19 19 10 15 10 15
split_gain=54.976 48.2553 48.1274 41.9731 35.8652 34.7981 34.5446 19.702 35.1334 29.2556 32.7355 16.7076 16.4991 19.0479
threshold=-0.018113878555595871 -0.14999999999999988 -0.32008633017539972 -0.13917370140552518 23.082214355468754 0.58532443642616283 0.35817581415176397 0.02603618893772364 0.2123302295804024 0.026268991641700271 0.59415781497955333 25.226474761962894 0.38705265522003179 20.594601631164554
decision_type=2 2 2 2 2 2 2 8 2 2 2 2 2 2
left_child=1 12 -2 5 6 -3 -5 8 -4 10 -9 -11 -1 -14
right_child=2 3 7 4 -6 -7 -8 9 -10 11 -12 -13 13 -15
leaf_value=-0.015110432403038559 -0.0037564607708873788 -0.0037654022781188857 -0.012798560556259702 -0.0063864889642619212 -0.010425117982598249 0.01668973593469299 0.0021549383308470307 0.021477064559764707 0.031630002668264434 0.0045493120030917593 -0.003241845689724329 0.023292122823561877 0.0053395124628440533 -0.0081794181290727793
leaf_weight=313.99452235177159 591.3683964535594 148.77393541485071 109.51207784190774 773.36732003092766 463.79417091608047 292.77980368584394 2224.7067721486092 336.05024563893676 16.845358464866877 944.13944340869784 78.018168091773987 53.115415535867214 150.69283159822226 653.85466326400638
leaf_count=5127 5576 1186 1176 8016 4265 2194 18431 2798 98 7238 617 395 2131 9076
internal_value=-1.68598e-05 -0.00201488 0.00468343 -0.000171513 -0.00147663 0.00986697 -6.22696e-05 0.00793258 -0.00499029 0.00911656 0.0168529 0.00576892 -0.00838925 -0.00561284
internal_weight=7151.01 5021.96 2129.05 3903.42 3461.87 441.554 2998.07 1537.68 126.357 1411.32 414.068 997.255 1118.54 804.547
internal_count=68324 50426 17898 34092 30712 3380 26447 12322 1274 11048 3415 7633 16334 11207
is_linear=0
shrinkage=0.035


Tree=43
num_leaves=15
num_cat=0
split_feature=30 6 10 10 16 26 10 15 26 3 16 8 19 17
split_gain=52.443 56.8057 65.355 52.6033 42.321 36.7333 22.8479 18.4749 18.0098 17.9516 20.8023 17.6925 17.271 15.2676
threshold=0.15000000000000016 0.22650895267724994 0.30790668725967413 0.7285253405570985 1.0180516242980959 1.1600000000000004 0.75466910004615795 21.898896217346195 0.26499999999999996 1.3224015235900881 1.7691164612770083 -0.49566291272640223 -0.057774035260081284 0.021191173233091835
decision_type=2 2 2 2 2 2 2 2 2 2 2 2 2 10
left_child=1 2 13 5 11 -4 9 -6 -5 10 -3 -2 -13 -1
right_child=4 6 3 8 7 -7 -8 -9 -10 -11 -12 12 -14 -15
leaf_value=-0.020510009110103394 0.0024718941779926758 0.01913405042966497 0.0027955169839541686 -0.017619283377644738 0.0069963178604587799 -0.0043197017082115662 0.00069479616066110597 -0.0093327131721741962 -0.0056685041398975306 -0.013656357450497682 0.0023298110351761435 0.030507197341071192 0.012544688524207157 -0.0087086151232460534
leaf_weight=196.7707418911159 90.489864371716976 306.67938612401485 2954.1362296976149 218.88002831116319 173.49519428610802 1259.6848250627518 336.96056847274303 147.97408704459667 527.52279441803694 22.367001906037331 130.47286415845156 119.67556665092707 185.65560248494148 477.33591958507895
leaf_count=2839 643 2154 25412 2418 1294 15549 2838 1101 4866 145 1002 838 1277 5948
internal_value=-1.52111e-05 -0.00102118 -0.00226119 -0.00086073 0.00889375 0.000663294 0.00766998 -0.000574823 -0.00935963 0.0126611 0.0142829 0.0164084 0.0203293 -0.0124029
internal_weight=7148.1 6430.81 5634.33 4960.22 717.29 4213.82 796.48 321.469 746.403 459.519 437.152 395.821 305.331 674.107
internal_count=68324 63171 57032 48245 5153 40961 6139 2395 7284 3301 3156 2758 2115 8787
is_linear=0
shrinkage=0.035


Tree=44
num_leaves=15
num_cat=0
split_feature=3 10 16 15 10 11 29 8 10 2 15 2 19 15
split_gain=50.2024 47.2003 39.4817 40.0286 44.8608 29.6079 28.4228 30.2601 23.2465 22.1865 22.0286 30.1756 20.8828 18.8647
threshold=0.034796213731169708 0.29870600998401647 0.39672289788722997 20.989960670471195 0.4404886662960053 0.41730010509490972 3.6500000000000008 -0.29056966304779047 0.75466910004615795 0.49754849076271063 22.796747207641605 0.12381985783576967 0.026268991641700271 23.923882484436039
decision_type=2 2 2 2 2 2 2 2 2 2 2 2 2 2
left_child=1 6 -3 4 -4 9 -1 -8 -5 10 12 -12 -2 -11
right_child=5 2 3 8 -6 -7 7 -9 -10 13 11 -13 -14 -15
leaf_value=-0.016015686985617589 0.014449009985198508 -0.010147497689473447 -0.00040817416400980565 -0.00043186753609859109 0.01240390532050196 -0.0019568979986087673 -0.015444948347502943 0.011452691971644715 -0.0090232564868234361 0.010623934557434871 -0.013255628013232702 0.0082036940988809894 0.0025733258833440615 0.033373257663246468
leaf_weight=406.96243588626385 378.63328639045358 461.83672682195902 721.81729364395142 2518.7037022076547 613.37819980457425 519.91117480024695 77.735923156142235 113.16485492885113 445.84019913896918 176.99092622846365 146.44625234603882 155.32959202677011 349.96695591509342 58.78940237313509
leaf_count=5922 3275 4783 7105 24168 5673 4447 748 1133 4285 1157 1332 1189 2698 409
internal_value=-1.57222e-05 -0.00171005 -0.000536421 0.000517058 0.00552605 0.00504966 -0.0108946 0.000276218 -0.00174992 0.00791949 0.00559817 -0.00230127 0.00885686 0.0174233
internal_weight=7145.51 5359.44 4761.58 4299.74 1335.2 1786.07 597.863 190.901 2964.54 1266.16 1030.38 301.776 728.6 235.78
internal_count=68324 53817 46014 41231 12778 14507 7803 1881 28453 10060 8494 2521 5973 1566
is_linear=0
shrinkage=0.035


Tree=45
num_leaves=15
num_cat=0
split_feature=30 6 10 14 15 16 22 7 14 1 15 21 17 8
split_gain=48.5803 51.1163 59.0943 49.2837 42.313 38.9407 27.1142 24.5181 27.3935 18.5857 17.1664 16.4934 16.2965 16.0798
threshold=0.15000000000000016 0.22650895267724994 0.31713132560253149 0.27658735215663915 23.082214355468754 1.0180516242980959 0.17717885971069339 -0.20478219538927075 1.9869840145111086 -0.17515213042497632 21.898896217346195 0.036388153210282333 0.021191173233091835 -0.49566291272640223
decision_type=2 2 2 2 2 2 2 2 2 2 2 2 10 2
left_child=1 2 11 9 -5 13 7 -3 -9 -4 -7 -1 -13 -2
right_child=5 6 3 4 -6 10 -8 8 -10 -11 -12 12 -14 -15
leaf_value=-0.016380187449770576 0.0023879357802671338 -0.0066906730469268915 0.00026076189123968506 0.0020783078428586914 -0.007666654527825353 0.0066846007672623584 0.0038901319262926374 0.034783009721848487 -0.0016148652600506883 -0.013315519494975399 -0.0090641034870063558 -0.017390293726583246 -0.0012091923562314237 0.019381315742417832
leaf_weight=375.99692215770483 90.640149794518948 30.519879937171936 166.34370448067784 3609.9170605912805 632.7872603610158 174.48113969713449 643.88440918922424 95.280509628355503 32.222609296441078 465.65563617274165 146.93711016327143 96.736593477427959 272.84831641614437 309.37305606156588
leaf_count=5250 643 235 1815 34388 6217 1294 5108 562 234 4834 1101 1362 3166 2115
internal_value=-1.48153e-05 -0.000986734 -0.00216921 -0.000755899 0.000610264 0.00853242 0.00722543 0.0197752 0.0261361 -0.00979381 -0.000571216 -0.0112773 -0.00579106 0.0156829
internal_weight=7143.62 6422.19 5620.29 4874.7 4242.7 721.431 801.907 158.023 127.503 631.999 321.418 745.582 369.585 400.013
internal_count=68324 63171 57032 47254 40605 5153 6139 1031 796 6649 2395 9778 4528 2758
is_linear=0
shrinkage=0.035


Tree=46
num_leaves=15
num_cat=0
split_feature=25 25 8 21 21 8 16 10 11 10 8 11 11 12
split_gain=47.1722 61.5914 38.8788 30.622 28.7522 26.8346 26.397 30.7162 26.3753 25.3948 24.4898 23.8894 20.2537 18.6395
threshold=1.4450000000000001 4.2150000000000007 -0.028683413751423355 -0.059047469869256013 -0.096735831350088106 -0.29805578291416163 0.39672289788722997 0.31713132560253149 0.20480727404356006 0.7285253405570985 -0.33416876196861262 0.19886650890111926 0.49294732511043554 0.66564378142356884
decision_type=2 2 2 2 2 2 2 2 2 2 2 2 2 2
left_child=2 6 3 4 -1 13 -2 10 -7 -9 -8 -4 -10 -3
right_child=1 5 11 -5 -6 8 7 9 12 -11 -12 -13 -14 -15
leaf_value=-0.00564053062180047 -0.0055132981174085254 0.0018853731355601944 0.042514507030028285 -0.011775827935961337 0.0075898328210023611 -0.014258852592132523 -0.014625879223740174 0.00693410922135168 0.0035200123898045509 -0.0010293394560427103 0.0015189773763138886 0.001292757475756044 -0.021162981103751591 -0.016906171477509609
leaf_weight=750.03117756545544 355.35848225653172 79.082334265112877 22.639755316078663 671.19940069690347 264.155792016536 150.71270944550633 156.78338170796633 2812.1425646990538 546.50721999257803 590.86600422859192 366.22559047490358 37.839549079537392 33.995624657720327 303.74756862968206
leaf_count=10634 2729 1149 130 7888 2635 2078 1612 20425 5860 4260 3655 272 387 4610
internal_value=-1.53929e-05 0.00160363 -0.00499945 -0.00603277 -0.00215408 -0.00569377 0.00351131 0.00434009 -0.00170496 0.00555245 -0.0035044 0.0205664 0.00174061 -0.0130752
internal_weight=7141.29 5395.42 1745.87 1685.39 1014.19 1114.05 4281.38 3926.02 731.216 3403.01 523.009 60.4793 580.503 382.83
internal_count=68324 46765 21559 21157 13269 14084 32681 29952 8325 24685 5267 402 6247 5759
is_linear=0
shrinkage=0.035


Tree=47
num_leaves=15
num_cat=0
split_feature=2 10 10 25 1 22 22 22 29 11 22 3 7 8
split_gain=46.0757 47.6282 57.9069 47.499 40.2627 36.6793 36.5197 30.9604 25.8601 20.3552 15.1059 21.1861 14.3474 14.4047
threshold=0.49754849076271063 0.7285253405570985 0.31713132560253149 1.4450000000000001 0.24650190025568011 0.090174939483404173 0.3574798852205277 0.26397200673818594 3.6500000000000008 0.60272285342216503 0.38582323491573339 1.3224015235900881 -0.41100928187370295 -0.24362841248512265
decision_type=2 2 2 2 2 2 2 2 2 2 2 2 2 2
left_child=1 2 4 5 8 -4 -5 12 -1 10 11 -2 -3 -14
right_child=9 7 3 6 -6 -7 -8 -9 -10 -11 -12 -13 13 -15
leaf_value=-0.01346085166054737 0.021336730076611816 0.0093710007044240547 0.012825552913147633 0.0066138898215145894 0.031260655799763788 -0.0060473561617389324 -0.00073469141350296775 -0.017681127413393422 -0.0004974902006645303 -0.0070570449842016578 0.005297147045147603 -0.0078260475735405961 -0.0086459729689485794 0.0055401634697234076
leaf_weight=570.850535787642 226.45463153719902 79.136939022690058 132.46581061184406 2244.2500317841768 21.548924803733826 1125.8217304721475 1306.857836291194 283.23330451920629 280.24967610090971 72.663387209177017 236.26480137556791 29.841722220182419 426.34225695580244 102.35836110264063
leaf_count=8077 1501 732 940 15728 164 14521 13457 3024 2664 580 1994 193 3928 821
internal_value=-1.7003e-05 -0.000847023 0.000337921 0.00184678 -0.0079045 -0.00397506 0.00391504 -0.00832289 -0.00924763 0.0094824 0.0120142 0.0177748 -0.00374664 -0.00584763
internal_weight=7138.34 6573.12 5682.04 4809.4 872.649 1258.29 3551.11 891.071 851.1 565.225 492.561 256.296 607.838 528.701
internal_count=68324 64056 55551 44646 10905 15461 29185 8505 10741 4268 3688 1694 5481 4749
is_linear=0
shrinkage=0.035


Tree=48
num_leaves=15
num_cat=0
split_feature=3 8 30 4 15 5 22 15 19 17 19 27 16 1
split_gain=44.7244 40.378 38.3694 39.5762 32.829 29.4083 22.8453 17.4933 17.395 16.4409 31.8185 16.966 14.5559 14.3428
threshold=-0.018113878555595871 -0.32008633017539972 -0.14999999999999988 -0.095793444663286195 22.542233467102054 0.14671935141086581 0.16723755002021792 20.696161270141605 0.026268991641700271 0.02603618893772364 0.2123302295804024 8.4992713392404244 0.90201142430305492 -0.28732120990753168
decision_type=2 2 2 2 2 2 2 2 2 8 2 2 2 2
left_child=2 -2 12 6 5 -5 -4 8 -3 10 -9 -11 13 -1
right_child=1 7 3 4 -6 -7 -8 9 -10 11 -12 -13 -14 -15
leaf_value=0.0016069281615068774 -0.003565997969951783 0.029365494795046534 0.018189847632634874 -0.00049864942504788457 -0.0075831832875191676 0.012784553845975138 -0.0028979184420377013 -0.015874702036562553 0.0067978659438442373 0.0085279670655746525 0.028095854014861504 -0.00258823930571679 -0.0038051105671737689 -0.014492790623660698
leaf_weight=78.289300110191107 588.05517414212227 73.06192459538579 203.09406738728285 2632.6149486042559 767.84249093011022 211.28872105851769 85.794927474111319 87.005460262298584 100.71044670417905 1083.9349949806929 15.843959473073481 194.00602603331208 594.55386532098055 418.65730638802052
leaf_count=1178 5576 663 1434 23120 6967 1727 844 958 787 8050 88 1776 8722 6434
internal_value=-1.58598e-05 0.00420246 -0.00183114 -0.000201666 -0.00121134 0.000529569 0.0120397 0.00714509 0.0173679 0.00574292 -0.0072116 0.00683341 -0.0075996 -0.0119748
internal_weight=7134.75 2142.62 4992.14 3900.64 3611.75 2843.9 288.889 1554.56 173.772 1380.79 102.849 1277.94 1091.5 496.947
internal_count=68324 17898 50426 34092 31814 24847 2278 12322 1450 10872 1046 9826 16334 7612
is_linear=0
shrinkage=0.035


Tree=49
num_leaves=15
num_cat=0
split_feature=17 14 3 18 8 30 16 27 26 15 2 8 21 30
split_gain=43.304 48.0841 40.4293 36.9106 31.7119 27.7086 24.27 19.6773 15.241 14.5682 13.7955 10.0695 16.9023 10.282
threshold=0.021191173233091835 0.29866567254066473 -0.034194994717836373 -0.080338224768638597 -0.39225380122661585 0.15000000000000016 0.70509865880012523 8.5369996554733216 0.26499999999999996 20.498503684997562 0.2532880455255509 -0.2598083615303039 0.0074194346088916072 0.15000000000000016
decision_type=8 2 2 2 2 2 2 2 2 2 2 2 2 2
left_child=10 9 3 6 8 -5 -3 -6 -4 -2 -1 13 -13 -11
right_child=1 2 4 5 7 -7 -8 -9 -10 11 -12 12 -14 -15
leaf_value=-0.016496470485557871 0.0014139404242589203 -0.0022437170122837683 -0.017057125074803614 -0.0029179591282509926 0.0091109186718571072 0.0067707478095286756 0.011808070501461569 -0.0027838493987379486 0.00033950137332785629 -0.013224790948420759 0.014649696015538239 0.013556951149465231 -0.010401198123684953 0.0024425733069499637
leaf_weight=223.92701956257224 185.46921162307262 221.40148448571563 77.620050862431526 3076.7784764058888 1425.649186745286 400.00476315617561 442.70862192288041 188.70509216189384 207.18913070112467 487.42403644695878 11.26601145789027 50.644518528133631 79.083413895219564 54.043540060520172
leaf_count=3270 1897 2132 745 31360 11069 2917 4302 1730 1975 5247 78 462 747 393
internal_value=-1.34272e-05 0.000499735 0.00160353 -0.000338394 0.00581726 -0.00178705 0.00715968 0.00771194 -0.00481942 -0.00721148 -0.0144679 -0.00958068 -0.000747306 -0.0116451
internal_weight=7131.91 6896.72 6040.06 4140.89 1899.16 3476.78 664.11 1614.35 284.809 856.665 235.193 671.196 129.728 541.468
internal_count=68324 64976 56230 40711 15519 34277 6434 12799 2720 8746 3348 6849 1209 5640
is_linear=0
shrinkage=0.035


Tree=50
num_leaves=15
num_cat=0
split_feature=17 16 3 6 10 15 8 10 19 5 2 8 21 15
split_gain=40.8391 39.0537 38.2392 33.3401 35.5271 29.0672 27.9154 19.1715 19.0954 17.4472 13.2541 12.9374 15.2636 11.4791
threshold=0.021191173233091835 0.39672289788722997 -0.034194994717836373 -0.3030212521553039 0.50371888279914867 23.082214355468754 -0.39225380122661585 0.78011247515678417 -0.15926319360733029 -0.12967955321073529 0.2532880455255509 -0.26735340058803553 0.060504643246531493 21.250405311584476
decision_type=8 2 2 2 2 2 2 2 2 2 2 2 2 2
left_child=10 8 3 4 -3 -5 9 -8 13 -4 -1 -10 -13 -2
right_child=1 2 6 5 -6 -7 7 -9 11 -11 -12 12 -14 -15
leaf_value=-0.016160295158285588 0.0096134709216285086 0.017599016981743803 0.0046378542997901175 -0.00036749868355657306 -0.001070512468917457 -0.0090003640345500385 0.0088031473732262042 -0.00092439517401957127 -0.014013702460180674 -0.012191933426224473 0.014318638648019695 0.010198475666118584 -0.014598735182636493 -0.0086107969568071496
leaf_weight=220.84792085364461 100.01893697679043 232.22295302897692 130.88240394368768 3248.3058223575354 255.47784148156643 550.37382353842258 1381.4507592916489 299.89285070076585 378.77315800637007 155.8970089033246 11.352717224508522 62.905455488711596 42.166485503315926 59.382428076118231
leaf_count=3270 1040 2080 1250 32350 2253 5671 10948 2385 3888 1519 78 603 385 604
internal_value=-1.39536e-05 0.000481372 0.0013299 -0.00052656 0.00799414 -0.00163862 0.00535531 0.00707289 -0.00766321 -0.00461357 -0.0141405 -0.0110686 -0.000156773 0.00271678
internal_weight=7129.95 6897.75 6254.5 4286.38 487.701 3798.68 1968.12 1681.34 643.246 286.779 232.201 483.845 105.072 159.401
internal_count=68324 64976 58456 42354 4333 38021 16102 13333 6520 2769 3348 4876 988 1644
is_linear=0
shrinkage=0.035


Tree=51
num_leaves=15
num_cat=0
split_feature=30 10 19 16 15 16 25 3 3 15 11 11 15 8
split_gain=39.7607 43.3512 64.4513 52.0503 48.8773 36.2633 31.7351 27.9682 27.236 22.8294 18.8862 16.8589 15.6209 14.4958
threshold=0.15000000000000016 0.38705265522003179 0.2123302295804024 0.43264491856098181 20.93571758270264 1.0180516242980959 2.4450000000000007 -0.34648436307907099 -0.13666447997093198 22.622629165649418 0.1697792932391167 0.19886650890111926 21.898896217346195 -0.49566291272640223
decision_type=2 2 2 2 2 2 2 2 2 2 2 2 2 2
left_child=1 2 6 -3 -5 13 11 -6 -8 10 -4 -1 -7 -2
right_child=5 3 9 4 7 12 8 -9 -10 -11 -12 -13 -14 -15
leaf_value=-0.024429752113772744 0.0019487368132226487 -0.0083766976304226384 0.045466760903801105 0.0095761903183515882 -0.0054281892525145864 0.0057792209511598755 -0.0085453424410783241 0.0021239565397520575 0.0031489557374823249 -0.0047687639948269392 0.0056641096227050321 -0.010158470156038199 -0.0091873342791712314 0.017952869364662109
leaf_weight=133.66637363657355 91.437548130750656 642.43422642350197 36.477313838899136 870.19818696007133 786.48384184762836 177.31251365691423 548.60305586829782 2434.0147283188999 425.86820742487907 25.712338473647833 25.968212820589542 467.52619946375489 147.22843793034554 315.43685579299927
leaf_count=1970 643 6649 223 8017 7635 1294 6648 21843 4401 218 212 5355 1101 2115
internal_value=-1.4789e-05 -0.000902735 -0.00574434 0.00080774 0.00226704 0.00765861 -0.00741746 0.000268539 -0.00345457 0.0218688 0.0319813 -0.0136793 -0.00108205 0.0144893
internal_weight=7128.37 6396.95 1663.82 4733.13 4090.7 731.415 1575.66 3220.5 974.471 88.1579 62.4455 601.193 324.541 406.874
internal_count=68324 63171 19027 44144 37495 5153 18374 29478 11049 653 435 7325 2395 2758
is_linear=0
shrinkage=0.035


Tree=52
num_leaves=15
num_cat=0
split_feature=2 10 10 25 19 24 14 0 25 11 15 3 11 10
split_gain=38.3259 42.4124 50.7481 40.6283 38.9422 35.4532 29.8388 26.605 25.9354 18.2403 17.6735 19.8354 15.9574 13.693
threshold=0.49754849076271063 0.7285253405570985 0.38705265522003179 2.4450000000000007 0.23521929979324344 0.028990984894335273 0.29866567254066473 -0.035877035930752747 3.4300000000000002 0.69632813334465038 25.226474761962894 1.3224015235900881 0.51566034555435192 0.7285253405570985
decision_type=2 2 2 2 2 2 2 2 2 2 2 2 2 2
left_child=1 2 3 4 -1 -5 -4 -8 12 10 11 13 -3 -2
right_child=9 8 6 5 -6 -7 7 -9 -10 -11 -12 -13 -14 -15
leaf_value=-0.013537154613153355 0.016304851837703555 -0.0080006753428237681 -0.0054608250420112112 0.0037348498300352308 0.023090558189988206 -0.0084808916361333204 0.0077817560180849926 0.0013500582812153421 -0.016998332244780274 -0.013325156264307301 0.030186129101059989 -0.010140279306806681 0.0035243084324569104 0.0038239798034367142
leaf_weight=601.54712377116084 229.38649608194828 399.17234003543854 475.69494311138988 798.33812257647514 28.854148887097836 444.85578423365951 1275.4916385225952 2049.0089764595032 258.28584269434214 34.971886433660984 40.844076924026012 56.864692017436028 222.57488183677197 210.13703422248363
leaf_count=7400 1559 3573 4921 7156 231 5961 11439 18443 2877 291 295 426 2055 1697
internal_value=-1.4164e-05 -0.000777525 0.000336195 -0.004364 -0.0115263 -0.000669139 0.00265888 0.00383361 -0.00788106 0.00859228 0.0102365 0.00803126 -0.00388445 0.0105555
internal_weight=7126.03 6553.82 5673.79 1873.6 630.401 1243.19 3800.2 3324.5 880.033 572.204 537.232 496.388 621.747 439.524
internal_count=68324 64056 55551 20748 7631 13117 34803 29882 8505 4268 3977 3682 5628 3256
is_linear=0
shrinkage=0.035


Tree=53
num_leaves=15
num_cat=0
split_feature=28 22 19 11 22 8 24 5 11 12 15 16 5 17
split_gain=37.7105 54.8023 33.6244 44.9578 28.1296 26.9908 23.3586 45.8403 33.0134 32.8966 30.6732 26.9959 23.8533 23.294
threshold=0.34781234381816534 0.38237319886684423 0.26210126280784612 0.1697792932391167 0.090174939483404173 -0.29056966304779047 0.028484541922807697 0.013137498404830696 0.30796152353286749 1.242933511734009 21.968275070190433 0.46644303202629095 0.10903950035572053 0.021191173233091835
decision_type=2 2 2 2 2 2 2 2 2 2 2 2 2 10
left_child=1 6 4 -4 -2 -3 7 9 12 -1 -9 -10 -8 -7
right_child=2 5 3 -5 -6 13 8 10 11 -11 -12 -13 -14 -15
leaf_value=0.015721689216594923 0.0073053629381062491 -0.0084443988506706022 0.049234635484502326 0.0020925052565033977 -0.0079305358758115681 -0.018443431460140856 -0.0067369049843413482 0.0077467413485758476 -0.0061613455824225801 -0.0093786250072510555 -0.0068017073198875884 0.0072567149179439362 0.0095312398546945776 0.0013687746373637394
leaf_weight=674.05727922171354 158.63019159436226 754.41346829012036 18.863975338637829 182.5416428335011 1359.5865222364664 67.899147868156433 651.42120045423508 368.79022886604071 212.72161885350943 64.023724801838398 324.25851961970329 1084.7226344570518 123.41987625509501 1078.5375673398376
leaf_count=4804 1183 9402 104 1757 18515 1046 5513 2714 1570 484 2389 7421 870 10552
internal_value=-1.3838e-05 0.00142345 -0.00451292 0.00862797 -0.00630123 -0.00335022 0.00401567 0.00743941 0.00162684 0.0134481 0.000939994 0.00502647 -0.00405722 4.60337e-05
internal_weight=7123.89 5404.27 1719.62 201.406 1518.22 1900.85 3503.42 1431.13 2072.29 738.081 693.049 1297.44 774.841 1146.44
internal_count=68324 46765 21559 1861 19698 21000 25765 10391 15374 5288 5103 8991 6383 11598
is_linear=0
shrinkage=0.035


Tree=54
num_leaves=15
num_cat=0
split_feature=17 14 3 15 10 3 10 30 19 15 18 15 30 3
split_gain=36.0843 40.8404 31.9744 38.4815 31.9571 19.1856 19.0697 19.2509 19.0389 15.5198 15.3947 14.2423 9.01145 12.8991
threshold=0.02393356524407864 0.29866567254066473 -0.1984167397022247 22.542233467102054 0.37997916340827947 0.61237391829490673 0.7285253405570985 0.15000000000000016 1.0000000180025095e-35 24.709161758422855 -0.0579631570726633 20.498503684997562 1.0000000180025095e-35 -0.13666447997093198
decision_type=8 2 2 2 2 2 2 2 2 2 2 2 2 2
left_child=5 11 3 4 -3 8 7 -4 12 -8 -5 -2 -1 -14
right_child=1 2 6 10 -6 -7 9 -9 -10 -11 -12 -13 13 -15
leaf_value=-0.0087602408037989968 0.002066421235197994 -0.0060851532903353983 0.0043578950498955552 0.0039120022610028846 0.0034684093930892695 0.019805023560509363 -0.0046185008977608754 0.014732950315703604 -0.02322132750880063 0.010927030000112189 -0.01133323081312885 -0.0089487327396247981 0.023148897929301682 -0.011476996899399579
leaf_weight=238.11927915364504 179.15365456789732 564.3269654661417 2283.9174172505736 91.470306418836117 1685.990075930953 16.19370649009943 438.54946001246572 235.49458234757185 114.24759176000953 85.624065183103085 495.88753898441792 656.32410358637571 19.341031953692436 15.628403022885321
leaf_count=3501 1844 6169 20591 890 15552 89 3746 1529 1640 682 4936 6805 203 147
internal_value=-1.24704e-05 0.000604456 0.00163597 -0.00103554 0.00105628 -0.0100475 0.00412196 0.00538209 -0.0117626 -0.00192211 -0.00893332 -0.00659022 -0.00631784 0.00856305
internal_weight=7120.27 6716.74 5881.26 2837.67 2250.32 403.53 3043.59 2519.41 387.336 524.174 587.358 835.478 273.089 34.9694
internal_count=68324 62744 54095 27547 21721 5580 26548 22120 5491 4428 5826 8649 3851 350
is_linear=0
shrinkage=0.035


Tree=55
num_leaves=15
num_cat=0
split_feature=30 22 6 5 25 8 16 15 15 16 9 8 22 3
split_gain=35.1635 32.1209 32.9891 32.2606 43.0455 20.6032 23.8654 19.2509 21.6047 16.6782 15.5763 13.1421 12.1668 10.888
threshold=-0.24999999999999975 0.41980001330375677 0.26201575994491583 -0.13917370140552518 2.0050000000000003 -0.29805578291416163 1.1311696767807009 21.643765449523929 24.709161758422855 0.39672289788722997 0.78682038187980663 -0.29056966304779047 0.3574798852205277 0.29935254156589514
decision_type=2 2 2 2 2 2 2 2 2 2 2 2 2 2
left_child=5 2 3 9 -5 13 -7 12 -9 -2 -8 -3 -4 -1
right_child=1 11 7 4 -6 6 10 8 -10 -11 -12 -13 -14 -15
leaf_value=-0.010969952745515243 -0.0026783668113437458 -0.012477973200081625 0.037643273400260698 -0.0056065039498720956 0.0022721992882158257 -0.0073938799839048559 0.013578491597718862 0.0032692046796141245 0.024530391566871871 0.011705914111434502 -0.0043264803094143767 -0.0023706500837394609 0.0058142688105300962 0.004042848954700644
leaf_weight=600.78366439789534 120.23061427474022 236.54364435374737 40.068877711892128 1162.5515731908381 3073.1501316055655 264.44775298237801 161.1501857675612 299.5674185603857 64.091462343931198 469.28401094302535 85.236113581806421 454.17637058347464 26.827121242880821 60.458720955997705
leaf_count=9410 978 3408 222 12047 24466 3471 1803 1943 374 3370 922 4960 169 781
internal_value=-1.23178e-05 0.001082 0.00201712 0.00117746 0.00010166 -0.00552648 -0.000225234 0.0111868 0.0075725 0.00877652 0.0074572 -0.00596068 0.027295 -0.00955752
internal_weight=7118.57 5946.49 5255.77 4825.22 4235.7 1172.08 510.834 430.555 363.659 589.515 246.386 690.72 66.896 661.242
internal_count=68324 51937 43569 40861 36513 16387 6196 2708 2317 4348 2725 8368 391 10191
is_linear=0
shrinkage=0.035


Tree=56
num_leaves=15
num_cat=0
split_feature=17 14 30 4 25 19 6 6 18 2 6 15 20 5
split_gain=34.225 37.109 26.8391 31.3877 22.3643 13.4486 15.9261 12.959 13.1247 12.3687 12.0738 11.8044 10.233 10.5787
threshold=0.021191173233091835 0.3213851004838944 -0.24999999999999975 -0.082074984908103929 4.4500000000000011 -0.15926319360733029 0.17166373133659366 -0.052627278491854661 -0.085409868508577333 0.021560113877058033 0.19619389623403552 21.533134460449222 0.035977169871330268 -0.13917370140552518
decision_type=8 2 2 2 2 2 2 2 2 2 2 2 2 2
left_child=10 5 7 -4 -5 12 11 8 -3 -9 -1 -7 13 -2
right_child=1 2 3 4 -6 6 -8 9 -10 -11 -12 -13 -14 -15
leaf_value=-0.01513276426118795 -0.0013140414114349095 0.0026282044672435163 0.010664693082077461 0.0024265472638218379 -0.0054378891750836494 -0.0058201195091958004 0.0059985393648011266 0.012790649412789484 -0.010885150682883935 -0.002176593057669084 0.014612152927310704 -0.015349126171276224 -0.0091043732620666 0.018274353038914403
leaf_weight=213.01856599375606 68.465497598052025 109.81191266328096 507.81783446669579 3976.0030089281499 488.82269212976098 430.79837684705853 83.495723456144333 70.632145036011934 374.2416075617075 409.71590815111995 10.296614430844782 264.84149201214314 52.921137515455484 54.347997777163982
leaf_count=3285 721 1653 3945 32056 5876 4496 727 1010 5921 4674 63 2792 570 535
internal_value=-9.73935e-06 0.000435954 0.00146833 0.00250511 0.0015553 -0.00593166 -0.00788615 -0.00384836 -0.00782838 0.000240211 -0.0131938 -0.00961408 0.00269176 0.00807758
internal_weight=7115.23 6891.92 5937.05 4972.64 4464.83 954.87 779.136 964.402 484.054 480.348 223.315 695.64 175.735 122.813
internal_count=68324 64976 55135 41877 37932 9841 8015 13258 7574 5684 3348 7288 1826 1256
is_linear=0
shrinkage=0.035


Tree=57
num_leaves=15
num_cat=0
split_feature=2 15 14 25 33 2 3 6 16 11 15 3 22 15
split_gain=33.2611 37.9052 33.4976 28.5984 36.6374 25.8441 31.2207 24.7135 19.077 17.0282 15.4723 18.4583 14.6659 14.3448
threshold=0.49754849076271063 23.082214355468754 0.3213851004838944 4.2150000000000007 -0.070036689877633604 0.15881025046110156 -0.048961913213133805 -0.14215837419033048 1.1061964035034182 0.69632813334465038 25.226474761962894 1.3224015235900881 0.45241473615169531 21.533134460449222
decision_type=2 2 2 2 2 2 2 2 2 2 2 2 2 2
left_child=1 2 13 4 -4 7 -7 8 -3 10 11 12 -2 -1
right_child=9 5 3 -5 -6 6 -8 -9 -10 -11 -12 -13 -14 -15
leaf_value=-0.0026705358712667579 0.013346531348950662 0.008861325670346875 0.005288059689048624 -0.0054627076614014924 -0.0014307325202815241 -0.012246215198951816 0.010016557318966708 -0.01498689623915204 -0.012919943123921447 -0.013230742428155787 0.027980610024548859 -0.010069777514382879 -0.0014678154335725177 -0.012335576799975493
leaf_weight=554.47578097134829 338.61955383419991 111.56837328150868 2460.8769160881639 612.63045411929488 1657.7384059429169 116.74262427911162 187.50321521982551 481.42606280744076 72.813736081123352 34.759638700634241 42.05251707136631 56.642782986164093 104.56324379146099 280.87549345195293
leaf_count=5808 2318 1157 18868 8434 18268 1199 1507 5130 763 291 295 426 938 2922
internal_value=-9.87399e-06 -0.00072529 0.0003915 0.00153521 0.00258684 -0.00707253 0.00135621 -0.0108872 3.7597e-05 0.00797406 0.00954937 0.00748026 0.00989602 -0.00602775
internal_weight=7113.29 6536.65 5566.6 4731.25 4118.62 970.054 304.246 665.808 184.382 576.638 541.878 499.826 443.183 835.351
internal_count=68324 64056 54300 45570 37136 9756 2706 7050 1920 4268 3977 3682 3256 8730
is_linear=0
shrinkage=0.035


Tree=58
num_leaves=15
num_cat=0
split_feature=17 14 3 0 8 16 15 27 7 28 24 15 3 11
split_gain=32.0022 32.911 28.609 30.1826 26.391 25.5296 20.2107 16.7465 15.7103 13.3389 19.0597 16.3892 12.4202 9.75689
threshold=0.021191173233091835 0.29866567254066473 -0.034194994717836373 -0.086794193834066377 -0.39225380122661585 0.91956618428230297 23.186100959777836 8.5369996554733216 -0.30047355592250818 -1.2821234811980939 0.027459150180220607 21.416452407836918 0.46476800739765173 0.18603394925594333
decision_type=8 2 2 2 2 2 2 2 2 2 2 2 2 2
left_child=12 9 3 5 8 -3 -5 -6 -4 -2 -11 -12 13 -1
right_child=1 2 4 6 7 -7 -8 -9 -10 10 11 -13 -14 -15
leaf_value=-0.019902017364157251 -0.015343032004893212 -1.3910677026244272e-05 0.0044148369033106122 -0.00078607948812606406 0.0077971534082918294 0.011993499952659846 -0.0088592921016986074 -0.0031262186275035613 -0.011717585333839594 -0.012069116935281702 0.0058627325482363034 -0.0071617584470754503 0.015492730194095741 -0.0035170827606527759
leaf_weight=139.94700919464231 146.28880459070206 476.80849316343665 122.11517427116632 2838.9774901047349 1453.3707071915269 387.90861621871591 429.01356471702456 189.38489183783531 162.59644709900022 222.65773082524538 262.55175088718534 199.19431997090578 9.925446465611456 70.433493059128523
leaf_count=2259 1738 4581 1202 27906 11069 3734 4490 1730 1518 2418 2616 1974 58 1031
internal_value=-1.128e-05 0.000417065 0.00131534 -0.000329091 0.00482468 0.0054481 -0.0018697 0.00652656 -0.00488324 -0.00607382 -0.00390014 0.00021134 -0.0128457 -0.014825
internal_weight=7111.17 6890.87 6060.18 4132.71 1927.47 864.717 3267.99 1642.76 284.712 830.693 684.404 461.746 220.306 210.381
internal_count=68324 64976 56230 40711 15519 8315 32396 12799 2720 8746 7008 4590 3348 3290
is_linear=0
shrinkage=0.035


Tree=59
num_leaves=15
num_cat=0
split_feature=10 19 25 25 11 0 21 9 2 24 17 8 8 8
split_gain=31.0133 48.9852 36.7098 37.466 44.2124 33.0663 28.9621 26.1148 25.9053 23.3334 19.8091 20.9213 17.9993 17.1381
threshold=0.31713132560253149 0.29384247958660131 1.4450000000000001 3.4300000000000002 0.24641045928001407 -0.030731981620192524 -0.059047469869256013 0.46985484659671789 0.49754849076271063 0.028990984894335273 0.025017222389578823 -0.33416876196861262 -0.56208455562591542 -0.22634403407573697
decision_type=2 2 2 2 2 2 2 2 2 2 10 2 2 2
left_child=1 9 6 5 13 7 -2 -4 -6 10 -1 -12 -7 -5
right_child=2 -3 3 4 8 12 -8 -9 -10 -11 11 -13 -14 -15
leaf_value=-0.010334010898943504 7.5704419220316832e-05 0.033523171310643335 0.015763789491525671 0.00059918752845404078 -0.006284991942868713 -0.0086100458503122739 -0.0097322663342410218 0.0048717793417645044 0.0051437509289482125 -0.015028647840990882 -0.0092906447861418138 0.010061179181528403 0.0031565207467096445 0.012852314354783286
leaf_weight=235.89981900528073 920.67042925953865 26.843165945261717 484.39797382801771 257.21403874084353 1262.0533479861915 171.04787543416023 605.12989383935928 622.90342315286398 292.2864397726953 325.07730435952544 97.251564681529999 181.14018161222339 1328.636546112597 299.09614127501845
leaf_count=3222 11851 145 3272 2712 13076 1234 6948 4091 2398 4823 1056 1774 9134 2588
internal_value=-1.33398e-05 -0.00618016 0.000850757 0.00237673 -0.00108799 0.00517525 -0.00385216 0.00973502 -0.00411673 -0.00782961 -0.00307934 0.0032132 0.00176633 0.00729761
internal_weight=7109.65 866.212 6243.44 4717.64 2110.65 2606.99 1525.8 1107.3 1554.34 839.369 514.292 278.392 1499.68 556.31
internal_count=68324 11020 57304 38505 20774 17731 18799 7363 15474 10875 6052 2830 10368 5300
is_linear=0
shrinkage=0.035


Tree=60
num_leaves=15
num_cat=0
split_feature=30 22 6 6 25 10 16 8 15 15 10 18 8 22
split_gain=29.3993 26.9684 27.495 26.107 36.7555 33.187 18.7677 19.667 17.7586 19.6767 17.5489 16.0383 12.0695 11.3372
threshold=-0.24999999999999975 0.41980001330375677 0.26201575994491583 -0.3030212521553039 2.0050000000000003 0.50371888279914867 1.039364278316498 -0.32008633017539972 21.643765449523929 24.709161758422855 0.7285253405570985 -0.12547200173139569 -0.29056966304779047 0.3574798852205277
decision_type=2 2 2 2 2 2 2 2 2 2 2 2 2 2
left_child=6 2 3 5 -5 -2 11 -8 13 -10 -9 -1 -3 -4
right_child=1 12 8 4 -6 -7 7 10 9 -11 -12 -13 -14 -15
leaf_value=0.0043296077632298145 0.018427956146366636 -0.011845816416225627 0.035254032642866889 -0.0047695490969401006 0.002269707495828457 0.00058230728518659288 -0.0083491206539600144 0.010095029805015277 0.0026225542435545134 0.02271025025510633 -0.0091892808316264511 -0.011061187568531892 -0.002084222568636618 0.0050787734964999106
leaf_weight=91.293514218181372 219.30769808962941 231.21074041351676 41.194398142397404 1284.616332218051 3038.0647715888917 289.49291843175888 194.71757113561034 233.34790149331093 302.41006572544575 65.523838385939598 67.240697629749775 570.30294851586223 450.63616959005594 27.216490916907787
leaf_count=1289 1582 3408 222 12844 24185 2250 3117 2714 1943 374 754 8513 4960 169
internal_value=-1.23978e-05 0.000982343 0.00183254 0.00106239 0.000171598 0.00848123 -0.00509269 7.44225e-05 0.0101453 0.00670614 0.00562422 -0.00890457 -0.0055177 0.0254279
internal_weight=7106.58 5949.67 5267.83 4831.48 4322.68 508.801 1156.9 495.306 436.345 367.934 300.589 661.596 681.847 68.4109
internal_count=68324 51937 43569 40861 37029 3832 16387 6585 2708 2317 3468 9802 8368 391
is_linear=0
shrinkage=0.035


Tree=61
num_leaves=15
num_cat=0
split_feature=14 17 3 15 27 8 30 19 19 27 22 15 8 8
split_gain=29.0128 31.6259 27.4506 33.8093 25.747 25.8773 23.6752 19.0596 23.4315 15.1102 11.7367 11.3984 12.6656 9.50157
threshold=0.20461814850568774 0.02603618893772364 -0.10235381126403807 22.887501716613773 8.5369996554733216 -0.39225380122661585 -0.24999999999999975 0.2123302295804024 0.0061369431205093869 8.4992713392404244 0.17287103831768039 20.402801513671879 -0.24362841248512265 -0.43088339269161219
decision_type=2 8 2 2 2 2 2 2 2 2 2 2 2 2
left_child=11 7 3 6 5 -4 -3 8 9 -2 -6 -1 -13 -5
right_child=1 2 4 13 10 -7 -8 -9 -10 -11 -12 12 -14 -15
leaf_value=0.0028553170948953542 -0.00075485720411092852 -0.0063371395018392094 -0.0035816623079208574 -0.0016745208756729247 0.0024598647295108783 0.0071722448635659995 0.0020919715962098196 0.020222163316363857 -0.019764062363098179 -0.018279910786827645 -0.010926374033220745 -0.014411976795162991 0.0043402518598473832 -0.011553731804025203
leaf_weight=77.435207188129425 337.708671040833 471.86521378904581 316.72432254254818 177.58421536535025 137.2754840888083 1799.9122243970633 2663.7604455091059 20.326524902135134 153.63732730224729 63.617127742618322 173.24805772677064 284.7003994397819 47.199258040636778 378.51895754411817
leaf_count=824 4370 7291 2947 1790 1457 14159 23034 124 2097 1080 1642 3140 444 3925
internal_value=-9.92077e-06 0.000548722 0.00129025 -0.000611383 0.00417328 0.0055538 0.000807402 -0.00722558 -0.00857104 -0.00390976 -0.0051165 -0.00894107 -0.0116963 -0.00848424
internal_weight=7103.51 6694.18 6118.89 3691.73 2427.16 2116.64 3135.63 575.29 554.963 401.326 310.524 409.335 331.9 556.103
internal_count=68324 63916 56245 36040 20205 17106 30325 7671 7547 5450 3099 4408 3584 5715
is_linear=0
shrinkage=0.035


Tree=62
num_leaves=15
num_cat=0
split_feature=10 19 10 25 3 11 8 22 19 29 16 7 8 18
split_gain=28.1837 44.7413 35.3319 31.5733 25.5128 43.1793 28.499 23.9586 23.3744 21.6851 17.3062 16.3886 16.1207 22.0832
threshold=0.31713132560253149 0.29384247958660131 0.7285253405570985 1.4450000000000001 -0.11398011073470114 0.51566034555435192 -0.39225380122661585 0.18083944171667102 0.58000373840332042 3.6500000000000008 0.95803633332252514 -0.41100928187370295 -0.3413845151662826 -0.030189779587090012
decision_type=2 2 2 2 2 2 2 2 2 2 2 2 2 2
left_child=1 9 3 7 5 -5 -6 10 11 -1 -2 -4 -11 -14
right_child=2 -3 8 4 6 -7 -8 -9 -10 12 -12 -13 13 -15
leaf_value=-0.011564604753498419 -0.0034383719182887189 0.031759408346793895 0.0051159014610032867 0.00079496287051360681 -0.0047147848728092316 0.041120015827095659 0.009178977392610501 -0.0087882896317905967 0.0056402862390425336 -0.012005650951062595 0.0069320088454251786 -0.0086090957941711652 -0.0075193802394979432 0.014768998875266495
leaf_weight=544.34930868446827 444.2095838226378 27.330484427511692 114.95990101993084 2299.4982917234302 204.11302700266242 23.004832211881876 1276.07040489465 478.41739692166448 214.26645218580961 81.827661126852036 338.61782604828477 849.84669027850032 85.936304859817028 119.11527168005705
leaf_count=8157 5686 145 1174 19358 1595 171 9450 6045 1705 777 3979 8141 845 1096
internal_value=-1.25841e-05 -0.00592034 0.000808039 0.00207945 0.00366892 0.00136897 0.00724429 -0.00270402 -0.00462402 -0.00752205 0.00107827 -0.00693801 0.000279814 0.00551273
internal_weight=7101.56 858.559 6243 5063.93 3802.69 2322.5 1480.18 1261.24 1179.07 831.229 782.827 964.807 286.879 205.052
internal_count=68324 11020 57304 46284 30574 19529 11045 15710 11020 10875 9665 9315 2718 1941
is_linear=0
shrinkage=0.035


Tree=63
num_leaves=15
num_cat=0
split_feature=17 14 3 0 16 8 15 7 10 19 6 3 15 1
split_gain=26.8963 28.7476 21.3392 27.7773 22.6519 19.1858 17.9684 14.2766 13.3742 12.6794 14.4875 12.1513 10.3976 9.67786
threshold=0.021191173233091835 0.3213851004838944 -0.034194994717836373 -0.086794193834066377 0.91956618428230297 -0.39225380122661585 22.099113464355472 -0.31274925172328943 0.78011247515678417 -0.15926319360733029 0.17166373133659366 0.61237391829490673 21.533134460449222 -0.098562810570001588
decision_type=8 2 2 2 2 2 2 2 2 2 2 2 2 2
left_child=11 9 3 4 -3 7 -5 -4 -7 -2 12 13 -11 -1
right_child=1 2 5 6 -6 8 -8 -9 -10 10 -12 -13 -14 -15
leaf_value=-0.00034907092364390804 0.0031034152341749893 0.00012987294783967481 0.005316261838220304 0.00024032727963773414 0.011579916258862502 0.0071461983116838049 -0.005269911954856662 -0.010517132934658788 -0.001374199784841784 -0.0053298402437012534 0.0060112345529584818 0.01618186379579872 -0.014379332405847225 -0.018081688398255545
leaf_weight=49.481368660926819 173.98280066624284 455.04988386482 109.26350368186831 2110.0954989753664 386.08024210110307 1364.7447310388088 1093.7033010199666 162.02654842659831 266.51201698929071 424.98150013759732 83.341010026633739 9.4948334619402868 255.96121736243367 153.93532258272171
leaf_count=833 1826 4377 1077 20918 3684 10519 10976 1531 2053 4496 727 54 2792 2461
internal_value=-1.00002e-05 0.000376818 0.00127724 -0.000162747 0.00545977 0.00432357 -0.00165129 -0.00417786 0.00575426 -0.00528402 -0.00720877 -0.0119757 -0.00889036 -0.0139867
internal_weight=7098.65 6885.74 5947.48 4044.93 841.13 1902.55 3203.8 271.29 1631.26 938.267 764.284 212.912 680.943 203.417
internal_count=68324 64976 55135 39955 8061 15180 31894 2608 12572 9841 8015 3348 7288 3294
is_linear=0
shrinkage=0.035


Tree=64
num_leaves=15
num_cat=0
split_feature=30 10 19 16 15 16 25 8 3 15 11 11 8 15
split_gain=26.3065 32.1067 47.9412 38.31 42.4218 31.4908 26.585 22.7553 22.4774 19.1511 15.0522 14.8802 13.2616 14.9895
threshold=0.15000000000000016 0.38705265522003179 0.2123302295804024 0.43264491856098181 20.93571758270264 1.0180516242980959 2.4450000000000007 -0.27478151023387903 -0.44199092686176294 22.622629165649418 0.19886650890111926 0.1697792932391167 -0.49566291272640223 20.213666915893558
decision_type=2 2 2 2 2 2 2 2 2 2 2 2 2 2
left_child=1 2 6 -3 -5 12 10 -8 -6 11 -1 -4 -2 -14
right_child=5 3 9 4 8 -7 7 -9 -10 -11 -12 -13 13 -15
leaf_value=-0.023010093216977702 0.00069025084440869097 -0.0073052838997058247 0.039044626454073195 0.0087042239830211615 -0.0071088804656998985 -0.0019320572804543315 -0.0084218610815198856 0.0022860407638499503 0.001258377938152975 -0.0055736965541369676 -0.0090711200479250704 0.0045403115200757056 -0.0076973256194811405 0.017824743627968483
leaf_weight=122.02849516272545 93.771265253424644 622.69987381622195 38.67533465474844 881.32923125848174 447.98439461365342 329.60913360863924 456.9947190284729 500.19778405874968 2774.337100468576 25.981477104127407 451.47665594518185 26.618882969021797 25.490424454212189 299.882169932127
leaf_count=1970 643 6649 223 8017 4389 2395 5473 5576 25089 218 5355 212 179 1936
internal_value=-1.04637e-05 -0.000745517 -0.00497833 0.000714531 0.00194628 0.0061494 -0.00648455 -0.00286048 7.67226e-05 0.0184271 -0.0123805 0.0274493 0.0124015 0.0156554
internal_weight=7097.08 6348.32 1621.97 4726.35 4103.65 748.753 1530.7 957.193 3222.32 91.2757 573.505 65.2942 419.144 325.373
internal_count=68324 63171 19027 44144 37495 5153 18374 11049 29478 653 7325 435 2758 2115
is_linear=0
shrinkage=0.035


Tree=65
num_leaves=15
num_cat=0
split_feature=30 22 14 4 27 22 8 16 25 9 23 22 8 3
split_gain=25.6796 25.5098 23.5766 24.3637 23.8066 20.6602 16.5516 19.4087 15.8456 13.7112 12.0277 10.611 10.5555 9.95097
threshold=-0.24999999999999975 0.41980001330375677 0.3213851004838944 -0.088448628783225999 8.7764034884104571 0.22885152697563174 -0.29805578291416163 1.1311696767807009 1.4450000000000001 1.0586792230606081 0.16791428625583651 0.17287103831768039 -0.29056966304779047 0.29935254156589514
decision_type=2 2 2 2 2 2 2 2 2 2 2 2 2 2
left_child=6 2 5 11 -5 8 13 -8 -2 10 -9 -4 -3 -1
right_child=1 12 3 4 -6 -7 7 9 -10 -11 -12 -13 -14 -15
leaf_value=-0.0098820091844720338 -0.011837281761792162 -0.011402972424656939 0.013988232806695979 0.0026216972865592139 -0.0066869730702633617 -0.013452301713706405 -0.0066412619557781145 0.0018106460381045954 0.003164500812268121 -0.0089495751023515296 0.01870051825373286 0.0018814962497481354 -0.0022229663723097866 0.0044985796617983695
leaf_weight=578.99996211379766 101.70104388892651 227.59901746734977 300.51773494109511 3810.0358818694949 359.52423401549459 200.70838981866837 258.17739298939705 101.59851870685816 368.59871167689562 46.663917519152164 100.30338429659605 128.97498099133372 451.71219776198268 59.764210395514965
leaf_count=9410 1282 3408 2036 30904 3513 1977 3471 1076 2753 527 1122 1104 4960 781
internal_value=-1.06049e-05 0.00091531 0.00174058 0.00263591 0.00180497 -0.00434455 -0.0047858 -4.52032e-05 -0.000258507 0.0067978 0.0106879 0.0104782 -0.00541948 -0.00848793
internal_weight=7094.88 5949.37 5270.06 4599.05 4169.56 671.008 1145.51 506.743 470.3 248.566 201.902 429.493 679.311 638.764
internal_count=68324 51937 43569 37557 34417 6012 16387 6196 4035 2725 2198 3140 8368 10191
is_linear=0
shrinkage=0.035


Tree=66
num_leaves=15
num_cat=0
split_feature=10 19 10 25 22 3 11 8 19 24 8 17 18 22
split_gain=24.952 39.3011 31.3533 27.6681 22.4947 21.8522 39.8385 25.1773 21.5863 21.3546 17.3499 20.2438 16.218 15.3751
threshold=0.31713132560253149 0.29384247958660131 0.7285253405570985 1.4450000000000001 0.18083944171667102 -0.11398011073470114 0.51566034555435192 -0.39225380122661585 0.58000373840332042 0.028990984894335273 -0.33416876196861262 0.025017222389578823 -0.01482859533280134 0.3574798852205277
decision_type=2 2 2 2 2 2 2 2 2 2 2 10 2 2
left_child=1 9 3 4 -2 6 -5 -7 13 10 -1 -12 -11 -4
right_child=2 -3 8 5 -6 7 -8 -9 -10 12 11 -13 -14 -15
leaf_value=-0.012511144405894953 0.0011149026687601209 0.029408196803632797 -0.0037570837975600168 0.00074055275791235864 -0.008475330337576796 -0.0045503153020353048 0.039052790718041755 0.0085198356158438463 0.0054584948598626745 -0.0045154933795440643 -0.0065822955514627654 0.009486848613204724 -0.020817158479639043 -0.013604041547412906
leaf_weight=142.50695928186178 781.53055253997445 27.938595276325941 688.95672797784209 2300.9501402117312 473.90404080227017 203.24388834834099 23.744940627366304 1288.8475838787854 214.85629638656974 135.08232708647847 181.70117735490203 182.79946052655578 179.02236907929182 267.67100074887276
leaf_count=1743 9665 145 6226 19358 6045 1595 171 9450 1705 2140 2535 1774 2683 3089
internal_value=-1.19888e-05 -0.00560518 0.000756348 0.00194917 -0.00254361 0.00342973 0.00129748 0.00672106 -0.00438102 -0.00713602 -0.00259341 0.00151462 -0.0141622 -0.00662456
internal_weight=7092.76 849.051 6243.71 5072.22 1255.43 3816.79 2324.7 1492.09 1171.48 821.112 507.008 364.501 314.105 956.628
internal_count=68324 11020 57304 46284 15710 30574 19529 11045 11020 10875 6052 4309 4823 9315
is_linear=0
shrinkage=0.035


Tree=67
num_leaves=15
num_cat=0
split_feature=2 15 16 10 8 10 2 3 6 16 19 11 15 3
split_gain=24.2764 33.7096 25.72 32.3698 45.1836 26.4376 22.813 23.9282 22.337 18.1012 17.9225 15.296 15.8732 15.2347
threshold=0.49754849076271063 23.082214355468754 0.39672289788722997 0.38705265522003179 -0.2598083615303039 0.53849184513092052 0.17809086292982104 -0.048961913213133805 -0.14215837419033048 1.1061964035034182 -0.15926319360733029 0.60272285342216503 25.226474761962894 1.3224015235900881
decision_type=2 2 2 2 2 2 2 2 2 2 2 2 2 2
left_child=1 2 10 4 -4 -5 8 -8 9 -3 -1 12 13 -2
right_child=11 6 3 5 -6 -7 7 -9 -10 -11 -12 -13 -14 -15
leaf_value=0.0039134781297476299 0.0089154522000198608 0.0089436586502868731 -0.0078145032687811523 0.005674450248965365 0.0042353772658099238 -0.00057787687242786428 -0.011014597904440515 0.0094254078324081062 -0.013873175227099223 -0.012396492992325935 -0.010152977256746245 -0.0075048209553047907 0.028662317582174413 -0.010513184998865272
leaf_weight=143.18376188725233 429.12571703642607 111.18791218474507 929.06462511047721 2025.9406336843967 633.34799304977059 1394.0135745890439 103.10454071313143 175.26013771817088 495.57777672633529 71.402151867747307 422.4352376870811 72.770895339548588 36.386965803802013 47.247695684432983
leaf_count=1525 3086 1157 10669 18280 6725 12586 1081 1374 5380 764 4515 580 252 350
internal_value=-1.13181e-05 -0.000629653 0.000420471 0.00122747 -0.00293403 0.00313167 -0.00666181 0.00173513 -0.0100836 0.000388193 -0.00658599 0.00675284 0.00888114 0.00681194
internal_weight=7090.05 6504.52 5547.99 4982.37 1562.41 3419.95 956.533 278.365 678.168 182.59 565.619 585.531 512.76 476.373
internal_count=68324 64056 54300 48260 17394 30866 9756 2455 7301 1921 6040 4268 3688 3436
is_linear=0
shrinkage=0.035


Tree=68
num_leaves=15
num_cat=0
split_feature=30 22 6 19 8 33 16 9 18 8 21 23 10 11
split_gain=23.8916 23.8922 21.4609 23.5054 25.434 18.5143 15.4808 16.2162 15.3138 15.0089 11.3525 10.9885 10.0434 11.8406
threshold=-0.24999999999999975 0.41980001330375677 0.26201575994491583 -0.089045319706201539 -0.57820266485214222 -0.070036689877633604 1.039364278316498 1.0586792230606081 -0.070730343461036668 -0.32700973749160761 -0.13325501978397367 0.2161265313625336 0.35062769055366522 0.24641045928001407
decision_type=2 2 2 2 2 2 2 2 2 2 2 2 2 2
left_child=6 2 3 5 -5 -2 8 9 -1 -8 -11 -4 -3 -14
right_child=1 12 11 4 -6 -7 7 -9 -10 10 -12 -13 13 -15
leaf_value=-0.00068054225778216011 0.0071241661167310627 -0.01296034768376431 0.0062495894018285165 -0.012699877255783868 0.00011166379475261356 -0.0011944678308405442 -0.0054109166227690334 -0.013642588828450364 -0.011998917864317603 0.020692088367294862 0.0036609413696271579 0.020984773034953254 0.0075009388809488429 -0.00540504136516636
leaf_weight=223.29244424402714 1055.1248879209161 150.38354077190161 373.41169692575932 192.13628603518009 3113.3617764525115 469.70584798231721 158.05883717164397 77.865071475505829 422.53597908094525 55.486314758658409 202.35073672235012 69.166235581040382 99.567111533135176 426.08701282739639
leaf_count=3309 8217 2337 2356 1669 26563 4412 2592 1028 6493 713 2252 352 1050 4981
internal_value=-1.18235e-05 0.000879419 0.00167602 0.000991006 -0.000669082 0.00457062 -0.00463151 4.84214e-05 -0.00815568 0.00287183 0.00796175 0.0089652 -0.0052677 -0.00286605
internal_weight=7088.53 5948.94 5272.91 4830.33 3305.5 1524.83 1139.59 493.761 645.828 415.896 257.837 442.578 676.038 525.654
internal_count=68324 51937 43569 40861 28232 12629 16387 6585 9802 5557 2965 2708 8368 6031
is_linear=0
shrinkage=0.035


Tree=69
num_leaves=15
num_cat=0
split_feature=17 14 30 16 10 15 5 5 15 15 6 3 28 19
split_gain=23.2631 24.6122 19.9265 29.8952 22.1207 34.959 29.1279 14.0174 11.8664 11.7125 11.378 10.9743 10.5243 9.69956
threshold=0.021191173233091835 0.20461814850568774 0.15000000000000016 1.0837125778198244 0.42103236913681036 21.197048187255863 0.11944642290472986 0.013137498404830696 21.898896217346195 20.402801513671879 0.054117932915687568 0.61237391829490673 -1.4366782429296008 -0.026264555752277371
decision_type=8 2 2 2 2 2 2 2 2 2 2 2 2 2
left_child=11 9 4 7 6 -6 -3 -4 -5 -2 -11 13 -12 -1
right_child=1 2 3 8 5 -7 -8 -9 -10 10 12 -13 -14 -15
leaf_value=-0.0063441148272308078 0.004013518248119359 -0.0042329264839046548 0.016603064965887697 0.0041760756762934661 0.0068830923109419028 -0.00042279600996403136 0.010454686115855634 0.0022872891823779778 -0.0096126038622353777 -0.014357467384505199 -0.018074948862422988 0.015376159278036311 0.0080587095718830278 -0.022530211501805883
leaf_weight=122.85329871624708 75.153069376945496 1752.4212452657521 283.1193019002676 159.17118575423956 1124.3410401195288 2737.5791006311774 172.99495319649577 122.31619630008936 130.28373210132122 246.7019465751946 16.011840857565403 9.5662730485200864 58.996479235589504 74.782512627542019
leaf_count=2014 811 19319 1811 1111 10327 24905 1362 797 965 2800 171 54 597 1280
internal_value=-1.18018e-05 0.00034379 0.000866631 0.00642271 0.000189581 0.00171649 -0.00286607 0.0124431 -0.00214396 -0.00800752 -0.010852 -0.0112897 0.00101002 -0.0132588
internal_weight=7086.29 6879.09 6482.23 694.89 5787.34 3861.92 1925.42 405.435 289.455 396.863 321.71 207.202 75.0083 197.636
internal_count=68324 64976 60597 4684 55913 35232 20681 2608 2076 4379 3568 3348 768 3294
is_linear=0
shrinkage=0.035


Tree=70
num_leaves=15
num_cat=0
split_feature=30 25 16 5 2 19 16 16 10 3 15 31 22 19
split_gain=22.1083 22.1436 22.1018 27.1171 21.5671 19.4951 18.55 14.5382 15.4331 14.5871 19.7431 14.0222 13.4048 13.2774
threshold=-0.24999999999999975 4.4500000000000011 0.46644303202629095 -0.12967955321073529 -0.041249630972743027 -0.15926319360733029 0.65912240743637096 1.039364278316498 0.7285253405570985 0.16643942147493365 23.186100959777836 0.047494519848749979 0.21641109138727191 0.11981158331036569
decision_type=2 2 2 2 2 2 2 2 2 2 2 2 2 2
left_child=7 2 5 -4 -5 11 -3 9 13 -1 -11 -2 -7 -9
right_child=1 6 3 4 -6 12 -8 8 -10 10 -12 -13 -14 -15
leaf_value=-0.010486026668545133 -9.6910819481954861e-05 0.004487690141454977 0.0099831495154772704 -0.00090552074175617898 0.0041083065300173893 -0.0039942563959930646 -0.0086412760812037848 -0.0017556840325460255 -0.011450726569376854 0.010332615801004488 -0.018413126418221334 0.023824687824289943 -0.017026072805656878 0.011235331373905578
leaf_weight=514.03569510579109 120.06258202344179 172.70227915421128 504.8359955959022 2216.7660196088254 1983.4116418212652 299.67509077116847 483.80578390881419 245.23578141257167 101.64295139163733 96.240809068083763 30.539981011301279 29.988262832164764 139.38586169853806 146.43332112580538
leaf_count=8297 938 2283 3518 19486 15485 2474 6201 3768 1333 1102 403 277 1275 1484
internal_value=-1.23086e-05 0.000843094 0.00159736 0.00239932 0.00146625 -0.00474081 -0.00517203 -0.00446864 6.17388e-05 -0.00790357 0.00256818 0.00587378 -0.0084184 0.00326006
internal_weight=7084.76 5950.63 5294.13 4705.01 4200.18 589.112 656.508 1134.13 493.312 640.816 126.781 150.051 439.061 391.669
internal_count=68324 51937 43453 38489 34971 4964 8484 16387 6585 9802 1505 1215 3749 5252
is_linear=0
shrinkage=0.035


Tree=71
num_leaves=15
num_cat=0
split_feature=2 10 10 21 22 8 8 6 19 11 18 11 6 6
split_gain=21.6289 29.2999 32.259 33.2498 26.33 24.0153 22.1809 40.6742 15.3139 14.5899 12.7966 10.5679 15.8035 11.2159
threshold=0.49754849076271063 0.7285253405570985 0.38705265522003179 0.036388153210282333 0.21641109138727191 -0.33416876196861262 -0.64353126287460316 -0.3030212521553039 0.2123302295804024 0.69632813334465038 -0.12547200173139569 0.51566034555435192 0.19619389623403552 -0.21973761171102521
decision_type=2 2 2 2 2 2 2 2 2 2 2 2 2 2
left_child=1 2 3 8 11 -5 10 -8 -1 -2 -4 12 -3 -13
right_child=9 4 6 5 -6 -7 7 -9 -10 -11 -12 13 -14 -15
leaf_value=-0.0094613341525970843 0.0077911821403338485 -0.0083694914359573012 0.0054939528850127929 -0.0064229396690398902 -0.014971897068455167 0.005159639770548975 0.015685021378735391 0.0017456533037320454 0.00954908010470195 -0.01324419181525026 -0.012641399196107541 -0.0051401708991199828 0.013439981063711791 0.010655547679891859
leaf_weight=834.93991628661752 553.7903435267508 312.66930145025253 57.704592809081078 329.21081478148699 290.93171943724155 610.95638450980186 268.29112267494202 3322.1766686923802 47.473570536822081 34.55171762779355 175.24259248748422 87.517902798950672 37.456281203776598 119.88240219280124
leaf_count=10542 3977 2965 468 3510 3329 6312 2297 30437 384 291 1601 801 280 1130
internal_value=-1.28616e-05 -0.000598631 0.000316798 -0.0035034 -0.00662301 0.00107895 0.00214223 0.00282792 -0.00834304 0.00635513 -0.00810777 -0.0020793 -0.00572791 0.0040603
internal_weight=7082.8 6494.45 5646 1822.58 848.458 940.167 3823.41 3590.47 882.413 588.342 232.947 557.526 350.126 207.4
internal_count=68324 64056 55551 20748 8505 9822 34803 32734 10926 4268 2069 5176 3245 1931
is_linear=0
shrinkage=0.035


Tree=72
num_leaves=15
num_cat=0
split_feature=30 16 16 10 1 15 15 25 3 1 15 2 19 18
split_gain=21.3357 27.4318 25.0122 30.6976 37.157 35.095 22.102 21.4079 18.6387 15.7711 12.4157 9.49087 10.6635 9.25663
threshold=0.15000000000000016 1.0180516242980959 0.275269165635109 0.40050412714481359 0.18281059712171557 20.989960670471195 22.707312583923343 2.4450000000000007 -0.44199092686176294 -0.076166991144418703 22.542233467102054 0.011499338783323767 0.0061369431205093869 -0.033921454101800912
decision_type=2 2 2 2 2 2 2 2 2 2 2 2 2 2
left_child=2 11 -1 4 7 9 -6 -4 -7 -5 -3 13 -13 -2
right_child=1 10 3 5 6 8 -8 -9 -10 -11 -12 12 -14 -15
leaf_value=-0.011020778616213865 0.00077383929098721795 0.0022862549212400644 -0.010424504139167326 0.010727997172717397 0.018451183000756727 -0.0070410325694506091 -0.0093664389087159301 -0.0022785337203161489 0.00066726448033427267 0.0019435294604778666 -0.012174155809954498 0.028378860535872796 0.0080937158960205802 0.013207077759554937
leaf_weight=264.15206108614802 143.73630999773741 236.5676427334547 665.85232555493712 585.79594063386321 123.01460647210479 435.1757950335741 40.461626522243023 969.82940904796124 2799.9749533124268 440.92921717464924 93.562072925269604 63.312850415706635 76.172049552202225 142.67152261734009
leaf_count=3085 962 1682 8408 5497 928 4325 321 11293 25411 3903 713 365 441 990
internal_value=-1.31025e-05 0.00550406 -0.000680193 -0.000212118 -0.00403302 0.00140655 0.0114231 -0.00563778 -0.000388118 0.00701063 -0.00204941 0.0112718 0.0185837 0.00720397
internal_weight=7081.21 756.022 6325.19 6061.03 1799.16 4261.88 163.476 1635.68 3235.15 1026.73 330.13 425.893 139.485 286.408
internal_count=68324 5153 63171 60086 20950 39136 1249 19701 29736 9400 2395 2758 806 1952
is_linear=0
shrinkage=0.035


Tree=73
num_leaves=15
num_cat=0
split_feature=17 10 6 6 8 8 6 22 22 15 19 10 10 25
split_gain=21.1422 22.1751 23.1829 26.2165 41.0742 35.4621 18.257 22.8832 16.4072 16.0198 11.8286 11.6505 10.3048 19.085
threshold=0.021191173233091835 0.7285253405570985 0.054117932915687568 -0.3030212521553039 -0.64353126287460316 -0.53330561518669117 0.71467840671539318 0.26397200673818594 0.13634788990020755 21.533134460449222 0.58000373840332042 0.48794668912887579 1.076923191547394 3.9399999999999999
decision_type=8 2 2 2 2 2 2 2 2 2 2 2 2 2
left_child=-1 2 3 4 -2 -5 7 10 11 -10 -3 -4 -8 -14
right_child=1 6 8 5 -6 -7 12 -9 9 -11 -12 -13 13 -15
leaf_value=-0.010852773782399999 -0.0054936349177231412 -0.0031654565401549074 0.0032433121417809892 -0.010656533094253483 0.01471419705883981 0.0001180282787427132 0.018753004460997251 -0.012543214423679299 0.0091682972850549802 0.00094349509288874393 0.012419124438571285 0.023867363835638263 0.014517019980511303 -0.017844575627425491
leaf_weight=203.72728496044874 188.91858316212893 619.60418086871505 58.524320989847183 410.92686088755727 322.73295275121927 3368.7951693497598 51.583009824156761 362.8094565756619 431.88759192079306 852.32006379961967 56.049105919897556 81.786306120455265 37.473967827856541 32.157746057957411
leaf_count=3348 1662 5727 416 3967 2764 34029 386 3966 3655 6921 413 544 225 301
internal_value=-1.16424e-05 0.000324882 0.0012215 -6.59593e-05 0.00729052 -0.0010784 -0.00406709 -0.00557859 0.00507341 0.00375902 -0.00171036 0.016053 0.00832041 -0.00079248
internal_weight=7079.3 6875.57 5715.89 4291.37 511.652 3779.72 1159.68 1038.46 1424.52 1284.21 675.653 140.311 121.215 69.6317
internal_count=68324 64976 53958 42422 4426 37996 11018 10106 11536 10576 6140 960 912 526
is_linear=0
shrinkage=0.035


Tree=74
num_leaves=15
num_cat=0
split_feature=30 26 14 15 4 27 12 8 8 1 21 17 10 19
split_gain=20.6189 20.1508 19.9602 21.9624 20.4797 22.1445 14.4265 20.7864 13.6667 11.7213 10.9863 9.91745 16.0146 13.9598
threshold=-0.24999999999999975 -0.76500000000000001 0.27658735215663915 20.498503684997562 -0.088448628783225999 8.7764034884104571 0.66564378142356884 -0.16771382093429563 -0.29805578291416163 -0.083807304501533494 0.073774285614490523 0.041859371587634094 0.7285253405570985 -0.026264555752277371
decision_type=2 2 2 2 2 2 2 2 2 2 2 8 2 2
left_child=8 6 3 9 -4 -6 10 -8 -1 -3 -2 13 -13 -10
right_child=1 2 4 -5 5 -7 7 -9 11 -11 -12 12 -14 -15
leaf_value=-0.0077477706022638206 0.013849545087207862 0.01846763571186584 0.0092523028927335993 -0.0091104839874009171 0.0022371387948477402 -0.0066471825813940438 -0.013174222175207044 0.00074795022715068058 0.0075599599669708114 -0.0027694535694648688 -0.005948989899839989 0.0085070789200429042 -0.0085068381514303709 -0.012037218928185534
leaf_weight=623.79916175082326 69.922333493828773 53.281490929424763 449.48666879534721 378.99263066053391 3989.1607949212193 366.3204679377377 307.53328026086092 222.33044877648354 56.419343691319227 59.538406074047089 52.475607424974442 228.71917551010847 85.562055978924036 134.10575883835554
leaf_count=10191 946 467 3222 3488 32099 3625 4580 2249 917 552 709 2372 993 1914
internal_value=-9.98117e-06 0.000814631 0.00153175 -0.00511712 0.00222151 0.0014764 -0.00494406 -0.00742684 -0.00432561 0.00794722 0.00555312 -2.84244e-05 0.0037556 -0.00614639
internal_weight=7077.65 5949.04 5296.78 491.813 4804.97 4355.48 652.262 529.864 1128.61 112.82 122.398 504.806 314.281 190.525
internal_count=68324 51937 43453 4507 38946 35724 8484 6829 16387 1019 1655 6196 3365 2831
is_linear=0
shrinkage=0.035


Tree=75
num_leaves=15
num_cat=0
split_feature=14 10 19 26 22 21 11 3 29 8 16 15 0 15
split_gain=20.1679 21.3333 33.1989 21.7205 29.1335 25.2005 24.3708 24.3064 17.3416 16.4141 14.3444 9.31209 8.79679 5.44619
threshold=0.11347603052854539 0.30790668725967413 0.29384247958660131 1.1600000000000004 0.38237319886684423 -0.059047469869256013 0.24641045928001407 -0.52389565110206593 3.6500000000000008 -0.29805578291416163 0.95803633332252514 22.542233467102054 0.29716910421848303 20.355824470520023
decision_type=2 2 2 2 2 2 2 2 2 2 2 2 2 2
left_child=13 2 8 4 7 10 -6 -3 11 -10 -5 -2 -7 -1
right_child=1 3 -4 5 6 12 -8 -9 9 -11 -12 -13 -14 -15
leaf_value=0.0010719722939430238 -0.0078501414915095203 -0.0053554833231760548 0.027465192561797944 -0.0031488915426639025 0.0050134414593596801 -0.0094218838629526996 -0.004599420574376868 0.0049437669154237217 -0.010947293369299333 0.0068447317133451292 0.0056327594096897433 -0.019915269406379933 0.0076735390245081447 -0.019055469765464999
leaf_weight=19.129843953996897 356.02769614756107 302.59458105266094 26.346718341112137 485.73203382641077 442.84910181164742 554.5918684899807 1121.911543995142 2889.182691000402 89.711560722440481 165.03380054235458 412.03607348352671 103.08595672249794 32.160621762275696 75.409290861338377
leaf_count=210 5612 2200 130 6588 4518 6663 12059 19853 890 1556 5130 1725 298 892
internal_value=-1.04194e-05 0.000217766 -0.00535953 0.000886763 0.00203984 -0.00279673 -0.00186429 0.00395368 -0.0069337 0.000402227 0.000899152 -0.0109259 -0.00837198 -0.0152698
internal_weight=7075.8 6981.26 740.206 6241.06 4756.54 1484.52 1564.76 3191.78 713.859 254.745 897.768 459.114 586.752 94.5391
internal_count=68324 67222 9913 57309 38630 18679 16577 22053 9783 2446 11718 7337 6961 1102
is_linear=0
shrinkage=0.035


Tree=76
num_leaves=15
num_cat=0
split_feature=2 15 14 15 10 8 0 2 3 6 28 16 30 11
split_gain=19.4438 30.5044 20.9388 25.5267 23.5794 42.9873 21.2389 20.7034 23.8892 22.7208 17.1176 16.9611 13.7005 13.6061
threshold=0.49754849076271063 23.082214355468754 0.40745449066162115 21.706601142883304 0.38705265522003179 -0.2598083615303039 -0.035877035930752747 0.15881025046110156 -0.08958935365080832 -0.14215837419033048 -1.2821234811980939 1.1061964035034182 -0.14999999999999988 0.69632813334465038
decision_type=2 2 2 2 2 2 2 2 2 2 2 2 2 2
left_child=1 2 3 10 5 -4 -6 9 -9 11 -1 -3 -10 -2
right_child=13 7 4 -5 6 -7 -8 8 12 -11 -12 -13 -14 -15
leaf_value=-0.011237927563310914 0.0073891622250315857 0.0088781349670597233 -0.0072194763129103849 -0.011841698300253261 0.0072590568140498586 0.0049912497513683145 0.0010668454636843547 -0.012169995031430337 -0.0077116890289711717 -0.013897671803800461 0.0016925692275631121 -0.011887148347206403 0.012661255725274838 -0.012992973059370165
leaf_weight=140.81370837241411 556.4474935233593 111.13704827055335 831.63655866682529 326.08841008320451 1071.9047846719623 599.41926769167185 1831.3903375118971 99.356172267347574 45.77559669315815 461.85614166408777 735.17583828046918 70.037992279976606 158.22849428281188 34.172509096562862
leaf_count=1721 3977 1157 9778 3397 9310 6377 16329 1072 526 5130 7388 763 1108 291
internal_value=-1.16852e-05 -0.000569 0.000427346 -0.00364121 0.00156149 -0.00210569 0.0033701 -0.00634119 0.00117755 -0.00985199 -0.000489365 0.000648869 0.00794312 0.00601319
internal_weight=7073.44 6482.82 5536.43 1202.08 4334.35 1431.06 2903.3 946.391 303.36 643.031 875.99 181.175 204.004 590.62
internal_count=68324 64056 54300 12506 41794 16155 25639 9756 2706 7050 9109 1920 1634 4268
is_linear=0
shrinkage=0.035


Tree=77
num_leaves=15
num_cat=0
split_feature=14 10 19 25 16 22 15 21 29 1 16 15 18 15
split_gain=18.9807 19.4997 30.9736 20.3618 27.3486 25.7533 25.2169 23.6487 16.376 13.9682 13.4888 8.93944 8.23198 5.2243
threshold=0.11347603052854539 0.30790668725967413 0.29384247958660131 1.4450000000000001 1.4095015525817873 0.26397200673818594 21.898896217346195 -0.059047469869256013 3.6500000000000008 -0.076166991144418703 0.95803633332252514 22.542233467102054 0.27306677401065832 20.355824470520023
decision_type=2 2 2 2 2 2 2 2 2 2 2 2 2 2
left_child=13 2 8 7 5 -5 -6 10 11 -10 -3 -2 -9 -1
right_child=1 3 -4 4 6 -7 -8 12 9 -11 -12 -13 -14 -15
leaf_value=0.0010630050359301643 -0.0075873962719588944 -0.0030912207905672137 0.026445316304794575 0.0063898096747591684 0.0032805121035183603 0.0002471361897219768 -0.0062048862214685628 -0.0092255942544344893 0.016562869280584376 -0.0034428950876411852 0.0054180392016762152 -0.019498350880070948 0.0067368390410277781 -0.018670824039729705
leaf_weight=19.133840758353472 353.15245778113604 484.95742421597242 26.581780195236206 1867.7252380549908 589.90569150075316 1508.7101990580559 795.62014194577932 547.36190665513277 42.98565885424614 211.4980358555913 413.76624858751893 100.86704938858747 35.590157754719257 74.11708203330636
leaf_count=210 5612 6588 130 12306 4759 14737 6828 6644 449 1997 5130 1725 317 892
internal_value=-1.41635e-05 0.00020594 -0.00514665 0.000843341 0.00195786 0.00365388 -0.00217179 -0.00272774 -0.00668349 0.00043481 0.000842896 -0.0105968 -0.00815388 -0.0149109
internal_weight=7071.97 6978.72 735.085 6243.64 4761.96 3376.44 1385.53 1481.68 708.503 254.484 898.724 454.02 582.952 93.2509
internal_count=68324 67222 9913 57309 38630 27043 11587 18679 9783 2446 11718 7337 6961 1102
is_linear=0
shrinkage=0.035


Tree=78
num_leaves=15
num_cat=0
split_feature=17 16 25 3 15 12 8 8 23 15 19 10 19 16
split_gain=18.3706 18.4535 18.6207 21.3644 27.2423 16.5725 20.696 16.5865 14.8178 14.9864 13.5456 13.4031 9.50966 12.4968
threshold=0.01681488007307053 0.39672289788722997 4.2150000000000007 0.29935254156589514 22.887501716613773 0.66564378142356884 -0.3413845151662826 -0.21714191883802411 0.20932535827159884 21.091801643371586 0.84375759959220897 0.60839831829071056 -0.15926319360733029 0.275269165635109
decision_type=8 2 2 2 2 2 2 2 2 2 2 2 2 2
left_child=-1 8 3 4 -3 7 -7 -4 12 11 -5 -10 13 -2
right_child=1 2 5 10 -6 6 -8 -9 9 -11 -12 -13 -14 -15
leaf_value=-0.017566829662695384 -0.0042158371670051511 0.0019480499912150873 0.020727271186296994 0.009312065326582188 -0.0048874216826642119 -0.015155629764033377 -0.0022965757988933368 -0.0071573528280021153 -0.012156154789036757 -0.022135601426645526 -0.0075108758217386565 0.008521274635195487 -0.0045483398972320441 0.018602709270414186
leaf_weight=62.29783795773983 52.256700750440359 3980.5565395206213 53.775530345737934 553.43121396377683 860.11026133038104 191.51135995984077 661.86304089426994 37.521380141377449 90.430279109627008 97.062059849500656 57.968030206859112 53.314418457448483 268.13455454260111 49.4296381957829
leaf_count=1116 586 35951 799 3722 8359 3311 7763 391 999 1098 319 581 2831 498
internal_value=-1.42732e-05 0.000166586 0.000724576 0.00151178 0.000725922 -0.00378691 -0.00532448 0.00969196 -0.00559622 -0.0121656 0.00762185 -0.00443154 -0.00111095 0.00754871
internal_weight=7069.66 7007.37 6396.74 5452.07 4840.67 944.671 853.374 91.2969 610.628 240.807 611.399 143.745 369.821 101.686
internal_count=68324 67208 60615 48351 44310 12264 11074 1190 6593 2678 4041 1580 3915 1084
is_linear=0
shrinkage=0.035


Tree=79
num_leaves=15
num_cat=0
split_feature=14 17 16 30 9 10 6 11 1 21 15 1 8 23
split_gain=17.7964 18.2671 16.3765 17.2541 21.2044 15.4327 8.2182 9.82151 14.125 11.4669 5.00791 2.39378 3.15677 1.62936
threshold=0.11347603052854539 0.021191173233091835 2.7844519615173344 0.15000000000000016 0.50810271501541149 0.42103236913681036 0.22650895267724994 0.18603394925594333 -0.091156519949436174 0.065503764897584929 20.355824470520023 -0.20846495032310483 -0.28255020081996912 0.15438555926084521
decision_type=2 8 2 2 2 2 2 2 2 2 2 2 2 2
left_child=10 6 3 5 -5 -3 7 9 -9 -2 -1 -12 -13 -4
right_child=1 2 13 4 -6 -7 -8 8 -10 -11 11 12 -14 -15
leaf_value=0.0010689877440696774 -0.024279992629447824 -0.0024618709605652941 -0.0052843751571776858 0.0096634892385405926 -0.0032299550956628341 0.0013452331541064786 0.013118496207449445 0.012925610308732776 -0.015789532607872497 -0.0018765591837979663 -0.001947304170124403 -0.024334958582119735 -0.0028502501006241257 -0.015498684678073268
leaf_weight=19.12934785336256 80.711796501651406 1917.8710412606597 45.232543796300888 507.38093018531799 217.97409646958113 4022.8776297345757 9.5021243989467603 35.114242274314165 29.243604723364115 43.057450976222754 11.913697868585585 47.691402595490217 13.193525787442921 67.47005856782198
leaf_count=210 1557 20840 490 3367 1464 37110 53 575 450 708 161 586 145 608
internal_value=-1.61733e-05 0.000195676 0.00050816 0.000740305 0.00579769 0.000114102 -0.0100309 -0.0118033 -0.000490991 -0.0172091 -0.0145354 -0.0182696 -0.0207382 -0.012164
internal_weight=7068.36 6976.44 6778.81 6666.1 725.355 5940.75 197.629 188.127 64.3578 123.769 91.928 72.7986 60.8849 112.703
internal_count=68324 67222 63879 62781 4831 57950 3343 3290 1025 2265 1102 892 731 1098
is_linear=0
shrinkage=0.035


Tree=80
num_leaves=15
num_cat=0
split_feature=2 15 2 3 16 10 8 10 19 2 26 12 30 15
split_gain=18.0226 27.0111 19.2766 21.9715 19.2226 23.426 37.0789 18.2587 18.2221 16.8305 16.9998 14.5686 12.6265 12.6058
threshold=0.49754849076271063 23.082214355468754 0.15881025046110156 -0.08958935365080832 0.46644303202629095 0.38705265522003179 -0.24362841248512265 0.53849184513092052 -0.051360718905925744 -0.32887096703052515 1.1600000000000004 1.0855695605278017 -0.14999999999999988 24.709161758422855
decision_type=2 2 2 2 2 2 2 2 2 2 2 2 2 2
left_child=1 4 9 -4 8 6 -6 -7 11 10 -3 -1 -5 -2
right_child=13 2 3 12 5 7 -8 -9 -10 -11 -12 -13 -14 -15
leaf_value=0.0030834132625174944 0.0033486267243340523 0.017416217929078239 -0.011699196851604175 -0.0074407566709963182 -0.0066493067141012736 0.004984771637443236 0.0045924549372149655 -0.00034666955884902069 -0.010310384539208942 -0.011432201179223091 -0.014109986439411498 -0.015865492553473061 0.012161057035374567 0.016733552024192067
leaf_weight=347.72045751288533 495.73500224947929 45.725053377449512 97.806401710957289 45.362025365233421 938.00323739647865 1965.4343101345003 570.05631448328495 1305.8244238905609 363.13086053729057 564.87602300569415 24.426048185676336 47.731500118970871 159.29964005947113 96.572102889418602
leaf_count=3643 3588 384 1072 526 11071 17457 5995 11750 3870 6349 317 514 1108 680
internal_value=-1.88781e-05 -0.000556706 -0.0060176 0.0012343 0.000376933 0.00120085 -0.00239759 0.00286199 -0.00476209 -0.00943732 0.00604818 0.000461365 0.0076722 0.00577255
internal_weight=7067.7 6475.4 937.495 302.468 5537.9 4779.32 1508.06 3271.26 758.583 635.027 70.1511 395.452 204.662 592.307
internal_count=68324 64056 9756 2706 54300 46273 17066 29207 8027 7050 701 4157 1634 4268
is_linear=0
shrinkage=0.035


Tree=81
num_leaves=15
num_cat=0
split_feature=30 4 27 25 8 16 22 19 8 16 19 3 10 11
split_gain=17.0499 18.0534 17.2168 18.2038 19.688 17.0653 15.2558 14.4261 12.5725 15.7613 12.1899 20.7617 11.1316 13.6565
threshold=-0.24999999999999975 -0.088448628783225999 8.7764034884104571 4.4500000000000011 -0.59617215394973744 0.65912240743637096 0.17287103831768039 0.29384247958660131 -0.29805578291416163 0.90201142430305492 -0.051360718905925744 -0.048961913213133805 0.78011247515678417 0.24165757000446322
decision_type=2 2 2 2 2 2 2 2 2 2 2 2 2 2
left_child=8 6 3 4 -3 -5 -2 -4 -1 10 11 -10 13 -11
right_child=1 2 7 5 -6 -7 -8 -9 9 12 -12 -13 -14 -15
leaf_value=-0.0072822069587934217 0.010761708873752465 -0.0067030430050965383 -0.0096610335788846168 0.0046480853280790818 0.0021082174228294671 -0.0084776952184912619 -0.0010884151535171561 0.0083583331027151896 -0.013891606537041756 -0.0017310115441740645 -0.013285197284862896 0.029863817012263674 -0.0088916967904673593 0.013484075460108047
leaf_weight=614.71697459928691 366.9181554056704 326.61435309052467 333.04579163342714 158.33607103675604 4061.2701029963791 443.54972145333886 203.08576368913054 56.717456810176373 18.784952139481902 119.97608390077949 128.09355715103447 15.691197697073219 55.032981552183628 164.23426023125648
leaf_count=10191 2486 2601 3576 2097 32986 5792 1989 410 331 1576 1749 189 632 1719
internal_value=-1.95607e-05 0.000726901 9.41892e-05 0.000652863 0.0014386 -0.00500521 0.00659368 -0.00689541 -0.0039683 0.000154182 -0.00850226 0.00825989 0.00442713 0.00722068
internal_weight=7066.07 5949.54 5379.53 4989.77 4387.88 601.886 570.004 389.763 1116.53 501.813 162.57 34.4761 339.243 284.21
internal_count=68324 51937 47462 43476 35587 7889 4475 3986 16387 6196 2269 520 3927 3295
is_linear=0
shrinkage=0.035


Tree=82
num_leaves=15
num_cat=0
split_feature=2 15 14 15 4 24 10 2 23 3 25 2 11 15
split_gain=16.7789 25.405 18.3797 25.6613 22.4474 23.8115 21.8466 18.2154 18.523 17.062 14.4148 12.933 12.8494 14.9131
threshold=0.49754849076271063 23.082214355468754 0.44977405667304998 21.706601142883304 -0.024945699609816071 0.02951183915138245 0.43391011655330664 0.22573864459991458 0.14535007625818255 -0.048961913213133805 0.26500000000000007 -0.42015600204467768 0.60272285342216503 25.226474761962894
decision_type=2 2 2 2 2 2 2 2 2 2 2 2 2 2
left_child=1 2 3 6 10 -6 -1 8 -3 -9 -4 -10 13 -2
right_child=12 7 4 -5 5 -7 -8 9 11 -11 -12 -13 -14 -15
leaf_value=-0.0081530872579228288 0.0055163364669405662 -0.018295626551049767 -0.0057867608303773937 -0.010739624531514958 0.0018872770588707736 -0.0050875613338885548 0.0030680431432433368 -0.0098608948184248368 0.014356614168371175 0.0094704433561467096 0.0063947999114189764 -0.0065859415540641276 -0.0075234236173506493 0.026367161705508374
leaf_weight=288.61782154813409 484.30482358857989 171.7136338762939 124.0047088060528 379.11524124071002 1943.9601077623665 855.06146164610982 727.40350044891238 76.952441845089197 29.537793859839439 148.27250549569726 1219.1491207443178 506.32419176958501 72.307581432163715 37.437177337706089
leaf_count=3114 3436 2195 2132 3924 17637 9159 7351 830 276 1130 10983 5325 580 252
internal_value=-1.94422e-05 -0.000539472 0.000364158 -0.00309665 0.00153445 -0.000253964 -0.000167902 -0.00585059 -0.00858086 0.0027271 0.0052357 -0.00518969 0.00555964 0.0074802
internal_weight=7064.16 6470.11 5537.31 1395.14 4142.18 2799.02 1016.02 932.801 707.576 225.225 1343.15 535.862 594.05 521.742
internal_count=68324 64056 54300 14389 39911 26796 10465 9756 7796 1960 13115 5601 4268 3688
is_linear=0
shrinkage=0.035


Tree=83
num_leaves=14
num_cat=0
split_feature=14 17 16 30 16 10 15 15 13 24 3 15 19
split_gain=16.655 16.9039 15.1753 16.4834 20.3016 16.5826 6.45758 10.1124 5.26878 2.02917 3.12284 1.54158 0.97676
threshold=0.11347603052854539 0.01681488007307053 2.7844519615173344 0.15000000000000016 1.0180516242980959 0.42103236913681036 21.588316917419437 22.542233467102054 0.27001525461673742 0.032165920361876495 -0.062888737767934785 20.307813644409183 0.098542124032974257
decision_type=2 8 2 2 2 2 2 2 2 2 2 2 2
left_child=8 6 3 5 -5 -3 -2 -8 -1 10 -4 -10 -13
right_child=1 2 9 4 -6 -7 7 -9 11 -11 -12 12 -14
leaf_value=0.00072620007081809226 -0.025465999307636628 -0.002601594819618659 -0.016643308644491078 0.010417414222372721 -0.0012038152625752723 0.0012691810964022576 0.017441680000533831 -0.0155087921154592 -0.0038199579672186165 -0.00082584806798467476 -0.00041369572416504298 -0.02412335814015925 -0.0073868725728154965
leaf_weight=21.844157461076975 32.733115565031767 2030.5694393850863 74.849255699664354 421.59479658305645 317.90015022456646 4030.0892803929746 9.3500047530978936 18.10321968048811 13.152885150164364 18.707934871315956 18.148317161947489 37.836582131683826 17.76378782466054
leaf_count=274 593 22928 732 2666 2271 37143 151 370 147 216 152 476 205
internal_value=-1.95487e-05 0.000184204 0.000357233 0.000575646 0.00547218 -2.98369e-05 -0.0169063 -0.00262595 -0.0141593 -0.0118937 -0.0138238 -0.0183803 -0.0207174
internal_weight=7062.64 6972.05 6911.86 6800.15 739.495 6060.66 60.1863 27.4532 90.5974 111.706 92.9976 68.7533 55.6004
internal_count=68324 67222 66108 65008 4937 60071 1114 521 1102 1100 884 828 681
is_linear=0
shrinkage=0.035


Tree=84
num_leaves=15
num_cat=0
split_feature=16 10 15 8 15 1 3 8 14 10 15 6 16 10
split_gain=16.3814 16.9101 31.9875 28.9074 25.7056 22.8037 19.8786 19.6289 18.1836 16.8205 16.6836 17.7725 15.4923 12.1514
threshold=0.275269165635109 0.40050412714481359 21.250405311584476 -0.29805578291416163 23.082214355468754 0.20170953124761584 -0.34648436307907099 -0.64353126287460316 0.27658735215663915 0.44724313914775854 24.709161758422855 -0.26984405517578119 1.5075640678405764 0.7032412886619569
decision_type=2 2 2 2 2 2 2 2 2 2 2 2 2 2
left_child=-1 3 7 10 5 -5 -4 13 -8 -9 11 -2 -6 -3
right_child=1 2 6 4 12 -7 8 9 -10 -11 -12 -13 -14 -15
leaf_value=-0.0080599927916888085 0.0044112448563838717 -0.011996042940118665 -0.0054541528656233016 0.0017765120782888932 -0.012471400927535689 0.017478710319656608 -0.0085939122799962558 0.00055172517955189991 0.0019519194281597462 0.0093108594253409234 0.020862583753455868 -0.0092792035053139432 0.019067631632512277 0.011130482523960343
leaf_weight=287.57645877823234 128.97562227770686 105.8754168190062 745.17666380852461 771.63854134455323 181.97196352481842 123.43201561272144 209.69412874057889 368.68475323542953 2269.6529358588159 992.16003566235304 16.888704720884562 820.02574788965285 12.288255680352448 28.010086007416248
leaf_count=3306 1223 908 7200 8573 2315 840 2249 3288 19345 8753 218 9721 131 254
internal_value=-2.24886e-05 0.000330081 0.00148348 -0.00231274 0.00159336 0.00411107 -0.000481425 0.00569732 0.00102905 0.00695914 -0.00668923 -0.00739198 -0.00964052 -0.00672045
internal_weight=7062.05 6774.47 4719.25 2055.22 1089.33 895.071 3224.52 1494.73 2479.35 1360.84 965.89 949.001 194.26 133.886
internal_count=68324 65018 41997 23021 11859 9413 28794 13203 21594 12041 11162 10944 2446 1162
is_linear=0
shrinkage=0.035


Tree=85
num_leaves=15
num_cat=0
split_feature=10 10 8 30 4 0 24 8 2 8 19 19 7 18
split_gain=16.1563 23.2846 27.2091 22.5282 25.8399 22.2563 31.479 19.8764 20.1573 23.1633 19.7447 15.2675 14.5073 11.6918
threshold=0.7285253405570985 0.40050412714481359 -0.2598083615303039 0.15000000000000016 -0.024945699609816071 0.040418185293674476 0.027267058379948143 -0.64353126287460316 -0.39202545583248133 -0.51966801285743702 -0.013432951178401707 0.58000373840332042 -0.41100928187370295 -0.033921454101800912
decision_type=2 2 2 2 2 2 2 2 2 2 2 2 2 2
left_child=1 2 3 4 -1 10 -7 -3 -9 -10 -4 12 -2 -5
right_child=11 7 5 13 -6 6 -8 8 9 -11 -12 -13 -14 -15
leaf_value=-0.001348072193827843 0.0056286772891246057 -0.0075420312217623752 0.0047393087580057973 -0.0055361014056985406 -0.012880898260376694 0.021708753460209087 0.0012913858184197399 0.012718944612755398 -0.0057566640210284662 0.0032869354599757128 -0.0089088740474226186 0.0043941791289104732 -0.0073616213527917997 0.011817940898371132
leaf_weight=419.10506408847868 113.19075903669 225.74270784854889 231.86283125169575 70.009645745158195 548.6640682220459 130.70325680822134 274.07863498665392 232.33262798562646 382.74846333265305 3010.6900944970548 272.11410336941481 217.87627126649022 818.57299488782883 112.62795110046864
leaf_count=5252 1174 2028 2736 493 6929 1190 2693 1852 3617 26665 3023 1705 8141 826
internal_value=-2.07603e-05 0.000719196 -0.00227821 -0.00583269 -0.00795132 0.00223594 0.00824855 0.00232347 0.00295676 0.00225298 -0.00265976 -0.00379852 -0.00574055 0.00522363
internal_weight=7060.32 5910.68 2059.17 1150.41 967.769 908.759 404.782 3851.51 3625.77 3393.44 503.977 1149.64 931.764 182.638
internal_count=68324 57304 23142 13500 12181 9642 3883 34162 32134 30282 5759 11020 9315 1319
is_linear=0
shrinkage=0.035


Tree=86
num_leaves=15
num_cat=0
split_feature=17 10 8 6 8 6 22 11 18 10 25 25 14 23
split_gain=15.7321 16.4773 18.2736 42.3015 26.6172 14.7932 21.1658 12.354 11.4722 9.2807 17.7344 8.91485 8.68619 8.60544
threshold=0.01681488007307053 0.7285253405570985 -0.64353126287460316 -0.3030212521553039 -0.53330561518669117 0.71467840671539318 0.26397200673818594 0.49294732511043554 -0.12547200173139569 1.076923191547394 3.9399999999999999 0.55000000000000016 0.8024997115135194 0.15720312297344211
decision_type=8 2 2 2 2 2 2 2 2 2 2 2 2 2
left_child=-1 2 8 11 -5 6 7 -3 12 13 -11 -4 -2 -7
right_child=1 5 3 4 -6 9 -8 -9 -10 10 -12 -13 -14 -15
leaf_value=-0.016616727742352035 -0.0061433294408032007 -0.0057864849617754871 0.00046460189367390791 -0.0086456962662224673 0.0012089724058073239 0.026774012341446978 -0.011851873412942065 0.0036027471515499162 -0.012359655312422951 0.013440559893041229 -0.017722113289670445 0.015783110747945698 0.017391442721977755 -0.00020436651141838782
leaf_weight=59.278502168133855 35.44264218583703 351.65682000294328 56.380570583045483 350.28839921951294 4925.8672657161951 30.52855434268713 354.32075397670269 317.50519033893943 186.63586375489831 38.058941997587681 31.89994278177619 274.47624142840505 24.270896837115288 22.303837619721889
leaf_count=1116 301 3262 854 3443 47736 251 3966 2879 1749 225 301 1920 186 135
internal_value=-1.98519e-05 0.000144209 0.000897035 0.00131265 0.000539595 -0.00367456 -0.00506122 -0.00134401 -0.00824461 0.00739426 -0.00120833 0.0132629 0.00454505 0.0171649
internal_weight=7058.91 6999.64 5853.36 5607.01 5276.16 1146.27 1023.48 669.162 246.349 122.791 69.9589 330.857 59.7135 52.8324
internal_count=68324 67208 56189 53953 51179 11019 10107 6141 2236 912 526 2774 487 386
is_linear=0
shrinkage=0.035


Tree=87
num_leaves=15
num_cat=0
split_feature=30 22 15 6 8 3 2 16 18 9 8 21 16 3
split_gain=15.2554 15.6505 14.5812 14.6107 29.0628 24.4578 12.5503 11.4882 14.9721 13.8264 11.1401 10.5342 8.39468 8.28835
threshold=-0.24999999999999975 0.41980001330375677 25.226474761962894 -0.3030212521553039 -0.54734903573989857 -0.49925649166107172 0.2532880455255509 1.039364278316498 -0.12547200173139569 1.0586792230606081 -0.32700973749160761 -0.13325501978397367 1.1311696767807009 0.16643942147493365
decision_type=2 2 2 2 2 2 2 2 2 2 2 2 2 2
left_child=7 2 3 5 -5 -2 12 8 -1 10 -9 -12 -4 -10
right_child=1 -3 6 4 -6 -7 -8 9 13 -11 11 -13 -14 -15
leaf_value=0.0059966473992206408 -0.0030142898463001002 -0.0043642653817125591 0.012689244500189668 -0.009139769553558023 0.0012348932340325279 0.012361347253056638 0.026517658844672061 -0.0044712161415604423 -0.011080652288951996 -0.012655912198098593 0.01927399679225706 0.0030276086958261864 -0.013184117723111977 0.00024756101106072887
leaf_weight=87.606447760015726 198.94895587861538 658.32755648717284 22.572509216144681 348.04097877070308 4335.7709355484694 323.89248339086771 41.851065523922443 153.54554371163249 437.26919624209404 74.784284710884094 56.509845901280642 204.1514459811151 19.087322518229485 95.598810903728008
leaf_count=1289 1525 8368 224 3024 36120 2281 227 2592 7383 1028 713 2252 168 1130
internal_value=-1.96456e-05 0.00068469 0.00132005 0.00107189 0.000446151 0.00656392 0.0150228 -0.00376838 -0.00689097 0.000252524 0.00282652 0.00713171 0.000577428 -0.0090812
internal_weight=7057.96 5948.49 5290.16 5206.65 4683.81 522.841 83.5109 1109.47 620.474 488.991 414.207 260.661 41.6598 532.868
internal_count=68324 51937 43569 42950 39144 3806 619 16387 9802 6585 5557 2965 392 8513
is_linear=0
shrinkage=0.035


Tree=88
num_leaves=15
num_cat=0
split_feature=14 2 15 2 6 3 8 6 5 11 15 3 33 1
split_gain=15.2543 15.4874 24.3273 17.0722 20.8821 19.4444 17.0546 29.7181 14.0853 12.9983 10.9896 21.8386 16.9799 4.80061
threshold=0.11347603052854539 0.49754849076271063 23.082214355468754 0.15881025046110156 -0.14215837419033048 -0.08958935365080832 -0.64353126287460316 -0.3030212521553039 -0.14981188625097272 0.69632813334465038 24.709161758422855 1.3224015235900881 -0.19915186108208052 -0.22028669714927671
decision_type=2 2 2 2 2 2 2 2 2 2 2 2 2 2
left_child=13 2 6 4 -4 -5 8 -8 -2 10 11 -3 -12 -1
right_child=1 9 3 5 -6 -7 7 -9 -10 -11 12 -13 -14 -15
leaf_value=0.0034551570859079656 0.00070727794905137825 0.0072042024322621304 0.0012745442004795662 -0.01106827270935324 -0.012792958022005771 0.0072629559908816491 0.010645878553101479 0.0003057376726232287 -0.014249999570868191 -0.013223443326499012 -0.0011131208344381605 -0.015629301939768914 0.028906855393312704 -0.016796506753195092
leaf_weight=13.579997472465037 140.5582283437252 420.49810442328453 178.20787826552987 95.717129096388817 444.89319948665798 205.55911422148347 356.55962025001645 4797.5238116774708 158.50024623051286 33.179329339414835 35.909533821046352 48.758152231574059 51.184790410101414 75.33066039159894
leaf_count=183 1222 2959 1913 1071 5126 1628 2970 47545 1553 281 262 363 329 919
internal_value=-1.82101e-05 0.000175305 -0.000329786 -0.00554814 -0.00881305 0.00127054 0.000563329 0.0010403 -0.00742462 0.00555372 0.00688726 0.00455507 0.0176896 -0.0136667
internal_weight=7055.96 6967.05 6377.52 924.377 623.101 301.276 5453.14 5154.08 299.058 589.53 556.351 469.256 87.0943 88.9107
internal_count=68324 67222 63028 9738 7039 2699 53290 50515 2775 4194 3913 3322 591 1102
is_linear=0
shrinkage=0.035


Tree=89
num_leaves=15
num_cat=0
split_feature=17 10 10 21 8 3 8 6 6 25 11 18 7 10
split_gain=14.8993 15.2403 16.7893 31.351 27.4265 22.106 20.2984 22.18 13.3344 18.1091 14.2016 9.24441 8.71334 8.65206
threshold=0.01681488007307053 0.7285253405570985 0.42103236913681036 0.017203905154019598 -0.33416876196861262 0.46476800739765173 -0.64353126287460316 -0.3030212521553039 0.71467840671539318 3.4300000000000002 0.49294732511043554 -0.12547200173139569 -1.0000000180025095e-35 1.076923191547394
decision_type=8 2 2 2 2 2 2 2 2 2 2 2 2 2
left_child=-1 2 3 5 -5 -2 11 -8 9 10 -3 -4 -11 -10
right_child=1 8 6 4 -6 -7 7 -9 13 12 -12 -13 -14 -15
leaf_value=-0.016285420239926601 -0.0066742353234510894 -0.0062501628379736532 0.0039976018187606044 -0.0044416994905680249 0.0062035717609516981 0.01866956105240573 0.013049393755965196 0.0022471877827638775 0.016291262638462593 -0.012847623408806682 0.0036693419133316018 -0.011965941645374087 0.0095037720711214444 -0.0013723530112550075
leaf_weight=58.315208598971367 1062.750894697383 365.48815220594406 54.834493655711412 457.4075442571193 804.32143850438297 34.431638155132532 243.04353538900614 3040.3795657604933 53.557073071599007 311.70373540744185 325.05150651931763 157.64656866341829 15.868660394102333 69.927275482565165
leaf_count=1116 12499 3387 439 4828 7822 189 1978 26935 386 3633 2926 1499 161 526
internal_value=-1.92801e-05 0.000139349 0.000861974 -0.00141612 0.00233982 -0.00571746 0.0023988 0.00308398 -0.00354203 -0.00486788 -0.00159512 -0.00785175 -0.0115154 0.00693517
internal_weight=7054.73 6996.41 5854.82 2358.91 1261.73 1097.18 3495.9 3283.42 1141.6 1018.11 690.54 212.481 327.572 123.484
internal_count=68324 67208 56189 25338 12650 12688 30851 28913 11019 10107 6313 1938 3794 912
is_linear=0
shrinkage=0.035


Tree=90
num_leaves=15
num_cat=0
split_feature=16 10 19 15 10 24 33 3 21 22 15 15 2 30
split_gain=14.6212 15.4647 25.6311 19.0601 21.5633 24.5752 19.5629 26.5756 18.3428 18.1289 15.1782 12.2776 11.9691 7.42421
threshold=0.275269165635109 0.30790668725967413 0.33352841436862951 21.039870262146 0.44724313914775854 0.028484541922807697 -0.070036689877633604 -0.11398011073470114 -0.059047469869256013 0.1916291415691376 22.542233467102054 24.709161758422855 -0.16453171521425244 0.15000000000000016
decision_type=2 2 2 2 2 2 2 2 2 2 2 2 2 2
left_child=13 2 10 4 5 -3 7 -5 -8 -6 12 -12 -2 -1
right_child=1 3 -4 6 9 -7 8 -9 -10 -11 11 -13 -14 -15
leaf_value=-0.0096452255122646876 -0.012017032357564133 0.0057628130831086331 0.027493976075843425 -0.002031925540825603 0.011754525100633845 -0.0056853355312094459 -0.001237769325713086 0.0047052806483170416 -0.010103423886253219 0.0015680731039968195 -0.019241458281498439 0.0090605134298129119 -0.00017960067574775983 0.006774157356406357
leaf_weight=252.70013481751084 128.36952468194067 451.96762209385633 19.734557457268238 1450.6086905747652 534.66148369759321 446.86596651002765 1017.2337754592299 1400.6302858702838 389.5278043448925 358.28965857997537 124.75036461092532 15.796007759869097 430.48404435254633 31.498908385634422
leaf_count=3085 1843 4252 89 13113 4341 4312 10451 10611 4613 3417 1916 283 5777 221
internal_value=-1.84205e-05 0.000313114 -0.00450322 0.000892115 0.00390976 7.12966e-05 -0.000383907 0.00128251 -0.00374663 0.00772992 -0.0057809 -0.01567 -0.00306213 -0.007657
internal_weight=7053.12 6768.92 719.134 6049.79 1791.78 898.834 4258 2851.24 1406.76 892.951 699.4 140.546 558.854 284.199
internal_count=68324 65018 9908 55110 16322 8564 38788 23724 15064 7758 9819 2199 7620 3306
is_linear=0
shrinkage=0.035


Tree=91
num_leaves=15
num_cat=0
split_feature=14 25 33 17 3 15 16 3 23 16 8 6 28 6
split_gain=14.1724 15.5162 25.0315 20.7902 54.5995 23.5721 18.0101 12.763 12.4932 13.8133 14.6454 10.9725 9.81818 14.7671
threshold=0.20461814850568774 4.2150000000000007 -0.070036689877633604 0.03847030550241471 0.36682300269603735 20.93571758270264 2.7844519615173344 -0.52389565110206593 0.20300724357366565 0.6103312373161317 -0.16771382093429563 0.37233592569828039 -1.4366782429296008 0.054117932915687568
decision_type=2 2 2 8 2 2 2 2 2 2 2 2 2 2
left_child=12 2 6 4 -4 -5 7 -2 9 11 -11 -3 -1 -14
right_child=1 8 3 5 -6 -7 -8 -9 -10 10 -12 -13 13 -15
leaf_value=-0.020106772893524257 -0.004458632663931276 0.00069010243234114807 -0.0088074051785172938 0.0081121223902247738 0.030011015277491847 -0.001997788997170338 -0.015268571090304184 0.0038402180533892083 0.0075981357152474548 -0.011291253732185551 -0.0014294115488491573 0.026842519906690523 -0.0075973318296088214 0.010208140554744404
leaf_weight=46.35075655579567 236.17765993624926 127.30904229544103 718.02082588151097 370.51825304701924 37.583136565983295 1087.4459046833217 55.781771942973137 3181.3672623410821 98.966493263840675 406.74279017187655 336.86062779277563 13.364902302622793 272.25068311020732 62.320455186069012
leaf_count=573 1805 1755 9345 3857 243 11293 461 23797 1268 6554 3402 136 3187 648
internal_value=-1.79411e-05 0.000361137 0.00106443 -0.00183921 -0.00650984 0.000609242 0.0029149 0.00325537 -0.00367632 -0.00500899 -0.00690198 0.00479134 -0.00649523 -0.00408071
internal_weight=7051.06 6670.14 5686.89 2213.57 755.604 1457.96 3473.33 3417.54 983.244 884.277 743.603 140.674 380.922 334.571
internal_count=68324 63916 50801 24738 9588 15150 26063 25602 13115 11847 9956 1891 4408 3835
is_linear=0
shrinkage=0.035


Tree=92
num_leaves=15
num_cat=0
split_feature=17 16 15 10 24 3 15 8 12 1 8 5 16 15
split_gain=13.9167 14.3404 14.2576 22.1881 33.6261 17.596 17.2767 14.8799 14.0241 16.0065 14.6175 11.4072 8.38147 6.97467
threshold=0.01681488007307053 0.39672289788722997 20.93571758270264 0.44724313914775854 0.027896618470549587 -0.34648436307907099 25.226474761962894 -0.64353126287460316 0.80842104554176342 -0.18556282669305799 -0.26735340058803553 -0.16135718673467633 0.275269165635109 21.588316917419437
decision_type=8 2 2 2 2 2 2 2 2 2 2 2 2 2
left_child=13 8 3 4 -3 11 -7 -5 9 12 -11 -4 -2 -1
right_child=1 2 5 7 -6 6 -8 -9 -10 10 -12 -13 -14 -15
leaf_value=-0.024873792695517091 2.9610712983307311e-05 0.0069072768939050268 0.0060496519605119804 -0.0058757168918421587 -0.005393277542992304 0.00029596320196300822 0.01379366480444257 0.0099247716483471301 -0.01353936616490342 -0.0095950904562254937 0.0064540176526412807 -0.0057243661326738769 0.019009501932885978 -0.0012223220731407852
leaf_weight=31.073590045794845 55.671486500650644 484.3518352098763 105.04014511033893 76.01896071434021 595.96256606280804 3496.9251285847276 110.17811830341816 615.64470846578479 159.93989296257496 248.97936599701643 87.073584947735071 907.23511908203363 48.467389680445194 26.041115229949355
leaf_count=595 651 4768 913 640 6642 32320 928 5195 1742 2831 871 9209 498 521
internal_value=-1.70266e-05 0.000135046 0.00062353 0.00328313 0.000134366 -0.00040157 0.000745242 0.00812919 -0.00499222 -0.00165493 -0.00537032 -0.00445539 0.00975461 -0.0158789
internal_weight=7048.6 6991.49 6391.36 1771.98 1080.31 4619.38 3607.1 691.664 600.132 440.192 336.053 1012.28 104.139 57.1147
internal_count=68324 67208 60615 17245 11410 43370 33248 5835 6593 4851 3702 10122 1149 1116
is_linear=0
shrinkage=0.035


Tree=93
num_leaves=15
num_cat=0
split_feature=30 4 27 22 8 19 22 16 18 9 8 22 6 23
split_gain=13.6297 14.9947 15.5725 14.4103 14.089 12.8507 12.3139 10.6363 14.4624 13.0321 10.0308 9.88 8.98043 8.91843
threshold=-0.24999999999999975 -0.088448628783225999 8.7764034884104571 0.41980001330375677 -0.59617215394973744 0.29384247958660131 0.17287103831768039 1.039364278316498 -0.070730343461036668 1.0586792230606081 -0.32700973749160761 0.13634788990020755 -0.2425713241100311 0.18093542009592059
decision_type=2 2 2 2 2 2 2 2 2 2 2 2 2 2
left_child=7 6 3 4 -3 12 -2 8 -1 10 -9 -12 -4 -8
right_child=1 2 5 -5 -6 -7 13 9 -10 -11 11 -13 -14 -15
leaf_value=0.00071799539636939046 0.0096597943846220124 -0.0056864903561969146 0.0037114801190150375 -0.004326260377929823 0.0018735805849142016 0.0077236550940930565 0.0046463045308125272 -0.0041876375862814246 -0.010457691577596033 -0.012324190388064938 0.018553424889901877 0.0028707071392151447 -0.011665260643801493 -0.0097566999777736786
leaf_weight=215.14260781928897 372.81995622441173 316.640151001513 50.566984355449677 626.15506283938885 4041.7166434582323 57.160744816064835 126.14069655165076 152.2243599165231 399.55907312221825 73.780983842909336 56.993015773594379 204.47662163153291 278.2390046082437 76.006408136337996
leaf_count=3309 2486 2562 523 7963 32951 410 1291 2592 6493 1028 713 2252 3053 698
internal_value=-1.70725e-05 0.000647159 6.74188e-05 0.000596977 0.00131257 -0.00661385 0.0059685 -0.00357372 -0.00659737 0.00029505 0.00278341 0.00684662 -0.00926073 -0.000973794
internal_weight=7047.62 5945.45 5370.48 4984.51 4358.36 385.967 574.967 1102.18 614.702 487.475 413.694 261.47 328.806 202.147
internal_count=68324 51937 47462 43476 35513 3986 4475 16387 9802 6585 5557 2965 3576 1989
is_linear=0
shrinkage=0.035


Tree=94
num_leaves=15
num_cat=0
split_feature=14 17 16 11 10 15 3 19 8 13 8 15 11 10
split_gain=13.403 13.5716 13.32 14.6025 15.9222 12.4729 8.01616 10.1526 12.3954 5.29845 2.17656 2.60397 2.05931 4.49591
threshold=0.11347603052854539 0.021191173233091835 2.7844519615173344 0.14671359211206439 0.28829911351203924 22.17018032073975 0.61237391829490673 0.01260975142940879 -0.25204378366470331 0.27001525461673742 -0.28255020081996912 20.355824470520023 0.22151952236890796 0.7032412886619569
decision_type=2 8 2 2 2 2 2 2 2 2 2 2 2 2
left_child=9 6 3 5 -5 -3 7 8 -2 -1 11 -11 -4 -14
right_child=1 2 12 4 -6 -7 -8 -9 -10 10 -12 -13 13 -15
leaf_value=0.0017588049906813207 -0.014482632580520845 0.020075042755829848 -0.020059757702722027 -0.0074192624259223384 0.000797914589833693 -0.005731155011459369 0.013654422564888078 -0.023522542873662122 0.0055196609880122979 -0.0025106509047628641 -0.0022862189972002417 -0.023515249169262946 0.0029795103873927137 -0.012384800883997928
leaf_weight=21.101722598075867 69.342996532097459 73.066582422703505 19.776141069829464 292.82395251840353 6268.8931869901717 26.54319797642529 9.6372088417410833 44.993708316236734 65.011772455647588 11.444127053022383 12.976948287338017 41.056892205029726 30.311482857912779 58.905069474130869
leaf_count=274 1274 732 184 3960 57863 226 54 870 1145 134 150 544 277 637
internal_value=-1.72827e-05 0.000162188 0.000426359 0.000632771 0.000420482 0.0133029 -0.00884744 -0.0107138 -0.00509201 -0.0129663 -0.0173161 -0.0200709 -0.0111819 -0.00739057
internal_weight=7045.88 6959.31 6770.32 6661.33 6561.72 99.6098 188.986 179.348 134.355 86.5797 65.478 52.501 108.993 89.2166
internal_count=68324 67222 63879 62781 61823 958 3343 3289 2419 1102 828 678 1098 914
is_linear=0
shrinkage=0.035


Tree=95
num_leaves=15
num_cat=0
split_feature=17 10 19 25 10 22 22 17 15 19 7 17 17 30
split_gain=12.9782 13.8474 14.8697 23.4774 31.3511 26.082 15.9071 16.6611 14.0451 12.2812 12.7566 10.0679 9.9913 9.94397
threshold=0.01681488007307053 0.7285253405570985 0.19167944788932803 2.4450000000000007 0.41401821374893194 0.26397200673818594 0.12264757230877878 0.058443466201424606 21.533134460449222 0.58000373840332042 -0.41100928187370295 0.066975802183151259 0.066975802183151259 -0.14999999999999988
decision_type=8 2 2 2 2 2 2 10 2 2 2 8 10 2
left_child=-1 2 3 4 -2 -5 7 -4 -8 10 12 -12 -3 -11
right_child=1 9 6 5 -6 -7 8 -9 -10 13 11 -13 -14 -15
leaf_value=-0.015472020247708433 -0.0087209002781218053 -0.0047733076649046106 0.0046307194714869963 0.0068046788565852738 0.00021509387500097418 -0.00022715506407799325 0.010578504097969964 0.028805295613301411 -0.00054615286216264385 -0.008752321755490948 -0.0029698868820600844 -0.010867861281374767 0.014604779424517983 0.007881568527879048
leaf_weight=55.965866252779961 687.76481243781745 55.694326512515545 84.379908360540867 982.26581472158432 1546.3644083067775 1850.7372481934726 189.28553339093924 55.878092713654041 456.76535596512258 49.245840672403574 432.02294803038239 371.78107487037778 57.65656965970993 169.74185785278678
leaf_count=1116 8767 615 659 6810 15026 19756 1353 408 3410 526 4359 3781 559 1179
internal_value=-2.02655e-05 0.000125385 0.000812987 0.000114041 -0.00256241 0.0022263 0.00525914 0.0155378 0.00282481 -0.00339335 -0.00516351 -0.00671157 0.00546838 0.00392208
internal_weight=7045.55 6989.58 5853.44 5067.13 2234.13 2833 786.309 140.258 646.051 1136.14 917.155 803.804 113.351 218.988
internal_count=68324 67208 56189 50359 23793 26566 5830 1067 4763 11019 9314 8140 1174 1705
is_linear=0
shrinkage=0.035


Tree=96
num_leaves=15
num_cat=0
split_feature=14 17 16 30 16 17 15 15 15 1 8 11 10 15
split_gain=12.7361 12.5335 12.4671 12.6291 18.471 12.0542 6.95907 9.51708 4.86606 2.39463 3.19631 2.18391 4.19662 0.228386
threshold=0.11347603052854539 0.01681488007307053 2.7844519615173344 0.15000000000000016 1.0180516242980959 0.040478471666574485 21.588316917419437 22.542233467102054 20.355824470520023 -0.20846495032310483 -0.28255020081996912 0.22151952236890796 0.7032412886619569 23.720235824584964
decision_type=2 8 2 2 2 10 2 2 2 2 2 2 2 2
left_child=8 6 3 5 -5 -3 -2 -8 -1 -10 -11 -4 -13 -9
right_child=1 2 11 4 -6 -7 7 13 9 10 -12 12 -14 -15
leaf_value=0.0023594261822287559 -0.024319820762045044 -0.0018948839618452126 -0.019997383380936602 0.0094315173928365865 -0.0015895363007512673 0.0012723853819573525 0.018414107974467287 -0.0032565853834544884 -0.00088907306370866409 -0.022881120995997699 -0.001748475559954115 0.0028575115141755386 -0.012005435959284686 -0.016962316222444734
leaf_weight=18.300227399915457 29.588667331263423 2502.4200241100043 19.751570899039507 427.50164436548948 320.03773995488882 3544.5830959826708 9.0075164157897252 8.001141484826805 11.346952948719261 43.486443277448416 12.582122545689343 30.404737871140242 58.104703482240438 8.4758723434060794
leaf_count=210 593 27447 186 2666 2271 32624 151 179 161 586 145 277 637 191
internal_value=-1.89535e-05 0.00015526 0.000298957 0.000494339 0.00475447 -3.92843e-05 -0.0151337 -0.000620253 -0.0126993 -0.0165638 -0.0191213 -0.0109683 -0.00712794 -0.0140505
internal_weight=7043.59 6957.88 6902.8 6794.54 747.539 6047 55.0732 25.4845 85.7157 67.4155 56.0686 108.261 88.5094 16.477
internal_count=68324 67222 66108 65008 4937 60071 1114 521 1102 892 731 1100 914 370
is_linear=0
shrinkage=0.035


Tree=97
num_leaves=15
num_cat=0
split_feature=16 17 16 3 15 17 8 7 10 12 1 8 21 25
split_gain=12.5631 15.3882 17.2504 19.6723 16.6168 31.6655 22.5541 16.366 13.8144 13.3284 15.1765 13.3768 18.2439 11.6118
threshold=0.39672289788722997 0.02603618893772364 1.5075640678405764 -0.52389565110206593 21.77038669586182 0.047007123008370406 -0.26735340058803553 -0.38027058541774744 0.47392559051513677 0.80842104554176342 -0.18556282669305799 -0.26735340058803553 0.060504643246531493 2.4450000000000007
decision_type=2 10 2 2 2 10 2 2 2 2 2 2 2 2
left_child=9 -2 3 7 5 -4 -6 -3 -5 10 -1 13 -13 -12
right_child=1 2 4 8 6 -7 -8 -9 -10 -11 11 12 -14 -15
leaf_value=0.0094865431580998024 -0.0052030479106372407 0.012379944078398354 -0.0068371895258048281 0.00075702590154784585 -0.010865035130483447 0.0083908827803294665 -9.4754410326292469e-05 -0.010102734569939686 0.0048656026614637771 -0.013220362110570736 -0.018339876041063505 0.01839340525292445 -0.010790139959867847 -0.0029422775014885105
leaf_weight=104.62388145923615 534.1042206492275 38.295365314930677 276.89015129581094 2086.2500974293798 433.70290338993073 392.2628502137959 514.59758041426539 241.81592490896583 1927.6960457079113 158.15277577750385 94.251302409917116 50.089872922748327 37.814211871474981 152.54130920767784
leaf_count=1149 7633 304 2742 19944 4565 3384 4359 2292 16489 1743 1175 508 372 1665
internal_value=-2.20353e-05 0.000430803 0.000947748 0.00210704 -0.00212402 0.00208174 -0.00508249 -0.00670824 0.00273736 -0.00483399 -0.0015879 -0.00522448 0.00601952 -0.00930789
internal_weight=7043.09 6445.62 5911.51 4294.06 1617.45 669.153 948.3 280.111 4013.95 597.473 439.321 334.697 87.9041 246.793
internal_count=68324 61712 54079 39029 15050 6126 8924 2596 36433 6612 4869 3720 880 2840
is_linear=0
shrinkage=0.035


Tree=98
num_leaves=15
num_cat=0
split_feature=14 26 33 21 8 4 19 8 8 23 12 8 2 15
split_gain=12.145 13.412 20.9331 18.6431 17.5628 16.8434 11.8565 29.7634 18.7077 11.7763 10.7209 20.3145 17.6503 9.64301
threshold=0.20461814850568774 -0.76500000000000001 -0.070036689877633604 -0.059047469869256013 -0.071263559162616716 0.015787994489073757 -0.089045319706201539 -0.38471549749374384 -0.59617215394973744 0.20300724357366565 0.66564378142356884 -0.15692905336618421 -0.021276110783219334 20.402801513671879
decision_type=2 2 2 2 2 2 2 2 2 2 2 2 2 2
left_child=13 9 6 5 -5 -4 7 -3 -8 10 12 -12 -2 -1
right_child=1 2 3 4 -6 -7 8 -9 -10 -11 11 -13 -14 -15
leaf_value=0.0048051943104938247 0.023078548693722806 0.0014155448380462907 0.003370287914308288 -0.0087512858391609813 0.011200265066510607 -0.0038387502080671041 -0.014210612966534216 0.013860755541101789 0.001922927416898346 0.0074857599385745946 -0.010919715045383185 0.00063445342164558151 -0.0041678910638717741 -0.0087749855045208287
leaf_weight=73.669944733381271 33.177189730107784 672.3567999266088 919.55131134577096 549.30198006518185 51.271462958306074 683.05627026036382 81.486967105418444 354.43271886557341 2377.9681015200913 99.134068431332707 450.4991837926209 311.42442867718637 82.348267879337072 302.36411932110786
leaf_count=824 557 4914 10698 7196 383 6461 648 2837 17664 1268 7184 3095 1011 3584
internal_value=-2.29659e-05 0.000326091 0.000977827 -0.00168805 -0.00689246 0.000292933 0.00266258 0.0058037 0.00133301 -0.00344225 -0.00474734 -0.00625009 0.00487207 -0.0060589
internal_weight=7042.04 6666.01 5689.43 2203.18 600.573 1602.61 3486.24 1026.79 2459.46 976.583 877.449 761.924 115.525 376.034
internal_count=68324 63916 50801 24738 7579 17159 26063 7751 18312 13115 11847 10279 1568 4408
is_linear=0
shrinkage=0.035


Tree=99
num_leaves=15
num_cat=0
split_feature=30 4 27 10 15 18 6 7 16 18 17 6 16 10
split_gain=11.9127 13.6441 13.3464 13.2134 14.5161 11.5811 11.5032 11.2185 10.0684 16.5168 16.2818 11.3363 9.94541 9.25309
threshold=-0.24999999999999975 -0.088448628783225999 8.7764034884104571 0.19265986233949664 20.791276931762699 -0.13618934154510495 0.26201575994491583 -0.35909183323383326 1.1311696767807009 -0.070730343461036668 0.064922168850898757 -0.19034255295991895 0.88301676511764537 0.4669055193662644
decision_type=2 2 2 2 2 2 2 2 2 2 8 2 2 2
left_child=8 5 3 -3 -5 7 -4 -2 9 12 11 -10 -1 -11
right_child=1 2 6 4 -6 -7 -8 -9 10 13 -12 -13 -14 -15
leaf_value=-0.0022365381235898672 0.0082770071527419522 -0.016593979286375401 -0.0083944538706018368 0.0039750392678239675 -0.00038340212156446143 0.0098894945174601897 0.0092172239151732688 -0.0061635919691004175 -0.010281768650680692 -0.014562361158518456 -0.0077062425994110584 0.0090300564737393965 0.014488064897334578 -0.0042763858411224449
leaf_weight=182.34514999575913 104.33813532814384 44.610922656953335 337.22822802513838 1242.5786171369255 3699.2778263520449 327.58627079054713 43.86738258600235 145.56956744939089 35.54059486463666 232.05044163763523 158.26686887443066 227.39690845832229 46.45754312351346 213.08719587698579
leaf_count=2821 815 704 3725 11027 31745 2423 261 1237 610 4222 2062 2948 697 3027
internal_value=-2.18177e-05 0.000597555 4.32181e-05 0.000530513 0.000718297 0.00566145 -0.00618336 -4.80546e-05 -0.0033591 -0.0059816 0.000878387 0.00613866 0.00162382 -0.00984061
internal_weight=7040.2 5945.06 5367.56 4986.47 4941.86 577.494 381.096 249.908 1095.14 673.94 421.204 262.938 228.803 445.138
internal_count=68324 51937 47462 43476 42772 4475 3986 2052 16387 10767 5620 3558 3518 7249
is_linear=0
shrinkage=0.035


Tree=100
num_leaves=15
num_cat=0
split_feature=2 15 14 25 25 2 6 3 15 10 25 19 11 15
split_gain=11.8073 20.7089 15.5505 17.4104 16.4428 15.2128 19.8811 17.0459 15.1888 25.2375 12.9571 12.2343 11.3252 12.3128
threshold=0.49754849076271063 23.082214355468754 0.55340856313705455 4.2150000000000007 2.4450000000000007 0.15881025046110156 -0.14215837419033048 -0.08958935365080832 21.77038669586182 0.43391011655330664 1.4450000000000001 0.13187471777200702 0.60272285342216503 25.226474761962894
decision_type=2 2 2 2 2 2 2 2 2 2 2 2 2 2
left_child=1 2 8 4 -4 6 10 -7 9 -1 -3 -8 13 -2
right_child=12 5 3 -5 -6 7 11 -9 -10 -11 -12 -13 -14 -15
leaf_value=-0.0070290010047258274 0.0046383689858566501 -0.010587813673164709 9.1381074558431015e-05 -0.0047279268833764166 0.0051010680953647372 -0.010567749977097779 -0.016399759210021375 0.0066625098528083002 -0.0074801154109734643 0.0029396298144337592 0.0080929443975245076 -0.0037451615127536558 -0.0076472759818510243 0.023293713246767853
leaf_weight=454.16818446479738 489.03362582996488 61.269757809117436 1613.1114045679569 446.08263210393488 1588.0275551900268 94.069123851135373 291.50262907706201 207.37112777680159 487.55871934816241 933.5757016018033 116.13024891912937 146.22471622377634 72.03941310942173 38.859330870211124
leaf_count=4957 3436 898 16448 6539 12247 1072 3518 1634 4932 9177 1022 1612 580 252
internal_value=-2.22175e-05 -0.000462399 0.000349383 0.00167987 0.00258474 -0.00530455 -0.00841986 0.00111887 -0.00223342 -0.00034976 0.00142035 -0.0123505 0.00463238 0.00641915
internal_weight=7039.02 6439.09 5522.52 3647.22 3201.14 916.568 615.127 301.44 1875.3 1387.74 177.4 437.727 599.932 527.893
internal_count=68324 64056 54300 35234 28695 9756 7050 2706 19066 14134 1920 5130 4268 3688
is_linear=0
shrinkage=0.035


Tree=101
num_leaves=15
num_cat=0
split_feature=14 2 15 8 6 16 2 23 1 11 15 3 33 13
split_gain=11.7433 11.6868 20.3711 14.6906 24.4119 18.7195 14.4283 17.5402 15.2008 11.5624 9.6225 20.4187 15.6876 5.18824
threshold=0.11347603052854539 0.49754849076271063 23.082214355468754 -0.64353126287460316 -0.3030212521553039 0.97832313179969799 0.22573864459991458 0.14535007625818255 0.27537725865840917 0.69632813334465038 24.709161758422855 1.3224015235900881 -0.19915186108208052 0.27001525461673742
decision_type=2 2 2 2 2 2 2 2 2 2 2 2 2 2
left_child=13 2 3 5 -5 -2 7 -4 -8 10 11 -3 -12 -1
right_child=1 9 6 4 -6 -7 8 -9 -10 -11 12 -13 -14 -15
leaf_value=0.0021872123471450991 -0.013682797417594707 0.006416361355687507 -0.017268388595971334 0.0095874297906296379 0.00028346702466184866 0.0039549702859644426 0.010684721455058922 -0.0043022106531334751 -0.0068045434589708576 -0.012966969993915471 -0.0017799975395035624 -0.015646580394564215 0.026684934310204592 -0.016671641766120793
leaf_weight=20.789590258151293 180.81086824834347 424.34528843685985 164.083860212937 362.37980406731367 4789.4300606418401 114.15953073650599 118.87452695518732 522.51869293116033 106.08727535232902 32.816507771611214 36.327053513377905 48.667756482958794 52.470359399914742 63.590844977647066
leaf_count=274 1696 2959 2192 2970 47545 1079 1039 5593 914 281 262 363 329 828
internal_value=-2.27656e-05 0.000143488 -0.000298228 0.000515114 0.000955216 -0.00695077 -0.00511097 -0.00760427 0.00249857 0.00479357 0.00603963 0.00386939 0.0160384 -0.0122858
internal_weight=7037.35 6952.97 6358.34 5446.78 5151.81 294.97 911.564 686.603 224.962 594.627 561.81 473.013 88.7974 84.3804
internal_count=68324 67222 63028 53290 50515 2775 9738 7785 1953 4194 3913 3322 591 1102
is_linear=0
shrinkage=0.035


Tree=102
num_leaves=15
num_cat=0
split_feature=10 10 8 19 1 19 1 6 8 6 10 6 8 24
split_gain=11.7065 16.1912 24.961 19.1296 22.9767 13.7323 14.685 14.464 13.6594 26.3674 27.3204 19.0875 17.108 13.5277
threshold=0.7285253405570985 0.40050412714481359 -0.29805578291416163 -0.057774035260081284 0.18281059712171557 -0.14008755981922147 -0.24912887811660764 -0.26984405517578119 -0.51966801285743702 -0.2425713241100311 0.49553869664669042 -0.17330613732337949 -0.41473613679409022 0.027066921815276149
decision_type=2 2 2 2 2 2 2 2 2 2 2 2 2 2
left_child=1 2 5 -4 -5 6 -1 -7 9 10 -3 12 -10 -13
right_child=-2 8 3 4 -6 7 -8 -9 11 -11 -12 13 -14 -15
leaf_value=-0.013447661209344514 -0.0032696609206799227 0.011143799607017387 0.0096869094746001357 -0.0041185536352085677 0.0096847257994024053 0.007299054151453788 0.0057487507496716776 -0.0099679005595752924 0.012305781434701707 -0.012162187897246103 -0.004448115466343573 -0.0034780472440026095 -0.0014322594480292918 0.0029151982496137315
leaf_weight=54.653054121881723 1131.0302070826292 221.78977512568235 265.62202162481844 634.91490061208606 181.70178211852908 58.190504927188158 189.82822089828551 649.32578993029892 415.1771305128932 220.48869189620018 329.90642645210028 496.44716916233301 147.67223152145743 2039.5560445822775
leaf_count=586 11020 1888 3182 7415 1291 574 2281 7813 3684 2199 2886 5070 1355 17080
internal_value=-2.3825e-05 0.000602323 -0.00191986 0.00171244 -0.000967241 -0.00602396 0.00109765 -0.00846583 0.00192927 -0.00221453 0.00190686 0.00296564 0.00873931 0.00165491
internal_weight=7036.3 5905.27 2034.24 1082.24 816.617 951.998 244.481 707.516 3871.04 772.185 551.696 3098.85 562.849 2536
internal_count=68324 57304 23142 11888 8706 11254 2867 8387 34162 6973 4774 27189 5039 22150
is_linear=0
shrinkage=0.035


Tree=103
num_leaves=15
num_cat=0
split_feature=17 14 0 8 19 17 12 27 16 24 28 9 11 15
split_gain=11.3738 12.0371 13.8445 19.5285 30.3603 14.1415 12.5148 22.8049 17.8621 9.56763 14.9257 12.3174 8.47427 7.02346
threshold=0.01681488007307053 0.3213851004838944 -0.041128890588879578 -0.24362841248512265 0.0061369431205093869 0.040478471666574485 1.114354193210602 8.5369996554733216 0.95803633332252514 0.027066921815276149 -1.2821234811980939 0.47877721488475805 0.45868201553821569 21.588316917419437
decision_type=8 2 2 2 2 10 2 2 2 2 2 2 2 2
left_child=13 9 6 5 -5 -4 7 -3 -8 12 -11 -12 -2 -1
right_child=1 2 3 4 -6 -7 8 -9 -10 10 11 -13 -14 -15
leaf_value=-0.024036560405319582 -0.015529310405389418 0.0073848371312952412 -0.005834267122928765 0.011252204685541846 -8.0439851768201361e-05 -0.00022990814838187021 -0.0071792863960356322 -0.0040578839743052077 0.0037111329451094198 -0.011368441960602433 0.0054267858199545278 -0.0044885586673128787 0.0032128304424716863 -0.00019194702129993212
leaf_weight=28.861996503546834 118.0248774215579 1038.0546071082354 978.58290979638696 351.78704493306577 1450.4126440044492 1249.5417561493814 294.30800057202578 260.97334800101817 458.75881078280509 151.78324990347028 305.54435565322638 288.95444758608937 34.479530725628138 25.047910962253809
leaf_count=595 1473 9094 10641 3491 11880 12020 2869 2927 4379 1964 3000 3022 448 521
internal_value=-2.3213e-05 0.000111182 0.000671529 -0.000520703 0.00218156 -0.00270639 0.00300425 0.00507257 -0.000583288 -0.00364655 -0.00194201 0.000612933 -0.011355 -0.0147213
internal_weight=7035.12 6981.21 6082.42 4030.32 1802.2 2228.12 2052.09 1299.03 753.067 898.786 746.282 594.499 152.504 53.9099
internal_count=68324 67208 57301 38032 15371 22661 19269 12021 7248 9907 7986 6022 1921 1116
is_linear=0
shrinkage=0.035


Tree=104
num_leaves=15
num_cat=0
split_feature=16 15 17 3 6 16 9 12 3 12 25 12 19 13
split_gain=11.0915 11.7658 15.9215 31.7475 17.4464 14.8645 16.0862 16.0241 12.6333 14.9894 13.7614 23.9906 23.3039 7.36242
threshold=0.275269165635109 20.594601631164554 0.036562075838446624 0.07805704697966577 -0.25541688501834864 0.91956618428230297 0.48811107873916632 0.95309641957283031 -0.45821245014667505 0.9662299156188966 1.4450000000000001 1.3712156414985659 0.26210126280784612 0.38342285156250006
decision_type=2 2 8 2 2 2 2 2 2 2 2 2 2 2
left_child=-1 2 3 4 -2 7 -7 -4 9 -3 12 -12 -10 -11
right_child=1 8 5 -5 -6 6 -8 -9 10 13 11 -13 -14 -15
leaf_value=-0.0067678448009184473 0.013982807965032731 -0.011984794244174085 0.0089334553187003108 0.025661209647326221 -0.0059728623880146445 0.019249913032582215 0.0033110324040660855 -0.0056026825849373038 -0.0054172248517377775 0.0085228349337927306 0.0022325038814625222 -0.0059912021907489897 0.007981969227750154 -0.0032249839929514119
leaf_weight=276.68722063116729 51.234679808840156 230.17881613224745 181.05411653220654 39.570379532873631 447.19096224568784 172.54546910896897 143.48413176462054 171.45810597017407 948.38894688896835 73.248696219176054 3333.4370596855879 489.73532079160213 181.45118336379528 294.73925419524312
leaf_count=3306 492 2274 1579 315 5406 1531 1151 1554 13053 704 28196 4200 1627 2936
internal_value=-2.49299e-05 0.000260744 0.0033783 -0.00109941 -0.00368688 0.00694474 0.0123368 0.00190372 -0.000421707 -0.00518239 0.000162516 0.00116619 -0.00321418 -0.000722945
internal_weight=7034.4 6757.72 1206.54 537.996 498.426 668.542 316.03 352.512 5551.18 598.167 4953.01 3823.17 1129.84 367.988
internal_count=68324 65018 12028 6213 5898 5815 2682 3133 52990 5914 47076 32396 14680 3640
is_linear=0
shrinkage=0.035


Tree=105
num_leaves=15
num_cat=0
split_feature=17 10 8 10 21 22 16 18 22 5 2 10 7 15
split_gain=10.8802 11.7143 13.5526 15.702 24.8833 17.1675 13.7689 22.6706 11.9162 15.3435 13.4763 16.8811 12.9281 8.61241
threshold=0.01681488007307053 0.7285253405570985 -0.64353126287460316 0.42103236913681036 0.017203905154019598 0.1916291415691376 0.95803633332252514 -0.10965741053223609 0.3574798852205277 0.43369229137897497 0.76717349886894237 1.076923191547394 -0.16119302064180371 22.307502746582035
decision_type=8 2 2 2 2 2 2 2 2 2 2 2 2 2
left_child=-1 2 6 4 -4 -5 13 -8 9 12 -10 -12 -3 -2
right_child=1 8 3 5 -6 -7 7 -9 10 -11 11 -13 -14 -15
leaf_value=-0.014471308578391217 -0.017115210634225893 0.0011205413658410255 -0.0050497445251703041 0.0050951627714258601 0.0022128331578364791 5.4730913522262874e-05 0.027868266038509389 -0.0068683587271289549 -0.012779059623077732 0.016019384685377402 0.012307203752508373 -0.013655165412413444 -0.0087690988281648036 0.0051563727703379855
leaf_weight=53.267522661015391 122.57507657632232 494.08923297375441 1057.049342835322 1687.1739741154015 1251.8467464949936 1616.3112888708711 21.736163131892681 74.583012867718935 244.49762092530727 52.164243433624506 65.293804403394461 41.911048032343388 229.51156733185053 20.604562252759933
leaf_count=1116 1138 4572 12515 13879 12525 15034 180 737 3086 345 546 410 2060 181
internal_value=-2.23008e-05 0.000108523 0.000739108 0.00109212 -0.00111953 0.00263662 -0.00724555 0.00285447 -0.00314211 -0.000686738 -0.00838932 0.0018583 -0.00209303 -0.0137828
internal_weight=7032.62 6979.35 5851.88 5612.38 2308.9 3303.49 239.499 96.3192 1127.47 775.765 351.702 107.205 723.601 143.18
internal_count=68324 67208 56189 53953 25040 28913 2236 917 11019 6977 4042 956 6632 1319
is_linear=0
shrinkage=0.035


Tree=106
num_leaves=15
num_cat=0
split_feature=16 22 16 23 15 33 17 24 2 16 6 2 8 1
split_gain=10.6618 11.6803 17.6568 16.9679 13.0426 11.523 16.8083 12.9922 11.0174 10.0868 13.7372 11.3809 10.503 13.5248
threshold=2.7844519615173344 0.45241473615169531 0.46644303202629095 0.20932535827159884 20.887477874755863 -0.070036689877633604 0.03847030550241471 0.034117819741368301 0.055776339024305351 0.65912240743637096 0.11590830236673356 0.021560113877058033 -0.16771382093429563 0.11006557568907739
decision_type=2 2 2 2 2 2 10 2 2 2 2 2 2 2
left_child=1 2 3 8 -5 7 -7 -4 -1 10 11 -3 -11 -14
right_child=-2 9 5 4 -6 6 -8 -9 -10 12 -12 -13 13 -15
leaf_value=-0.0036932821723964335 -0.010517837645670795 0.006715551773800235 0.0030616744105678006 -0.0029151035922856962 -0.016963619494699704 -0.0053366059224509987 0.0014338807134690276 -0.0047422718712906977 0.0081170802445380604 -0.012303355830571095 0.014634905762396715 -0.015757032411734175 0.012013560833249814 -0.0065422904833613337
leaf_weight=277.74899595044553 106.60595964640379 44.564721932634711 3322.3743884600699 160.66853141225874 164.09422066435218 669.18874311819673 1317.7907692417502 274.73008874058723 135.79098946228623 222.69458266347647 62.27008018642664 48.024233635514975 55.931050192564726 169.09432395361364
leaf_count=2703 1102 767 25228 1774 1848 8753 13645 3778 1267 3788 649 759 739 1524
internal_value=-2.23808e-05 0.000154124 0.00060034 -0.00445024 -0.0103081 0.00127487 -0.000861636 0.00245415 0.000284882 -0.00446104 0.00309239 -0.00534032 -0.00708412 -0.00161523
internal_weight=7031.57 6924.97 6322.39 738.303 324.763 5584.08 1986.98 3597.1 413.54 602.579 154.859 92.589 447.72 225.025
internal_count=68324 67222 58996 7592 3622 51404 22398 29006 3970 8226 2175 1526 6051 2263
is_linear=0
shrinkage=0.035


Tree=107
num_leaves=15
num_cat=0
split_feature=17 10 8 6 8 15 16 18 6 25 15 19 3 16
split_gain=10.3334 10.8959 12.6469 29.3071 21.9378 13.1628 13.0262 21.3204 10.2193 16.3614 10.2159 8.57576 10.7581 8.39419
threshold=0.01681488007307053 0.7285253405570985 -0.64353126287460316 -0.3030212521553039 -0.54734903573989857 22.542233467102054 0.95803633332252514 -0.10965741053223609 0.71467840671539318 3.4300000000000002 22.542233467102054 0.84375759959220897 0.2036690637469292 0.70509865880012523
decision_type=8 2 2 2 2 2 2 2 2 2 2 2 2 2
left_child=-1 2 6 5 -5 -4 10 -8 9 -3 -2 -10 -13 -11
right_child=1 8 3 4 -6 -7 7 -9 11 13 -12 12 -14 -15
leaf_value=-0.014184048968627986 -0.016721817975789678 -0.0011143651275845575 0.013110871711206236 -0.0090875790090730098 0.00093052745452959138 -0.0077806309489024629 0.026812491273970254 -0.0067300814920278366 0.020002806889157919 -0.0027310818517219801 0.0087529447995526102 0.016205594137409324 -0.0067844259932929099 -0.014762172129308509
leaf_weight=52.568397780880332 125.53995434567332 681.35926888883114 308.04783337563276 272.9070786498487 4999.3105542566627 35.164204519242048 22.155493929982185 74.287454567849636 28.637630179524422 114.46855197101831 16.112368628382683 26.260203637182713 69.857542421668768 203.58845637738705
leaf_count=1116 1179 6313 2463 2728 48451 311 180 737 207 1439 140 216 489 2355
internal_value=-2.36269e-05 0.0001032 0.000710465 0.00105038 0.000395735 0.0108107 -0.00702555 0.00277057 -0.00303719 -0.00422362 -0.0134381 0.00607539 0.000431884 -0.0106474
internal_weight=7030.26 6977.7 5853.52 5615.43 5272.22 343.212 238.095 96.4429 1124.17 999.416 141.652 124.755 96.1177 318.057
internal_count=68324 67208 56189 53953 51179 2774 2236 917 11019 10107 1319 912 705 3794
is_linear=0
shrinkage=0.035


Tree=108
num_leaves=15
num_cat=0
split_feature=14 10 19 15 8 16 3 25 15 17 8 15 15 13
split_gain=10.521 10.7837 22.5144 13.906 23.436 13.3414 21.5295 18.0456 16.9167 31.313 18.9933 15.143 12.1621 5.05011
threshold=0.11347603052854539 0.30790668725967413 0.33352841436862951 22.542233467102054 -0.29805578291416163 1.4095015525817873 -0.52389565110206593 1.4450000000000001 21.898896217346195 0.045442322269082076 -0.29056966304779047 22.307502746582035 24.709161758422855 0.27001525461673742
decision_type=2 2 2 2 2 2 2 2 2 8 2 2 2 2
left_child=13 2 3 4 -2 6 11 -8 9 -7 -10 -3 -5 -1
right_child=1 5 -4 12 -6 8 7 -9 10 -11 -12 -13 -14 -15
leaf_value=0.0024638258346449935 -0.010964289813816948 -0.011089300647429662 0.026040184035667092 -0.018480540228479409 0.003456511863864792 -0.0086047841662950601 -0.0017598242418126453 0.0035478268302950168 -0.01081026796771993 0.0065988801924911017 -0.00094236122229795279 0.0086085929083634886 0.0097642492917613122 -0.0161360825423346
leaf_weight=20.590401884168386 226.35330658778548 239.73948205634952 19.701594337821007 119.86237696558237 323.73050501011312 230.57037488371134 1033.8916523717344 3179.4520011544228 397.55526112020016 526.59178006649017 582.68505108729005 51.259428735822439 15.405690966174005 62.085425596684217
leaf_count=274 3497 2283 88 1916 4129 2166 13499 25145 4241 4521 4951 503 283 828
internal_value=-2.28869e-05 0.000133207 -0.00393862 -0.00516251 -0.0025673 0.000598716 0.001603 0.00224433 -0.00199923 0.00191726 -0.00501323 -0.00744879 -0.014813 -0.0117378
internal_weight=7029.47 6946.8 705.053 685.352 550.084 6241.75 4504.34 4213.34 1737.4 757.162 980.24 290.999 135.268 82.6758
internal_count=68324 67222 9913 9825 7626 57309 41430 38644 15879 6687 9192 2786 2199 1102
is_linear=0
shrinkage=0.035


Tree=109
num_leaves=15
num_cat=0
split_feature=14 16 25 33 21 19 16 10 11 13 11 11 24 15
split_gain=9.97093 10.2014 11.163 16.0991 17.3712 12.1865 11.4883 12.5315 5.77472 4.84441 2.43674 4.18299 4.3806 1.63982
threshold=0.11347603052854539 2.7844519615173344 4.2150000000000007 -0.070036689877633604 -0.059047469869256013 -0.089045319706201539 1.7691164612770083 0.33437563478946691 0.30796152353286749 0.27001525461673742 0.22151952236890796 0.37581133842468267 0.028635956346988681 20.307813644409183
decision_type=2 2 2 2 2 2 2 2 2 2 2 2 2 2
left_child=9 2 3 5 -5 -2 7 -4 -8 -1 -3 12 -12 -11
right_child=1 10 6 4 -6 -7 8 -9 -10 13 11 -13 -14 -15
leaf_value=0.0024025600581998549 0.0054325285602725305 -0.01954361390424391 -0.0097455059800363019 0.00044829468118592653 -0.0064343494404636237 0.00099438150259661224 -0.0051141977991168083 0.00090620356278632802 -0.018162461313490686 -0.0021524961472452996 -0.0076046838159878052 -0.013869673390140811 0.0099685236023518229 -0.018294796751504819
leaf_weight=20.630698397755623 1078.3650993444026 19.238375503569841 160.07492641359568 1641.5920535679907 607.85938936844468 2516.3385410867631 111.07416400313377 655.16258592903614 69.817535638809204 12.215045772492884 27.563704553991556 36.296585083007812 22.371019244194031 49.061806246638298
leaf_count=274 8099 186 3117 17839 7880 18735 1370 8147 934 147 279 386 250 681
internal_value=-2.34792e-05 0.000127881 0.000301597 0.000886481 -0.00143182 0.00233715 -0.00310455 -0.00127805 -0.010838 -0.0114762 -0.0101889 -0.00628784 0.000617858 -0.0158304
internal_weight=7027.66 6945.75 6840.28 5844.16 2249.45 3594.7 996.129 815.238 180.892 81.9076 105.47 86.2313 49.9347 61.2769
internal_count=68324 67222 66121 52553 25719 26834 13568 11264 2304 1102 1101 915 529 828
is_linear=0
shrinkage=0.035


Tree=110
num_leaves=15
num_cat=0
split_feature=16 12 1 17 16 8 11 5 8 21 25 24 19 19
split_gain=9.866 12.851 14.0982 12.7746 14.0792 14.7377 17.3647 16.9869 12.2215 17.2262 10.8069 10.4604 10.1616 20.1116
threshold=0.39672289788722997 0.80842104554176342 -0.18556282669305799 0.02603618893772364 1.4549062848091128 -0.59617215394973744 0.69632813334465038 -0.13917370140552518 -0.26735340058803553 0.060504643246531493 2.4450000000000007 0.033574642613530166 0.2123302295804024 0.01260975142940879
decision_type=2 2 2 8 2 2 2 2 2 2 2 2 2 2
left_child=1 2 -1 12 5 7 -7 -5 10 -10 -4 -6 13 -2
right_child=3 -3 8 4 11 6 -8 -9 9 -11 -12 -13 -14 -15
leaf_value=0.009519292577144834 -0.0017271653396998842 -0.012643904971552114 -0.017554040612751506 0.0030839542346899783 -0.00099799315775343138 0.0028448241115709536 -0.017577501959626429 -0.011532543128064541 0.017938043964284101 -0.010474349225724332 -0.0025495113679808853 -0.010882501410665853 0.014886717393273338 -0.017744862877643437
leaf_weight=104.40306915342808 360.34186163172126 154.93252930417657 90.924778688699007 179.46446420624852 1604.6608681157231 3781.0291110016406 41.861311722546816 194.62252706289291 50.445407247170806 37.337830990552902 150.82412020117044 133.14223226904869 20.710791483521461 122.20969876088202
leaf_count=1149 5369 1743 1175 1485 14454 34271 383 1927 508 372 1665 1783 124 1916
internal_value=-2.69356e-05 -0.00432412 -0.00113572 0.000372211 0.000829052 0.00192483 0.00257592 -0.0046227 -0.0046924 0.00601779 -0.00866602 -0.00181323 -0.00492633 -0.00606167
internal_weight=7026.91 588.868 433.935 6438.04 5934.78 4196.98 3822.89 374.087 329.532 87.7832 241.749 1737.8 503.262 482.552
internal_count=68324 6612 4869 61712 54303 38066 34654 3412 3720 880 2840 16237 7409 7285
is_linear=0
shrinkage=0.035


Tree=111
num_leaves=15
num_cat=0
split_feature=2 15 10 14 22 25 25 14 23 9 17 23 25 3
split_gain=9.95537 17.6453 14.3501 13.1837 14.789 21.5686 14.7269 14.3581 11.4585 15.6787 13.1753 11.352 11.3206 9.88142
threshold=0.49754849076271063 23.082214355468754 0.26596993207931524 0.55340856313705455 0.22885152697563174 2.4450000000000007 4.2150000000000007 2.8142176866531377 0.27203558385372167 0.53047111630439769 0.055862132459878928 0.20300724357366565 4.4500000000000011 0.61237391829490673
decision_type=2 2 2 2 2 2 2 2 2 2 8 2 2 2
left_child=1 3 -3 4 5 -1 7 -5 10 -10 -4 -8 -6 -2
right_child=13 2 8 6 12 -7 11 -9 9 -11 -12 -13 -14 -15
leaf_value=-0.0029870811733967786 0.007569368122877492 -0.022613463914146554 -0.0022826238487600493 0.0032237927243291453 -0.0093843552580023405 0.0068175415318430434 -0.0064096914957555446 -0.0039143873320752693 -0.0095624299074368955 0.010706100655043157 -0.012518779606217396 0.010161622173988109 0.0010484019058017847 -0.0016332793434656987
leaf_weight=855.87027864158154 382.26588447019458 43.398340141400695 446.42262756451964 2825.8993012215942 442.39488421939313 392.67191022634506 392.85020592808723 384.44258906692266 62.703029926866293 123.55977599695325 230.03130747005343 48.822515619918704 174.7632242757827 220.07079450786114
leaf_count=9162 2785 868 4577 25355 4598 2729 5840 3340 643 1111 2557 699 2577 1483
internal_value=-2.91527e-05 -0.000434975 -0.00493341 0.000311343 -0.00207545 0.000126184 0.00153302 0.00235949 -0.00379511 0.00374338 -0.00589514 -0.00439348 -0.00646046 0.00423531
internal_weight=7026.17 6423.83 906.115 5517.71 1865.7 1248.54 3652.01 3210.34 862.717 186.263 676.454 441.673 617.158 602.337
internal_count=68324 64056 9756 54300 19066 11891 35234 28695 8888 1754 7134 6539 7175 4268
is_linear=0
shrinkage=0.035


Tree=112
num_leaves=15
num_cat=0
split_feature=17 11 10 14 11 15 14 1 15 19 15 15 24 10
split_gain=9.31337 11.2855 18.3531 16.0956 14.606 12.7878 16.9512 16.6171 12.1807 11.8482 7.46938 8.77284 6.50299 7.64969
threshold=0.01681488007307053 0.14671359211206439 0.29870600998401647 0.92185387015342724 0.19886650890111926 20.594601631164554 0.27658735215663915 -0.076166991144418703 22.542233467102054 -0.032562112435698502 21.588316917419437 22.542233467102054 0.029270888306200508 0.19265986233949664
decision_type=8 2 2 2 2 2 2 2 2 2 2 2 2 2
left_child=10 8 3 9 -5 7 -7 -4 12 -3 -1 -12 13 -2
right_child=1 2 5 4 -6 6 -8 -9 -10 -11 11 -13 -14 -15
leaf_value=-0.023412916258241989 0.00017720318998207328 -0.0057040730131830879 0.0077937005237318875 -0.0059535298269085251 0.012816649121951651 -0.0065026470377010908 0.00027955911740534724 -0.00072907657621671491 -0.0089469790121567399 -0.022220695925043311 0.018994928579262032 -0.012650360295542933 0.0019344035084294627 0.025722218691139054
leaf_weight=27.328308517113328 18.627847852185369 128.45857292413712 580.89550064876676 152.16055000387132 63.941116390749812 488.25108742713928 4797.4775420483202 530.05090539157391 27.336014585569501 94.232777623459697 8.8049125522375125 15.055065454915164 37.556329542770982 54.802804913371801
leaf_count=595 197 1845 5615 2084 944 5649 43362 4753 317 1413 151 370 509 520
internal_value=-3.01258e-05 8.9033e-05 -0.00011805 -0.00696012 -7.8506e-05 0.000361427 -0.00035802 0.00375711 0.0096404 -0.0133477 -0.0136255 0.00118849 0.0145796 0.0200399
internal_weight=7024.98 6973.79 6835.47 438.793 216.102 6396.68 5285.73 1110.95 138.323 222.691 51.1883 23.86 110.987 73.4307
internal_count=68324 67208 65665 6286 3028 59379 49011 10368 1543 3258 1116 521 1226 717
is_linear=0
shrinkage=0.035


Tree=113
num_leaves=15
num_cat=0
split_feature=8 4 14 19 9 15 12 30 10 15 15 15 5 25
split_gain=9.40722 18.8241 19.2383 17.98 26.7736 20.964 18.5796 17.3432 26.7569 18.1756 16.6056 16.4565 13.5331 13.4142
threshold=-0.24362841248512265 -0.039842713624238961 0.44977405667304998 0.0061369431205093869 0.53047111630439769 23.923882484436039 0.87680816650390636 0.15000000000000016 0.39387333393096929 24.709161758422855 20.93571758270264 21.837912559509281 0.068717423826456084 0.26500000000000007
decision_type=2 2 2 2 2 2 2 2 2 2 2 2 2 2
left_child=1 2 11 4 5 6 -2 8 9 -3 -10 -1 -9 -4
right_child=3 7 13 -5 -6 -7 -8 12 10 -11 -12 -13 -14 -15
leaf_value=0.0014345334846537735 0.0047035967802745637 -0.010821852593462085 -0.0062098474058132182 4.2418087263139869e-05 -0.011952011171120902 -0.01119178084032838 0.019111456385016611 0.0075329556995590245 0.0031809269956128883 0.020831587100160424 -0.0037738442932769337 -0.010241156213686717 -0.0070419841025283819 0.0061046363047952351
leaf_weight=393.13720974884927 217.94291100651026 625.81725113466382 113.64270336925983 1777.4910945240408 69.539624776691198 43.776693686842918 229.69129931367934 310.78562715649605 603.97717341035604 14.045491710305212 1330.2738228142262 225.08169445767999 94.44975658506155 974.68673867918551
leaf_count=4239 2191 8335 2056 14866 598 507 2327 2096 5684 210 13348 2547 693 8627
internal_value=-3.03351e-05 -0.000934794 0.00198897 0.00177833 0.00718186 0.0100739 0.0123527 -0.00261055 -0.00367042 -0.00981717 -0.001597 -0.00291172 0.00404814 0.00477393
internal_weight=7024.34 4685.9 1706.55 2338.44 560.951 491.411 447.634 2979.35 2574.11 639.863 1934.25 618.219 405.235 1088.33
internal_count=68324 47835 17469 20489 5623 5025 4518 30366 27577 8545 19032 6786 2789 10683
is_linear=0
shrinkage=0.035


Tree=114
num_leaves=15
num_cat=0
split_feature=2 15 2 6 3 12 19 14 22 10 25 14 23 30
split_gain=9.38001 16.3058 13.7462 18.5242 15.1549 12.1673 12.1366 11.9077 13.666 19.9744 13.5905 13.2364 10.7324 10.707
threshold=0.49754849076271063 23.082214355468754 0.15881025046110156 -0.14215837419033048 -0.08958935365080832 1.1912994980812075 0.13187471777200702 0.55340856313705455 0.22885152697563174 0.43391011655330664 4.2150000000000007 2.8142176866531377 0.20300724357366565 -0.14999999999999988
decision_type=2 2 2 2 2 2 2 2 2 2 2 2 2 2
left_child=1 7 3 5 -4 -3 -5 8 9 -1 11 -9 -12 -6
right_child=-2 2 4 6 13 -7 -8 10 -10 -11 12 -13 -14 -15
leaf_value=-0.0078192874955717567 0.0041051942396707194 0.0077953508461817388 -0.0098445547943143835 -0.01571633536998223 -0.0073907955788222179 -0.010764018505638755 -0.0030406647529149693 0.0030687125301814616 -0.0062134763393446113 0.0025586529369935346 -0.0062305628673858665 -0.0037921744224330609 0.0098458594954034563 0.010602428940730022
leaf_weight=286.5630222633481 603.52373502403498 120.94375614449382 91.797689253464341 283.59039959684014 45.139708796516061 54.815460953861475 143.40228389203548 2833.3367303349078 613.20346305519342 961.22872604802251 390.79925299435854 383.32737449556589 49.164515310898423 162.26806956157088
leaf_count=2973 4268 1304 1072 3518 526 616 1612 25355 7175 8918 5840 3340 699 1108
internal_value=-2.97329e-05 -0.00042425 -0.00475982 -0.00776421 0.00134791 0.00173923 -0.0116263 0.000291808 -0.00198084 0.000132077 0.00145069 0.00224189 -0.00425519 0.0065266
internal_weight=7023.1 6419.58 901.957 602.752 299.205 175.759 426.993 5517.62 1861 1247.79 3656.63 3216.66 439.964 207.408
internal_count=68324 64056 9756 7050 2706 1920 5130 54300 19066 11891 35234 28695 6539 1634
is_linear=0
shrinkage=0.035


Tree=115
num_leaves=15
num_cat=0
split_feature=16 18 16 30 9 6 12 4 14 8 17 8 12 15
split_gain=9.17653 9.64548 11.9001 11.8314 18.6426 17.1435 14.6134 13.7188 16.5408 14.6873 10.2182 7.9492 8.0947 6.92276
threshold=2.7844519615173344 0.17189941555261615 1.2876605391502383 0.15000000000000016 0.49819757044315344 0.22650895267724994 1.242933511734009 -0.036699457094073289 0.40745449066162115 -0.24362841248512265 0.057135328650474555 -0.27478151023387903 1.3006704449653628 20.93571758270264
decision_type=2 2 2 2 2 2 2 2 2 2 8 2 2 2
left_child=1 3 10 7 6 -6 -5 8 -1 -9 -3 13 -13 -4
right_child=-2 2 11 4 5 -7 -8 9 -10 -11 -12 12 -14 -15
leaf_value=-0.0032865671810762874 -0.0098633407457783193 0.020730130921108859 0.011614558136479608 0.0090307919488998023 -0.0090373992232732712 0.018297447419323286 -0.010976363339070863 -0.0038476237979989123 0.0037389899522510752 0.00075562843048528506 0.0013389869561683074 -0.0007548153933043943 0.0090523093757959774 -0.0074220471572033955
leaf_weight=588.31662033312023 104.3831355907023 75.379361284896731 18.446655835956335 483.2761667445302 175.2919762507081 23.589739821851254 40.764536652714014 2257.0002979133278 1302.7867784518749 1352.9661358650774 56.966500554233789 197.51141576468945 202.4821443669498 142.47995847091079
leaf_count=6665 1102 613 157 3110 1173 117 324 24282 13045 12667 484 1458 1623 1504
internal_value=-3.07425e-05 0.000131658 0.00401711 -0.000306877 0.00387151 -0.00507441 0.00729807 -0.000862007 0.00154757 -0.00212507 0.0130639 0.00169114 0.00430939 -0.00468808
internal_weight=7021.64 6917.26 693.266 6223.99 722.922 198.882 524.041 5501.07 1891.1 3609.97 132.346 560.92 399.994 160.927
internal_count=68324 67222 5839 61383 4724 1290 3434 56659 19710 36949 1097 4742 3081 1661
is_linear=0
shrinkage=0.035


Tree=116
num_leaves=15
num_cat=0
split_feature=14 2 15 10 8 6 16 2 11 15 3 33 13 8
split_gain=8.99223 8.96698 16.1301 13.6383 11.5424 18.467 16.2365 10.0693 10.0541 9.45145 18.7351 14.1485 4.70103 2.25961
threshold=0.11347603052854539 0.49754849076271063 23.082214355468754 0.26596993207931524 -0.64353126287460316 -0.3030212521553039 0.97832313179969799 0.15881025046110156 0.69632813334465038 24.709161758422855 1.3224015235900881 -0.19915186108208052 0.27001525461673742 -0.28255020081996912
decision_type=2 2 2 2 2 2 2 2 2 2 2 2 2 2
left_child=12 2 4 -4 6 -6 -2 -5 9 10 -3 -11 -1 -14
right_child=1 8 3 7 5 -7 -8 -9 -10 11 -12 -13 13 -15
leaf_value=0.0026115946542751901 -0.01267092713941608 0.0056152103002481855 -0.022093902838794661 -0.0062130051093279579 0.0082578413214625616 0.00024054668451047791 0.0038432716244363265 0.0017021334605950204 -0.012495111462783157 -0.001791529126928257 -0.015534834244684529 0.025160572324884462 -0.018250776308221837 -0.00090705672834146542
leaf_weight=20.475027319043875 175.02764056250453 428.77984011918306 41.825809450820088 560.49414224550128 369.95734421536326 4783.9563473518938 114.19211541488767 295.16223577782512 32.231721341609955 36.264966756105423 48.386596448719501 53.350158974528313 47.735608018934727 12.236183900386093
leaf_count=274 1696 2959 868 6223 2970 47545 1079 2647 281 262 363 329 678 150
internal_value=-2.85338e-05 0.000114208 -0.000275006 -0.00459523 0.000444447 0.00083092 -0.00624012 -0.00349452 0.00417095 0.00531892 0.00319565 0.0151688 -0.0109932 -0.0153475
internal_weight=7020.08 6939.63 6340.62 897.482 5443.13 5153.91 289.22 855.656 599.013 566.782 477.166 89.6151 80.4468 59.9718
internal_count=68324 67222 63028 9738 53290 50515 2775 8870 4194 3913 3322 591 1102 828
is_linear=0
shrinkage=0.035


Tree=117
num_leaves=15
num_cat=0
split_feature=16 15 1 6 10 16 19 8 3 15 17 30 13 0
split_gain=8.73601 9.80669 19.974 23.3411 16.9258 23.3581 21.1495 10.8543 10.2998 14.4127 11.8413 9.56148 11.3129 7.75183
threshold=0.275269165635109 20.594601631164554 -0.076166991144418703 0.08812985941767694 0.44724313914775854 0.91956618428230297 -0.20900373905897138 -0.33416876196861262 -0.34648436307907099 25.226474761962894 0.02603618893772364 -0.14999999999999988 0.30610470473766332 0.010008347220718862
decision_type=2 2 2 2 2 2 2 2 2 2 10 2 2 2
left_child=-1 2 4 7 5 -2 -6 -4 11 10 -10 -3 -13 -5
right_child=1 8 3 13 6 -7 -8 -9 9 -11 -12 12 -14 -15
leaf_value=-0.0060763273145121675 -0.0056848534773713917 -0.0094453248289721164 -0.0094635997968844556 -0.0026552734203613994 -0.001437735290631442 0.013331708575821765 0.019812658363588552 0.00064381133772031601 -0.0061050087312561809 0.012253033538518424 0.00062172696443868491 0.0077253476470299032 -0.0031025887179529058 0.016738099930972677
leaf_weight=271.03421487659216 188.49938378110528 232.618467817083 258.37192485481501 30.47953374683857 78.017799038439989 121.85596695356071 194.07915198430419 250.39842444099486 339.65661351755261 112.2787892781198 3844.2623188514262 126.59473560750484 881.07294504158199 89.864338055253029
leaf_count=3306 2198 4043 2530 237 612 1401 1705 2667 4886 959 34616 1057 7429 678
internal_value=-2.99557e-05 0.000221528 0.00306014 -0.00126435 0.00767358 0.00196477 0.0138846 -0.00457258 -0.000404053 0.000408697 6.23861e-05 -0.00320007 -0.00167971 0.0119995
internal_weight=7019.08 6748.05 1211.57 629.114 582.452 310.355 272.097 508.77 5536.48 4296.2 4183.92 1240.29 1007.67 120.344
internal_count=68324 65018 12028 6112 5916 3599 2317 5197 52990 40461 39502 12529 8486 915
is_linear=0
shrinkage=0.035


Tree=118
num_leaves=15
num_cat=0
split_feature=16 22 16 23 5 15 17 25 15 16 6 8 1 11
split_gain=8.6565 9.35221 14.3291 15.2418 12.4308 12.3544 10.1425 21.5792 14.9383 9.42445 10.1233 8.8872 11.7361 8.58158
threshold=2.7844519615173344 0.45241473615169531 0.46644303202629095 0.20932535827159884 -0.083910703659057603 20.887477874755863 0.040478471666574485 2.4450000000000007 21.533134460449222 0.68248489499092113 0.11590830236673356 -0.16771382093429563 0.11006557568907739 0.32639990746974951
decision_type=2 2 2 2 2 2 10 2 2 2 2 2 2 2
left_child=1 2 3 4 -1 -5 7 -4 -8 10 13 -11 -13 -3
right_child=-2 9 6 5 -6 -7 8 -9 -10 11 -12 12 -14 -15
leaf_value=0.0082189664045883605 -0.009612425449878604 0.0043140643329002736 -0.0048936130151196119 -0.0024879722122441396 -0.0041074648308854766 -0.016259810037768375 0.0052941574316021367 0.0020119947826427137 0.00046100203079672218 -0.011690318920146627 0.012540473043526486 0.011117930223435707 -0.0062990853508590695 -0.015028662267156124
leaf_weight=148.31363958120346 103.57288280129433 57.942879704758525 888.17294967919588 158.7584116011858 263.20836079120636 159.58631788566709 1293.0195730514824 1438.5608830805868 1969.7603497318923 209.99859201163054 66.898268021643162 55.057649942114949 165.73197852633893 39.154683634638786
leaf_count=1459 1102 962 10885 1774 2511 1848 10764 12698 17057 3682 687 728 1497 670
internal_value=-2.79697e-05 0.000129279 0.000526422 -0.00405252 0.000424606 -0.00967674 0.0011305 -0.000633711 0.00238668 -0.00402917 0.00298123 -0.00670503 -0.00166231 -0.00416087
internal_weight=7017.74 6914.16 6319.38 729.867 411.522 318.345 5589.51 2326.73 3262.78 594.784 163.996 430.788 220.79 97.0976
internal_count=68324 67222 58996 7592 3970 3622 51404 23583 27821 8226 2319 5907 2225 1632
is_linear=0
shrinkage=0.035


Tree=119
num_leaves=15
num_cat=0
split_feature=14 16 25 33 21 16 19 11 8 1 8 15 11 11
split_gain=8.28379 8.38987 8.74553 14.0239 15.8772 10.7323 10.562 9.45315 5.95427 4.51785 3.2732 3.30774 2.62589 4.24117
threshold=0.11347603052854539 2.7844519615173344 4.2150000000000007 -0.070036689877633604 -0.059047469869256013 1.7691164612770083 -0.089045319706201539 0.21055190265178683 -0.26735340058803553 -0.22028669714927671 -0.28255020081996912 20.307813644409183 0.22151952236890796 0.37581133842468267
decision_type=2 2 2 2 2 2 2 2 2 2 2 2 2 2
left_child=9 2 3 6 -5 7 -2 -4 -7 -1 11 -11 -3 -14
right_child=1 12 5 4 -6 8 -8 -9 -10 10 -12 -13 13 -15
leaf_value=0.0054184123592528844 0.0049991782166533185 -0.018977107104565277 -0.0086261240809881474 0.00040349047294336486 -0.0061953135585768636 -0.019745777640774113 0.00087732869626705359 0.00083875284311638423 -0.0055705221899399028 7.758744334721994e-05 0.00043103817836285906 -0.021228140373614205 0.0014318560778978553 -0.013177545801345763
leaf_weight=12.586523141711949 1085.241223089397 18.629746805876493 150.43341343477368 1641.32740807347 603.10487501882017 48.841528695076704 2518.4515418037772 658.34476592950523 128.81038100086153 10.730270039290188 15.002081189304588 41.041788255795836 48.871408544480801 35.287035264074802
leaf_count=183 8099 186 2790 17839 7880 908 18735 8474 1396 127 180 612 529 386
internal_value=-2.86754e-05 0.000107561 0.000263428 0.000778663 -0.0013893 -0.00276834 0.00212901 -0.00100557 -0.0103123 -0.0106171 -0.0139518 -0.0175146 -0.00936079 -0.0054427
internal_weight=7016.7 6937.34 6834.56 5848.13 2244.43 986.43 3603.69 808.778 177.652 79.3607 66.7741 51.7721 102.788 84.1584
internal_count=68324 67222 66121 52553 25719 13568 26834 11264 2304 1102 919 739 1101 915
is_linear=0
shrinkage=0.035


Tree=120
num_leaves=15
num_cat=0
split_feature=17 11 10 14 11 19 15 15 14 16 15 15 24 10
split_gain=8.52075 10.6507 16.5961 15.2389 13.4562 11.4648 11.0954 10.6172 14.3279 11.4187 7.58045 8.22897 5.82207 6.94843
threshold=0.01681488007307053 0.14671359211206439 0.29870600998401647 0.92185387015342724 0.19886650890111926 -0.032562112435698502 22.542233467102054 20.594601631164554 0.27658735215663915 0.91956618428230297 21.588316917419437 22.542233467102054 0.029270888306200508 0.19265986233949664
decision_type=8 2 2 2 2 2 2 2 2 2 2 2 2 2
left_child=10 6 3 5 -5 -3 12 9 -9 -4 -1 -12 13 -2
right_child=1 2 7 4 -6 -7 -8 8 -10 -11 11 -13 -14 -15
leaf_value=-0.023122422955022107 0.00015607850089895538 -0.0054309846772198911 0.00074264133882790296 -0.0056767666461319593 0.0123108137661076 -0.02178841313953804 -0.0085496767126062353 -0.0060153614330304287 0.00025845934768094241 0.0080774791227061372 0.018698950508667201 -0.012078705770320025 0.0019502175704687484 0.024445939913486269
leaf_weight=26.636656882241368 18.640231830999255 127.26729752495885 717.05891526862979 150.78292608261108 64.577491143718362 91.909518076106906 26.935793429613113 481.57715353555977 4793.9184160381556 399.97349027916789 8.8823172841221112 14.508863838389514 37.453820427879691 55.843328220769763
leaf_count=595 197 1845 6910 2084 944 1413 317 5649 43362 3458 151 370 509 520
internal_value=-3.18414e-05 8.11887e-05 -0.000120587 -0.00665987 2.38838e-05 -0.0129417 0.00934237 0.000333634 -0.000324548 0.00341738 -0.013162 0.00170836 0.0139959 0.0191052
internal_weight=7015.97 6965.94 6827.07 434.537 215.36 219.177 138.873 6392.53 5275.5 1117.03 50.0278 23.3912 111.937 74.4836
internal_count=68324 67208 65665 6286 3028 3258 1543 59379 49011 10368 1116 521 1226 717
is_linear=0
shrinkage=0.035


Tree=121
num_leaves=15
num_cat=0
split_feature=17 11 10 14 11 19 15 10 8 22 15 15 24 10
split_gain=8.13804 9.95388 15.6136 14.5215 12.5717 11.0984 10.4034 10.2416 12.897 10.575 7.39426 7.91533 5.36795 6.38166
threshold=0.01681488007307053 0.14671359211206439 0.29870600998401647 0.92185387015342724 0.19886650890111926 -0.032562112435698502 22.542233467102054 0.7285253405570985 -0.64353126287460316 0.3574798852205277 21.588316917419437 22.542233467102054 0.029270888306200508 0.19265986233949664
decision_type=8 2 2 2 2 2 2 2 2 2 2 2 2 2
left_child=10 6 3 5 -5 -3 12 8 -4 -9 -1 -12 13 -2
right_child=1 2 7 4 -6 -7 -8 9 -10 -11 11 -13 -14 -15
leaf_value=-0.022878930485007026 0.00015251396804448928 -0.0052766077153288396 -0.0068836461536413368 -0.0055141238510226145 0.011832295902971867 -0.021448395809203848 -0.0083661532590620126 -0.00040744860955133891 0.0013437609808240546 -0.0077287139702626999 0.018266462430764629 -0.011906444592763877 0.0018942784378159906 0.023397193299075601
leaf_weight=26.093989640474319 18.641895111650229 126.70869728550315 234.84430203214288 150.1044919192791 65.230043608695269 90.2861666418612 26.785292036831379 769.01688073948026 5046.6299382895231 343.25662649422884 9.0088824760168809 14.351103521883486 37.504647847265005 56.736234286800027
leaf_count=595 197 1845 2221 2084 944 1413 317 6976 46146 4036 151 370 509 520
internal_value=-3.1833e-05 7.8109e-05 -0.000117491 -0.00647714 3.24324e-05 -0.0126537 0.00900689 0.000321976 0.000965606 -0.00271558 -0.012926 0.00171733 0.0134746 0.0183397
internal_weight=7015.2 6965.75 6826.08 432.329 215.335 216.995 139.668 6393.75 5281.47 1112.27 49.454 23.36 112.883 75.3781
internal_count=68324 67208 65665 6286 3028 3258 1543 59379 48367 11012 1116 521 1226 717
is_linear=0
shrinkage=0.035


Tree=122
num_leaves=15
num_cat=0
split_feature=2 17 10 22 11 3 8 8 11 3 21 11 7 2
split_gain=7.91004 10.9864 11.5925 18.5458 12.7633 22.9669 13.1095 11.2612 8.92115 7.64798 8.84631 7.07339 6.82576 6.52113
threshold=0.49754849076271063 0.01681488007307053 0.7285253405570985 0.21641109138727191 0.51566034555435192 -0.062888737767934785 -0.64353126287460316 -0.34873312711715693 0.60272285342216503 0.61237391829490673 0.060504643246531493 0.51566034555435192 -0.30047355592250818 0.59722793102264415
decision_type=2 8 2 2 2 2 2 2 2 2 2 2 2 2
left_child=1 -1 4 11 6 -6 -3 -5 9 13 -11 -4 -10 -2
right_child=8 2 3 7 5 -7 -8 -9 12 10 -12 -13 -14 -15
leaf_value=-0.015680516633259308 0.0010789486262248573 -0.0080289655555320933 -0.0035398777938885507 -0.0035796596653463538 0.029536521445192143 -0.0089965480851154928 0.00047144889027748825 -0.018319227181466748 0.0052708841980398692 0.0052768012721105557 -0.010124287634386863 0.0045866176473866585 -0.014728055743485341 0.011221673129101979
leaf_weight=47.100731398910284 114.3278478756547 221.99006936885417 329.64928706735373 123.31522831879556 37.410837683826685 25.370066735893488 5284.5142241809517 135.45646953396499 27.729998167604208 107.82758421450853 64.679313633590937 203.8627614416182 43.150070291012526 248.2150198854506
leaf_count=1107 823 2131 3245 1725 325 204 51785 1603 269 680 440 1931 311 1745
internal_value=-3.26792e-05 -0.000396197 -0.0002586 -0.00419214 0.000307494 0.0148685 0.000114829 -0.0116897 0.00375611 0.00531589 -0.000735984 -0.00040737 -0.00721966 0.00813798
internal_weight=7014.6 6408.67 6361.57 792.284 5569.29 62.7809 5506.5 258.772 605.93 535.05 172.507 533.512 70.8801 362.543
internal_count=68324 64056 62949 8504 54445 529 53916 3328 4268 3688 1120 5176 580 2568
is_linear=0
shrinkage=0.035


Tree=123
num_leaves=15
num_cat=0
split_feature=30 4 18 27 24 20 10 3 16 18 17 6 0 6
split_gain=7.97296 10.9352 10.1093 9.96751 11.1927 12.1819 12.0266 9.56819 9.18371 16.0745 14.8208 11.1253 9.1741 8.82031
threshold=-0.24999999999999975 -0.088448628783225999 -0.13618934154510495 8.7764034884104571 0.03009684290736914 0.02394574694335461 0.44724313914775854 0.36682300269603735 1.1311696767807009 -0.070730343461036668 0.064922168850898757 -0.19034255295991895 0.076214753091335311 -0.2425713241100311
decision_type=2 2 2 2 2 2 2 2 2 2 8 2 2 2
left_child=8 2 -2 4 5 -3 -6 13 9 -1 11 -10 -13 -5
right_child=1 3 -4 7 6 -7 -8 -9 10 -11 -12 12 -14 -15
leaf_value=0.0021996514003919734 -0.00034705816583269536 0.0034109494283296408 0.0088961780028148207 0.0055408157788432114 -0.0064393078033909909 -0.00060022890884631349 0.00040437360189761733 0.009232626353961125 -0.010080154217490473 -0.0091917995371462689 -0.0070455005182209901 0.01624213812366648 0.0022211651114428317 -0.0097397560380074067
leaf_weight=225.33547351509333 250.34624541923404 1809.3786156997085 331.92127937823534 48.149683129042387 524.03480353392661 1886.7980450037867 762.71624888852239 39.48318137973547 35.207210216671228 434.75844765268266 154.77128379046917 104.80205234512687 121.25082749500871 284.98071182332933
leaf_count=3518 2052 14466 2423 511 5675 17045 6290 260 610 7249 2062 1555 1393 3215
internal_value=-3.31019e-05 0.000470493 0.00498328 -2.85221e-05 0.000388739 0.00136726 -0.00241091 -0.00547284 -0.00279057 -0.00532832 0.0012665 0.00626876 0.00913423 -0.00743404
internal_weight=7013.93 5937.81 582.268 5355.54 4982.93 3696.18 1286.75 372.614 1076.13 660.094 416.031 261.26 226.053 333.13
internal_count=68324 51937 4475 47462 43476 31511 11965 3986 16387 10767 5620 3558 2948 3726
is_linear=0
shrinkage=0.035


Tree=124
num_leaves=15
num_cat=0
split_feature=16 18 16 25 3 33 9 9 14 17 24 12 9 12
split_gain=7.70689 8.76868 11.0201 10.4219 24.0052 21.5754 12.4776 10.6726 10.309 9.36121 6.45282 6.7936 6.22466 4.46989
threshold=2.7844519615173344 0.17189941555261615 1.2876605391502383 3.9399999999999999 0.29935254156589514 -0.070036689877633604 0.89002397656440746 0.18422552198171618 0.42825585603713995 0.057135328650474555 0.033574642613530166 1.3006704449653628 0.42619031667709356 1.031036972999573
decision_type=2 2 2 2 2 2 2 2 2 8 2 2 2 2
left_child=1 3 9 4 5 -1 7 -5 -6 12 11 -4 -3 -11
right_child=-2 2 10 6 8 -7 -8 -9 -10 13 -12 -13 -14 -15
leaf_value=0.0018434883364811367 -0.0091367188404589822 0.0052472918579905816 -0.0014255242029385187 -0.017705772011757982 -0.00059237150585911801 -0.0032198829849320611 -0.015386474326681708 -0.0014153416781879564 0.010634093453655171 0.0084960141406954758 -0.010241263317845299 0.0064689705043321187 0.026963584396055396 -0.008535105334253678
leaf_weight=2362.3288433589041 102.07441373728216 31.11873534694314 250.67649256065488 41.188656188547611 134.9972163811326 1813.3000844363123 80.961826853454113 1415.2112059369683 367.69218704104424 33.472905866801739 41.964249461889267 268.65709183737636 45.296445146203041 23.511949341744184
leaf_count=17358 1102 253 2001 916 1083 22051 999 16557 2419 277 462 2279 360 207
internal_value=-3.20522e-05 0.000115443 0.0038157 -0.000303583 0.000518964 -0.00035776 -0.00279384 -0.00199366 0.00766648 0.0124831 0.00157334 0.00270344 0.0197506 0.00124384
internal_weight=7012.45 6910.38 694.698 6215.68 4678.32 4175.63 1537.36 1456.4 502.689 133.4 561.298 519.334 76.4152 56.9849
internal_count=68324 67222 5839 61383 42911 39409 18472 17473 3502 1097 4742 4280 613 484
is_linear=0
shrinkage=0.035


Tree=125
num_leaves=15
num_cat=0
split_feature=8 19 9 15 4 10 15 15 11 5 14 13 19 1
split_gain=7.62853 17.701 25.4542 18.9507 17.9346 16.9502 25.5657 19.417 22.658 21.9491 18.9072 21.2543 16.8208 16.1502
threshold=-0.24362841248512265 0.0061369431205093869 0.53047111630439769 23.923882484436039 0.018444175831973556 0.40050412714481359 24.709161758422855 21.533134460449222 0.24165757000446322 0.11944642290472986 0.44977405667304998 0.58463275432586681 -0.14008755981922147 -0.24912887811660764
decision_type=2 2 2 2 2 2 2 2 2 2 2 2 2 2
left_child=5 2 3 4 -2 6 12 8 -7 -10 -9 -12 13 -1
right_child=1 -3 -4 -5 -6 7 -8 10 9 -11 11 -13 -14 -15
leaf_value=-0.013372618524759388 0.006658348905385825 -0.00012669998153659693 -0.011775468807895201 -0.010694212066286521 0.021613045560886071 0.025451995213297995 0.025364141148746036 -0.0082627806470582602 0.0014110686839652789 0.020614900940796849 0.0030232626069287747 -0.0064853841498616694 -0.0075885438704959519 0.0064834083141235462
leaf_weight=54.322650158777833 303.91489856503904 1779.0396176408976 69.032649546861649 42.793427126482129 146.46366693452001 43.541293848305941 24.560656230896711 454.14781997911632 1614.3339788578451 66.489301972091198 885.81257455050945 414.39667810499668 890.94047341495752 220.76844105124474
leaf_count=587 3107 14866 598 507 1411 397 346 5054 15033 584 8216 4107 10849 2662
internal_value=-3.16162e-05 0.00159486 0.00694958 0.00975258 0.0118855 -0.000848815 -0.00443466 0.000387634 0.00301644 0.00228816 -0.00219868 -3.36579e-05 -0.00527267 0.00223088
internal_weight=7010.56 2341.24 562.205 493.172 450.379 4669.31 1190.59 3478.72 1724.36 1680.82 1754.36 1300.21 1166.03 275.091
internal_count=68324 20489 5623 5025 4518 47835 14444 33391 16014 15617 17377 12323 14098 3249
is_linear=0
shrinkage=0.035


Tree=126
num_leaves=15
num_cat=0
split_feature=14 2 15 2 6 3 8 6 16 11 15 3 13 8
split_gain=7.58722 7.80764 14.6584 12.2709 16.5212 12.6652 10.1105 15.9743 15.244 9.14839 8.98024 10.9314 4.59758 2.18336
threshold=0.11347603052854539 0.49754849076271063 23.082214355468754 0.17809086292982104 -0.14215837419033048 -0.048961913213133805 -0.64353126287460316 -0.3030212521553039 0.97832313179969799 0.69632813334465038 25.226474761962894 1.3224015235900881 0.27001525461673742 -0.28255020081996912
decision_type=2 2 2 2 2 2 2 2 2 2 2 2 2 2
left_child=12 2 6 4 -4 -5 8 -8 -2 10 11 -3 -1 -14
right_child=1 9 3 5 -6 -7 7 -9 -10 -11 -12 -13 13 -15
leaf_value=0.0031102229634747728 -0.01217402366595797 0.0052339516206362548 0.0019455642889439427 -0.0081696933913949169 -0.010624134389584448 0.0070449922297041922 0.007655984655982751 0.00022978392180388185 0.003876020769575069 -0.012099675707514791 0.018199101540896535 -0.010112896847880082 -0.017539073937174385 -0.0006076486083488146
leaf_weight=20.132283493876457 172.25133446790278 466.2743857614696 174.72467024065554 93.826686829328537 443.15559685602784 180.07223492860794 373.35471202433109 4779.3790750429034 113.97388907894492 31.792995788156986 47.250209469348192 55.202866703271866 46.029980296269059 12.076521966606377
leaf_count=274 1696 3206 1914 1079 5376 1369 2970 47545 1079 281 295 412 678 150
internal_value=-2.8446e-05 0.00010124 -0.000262886 -0.00439594 -0.00709529 0.00172887 0.000421599 0.000781656 -0.00586786 0.00388132 0.00496833 0.00344964 -0.0102269 -0.014626
internal_weight=7009.5 6931.26 6330.74 891.779 617.88 273.899 5438.96 5152.73 286.225 600.52 568.727 521.477 78.2388 58.1065
internal_count=68324 67222 63028 9738 7290 2448 53290 50515 2775 4194 3913 3618 1102 828
is_linear=0
shrinkage=0.035


Tree=127
num_leaves=15
num_cat=0
split_feature=16 15 1 6 12 25 16 8 3 12 15 12 18 25
split_gain=7.35103 8.32067 18.5316 20.7796 16.0394 13.6235 12.836 10.4084 9.69281 14.4374 11.6819 10.7798 7.64 7.46329
threshold=0.275269165635109 20.594601631164554 -0.076166991144418703 0.08812985941767694 1.114354193210602 3.9399999999999999 0.97832313179969799 -0.33416876196861262 -0.45821245014667505 0.9662299156188966 25.226474761962894 1.4284289479255678 0.17189941555261615 1.4450000000000001
decision_type=2 2 2 2 2 2 2 2 2 2 2 2 2 2
left_child=-1 2 4 7 5 -2 -6 -4 9 -3 11 -10 -5 -12
right_child=1 8 3 12 6 -7 -8 -9 10 -11 13 -13 -14 -15
leaf_value=-0.0056130023027899292 0.013780107285514731 -0.011340448345464941 -0.0093120580956842242 0.015039333006351588 -0.0091069539456172053 -0.0036602108458660171 0.008426125802010213 0.00060074407308443093 0.00037364719653958046 -0.00020097357996262934 -0.0060672448379922922 -0.0054029738495988463 -0.0052527384393085902 0.014410458332742045
leaf_weight=267.3895634803921 339.11076411791146 225.19446875341237 256.95471834018826 98.700385097414255 102.87792759761214 60.747259946539998 83.688603019341826 250.25678143650293 4393.9739451128989 362.67312278971076 21.348808158189058 424.80601102113724 23.298684507608414 97.301499975845218
leaf_count=3306 3179 2274 2530 761 1081 866 790 2667 41950 3640 261 4099 154 766
internal_value=-2.89432e-05 0.000200543 0.00280966 -0.00136055 0.00723192 0.0111059 -0.00121354 -0.00450406 -0.000377533 -0.00458648 0.000131856 -0.000145733 0.0110597 0.0105407
internal_weight=7008.32 6740.93 1215.64 629.211 586.425 399.858 186.567 507.211 5525.3 587.868 4937.43 4818.78 121.999 118.65
internal_count=68324 65018 12028 6112 5916 4045 1871 5197 52990 5914 47076 46049 915 1027
is_linear=0
shrinkage=0.035


Tree=128
num_leaves=15
num_cat=0
split_feature=17 11 10 14 11 19 15 15 1 3 15 15 8 14
split_gain=7.1749 9.10267 14.457 13.7279 11.724 10.693 9.65835 9.21997 13.2267 12.6339 7.40053 7.51037 4.93164 6.90516
threshold=0.01681488007307053 0.14671359211206439 0.29870600998401647 0.92185387015342724 0.19886650890111926 -0.032562112435698502 22.542233467102054 20.594601631164554 -0.076166991144418703 -0.45821245014667505 21.588316917419437 22.542233467102054 -0.27478151023387903 1.9869840145111086
decision_type=8 2 2 2 2 2 2 2 2 2 2 2 2 2
left_child=10 6 3 5 -5 -3 12 8 -4 -9 -1 -12 -2 -14
right_child=1 2 7 4 -6 -7 -8 9 -10 -11 11 -13 13 -15
leaf_value=-0.022426439870803921 -0.0029929345632334582 -0.0050849366839467707 0.0067293058679937286 -0.0053359964994230827 0.011384916059415719 -0.021052971392803686 -0.0082047315703947001 -0.0050805201582313783 -0.00084044422461235615 0.00030630859312263953 0.01819709721470629 -0.011359889633126442 0.01983393917007012 -0.0023950560789856509
leaf_weight=25.098962150514126 17.20893158391118 125.93909694813192 591.16946209594607 149.2709448505193 65.822121270000935 88.352803194895387 26.57042432948947 591.87241178750992 530.13003907725215 4676.6997086182237 8.9999666512012499 13.856752378866075 77.854175381362438 18.77655928581953
leaf_count=595 273 1845 5615 2084 944 1413 317 5974 4753 43037 151 370 783 170
internal_value=-2.84382e-05 7.3582e-05 -0.000114104 -0.00625534 5.935e-05 -0.0123137 0.00859043 0.000307702 0.00317467 -0.000307327 -0.0122923 0.00227455 0.0128564 0.015695
internal_weight=7007.62 6959.67 6819.26 429.385 215.093 214.292 140.41 6389.87 1121.3 5268.57 47.9557 22.8567 113.84 96.6307
internal_count=68324 67208 65665 6286 3028 3258 1543 59379 10368 49011 1116 521 1226 953
is_linear=0
shrinkage=0.035


Tree=129
num_leaves=15
num_cat=0
split_feature=30 15 6 10 8 11 20 10 15 16 18 6 10 2
split_gain=7.18125 10.1405 10.394 20.7713 18.683 13.4888 13.4356 8.77244 8.62322 8.61139 15.2575 12.8425 15.6138 9.22308
threshold=-0.24999999999999975 25.226474761962894 -0.3030212521553039 0.50371888279914867 -0.54734903573989857 0.69632813334465038 0.030827756971120838 0.87988480925560009 23.297225952148441 1.1311696767807009 -0.070730343461036668 -0.19034255295991895 0.7285253405570985 0.021560113877058033
decision_type=2 2 2 2 2 2 2 2 2 2 2 2 2 2
left_child=9 2 3 6 7 -6 -2 -4 -5 10 -1 -11 13 -13
right_child=1 -3 4 8 5 -7 -8 -9 -10 11 -12 12 -14 -15
leaf_value=0.0022008752853056967 0.015053334905390387 0.010837213971861057 -0.009747723777043478 -0.0031309488986301774 0.00051854295304116008 -0.017644976841774702 -0.0091221755915943149 0.0068235347157497329 0.01631895031223465 -0.01248808386319809 -0.0089139827732014308 0.016000438146062147 -0.0093352510325965775 0.0028013514708072262
leaf_weight=225.25946770235896 216.02095793187618 102.9102526307106 317.98954130336642 282.95056682452559 4891.362580223009 40.60564037784934 25.429306093603373 37.286589127033949 20.919737379997969 60.075028400868177 430.71282589063048 94.950210079550743 76.362747710198164 184.21079510264099
leaf_count=3518 1406 789 2941 2179 43464 351 201 409 197 1027 7249 1556 1076 1961
internal_value=-2.91337e-05 0.000448125 0.000246584 0.00480181 -0.000231414 0.000333598 0.0122457 -0.00786936 -0.00131467 -0.00265239 -0.00512143 0.00127346 0.00387686 0.0076888
internal_weight=7007.05 5935.48 5832.56 545.321 5287.24 4931.97 241.45 355.276 303.87 1071.57 655.972 415.599 355.524 279.161
internal_count=68324 51937 51148 3983 47165 43815 1607 3350 2376 16387 10767 5620 4593 3517
is_linear=0
shrinkage=0.035


Tree=130
num_leaves=15
num_cat=0
split_feature=14 14 25 3 25 11 0 6 10 28 4 24 8 3
split_gain=7.0708 7.44775 9.842 17.3115 15.8517 14.0446 15.3626 13.0633 10.6742 9.78023 11.8289 7.78437 5.91467 4.48578
threshold=0.11347603052854539 2.8142176866531377 3.9399999999999999 0.29935254156589514 1.4450000000000001 0.28212086856365209 -0.041128890588879578 0.3090712577104569 0.4606263935565949 -1.6298740697561651 -0.027752247639000412 0.028592240996658806 -0.27478151023387903 -0.018113878555595871
decision_type=2 2 2 2 2 2 2 2 2 2 2 2 2 2
left_child=-1 2 3 4 -2 6 -4 -7 -5 12 -11 -12 -3 -14
right_child=1 9 5 8 -6 7 -8 -9 -10 10 11 -13 13 -15
leaf_value=-0.0099219147457755095 -0.0028069708163690425 -0.0052317634430477907 0.0087158603321051027 0.016004715885925128 0.0018845456157937017 -0.0078853333433788267 -0.0016855190637780455 0.0026183193639039838 0.0043015513572364546 0.0088072714627449363 -0.0029506889973239525 -0.01214970831416058 0.022310433494343258 0.0011392196432022652
leaf_weight=77.391715528443456 1254.709636323154 22.037077844142914 229.85186053812504 116.36990153416991 2908.3514361046255 577.6446027662605 624.76358426734805 187.06300351023674 445.95684063062072 55.971725780516863 258.29793027788401 202.66451679170132 23.965261038392782 20.955073595046997
leaf_count=1102 17847 210 2738 708 21278 6788 7723 1567 3063 532 2382 2061 198 127
internal_value=-2.84628e-05 9.61863e-05 0.000446347 0.00125303 0.000467226 -0.00190091 0.00118042 -0.0053153 0.00696077 -0.0036522 -0.00530321 -0.00716719 0.00812701 0.0144399
internal_weight=7005.99 6928.6 6344.71 4725.39 4163.06 1619.32 854.615 764.708 562.327 583.892 516.934 460.962 66.9574 44.9203
internal_count=68324 67222 61712 42896 39125 18816 10461 8355 3771 5510 4975 4443 535 325
is_linear=0
shrinkage=0.035


Tree=131
num_leaves=15
num_cat=0
split_feature=17 11 10 14 11 19 15 15 1 14 15 15 15 19
split_gain=6.88965 8.20265 13.8208 13.0673 10.9235 10.2723 9.06479 8.61969 12.2772 12.1441 7.18892 7.20408 4.88802 7.34348
threshold=0.01681488007307053 0.14671359211206439 0.29870600998401647 0.92185387015342724 0.19886650890111926 -0.032562112435698502 22.542233467102054 20.594601631164554 -0.076166991144418703 0.27658735215663915 21.588316917419437 22.542233467102054 20.545529365539554 0.01931066066026688
decision_type=8 2 2 2 2 2 2 2 2 2 2 2 2 2
left_child=10 6 3 5 -5 -3 12 8 -4 -9 -1 -12 13 -2
right_child=1 2 7 4 -6 -7 -8 9 -10 -11 11 -13 -14 -15
leaf_value=-0.022195006498116121 0.013934666027907753 -0.0049993310622018635 0.0064889903916348296 -0.0052129142725520616 0.010886459760921913 -0.02072878283604131 -0.0081439222533854841 -0.0055640579351274953 -0.00079959799419345259 0.00024480059827449205 0.017723365523262428 -0.011207043054013531 0.016936134679709839 -0.010765869687731395
leaf_weight=24.613327894359827 18.895737947896123 125.61861948296428 593.48785634711385 148.74250924214721 66.511247172951698 86.836527554318309 26.463853714987636 475.50920177809894 529.56596845760942 4788.9258281551301 9.1282437834888714 13.721948655322192 75.632012389600277 20.246276784688234
leaf_count=595 261 1845 5615 2084 944 1413 317 5649 4753 43362 151 370 762 203
internal_value=-2.66112e-05 7.29829e-05 -0.000105771 -0.00612252 2.40863e-05 -0.0120712 0.00813514 0.000306053 0.0030754 -0.000289438 -0.012096 0.0022272 0.0122405 0.0015674
internal_weight=7003.9 6956.44 6815.2 427.709 215.254 212.455 141.238 6387.49 1123.05 5264.44 47.4635 22.8502 114.774 39.142
internal_count=68324 67208 65665 6286 3028 3258 1543 59379 10368 49011 1116 521 1226 464
is_linear=0
shrinkage=0.035


Tree=132
num_leaves=15
num_cat=0
split_feature=16 18 16 5 3 33 15 17 11 13 24 12 9 11
split_gain=6.9405 8.27616 10.1999 9.79739 10.9162 18.6279 13.6084 8.54157 7.43383 5.92129 5.13249 4.24132 3.57425 2.78266
threshold=2.7844519615173344 0.17189941555261615 1.2876605391502383 0.25109378993511206 0.29935254156589514 -0.17825609018630964 23.082214355468754 0.057135328650474555 0.1697792932391167 0.68201297521591198 0.032165920361876495 1.031036972999573 0.78682038187980663 0.22151952236890796
decision_type=2 2 2 2 2 2 2 8 2 2 2 2 2 2
left_child=1 3 7 4 6 -6 -1 9 -4 -3 -10 -9 -5 -2
right_child=13 2 8 12 5 -7 -8 11 10 -11 -12 -13 -14 -15
leaf_value=-4.5232193826759686e-05 -0.018564227547872989 0.0025759636162014004 0.017030642641414413 -0.020452335881208598 -0.0059331559035889327 0.0072547266685749519 -0.0055404932882698469 0.0082739461674029117 0.0019504336296667444 0.024433397066578929 -0.0072796737225454995 -0.0083340241652579833 -0.0031959050415437786 -0.0047791301420712284
leaf_weight=4852.9698114618659 18.190699756145477 23.270646976307034 25.600931413471699 29.146588444709778 166.48937688954175 515.37414897605777 612.91516987234354 33.591359253972769 457.58290136232972 54.010678740218282 77.670636454597116 23.320798948407173 30.599180478602648 82.541884997859597
leaf_count=48751 186 200 184 192 1476 3678 7051 277 3783 413 775 207 235 916
internal_value=-2.7113e-05 0.000112181 0.00370579 -0.000295505 -0.00014728 0.00399545 -0.000670434 0.0120163 0.00154169 0.018901 0.000502107 0.00124008 -0.0133397 -0.00872018
internal_weight=7003.27 6902.54 695.048 6207.49 6147.75 681.864 5465.88 134.193 560.854 77.2813 535.254 56.9122 59.7458 100.733
internal_count=68324 67222 5839 61383 60956 5154 55802 1097 4742 613 4558 484 427 1102
is_linear=0
shrinkage=0.035


Tree=133
num_leaves=15
num_cat=0
split_feature=16 10 8 19 0 15 15 11 22 19 15 19 16 2
split_gain=6.64156 7.79408 21.5558 16.393 16.9524 15.9299 15.555 14.0351 21.2904 12.7623 12.3991 11.9612 10.2286 21.6719
threshold=0.275269165635109 0.40050412714481359 -0.29805578291416163 -0.057774035260081284 0.051712410524487502 21.250405311584476 24.709161758422855 0.24165757000446322 0.26397200673818594 0.1742673069238663 23.923882484436039 -0.14008755981922147 0.46644303202629095 0.32149375975131994
decision_type=2 2 2 2 2 2 2 2 2 2 2 2 2 2
left_child=-1 2 6 10 -5 7 11 9 -9 -3 -4 -2 13 -7
right_child=1 5 3 4 -6 12 -8 8 -10 -11 -12 -13 -14 -15
leaf_value=-0.0053542595740039903 0.00047408635296975203 0.029112442269649329 0.011494924194555854 -0.0052719482051802402 0.0048091069938519361 -0.01341709209694242 0.021072388693875829 0.0053600024764215489 -0.004573593118174164 0.00081936336844820536 -0.011746049165758289 -0.0085815023155703662 0.00010291435636618944 0.011169695803193149
leaf_weight=265.43140046298504 240.65428364276886 39.858944904059172 243.0957147218287 446.88146539218724 359.87184094823897 168.97561636194587 16.743929950520396 1127.5295480154455 335.91098945587873 33.08439102768898 23.517471734434366 672.71960444189608 2978.2845346797258 49.805411010980606
leaf_count=3306 2791 356 2824 5283 3406 1793 218 9374 3246 227 346 8153 26569 432
internal_value=-2.69879e-05 0.000190528 -0.00163431 0.00174061 -0.000771227 0.000964727 -0.00550609 0.00388126 0.00306433 0.0179257 0.00909435 -0.00621626 -0.000444577 -0.00757635
internal_weight=7002.37 6736.93 2003.48 1073.37 806.753 4733.45 930.118 1536.38 1463.44 72.9433 266.613 913.374 3197.07 218.781
internal_count=68324 65018 23021 11859 8689 41997 11162 13203 12620 583 3170 10944 28794 2225
is_linear=0
shrinkage=0.035


Tree=134
num_leaves=15
num_cat=0
split_feature=16 18 14 11 31 3 30 9 6 7 4 8 14 23
split_gain=6.64266 7.63599 9.69604 9.92888 12.0759 11.9682 9.48229 17.3584 15.9675 14.5316 12.7978 17.7583 15.5582 2.803
threshold=2.7844519615173344 0.17189941555261615 0.49233338236808782 0.47414055466651922 0.040327793865976409 -0.24589526653289792 0.15000000000000016 0.49819757044315344 0.22650895267724994 -0.14711845666170117 -0.019574915058910843 -0.24362841248512265 1.2342932820320132 0.15630242973566058
decision_type=2 2 2 2 2 2 2 2 2 2 2 2 2 2
left_child=1 6 -3 5 -5 -4 10 9 -9 -8 12 -12 -1 -2
right_child=13 2 3 4 -6 -7 7 8 -10 -11 11 -13 -14 -15
leaf_value=-3.7676986548584195e-05 -0.0014623842614778029 0.019832093750749385 -0.0020756655939591652 -0.016810300820783334 0.0082771286253032431 0.0080888868062246513 0.013888650542454176 -0.0090205122120163832 0.0172860690047591 0.0020350782180624293 -0.0044547135798952602 0.0010382729342435493 0.0079334200806549064 -0.013192211095320355
leaf_weight=2126.4053188804537 44.872981507331133 32.382942605763674 227.55294014886022 54.883539970964193 29.247355297207832 352.62448143027723 201.60291897878051 174.9753440991044 23.880429066717625 326.18445159494877 1833.0351260732859 1178.9947460368276 339.20186051353812 55.344860086217523
leaf_count=22495 550 297 2207 458 289 2588 1203 1173 117 2231 19791 10992 3381 552
internal_value=-2.46959e-05 0.000111293 0.0035586 0.00248298 -0.00813608 0.0041346 -0.000280916 0.00344825 -0.00518498 0.00673694 -0.000780996 -0.00230828 0.00108655 -0.00854933
internal_weight=7001.19 6900.97 696.691 664.308 84.1309 580.177 6204.28 726.643 198.856 527.787 5477.64 3012.03 2465.61 100.218
internal_count=68324 67222 5839 5542 747 4795 61383 4724 1290 3434 56659 30783 25876 1102
is_linear=0
shrinkage=0.035


Tree=135
num_leaves=15
num_cat=0
split_feature=14 28 15 26 33 21 19 15 8 11 10 8 6 6
split_gain=6.57215 9.19728 9.38573 8.96149 14.7753 17.9451 16.0046 15.2556 13.7174 13.3236 14.5612 13.1371 11.8877 11.4258
threshold=2.8142176866531377 -1.6298740697561651 20.307813644409183 -0.44500000000000001 -0.070036689877633604 -0.059047469869256013 0.13187471777200702 25.226474761962894 -0.028683413751423355 0.28212086856365209 0.32598730921745306 -0.071263559162616716 0.3090712577104569 0.034103959798812873
decision_type=2 2 2 2 2 2 2 2 2 2 2 2 2 2
left_child=3 -2 -3 9 7 6 -6 8 -5 10 13 -7 -11 -1
right_child=1 2 -4 4 5 11 -8 -9 -10 12 -12 -13 -14 -15
leaf_value=-0.00047420462363003275 0.007841795536503271 0.011929299894204626 -0.006357294231730014 0.0028474810070993118 -0.0010090331279329278 -0.0080105110098929733 0.0076439054728154017 0.022766501841855316 -0.012501752205835048 -0.0076364802984361692 0.0042049666861167902 0.010604719429404415 0.0023434494334510867 -0.015376150807355776
leaf_weight=191.12026481516659 67.299804974347353 27.840614285320044 487.13530888035893 2573.8313879743218 1229.6238765567541 516.51217682100832 322.11976459622383 36.172447830438614 63.612927313894033 588.39428107626736 580.95578072592616 42.350731614977121 188.24242329224944 84.535648688673973
leaf_count=3479 535 257 4718 18457 14097 7163 3036 240 364 7073 5940 310 1580 1075
internal_value=-2.2571e-05 -0.00355046 -0.00516028 0.000302551 0.00106664 -0.00111977 0.000824636 0.00279038 0.00243145 -0.00192854 0.00108005 -0.00643822 -0.00521849 -0.00542249
internal_weight=6999.75 582.276 514.976 6417.47 4784.22 2110.61 1551.74 2673.62 2637.44 1633.25 856.612 558.863 776.637 275.656
internal_count=68324 5510 4975 62814 43667 24606 17133 19061 18821 19147 10494 7473 8653 4554
is_linear=0
shrinkage=0.035


Tree=136
num_leaves=15
num_cat=0
split_feature=17 10 11 3 8 16 26 15 2 5 16 10 16 13
split_gain=6.57782 7.62522 10.1861 21.8346 13.0076 9.57863 13.5564 11.8331 11.3249 9.03957 8.91983 8.84865 8.1098 6.91924
threshold=0.02393356524407864 0.7285253405570985 0.51566034555435192 -0.062888737767934785 -0.64353126287460316 0.82694393396377575 0.26499999999999996 24.379923820495609 0.76717349886894237 0.43369229137897497 0.43264491856098181 0.47392559051513677 0.70509865880012523 0.65922117233276378
decision_type=8 2 2 2 2 2 2 2 2 2 2 2 2 2
left_child=13 2 4 -4 12 7 8 10 -7 -8 -3 -6 -2 -1
right_child=1 5 3 -5 11 6 9 -9 -10 -11 -12 -13 -14 -15
leaf_value=-0.0070248529964239718 -0.015493829188556062 -0.0050528882496578527 0.028030719361071873 -0.0090295850016453814 -0.00033025006772645062 -0.014800909594147817 -0.0024765642766831674 0.022873041575736757 -0.00033620991020901164 0.01363005218666396 0.0048883585609002175 0.0025559385496553289 -0.0019341862332450943 0.0054931657400423672
leaf_weight=276.33439129404724 84.130381368100643 205.90180602110922 37.817722499370575 26.397765703499317 2981.3262723088264 207.30985880456865 317.15649430453777 19.762061197310686 96.100931901484728 39.097248077392578 216.61107525601983 2296.3927134610713 134.74741885624826 58.813065577298403
leaf_count=4708 821 2462 322 214 29111 2365 2969 188 784 251 1991 19969 1297 872
internal_value=-2.11972e-05 0.000222533 0.000750413 0.013632 0.000575438 -0.00242415 -0.00506684 0.00154237 -0.0103763 -0.00038505 3.89086e-05 0.000928021 -0.00759536 -0.00473263
internal_weight=6997.9 6662.75 5560.81 64.2155 5496.6 1101.94 659.665 442.275 303.411 356.254 422.513 5277.72 218.878 335.147
internal_count=68324 62744 51734 536 51198 11010 6369 4641 3149 3220 4453 49080 2118 5580
is_linear=0
shrinkage=0.035


Tree=137
num_leaves=15
num_cat=0
split_feature=17 11 10 15 27 22 0 8 15 8 15 15 15 16
split_gain=6.43819 7.58797 12.5054 8.5358 8.33565 23.5695 10.9867 7.82933 13.6955 12.7478 7.08828 6.87622 5.88155 6.44368
threshold=0.01681488007307053 0.14671359211206439 0.29870600998401647 22.17018032073975 8.5369996554733216 0.18083944171667102 -0.035877035930752747 -0.33416876196861262 22.384239196777347 -0.50724956393241871 21.588316917419437 22.542233467102054 20.64393520355225 1.1856526732444765
decision_type=8 2 2 2 2 2 2 2 2 2 2 2 2 2
left_child=10 3 7 12 6 -6 -4 9 -9 -3 -1 -12 13 -2
right_child=1 2 4 -5 5 -7 -8 8 -10 -11 11 -13 -14 -15
leaf_value=-0.021913607952464723 0.013368745378058863 0.012481014773196568 0.0027870411651443475 -0.0050735556824508489 0.0018869690523795936 -0.0108313528528964 -0.00041527677750663911 0.0023173599177959245 -0.013899767917691862 -0.0163641925917857 0.017413597450672971 -0.010903344634327631 0.019463799445282311 -0.0087192831299954532
leaf_weight=24.033121485263109 21.920457603409886 14.454082671552895 2052.192788336426 39.630461113527417 441.22461631521583 287.03427783958614 3603.906871471554 211.12515041604638 80.095842937007546 118.49522627331316 9.2064392101019639 13.458637226372955 56.826936734840274 23.250211043283343
leaf_count=595 276 215 18289 432 4750 3629 32711 2798 1331 1942 151 370 579 256
internal_value=-1.96916e-05 7.60236e-05 -9.62943e-05 0.00781994 0.000294136 -0.00320462 0.000749483 -0.00584424 -0.00245629 -0.0125744 -0.011766 0.00240855 0.0128353 0.00247991
internal_weight=6996.86 6950.16 6808.53 141.628 6384.36 728.259 5656.1 424.17 291.221 132.949 46.6982 22.6651 101.998 45.1707
internal_count=68324 67208 65665 1543 59379 8379 51000 6286 4129 2157 1116 521 1111 532
is_linear=0
shrinkage=0.035


Tree=138
num_leaves=15
num_cat=0
split_feature=14 14 28 13 18 17 24 10 24 11 22 24 13 11
split_gain=6.43846 6.48676 8.69327 8.89813 8.35695 11.148 9.578 8.67436 14.8933 10.1096 7.33963 6.69276 4.4744 3.84086
threshold=0.11347603052854539 2.8142176866531377 -1.6298740697561651 0.40000097453594213 0.22968932986259463 0.072122626006603255 0.027595804072916511 0.31713132560253149 0.028176901862025264 0.23683035373687747 0.18083944171667102 0.028592240996658806 0.27001525461673742 0.22662176191806796
decision_type=2 2 2 2 2 8 2 2 2 2 2 2 2 2
left_child=12 4 13 -4 7 6 -6 8 -2 -9 -7 -5 -1 -3
right_child=1 2 3 11 5 10 -8 9 -10 -11 -12 -13 -14 -15
leaf_value=0.0035296592834716642 0.0011474836123211562 0.016875630424976626 0.0092737175379017291 -0.0025224308177533056 0.00012915187211401432 0.0082728517755793034 0.017926834145738344 0.0049946967356225115 -0.0088451469516076017 8.3794155090030585e-05 -0.006073771822632433 -0.010935490925884171 -0.013951533229501949 0.00086639484840320613
leaf_weight=19.846263628453016 393.905777387321 22.267168845981359 40.292531561106443 264.89055588841438 55.106855310499668 60.758991155773401 103.90878093987703 566.12852820381522 327.57493186369538 4727.7547976076603 104.27889023721218 207.57084089703858 56.441548973321915 45.28265343233943
leaf_count=274 4957 186 391 2460 448 491 775 5113 5494 43476 958 2124 828 349
internal_value=-2.02056e-05 9.81358e-05 -0.00341148 -0.00498559 0.00042427 0.00581256 0.0121316 0.000124832 -0.00344838 0.000617394 -0.000621153 -0.00636867 -0.00952179 0.00763929
internal_weight=6996.01 6919.72 580.304 512.754 6339.42 324.054 159.016 6015.36 721.481 5293.88 165.038 472.461 76.2878 67.5498
internal_count=68324 67222 5510 4975 61712 2672 1223 59040 10451 48589 1449 4584 1102 535
is_linear=0
shrinkage=0.035


Tree=139
num_leaves=15
num_cat=0
split_feature=22 27 24 10 10 15 5 2 18 18 7 2 16 14
split_gain=6.1012 14.5241 11.5798 22.6352 21.9537 14.0877 18.2842 15.2982 10.5429 9.51263 6.88882 7.04954 6.79487 7.44732
threshold=0.090174939483404173 8.5369996554733216 0.028484541922807697 0.47392559051513677 0.51200446486473095 21.533134460449222 -0.052474331110715859 -0.051343584433197968 0.030189299955964092 -0.01482859533280134 -0.41100928187370295 -0.079469155520200715 2.0225229263305669 1.1436745524406435
decision_type=2 2 2 2 2 2 2 2 2 2 2 2 2 2
left_child=-1 2 5 9 -5 7 -7 -2 10 -4 -3 -12 13 -10
right_child=1 8 3 4 -6 6 -8 -9 12 -11 11 -13 -14 -15
leaf_value=0.0061002901028533521 0.0012570412052568915 0.0067209356728460045 -0.0012917458913381166 0.0096133489368207328 -0.00024888034046854229 0.0074873881207076914 -0.0023853434727562879 0.0087199242445509945 -0.0021964238354974016 -0.0068785874707526914 -0.006566567304337423 -0.017741541320311895 -0.0096055128667980379 0.011710820899071328
leaf_weight=184.09364891052246 778.90300649777055 25.59444216825068 711.13690056651831 324.98100995272398 1581.0726684127003 276.0811292398721 1158.4484907500446 587.83773546665907 102.55451271869242 789.3089931551367 251.99197462014854 99.346798606216908 50.206863436847925 73.462225444614887
leaf_count=1307 7390 380 7966 2637 14287 2562 10419 4987 1353 8502 3719 1358 586 871
internal_value=-1.86929e-05 -0.000192785 0.000314308 -0.00105527 0.00147402 0.00197762 -0.000446616 0.00450686 -0.00533186 -0.00425678 -0.00884168 -0.01013 0.000642933 0.00392542
internal_weight=6995.02 6810.93 6207.77 3406.5 1906.05 2801.27 1434.53 1366.74 603.157 1500.45 376.933 351.339 226.224 176.017
internal_count=68324 67017 58750 33392 16924 25358 12981 12377 8267 16468 5457 5077 2810 2224
is_linear=0
shrinkage=0.035


Tree=140
num_leaves=15
num_cat=0
split_feature=16 12 19 2 10 22 16 16 17 8 15 8 6 6
split_gain=6.20999 13.0308 11.7174 12.3447 8.36423 8.18022 8.70146 8.22595 8.02792 17.3703 11.8016 6.61837 9.73612 6.59473
threshold=0.39672289788722997 0.80842104554176342 -0.082688372582197175 0.12381985783576967 0.7285253405570985 0.45241473615169531 2.7844519615173344 0.65912240743637096 0.040478471666574485 -0.34873312711715693 21.533134460449222 -0.16771382093429563 0.076326292008161559 -0.10012362897396086
decision_type=2 2 2 2 2 2 2 2 10 2 2 2 2 2
left_child=1 2 13 -4 -5 6 8 -7 9 -2 -10 -9 -13 -1
right_child=5 -3 3 4 -6 7 -8 11 10 -11 -12 12 -14 -15
leaf_value=0.011873369215060166 -0.0041168824187815499 -0.011950294258530791 -0.010094813968601186 0.017808690383601236 -0.0029753503921866177 0.0053431113707440477 -0.0097590968226660951 -0.010041267366642846 0.0044385507973795976 0.0018629429404794259 0.00023521829487755264 0.016570365145819305 -0.0041006898087152426 -0.0017374155135636261
leaf_weight=102.07147899083793 1028.7554866373539 150.93711359240115 171.53863416425884 30.178651724010706 52.186332125216722 91.515586556866765 86.360654314979911 214.32835138216615 1369.9504423737526 1383.8972065690905 2013.2086739428341 22.051214382052422 209.33049312792718 67.656848073005676
leaf_count=1111 10427 1743 2045 318 620 1232 909 3879 11369 14044 17487 374 1991 775
internal_value=-1.81663e-05 -0.00347196 -0.000245258 -0.00493398 0.00574355 0.000295885 0.000675608 -0.00379814 0.000847632 -0.000693324 0.00194535 -0.00575113 -0.00152582 0.00665306
internal_weight=6993.97 574.569 423.632 253.904 82.365 6419.4 5882.17 537.226 5795.81 2412.65 3383.16 445.71 231.382 169.728
internal_count=68324 6612 4869 2983 938 61712 54236 7476 53327 24471 28856 6244 2365 1886
is_linear=0
shrinkage=0.035


Tree=141
num_leaves=15
num_cat=0
split_feature=17 5 3 10 0 11 10 0 0 31 15 5 25 16
split_gain=6.07291 13.5751 9.53543 11.3398 9.46089 9.12006 17.488 8.67934 7.07965 14.1961 9.98777 8.74985 7.94133 7.01853
threshold=0.072122626006603255 -0.2752819806337356 0.16643942147493365 0.19265986233949664 0.29716910421848303 0.51566034555435192 0.80779841542243969 0.19648085534572604 -0.11622440442442893 0.047494519848749979 22.307502746582035 -0.017946223728358742 2.8200000000000007 1.7691164612770083
decision_type=10 2 2 2 2 2 2 2 2 2 2 2 2 2
left_child=2 -2 3 -1 -3 7 -7 -5 9 -4 -11 12 -10 -13
right_child=1 4 8 5 -6 6 -8 -9 11 10 -12 13 -14 -15
leaf_value=-0.015951998205054073 0.014907202416948992 -0.0068160599059800733 -0.0076099585011341645 -0.00077176697998363809 0.0022471155590330907 0.020176979428318913 -0.0025585970875182311 0.0046351373391025023 0.0040952103753508244 0.020014276292758922 -0.0035531689514289411 0.0038333866912325181 0.017408474974421412 -0.009205734752896249
leaf_weight=45.831601014360785 38.68510502949357 487.84985427185893 159.02597553282976 4696.6786423996091 191.17918182909489 67.07177547365427 85.39887023717165 384.19054886698723 121.57100874558091 40.113443974405527 34.692728921771049 489.96944927237928 104.06889127939939 46.724973060190678
leaf_count=1013 333 4635 1201 48271 1723 599 962 3388 1068 413 382 3215 806 315
internal_value=-1.76568e-05 -0.00304452 0.000332821 -0.00026185 -0.00426876 -9.42803e-05 0.00806908 -0.000354622 0.00345555 -0.00181312 0.00995427 0.00507417 0.0107137 0.00255057
internal_weight=6993.05 717.714 6275.34 5279.17 679.029 5233.34 152.471 5080.87 996.166 233.832 74.8062 762.334 225.64 536.694
internal_count=68324 6691 61633 54233 6358 53220 1561 51659 7400 1996 795 5404 1874 3530
is_linear=0
shrinkage=0.035


Tree=142
num_leaves=15
num_cat=0
split_feature=14 2 17 5 17 3 18 25 16 11 2 26 1 1
split_gain=6.03304 6.11227 9.13763 15.8254 9.29298 9.07631 10.617 16.7241 8.79396 5.92316 5.89561 5.81343 5.30598 5.3049
threshold=0.11347603052854539 0.49754849076271063 0.072122626006603255 -0.2752819806337356 0.01681488007307053 0.61237391829490673 -0.01482859533280134 2.0050000000000003 2.4806250333786015 0.60272285342216503 0.59722793102264415 0.33000000000000013 -0.10586233437061308 0.067353419959545149
decision_type=2 2 10 2 8 2 2 2 2 2 2 2 2 2
left_child=-1 2 4 -4 12 9 13 -8 -6 10 -3 -5 -2 -7
right_child=1 5 3 11 8 6 7 -9 -10 -11 -12 -13 -14 -15
leaf_value=-0.009252240524124997 0.0071093126165276887 0.00099025833310364161 0.014871865766219485 -0.011236976609243927 0.00053443169813111751 -0.0058149727560397914 0.010046682715080794 -0.01482265954172823 -0.0073284302735580785 -0.008340502045221786 0.010637441836385578 -0.0030367253625444091 -0.018792946124270488 0.012631461832578602
leaf_weight=75.561425730586052 6.5597852673381558 113.90216987207532 36.181785054504871 190.27976836450398 5626.6859096121043 20.001386325806379 38.903577443212271 101.92564185708761 169.81749092414975 22.362766832113266 249.25621292740107 247.11043523624539 37.279847767204046 56.265983242541552
leaf_count=1102 170 811 305 2088 55402 155 227 643 1681 205 1730 2447 935 423
internal_value=-1.52576e-05 9.88661e-05 -0.000224649 -0.0048483 0.000157913 0.00343682 -0.00222433 -0.00774198 0.000291853 0.0066004 0.00771929 -0.00677555 -0.0143166 0.00768053
internal_weight=6992.09 6916.53 6313.92 473.572 5840.34 602.618 217.097 140.829 5796.5 385.521 363.158 437.39 43.8396 76.2674
internal_count=68324 67222 63028 4840 58188 4194 1448 870 57083 2746 2541 4535 1105 578
is_linear=0
shrinkage=0.035


Tree=143
num_leaves=15
num_cat=0
split_feature=16 15 1 5 12 33 16 8 33 19 3 18 16 3
split_gain=5.88017 6.7084 15.0565 20.0936 14.9928 14.4407 12.0464 10.2834 7.81031 14.681 13.7455 12.1922 10.9648 13.8896
threshold=0.275269165635109 20.594601631164554 -0.076166991144418703 0.045765308663249023 1.114354193210602 -0.17825609018630964 0.95803633332252514 -0.30513694882392878 -0.070036689877633604 0.13187471777200702 -0.3349951952695846 -0.085409868508577333 1.4095015525817873 -0.45821245014667505
decision_type=2 2 2 2 2 2 2 2 2 2 2 2 2 2
left_child=-1 2 4 7 5 -2 -6 -4 12 11 -11 -10 13 -3
right_child=1 8 3 -5 6 -7 -8 -9 9 10 -12 -13 -14 -15
leaf_value=-0.005051375092896845 -0.005692446871981699 -0.0063490324281494275 -0.010986075819109277 0.0065938399087749145 -0.0095556921239478617 0.012755870491978237 0.0073349427809897907 0.00034894716190152767 0.0022167249662326293 -0.011647962644839024 0.0052892425455984505 -0.0059389403835098473 -0.0021954856502746424 0.0026628312076833909
leaf_weight=263.03223873488605 54.82902655005455 220.58652068115771 217.249406542629 237.66909041255713 99.614957643672824 350.7441193908453 88.268084745854139 171.39257051050663 281.87883349694312 58.540133189409971 414.00912964530289 1013.7840824034065 1186.3356812633574 2333.6050083879381
leaf_count=3306 770 1964 2266 2012 1047 3275 824 1834 3083 742 3791 12642 10633 20135
internal_value=-1.60286e-05 0.000188018 0.00252545 -0.00125755 0.00647257 0.0101849 -0.00165075 -0.00610393 -0.000333184 -0.00224318 0.00299313 -0.00416124 0.000573276 0.00186282
internal_weight=6991.54 6728.51 1219.77 626.311 593.456 405.573 187.883 388.642 5508.74 1768.21 472.549 1295.66 3740.53 2554.19
internal_count=68324 65018 12028 6112 5916 4045 1871 4100 52990 20258 4533 15725 32732 22099
is_linear=0
shrinkage=0.035


Tree=144
num_leaves=15
num_cat=0
split_feature=22 27 24 10 17 20 16 12 18 19 22 10 6 20
split_gain=5.8414 13.537 10.5098 21.3762 20.1325 13.492 19.9111 15.0626 9.75202 9.59653 6.72546 7.9127 6.63167 6.13102
threshold=0.090174939483404173 8.5369996554733216 0.028484541922807697 0.47392559051513677 0.072122626006603255 0.02394574694335461 1.1856526732444765 0.92705902457237255 0.030189299955964092 0.055260771885514266 0.18083944171667102 0.33437563478946691 -0.20932528376579282 -0.064003245905041681
decision_type=2 2 2 2 8 2 2 2 2 2 2 2 2 2
left_child=-1 2 5 9 -5 6 -2 -7 12 -4 -10 -12 -3 -14
right_child=1 8 3 4 -6 7 -8 -9 10 -11 11 -13 13 -15
leaf_value=0.0059647141932411803 0.0072179593495895955 -0.0026209729782450141 -0.0023323123097614071 0.0034695698427245443 -0.0048798389330345134 -0.0042179901028843551 -0.0010673477090537324 0.0032770734388154585 0.0066052758756253941 -0.0085559180390848092 0.014058229096976937 -0.008447280659953052 -0.0015078386951878266 -0.015347612165453776
leaf_weight=184.45144653320312 941.28628969378769 150.07838718034327 1075.5099114850163 1448.3134773019701 457.60392932780087 694.23027309030294 563.46554827317595 605.90510303899646 107.55502225458622 419.75380875170231 13.608482981100677 105.1280158944428 53.081174146384001 170.50691449455917
leaf_count=1307 7349 2156 12550 12576 4348 7611 4571 5827 1402 3918 213 1195 910 2391
internal_value=-1.68462e-05 -0.000187467 0.000301057 -0.00100575 0.0014499 0.00188362 0.0041289 -0.000726696 -0.00516293 -0.00412465 0.00057496 -0.00497625 -0.0085622 -0.0122672
internal_weight=6990.48 6806.03 6206.07 3401.18 1905.92 2804.89 1504.75 1300.14 599.958 1495.26 226.292 118.736 373.666 223.588
internal_count=68324 67017 58750 33392 16924 25358 11920 13438 8267 16468 2810 1408 5457 3301
is_linear=0
shrinkage=0.035


Tree=145
num_leaves=15
num_cat=0
split_feature=15 11 3 15 17 16 8 25 14 28 19 15 22 3
split_gain=5.85884 9.35384 15.049 8.24345 20.7266 15.8744 18.6716 14.8857 9.11613 13.0193 13.202 11.3558 11.0814 11.6377
threshold=25.226474761962894 0.32639990746974951 1.3224015235900881 23.082214355468754 0.03978273272514344 1.1061964035034182 -0.19834219664335248 0.9900000000000001 0.55340856313705455 -1.6298740697561651 -0.13192368298768994 21.77038669586182 0.45241473615169531 0.16643942147493365
decision_type=2 2 2 2 8 2 2 2 2 2 2 2 2 2
left_child=3 -2 -3 8 -5 7 -7 -6 9 10 -1 -11 13 -10
right_child=1 2 -4 4 5 6 -8 -9 12 11 -12 -13 -14 -15
leaf_value=0.0048199508339546162 0.015904792394682735 -0.013328576175004617 0.016897268949808229 -0.010572664692021796 -0.0090071637388877551 -0.010405444494969803 0.0028083714964283355 0.010689036211833619 0.0011495803565424413 0.001068389011898957 -0.01563998672328281 -0.0052518154423246968 -0.0049021286929459805 0.0072391500633054162
leaf_weight=47.544340793043375 61.669592725113034 43.234027035534382 22.60583658516407 302.04848896153271 50.905870633199811 240.76644439250231 267.36542386189103 220.02612487971783 3114.1777539830655 1279.4180046208203 133.01275734975934 467.30474226363003 309.62000832520425 429.65565409883857
leaf_count=461 603 346 152 3684 738 2787 2125 1684 29270 13138 1289 4823 4376 2848
internal_value=-1.70253e-05 0.00713628 -0.00209104 -0.000160142 -0.00295057 0.000101104 -0.00353267 0.0067994 0.000365918 -0.00159423 -0.0102823 -0.00064274 0.00134786 0.00190617
internal_weight=6989.36 127.509 65.8399 6861.85 1081.11 779.064 508.132 270.932 5780.73 1927.28 180.557 1746.72 3853.45 3543.83
internal_count=68324 1101 498 67223 11018 7334 4912 2422 56205 19711 1750 17961 36494 32118
is_linear=0
shrinkage=0.035


Tree=146
num_leaves=15
num_cat=0
split_feature=14 14 28 4 18 17 23 10 24 11 24 22 8 15
split_gain=5.59883 5.80562 8.30826 10.0953 7.88027 9.50411 10.3804 7.65227 13.0211 9.86286 6.86155 6.83932 5.38822 4.39698
threshold=0.11347603052854539 2.8142176866531377 -1.6298740697561651 -0.027752247639000412 0.22968932986259463 0.072122626006603255 0.20977428555488589 0.31713132560253149 0.028176901862025264 0.23683035373687747 0.027930735610425476 0.18083944171667102 -0.27478151023387903 20.355824470520023
decision_type=2 2 2 2 2 8 2 2 2 2 2 2 2 2
left_child=13 4 12 -4 7 6 -6 8 -2 -9 -5 -7 -3 -1
right_child=1 2 3 10 5 11 -8 9 -10 -11 -12 -13 -14 -15
leaf_value=0.00475316308065329 0.0010177770111265882 -0.0051870548037619172 0.0081599121088192905 -0.0019949067431954287 0.0047900936829379463 0.0081885866212772201 0.023671903463208493 0.0048914104446257899 -0.0083618350987752117 4.3286139059017948e-05 -0.010632915358409904 -0.0056827101357093384 0.013516249077734745 -0.01305639171867938
leaf_weight=16.849562782794237 394.4756205752492 21.988455094397068 56.619290765374899 221.64560079947114 113.30651097372174 60.77582073584199 47.292847417294979 566.77359097823501 322.53510968014598 4727.252268364653 231.63218755088747 103.20677719637752 45.652679700404406 57.938046403229237
leaf_count=210 4957 210 532 2081 879 491 344 5113 5494 43476 2362 958 325 892
internal_value=-1.72058e-05 9.2299e-05 -0.00323633 -0.0047851 0.00040035 0.00562826 0.011412 0.000109177 -0.00325846 0.000570565 -0.0065433 -0.000366516 0.00755128 -0.00895656
internal_weight=6987.94 6913.16 577.538 509.897 6335.62 324.582 160.599 6011.04 717.011 5294.03 453.278 163.983 67.6411 74.7876
internal_count=68324 67222 5510 4975 61712 2672 1223 59040 10451 48589 4443 1449 535 1102
is_linear=0
shrinkage=0.035


Tree=147
num_leaves=15
num_cat=0
split_feature=16 9 33 19 11 18 8 5 22 8 8 17 3 6
split_gain=5.69667 14.371 16.7806 14.3972 13.5864 10.6115 9.60096 8.04817 7.65371 8.39433 13.7624 19.385 18.4402 11.7542
threshold=0.43264491856098181 0.45178435742855078 -0.19915186108208052 -0.15926319360733029 0.26866945624351507 -0.12547200173139569 -0.42275717854499811 0.051072428002953536 0.45241473615169531 -0.56208455562591542 -0.43874520063400263 0.079772677272558226 -0.22670981287956235 -0.3030212521553039
decision_type=2 2 2 2 2 2 2 2 2 2 2 10 2 2
left_child=1 2 4 -4 -1 -3 -5 -7 9 13 11 -11 -12 -2
right_child=8 5 3 6 -6 7 -8 -9 -10 10 12 -13 -14 -15
leaf_value=0.0097290743471903137 0.00086231221246077386 0.0028954742580035026 0.014221650217150687 -0.0094427349281879878 -0.023060868794612124 -0.015452356124053816 0.0039874879423549264 0.0074877378469512985 -0.0036999960380652793 0.0059690762662769131 -0.0033694831398312971 -0.013697054596670586 0.0017685088942503296 -0.0085361031962372363
leaf_weight=14.946887411177157 393.51771326735616 60.758842905983329 103.22211902216077 89.126759808510542 46.034193681553006 176.32127368822694 180.72738372720778 14.913900863379238 522.57888991013169 969.24963829852641 1204.100129486993 56.170165203511715 2888.8718352839351 266.34154288470745
leaf_count=190 3336 705 1044 987 611 2011 2032 134 7335 8946 12480 586 25222 2705
internal_value=-1.56143e-05 -0.00302055 0.000867486 0.00374521 -0.0147854 -0.00949515 -0.000627129 -0.0133801 0.000315839 0.000684792 0.00116502 0.00476993 0.000252449 -0.00300201
internal_weight=6986.88 686.051 434.057 373.076 60.9811 251.994 269.854 191.235 6300.83 5778.25 5118.39 1025.42 4092.97 659.859
internal_count=68324 7714 4864 4063 801 2850 3019 2145 60610 53275 47234 9532 37702 6041
is_linear=0
shrinkage=0.035


Tree=148
num_leaves=15
num_cat=0
split_feature=15 11 2 15 17 16 8 26 14 10 15 12 22 3
split_gain=5.49536 8.67476 13.636 7.77934 19.6231 14.7208 17.6442 13.9744 8.37149 13.3043 21.6436 11.7754 9.78739 10.5447
threshold=25.226474761962894 0.29935176670551306 0.76717349886894237 23.082214355468754 0.03978273272514344 1.1061964035034182 -0.31262104213237757 1.1600000000000004 0.55340856313705455 0.43391011655330664 21.706601142883304 1.1447806358337405 0.45241473615169531 0.16643942147493365
decision_type=2 2 2 2 8 2 2 2 2 2 2 2 2 2
left_child=3 -2 -3 8 -5 7 -7 -6 9 11 -11 -1 13 -10
right_child=1 2 -4 4 5 6 -8 -9 12 10 -12 -13 -14 -15
leaf_value=-0.0032699396226678686 0.016149107635028612 -0.014204089783531139 0.012691658047846499 -0.010320502275822855 0.010995570603352895 -0.013528234870080575 0.00070215385952748766 -0.0064832340738210847 0.0010956776146496356 0.0033302238701421864 -0.0057340617676768391 -0.015755133044588594 -0.0046042631375833188 0.0068799785532632591
leaf_weight=395.71764141693711 55.418637389317155 37.550616633147001 34.967682424932718 299.81696990132332 203.56427150592208 140.09171743504703 366.3645574003458 68.457439644262195 3117.0172064453363 933.7575825471431 480.38801898248494 114.12697950564325 307.16014095395803 431.73500832915306
leaf_count=4407 548 318 235 3684 1533 1742 3170 889 29270 9155 4888 1261 4376 2848
internal_value=-1.69492e-05 0.00689992 -0.00126879 -0.000155839 -0.00287061 9.30817e-05 -0.00341986 0.00652291 0.000354711 -0.00152602 0.000232426 -0.00631402 0.00129466 0.00181674
internal_weight=6986.13 127.937 72.5183 6858.2 1078.29 778.478 506.456 272.022 5779.9 1923.99 1414.15 509.845 3855.91 3548.75
internal_count=68324 1101 553 67223 11018 7334 4912 2422 56205 19711 14043 5668 36494 32118
is_linear=0
shrinkage=0.035


Tree=149
num_leaves=15
num_cat=0
split_feature=17 11 10 14 11 19 15 15 27 22 8 15 15 19
split_gain=5.42351 7.28703 10.5984 12.4113 10.4457 10.1568 7.92251 7.16018 7.04119 20.4716 10.0733 6.47854 5.44395 7.25926
threshold=0.01681488007307053 0.14671359211206439 0.29870600998401647 0.92185387015342724 0.19886650890111926 -0.032562112435698502 22.17018032073975 21.588316917419437 8.5369996554733216 0.18083944171667102 -0.49566291272640223 22.542233467102054 20.545529365539554 0.01931066066026688
decision_type=8 2 2 2 2 2 2 2 2 2 2 2 2 2
left_child=7 6 3 5 -5 -3 12 -1 10 -10 -4 -9 13 -2
right_child=1 2 8 4 -6 -7 -8 11 9 -11 -12 -13 -14 -15
leaf_value=-0.021376939250048962 0.013781712770552883 -0.004300099870112979 -0.0022589079082546404 -0.0046417270373640147 0.011183230312478079 -0.020071924578300388 -0.0048551672449442434 0.017524172525656301 0.0017399975764124519 -0.010182817037519016 0.0014148956737013252 -0.010210652832779788 0.018114076189595985 -0.010792757445940724
leaf_weight=22.95873860642314 18.942557752132416 122.85879948548973 1135.9151614382863 146.07805372402072 65.992234416306019 83.690685635432601 39.153002059087157 9.1293719634413737 441.82934135198593 281.06309192068875 4521.0666371081024 12.873073078691958 63.128880294039845 20.106079353019595
leaf_count=595 261 1845 10433 2084 944 1413 432 151 4750 3629 40567 370 647 203
internal_value=-1.78126e-05 6.88196e-05 -0.000100122 -0.00542787 0.000564537 -0.0113224 0.00766512 -0.0109692 0.000257409 -0.00297132 0.000674516 0.00317718 0.0124679 0.0015077
internal_weight=6984.79 6939.82 6798.49 418.62 212.07 206.549 141.331 44.9612 6379.87 722.892 5656.98 22.0024 102.178 39.0486
internal_count=68324 67208 65665 6286 3028 3258 1543 1116 59379 8379 51000 521 1111 464
is_linear=0
shrinkage=0.035


Tree=150
num_leaves=15
num_cat=0
split_feature=16 12 1 2 11 4 8 11 17 8 17 22 20 22
split_gain=5.42414 12.0115 11.0062 10.4671 9.27238 7.47866 8.67961 13.5895 12.5298 10.8561 10.6047 7.54806 7.09503 7.66095
threshold=0.39672289788722997 0.80842104554176342 -0.18556282669305799 0.14027463644742968 0.25123137235641485 -0.12844924628734586 -0.56208455562591542 0.69632813334465038 0.046205427497625358 -0.43874520063400263 0.048683710396289832 0.11335340142250062 0.030827756971120838 0.20137687027454379
decision_type=2 2 2 2 2 2 2 2 8 2 10 2 2 2
left_child=1 2 12 4 -4 11 8 9 -7 -8 -10 -2 13 -1
right_child=5 -3 3 -5 -6 6 7 -9 10 -11 -12 -13 -14 -15
leaf_value=0.022064356254945603 0.011490005286812058 -0.011471553290351731 0.011727892126117492 0.005804819064141941 -0.0098142661874622041 -0.0099122655459309497 0.003925799488754698 -0.01696909971994956 0.015608720473880908 -0.00011868584576779349 -0.0020014489780093157 0.0004677327226367201 -0.0022496810557369011 -0.0025278799615327235
leaf_weight=46.02552093937993 132.79889896512032 148.55686390586197 19.169454431161284 96.251440895721316 202.29322072863579 243.16078300587833 982.24080103076994 44.396744359284639 38.19476093351841 4497.1464418079704 310.36317824572325 164.86503656581044 39.815137419849634 18.839890405535698
leaf_count=448 995 1743 221 1070 2429 2311 9439 432 354 43363 2970 1848 465 236
internal_value=-1.86975e-05 -0.0032573 -0.000169846 -0.00343176 -0.00752348 0.000274251 6.36866e-06 0.000440447 -0.0039858 0.000612164 0.000309763 0.0055988 0.00916629 0.0155381
internal_weight=6984.12 570.952 422.395 317.714 221.463 6413.17 6115.5 5523.78 591.719 5479.39 348.558 297.664 104.681 64.8654
internal_count=68324 6612 4869 3720 2650 61712 58869 53234 5635 52802 3324 2843 1149 684
is_linear=0
shrinkage=0.035


Tree=151
num_leaves=15
num_cat=0
split_feature=21 15 8 15 16 30 17 14 10 25 33 22 13 15
split_gain=5.25312 6.45835 8.91255 7.80662 18.605 21.6486 19.0612 7.95561 13.1788 9.48542 5.48989 5.26433 4.07471 4.76559
threshold=0.10671984031796457 25.226474761962894 -0.39225380122661585 23.082214355468754 0.6103312373161317 -0.14999999999999988 0.041859371587634094 0.55340856313705455 0.43391011655330664 4.4500000000000011 -0.048995963635274413 0.26397200673818594 0.47297771275043493 21.197048187255863
decision_type=2 2 2 2 2 2 8 2 2 2 2 2 2 2
left_child=1 3 -3 7 5 -5 -6 8 -1 -9 11 -4 13 -2
right_child=12 2 10 4 6 -7 -8 9 -10 -11 -12 -13 -14 -15
leaf_value=-0.0061599696662957776 -0.0081320038262042444 -0.01104617565166202 0.026353571105451098 -0.016882698925264193 -0.011434683891130048 0.019589575931544527 -0.00081859550564324969 0.0019771672290152167 0.00044152183178475577 -0.004602707754594251 -0.0028797143774426472 0.0070795921112212726 -0.0075514021622712351 0.0095397444398727313
leaf_weight=495.1058782543987 21.914996461942792 17.351084880530834 26.533901188522577 17.770922323688865 297.57061215303838 73.594050943851471 640.07958995364606 3436.2585654538125 1385.2007008064538 281.63429115340114 21.513951063156128 54.158033918589354 178.63392012938857 36.302883358672261
leaf_count=5513 282 192 166 292 3619 590 6018 30962 13684 3930 213 456 1997 410
internal_value=-1.75066e-05 0.000165735 0.0079049 1.44181e-05 -0.00277224 0.0115299 -0.00427281 0.000530669 -0.00132012 0.00146773 0.0118199 0.0156244 -0.00503244 0.00267063
internal_weight=6983.62 6746.77 119.557 6627.21 1029.02 91.365 937.65 5598.2 1880.31 3717.89 102.206 80.6919 236.852 58.2179
internal_count=68324 65635 1027 64608 10519 882 9637 54089 19197 34892 835 622 2689 692
is_linear=0
shrinkage=0.035


Tree=152
num_leaves=15
num_cat=0
split_feature=16 18 5 14 11 3 3 3 25 10 11 11 15 23
split_gain=5.20582 6.63119 9.55935 9.37377 8.89768 9.69557 9.03554 7.61623 16.1915 11.4627 3.09851 4.49992 5.81597 6.56565
threshold=2.7844519615173344 0.17189941555261615 0.25109378993511206 0.49233338236808782 0.47414055466651922 -0.24589526653289792 -0.11398011073470114 0.29935254156589514 3.9399999999999999 0.87988480925560009 0.22151952236890796 0.37581133842468267 23.416797637939457 0.15630242973566058
decision_type=2 2 2 2 2 2 2 2 2 2 2 2 2 2
left_child=1 2 7 -3 5 -5 -6 9 -9 -1 -2 12 13 -12
right_child=10 3 -4 4 6 -7 -8 8 -10 -11 11 -13 -14 -15
leaf_value=-0.0002238565303833167 -0.017974483898256684 0.019246532509435699 -0.013191911081923517 -0.0018211990840139565 0.0055945147691908769 0.0073328859949802466 -0.015979759730164744 0.0066239778378946422 -0.0051590452157448405 -0.0082611332565592239 0.022233697606706349 -0.011853166149168173 -0.01033766515825851 -0.0044081962610118966
leaf_weight=5224.6271004006267 17.573790239170194 32.684581562876701 59.292719293385744 225.91626190021634 32.464433073997498 355.91184227913618 50.658626452088356 496.20885497517884 190.55802006460726 216.84303447790444 15.371574930846693 33.369691856205463 15.676857527345417 15.488362889736889
leaf_count=53347 186 297 427 2207 370 2588 377 3432 1722 2455 185 386 186 159
internal_value=-1.73781e-05 0.000101791 -0.000264857 0.00331149 0.00225468 0.00380776 -0.0078578 -0.000118496 0.00332741 -0.000558709 -0.0076608 -0.00364557 0.00329533 0.011056
internal_weight=6982.65 6885.17 6187.53 697.636 664.951 581.828 83.1231 6128.24 686.767 5441.47 97.4803 79.9065 46.5368 30.8599
internal_count=68324 67222 61383 5839 5542 4795 747 60956 5154 55802 1102 916 530 344
is_linear=0
shrinkage=0.035


Tree=153
num_leaves=15
num_cat=0
split_feature=17 15 11 10 15 8 15 8 15 1 25 15 8 16
split_gain=5.14676 7.00112 6.80081 9.84001 7.45176 7.41797 12.6624 12.2323 7.14947 10.4296 10.3905 6.1723 4.08398 6.07019
threshold=0.01681488007307053 21.588316917419437 0.14671359211206439 0.29870600998401647 22.542233467102054 -0.33416876196861262 22.384239196777347 -0.50724956393241871 20.594601631164554 -0.076166991144418703 1.4450000000000001 22.542233467102054 -0.27478151023387903 1.6277711987495425
decision_type=8 2 2 2 2 2 2 2 2 2 2 2 2 2
left_child=1 -1 4 5 12 7 -7 -4 9 -5 -10 -3 -2 -14
right_child=2 11 3 8 -6 6 -8 -9 10 -11 -12 -13 13 -15
leaf_value=-0.021137519392292716 -0.0031729062253255708 0.017096835269303563 0.012549438360452667 0.0058843753304550477 -0.0075678053259733277 0.0026073542479000114 -0.013152347980061024 -0.015701976381463645 -0.0031556636351966609 -0.00082167407409410292 0.00054698804722459705 -0.0099868668561539677 0.017808836140513071 -0.0018741427942362372
leaf_weight=22.508297020569444 17.294885756447911 9.2506188079714793 14.412694551050661 599.02493116259575 25.726249577477574 209.41449949517846 77.593355359509587 115.03448012843728 1193.0137150194496 528.44106966629624 4058.7573142591864 12.690643455833195 76.48253720626235 22.381048992276192
leaf_count=595 273 151 215 5615 317 2798 1331 1942 15754 4753 33257 370 740 213
internal_value=-1.83726e-05 -0.0107371 6.56584e-05 -9.79073e-05 0.00739043 -0.00524531 -0.0019527 -0.0118821 0.000245814 0.00276167 -0.00029852 0.00320952 0.0110406 0.0135901
internal_weight=6982.03 44.4496 6937.58 6795.69 141.885 416.455 287.008 129.447 6379.24 1127.47 5251.77 21.9413 116.158 98.8636
internal_count=68324 1116 67208 65665 1543 6286 4129 2157 59379 10368 49011 521 1226 953
is_linear=0
shrinkage=0.035


Tree=154
num_leaves=15
num_cat=0
split_feature=16 4 7 2 6 15 1 6 12 3 10 18 4 14
split_gain=5.1744 6.0897 8.09412 6.03058 5.95668 5.90059 12.927 17.166 13.7181 11.606 11.4479 7.80224 7.53727 7.22146
threshold=0.275269165635109 -0.057664882391691201 -0.27058218419551844 -0.031095544807612892 -0.25541688501834864 20.594601631164554 -0.076166991144418703 0.08812985941767694 1.114354193210602 0.07805704697966577 0.53849184513092052 0.17189941555261615 0.050070542842149741 0.27658735215663915
decision_type=2 2 2 2 2 2 2 2 2 2 2 2 2 2
left_child=1 3 4 -1 -3 6 8 12 9 -2 -10 -9 -8 -7
right_child=5 2 -4 -5 -6 13 7 11 10 -11 -12 -13 -14 -15
leaf_value=-0.0046130991787915656 0.007413822515977754 0.0029078068800694242 -0.0016818455906192527 0.012157664875426256 -0.020983985391024893 -0.0050986854831209395 -0.0060309623301325289 0.014067773287015348 -0.0058313898992614459 0.027960178726581717 0.014599359967783105 -0.0061075448888782665 0.0048456202028710899 1.7776501958998652e-05
leaf_weight=54.759892778471112 380.50316826067865 13.014143407344816 100.77644079178572 34.746027979999781 57.454083310440183 351.66890259832144 412.74556329660118 99.872647065669298 155.94965532794595 29.381837636232376 32.23723154142499 23.685651898384094 87.790452713146806 5146.4710602778941
leaf_count=727 3820 138 1193 482 766 4020 4397 761 1617 225 254 154 800 48970
internal_value=-1.89626e-05 -0.00476298 -0.00846835 0.00246481 -0.0167586 0.000171911 0.00236119 -0.00116036 0.00599463 0.00951747 -0.00177146 0.0100325 -0.00406574 -0.000318142
internal_weight=6981.06 260.751 171.245 89.5059 70.4682 6720.31 1222.17 624.094 598.072 409.885 188.187 123.558 500.536 5498.14
internal_count=68324 3306 2097 1209 904 65018 12028 6112 5916 4045 1871 915 5197 52990
is_linear=0
shrinkage=0.035


Tree=155
num_leaves=15
num_cat=0
split_feature=14 21 13 20 4 22 10 8 6 3 10 3 10 33
split_gain=5.18686 7.81106 9.39117 8.66399 7.44371 15.7883 24.8258 17.6699 15.4658 9.73022 13.0235 10.8743 8.28154 9.48613
threshold=2.8142176866531377 -0.063959283754229532 0.51942604780197155 -0.0033872228814288969 0.054467331618070609 0.22885152697563174 0.43391011655330664 -0.51966801285743702 0.22650895267724994 0.61237391829490673 0.92612129449844371 0.16643942147493365 0.75466910004615795 -0.070036689877633604
decision_type=2 2 2 2 2 2 2 2 2 2 2 2 2 2
left_child=4 2 -2 -3 5 6 8 -8 -1 11 -11 -7 13 -6
right_child=1 3 -4 -5 12 9 7 -9 -10 10 -12 -13 -14 -15
leaf_value=-0.0035700255380759637 0.0050906356558105565 0.006393856138950227 -0.013677109599430038 -0.0040719638753109657 0.007077193599182385 -0.0031943379572489704 -0.0016485564614475299 0.0053024223707919685 0.020503995019641012 -0.018695441140975416 0.0045311483128743267 0.0044538557498630116 -0.0032041967070874696 -0.00051592557707889799
leaf_weight=1153.0163190793246 37.064076129347086 136.7668148688972 126.95270650833845 275.37893890962005 561.34737814217806 1557.4483476672322 616.89933978207409 1588.8082556240261 23.789113007485867 87.159518033266068 37.719518721103668 257.45883272960782 211.06366684101522 309.41399278305471
leaf_count=12601 364 1191 1190 2765 4403 18734 5404 13592 105 660 405 2114 1876 2920
internal_value=-1.6856e-05 -0.00316837 -0.0093872 -0.000529786 0.000271175 -0.000268376 0.00117461 0.00335968 -0.0029147 -0.00277772 -0.0118641 -0.00209092 0.00290377 0.00440385
internal_weight=6980.29 576.163 164.017 412.146 6404.12 5322.3 3382.51 2205.71 1176.81 1939.79 124.879 1814.91 1081.83 870.761
internal_count=68324 5510 1554 3956 62814 53615 31702 18996 12706 21913 1065 20848 9199 7323
is_linear=0
shrinkage=0.035


Tree=156
num_leaves=15
num_cat=0
split_feature=14 14 28 4 4 22 10 11 11 12 24 8 3 3
split_gain=5.04159 5.1931 7.47945 9.11376 6.39731 13.9812 23.7353 18.9139 9.29111 9.22851 6.32759 4.96908 4.73325 4.39139
threshold=0.11347603052854539 2.8142176866531377 -1.6298740697561651 -0.027752247639000412 0.054467331618070609 0.22885152697563174 0.43391011655330664 0.24641045928001407 0.42606739699840551 0.92705902457237255 0.028592240996658806 -0.27478151023387903 0.46476800739765173 -0.018113878555595871
decision_type=2 2 2 2 2 2 2 2 2 2 2 2 2 2
left_child=-1 4 11 -4 5 6 -2 -7 9 -6 -5 -3 -10 -13
right_child=1 2 3 10 8 7 -8 -9 12 -11 -12 13 -14 -15
leaf_value=-0.008555136136696187 -0.0027599648194799029 -0.0051100065008285386 0.007693170293867178 -0.0024492921300242557 -0.00089371968934621841 0.001983672571979892 0.0034032779364496731 -0.0051833337766008618 -0.00044139211937177205 0.006681071869629655 -0.010841439835296894 0.020474355405783951 -0.012197364684426368 0.00021704606366735297
leaf_weight=73.691872131079435 1172.0698238667101 21.920837964862585 57.108013648539782 254.9450836982578 285.31200299970806 713.47883747704327 2164.9649122729897 1196.60617021285 135.1298947557807 611.5690506733954 194.67121535725892 24.828295540064573 51.371393118053675 21.368656620383263
leaf_count=1102 12677 210 532 2382 2484 8815 18362 12668 1303 5047 2061 198 356 127
internal_value=-1.63351e-05 8.70281e-05 -0.00306887 -0.00455095 0.000377988 -0.000129264 0.00123678 -0.00250984 0.00281346 0.00428813 -0.00623968 0.00712744 -0.00413549 0.0128102
internal_weight=6979.04 6905.34 574.842 506.724 6330.5 5247.12 3337.03 1910.09 1083.38 896.881 449.616 68.1178 186.501 46.197
internal_count=68324 67222 5510 4975 61712 52522 31039 21483 9190 7531 4443 535 1659 325
is_linear=0
shrinkage=0.035


Tree=157
num_leaves=15
num_cat=0
split_feature=33 22 12 11 11 17 19 8 6 19 4 8 11 21
split_gain=5.02995 12.074 23.3578 23.9402 18.6037 18.448 14.4749 18.4491 16.1688 12.9467 12.4479 11.3277 11.0583 10.3924
threshold=-0.070036689877633604 0.26397200673818594 1.1912994980812075 0.32156470417976385 0.25123137235641485 0.02393356524407864 -0.089045319706201539 -0.37749426066875452 0.10089397430419923 -0.14008755981922147 0.054467331618070609 -0.49566291272640223 0.49294732511043554 -0.059047469869256013
decision_type=2 2 2 2 2 10 2 2 2 2 2 2 2 2
left_child=1 2 6 -4 5 -3 7 -1 -8 -7 -6 -5 -12 -2
right_child=13 4 3 11 10 9 8 -9 -10 -11 12 -13 -14 -15
leaf_value=0.0057439867044013727 5.4810548926403212e-05 -0.008093561074465485 -0.011159391077525059 -0.0046232324082579844 -0.0052037127458913106 0.017482293000772593 0.00055434459440765072 0.021819970285635242 0.012022567220035059 0.0031351294309280293 0.0038872313475646751 0.0080234347642912113 -0.014731577160709415 -0.005286669202673744
leaf_weight=347.45334510877728 1681.0352000258863 159.02902697771788 252.53612709790468 139.19969417899847 1155.9109782520682 75.880792297422886 848.48954527825117 112.58765381202102 173.3856607452035 842.3680657595396 359.1742078717798 200.16649216413498 33.83795852959156 597.32755945436656
leaf_count=2208 18432 2800 1908 890 12184 987 6130 691 898 8290 3133 1310 370 8093
internal_value=-1.64222e-05 0.000637638 0.00262761 -0.00321193 -0.000937778 0.00258042 0.00496592 0.0100588 0.00259786 0.00449629 -0.00338554 0.00285223 0.00195841 -0.00136257
internal_weight=6978.38 4700.02 2073.82 591.902 2626.2 1077.28 1481.92 460.041 1021.88 918.249 1548.92 339.366 393.012 2278.36
internal_count=68324 41799 14035 4108 27764 12077 9927 2899 7028 9277 15687 2200 3503 26525
is_linear=0
shrinkage=0.035


Tree=158
num_leaves=15
num_cat=0
split_feature=16 0 17 18 3 33 11 23 24 17 22 10 2 2
split_gain=4.92648 6.1322 8.12955 16.7532 7.10135 14.1384 10.5875 6.34126 5.87728 5.3929 4.72825 3.71911 8.04485 3.04392
threshold=2.7844519615173344 0.29716910421848303 0.072122626006603255 -0.19000104069709775 0.29935254156589514 -0.19915186108208052 0.51566034555435192 0.20300724357366565 0.028484541922807697 0.092431586235761656 0.20552027970552447 1.076923191547394 0.76717349886894237 0.59722793102264415
decision_type=2 2 10 2 2 2 2 2 2 10 2 2 2 2
left_child=1 2 4 10 6 -6 -1 11 -5 -9 -4 12 -3 -2
right_child=13 7 3 8 5 -7 -8 9 -10 -11 -12 -13 -14 -15
leaf_value=-0.00046180427141241317 -0.0098344959575122001 -0.00064525777921691071 0.016352995069669914 -0.00028469996633338231 -0.0074676518092136818 0.0060838737937346241 0.0084673736114467355 0.017691339770472235 -0.0093844366337149532 0.00017033913376750354 -0.0017796411079699871 -0.0085140080265640981 0.014911282907462992 0.0052443107266950872
leaf_weight=5269.6646971721202 83.625948116183281 160.20444422774017 44.862640991806984 119.75940258614719 105.7486087679863 521.57098549231887 157.84520503133535 58.000653482973576 313.64926222711802 31.770018622279167 23.284891605377197 29.029502103105187 44.256262674927711 13.280417103320358
leaf_count=53720 975 1418 335 1096 768 3718 1617 450 3019 238 278 267 298 127
internal_value=-1.50614e-05 0.000100651 -0.000134564 -0.00437151 0.000223036 0.00371814 -0.000187027 0.00473216 -0.00693313 0.0121292 0.0107225 0.00150687 0.00326029 -0.00747078
internal_weight=6976.55 6879.65 6556.39 501.556 6054.83 627.32 5427.51 323.261 433.409 89.7707 68.1475 233.49 204.461 96.9064
internal_count=68324 67222 64551 4728 59823 4486 55337 2671 4115 688 613 1983 1716 1102
is_linear=0
shrinkage=0.035


Tree=159
num_leaves=15
num_cat=0
split_feature=16 9 33 11 18 5 2 5 10 5 15 16 25 12
split_gain=5.01549 13.8234 15.3215 13.1365 10.0123 8.88938 9.70807 7.66784 7.12125 14.9467 11.9039 8.92032 14.8231 9.6816
threshold=0.43264491856098181 0.45178435742855078 -0.19915186108208052 0.26866945624351507 -0.12547200173139569 0.013137498404830696 0.14027463644742968 0.051072428002953536 0.35817581415176397 0.1638089865446091 20.93571758270264 1.3264009952545168 1.4450000000000001 0.80842104554176342
decision_type=2 2 2 2 2 2 2 2 2 2 2 2 2 2
left_child=1 2 3 -1 -3 6 -4 -6 9 -2 -10 12 -12 -13
right_child=8 4 5 -5 7 -7 -8 -9 10 -11 11 13 -14 -15
leaf_value=0.0097820831330290205 -0.0027514516246257498 0.0027862539705339607 0.0027540656213804874 -0.022519454436099363 -0.015092708402477674 -0.0089130546829787674 0.017879375854151933 0.0072824114292335679 0.0039171817607716614 0.016985522901327765 -0.0036852421770013593 -0.013743507044164768 0.0028610587798765554 -0.0014678879231992408
leaf_weight=14.919847344979642 1240.47707513161 60.844235599040985 266.99564085155725 44.560390383005142 173.88754140399396 49.70111770927906 56.201053656637669 14.984686594456432 1199.9840056970716 38.950873799622059 547.72347274050117 73.58877843990922 1760.403381800279 1432.3726483080536
leaf_count=190 15916 705 2999 611 2011 503 561 134 10079 254 7028 720 13294 13319
internal_value=-1.31917e-05 -0.00284144 0.000970835 -0.0141753 -0.00922553 0.00369388 0.00584189 -0.0130406 0.000297358 -0.00202351 0.000892416 -6.69865e-05 0.00129841 -0.00215444
internal_weight=6975.59 682.095 432.378 59.4802 249.716 372.898 323.197 188.872 6293.5 1279.43 5014.07 3814.09 2308.13 1505.96
internal_count=68324 7714 4864 801 2850 4063 3560 2145 60610 16170 44440 34361 20322 14039
is_linear=0
shrinkage=0.035


Tree=160
num_leaves=15
num_cat=0
split_feature=22 27 18 24 10 10 15 5 2 19 16 3 6 5
split_gain=5.03165 11.5794 9.0588 8.67616 18.6113 18.7743 12.0457 16.2475 13.2063 10.06 6.24864 8.5694 6.24364 6.68242
threshold=0.090174939483404173 8.5369996554733216 0.030189299955964092 0.028484541922807697 0.47392559051513677 0.51200446486473095 21.533134460449222 -0.052474331110715859 -0.079469155520200715 0.055260771885514266 2.0225229263305669 -0.14793710410594937 -0.20932528376579282 -0.11167766526341437
decision_type=2 2 2 2 2 2 2 2 2 2 2 2 2 2
left_child=-1 3 12 6 9 -6 8 -8 -2 -5 11 -4 13 -3
right_child=1 2 10 4 5 -7 7 -9 -10 -11 -12 -13 -14 -15
leaf_value=0.0055215876823461576 0.00065136132946362201 -0.0070598394940572162 0.012631439182447451 -0.0020014665643021765 0.0088511385914963187 -0.00023152806584010897 0.0069148687914438369 -0.0023711786779219042 0.0074953836922836163 -0.0083900930450377074 -0.0091849143046544169 -0.0024037841171651694 -0.011745750843434448 0.0078455687862809386
leaf_weight=185.58102499321103 700.66771390475333 103.97045020200312 68.940097581595182 1065.9365855725482 328.57491530105472 1576.0996765326709 277.92314589209855 1154.4876034706831 675.15097530931234 416.70039271377027 49.373107176274061 106.55424288287759 219.41396557725966 44.959564607590437
leaf_count=1307 6595 1586 1064 12550 2637 14287 2562 10419 5782 3918 586 1160 3301 570
internal_value=-1.32258e-05 -0.000172427 -0.00480171 0.000277841 -0.000913652 0.00137336 0.00171317 -0.000534007 0.00403976 -0.00384119 0.000730705 0.00386511 -0.00810919 -0.00234961
internal_weight=6974.33 6788.75 593.211 6195.54 3387.31 1904.67 2808.23 1432.41 1375.82 1482.64 224.867 175.494 368.344 148.93
internal_count=68324 67017 8267 58750 33392 16924 25358 12981 12377 16468 2810 2224 5457 2156
is_linear=0
shrinkage=0.035


Tree=161
num_leaves=15
num_cat=0
split_feature=15 11 3 15 17 16 23 25 19 8 11 16 23 15
split_gain=4.96278 7.92008 13.1954 6.56305 17.1413 12.8056 17.5894 10.8285 7.78328 21.7364 13.9952 7.44651 12.633 12.608
threshold=25.226474761962894 0.29935176670551306 1.3224015235900881 23.082214355468754 0.03978273272514344 1.3264009952545168 0.20300724357366565 1.4450000000000001 -0.013432951178401707 -0.38471549749374384 0.27309377491474157 0.46644303202629095 0.19652975350618365 21.091801643371586
decision_type=2 2 2 2 8 2 2 2 2 2 2 2 2 2
left_child=3 -2 -3 11 8 7 -7 -6 10 -10 -5 12 -1 -14
right_child=1 2 -4 4 5 6 -8 -9 9 -11 -12 -13 13 -15
leaf_value=0.0010355414286013374 0.015324058829743165 -0.011061690014607313 0.016537181683070515 0.0060122517607803516 -0.0052399755748403646 -0.0094723551049939458 0.0050719767690105026 0.0082817574559758012 0.018312045829731644 -0.019704080608101738 -0.014205768333085202 0.00081241364006185617 -0.0021954223180189894 -0.016137279333344912
leaf_weight=432.89979865401983 56.017007261514664 49.113723568618298 23.153590518981218 79.833195511251688 90.099621085450053 260.03232839331031 155.50295727327466 270.99801033735275 13.220365747809408 130.98948441259563 69.797515448182821 5017.3460796158761 196.80626391991973 127.68571940995753
leaf_count=4622 548 399 154 1211 1130 2693 1432 2079 158 1619 696 47824 2265 1494
internal_value=-1.2755e-05 0.00655185 -0.00128399 -0.000145159 -0.00264895 0.000107068 -0.00403824 0.00485758 -0.009697 -0.0152575 -0.00371786 0.00032275 -0.00288934 -0.00799989
internal_weight=6973.5 128.284 72.2673 6845.21 1070.47 776.633 415.535 361.098 293.841 144.21 149.631 5774.74 757.392 324.492
internal_count=68324 1101 553 67223 11018 7334 4125 3209 3684 1777 1907 56205 8381 3759
is_linear=0
shrinkage=0.035


Tree=162
num_leaves=15
num_cat=0
split_feature=8 19 11 22 13 15 4 30 10 29 31 3 22 17
split_gain=4.76337 17.7433 20.0003 21.1881 18.206 14.2972 13.7523 15.9214 24.9946 10.6694 18.8536 21.3082 11.5389 10.402
threshold=-0.24362841248512265 0.0061369431205093869 0.30365175008773809 0.21641109138727191 0.295110434293747 23.923882484436039 -0.019574915058910843 0.15000000000000016 0.3730608075857163 3.5500000000000003 0.047494519848749979 -0.49925649166107172 0.18083944171667102 0.046205427497625358
decision_type=2 2 2 2 2 2 2 2 2 2 2 2 2 10
left_child=6 2 4 -4 -2 -6 9 8 -8 10 13 -12 -11 -1
right_child=1 -3 3 -5 5 -7 7 -9 -10 12 11 -13 -14 -15
leaf_value=-0.0037687198119618465 -0.0097649038357819334 -0.00045266526950770466 0.010173115922872948 -0.013363296058965657 0.015542686808263279 -0.0078962618166537307 -0.011726238875408091 0.0043068473725224009 -0.0018175177346335682 0.0018068424329624594 -0.01175891592367208 0.014937462527992303 -0.0049973285978991387 0.0047777900374720563
leaf_weight=315.20694470219314 39.561876928433776 1778.0357257071882 73.662906061857939 97.42027934268117 322.92075956240296 29.207161279395223 375.28766542300582 349.78582543507218 1664.8256047442555 787.85133269242942 34.967227883636951 252.48552272096276 484.94419481232762 366.75726379454136
leaf_count=3445 430 14866 507 843 3444 399 5483 2406 16723 8635 258 1700 6170 3015
internal_value=-1.29662e-05 0.0012707 0.00662837 -0.00322712 0.0109062 0.0134342 -0.000662998 -0.0025053 -0.00368858 0.00130305 0.00404991 0.0114038 -0.000804343 0.000830178
internal_weight=6972.92 2340.81 562.773 171.083 391.69 352.128 4632.11 2389.9 2040.11 2242.21 969.417 287.453 1272.8 681.964
internal_count=68324 20489 5623 1350 4273 3843 47835 24612 22206 23223 8418 1958 14805 6460
is_linear=0
shrinkage=0.035


Tree=163
num_leaves=15
num_cat=0
split_feature=15 11 3 15 17 16 8 25 19 8 11 8 16 12
split_gain=4.74229 7.44821 13.357 6.13134 16.1526 11.9704 16.7565 11.7571 7.35438 20.8117 13.2654 7.12961 14.0825 16.2958
threshold=25.226474761962894 0.32639990746974951 1.3224015235900881 23.082214355468754 0.03978273272514344 1.1061964035034182 -0.19834219664335248 0.9900000000000001 -0.013432951178401707 -0.38471549749374384 0.27309377491474157 -0.64353126287460316 0.97832313179969799 0.66564378142356884
decision_type=2 2 2 2 8 2 2 2 2 2 2 2 2 2
left_child=3 -2 -3 11 8 7 -7 -6 10 -10 -5 12 13 -1
right_child=1 2 -4 4 5 6 -8 -9 9 -11 -12 -13 -14 -15
leaf_value=0.0068260929571267873 0.014067929106059624 -0.012712692858355204 0.015768440705930305 0.0057921281853137501 -0.0083612928373748424 -0.0097085779585332956 0.0028831848313873513 0.0092330785351339966 0.017774462808109071 -0.019320011759368413 -0.013917389680035436 0.0005933633447938138 0.0043664205321316072 -0.016775031295505293
leaf_weight=41.788784326985478 63.335059780627489 42.292383413761854 22.945710148662329 80.209764981642365 49.7164904512465 235.42302832007408 266.66884623095393 224.53103540092707 13.415472412481902 129.00017495825887 69.121288105845451 5488.1445623021573 113.8655665628612 131.39021016098559
leaf_count=477 603 346 152 1211 738 2787 2125 1684 158 1619 696 53373 1082 1273
internal_value=-1.36774e-05 0.00639661 -0.00193086 -0.000143273 -0.00256643 0.000103155 -0.00309519 0.00586157 -0.00943819 -0.0148888 -0.00363178 0.000308536 -0.00497387 -0.0110182
internal_weight=6971.85 128.573 65.2381 6843.28 1068.09 776.339 502.092 274.248 291.747 142.416 149.331 5775.19 287.045 173.179
internal_count=68324 1101 498 67223 11018 7334 4912 2422 3684 1777 1907 56205 2832 1750
is_linear=0
shrinkage=0.035


Tree=164
num_leaves=15
num_cat=0
split_feature=10 6 2 15 11 11 7 15 16 25 2 10 15 24
split_gain=4.78143 8.99052 12.3508 13.7445 9.04134 11.0868 9.116 7.88961 7.44484 12.11 10.3247 11.8565 10.0819 8.22984
threshold=0.7285253405570985 0.71467840671539318 0.59722793102264415 23.720235824584964 0.51566034555435192 0.45868201553821569 -0.41100928187370295 22.307502746582035 0.82694393396377575 2.8200000000000007 0.76717349886894237 1.076923191547394 24.379923820495609 0.032741220667958267
decision_type=2 2 2 2 2 2 2 2 2 2 2 2 2 2
left_child=1 2 4 7 5 -1 -6 -4 12 -10 -11 -12 13 -2
right_child=8 -3 3 -5 6 -7 -8 -9 9 10 11 -13 -14 -15
leaf_value=0.0003161815845263285 -0.0017578293512885807 -0.016165768575643717 0.010843166629481522 0.028323186466674567 -0.003274974664700666 -0.009172478364777999 0.021189341264111369 -0.0054664188942591058 -7.1098751641405871e-05 -0.013915564026983854 0.0094771641514732 -0.013292637769035087 0.020810846157655122 0.013280969389172517
leaf_weight=5480.6834456287324 381.97452135570347 29.955660827457905 75.404871061444283 28.406938854604959 26.234214156866074 145.10695575736463 39.233975276350975 55.012078493833542 352.67005625367165 200.5498229265213 57.149958834052086 38.066501703113317 20.42558790370822 40.295886088162661
leaf_count=54313 4011 158 451 167 219 1352 312 332 3220 2365 434 350 188 452
internal_value=-1.36986e-05 0.000382082 0.000494258 0.00982375 0.000217129 5.55978e-05 0.0122511 0.00406415 -0.00213063 -0.00449283 -0.00959052 -2.41351e-05 0.0013522 -4.86876e-05
internal_weight=6971.17 5880.04 5850.08 158.824 5691.26 5625.79 65.4682 130.417 1091.13 648.436 295.766 95.2165 442.696 422.27
internal_count=68324 57304 57146 950 56196 55665 531 783 11020 6369 3149 784 4651 4463
is_linear=0
shrinkage=0.035


Tree=165
num_leaves=15
num_cat=0
split_feature=16 4 7 6 2 0 15 15 1 5 12 33 16 8
split_gain=4.75407 5.79054 7.81505 5.81692 5.54408 5.27935 5.386 5.25944 12.2059 16.8338 12.3636 11.9601 11.1037 9.55488
threshold=0.275269165635109 -0.057664882391691201 -0.27058218419551844 -0.25541688501834864 -0.051343584433197968 -0.068567730486392961 20.989960670471195 20.594601631164554 -0.076166991144418703 0.045765308663249023 1.114354193210602 -0.17825609018630964 0.97832313179969799 -0.30513694882392878
decision_type=2 2 2 2 2 2 2 2 2 2 2 2 2 2
left_child=1 4 3 -3 -1 -4 -7 8 10 13 11 -2 -12 -10
right_child=7 2 5 -5 -6 6 -8 -9 9 -11 12 -13 -14 -15
leaf_value=-0.0046953698736718541 -0.0054338833020868508 0.0029534105386499559 -0.012911068753263089 -0.020662353157120686 0.011266968635365929 -0.0033710009725598841 0.014066191131435238 -0.00029243381266515851 -0.010444522750069437 0.0059370204774893262 -0.0090339316335886245 0.011367635997232969 0.007229731564506835 0.0005308880707260784
leaf_weight=51.837273759767413 54.315986977890134 12.984769795089958 24.9170210249722 56.400097370147705 37.522779544815421 50.947251945734024 24.462124509736896 5487.711967125535 213.35718962550163 239.84389170631766 102.16477512381971 358.27687074802816 85.292616426944733 170.34915316663682
leaf_count=690 770 138 313 766 519 591 289 52990 2266 2012 1081 3275 790 1834
internal_value=-1.13788e-05 -0.00457324 -0.00821104 -0.0164275 0.00246667 -0.00155465 0.0032701 0.000171261 0.00223639 -0.00118978 0.00575789 0.00907955 -0.00164263 -0.00568219
internal_weight=6970.38 259.071 169.711 69.3849 89.3601 100.326 75.4094 6711.31 1223.6 623.55 600.05 412.593 187.457 383.706
internal_count=68324 3306 2097 904 1209 1193 880 65018 12028 6112 5916 4045 1871 4100
is_linear=0
shrinkage=0.035


Tree=166
num_leaves=15
num_cat=0
split_feature=17 15 11 10 14 11 19 19 17 25 0 14 7 15
split_gain=4.74173 6.86533 6.29693 8.61693 11.7186 9.84697 9.80263 7.47085 10.3176 17.0393 6.42292 12.9812 10.2518 5.86537
threshold=0.01681488007307053 21.588316917419437 0.14671359211206439 0.29870600998401647 0.92185387015342724 0.19886650890111926 -0.032562112435698502 -0.013432951178401707 0.032769538462162025 1.4450000000000001 -0.035877035930752747 0.44977405667304998 -0.26207050681114191 22.542233467102054
decision_type=8 2 2 2 2 2 2 2 10 2 2 2 2 2
left_child=1 -1 7 4 6 -6 -4 -2 9 -9 11 -5 -12 -3
right_child=2 13 3 10 5 -7 -8 8 -10 -11 12 -13 -14 -15
leaf_value=-0.020814472903455887 0.019566021369756971 0.016796736429930657 -0.0038534732881453813 -0.0017851128977111126 -0.004233654388281884 0.011166840235943698 -0.019472001904898926 0.01770609934581505 0.017394795558463832 -0.013508669777119686 -0.0068946071499329919 0.0034335380906793857 -0.00014708685347426435 -0.009672511939746482
leaf_weight=21.908594479784369 32.665298013016582 9.3136887624859828 121.18803458288312 894.99967257864773 144.22995027340949 65.952897999435663 81.02171659655869 21.088533122092485 27.527942255139351 60.803825104609132 289.15402369387448 1643.0454845670611 3544.7578436434269 12.437788537703453
leaf_count=595 486 151 1845 9508 2084 944 1413 224 208 625 2934 14459 32478 370
internal_value=-1.18992e-05 -0.0103761 6.82952e-05 -8.94635e-05 -0.00493074 0.000886525 -0.0107342 0.0071116 0.0020665 -0.00441831 0.000231098 0.00159348 -0.000672598 0.0033818
internal_weight=6970.1 43.6601 6926.44 6784.35 412.393 210.183 202.21 142.086 109.42 81.8924 6371.96 2538.05 3833.91 21.7515
internal_count=68324 1116 67208 65665 6286 3028 3258 1543 1057 849 59379 23967 35412 521
is_linear=0
shrinkage=0.035


Tree=167
num_leaves=15
num_cat=0
split_feature=21 33 19 8 10 18 3 12 12 22 11 7 28 8
split_gain=4.67778 5.62851 9.4617 12.9075 14.9493 9.98743 9.716 10.5805 9.20548 11.044 15.041 13.2498 9.31717 11.9898
threshold=0.10671984031796457 -0.070036689877633604 0.13187471777200702 -0.41473613679409022 0.58178481459617626 -0.085409868508577333 -0.32469557225704188 1.3230431079864504 1.3712156414985659 0.26397200673818594 0.24641045928001407 -0.095237150788307176 -1.6298740697561651 -0.20770297944545743
decision_type=2 2 2 2 2 2 2 2 2 2 2 2 2 2
left_child=1 8 3 4 -3 -5 -4 -8 9 11 -11 -1 13 -10
right_child=-2 2 6 5 -6 -7 7 -9 12 10 -12 -13 -14 -15
leaf_value=0.0052663481016730403 -0.0047623343707763732 0.0037037233936428452 -0.0085716824612925117 0.0030700766335093692 -0.0060824355132960738 -0.0069832922086773986 0.002353714260195202 0.016837321977020439 -0.0064356280073321493 0.0034637044011553726 -0.0025914718434054415 -0.0013725603144362206 -0.0055275570344671589 0.016909803363274464
leaf_weight=1328.6659745872021 234.97781331092119 587.75877699628472 69.101961921900511 137.9298205152154 271.2356596365571 753.31783537939191 386.58106534555554 64.669406112283468 42.925488404929638 806.34442342724651 1297.3727225512266 503.1162784229964 437.54541370086372 47.744415197521448
leaf_count=8612 2689 6795 884 1590 3176 9905 3549 626 403 9192 12924 3667 3993 319
internal_value=-1.14414e-05 0.000161145 -0.00125421 -0.00248431 0.000579216 -0.00541063 0.00285213 0.00474942 0.0008823 0.00146627 -0.000265146 0.00344536 -0.00341498 0.00631607
internal_weight=6969.29 6734.31 2270.59 1750.24 858.994 891.248 520.352 451.25 4463.71 3935.5 2103.72 1831.78 528.215 90.6699
internal_count=68324 65635 26525 21466 9971 11495 5059 4175 39110 34395 22116 12279 4715 722
is_linear=0
shrinkage=0.035


Tree=168
num_leaves=15
num_cat=0
split_feature=14 14 21 13 20 18 14 10 10 11 20 19 6 1
split_gain=4.54546 4.56247 7.19942 8.52086 7.74615 6.88004 8.76765 9.8385 6.28357 6.64553 6.19138 5.97175 5.85213 4.17526
threshold=0.11347603052854539 2.8142176866531377 -0.063959283754229532 0.51942604780197155 -0.0033872228814288969 0.22968932986259463 0.49233338236808782 0.75466910004615795 0.19265986233949664 0.14671359211206439 0.083538722246885314 0.19167944788932803 -0.0083367135375738127 -0.22028669714927671
decision_type=2 2 2 2 2 2 2 2 2 2 2 2 2 2
left_child=13 5 3 -3 12 8 -7 -8 11 -10 -5 -2 -4 -1
right_child=1 2 4 10 -6 6 7 -9 9 -11 -12 -13 -14 -15
leaf_value=0.0068255048742993773 -0.015313288165589132 0.004827410332690762 -0.0017859074779583411 -0.016216521454040508 -0.0037312059592038665 0.023912322816249842 0.0086321477495542309 -0.0036716612422588394 0.0088873633030221999 4.5587727335207263e-05 0.0034700319452075313 0.0096152358958296238 0.012107707550942263 -0.011655881573087324
leaf_weight=11.890882739797233 46.223727379925549 37.260515388101339 61.61545891687274 104.6635353602469 272.89584569260478 18.490287428721786 175.03314612619579 132.02480052411556 96.022641269490123 5848.0742474868894 19.818317271769047 7.6030060127377501 75.560103684663773 60.748469699174166
leaf_count=183 1010 364 556 999 2765 162 1303 1207 1079 56909 191 42 635 919
internal_value=-1.08787e-05 8.67898e-05 -0.0028795 -0.00889604 -0.000351142 0.000359146 0.00523631 0.00339296 8.61537e-05 0.000203107 -0.0130573 -0.0108374 0.00616976 -0.00817068
internal_weight=6967.92 6895.29 571.814 161.742 410.071 6323.47 325.548 307.058 5997.92 5944.1 124.482 53.8267 137.176 72.6394
internal_count=68324 67222 5510 1554 3956 61712 2672 2510 59040 57988 1190 1052 1191 1102
is_linear=0
shrinkage=0.035


Tree=169
num_leaves=15
num_cat=0
split_feature=22 27 18 10 24 10 5 7 2 16 3 12 13 1
split_gain=4.47885 10.6997 8.34187 8.07967 8.24342 16.6686 10.3568 6.25014 6.89255 6.09396 8.15311 4.45978 4.60419 4.54637
threshold=0.090174939483404173 8.5369996554733216 0.030189299955964092 0.19265986233949664 0.028484541922807697 0.47392559051513677 -0.083910703659057603 -0.41100928187370295 -0.079469155520200715 2.0225229263305669 -0.14793710410594937 1.0443876981735232 0.2049054950475693 -0.13777443021535871
decision_type=2 2 2 2 2 2 2 2 2 2 2 2 2 2
left_child=11 3 7 -2 6 -6 -5 -3 -9 10 -4 12 -1 -13
right_child=1 2 9 4 5 -7 -8 8 -10 -11 -12 13 -14 -15
leaf_value=0.0086947218011478918 -0.012630218554405881 0.0069293361448366083 0.012276318679391779 0.0071072135280479563 -0.0035876921073104279 0.0013788890890360807 0.0009395318311267981 -0.005581531532535682 -0.016734567583984832 -0.0091288086834258649 -0.0023696986555818678 -0.00026008685338854573 -0.0076964499150963062 0.013772382335996012
leaf_weight=23.896396201103926 48.901497297920287 25.414062514901161 69.441811293363571 377.93807313032448 1450.2019630335271 1902.6054014954716 2411.094073291868 244.65672853775322 94.98048831988126 49.222621191293001 106.23227871581912 41.851503502577543 45.802695024758577 74.955921016633511
leaf_count=166 936 380 1064 3292 15860 16924 21738 3719 1358 586 1160 263 335 543
internal_value=-9.36895e-06 -0.000160097 -0.00462306 0.000271972 0.000395064 -0.000773605 0.00179771 -0.00781968 -0.00908993 0.000677683 0.00376906 0.00519981 -0.0016909 0.0091206
internal_weight=6967.2 6780.69 589.948 6190.74 6141.84 3352.81 2789.03 365.051 339.637 224.897 175.674 186.507 69.6991 116.807
internal_count=68324 67017 8267 58750 57814 32784 25030 5457 5077 2810 2224 1307 501 806
is_linear=0
shrinkage=0.035


Tree=170
num_leaves=15
num_cat=0
split_feature=15 11 2 17 6 8 15 10 6 16 15 5 16 10
split_gain=4.39016 6.83936 12.435 5.75899 11.7778 14.2579 17.4491 6.67123 12.1994 9.19939 8.12921 10.2666 7.1282 6.47543
threshold=25.226474761962894 0.29935176670551306 0.76717349886894237 0.02603618893772364 -0.23061097413301465 -0.36313232779502863 23.082214355468754 0.7285253405570985 0.71467840671539318 0.70509865880012523 21.416452407836918 0.11944642290472986 0.82694393396377575 0.35817581415176397
decision_type=2 2 2 8 2 2 2 2 2 2 2 2 2 2
left_child=3 -2 -3 4 13 -6 -7 8 9 -5 11 -9 -12 -1
right_child=1 2 -4 7 5 6 -8 10 -10 -11 12 -13 -14 -15
leaf_value=-0.0031814638882353562 0.014204486557279546 -0.013720265767165523 0.01204005337667321 -0.0017023486788769859 -0.016794392723372447 0.0014854727596463003 -0.017951771885446346 6.8597514216731418e-05 -0.019189950120878013 0.0016457586863574754 0.00048716299028797296 0.019491841022328562 -0.0064345690693463778 0.025069075471617963
leaf_weight=12.806424640119078 56.99481438845396 36.738817282021046 35.183926731348038 1339.6801630035043 92.007314641959965 314.47901506535709 58.670684642158449 208.32920407503843 27.696989610791206 3938.599595438689 274.37075386755168 29.703117124736309 525.14247616566718 16.073559418320656
leaf_count=198 548 318 235 12850 1446 4624 1188 2145 148 35995 2862 252 5354 161
internal_value=-9.61083e-06 0.00615023 -0.00118712 -0.000134562 -0.00373549 -0.00518546 -0.00195943 0.000151318 0.000654144 0.000794363 -0.00240182 0.00318049 -0.00408255 0.0149455
internal_weight=6966.48 128.918 71.9227 6837.56 494.037 465.157 373.15 6343.52 5305.98 5278.28 1037.55 238.032 799.513 28.88
internal_count=68324 1101 553 67223 7617 7258 5812 59606 48993 48845 10613 2397 8216 359
is_linear=0
shrinkage=0.035


Tree=171
num_leaves=15
num_cat=0
split_feature=14 2 3 15 2 7 15 10 19 8 16 6 15 13
split_gain=4.30771 4.50933 9.28522 10.1796 16.4953 12.4414 9.04394 10.153 8.89396 8.56567 13.8278 10.8013 5.015 5.96419
threshold=0.11347603052854539 0.49754849076271063 0.61237391829490673 24.379923820495609 0.76717349886894237 -0.20478219538927075 23.082214355468754 0.26596993207931524 -0.19387162476778028 -0.64353126287460316 0.97832313179969799 -0.3030212521553039 20.498503684997562 0.61928322911262523
decision_type=2 2 2 2 2 2 2 2 2 2 2 2 2 2
left_child=-1 6 12 4 -4 -5 9 -8 -9 10 -2 -11 -3 -14
right_child=1 2 3 5 -6 -7 7 8 -10 11 -12 -13 13 -15
leaf_value=-0.0079761347368041014 -0.011597270850384199 0.01980718460314523 0.0063477223138677114 0.02327892605867482 -0.016406418427712625 -0.0038805743833579104 -0.019672622137757986 0.0097570641361181716 -0.0035959735906515456 0.0062614091580900453 0.0037551935603038216 0.00020889766106243463 0.00014517170678487968 0.0089966647321042675
leaf_weight=72.17112204246223 168.48515410907567 21.490274004638195 56.674791410565376 25.052860639989376 90.84518651291728 44.636861469596624 35.298189706169069 56.699284341186285 774.55647447146475 380.9239577203989 113.81780669279397 4760.3583827782422 176.46410906687379 188.54712649062276
leaf_count=1102 1696 123 339 207 637 265 868 584 8286 2970 1079 47545 1312 1311
internal_value=-9.74286e-06 8.5089e-05 0.00294888 -0.00276091 -0.00781663 0.00757903 -0.000194015 -0.00349276 -0.00258002 0.0003385 -0.00549081 0.00066862 0.00614642 0.00483541
internal_weight=6966.02 6893.85 603.711 217.21 147.52 69.6897 6290.14 866.554 831.256 5423.59 282.303 5141.28 386.502 365.011
internal_count=68324 67222 4194 1448 976 472 63028 9738 8870 53290 2775 50515 2746 2623
is_linear=0
shrinkage=0.035


Tree=172
num_leaves=15
num_cat=0
split_feature=21 2 11 15 3 15 2 3 23 8 16 10 17 2
split_gain=4.33187 5.55324 8.9218 10.3504 9.34553 8.61684 10.7733 13.3681 12.1693 6.50942 11.7253 7.62543 6.44911 5.25299
threshold=0.10671984031796457 0.49754849076271063 0.60272285342216503 25.226474761962894 1.3224015235900881 23.082214355468754 0.14027463644742968 -0.034194994717836373 0.14535007625818255 -0.64353126287460316 0.97832313179969799 0.87988480925560009 0.085109654814004912 0.080278478562831893
decision_type=2 2 2 2 2 2 2 2 2 2 2 2 10 2
left_child=1 5 3 4 -3 9 8 -8 -7 10 -1 -11 -4 -2
right_child=13 2 12 -5 -6 6 7 -9 -10 11 -12 -13 -14 -15
leaf_value=-0.010368798725276065 0.0031023630769269803 0.0052114630278982214 0.0051185944036618849 0.021197622853017791 -0.010276663885166093 -0.015876983490383557 -0.0078127955533053781 0.0072587325815835733 -0.0033900027446718091 0.00092058914032868246 0.003808488055839047 -0.0064922565061260266 -0.014741642792398061 -0.0078901774214060558
leaf_weight=167.31483426503837 70.371327234432101 404.05520244315267 25.741277005523443 35.311928972601891 44.574842039495707 116.50832734163851 102.50073630362749 191.94740705937147 427.07027133647352 4894.4978394107893 112.75237323343754 166.1824569106102 42.862894523888826 163.51902518793941
leaf_count=1702 1070 2725 227 212 330 1769 1235 1484 4914 47769 1061 1870 337 1619
internal_value=-8.85172e-06 0.000156944 0.0034862 0.00517772 0.00348208 -0.000145932 -0.0034236 0.00192787 -0.00630487 0.00037381 -0.00472663 0.000664843 -0.00758663 -0.00459122
internal_weight=6965.21 6731.32 552.546 483.942 448.63 6178.77 838.027 294.448 543.579 5340.75 280.067 5060.68 68.6042 233.89
internal_count=68324 65635 3831 3267 3055 61804 9402 2719 6683 52402 2763 49639 564 2689
is_linear=0
shrinkage=0.035


Tree=173
num_leaves=15
num_cat=0
split_feature=16 0 17 18 3 33 11 24 3 3 9 15 1 11
split_gain=4.27754 5.89262 7.13972 15.2536 6.24123 12.9764 10.051 5.82491 5.7155 7.19942 7.84768 6.99212 4.68962 3.24078
threshold=2.7844519615173344 0.29716910421848303 0.072122626006603255 -0.19000104069709775 0.29935254156589514 -0.19915186108208052 0.51566034555435192 0.028484541922807697 0.61237391829490673 -0.25527034699916834 1.4580826163291933 21.143177032470707 -0.28732120990753168 0.22151952236890796
decision_type=2 2 10 2 2 2 2 2 2 2 2 2 2 2
left_child=1 2 4 12 6 -6 -1 -5 9 11 -11 -3 -4 -2
right_child=13 8 3 7 5 -7 -8 -9 -10 10 -12 -13 -14 -15
leaf_value=-0.00045314139252010301 -0.017558425395000313 0.014541809170252062 0.019728144132884397 2.5328100224919261e-05 -0.0072723079984334327 0.0057322011777928448 0.0082361410633088501 -0.0090491517169941724 -0.0058242695901808096 0.014544336674586001 -0.0062110791305674835 -0.0038394571615750247 0.0020054504786716351 -0.0029695971721572186
leaf_weight=5261.8997961664572 17.140381438657641 22.618276469409466 25.307288940995932 118.70996267348528 105.1630582921207 522.86873594298959 158.28192326053977 310.32185450941324 46.475075736641884 129.39725105836987 20.744941990822554 103.82541170716286 43.3103416711092 78.298897320404649
leaf_count=53720 186 186 205 1096 768 3718 1617 3019 294 926 167 1098 408 916
internal_value=-1.02853e-05 9.69659e-05 -0.000133901 -0.0041208 0.000200404 0.00347476 -0.000184694 -0.00659492 0.00463836 0.00653829 0.0114678 0.00027338 0.0102198 -0.00700645
internal_weight=6964.36 6868.92 6545.86 497.649 6048.21 628.032 5420.18 429.032 323.061 276.586 150.142 126.444 68.6176 95.4393
internal_count=68324 67222 64551 4728 59823 4486 55337 4115 2671 2377 1093 1284 613 1102
is_linear=0
shrinkage=0.035


Tree=174
num_leaves=15
num_cat=0
split_feature=22 27 18 22 10 24 10 15 11 10 11 11 14 14
split_gain=4.20337 10.2175 7.99402 10.6926 7.63607 7.47868 15.8276 10.6245 7.07805 4.62866 4.49927 9.15459 4.31654 5.85405
threshold=0.090174939483404173 8.5369996554733216 -0.030189779587090012 0.18083944171667102 0.19265986233949664 0.028484541922807697 0.47392559051513677 21.533134460449222 0.1697792932391167 0.7032412886619569 0.37054787576198583 0.29935176670551306 0.51231139898300182 1.0692600607872011
decision_type=2 2 2 2 2 2 2 2 2 2 2 2 2 2
left_child=10 4 12 9 -2 7 -7 -6 -5 -4 11 -1 -3 -14
right_child=1 2 3 8 5 6 -8 -9 -10 -11 -12 -13 13 -15
leaf_value=-0.0013345096724636917 -0.01234317266564154 -0.014945224716908814 0.0076202494695835742 0.013184708767731337 0.0039061235146787224 -0.0034770363278053668 0.0013666107891407164 -0.00040229755697679203 -0.0087500820916344771 -0.0063760749006388047 -0.0027243615357479189 0.016558712829857641 0.00041988109765344928 -0.013568505535559525
leaf_weight=61.806404333561659 48.290598772466183 93.326304757967591 141.13665381073952 11.139899532310663 1370.8963491786271 1446.1857544519007 1902.1777128372341 1420.9283214379102 171.43738829623908 27.739071402698755 58.299577079713345 66.866871565580368 93.858095431700349 49.526839064434171
leaf_count=508 936 1416 2029 200 12167 15860 16924 12863 2286 360 385 414 1281 695
internal_value=-9.52199e-06 -0.000155794 -0.00452403 -0.00110055 0.000266 0.000385075 -0.000729524 0.0017197 -0.00679659 0.00509332 0.00503073 0.0084875 -0.00935635 -0.00498147
internal_weight=6963.62 6776.64 588.164 351.453 6188.48 6140.19 3348.36 2791.82 182.577 168.876 186.973 128.673 236.711 143.385
internal_count=68324 67017 8267 4875 58750 57814 32784 25030 2486 2389 1307 922 3392 1976
is_linear=0
shrinkage=0.035


Tree=175
num_leaves=15
num_cat=0
split_feature=16 4 7 6 2 0 11 12 7 11 8 8 8 24
split_gain=4.21387 5.6566 7.52028 5.6084 5.19493 5.01369 5.33289 4.92515 17.4381 11.233 9.85607 9.85368 11.9749 8.68184
threshold=0.275269165635109 -0.057664882391691201 -0.27058218419551844 -0.25541688501834864 -0.051343584433197968 -0.068567730486392961 0.35044942796230322 0.66564378142356884 -0.27971670031547541 0.54976043105125438 -0.49566291272640223 -0.48476757109165186 -0.57820266485214222 0.033574642613530166
decision_type=2 2 2 2 2 2 2 2 2 2 2 2 2 2
left_child=1 4 3 -3 -1 -4 -7 8 11 10 -10 12 -2 -9
right_child=7 2 5 -5 -6 6 -8 13 9 -11 -12 -13 -14 -15
leaf_value=-0.0043802998585443119 0.013395875001026894 0.0029122919082232648 -0.012578013216648124 -0.020295844569802129 0.011104918774977506 0.011239853082797945 -0.0054303453038014515 0.00014876461418924467 -0.0088167789122245432 -0.018951242754433453 0.0032230666015871895 0.022319966524051254 -0.014608721512000069 -0.0055483043047619375
leaf_weight=51.290950240567327 38.069283321499825 12.997681738808749 24.52355157956481 55.296118889003992 37.628253592178226 37.732110364362597 37.66272977925837 5586.1015154877678 88.297194195911288 24.960830390453339 541.55629973765463 67.887593211606145 20.854170527309179 338.06852544471622
leaf_count=690 373 138 313 766 519 442 438 52242 885 199 5458 685 220 4956
internal_value=-1.04622e-05 -0.00432143 -0.00793899 -0.0160711 0.00263281 -0.00142434 0.00325168 0.000161029 0.00275399 0.000373769 0.00142382 0.014119 0.00280297 -0.000185146
internal_weight=6962.93 257.131 168.212 68.2938 88.9192 99.9184 75.3948 6705.8 781.625 654.814 629.853 126.811 58.9235 5924.17
internal_count=68324 3306 2097 904 1209 1193 880 65018 7820 6542 6343 1278 593 57198
is_linear=0
shrinkage=0.035


Tree=176
num_leaves=15
num_cat=0
split_feature=8 19 9 4 23 17 13 30 10 22 20 8 17 4
split_gain=4.22944 16.9431 23.1696 15.4017 14.6478 12.2659 12.3677 14.2959 16.174 13.3371 14.9404 11.6558 11.0453 10.0921
threshold=-0.24362841248512265 0.0061369431205093869 0.53047111630439769 0.018444175831973556 0.13964989781379702 0.019432526081800464 0.45770603418350225 0.15000000000000016 0.3730608075857163 0.19914708286523822 -0.028235148638486859 -0.33416876196861262 0.036562075838446624 0.054467331618070609
decision_type=2 2 2 2 2 8 2 2 2 2 2 2 10 2
left_child=5 2 3 4 -2 -1 9 8 -8 10 -7 -11 -9 -4
right_child=1 -3 13 -5 -6 6 7 12 -10 11 -12 -13 -14 -15
leaf_value=-0.017615820305898831 -0.0044409702533777665 -0.00048938055087649457 -0.018712192078467187 0.017596889001623275 0.010202874483928507 0.00058447310436075871 -0.010560409638407429 0.013849249246633662 -0.0019635240286634725 -0.0053426283452494118 0.0077045725906355073 0.0039414524146486911 0.0001778574821126262 0.0079290194562848613
leaf_weight=41.477494126185775 130.32958479598165 1776.0458946824074 50.08196759968996 162.82713237963617 203.02306287549436 968.36148770526052 311.61436504870653 95.03118047863245 1657.5124258548021 513.59576568007469 567.34296823292971 233.75895224511623 233.80570883303881 17.975659873336554
leaf_count=986 1548 14866 442 1555 1922 9659 4342 646 16661 6545 4586 2809 1601 156
internal_value=-1.16271e-05 0.00119771 0.00642421 0.00907082 0.00451503 -0.000625157 -0.000433285 -0.0022412 -0.00337047 0.00138827 0.00324771 -0.00242504 0.0044209 -0.0115613
internal_weight=6962.78 2340.28 564.237 496.18 333.353 4622.5 4581.02 2297.96 1969.13 2283.06 1535.7 747.355 328.837 68.0576
internal_count=68324 20489 5623 5025 3470 47835 46849 23250 21003 23599 14245 9354 2247 598
is_linear=0
shrinkage=0.035


Tree=177
num_leaves=15
num_cat=0
split_feature=16 9 19 22 13 18 17 2 2 5 22 15 16 17
split_gain=4.23631 12.4521 13.8105 12.8105 11.054 9.29322 7.90593 7.71072 7.23947 7.07138 5.39914 7.86156 6.43142 6.63006
threshold=0.43264491856098181 0.45178435742855078 -0.15926319360733029 0.1916291415691376 0.39219151437282568 -0.12547200173139569 0.02933407295495272 -0.041249630972743027 0.055776339024305351 0.051072428002953536 0.45241473615169531 20.213666915893558 2.7844519615173344 0.040478471666574485
decision_type=2 2 2 2 2 2 10 2 2 2 2 2 2 10
left_child=1 2 4 7 6 -3 -1 -4 -5 -7 12 -12 13 -2
right_child=10 5 3 8 -6 9 -8 -9 -10 -11 11 -13 -14 -15
leaf_value=0.01780302559963913 -0.00069171311192278468 0.0028009418393156022 -0.00096236951464543643 -0.014894318872307043 0.021188827847949211 -0.014494430784010033 -0.0055370427991668992 0.015885030104187528 -0.000760842327652591 0.0069581312243816159 0.013502957394612224 -0.0041688399703911725 -0.0085539180244545033 0.0017310475764208354
leaf_weight=14.333675716072319 2352.5190396308899 60.75615081936121 92.419598441570997 97.347816815599799 52.332488145679235 170.01826211810112 56.146267687901855 41.102073715999722 77.63182513602078 15.114912427961825 23.210276540368795 490.92019132431597 82.949385963380337 3334.8581567462534
leaf_count=155 24036 705 963 1279 549 2011 589 390 939 134 397 6938 909 28330
internal_value=-1.14673e-05 -0.00262072 0.000986501 -0.00299011 0.0104487 -0.00873942 0.000831988 0.00496923 -0.00900395 -0.0124761 0.000273419 -0.00312865 0.000581428 0.000729445
internal_weight=6961.66 677.203 431.314 308.501 122.812 245.889 70.4799 133.522 174.98 185.133 6284.46 514.13 5770.33 5687.38
internal_count=68324 7714 4864 3571 1293 2850 744 1353 2218 2145 60610 7335 53275 52366
is_linear=0
shrinkage=0.035


Tree=178
num_leaves=15
num_cat=0
split_feature=17 11 10 19 17 25 5 19 2 8 8 2 8 22
split_gain=3.99973 6.0204 7.68059 7.31281 9.55061 15.9467 6.98316 9.97235 5.7973 5.77598 14.0689 13.5676 5.06957 4.74378
threshold=0.01681488007307053 0.14671359211206439 0.29870600998401647 -0.013432951178401707 0.032769538462162025 1.4450000000000001 0.11944642290472986 0.0061369431205093869 -0.021276110783219334 -0.49566291272640223 -0.45600718259811396 -0.2674406617879867 -0.2598083615303039 0.19914708286523822
decision_type=8 2 2 2 10 2 2 2 2 2 2 2 2 2
left_child=13 3 6 8 5 -5 7 -3 12 11 -11 -4 -2 -1
right_child=1 2 9 4 -6 -7 -8 -9 -10 10 -12 -13 -14 -15
leaf_value=0.0041241525816857307 0.0033530144251547257 -0.0018445355460201796 0.00085630317195046449 0.01703684819523921 0.016590449776417566 -0.013202415114338877 0.014933620682356985 -0.013730545352540698 -0.0003535754513577524 0.0068495727060998608 0.00019256588403844896 -0.0064140926727737401 0.037804106861848229 -0.016771047577561288
leaf_weight=15.801655165851114 9.934325907379387 279.46347890142351 847.89599801413715 21.102896511554718 27.901749018579721 60.153288485482335 11.871929746121166 117.78666099812835 12.679082885384558 414.74018980935216 4616.8201124966145 487.91039165481925 10.246392240747811 26.424961474724114
leaf_count=347 165 4268 7513 224 208 625 102 1916 182 4054 42552 5260 139 769
internal_value=-9.81161e-06 6.29401e-05 -9.14533e-05 0.00695134 0.00195127 -0.00434269 -0.00468093 -0.00561941 0.0192306 0.000210311 0.000753786 -0.00182718 0.0275751 -0.00965934
internal_weight=6960.73 6918.51 6776.49 142.018 109.158 81.2562 409.122 397.25 32.8598 6367.37 5031.56 1335.81 20.1807 42.2266
internal_count=68324 67208 65665 1543 1057 849 6286 6184 486 59379 46606 12773 304 1116
is_linear=0
shrinkage=0.035


Tree=179
num_leaves=15
num_cat=0
split_feature=14 21 13 20 16 18 16 19 20 5 14 28 20 8
split_gain=4.09391 6.8163 7.95314 7.25397 6.72548 6.32153 8.20612 9.55593 7.07141 6.08425 6.32722 11.8264 9.17225 6.04173
threshold=2.8142176866531377 -0.063959283754229532 0.51942604780197155 -0.0033872228814288969 1.5651853680610659 0.22968932986259463 1.9345484375953677 0.84375759959220897 0.053090859204530723 0.25109378993511206 0.55340856313705455 -1.6298740697561651 0.086438085883855834 -0.028683413751423355
decision_type=2 2 2 2 2 2 2 2 2 2 2 2 2 2
left_child=5 2 -2 4 -3 9 7 8 -7 10 11 -1 -12 -8
right_child=1 3 -4 -5 -6 6 13 -9 -10 -11 12 -13 -14 -15
leaf_value=-0.0096287338220653884 0.0045229032610095074 -0.0071805087568165586 -0.012757428827369969 -0.0036455234534270632 0.0098224048433262646 0.018024594143209848 0.0023388026923848956 -0.0046497071904392307 -0.0007921336849292562 -0.0091578850265713919 0.00050534161489876556 -0.00058104429835237315 0.0073375719224492595 -0.013981783410654839
leaf_weight=185.17727876082063 37.504013653844595 29.570207342505455 123.24919030256569 272.10430975817144 108.06775315105915 104.92374855652452 129.13750246539712 38.017487015575171 30.04316758364439 77.800720123574138 3635.085497056134 1916.342021333985 247.95057116448879 24.772720396518707
leaf_count=1860 364 258 1190 2765 933 801 1227 242 241 554 35574 19857 2291 167
internal_value=-7.19265e-06 -0.00282156 -0.00869712 -0.000364135 0.00593056 0.000248119 0.00491459 0.0099269 0.0140703 -1.11859e-05 0.000122802 -0.00142011 0.00095934 -0.000980839
internal_weight=6959.75 570.495 160.753 409.742 137.638 6389.25 326.895 172.984 134.967 6062.36 5984.56 2101.52 3883.04 153.91
internal_count=68324 5510 1554 3956 1191 62814 2678 1284 1042 60136 59582 21717 37865 1394
is_linear=0
shrinkage=0.035


end of trees

feature_importances:
log_turnover=265
vol60=221
drawdown252=217
turnover_shock=163
momentum252_20=160
downside60=141
range20=118
ma200=115
macro_policy_rate=111
ret120=110
relative60=110
breadth200=96
volume_shock=93
macro_unemployment_change3=81
dispersion20=52
relative20=48
ma60=47
ret60=42
vol_expansion=38
market_ret60=34
ma20=31
drawdown60=27
vol20=26
macro_housing_yoy=25
rsi14=23
market_vol20=23
ret20=22
macro_inflation_yoy=20
market_ret20=18
macro_term_spread=18
macro_inflation_change3=14
macro_unemployment=6
macro_industrial_yoy=4

parameters:
[boosting: gbdt]
[objective: binary]
[metric: binary_logloss]
[tree_learner: serial]
[device_type: cpu]
[data_sample_strategy: bagging]
[data: ]
[valid: ]
[num_iterations: 180]
[learning_rate: 0.035]
[num_leaves: 15]
[num_threads: 1]
[seed: 804]
[deterministic: 1]
[force_col_wise: 1]
[force_row_wise: 0]
[histogram_pool_size: -1]
[max_depth: 5]
[min_data_in_leaf: 150]
[min_sum_hessian_in_leaf: 0.001]
[bagging_fraction: 1]
[pos_bagging_fraction: 1]
[neg_bagging_fraction: 1]
[bagging_freq: 0]
[bagging_seed: 31454]
[bagging_by_query: 0]
[feature_fraction: 0.85]
[feature_fraction_bynode: 1]
[feature_fraction_seed: 16221]
[extra_trees: 0]
[extra_seed: 23160]
[early_stopping_round: 0]
[early_stopping_min_delta: 0]
[first_metric_only: 0]
[max_delta_step: 0]
[lambda_l1: 0]
[lambda_l2: 10]
[linear_lambda: 0]
[min_gain_to_split: 0]
[drop_rate: 0.1]
[max_drop: 50]
[skip_drop: 0.5]
[xgboost_dart_mode: 0]
[uniform_drop: 0]
[drop_seed: 31648]
[top_rate: 0.2]
[other_rate: 0.1]
[min_data_per_group: 100]
[max_cat_threshold: 32]
[cat_l2: 10]
[cat_smooth: 10]
[max_cat_to_onehot: 4]
[top_k: 20]
[monotone_constraints: ]
[monotone_constraints_method: basic]
[monotone_penalty: 0]
[feature_contri: ]
[forcedsplits_filename: ]
[refit_decay_rate: 0.9]
[cegb_tradeoff: 1]
[cegb_penalty_split: 0]
[cegb_penalty_feature_lazy: ]
[cegb_penalty_feature_coupled: ]
[path_smooth: 0]
[interaction_constraints: ]
[verbosity: -1]
[saved_feature_importance_type: 0]
[use_quantized_grad: 0]
[num_grad_quant_bins: 4]
[quant_train_renew_leaf: 0]
[stochastic_rounding: 1]
[linear_tree: 0]
[max_bin: 63]
[max_bin_by_feature: ]
[min_data_in_bin: 3]
[bin_construct_sample_cnt: 200000]
[data_random_seed: 2664]
[is_enable_sparse: 1]
[enable_bundle: 1]
[use_missing: 1]
[zero_as_missing: 0]
[feature_pre_filter: 1]
[pre_partition: 0]
[two_round: 0]
[header: 0]
[label_column: ]
[weight_column: ]
[group_column: ]
[ignore_column: ]
[categorical_feature: ]
[forcedbins_filename: ]
[precise_float_parser: 0]
[parser_config_file: ]
[objective_seed: 11469]
[num_class: 1]
[is_unbalance: 0]
[scale_pos_weight: 1]
[sigmoid: 1]
[boost_from_average: 1]
[reg_sqrt: 0]
[alpha: 0.9]
[fair_c: 1]
[poisson_max_delta_step: 0.7]
[tweedie_variance_power: 1.5]
[lambdarank_truncation_level: 30]
[lambdarank_norm: 1]
[label_gain: ]
[lambdarank_position_bias_regularization: 0]
[eval_at: ]
[multi_error_top_k: 1]
[auc_mu_weights: ]
[num_machines: 1]
[local_listen_port: 12400]
[time_out: 120]
[machine_list_filename: ]
[machines: ]
[gpu_platform_id: -1]
[gpu_device_id: -1]
[gpu_device_id_list: ]
[gpu_use_dp: 0]
[num_gpu: 1]

end of parameters

pandas_categorical:[]
