ticker,name,exchange,sector,industry,market_cap,shares_outstanding,listing_date
000250,삼천당제약,KOSDAQ,,중견기업부,4222344960000,23457472,
000440,중앙에너비스,KOSDAQ,,중견기업부,87989346900,6227130,
001000,신라섬유,KOSDAQ,,중견기업부,19397754460,24277540,
001540,안국약품,KOSDAQ,,우량기업부,149857405800,13042420,
001810,무림SP,KOSDAQ,,중견기업부,26232937500,22137500,
001840,이화공영,KOSDAQ,,관리종목(소속부없음),62588831935,28256809,
002230,피에스텍,KOSDAQ,,우량기업부,85389785800,18705320,
002290,삼일기업공사,KOSDAQ,,우량기업부,40424000000,12400000,
002680,한탑,KOSDAQ,,중견기업부,12694037076,6463359,
002800,신신제약,KOSDAQ,,우량기업부,63109280000,15170500,
003100,선광,KOSDAQ,,우량기업부,125598000000,6600000,
003310,대주산업,KOSDAQ,,우량기업부,59813071500,35392350,
003800,에이스침대,KOSDAQ,,우량기업부,352662000000,11090000,
004590,한국가구,KOSDAQ,,중견기업부,80250000000,15000000,
004650,창해에탄올,KOSDAQ,,우량기업부,84464233150,9190885,
004780,대륙제관,KOSDAQ,,우량기업부,61545380130,15903199,
005160,동국산업,KOSDAQ,,중견기업부,124219863780,54244482,
005290,동진쎄미켐,KOSDAQ,,우량기업부,2229943012500,50970126,
005670,푸드웰,KOSDAQ,,우량기업부,63100000000,10000000,
005710,대원산업,KOSDAQ,,우량기업부,203982768000,20037600,
005860,한일사료,KOSDAQ,,우량기업부,101661507300,39403685,
005990,매일홀딩스,KOSDAQ,,우량기업부,138435344640,13298304,
006050,국영지앤엠,KOSDAQ,,중견기업부,16330973724,34895243,
006140,피제이전자,KOSDAQ,,우량기업부,66149250000,14865000,
006620,동구바이오제약,KOSDAQ,,우량기업부,103612570880,28464992,
006910,보성파워텍,KOSDAQ,,우량기업부,319343856000,49129824,
006920,모헨즈,KOSDAQ,,중견기업부,36036000000,10920000,
007330,푸른저축은행,KOSDAQ,,투자주의환기종목(소속부없음),152788764000,15082800,
007370,진양제약,KOSDAQ,,우량기업부,53782103535,14134587,
007390,네이처셀,KOSDAQ,,중견기업부,1610876400000,64435056,
007530,와이엠,KOSDAQ,,중견기업부,42683615058,22254231,
007680,대원,KOSDAQ,,중견기업부,48725789530,13222738,
007720,소노스퀘어,KOSDAQ,,중견기업부,29353091040,20160090,
007770,한일화학,KOSDAQ,,중견기업부,23271300000,3510000,
007820,엠엑스로보틱스,KOSDAQ,,중견기업부,51988089870,20033946,
008290,원풍물산,KOSDAQ,,관리종목(소속부없음),4964628716,20346839,
008370,원풍,KOSDAQ,,우량기업부,57960000000,12000000,
008470,부스타,KOSDAQ,,벤처기업부,29500848000,8404800,
008830,대동기어,KOSDAQ,,중견기업부,83583936000,8987520,
009300,삼아제약,KOSDAQ,,우량기업부,78351000000,6370000,
009620,삼보산업,KOSDAQ,,투자주의환기종목(소속부없음),11724415208,17473048,
009730,이렘,KOSDAQ,,투자주의환기종목(소속부없음),12992094206,71779526,
009780,엠에스씨,KOSDAQ,,우량기업부,106656000000,17600000,
010170,대한광통신,KOSDAQ,,중견기업부,1718116543000,155485660,
010240,흥국,KOSDAQ,,우량기업부,64383000000,11706000,
010280,아이티센엔텍,KOSDAQ,,우량기업부,59197520565,13024757,
010470,오리콤,KOSDAQ,,우량기업부,56641986500,11975050,
011040,경동제약,KOSDAQ,,중견기업부,152613079360,30768766,
011080,형지I&C,KOSDAQ,,중견기업부,8154305276,4296262,
011320,유니크,KOSDAQ,,우량기업부,68008846400,19320695,
011370,서한,KOSDAQ,,우량기업부,80211417675,100894865,
011560,세보엠이씨,KOSDAQ,,우량기업부,221867184000,10084872,
012210,삼미금속,KOSDAQ,,중견기업부,144763916120,23051579,
012340,뉴인텍,KOSDAQ,,투자주의환기종목(소속부없음),12903215280,18700312,
012620,원일특강,KOSDAQ,,우량기업부,29524000000,4400000,
012700,리드코프,KOSDAQ,,우량기업부,74917276720,26194852,
012790,신일제약,KOSDAQ,,우량기업부,61610173100,11986415,
012860,모베이스전자,KOSDAQ,,우량기업부,162944441825,73233457,
013030,하이록코리아,KOSDAQ,,우량기업부,353044320000,11768144,
013120,동원개발,KOSDAQ,,우량기업부,210220751500,90808100,
013310,아진산업,KOSDAQ,,우량기업부,96628389180,38806582,
013720,청보,KOSDAQ,,중견기업부,26216929633,60828143,
013810,스페코,KOSDAQ,,중견기업부,25163441990,14655470,
013990,아가방컴퍼니,KOSDAQ,,우량기업부,113626436880,32887536,
014100,메디앙스,KOSDAQ,,중견기업부,20626400000,11800000,
014190,원익큐브,KOSDAQ,,우량기업부,40598146437,35395071,
014470,부방,KOSDAQ,,벤처기업부,56509176660,60052260,
014570,고려제약,KOSDAQ,,중견기업부,36905000000,11000000,
014940,오리엔탈정공,KOSDAQ,,우량기업부,194827400775,45573661,
014950,삼익제약,KOSDAQ,,벤처기업부,38529213800,10007588,
014970,삼륭물산,KOSDAQ,,중견기업부,63451000000,14825000,
015710,코콤,KOSDAQ,,우량기업부,46806435000,17530500,
015750,성우하이텍,KOSDAQ,,우량기업부,452000000000,80000000,
016100,리더스코스메틱,KOSDAQ,,중견기업부,20055938700,19100894,
016250,SGC E&C,KOSDAQ,,중견기업부,59083845780,5036986,
016600,큐캐피탈,KOSDAQ,,중견기업부,34904002500,13961601,
016670,디모아,KOSDAQ,,중견기업부,26097239040,10194234,
016790,현대사료,KOSDAQ,,관리종목(소속부없음),187340898626,188471729,
016920,카스,KOSDAQ,,중견기업부,26784966918,26493538,
017000,신원종합개발,KOSDAQ,,우량기업부,27303183180,11668027,
017250,인터엠,KOSDAQ,,중견기업부,20624557660,21045467,
017480,삼현철강,KOSDAQ,,우량기업부,71191722900,15442890,
017510,세명전기,KOSDAQ,,벤처기업부,102300660000,15246000,
017650,대림제지,KOSDAQ,,우량기업부,81173400000,8785000,
017890,한국알콜,KOSDAQ,,우량기업부,295488998340,21273506,
018000,유니슨,KOSDAQ,,중견기업부,225763507080,259498284,
018120,진로발효,KOSDAQ,,우량기업부,109116057600,6621120,
018290,브이티,KOSDAQ,,우량기업부,407421831080,34941838,
018310,삼목에스폼,KOSDAQ,,우량기업부,213150000000,14700000,
018620,우진비앤지,KOSDAQ,,벤처기업부,19135030320,6932982,
018680,서울제약,KOSDAQ,,벤처기업부,25533908610,11659319,
018700,졸스,KOSDAQ,,투자주의환기종목(소속부없음),14445927124,11706586,
019010,베뉴지,KOSDAQ,,중견기업부,202440000000,48200000,
019210,와이지-원,KOSDAQ,,우량기업부,745734246400,37193728,
019540,일지테크,KOSDAQ,,우량기업부,82432350000,13513500,
019550,SBI인베스트먼트,KOSDAQ,,중견기업부,76576456215,81033287,
019570,플루토스,KOSDAQ,,중견기업부,22955735101,47725021,
019660,글로본,KOSDAQ,,중견기업부,27052006020,13944333,
019770,서연탑메탈,KOSDAQ,,우량기업부,35998500000,11650000,
019990,에너토크,KOSDAQ,,중견기업부,46731661520,9756088,
020180,대신정보통신,KOSDAQ,,중견기업부,33394727135,38428915,
020400,대동금속,KOSDAQ,,중견기업부,18720404420,6378332,
020710,시공테크,KOSDAQ,,우량기업부,75079647650,20047970,
021040,대호특수강,KOSDAQ,,중견기업부,19534296600,21704774,
021045,대호특수강우,KOSDAQ,,중견기업부,1926076840,848492,
021080,에이티넘인베스트,KOSDAQ,,우량기업부,100320000000,48000000,
021320,KCC건설,KOSDAQ,,우량기업부,113634000000,21400000,
021650,한국큐빅,KOSDAQ,,중견기업부,34908452005,16350563,
021880,메이슨캐피탈,KOSDAQ,,중견기업부,27583972000,21218440,
022220,티케이지애강,KOSDAQ,,중견기업부,28383429292,51794579,
023410,유진기업,KOSDAQ,,중견기업부,262856934200,77310863,
023440,제이스코홀딩스,KOSDAQ,,관리종목(소속부없음),46964378481,90142761,
023600,삼보판지,KOSDAQ,,우량기업부,132068475000,16008300,
023760,한국캐피탈,KOSDAQ,,우량기업부,220295484048,315609576,
023770,플레이위드,KOSDAQ,,중견기업부,21963645225,8946495,
023790,동일스틸럭스,KOSDAQ,,중견기업부,15200186704,13069808,
023900,풍국주정,KOSDAQ,,우량기업부,91098000000,12600000,
023910,대한약품,KOSDAQ,,우량기업부,151800000000,6000000,
024060,흥구석유,KOSDAQ,,중견기업부,190200000000,15000000,
024120,KB오토시스,KOSDAQ,,중견기업부,36110000000,11500000,
024740,한일단조,KOSDAQ,,우량기업부,69412773390,32897049,
024800,유성티엔에스,KOSDAQ,,우량기업부,153579760740,37051812,
024830,세원물산,KOSDAQ,,관리종목(소속부없음),72645000000,8350000,
024840,KBI메탈,KOSDAQ,,중견기업부,189143728545,41524419,
024850,HLB이노베이션,KOSDAQ,,중견기업부,292132604800,31753544,
024880,케이피에프,KOSDAQ,,우량기업부,73291610790,20162754,
024910,경창산업,KOSDAQ,,중견기업부,52976308395,35819005,
024940,PN풍년,KOSDAQ,,벤처기업부,20350000000,10000000,
024950,삼천리자전거,KOSDAQ,,중견기업부,39308000000,12400000,
025320,시노펙스,KOSDAQ,,우량기업부,361737628025,92162453,
025440,DH오토웨어,KOSDAQ,,투자주의환기종목(소속부없음),33561479360,9756244,
025550,한국선재,KOSDAQ,,중견기업부,53706978420,25514004,
025770,한국정보통신,KOSDAQ,,우량기업부,301426381550,37444271,
025870,신라에스지,KOSDAQ,,관리종목(소속부없음),7928000000,4000000,
025880,케이씨피드,KOSDAQ,,우량기업부,42709017190,16715858,
025900,동화기업,KOSDAQ,,중견기업부,291209961600,50557285,
025950,동신건설,KOSDAQ,,우량기업부,95760000000,8400000,
025980,아난티,KOSDAQ,,우량기업부,367797742200,97300990,
026040,제이에스티나,KOSDAQ,,중견기업부,30499003920,16503790,
026150,특수건설,KOSDAQ,,중견기업부,65798741250,17546331,
026910,광진실업,KOSDAQ,,중견기업부,38762749080,7425814,
027040,서울전자통신,KOSDAQ,,중견기업부,27487593775,13917769,
027050,코리아나,KOSDAQ,,중견기업부,54600000000,40000000,
027360,아주IB투자,KOSDAQ,,중견기업부,414923015550,121145406,
027580,상보,KOSDAQ,,중견기업부,16191996840,11836255,
027710,팜스토리,KOSDAQ,,우량기업부,118324429200,111416600,
027830,대성창투,KOSDAQ,,중견기업부,50328000000,54000000,
028080,휴맥스홀딩스,KOSDAQ,,중견기업부,14511368250,2532525,
028300,HLB,KOSDAQ,,중견기업부,3556392554100,133198223,
029480,광무,KOSDAQ,,중견기업부,85219201364,59719132,
030350,드래곤플라이,KOSDAQ,,관리종목(소속부없음),15171092867,15592079,
030520,한글과컴퓨터,KOSDAQ,,우량기업부,397273193920,24179744,
030530,원익홀딩스,KOSDAQ,,중견기업부,1304549499090,77237981,
030960,양지사,KOSDAQ,,중견기업부,74546700000,15980000,
031310,아이즈비전,KOSDAQ,,중견기업부,27218185665,29746651,
031330,에스에이엠티,KOSDAQ,,우량기업부,1053948006180,99995067,
031510,오스템,KOSDAQ,,중견기업부,31360000000,28000000,
031860,디에이치엑스컴퍼니,KOSDAQ,,관리종목(소속부없음),18714758139,27005423,
031980,피에스케이홀딩스,KOSDAQ,,우량기업부,3040297695000,21562395,
032080,아즈텍WB,KOSDAQ,,중견기업부,21383573855,21491029,
032190,다우데이타,KOSDAQ,,우량기업부,681740000000,38300000,
032280,삼일,KOSDAQ,,중견기업부,18726696450,16213590,
032300,한국파마,KOSDAQ,,중견기업부,82018391520,10906701,
032500,케이엠더블유,KOSDAQ,,중견기업부,631187846960,42191701,
032540,TJ미디어,KOSDAQ,,우량기업부,67289669860,20897413,
032580,피델릭스,KOSDAQ,,중견기업부,159365227840,33132064,
032620,GC메디아이,KOSDAQ,,우량기업부,150588746015,52197139,
032680,소프트센,KOSDAQ,,중견기업부,18812004662,20855881,
032685,소프트센우,KOSDAQ,,중견기업부,712192760,71362,
032750,삼진,KOSDAQ,,우량기업부,25016207940,9031122,
032790,엠젠솔루션,KOSDAQ,,벤처기업부,25269224304,25680106,
032800,판타지오,KOSDAQ,,중견기업부,18567667780,12461522,
032820,우리기술,KOSDAQ,,벤처기업부,1774397623240,171605186,
032850,비트컴퓨터,KOSDAQ,,벤처기업부,65495774420,16623293,
032860,더라미,KOSDAQ,,중견기업부,25570581279,40395863,
032940,원익,KOSDAQ,,우량기업부,98425374300,18193230,
032960,동일기연,KOSDAQ,,관리종목(소속부없음),35713739250,17592975,
033050,제이엠아이,KOSDAQ,,중견기업부,24293407264,31839328,
033130,디지틀조선,KOSDAQ,,중견기업부,77385331695,37115267,
033160,엠케이전자,KOSDAQ,,중견기업부,380578950180,24194466,
033170,시그네틱스,KOSDAQ,,중견기업부,37977645317,85728319,
033200,모아텍,KOSDAQ,,투자주의환기종목(소속부없음),23563594240,9204529,
033230,인성정보,KOSDAQ,,중견기업부,50616410760,50515380,
033290,로젠,KOSDAQ,,우량기업부,88053079968,56156301,
033310,엠투엔,KOSDAQ,,중견기업부,50645101752,39972456,
033320,제이씨현시스템,KOSDAQ,,벤처기업부,51895682880,19114432,
033340,좋은사람들,KOSDAQ,,중견기업부,39943629896,96950558,
033500,동성화인텍,KOSDAQ,,우량기업부,467536211460,29989494,
033540,파라텍,KOSDAQ,,중견기업부,49372782795,52246331,
033560,블루콤,KOSDAQ,,중견기업부,64039500000,17100000,
033640,네패스,KOSDAQ,,중견기업부,460953447980,23059202,
033790,피노,KOSDAQ,,중견기업부,480767287990,83321887,
033830,티비씨,KOSDAQ,,중견기업부,31234578760,18907130,
034810,해성산업,KOSDAQ,,중견기업부,201797171280,31580152,
034940,조아제약,KOSDAQ,,중견기업부,17472622428,30979827,
034950,한국기업평가,KOSDAQ,,우량기업부,456321657000,4540514,
035080,그래디언트,KOSDAQ,,중견기업부,106882505400,11431284,
035200,프럼파스트,KOSDAQ,,벤처기업부,27148346100,9730590,
035290,골드앤에스,KOSDAQ,,관리종목(소속부없음),6221780640,4767648,
035460,기산텔레콤,KOSDAQ,,벤처기업부,31332714000,14920340,
035600,KG이니시스,KOSDAQ,,우량기업부,258460590920,27554434,
035610,솔본,KOSDAQ,,투자주의환기종목(소속부없음),118134707040,27345997,
035620,바른손이앤에이,KOSDAQ,,중견기업부,12561694650,18609918,
035810,이지홀딩스,KOSDAQ,,우량기업부,285484118625,64516185,
035890,서희건설,KOSDAQ,,중견기업부,465362125425,229808457,
036000,예림당,KOSDAQ,,중견기업부,60464977125,23034277,
036010,아비코전자,KOSDAQ,,중견기업부,81086897400,13292934,
036030,케이티알파,KOSDAQ,,우량기업부,217890081745,49019141,
036090,위지트,KOSDAQ,,중견기업부,55188016658,42550514,
036120,서울평가정보,KOSDAQ,,중견기업부,55529100000,35145000,
036170,에이치엠넥스,KOSDAQ,,중견기업부,176733002880,61365626,
036190,금화피에스시,KOSDAQ,,우량기업부,189600000000,6000000,
036200,유니셈,KOSDAQ,,우량기업부,257886115430,30664223,
036220,오상헬스케어,KOSDAQ,,우량기업부,86858155120,14309416,
036480,대성미생물,KOSDAQ,,중견기업부,24320000000,3800000,
036540,SFA반도체,KOSDAQ,,중견기업부,871639605900,164460303,
036560,KZ정밀,KOSDAQ,,우량기업부,181282500000,15750000,
036620,감성코퍼레이션,KOSDAQ,,우량기업부,352712055200,89862944,
036630,세종텔레콤,KOSDAQ,,우량기업부,72000000000,10000000,
036640,HRS,KOSDAQ,,우량기업부,76049820000,16354800,
036670,삼양케이씨아이,KOSDAQ,,우량기업부,58040500000,11270000,
036690,코맥스,KOSDAQ,,관리종목(소속부없음),125692107675,43567455,
036710,심텍홀딩스,KOSDAQ,,중견기업부,178029530980,52827754,
036800,나이스정보통신,KOSDAQ,,우량기업부,270270000000,9100000,
036810,에프에스티,KOSDAQ,,중견기업부,464387974050,21649789,
036890,진성티이씨,KOSDAQ,,우량기업부,294355843280,22032623,
037030,파워넷,KOSDAQ,,우량기업부,93505115680,25512992,
037070,파세코,KOSDAQ,,중견기업부,147400000000,20000000,
037230,한국팩키지,KOSDAQ,,우량기업부,40945649298,29800327,
037330,인지디스플레,KOSDAQ,,우량기업부,40944913992,43885224,
037350,성도이엔지,KOSDAQ,,우량기업부,123657300000,15210000,
037370,EG,KOSDAQ,,벤처기업부,24667419920,8624972,
037400,우리엔터프라이즈,KOSDAQ,,중견기업부,17569641820,26223346,
037440,희림,KOSDAQ,,우량기업부,51234708000,13922475,
037460,삼지전자,KOSDAQ,,우량기업부,544222708700,16318522,
037760,쎄니트,KOSDAQ,,중견기업부,82552327240,33832921,
037950,엘컴텍,KOSDAQ,,중견기업부,47290608400,16889503,
038010,제일테크노스,KOSDAQ,,우량기업부,49770000000,9000000,
038060,루멘스,KOSDAQ,,중견기업부,32710086920,48103069,
038070,서린바이오,KOSDAQ,,중견기업부,39946403420,9300676,
038110,에코플라스틱,KOSDAQ,,우량기업부,79498053470,41169370,
038290,마크로젠,KOSDAQ,,중견기업부,125109756000,10841400,
038390,레드캡투어,KOSDAQ,,우량기업부,166539387120,16720822,
038460,바이오스마트,KOSDAQ,,우량기업부,66977536300,25274542,
038530,케이바이오랩스,KOSDAQ,,중견기업부,19208581270,23142869,
038540,상상인,KOSDAQ,,중견기업부,111209909130,55328313,
038620,위즈코프,KOSDAQ,,벤처기업부,29337594741,15145893,
038680,에스넷,KOSDAQ,,우량기업부,65313465760,19912642,
038870,에코심플렉스,KOSDAQ,,중견기업부,30272289840,14014949,
038880,아이에이,KOSDAQ,,투자주의환기종목(소속부없음),30057692000,7514423,
038950,파인디지털,KOSDAQ,,중견기업부,29407003200,10210765,
039010,현대에이치티,KOSDAQ,,우량기업부,67102500000,8625000,
039020,이건홀딩스,KOSDAQ,,중견기업부,55332537050,22584709,
039030,이오테크닉스,KOSDAQ,,우량기업부,4398079350000,12319550,
039200,오스코텍,KOSDAQ,,벤처기업부,1071228928000,38258176,
039240,경남스틸,KOSDAQ,,우량기업부,52772105424,26979604,
039290,인포뱅크,KOSDAQ,,중견기업부,30081163880,8693978,
039310,세중,KOSDAQ,,중견기업부,18665317010,18121667,
039340,한국경제TV,KOSDAQ,,우량기업부,105710000000,22000000,
039420,케이엘넷,KOSDAQ,,중견기업부,59088509550,22946994,
039440,에스티아이,KOSDAQ,,우량기업부,396205050850,15507047,
039560,다산네트웍스,KOSDAQ,,중견기업부,95641283640,42888468,
039610,화성밸브,KOSDAQ,,우량기업부,53093040000,10410400,
039740,한국정보공학,KOSDAQ,,벤처기업부,23574087180,8018397,
039830,오로라,KOSDAQ,,우량기업부,214181511000,10762890,
039840,디오,KOSDAQ,,중견기업부,163673101600,13415828,
039860,나노엔텍,KOSDAQ,,중견기업부,134087546560,38093053,
039980,폴라리스AI,KOSDAQ,,중견기업부,59825850240,14381214,
040160,누리플렉스,KOSDAQ,,중견기업부,70404324400,12055535,
040300,YTN,KOSDAQ,,중견기업부,92350310260,47676980,
040350,크레오에스지,KOSDAQ,,벤처기업부,160458773040,19520532,
040420,정상제이엘에스,KOSDAQ,,우량기업부,90302699520,15677552,
040610,SG&G,KOSDAQ,,중견기업부,52409063850,17043598,
040910,아이씨디,KOSDAQ,,중견기업부,69425730500,18174275,
041020,폴라리스오피스,KOSDAQ,,벤처기업부,132904146275,49683793,
041190,우리기술투자,KOSDAQ,,우량기업부,364560000000,84000000,
041440,현대에버다임,KOSDAQ,,우량기업부,108656026080,17841712,
041460,한국전자인증,KOSDAQ,,중견기업부,65075000000,19000000,
041520,이엘씨,KOSDAQ,,투자주의환기종목(소속부없음),102385332000,12188730,
041590,플래스크,KOSDAQ,,관리종목(소속부없음),116064014460,48972158,
041830,인바디,KOSDAQ,,우량기업부,706398216800,13480882,
041910,폴라리스AI파마,KOSDAQ,,우량기업부,75449428000,13283350,
041920,메디아나,KOSDAQ,,우량기업부,170917669370,18598223,
041930,SY동아,KOSDAQ,,우량기업부,67944000000,15200000,
041960,코미팜,KOSDAQ,,벤처기업부,514988870150,73886495,
042000,카페24,KOSDAQ,,우량기업부,394104154700,24178169,
042040,케이피엠테크,KOSDAQ,,중견기업부,10600315440,2470936,
042110,에스씨디,KOSDAQ,,우량기업부,58188795056,48329564,
042370,비츠로테크,KOSDAQ,,우량기업부,207504198000,26200025,
042420,네오위즈홀딩스,KOSDAQ,,우량기업부,178723111850,8142283,
042500,링네트,KOSDAQ,,우량기업부,89053120280,22291144,
042510,라온시큐어,KOSDAQ,,벤처기업부,85736992160,11105828,
042520,한스바이오메드,KOSDAQ,,벤처기업부,351542696550,14261367,
042600,새로닉스,KOSDAQ,,중견기업부,110569808600,12423574,
042940,상지건설,KOSDAQ,,중견기업부,41723430320,6828712,
043090,더테크놀로지,KOSDAQ,,투자주의환기종목(소속부없음),4718944500,4139425,
043100,알파AI,KOSDAQ,,관리종목(소속부없음),10457241600,20110080,
043150,바텍,KOSDAQ,,우량기업부,259503852320,14854256,
043200,파루,KOSDAQ,,벤처기업부,23075981880,41804315,
043220,티에스넥스젠,KOSDAQ,,관리종목(소속부없음),28191099330,16486023,
043260,성호전자,KOSDAQ,,우량기업부,1318066051320,71556246,
043340,에쎈테크,KOSDAQ,,중견기업부,38522500000,47500000,
043360,디지아이,KOSDAQ,,벤처기업부,19035000000,9000000,
043370,피에이치에이,KOSDAQ,,우량기업부,230370000000,21000000,
043590,웰킵스하이텍,KOSDAQ,,중견기업부,17204707108,13568381,
043610,KT지니뮤직,KOSDAQ,,중견기업부,79443803746,58115438,
043650,국순당,KOSDAQ,,중견기업부,65272101120,17858304,
043710,코스리거글로벌,KOSDAQ,,중견기업부,55053756360,17312502,
043910,자연과환경,KOSDAQ,,벤처기업부,34641087975,11339145,
044180,KD,KOSDAQ,,관리종목(소속부없음),5477148795,26717799,
044340,위닉스,KOSDAQ,,중견기업부,83468894750,17873425,
044480,빌리언스,KOSDAQ,,중견기업부,30391337224,33250916,
044490,태웅,KOSDAQ,,우량기업부,517190798850,20007381,
044780,에이치케이,KOSDAQ,,벤처기업부,22484531205,18505787,
044960,이글벳,KOSDAQ,,중견기업부,37862439585,12641883,
044990,에이치엔에스하이텍,KOSDAQ,,기술성장기업부,80235837000,7685425,
045060,오공,KOSDAQ,,우량기업부,37526472410,16941974,
045100,한양이엔지,KOSDAQ,,우량기업부,573125000000,17500000,
045300,성우테크론,KOSDAQ,,중견기업부,25207358680,10547012,
045340,토탈소프트,KOSDAQ,,벤처기업부,55199358000,8558040,
045390,대아티아이,KOSDAQ,,우량기업부,176535809385,70473377,
045510,정원엔시스,KOSDAQ,,중견기업부,23190690240,32209292,
045520,크린앤사이언스,KOSDAQ,,중견기업부,19240000000,6500000,
045660,에이텍,KOSDAQ,,우량기업부,63684600000,8260000,
045970,코아시아,KOSDAQ,,중견기업부,73023780900,26314876,
046070,코다코,KOSDAQ,,관리종목(소속부없음),159196994920,15486089,
046120,오르비텍,KOSDAQ,,중견기업부,153195834325,33855433,
046210,HLB파나진,KOSDAQ,,벤처기업부,50080756000,45527960,
046310,백금T&A,KOSDAQ,,우량기업부,35874730585,16418641,
046390,삼화네트웍스,KOSDAQ,,중견기업부,32897774565,17269173,
046440,KG파이낸셜,KOSDAQ,,우량기업부,152233262010,38010802,
046940,우원개발,KOSDAQ,,우량기업부,56391972000,18074350,
046970,우리로,KOSDAQ,,벤처기업부,195240370545,43824999,
047080,한빛소프트,KOSDAQ,,중견기업부,25591855222,24822362,
047310,파워로직스,KOSDAQ,,우량기업부,108733942350,36610755,
047560,이스트소프트,KOSDAQ,,중견기업부,88030584180,11753082,
047770,코데즈컴바인,KOSDAQ,,중견기업부,99336830250,37842602,
047820,초록뱀미디어,KOSDAQ,,중견기업부,78008036700,24453930,
047920,HLB제약,KOSDAQ,,기술성장기업부,216475749600,32799356,
048410,현대바이오,KOSDAQ,,중견기업부,641762053800,96505572,
048430,유라테크,KOSDAQ,,우량기업부,64627200000,11520000,
048470,대동스틸,KOSDAQ,,중견기업부,24269750000,9650000,
048530,인트론바이오,KOSDAQ,,기술성장기업부,77229395000,30891758,
048550,SM C&C,KOSDAQ,,중견기업부,142654064500,96714620,
048770,TPC로보틱스,KOSDAQ,,벤처기업부,42306085745,15697991,
048830,엔피케이,KOSDAQ,,중견기업부,18274548848,18723923,
048870,시너지이노베이션,KOSDAQ,,중견기업부,140883033837,88106963,
048910,대원미디어,KOSDAQ,,우량기업부,57988941060,12578946,
049070,인탑스,KOSDAQ,,우량기업부,275288229040,16464607,
049080,기가레인,KOSDAQ,,벤처기업부,76649656020,8488334,
049120,파인디앤씨,KOSDAQ,,벤처기업부,19962931429,10601663,
049180,셀루메드,KOSDAQ,,투자주의환기종목(소속부없음),83975227728,83226192,
049430,코메론,KOSDAQ,,우량기업부,173540640000,9048000,
049470,비트플래닛,KOSDAQ,,중견기업부,31173446276,23544899,
049480,오픈베이스,KOSDAQ,,우량기업부,56937357996,31422383,
049520,유아이엘,KOSDAQ,,우량기업부,108566040000,30842625,
049550,잉크테크,KOSDAQ,,우량기업부,59014893770,19606277,
049630,재영솔루텍,KOSDAQ,,우량기업부,138640506160,23379512,
049720,고려신용정보,KOSDAQ,,우량기업부,135850000000,14300000,
049830,승일,KOSDAQ,,중견기업부,39000232320,6132112,
049950,미래컴퍼니,KOSDAQ,,중견기업부,85974369000,8817884,
049960,쎌바이오텍,KOSDAQ,,벤처기업부,144948000000,9400000,
050090,비케이홀딩스,KOSDAQ,,투자주의환기종목(소속부없음),9013803505,23534735,
050110,캠시스,KOSDAQ,,중견기업부,33111724459,29224823,
050120,ES큐브,KOSDAQ,,중견기업부,39132388110,13564086,
050760,에스폴리텍,KOSDAQ,,중견기업부,19503605532,16334678,
050860,아세아텍,KOSDAQ,,우량기업부,38767500000,22500000,
050890,쏠리드,KOSDAQ,,우량기업부,572934115620,60756534,
050960,수산아이앤티,KOSDAQ,,벤처기업부,51847680000,6751000,
051160,지어소프트,KOSDAQ,,중견기업부,110177941600,15474430,
051360,토비스,KOSDAQ,,우량기업부,240028093870,14917843,
051370,인터플렉스,KOSDAQ,,우량기업부,155594238240,23327472,
051380,피씨디렉트,KOSDAQ,,중견기업부,26292883408,15340072,
051390,YW,KOSDAQ,,중견기업부,42639406840,11355368,
051490,나라엠앤디,KOSDAQ,,우량기업부,37914000000,14200000,
051500,CJ프레시웨이,KOSDAQ,,우량기업부,264736367800,11871586,
051780,큐로홀딩스,KOSDAQ,,중견기업부,17454619325,6335615,
051980,중앙첨단소재,KOSDAQ,,중견기업부,113202451471,111091709,
052020,에스티큐브,KOSDAQ,,투자주의환기종목(소속부없음),505115852130,67983291,
052220,iMBC,KOSDAQ,,중견기업부,42090000000,23000000,
052260,현대바이오랜드,KOSDAQ,,우량기업부,102450000000,30000000,
052300,오션인더블유,KOSDAQ,,중견기업부,24041309440,16244128,
052330,코텍,KOSDAQ,,우량기업부,211540524990,17761589,
052420,오성첨단소재,KOSDAQ,,우량기업부,83976117580,9742009,
052460,아이크래프트,KOSDAQ,,벤처기업부,48571387200,14607936,
052600,한네트,KOSDAQ,,중견기업부,34112915000,11563700,
052710,아모텍,KOSDAQ,,중견기업부,231170477720,14612546,
052770,아이톡시,KOSDAQ,,관리종목(소속부없음),4545457488,14568774,
052790,액토즈소프트,KOSDAQ,,중견기업부,46046965605,10924547,
052860,아이앤씨,KOSDAQ,,벤처기업부,78149986250,17862854,
052900,KX하이텍,KOSDAQ,,우량기업부,92078376090,76668090,
053030,바이넥스,KOSDAQ,,중견기업부,218984059600,32684188,
053050,지에스이,KOSDAQ,,우량기업부,55327116465,29987597,
053060,세동,KOSDAQ,,중견기업부,25144164656,17657419,
053080,케이엔솔,KOSDAQ,,중견기업부,110628357570,12999807,
053160,프리엠스,KOSDAQ,,중견기업부,55680000000,6000000,
053260,금강철강,KOSDAQ,,우량기업부,87422400000,18720000,
053270,구영테크,KOSDAQ,,우량기업부,49503191430,27410405,
053280,예스24,KOSDAQ,,중견기업부,77250000000,25000000,
053290,NE능률,KOSDAQ,,중견기업부,26028933525,16526307,
053300,한국정보인증,KOSDAQ,,우량기업부,168453048400,40591096,
053350,이니텍,KOSDAQ,,중견기업부,78615202050,22021065,
053450,세코닉스,KOSDAQ,,우량기업부,50443458230,14792803,
053580,웹케시,KOSDAQ,,우량기업부,78244793440,12954436,
053610,프로텍,KOSDAQ,,우량기업부,568800000000,9000000,
053620,태양,KOSDAQ,,우량기업부,55986000000,8600000,
053700,삼보모터스,KOSDAQ,,우량기업부,100584825105,26715757,
053800,안랩,KOSDAQ,,우량기업부,600831324000,11126506,
053950,경남제약,KOSDAQ,,중견기업부,22990951841,15629471,
053980,오상자이엘,KOSDAQ,,우량기업부,47836613160,18982783,
054040,한국컴퓨터,KOSDAQ,,우량기업부,77785043600,16071290,
054050,NH농우바이오,KOSDAQ,,우량기업부,108687203580,16030561,
054090,삼진엘앤디,KOSDAQ,,중견기업부,22238675712,24959232,
054180,메디콕스,KOSDAQ,,관리종목(소속부없음),12686716395,5527981,
054210,이랜텍,KOSDAQ,,우량기업부,176026821600,25291210,
054220,비츠로시스,KOSDAQ,,벤처기업부,17941627800,12590616,
054300,팬스타엔터프라이즈,KOSDAQ,,벤처기업부,54167204520,57870945,
054410,케이피티유,KOSDAQ,,중견기업부,18553678560,5726444,
054450,텔레칩스,KOSDAQ,,중견기업부,149927906700,15144233,
054540,삼영엠텍,KOSDAQ,,우량기업부,79430000000,13000000,
054620,APS,KOSDAQ,,중견기업부,80198803560,18394221,
054670,대한뉴팜,KOSDAQ,,우량기업부,78234314000,14354920,
054780,키이스트,KOSDAQ,,중견기업부,25319237384,19657793,
054800,아이디스홀딩스,KOSDAQ,,중견기업부,145385971800,10347756,
054920,한컴위드,KOSDAQ,,중견기업부,83945815975,28217081,
054930,유신,KOSDAQ,,우량기업부,48000000000,3000000,
054940,엑사이엔씨,KOSDAQ,,중견기업부,28363383540,33173548,
054950,제이브이엠,KOSDAQ,,우량기업부,259932678000,12089892,
056080,유진로봇,KOSDAQ,,중견기업부,467237638920,38235486,
056090,시지메드텍,KOSDAQ,,벤처기업부,107389397440,103259036,
056360,코위버,KOSDAQ,,벤처기업부,48053304000,9796800,
056700,신화인터텍,KOSDAQ,,중견기업부,43877447046,29135091,
056730,CNT85,KOSDAQ,,중견기업부,22663200373,14822237,
057030,YBM넷,KOSDAQ,,중견기업부,34827608095,16312697,
057540,옴니시스템,KOSDAQ,,중견기업부,53157869860,59394268,
057680,티사이언티픽,KOSDAQ,,벤처기업부,29201088741,15792909,
058110,멕아이씨에스,KOSDAQ,,기술성장기업부,30174996400,16050530,
058400,KNN,KOSDAQ,,우량기업부,72041767680,132429720,
058450,한주에이알티,KOSDAQ,,투자주의환기종목(소속부없음),22810842600,5013372,
058610,에스피지,KOSDAQ,,우량기업부,1468141232000,22177360,
058630,엠게임,KOSDAQ,,우량기업부,93036471030,19202574,
058820,CMG제약,KOSDAQ,,중견기업부,124720034152,148123556,
058970,엠로,KOSDAQ,,기술성장기업부,176664326260,12362794,
059090,미코,KOSDAQ,,벤처기업부,510274200060,33416778,
059100,아이컴포넌트,KOSDAQ,,벤처기업부,34965402700,7070860,
059120,아진엑스텍,KOSDAQ,,벤처기업부,83036149310,18310066,
059210,메타바이오메드,KOSDAQ,,우량기업부,100670203725,27171445,
059270,해성에어로보틱스,KOSDAQ,,기술성장기업부,60850879550,11165299,
060150,인선이엔티,KOSDAQ,,중견기업부,141930651380,45563612,
060230,제이케이시냅스,KOSDAQ,,중견기업부,10291729572,11260098,
060240,스타코링크,KOSDAQ,,관리종목(소속부없음),1443622880,5821060,
060250,NHN KCP,KOSDAQ,,우량기업부,498393182510,40160611,
060260,뉴보텍,KOSDAQ,,벤처기업부,17932126464,13342356,
060280,큐렉소,KOSDAQ,,중견기업부,331316113700,41259790,
060310,3S,KOSDAQ,,벤처기업부,59585301920,53059040,
060370,LS마린솔루션,KOSDAQ,,우량기업부,1373881860200,52238854,
060380,동양에스텍,KOSDAQ,,중견기업부,23108100000,19700000,
060480,국일신동,KOSDAQ,,중견기업부,15093490000,11090000,
060540,에스에이티,KOSDAQ,,중견기업부,27962637420,26133306,
060560,HC홈센타,KOSDAQ,,중견기업부,49760481960,25388001,
060570,드림어스컴퍼니,KOSDAQ,,중견기업부,64616571656,74101573,
060590,씨티씨바이오,KOSDAQ,,중견기업부,67827761100,24181020,
060720,KH바텍,KOSDAQ,,중견기업부,221857631540,23677442,
060850,영림원소프트랩,KOSDAQ,,벤처기업부,42281200000,8131000,
060900,에이전트AI,KOSDAQ,,중견기업부,17939873135,3991073,
061040,알에프텍,KOSDAQ,,중견기업부,63880454380,9048223,
061090,세나테크놀로지,KOSDAQ,,중견기업부,224989682500,5467550,
061250,화일약품,KOSDAQ,,우량기업부,69865947200,8417584,
061970,LB세미콘,KOSDAQ,,중견기업부,234655344240,58083006,
062970,한국첨단소재,KOSDAQ,,중견기업부,57374057070,57088614,
063080,컴투스홀딩스,KOSDAQ,,중견기업부,71294025520,6595192,
063170,서울옥션,KOSDAQ,,중견기업부,85849709610,17774267,
063440,SM Life Design,KOSDAQ,,중견기업부,49534064852,45319364,
063570,NICE인프라,KOSDAQ,,우량기업부,105345740880,34147728,
063760,이엘피,KOSDAQ,,벤처기업부,22986445450,9325130,
064090,인크레더블버즈,KOSDAQ,,관리종목(소속부없음),39694710510,49742745,
064240,홈캐스트,KOSDAQ,,벤처기업부,51694433990,34694251,
064260,다날,KOSDAQ,,중견기업부,304851191710,75645457,
064290,인텍플러스,KOSDAQ,,중견기업부,517034756700,12877578,
064480,브리지텍,KOSDAQ,,벤처기업부,33646287500,11952500,
064520,테크엘,KOSDAQ,,중견기업부,35247624774,22351062,
064550,바이오니아,KOSDAQ,,중견기업부,156152260550,25810291,
064800,포니링크,KOSDAQ,,중견기업부,54957136850,25561459,
064820,케이프,KOSDAQ,,우량기업부,253053763000,30860215,
064850,에프앤가이드,KOSDAQ,,벤처기업부,240187488600,11410332,
065060,지엔코,KOSDAQ,,중견기업부,15395292020,5990386,
065130,탑엔지니어링,KOSDAQ,,중견기업부,47851960000,16004000,
065150,대산F&B,KOSDAQ,,관리종목(소속부없음),23110448000,15938240,
065170,비엘팜텍,KOSDAQ,,투자주의환기종목(소속부없음),82903965210,27913793,
065350,신성델타테크,KOSDAQ,,우량기업부,762679557000,27483948,
065370,위세아이텍,KOSDAQ,,벤처기업부,21265787520,7383954,
065420,에스아이리소스,KOSDAQ,,중견기업부,12740759222,71577299,
065440,이루온,KOSDAQ,,벤처기업부,37557702540,27275020,
065450,빅텍,KOSDAQ,,벤처기업부,90404636195,29495803,
065500,오리엔트정공,KOSDAQ,,중견기업부,36068559520,33242912,
065510,휴비츠,KOSDAQ,,우량기업부,78864738750,10877895,
065530,와이어블,KOSDAQ,,우량기업부,49226083011,47838759,
065570,삼영이엔씨,KOSDAQ,,관리종목(소속부없음),12295692232,16093838,
065650,하이퍼코퍼레이션,KOSDAQ,,중견기업부,22165623675,10945987,
065660,안트로젠,KOSDAQ,,기술성장기업부,180610105000,10006100,
065680,우주일렉트로,KOSDAQ,,우량기업부,275366035800,9240471,
065690,파커스,KOSDAQ,,투자주의환기종목(소속부없음),14878241529,14049331,
065710,서호전기,KOSDAQ,,우량기업부,217072500000,5150000,
065770,CS,KOSDAQ,,벤처기업부,20284630850,9705565,
065950,웰크론,KOSDAQ,,중견기업부,28654771530,28231302,
066130,하츠,KOSDAQ,,우량기업부,41728000000,12800000,
066310,큐에스아이,KOSDAQ,,벤처기업부,65643076680,9271621,
066360,체리부로,KOSDAQ,,우량기업부,32511466170,47952015,
066410,버킷스튜디오,KOSDAQ,,투자주의환기종목(소속부없음),159637252154,138453818,
066430,아이로보틱스,KOSDAQ,,중견기업부,78189491572,39153476,
066590,스모트로닉,KOSDAQ,,중견기업부,89732813840,38677937,
066620,국보디자인,KOSDAQ,,우량기업부,186000000000,7500000,
066670,디티씨,KOSDAQ,,중견기업부,44673684020,18691918,
066700,테라젠이텍스,KOSDAQ,,중견기업부,72038457064,37152376,
066790,씨씨에스,KOSDAQ,,관리종목(소속부없음),97271994227,65152039,
066900,디에이피,KOSDAQ,,관리종목(소속부없음),41485973472,22744503,
066910,손오공,KOSDAQ,,중견기업부,23078553568,13386632,
066980,한성크린텍,KOSDAQ,,벤처기업부,93810437204,52001351,
067000,조이시티,KOSDAQ,,중견기업부,73258811408,69903446,
067010,이씨에스,KOSDAQ,,벤처기업부,23246947500,10888500,
067080,대화제약,KOSDAQ,,중견기업부,188958997500,18616650,
067170,오텍,KOSDAQ,,중견기업부,71174033100,27062370,
067280,멀티캠퍼스,KOSDAQ,,우량기업부,139279306500,5926779,
067290,JW신약,KOSDAQ,,중견기업부,80637391217,56037103,
067310,하나마이크론,KOSDAQ,,중견기업부,2542876294500,66480426,
067370,선바이오,KOSDAQ,,기술성장기업부,69863170520,12213841,
067390,아스트,KOSDAQ,,중견기업부,204682583394,421157579,
067570,엔브이에이치코리아,KOSDAQ,,중견기업부,77086760000,42170000,
067630,HLB생명과학,KOSDAQ,,투자주의환기종목(소속부없음),218353450878,121917058,
067730,로지시스,KOSDAQ,,중견기업부,20170127370,9673922,
067770,세진티에스,KOSDAQ,,중견기업부,16877151930,8396593,
067900,와이엔텍,KOSDAQ,,우량기업부,110653926720,18199659,
067920,이글루,KOSDAQ,,우량기업부,54100905480,10996119,
067990,도이치모터스,KOSDAQ,,우량기업부,116726200000,29181550,
068050,팬엔터테인먼트,KOSDAQ,,중견기업부,31515858488,27694076,
068100,케이웨더,KOSDAQ,,기술성장기업부,26836956000,11927536,
068240,다원시스,KOSDAQ,,관리종목(소속부없음),96553495610,38163437,
068330,일신바이오,KOSDAQ,,중견기업부,42314845980,44216140,
068760,셀트리온제약,KOSDAQ,,우량기업부,1762772580400,44402332,
068790,DMS,KOSDAQ,,우량기업부,147834967200,22570224,
068930,디지털대성,KOSDAQ,,우량기업부,199262462400,27675342,
068940,셀피글로벌,KOSDAQ,,관리종목(소속부없음),35720093048,45912716,
069140,누리플랜,KOSDAQ,,벤처기업부,26991297552,15095804,
069330,유아이디,KOSDAQ,,벤처기업부,18122301606,16952574,
069410,엔텔스,KOSDAQ,,벤처기업부,30017334320,10244824,
069510,에스텍,KOSDAQ,,우량기업부,135720400000,10910000,
069540,빛과전자,KOSDAQ,,벤처기업부,280602823530,112691897,
069920,엑시온그룹,KOSDAQ,,관리종목(소속부없음),5224644802,9296521,
070300,엑스큐어,KOSDAQ,,벤처기업부,53997588080,35524729,
070590,인티큐브,KOSDAQ,,중견기업부,24261402708,13879521,
071200,인피니트헬스케어,KOSDAQ,,중견기업부,217616405360,24396458,
071280,로체시스템즈,KOSDAQ,,우량기업부,97286395080,15296603,
071670,에이테크솔루션,KOSDAQ,,중견기업부,49950000000,10000000,
071850,캐스텍코리아,KOSDAQ,,투자주의환기종목(소속부없음),34183661642,24260938,
072020,중앙백신,KOSDAQ,,벤처기업부,88060375970,9458687,
072470,우리산업홀딩스,KOSDAQ,,중견기업부,42496517250,18887341,
072770,멤레이비티,KOSDAQ,,중견기업부,29099980698,41512098,
072870,메가스터디,KOSDAQ,,우량기업부,155806934130,11920959,
072950,빛샘전자,KOSDAQ,,벤처기업부,58461948600,8052610,
072990,에이치시티,KOSDAQ,,우량기업부,46394259200,14498206,
073010,케이에스피,KOSDAQ,,우량기업부,105100118750,40191250,
073110,엘엠에스,KOSDAQ,,벤처기업부,44033987250,8895755,
073190,듀오백,KOSDAQ,,관리종목(소속부없음),7994650720,11968040,
073490,LIG아큐버,KOSDAQ,,우량기업부,181731919400,7603846,
073540,에프알텍,KOSDAQ,,벤처기업부,24282000000,11400000,
073560,우리손에프앤지,KOSDAQ,,우량기업부,106556732577,69237643,
073570,리튬포어스,KOSDAQ,,관리종목(소속부없음),19440284720,12037328,
073640,테라사이언스,KOSDAQ,,관리종목(소속부없음),69571715580,106378770,
074430,아미노로직스,KOSDAQ,,중견기업부,86948575560,87826844,
074600,원익QnC,KOSDAQ,,우량기업부,774181600000,26288000,
075130,플랜티넷,KOSDAQ,,벤처기업부,30616285680,16122320,
075970,동국알앤에스,KOSDAQ,,중견기업부,30599200000,18400000,
076080,웰크론한텍,KOSDAQ,,중견기업부,22887880028,22594156,
076610,해성옵틱스,KOSDAQ,,벤처기업부,53016381100,59236180,
077360,덕산하이메탈,KOSDAQ,,벤처기업부,414385458240,45437002,
078020,LS증권,KOSDAQ,,우량기업부,357853675500,55481190,
078070,유비쿼스홀딩스,KOSDAQ,,중견기업부,138517805160,17058843,
078130,국일제지,KOSDAQ,,중견기업부,441943101040,112740587,
078140,대봉엘에스,KOSDAQ,,우량기업부,82040684600,11086579,
078150,HB테크놀러지,KOSDAQ,,우량기업부,176067524484,92715916,
078160,메디포스트,KOSDAQ,,벤처기업부,328142527110,39204603,
078350,한양디지텍,KOSDAQ,,우량기업부,310985392800,15244382,
078590,휴림에이텍,KOSDAQ,,중견기업부,19783801620,9991819,
078600,대주전자재료,KOSDAQ,,우량기업부,1198225729400,15704138,
078860,아이오케이이엔엠,KOSDAQ,,투자주의환기종목(소속부없음),15906259100,6177188,
078890,가온그룹,KOSDAQ,,중견기업부,73976146145,18424943,
079000,와토스코리아,KOSDAQ,,중견기업부,32400000000,7200000,
079170,한창산업,KOSDAQ,,우량기업부,23946000000,5200000,
079190,케스피온,KOSDAQ,,벤처기업부,10950499247,19177757,
079370,제우스,KOSDAQ,,우량기업부,292800385600,31016990,
079650,서산,KOSDAQ,,중견기업부,110600000000,20000000,
079810,APS이노베이션,KOSDAQ,,우량기업부,60278663200,21528094,
079940,가비아,KOSDAQ,,우량기업부,417383272400,13420684,
079950,인베니아,KOSDAQ,,관리종목(소속부없음),11384257500,13799100,
079960,동양이엔피,KOSDAQ,,우량기업부,156099600000,7860000,
079970,투비소프트,KOSDAQ,,관리종목(소속부없음),7646223464,12829234,
080010,이상네트웍스,KOSDAQ,,중견기업부,71894369010,9835071,
080160,모두투어,KOSDAQ,,우량기업부,155169000000,18900000,
080220,제주반도체,KOSDAQ,,우량기업부,2538436792100,34442833,
080420,모다이노칩,KOSDAQ,,중견기업부,108660570786,79721622,
080470,성창오토텍,KOSDAQ,,벤처기업부,21170000000,7300000,
080520,오디텍,KOSDAQ,,벤처기업부,33401130150,11322417,
080530,코디,KOSDAQ,,중견기업부,27513134740,11071684,
080580,오킨스전자,KOSDAQ,,벤처기업부,274393324550,21090955,
080720,한국유니온제약,KOSDAQ,,관리종목(소속부없음),21562456300,7912828,
081150,티플랙스,KOSDAQ,,중견기업부,65524685400,24268402,
081180,쎄크,KOSDAQ,,기술성장기업부,45539760600,8825535,
081580,성우전자,KOSDAQ,,중견기업부,34505618175,15508143,
082210,옵트론텍,KOSDAQ,,중견기업부,68178493500,34963330,
082270,젬백스,KOSDAQ,,벤처기업부,459957019170,44269203,
082660,코스나인,KOSDAQ,,관리종목(소속부없음),47827617120,99640869,
082800,비보존 제약,KOSDAQ,,중견기업부,144512805080,60719666,
082850,우리바이오,KOSDAQ,,중견기업부,51993908194,48456578,
083310,엘오티베큠,KOSDAQ,,우량기업부,147645173570,17810033,
083450,GST,KOSDAQ,,우량기업부,852387500000,18430000,
083470,이엠앤아이,KOSDAQ,,벤처기업부,19633102680,21340329,
083500,에프엔에스테크,KOSDAQ,,우량기업부,117784425860,8306377,
083550,케이엠,KOSDAQ,,중견기업부,34161535800,13556165,
083640,인콘,KOSDAQ,,벤처기업부,17533710960,15544070,
083650,비에이치아이,KOSDAQ,,우량기업부,1375477468750,30944375,
083660,CSA 코스믹,KOSDAQ,,중견기업부,24526966090,106638983,
083790,CG인바이츠,KOSDAQ,,벤처기업부,65436948882,76894182,
083930,아바코,KOSDAQ,,우량기업부,146919262490,14677249,
084110,휴온스글로벌,KOSDAQ,,우량기업부,325357168400,12659812,
084180,수성웹툰,KOSDAQ,,관리종목(소속부없음),7428530313,18074283,
084370,유진테크,KOSDAQ,,우량기업부,3368658174000,22916042,
084440,유비온,KOSDAQ,,기술성장기업부,16205160587,19132421,
084650,랩지노믹스,KOSDAQ,,중견기업부,48330233490,74239990,
084730,팅크웨어,KOSDAQ,,중견기업부,72100161760,11109424,
084850,아이티엠반도체,KOSDAQ,,중견기업부,187134205500,22682934,
084990,헬릭스미스,KOSDAQ,,기술성장기업부,156254581830,46092797,
085660,차바이오텍,KOSDAQ,,중견기업부,853490726280,92972846,
085670,뉴프렉스,KOSDAQ,,우량기업부,73869794415,24500761,
085810,알티캐스트,KOSDAQ,,중견기업부,24612435173,14136953,
085910,네오티스,KOSDAQ,,중견기업부,244858019500,13794818,
086040,바이오톡스텍,KOSDAQ,,벤처기업부,31756911530,15958247,
086060,진바이오텍,KOSDAQ,,중견기업부,43397358480,8610587,
086390,유니테스트,KOSDAQ,,중견기업부,211129918740,21134126,
086670,비엠티,KOSDAQ,,우량기업부,148689757300,9925885,
086710,선진뷰티사이언스,KOSDAQ,,우량기업부,84934828800,12203280,
086820,바이오솔루션,KOSDAQ,,기술성장기업부,151915138100,25924085,
086890,이수앱지스,KOSDAQ,,중견기업부,133334060340,40774942,
086900,메디톡스,KOSDAQ,,우량기업부,510894790000,7298497,
086960,MDS테크,KOSDAQ,,우량기업부,78295281470,42528670,
086980,쇼박스,KOSDAQ,,중견기업부,131431990000,62438000,
087010,펩트론,KOSDAQ,,기술성장기업부,2564908500000,23317350,
087260,모바일어플라이언스,KOSDAQ,,벤처기업부,8138215250,32552861,
087600,픽셀플러스,KOSDAQ,,벤처기업부,31032920400,8166558,
088130,동아엘텍,KOSDAQ,,우량기업부,84803772900,17485314,
088280,쏘닉스,KOSDAQ,,기술성장기업부,46814055450,17306490,
088290,이원컴포텍,KOSDAQ,,관리종목(소속부없음),19621137120,7976072,
088340,유라클,KOSDAQ,,벤처기업부,26971794240,4364368,
088390,이녹스,KOSDAQ,,중견기업부,67296501480,9385844,
088800,에이스테크,KOSDAQ,,중견기업부,124585616100,75506434,
088910,동우팜투테이블,KOSDAQ,,우량기업부,53471751480,25831764,
089010,켐트로닉스,KOSDAQ,,우량기업부,350493564300,16770027,
089030,테크윙,KOSDAQ,,중견기업부,1795249100250,37053645,
089140,넥스턴앤롤코리아,KOSDAQ,,벤처기업부,33389390120,15316234,
089150,케이씨티,KOSDAQ,,벤처기업부,30115400000,17150000,
089230,THE E&M,KOSDAQ,,중견기업부,70195813758,38421354,
089600,KT나스미디어,KOSDAQ,,우량기업부,113020952510,11568163,
089790,제이티,KOSDAQ,,벤처기업부,42757801385,10315513,
089850,유비벨록스,KOSDAQ,,우량기업부,57005870130,14730199,
089890,코세스,KOSDAQ,,우량기업부,450281718300,16584962,
089970,브이엠,KOSDAQ,,우량기업부,3019679945500,26326765,
089980,상아프론테크,KOSDAQ,,우량기업부,214253095800,15989037,
090150,아이윈,KOSDAQ,,중견기업부,20895771207,41875293,
090360,로보스타,KOSDAQ,,중견기업부,614250000000,9750000,
090410,덕신이피씨,KOSDAQ,,우량기업부,32028446025,46084095,
090470,제이스로보틱스,KOSDAQ,,벤처기업부,72877396980,17476594,
090710,휴림로봇,KOSDAQ,,중견기업부,786698410820,119559029,
090850,현대이지웰,KOSDAQ,,우량기업부,133293964790,22477903,
091120,이엠텍,KOSDAQ,,중견기업부,64162845320,17132936,
091340,S&K폴리텍,KOSDAQ,,중견기업부,23934109445,11703721,
091440,한울소재과학,KOSDAQ,,투자주의환기종목(소속부없음),95640856770,33382498,
091580,상신이디피,KOSDAQ,,우량기업부,195658254920,13328219,
091590,남화토건,KOSDAQ,,중견기업부,81593000000,11740000,
091700,파트론,KOSDAQ,,우량기업부,284500000000,50000000,
091970,LSK아이로봇,KOSDAQ,,중견기업부,29988424400,7534780,
092040,아미코젠,KOSDAQ,,기술성장기업부,83938599756,70655387,
092070,디엔에프,KOSDAQ,,중견기업부,144648225000,11571858,
092130,이크레더블,KOSDAQ,,중견기업부,169814760000,12043600,
092190,서울바이오시스,KOSDAQ,,투자주의환기종목(소속부없음),256404260970,45868383,
092300,현우산업,KOSDAQ,,우량기업부,46546202010,20149871,
092460,한라IMS,KOSDAQ,,우량기업부,262633588000,17109680,
092600,앤씨앤,KOSDAQ,,벤처기업부,10685577390,5016703,
092730,네오팜,KOSDAQ,,우량기업부,306615429570,16027989,
092870,엑시콘,KOSDAQ,,우량기업부,205550052750,13050797,
093190,빅솔론,KOSDAQ,,우량기업부,154488407150,19238905,
093320,케이아이엔엑스,KOSDAQ,,우량기업부,643672000000,4880000,
093380,풍강,KOSDAQ,,중견기업부,25093455020,9879313,
093520,매커스,KOSDAQ,,우량기업부,218517727320,11901837,
093640,케이알엠,KOSDAQ,,벤처기업부,103621923980,32843716,
093920,서원인텍,KOSDAQ,,우량기업부,90489000000,18600000,
094170,동운아나텍,KOSDAQ,,우량기업부,626252583200,20909936,
094360,칩스앤미디어,KOSDAQ,,벤처기업부,224871035220,21355274,
094480,갤럭시아머니트리,KOSDAQ,,우량기업부,185164835360,39229838,
094820,일진파워,KOSDAQ,,우량기업부,163000844290,15078709,
094840,슈프리마에이치큐,KOSDAQ,,벤처기업부,122184118140,9806109,
094850,참좋은여행,KOSDAQ,,우량기업부,59570000000,14000000,
094860,네오리진,KOSDAQ,,중견기업부,72707609166,53110014,
094940,푸른로보틱스,KOSDAQ,,벤처기업부,42392227020,8361386,
094970,제이엠티,KOSDAQ,,벤처기업부,45220248000,16748240,
095190,신화프리텍,KOSDAQ,,중견기업부,121449719782,65260462,
095270,웨이브일렉트로,KOSDAQ,,벤처기업부,51596937540,14372406,
095340,ISC,KOSDAQ,,우량기업부,3179558700000,21197058,
095500,미래나노텍,KOSDAQ,,우량기업부,228233592640,31009999,
095660,네오위즈,KOSDAQ,,우량기업부,390538084950,21636459,
095700,제넥신,KOSDAQ,,기술성장기업부,99961384330,45540494,
095910,에스에너지,KOSDAQ,,중견기업부,27898087932,37296909,
096240,크레버스,KOSDAQ,,우량기업부,89126894000,10738180,
096250,와이즈넛,KOSDAQ,,기술성장기업부,81260975800,13106609,
096350,대창솔루션,KOSDAQ,,벤처기업부,56092947764,36854762,
096610,알에프세미,KOSDAQ,,투자주의환기종목(소속부없음),51550708615,17386411,
096630,에스코넥,KOSDAQ,,우량기업부,27989957449,15876323,
096690,에이루트,KOSDAQ,,중견기업부,20717636300,4022842,
096870,엘디티,KOSDAQ,,벤처기업부,19492577665,8347999,
097780,에코볼트,KOSDAQ,,중견기업부,28816186380,20293089,
097800,윈팩,KOSDAQ,,중견기업부,51660055185,27290045,
097870,효성오앤비,KOSDAQ,,중견기업부,40369950000,8490000,
098070,한텍,KOSDAQ,,중견기업부,256342300050,11121141,
098120,마이크로컨텍솔,KOSDAQ,,우량기업부,182880852000,8312766,
098460,고영,KOSDAQ,,우량기업부,1722156378250,68204213,
098660,에스티오,KOSDAQ,,중견기업부,20001561600,12500976,
099190,아이센스,KOSDAQ,,중견기업부,423882734660,28757309,
099220,SDN,KOSDAQ,,중견기업부,44879321550,62944350,
099320,쎄트렉아이,KOSDAQ,,우량기업부,804918933000,10951278,
099390,브레인즈컴퍼니,KOSDAQ,,벤처기업부,25979215695,8208283,
099410,동방선기,KOSDAQ,,벤처기업부,40460000000,14000000,
099430,바이오플러스,KOSDAQ,,우량기업부,231769114720,61640722,
099440,스맥,KOSDAQ,,중견기업부,174020654700,68243394,
099520,DGI,KOSDAQ,,관리종목(소속부없음),58141862016,45281824,
099750,이지케어텍,KOSDAQ,,벤처기업부,81408671080,13659173,
100030,인지소프트,KOSDAQ,,중견기업부,56709740780,3283714,
100120,뷰웍스,KOSDAQ,,우량기업부,200511035850,8971411,
100130,동국S&C,KOSDAQ,,중견기업부,87485933000,57143000,
100590,머큐리,KOSDAQ,,중견기업부,55446428075,17139545,
100660,서암기계공업,KOSDAQ,,중견기업부,37485000000,12600000,
100700,세운메디칼,KOSDAQ,,우량기업부,98331000000,43800000,
100790,미래에셋벤처투자,KOSDAQ,,우량기업부,773435615680,53120578,
101000,KS인더스트리,KOSDAQ,,중견기업부,14508952968,39641948,
101160,월덱스,KOSDAQ,,우량기업부,474691048750,16510993,
101170,우림피티에스,KOSDAQ,,벤처기업부,90990000000,13500000,
101240,씨큐브,KOSDAQ,,우량기업부,33332947620,11357052,
101330,모베이스,KOSDAQ,,중견기업부,73376081930,23147029,
101360,에코앤드림,KOSDAQ,,벤처기업부,124147075720,17786114,
101400,엔시트론,KOSDAQ,,중견기업부,18493316100,11741788,
101670,하이드로리튬,KOSDAQ,,중견기업부,52348566414,56777187,
101680,한국정밀기계,KOSDAQ,,중견기업부,17774460000,8404000,
101730,위메이드맥스,KOSDAQ,,중견기업부,437453152920,83803286,
101930,인화정공,KOSDAQ,,우량기업부,281022226650,45694671,
101970,우양에이치씨,KOSDAQ,,중견기업부,143315187210,14790009,
102120,어보브반도체,KOSDAQ,,벤처기업부,126421153830,17780753,
102370,케이옥션,KOSDAQ,,기술성장기업부,84410551000,27229210,
102710,이엔에프테크놀로지,KOSDAQ,,우량기업부,567941481000,14287836,
102940,코오롱생명과학,KOSDAQ,,중견기업부,490243082350,13090603,
103230,에스앤더블류,KOSDAQ,,중견기업부,17928000000,7200000,
103840,우양,KOSDAQ,,중견기업부,31505373900,16366428,
104040,디에스엠,KOSDAQ,,벤처기업부,67570183800,26813565,
104200,NHN벅스,KOSDAQ,,중견기업부,42999895000,14827550,
104460,디와이피엔에프,KOSDAQ,,우량기업부,90981573650,10518101,
104480,티케이케미칼,KOSDAQ,,중견기업부,135888673830,90895434,
104540,코렌텍,KOSDAQ,,기술성장기업부,53294454750,13407410,
104620,노랑풍선,KOSDAQ,,중견기업부,52617027760,16810552,
104830,원익머트리얼즈,KOSDAQ,,우량기업부,448844800000,12608000,
105330,케이엔더블유,KOSDAQ,,중견기업부,97719072000,16019520,
105550,엣지파운드리,KOSDAQ,,중견기업부,28738687717,78307051,
105740,디케이락,KOSDAQ,,우량기업부,64875112940,10168513,
105760,포스뱅크,KOSDAQ,,우량기업부,35719058935,10190887,
106080,케이이엠텍,KOSDAQ,,관리종목(소속부없음),9506998050,5761817,
106190,하이텍팜,KOSDAQ,,우량기업부,121324503930,10633173,
106240,파인테크닉스,KOSDAQ,,벤처기업부,30324221800,23877340,
107600,새빗켐,KOSDAQ,,벤처기업부,69495664200,5650054,
107640,한중엔시에스,KOSDAQ,,기술성장기업부,266509412400,9064946,
108230,톱텍,KOSDAQ,,우량기업부,106845318450,38023245,
108380,대양전기공업,KOSDAQ,,우량기업부,156521567880,9567333,
108490,로보티즈,KOSDAQ,,기술성장기업부,2866230974000,14661028,
108860,셀바스AI,KOSDAQ,,벤처기업부,176291874500,26914790,
109080,옵티시스,KOSDAQ,,벤처기업부,44524400000,5636000,
109610,에스와이,KOSDAQ,,중견기업부,98548411000,48907400,
109670,씨싸이트,KOSDAQ,,중견기업부,21040950210,5836602,
109740,디에스케이,KOSDAQ,,벤처기업부,123924079800,25710390,
109820,진매트릭스,KOSDAQ,,기술성장기업부,27103147560,20393640,
109860,동일금속,KOSDAQ,,우량기업부,65975000000,9100000,
109960,앱토크롬,KOSDAQ,,투자주의환기종목(소속부없음),25739928333,15132233,
110020,전진바이오팜,KOSDAQ,,기술성장기업부,15698834546,9058762,
110790,크리스에프앤씨,KOSDAQ,,우량기업부,67129700400,23430960,
110990,디아이티,KOSDAQ,,우량기업부,323568000000,18900000,
111710,남화산업,KOSDAQ,,중견기업부,78954980000,20588000,
112040,위메이드,KOSDAQ,,중견기업부,576445241340,33948483,
112290,와이씨켐,KOSDAQ,,기술성장기업부,192302565900,20221090,
113810,디젠스,KOSDAQ,,중견기업부,15172043715,32628051,
114190,강원에너지,KOSDAQ,,중견기업부,221784592620,26123038,
114450,그린생명과학,KOSDAQ,,벤처기업부,36520000000,20000000,
114630,폴라리스우노,KOSDAQ,,우량기업부,29627391312,17235248,
114810,한솔아이원스,KOSDAQ,,우량기업부,336310929300,28143174,
114840,아이패밀리에스씨,KOSDAQ,,우량기업부,134451963100,16681385,
115160,휴맥스,KOSDAQ,,중견기업부,24363602300,4312142,
115180,큐리언트,KOSDAQ,,벤처기업부,641063007090,37511001,
115310,인포바인,KOSDAQ,,벤처기업부,104247629950,15964415,
115440,우리넷,KOSDAQ,,우량기업부,75128272320,10794292,
115450,HLB테라퓨틱스,KOSDAQ,,중견기업부,134641765680,88580109,
115480,씨유메디칼,KOSDAQ,,중견기업부,21073095318,12124911,
115500,케이씨에스,KOSDAQ,,중견기업부,96000000000,12000000,
115530,씨엔플러스,KOSDAQ,,중견기업부,14270729610,7884381,
115570,스타플렉스,KOSDAQ,,중견기업부,19921347460,7984508,
115610,이미지스,KOSDAQ,,벤처기업부,14903467709,11818769,
117670,알파칩스,KOSDAQ,,벤처기업부,55159223760,6661742,
117730,티로보틱스,KOSDAQ,,벤처기업부,247687312140,22558043,
118990,모트렉스,KOSDAQ,,우량기업부,124895218390,24537371,
119500,포메탈,KOSDAQ,,중견기업부,29321899200,11847232,
119610,인터로조,KOSDAQ,,우량기업부,170293105240,11413747,
119830,아이텍,KOSDAQ,,중견기업부,148350416240,26538536,
119850,지엔씨에너지,KOSDAQ,,우량기업부,493467270000,16448909,
120240,대정화금,KOSDAQ,,우량기업부,98652164520,7190391,
121440,골프존홀딩스,KOSDAQ,,우량기업부,285293207880,42836818,
121600,나노신소재,KOSDAQ,,우량기업부,524821774800,12262191,
121800,비덴트,KOSDAQ,,관리종목(소속부없음),256309348520,77201611,
121850,코이즈,KOSDAQ,,관리종목(소속부없음),6857290644,5056999,
121890,에스디시스템,KOSDAQ,,중견기업부,25200581616,13291446,
122310,제노레이,KOSDAQ,,우량기업부,46863377680,14553844,
122350,삼기,KOSDAQ,,중견기업부,71311336080,38339428,
122450,KX,KOSDAQ,,중견기업부,118772560100,44819834,
122640,예스티,KOSDAQ,,벤처기업부,687985925900,21600814,
122690,서진오토모티브,KOSDAQ,,중견기업부,38011386402,23079166,
122990,와이솔,KOSDAQ,,중견기업부,158502531950,26639081,
123010,알엔티엑스,KOSDAQ,,기술성장기업부,54075680190,34797735,
123040,엠에스오토텍,KOSDAQ,,중견기업부,92940395716,62628299,
123330,제닉,KOSDAQ,,우량기업부,190451452000,7968680,
123410,코리아에프티,KOSDAQ,,우량기업부,142546247680,27841064,
123420,위메이드플레이,KOSDAQ,,우량기업부,62926298050,10401041,
123570,이엠넷,KOSDAQ,,중견기업부,37869332600,22276078,
123750,알톤,KOSDAQ,,중견기업부,30125984620,13819259,
123840,뉴온,KOSDAQ,,투자주의환기종목(소속부없음),12348934200,6365430,
123860,아나패스,KOSDAQ,,우량기업부,158816736500,12123415,
124500,아이티센글로벌,KOSDAQ,,우량기업부,464090540000,23204527,
124560,태웅로직스,KOSDAQ,,우량기업부,70626759264,38720811,
125020,티씨머티리얼즈,KOSDAQ,,중견기업부,173791208000,35038550,
125210,아모그린텍,KOSDAQ,,우량기업부,93371831400,16496790,
125490,한라캐스트,KOSDAQ,,벤처기업부,272307545920,36502352,
126340,비나텍,KOSDAQ,,벤처기업부,451648040600,7180414,
126600,BGF에코머티리얼즈,KOSDAQ,,우량기업부,180454834625,62766899,
126640,화신정공,KOSDAQ,,우량기업부,137594446750,35055910,
126700,하이비젼시스템,KOSDAQ,,우량기업부,135823798080,14942112,
126730,코칩,KOSDAQ,,벤처기업부,117870493440,8770126,
126880,제이엔케이글로벌,KOSDAQ,,우량기업부,63581434220,23204903,
127120,제이에스링크,KOSDAQ,,벤처기업부,1283694064900,34741382,
127710,아시아경제,KOSDAQ,,중견기업부,49555361250,44049210,
127980,화인써키트,KOSDAQ,,중견기업부,36054882780,11840684,
128540,에코캡,KOSDAQ,,우량기업부,33416455920,26690460,
128660,피제이메탈,KOSDAQ,,우량기업부,66224995230,24803369,
129890,앱코,KOSDAQ,,벤처기업부,41355406616,45545602,
129920,대성하이텍,KOSDAQ,,벤처기업부,64182349200,16248696,
130500,GH신소재,KOSDAQ,,중견기업부,24537502724,14545052,
130580,나이스디앤비,KOSDAQ,,우량기업부,83930000000,15400000,
130740,티피씨글로벌,KOSDAQ,,중견기업부,21549733569,11276679,
131030,옵투스제약,KOSDAQ,,우량기업부,96879779100,17646590,
131090,시큐브,KOSDAQ,,벤처기업부,28526873225,7658221,
131100,티엔엔터테인먼트,KOSDAQ,,중견기업부,24507510240,32246724,
131180,딜리,KOSDAQ,,벤처기업부,21542900000,5870000,
131220,대한과학,KOSDAQ,,벤처기업부,28028882400,7454490,
131290,티에스이,KOSDAQ,,우량기업부,3064015833000,11061429,
131370,알서포트,KOSDAQ,,벤처기업부,75692524943,53267083,
131400,이브이첨단소재,KOSDAQ,,벤처기업부,40999214816,59591882,
131760,파인텍,KOSDAQ,,벤처기업부,13255318216,8686316,
133750,메가엠디,KOSDAQ,,중견기업부,31482518565,23407077,
134060,이퓨쳐,KOSDAQ,,벤처기업부,22701630000,4769250,
134580,탑코미디어,KOSDAQ,,중견기업부,54519328794,49294149,
136150,원일티엔아이,KOSDAQ,,벤처기업부,62019622000,8381030,
136410,아셈스,KOSDAQ,,벤처기업부,53663046220,11019106,
136480,하림,KOSDAQ,,우량기업부,291014583480,106209702,
136540,윈스테크넷,KOSDAQ,,우량기업부,125253409200,12279746,
137080,나래나노텍,KOSDAQ,,중견기업부,51407755200,10709949,
137940,넥스트아이,KOSDAQ,,중견기업부,17415273960,8536899,
137950,제이씨케미칼,KOSDAQ,,우량기업부,63129252690,22267814,
138070,신진에스엠,KOSDAQ,,중견기업부,24679517640,17503204,
138080,오이솔루션,KOSDAQ,,벤처기업부,241985168900,12377758,
138360,앤로보틱스,KOSDAQ,,벤처기업부,141664768480,76991722,
138610,나이벡,KOSDAQ,,기술성장기업부,165174032290,11367793,
139670,키네마스터,KOSDAQ,,중견기업부,20062829010,14118810,
140070,서플러스글로벌,KOSDAQ,,벤처기업부,59180800000,36988000,
140410,메지온,KOSDAQ,,투자주의환기종목(소속부없음),1565196600500,30392167,
140430,카티스,KOSDAQ,,중견기업부,16803905004,10689507,
140520,대창스틸,KOSDAQ,,중견기업부,40951931420,21109243,
140670,알에스오토메이션,KOSDAQ,,중견기업부,109652233600,12839840,
141000,비아트론,KOSDAQ,,벤처기업부,99219474900,12114710,
142210,유니트론텍,KOSDAQ,,우량기업부,109774921870,20751403,
142280,녹십자엠에스,KOSDAQ,,중견기업부,64101107925,23963031,
142760,모아라이프플러스,KOSDAQ,,기술성장기업부,15896951460,42166980,
143160,아이디스,KOSDAQ,,우량기업부,160317194400,10716390,
143240,사람인,KOSDAQ,,우량기업부,167645258220,10732731,
143540,영우디에스피,KOSDAQ,,벤처기업부,44867494370,44599895,
144510,지씨셀,KOSDAQ,,중견기업부,205562475440,15800344,
144960,뉴파워프라즈마,KOSDAQ,,우량기업부,429498493920,43692624,
145020,휴젤,KOSDAQ,,우량기업부,2793015491000,12304033,
145170,노브랜드,KOSDAQ,,중견기업부,48780748425,16908405,
146060,율촌,KOSDAQ,,중견기업부,24567953685,24015595,
146320,비씨엔씨,KOSDAQ,,벤처기업부,132842440740,12797923,
147760,피엠티,KOSDAQ,,벤처기업부,75800000000,20000000,
147830,제룡산업,KOSDAQ,,벤처기업부,127800000000,20000000,
148150,세경하이테크,KOSDAQ,,우량기업부,100763889030,35542818,
148250,알엔투테크놀로지,KOSDAQ,,벤처기업부,30147709360,13610704,
148780,비큐AI,KOSDAQ,,기술성장기업부,14370696325,31445725,
148930,에이치와이티씨,KOSDAQ,,중견기업부,34290467810,10175213,
149950,아바텍,KOSDAQ,,우량기업부,120002432340,13667703,
149980,하이로닉,KOSDAQ,,중견기업부,67420260320,17199046,
150900,파수AI,KOSDAQ,,벤처기업부,36340677810,11703922,
151860,KG에코솔루션,KOSDAQ,,우량기업부,251819880580,47603002,
153460,네이블,KOSDAQ,,중견기업부,41792089600,6530014,
153490,우리이앤엘하루틴,KOSDAQ,,우량기업부,22960080000,51480000,
153710,옵티팜,KOSDAQ,,기술성장기업부,68215304700,14669958,
153890,져스텍,KOSDAQ,,기술성장기업부,101343065050,12050305,
154030,아시아종묘,KOSDAQ,,벤처기업부,18514965845,12061867,
154040,다산솔루에타,KOSDAQ,,중견기업부,17422184884,21615614,
155650,와이엠씨,KOSDAQ,,우량기업부,53412817770,18974358,
156100,엘앤케이바이오,KOSDAQ,,벤처기업부,94433621425,22351153,
158430,아톤,KOSDAQ,,벤처기업부,88992404420,24482092,
159010,아스플로,KOSDAQ,,벤처기업부,176418596970,13334739,
159580,제로투세븐,KOSDAQ,,중견기업부,42669514680,20032636,
159910,에코글로우,KOSDAQ,,중견기업부,32971355550,10467097,
160190,하이젠알앤엠,KOSDAQ,,투자주의환기종목(소속부없음),472895280000,30888000,
160550,NEW,KOSDAQ,,중견기업부,30975777660,27906106,
160980,싸이맥스,KOSDAQ,,우량기업부,373609110600,10924243,
161580,필옵틱스,KOSDAQ,,중견기업부,651694466600,23442247,
162300,신스틸,KOSDAQ,,우량기업부,59055247968,41471382,
163280,에어레인,KOSDAQ,,기술성장기업부,46182449810,13603078,
163730,핑거,KOSDAQ,,벤처기업부,101292494310,12015717,
166090,하나머티리얼즈,KOSDAQ,,우량기업부,1046238954600,19777674,
166480,코아스템켐온,KOSDAQ,,벤처기업부,99290566128,52870376,
168330,내츄럴엔도텍,KOSDAQ,,투자주의환기종목(소속부없음),56809516100,31754900,
168360,펨트론,KOSDAQ,,벤처기업부,323572448650,22392557,
169330,엠브레인,KOSDAQ,,중견기업부,27420426246,18316918,
170030,현대공업,KOSDAQ,,우량기업부,70870800000,15340000,
170790,파이오링크,KOSDAQ,,우량기업부,48427825950,6397335,
170920,엘티씨,KOSDAQ,,벤처기업부,586308993000,10564126,
171010,램테크놀러지,KOSDAQ,,벤처기업부,36175842560,14298752,
171090,선익시스템,KOSDAQ,,우량기업부,524326289400,10102626,
171120,라이온켐텍,KOSDAQ,,우량기업부,73060081600,35901760,
172670,에이엘티,KOSDAQ,,벤처기업부,78850279200,8960259,
173130,오파스넷,KOSDAQ,,중견기업부,77756979080,13046473,
173940,에프엔씨엔터,KOSDAQ,,중견기업부,33787213560,15392808,
174900,앱클론,KOSDAQ,,벤처기업부,426975560600,19952129,
175140,휴먼테크놀로지,KOSDAQ,,투자주의환기종목(소속부없음),52881816360,24944253,
175250,아이큐어,KOSDAQ,,관리종목(소속부없음),81501658560,37558368,
176750,듀켐바이오,KOSDAQ,,기술성장기업부,167798560800,28488720,
177350,베셀,KOSDAQ,,투자주의환기종목(소속부없음),13564884168,19831702,
177830,파버나인,KOSDAQ,,벤처기업부,26729343480,11325993,
177900,쓰리에이로직스,KOSDAQ,,기술성장기업부,37692054000,9627600,
178320,서진시스템,KOSDAQ,,중견기업부,2399632784900,63650737,
178780,일월지엠엘,KOSDAQ,,벤처기업부,44268088125,18639195,
179290,엠아이텍,KOSDAQ,,우량기업부,136421332770,32365678,
179530,애드바이오텍,KOSDAQ,,기술성장기업부,53388542319,26950299,
179900,유티아이,KOSDAQ,,투자주의환기종목(소속부없음),61943989560,19790412,
180400,DXVX,KOSDAQ,,관리종목(소속부없음),216544750400,98429432,
182360,큐브엔터,KOSDAQ,,우량기업부,82258701210,15549849,
182400,엔케이젠바이오텍코리아,KOSDAQ,,관리종목(소속부없음),265496721770,72342431,
183300,코미코,KOSDAQ,,우량기업부,1505971223000,20545310,
183490,엔지켐생명과학,KOSDAQ,,관리종목(소속부없음),83793832650,84640235,
184230,SGA솔루션즈,KOSDAQ,,벤처기업부,32959523355,18887979,
185490,아이진,KOSDAQ,,벤처기업부,66098339736,43229784,
186230,그린플러스,KOSDAQ,,벤처기업부,34289390320,10920188,
187220,디티앤씨,KOSDAQ,,중견기업부,27947962525,11524933,
187270,신화콘텍,KOSDAQ,,벤처기업부,28504204450,10143845,
187420,HLB제넥스,KOSDAQ,,기술성장기업부,47726912514,32644947,
187660,페니트리움바이오,KOSDAQ,,중견기업부,241000869285,55466253,
187790,나노,KOSDAQ,,벤처기업부,85429099100,30840830,
187870,디바이스,KOSDAQ,,우량기업부,175292863800,13770060,
188040,바이오포트,KOSDAQ,,벤처기업부,23490126160,4679308,
188260,세니젠,KOSDAQ,,투자주의환기종목(소속부없음),25863772350,13263473,
189300,인텔리안테크,KOSDAQ,,우량기업부,679683560100,10737497,
189330,씨이랩,KOSDAQ,,기술성장기업부,85003493040,9382284,
189690,포시에스,KOSDAQ,,벤처기업부,44234267811,27321969,
189860,서전기전,KOSDAQ,,벤처기업부,39764998000,9698780,
189980,흥국에프엔비,KOSDAQ,,우량기업부,45716984953,40137827,
190510,나무가,KOSDAQ,,우량기업부,174376224460,14085317,
190650,코리아에셋투자증권,KOSDAQ,,우량기업부,42096920000,6388000,
191410,육일씨엔에쓰,KOSDAQ,,중견기업부,17041671855,11204255,
191420,테고사이언스,KOSDAQ,,벤처기업부,51085654200,8108834,
192250,케이사인,KOSDAQ,,벤처기업부,48127121250,7067125,
192390,윈하이텍,KOSDAQ,,벤처기업부,20188979070,11032229,
192410,오늘이엔엠,KOSDAQ,,중견기업부,75431797455,25185909,
192440,슈피겐코리아,KOSDAQ,,우량기업부,176855527350,6216363,
193250,링크드,KOSDAQ,,중견기업부,21630933594,13368933,
194480,데브시스터즈,KOSDAQ,,중견기업부,202556805000,12129150,
194700,노바렉스,KOSDAQ,,우량기업부,250273966080,18254848,
195500,마니커에프앤지,KOSDAQ,,중견기업부,26763150000,15978000,
195990,루트K,KOSDAQ,,관리종목(소속부없음),20522721240,32575748,
196300,HLB펩,KOSDAQ,,관리종목(소속부없음),35349175030,9376439,
196450,코아시아씨엠,KOSDAQ,,중견기업부,38929880000,45320000,
196490,디에이테크놀로지,KOSDAQ,,투자주의환기종목(소속부없음),69131518050,11351645,
196700,웹스,KOSDAQ,,벤처기업부,15010530480,14364144,
197140,디지캡,KOSDAQ,,벤처기업부,27848149560,13013154,
198080,캐프,KOSDAQ,,우량기업부,45008536650,21535185,
198440,강동씨앤엘,KOSDAQ,,중견기업부,91763435376,60931896,
198940,한주라이트메탈,KOSDAQ,,중견기업부,27296280960,19909760,
199430,케이엔알시스템,KOSDAQ,,기술성장기업부,105252204200,11197043,
199480,뱅크웨어글로벌,KOSDAQ,,기술성장기업부,28295531700,10196588,
199550,레이저옵텍,KOSDAQ,,벤처기업부,39638261970,14845791,
199730,바이오인프라,KOSDAQ,,벤처기업부,8026205550,4864367,
199800,툴젠,KOSDAQ,,기술성장기업부,370252433350,8997629,
199820,제일일렉트릭,KOSDAQ,,우량기업부,154873400000,22220000,
200230,텔콘RF제약,KOSDAQ,,중견기업부,15198750125,7152353,
200350,아티스트스튜디오,KOSDAQ,,기술성장기업부,17852900650,9996025,
200470,에이팩트,KOSDAQ,,중견기업부,213504948720,42362093,
200670,휴메딕스,KOSDAQ,,우량기업부,288609201000,11229930,
200710,에이디테크놀로지,KOSDAQ,,중견기업부,397802306850,13462007,
200780,비씨월드제약,KOSDAQ,,중견기업부,33436847235,10665661,
201490,미투온,KOSDAQ,,중견기업부,64138502960,32723726,
203400,에이비온,KOSDAQ,,기술성장기업부,56493517608,90101304,
203450,유니온바이오메트릭스,KOSDAQ,,벤처기업부,37590948690,14079007,
203650,드림시큐리티,KOSDAQ,,중견기업부,210528281880,101704484,
204020,그리티,KOSDAQ,,우량기업부,35517219232,19450832,
204270,제이앤티씨,KOSDAQ,,중견기업부,914005762800,57848466,
204610,티쓰리,KOSDAQ,,벤처기업부,164342811200,55521220,
204620,글로벌텍스프리,KOSDAQ,,우량기업부,335954317400,70283330,
204840,지엘팜텍,KOSDAQ,,기술성장기업부,64055478956,77549006,
205100,엑셈,KOSDAQ,,벤처기업부,113451708915,70686423,
205470,휴마시스,KOSDAQ,,중견기업부,52557752130,24675001,
205500,넥써쓰,KOSDAQ,,중견기업부,101233004321,64112099,
206400,베노티앤알,KOSDAQ,,중견기업부,30908370192,37510158,
206560,덱스터,KOSDAQ,,기술성장기업부,26047029400,25411736,
206640,바디텍메드,KOSDAQ,,우량기업부,243397002310,21907921,
206650,유바이오로직스,KOSDAQ,,우량기업부,288873133020,36752307,
207760,미스터블루,KOSDAQ,,중견기업부,36555104520,83079783,
208140,정다운,KOSDAQ,,우량기업부,72395604890,32684246,
208350,지란지교시큐리티,KOSDAQ,,벤처기업부,24912327750,8101570,
208370,셀바스헬스케어,KOSDAQ,,벤처기업부,62678273340,25740564,
208640,썸에이지,KOSDAQ,,중견기업부,9092388325,13924025,
208710,포톤,KOSDAQ,,중견기업부,24066921032,13180132,
208860,다산디엠씨,KOSDAQ,,벤처기업부,34085772892,33949973,
209640,와이제이링크,KOSDAQ,,중견기업부,89311478440,28443146,
210120,캔버스엔,KOSDAQ,,중견기업부,22540854540,24237478,
211050,인카금융서비스,KOSDAQ,,우량기업부,501996664830,49263657,
211270,AP위성,KOSDAQ,,우량기업부,118999378560,15082304,
212560,네오오토,KOSDAQ,,우량기업부,142820425320,13486348,
212710,아이에스티이,KOSDAQ,,기술성장기업부,94721035500,9714978,
213420,덕산네오룩스,KOSDAQ,,우량기업부,713896396250,24831179,
214180,헥토이노베이션,KOSDAQ,,우량기업부,172681847430,12993367,
214260,라파스,KOSDAQ,,기술성장기업부,78071551250,8922463,
214270,FSN,KOSDAQ,,중견기업부,61998781450,45254585,
214370,케어젠,KOSDAQ,,벤처기업부,3367930500000,53715000,
214430,아이쓰리시스템,KOSDAQ,,우량기업부,415780533500,7307215,
214610,롤링스톤,KOSDAQ,,관리종목(소속부없음),19197807380,8383322,
214680,디알텍,KOSDAQ,,벤처기업부,74211102784,83477056,
215000,골프존,KOSDAQ,,우량기업부,246937580250,6275415,
215090,솔디펜스,KOSDAQ,,벤처기업부,27694170556,23155661,
215100,로보로보,KOSDAQ,,벤처기업부,72949207590,20348454,
215200,메가스터디교육,KOSDAQ,,우량기업부,398024294400,10365216,
215360,우리산업,KOSDAQ,,우량기업부,56984697120,9132163,
215380,우정바이오,KOSDAQ,,벤처기업부,40811721800,16829576,
215480,토박스코리아,KOSDAQ,,중견기업부,17640450000,8950000,
215600,신라젠,KOSDAQ,,중견기업부,281263734920,138553564,
215790,이노인스트루먼트,KOSDAQ,,중견기업부,32508501243,40283149,
216050,인크로스,KOSDAQ,,중견기업부,59102323590,12198622,
216080,제테마,KOSDAQ,,벤처기업부,168351251985,37287099,
217190,제너셈,KOSDAQ,,벤처기업부,67741869150,13153761,
217270,넵튠,KOSDAQ,,중견기업부,98845884945,46735643,
217330,싸이토젠,KOSDAQ,,기술성장기업부,69272993265,23129547,
217480,에스디생명공학,KOSDAQ,,투자주의환기종목(소속부없음),54756837359,109733141,
217500,러셀,KOSDAQ,,벤처기업부,42787140000,31812000,
217730,강스템바이오텍,KOSDAQ,,기술성장기업부,217735354935,94054149,
217820,원익피앤이,KOSDAQ,,중견기업부,82428568983,47454559,
218150,미래생명자원,KOSDAQ,,벤처기업부,48589608760,20415802,
218410,RFHIC,KOSDAQ,,우량기업부,1188266529500,26553442,
219130,타이거일렉,KOSDAQ,,벤처기업부,474834608000,6314290,
219420,링크제니시스,KOSDAQ,,기술성장기업부,38422848450,11469507,
219550,디와이디,KOSDAQ,,관리종목(소속부없음),37358365296,38673256,
219750,한국비티비,KOSDAQ,,중견기업부,25451058265,13085377,
220100,퓨쳐켐,KOSDAQ,,기술성장기업부,196239925000,22427420,
220180,핸디소프트,KOSDAQ,,벤처기업부,33503178800,23930842,
220260,켐트로스,KOSDAQ,,벤처기업부,104394539025,32072055,
221800,지구홀딩스,KOSDAQ,,투자주의환기종목(소속부없음),81594255000,16318851,
221840,하이즈항공,KOSDAQ,,중견기업부,35381461412,18700561,
221980,케이디켐,KOSDAQ,,우량기업부,38249904000,4034800,
222040,코스맥스엔비티,KOSDAQ,,중견기업부,163786320000,20628000,
222110,팬젠,KOSDAQ,,기술성장기업부,60409855230,13514509,
222420,쎄노텍,KOSDAQ,,벤처기업부,39122166584,48418523,
222980,한국맥널티,KOSDAQ,,벤처기업부,23055799470,11031483,
223250,드림씨아이에스,KOSDAQ,,벤처기업부,73555327560,24600444,
223310,사토시홀딩스,KOSDAQ,,중견기업부,20141964540,5204642,
224060,더코디,KOSDAQ,,투자주의환기종목(소속부없음),27093790500,5160722,
224110,에이텍모빌리티,KOSDAQ,,벤처기업부,39271383780,5080386,
225190,LK삼양,KOSDAQ,,중견기업부,45452143800,70468440,
225220,제놀루션,KOSDAQ,,벤처기업부,26060048518,19190021,
225430,케이엠제약,KOSDAQ,,관리종목(소속부없음),7005226960,5577410,
225530,HC보광산업,KOSDAQ,,우량기업부,73767615810,36338727,
225570,넥슨게임즈,KOSDAQ,,중견기업부,560470080740,65860174,
225590,패션플랫폼,KOSDAQ,,우량기업부,17079788960,5121376,
226330,신테카바이오,KOSDAQ,,기술성장기업부,37358051500,24258475,
226340,본느,KOSDAQ,,중견기업부,13668098436,8390484,
226400,오스테오닉,KOSDAQ,,기술성장기업부,87501880235,20661601,
226590,엠디바이스,KOSDAQ,,기술성장기업부,122921512480,10716784,
227610,아우딘퓨쳐스,KOSDAQ,,벤처기업부,22571375215,19374571,
227950,엔투텍,KOSDAQ,,벤처기업부,39891489604,34508209,
228340,동양파일,KOSDAQ,,중견기업부,66200000000,20000000,
228670,레이,KOSDAQ,,벤처기업부,72569697440,15640021,
228760,지노믹트리,KOSDAQ,,기술성장기업부,299056200060,24859202,
228850,레이언스,KOSDAQ,,우량기업부,99214263720,16591014,
229000,젠큐릭스,KOSDAQ,,기술성장기업부,35985661440,23428165,
230240,에치에프알,KOSDAQ,,중견기업부,211480010000,13309000,
232140,와이씨,KOSDAQ,,우량기업부,816351232500,82045350,
232680,라온로보틱스,KOSDAQ,,기술성장기업부,108844075000,13257500,
232830,아이티센피엔에스,KOSDAQ,,벤처기업부,23924301522,16533726,
234030,싸이닉솔루션,KOSDAQ,,중견기업부,71641175000,23605000,
234100,폴라리스세원,KOSDAQ,,우량기업부,35627991840,14601636,
234300,에스트래픽,KOSDAQ,,우량기업부,74821395000,27207780,
234340,헥토파이낸셜,KOSDAQ,,우량기업부,237221738880,13970656,
234690,녹십자웰빙,KOSDAQ,,우량기업부,143526687100,17963290,
234920,자이글,KOSDAQ,,관리종목(소속부없음),71849132100,13530910,
235980,메드팩토,KOSDAQ,,기술성장기업부,93228329120,34275121,
236200,슈프리마,KOSDAQ,,우량기업부,327443901450,6974311,
236810,엔비티,KOSDAQ,,기술성장기업부,17382836224,16975426,
237750,피앤씨테크,KOSDAQ,,벤처기업부,29754428000,6496600,
237820,플레이디,KOSDAQ,,중견기업부,36300806200,12827140,
237880,클리오,KOSDAQ,,우량기업부,191556341800,18071353,
238090,앤디포스,KOSDAQ,,벤처기업부,71042725200,30490440,
238120,얼라인드,KOSDAQ,,기술성장기업부,44574288990,14218274,
238200,비피도,KOSDAQ,,벤처기업부,19918300000,8180000,
238490,힘스,KOSDAQ,,벤처기업부,25622214540,11312236,
239340,이스트에이드,KOSDAQ,,중견기업부,18885743800,26979634,
239610,에이치엘사이언스,KOSDAQ,,벤처기업부,29602711350,5392115,
239890,피엔에이치테크,KOSDAQ,,기술성장기업부,33036385375,9935755,
240550,동방메디컬,KOSDAQ,,중견기업부,126650337000,20933940,
240600,유진테크놀로지,KOSDAQ,,벤처기업부,15345854465,6928151,
241520,DSC인베스트먼트,KOSDAQ,,중견기업부,202692000000,26600000,
241690,유니테크노,KOSDAQ,,우량기업부,61788532650,24470706,
241770,메카로,KOSDAQ,,우량기업부,349607552000,10192640,
241790,티이엠씨씨엔에스,KOSDAQ,,우량기업부,47262445650,10002634,
241820,피씨엘,KOSDAQ,,관리종목(소속부없음),16803871920,2782098,
241840,에이스토리,KOSDAQ,,중견기업부,22895985600,9539994,
242040,나무기술,KOSDAQ,,기술성장기업부,139809306560,34606264,
243070,휴온스,KOSDAQ,,우량기업부,318060105750,11979665,
243840,신흥에스이씨,KOSDAQ,,우량기업부,166185992850,38558235,
244460,올리패스,KOSDAQ,,관리종목(소속부없음),13415218661,8125511,
245620,EDGC,KOSDAQ,,관리종목(소속부없음),167118555474,225531114,
246250,에스엘에스바이오,KOSDAQ,,관리종목(소속부없음),30220617614,15348206,
246690,TS인베스트먼트,KOSDAQ,,중견기업부,35096584824,23778174,
246710,티앤알바이오팹,KOSDAQ,,기술성장기업부,94614040440,47664504,
246720,아스타,KOSDAQ,,관리종목(소속부없음),99434491000,16381300,
246960,SCL사이언스,KOSDAQ,,기술성장기업부,58169150370,34017047,
247660,나노씨엠에스,KOSDAQ,,기술성장기업부,13248956000,4343920,
250000,보라티알,KOSDAQ,,우량기업부,36453958200,6750733,
250060,모비스,KOSDAQ,,기술성장기업부,80749998140,32171314,
250930,예선테크,KOSDAQ,,벤처기업부,12210162800,33000440,
251120,바이오에프디엔씨,KOSDAQ,,기술성장기업부,69739514000,8695700,
251370,와이엠티,KOSDAQ,,벤처기업부,166622220250,18013213,
251630,브이원텍,KOSDAQ,,벤처기업부,53328953670,15942886,
252500,세화피앤씨,KOSDAQ,,중견기업부,18668875500,41486390,
252990,샘씨엔에스,KOSDAQ,,우량기업부,781628199220,60217889,
253590,네오셈,KOSDAQ,,우량기업부,429040423920,43869164,
253840,수젠텍,KOSDAQ,,중견기업부,63540444000,16743200,
254120,자비스,KOSDAQ,,기술성장기업부,25864341070,30754270,
254490,미래반도체,KOSDAQ,,우량기업부,213826780000,14438000,
255220,SG,KOSDAQ,,중견기업부,150211287042,109563302,
255440,야스,KOSDAQ,,벤처기업부,91144840000,13058000,
256150,한독크린텍,KOSDAQ,,벤처기업부,38155275000,8395000,
256630,포인트엔지니어링,KOSDAQ,,벤처기업부,53473298540,11599414,
256840,한국비엔씨,KOSDAQ,,우량기업부,158676135520,68394886,
256940,킵스파마,KOSDAQ,,벤처기업부,108221212330,20078147,
257370,피엔티엠에스,KOSDAQ,,벤처기업부,26510305320,12504861,
257720,실리콘투,KOSDAQ,,우량기업부,2393533198000,65576252,
258610,케일럼,KOSDAQ,,중견기업부,36813428567,36485063,
258790,소프트캠프,KOSDAQ,,벤처기업부,19718119920,4998256,
258830,세종메디칼,KOSDAQ,,관리종목(소속부없음),31223976612,75786351,
259630,엠플러스,KOSDAQ,,우량기업부,113423834880,12222396,
260660,알리코제약,KOSDAQ,,중견기업부,34639067460,15327021,
260930,씨티케이,KOSDAQ,,중견기업부,52415711610,19341591,
260970,에스앤디,KOSDAQ,,우량기업부,137839728100,2892754,
261200,덴티스,KOSDAQ,,중견기업부,40314735000,15809700,
261520,이지스,KOSDAQ,,기술성장기업부,40134809000,10277800,
261780,아리바이오랩,KOSDAQ,,기술성장기업부,73472479080,26912996,
262260,에이프로,KOSDAQ,,우량기업부,41689729900,15077660,
262840,아이퀘스트,KOSDAQ,,벤처기업부,29376126560,10566952,
263020,디케이앤디,KOSDAQ,,벤처기업부,42546148950,13836146,
263050,유틸렉스,KOSDAQ,,관리종목(소속부없음),35324626904,36834856,
263600,덕우전자,KOSDAQ,,중견기업부,49702567200,15930310,
263690,디알젬,KOSDAQ,,우량기업부,57081074400,11325610,
263700,케어랩스,KOSDAQ,,중견기업부,38692500600,19414200,
263720,디앤씨미디어,KOSDAQ,,우량기업부,82419604240,12412591,
263750,펄어비스,KOSDAQ,,우량기업부,2146119526500,62843910,
263770,유에스티,KOSDAQ,,우량기업부,37446271760,23700172,
263800,데이타솔루션,KOSDAQ,,중견기업부,92160158400,16225380,
263810,상신전자,KOSDAQ,,중견기업부,38219580000,15924825,
263860,지니언스,KOSDAQ,,벤처기업부,107139280000,9079600,
263920,휴엠앤씨,KOSDAQ,,중견기업부,39677510170,9809026,
264450,유비쿼스,KOSDAQ,,우량기업부,136975704620,14665493,
264660,씨앤지하이테크,KOSDAQ,,우량기업부,120153685920,9721172,
264850,이랜시스,KOSDAQ,,중견기업부,112241537460,30294612,
265520,AP시스템,KOSDAQ,,우량기업부,293641517710,15050821,
265560,영화테크,KOSDAQ,,우량기업부,73976045600,10690180,
265740,엔에프씨,KOSDAQ,,벤처기업부,89675272000,17863600,
267320,나인테크,KOSDAQ,,벤처기업부,112648808790,57415295,
267790,배럴,KOSDAQ,,중견기업부,25912971330,7689309,
267980,매일유업,KOSDAQ,,우량기업부,255582327300,7663638,
269620,시스웍,KOSDAQ,,관리종목(소속부없음),132090012299,148582691,
270520,앱튼,KOSDAQ,,투자주의환기종목(소속부없음),53668835220,19658914,
270660,에브리봇,KOSDAQ,,벤처기업부,128682511620,12690583,
270870,뉴트리,KOSDAQ,,중견기업부,42643038240,9200224,
271830,팸텍,KOSDAQ,,벤처기업부,28517025334,29490202,
272110,케이엔제이,KOSDAQ,,우량기업부,229125027250,8025395,
273060,와이즈버즈,KOSDAQ,,중견기업부,41578695568,50459582,
273640,와이엠텍,KOSDAQ,,벤처기업부,54336530000,10966000,
274090,켄코아에어로스페이스,KOSDAQ,,기술성장기업부,135951423090,13774207,
274400,이노시뮬레이션,KOSDAQ,,기술성장기업부,16973568924,9086493,
275630,에스에스알,KOSDAQ,,벤처기업부,20883886800,5253808,
276040,스코넥,KOSDAQ,,관리종목(소속부없음),7073119545,21630335,
276730,한울앤제주,KOSDAQ,,투자주의환기종목(소속부없음),41353232900,2284709,
277070,린드먼아시아,KOSDAQ,,중견기업부,42171360000,13692000,
277410,인산가,KOSDAQ,,벤처기업부,19973980000,3841150,
277810,레인보우로보틱스,KOSDAQ,,기술성장기업부,7769643129000,19399858,
277880,티에스아이,KOSDAQ,,우량기업부,59430419940,19843212,
278280,천보,KOSDAQ,,중견기업부,425792618750,12253025,
278650,HLB바이오스텝,KOSDAQ,,중견기업부,32284797392,17432396,
279600,미디어젠,KOSDAQ,,벤처기업부,16303037880,4684781,
281740,레이크머티리얼즈,KOSDAQ,,우량기업부,786137354080,65730548,
282720,금양그린파워,KOSDAQ,,중견기업부,79625115000,12119500,
282880,코윈테크,KOSDAQ,,우량기업부,110041311620,11694082,
284620,카이노스메드,KOSDAQ,,투자주의환기종목(소속부없음),35965517911,33086953,
285490,노바텍,KOSDAQ,,벤처기업부,118872340440,10575831,
285800,진영,KOSDAQ,,벤처기업부,14715861340,17477270,
286750,나노실리칸첨단소재,KOSDAQ,,투자주의환기종목(소속부없음),55794268894,32028857,
287840,인투셀,KOSDAQ,,기술성장기업부,326727630000,15021960,
288180,케이피항공산업,KOSDAQ,,중견기업부,58776432900,7393262,
288330,파라택시스코리아,KOSDAQ,,관리종목(소속부없음),44129674368,106080948,
288620,에스프리즘,KOSDAQ,,벤처기업부,27638091360,6979316,
288980,모아데이타,KOSDAQ,,기술성장기업부,31069697666,36381379,
289010,아이스크림에듀,KOSDAQ,,중견기업부,12983033336,13945256,
289080,SV인베스트먼트,KOSDAQ,,중견기업부,105302045983,60138233,
289220,자이언트스텝,KOSDAQ,,기술성장기업부,28515018438,22312221,
289930,웨이비스,KOSDAQ,,기술성장기업부,96513733400,13149010,
290090,트윔,KOSDAQ,,벤처기업부,31622414000,7440568,
290120,DH오토리드,KOSDAQ,,중견기업부,38455180110,15825177,
290270,휴네시온,KOSDAQ,,벤처기업부,25076023920,9607672,
290520,신도기연,KOSDAQ,,벤처기업부,23604246000,15736164,
290550,디케이티,KOSDAQ,,우량기업부,416025584000,20001230,
290560,파라택시스이더리움,KOSDAQ,,벤처기업부,24151748400,22362730,
290650,엘앤씨바이오,KOSDAQ,,우량기업부,1858212605600,26969704,
290660,다이나믹솔루션,KOSDAQ,,기술성장기업부,54532631424,42837888,
290670,대보마그네틱,KOSDAQ,,중견기업부,39838336200,7857660,
290690,소룩스,KOSDAQ,,중견기업부,263524046100,52599610,
290720,푸드나무,KOSDAQ,,중견기업부,110279825610,35459751,
290740,액트로,KOSDAQ,,벤처기업부,76896684040,10065011,
291230,엔피,KOSDAQ,,중견기업부,27780338250,44095775,
291650,압타머사이언스,KOSDAQ,,기술성장기업부,58841829288,61039242,
291810,핀텔,KOSDAQ,,기술성장기업부,11289131016,11368712,
293580,나우IB,KOSDAQ,,중견기업부,116858768450,94929950,
293780,압타바이오,KOSDAQ,,기술성장기업부,114902026450,28093405,
294090,이오플로우,KOSDAQ,,관리종목(소속부없음),62295566450,41809105,
294140,레몬,KOSDAQ,,관리종목(소속부없음),46398673260,22414818,
294570,쿠콘,KOSDAQ,,우량기업부,172164947920,10091732,
294630,서남,KOSDAQ,,기술성장기업부,65783965905,26366319,
295310,에이치브이엠,KOSDAQ,,기술성장기업부,524026273500,12046581,
296640,이노에이엑스,KOSDAQ,,벤처기업부,25839477480,5178252,
297090,씨에스베어링,KOSDAQ,,투자주의환기종목(소속부없음),103216950000,27270000,
297570,아틀라스링크,KOSDAQ,,벤처기업부,37287051786,34621218,
297890,HB솔루션,KOSDAQ,,우량기업부,119731676218,73140914,
298060,풍전약품,KOSDAQ,,관리종목(소속부없음),23250870050,8840635,
298540,더네이쳐홀딩스,KOSDAQ,,우량기업부,91264231800,14486386,
298830,슈어소프트테크,KOSDAQ,,우량기업부,201538541230,53458499,
299030,하나기술,KOSDAQ,,벤처기업부,99776476800,7994910,
299170,더블유에스아이,KOSDAQ,,중견기업부,51307951968,41511288,
299660,셀리드,KOSDAQ,,기술성장기업부,33072837217,29502977,
299900,위지윅스튜디오,KOSDAQ,,중견기업부,39854389972,171048884,
300080,플리토,KOSDAQ,,기술성장기업부,110256412680,16505451,
300120,라온피플,KOSDAQ,,벤처기업부,23662919648,49504016,
301300,바이브컴퍼니,KOSDAQ,,기술성장기업부,16364461728,13154712,
302430,이노메트리,KOSDAQ,,벤처기업부,56737610160,9833208,
302550,리메드,KOSDAQ,,기술성장기업부,81903947500,30907150,
303030,지니틱스,KOSDAQ,,벤처기업부,12692261736,9157476,
303360,프로티아,KOSDAQ,,기술성장기업부,51325664275,12879715,
303530,이노뎁,KOSDAQ,,벤처기업부,18605122965,7339299,
303810,동국생명과학,KOSDAQ,,중견기업부,74203204800,31984140,
304100,솔트룩스,KOSDAQ,,기술성장기업부,137524896600,12593855,
304360,에스바이오메딕스,KOSDAQ,,벤처기업부,220579129680,12385128,
304840,피플바이오,KOSDAQ,,벤처기업부,18483701600,24320660,
305090,마이크로디지탈,KOSDAQ,,기술성장기업부,39103787100,18620851,
306040,에스제이그룹,KOSDAQ,,중견기업부,16890297536,9865828,
306620,지아이에스,KOSDAQ,,벤처기업부,82700267400,47942184,
307180,아이엘,KOSDAQ,,벤처기업부,152092585120,36915676,
307280,원바이오젠,KOSDAQ,,벤처기업부,37601523100,7094627,
307750,국전,KOSDAQ,,중견기업부,112831341920,53986288,
307870,비투엔,KOSDAQ,,벤처기업부,65606268655,74299285,
307930,컴퍼니케이,KOSDAQ,,중견기업부,88977000000,15610000,
308080,바이젠셀,KOSDAQ,,기술성장기업부,106391159400,20499260,
308100,형지글로벌,KOSDAQ,,중견기업부,11050583680,24023008,
308430,셀비온,KOSDAQ,,기술성장기업부,164800055270,12905251,
309710,아이티켐,KOSDAQ,,관리종목(소속부없음),268443021000,12783001,
309930,조이웍스앤코,KOSDAQ,,중견기업부,15558758312,19255889,
309960,LB인베스트먼트,KOSDAQ,,중견기업부,93565473170,23217239,
310200,애니플러스,KOSDAQ,,중견기업부,136145001960,52162836,
310210,보로노이,KOSDAQ,,기술성장기업부,2669195510100,18420949,
310870,디와이씨,KOSDAQ,,벤처기업부,27732091530,21922602,
311320,지오엘리먼트,KOSDAQ,,기술성장기업부,113152603200,12614560,
311390,네오크레마,KOSDAQ,,벤처기업부,30369093600,12653789,
311690,CJ 바이오사이언스,KOSDAQ,,기술성장기업부,51739229520,13065462,
312610,에이에프더블류,KOSDAQ,,투자주의환기종목(소속부없음),8062241424,20256888,
313760,캐리,KOSDAQ,,관리종목(소속부없음),5244963048,11207186,
314130,지놈앤컴퍼니,KOSDAQ,,기술성장기업부,162189569270,45178153,
314140,알피바이오,KOSDAQ,,우량기업부,47231667450,8666361,
314930,바이오다인,KOSDAQ,,기술성장기업부,238112824000,29764103,
315640,딥노이드,KOSDAQ,,기술성장기업부,38183901600,29372232,
317120,라닉스,KOSDAQ,,기술성장기업부,19090260000,15260000,
317240,TS트릴리온,KOSDAQ,,벤처기업부,19577573081,29176711,
317330,덕산테코피아,KOSDAQ,,중견기업부,201899118240,20476584,
317530,에피소드컴퍼니,KOSDAQ,,기술성장기업부,53184441280,17494882,
317690,퀀타매트릭스,KOSDAQ,,기술성장기업부,45303815250,20135029,
317770,엑스페릭스,KOSDAQ,,벤처기업부,82449324000,36644144,
317830,에스피시스템스,KOSDAQ,,벤처기업부,46435155580,10773818,
317850,대모,KOSDAQ,,벤처기업부,46616752000,8324420,
317870,엔바이오니아,KOSDAQ,,기술성장기업부,31875031475,8841895,
318000,KBG,KOSDAQ,,벤처기업부,25477750045,8740223,
318010,팜스빌,KOSDAQ,,벤처기업부,28981730390,7929338,
318020,포인트모바일,KOSDAQ,,벤처기업부,23027981184,12301272,
318060,그래피,KOSDAQ,,기술성장기업부,204469139100,11173177,
318160,셀바이오휴먼텍,KOSDAQ,,벤처기업부,58359456250,9337513,
318410,비비씨,KOSDAQ,,중견기업부,31109360800,5555243,
319400,현대무벡스,KOSDAQ,,우량기업부,2294346403400,111376039,
319660,피에스케이,KOSDAQ,,우량기업부,5894726299000,28966714,
320000,한울반도체,KOSDAQ,,중견기업부,73074099000,6734940,
321260,프로이천,KOSDAQ,,벤처기업부,47080780280,28192084,
321370,센서뷰,KOSDAQ,,기술성장기업부,77652353718,51664906,
321550,티움바이오,KOSDAQ,,기술성장기업부,115798321125,30038475,
321820,아티스트컴퍼니,KOSDAQ,,기술성장기업부,32585975840,15591376,
322180,LS티라유텍,KOSDAQ,,벤처기업부,80180475380,21496106,
322310,오로스테크놀로지,KOSDAQ,,벤처기업부,168597756000,9366542,
322510,제이엘케이,KOSDAQ,,기술성장기업부,115895143460,25725892,
322780,코퍼스코리아,KOSDAQ,,중견기업부,17949660000,8974830,
323280,태성,KOSDAQ,,중견기업부,1056614108000,30537980,
323350,다원넥스뷰,KOSDAQ,,기술성장기업부,70735116760,8010772,
323990,박셀바이오,KOSDAQ,,기술성장기업부,92331659650,23257345,
327260,RF머트리얼즈,KOSDAQ,,벤처기업부,411077669500,8995135,
328130,루닛,KOSDAQ,,기술성장기업부,711075619000,74458180,
328380,솔트웨어,KOSDAQ,,벤처기업부,16480394775,6852555,
330350,위더스제약,KOSDAQ,,우량기업부,80254054400,13199680,
330730,스톤브릿지벤처스,KOSDAQ,,벤처기업부,81251521800,18217830,
330860,네패스아크,KOSDAQ,,중견기업부,450809665000,12184045,
331380,포커스에이아이,KOSDAQ,,투자주의환기종목(소속부없음),68441941152,36560866,
331520,밸로프,KOSDAQ,,중견기업부,19582790150,10172878,
331740,아우토크립트,KOSDAQ,,기술성장기업부,61431243300,9750991,
331920,셀레믹스,KOSDAQ,,기술성장기업부,93071281500,9796977,
332290,누보,KOSDAQ,,벤처기업부,30526869060,39904404,
332370,아이디피,KOSDAQ,,벤처기업부,69421586980,13273726,
332570,PS일렉트로닉스,KOSDAQ,,우량기업부,271394181030,46711563,
333050,이노테나,KOSDAQ,,벤처기업부,24966809400,4924420,
333430,일승,KOSDAQ,,중견기업부,92487508470,30726747,
333620,엔시스,KOSDAQ,,벤처기업부,55429466400,10997910,
334970,프레스티지바이오로직스,KOSDAQ,,기술성장기업부,137077899031,77752637,
335810,프리시젼바이오,KOSDAQ,,기술성장기업부,32704763940,21949506,
335870,윙스풋,KOSDAQ,,중견기업부,16080454080,16750473,
336060,웨이버스,KOSDAQ,,벤처기업부,28411568000,48155200,
336570,원텍,KOSDAQ,,우량기업부,472090004420,89580646,
336680,탑런토탈솔루션,KOSDAQ,,중견기업부,94536522570,39145558,
337930,젝시믹스,KOSDAQ,,우량기업부,87693983625,29676475,
338220,뷰노,KOSDAQ,,기술성장기업부,98712852150,14001823,
338840,와이바이오로직스,KOSDAQ,,기술성장기업부,149978806560,15366681,
339950,아이비김영,KOSDAQ,,우량기업부,120906501950,44946655,
340360,다보링크,KOSDAQ,,투자주의환기종목(소속부없음),36391877628,52062772,
340440,세림B&G,KOSDAQ,,벤처기업부,26647283796,28378364,
340450,지씨지놈,KOSDAQ,,기술성장기업부,105600790745,23650793,
340570,티앤엘,KOSDAQ,,우량기업부,414528000000,8128000,
340810,시선AI,KOSDAQ,,기술성장기업부,30496521360,13644976,
340930,성원에너텍,KOSDAQ,,관리종목(소속부없음),55513882710,68875785,
342870,오아,KOSDAQ,,중견기업부,22918078385,5450197,
344860,이노진,KOSDAQ,,기술성장기업부,15386370000,12030000,
347000,센코,KOSDAQ,,기술성장기업부,63257545358,37810846,
347700,스피어,KOSDAQ,,기술성장기업부,1031027240000,51551362,
347740,피엔케이피부임상연구센타,KOSDAQ,,벤처기업부,50807905168,30010576,
347770,핌스,KOSDAQ,,중견기업부,23862751848,22857042,
347850,디앤디파마텍,KOSDAQ,,기술성장기업부,3281972804400,45837609,
347860,알체라,KOSDAQ,,중견기업부,55811428628,42153647,
347890,엠엑스온,KOSDAQ,,벤처기업부,68700976200,16963204,
348030,모비릭스,KOSDAQ,,중견기업부,26218374000,9603800,
348080,큐라티스,KOSDAQ,,중견기업부,35673982329,115449781,
348150,고바이오랩,KOSDAQ,,기술성장기업부,59033422560,19418889,
348210,넥스틴,KOSDAQ,,우량기업부,382934532750,10477005,
348340,뉴로메카,KOSDAQ,,기술성장기업부,366069954500,12409151,
348350,위드텍,KOSDAQ,,벤처기업부,92701194000,9978600,
348370,엔켐,KOSDAQ,,중견기업부,436905200420,21910993,
351320,넥사다이내믹스,KOSDAQ,,중견기업부,30470806692,29698642,
351330,이삭엔지니어링,KOSDAQ,,벤처기업부,28429623600,8288520,
351870,차이커뮤니케이션,KOSDAQ,,중견기업부,19598087352,11160642,
352090,스톰테크,KOSDAQ,,우량기업부,94055493000,26872998,
352480,씨앤씨인터내셔널,KOSDAQ,,우량기업부,263329687320,13629901,
352700,씨앤투스,KOSDAQ,,벤처기업부,36367228216,26276899,
352770,셀레스트라,KOSDAQ,,관리종목(소속부없음),13610136750,2592407,
352910,오비고,KOSDAQ,,기술성장기업부,45812032250,12637802,
352940,인바이오,KOSDAQ,,벤처기업부,21691989080,10867730,
353190,휴럼,KOSDAQ,,중견기업부,22170050460,7875684,
353590,오토앤,KOSDAQ,,중견기업부,19892755650,12875570,
353810,이지바이오,KOSDAQ,,우량기업부,206431180800,33081920,
354200,엔젠바이오,KOSDAQ,,기술성장기업부,14450454711,8936583,
354320,알멕,KOSDAQ,,기술성장기업부,181515220400,6391381,
355150,코스텍시스,KOSDAQ,,벤처기업부,143939081000,7797350,
355390,크라우드웍스,KOSDAQ,,기술성장기업부,25589442528,15874344,
355690,에이텀,KOSDAQ,,기술성장기업부,36679422000,9404980,
356680,엑스게이트,KOSDAQ,,벤처기업부,308269713600,28543492,
356860,티엘비,KOSDAQ,,우량기업부,714832201000,9832630,
356890,싸이버원,KOSDAQ,,벤처기업부,24624879500,11953825,
357230,에이치피오,KOSDAQ,,우량기업부,86509832220,41293476,
357550,석경에이티,KOSDAQ,,기술성장기업부,195561750000,5455000,
357580,아모센스,KOSDAQ,,기술성장기업부,67319541020,11789762,
357880,SKAI,KOSDAQ,,기술성장기업부,135526522880,52940048,
358570,지아이이노베이션,KOSDAQ,,기술성장기업부,472902323980,64516006,
359090,씨엔알리서치,KOSDAQ,,중견기업부,21827377557,11494143,
360070,탑머티리얼,KOSDAQ,,중견기업부,67420513890,8192043,
360350,코셈,KOSDAQ,,기술성장기업부,37413233600,5437970,
361390,제노코,KOSDAQ,,벤처기업부,130272777780,9736381,
361570,알비더블유,KOSDAQ,,중견기업부,40872959802,28743291,
361670,삼영에스앤씨,KOSDAQ,,기술성장기업부,19270037200,5667658,
362320,청담글로벌,KOSDAQ,,중견기업부,93594458250,21151290,
362990,드림인사이트,KOSDAQ,,벤처기업부,20547102002,16800574,
363250,진시스템,KOSDAQ,,기술성장기업부,25610229820,8508382,
363260,모비데이즈,KOSDAQ,,벤처기업부,24476628209,32163769,
364950,에이아이코리아,KOSDAQ,,벤처기업부,33517637800,8296445,
365270,큐라클,KOSDAQ,,기술성장기업부,188112862080,22156992,
365330,에스와이스틸텍,KOSDAQ,,우량기업부,75356842000,50171000,
365340,성일하이텍,KOSDAQ,,기술성장기업부,406369066750,12921115,
365590,하이딥,KOSDAQ,,기술성장기업부,32470433100,36814550,
365660,레몬헬스케어,KOSDAQ,,기술성장기업부,94796068900,13351559,
365900,브이씨,KOSDAQ,,벤처기업부,18787471000,7310300,
366030,나인앤컴퍼니,KOSDAQ,,중견기업부,110890595750,22653850,
367000,플래티어,KOSDAQ,,벤처기업부,24493564440,8388207,
368600,아이씨에이치,KOSDAQ,,기술성장기업부,14935545285,25795415,
368770,파이버프로,KOSDAQ,,벤처기업부,392607988750,32854225,
368970,오에스피,KOSDAQ,,관리종목(소속부없음),16242309810,7283547,
369370,블리츠웨이엔터테인먼트,KOSDAQ,,벤처기업부,37254317517,49871911,
370090,퓨런티어,KOSDAQ,,기술성장기업부,53651324100,8556830,
371950,풍원정밀,KOSDAQ,,기술성장기업부,125550515920,22662548,
372170,윤성에프앤씨,KOSDAQ,,우량기업부,122558177280,7979048,
372320,큐로셀,KOSDAQ,,기술성장기업부,345628338600,15225918,
372800,아이티아이즈,KOSDAQ,,벤처기업부,20970823220,7037189,
373110,엑셀세라퓨틱스,KOSDAQ,,기술성장기업부,19871258706,17294394,
373160,데이원컴퍼니,KOSDAQ,,기술성장기업부,43010265935,13807469,
373170,엠아이큐브솔루션,KOSDAQ,,벤처기업부,23804219250,15113790,
373200,엑스플러스,KOSDAQ,,벤처기업부,55595986140,25043237,
376180,피코그램,KOSDAQ,,벤처기업부,25799842820,18561038,
376270,HEM파마,KOSDAQ,,기술성장기업부,292809551550,7203187,
376290,씨유테크,KOSDAQ,,벤처기업부,47233812500,17657500,
376300,디어유,KOSDAQ,,우량기업부,489011163600,23738406,
376900,로킷헬스케어,KOSDAQ,,기술성장기업부,717495262800,15873789,
376930,노을,KOSDAQ,,기술성장기업부,34724225671,51291323,
376980,원티드랩,KOSDAQ,,기술성장기업부,23341681660,9766394,
377030,비트맥스,KOSDAQ,,관리종목(소속부없음),15699320480,10694360,
377220,프롬바이오,KOSDAQ,,기술성장기업부,16278250000,28310000,
377330,이지트로닉스,KOSDAQ,,기술성장기업부,17826499260,8139954,
377450,리파인,KOSDAQ,,우량기업부,172953400000,17330000,
377460,큐에이드,KOSDAQ,,관리종목(소속부없음),253187202960,62055687,
377480,마음AI,KOSDAQ,,기술성장기업부,59299693500,7110275,
378340,필에너지,KOSDAQ,,중견기업부,235701874980,21643882,
378800,샤페론,KOSDAQ,,기술성장기업부,23630188841,46243031,
380540,옵티코어,KOSDAQ,,관리종목(소속부없음),206658126350,24456583,
380550,뉴로핏,KOSDAQ,,기술성장기업부,96737007380,12198866,
381620,제닉스로보틱스,KOSDAQ,,중견기업부,65261652000,13117920,
382150,온코크로스,KOSDAQ,,기술성장기업부,39210001755,12195957,
382480,지아이텍,KOSDAQ,,벤처기업부,68048495060,39357140,
382800,지앤비에스 에코,KOSDAQ,,우량기업부,131621354535,31831041,
382840,원준,KOSDAQ,,중견기업부,68569398690,15271581,
382900,범한퓨얼셀,KOSDAQ,,벤처기업부,129137140000,8761000,
383310,에코프로에이치엔,KOSDAQ,,우량기업부,526470793200,20974932,
383930,디티앤씨알오,KOSDAQ,,중견기업부,20799776256,12784128,
384470,코어라인소프트,KOSDAQ,,기술성장기업부,51148072200,17946692,
387570,파인메딕스,KOSDAQ,,기술성장기업부,23347485000,5625900,
387690,레메디,KOSDAQ,,기술성장기업부,133146310860,7625791,
388050,지투파워,KOSDAQ,,우량기업부,124230661680,18709437,
388210,씨엠티엑스,KOSDAQ,,벤처기업부,812903679600,9654438,
388610,지에프씨생명과학,KOSDAQ,,기술성장기업부,29928652460,5325383,
388720,유일로보틱스,KOSDAQ,,벤처기업부,722196448500,11781345,
388790,라이콤,KOSDAQ,,벤처기업부,126742622400,30614160,
388870,파로스아이바이오,KOSDAQ,,기술성장기업부,64729660000,12945932,
389020,자람테크놀로지,KOSDAQ,,기술성장기업부,145697230200,6905082,
389030,지니너스,KOSDAQ,,기술성장기업부,84102498585,39392271,
389140,포바이포,KOSDAQ,,벤처기업부,66496965100,14269735,
389260,대명에너지,KOSDAQ,,우량기업부,231478919000,17916325,
389470,인벤티지랩,KOSDAQ,,기술성장기업부,439154364000,13307708,
389500,에스비비테크,KOSDAQ,,기술성장기업부,208233500000,6663472,
389650,넥스트바이오메디컬,KOSDAQ,,기술성장기업부,290946602900,8277286,
389680,유디엠텍,KOSDAQ,,기술성장기업부,14769230075,8320693,
391710,코닉오토메이션,KOSDAQ,,벤처기업부,43856463630,42620470,
393210,토마토시스템,KOSDAQ,,기술성장기업부,31853669760,15614544,
393890,더블유씨피,KOSDAQ,,기술성장기업부,276498486480,33843144,
393970,대진첨단소재,KOSDAQ,,관리종목(소속부없음),50428566500,17850820,
394280,오픈엣지테크놀로지,KOSDAQ,,기술성장기업부,273213516100,26346530,
394420,리센스메디컬,KOSDAQ,,기술성장기업부,139311110120,10934938,
394800,쓰리빌리언,KOSDAQ,,기술성장기업부,172796462790,31822553,
396270,넥스트칩,KOSDAQ,,벤처기업부,73832282595,32887431,
396300,세아메카닉스,KOSDAQ,,우량기업부,75495075000,26489500,
396470,워트,KOSDAQ,,중견기업부,82212000000,16120000,
397030,에이프릴바이오,KOSDAQ,,기술성장기업부,561931824000,23413826,
397810,애드포러스,KOSDAQ,,벤처기업부,24539461350,5160770,
398120,에스지헬스케어,KOSDAQ,,벤처기업부,23388833269,11818511,
399720,가온칩스,KOSDAQ,,벤처기업부,614288119200,11858844,
402030,코난테크놀로지,KOSDAQ,,기술성장기업부,130181875200,12517488,
402490,그린리소스,KOSDAQ,,기술성장기업부,120240040700,16935217,
403490,우듬지팜,KOSDAQ,,벤처기업부,22001650256,45932464,
403850,더핑크퐁컴퍼니,KOSDAQ,,중견기업부,144801690900,14351010,
405000,플라즈맵,KOSDAQ,,벤처기업부,13261824020,3838444,
405100,큐알티,KOSDAQ,,중견기업부,130881055650,12289301,
405920,나라셀라,KOSDAQ,,중견기업부,22497998772,12878076,
406820,뷰티스킨,KOSDAQ,,벤처기업부,24512096238,14136157,
407400,꿈비,KOSDAQ,,벤처기업부,29561758680,14634534,
408470,한패스,KOSDAQ,,중견기업부,56243040000,10572000,
408900,스튜디오미르,KOSDAQ,,중견기업부,32851187787,32752929,
408920,메쎄이상,KOSDAQ,,우량기업부,125806444050,43232455,
411080,샌즈랩,KOSDAQ,,기술성장기업부,58246038970,15267638,
412350,레이저쎌,KOSDAQ,,기술성장기업부,73745367150,14603043,
412540,제일엠앤에스,KOSDAQ,,관리종목(소속부없음),81063616775,20600665,
413390,엠오티,KOSDAQ,,중견기업부,69481080000,11580180,
413630,씨피시스템,KOSDAQ,,벤처기업부,83804191500,36436605,
413640,비아이매트릭스,KOSDAQ,,벤처기업부,44322681000,7206940,
415380,스튜디오삼익,KOSDAQ,,중견기업부,20860543425,11442975,
416180,신성에스티,KOSDAQ,,벤처기업부,163619981800,9039778,
417010,나노팀,KOSDAQ,,벤처기업부,89365185040,20172728,
417180,핑거스토리,KOSDAQ,,중견기업부,13670374980,3509724,
417200,LS머트리얼즈,KOSDAQ,,중견기업부,797624849610,67652659,
417500,제이아이테크,KOSDAQ,,우량기업부,101140935240,32784744,
417790,트루엔,KOSDAQ,,벤처기업부,59355776970,10468391,
417840,저스템,KOSDAQ,,벤처기업부,277634285340,22869381,
417860,오브젠,KOSDAQ,,벤처기업부,28712126600,4706906,
417970,모델솔루션,KOSDAQ,,우량기업부,65758076000,6396700,
418250,시큐레터,KOSDAQ,,관리종목(소속부없음),47629012750,7271605,
418420,라온텍,KOSDAQ,,기술성장기업부,105095115570,30774558,
418470,KT밀리의서재,KOSDAQ,,우량기업부,82574205960,8565789,
418550,제이오,KOSDAQ,,기술성장기업부,132232989490,32017673,
418620,E8,KOSDAQ,,기술성장기업부,13458623406,19850477,
419050,삼기에너지솔루션즈,KOSDAQ,,중견기업부,85565575040,57196240,
419080,엔젯,KOSDAQ,,기술성장기업부,38051359500,10871817,
419120,산돌,KOSDAQ,,중견기업부,34633221715,14223089,
419530,SAMG엔터,KOSDAQ,,기술성장기업부,271515164200,10207337,
419540,비스토스,KOSDAQ,,벤처기업부,18679123155,5958253,
420570,제이투케이바이오,KOSDAQ,,벤처기업부,46545964680,5847483,
420770,기가비스,KOSDAQ,,우량기업부,1983756127000,12675758,
424760,벨로크,KOSDAQ,,벤처기업부,19113353568,10054368,
424870,이뮨온시아,KOSDAQ,,기술성장기업부,265602302790,91272269,
424960,스마트레이더시스템,KOSDAQ,,기술성장기업부,58192438300,16485110,
424980,마이크로투나노,KOSDAQ,,기술성장기업부,40307640900,5918890,
425040,티이엠씨,KOSDAQ,,우량기업부,204540638340,21922898,
425420,티에프이,KOSDAQ,,우량기업부,446967952200,12347181,
429270,시지트로닉스,KOSDAQ,,기술성장기업부,22024123865,6449231,
430690,한싹,KOSDAQ,,벤처기업부,23751762720,10895304,
431190,케이쓰리아이,KOSDAQ,,기술성장기업부,17817731960,7486442,
432430,와이랩,KOSDAQ,,기술성장기업부,33594431200,16508320,
432470,케이엔에스,KOSDAQ,,벤처기업부,60172874160,8771556,
432720,퀄리타스반도체,KOSDAQ,,기술성장기업부,116054338960,14187572,
432980,엠에프씨,KOSDAQ,,기술성장기업부,23326579530,8591742,
434480,모니터랩,KOSDAQ,,기술성장기업부,26898005500,12310300,
435570,에르코스,KOSDAQ,,벤처기업부,50805276610,7616983,
437730,삼현,KOSDAQ,,기술성장기업부,952812388350,31707567,
438700,버넥트,KOSDAQ,,기술성장기업부,18812574320,11144890,
439090,마녀공장,KOSDAQ,,우량기업부,269833059600,16393260,
439580,블루엠텍,KOSDAQ,,기술성장기업부,53985242465,33846547,
439960,코스모로보틱스,KOSDAQ,,기술성장기업부,371235161440,32450626,
440110,파두,KOSDAQ,,기술성장기업부,3572231745100,50101427,
440290,HB인베스트먼트,KOSDAQ,,중견기업부,46128283110,27506430,
440320,오픈놀,KOSDAQ,,기술성장기업부,20359200000,9980000,
441270,파인엠텍,KOSDAQ,,벤처기업부,254366484350,42044047,
443250,레뷰코퍼레이션,KOSDAQ,,벤처기업부,63237429450,10809817,
443670,에스피소프트,KOSDAQ,,중견기업부,64588417160,24010564,
444530,심플랫폼,KOSDAQ,,기술성장기업부,29397389520,6418644,
445090,에이직랜드,KOSDAQ,,벤처기업부,225068554800,10925658,
445180,퓨릿,KOSDAQ,,우량기업부,127543774960,17189188,
445680,큐리옥스바이오시스템즈,KOSDAQ,,기술성장기업부,707053780500,17203255,
446540,메가터치,KOSDAQ,,중견기업부,191049759270,29079111,
446840,지슨,KOSDAQ,,기술성장기업부,58332984897,55083083,
448280,에코아이,KOSDAQ,,중견기업부,210973638480,29631129,
448710,코츠테크놀로지,KOSDAQ,,벤처기업부,53751419640,5285292,
448900,한국피아이엠,KOSDAQ,,기술성장기업부,286714370400,6074457,
450330,하스,KOSDAQ,,기술성장기업부,36513319780,8186843,
450520,인스웨이브,KOSDAQ,,벤처기업부,24130212498,14704578,
450950,아스테라시스,KOSDAQ,,벤처기업부,235172450000,37627592,
451220,아이엠티,KOSDAQ,,기술성장기업부,73548866740,7874611,
451250,삐아,KOSDAQ,,벤처기업부,71581139000,10225877,
451760,컨텍,KOSDAQ,,기술성장기업부,119351206020,16507774,
452160,제이엔비,KOSDAQ,,중견기업부,30150947145,9617527,
452190,한빛레이저,KOSDAQ,,벤처기업부,81210291015,23920557,
452200,민테크,KOSDAQ,,기술성장기업부,32240960000,24332800,
452280,한선엔지니어링,KOSDAQ,,우량기업부,191706793200,19247670,
452300,캡스톤파트너스,KOSDAQ,,중견기업부,29897655550,14169505,
452400,이닉스,KOSDAQ,,우량기업부,49983568280,9071428,
452430,사피엔반도체,KOSDAQ,,기술성장기업부,228675161700,8255421,
452450,피아이이,KOSDAQ,,벤처기업부,107905357500,36028500,
453450,그리드위즈,KOSDAQ,,중견기업부,115884722500,7942750,
453860,에이에스텍,KOSDAQ,,벤처기업부,64444230000,6444423,
455180,케이지에이,KOSDAQ,,벤처기업부,18676226808,13958316,
455900,엔젤로보틱스,KOSDAQ,,기술성장기업부,248283333150,15373581,
456010,아이씨티케이,KOSDAQ,,기술성장기업부,220435720000,14502350,
456070,이엔셀,KOSDAQ,,기술성장기업부,72353631520,11029517,
456160,지투지바이오,KOSDAQ,,기술성장기업부,504703079100,16629426,
457370,한켐,KOSDAQ,,중견기업부,58450471500,8062134,
457550,우진엔텍,KOSDAQ,,중견기업부,134938511840,9318958,
457600,벡트,KOSDAQ,,벤처기업부,31664325000,13707500,
458350,에스팀,KOSDAQ,,중견기업부,32301504000,8683200,
458650,성우,KOSDAQ,,벤처기업부,121869927000,15045670,
458870,씨어스,KOSDAQ,,기술성장기업부,1198881810000,38059740,
459100,위츠,KOSDAQ,,중견기업부,53797069500,13466100,
459510,나우로보틱스,KOSDAQ,,기술성장기업부,154312961980,12978382,
459550,알트,KOSDAQ,,중견기업부,26456578289,25220761,
460470,아이빔테크놀로지,KOSDAQ,,기술성장기업부,45131319450,15119370,
460870,에스엠씨지,KOSDAQ,,벤처기업부,46770798320,20073304,
460930,현대힘스,KOSDAQ,,우량기업부,383515246800,35510671,
460940,피앤에스로보틱스,KOSDAQ,,기술성장기업부,56512176000,13455280,
461030,아이엠비디엑스,KOSDAQ,,기술성장기업부,45082055965,14334517,
461300,아이스크림미디어,KOSDAQ,,벤처기업부,204655610880,13323933,
462310,뉴키즈온,KOSDAQ,,중견기업부,27133676115,8185121,
462350,이노스페이스,KOSDAQ,,기술성장기업부,217382397960,33650526,
462510,라메디텍,KOSDAQ,,기술성장기업부,24736331650,8802965,
462860,더즌,KOSDAQ,,벤처기업부,132319028412,71756523,
462980,아이지넷,KOSDAQ,,기술성장기업부,24032987966,18234437,
463020,뉴엔AI,KOSDAQ,,기술성장기업부,51410568000,8879200,
463480,모티브링크,KOSDAQ,,중견기업부,53278539400,12390358,
464080,에스오에스랩,KOSDAQ,,기술성장기업부,141781655500,17947045,
464280,티디에스팜,KOSDAQ,,중견기업부,29972600000,5530000,
464490,쿼드메디슨,KOSDAQ,,기술성장기업부,62003410200,11482113,
464500,아이언디바이스,KOSDAQ,,기술성장기업부,24754082247,13993263,
464580,닷밀,KOSDAQ,,기술성장기업부,28713498840,18406089,
465320,교보15호스팩,KOSDAQ,,SPAC(소속부없음),8896350000,3810000,
465480,인스피언,KOSDAQ,,벤처기업부,33809469620,10137772,
466100,클로봇,KOSDAQ,,기술성장기업부,603383964300,25459239,
466410,사이냅소프트,KOSDAQ,,벤처기업부,38936187790,5037023,
466690,키움히어로제1호스팩,KOSDAQ,,SPAC(소속부없음),10190000000,5095000,
467930,IBKS제23호스팩,KOSDAQ,,관리종목(소속부없음),8904150000,4230000,
468530,프로티나,KOSDAQ,,기술성장기업부,247740419600,11035208,
468760,유진스팩10호,KOSDAQ,,SPAC(소속부없음),8819200000,4240000,
469480,IBKS제24호스팩,KOSDAQ,,SPAC(소속부없음),9009900000,4230000,
469610,이노테크,KOSDAQ,,중견기업부,115005694000,8942900,
469750,아이비젼웍스,KOSDAQ,,벤처기업부,20570519157,34456481,
469880,하나30호스팩,KOSDAQ,,관리종목(소속부없음),15413550000,7305000,
469900,하나31호스팩,KOSDAQ,,SPAC(소속부없음),11641585000,5605000,
471050,대신밸런스제17호스팩,KOSDAQ,,SPAC(소속부없음),12726000000,6060000,
471820,셀로맥스사이언스,KOSDAQ,,벤처기업부,46454832690,11302879,
472220,신영스팩10호,KOSDAQ,,SPAC(소속부없음),9825550000,4690000,
472230,에스케이증권제11호스팩,KOSDAQ,,SPAC(소속부없음),8621625000,4155000,
472850,폰드그룹,KOSDAQ,,중견기업부,211863679360,57571652,
473000,에스케이증권제12호스팩,KOSDAQ,,SPAC(소속부없음),6785500000,3310000,
473050,유안타제15호스팩,KOSDAQ,,SPAC(소속부없음),14615850000,7010000,
473950,에스케이증권제13호스팩,KOSDAQ,,SPAC(소속부없음),8994700000,4420000,
473980,노머스,KOSDAQ,,기술성장기업부,112473304740,11059322,
474170,루미르,KOSDAQ,,기술성장기업부,111360600000,17817696,
474490,유안타제16호스팩,KOSDAQ,,SPAC(소속부없음),11306520000,5510000,
474610,RF시스템즈,KOSDAQ,,벤처기업부,82310906200,14415220,
474650,링크솔루션,KOSDAQ,,기술성장기업부,129420720000,5752032,
474660,신한제12호스팩,KOSDAQ,,SPAC(소속부없음),11343600000,5520000,
474930,신한제13호스팩,KOSDAQ,,SPAC(소속부없음),7565800000,3620000,
475040,스트라드비젼,KOSDAQ,,기술성장기업부,182931399030,53255138,
475230,엔알비,KOSDAQ,,벤처기업부,76617741490,10898683,
475240,하나32호스팩,KOSDAQ,,SPAC(소속부없음),6672000000,3200000,
475250,하나33호스팩,KOSDAQ,,SPAC(소속부없음),7659000000,3700000,
475400,씨메스로보틱스,KOSDAQ,,기술성장기업부,180055133500,11806894,
475430,키스트론,KOSDAQ,,중견기업부,74694340350,17848110,
475460,미트박스,KOSDAQ,,벤처기업부,31338213750,5646525,
475580,에이럭스,KOSDAQ,,벤처기업부,94148059000,13624900,
475660,에스켐,KOSDAQ,,기술성장기업부,26485648900,7929835,
475830,오름테라퓨틱,KOSDAQ,,기술성장기업부,975209591000,21719590,
475960,토모큐브,KOSDAQ,,기술성장기업부,465068771500,13383274,
476040,오가노이드사이언스,KOSDAQ,,기술성장기업부,49920060800,6585760,
476060,온코닉테라퓨틱스,KOSDAQ,,기술성장기업부,486772044800,45407840,
476080,M83,KOSDAQ,,중견기업부,27946420000,8077000,
476830,알지노믹스,KOSDAQ,,기술성장기업부,401192734800,14027718,
477340,에이치엠씨제7호스팩,KOSDAQ,,SPAC(소속부없음),15282850000,7510000,
477380,미래에셋비전스팩4호,KOSDAQ,,SPAC(소속부없음),16726500000,8100000,
477470,미래에셋비전스팩5호,KOSDAQ,,SPAC(소속부없음),11453200000,5480000,
477760,DB금융스팩12호,KOSDAQ,,SPAC(소속부없음),11983680000,5840000,
477850,마키나락스,KOSDAQ,,기술성장기업부,496244871200,17754736,
478110,이베스트스팩6호,KOSDAQ,,SPAC(소속부없음),10215700000,5020000,
478340,나라스페이스테크놀로지,KOSDAQ,,기술성장기업부,120792188520,11570133,
478390,KB제29호스팩,KOSDAQ,,SPAC(소속부없음),12688800000,6220000,
478440,미래에셋비전스팩6호,KOSDAQ,,SPAC(소속부없음),14206500000,6930000,
478560,블랙야크아이앤씨,KOSDAQ,,벤처기업부,62251018180,25830298,
479880,한국제15호스팩,KOSDAQ,,SPAC(소속부없음),14083500000,6870000,
479960,위너스일렉,KOSDAQ,,중견기업부,44323720000,7126000,
481070,에이유브랜즈,KOSDAQ,,중견기업부,230000512500,14330250,
481890,엔에이치스팩31호,KOSDAQ,,SPAC(소속부없음),13229325000,6345000,
482520,교보16호스팩,KOSDAQ,,SPAC(소속부없음),12352500000,6100000,
482630,삼양엔씨켐,KOSDAQ,,중견기업부,302496029600,21888280,
482680,미래에셋비전스팩7호,KOSDAQ,,SPAC(소속부없음),16881825000,8215000,
482690,대신밸런스제19호스팩,KOSDAQ,,SPAC(소속부없음),11594975000,5615000,
484120,도우인시스,KOSDAQ,,중견기업부,166224091740,10957422,
484130,하나34호스팩,KOSDAQ,,SPAC(소속부없음),9220800000,4520000,
484590,삼양컴텍,KOSDAQ,,벤처기업부,236547983000,41210450,
484810,티엑스알로보틱스,KOSDAQ,,벤처기업부,125770448100,15450915,
486630,KB제30호스팩,KOSDAQ,,SPAC(소속부없음),10805850000,5310000,
486990,노타,KOSDAQ,,기술성장기업부,359043588600,21346230,
487360,신한제14호스팩,KOSDAQ,,SPAC(소속부없음),11336400000,5640000,
487580,폴레드,KOSDAQ,,벤처기업부,78822354930,25182861,
487720,키움제10호스팩,KOSDAQ,,SPAC(소속부없음),8523450000,4230000,
487830,신한제15호스팩,KOSDAQ,,SPAC(소속부없음),8830500000,4350000,
488060,유진스팩11호,KOSDAQ,,SPAC(소속부없음),9605200000,4720000,
488280,에스투더블유,KOSDAQ,,기술성장기업부,101012594100,10803486,
488900,비츠로넥스텍,KOSDAQ,,기술성장기업부,211238269470,28976443,
489210,교보17호스팩,KOSDAQ,,SPAC(소속부없음),10515400000,5180000,
489460,바이오비쥬,KOSDAQ,,벤처기업부,90116135700,15044430,
489480,키움제11호스팩,KOSDAQ,,SPAC(소속부없음),13398000000,6600000,
489500,엘케이켐,KOSDAQ,,벤처기업부,124629141000,6391238,
489730,디비금융제13호스팩,KOSDAQ,,SPAC(소속부없음),12758980000,6332000,
490470,세미파이브,KOSDAQ,,기술성장기업부,610416393600,34025440,
491000,리브스메드,KOSDAQ,,기술성장기업부,907659393300,25004391,
492220,KB제31호스팩,KOSDAQ,,SPAC(소속부없음),12451050000,6210000,
493280,아이엠바이오로직스,KOSDAQ,,기술성장기업부,277740197280,14836549,
493330,지에프아이,KOSDAQ,,벤처기업부,77611178700,7839513,
493790,유안타제17호스팩,KOSDAQ,,SPAC(소속부없음),10673100000,5310000,
494120,큐리오시스,KOSDAQ,,기술성장기업부,194943485100,7629882,
496070,신한제16호스팩,KOSDAQ,,SPAC(소속부없음),11223140000,5620000,
498390,한화플러스제5호스팩,KOSDAQ,,SPAC(소속부없음),10093600000,4960000,
900070,글로벌에스엠,KOSDAQ,,외국기업(소속부없음),27248191776,26871984,
900100,파이온엑스,KOSDAQ,,외국기업(소속부없음),9697379900,5276050,
900110,딥커머스,KOSDAQ,,외국기업(소속부없음),14209067636,12291581,
900120,씨엑스아이,KOSDAQ,,외국기업(소속부없음),8149399060,7469660,
900250,크리스탈신소재,KOSDAQ,,외국기업(소속부없음),37963901060,35815001,
900260,로스웰,KOSDAQ,,외국기업(소속부없음),76133133724,46029706,
900270,헝셩그룹,KOSDAQ,,외국기업(소속부없음),13240826438,25561441,
900290,GRT,KOSDAQ,,외국기업(소속부없음),196729000000,81800000,
900300,오가닉티코스메틱,KOSDAQ,,외국기업(소속부없음),15241210023,7780097,
900310,컬러레이,KOSDAQ,,외국기업(소속부없음),26000920050,12808335,
900340,윙입푸드,KOSDAQ,,외국기업(소속부없음),15728415000,12582732,
950130,엑세스바이오,KOSDAQ,,외국기업(소속부없음),77206565630,35173834,
950140,잉글우드랩,KOSDAQ,,외국기업(소속부없음),157552177380,19867866,
950160,코오롱티슈진,KOSDAQ,,외국기업(소속부없음),6194324664000,84970160,
950170,JTC,KOSDAQ,,외국기업(소속부없음),250969787800,51746348,
950190,고스트스튜디오,KOSDAQ,,외국기업(소속부없음),120277625160,13017059,
950200,소마젠,KOSDAQ,,외국기업(소속부없음),52418244425,19236053,
950220,네오이뮨텍,KOSDAQ,,기술성장기업부,45056993280,34211840,
950250,테라뷰,KOSDAQ,,기술성장기업부,79914894750,35517731,
000020,동화약품,KOSPI,,,142450497000,27931470,
000040,KR모터스,KOSPI,,,23062174128,86375184,
000050,경방,KOSPI,,,219322160000,27415270,
000070,삼양홀딩스,KOSPI,,,430080781400,7763191,
000080,하이트진로,KOSPI,,,1035873434470,70133611,
000087,하이트진로2우B,KOSPI,,,13866793260,1130138,
000100,유한양행,KOSPI,,,5312494986700,79647601,
000105,유한양행우,KOSPI,,,67313580000,1180940,
000120,CJ대한통운,KOSPI,,,1635645064800,22812344,
000140,하이트진로홀딩스,KOSPI,,,193776487750,23206765,
000145,하이트진로홀딩스우,KOSPI,,,4472695000,470810,
000150,두산,KOSPI,,,19707897195000,16193835,
000155,두산우,KOSPI,,,1634552958000,3996462,
000157,두산2우B,KOSPI,,,322386718000,893038,
000180,성창기업지주,KOSPI,,,68984332400,13950320,
000210,DL,KOSPI,,,954540516200,20955884,
000215,DL우,KOSPI,,,34733969000,1686115,
000220,유유제약,KOSPI,,,57005812440,15747462,
000225,유유제약1우,KOSPI,,,8376306350,2266930,
000227,유유제약2우B,KOSPI,,,2829129600,322960,
000230,일동홀딩스,KOSPI,,,67857552000,11540400,
000240,한국앤컴퍼니,KOSPI,,,2316419856000,94935240,
000270,기아,KOSPI,,,54501654520800,390412998,
000300,DH오토넥스,KOSPI,,,174035631000,41437055,
000320,노루홀딩스,KOSPI,,,213987531100,13291151,
000325,노루홀딩스우,KOSPI,,,5918483700,243559,
000370,한화손해보험,KOSPI,,,671248761250,116738915,
000390,SP삼화,KOSPI,,,161860640550,27203469,
000400,롯데손해보험,KOSPI,,,729290352000,310336320,
000430,대원강업,KOSPI,,,227230000000,62000000,
000480,CR홀딩스,KOSPI,,,229060043650,46890490,
000490,대동,KOSPI,,,192563458200,28826865,
000500,가온전선,KOSPI,,,3556769725000,16543115,
000520,삼일제약,KOSPI,,,129717029780,21691811,
000540,흥국화재,KOSPI,,,202685544975,64242645,
000545,흥국화재우,KOSPI,,,4039680000,768000,
000590,CS홀딩스,KOSPI,,,80236499000,1154482,
000640,동아쏘시오홀딩스,KOSPI,,,546681192400,6732527,
000650,천일고속,KOSPI,,,224101696000,1429220,
000660,SK하이닉스,KOSPI,,,1363399624245000,712702365,
000670,영풍,KOSPI,,,648976575750,18410683,
000680,LS네트웍스,KOSPI,,,221042459880,78803016,
000700,유수홀딩스,KOSPI,,,146094565320,26041812,
000720,현대건설,KOSPI,,,10912864970000,111355765,
000725,현대건설우,KOSPI,,,49886978900,1054693,
000760,이화산업,KOSPI,,,34748000000,2800000,
000810,삼성화재,KOSPI,,,28038613044000,44647473,
000815,삼성화재우,KOSPI,,,1172737800000,3007020,
000850,화천기공,KOSPI,,,75570000000,2200000,
000860,강남제비스코,KOSPI,,,175500000000,13000000,
000880,한화,KOSPI,,,6232900039600,70507919,
000890,보해양조,KOSPI,,,42596246550,27624025,
000910,유니온,KOSPI,,,45273695100,15611619,
000950,전방,KOSPI,,,43260000000,1680000,
000970,한국주철관,KOSPI,,,149799285000,22800500,
000990,DB하이텍,KOSPI,,,4937770738000,43504588,
001020,페이퍼코리아,KOSPI,,,68559171012,35596662,
001040,CJ,KOSPI,,,3924306231000,29176998,
001045,CJ우,KOSPI,,,148044606500,2260223,
001060,JW중외제약,KOSPI,,,546055058500,23285930,
001065,JW중외제약우,KOSPI,,,7078385700,341951,
001067,JW중외제약2우B,KOSPI,,,8923852500,209973,
001070,대한방직,KOSPI,,,31164000000,5300000,
001080,만호제강,KOSPI,,,170772500000,41500000,
001120,LX인터내셔널,KOSPI,,,1420554000000,38760000,
001130,대한제분,KOSPI,,,181844000000,16900000,
001200,유진투자증권,KOSPI,,,405870291420,96866418,
001210,금호전기,KOSPI,,,55320794202,61880083,
001230,동국홀딩스,KOSPI,,,260008899480,155507715,
001250,GS글로벌,KOSPI,,,210048429380,82533764,
001260,남광토건,KOSPI,,,81315370440,9832572,
001270,부국증권,KOSPI,,,557899866800,10369886,
001275,부국증권우,KOSPI,,,92100000000,3000000,
001290,상상인증권,KOSPI,,,76811018080,108337120,
001340,PKC,KOSPI,,,234146062800,45028089,
001360,삼성제약,KOSPI,,,117231788355,94162079,
001380,SG글로벌,KOSPI,,,28911943306,22482071,
001390,KG케미칼,KOSPI,,,274310762400,67233030,
001420,태원물산,KOSPI,,,21546000000,7600000,
001430,세아베스틸지주,KOSPI,,,1088415311650,35862119,
001440,대한전선,KOSPI,,,5487792688000,195992596,
001450,현대해상,KOSPI,,,3171234900000,85248250,
001460,BYC,KOSPI,,,202999875000,6246150,
001465,BYC우,KOSPI,,,49861627500,2153850,
001470,삼부토건,KOSPI,,,79699592928,229681824,
001500,현대차증권,KOSPI,,,488481047600,61833044,
001510,SK증권,KOSPI,,,518100990400,231295085,
001515,SK증권우,KOSPI,,,7472901740,1956257,
001520,동양,KOSPI,,,117834235200,214244064,
001525,동양우,KOSPI,,,2208592150,525230,
001527,동양2우B,KOSPI,,,1972710950,411410,
001530,DI동일,KOSPI,,,496139122950,20715621,
001550,조비,KOSPI,,,54726199060,5192239,
001560,제일연마,KOSPI,,,68400000000,7600000,
001570,금양,KOSPI,,,633275240400,63967196,
001620,케이비아이동국실업,KOSPI,,,48746347140,22258606,
001630,종근당홀딩스,KOSPI,,,197388523400,5009861,
001680,대상,KOSPI,,,602182674500,34648025,
001685,대상우,KOSPI,,,19306442070,1370223,
001720,신영증권,KOSPI,,,2461068000000,16440000,
001740,SK네트웍스,KOSPI,,,1600739234220,200593889,
001750,한양증권,KOSPI,,,251515831840,12728534,
001755,한양증권우,KOSPI,,,9457400000,472870,
001770,SHD,KOSPI,,,7799516760,1214878,
001780,알루코,KOSPI,,,155509191992,96830132,
001790,대한제당,KOSPI,,,235440427950,86241915,
001795,대한제당우,KOSPI,,,13484140800,6482760,
001800,오리온홀딩스,KOSPI,,,1564072952000,60156652,
001820,삼화콘덴서,KOSPI,,,928273500000,10395000,
001940,KISCO홀딩스,KOSPI,,,353700681000,14176380,
002020,코오롱,KOSPI,,,493718760000,12907680,
002025,코오롱우,KOSPI,,,22396434100,1160437,
002030,아세아,KOSPI,,,366269770800,2058852,
002070,비비안,KOSPI,,,19643490480,2404344,
002100,경농,KOSPI,,,177460206750,19522575,
002140,고려산업,KOSPI,,,47185392100,24939425,
002150,도화엔지니어링,KOSPI,,,164216400000,33720000,
002170,SYTS,KOSPI,,,167100000000,3000000,
002200,한국수출포장,KOSPI,,,76044866070,33499941,
002210,동성제약,KOSPI,,,94010780311,96619507,
002220,한일철강,KOSPI,,,117335336700,26697460,
002240,고려제강,KOSPI,,,456570000000,27000000,
002310,아세아제지,KOSPI,,,305339207400,39449510,
002320,한진,KOSPI,,,235882963200,15518616,
002350,넥센타이어,KOSPI,,,656328133440,97667877,
002355,넥센타이어1우B,KOSPI,,,25707500000,6500000,
002360,SH에너지화학,KOSPI,,,19926277789,11113373,
002380,KCC,KOSPI,,,3596126976000,8592896,
002390,한독,KOSPI,,,108731910700,13763533,
002410,범양건영,KOSPI,,,53173451700,27479820,
002420,세기상사,KOSPI,,,30267636360,5969948,
002450,삼익악기,KOSPI,,,101304093885,90530915,
002460,HS화성,KOSPI,,,110127500000,10150000,
002600,조흥,KOSPI,,,83400000000,600000,
002620,제일파마홀딩스,KOSPI,,,101430804250,15973355,
002630,오리엔트바이오,KOSPI,,,50397776700,59291502,
002690,동일제강,KOSPI,,,30876847560,20300360,
002700,신일전자,KOSPI,,,76491892932,70047521,
002710,TCC스틸,KOSPI,,,229369848750,26213697,
002720,국제약품,KOSPI,,,71731830480,21159832,
002760,보락,KOSPI,,,56545600000,59900000,
002780,진흥기업,KOSPI,,,116668339490,145471745,
002785,진흥기업우B,KOSPI,,,1306400232,857218,
002787,진흥기업2우B,KOSPI,,,884424000,294808,
002790,아모레퍼시픽홀딩스,KOSPI,,,1819704684000,76458180,
002795,아모레퍼시픽홀딩스우,KOSPI,,,66683247400,6381172,
002810,삼영무역,KOSPI,,,362506189240,18466948,
002820,SUN&L,KOSPI,,,28809254865,12607989,
002840,미원상사,KOSPI,,,570950000000,4750000,
002870,신풍,KOSPI,,,35867626200,34958700,
002880,디와이에이,KOSPI,,,39851443740,46773995,
002900,TYM,KOSPI,,,264960000000,41400000,
002920,유성기업,KOSPI,,,44785385000,25947500,
002960,한국쉘석유,KOSPI,,,647400000000,1300000,
002990,금호건설,KOSPI,,,505617847180,37259974,
002995,금호건설우,KOSPI,,,8899499700,292266,
003000,부광약품,KOSPI,,,377885689930,98664671,
003010,혜인,KOSPI,,,52376517640,12712747,
003030,세아제강지주,KOSPI,,,408781545900,4141657,
003060,에이프로젠바이오로직스,KOSPI,,,28752686130,14412374,
003070,코오롱글로벌,KOSPI,,,235425860340,25423959,
003075,코오롱글로벌우,KOSPI,,,9177731430,740737,
003080,SB성보,KOSPI,,,43943900000,20020000,
003090,대웅,KOSPI,,,953528472000,58141980,
003120,일성아이에스,KOSPI,,,266665000000,13300000,
003160,디아이,KOSPI,,,594300000000,28300000,
003200,일신방직,KOSPI,,,229140800000,22960000,
003220,대원제약,KOSPI,,,169552527480,22427583,
003230,삼양식품,KOSPI,,,8075392080000,7533015,
003240,태광산업,KOSPI,,,984245600000,1113400,
003280,흥아해운,KOSPI,,,438775440675,240424899,
003300,한일홀딩스,KOSPI,,,509027140440,30831444,
003350,한국화장품제조,KOSPI,,,174028800000,22660000,
003460,유화증권,KOSPI,,,171524805375,56702415,
003465,유화증권우,KOSPI,,,51118543125,17476425,
003470,유안타증권,KOSPI,,,841048645230,192680102,
003475,유안타증권우,KOSPI,,,53487469750,12811370,
003480,한진중공업홀딩스,KOSPI,,,133622399300,29529812,
003490,대한항공,KOSPI,,,9757847516500,368220661,
003495,대한항공우,KOSPI,,,24381928300,1110794,
003520,영진약품,KOSPI,,,214350280732,182892731,
003530,한화투자증권,KOSPI,,,946155687750,214547775,
003535,한화투자증권우,KOSPI,,,28320000000,4800000,
003540,대신증권,KOSPI,,,1222636131900,47666126,
003545,대신증권우,KOSPI,,,483765346560,24383334,
003547,대신증권2우B,KOSPI,,,185600787120,9606666,
003550,LG,KOSPI,,,14574909185600,151192004,
003555,LG우,KOSPI,,,192415616100,3011199,
003570,SNT다이내믹스,KOSPI,,,1097339001000,33252697,
003580,HLB글로벌,KOSPI,,,56084500035,50663505,
003610,방림,KOSPI,,,165370506700,32110778,
003620,KG모빌리티,KOSPI,,,561590380800,202374912,
003650,미창석유,KOSPI,,,240422670400,1739672,
003670,포스코퓨처엠,KOSPI,,,12834939546000,88946220,
003680,한성기업,KOSPI,,,69360282550,6209515,
003690,코리안리,KOSPI,,,2429914176250,176721031,
003720,삼영,KOSPI,,,195160000000,34000000,
003780,진양산업,KOSPI,,,61360000000,13000000,
003830,대한화섬,KOSPI,,,143424000000,1328000,
003850,보령,KOSPI,,,685439783930,85787207,
003920,남양유업,KOSPI,,,255000000000,6000000,
003925,남양유업우,KOSPI,,,61200000000,2000000,
003960,사조대림,KOSPI,,,267144213050,9164467,
004000,롯데정밀화학,KOSPI,,,1158420000000,25800000,
004020,현대제철,KOSPI,,,3502951856250,133445785,
004060,SG세계물산,KOSPI,,,48278352960,20242496,
004080,신흥,KOSPI,,,130014000000,9300000,
004090,한국석유,KOSPI,,,147759556800,12694120,
004100,태양금속,KOSPI,,,83492500000,36700000,
004105,태양금속우,KOSPI,,,9784500000,3300000,
004140,동방,KOSPI,,,86493094098,47971766,
004150,한솔홀딩스,KOSPI,,,124310658600,41026620,
004170,신세계,KOSPI,,,5298746541000,9445181,
004250,NPC,KOSPI,,,111261600000,36720000,
004255,NPC우,KOSPI,,,10253760000,5280000,
004270,남성,KOSPI,,,26253816000,3621216,
004310,현대약품,KOSPI,,,194240000000,32000000,
004360,세방,KOSPI,,,240474285740,19115603,
004365,세방우,KOSPI,,,32945002500,3689250,
004370,농심,KOSPI,,,2131966021000,6082642,
004380,삼익THK,KOSPI,,,155664000000,20700000,
004410,서울식품,KOSPI,,,39612833052,39455013,
004415,서울식품우,KOSPI,,,1594966500,222450,
004430,송원산업,KOSPI,,,284400000000,24000000,
004440,삼일씨엔에스,KOSPI,,,65951485460,12731947,
004450,삼화왕관,KOSPI,,,54613507650,2154379,
004490,세방전지,KOSPI,,,740124000000,13860000,
004540,깨끗한나라,KOSPI,,,53999004850,37240693,
004545,깨끗한나라우,KOSPI,,,2207944800,366160,
004560,현대비앤지스틸,KOSPI,,,164660616120,15078811,
004690,삼천리,KOSPI,,,412727222600,3626777,
004700,조광피혁,KOSPI,,,414241297400,6649138,
004710,한솔테크닉스,KOSPI,,,339662762120,40629517,
004720,팜젠사이언스,KOSPI,,,68982541425,22654365,
004770,써니전자,KOSPI,,,57344512370,35507438,
004800,효성,KOSPI,,,2397226282400,16740407,
004830,덕성,KOSPI,,,53155200000,15680000,
004835,덕성우,KOSPI,,,6090000000,1392000,
004840,DRB동일,KOSPI,,,81714823360,19272364,
004870,티웨이홀딩스,KOSPI,,,27951383018,113163494,
004890,동일산업,KOSPI,,,87671522250,2425215,
004910,조광페인트,KOSPI,,,44544000000,12800000,
004920,씨아이테크,KOSPI,,,48840360192,52179872,
004960,한신공영,KOSPI,,,119409644640,11570702,
004970,신라교역,KOSPI,,,150720000000,16000000,
004980,성신양회,KOSPI,,,209367263420,24516073,
004985,성신양회우,KOSPI,,,6878280750,735645,
004990,롯데지주,KOSPI,,,2297250036800,99663776,
005010,휴스틸,KOSPI,,,207614937125,56188075,
005030,부산주공,KOSPI,,,45092532168,92782988,
005070,코스모신소재,KOSPI,,,1253850055250,33214571,
005090,SGC에너지,KOSPI,,,522338321250,14409333,
005110,한창,KOSPI,,,26467434378,21106407,
005180,빙그레,KOSPI,,,610829142900,9269031,
005250,녹십자홀딩스,KOSPI,,,448649123400,47028210,
005257,녹십자홀딩스2우,KOSPI,,,14314150800,845990,
005300,롯데칠성,KOSPI,,,911186408800,9278884,
005305,롯데칠성우,KOSPI,,,51868239000,775310,
005320,온타이드,KOSPI,,,28341723505,34187845,
005360,모나미,KOSPI,,,50077863550,18897307,
005380,현대차,KOSPI,,,86919671667000,204757766,
005385,현대차우,KOSPI,,,4579496352000,23340960,
005387,현대차2우B,KOSPI,,,6985793214000,34963930,
005389,현대차3우B,KOSPI,,,449430981200,2327452,
005420,코스모화학,KOSPI,,,355276109000,38408228,
005430,한국공항,KOSPI,,,252358493500,3166355,
005440,현대지에프홀딩스,KOSPI,,,2114062321560,155904301,
005490,POSCO홀딩스,KOSPI,,,24049803444500,79241527,
005500,삼진제약,KOSPI,,,242424000000,13320000,
005610,삼립,KOSPI,,,324019287950,8629009,
005680,삼영전자,KOSPI,,,280600000000,20000000,
005690,파미셀,KOSPI,,,669044756100,60004014,
005720,넥센,KOSPI,,,313687542690,52543977,
005725,넥센우,KOSPI,,,15446574000,3600600,
005740,크라운해태홀딩스,KOSPI,,,81511935030,14847347,
005745,크라운해태홀딩스우,KOSPI,,,3303993000,600726,
005750,대림바스,KOSPI,,,67447455600,16592240,
005800,신영와코루,KOSPI,,,115830000000,9000000,
005810,풍산홀딩스,KOSPI,,,475049771400,14417292,
005820,원림,KOSPI,,,32608194300,2297970,
005830,DB손해보험,KOSPI,,,10545556189000,65500349,
005850,에스엘,KOSPI,,,2457126708000,46448520,
005870,휴니드,KOSPI,,,61828145700,14116015,
005880,대한해운,KOSPI,,,599019063040,322747340,
005930,삼성전자,KOSPI,,,1537571273904000,5846278608,
005935,삼성전자우,KOSPI,,,146192033186600,802371203,
005940,NH투자증권,KOSPI,,,11002341929000,369206105,
005945,NH투자증권우,KOSPI,,,462338716000,18870968,
005950,이수화학,KOSPI,,,368118366000,26294169,
005960,동부건설,KOSPI,,,155807841770,22946663,
005965,동부건설우,KOSPI,,,3625255920,225732,
006040,동원산업,KOSPI,,,1463268149850,44140819,
006060,화승인더,KOSPI,,,131661600000,55320000,
006090,사조오양,KOSPI,,,78302961090,9422739,
006110,삼아알미늄,KOSPI,,,510416606250,15123455,
006120,SK디스커버리,KOSPI,,,943825304200,17413751,
006125,SK디스커버리우,KOSPI,,,46927960500,1231705,
006200,한국전자홀딩스,KOSPI,,,22371898530,9360627,
006220,제주은행,KOSPI,,,376095642150,37798557,
006260,LS,KOSPI,,,9126000000000,31200000,
006280,녹십자,KOSPI,,,1395372637200,11686538,
006340,대원전선,KOSPI,,,999783804000,78414416,
006345,대원전선우,KOSPI,,,30510768000,2621200,
006360,GS건설,KOSPI,,,2396281720000,85581490,
006370,대구백화점,KOSPI,,,54757351660,10821611,
006380,카프로,KOSPI,,,618539985360,168999996,
006400,삼성SDI,KOSPI,,,34450314075000,80585530,
006405,삼성SDI우,KOSPI,,,299310760000,1617896,
006490,프리티,KOSPI,,,45844695960,147886116,
006570,대림통상,KOSPI,,,33951750000,15225000,
006650,대한유화,KOSPI,,,681200000000,6500000,
006660,삼성공조,KOSPI,,,89226927720,8126314,
006740,블루산업개발,KOSPI,,,21935598300,23739825,
006800,미래에셋증권,KOSPI,,,21683216600000,559566880,
006805,미래에셋증권우,KOSPI,,,186785202500,14075750,
006840,AK홀딩스,KOSPI,,,74186341600,13247561,
006880,신송홀딩스,KOSPI,,,54945045410,11828858,
006890,태경케미컬,KOSPI,,,66352000000,11600000,
006980,우성,KOSPI,,,49069200000,3090000,
007070,GS리테일,KOSPI,,,2131989082500,83607415,
007110,일신석재,KOSPI,,,63436963590,77456610,
007120,미래아이앤지,KOSPI,,,32541828774,27323114,
007160,사조산업,KOSPI,,,238500000000,5000000,
007210,벽산,KOSPI,,,96602080000,65360000,
007280,한국특강,KOSPI,,,54686244860,28646540,
007310,오뚜기,KOSPI,,,1228399895000,4007830,
007340,DN오토모티브,KOSPI,,,2147348745500,58510865,
007460,에이프로젠,KOSPI,,,50965055280,23594933,
007540,샘표,KOSPI,,,123228030000,2875800,
007570,일양약품,KOSPI,,,157075014720,19085664,
007575,일양약품우,KOSPI,,,3115560000,445080,
007590,동방아그로,KOSPI,,,76258431200,13617577,
007610,선도전기,KOSPI,,,92340000000,18000000,
007660,이수페타시스,KOSPI,,,7186762540100,73409219,
007690,국도화학,KOSPI,,,332463868800,9260832,
007700,F&F홀딩스,KOSPI,,,575372338570,39114367,
007810,코리아써키트,KOSPI,,,1628419898000,23982620,
007815,코리아써우,KOSPI,,,49332441600,2964690,
007860,서연,KOSPI,,,173750845600,23479844,
007980,TP,KOSPI,,,79631700300,46897350,
008040,사조동아원,KOSPI,,,114609415200,141144600,
008060,대덕,KOSPI,,,437393630040,31287098,
008250,이건산업,KOSPI,,,29736404025,10952635,
008260,NI스틸,KOSPI,,,85514349830,28600117,
008350,남선알미늄,KOSPI,,,138372784480,129079090,
008355,남선알미우,KOSPI,,,2047468500,307890,
008420,문배철강,KOSPI,,,42954842975,20503505,
008490,서흥,KOSPI,,,240059094750,11569113,
008600,윌비스,KOSPI,,,17615839860,6723603,
008700,아남전자,KOSPI,,,85454300560,77124820,
008730,율촌화학,KOSPI,,,330336000000,24800000,
008770,호텔신라,KOSPI,,,1852511311200,39248121,
008775,호텔신라우,KOSPI,,,21804491000,751879,
008870,금비,KOSPI,,,37200000000,1000000,
008930,한미사이언스,KOSPI,,,2191949177500,68391550,
008970,KBI동양철관,KOSPI,,,112068259560,103766907,
009070,KCTC,KOSPI,,,114450000000,30000000,
009140,경인전자,KOSPI,,,33850675350,1570797,
009150,삼성전기,KOSPI,,,94114056960000,74693696,
009155,삼성전기우,KOSPI,,,1306689308000,2906984,
009160,SIMPAC,KOSPI,,,305936130240,65370968,
009180,한솔로지스틱스,KOSPI,,,76161506625,28155825,
009190,대양금속,KOSPI,,,84453648000,43986275,
009200,무림페이퍼,KOSPI,,,59584531920,41609310,
009240,한샘,KOSPI,,,826040872800,23533928,
009270,신원,KOSPI,,,119131667934,114770393,
009290,광동제약,KOSPI,,,296308857600,49799808,
009310,참엔지니어링,KOSPI,,,23329484620,4377014,
009320,아진전자부품,KOSPI,,,46588282650,49299770,
009410,태영건설,KOSPI,,,471977863708,297590078,
009415,태영건설우,KOSPI,,,4393824240,649974,
009420,한올바이오파마,KOSPI,,,2627704091400,52240638,
009440,KC그린홀딩스,KOSPI,,,17568790596,23239141,
009450,경동나비엔,KOSPI,,,909080140800,14568592,
009460,한창제지,KOSPI,,,30251414895,11933497,
009470,삼화전기,KOSPI,,,152779242000,6613820,
009540,HD한국조선해양,KOSPI,,,23142808932000,70773116,
009580,무림P&P,KOSPI,,,100350633316,62368324,
009680,모토닉,KOSPI,,,211245673680,21733094,
009770,삼정펄프,KOSPI,,,68499205400,2499971,
009810,플레이그램,KOSPI,,,29207966250,15188750,
009830,한화솔루션,KOSPI,,,5130992199600,171892536,
009835,한화솔루션우,KOSPI,,,43626412060,2575349,
009900,명신산업,KOSPI,,,358371008390,52470133,
009970,영원무역홀딩스,KOSPI,,,2406819198600,12953817,
010040,한국내화,KOSPI,,,63777147286,41067062,
010060,OCI홀딩스,KOSPI,,,3435322688000,18670232,
010100,한국무브넥스,KOSPI,,,102313411200,30450420,
010120,LS ELECTRIC,KOSPI,,,28155000000000,150000000,
010130,고려아연,KOSPI,,,21186063535000,20872969,
010140,삼성중공업,KOSPI,,,18700000000000,880000000,
010400,우진아이엔에스,KOSPI,,,30449890000,7622000,
010580,에스엠벡셀,KOSPI,,,177446557200,111251760,
010640,진양폴리,KOSPI,,,32030600000,16700000,
010660,화천기계,KOSPI,,,57530000000,22000000,
010690,화신,KOSPI,,,284252137400,34920410,
010770,평화홀딩스,KOSPI,,,55211134150,14625466,
010780,아이에스동서,KOSPI,,,579891808960,30186976,
010820,퍼스텍,KOSPI,,,271171975280,48771938,
010950,S-Oil,KOSPI,,,14793378868800,112582792,
010955,S-Oil우,KOSPI,,,261425255000,4021927,
010960,삼호개발,KOSPI,,,86952600000,24120000,
011000,진원생명과학,KOSPI,,,48531472338,90882907,
011070,LG이노텍,KOSPI,,,15170615587000,23667107,
011090,에넥스,KOSPI,,,19338855074,11857054,
011150,CJ씨푸드,KOSPI,,,71214792086,35930773,
011155,CJ씨푸드1우,KOSPI,,,1348000000,200000,
011170,롯데케미칼,KOSPI,,,2557970056200,42775419,
011200,HMM,KOSPI,,,18638382287200,943237970,
011210,현대위아,KOSPI,,,1566436780800,27195083,
011230,삼화전자,KOSPI,,,56826552525,19165785,
011280,태림포장,KOSPI,,,115767711900,70805940,
011300,우성머티리얼스,KOSPI,,,44982995275,16816073,
011330,유니켐,KOSPI,,,31881397905,9018783,
011390,부산산업,KOSPI,,,42662400000,1056000,
011420,갤럭시아에스엠,KOSPI,,,40773473120,27549644,
011500,한농화성,KOSPI,,,186080799800,15637042,
011690,와이투솔루션,KOSPI,,,109929660030,36704394,
011700,한신기계,KOSPI,,,75112839565,32446151,
011760,현대코퍼레이션,KOSPI,,,295005941800,13228966,
011780,금호석유화학,KOSPI,,,2920765432500,25157325,
011785,금호석유화학우,KOSPI,,,148604336900,3023486,
011790,SKC,KOSPI,,,4181136521400,49598298,
011810,STX,KOSPI,,,109493282310,31017927,
011930,신성이엔지,KOSPI,,,315964191920,20306182,
012030,DB,KOSPI,,,298743290505,201173933,
012160,영흥,KOSPI,,,32569165755,15620703,
012170,아센디오,KOSPI,,,15045894142,20250194,
012200,계양전기,KOSPI,,,119372105165,27222829,
012205,계양전기우,KOSPI,,,8125099050,1169079,
012280,영화금속,KOSPI,,,40808192120,49524505,
012320,경동인베스트,KOSPI,,,104179263150,2365023,
012330,현대모비스,KOSPI,,,42281383678000,90732583,
012450,한화에어로스페이스,KOSPI,,,44963285672000,51563401,
012510,더존비즈온,KOSPI,,,3494865960000,29123883,
012610,경인양행,KOSPI,,,119438967550,41616365,
012630,HDC,KOSPI,,,1178704155330,59741721,
012690,모나리자,KOSPI,,,53138033515,36571255,
012750,에스원,KOSPI,,,2777739911800,37999178,
012800,대창,KOSPI,,,101530515886,91140499,
013000,세우글로벌,KOSPI,,,33843231549,28705031,
013360,일성건설,KOSPI,,,78174001360,54024880,
013520,화승코퍼레이션,KOSPI,,,123876848700,50051252,
013570,디와이,KOSPI,,,102120176040,26319633,
013580,계룡건설,KOSPI,,,168615524160,8930907,
013700,까뮤이앤씨,KOSPI,,,78751593940,59750830,
013870,지엠비코리아,KOSPI,,,71711772800,19072280,
013890,지누스,KOSPI,,,188781249930,21925813,
014130,한익스프레스,KOSPI,,,25260000000,12000000,
014160,대영포장,KOSPI,,,73599898771,108394549,
014280,금강공업,KOSPI,,,110571675890,29329357,
014285,금강공업우,KOSPI,,,3049653750,589875,
014440,영보화학,KOSPI,,,90800000000,20000000,
014530,극동유화,KOSPI,,,111059102700,34869420,
014580,태경비케이,KOSPI,,,109780738000,27583100,
014680,한솔케미칼,KOSPI,,,2637589310500,11012899,
014710,사조씨푸드,KOSPI,,,160304635330,17218543,
014790,HL D&I,KOSPI,,,89346298360,37858601,
014820,동원시스템즈,KOSPI,,,570838342580,28991282,
014825,동원시스템즈우,KOSPI,,,3605115150,264111,
014830,유니드,KOSPI,,,416207400000,6767600,
014910,성문전자,KOSPI,,,49178828250,21857257,
014915,성문전자우,KOSPI,,,2697000000,600000,
014990,인디에프,KOSPI,,,28557960699,15022599,
015020,이스타코,KOSPI,,,19883142400,21425800,
015230,대창단조,KOSPI,,,159875921800,27143620,
015260,에이엔피,KOSPI,,,14983172292,47116894,
015360,INVENI,KOSPI,,,381500000000,27250000,
015590,DKME,KOSPI,,,101186003660,53396308,
015760,한국전력,KOSPI,,,21794680414150,641964077,
015860,일진홀딩스,KOSPI,,,276839379630,49347483,
015890,태경산업,KOSPI,,,135036825000,29228750,
016090,대현,KOSPI,,,65006431080,44282310,
016360,삼성증권,KOSPI,,,9099670000000,89300000,
016380,KG스틸,KOSPI,,,507045107790,100008897,
016450,한세예스24홀딩스,KOSPI,,,168400000000,40000000,
016580,환인제약,KOSPI,,,180978681100,18600070,
016590,신대양제지,KOSPI,,,383635246400,40297820,
016610,DB증권,KOSPI,,,382017501000,42446389,
016710,대성홀딩스,KOSPI,,,107638480710,16089459,
016740,두올,KOSPI,,,103226486400,28674024,
016800,퍼시스,KOSPI,,,307625000000,11500000,
016880,웅진,KOSPI,,,159854160000,79927080,
017040,광명전기,KOSPI,,,40390657180,43337615,
017180,명문제약,KOSPI,,,41423213880,33953454,
017370,우신시스템,KOSPI,,,76003324100,18314054,
017390,서울가스,KOSPI,,,272250000000,4950000,
017550,수산세보틱스,KOSPI,,,102209774940,62399130,
017670,SK텔레콤,KOSPI,,,18020885446700,214790053,
017800,현대엘리베이터,KOSPI,,,2681737611000,39092385,
017810,풀무원,KOSPI,,,344228494260,38120542,
017860,DS단석,KOSPI,,,211333754100,17759139,
017900,광전자,KOSPI,,,351139203780,57943763,
017940,E1,KOSPI,,,577612000000,6860000,
017960,한국카본,KOSPI,,,1183391529400,51676486,
018250,애경산업,KOSPI,,,294206675900,26409935,
018260,삼성에스디에스,KOSPI,,,14933915400000,77377800,
018470,조일알미늄,KOSPI,,,113968548900,126631721,
018500,동원금속,KOSPI,,,63633463813,46754933,
018670,SK가스,KOSPI,,,1957907106000,9257244,
018880,한온시스템,KOSPI,,,3489292676800,1026262552,
019170,신풍제약,KOSPI,,,416203064680,52418522,
019175,신풍제약우,KOSPI,,,24054058400,1991230,
019180,티에이치엔,KOSPI,,,102600000000,18000000,
019490,엑시큐어하이트론,KOSPI,,,41349858070,76432270,
019680,대교,KOSPI,,,80806518900,84702850,
019685,대교우B,KOSPI,,,13968005810,19426990,
020000,한섬,KOSPI,,,475715417100,21476994,
020120,키다리스튜디오,KOSPI,,,127684673870,37063766,
020150,롯데에너지머티리얼즈,KOSPI,,,1646893811350,52365463,
020560,아시아나항공,KOSPI,,,1452234512550,205990711,
020760,일진디스플,KOSPI,,,50984432422,56523761,
021050,서원,KOSPI,,,47427115410,47474590,
021240,코웨이,KOSPI,,,6666291529200,70767426,
021820,세원정공,KOSPI,,,98900000000,10000000,
022100,포스코DX,KOSPI,,,2922107491380,152034729,
023000,삼원강재,KOSPI,,,88421402100,39739956,
023150,MH에탄올,KOSPI,,,32317943880,7378526,
023350,한국종합기술,KOSPI,,,45606750000,10950000,
023450,동남합성,KOSPI,,,97650000000,3500000,
023530,롯데쇼핑,KOSPI,,,4130158230000,28288755,
023590,다우기술,KOSPI,,,1512891554400,43287312,
023800,인지컨트롤스,KOSPI,,,83788744100,15809197,
023810,인팩,KOSPI,,,47300000000,10000000,
023960,에쓰씨엔지니어링,KOSPI,,,36970967700,38035975,
024070,WISCOM,KOSPI,,,26913225128,15326438,
024090,디씨엠,KOSPI,,,124260000000,11400000,
024110,기업은행,KOSPI,,,16825685835900,797425869,
024720,콜마홀딩스,KOSPI,,,282944136750,34296259,
024890,대원화성,KOSPI,,,26028213650,8249830,
024900,디와이덕양,KOSPI,,,56565370260,32564980,
025000,KPX케미칼,KOSPI,,,221124804500,4378709,
025530,SJM홀딩스,KOSPI,,,51522327600,14934008,
025540,한국단자,KOSPI,,,652417500000,10115000,
025560,미래산업,KOSPI,,,212542069000,5090828,
025620,차AI헬스케어,KOSPI,,,107767520160,18203973,
025750,한솔홈데코,KOSPI,,,29406277925,16113029,
025820,이구산업,KOSPI,,,124905870000,33442000,
025860,남해화학,KOSPI,,,294595538990,49678843,
025890,한국주강,KOSPI,,,24406709040,11144616,
026890,스틱인베스트먼트,KOSPI,,,320247113620,38770837,
026940,부국철강,KOSPI,,,45000000000,20000000,
026960,동서,KOSPI,,,2517425000000,99700000,
027410,BGF,KOSPI,,,369466813260,95716791,
027740,마니커,KOSPI,,,34296063120,31755614,
027970,한국제지,KOSPI,,,103632142400,190150720,
028050,삼성E&A,KOSPI,,,7869400000000,196000000,
028100,동아지질,KOSPI,,,197495154500,13389502,
028260,삼성물산,KOSPI,,,57407323674000,162167581,
028670,팬오션,KOSPI,,,2731650206320,534569512,
029460,케이씨,KOSPI,,,321248595250,11020535,
029530,신도리코,KOSPI,,,395430170300,9715729,
029780,삼성카드,KOSPI,,,5543847934350,115858891,
030000,제일기획,KOSPI,,,2154722144250,115041225,
030190,NICE평가정보,KOSPI,,,793538268690,58911527,
030200,KT,KOSPI,,,13004318946000,252021685,
030210,다올투자증권,KOSPI,,,204965871690,60911106,
030610,교보증권,KOSPI,,,1076949981450,113962961,
030720,동원수산,KOSPI,,,28527824650,4653805,
031210,서울보증보험,KOSPI,,,2922033876300,69821598,
031430,신세계인터내셔날,KOSPI,,,418782420000,34986000,
031440,신세계푸드,KOSPI,,,154511952000,3872480,
031820,아이티센씨티에스,KOSPI,,,60465204270,12105146,
032350,롯데관광개발,KOSPI,,,1101805829560,79725458,
032560,황금에스티,KOSPI,,,88740000000,17000000,
032640,LG유플러스,KOSPI,,,6048095181000,424427732,
032830,삼성생명,KOSPI,,,63400000000000,200000000,
033240,자화전자,KOSPI,,,528254523900,21605502,
033250,체시스,KOSPI,,,18432000000,6400000,
033270,유나이티드제약,KOSPI,,,277483916000,15910775,
033530,SJG세종,KOSPI,,,163587250680,27820961,
033780,KT&G,KOSPI,,,17751587976000,103810456,
033920,무학,KOSPI,,,214605000000,28500000,
034020,두산에너빌리티,KOSPI,,,45415785251400,640561146,
034120,SBS,KOSPI,,,223727930280,18551238,
034220,LG디스플레이,KOSPI,,,5175000000000,500000000,
034230,파라다이스,KOSPI,,,1118962934560,92629382,
034310,NICE,KOSPI,,,413518016250,36757157,
034590,인천도시가스,KOSPI,,,114399817100,4374754,
034730,SK,KOSPI,,,40746519086000,72502703,
034830,한국토지신탁,KOSPI,,,283040426830,252489230,
035000,HS애드,KOSPI,,,97245864000,16207644,
035150,백산,KOSPI,,,192768020250,19771079,
035250,강원랜드,KOSPI,,,3106416060000,213940500,
035420,NAVER,KOSPI,,,28752185134400,156944242,
035510,신세계 I&C,KOSPI,,,169728126000,13980900,
035720,카카오,KOSPI,,,14994909219500,442981070,
036420,콘텐트리중앙,KOSPI,,,32784448216,19262308,
036460,한국가스공사,KOSPI,,,2986325550000,92313000,
036530,SNT홀딩스,KOSPI,,,793999248200,16303886,
036570,NC,KOSPI,,,4901265005000,21544022,
036580,팜스코,KOSPI,,,108347431850,36727943,
037270,YG PLUS,KOSPI,,,205631845300,63663110,
037560,LG헬로비전,KOSPI,,,117332000475,77446865,
037710,광주신세계,KOSPI,,,337502361000,7627172,
039130,하나투어,KOSPI,,,474766415800,15489932,
039490,키움증권,KOSPI,,,8078321328000,26228316,
039570,HDC랩스,KOSPI,,,199094799670,25957601,
041650,상신브레이크,KOSPI,,,45197402250,21471450,
042660,한화오션,KOSPI,,,23532548659200,306413394,
042700,한미반도체,KOSPI,,,19777281500000,95312200,
044380,주연테크,KOSPI,,,9414310680,12896316,
044450,KSS해운,KOSPI,,,218392424800,23085880,
044820,코스맥스비티아이,KOSPI,,,198320968650,9603921,
047040,대우건설,KOSPI,,,6504667909540,410907638,
047050,포스코인터내셔널,KOSPI,,,9024839024400,175922788,
047400,유니온머티리얼,KOSPI,,,41244000000,42000000,
047810,한국항공우주,KOSPI,,,13753737597700,97475107,
049800,우진플라임,KOSPI,,,34520000000,20000000,
051600,한전KPS,KOSPI,,,1944000000000,45000000,
051630,진양화학,KOSPI,,,35170800000,21200000,
051900,LG생활건강,KOSPI,,,3601613281500,14975523,
051905,LG생활건강우,KOSPI,,,193484705700,2096259,
051910,LG화학,KOSPI,,,18001047465000,70592343,
051915,LG화학우,KOSPI,,,918042720000,7688800,
052690,한전기술,KOSPI,,,3596502000000,38220000,
053210,스카이라이프,KOSPI,,,196269804150,47522955,
053690,한미글로벌,KOSPI,,,170937780000,10957550,
055490,테이팩스,KOSPI,,,60694722000,4786650,
055550,신한지주,KOSPI,,,50550689446500,474654361,
057050,현대홈쇼핑,KOSPI,,,1047600000000,12000000,
058430,포스코스틸리온,KOSPI,,,268500000000,60000000,
058650,세아홀딩스,KOSPI,,,490402481600,4242236,
058730,다스코,KOSPI,,,87572690190,19948221,
058850,KTcs,KOSPI,,,93160012500,41404450,
058860,KTis,KOSPI,,,88397080000,34802000,
060980,HL홀딩스,KOSPI,,,338187050750,9078847,
062040,산일전기,KOSPI,,,5161832310000,30615850,
063160,종근당바이오,KOSPI,,,70275173220,5485962,
064350,현대로템,KOSPI,,,18052135262200,109142293,
064400,LG씨엔에스,KOSPI,,,6394472568000,96885948,
064960,SNT모티브,KOSPI,,,687393044800,26540272,
066570,LG전자,KOSPI,,,30198811885200,162884638,
066575,LG전자우,KOSPI,,,1140838253600,17181299,
066970,엘앤에프,KOSPI,,,3693950297600,40682272,
067830,세이브존I&C,KOSPI,,,91521195850,41040895,
068270,셀트리온,KOSPI,,,40185280396800,232553706,
068290,삼성출판사,KOSPI,,,60700000000,10000000,
069260,TKG휴켐스,KOSPI,,,620945751720,40878588,
069460,대호에이엘,KOSPI,,,46322277400,17414390,
069620,대웅제약,KOSPI,,,1419355437500,11586575,
069640,한세엠케이,KOSPI,,,20678200673,22403251,
069730,DSR제강,KOSPI,,,81216000000,14400000,
069960,현대백화점,KOSPI,,,3314526974400,21564912,
070960,모나용평,KOSPI,,,100839332635,48133333,
071050,한국금융지주,KOSPI,,,12064677268000,55725992,
071055,한국금융지주우,KOSPI,,,877565999800,5858251,
071090,하이스틸,KOSPI,,,57848564415,20191471,
071320,지역난방공사,KOSPI,,,758407732000,11578744,
071840,롯데하이마트,KOSPI,,,146131737280,23607712,
071950,코아스,KOSPI,,,26351197425,12459195,
071970,HD현대마린엔진,KOSPI,,,1879250823000,33921495,
072130,유엔젤,KOSPI,,,66143315340,12695454,
072710,농심홀딩스,KOSPI,,,416009763000,4637790,
073240,금호타이어,KOSPI,,,1878682276980,287260287,
074610,이엔플러스,KOSPI,,,44815400070,8770137,
075180,새론오토모티브,KOSPI,,,56256000000,19200000,
075580,세진중공업,KOSPI,,,611131652000,56849456,
077500,유니퀘스트,KOSPI,,,117936556920,21600102,
077970,STX엔진,KOSPI,,,959538705700,40148063,
078000,텔코웨어,KOSPI,,,116424970200,9240077,
078520,에이블씨엔씨,KOSPI,,,260922034830,26014161,
078930,GS,KOSPI,,,7338744105000,92895495,
078935,GS우,KOSPI,,,96814374400,1779676,
079160,CJ CGV,KOSPI,,,716972099430,165582471,
079430,현대리바트,KOSPI,,,113444099280,20114202,
079550,LIG디펜스앤에어로스페이스,KOSPI,,,14630000000000,22000000,
079900,전진건설로봇,KOSPI,,,459665167500,14592545,
079980,휴비스,KOSPI,,,69345000000,34500000,
081000,일진다이아,KOSPI,,,125270239500,14202975,
081660,미스토홀딩스,KOSPI,,,2386478208000,53091840,
082640,동양생명,KOSPI,,,1195439370460,156062581,
082740,한화엔진,KOSPI,,,3629950677000,83447142,
083420,그린케미칼,KOSPI,,,103440000000,24000000,
084010,대한제강,KOSPI,,,251943798680,34371596,
084670,동양고속,KOSPI,,,73547452600,2895569,
084680,이월드,KOSPI,,,94868343117,141806193,
084690,대상홀딩스,KOSPI,,,261454524360,36212538,
084695,대상홀딩스우,KOSPI,,,10267537680,913482,
084870,TBH글로벌,KOSPI,,,40057265248,20458256,
085310,엔케이,KOSPI,,,56451543140,7418074,
085620,미래에셋생명,KOSPI,,,2180453400000,135180000,
086280,현대글로비스,KOSPI,,,13627500000000,75000000,
086790,하나금융지주,KOSPI,,,36765278232000,274367748,
088260,이리츠코크렙,KOSPI,,,217895069600,63341590,
088350,한화생명,KOSPI,,,3739021650000,868530000,
088790,진도,KOSPI,,,30434734080,12447744,
088980,맥쿼리인프라,KOSPI,,,4841901349230,478921993,
089470,HDC현대EP,KOSPI,,,118030000000,31900000,
089590,제주항공,KOSPI,,,338692137000,80640985,
089860,롯데렌탈,KOSPI,,,1256304824800,36309388,
090080,평화산업,KOSPI,,,45568874970,54902259,
090350,노루페인트,KOSPI,,,148000000000,20000000,
090355,노루페인트우,KOSPI,,,4677572600,463126,
090370,메타랩스,KOSPI,,,30035157900,27304689,
090430,아모레퍼시픽,KOSPI,,,7019131080000,58492759,
090435,아모레퍼시픽우,KOSPI,,,410171695500,10557830,
090460,비에이치,KOSPI,,,599391145640,33711538,
091810,트리니티항공,KOSPI,,,257692958640,412969485,
092200,디아이씨,KOSPI,,,156720933070,38888569,
092220,KEC,KOSPI,,,114033463520,40152628,
092230,KPX홀딩스,KOSPI,,,364586949800,4224646,
092440,기신정기,KOSPI,,,55538400000,29200000,
092780,DYP,KOSPI,,,43390075700,13168460,
092790,넥스틸,KOSPI,,,281081620000,26002000,
093050,LF,KOSPI,,,646204000000,29240000,
093240,형지엘리트,KOSPI,,,29160373025,61390259,
093370,후성,KOSPI,,,1273120767100,107255330,
094280,효성ITX,KOSPI,,,138004908000,11558200,
094800,맵스리얼티,KOSPI,,,557005986000,92834331,
095570,AJ네트웍스,KOSPI,,,193229280930,45252759,
095720,웅진씽크빅,KOSPI,,,69442697870,56827085,
096760,JW홀딩스,KOSPI,,,282023653730,73924942,
096770,SK이노베이션,KOSPI,,,17733637461200,169052788,
096775,SK이노베이션우,KOSPI,,,73157763600,1248426,
097230,HJ중공업,KOSPI,,,1387839437280,90295344,
097520,엠씨넥스,KOSPI,,,313227000000,17401500,
097950,CJ제일제당,KOSPI,,,2800078596000,15054186,
097955,CJ제일제당 우,KOSPI,,,159291960000,1327433,
100090,SK오션플랜트,KOSPI,,,807217426680,62478129,
100220,비상교육,KOSPI,,,62514324210,12996741,
100250,진양홀딩스,KOSPI,,,193617000000,63900000,
100840,SNT에너지,KOSPI,,,520121692450,20680783,
101140,인바이오젠,KOSPI,,,53234344800,10044216,
101530,해태제과식품,KOSPI,,,163345371420,29116822,
102260,동성케미컬,KOSPI,,,174050045085,50669591,
102460,이연제약,KOSPI,,,191815889520,18586811,
103140,풍산,KOSPI,,,1701073674600,28024278,
103590,일진전기,KOSPI,,,2980336875000,47685390,
104700,한국철강,KOSPI,,,329508000000,36450000,
105560,KB금융,KOSPI,,,63843792120000,354687734,
105630,한세실업,KOSPI,,,364800000000,40000000,
105840,우진,KOSPI,,,277112032400,20197670,
107590,미원홀딩스,KOSPI,,,124352000000,2320000,
108320,LX세미콘,KOSPI,,,607471605000,16264300,
108670,LX하우시스,KOSPI,,,298623411000,8967670,
108675,LX하우시스우,KOSPI,,,17239911000,1032330,
109070,주성코퍼레이션,KOSPI,,,76680453960,52810230,
111110,호전실업,KOSPI,,,60107580000,9066000,
111380,동인기연,KOSPI,,,77948160000,6128000,
111770,영원무역,KOSPI,,,3726594458800,44311468,
112610,씨에스윈드,KOSPI,,,1663661848350,42171403,
114090,GKL,KOSPI,,,636494844300,61855670,
117580,대성에너지,KOSPI,,,191675000000,27500000,
118000,메타케어,KOSPI,,,27238894475,22055785,
119650,KC코트렐,KOSPI,,,100782913662,109785309,
120030,조선선재,KOSPI,,,106648804800,1257651,
120110,코오롱인더,KOSPI,,,1548209854400,29946032,
120115,코오롱인더우,KOSPI,,,62276850000,2767860,
122900,아이마켓코리아,KOSPI,,,243361955200,33428840,
123690,한국화장품,KOSPI,,,99139560000,16068000,
123700,SJM,KOSPI,,,51418138910,15604898,
123890,한국자산신탁,KOSPI,,,269222637200,122373926,
126560,현대퓨처넷,KOSPI,,,316137010800,109201040,
126720,수산인더스트리,KOSPI,,,295720200000,14286000,
128820,대성산업,KOSPI,,,186143991970,45235478,
128940,한미약품,KOSPI,,,4567118291500,12810991,
129260,인터지스,KOSPI,,,56877935088,29747874,
130660,한전산업,KOSPI,,,342626000000,32600000,
133820,화인베스틸,KOSPI,,,37225845506,37114502,
134380,미원화학,KOSPI,,,220366653600,21992680,
134790,시디즈,KOSPI,,,38040000000,2000000,
136490,선진,KOSPI,,,238033836040,23779604,
137310,에스디바이오센서,KOSPI,,,723287120980,120749102,
138040,메리츠금융지주,KOSPI,,,19010650212800,167347273,
138930,BNK금융지주,KOSPI,,,5592093134660,310327033,
139130,iM금융지주,KOSPI,,,2877463123360,158363408,
139480,이마트,KOSPI,,,2215944265700,27595819,
139990,아주스틸,KOSPI,,,77510828000,38755414,
143210,핸즈코퍼레이션,KOSPI,,,33571739817,27999783,
145210,다이나믹디자인,KOSPI,,,9461013632,42236668,
145270,케이탑리츠,KOSPI,,,36237823596,48060774,
145720,덴티움,KOSPI,,,341074889050,8623891,
145990,삼양사,KOSPI,,,451729066200,10313449,
145995,삼양사우,KOSPI,,,12212310000,370070,
155660,DSR,KOSPI,,,71680000000,16000000,
161000,애경케미칼,KOSPI,,,440270816450,48648709,
161390,한국타이어앤테크놀로지,KOSPI,,,8485442226500,123875069,
161890,한국콜마,KOSPI,,,2509219685100,23605077,
163560,동일고무벨트,KOSPI,,,79369000000,13900000,
170900,동아에스티,KOSPI,,,338041710250,9727819,
175330,JB금융지주,KOSPI,,,5073434088800,188253584,
178920,PI첨단소재,KOSPI,,,527125479900,29366322,
180640,한진칼,KOSPI,,,7437317880600,66762279,
181710,NHN,KOSPI,,,1239706311150,32753139,
183190,아세아시멘트,KOSPI,,,332799016000,35978272,
185750,종근당,KOSPI,,,924786260000,13802780,
192080,더블유게임즈,KOSPI,,,1270408080000,21173468,
192400,쿠쿠홀딩스,KOSPI,,,896167062000,35562185,
192650,드림텍,KOSPI,,,277383550090,65886829,
192820,코스맥스,KOSPI,,,1983894173200,11349509,
194370,제이에스코퍼레이션,KOSPI,,,346169922940,29016758,
195870,해성디에스,KOSPI,,,967300000000,17000000,
200880,서연이화,KOSPI,,,287852854050,27028437,
204320,HL만도,KOSPI,,,2106026832000,46957120,
207940,삼성바이오로직스,KOSPI,,,63326020968000,46290951,
210540,디와이파워,KOSPI,,,120685868440,11041708,
210980,SK디앤디,KOSPI,,,146146448700,18617382,
213500,한솔제지,KOSPI,,,163747962880,23800576,
214320,이노션,KOSPI,,,734000000000,40000000,
214330,금호에이치티,KOSPI,,,63368989740,10456929,
214390,경보제약,KOSPI,,,120968711600,23906860,
214420,토니모리,KOSPI,,,131579750530,24054799,
217590,티엠씨,KOSPI,,,254194073750,24094225,
226320,잇츠한불,KOSPI,,,218415977400,21929315,
227840,현대코퍼레이션홀딩스,KOSPI,,,106934823000,9100836,
229640,LS에코에너지,KOSPI,,,1335244724400,30624879,
234080,JW생명과학,KOSPI,,,176555277100,15834554,
241560,두산밥캣,KOSPI,,,6058103308000,95856065,
241590,화승엔터프라이즈,KOSPI,,,183585506280,60589276,
244920,에이플러스에셋,KOSPI,,,256145161690,22607693,
248070,솔루엠,KOSPI,,,685684824240,47816236,
248170,샘표식품,KOSPI,,,99588634800,4568286,
249420,일동제약,KOSPI,,,432494904840,31638252,
251270,넷마블,KOSPI,,,3023385669900,81934571,
259960,크래프톤,KOSPI,,,10611701590000,46137833,
264900,크라운제과,KOSPI,,,102194616000,12523850,
267250,HD현대,KOSPI,,,15016585458500,78993085,
267260,HD현대일렉트릭,KOSPI,,,28729566595000,36047135,
267270,HD건설기계,KOSPI,,,5884808951600,47921897,
267290,경동도시가스,KOSPI,,,112602254600,5895406,
267850,아시아나IDT,KOSPI,,,102675000000,11100000,
268280,미원에스씨,KOSPI,,,523500000000,5000000,
271560,오리온,KOSPI,,,5075496379200,39528788,
271940,일진하이솔루스,KOSPI,,,355506130100,36313190,
271980,제일약품,KOSPI,,,144401843040,14704872,
272210,한화시스템,KOSPI,,,11826353751400,188919389,
272450,진에어,KOSPI,,,265176000000,52200000,
272550,삼양패키징,KOSPI,,,127629398820,15068406,
278470,에이피알,KOSPI,,,14039308125000,37438155,
279570,케이뱅크,KOSPI,,,2251608088050,405695151,
280360,롯데웰푸드,KOSPI,,,943468835000,9204574,
281820,케이씨텍,KOSPI,,,1861074134000,19798661,
282330,BGF리테일,KOSPI,,,2112093313200,17283906,
284740,쿠쿠홈시스,KOSPI,,,472305796500,22437330,
285130,SK케미칼,KOSPI,,,685031133600,17298766,
286940,롯데이노베이트,KOSPI,,,247819031460,15129367,
293480,하나제약,KOSPI,,,152314147220,17772946,
293940,신한알파리츠,KOSPI,,,626469837140,120940123,
294870,IPARK현대산업개발,KOSPI,,,1143492175500,65907330,
298000,효성화학,KOSPI,,,227129478900,3791811,
298020,효성티앤씨,KOSPI,,,1177129504000,4327682,
298040,효성중공업,KOSPI,,,24961814996000,9324548,
298050,HS효성첨단소재,KOSPI,,,640632564000,4479948,
298690,에어부산,KOSPI,,,238181542864,162914872,
300720,한일시멘트,KOSPI,,,1026691117640,73545209,
302440,SK바이오사이언스,KOSPI,,,2745979355000,78456553,
306200,세아제강,KOSPI,,,336101550000,2836300,
307950,현대오토에버,KOSPI,,,11175272665000,27423982,
308170,씨티알모빌리티,KOSPI,,,29704500000,8610000,
316140,우리금융지주,KOSPI,,,22352353237400,728089682,
317400,자이에스앤디,KOSPI,,,177236116400,38782520,
317450,명인제약,KOSPI,,,613200000000,14600000,
322000,HD현대에너지솔루션,KOSPI,,,1228640000000,11200000,
323410,카카오뱅크,KOSPI,,,11021482094700,477120437,
326030,SK바이오팜,KOSPI,,,5842168450000,78313250,
329180,HD현대중공업,KOSPI,,,48911930850000,104961225,
330590,롯데리츠,KOSPI,,,996942649800,288968884,
334890,이지스밸류플러스리츠,KOSPI,,,235431035370,69448683,
336260,두산퓨얼셀,KOSPI,,,2822779590600,65493726,
336370,솔루스첨단소재,KOSPI,,,510480090880,70217344,
338100,NH프라임리츠,KOSPI,,,70254900000,18660000,
339770,교촌에프앤비,KOSPI,,,180124113400,49965080,
344820,KCC글라스,KOSPI,,,368120301600,15970512,
348950,제이알글로벌리츠,KOSPI,,,233298432000,197376000,
350520,이지스레지던스리츠,KOSPI,,,124239100740,36866202,
352820,하이브,KOSPI,,,8879063294000,43102249,
353200,대덕전자,KOSPI,,,5801546995000,49416925,
357120,코람코라이프인프라리츠,KOSPI,,,387881385690,97335354,
357250,미래에셋맵스리츠,KOSPI,,,45491091100,24995105,
357430,마스턴프리미어리츠,KOSPI,,,18791269112,30505307,
361610,SK아이이테크놀로지,KOSPI,,,1156469594000,81787100,
363280,티와이홀딩스,KOSPI,,,77299968767,45497333,
365550,ESR켄달스퀘어리츠,KOSPI,,,776410795000,246089000,
372910,한컴라이프케어,KOSPI,,,47018815794,27674406,
373220,LG에너지솔루션,KOSPI,,,75348000000000,234000000,
375500,DL이앤씨,KOSPI,,,2302270568500,38693623,
377190,디앤디플랫폼리츠,KOSPI,,,173617600000,88400000,
377300,카카오페이,KOSPI,,,5133501243750,135270125,
377740,바이오노트,KOSPI,,,466638099840,101886048,
378850,화승알앤에이,KOSPI,,,53182144400,18993623,
381970,케이카,KOSPI,,,370062027840,48820848,
383220,F&F,KOSPI,,,2961136897500,38307075,
383800,LX홀딩스,KOSPI,,,575919209500,76280690,
395400,SK리츠,KOSPI,,,1688708848200,301017620,
396690,미래에셋글로벌리츠,KOSPI,,,63607139640,39605940,
400760,NH올원리츠,KOSPI,,,162590654000,54929275,
402340,SK스퀘어,KOSPI,,,157030479340000,131958386,
403550,쏘카,KOSPI,,,381296417100,37939942,
404990,신한서부티엔디리츠,KOSPI,,,219569224875,61417965,
415640,KB발해인프라,KOSPI,,,1290404620440,122545548,
417310,코람코더원리츠,KOSPI,,,405212000000,40400000,
432320,KB스타리츠,KOSPI,,,213482227560,150764285,
439260,대한조선,KOSPI,,,1685426302500,38088730,
443060,HD현대마린솔루션,KOSPI,,,8675274510000,44833460,
446070,유니드비티플러스,KOSPI,,,34592560900,10611215,
448730,삼성FN리츠,KOSPI,,,487117500000,91050000,
450080,에코프로머티,KOSPI,,,2485566837000,70813870,
451800,한화리츠,KOSPI,,,829752000000,179600000,
452260,한화갤러리아,KOSPI,,,380158695210,193859610,
453340,현대그린푸드,KOSPI,,,585137997740,32471587,
454910,두산로보틱스,KOSPI,,,4323492666000,64819980,
456040,OCI,KOSPI,,,778867065000,8952495,
457190,이수스페셜티케미컬,KOSPI,,,1776869673600,30218872,
460850,동국씨엠,KOSPI,,,133945978880,29898656,
460860,동국제강,KOSPI,,,410754380760,49608017,
462520,조선내화,KOSPI,,,166090903680,11855168,
462870,시프트업,KOSPI,,,1894535182000,58654340,
465770,STX그린로지스,KOSPI,,,23664405600,7171032,
475150,SK이터닉스,KOSPI,,,1662469795200,34067004,
475560,더본코리아,KOSPI,,,215450404100,14827970,
480370,씨케이솔루션,KOSPI,,,37028805120,32481408,
481850,신한글로벌액티브리츠,KOSPI,,,42477677728,43477664,
483650,달바글로벌,KOSPI,,,2470715203500,12484665,
484870,엠앤씨솔루션,KOSPI,,,214201260000,9153900,
487570,HS효성,KOSPI,,,159655971950,3725927,
489790,한화비전,KOSPI,,,2117987960500,50488390,
499790,GS피앤엘,KOSPI,,,832895322000,19830841,
900140,엘브이엠씨홀딩스,KOSPI,,,237106010064,193240432,
950210,프레스티지바이오파마,KOSPI,,,308293275150,60096155,
