tree
version=v4
num_class=1
num_tree_per_iteration=1
label_index=0
max_feature_idx=34
objective=binary sigmoid:1
feature_names=ret20 ret60 ret120 momentum252_20 ma20 ma60 ma200 drawdown60 drawdown252 vol20 vol60 downside60 vol_expansion rsi14 volume_shock log_turnover turnover_shock range20 relative20 relative60 market_ret20 market_ret60 breadth200 market_vol20 dispersion20 macro_policy_rate macro_term_spread macro_inflation_yoy macro_inflation_change3 macro_unemployment macro_unemployment_change3 macro_industrial_yoy macro_payroll_yoy macro_housing_yoy macro_money_yoy
feature_infos=[-0.92641878128051758:6.5767917633056641] [-0.94255995750427246:21.247085571289062] [-0.95885497331619263:27.356060028076172] [-0.93863505125045776:26.121212005615234] [-0.86192613840103149:2.5155470371246338] [-0.90859663486480713:3.5744116306304932] [-0.90367245674133301:5.2354607582092285] [-0.94339066743850708:0] [-0.96889346837997437:0] [0.027096280828118324:14.120672225952148] [0.039521303027868271:38.344577789306641] [0:1.6623408794403076] [0.033108003437519073:1.762175440788269] [0:1] [0.00011126961908303201:12] [20.030130386352539:28.401023864746094] [0.00043789192568510771:3] [0.0039843423292040825:0.24489203095436096] [-0.95534378290176392:6.5356764793395996] [-1.0279383659362793:21.212968826293945] [-0.19025871157646179:0.12816762924194336] [-0.21291881799697876:0.13406597077846527] [0.088342443108558655:0.54096168279647827] [0.074556596577167511:0.40138965845108032] [0.024956967681646347:0.036262825131416321] [0.20000000000000001:5.3300000000000001] [-1.5699999999999998:1.99] [3.0920034743899372:8.9952206085881272] [-1.8949169909075581:1.4610440306022321] [3.3999999999999999:3.8999999999999999] [-0.39999999999999991:0.39999999999999991] [-0.0068009909932560397:0.064042699835552774] [0.017452357071213731:0.045751724328582988] [-0.22296173044925127:0.14551495016611304] [-0.046342554791329427:0.098520678765167125]
tree_sizes=1768 1787 1783 1769 1792 1779 1759 1795 1785 1766 1799 1798 1798 1789 1800 1808 1794 1778 1789 1789 1793 1764 1804 1801 1806 1794 1798 1805 1794 1786 1793 1801 1806 1803 1800 1804 1794 1785 1807 1811 1809 1808 1794 1807 1805 1807 1810 1808 1800 1803 1812 1794 1811 1808 1813 1787 1804 1776 1803 1810 1785 1810 1804 1814 1804 1801 1805 1790 1793 1810 1795 1786 1784 1801 1805 1810 1798 1802 1805 1818 1789 1798 1799 1797 1800 1819 1797 1805 1818 1804 1799 1803 1798 1827 1799 1805 1811 1812 1816 1808 1812 1798 1822 1812 1811 1803 1801 1810 1800 1809 1808 1804 1799 1809 1795 1811 1820 1816 1822 1815 1802 1802 1816 1808 1819 1788 1810 1825 1801 1822 1806 1808 1817 1818 1806 1814 1821 1810 1799 1813 1812 1804 1812 1817 1804 1823 1801 1796 1799 1798 1823 1807 1813 1821 1808 1811 1809 1823 1806 1805 1822 1801 1802 1804 1815 1812 1810 1807 1813 1802 1804 1816 1806 1808 1810 1807 1805 1806 1802 1799

Tree=0
num_leaves=15
num_cat=0
split_feature=10 24 17 28 24 22 28 34 21 10 26 6 20 10
split_gain=8716.5 2324.16 2636.39 1945.99 1849.87 1633.53 1059.64 929.923 852.277 751.834 669.518 601.745 591.651 394.224
threshold=0.46640817821025854 0.027066921815276149 0.064970862120389952 1.0000000180025095e-35 0.030182745307683948 0.3397038877010346 1.0000000180025095e-35 -0.038291429902634559 0.074440684169530882 0.28717823326587683 1.1600000000000004 0.11687975376844408 -0.053139906376600259 0.27668647468090063
decision_type=2 2 8 2 2 2 2 2 2 2 2 2 2 2
left_child=3 8 5 7 9 10 -7 13 -2 -5 -3 -4 -11 -1
right_child=1 2 11 4 -6 6 -8 -9 -10 12 -12 -13 -14 -15
leaf_value=-0.87012161178065328 -0.76139245835868452 -0.85441178197013179 -0.81332212937232151 -0.85234270415050895 -0.8708558433482122 -0.8247053479909926 -0.77032408224652671 -0.87032556542468398 -0.82585673940180448 -0.85957032934560207 -0.81893803123413456 -0.78708115558869796 -0.80219797147881733 -0.83391834247239816
leaf_weight=485.40772858262062 1105.2826211601496 3822.6494727581739 2300.4510753005743 646.73056700825691 1266.3340164422989 3226.3465588539839 499.6540766954422 8165.6116186082363 329.49527338147163 244.23588386178017 776.66383303701878 2053.3348136544228 1779.5835328251123 1431.5792582035065
leaf_count=2449 5316 17473 10762 3009 5850 15840 2230 38695 1589 1238 3702 9800 8298 7196
internal_value=-0.837499 -0.818089 -0.822895 -0.857039 -0.836171 -0.834449 -0.817253 -0.86518 -0.776014 -0.819661 -0.848394 -0.800859 -0.809196 -0.843207
internal_weight=28133.4 14113.9 12679.1 14019.5 3936.88 8325.31 3726 10082.6 1434.78 2670.55 4599.31 4353.79 2023.82 1916.99
internal_count=133447 66712 59807 66735 18395 39245 18070 48340 6905 12545 21175 20562 9536 9645
is_linear=0
shrinkage=1


Tree=1
num_leaves=15
num_cat=0
split_feature=10 26 6 28 24 21 28 34 10 10 20 26 20 10
split_gain=8122.2 2130 1983.4 1845.56 1733.4 1386.33 1092.03 889.507 702.565 613.545 489.367 415.944 407.086 372.84
threshold=0.46640817821025854 1.8050000000000002 0.13129652291536334 1.0000000180025095e-35 0.030182745307683948 -0.059047469869256013 1.0000000180025095e-35 -0.038291429902634559 0.32217410206794744 0.79343691468238842 -0.053139906376600259 -1.3799999999999999 -0.084638353437185274 0.27668647468090063
decision_type=2 2 2 2 2 2 2 2 2 2 2 2 2 2
left_child=3 2 5 7 8 -2 -7 13 -5 11 -10 -4 -3 -1
right_child=1 12 9 4 -6 6 -8 -9 10 -11 -12 -13 -14 -15
leaf_value=-0.031919533446546994 -0.018347043130059713 0.002944734952284052 0.053836499005276962 -0.0068125293030626049 -0.032638664669627407 0.0061481409968425884 0.043241021981524443 -0.032107941059265413 -0.019127240542355633 0.049891711313170758 0.03728842382565211 0.014673056366748687 0.064188543674596824 0.0034510793187739887
leaf_weight=479.07215619087219 2344.3279939293861 148.61219999194145 401.43151333928108 963.59194953739643 1249.4298502653837 5244.4219233095646 1184.8883806318045 8058.3603247404099 208.61969594657421 1755.1274125427008 1516.9373571127653 1803.5813532322645 1336.6806995719671 1433.6059897691011
leaf_count=2449 10562 736 1982 4493 5850 25102 5421 38695 1067 8243 6985 8509 6157 7196
internal_value=-5.61083e-06 0.0185896 0.0139365 -0.0190142 0.00127052 0.00464251 0.0130407 -0.02702 0.0170879 0.0344638 0.0303969 0.0220138 0.0581214 -0.0055282
internal_weight=28128.7 14219.1 12733.8 13909.6 3938.58 8773.64 6429.31 9971.04 2689.15 3960.14 1725.56 2205.01 1485.29 1912.68
internal_count=133447 66712 59819 66735 18395 41085 30523 48340 12545 18734 8052 10491 6893 9645
is_linear=0
shrinkage=0.035


Tree=2
num_leaves=15
num_cat=0
split_feature=10 24 22 28 24 26 25 34 10 10 22 20 10 30
split_gain=7572.11 1932.12 1909.12 1750.39 1625.16 1330.29 1073.13 851.021 765.135 734.86 684.095 653.363 649.338 559.888
threshold=0.46640817821025854 0.027066921815276149 0.29119834303855902 1.0000000180025095e-35 0.030182745307683948 -1.02 1.4450000000000001 -0.038291429902634559 0.70021829009056102 0.82014557719230663 0.28411240875720983 -0.084638353437185274 0.28717823326587683 -1.0000000180025095e-35
decision_type=2 2 2 2 2 2 2 2 2 2 2 2 2 2
left_child=3 10 6 7 12 13 11 -1 -8 -7 -2 -3 -5 -4
right_child=1 2 5 4 -6 9 8 -9 -10 -11 -12 -13 -14 -15
leaf_value=-0.0053539680031350371 0.067959343273675754 -0.0035917309473401412 0.016446862936083093 -0.014221601199431553 -0.031940963287144825 -0.0022162433291563885 -0.022986545085131507 -0.031409487081129339 0.0070552055402309721 0.035340107756042204 0.010718047361843529 0.046758120880706577 0.025907389067884347 0.046062579348904661
leaf_weight=1908.3053261786699 1160.8893713057041 538.53656914830208 1074.540659815073 641.14645977318287 1232.5557499527931 2307.5160361677408 2491.8799856901169 7951.3703594505787 1769.1826519221067 871.68391360342503 332.61186438798904 748.48868617415428 2065.0107008367777 3020.4826866835356
leaf_count=9645 5316 2653 4909 3009 5850 11152 11356 38695 7943 4148 1589 3374 9536 14272
internal_value=-1.02676e-05 0.0178164 0.0134029 -0.018505 0.00121795 0.0251848 -0.00206218 -0.0263771 -0.010526 0.00815961 0.0553674 0.0258247 0.0163826 0.0383504
internal_weight=28114.2 14315.8 12822.3 13798.4 3938.71 7274.22 5548.09 9859.68 4261.06 3179.2 1493.5 1287.03 2706.16 4095.02
internal_count=133447 66712 59807 66735 18395 34481 25326 48340 19299 15300 6905 6027 12545 19181
is_linear=0
shrinkage=0.035


Tree=3
num_leaves=15
num_cat=0
split_feature=10 28 24 17 24 22 34 10 26 20 5 22 10 25
split_gain=7081.81 2264.44 2090.03 1395.96 1670.26 1241.58 1041.82 820.584 744.549 639.873 470.389 468.646 451.947 415.582
threshold=0.5092391073703767 1.0000000180025095e-35 0.030182745307683948 0.067068245261907591 0.027066921815276149 0.3397038877010346 -0.038291429902634559 0.32217410206794744 -1.02 -0.053139906376600259 0.12232716009020807 0.28411240875720983 0.32217410206794744 1.4450000000000001
decision_type=2 2 2 8 2 2 2 2 2 2 2 2 2 2
left_child=1 6 7 4 11 13 12 -3 -7 -9 -5 -2 -1 -6
right_child=3 2 -4 10 5 8 -8 9 -10 -11 -12 -13 -14 -15
leaf_value=-0.022364115053437505 0.06573112633536253 -0.0065705891775304798 -0.029289875130206946 0.026394291866066552 0.017992138384091232 0.03556960013489828 -0.02905545619273002 -0.019585317320322433 0.0011466537272724299 0.038345794341493836 0.050413997550120139 0.0058289416223870991 0.01045935277501827 -0.013385729071655592
leaf_weight=818.45271162688732 791.60907299816608 960.44934906065464 1491.0794189125299 2431.953816562891 609.7243625074625 1869.1945298761129 9072.7905144542456 257.21734185516834 1304.8907006233931 2052.80886285007 1747.071854621172 202.46664713323116 1343.5451689064503 3136.6498934179544
leaf_count=4197 3548 4493 7120 11140 2831 8662 44480 1311 6371 9187 8010 964 6707 14426
internal_value=-1.45091e-05 -0.0152909 0.00492998 0.0201878 0.0115223 0.00539357 -0.0238577 0.0205733 0.0214661 0.0318387 0.0365323 0.0537102 -0.00201216 -0.00824466
internal_weight=28089.9 15996.3 4761.55 12093.6 7914.54 6920.46 11234.8 3270.48 3174.09 2310.03 4179.03 994.076 2162 3746.37
internal_count=133447 77495 22111 55952 36802 32290 55384 14991 15033 10498 19150 4512 10904 17257
is_linear=0
shrinkage=0.035


Tree=4
num_leaves=15
num_cat=0
split_feature=10 26 17 28 24 22 24 28 34 10 21 20 24 10
split_gain=6639.95 1707.75 1974.04 1457.01 1355.35 1295.7 1131.71 892.833 748.599 532.223 500.1 445.613 338.073 327.952
threshold=0.45878767967224127 1.8050000000000002 0.067068245261907591 1.0000000180025095e-35 0.030182745307683948 0.3397038877010346 0.026834268122911457 1.0000000180025095e-35 -0.038291429902634559 0.28717823326587683 -0.059047469869256013 -0.053139906376600259 0.03199290111660958 0.27668647468090063
decision_type=2 2 8 2 2 2 2 2 2 2 2 2 2 2
left_child=3 2 5 8 9 6 -2 -7 13 -5 -4 -11 -10 -1
right_child=1 -3 10 4 -6 7 -8 -9 12 11 -12 -13 -14 -15
leaf_value=-0.030645963992176981 0.055856906618055549 0.049671548626214042 0.0092561906335567358 -0.013621739822192195 -0.031377251691166411 0.01056276982323486 -0.013567054421096743 0.056937259160584765 -0.033412534742790954 -0.022311820544804378 0.039012916197766104 0.028947920691164364 -0.011712905273455872 0.0029628822167630563
leaf_weight=467.16997666656971 296.75981917977333 1629.5326893180609 900.1299584209919 635.71328204870224 1145.1204110383987 3765.8802599906921 4652.2922303676605 579.48934799432755 6481.070486292243 227.95703744888306 3091.5854498445988 1759.5191123336554 1033.760518476367 1390.9989167153835
leaf_count=2449 1331 7204 3962 3009 5581 18133 21674 2424 32077 1170 14136 7842 5473 6982
internal_value=-1.82927e-05 0.0159586 0.0117895 -0.0181508 0.000231427 0.00293718 -0.00929995 0.0168637 -0.0255335 0.0140966 0.0323427 0.0229863 -0.030447 -0.00560567
internal_weight=28057 14915.7 13286.1 13141.3 3768.31 9294.42 4949.05 4345.37 9373 2623.19 3991.72 1987.48 7514.83 1858.17
internal_count=133447 68864 61660 64583 17602 43562 23005 20557 46981 12021 18098 9012 37550 9431
is_linear=0
shrinkage=0.035


Tree=5
num_leaves=15
num_cat=0
split_feature=10 28 24 18 24 22 34 10 26 23 26 10 24 21
split_gain=6205.51 2140.58 1956.99 1156.04 1137.84 1192.96 991.3 741.982 636.929 545.761 430.376 419.22 418.767 377.491
threshold=0.51868435740470897 1.0000000180025095e-35 0.030182745307683948 0.18117610365152362 0.027066921815276149 0.3397038877010346 -0.038291429902634559 0.32217410206794744 -1.02 0.2161265313625336 1.9550000000000003 0.33893714845180517 0.03199290111660958 0.074440684169530882
decision_type=2 2 2 2 2 2 2 2 2 2 2 2 2 2
left_child=1 6 7 4 13 10 11 -3 -7 -9 -6 -1 -8 -2
right_child=3 2 -4 -5 5 8 12 9 -10 -11 -12 -13 -14 -15
leaf_value=-0.018993414190084029 0.061334676589136078 -0.0063294713513095228 -0.027824907438463008 0.042113317467650478 -0.0051645901884928317 0.036224141077726167 -0.030545745972880747 0.038591299776892657 0.0073119932386974482 -0.0010482295300075597 0.030821803877661244 0.011691221609978561 -0.0086466937547159811 0.0068430818298638001
leaf_weight=941.33898042142391 753.21180401742458 957.12980146706104 1517.2937866449356 2206.1030461937189 4309.3359181135893 2276.0190385431051 7839.2017554938793 1926.9628714770079 1587.884994700551 544.58910632133484 439.49864180386066 1268.4346798658371 1249.7070636153221 199.06619328260422
leaf_count=4878 3268 4493 7400 9929 19794 10308 39001 8435 7633 2571 1928 6286 6583 940
internal_value=-2.19573e-05 -0.0140406 0.00515546 0.0193198 0.0140242 0.00997822 -0.0224407 0.0197887 0.0243921 0.029888 -0.00177633 -0.00140677 -0.0275475 0.0501331
internal_weight=28015.8 16244.7 4945.98 11771.1 9565.02 8612.74 11298.7 3428.68 3863.9 2471.55 4748.83 2209.77 9088.91 952.278
internal_count=133447 79647 22899 53800 43871 39663 56748 15499 17941 11006 21722 11164 45584 4208
is_linear=0
shrinkage=0.035


Tree=6
num_leaves=15
num_cat=0
split_feature=10 25 22 20 17 26 22 17 26 29 26 10 10 8
split_gain=5852.71 1502.96 2393.18 1127.38 1117.11 991.11 918.159 781.697 609.589 530.093 397.984 384.72 339.072 331.535
threshold=0.45112460851669317 1.4450000000000001 0.29119834303855902 -0.084638353437185274 0.055803904309868819 1.8050000000000002 0.39701244235038763 0.067068245261907591 -1.02 3.7500000000000004 -1.02 0.31423041224479681 0.33078506588935858 -0.20490381866693494
decision_type=2 2 2 2 8 2 2 8 2 2 2 2 2 2
left_child=5 3 7 -2 8 6 11 -3 -4 -8 -6 -1 -7 -11
right_child=1 2 4 -5 10 12 9 -9 -10 13 -12 -13 -14 -15
leaf_value=-0.037190990205218308 -0.0050003589133715033 -0.019984981997110522 0.020148464422444168 0.049210444380061384 0.043207684422758547 -0.014436279026547781 -0.012857198354867269 0.011956902647942563 -0.0070726855217138427 0.038538205522119597 0.02090819073041237 -0.021254695895244809 0.029822588780103368 -0.0080429835086078469
leaf_weight=2951.3898040652275 595.77128905057907 3293.3204892426729 2175.3757372349501 2184.5617882311344 2300.0742856711149 301.50907887518406 2632.2035002112389 1303.3113456070423 1862.8742498606443 459.77757816016674 1762.9040105342865 5172.5707238316536 667.01257994771004 306.23026587069035
leaf_count=14934 2927 15444 9930 9429 10287 1459 13866 5669 9088 1987 8242 25797 3060 1328
internal_value=-2.46121e-05 0.0143541 0.0092347 0.0376178 0.020671 -0.0178397 -0.0206987 -0.010922 0.0076047 -0.00540177 0.0336071 -0.0270829 0.0160377 0.0200526
internal_weight=27968.9 15478.2 12697.9 2780.33 8101.23 12490.7 11522.2 4596.63 4038.25 3398.21 4062.98 8123.96 968.522 766.008
internal_count=133447 71016 58660 12356 37547 62431 57912 21113 19018 17181 18529 40731 4519 3315
is_linear=0
shrinkage=0.035


Tree=7
num_leaves=15
num_cat=0
split_feature=10 28 24 17 24 22 34 28 17 23 25 21 10 24
split_gain=5469.27 1353.71 1296.66 1703.62 1223.13 1071.2 714.533 684.825 480.153 488.71 424.283 416.924 405.154 325.708
threshold=0.46640817821025854 1.0000000180025095e-35 0.027066921815276149 0.064970862120389952 0.030182745307683948 0.3397038877010346 -0.038291429902634559 1.0000000180025095e-35 0.022059926763176921 0.2161265313625336 1.4450000000000001 0.074440684169530882 0.82014557719230663 0.03199290111660958
decision_type=2 2 2 8 2 2 2 2 8 2 2 2 2 2
left_child=1 6 11 5 8 10 -1 -7 -3 -10 -4 -2 -5 -8
right_child=2 4 3 12 -6 7 13 -9 9 -11 -12 -13 -14 -15
leaf_value=-0.004227932032925992 0.053701463582184077 -0.023721097959624342 0.012839362630752509 0.016853724711959856 -0.0290843102319117 0.0090601547657062215 -0.031348111871430995 0.050854141634391274 0.027740784615810889 -0.0097034235686015834 -0.014922673378302942 0.0095239489780494808 0.037701873631553688 -0.010183064755910734
leaf_weight=1880.0472437143326 1252.7886488437653 358.7672520428896 815.51144842803478 2160.1797087937593 1159.3458927869797 3340.3467264026403 6414.0678195357323 552.41738949716091 1860.6457974761724 547.69463559985161 3711.0599703043699 336.28529290854931 2481.83608263731 1048.3617828786373
leaf_count=9645 5316 1703 3702 9667 5850 15840 33052 2230 8205 2637 17473 1589 10895 5643
internal_value=-2.74051e-05 -0.0162985 0.0147104 0.0110585 0.000946144 0.00166404 -0.0235393 0.0151062 0.0135875 0.0192205 -0.00990376 0.0444705 0.0280572 -0.0283923
internal_weight=27919.4 13268.9 14650.4 13061.4 3926.45 8419.34 9342.48 3892.76 2767.11 2408.34 4526.57 1589.07 4642.02 7462.43
internal_count=133447 66735 66712 59807 18395 39245 48340 18070 12545 10842 21175 6905 20562 38695
is_linear=0
shrinkage=0.035


Tree=8
num_leaves=15
num_cat=0
split_feature=10 17 24 28 22 24 26 34 25 21 17 23 5 24
split_gain=5131.63 1291.17 1556.56 1129.92 1121.51 1025.44 716.371 623.276 484.002 482.773 420.905 413.703 390.641 287.524
threshold=0.45112460851669317 0.067068245261907591 0.027066921815276149 1.0000000180025095e-35 0.3397038877010346 0.030182745307683948 -1.02 -0.038291429902634559 1.4450000000000001 0.074440684169530882 0.022059926763176921 0.2161265313625336 0.12232716009020807 0.03199290111660958
decision_type=2 8 2 2 2 2 2 2 2 2 8 2 2 2
left_child=3 2 9 7 8 10 -6 -1 -4 -2 -5 -12 -3 -9
right_child=1 12 4 5 6 -7 -8 13 -10 -11 11 -13 -14 -15
leaf_value=-0.0052765678566139675 0.049131278295850789 0.020246122217979706 0.012478716975843376 -0.023358106395664574 0.026271425766732255 -0.029484474860416672 -0.0023900814735772005 -0.031421942093816546 -0.014687796867977238 -0.0012236376922320491 0.025461470641622644 -0.010746114389164821 0.041286700898918345 -0.010850961311526309
leaf_weight=1784.1708623021841 1230.7151381224394 2628.9324597865343 986.83369508385658 354.60395649075508 2603.5049392282963 1042.6113367080688 1804.1409027129412 5924.6309059411287 4161.7899879068136 286.64115032553673 1697.6142464578152 493.48691301047802 1876.2394796162844 984.16801336407661
leaf_count=9189 5185 11574 4490 1700 11645 5342 8827 31043 19767 1377 7438 2392 8151 5327
internal_value=-2.96959e-05 0.0133037 0.00686457 -0.0169402 0.00161916 -0.000412501 0.0145608 -0.0237542 -0.00946671 0.0396731 0.0115629 0.0172949 0.0290808 -0.0285115
internal_weight=27860.1 15578.8 11073.6 12281.3 9556.27 3588.32 4407.65 8692.97 5148.62 1517.36 2545.71 2191.1 4505.17 6908.8
internal_count=133447 71016 51291 62431 44729 16872 20472 45559 24257 6562 11530 9830 19725 36370
is_linear=0
shrinkage=0.035


Tree=9
num_leaves=15
num_cat=0
split_feature=10 26 22 5 25 22 20 26 29 10 26 10 11 8
split_gain=4816.78 1670.28 1045.29 929.307 884.724 1196.06 643.197 618.871 570.52 563.146 530.745 394 373.364 340.472
threshold=0.51868435740470897 1.8050000000000002 0.39701244235038763 0.12232716009020807 1.4450000000000001 0.29119834303855902 -0.084638353437185274 -1.02 3.7500000000000004 0.33078506588935858 -1.3799999999999999 0.33893714845180517 0.22025782614946368 -0.20490381866693494
decision_type=2 2 2 2 2 2 2 2 2 2 2 2 2 2
left_child=1 2 9 4 6 -6 -2 -7 12 -1 -11 -3 -4 -10
right_child=3 11 8 -5 5 7 -8 -9 13 10 -12 -13 -14 -15
leaf_value=-0.034133890424253834 -0.0052370093921772169 -0.012115764884685857 -0.021373114199208225 0.0336157064692321 -0.01167933239583974 0.028182176907933055 0.046093564133478038 0.0017027960315306686 0.038916189882815921 0.0079169496574005883 -0.020485178093278704 0.030905392010306797 0.0027054793168793381 -0.0037940886790552328
leaf_weight=3374.8760623037815 387.95021295547485 325.33548398315907 1484.4621913731098 2981.6300459504128 2888.0608899891376 2599.6642657518387 1267.4555124491453 1848.4376564472914 572.50696183741093 928.32487778365612 5880.1322847604752 1216.3298700004816 1666.662358134985 373.65923793613911
leaf_count=17759 1868 1584 7999 13105 13269 11488 5302 8768 2388 4611 29641 5364 8712 1589
internal_value=-3.22914e-05 -0.0127035 -0.0164417 0.016709 0.0110716 0.00583477 0.0341048 0.017207 -0.00150752 -0.0224432 -0.0166067 0.0218071 -0.00866943 0.0221858
internal_weight=27795.5 15822.3 14280.6 11973.2 8991.57 7336.16 1655.41 4448.1 4097.29 10183.3 6808.46 1541.67 3151.12 946.166
internal_count=133447 79647 72699 53800 40695 33525 7170 20256 20688 52011 34252 6948 16711 3977
is_linear=0
shrinkage=0.035


Tree=10
num_leaves=15
num_cat=0
split_feature=10 10 24 28 22 24 25 34 30 5 17 20 21 10
split_gain=4514.94 1196.94 1231.43 1035.99 969.478 939.504 678.72 588.353 440.681 413.184 387.763 387.529 351.118 278.752
threshold=0.45112460851669317 0.82014557719230663 0.027066921815276149 1.0000000180025095e-35 0.29119834303855902 0.030182745307683948 1.4450000000000001 -0.038291429902634559 1.0000000180025095e-35 0.056641761213541038 0.024444070644676689 -0.053139906376600259 0.074440684169530882 0.27668647468090063
decision_type=2 2 2 2 2 2 2 2 2 2 8 2 2 2
left_child=3 2 12 7 6 10 -4 13 -6 -3 -5 -12 -2 -1
right_child=1 9 4 5 8 -7 -8 -9 -10 -11 11 -13 -14 -15
leaf_value=-0.028402253681517622 0.045030439897233238 0.018941335900667308 0.01277732672142542 -0.015385252506314444 0.0041962342363189775 -0.028538583698082858 -0.01791230498767498 -0.027455413678209008 0.024050704817516002 0.041929068255370579 -0.022949460783742725 0.023666617183820411 0.0017915502817650788 0.0033239477213810303
leaf_weight=445.04766042530537 1178.3167265057564 2225.478129863739 1195.9723924994469 529.67810672521591 3521.5678096562624 1018.3528070300817 3297.798748165369 6735.1922525465488 2236.4608072340488 1715.1963564157486 240.72598774731159 1781.7341617792845 286.3468404263258 1326.5770105421543
leaf_count=2449 4900 9869 5374 2517 16616 5342 15646 36370 9896 7347 1287 7726 1368 6740
internal_value=-3.41347e-05 0.0123652 0.00674103 -0.0161057 0.00243691 -0.000279447 -0.00973433 -0.0227402 0.0119362 0.0290277 0.0110639 0.0180325 0.0366466 -0.00476064
internal_weight=27734.4 15657.1 11716.5 12077.3 10251.8 3570.49 4493.77 8506.82 5758.03 3940.67 2552.14 2022.46 1464.66 1771.62
internal_count=133447 71016 53800 62431 47532 16872 21020 45559 26512 17216 11530 9013 6268 9189
is_linear=0
shrinkage=0.035


Tree=11
num_leaves=15
num_cat=0
split_feature=10 28 24 34 18 24 26 22 10 17 10 23 23 21
split_gain=4250.77 1681.99 1590.86 883.168 766.472 638.549 776.643 603.914 576.618 438.186 372.152 359.231 327.523 299.196
threshold=0.53986722230911266 1.0000000180025095e-35 0.030182745307683948 -0.038291429902634559 0.20778869837522509 0.026834268122911457 -1.3799999999999999 0.36079606413841253 0.33893714845180517 0.037187391892075546 0.29682263731956487 0.2161265313625336 0.15545253455638888 -0.15558469295501706
decision_type=2 2 2 2 2 2 2 2 2 8 2 2 2 2
left_child=1 3 8 10 5 -2 -7 -8 -3 -5 -1 -10 -11 -4
right_child=4 2 13 9 -6 6 7 -9 11 12 -12 -13 -14 -15
leaf_value=-0.023835571435314996 0.043601133696317032 -0.0036624011030970925 0.0040926422705467504 -0.030546095397420155 0.03650937490405063 0.036218524896974115 -0.0021625812173625795 0.018827057850358854 0.033051518514220231 -0.0066470281558082042 0.0085841345408205569 0.00111418768397831 -0.027450812176518818 -0.032985210415121237
leaf_weight=567.98414869606495 730.2657001465559 1110.6948559582233 339.72280688583851 5118.7522240430117 1961.4515356719494 1153.4389152079821 4652.8885226398706 2615.8497808128595 2063.4072721749544 2353.5058049857616 1728.1621587872505 545.69288793206215 1529.1666968166828 1194.8550410866737
leaf_count=3125 3099 5199 1746 27832 8402 5257 21048 11690 8627 12379 8568 2580 7759 6136
internal_value=-3.62786e-05 -0.0112757 0.00507807 -0.0188795 0.0166978 0.0124167 0.00966431 0.00540659 0.017439 -0.023817 0.000496081 0.0264016 -0.0148899 -0.0248036
internal_weight=27665.8 16551.9 5254.37 11297.6 11113.9 9152.44 8422.18 7268.74 3719.8 9001.42 2296.15 2609.1 3882.67 1534.58
internal_count=133447 83951 24288 59663 49496 41094 37995 32738 16406 47970 11693 11207 20138 7882
is_linear=0
shrinkage=0.035


Tree=12
num_leaves=15
num_cat=0
split_feature=10 10 24 26 28 24 22 34 8 21 5 21 24 10
split_gain=3986.25 1055.41 1074.53 986.58 929.137 831.48 773.828 537.656 375.737 362.157 357.863 308.051 279.325 255.084
threshold=0.45112460851669317 0.82014557719230663 0.027066921815276149 -1.3799999999999999 1.0000000180025095e-35 0.030182745307683948 0.37421594560146337 -0.038291429902634559 -0.23681700229644773 -0.13325501978397367 0.056641761213541038 0.074440684169530882 0.03199290111660958 0.25387080013751989
decision_type=2 2 2 2 2 2 2 2 2 2 2 2 2 2
left_child=4 2 11 -4 7 8 -5 13 9 -6 -3 -2 -9 -1
right_child=1 10 3 6 5 -7 -8 12 -10 -11 -12 -13 -14 -15
leaf_value=-0.032855015294814029 0.041807227531604485 0.017695596132294888 0.029684964140256381 -0.009334446207708116 -0.015275702116668162 -0.027447754476187629 0.01260802921578914 -0.029320288326749822 -0.0087389272024356989 0.026893369773279895 0.038959180361941834 0.0014078084128034145 -0.0086890909007143989 0.001654122891755523
leaf_weight=309.89197358489037 1190.7764527648687 2245.0273737162352 1373.1896367967129 5952.3948722481728 295.48993150889874 990.12713144719601 2929.6789155453444 5602.065490886569 854.39457431435585 1417.1313201487064 1741.2240243554115 287.22949986159801 950.55332005023956 1455.155482724309
leaf_count=1749 4900 9869 6318 27840 1510 5342 13374 31043 3840 6180 7347 1368 5327 7440
internal_value=-3.81762e-05 0.0115209 0.00622377 0.00218872 -0.0153365 -0.000362006 -0.00209086 -0.0217324 0.0101512 0.0195712 0.0270579 0.0340184 -0.0263452 -0.00455566
internal_weight=27594.3 15719.5 11733.3 10255.3 11874.8 3557.14 8882.07 8317.67 2567.02 1712.62 3986.25 1478.01 6552.62 1765.05
internal_count=133447 71016 53800 47532 62431 16872 41214 45559 11530 7690 17216 6268 36370 9189
is_linear=0
shrinkage=0.035


Tree=13
num_leaves=15
num_cat=0
split_feature=10 32 22 5 32 10 22 29 21 30 11 10 24 8
split_gain=3741.42 1530.49 987.311 675.34 617.77 596.226 559.99 458.519 439.124 381.961 365.15 337.333 322.025 303.164
threshold=0.55143690109252941 0.045014584021852884 0.39701244235038763 0.12232716009020807 0.045014584021852884 0.33078506588935858 0.3397038877010346 3.7500000000000004 -0.059047469869256013 1.0000000180025095e-35 0.22025782614946368 0.33893714845180517 0.026834268122911457 -0.20490381866693494
decision_type=2 2 2 2 2 2 2 2 2 2 2 2 2 2
left_child=1 2 5 4 6 -1 12 10 -7 -8 -4 -3 -2 -9
right_child=3 11 7 -5 -6 8 9 13 -10 -11 -12 -13 -14 -15
leaf_value=-0.032312046440131144 0.046253025072102445 -0.011617089811250557 -0.019428626569212459 0.030704094762886672 0.038510341102936343 -0.028659229486292879 0.0097050128550570797 0.035660294228721481 -0.0092517673120485599 0.03569986448413813 0.0039238179373265753 0.027681146960720163 -0.0037739637219306186 -0.0032287269229945505
leaf_weight=3196.4474460035563 154.6479647308588 322.3028905838728 1435.5696347802877 2846.1176463514566 866.8594892770052 1916.7432846575975 2131.412592113018 620.08047915995121 5590.6449334323406 1024.079646140337 1889.8961205035448 1437.8761430382729 3689.8411512374878 399.84708067774773
leaf_count=17759 639 1584 8033 12172 3579 9878 9716 2518 28606 4307 9854 6186 16931 1685
internal_value=-3.97442e-05 -0.0103397 -0.0139534 0.0161163 0.0108063 -0.0196607 0.00732546 0.000118241 -0.0142383 0.0182275 -0.00618522 0.0204603 -0.00164681 0.0205311
internal_weight=27522.4 16809.4 15049.2 10713 7866.84 10703.8 6999.98 4345.39 7507.39 3155.49 3325.47 1760.18 3844.49 1019.93
internal_count=133447 86103 78333 47344 35172 56243 31593 22090 38484 14023 17887 7770 17570 4203
is_linear=0
shrinkage=0.035


Tree=14
num_leaves=15
num_cat=0
split_feature=10 17 25 22 20 28 24 31 34 8 4 23 20 24
split_gain=3523.18 1147.62 1342.42 1369.24 869.898 603.389 584.314 451.686 384.777 312.655 297.878 280.297 251.601 204.521
threshold=0.41339230537414556 0.064970862120389952 1.4450000000000001 0.29119834303855902 -0.084638353437185274 1.0000000180025095e-35 0.030374678783118728 0.0024204354616306216 -0.038291429902634559 -0.26719787716865534 0.11067561805248262 0.2161265313625336 -0.024338525719940659 0.03199290111660958
decision_type=2 8 2 2 2 2 2 2 2 2 2 2 2 2
left_child=5 2 4 -4 -2 8 9 -5 -1 11 12 -7 -3 -10
right_child=1 10 3 7 -6 6 -8 -9 13 -11 -12 -13 -14 -15
leaf_value=-0.0069451275406044524 -0.017718564212716375 0.0064148847349913725 -0.01985292715032979 0.01600368091088358 0.034757577523863256 0.02733805235847897 -0.031511485606458375 -0.0024312741780736836 -0.029988645108207545 -0.0099834678686260177 0.038446572339116858 -0.0098020691766862525 0.02491722973214466 -0.010463379006401877
leaf_weight=1487.8307197093964 462.89478129148483 1401.6790554374456 3536.3788325190544 3386.915705576539 2193.5689816176891 885.919702231884 676.22126346826553 3122.3652750104666 4534.4035533070564 899.66555941104889 1188.7313224971294 338.72646862268448 2551.9931591898203 784.74897646903992
leaf_count=7881 2361 6203 17645 15361 9125 3830 3745 15240 25898 4127 4955 1733 10886 4457
internal_value=-3.99111e-05 0.00915924 0.00350478 -0.00235275 0.0255813 -0.0171177 -0.00342676 0.00717066 -0.0227372 0.00561907 0.0230923 0.0170692 0.0183904 -0.0271331
internal_weight=27452 17844.5 12702.1 10045.7 2656.46 9607.52 2800.53 6509.28 6806.98 2124.31 5142.4 1224.65 3953.67 5319.15
internal_count=133447 81776 59732 48246 11486 51671 13435 30601 38236 9690 22044 5563 17089 30355
is_linear=0
shrinkage=0.035


Tree=15
num_leaves=15
num_cat=0
split_feature=10 17 28 24 28 24 26 34 20 8 10 20 22 20
split_gain=3314.97 901.55 1100.35 1105.04 806.709 728.8 672.304 495.327 418.642 451.973 394.905 329.781 301.451 274.681
threshold=0.45112460851669317 0.057112496346235282 1.0000000180025095e-35 0.030182745307683948 1.0000000180025095e-35 0.030583227984607223 -1.3799999999999999 -0.038291429902634559 -0.084638353437185274 -0.31213590502738947 0.82014557719230663 -0.084638353437185274 0.36079606413841253 -0.053139906376600259
decision_type=2 8 2 2 2 2 2 2 2 2 2 2 2 2
left_child=4 2 6 13 7 8 -2 -1 -6 -10 11 -3 -8 -4
right_child=1 10 3 -5 5 -7 12 -9 9 -11 -12 -13 -14 -15
leaf_value=-0.0038321112297568473 0.02156023937712518 -0.011514434444794658 -0.014569190484557536 -0.017865153893704671 -0.022637664249200624 -0.033658421390311499 -0.018685333436819183 -0.024912819770882572 0.028868260337361982 -0.0013635797264421583 0.028649404046771777 0.016322011741895497 -0.00088061398003531064 0.036229383686326659
leaf_weight=1746.6656409353018 891.87112697958946 605.65264953672886 134.29288958013058 687.11728024482727 470.64288839697838 644.18062168359756 2827.7841017395258 6312.3518184572458 1153.6960083693266 1261.7650811672211 3191.1153142005205 3476.9103190153837 1977.7734691500664 1990.8249363452196
leaf_count=9189 4109 2872 694 3296 2649 3604 13868 36370 4990 5629 13446 15277 9413 8041
internal_value=-4.17391e-05 0.0103927 0.00265286 0.0205271 -0.014249 -0.000293647 -0.00619033 -0.0203543 0.0072439 0.0131355 0.0194317 0.0121744 -0.0113747 0.0329661
internal_weight=27372.6 15783.3 8509.66 2812.24 11589.3 3530.28 5697.43 8059.02 2886.1 2415.46 7273.68 4082.56 4805.56 2125.12
internal_count=133447 71016 39421 12031 62431 16872 27390 45559 13268 10619 31595 18149 23281 8735
is_linear=0
shrinkage=0.035


Tree=16
num_leaves=15
num_cat=0
split_feature=17 28 24 20 28 26 24 8 17 22 23 17 18 26
split_gain=3078.24 1587.29 1071.97 844.49 840.635 868.831 602.39 534.303 533.915 518.982 442.545 289.903 239.746 224.845
threshold=0.042827947065234191 1.0000000180025095e-35 0.030182745307683948 -0.084638353437185274 1.0000000180025095e-35 -1.3799999999999999 0.030583227984607223 -0.22903476655483243 0.075222354382276549 0.42348992824554449 0.2161265313625336 0.03251412324607373 0.20778869837522509 -1.3799999999999999
decision_type=8 2 2 2 2 2 2 2 8 2 2 10 2 2
left_child=1 9 7 12 5 -5 -6 10 -7 11 -3 -1 -2 -13
right_child=3 2 -4 4 6 8 -8 -9 -10 -11 -12 13 -14 -15
leaf_value=-0.032236769293137089 -0.015804526970719417 0.030096402362517448 -0.029544892982747803 0.029273367137255937 0.036646424963183669 -0.0017754796937667664 -0.0036528234088719523 -0.0087199246155775546 0.020326206142947494 -0.0042691647961650113 -0.012616943288389665 0.0023733065020350736 0.027927147456153691 -0.021701052133656584
leaf_weight=3463.0373389273882 1588.9876633137465 1982.2785449326038 819.23732757568359 2019.6149947345257 2643.0636037141085 5684.3880430161953 546.21573749184608 838.79085285961628 1740.9442606121302 1877.82592920959 343.494295373559 561.50207555294037 160.74529841542244 3018.1404560059309
leaf_count=19982 7938 8298 4521 9176 10713 27538 2458 3758 7342 10110 1699 2821 704 16389
internal_value=-4.37015e-05 -0.0124495 0.00590898 0.0110869 0.0142426 0.00897873 0.0297547 0.0151514 0.00342685 -0.0206457 0.023761 -0.025 -0.0116511 -0.0179287
internal_weight=27288.3 12904.3 3983.8 14384 12634.2 9444.95 3189.28 3164.56 7425.33 8920.51 2325.77 7042.68 1749.73 3579.64
internal_count=133447 67578 18276 65869 57227 44056 13171 13755 34880 49302 9997 39192 8642 19210
is_linear=0
shrinkage=0.035


Tree=17
num_leaves=15
num_cat=0
split_feature=10 17 25 22 20 26 17 22 4 25 20 26 25 8
split_gain=2990.72 1046.87 1225.01 1092.28 622.302 525.62 452.047 419.931 396.606 356.704 340.554 217.469 213.075 176.895
threshold=0.39163249731063848 0.057112496346235282 1.4450000000000001 0.29119834303855902 -0.084638353437185274 -1.02 0.024444070644676689 0.39701244235038763 0.096711289137601866 1.4450000000000001 -0.074349697679281221 -1.3799999999999999 4.4500000000000011 -0.34931863844394678
decision_type=2 8 2 2 2 2 8 2 2 2 2 2 2 2
left_child=6 2 4 -4 -2 -5 -1 9 10 -8 -3 -12 -9 -14
right_child=1 8 3 5 -6 -7 7 12 -10 -11 11 -13 13 -15
leaf_value=-0.031459342784908563 -0.01875223235492508 -0.0042369344207925669 -0.021817244275546464 0.013122108920482352 0.030042533461385457 -0.007743142459279425 0.00069647896941293951 -0.020267037578375387 0.032453416959877204 -0.0241056437754654 0.033026112339018053 0.013701142279306891 0.027771497045106716 0.00011266561359732726
leaf_weight=2167.8427687436342 370.32857166230679 1098.2776698321104 3111.4969463795424 3276.6778687685728 2103.7620105296373 2680.0612213611603 903.54486761987209 410.78691095113754 1714.8400493115187 3302.5267441868782 878.30197502672672 3829.469638466835 390.62470556795597 967.17607854306698
leaf_count=12377 1974 5077 16208 14869 8686 13831 4395 2451 7190 19092 3846 16553 1932 4966
internal_value=-4.5174e-05 0.00753887 0.0009147 -0.00504546 0.0226927 0.00373715 -0.0177884 -0.0127837 0.0176903 -0.0187887 0.0132816 0.0173689 0.00152252 0.00821468
internal_weight=27205.7 19063.2 11542.3 9068.24 2474.09 5956.74 8142.5 5974.66 7520.89 4206.07 5806.05 4707.77 1768.59 1357.8
internal_count=133447 88234 55568 44908 10660 28700 45213 32836 32666 23487 25476 20399 9349 6898
is_linear=0
shrinkage=0.035


Tree=18
num_leaves=15
num_cat=0
split_feature=10 28 24 22 11 5 25 22 10 26 20 26 20 21
split_gain=2830.17 1208.89 1158.77 673.428 652.715 514.795 476.004 656.365 440.352 356.272 351.838 320.163 307.334 247.381
threshold=0.55143690109252941 1.0000000180025095e-35 0.030182745307683948 0.29119834303855902 0.22505683451890948 0.12232716009020807 1.4450000000000001 0.26176579296588903 0.28717823326587683 -1.02 -0.053139906376600259 -0.83499999999999985 -0.084638353437185274 -0.15558469295501706
decision_type=2 2 2 2 2 2 2 2 2 2 2 2 2 2
left_child=1 3 8 -1 -5 6 12 -8 -3 -9 -10 -6 -2 -4
right_child=5 2 13 4 11 -7 7 9 10 -11 -12 -13 -14 -15
leaf_value=-0.029160817487911446 -0.0018805284452264152 -0.012462600860988949 0.0038298675374729878 -0.022045077460826581 0.0047060974202457143 0.026451044115551915 -0.01147112236067227 0.020684531492403756 -0.015984931651151869 0.00064270037782173284 0.023206490895435822 -0.015856967116072349 0.036642540506230718 -0.029763691705193721
leaf_weight=3278.5178697109222 330.15507717430592 620.87268839776516 348.30202834308147 3265.947900801897 3104.1811999827623 2896.125321239233 1997.3388546854258 2680.2542518377304 302.88716189563274 1823.7721778452396 2961.7484622597694 1311.0777655541897 1072.0088040530682 1132.2325744181871
leaf_count=18562 1596 3009 1794 19312 15851 12172 9243 11480 1675 8509 12200 7377 4344 6323
internal_value=-4.62523e-05 -0.00923934 0.00436664 -0.0158989 -0.0102079 0.0138466 0.00920028 0.00519074 0.0144012 0.0125886 0.0195327 -0.00142198 0.0276228 -0.021888
internal_weight=27125.4 16325.8 5366.04 10959.7 7681.21 10799.7 7903.53 6501.37 3885.51 4504.03 3264.64 4415.26 1402.16 1480.53
internal_count=133447 86103 25001 61102 42540 47344 35172 29232 16884 19989 13875 23228 5940 8117
is_linear=0
shrinkage=0.035


Tree=19
num_leaves=15
num_cat=0
split_feature=10 10 26 26 22 17 22 25 5 25 20 8 20 26
split_gain=2672.82 954.493 969.257 869.541 805.23 431.746 392.922 320.025 245.358 195.522 172.94 159.96 150.474 140.077
threshold=0.39163249731063848 0.82014557719230663 1.8050000000000002 -1.3799999999999999 0.37421594560146337 0.024444070644676689 0.39701244235038763 1.4450000000000001 0.056641761213541038 4.4500000000000011 -0.084638353437185274 -0.34931863844394678 -0.084638353437185274 -0.9750000000000002
decision_type=2 2 2 2 2 8 2 2 2 2 2 2 2 2
left_child=5 2 3 -2 -5 -1 7 12 -3 -8 -4 -11 -7 -9
right_child=1 8 10 4 -6 6 9 13 -10 11 -12 -13 -14 -15
leaf_value=-0.030586588314847389 0.02196396612072293 0.014378803240130722 -0.0064192680478187547 -0.011062641175987705 0.0085142348448764317 -0.021715081953962247 -0.019406302700895713 -0.015677982836699474 0.031784295670115925 0.026577056328861291 0.029282753690363487 0.00033367000794383011 0.0094040968408339674 -0.030457880908408869
leaf_weight=2108.9906321465969 1812.4013127982616 2283.4660817980766 179.79909798502922 7225.9100411832333 3985.6869220733643 258.07314249873161 402.39884978532791 1604.7406782507896 1788.9931579977274 393.9538858383894 1765.463295429945 963.14750264585018 646.49611796438694 1615.3477894365788
leaf_count=12377 8316 9869 903 35930 18714 1498 2451 9077 7347 1932 7155 4966 2897 10015
internal_value=-4.78836e-05 0.00708221 0.00298888 -0.000460404 -0.00410174 -0.0170212 -0.0121155 -0.0180107 0.022084 0.00172788 0.0259669 0.00809056 0.000385452 -0.0231636
internal_weight=27034.9 19041.7 14969.3 13024 11211.6 7993.15 5884.16 4124.66 4072.46 1759.5 1945.26 1357.1 904.569 3220.09
internal_count=133447 88234 71018 62960 54644 45213 32836 23487 17216 9349 8058 6898 4395 19092
is_linear=0
shrinkage=0.035


Tree=20
num_leaves=15
num_cat=0
split_feature=17 28 10 24 20 28 24 22 8 22 23 5 32 22
split_gain=2528.47 1087.28 909.233 648.516 549.012 878.091 462.537 456.395 439.02 367.613 304.07 296.48 191.084 365.408
threshold=0.038538319990038879 1.0000000180025095e-35 0.63855746388435375 0.030182745307683948 -0.084638353437185274 1.0000000180025095e-35 0.030583227984607223 0.29119834303855902 -0.22123399376869199 0.42348992824554449 0.2161265313625336 0.12232716009020807 0.042560839849552619 0.26176579296588903
decision_type=8 2 2 2 2 2 2 2 2 2 2 2 2 2
left_child=1 9 4 8 -2 7 -7 -6 10 -1 -3 12 13 -4
right_child=2 3 11 -5 5 6 -8 -9 -10 -11 -12 -13 -14 -15
leaf_value=-0.026155598053342485 -0.020921725382429465 0.024644528474083639 -0.0057130780519710454 -0.0295083685929039 -0.018044729460688913 0.028665380224388588 -0.017330930696050691 0.0032776312000773397 -0.013751166010143997 -0.0065355520518061809 -0.016965814835399381 0.027519490696531992 0.028047812375347661 0.016273314534511661
leaf_weight=5329.5369281470776 1214.6417067795992 1647.2425431311131 1328.1519565284252 597.19023154675961 1720.5992704629898 1989.9608204811811 302.41907322406769 4241.0228866487741 657.27507816255093 1508.403993293643 240.05385947227478 2359.4839659929276 808.46866630017757 3016.3318267762661
leaf_count=31535 6595 6903 5982 3510 9134 8096 1523 21282 3015 8319 1218 9767 3417 13151
internal_value=-4.85886e-05 -0.014022 0.00816695 0.00301628 0.000949355 0.00418928 0.0225485 -0.00289618 0.0107352 -0.0218434 0.0192904 0.0172506 0.0125044 0.00955417
internal_weight=26960.8 9979.7 16981.1 3141.76 9468.64 8254 2292.38 5961.62 2544.57 6837.94 1887.3 7512.44 5152.95 4344.48
internal_count=133447 54500 78947 14646 46630 40035 9619 30416 11136 39854 8121 32317 22550 19133
is_linear=0
shrinkage=0.035


Tree=21
num_leaves=15
num_cat=0
split_feature=11 24 22 6 4 26 22 26 25 30 26 11 21 23
split_gain=2384.56 817.001 1062.97 603.872 564.772 552.601 458.121 397.58 283.221 261.166 239.566 220.295 160.049 158.249
threshold=0.28039687871932989 0.027066921815276149 0.3397038877010346 0.058812357485294349 0.085952844470739379 1.9550000000000003 0.39701244235038763 -1.02 1.4450000000000001 -1.0000000180025095e-35 -1.02 0.18070930242538455 0.074440684169530882 0.078851927071809783
decision_type=2 2 2 2 2 2 2 2 2 2 2 2 2 2
left_child=4 12 3 5 6 -3 8 9 -1 -4 11 -8 -2 -10
right_child=1 2 7 -5 -6 -7 10 -9 13 -11 -12 -13 -14 -15
leaf_value=-0.0053285772769513717 0.032882448215346263 -0.012303277960673634 0.0078872786605103558 0.014830978906585216 0.010349142811176919 0.017189582364931285 -0.015170104560226643 0.0053498910114304762 0.0099912766441424619 0.029008291289580775 -0.016718616871948477 0.011017395937059613 0.0053539121166532103 -0.02585395530769715
leaf_weight=1121.7186975032091 1755.4907391667366 5436.6549942493439 984.15512682497501 1798.2518747597933 1117.875832632184 899.00006777048111 553.49917347729206 2487.7535203844309 150.6368815600872 2729.7864592820406 1232.1114774942398 1296.002684533596 308.21727085113525 5000.210236415267
leaf_count=5513 7174 27209 4249 7889 5539 3824 2920 11862 663 11617 7308 6075 1496 30109
internal_value=-4.99648e-05 0.00828003 0.00530561 -0.00301676 -0.0130902 -0.00809788 -0.0158994 0.0162082 -0.0213224 0.0234477 -0.00482789 0.00314085 0.0288167 -0.0247883
internal_weight=26871.4 16399.3 14335.6 8133.91 10472.1 6335.66 9354.18 6201.7 6272.57 3713.94 3081.61 1849.5 2063.71 5150.85
internal_count=133447 75320 66650 38922 58127 31033 52588 27728 36285 15866 16303 8995 8670 30772
is_linear=0
shrinkage=0.035


Tree=22
num_leaves=15
num_cat=0
split_feature=17 28 10 24 33 28 28 22 8 22 5 22 23 25
split_gain=2300.61 911.343 850.259 522.828 457.877 536.855 497.595 461.595 398.768 313.103 277.277 241.661 241.178 225.31
threshold=0.037187391892075546 1.0000000180025095e-35 0.63855746388435375 0.030182745307683948 -0.067435648233345621 -0.95208326663631604 1.0000000180025095e-35 0.13634788990020755 -0.22903476655483243 0.42348992824554449 0.13585231453180316 0.27970407903194433 0.2161265313625336 4.2150000000000007
decision_type=8 2 2 2 2 2 2 2 2 2 2 2 2 2
left_child=1 9 4 8 5 13 11 -8 12 -1 -4 -6 -3 -2
right_child=2 3 10 -5 6 -7 7 -9 -10 -11 -12 -13 -14 -15
leaf_value=-0.026355726096169329 -0.013043476495749629 0.022853529207265074 0.01175722827494655 -0.029204131796231089 -0.019540417008348028 -0.021970753237025145 -0.0013989166763635388 0.028336597226878264 -0.014201883471061204 -0.0074121045619243249 0.026483926694029061 0.0032474023287224619 -0.017216920754642897 0.0090220937338294071
leaf_weight=4738.3532503396273 799.67139956355095 1479.7436812371016 5397.7866426557302 530.05718141794205 774.57525451481342 1869.4886266589165 989.89169298112392 1792.0597200840712 646.77523969113827 1391.9130078703165 2218.330105677247 2077.5559870749712 202.53480340540409 1881.7142632454634
leaf_count=28950 4342 6183 23554 3217 4177 10058 4921 7206 2997 7750 9134 10454 1043 9461
internal_value=-4.95647e-05 -0.0144732 0.00723829 0.00184286 0.000620522 -0.00762737 0.00728439 0.0177888 0.00900332 -0.0220735 0.0160757 -0.00298791 0.0179561 0.00241745
internal_weight=26790.5 8989.38 17801.1 2859.11 10185 4550.87 5634.08 2781.95 2329.05 6130.27 7616.12 2852.13 1682.28 2681.39
internal_count=133447 50140 83307 13440 50619 23861 26758 12127 10223 36700 32688 14631 7226 13803
is_linear=0
shrinkage=0.035


Tree=23
num_leaves=15
num_cat=0
split_feature=10 17 28 24 26 17 10 23 22 20 28 20 25 28
split_gain=2181.48 826.683 949.071 902.439 653.687 362.1 341.992 333.864 318.588 292.615 271.908 237.218 213.443 136.419
threshold=0.37724879384040838 0.055803904309868819 1.0000000180025095e-35 0.030182745307683948 -1.3799999999999999 0.024444070644676689 0.98229244351387035 0.14535007625818255 0.39701244235038763 -0.084638353437185274 1.0000000180025095e-35 -0.053139906376600259 1.4450000000000001 1.0000000180025095e-35
decision_type=2 8 2 2 2 8 2 2 2 2 2 2 2 2
left_child=5 2 4 11 -2 -1 9 -6 12 -3 -11 -4 -7 -10
right_child=1 6 3 -5 7 8 -8 -9 13 10 -12 -13 -14 -15
leaf_value=-0.029550855119041538 0.015087236135945977 -0.0083968133085478725 -0.012780851602530598 -0.016354816514767206 -0.003997556655759185 -0.0012234282192923405 0.027855942023458397 -0.019984682922783832 -0.0046781724603088912 0.0091092577007732475 0.027449238950132716 0.025586404088046036 -0.022394837521432648 0.019066513460214877
leaf_weight=1980.3041809797287 1325.2492122203112 852.2864652723074 206.17948293685913 924.89875215291977 3271.4587549567223 747.38201227784157 1812.4689496308565 3134.037830889225 1156.7849760055542 4085.5954954624176 1305.6445468664169 2848.020292788744 2667.172048419714 387.39443209767342
leaf_count=12205 6236 4138 1151 4945 16838 3692 7457 17044 6738 18038 5262 11431 16700 1572
internal_value=-5.10017e-05 0.00587665 -6.24402e-05 0.013806 -0.00720928 -0.0169201 0.0144988 -0.0118386 -0.0118265 0.010583 0.0135934 0.0229631 -0.0177779 0.0013631
internal_weight=26704.9 19765.8 11709.8 3979.1 7730.75 6939.04 8056 6405.5 4958.73 6243.53 5391.24 3054.2 3414.55 1544.18
internal_count=133447 92540 57645 17527 40118 40907 34895 33882 28702 27438 23300 12582 20392 8310
is_linear=0
shrinkage=0.035


Tree=24
num_leaves=15
num_cat=0
split_feature=17 28 17 20 28 26 33 33 8 23 34 20 17 26
split_gain=2059.08 828.402 660.426 606.097 881.852 582.839 529.928 387.095 357.63 237.311 218.322 169.469 146.832 139.56
threshold=0.037187391892075546 1.0000000180025095e-35 0.067068245261907591 -0.084638353437185274 1.0000000180025095e-35 -1.3799999999999999 -0.067435648233345621 -0.067435648233345621 -0.31213590502738947 0.2161265313625336 -0.040110003302159407 0.0026101621333509688 0.027312697842717174 -1.3799999999999999
decision_type=8 2 8 2 2 2 2 2 2 2 2 2 10 2
left_child=1 10 3 -2 5 -5 -6 -3 9 -9 -1 13 -10 -4
right_child=2 7 11 4 6 -7 -8 8 12 -11 -12 -13 -14 -15
leaf_value=-0.0054635208051978757 -0.019459060527064361 -0.029042045379548451 0.02866984613256494 0.017090944466833857 -0.014093800008497458 -0.0054752981826563648 0.026504393690914837 0.026647082834080946 -0.020163303141186587 -0.014419904841570349 -0.024061836263741455 0.02507113060820907 0.0045252370035694517 0.0079089413119322362
leaf_weight=920.00667372345924 1345.172322794795 416.72421850264072 480.96514114737511 1767.5543219149113 452.25769121944904 6627.4266505539417 2775.9036138802767 1051.7151625752449 532.64275103807449 199.16025592386723 5073.9133125543594 2185.4684312641621 640.46858721971512 2145.0873033553362
leaf_count=4999 7466 2602 2066 8243 2262 34057 11169 4342 2629 1079 31701 8933 2788 9111
internal_value=-5.1456e-05 -0.013853 0.00681034 0.00269615 0.00527475 -0.000709318 0.0207907 0.00171349 0.00709848 0.020046 -0.021221 0.0178705 -0.0067601 0.0118057
internal_weight=26614.5 8834.63 17779.8 12968.3 11623.1 8394.98 3228.16 2840.71 2423.99 1250.88 5993.92 4811.52 1173.11 2626.05
internal_count=133447 50140 83307 63197 55731 42300 13431 13440 10838 5421 36700 20110 5417 11177
is_linear=0
shrinkage=0.035


Tree=25
num_leaves=15
num_cat=0
split_feature=10 10 28 24 26 23 10 20 22 25 23 5 22 25
split_gain=1958.66 731.554 708.141 1067.32 950.242 477.392 305.316 281.253 219.23 233.458 192.79 187.158 120.813 112.785
threshold=0.37724879384040838 0.82014557719230663 1.0000000180025095e-35 0.030182745307683948 -1.3799999999999999 0.14535007625818255 0.27668647468090063 -0.053139906376600259 0.39701244235038763 1.4450000000000001 0.39969968795776373 0.056641761213541038 0.28411240875720983 4.4500000000000011
decision_type=2 2 2 2 2 2 2 2 2 2 2 2 2 2
left_child=6 2 4 7 -2 -6 -1 -4 9 -8 -5 -3 -11 -10
right_child=1 11 3 10 5 -7 8 -9 13 12 -12 -13 -14 -15
leaf_value=-0.026295775672941994 0.01866271844034512 0.011963108553841098 -0.0089892396207389633 -0.01618743596346988 -0.00029407589208695306 -0.017052291270053224 0.0013362256803781303 0.025575298833621186 -0.017079748918075101 -0.032139176714920198 0.018819468986308787 0.027083089929776507 -0.015287676915538905 0.0066796218795471705
leaf_weight=2386.0825345218182 1945.8602690696716 2306.7705308198929 310.04304692149162 1388.4915375560522 4281.5192614495754 4044.7800358980894 736.30402798950672 3412.9728156030178 310.22517742216587 811.90933085978031 214.93505346775055 1806.0735522210598 1538.7368457019329 1028.7558732926846
leaf_count=15071 8879 9869 1714 7297 21444 21445 3563 13617 1992 5302 928 7347 9744 5235
internal_value=-5.17755e-05 0.0055401 0.0020731 0.0124168 -0.00329733 -0.00844563 -0.016217 0.0226805 -0.0107364 -0.0158526 -0.0114073 0.0186523 -0.0212196 0.00108907
internal_weight=26523.5 19711.4 15598.6 5326.44 10272.2 8326.3 6812.01 3723.02 4425.93 3086.95 1603.43 4112.84 2350.65 1338.98
internal_count=133447 92540 75324 23556 51768 42889 40907 15331 25836 18609 8225 17216 15046 7227
is_linear=0
shrinkage=0.035


Tree=26
num_leaves=15
num_cat=0
split_feature=17 28 10 24 8 22 20 28 26 24 18 21 20 28
split_gain=1864.47 865.272 605.391 556.958 355.5 338.656 330.131 444.278 313.719 272 260.823 222.458 214.206 220.552
threshold=0.039925772696733482 1.0000000180025095e-35 0.5902012586593629 0.030182745307683948 -0.21317493170499799 0.42348992824554449 -0.084638353437185274 1.0000000180025095e-35 -1.3799999999999999 0.030583227984607223 0.20778869837522509 -0.13325501978397367 -0.074349697679281221 1.0000000180025095e-35
decision_type=8 2 2 2 2 2 2 2 2 2 2 2 2 2
left_child=1 5 6 4 11 -1 -2 8 -8 -9 12 -3 -4 -14
right_child=2 3 10 -5 -6 -7 7 9 -10 -11 -12 -13 13 -15
leaf_value=-0.022781842780229523 -0.018772525351913625 -0.021199840456283602 -0.0056294781843372489 -0.027152176836882723 -0.012817604449847675 -0.0044191693463747133 0.013587562952191804 0.022681298937520782 -0.007879046238330599 -0.018795902111483478 0.025227444530713385 0.02005396921223165 0.0090429347428925763 0.024882183404380216
leaf_weight=5412.2624723762274 980.37854041159153 166.45634825527668 877.40533803403378 603.90223337709904 647.29962307214737 1598.6374719589949 1081.8603380471468 1578.9671446681023 3523.9611155241728 212.91083633899689 1869.2766788750887 1931.3538452684879 4534.1045157462358 1412.6870797425508
leaf_count=34093 5624 926 4059 3824 3008 8950 5075 6362 18978 1140 7655 8059 20006 5688
internal_value=-5.24115e-05 -0.0116241 0.00740942 0.00300601 0.00971504 -0.018607 3.37842e-05 0.00294045 -0.00281825 0.017676 0.0136618 0.0166955 0.0104615 0.0128411
internal_weight=26431.5 10359.9 16071.6 3349.01 2745.11 7010.9 7378.08 6397.7 4605.82 1791.88 8693.47 2097.81 6824.2 5946.79
internal_count=133447 58860 74587 15817 11993 43043 37179 31555 24053 7502 37408 8985 29753 25694
is_linear=0
shrinkage=0.035


Tree=27
num_leaves=15
num_cat=0
split_feature=17 28 23 33 20 24 11 8 17 21 24 22 28 29
split_gain=1769.93 642.545 612.573 671.294 452.51 359.717 354.33 313.364 290.638 273.563 262.466 253.836 150.245 147.662
threshold=0.035863010212779052 1.0000000180025095e-35 0.14535007625818255 -0.067435648233345621 -0.053139906376600259 0.030182745307683948 0.35082395374774938 -0.31213590502738947 0.075222354382276549 -0.15558469295501706 0.030182745307683948 0.42348992824554449 1.0000000180025095e-35 3.4500000000000006
decision_type=8 2 2 2 2 2 2 2 8 2 2 2 2 2
left_child=1 11 6 8 9 7 10 -3 13 -5 12 -1 -2 -4
right_child=2 5 3 4 -6 -7 -8 -9 -10 -11 -12 -13 -14 -15
leaf_value=-0.025257341236158439 0.007536564834403142 0.01956843073957382 0.0033453130677742063 0.010759633992841152 0.015793094599753008 -0.027904264877695342 0.020206495726432155 -0.0073017971924587621 0.0082137746501850933 -0.016584125921686975 -0.0017819661638829116 -0.0070906973954147495 0.02600918874529912 -0.017262305039160732
leaf_weight=4019.902323782444 1431.7446046918631 1077.6054299473763 489.26890686154366 737.9995995759964 3412.9189459234476 443.21145844459534 4002.0346449911594 1032.33303424716 846.91625484824181 1110.9556702375412 2492.0156441628933 1242.4927970468998 867.70685777068138 3134.6995162963867
leaf_count=26411 7170 4577 2495 3656 14911 2912 17120 4761 3496 5754 12932 7119 3372 16761
internal_value=-5.29335e-05 -0.0140106 0.00583966 -0.00021138 0.00825449 0.000400013 0.0125297 0.00644916 -0.0101712 -0.00567086 0.00608892 -0.0209896 0.0145897 -0.0144785
internal_weight=26341.8 7815.55 18526.3 9732.76 5261.87 2553.15 8793.5 2109.94 4470.88 1848.96 4791.47 5262.4 2299.45 3623.97
internal_count=133447 45780 87667 47073 24321 12250 40594 9338 22752 9410 23474 33530 10542 19256
is_linear=0
shrinkage=0.035


Tree=28
num_leaves=15
num_cat=0
split_feature=10 10 25 22 20 4 31 22 25 22 8 25 3 20
split_gain=1702.27 684.783 554.742 852.294 349.116 334.274 283.021 251.671 227.582 373.762 213.158 147.31 131.898 130.38
threshold=0.35467366874217993 0.5902012586593629 1.4450000000000001 0.29119834303855902 -0.084638353437185274 0.096711289137601866 0.0066205494171276422 0.37421594560146337 1.4450000000000001 0.26176579296588903 -0.39684268832206721 1.4450000000000001 0.45423644781112676 -0.084638353437185274
decision_type=2 2 2 2 2 2 2 2 2 2 2 2 2 2
left_child=7 2 4 -4 -2 8 -5 11 13 -10 -9 -1 -12 -3
right_child=1 5 3 6 -6 -7 -8 10 9 -11 12 -13 -14 -15
leaf_value=-0.010513823239382408 -0.013044086051159302 0.0016305424032278051 -0.021607279935066528 0.0070885551746339035 0.018872350728466773 0.025005718722478785 -0.0094750585583883613 0.013527513215933472 -0.0081421827297475085 0.010786030964548884 -0.014803348793090107 -0.028139069235342574 0.049892301090142095 0.02918272051540249
leaf_weight=791.04116608202457 513.82607065141201 278.16491149365902 2753.7311780750751 4062.7973386347294 2145.2729855179787 1805.432298257947 1822.4791637957096 427.32628284394741 1738.1998022943735 4753.4192817807198 1905.1652115732431 2365.2584937810898 29.852219000458717 869.54378387331963
leaf_count=4114 2927 1334 16330 19783 8793 7438 10278 2445 8038 20552 11414 16304 171 3526
internal_value=-5.31179e-05 0.00454447 -0.00127051 -0.00557397 0.0126793 0.0114945 0.00195197 -0.017311 0.00827283 0.00571307 -0.00861874 -0.0237689 -0.0135539 0.0225768
internal_weight=26261.5 20742.9 11298.1 8639.01 2659.1 9444.76 5885.28 5518.64 7639.33 6491.62 2362.34 3156.3 1935.02 1147.71
internal_count=133447 98999 58111 46391 11720 40888 30061 34448 33450 28590 14030 20418 11585 4860
is_linear=0
shrinkage=0.035


Tree=29
num_leaves=15
num_cat=0
split_feature=11 23 25 17 26 10 20 4 28 34 24 3 26 4
split_gain=1604.37 579.388 587.339 556.095 548.161 373.831 361.444 303.052 278.261 285.843 272.578 263.988 161.354 126.266
threshold=0.28518031537532812 0.14535007625818255 1.4450000000000001 0.028147075325250629 -1.3799999999999999 0.88634642958641063 -0.084638353437185274 0.096711289137601866 1.0000000180025095e-35 -0.038291429902634559 0.030182745307683948 -0.22149623930454251 -1.02 -0.06147095933556556
decision_type=2 2 2 8 2 2 2 2 2 2 2 2 2 2
left_child=3 11 6 -1 -4 -6 13 8 9 -5 -10 -2 -13 -3
right_child=1 2 4 7 5 -7 -8 -9 10 -11 -12 12 -14 -15
leaf_value=-0.023241604879559022 0.024585717289874204 -0.013747685370744384 0.020234155167227732 0.0023826135282242968 -0.014660815677126507 0.0093844554520244716 0.021479355045951047 0.012797387655501247 0.012223862246864952 -0.017479898586199274 -0.021866956948895757 0.015352018113981588 0.0027018916471068691 0.021784867437510538
leaf_weight=3067.8073509037495 2138.3424659818411 608.12673665583134 856.55350416898727 1180.0420960485935 4005.7058810144663 979.2948269546032 2066.5144296884537 955.49033768475056 1231.2324031442404 3544.0365410149097 364.11967635154724 2854.1524293422699 2180.6563448011875 143.35007058084011
leaf_count=19703 9499 3289 3731 6088 21123 4069 8368 4654 5232 22230 2372 12177 10199 713
internal_value=-5.2583e-05 0.00694942 0.000852356 -0.0107676 -0.00547813 -0.00992783 0.0139481 -0.00548273 -0.00826251 -0.0125238 0.0043553 0.0142985 0.00988926 -0.0067725
internal_weight=26175.4 15832.7 8659.55 10342.7 5841.55 4985 2817.99 7274.92 6319.43 4724.08 1595.35 7173.15 5034.81 751.477
internal_count=133447 73168 41293 60279 28923 25192 12370 40576 35922 28318 7604 31875 22376 4002
is_linear=0
shrinkage=0.035


Tree=30
num_leaves=15
num_cat=0
split_feature=10 10 24 26 33 22 5 8 10 33 3 8 11 25
split_gain=1515.37 616.002 571.864 555.591 577.197 244.963 181.677 154.161 136.649 132.117 105.065 97.8594 96.7546 92.6863
threshold=0.35467366874217993 0.79343691468238842 0.026834268122911457 -1.3799999999999999 0.059136581678989171 0.39701244235038763 0.040152566507458694 -0.38838881254196161 0.27668647468090063 -0.067435648233345621 -0.25648942589759821 -0.4523577988147735 0.45844526588916784 5.1000000000000005
decision_type=2 2 2 2 2 2 2 2 2 2 2 2 2 2
left_child=5 2 11 -4 -5 8 12 -7 -1 -10 -11 -2 -3 -14
right_child=1 6 3 4 -6 7 -8 -9 9 10 -12 -13 13 -15
leaf_value=-0.030200376533027061 0.033351321198411603 -0.0037166513787201668 0.015573474170517795 -0.0083770199584074969 0.0093374143818921382 0.01472231635632068 0.022887362800453389 -0.010957294983270601 -0.027101650788170607 0.0060870558724860583 -0.015431411126232621 0.014605677340805945 0.0195268108179001 0.003902486984999726
leaf_weight=1438.7088862359524 477.84038791060448 565.32213954627514 2041.9462949484587 9318.6699305474758 2961.7191492021084 345.47256007790565 2164.6724946647882 1477.8975148051977 818.81157664954662 386.10817222297192 942.42561441659927 1259.0064189434052 1061.7566749602556 832.47746020555496
leaf_count=10121 2066 2491 9377 49736 12902 1873 8842 8657 5840 2162 5795 5550 4580 3455
internal_value=-5.19998e-05 0.00426283 0.00101825 -0.00128677 -0.00410063 -0.0165276 0.0155042 -0.00603803 -0.0218294 -0.016107 -0.0091788 0.0199244 0.00893986 0.0127168
internal_weight=26092.8 20683.4 16059.2 14322.3 12280.4 5409.42 4624.23 1823.37 3586.05 2147.35 1328.53 1736.85 2459.56 1894.23
internal_count=133447 98999 79631 72015 62638 34448 19368 10530 23918 13797 7957 7616 10526 8035
is_linear=0
shrinkage=0.035


Tree=31
num_leaves=15
num_cat=0
split_feature=17 26 22 8 4 24 31 22 26 11 31 8 26 32
split_gain=1471.86 653.613 750.031 401.731 398.637 309.434 300.74 295.093 241.314 212.503 172.138 163.299 153.081 152.803
threshold=0.045096877962350852 1.1600000000000004 0.35542443394660955 -0.43271899223327631 0.069821909070014967 0.027712903916835788 0.0066205494171276422 0.16723755002021792 1.6700000000000002 0.36841256916522985 0.0066205494171276422 -0.31213590502738947 -1.3799999999999999 0.023428329849149002
decision_type=8 2 2 2 2 2 2 2 2 2 2 2 2 2
left_child=1 2 12 10 7 11 -5 8 -2 -9 -4 -3 -1 -11
right_child=4 5 3 6 -6 -7 -8 9 -10 13 -12 -13 -14 -15
leaf_value=-0.0071443861902695605 -0.017071953914166743 0.024368101393672667 0.029127807844932511 -0.0015554712626803145 0.019123186804654718 -0.010190496926924936 -0.020026105676938834 0.0015480735137076696 0.0063225386717038366 0.0058702301176193454 -0.00047942154044601401 0.0022602444172384294 -0.02519223142545229 0.019201624670038525
leaf_weight=682.91543556749821 1194.0201853960752 1058.187301620841 558.71033111214638 3126.467759244144 3130.7428499162197 813.44482964277267 1641.1373600885272 3462.9418615698814 972.14679160714149 1928.0559974014759 416.34565313160419 667.11076712608337 4024.6663368195295 2344.385166451335
leaf_count=3871 6142 4448 2654 16350 13545 4197 10668 16686 4479 8215 2548 3012 26367 10265
internal_value=-5.1116e-05 -0.00838585 -0.0122537 -0.00375194 0.00825598 0.00752089 -0.00794217 0.00480408 -0.00659201 0.00799976 0.0166091 0.0158821 -0.0225948 0.0132132
internal_weight=26021.3 12989 10450.2 5742.66 13032.3 2538.74 4767.61 9901.55 2166.17 7735.38 975.056 1725.3 4707.58 4272.44
internal_count=133447 74115 62458 32220 59332 11657 27018 45787 10621 35166 5202 7460 30238 18480
is_linear=0
shrinkage=0.035


Tree=32
num_leaves=15
num_cat=0
split_feature=17 10 28 20 28 24 26 24 4 8 26 24 17 23
split_gain=1416.43 558.745 467.036 316.864 541.422 311.304 308.263 256.16 247.642 247.296 212.958 305.099 150.574 161.728
threshold=0.03454850800335408 0.5902012586593629 1.0000000180025095e-35 -0.084638353437185274 1.0000000180025095e-35 0.030583227984607223 -1.3799999999999999 0.030182745307683948 0.11067561805248262 -0.34171615540981287 -1.3799999999999999 0.030079266056418422 0.023324343375861648 0.14535007625818255
decision_type=8 2 2 2 2 2 2 2 2 2 2 2 10 2
left_child=2 3 12 -2 6 -6 -5 9 10 -4 -3 -12 -1 -14
right_child=1 8 7 4 5 -7 -8 -9 -10 -11 11 -13 13 -15
leaf_value=-0.031656039652865613 -0.018226287908647266 0.022817921586490347 0.018888205731545323 0.0099441988125324038 0.019175176353291544 -0.018889359042160228 -0.0083563156276848967 -0.027063053144927404 0.023498216395220307 -0.0065674557321803361 0.014197562121593092 -0.0010565144101288479 -0.010533792099337693 -0.026266264208955011
leaf_weight=1090.4777323678136 1134.277539357543 1064.4081906378269 813.2393536567688 1454.891271725297 2285.325317248702 289.21871793270111 4895.85157969594 369.26374340057373 1609.4981878101826 1073.5189051032066 2966.5824250876904 3486.1059836894274 2108.6089431643486 1305.4417852088809
leaf_count=8009 6904 4513 3446 6949 9238 1658 27945 2608 6603 5012 12855 15362 13387 8958
internal_value=-5.08831e-05 0.00480384 -0.0138151 -0.000886075 0.00133555 0.0148425 -0.00415481 -0.000807796 0.0110695 0.0044463 0.00838069 0.00596757 -0.0203134 -0.0166086
internal_weight=25946.7 19186.2 6760.55 10059.6 8925.29 2574.54 6350.74 2256.02 9126.59 1886.76 7517.1 6452.69 4504.53 3414.05
internal_count=133447 92027 41420 52694 45790 10896 34894 11066 39333 8458 32730 28217 30354 22345
is_linear=0
shrinkage=0.035


Tree=33
num_leaves=15
num_cat=0
split_feature=17 10 28 20 28 22 33 10 8 4 22 28 22 21
split_gain=1333.36 572.69 358.11 310.484 578.393 374.785 330.576 238.652 230.148 193.531 180.634 154.298 113.201 112.194
threshold=0.03251412324607373 0.5902012586593629 1.0000000180025095e-35 -0.084638353437185274 1.0000000180025095e-35 0.29119834303855902 -0.067435648233345621 1.1279261112213137 -0.34931863844394678 0.052685767412185676 0.42348992824554449 1.0000000180025095e-35 0.16723755002021792 -0.15558469295501706
decision_type=8 2 2 2 2 2 2 2 2 2 2 2 2 2
left_child=2 3 10 13 5 -5 -6 9 12 11 -1 -3 -4 -2
right_child=1 7 8 4 6 -7 -8 -9 -10 -11 -12 -13 -14 -15
leaf_value=-0.026020207023776661 -0.00016804553210744076 0.0014449054989424928 -0.02263890988913576 -0.017932532619753683 -0.01940757285491428 0.00027217805923673052 0.018101903873683142 0.026259018613803458 -0.012160561333789297 0.016986740245844699 -0.0080531170087547333 0.013940831297384658 0.018384394362098825 -0.024558369287787839
leaf_weight=2760.4107692241669 313.70350846648216 4154.4289763718843 86.318022325634956 1890.7645144164562 315.77030793577433 5107.4665620476007 2566.1314113438129 1040.7430166751146 1174.6322218850255 2345.2810919582844 926.29601001739502 1699.8161070644855 611.82224637269974 868.12866373360157
leaf_count=19982 1796 18584 519 11629 1858 27538 10388 4270 6156 9765 5557 7224 2666 5515
internal_value=-5.13984e-05 0.00410844 -0.0152225 -0.00126463 0.000770244 -0.00466489 0.0139391 0.0105352 -0.00273772 0.00850987 -0.0215399 0.00509076 0.0130642 -0.01814
internal_weight=25861.7 20302.2 5559.48 11062 9880.13 6998.23 2881.9 9240.27 1872.77 8199.53 3686.71 5854.25 698.14 1181.83
internal_count=133447 98567 34880 58724 51413 39167 12246 39843 9341 35573 25539 25808 3185 7311
is_linear=0
shrinkage=0.035


Tree=34
num_leaves=15
num_cat=0
split_feature=17 23 33 28 3 27 24 8 10 24 22 10 17 28
split_gain=1254.87 484.23 522.289 452.259 304.055 291.016 255.818 238.467 231.824 211.583 211.357 202.506 170.94 170.513
threshold=0.035219833254814155 0.14535007625818255 -0.067435648233345621 1.0000000180025095e-35 -0.34823405742645258 3.9181736320282772 0.030182745307683948 -0.22123399376869199 0.88634642958641063 0.030182745307683948 0.42348992824554449 0.67832976579666149 0.052333040162920959 1.0000000180025095e-35
decision_type=8 2 2 2 2 2 2 2 2 2 2 2 8 2
left_child=3 4 8 10 -2 -4 7 -5 -3 13 -1 -7 -11 -6
right_child=1 2 5 6 9 11 -8 -9 -10 12 -12 -13 -14 -15
leaf_value=-0.023267663682038586 0.024955190971672109 -0.013098464482197496 -0.013961404269380018 0.012063838255046141 0.0075718780011512481 0.0052009098954016965 -0.026003009496557903 -0.015303861621733793 0.008546847846737678 -0.0049744290935940048 -0.0059047363559187639 0.021410647129367251 0.0091584629712628002 0.023685713951038703
leaf_weight=3499.5472933128476 1483.5094168931246 3718.6373261064291 716.23208092153072 1467.6731790602207 1978.5488307699561 3281.8345558941364 383.8832726329565 520.45633195340633 716.5868576169014 2005.3552315458655 1148.1332493126392 1321.083825096488 2176.24535189569 1362.9213765412569
leaf_count=25140 6750 20334 3755 6346 9424 15485 2765 2556 2949 10767 6793 5577 9486 5320
internal_value=-5.1803e-05 0.00467185 -0.000732122 -0.012665 0.0105188 0.00665785 -0.000224084 0.00485873 -0.00958993 0.00764271 -0.0190003 0.0098896 0.0023851 0.0141955
internal_weight=25780.6 18761 9754.37 7019.69 9006.58 5319.15 2372.01 1988.13 4435.22 7523.07 4647.68 4602.92 4181.6 3341.47
internal_count=133447 89847 48100 43600 41747 24817 11667 8902 23283 34997 31933 21062 20253 14744
is_linear=0
shrinkage=0.035


Tree=35
num_leaves=15
num_cat=0
split_feature=10 17 28 24 26 22 17 22 4 26 24 1 23 25
split_gain=1203.85 507.207 529.785 538.304 423.968 294.773 268.991 231.706 227.183 200.405 191.03 160.378 155.023 109.149
threshold=0.35467366874217993 0.055803904309868819 1.0000000180025095e-35 0.030182745307683948 -1.3799999999999999 0.37421594560146337 0.022059926763176921 0.37421594560146337 0.11067561805248262 -1.3799999999999999 0.029936606995761398 -0.088885795325040803 0.20977428555488589 1.4450000000000001
decision_type=2 8 2 2 2 2 8 2 2 2 2 2 2 2
left_child=6 2 4 12 -2 -6 -1 13 9 -3 -11 -9 -4 -8
right_child=1 8 3 -5 5 -7 7 11 -10 10 -12 -13 -14 -15
leaf_value=-0.030036570339250186 0.010818019903806313 0.021981816148682373 0.020464442725989088 -0.013917078646570772 -0.0157882819620963 -0.00077696197635292381 -0.0052432647663687472 0.015447682724691667 0.022253306626732808 0.013253519906840186 -0.00016318532888253274 -0.0078552015573378643 0.0033093585106937764 -0.022713665903346825
leaf_weight=1143.1662100031972 1502.8160378932953 995.72221472859383 2434.682276725769 944.12465739250183 3952.1122557520866 2692.506276525557 601.13363330066204 494.67155780643225 1620.0766903907061 2095.6061247885227 3397.231591463089 1268.2974383085966 882.60634499788284 1679.9676309674978
leaf_count=8243 7031 4232 9822 5505 23259 14371 3116 2730 6687 9029 15129 7869 3934 12490
internal_value=-5.14834e-05 0.00375829 -0.000691258 0.00929537 -0.00591963 -0.00971576 -0.0150988 -0.0108126 0.01056 0.00761065 0.00497029 -0.00126639 0.0159238 -0.0181527
internal_weight=25704.7 20517.5 12408.8 4261.41 8147.43 6644.62 5187.24 4044.07 8108.64 6488.56 5492.84 1762.97 3317.29 2281.1
internal_count=133447 98999 63922 19261 44661 37630 34448 26205 35077 28390 24158 10599 13756 15606
is_linear=0
shrinkage=0.035


Tree=36
num_leaves=15
num_cat=0
split_feature=17 10 23 25 26 8 10 10 26 20 22 26 25 21
split_gain=1139.71 486.558 294.687 399.022 298.839 294.048 258.07 214.81 205.33 203.322 174.715 169.934 213.42 96.8349
threshold=0.03251412324607373 0.5902012586593629 0.14535007625818255 1.4450000000000001 -1.3799999999999999 -0.3194474577903747 0.28717823326587683 1.1279261112213137 1.8050000000000002 -0.084638353437185274 0.39701244235038763 -1.3799999999999999 1.4450000000000001 0.019886141642928127
decision_type=8 2 2 2 2 2 2 2 2 2 2 2 2 2
left_child=6 2 5 9 -5 -2 -1 11 10 -4 -8 -3 -13 -7
right_child=1 7 3 4 -6 13 8 -9 -10 -11 -12 12 -14 -15
leaf_value=-0.024013775556879998 0.015243896546211746 0.020253204705370651 -0.011622546970130397 0.0062611845473667669 -0.018103029989282569 0.0049360943537208185 -0.017975835878913389 0.024590623365186557 0.013180428531806364 0.012820728915636324 0.00012468410843171883 0.018922499899455627 0.0029112202572274919 -0.0074887177639244122
leaf_weight=2064.6535862311721 2026.7769081518054 1138.8543363660574 572.31813177466393 766.41714771091938 3058.3725525438786 1390.8866917416453 1884.5217122361064 1041.7348214387894 462.70216152071953 1464.5299075692892 996.84508312493563 1227.4153819084167 5830.6060911864042 1693.0553904399276
leaf_count=14882 10380 4817 3395 3673 19177 6670 12685 4270 1961 6029 5352 5202 25554 9400
internal_value=-5.11219e-05 0.00376884 -0.00121462 -0.00656529 -0.0132173 0.00492306 -0.0143059 0.00968244 -0.00825852 0.00592937 -0.011735 0.00776011 0.00571847 -0.00188717
internal_weight=25619.7 20211 10972.4 5861.64 3824.79 5110.72 5408.72 9238.61 3344.07 2036.85 2881.37 8196.88 7058.02 3083.94
internal_count=133447 98567 58724 32274 22850 26450 34880 39843 19998 9424 18037 35573 30756 16070
is_linear=0
shrinkage=0.035


Tree=37
num_leaves=15
num_cat=0
split_feature=11 23 25 17 26 22 17 20 3 4 26 33 10 24
split_gain=1089.49 450.993 428.227 411.786 394.886 286.859 269.809 261.847 229.968 204.722 178.772 172.145 130.489 132.315
threshold=0.28039687871932989 0.14535007625818255 1.4450000000000001 0.024444070644676689 -1.3799999999999999 0.39701244235038763 0.083228968083858504 -0.084638353437185274 -0.22149623930454251 0.11067561805248262 -1.02 -0.067435648233345621 1.2690767645835879 0.030182745307683948
decision_type=2 2 2 8 2 2 8 2 2 2 2 2 2 2
left_child=3 8 7 -1 -4 9 -6 -3 -2 11 -7 -5 13 -10
right_child=1 2 4 5 6 10 -8 -9 12 -11 -12 -13 -14 -15
leaf_value=-0.025040352384939429 0.021280680071604122 -0.0063938810467067172 0.015980771338122122 -0.021835466173779933 -0.012572484208857962 0.010359108564175499 0.010488207359461472 0.017487543376778287 0.013071785510685434 0.011230640186173797 -0.0076953289510467695 -0.0078242692669158852 0.033028579792614074 0.0015156460028649592
leaf_weight=1696.7575053945184 2211.585772447288 760.03039632737637 891.95033632218838 1754.8667326569557 4230.6347564533353 1637.9451089203358 720.42435692250729 2106.2994849830866 2139.8823041692376 452.56361065804958 1125.0529012903571 2794.0080217719078 229.84425161778927 2794.2355790138245
leaf_count=12367 9857 4097 3857 12450 22952 7664 2915 8566 9157 2227 6864 16555 947 12972
internal_value=-5.03169e-05 0.0054922 9.68866e-05 -0.00946895 -0.00533753 -0.00603831 -0.00920257 0.011155 0.0118544 -0.011031 0.00300636 -0.0132656 0.00778412 0.00654374
internal_weight=25546.1 16084.9 8709.34 9461.19 5843.01 7764.44 4951.06 2866.33 7375.55 5001.44 2763 4548.87 5163.96 4934.12
internal_count=133447 75320 42387 58127 29724 45760 25867 12663 32933 31232 14528 29005 23076 22129
is_linear=0
shrinkage=0.035


Tree=38
num_leaves=15
num_cat=0
split_feature=17 28 24 4 23 33 8 34 23 8 25 23 8 10
split_gain=1029.19 590.283 412.93 332.23 252.798 255.853 251.935 250.515 223.352 206.282 192.725 173.911 162.895 135.587
threshold=0.042827947065234191 1.0000000180025095e-35 0.030182745307683948 0.096711289137601866 0.14535007625818255 -0.067435648233345621 -0.21317493170499799 -0.038291429902634559 0.20977428555488589 -0.41424961388111109 5.1000000000000005 0.14535007625818255 -0.38838881254196161 0.25387080013751989
decision_type=8 2 2 2 2 2 2 2 2 2 2 2 2 2
left_child=1 7 6 4 12 -6 8 13 -3 11 -7 -9 -2 -1
right_child=3 2 -4 -5 5 10 -8 9 -10 -11 -12 -13 -14 -15
leaf_value=-0.02551519804557504 0.017914048364622827 0.02011040996960374 -0.022115856760703715 0.01786413288965967 -0.0086880059833307644 0.0087497710594358191 -0.0096834754495032024 0.0070040681854072291 -0.0043057783565372491 -0.020818053435412893 -0.013787395792325919 -0.017412756282973677 0.0049840669551189411 0.0025291021438121368
leaf_weight=237.95766913890839 1799.7763638347387 1804.9697210639715 638.06594762206078 2460.8261831700802 2871.2770809233189 3034.9068656563759 707.81285816431046 696.74006401002407 610.1320588439703 4395.0328857824206 539.32075724005699 714.79894480854273 3541.0730674415827 1415.6108470708132
leaf_count=1728 7964 7491 4521 10585 14791 13750 3349 4359 2915 30984 2766 4859 16013 7372
internal_value=-4.92788e-05 -0.00797337 0.00332703 0.00619297 0.00374312 -0.000923865 0.00857946 -0.0136672 0.0139498 -0.0170848 0.00532012 -0.00539605 0.00936659 -0.00163574
internal_weight=25468.3 11221.1 3760.98 14247.2 11786.4 6445.5 3122.91 7460.14 2415.1 5806.57 3574.23 1411.54 5340.85 1653.57
internal_count=133447 67578 18276 65869 55284 31307 13755 49302 10406 40202 16516 9218 23977 9100
is_linear=0
shrinkage=0.035


Tree=39
num_leaves=15
num_cat=0
split_feature=17 10 28 20 28 33 25 26 28 33 20 8 6 17
split_gain=990.346 418.306 288.74 225.364 352.035 234.068 226.454 222.921 297.541 233.197 208.225 188.473 125.367 117.843
threshold=0.03251412324607373 0.55143690109252941 1.0000000180025095e-35 -0.084638353437185274 1.0000000180025095e-35 -0.067435648233345621 4.2150000000000007 -1.3799999999999999 1.0000000180025095e-35 -0.067435648233345621 -0.0066579433623701325 -0.29703433811664576 0.23954205960035327 0.023324343375861648
decision_type=8 2 2 2 2 2 2 2 2 2 2 2 2 10
left_child=2 3 12 -2 6 -6 -5 -3 10 -10 -9 -4 13 -1
right_child=1 7 11 4 5 -7 -8 8 9 -11 -12 -13 -14 -15
leaf_value=-0.030597426857336827 -0.017379993643611851 0.02102849079535762 0.0086630881389988031 -0.015769023712205118 -0.020150854592757523 0.014577353408628747 -0.0004604171224755537 -0.0080311681842076925 -0.0017512251680378455 0.020802087053171429 0.006055464314357285 -0.013698128695117447 0.035442377234438036 -0.016026553723519986
leaf_weight=968.29527013003826 1006.0573230981827 1446.4315267950296 936.18487798422575 1602.1691275313497 256.61487738788128 2273.8262205272913 4456.3103061839938 1834.7382244616747 743.75254435837269 2264.9454894810915 4231.6060017496347 892.21243540197611 41.51060276478529 2440.6158496364951
leaf_count=7948 6582 6119 4398 10505 1611 9214 24692 8310 3360 9363 18811 4943 283 17308
internal_value=-4.97062e-05 0.003492 -0.0135275 -0.00179263 5.12768e-05 0.0109901 -0.0045281 0.0083084 0.00626008 0.0152396 0.00178882 -0.00226379 -0.0194724 -0.0202428
internal_weight=25395.3 20116.5 5278.82 9594.98 8588.92 2530.44 6058.48 10521.5 9075.04 3008.7 6066.34 1828.4 3450.42 3408.91
internal_count=133447 98567 34880 52604 46022 10825 35197 45963 39844 12723 27121 9341 25539 25256
is_linear=0
shrinkage=0.035


Tree=40
num_leaves=15
num_cat=0
split_feature=10 17 28 24 26 22 22 10 22 17 4 20 1 25
split_gain=944.655 473.277 424.612 531.472 428.358 303.526 178.529 176.265 173.45 132.73 131.539 135.24 100.392 92.3136
threshold=0.31423041224479681 0.059899806976318366 1.0000000180025095e-35 0.030182745307683948 -1.3799999999999999 0.36079606413841253 0.37421594560146337 1.1279261112213137 0.13634788990020755 0.022059926763176921 0.057638250291347511 -0.024338525719940659 -0.066174197942018495 0.9900000000000001
decision_type=2 8 2 2 2 2 2 2 2 8 2 2 2 2
left_child=6 2 4 8 -2 -6 -1 10 -4 -8 11 -3 -11 -5
right_child=1 7 3 13 5 -7 9 -9 -10 12 -12 -13 -14 -15
leaf_value=-0.025048433244856734 0.0096224873967222305 -0.0040110638234828935 -0.0062385690225030006 0.0056491538053874708 -0.014905120218871675 -0.0013616317804887497 -0.024434484473734874 0.024469907649620655 0.016124018869665011 0.012808103009831413 0.015511147995993596 0.0093799639553551785 -0.0095506625531995744 -0.01791964237282689
leaf_weight=1771.3850990310311 1961.6246620044112 1480.5736824497581 477.86938561499119 252.82939520478249 4320.3797817155719 3815.1992385014892 445.93711780756712 918.30383777618408 3509.8419300168753 365.49355464428663 1911.4788281619549 2427.2126479148865 703.92396767437458 955.37655586749315
leaf_count=13696 9362 6800 2458 1269 26728 20928 3268 3738 14264 2120 7942 10275 4599 6000
internal_value=-4.95118e-05 0.00256419 -0.000842015 0.0072794 -0.00502428 -0.00856334 -0.0175235 0.0102855 0.0134353 -0.00862073 0.00800899 0.00430911 -0.00186127 -0.0129817
internal_weight=25317.4 22030.7 15293.1 5195.92 10097.2 8135.58 3286.74 6737.57 3987.71 1515.35 5819.27 3907.79 1069.42 1208.21
internal_count=133447 109764 81009 23991 57018 47656 23683 28755 16722 9987 25017 17075 6719 7269
is_linear=0
shrinkage=0.035


Tree=41
num_leaves=15
num_cat=0
split_feature=17 23 33 8 20 17 4 17 28 24 8 6 20 11
split_gain=898.098 423.866 436.663 324.633 282.968 228.679 219.856 198.371 198.345 172.194 164.213 131.789 130.865 124.789
threshold=0.030404319986701015 0.14535007625818255 -0.067435648233345621 -0.41424961388111109 -0.053139906376600259 0.051331456750631339 0.023730390705168251 0.07202750071883203 1.0000000180025095e-35 0.030182745307683948 -0.34931863844394678 0.23954205960035327 -0.019841950386762616 0.41320957243442541
decision_type=8 2 2 2 2 8 2 8 2 2 2 2 2 2
left_child=8 3 7 -2 6 9 -4 -3 11 -5 -10 -1 -7 -6
right_child=1 2 4 5 13 12 -8 -9 10 -11 -12 -13 -14 -15
leaf_value=-0.02141719153845174 0.018351451964330932 -0.013436467248763182 -0.01125229481771269 0.0056750233372870416 0.0057527681367899458 -0.0054238145189598038 0.022530070743672786 0.0042311952139434499 0.011536415828360723 -0.0082320077906114508 -0.01304880228317051 0.044084266705473996 0.013918308406038376 0.019509068494261744
leaf_weight=2662.0559204593301 2688.0074517577887 3822.8334481790662 1678.786303602159 2239.7292227596045 2824.2370311021805 497.64245015382767 264.83116226643324 971.81288324296474 503.98469512909651 2107.1343613192439 936.75947929918766 29.174672111868858 2878.3960766643286 1129.5998762845993
leaf_count=20564 12494 22890 9284 10707 12914 2225 1234 4037 2347 12195 5227 202 12317 4810
internal_value=-4.93134e-05 0.00287408 -0.00202007 0.00789754 0.00435492 0.00423996 -0.00655745 -0.00985411 -0.0149507 -0.00106981 -0.00442844 -0.0205465 0.0110596 0.00972221
internal_weight=25235 21103 10692.1 10410.9 5897.45 7722.9 1943.62 4794.65 4131.97 4346.86 1440.74 2691.23 3376.04 3953.84
internal_count=133447 105107 55169 49938 28242 37444 10518 26927 28340 22902 7574 20766 14542 17724
is_linear=0
shrinkage=0.035


Tree=42
num_leaves=15
num_cat=0
split_feature=11 17 23 26 26 22 10 4 3 4 33 26 24 2
split_gain=858.681 357.838 352.876 307.972 308.261 241.203 225.866 225.609 186.864 183.319 149.741 143.623 125.681 124.993
threshold=0.28518031537532812 0.024444070644676689 0.14535007625818255 1.1600000000000004 -1.3799999999999999 0.39701244235038763 0.92955327033996593 -0.11237328127026557 -0.34823405742645258 0.085952844470739379 -0.067435648233345621 -1.02 0.030182745307683948 0.50804433226585399
decision_type=2 8 2 2 2 2 2 2 2 2 2 2 2 2
left_child=1 -1 8 4 -4 9 -6 -5 -2 10 -3 -7 -10 -14
right_child=2 5 3 7 6 11 -8 -9 12 -11 -12 -13 13 -15
leaf_value=-0.023324991190007589 0.022646149671336352 -0.020507569080864277 0.014528165718229969 -0.010791162400302061 -0.011548175749826362 0.0093869660229688994 0.0085590452996831528 0.014462414774580157 0.013796819934369363 0.0072463294253009847 -0.0072860371983035606 -0.006542069509727173 9.3960903120111845e-05 0.017348267541070446
leaf_weight=1600.8006958737969 1310.4715939164162 1687.675505399704 866.83977250754833 527.90390085428953 3927.1251281648874 1696.2741664350033 820.69310259819031 2258.8291247934103 2578.6944243758917 669.84779972583055 2797.6454787254333 1159.0312734171748 2638.4564414620399 628.87106177210808
leaf_count=12428 5769 12524 3731 2770 21817 7913 3375 9600 11045 3454 16805 7155 12416 2645
internal_value=-4.79213e-05 -0.00826798 0.00503227 0.000165293 -0.00455455 -0.00523367 -0.00806182 0.00965703 0.0107377 -0.0097471 -0.0122954 0.00292075 0.00803411 0.00345774
internal_weight=25169.2 9611.27 15557.9 8401.39 5614.66 8010.47 4747.82 2786.73 7156.49 5155.17 4485.32 2855.31 5846.02 3267.33
internal_count=133447 60279 73168 41293 28923 47851 25192 12370 31875 32783 29329 15068 26106 15061
is_linear=0
shrinkage=0.035


Tree=43
num_leaves=15
num_cat=0
split_feature=10 4 11 28 26 33 17 20 26 19 33 2 28 26
split_gain=815.448 416.88 335.226 276.302 400.417 355.287 146.293 120.502 130.564 112.902 77.8837 72.158 70.3482 68.759
threshold=0.31423041224479681 0.077317494899034514 0.41320957243442541 1.0000000180025095e-35 -1.3799999999999999 -0.067435648233345621 0.022059926763176921 -0.074349697679281221 1.1600000000000004 -0.11434929817914961 -0.084824925210351662 0.34738551080226904 1.0000000180025095e-35 -0.83499999999999985
decision_type=2 2 2 2 2 2 8 2 2 2 2 2 2 2
left_child=6 2 3 4 -2 -5 -1 -4 -9 13 -3 12 -11 -8
right_child=1 10 7 5 -6 -7 9 8 -10 11 -12 -13 -14 -15
leaf_value=-0.028072698354511826 0.0080491573643852801 0.0064470327709277298 -0.0043120354909830932 -0.017853655607281523 -0.010065491237463389 0.0088128810773757827 0.011038844572461714 0.0077400340305396054 0.02512036352428754 -0.021834841669428822 0.017267866719562954 0.026691250227441999 -0.0064448006018670463 -0.016489421831062345
leaf_weight=944.09394326806068 1890.8990708887577 1302.7189874649048 814.7767049819231 722.21761064976454 7013.1947096139193 3729.5082419663668 360.99438820779324 3567.9967701882124 616.31247162818909 1153.1428164094687 2246.6953722909093 39.068729884922504 545.41516033560038 148.90670484304428
leaf_count=7744 8999 6208 3871 4729 41673 16245 2214 15624 2566 9136 9849 267 3119 1203
internal_value=-4.70797e-05 0.00236347 0.000237538 -0.00265664 -0.0062139 0.00445637 -0.0165466 0.00795965 0.0103538 -0.011602 0.0133256 -0.0158311 -0.0169597 0.00283721
internal_weight=25095.9 21904.3 18354.9 13355.8 8904.09 4451.73 3191.62 4999.09 4184.31 2247.53 3549.41 1737.63 1698.56 509.901
internal_count=133447 109764 93707 71646 50672 20974 23683 22061 18190 15939 16057 12522 12255 3417
is_linear=0
shrinkage=0.035


Tree=44
num_leaves=15
num_cat=0
split_feature=17 17 28 24 22 8 10 21 26 23 28 6 8 23
split_gain=775.949 390.455 354.184 402.946 353.686 247.711 179.767 163.808 161.029 166.58 145.607 136.621 124.165 96.496
threshold=0.028900004923343662 0.053425045683979995 1.0000000180025095e-35 0.030374678783118728 0.29119834303855902 -0.38838881254196161 0.98229244351387035 -0.12565742805600164 -1.3799999999999999 0.090554408729076399 1.0000000180025095e-35 0.21102003008127215 -0.31213590502738947 0.16368718445301059
decision_type=8 8 2 2 2 2 2 2 2 2 2 2 2 2
left_child=10 2 4 7 13 -6 8 -4 -3 -10 11 -1 -12 -2
right_child=1 6 3 -5 5 -7 -8 -9 9 -11 12 -13 -14 -15
leaf_value=-0.022271778698940464 -0.010141150525881361 0.01773083821331593 -0.0032018222915147915 -0.0152265655193142 0.010542709502465357 -0.0054388639512001338 0.017583066599236426 0.015872154537905563 0.017366321565676614 0.00079258368944395312 0.0075238592397012761 0.04094441494028167 -0.015396166732899452 -0.023972666818992957
leaf_weight=2131.5687012150884 1341.9554274827242 1088.1479762643576 688.35467122495174 818.31122712790966 1628.3973736986518 4313.0527492314577 1865.7189237624407 2705.7292399406433 856.59958125650883 5211.3561428487301 494.17044635117054 33.868679217994213 673.53844115138054 1178.0672278478742
leaf_count=17376 8876 4644 3433 5294 8828 24257 7642 11127 3584 23851 2368 241 3995 7931
internal_value=-4.65552e-05 0.00237105 -0.00159058 0.00669197 -0.00571694 -0.00104837 0.00793195 0.0120057 0.00539472 0.00315698 -0.0157429 -0.0210994 -0.00571496 -0.0166763
internal_weight=25028.8 21695.7 12673.9 4212.4 8461.47 5941.45 9021.82 3394.08 7156.1 6067.96 3333.15 2165.44 1167.71 2520.02
internal_count=133447 109467 69746 19854 49892 33085 39721 14560 32079 27435 23980 17617 6363 16807
is_linear=0
shrinkage=0.035


Tree=45
num_leaves=15
num_cat=0
split_feature=11 20 28 22 24 17 8 22 6 28 6 5 21 25
split_gain=741.167 324.816 322.028 372.349 293.851 260.089 219.929 208.843 186.33 172.092 131.184 127.341 112.535 95.2883
threshold=0.25310443341732031 -0.084638353437185274 1.0000000180025095e-35 0.2409842982888222 0.030583227984607223 0.022059926763176921 -0.41424961388111109 0.37421594560146337 -0.0076081112492829553 -0.20349242140922372 0.058812357485294349 0.15172490477561953 -0.15558469295501706 1.4450000000000001
decision_type=2 2 2 2 2 8 2 2 2 2 2 2 2 2
left_child=5 8 3 10 -4 -1 -5 11 12 -9 -3 13 -2 -7
right_child=1 2 4 6 -6 7 -8 9 -10 -11 -12 -13 -14 -15
leaf_value=-0.026540017228624133 0.00052500783820834331 -0.014304044734086658 0.016245359392829516 0.01372741313566208 -0.0078865623535767509 -0.0033607423304505136 0.0017313352627424926 -0.005537347723424099 0.011438098907337334 0.013800982117468568 0.0056871168261330846 0.0059483226891637554 -0.021462573745081408 -0.01976856472451961
leaf_weight=978.60904779285192 383.61165705323219 1923.4157810658216 4186.0711171776056 2643.9359833151102 718.72427722811699 556.07822924107313 6367.6242096945643 2066.0800572708249 380.14948772639036 763.83238159865141 501.80513063073158 354.34839334338903 1095.6208005771041 2035.6746345981956
leaf_count=8203 2097 11272 17050 12676 3703 2877 30491 13197 1860 3276 2333 1878 6750 15784
internal_value=-4.57209e-05 0.00362901 0.00520733 0.00198558 0.0127003 -0.00993836 0.00526223 -0.00708459 -0.010196 -0.000287449 -0.0101613 -0.0135906 -0.0157953 -0.0162746
internal_weight=24955.6 18201 16341.6 11436.8 4904.8 6754.62 9011.56 5776.01 1859.38 2829.91 2425.22 2946.1 1479.23 2591.75
internal_count=133447 88232 77525 56772 20753 45215 43167 37012 10707 16473 13605 20539 8847 18661
is_linear=0
shrinkage=0.035


Tree=46
num_leaves=15
num_cat=0
split_feature=17 28 24 4 17 8 23 26 20 23 11 2 21 28
split_gain=713.421 410.753 336.436 243.124 219.714 215.646 195.47 193.575 183.097 182.198 137.401 136.502 119.254 105.704
threshold=0.045096877962350852 1.0000000180025095e-35 0.030182745307683948 0.069821909070014967 0.028147075325250629 -0.21317493170499799 0.20977428555488589 -1.3799999999999999 -0.074349697679281221 0.16368718445301059 0.40424561500549322 0.39050006866455084 -0.15558469295501706 1.0000000180025095e-35
decision_type=8 2 2 2 10 2 2 2 2 2 2 2 2 2
left_child=1 4 5 8 11 6 -3 -6 12 -9 13 -1 -2 -10
right_child=3 2 -4 -5 7 -7 -8 9 10 -11 -12 -13 -14 -15
leaf_value=-0.022251729046580265 0.0052804853005345579 0.017757484159334033 -0.019151718812179655 0.014164373189244609 0.0051082600657110571 -0.009052545623090982 -0.0038591042218440305 -0.0069399082780416997 -0.0018480477846211573 -0.023188850319369698 0.010210639657139834 0.055520599392261789 -0.014326730701712779 0.010948609443276773
leaf_weight=1878.7184697166085 573.25268463790417 1944.5459694266319 696.82830457389355 3117.6889166161418 1185.0510003715754 751.99323529005051 690.27594286203384 3743.9119627028704 3494.0247141420841 1088.1618379727006 3597.9448050409555 18.817322939634323 1092.7589865773916 1011.3012644797564
leaf_count=15887 2779 8157 5159 13545 6191 3590 3307 23769 17333 7922 15342 133 6113 4220
internal_value=-4.58251e-05 -0.00618482 0.00282644 0.00567019 -0.010832 0.00739145 0.0121011 -0.00753465 0.00294772 -0.0106394 0.0051207 -0.0211935 -0.00758889 0.00104228
internal_weight=24885.3 11998.3 4083.64 12887 7914.66 3386.82 2634.82 6017.12 9769.28 4832.07 8103.27 1897.54 1666.01 4505.33
internal_count=133447 74115 20213 59332 53902 15054 11464 37882 45787 31691 36895 16020 8892 21553
is_linear=0
shrinkage=0.035


Tree=47
num_leaves=15
num_cat=0
split_feature=17 4 28 23 25 26 8 22 20 24 8 24 23 17
split_gain=680.672 306.993 245.633 240.051 256.504 283.342 237.664 189.728 166.035 154.211 146.925 142.118 126.19 76.1046
threshold=0.03454850800335408 0.085952844470739379 1.0000000180025095e-35 0.14535007625818255 1.4450000000000001 -1.3799999999999999 -0.40537983179092402 0.42348992824554449 -0.084638353437185274 0.030182745307683948 -0.1705701947212219 0.030182745307683948 0.18469519913196566 0.025467582978308204
decision_type=8 2 2 2 2 2 2 2 2 2 2 2 2 10
left_child=2 3 7 6 8 -6 -2 13 -5 10 12 -8 -4 -1
right_child=1 -3 9 4 5 -7 11 -9 -10 -11 -12 -13 -14 -15
leaf_value=-0.028538540734492541 0.015305703337765176 0.013323522610487415 0.014558317988316576 -0.0069618815356104263 0.0088481255020054668 -0.010892285247888983 0.0079733096058198262 -0.0024777392757761216 0.012064647980898941 -0.023069790658949155 -0.018614114868693805 -0.0036337828221746789 -0.006766483582331592 -0.016066297975720824
leaf_weight=903.10386049002409 2244.1971411928535 3082.1239311248064 1030.6486293822527 805.14805626124144 1099.0513266995549 4547.1626582741737 2376.0788443014026 1019.515043117106 1809.0721605122089 312.35409578680992 305.41690097749233 2809.8145311623812 497.6352572068572 1972.0744630843401
leaf_count=8634 10272 13727 4403 4527 4971 26127 10697 6483 7470 2608 1625 14236 2430 15237
internal_value=-4.51897e-05 0.00324369 -0.0102544 0.00125646 -0.0028479 -0.00704091 0.00581719 -0.0154824 0.00620051 -0.000738692 0.0031697 0.00168948 0.00761575 -0.0200692
internal_weight=24813.4 18772.6 6040.75 15690.5 8260.43 5646.21 7430.09 3894.69 2614.22 2146.05 1833.7 5185.89 1528.28 2875.18
internal_count=133447 92027 41420 78300 43095 31098 35205 30354 11997 11066 8458 24933 6833 23871
is_linear=0
shrinkage=0.035


Tree=48
num_leaves=15
num_cat=0
split_feature=17 17 23 8 25 26 20 24 17 8 29 20 3 23
split_gain=642.56 345.986 351.192 292.123 258.527 246.309 187.113 170.526 125.85 120.398 115.923 96.2643 85.7792 79.7997
threshold=0.028147075325250629 0.064970862120389952 0.13294924795627597 -0.3340440690517425 1.4450000000000001 -1.3799999999999999 -0.084638353437185274 0.030182745307683948 0.10901262983679773 -0.37265564501285547 3.6500000000000008 0.0026101621333509688 0.45423644781112676 0.13294924795627597
decision_type=8 8 2 2 2 2 2 2 8 2 2 2 2 2
left_child=9 2 3 10 6 -6 -4 -5 11 13 -2 -3 -11 -1
right_child=1 8 4 7 5 -7 -8 -9 -10 12 -12 -13 -14 -15
leaf_value=0.0080603981773428313 0.022411086987846243 0.003071151821320903 -0.012343801032434362 0.0060730360930742935 0.00443747242580561 -0.01251314621762733 0.0089875129289994048 -0.0075067140237508358 0.024180335613438689 -0.02051477831790266 0.0081391769055972046 0.013182877952991967 0.024730075199979069 -0.015959050923309806
leaf_weight=376.61953134089708 1129.5313790291548 2509.1050953045487 653.79430071264505 2332.0960141792893 1321.2711957767606 5026.2619290873408 2084.7726970911026 2183.8829109072685 644.66415469348431 2162.8195404112339 1847.3541779965162 2137.2139601707458 44.513435490429401 291.96963147819042
leaf_count=2391 5275 10853 3979 10799 6406 32272 8722 12487 2678 16989 9418 8758 311 2109
internal_value=-4.54565e-05 0.00200203 -0.000486389 0.00511941 -0.00510977 -0.00898336 0.00386858 -0.000496073 0.00978555 -0.0155686 0.0136113 0.00774067 -0.0194949 -0.00250938
internal_weight=24745.9 21869.9 16579 7492.86 9086.1 6347.53 2738.57 4515.98 5290.98 2875.92 2976.89 4646.32 2207.33 668.589
internal_count=133447 111647 89358 37979 51379 38678 12701 23286 22289 21800 14693 19611 17300 4500
is_linear=0
shrinkage=0.035


Tree=49
num_leaves=15
num_cat=0
split_feature=11 17 23 26 6 22 24 4 3 1 33 1 26 34
split_gain=622.943 275.719 267.446 225.734 266.477 220.65 186.525 175.27 167.305 151.075 150.132 129.147 98.3065 98.9636
threshold=0.28039687871932989 0.022059926763176921 0.14535007625818255 1.1600000000000004 0.049478735774755485 0.39701244235038763 0.034418866038322456 -0.11237328127026557 -0.22149623930454251 0.25786359608173376 -0.067435648233345621 -0.030039126984775063 -1.2850000000000001 -0.01694045508671815
decision_type=2 8 2 2 2 2 2 2 2 2 2 2 2 2
left_child=1 -1 8 4 6 9 -4 -5 -2 10 -3 -7 -10 -14
right_child=2 5 3 7 -6 11 -8 -9 12 -11 -12 -13 13 -15
leaf_value=-0.025096604779198634 0.017051111365358484 -0.020500713466217312 -0.012022046889600454 -0.010165630912477148 0.0074001040427771518 0.013361594517523603 0.011019552042911799 0.012099651687347512 0.015782708313702876 0.0061451110075630344 -0.0070584426230701136 -0.0025500684593755514 -0.00023363400267925889 0.011523643092622212
leaf_weight=957.49314875900745 2206.9135850295424 1611.6388158127666 3447.2090288549662 525.02279487252235 1694.9050223380327 895.60587809234858 483.6292719244957 2298.8188363462687 927.07959362864494 636.07789795100689 2781.743721164763 2008.0537514537573 2972.6621140316129 1233.7752080559731
leaf_count=8429 9857 13030 19810 2808 7670 4885 2244 9855 4082 3341 17530 10912 13779 5215
internal_value=-4.41334e-05 -0.00744966 0.00412764 -0.000119346 -0.004171 -0.00529083 -0.00916636 0.00793871 0.00900988 -0.00971927 -0.0120249 0.00238675 0.0055265 0.003234
internal_weight=24680.6 8890.61 15790 8449.58 5625.74 7933.12 3930.84 2823.84 7340.43 5029.46 4393.38 2903.66 5133.52 4206.44
internal_count=133447 58127 75320 42387 29724 49698 22054 12663 32933 33901 30560 15797 23076 18994
is_linear=0
shrinkage=0.035


Tree=50
num_leaves=15
num_cat=0
split_feature=17 8 4 23 11 17 6 23 24 21 8 23 24 19
split_gain=597.654 312.452 247.177 180.986 213.555 167.128 165.917 160.025 136.777 119.284 108.798 103.951 141.132 87.0802
threshold=0.039925772696733482 -0.39684268832206721 0.077317494899034514 0.21232284605503085 0.31309270858764654 0.022059926763176921 0.049478735774755485 0.13294924795627597 0.027066921815276149 -0.15558469295501706 -0.47466564178466791 0.13294924795627597 0.030182745307683948 -0.085689671337604509
decision_type=8 2 2 2 2 10 2 2 2 2 2 2 2 2
left_child=1 7 3 4 13 -3 9 -1 -9 -5 -6 12 -7 -2
right_child=2 5 -4 6 10 11 -8 8 -10 -11 -12 -13 -14 -15
leaf_value=0.012741073535067756 0.010425281682768807 -0.025361923671552017 0.012757037416152452 0.0034603457111806826 0.015597848270809614 0.0016566042535779435 0.0090539979882110367 0.017282334795484862 -0.010613866760528168 -0.012537697992974883 0.005240065640081411 -0.014297770718628436 -0.013486177398957076 -0.0065830570914772344
leaf_weight=1159.5224175229669 434.43008884042501 884.71470136195421 3190.3995956107974 765.29756225645542 1746.7027224004269 1795.0256851688027 850.74010021984577 260.18532044440508 1057.8646396696568 2196.0411089882255 4307.2136179730296 2510.7874115109444 1287.6338526979089 2171.9947071149945
leaf_count=6411 2382 7923 14104 3602 7929 9202 3885 1196 7270 11789 19319 17432 9426 11577
internal_value=-4.34352e-05 -0.00725061 0.0040795 0.00185137 0.00464715 -0.0112887 -0.00449565 0.00331095 -0.00501844 -0.0084056 0.00824933 -0.00902151 -0.00469172 -0.00371915
internal_weight=24618.6 8955.73 15662.8 12472.4 8660.34 6478.16 3812.08 2477.57 1318.05 2961.34 6053.92 5593.45 3082.66 2606.42
internal_count=133447 58860 74587 60483 41207 43983 19276 14877 8466 15391 27248 36060 18628 13959
is_linear=0
shrinkage=0.035


Tree=51
num_leaves=15
num_cat=0
split_feature=10 4 11 23 25 3 24 2 2 8 26 28 16 33
split_gain=569.071 303.644 257.137 239.423 246.625 222.112 131.893 125.384 103.892 118.342 88.1533 63.7403 59.9641 55.6113
threshold=0.31423041224479681 0.12849085777997973 0.40424561500549322 0.14535007625818255 1.4450000000000001 -0.198892667889595 0.027066921815276149 0.50804433226585399 0.30968181788921362 -0.38035491108894343 -0.69999999999999962 1.0000000180025095e-35 0.68542590737342846 -0.084824925210351662
decision_type=2 2 2 2 2 2 2 2 2 2 2 2 2 2
left_child=8 2 3 5 -5 -2 -4 -8 9 10 12 -11 -1 -3
right_child=1 13 6 4 -6 -7 7 -9 -10 11 -12 -13 -14 -15
leaf_value=0.035503274367378199 0.010968619700027115 0.007274682956925062 0.023297290602064528 0.0026711669394798333 -0.011595281834699852 -0.0019176034959198258 0.0025610962420677249 0.016555484337348984 0.025850246528235084 -0.022721219707937983 -0.017502313941519868 -0.010068359425933085 0.0018178043993591394 0.019770791713092348
leaf_weight=76.767165757715702 2461.4724711850286 707.08640364557505 532.27309049665928 2241.6086945012212 4365.5005137473345 4854.9986208975315 4273.0301234796643 952.0978531986475 68.064551241695881 1614.1849773824215 223.94771162420511 732.96700134128332 259.66911275684834 1205.4776360839605
leaf_count=492 12492 3178 2367 10354 27743 25254 19292 3960 484 14615 1799 4598 1695 5124
internal_value=-4.2833e-05 0.00193658 0.000639354 -0.00193355 -0.00675835 0.00242675 0.00685417 0.00513784 -0.0143656 -0.0153924 -0.000918508 -0.0188295 0.010307 0.0152128
internal_weight=24569.1 21593.5 19681 13923.6 6607.11 7316.47 5757.4 5225.13 2975.6 2907.54 560.384 2347.15 336.436 1912.56
internal_count=133447 109764 101462 75843 38097 37746 25619 23252 23683 23199 3986 19213 2187 8302
is_linear=0
shrinkage=0.035


Tree=52
num_leaves=15
num_cat=0
split_feature=17 18 20 28 26 24 28 8 23 28 23 11 33 18
split_gain=538.488 248.733 222.451 299.49 279.81 247.584 195.155 132.975 147.16 115.469 103.784 100.754 73.849 65.6876
threshold=0.033861212432384498 0.20778869837522509 -0.084638353437185274 1.0000000180025095e-35 -1.3799999999999999 0.030583227984607223 1.0000000180025095e-35 -0.14175739884376523 0.2161265313625336 -1.1401333311752746 0.13117602467536929 0.18743743002414706 -0.05292729236343368 0.0040435330010950574
decision_type=8 2 2 2 2 2 2 2 2 2 2 2 2 2
left_child=6 2 13 4 -4 -5 9 8 12 10 11 -1 -8 -2
right_child=1 -3 3 5 -6 -7 7 -9 -10 -11 -12 -13 -14 -15
leaf_value=-0.016478331555715143 -0.015770066773055067 0.013142132347211224 0.009909695297579289 0.014167012103988115 -0.0035144250302312917 -0.010498021283695175 -0.0080611484489799701 -0.023055069296477167 -0.021925630390081715 -0.020907678397162725 -0.016851850370238716 0.008235416882452995 0.011001312413689693 -0.0011237905804749957
leaf_weight=290.27862930297852 1107.7371442988515 2447.3147334679961 2449.7790570631623 3487.0297543555498 8379.3823359981179 573.95892305672169 308.3075211122632 274.54895555973053 242.82754714787006 1768.4899048954248 850.49818512797356 607.92319783568382 1161.2102761566639 567.03914699703455
leaf_count=2286 6755 10547 11127 14279 44999 3035 1894 1746 1717 15749 7219 3508 5121 3465
internal_value=-4.10229e-05 0.00275062 0.00120837 0.0025707 -0.000471272 0.0106638 -0.00967143 -0.000893775 0.00277269 -0.0146134 -0.00816525 0.000154992 0.00697452 -0.0108473
internal_weight=24516.3 19012.2 16564.9 14890.2 10829.2 4060.99 5504.08 1986.89 1712.35 3517.19 1748.7 898.202 1469.52 1674.78
internal_count=133447 94207 83660 73440 56126 17314 39240 10478 8732 28762 13013 5794 7015 10220
is_linear=0
shrinkage=0.035


Tree=53
num_leaves=15
num_cat=0
split_feature=11 17 23 22 1 6 28 17 6 32 24 21 21 22
split_gain=517.929 259.745 216.788 202.303 197.251 185.706 168.342 152.267 140.161 175.006 126.414 123.309 149.941 121.376
threshold=0.29885001480579382 0.022059926763176921 0.21232284605503085 0.37421594560146337 -0.058821359649300568 0.023627916350960735 1.0000000180025095e-35 0.048464395105838783 0.186894565820694 0.042560839849552619 0.030583227984607223 -0.15558469295501706 -0.059047469869256013 0.34321255981922155
decision_type=2 8 2 2 2 2 2 8 2 2 2 2 2 2
left_child=1 -1 6 8 -5 11 7 13 9 -3 -8 -4 -13 -2
right_child=2 3 5 4 -6 -7 10 -9 -10 -11 -12 12 -14 -15
leaf_value=-0.023645031044532493 -0.010991934511570586 -0.014978572772215032 0.0043523152913971866 0.014695924044404281 -0.002843755003502731 0.01007229361905502 0.017060938863647779 0.0078205061577080771 0.0072980492959113059 0.00060997631192661781 -0.0030794858904613178 -0.01904377956897213 0.00091048451315194903 0.0041369785972415569
leaf_weight=919.32953620702028 1172.6751082167029 3393.8823454007506 774.29632788896561 1025.6168998628855 3242.3770289570093 994.56361973285675 2498.9506684243679 4770.5985793620348 574.58006302267313 1189.8457745686173 446.99664852023125 1301.1952773481607 710.32503521442413 1432.8115883171558
leaf_count=8512 7449 25397 3569 5733 18259 4329 10421 21051 2963 5871 2147 7506 3214 7026
internal_value=-4.16976e-05 -0.00598619 0.00432038 -0.00424072 0.0013956 -0.0028447 0.00694475 0.00410985 -0.00889791 -0.0109396 0.0140049 -0.00747573 -0.0120277 -0.00268822
internal_weight=24448 10345.6 14102.4 9426.3 4267.99 3780.38 10322 7376.09 5158.31 4583.73 2945.95 2785.82 2011.52 2605.49
internal_count=133447 66735 66712 58223 23992 18618 48094 35526 34231 31268 12568 14289 10720 14475
is_linear=0
shrinkage=0.035


Tree=54
num_leaves=15
num_cat=0
split_feature=17 8 17 10 20 4 28 34 28 25 20 24 8 25
split_gain=496.917 298.002 180.912 178.903 171.385 166.786 144.897 154.86 140.15 152.68 134.75 116.778 100.072 90.2748
threshold=0.045096877962350852 -0.39684268832206721 0.023324343375861648 1.2690767645835879 -0.084638353437185274 0.0079682045616209524 1.0000000180025095e-35 -0.038291429902634559 1.0000000180025095e-35 4.2150000000000007 -0.074349697679281221 0.030182745307683948 -0.47466564178466791 1.4450000000000001
decision_type=8 2 10 2 2 2 2 2 2 2 2 2 2 2
left_child=1 4 -3 5 -1 10 7 -4 9 -6 -2 -8 -12 -7
right_child=3 2 6 -5 8 13 11 -9 -10 -11 12 -13 -14 -15
leaf_value=-0.022799104021380859 -0.0096885910646400276 -0.02236603187340858 7.872379725290341e-05 0.024791917779400163 -0.012294270375471419 0.018578629179694332 0.0039231003283100759 -0.014033894545135614 0.01518692612708058 0.007657035528111325 0.010436316091223644 -0.017692789598872376 -0.0003732409534114745 0.0063433275289920968
leaf_weight=271.46114621311426 1364.7369806021452 1057.0781950354576 1297.8778992295265 511.78661781549454 754.48191003501415 868.23934815824032 1897.1919183731079 3568.0744387879968 1180.6836370825768 1209.2479753866792 1441.6571904420853 354.71546129137278 3781.2855016663671 4824.9449878707528
leaf_count=2080 7595 9754 6957 2113 5620 3654 8213 26292 5237 7182 6511 2780 17318 22141
internal_value=-4.13107e-05 -0.00528804 -0.00891252 0.00471292 0.00338683 0.00385667 -0.00688595 -0.0102772 0.0057126 -3.18799e-05 6.29958e-05 0.000455046 0.0026247 0.00823858
internal_weight=24383.5 11590.8 8174.94 12792.7 3415.87 12280.9 7117.86 4865.95 3144.41 1963.73 6587.68 2251.91 5222.94 5693.18
internal_count=133447 74115 53996 59332 20119 57219 44242 33249 18039 12802 31424 10993 23829 25795
is_linear=0
shrinkage=0.035


Tree=55
num_leaves=15
num_cat=0
split_feature=17 11 23 3 33 17 23 26 25 29 25 8 3 25
split_gain=473.905 271.726 262.798 212.329 179.57 119.788 115.505 113.744 112.021 111.955 102.802 95.6403 81.2971 75.1047
threshold=0.028147075325250629 0.40424561500549322 0.14535007625818255 -0.18779719620943067 -0.067435648233345621 0.10901262983679773 0.2161265313625336 -1.02 5.1000000000000005 3.4500000000000006 2.0050000000000003 -0.37265564501285547 0.45423644781112676 5.1000000000000005
decision_type=8 2 2 2 2 8 2 2 2 2 2 2 2 2
left_child=11 2 3 -2 9 6 10 -5 -6 -4 -3 -1 -13 -8
right_child=1 5 4 7 8 -7 13 -9 -10 -11 -12 12 -14 -15
leaf_value=-0.0020987979584080716 0.011160023724083078 0.022381892920516972 0.0029037007332024887 0.0034842432493549496 0.0012564927958844411 0.023577575489539444 0.00275720105807467 -0.0070252465573750157 -0.018535225611979775 -0.014595798286801092 0.0070015722414651007 -0.018540851105977457 0.025750462366083283 -0.01471698124988677
leaf_weight=654.58764632046223 2863.0879289507866 620.17614094913006 531.95244796574116 3181.8311490267515 3602.8830238431692 532.5733237862587 1117.4995350688696 2076.1190471574664 377.95187164098024 2725.375659391284 3577.8697950392962 2017.0563858374953 43.702560625970364 401.41675132513046
leaf_count=4500 14521 2738 3004 15256 17811 2217 5132 12051 2710 18588 15764 16989 311 1855
internal_value=-4.09613e-05 0.00169291 -0.000811571 0.0035087 -0.00565696 0.00783952 0.00633481 -0.000670922 -0.000664326 -0.0117378 0.00932149 -0.0137947 -0.0174817 -0.0019269
internal_weight=24324.1 21608.7 15359.2 8121.04 7238.16 6249.54 5716.96 5257.95 3980.83 3257.33 4198.05 2715.35 2060.76 1518.92
internal_count=133447 111647 83941 41828 42113 27706 25489 27307 20521 21592 18502 21800 17300 6987
is_linear=0
shrinkage=0.035


Tree=56
num_leaves=15
num_cat=0
split_feature=10 4 26 28 24 23 15 17 19 2 28 16 33 15
split_gain=454.713 256.393 237.554 351.185 335.211 254.404 110.306 106.115 93.7536 63.2204 58.1755 50.0965 49.873 44.789
threshold=0.31423041224479681 0.11067561805248262 -1.3799999999999999 1.0000000180025095e-35 0.030182745307683948 0.16368718445301059 22.169493675231937 0.022059926763176921 -0.14828812330961225 0.34738551080226904 1.0000000180025095e-35 1.5219136476516726 -0.084824925210351662 24.215823173522953
decision_type=2 2 2 2 2 2 2 8 2 2 2 2 2 2
left_child=7 2 6 5 -5 -4 11 -1 -9 10 -10 -2 -3 -8
right_child=1 12 3 4 -6 -7 13 8 9 -11 -12 -13 -14 -15
leaf_value=-0.024065355668826848 0.0065161614265746405 0.0058791924720298042 -0.0020444115183136406 0.010389568171773335 -0.0073528520114678085 -0.014863742766400886 0.014994041746267339 0.008664222847920889 -0.017539018181179252 0.027066961517687123 -0.0038160152101082922 -0.011097299880741278 0.016544942697939484 0.034199083324883646
leaf_weight=781.02210617810488 1345.8123742192984 867.89610935747623 7548.3486096411943 4489.1943092793226 1828.8110787272453 2524.5765246897936 938.48584476858377 308.90149065852165 1161.5058282464743 40.368334695696831 568.91221367567778 222.29418571293354 1469.8232675045729 179.30203247815371
leaf_count=7744 6333 3972 41843 19184 10536 15465 4238 2115 10207 272 3345 1030 6347 816
internal_value=-3.99505e-05 0.0017128 0.000369415 -0.00121344 0.00525034 -0.00526887 0.00999759 -0.0131208 -0.00891513 -0.0120132 -0.0130751 0.00396479 0.0126271 0.0183506
internal_weight=24275.3 21414.5 19076.8 16390.9 6318.01 10072.9 2685.89 2860.71 2079.69 1770.79 1730.42 1568.11 2337.72 1117.79
internal_count=133447 109764 99445 87028 29720 57308 12417 23683 15939 13824 13552 7363 10319 5054
is_linear=0
shrinkage=0.035


Tree=57
num_leaves=15
num_cat=0
split_feature=11 23 6 25 22 3 19 20 26 3 3 5 26 33
split_gain=434.592 224.88 189.634 238.436 181.674 179.516 168.423 146.739 143.874 139.706 111.487 109.66 93.3885 89.8483
threshold=0.25310443341732031 0.14535007625818255 0.058812357485294349 1.4450000000000001 0.37421594560146337 -0.198892667889595 -0.22388470917940137 -0.084638353437185274 -1.02 0.63144937157630932 -0.198892667889595 0.15172490477561953 -1.2850000000000001 -0.067435648233345621
decision_type=2 2 2 2 2 2 2 2 2 2 2 2 2 2
left_child=4 5 3 7 11 -2 -5 -3 10 -10 -6 -1 -7 -4
right_child=1 2 13 6 8 12 -8 -9 9 -11 -12 -13 -14 -15
leaf_value=-0.016031445298702381 0.014100142500034156 -0.00910626405321034 0.0010033880084799186 0.006694256111076451 0.01744069101303266 0.012756088305020293 -0.011855700596393905 0.0093645338132027044 -0.012589684427301915 0.057945568725460965 -0.0012569018404217456 0.0044685686167457474 0.0012032215029206951 0.014952567461436148
leaf_weight=2848.5168250054121 2800.4273852854967 711.49277873337269 1163.7235794737935 709.3060614168644 548.91379153728485 1037.8284752890468 3675.9620133712888 1951.1126891300082 1276.4338368400931 25.587885633111 1293.6303002014756 355.5894805341959 4724.5980647876859 1093.4906669780612
leaf_count=23394 12924 4130 5493 3840 2767 4658 22196 8121 9842 159 7165 1888 22054 4816
internal_value=-3.87324e-05 0.00275638 -0.0010104 -0.00383822 -0.00789738 0.00684607 -0.00884689 0.00441322 -0.00190972 -0.0107724 0.00437739 -0.0137495 0.00330242 0.00779711
internal_weight=24216.6 17867.9 9305.09 7047.87 6348.67 8562.85 4385.27 2662.61 3144.57 1302.02 1842.54 3204.11 5762.43 2257.21
internal_count=133447 88232 48596 38287 45215 39636 26036 12251 19933 10001 9932 25282 26712 10309
is_linear=0
shrinkage=0.035


Tree=58
num_leaves=15
num_cat=0
split_feature=17 8 4 20 8 28 3 23 31 28 25 4 24 8
split_gain=424.953 224.234 188.303 149.453 146.186 129.368 121.101 116.206 112.234 112.048 109.016 100.141 97.4041 89.0881
threshold=0.038538319990038879 -0.39684268832206721 0.069821909070014967 -0.024338525719940659 -0.47466564178466791 1.0000000180025095e-35 0.63144937157630932 0.13294924795627597 0.0024204354616306216 -1.1401333311752746 1.4450000000000001 -0.12512899190187451 0.027066921815276149 -0.14175739884376523
decision_type=8 2 2 2 2 2 2 2 2 2 2 2 2 2
left_child=1 7 3 10 -5 6 9 -1 -6 -3 11 -2 -9 -7
right_child=2 5 -4 4 8 13 -8 12 -10 -11 -12 -13 -14 -15
leaf_value=0.011065864947512478 -0.012466036387250164 -0.0093205268415559681 0.010313886426405561 0.012003836416663794 0.006642543411673296 0.00063171176993924232 0.02365211646680641 0.014794584746719559 -0.0026400564717187105 -0.021645731687393543 -0.0085008804082521861 0.0082148204827442051 -0.010300705165459572 -0.018533631587482925
leaf_weight=1062.313086181879 369.62944841384888 1946.1802827194333 3544.036379352212 2040.018119558692 2754.2886213436723 1575.9853099957108 92.643436998128891 230.85662666708231 3765.0609584227204 1721.919238358736 2649.4641492366791 1167.1942767873406 886.7862338796258 355.96855130046606
leaf_count=5932 2053 14281 15922 9550 12323 8252 602 1081 19020 15737 14597 5482 6441 2174
internal_value=-3.69331e-05 -0.00670872 0.00318961 0.00120212 0.00385135 -0.010359 -0.0141334 0.00282742 0.00128581 -0.0151495 -0.00421082 0.00319233 -0.00503187 -0.00297682
internal_weight=24162.3 7872.65 16289.7 12745.7 8559.37 5692.7 3760.74 2179.96 6519.35 3668.1 4186.29 1536.82 1117.64 1931.95
internal_count=133447 54500 78947 63025 40893 41046 30620 13454 31343 30018 22132 7535 7522 10426
is_linear=0
shrinkage=0.035


Tree=59
num_leaves=15
num_cat=0
split_feature=17 8 10 23 17 26 24 24 23 23 24 13 15 33
split_gain=403.252 246.546 159.2 155.118 152.934 141.521 134.827 128.995 114.757 101.697 114.084 82.6802 73.7346 66.1073
threshold=0.045096877962350852 -0.39684268832206721 1.2690767645835879 0.13294924795627597 0.023324343375861648 -1.3799999999999999 0.030079266056418422 0.027066921815276149 0.12866500020027163 0.13294924795627597 0.030182745307683948 0.53968513011932384 22.169493675231937 -0.067435648233345621
decision_type=8 2 2 2 10 2 2 2 2 2 2 2 2 2
left_child=1 3 5 -1 -3 12 8 -5 -7 10 -6 -8 -2 -11
right_child=2 4 -4 7 9 6 11 -9 -10 13 -12 -13 -14 -15
leaf_value=0.011417556957055467 0.0051525645732086031 -0.020931557942308502 0.023245526430686319 0.015659804333917567 0.0028652600943224853 0.014347326551994388 -0.0052923111548974118 -0.0079112206508153132 0.0025488575313409585 -0.016357666782362227 -0.0093899152113105615 0.0033437932459332948 0.019163795355058268 -0.0062427983052809298
leaf_weight=1506.179348371923 913.10246393084526 998.12364458292723 508.2602329403162 338.50076554715633 2151.4196142554283 1449.6347030103207 3371.0512317493558 1543.5538379922509 3296.3110101893544 1466.195897564292 1625.1319381818175 2260.8405785560608 938.4051551669836 1751.2119747102261
leaf_count=8064 3995 9754 2113 1599 10744 6200 16937 10456 15569 11933 11506 10476 4042 10059
internal_value=-3.6426e-05 -0.00482219 0.00423981 0.00308337 -0.00817341 0.00343157 0.00183569 -0.00361145 0.00617525 -0.00632538 -0.00241928 -0.00182569 0.0123187 -0.0108886
internal_weight=24117.9 11380.3 12737.6 3388.23 7992.08 12229.3 10377.8 1882.05 4745.95 6993.96 3776.55 5631.89 1851.51 3217.41
internal_count=133447 74115 59332 20119 53996 57219 49182 12055 21769 44242 22250 27413 8037 21992
is_linear=0
shrinkage=0.035


Tree=60
num_leaves=15
num_cat=0
split_feature=17 11 22 25 26 6 26 26 4 17 23 25 10 23
split_gain=385.6 233.615 217.24 198.053 323.398 181.794 140.619 138.218 119.71 106.754 96.8064 89.8419 85.3386 68.6121
threshold=0.028147075325250629 0.40424561500549322 0.37421594560146337 1.4450000000000001 -1.3799999999999999 -0.082292750477790819 -0.83499999999999985 -1.02 -0.11237328127026557 0.10901262983679773 0.2161265313625336 2.0050000000000003 0.24075338244438174 0.13294924795627597
decision_type=8 2 2 2 2 2 2 2 2 8 2 2 2 2
left_child=12 2 3 8 -5 6 -4 -7 -2 10 11 -3 -1 -14
right_child=1 9 5 4 -6 7 -8 -9 -10 -11 -12 -13 13 -15
leaf_value=-0.022673552102741176 -0.016899215535247959 0.020860935866599286 0.023824136018988248 0.0061725996111462013 -0.011569996382237048 0.0072246611150934099 -0.0043735014060933613 -0.0051791368159922807 0.0061668411105399003 0.022142694838449082 -0.001790893168876662 0.006383867062946651 -0.0032267395458731988 -0.016919395558437869
leaf_weight=742.73217219859362 298.91230424493551 610.09542645514011 875.83635067939758 1658.2960599437356 5140.3537334576249 2342.9165533110499 283.10435271263123 2057.9760434478521 2570.4319602698088 528.3418647646904 1507.4629792645574 3571.8665835484862 1145.6713411584496 733.00002673268318
leaf_count=7472 1837 2738 4207 8105 34051 10546 1742 11878 11575 2217 6987 15764 8095 6233
internal_value=-3.53301e-05 0.00151553 -0.000819541 -0.00398834 -0.00723959 0.00468795 0.0169576 0.00142572 0.0037136 0.00722645 0.00580485 0.00854061 -0.0126804 -0.00863049
internal_weight=24067 21445.6 15227.8 9667.99 6798.65 5559.83 1158.94 4400.89 2869.34 6217.77 5689.42 4181.96 2621.4 1878.67
internal_count=133447 111647 83941 55568 42156 28373 5949 22424 13412 27706 25489 18502 21800 14328
is_linear=0
shrinkage=0.035


Tree=61
num_leaves=15
num_cat=0
split_feature=11 17 4 22 22 31 8 25 6 6 28 23 6 26
split_gain=367.639 194.989 167.813 195.048 161.382 192.501 136.091 129.133 158.88 126.559 108.393 75.9965 70.5185 65.5584
threshold=0.29885001480579382 0.022059926763176921 0.018234814517199997 0.16723755002021792 0.35542443394660955 0.0066205494171276422 -0.47466564178466791 1.4450000000000001 0.186894565820694 -0.088987898081541048 1.0000000180025095e-35 0.3174744993448258 -0.1330977454781532 -1.1900000000000002
decision_type=2 8 2 2 2 2 2 2 2 2 2 2 2 2
left_child=1 -1 3 11 7 9 -5 -3 -9 -6 -8 -2 -7 -4
right_child=2 4 13 6 5 12 10 8 -10 -11 -12 -13 -14 -15
leaf_value=-0.021264239462419739 -0.016329195533416059 0.00073280990919536901 0.017969895542768816 0.010767157221705485 0.018979625264902173 0.010048680737986555 -0.0024750024348302877 -0.015698963830281219 0.0088575606606129068 0.0020764336160113963 0.0093409387154237151 -0.0022957964921935911 -0.011099223945156566 0.0070848948180794596
leaf_weight=831.65907415747643 909.20744621008635 1248.8114171028137 821.08765158802271 2191.7549336701632 681.12932492047548 211.86860713362694 3930.9760983884335 2596.9398697167635 361.82233997434378 2539.8536068797112 1243.5650111287832 981.09489896893501 1585.7163751795888 3876.0956923738122
leaf_count=8512 5152 6183 3526 10329 3494 1552 19265 20892 1933 13181 5397 5244 10988 17799
internal_value=-3.46887e-05 -0.00513293 0.00364114 0.000903991 -0.00365738 0.000582721 0.00347901 -0.00870414 -0.0126763 0.00569857 0.000377188 -0.00909606 -0.00856487 0.00902177
internal_weight=24011.6 10057.8 13953.8 9256.6 9226.14 5018.57 7366.3 4207.57 2958.76 3220.98 5174.54 1890.3 1797.58 4697.18
internal_count=133447 66735 66712 45387 58223 29215 34991 29008 22825 16675 24662 10396 12540 21325
is_linear=0
shrinkage=0.035


Tree=62
num_leaves=15
num_cat=0
split_feature=17 8 22 10 10 26 28 26 4 28 26 22 3 22
split_gain=355.724 237.895 185.499 151.14 127.15 120.496 110.059 159.769 109.024 105.539 103.296 102.864 78.6383 73.1185
threshold=0.05033745430409909 -0.39684268832206721 0.16723755002021792 0.28717823326587683 1.2690767645835879 -1.3799999999999999 1.0000000180025095e-35 -1.3799999999999999 0.043891472741961486 1.0000000180025095e-35 1.9550000000000003 0.35542443394660955 0.53318902850151073 0.39354364573955541
decision_type=8 2 2 2 2 2 2 2 2 2 2 2 2 2
left_child=1 2 10 12 5 -2 7 -5 13 11 -1 -4 -3 -7
right_child=4 3 9 6 -6 8 -8 -9 -10 -11 -12 -13 -14 -15
leaf_value=-0.021271744145129848 0.013213196749007589 -0.017577091909286056 -0.0055345877966446935 0.0035176086989737033 0.022021621359385853 -0.0028062495567634763 0.0012896888333253024 -0.010838970922139746 0.0078981440455913685 0.014817846091742255 0.0074291072096150622 0.0090968347237263478 0.036041482928861217 0.0068438832040243871
leaf_weight=511.48119229823351 1471.6408265531063 1585.5679669231176 1119.9850762709975 1223.1846224293113 496.78660471737385 4134.746476881206 2502.5533638074994 4172.0278533697128 2840.566808834672 1206.9570222049952 211.77362880855799 1219.4574825912714 25.211102865636349 1242.5346511006355
leaf_count=3926 6347 14939 7628 6302 2074 19993 12017 28867 12396 5346 942 7023 199 5448
internal_value=-3.40655e-05 -0.00369949 0.00315858 -0.00677908 0.00492265 0.00402417 -0.00477386 -0.00758361 0.00236455 0.00645677 -0.0128812 0.00209844 -0.0165207 -0.000567817
internal_weight=23964.5 13778.2 4269.65 9508.54 10186.3 9689.49 7897.77 5395.21 8217.85 3546.4 723.255 2339.44 1610.78 5377.28
internal_count=133447 87189 24865 62324 46258 44184 47186 35169 37837 19997 4868 14651 15138 25441
is_linear=0
shrinkage=0.035


Tree=63
num_leaves=15
num_cat=0
split_feature=17 19 8 28 20 28 34 33 6 26 19 8 10 3
split_gain=340.589 192.724 215.48 133.265 123.125 114.29 197.012 149.004 95.7624 103.175 120.52 95.2949 90.5274 91.0336
threshold=0.03251412324607373 0.24971037358045581 -0.47466564178466791 1.0000000180025095e-35 -0.084638353437185274 1.0000000180025095e-35 -0.038291429902634559 -0.067435648233345621 0.23954205960035327 -0.83499999999999985 -0.052885234355926507 -0.14175739884376523 1.2690767645835879 -0.24486392736434934
decision_type=8 2 2 2 2 2 2 2 2 2 2 2 2 2
left_child=3 2 4 8 -2 6 -4 -7 9 10 -1 -5 13 -3
right_child=1 12 5 11 -6 7 -8 -9 -10 -11 -12 -13 -14 -15
leaf_value=-0.00015638977725804614 -0.0069542310751700186 0.019597288547454177 0.0051486544940337947 0.0024963181945034463 0.0095507146250890119 -0.012479410772628183 -0.0076507968672823497 0.006371534735091367 0.034121822230959935 -0.022605539966826113 -0.018772853692263506 -0.021104305236512601 0.026702986016962769 0.0046957126947127842
leaf_weight=926.77086161077023 646.73674608021975 606.90755575150251 1942.3015746474266 1452.9331628456712 3592.8165240064263 614.21146108210087 6013.017028413713 2898.371712423861 42.043833278119564 1077.3065155372024 778.63347902148962 234.65007369220257 320.13379198312759 2764.0171638727188
leaf_count=7134 4050 2663 9024 7709 17252 3843 35265 12740 283 11163 6959 1632 1358 12372
internal_value=-3.2627e-05 0.00198292 0.000289756 -0.00868267 0.00702247 -0.0022032 -0.00452325 0.00304918 -0.0133185 -0.0141549 -0.00871596 -0.00089022 0.00916799 0.00742865
internal_weight=23910.9 19398.5 15707.5 4512.34 4239.55 11467.9 7955.32 3512.58 2824.75 2782.71 1705.4 1687.58 3691.06 3370.92
internal_count=133447 98567 82174 34880 21302 60872 44289 16583 25539 25256 14093 9341 16393 15035
is_linear=0
shrinkage=0.035


Tree=64
num_leaves=15
num_cat=0
split_feature=17 4 22 25 8 3 25 30 20 16 19 23 24 17
split_gain=321.228 190.831 197.116 293.724 184.74 174.37 135.163 122.067 120.253 103.96 83.653 76.1604 51.8764 51.239
threshold=0.030404319986701015 0.11067561805248262 0.35542443394660955 1.4450000000000001 -0.3194474577903747 0.53318902850151073 4.2150000000000007 1.0000000180025095e-35 -0.084638353437185274 0.7914244830608369 -0.065669927746057496 0.13294924795627597 0.03073868062347174 0.023324343375861648
decision_type=8 2 2 2 2 2 2 2 2 2 2 2 2 10
left_child=9 2 3 8 6 -5 -4 -6 -2 10 11 12 -1 -11
right_child=1 -3 4 5 7 -7 -8 -9 -10 13 -12 -13 -14 -15
leaf_value=0.018112236439669235 -0.0059151205821894835 0.011064951906989898 -0.0053111221741244516 -0.0089460892499770104 -0.0035465175193773856 0.0060432872030745516 0.014648787527125588 0.0097124501687525251 0.0092444721894873755 -0.023073323886912332 -0.011849466308871558 -0.01078782721760207 -0.0040367105353747504 -0.010931236238740991
leaf_weight=404.88604927062988 831.26677570492029 2326.8362128511071 490.47661157697439 6101.7457561641932 3053.1292654722929 1118.5449078679085 2558.9146056994796 1167.5762151479721 2707.5008901804686 668.88308401405811 721.32336460053921 273.80123204737902 183.75420638918877 1252.2366865798831
leaf_count=2221 4890 10361 2877 36877 16273 5407 11832 4985 11605 7237 5324 2180 1507 9871
internal_value=-3.19744e-05 0.00165441 0.000434425 -0.00257315 0.00488278 -0.00661884 0.0114315 0.000135606 0.00567681 -0.00980314 -0.00313409 0.00420749 0.0112461 -0.0152564
internal_weight=23860.9 20356 18029.2 10759.1 7270.1 7220.29 3049.39 4220.71 3538.77 3504.88 1583.76 862.441 588.64 1921.12
internal_count=133447 105107 94746 58779 35967 42284 14709 21258 16495 28340 11232 5908 3728 17108
is_linear=0
shrinkage=0.035


Tree=65
num_leaves=15
num_cat=0
split_feature=11 22 23 6 26 8 6 25 26 3 21 21 19 11
split_gain=306.245 162.495 152.104 141.911 139.463 163.68 125.897 137.686 131.124 103.057 98.6187 108.704 76.0038 67.5873
threshold=0.29885001480579382 0.37421594560146337 0.21232284605503085 0.023627916350960735 -0.83499999999999985 -0.37265564501285547 0.186894565820694 1.4450000000000001 -1.3799999999999999 -0.34823405742645258 -0.15558469295501706 -0.059047469869256013 0.15146018564701083 0.51265627145767223
decision_type=2 2 2 2 2 2 2 2 2 2 2 2 2 2
left_child=1 6 9 10 5 -3 7 -1 -9 -2 -4 -12 -6 -11
right_child=2 4 3 -5 12 -7 -8 8 -10 13 11 -13 -14 -15
leaf_value=-0.0010485829216591159 0.012010582317151493 0.017504608415500576 0.0037081039331078275 0.0085743398327035661 -0.016870782808155394 -0.00059723121704979159 0.006482286290212822 -0.002227797795439189 -0.018179253106955454 0.0020850316282654512 -0.017240471548103722 -6.6787950795380954e-05 0.0054437454041060046 0.010506814278825577
leaf_weight=1311.8794921711087 2312.6067886948586 773.01630306988955 768.96933634579182 985.13592533022165 749.3146797567606 2797.400327950716 578.23407960683107 833.23494376242161 2634.3697080016136 6457.6571660339832 1241.4649108275771 706.43970799446106 242.6457384377718 1417.1530441343784
leaf_count=6868 11019 3970 3569 4329 6240 15986 3026 5304 24004 30990 7506 3214 1337 6085
internal_value=-3.17382e-05 -0.00472598 0.00332196 -0.00274853 0.000130093 0.00335987 -0.00885371 -0.0107188 -0.0143637 0.00552846 -0.00687058 -0.0110443 -0.0114125 0.00361202
internal_weight=23809.5 9920.1 13889.4 3702.01 4562.38 3570.42 5357.72 4779.48 3467.6 10187.4 2716.87 1947.9 991.96 7874.81
internal_count=133447 66735 66712 18618 27533 19956 39202 36176 29308 48094 14289 10720 7577 37075
is_linear=0
shrinkage=0.035


Tree=66
num_leaves=15
num_cat=0
split_feature=17 3 17 22 24 23 17 26 24 25 4 26 22 28
split_gain=299.057 213.23 173.568 160.81 167.259 109.987 109.736 102.877 96.351 96.2357 84.8556 59.5912 67.425 55.4593
threshold=0.053425045683979995 -0.34823405742645258 0.022059926763176921 0.39701244235038763 0.026439630426466468 0.13294924795627597 0.10901262983679773 -1.3799999999999999 0.029240576550364498 4.4500000000000011 0.12849085777997973 1.8050000000000002 0.16723755002021792 1.0000000180025095e-35
decision_type=8 2 10 2 2 2 8 2 2 2 2 2 2 2
left_child=1 5 -3 4 -4 -1 7 -2 13 -5 -10 12 -7 -9
right_child=6 2 3 9 -6 11 -8 8 10 -11 -12 -13 -14 -15
leaf_value=0.014466705395254895 0.013241092142499944 -0.021075633051229298 0.0079609882454738882 -0.009763855441504132 -0.0083412770414009879 -0.018176257706277146 0.019049417466332343 0.0032525275033293399 -0.0026763441344163619 0.0052130794381069568 0.010796292867696889 0.014618380465945555 0.0010744393576056336 0.013877537195698956
leaf_weight=1084.8931813314557 1234.5444519519806 760.99856850504875 854.96559461206198 636.72329770028591 7224.9489755257964 277.59682305902243 627.76974959671497 1390.3221391662955 3891.3361342996359 2802.8150907978415 661.24324402213097 268.12813461571932 986.04699353128672 1062.3551425635815
leaf_count=5609 5315 8209 3868 4333 48221 2143 2678 6348 18001 13989 2739 1138 6216 4640
internal_value=-3.13332e-05 -0.00305995 -0.00499275 -0.00391292 -0.00660857 0.00599545 0.00505432 0.00396628 0.00231522 0.0024203 -0.000700126 -5.93207e-05 -0.00326405 0.00789232
internal_weight=23764.7 14897.1 12280.5 11519.5 8079.91 2616.67 8867.57 8239.8 7005.26 3439.54 4552.58 1531.77 1263.64 2452.68
internal_count=133447 93726 78620 70411 52089 15106 39721 37043 31728 18322 20740 9497 8359 10988
is_linear=0
shrinkage=0.035


Tree=67
num_leaves=15
num_cat=0
split_feature=10 3 6 3 22 22 23 30 10 28 22 3 8 25
split_gain=284.957 179.7 225.432 140.659 132.517 128.268 106.657 114.457 104.049 82.7863 78.0776 72.572 64.6336 70.4289
threshold=0.31423041224479681 -0.34823405742645258 0.11687975376844408 0.53318902850151073 0.37421594560146337 0.39701244235038763 0.13294924795627597 -0.14999999999999988 1.2690767645835879 -1.8296610773469666 0.16723755002021792 0.39347890019416815 -0.15212189406156537 4.4500000000000011
decision_type=2 2 2 2 2 2 2 2 2 2 2 2 2 2
left_child=4 6 3 5 -1 -3 -2 -8 9 -4 -9 12 13 -6
right_child=1 2 8 -5 11 -7 7 10 -10 -11 -12 -13 -14 -15
leaf_value=-0.018426422937289803 0.014826421835090694 -0.0063150510110125211 0.016677980897809228 0.0097055588223195124 -0.016584357555520853 0.0031778242007163343 0.014881065864746615 -0.012608199824743958 0.024706780340300348 0.0027111791032803294 0.0031548290553555635 0.047595617663067018 -0.017841889774285871 0.0054952434047488849
leaf_weight=1355.5496532693505 1604.4765637889504 8174.1215507388115 578.33206843584776 950.9563000574708 220.62515776604414 2209.0032322779298 756.5553964972496 516.64387568086386 317.12913477420807 4529.65894792974 1421.1705841273069 24.164205141365528 306.67774198576808 750.75263878703117
leaf_count=13696 7488 47001 2541 4650 2285 11122 3468 3235 1354 21231 7674 156 2625 4921
internal_value=-3.00924e-05 0.00133456 -0.000304284 -0.00311219 -0.010807 -0.00429433 0.00770952 0.00343231 0.00555688 0.00432201 -0.00109093 -0.0027955 -0.00411037 0.000362501
internal_weight=23715.8 21058 16759.2 11334.1 2657.77 10383.1 4298.85 2694.37 5425.12 5107.99 1937.81 1302.22 1278.06 971.378
internal_count=133447 109764 87899 62773 23683 58123 21865 14377 25126 23772 10909 9987 9831 7206
is_linear=0
shrinkage=0.035


Tree=68
num_leaves=15
num_cat=0
split_feature=17 1 23 4 22 24 3 24 8 31 17 3 31 16
split_gain=275.86 158.761 168.827 144.252 130.92 156.185 117.667 104.299 103.9 92.1593 84.6887 78.8266 77.8339 66.6414
threshold=0.037187391892075546 -0.022948839701712128 0.13294924795627597 0.04791692644357682 0.35542443394660955 0.027066921815276149 0.76103645563125621 0.02743481379002333 -0.3194474577903747 0.0088706853385821533 0.018686083145439628 0.95548039674758922 0.0028411853832293059 0.68542590737342846
decision_type=8 2 2 2 2 2 2 2 2 2 10 2 2 2
left_child=1 2 10 4 5 -2 -7 -4 9 -6 -1 -3 -10 -12
right_child=3 11 7 -5 8 6 -8 -9 12 -11 13 -13 -14 -15
leaf_value=-0.021228130789609792 0.011252561595279823 -0.01306403914611234 0.0042780131339845368 0.0075747034035910316 0.015379531868757198 -0.0060152702995385499 0.0085809890929102132 -0.013811376305720737 0.0069256291627158885 -0.00090666522806421527 0.014493948208145346 0.036395950094671309 -0.0052875879445601869 0.0015181329308700784
leaf_weight=127.77001537010074 883.00040160864592 2746.3074824437499 531.04554528743029 4701.1123933941126 1489.3984034284949 5872.3433516919613 755.62116035819054 1424.4278353080153 1158.3944662064314 592.85752782970667 852.86336801201105 30.690166406333447 1401.3505735173821 1112.810897924006
leaf_count=1285 4158 22011 2727 21942 6650 31898 3494 12073 5026 2925 4671 211 7214 7162
internal_value=-2.85224e-05 -0.00595942 -0.0015301 0.00237561 0.000359873 -0.0024951 -0.0043408 -0.00890209 0.00497478 0.0107604 0.00536562 -0.0123888 0.00024486 0.00719292
internal_weight=23680 6825.92 4048.92 16854.1 12153 7510.96 6627.96 1955.47 4642 2082.26 2093.44 2777 2559.75 1965.67
internal_count=133447 50140 27918 83307 61365 39550 35392 14800 21815 9575 13118 22222 12240 11833
is_linear=0
shrinkage=0.035


Tree=69
num_leaves=15
num_cat=0
split_feature=17 17 23 3 33 20 29 26 22 26 10 16 23 14
split_gain=266.592 172.961 188.532 164.633 157.931 127.062 96.8946 74.0189 73.5558 104.408 63.4015 58.255 55.8844 51.8947
threshold=0.028147075325250629 0.075222354382276549 0.14535007625818255 -0.21011886745691297 -0.067435648233345621 -0.053139906376600259 3.4500000000000006 -1.2850000000000001 0.39701244235038763 1.8050000000000002 1.1279261112213137 0.63949209451675426 0.090554408729076399 0.45507507026195532
decision_type=8 8 2 2 2 2 2 2 2 2 2 2 2 2
left_child=8 2 3 12 6 -6 -4 -5 9 -1 13 -10 -2 -3
right_child=1 10 4 7 5 -7 -8 -9 11 -11 -12 -13 -14 -15
leaf_value=-0.019679747982593473 0.018430125189908695 -0.0044374623488698016 0.0042036361781282051 0.0081899698563898012 -0.0082938312143690449 0.0038774834092613641 -0.011641240303157977 -0.0015583306882622817 0.010467434923117398 0.0035912086499668202 0.017760867930833701 -0.0086398379670240121 0.0073351603925085754 0.0084452287325656166
leaf_weight=1281.5313728898764 755.31143724918365 465.96941766142845 550.98136980831623 1158.0368085578084 1484.9591322243214 3525.6357778161764 3140.6313732638955 5201.0713871121407 270.32991471141577 285.61654035001993 726.59037202596664 638.1806518509984 2144.0040365159512 2010.1878305524588
leaf_count=13585 3552 1981 3134 5499 9244 16682 21742 27243 1579 1527 3067 5109 10978 8525
internal_value=-2.7409e-05 0.00124558 -9.22784e-05 0.00338249 -0.00378878 0.000261011 -0.00927139 0.000226973 -0.0108709 -0.0154427 0.00872504 -0.00290235 0.010279 0.00601283
internal_weight=23639 21163.4 17960.6 9258.42 8702.21 5010.59 3691.61 6359.11 2475.66 1567.15 3202.75 908.511 2899.32 2476.16
internal_count=133447 111647 98074 47272 50802 25926 24876 32742 21800 15112 13573 6688 14530 10506
is_linear=0
shrinkage=0.035


Tree=70
num_leaves=15
num_cat=0
split_feature=17 28 24 22 1 17 34 28 23 22 22 7 3 15
split_gain=251.56 172.787 184.046 182.03 159.906 111.75 101.846 115.726 137.54 116.222 96.063 85.054 84.2446 57.854
threshold=0.045096877962350852 1.0000000180025095e-35 0.030374678783118728 0.30864126980304724 -0.13689230382442472 0.10901262983679773 -0.038291429902634559 -0.10326313031254751 0.20977428555488589 0.10145319998264314 0.18286002427339557 -0.15583968162536618 0.95548039674758922 22.169493675231937
decision_type=8 2 2 2 2 8 2 2 2 2 2 2 2 2
left_child=1 3 10 -1 -5 6 13 8 -8 -9 -3 -12 -6 -2
right_child=5 2 -4 4 12 -7 7 9 -10 -11 11 -13 -14 -15
leaf_value=-0.015715328105994301 0.0038479672910175225 -0.003653335759095694 -0.016302704113687078 0.0097388995366615803 -0.0070757752198799678 0.017682054061960537 0.00058787369670731905 -0.008596056129176197 -0.013173611275320038 0.0080228437589475975 0.017269552133071516 0.0035218380046363948 0.03073766825799441 0.0163486480213328
leaf_weight=2112.3531212471426 905.40632149577141 1023.0077923834324 560.22146707773209 908.45148427784443 4046.7887229956686 623.00384914875031 4886.2655410543084 592.78249591588974 1077.5271947458386 3605.4847960695624 934.86633512377739 1339.541744671762 63.779864676296711 915.16705247759819
leaf_count=18785 3981 5169 4805 5376 29399 2678 23260 3521 5550 16339 4032 6207 342 4003
internal_value=-2.66273e-05 -0.00389541 0.0020685 -0.0071199 -0.00347829 0.00334641 0.00258695 0.00121673 -0.00191642 0.00566146 0.00522957 0.00922352 -0.00641589 0.0101868
internal_weight=23594.6 10989 3857.64 7131.37 5019.02 12605.6 11982.6 10162.1 5963.79 4198.27 3297.42 2274.41 4110.57 1820.57
internal_count=133447 74115 20213 53902 35117 59332 56654 48670 28810 19860 15408 10239 29741 7984
is_linear=0
shrinkage=0.035


Tree=71
num_leaves=15
num_cat=0
split_feature=10 3 2 3 24 26 23 33 22 22 10 3 18 8
split_gain=244.333 188.412 231.632 157.36 119.143 113.653 111.15 104.764 84.1646 76.5965 75.965 67.48 46.1457 39.8837
threshold=0.27668647468090063 -0.29332423210144037 0.2786970734596253 0.53318902850151073 0.026834268122911457 -1.3799999999999999 0.13294924795627597 0.048226023086965893 0.37421594560146337 0.16723755002021792 1.2690767645835879 0.30205217003822332 0.064411997795104994 -0.19662554562091825
decision_type=2 2 2 2 2 2 2 2 2 2 2 2 2 2
left_child=8 6 3 4 -3 -4 -2 9 -1 -8 -7 13 -9 -10
right_child=1 2 5 -5 -6 10 7 12 11 -11 -12 -13 -14 -15
leaf_value=-0.021879280151472696 0.012387517128143581 0.006246592593949836 0.01766869234201443 0.0090112457053675467 -0.0060461983473366794 0.001641119863993027 -0.010572460195868581 0.0068595844538408496 -0.0012519116502154991 0.0026133347703194477 0.02076713217538359 0.047132936163079793 0.023534737524577552 -0.017899724603388865
leaf_weight=744.96342725306749 2246.2315064519644 1064.0001552253962 809.25108390301466 1100.2140989303589 9734.4689527191222 3209.3056848347187 736.04503291100264 608.7418218255043 489.0047861635685 1941.7732300199568 266.53882451355457 19.067537054419518 305.53180851787329 267.13483410701156
leaf_count=8554 10850 5223 3602 5390 57452 14890 4806 2728 3853 10977 1136 130 1322 2534
internal_value=-2.56171e-05 0.000913668 -0.00103141 -0.00354395 -0.0048303 0.0059373 0.00629796 0.00246617 -0.0135497 -0.00103686 0.00316313 -0.0053684 0.0126264 -0.00729025
internal_weight=23542.3 22022.1 16183.8 11898.7 10798.5 4285.1 5838.32 3592.09 1520.17 2677.82 3475.84 775.207 914.274 756.14
internal_count=133447 118376 87693 68065 62675 19628 30683 19833 15071 15783 16026 6517 4050 6387
is_linear=0
shrinkage=0.035


Tree=72
num_leaves=15
num_cat=0
split_feature=11 22 10 1 25 26 23 26 2 25 25 3 25 20
split_gain=233.134 173.901 173.521 162.915 142.47 198.865 103.437 98.2647 84.4092 77.819 74.5889 68.5519 66.5999 63.4149
threshold=0.36841256916522985 0.37421594560146337 0.29682263731956487 -0.073766667395830141 1.4450000000000001 -1.3799999999999999 0.21232284605503085 -1.02 0.39050006866455084 4.2150000000000007 2.0050000000000003 -0.198892667889595 5.1000000000000005 -0.019841950386762616
decision_type=2 2 2 2 2 2 2 2 2 2 2 2 2 2
left_child=1 2 -1 9 -4 -6 10 11 12 -3 -2 -5 -8 -12
right_child=6 3 4 7 5 -7 8 -9 -10 -11 13 -13 -14 -15
leaf_value=-0.019371251357878368 0.016266532849563937 -0.011887492298324408 0.0031503194959788153 0.013973821331553459 0.0042774551549154168 -0.010853830694406824 -0.00092910566760139664 -0.0066168350182130064 0.014267730601418671 0.014700453846440255 -0.0031401317211741412 0.0002668134296222286 -0.016275699713561239 0.0071873919572731614
leaf_weight=1001.4030059427023 911.51826378703117 142.52374258264899 2400.792116060853 577.59839989244938 1418.8441945537925 4190.2085261233151 1571.5123722031713 2207.7349316552281 341.55814637243748 1325.7822190001607 873.08634235709906 1869.1538420990109 434.85456980764866 4237.5895439386368
leaf_count=11110 4195 1188 11252 2756 7080 30333 7616 14436 1469 7105 4140 9451 2216 19100
internal_value=-2.38249e-05 -0.00261571 -0.00570585 0.00193411 -0.00397536 -0.00702548 0.0046601 -0.00127817 -0.00156654 0.0120567 0.00708631 0.0035463 -0.00431951 0.00542039
internal_weight=23504.2 15134 9011.25 6122.79 8009.84 5609.05 8370.12 4654.49 2347.93 1468.31 6022.19 2446.75 2006.37 5110.68
internal_count=133447 94711 59775 34936 48665 37413 38736 26643 11301 8293 27435 12207 9832 23240
is_linear=0
shrinkage=0.035


Tree=73
num_leaves=15
num_cat=0
split_feature=17 4 8 6 28 26 22 26 17 12 24 28 22 3
split_gain=232.006 155.447 151.563 162.902 145.864 106.027 96.6048 86.7769 71.1161 64.7464 53.9959 53.8865 62.1854 49.1497
threshold=0.028147075325250629 0.12849085777997973 -0.47466564178466791 0.11687975376844408 1.0000000180025095e-35 -1.3799999999999999 0.16723755002021792 1.9550000000000003 0.018686083145439628 1.0048206448554995 0.03199290111660958 1.0000000180025095e-35 0.42151103913784033 1.0000000180025095e-35
decision_type=8 2 2 2 2 2 2 2 10 2 2 2 2 2
left_child=8 2 6 4 -4 -5 7 -2 -1 11 -8 12 -10 -13
right_child=1 -3 3 5 -6 -7 10 -9 9 -11 -12 13 -14 -15
leaf_value=-0.024322063105369513 -0.0096370798614885452 0.010728904354665642 -0.0069061677516078987 0.015405890129942002 0.0018162457888231322 0.0015226303994054812 0.006991734224045516 0.011493358757699846 -0.015335583811799208 -0.018268353193253012 0.019790423444063787 0.0096657463153929698 0.003696041258494159 -0.013474130250536736
leaf_weight=365.00266356393695 759.47501242160797 1882.4361122846603 6767.0813884884119 823.06441500782967 3588.8176144212484 3540.9318332746625 2871.9973234608769 335.20054562389851 637.20392658188939 516.1560672223568 466.02867622673512 459.26457577198744 306.63995680212975 138.43138126283884
leaf_count=4360 4956 8366 41926 3703 17650 17093 14347 1474 6993 5004 2132 2427 2191 825
internal_value=-2.35081e-05 0.00115943 0.000213777 -0.00149536 -0.0038846 0.0041703 0.00587998 -0.00312126 -0.0102569 -0.00765641 0.00883236 -0.00400836 -0.00917858 0.00417282
internal_weight=23457.7 21035 19152.6 14719.9 10355.9 4364 4432.7 1094.68 2422.7 2057.7 3338.03 1541.54 943.844 597.696
internal_count=133447 111647 103281 80372 59576 20796 22909 6430 21800 17440 16479 12436 9184 3252
is_linear=0
shrinkage=0.035


Tree=74
num_leaves=15
num_cat=0
split_feature=17 19 8 26 28 20 15 30 11 3 17 26 28 2
split_gain=218.132 148.155 184.721 99.2125 182.188 85.5173 71.1365 70.1007 68.7265 79.9868 68.5254 62.6465 61.8275 78.8212
threshold=0.028147075325250629 0.24971037358045581 -0.47466564178466791 -1.3799999999999999 1.0000000180025095e-35 -0.084638353437185274 23.53621864318848 -0.14999999999999988 0.64207530021667492 -0.24486392736434934 0.018686083145439628 -1.3799999999999999 1.0000000180025095e-35 0.39050006866455084
decision_type=8 2 2 2 2 2 2 2 2 2 10 2 2 2
left_child=10 2 5 6 -5 -2 -4 -7 9 -3 -1 -11 13 -12
right_child=1 8 3 4 -6 7 -8 -9 -10 11 12 -13 -14 -15
leaf_value=-0.023935667360308891 -0.005925689447108938 0.017526508403119569 0.0023229578708513438 -0.0072390830251487306 0.0021514499009206976 0.017607328058421651 0.022853554307894357 0.0055318444102396801 0.025608477516441339 0.01500811652270812 -0.013419103099677422 0.0013024108821480683 0.00020072654550444273 0.049473511423405482
leaf_weight=358.1963493488729 638.39004457741976 616.73298837244511 1836.3337431028485 6736.4956026747823 4044.3744696527719 721.29254528880119 223.45635300129652 3128.8169194832444 230.65997892618179 484.96744722127914 1234.9455436915159 2353.4346569925547 794.59081440791488 15.291468448936937
leaf_count=4360 4184 2741 8966 42378 19514 3270 1040 15695 994 2167 12734 10698 4598 108
internal_value=-2.3316e-05 0.00112058 -0.000236113 -0.00237275 -0.00371756 0.00586804 0.00464987 0.00783386 0.00748258 0.00620211 -0.00999009 0.00368863 -0.00744261 -0.0122634
internal_weight=23418 21015 17329.2 12840.7 10780.9 4488.5 2059.79 3850.11 3685.8 3455.14 2403.02 2838.4 2044.83 1250.24
internal_count=133447 111647 95047 71898 61892 23149 10006 18965 16600 15606 21800 12865 17440 12842
is_linear=0
shrinkage=0.035


Tree=75
num_leaves=15
num_cat=0
split_feature=17 4 3 3 1 23 22 16 33 22 24 3 24 4
split_gain=206.003 125.49 117.642 116.444 109.756 127.586 91.6272 75.9037 74.7067 87.2693 73.6665 72.3274 68.1472 50.6215
threshold=0.03454850800335408 0.018234814517199997 0.76103645563125621 -0.29332423210144037 -0.022948839701712128 0.13294924795627597 0.18286002427339557 0.68542590737342846 -0.084824925210351662 0.40030081570148474 0.02743481379002333 0.95548039674758922 0.030182745307683948 0.15350151807069781
decision_type=8 2 2 2 2 2 2 2 2 2 2 2 2 2
left_child=4 2 3 6 5 7 -2 -1 9 -3 -7 -6 -5 -10
right_child=1 8 -4 12 11 10 -8 -9 13 -11 -12 -13 -14 -15
leaf_value=0.012756393290015017 -0.0049702787818535358 -0.0065727374405736136 0.0096959944407742967 -0.00021698928460373127 -0.013126098308085643 0.00258041832840088 0.0090654152262375481 -0.0019749820910835206 0.0061870006221408803 0.0063612384933375687 -0.014661611732068177 0.038646473741079691 -0.0071122282556403682 0.015505386309551597
leaf_weight=744.43761258944869 838.23616813123226 1150.6292606368661 1197.836909674108 3060.2378337904811 2055.8625412806869 425.42376440390944 1734.9910088032484 986.39238894358277 3723.6024738997221 1412.1085977554321 1026.8342238366604 24.177005462348461 4111.4224796444178 884.34533530473709
leaf_count=4266 4824 6440 5438 15416 18091 2241 8553 7051 17994 6936 9601 170 22590 3836
internal_value=-2.12742e-05 0.00175024 -0.000608472 -0.00188373 -0.00610983 -0.00201123 0.00449171 0.00439793 0.00534557 0.00055111 -0.00962763 -0.0123423 -0.00417434 0.00800506
internal_weight=23376.5 18113.4 10942.7 9744.89 5263.13 3183.09 2573.23 1730.83 7170.69 2562.74 1452.26 2080.04 7171.66 4607.95
internal_count=133447 92027 56821 51383 41420 23159 13377 11317 35206 13376 11842 18261 38006 21830
is_linear=0
shrinkage=0.035


Tree=76
num_leaves=15
num_cat=0
split_feature=17 11 23 3 6 25 17 17 26 12 25 20 5 28
split_gain=197.308 137.473 159.949 126.397 99.496 118.111 69.6374 66.2534 66.1979 60.9638 57.2056 56.6143 55.9535 46.3198
threshold=0.028147075325250629 0.41320957243442541 0.14535007625818255 -0.18779719620943067 0.049478735774755485 1.4450000000000001 0.10901262983679773 0.018686083145439628 -1.02 1.0048206448554995 1.4450000000000001 -0.024338525719940659 -0.13309496641159055 1.0000000180025095e-35
decision_type=8 2 2 2 2 2 8 10 2 2 2 2 2 2
left_child=7 2 3 -2 5 -4 10 -1 -5 13 12 -12 -3 -9
right_child=1 6 4 8 -6 -7 -8 9 -10 -11 11 -13 -14 -15
leaf_value=-0.023451610296366464 0.0085405004943259685 0.001843274160672672 -0.00032872714664291196 0.0025791746351130325 0.0025434346750945426 -0.011042892925523752 0.01803448902876973 -0.0083911648240264126 -0.0054628211575762147 -0.017501773631744589 -0.0046151184500966167 0.004931425850647474 0.018676238574835607 0.0040406262706141997
leaf_weight=349.48222860693932 2896.9378905817866 406.21871295571327 2053.3699817508459 3208.7891401648521 1829.1656792536378 3256.3950212597847 502.06582701206207 923.80682463571429 2044.126586638391 503.12063715979457 990.05406184494495 3186.729317843914 596.86676424741745 597.17679531872272
leaf_count=4360 14780 1896 9979 15556 9774 23679 2172 9184 12289 5004 4778 14009 2735 3252
internal_value=-2.02081e-05 0.0010639 -0.00066435 0.00268475 -0.00448612 -0.00690796 0.00570722 -0.00956261 -0.000554732 -0.00706103 0.00447993 0.00266292 0.0119449 -0.00351562
internal_weight=23344.3 20970.7 15288.8 8149.85 7138.93 5309.77 5681.93 2373.59 5252.92 2024.1 5179.87 4176.78 1003.09 1520.98
internal_count=133447 111647 86057 42625 43432 33658 25590 21800 27845 17440 23418 18787 4631 12436
is_linear=0
shrinkage=0.035


Tree=77
num_leaves=15
num_cat=0
split_feature=11 22 25 6 31 6 19 4 6 22 11 26 22 21
split_gain=188.667 136.354 219.295 179.372 156.749 134.42 132.803 100.658 98.9762 67.2791 63.2503 58.6896 53.2588 51.3964
threshold=0.20489888638257983 0.35542443394660955 1.4450000000000001 0.058812357485294349 0.0066205494171276422 0.23954205960035327 -0.24453695863485334 -0.11237328127026557 -0.096043452620506273 0.39701244235038763 0.41320957243442541 -1.1900000000000002 0.48898293077945715 0.0069537807721644649
decision_type=2 2 2 2 2 2 2 2 2 2 2 2 2 2
left_child=5 2 7 6 8 9 -4 -2 12 -1 -9 -5 -3 -10
right_child=1 4 3 11 -6 -7 -8 10 13 -11 -12 -13 -14 -15
leaf_value=-0.016439363846979027 -0.0086117670777919059 0.013417803973362048 0.0056565166114513699 0.011735319638491339 -0.0018760523486530589 0.015073222730197115 -0.010013939986723676 0.00483470704449493 0.011394640578026206 -0.0045847755762767183 0.01585631033067874 -0.00018745342254693304 0.033699872222308282 0.0028572233170364352
leaf_weight=1362.2329772301018 549.05003490298986 1097.4048052430153 757.38320463895798 725.92883694171906 2987.8337714001536 252.92774299532175 4977.2737738192081 2823.5889113917947 1230.7932194620371 1042.3060274645686 820.52520853281021 1616.0895840898156 184.19822087883949 2877.359342738986
leaf_count=14677 3163 5033 3967 3346 16686 1386 33136 12870 5371 7622 3727 7994 877 13592
internal_value=-2.00859e-05 0.00111107 -0.00123909 -0.00460882 0.00455048 -0.00877989 -0.00793808 0.00524705 0.00810993 -0.011341 0.00735298 0.0035423 0.0165712 0.00543647
internal_weight=23304.9 20647.4 12269.8 8076.68 8377.59 2657.47 5734.66 4193.16 5389.76 2404.54 3644.11 2342.02 1281.6 4108.15
internal_count=133447 109762 68203 48443 41559 23685 37103 19760 24873 22299 16597 11340 5910 18963
is_linear=0
shrinkage=0.035


Tree=78
num_leaves=15
num_cat=0
split_feature=17 8 20 17 22 25 28 26 25 17 21 26 23 24
split_gain=183.404 161.89 140.534 100.614 78.177 130.752 78.0427 125.724 77.9372 76.4892 71.2704 69.5887 75.0581 73.0831
threshold=0.053425045683979995 -0.38838881254196161 -0.084638353437185274 0.022059926763176921 0.37421594560146337 1.4450000000000001 1.0000000180025095e-35 -1.3799999999999999 4.2150000000000007 0.10901262983679773 -0.15558469295501706 -1.3799999999999999 0.090554408729076399 0.028936692513525489
decision_type=8 2 2 10 2 2 2 2 2 8 2 2 2 2
left_child=1 2 10 -3 5 -4 7 -5 -6 11 -1 -2 -13 -14
right_child=9 3 4 6 8 -7 -8 -9 -10 -11 -12 12 13 -15
leaf_value=0.0082183374063880491 0.010735088762224548 -0.018403307641327128 0.011054924289251533 0.0026052482038343328 -0.0051893927380783035 -0.0041238355635883038 0.00071014160209417038 -0.009116250643326081 0.015241038051007485 0.015789321006225734 -0.023446883820321104 0.010378020042570754 0.0060110595016225543 -0.0024119005330697635
leaf_weight=110.2406824529171 1221.0509062260389 637.7146317102015 1082.8417890369892 1468.4139572270215 278.5246669575572 1901.3094923645258 2823.6961327195168 4676.1323951594532 1168.2326017543674 613.96300104260445 339.6379091180861 1028.7598158493638 1811.4636269658804 4097.6828850656748
leaf_count=709 5315 7835 4837 7978 1919 12839 14127 34835 5682 2678 2965 4366 8194 19168
internal_value=-1.87792e-05 -0.00243684 0.00275004 -0.00507241 0.00465211 0.00140252 -0.00410503 -0.00631538 0.0112992 0.0039724 -0.0156775 0.00306493 0.0017015 0.000175972
internal_weight=23259.7 14486.7 4880.79 9605.96 4430.91 2984.15 8968.24 6144.55 1446.76 8772.92 449.879 8158.96 6937.91 5909.15
internal_count=133447 93726 28951 64775 25277 17676 56940 42813 7601 39721 3674 37043 31728 27362
is_linear=0
shrinkage=0.035


Tree=79
num_leaves=15
num_cat=0
split_feature=11 19 4 14 28 25 33 23 18 6 27 21 20 26
split_gain=175.708 122.175 123.861 120.173 100.98 129.532 83.3517 78.088 61.1262 60.7997 63.4163 55.1134 53.9848 52.9352
threshold=0.32313565909862524 -0.18034981936216352 0.077317494899034514 0.266629308462143 1.0000000180025095e-35 4.2150000000000007 -0.067435648233345621 0.21232284605503085 0.064411997795104994 0.058812357485294349 8.4992713392404244 -0.0061582669150084248 -0.019841950386762616 -0.83499999999999985
decision_type=2 2 2 2 2 2 2 2 2 2 2 2 2 2
left_child=1 13 4 9 5 -3 -6 12 -9 10 11 -2 -5 -1
right_child=3 2 -4 7 6 -7 -8 8 -10 -11 -12 -13 -14 -15
leaf_value=0.014925239632254983 -0.016201989334608459 -0.017410829943720448 0.0044049537888687686 -0.00023650465379549152 -0.016208332248559932 -0.0054256188647316345 0.0018942389512145179 -0.004005453943451036 0.0078342244748437363 0.0053204352783783188 0.0096765755424211373 -0.0022248512221417077 0.0080628570519568829 -0.004645621635941781
leaf_weight=617.12853380292654 827.93849299103022 1445.7959520928562 1753.5295762605965 1152.2979292944074 345.23212028667331 4652.7707839980721 2525.8066335916519 1793.2444410771132 749.05516785383224 585.66297377645969 214.22164109349251 594.31651153415442 5729.5867104530334 226.46769718080759
leaf_count=3504 4272 13746 8960 5676 3522 33409 12455 9556 3362 2569 1051 2792 26674 1899
internal_value=-1.83045e-05 -0.0030725 -0.00408371 0.00301506 -0.00574628 -0.00829082 -0.000331233 0.00474088 -0.000500021 -0.0042927 -0.00774447 -0.0104177 0.00667489 0.00967847
internal_weight=23213.1 11566.7 10723.1 11646.3 8969.61 6098.57 2871.04 9424.18 2542.3 2222.14 1636.48 1422.26 6881.88 843.596
internal_count=133447 77495 72092 55952 63132 47155 15977 45268 12918 10684 8115 7064 32350 5403
is_linear=0
shrinkage=0.035


Tree=80
num_leaves=15
num_cat=0
split_feature=3 2 3 17 24 23 33 26 10 22 7 19 9 18
split_gain=173.385 227.471 157.777 112.791 99.5201 91.4251 88.6064 80.1759 58.8983 57.487 61.6001 55.871 48.0662 45.1527
threshold=-0.29332423210144037 0.2786970734596253 0.53318902850151073 0.022059926763176921 0.026834268122911457 0.13294924795627597 0.048226023086965893 -1.3799999999999999 1.2690767645835879 0.16723755002021792 -0.15109957754611966 0.20273430645465854 0.23143197596073153 0.064411997795104994
decision_type=2 2 2 8 2 2 2 2 2 2 2 2 2 2
left_child=5 2 3 -2 -5 -1 9 -3 12 11 -11 -7 -9 -8
right_child=1 7 -4 4 -6 6 13 8 -10 10 -12 -13 -14 -15
leaf_value=0.010465859125316243 -0.019942206449489214 0.015057767475720631 0.0085021238341389891 0.0056868715646688902 -0.0055720391050118516 -0.013104181614031611 0.0053465382995821148 0.037137692644813064 0.018497409521386569 0.0077026293655909749 -0.0045735193511741695 0.018037857249008176 0.0010126391934187715 0.021784155176629436
leaf_weight=2352.9203308299184 602.93845615535975 803.80816004425287 1098.8772354424 1054.3894954547286 10136.429291859269 659.32498040050268 618.81736340373755 35.781077578663826 261.79220785200596 983.58320039138198 1000.0348817668855 70.13881129026413 3196.7274496741593 303.23661294206977
leaf_count=11766 7584 3622 5425 5314 62657 4633 2845 258 1136 5360 6222 338 14941 1346
internal_value=-1.8362e-05 -0.00180514 -0.0041293 -0.00531243 -0.0045071 0.00510565 0.00161694 0.00515982 0.00284648 -0.00157602 0.00152175 -0.0099064 0.00152581 0.0109281
internal_weight=23178.8 17190.7 12892.6 11793.8 11190.8 5988.06 3635.14 4298.11 3494.3 2713.08 1983.62 729.464 3232.51 922.054
internal_count=133447 100937 80980 75555 67971 32510 20744 19957 16335 16553 11582 4971 15199 4191
is_linear=0
shrinkage=0.035


Tree=81
num_leaves=15
num_cat=0
split_feature=3 2 3 19 28 26 23 30 22 10 7 9 20 6
split_gain=162.317 208.896 134.489 115.129 117.518 72.0879 68.7888 75.4223 54.2548 53.347 48.0102 43.0967 39.0984 31.606
threshold=-0.34823405742645258 0.2786970734596253 0.53318902850151073 -0.14828812330961225 1.0000000180025095e-35 -1.3799999999999999 0.13294924795627597 -0.14999999999999988 0.18286002427339557 1.2690767645835879 -0.13709320127964017 0.23143197596073153 -0.084638353437185274 -0.1105687730014324
decision_type=2 2 2 2 2 2 2 2 2 2 2 2 2 2
left_child=6 2 3 12 -5 -3 -1 -8 13 11 -10 -7 -2 -9
right_child=1 5 -4 4 -6 9 7 8 10 -11 -12 -13 -14 -15
leaf_value=0.011374552046882194 -0.011891161106978907 0.014585321757798017 0.0081896905011245094 -0.0088153896563990045 -0.001234477845520865 0.035211849576329189 0.011549864246862157 -0.011710007486899765 0.0093590100335204842 0.017967577836862706 -0.0046318292301942747 0.0013530166827567438 0.0038418505083402383 0.0068812936010273721
leaf_weight=1740.0098534710705 202.54286840930581 809.28009823709726 1101.2100346684456 6817.0903788879514 3962.4986449927092 36.734747838228941 789.96094316989183 626.82832322642207 693.33489394932985 261.94567646086216 516.3157809600234 3278.8917745053768 2179.8623108826578 128.96949327364564
leaf_count=8456 1452 3653 5425 48575 21232 259 3763 4068 3708 1142 3185 15318 12558 653
internal_value=-1.64646e-05 -0.00145605 -0.00351016 -0.00449451 -0.00603243 0.00521537 0.0059459 0.00248903 -0.00119277 0.00306105 0.00339828 0.0018329 0.00246018 -0.00848915
internal_weight=23145.5 18650.1 14263.2 13162 10779.6 4386.85 4495.42 2755.41 1965.45 3577.57 1209.65 3315.63 2382.41 755.798
internal_count=133447 109614 89242 83817 69807 20372 23833 15377 11614 16719 6893 15577 14010 4721
is_linear=0
shrinkage=0.035


Tree=82
num_leaves=15
num_cat=0
split_feature=17 4 19 19 28 22 22 24 25 11 16 31 8 4
split_gain=161.609 117.557 125.324 128.01 119.202 66.5917 61.9745 94.1723 58.1509 56.3524 45.613 39.2209 34.7273 32.6229
threshold=0.028147075325250629 0.085952844470739379 -0.14828812330961225 0.18375461548566821 1.0000000180025095e-35 0.35542443394660955 0.39701244235038763 0.027066921815276149 4.2150000000000007 0.64207530021667492 0.61582216620445263 0.0066205494171276422 -0.31213590502738947 0.19180164486169818
decision_type=8 2 2 2 2 2 2 2 2 2 2 2 2 2
left_child=6 2 5 4 -4 -2 7 12 -7 -5 11 -8 -1 -3
right_child=1 13 3 9 -6 8 10 -9 -10 -11 -12 -13 -14 -15
leaf_value=0.012630015239214285 0.0015688065028599803 0.0047979137423922067 -0.0062318187912013797 0.0032814137095289013 0.0014364597274847855 -0.0074526964973177998 0.01718609160561585 -0.018334132261145875 0.013342067966110543 0.021931256619563702 -0.0064165602079779317 -0.01742239266607002 -0.0086179748354705994 0.012585027660544314
leaf_weight=183.0285402610898 2240.2630036100745 2138.6916463822126 6922.9455684944987 2896.2175094932318 3864.136375553906 180.04868944734335 206.97692234814167 1079.8096014074981 1400.7497054040432 203.70981988310814 625.51752254739404 40.694709811359644 174.52658422663808 958.62220288813114
leaf_count=908 12431 10244 42975 13863 19436 1106 1110 12945 6521 875 5242 336 1259 4196
internal_value=-1.49584e-05 0.000961748 -0.000139983 -0.001685 -0.00348611 0.00546485 -0.00877596 -0.0132192 0.0109416 0.00457356 -0.00139503 0.0110441 0.00230634 0.00724078
internal_weight=23115.9 20805.4 17708.1 13887 10787.1 3821.06 2310.55 1437.36 1580.8 3099.93 873.189 247.672 357.555 3097.31
internal_count=133447 111647 97207 77149 62411 20058 21800 15112 7627 14738 6688 1446 2167 14440
is_linear=0
shrinkage=0.035


Tree=83
num_leaves=15
num_cat=0
split_feature=17 3 2 3 14 26 23 25 25 10 3 5 28 15
split_gain=154.764 130.848 153.387 126.146 103.477 86.6259 75.6422 71.3241 102.744 62.6164 46.8737 44.6882 30.9846 39.0744
threshold=0.022059926763176921 -0.29332423210144037 0.20253252238035205 0.53318902850151073 0.24366132169961932 -1.3799999999999999 0.13294924795627597 1.4450000000000001 4.2150000000000007 1.2690767645835879 0.39347890019416815 -0.06595196574926375 1.0000000180025095e-35 21.34570407867432
decision_type=8 2 2 2 2 2 2 2 2 2 2 2 2 2
left_child=10 6 3 4 -3 -4 -2 11 -9 -7 12 -8 -1 -14
right_child=1 2 5 -5 -6 9 7 8 -10 -11 -12 -13 13 -15
leaf_value=-0.023200644913412935 0.00994737916163955 -0.013566024891911317 0.013142400462256097 0.0086190317753539174 -0.0031883754785566186 0.00055728078245188513 0.0021570826141575918 -0.0073206379982969725 0.0074070441361168736 0.017644502272725036 0.034488930239286175 0.015898617084668259 0.003910596374499903 -0.021957655949295697
leaf_weight=426.32626965641975 2284.7624256126583 1349.8886183835566 977.15164160728455 963.22650818526745 8850.6738082878292 4092.0262393169105 595.12546799331903 1486.2833322808146 938.15564942359924 270.79651738703251 13.013193905353544 562.10463077574968 154.05722428113222 119.59717762470245
leaf_count=6308 11220 7267 4436 4745 55772 19795 2920 9962 4960 1185 111 2465 1208 1093
internal_value=-1.44388e-05 0.000500443 -0.00109588 -0.00342866 -0.00457364 0.00377834 0.00498553 0.00180146 -0.00161463 0.00165579 -0.0159523 0.00891082 -0.0173626 -0.00777033
internal_weight=23083.2 22370.2 16503.8 11163.8 10200.6 5339.97 5866.43 3581.67 2424.44 4362.82 712.994 1157.23 699.981 273.654
internal_count=133447 124727 93200 67784 63039 25416 31527 20307 14922 20980 8720 5385 8609 2301
is_linear=0
shrinkage=0.035


Tree=84
num_leaves=15
num_cat=0
split_feature=8 6 28 22 26 22 34 23 26 3 19 28 15 21
split_gain=149.781 220.736 149.407 147.185 130.483 115.471 98.0045 78.7494 76.9427 66.2913 61.6209 56.4696 55.8441 52.7811
threshold=-0.46291741728782648 0.11687975376844408 1.0000000180025095e-35 0.42348992824554449 -1.3799999999999999 0.17287103831768039 -0.01694045508671815 0.21232284605503085 -1.3799999999999999 -0.14172124862670896 -0.052885234355926507 -1.1401333311752746 22.891553878784183 -0.15558469295501706
decision_type=2 2 2 2 2 2 2 2 2 2 2 2 2 2
left_child=7 2 3 4 -2 -4 -7 -1 -3 11 -5 -10 13 -9
right_child=1 8 5 10 -6 6 -8 12 9 -11 -12 -13 -14 -15
leaf_value=0.0080315476108964688 0.00022316910709653621 0.012855293399579451 -0.0065709714356986422 0.0084817839996737827 -0.01216772855201332 -0.01247419452698109 0.0077428320559871817 0.0077563479303546078 0.00044129081393262632 0.0002501783729884557 -0.0050828868115977265 0.018495626565328341 0.014464189664294766 -0.0080004530582701381
leaf_weight=3631.9810472354293 1321.8250524587929 1010.623922098428 1554.9143186435103 883.37223245203495 4885.5579313598573 324.77403258904815 2432.5285610705614 340.21719667315483 365.57787153869867 3816.134063411504 749.55464904755354 497.55190895870328 224.7239648476243 1015.5897870734334
leaf_count=18698 7467 4657 9054 5408 38721 2429 11059 1647 1797 18657 4457 2244 1137 6015
internal_value=-1.3569e-05 -0.00153873 -0.0042015 -0.00707666 -0.00953305 0.00103027 0.00532506 0.0052 0.00414585 0.00224138 0.00226222 0.0109414 -0.00131634 -0.00401871
internal_weight=23054.9 17842.4 12152.5 7840.31 6207.38 4312.22 2757.3 5212.51 5689.89 4679.26 1632.93 863.13 1580.53 1355.81
internal_count=133447 105950 78595 56053 46188 22542 13488 27497 27355 22698 9865 4041 8799 7662
is_linear=0
shrinkage=0.035


Tree=85
num_leaves=15
num_cat=0
split_feature=17 4 22 8 28 12 23 17 23 33 22 1 28 19
split_gain=146.078 101.734 100.324 129.131 87.1369 78.1214 76.9043 66.3371 64.7443 63.3826 70.7246 58.0905 50.468 45.3355
threshold=0.03251412324607373 0.018234814517199997 0.16723755002021792 -0.41424961388111109 1.0000000180025095e-35 1.0458291172981264 0.3174744993448258 0.018686083145439628 0.13294924795627597 -0.084824925210351662 0.40030081570148474 -0.022948839701712128 -0.20349242140922372 0.15146018564701083
decision_type=8 2 2 2 2 2 2 10 2 2 2 2 2 2
left_child=5 2 6 -4 -5 7 -2 -1 11 10 13 -9 -10 -3
right_child=1 9 3 4 -6 -7 -8 8 12 -11 -12 -13 -14 -15
leaf_value=-0.020006427327348929 -0.014651164812749553 -0.012468103065328707 0.0062938899055908449 -0.0044336902447576288 0.0058744009881306469 -0.015063744323412852 -0.0013070402724204985 0.006990659190415153 -0.014352525774869852 0.0069057915774443489 0.0052401605980117163 -0.0057541293128638166 0.00075502634689378605 0.0012406063446700063
leaf_weight=260.57685567438602 997.36770089715719 636.81355668604374 3341.764116704464 4772.9500273317099 1262.4412459284067 895.54329048097134 1118.8203628137708 1142.3684601671994 683.99964036419988 4746.2962016761303 1477.2902794405818 697.55666725337505 442.70311269536614 541.05629830062389
leaf_count=3462 6385 4191 16450 26373 5525 8599 6573 7242 7607 23001 7382 5557 2413 2687
internal_value=-1.30276e-05 0.00129007 -0.000771096 0.000784513 -0.00227136 -0.00597388 -0.00763551 -0.00341272 -0.00189288 0.00448748 0.000154867 0.00215384 -0.00846206 -0.00621355
internal_weight=23017.5 18894.8 11493.3 9377.16 6035.39 4122.75 2116.19 3227.2 2966.63 7401.46 2655.16 1839.93 1126.7 1177.87
internal_count=133447 98567 61306 48348 31898 34880 12958 26281 22819 37261 14260 12799 10020 6878
is_linear=0
shrinkage=0.035


Tree=86
num_leaves=15
num_cat=0
split_feature=11 22 1 10 26 14 25 14 26 31 22 27 10 10
split_gain=140.346 142.291 130.301 117.13 108.354 104.299 81.8766 79.8546 74.4353 63.8293 61.3069 67.3567 58.2792 55.0914
threshold=0.36250992119312292 0.37421594560146337 -0.030039126984775063 0.29682263731956487 -0.83499999999999985 0.39425264298915869 1.4450000000000001 0.266629308462143 -1.3799999999999999 0.0028411853832293059 0.35542443394660955 8.4992713392404244 0.24075338244438174 1.2690767645835879
decision_type=2 2 2 2 2 2 2 2 2 2 2 2 2 2
left_child=1 3 4 -1 12 6 -5 10 -7 -4 11 -2 -3 -9
right_child=7 2 9 5 -6 8 -8 13 -10 -11 -12 -13 -14 -15
leaf_value=-0.016901674720225766 -0.011441179663566458 -0.0066939331960318886 0.0039104822759395211 0.0017057405761192596 -0.011111986969237068 0.0064879083609656416 -0.018146841997442167 0.0044585190610894766 -0.003519287072324444 -0.0052297698244909664 0.005631887036626735 0.010843729035333453 0.014615234397780084 0.018240413295627866
leaf_weight=904.28542592376471 982.71994180232286 169.0275061763823 1519.2433603741229 348.09452978521585 268.08278992027044 1097.1870054081082 920.26015800237656 6492.7307907640934 5125.7050805576146 2404.5371089614928 640.71248973160982 191.27742440998554 1554.4159276485443 367.44564674794674
leaf_count=11110 4901 1433 7468 1591 2307 5568 6279 30585 33530 15205 2821 952 8068 1629
internal_value=-1.38674e-05 -0.00214273 0.00201314 -0.00506977 0.00928085 -0.00362089 -0.0127277 0.00349651 -0.00174729 -0.00168982 -0.00301996 -0.00774942 0.0124988 0.00522218
internal_weight=22985.7 14310.8 5915.31 8395.53 1991.53 7491.25 1268.35 8674.89 6222.89 3923.78 1814.71 1174 1723.44 6860.18
internal_count=133447 92559 34481 58078 11808 46968 7870 40888 39098 22673 8674 5853 9501 32214
is_linear=0
shrinkage=0.035


Tree=87
num_leaves=15
num_cat=0
split_feature=17 3 3 22 33 23 33 22 21 3 18 24 15 23
split_gain=136.057 115.079 135.734 113.868 118.527 64.9566 71.6852 59.6673 54.8561 44.9161 39.8741 30.3437 40.482 34.6237
threshold=0.022059926763176921 -0.29332423210144037 0.53318902850151073 0.39701244235038763 -0.084824925210351662 0.13294924795627597 1.0000000180025095e-35 0.16723755002021792 0.062416551634669311 0.39347890019416815 0.064411997795104994 0.030079266056418422 21.404287338256839 0.10932076349854471
decision_type=8 2 2 2 2 2 2 2 2 2 2 2 2 2
left_child=9 5 3 4 -3 -2 7 -7 -5 11 -8 12 13 -1
right_child=1 2 -4 8 -6 6 10 -9 -10 -11 -12 -13 -14 -15
leaf_value=0.012938589086696655 0.009274463718419031 -0.012420395792153973 0.0061152792254972697 0.005427693280700579 -0.0026045711787044622 -0.011043447124432695 0.0044526460162024129 0.0015180813044566085 -0.0033263585644441422 0.033966605342065914 0.018746749355113602 -0.025398636439868189 -0.02264461481589268 -0.01297517584601861
leaf_weight=112.55582579597831 2281.5877690128982 1854.5901565253735 2703.6705506518483 2657.0585711449385 7903.6211228147149 605.37593862786889 746.23719126731157 1866.0536707788706 1298.2969419583678 13.142605695873497 348.28205560147762 278.24192992597818 167.4098431430757 120.33795556798577
leaf_count=943 11220 13567 12619 13145 46503 4251 3543 10928 7366 111 1585 4402 1867 1397
internal_value=-1.39345e-05 0.000464098 -0.00103801 -0.00245173 -0.00448092 0.0046759 0.00171591 -0.00159097 0.00255314 -0.0151887 0.00912966 -0.0166202 -0.0100483 -0.000434175
internal_weight=22956.5 22264.8 16417.2 13713.6 9758.21 5847.54 3565.95 2471.43 3955.36 691.688 1094.52 678.546 400.304 232.894
internal_count=133447 124727 93200 80581 60070 31527 20307 15179 20511 8720 5128 8609 4207 2340
is_linear=0
shrinkage=0.035


Tree=88
num_leaves=15
num_cat=0
split_feature=17 19 4 3 12 28 20 10 15 8 33 34 26 26
split_gain=131.968 119.759 94.4665 79.4122 74.435 70.5082 70.4478 58.0571 54.3754 53.2425 49.6959 55.8843 47.3021 46.9151
threshold=0.039925772696733482 -0.072408501058816896 0.0079682045616209524 1.2708510756492617 1.0739814043045046 1.0000000180025095e-35 -0.074349697679281221 0.24075338244438174 22.169493675231937 -0.13144934177398679 -0.084824925210351662 -0.036793507707299659 -0.83499999999999985 -1.3799999999999999
decision_type=8 2 2 2 2 2 2 2 2 2 2 2 2 2
left_child=1 6 4 5 8 13 -1 -8 -2 -7 11 -4 -9 -3
right_child=2 3 10 -5 -6 9 7 12 -10 -11 -12 -13 -14 -15
leaf_value=-0.02379100718323365 -0.00093909488294029891 -0.0017001170601973719 0.010722849892312094 0.044851668800575999 -0.0045345431060802724 0.00049784484247112682 -0.014076209515028665 0.0073324181270322799 0.0066164896075255209 -0.015457127355118111 0.0071529846734617701 -0.0019557559004924267 -0.001480733060800809 -0.013571631590183831
leaf_weight=122.16852352023125 2802.7480024620891 503.9448865801096 539.98719030618668 25.514703713357449 3446.4831676781178 1441.4003598950803 236.53425622731447 1744.5344948470592 1986.4563833028078 301.45233057439327 4409.554596118629 1878.2231144234538 1292.8974455520511 2198.822866499424
leaf_count=1223 14348 3614 2469 156 18044 8128 2692 10458 9291 1977 20654 9781 9398 21214
internal_value=-1.38045e-05 -0.00368513 0.00190481 -0.00744226 -0.000619169 -0.00784238 0.00126861 0.00227331 0.00220205 -0.00233424 0.0049457 0.000907881 0.00358851 -0.0113726
internal_weight=22930.7 7867.27 15063.5 4471.14 8235.69 4445.62 3396.13 3273.97 4789.2 1742.85 6827.76 2418.21 3037.43 2702.77
internal_count=133447 58860 74587 35089 41683 34933 23771 22548 23639 10105 32904 12250 19856 24828
is_linear=0
shrinkage=0.035


Tree=89
num_leaves=15
num_cat=0
split_feature=8 6 28 24 34 26 24 20 18 21 3 25 25 25
split_gain=129.253 194.637 137.714 117.429 129.94 77.5331 77.0274 73.4428 72.5836 70.5848 64.5347 55.1594 80.1331 55.403
threshold=-0.44224245846271509 0.090865403413772597 1.0000000180025095e-35 0.03199290111660958 -0.038291429902634559 -1.3799999999999999 0.030374678783118728 -0.084638353437185274 0.040552869439125068 -0.10806140303611754 -0.12998951226472852 1.4450000000000001 4.2150000000000007 5.1000000000000005
decision_type=2 2 2 2 2 2 2 2 2 2 2 2 2 2
left_child=7 2 3 4 -2 -3 9 8 -1 -4 -7 -9 -13 -14
right_child=1 5 6 -5 -6 10 -8 11 -10 -11 -12 12 13 -15
leaf_value=-0.010247439410627741 0.0017499487658158362 0.011581051945260268 -0.0051246931754234453 0.0010368414537797247 -0.012566228357347871 0.0090215668620021328 -0.0087572197430499082 0.012929798896239797 0.018223963650167919 0.0067015687273795478 -0.00052289118104373311 -0.0035000847775487382 0.013235669995985378 0.0032997153116229509
leaf_weight=651.9391201287508 945.69225500524044 1119.7717986628413 852.77083695307374 1531.4878823570907 4277.4133893884718 1086.506914794445 802.70281072333455 1079.7031038850546 122.01940326392651 2181.3483417257667 4156.3222385384142 1208.0834526084363 1126.885030798614 1763.0008061490953
leaf_count=4572 5479 5206 4343 9340 35232 5277 5892 4847 695 10070 20878 7701 5250 8665
internal_value=-1.37228e-05 -0.00157164 -0.00447666 -0.007481 -0.00997576 0.0032636 0.000818083 0.0044194 -0.00558354 0.00337176 0.00146848 0.00592252 0.00404931 0.00720643
internal_weight=22905.6 16954 10591.4 6754.59 5223.11 6362.6 3836.82 5951.63 773.959 3034.12 5242.83 5177.67 4097.97 2889.89
internal_count=133447 101717 70356 50051 40711 31361 20305 31730 5267 14413 26155 26463 21616 13915
is_linear=0
shrinkage=0.035


Tree=90
num_leaves=15
num_cat=0
split_feature=11 22 1 10 14 26 26 31 14 10 24 22 14 24
split_gain=125.498 133.878 116.368 115.955 121.49 100.279 96.224 57.1226 56.087 49.7204 42.7402 52.0238 43.5404 42.6118
threshold=0.40424561500549322 0.37421594560146337 -0.030039126984775063 0.29682263731956487 0.266629308462143 -0.83499999999999985 -1.3799999999999999 0.0028411853832293059 0.84818053245544445 0.24075338244438174 0.025759280659258369 0.35542443394660955 0.19536083191633227 0.02743481379002333
decision_type=2 2 2 2 2 2 2 2 2 2 2 2 2 2
left_child=1 3 5 -1 13 9 -6 -4 10 -3 -2 12 -12 -5
right_child=8 2 7 4 6 -7 -8 -9 -10 -11 11 -13 -14 -15
leaf_value=-0.016152014167795378 0.018412589288453487 -0.0061271788242841258 0.0040685111646803608 5.0131376510348749e-05 0.0065863712798997099 -0.00956841841707789 -0.0033022963956942648 -0.0042020775092481456 0.0090213491191918054 0.013583420471488328 -0.010619437521544267 0.0066636621784206635 0.00054836316228098374 -0.018935983700948265
leaf_weight=878.34223531931639 173.43616478145123 166.5556580349803 1657.5206465870142 181.10667261481285 1443.7250355482101 304.06344631686807 7056.9309197403491 2637.6537519991398 2030.6433758512139 1738.227557554841 533.0573765039444 1343.325563326478 2008.3633227422833 711.4569325633347
leaf_count=11110 908 1433 8058 945 7168 2512 44722 16338 9156 8854 2597 5797 9518 4331
internal_value=-1.3081e-05 -0.0015754 0.00235165 -0.00406191 -0.00291541 0.00886047 -0.00161707 -0.0010084 0.00428686 0.0118369 0.00190146 0.00111893 -0.0018265 -0.0151257
internal_weight=22864.4 16775.6 6504.02 10271.6 9393.22 2208.85 8500.66 4295.17 6088.83 1904.78 4058.18 3884.75 2541.42 892.564
internal_count=133447 105471 37195 68276 57166 12799 51890 24396 27976 10287 18820 17912 12115 5276
is_linear=0
shrinkage=0.035


Tree=91
num_leaves=15
num_cat=0
split_feature=3 2 3 23 11 14 17 26 30 21 10 28 24 5
split_gain=121.402 165.453 126.5 91.0328 75.5216 74.3062 81.5927 72.4525 63.4434 71.8755 56.5955 40.1473 37.1397 36.7947
threshold=-0.23310682177543637 0.14623443782329562 0.53318902850151073 0.13294924795627597 0.22505683451890948 0.24366132169961932 0.022059926763176921 -1.3799999999999999 -0.14999999999999988 -0.10806140303611754 1.2690767645835879 -0.10326313031254751 0.030079266056418422 -0.20413136482238767
decision_type=2 2 2 2 2 2 8 2 2 2 2 2 2 2
left_child=3 2 5 -1 -5 12 -7 -3 13 -10 11 -9 -2 -6
right_child=1 7 -4 4 8 6 -8 10 9 -11 -12 -13 -14 -15
leaf_value=0.008194318121970131 -0.006507972969814574 0.010678065771704352 0.0079972069951534195 -0.013387923555974934 -0.0086863806916283332 -0.01932872616406725 -0.0038683396313047027 -0.0023977242768485865 -0.015708261938649746 0.0010836939142410489 0.016015091220971386 0.0044618589601757297 -0.019961071165484737 0.010461259293071488
leaf_weight=3096.9163902327418 430.35150480270386 1112.934757295996 848.07141074538231 428.28661010041833 130.27846672385931 436.86588597297668 6745.4494870305061 3103.2704752422869 345.62920464575291 2552.6617839671671 273.34114983677864 1563.430949319154 644.1347190849483 1125.9030067101121
leaf_count=16078 2313 5166 4205 3953 716 6264 43643 16410 2342 14980 1207 7190 3728 5252
internal_value=-1.31219e-05 -0.00182929 -0.00480869 0.00356928 0.000432755 -0.00613209 -0.00483429 0.00265285 0.00188626 -0.00096592 0.000826942 -9.50108e-05 -0.0146826 0.00842254
internal_weight=22837.5 15157.9 9104.87 7679.68 4582.76 8256.8 7182.32 6052.98 4154.47 2898.29 4940.04 4666.7 1074.49 1256.18
internal_count=133447 90126 60153 43321 27243 55948 49907 29973 23290 17322 24807 23600 6041 5968
is_linear=0
shrinkage=0.035


Tree=92
num_leaves=15
num_cat=0
split_feature=4 11 22 8 21 3 28 11 24 22 33 26 4 12
split_gain=118.114 134.266 113.618 127.704 88.0545 76.1928 73.751 52.4472 45.7393 38.2397 36.9162 29.2291 25.8316 25.578
threshold=0.069821909070014967 0.1994506046175957 0.16723755002021792 -0.40537983179092402 -0.15558469295501706 0.63144937157630932 1.0000000180025095e-35 0.4738957434892655 0.032575633376836784 0.36707998812198644 -0.084824925210351662 1.8050000000000002 0.15350151807069781 1.3602744340896609
decision_type=2 2 2 2 2 2 2 2 2 2 2 2 2 2
left_child=1 5 4 8 -3 9 -5 -6 -4 11 -2 -1 -12 -11
right_child=10 2 3 6 7 -7 -8 -9 -10 13 12 -13 -14 -15
leaf_value=-0.019438912037339339 0.0010856354758929318 0.0019914900767861827 0.0042971108140055581 -0.0031295970419325291 -0.014157645866045863 0.036351356145384033 0.0040223903651071639 0.00055235188453124488 0.014317154984755255 -0.0046144453165532107 0.0054106730727044973 0.0027589718626608892 0.012966417077106671 -0.021054235803341318
leaf_weight=676.89911136031151 1436.9401251263916 943.39715023338795 4327.0573678016663 7020.5660699680448 1444.4780450798571 32.820447631180286 2349.4590568356216 372.15353843569756 634.597012989223 930.66954090446234 1563.2298588529229 78.677384708076715 873.82634657621384 124.3961473070085
leaf_count=9084 7363 4630 22728 41815 10804 236 10762 1763 2985 8241 7650 636 3887 863
internal_value=-1.34645e-05 -0.00115335 -0.000182951 0.00107055 -0.00667221 -0.0101009 -0.00133392 -0.0111576 0.0056049 -0.0111379 0.00554664 -0.0171216 0.00816176 -0.00673224
internal_weight=22809.2 18935.2 17091.7 14331.7 2760.03 1843.46 9370.03 1816.63 4961.65 1810.64 3874 755.576 2437.06 1055.07
internal_count=133447 114547 95487 78290 17197 19060 52577 12567 25713 18824 18900 9720 11537 9104
is_linear=0
shrinkage=0.035


Tree=93
num_leaves=15
num_cat=0
split_feature=17 4 22 8 23 16 33 28 31 19 28 28 19 23
split_gain=113.489 88.821 88.7666 107.781 83.2691 63.0727 62.9727 112.004 68.4754 62.8943 62.1527 60.5516 49.9737 47.7811
threshold=0.030404319986701015 -0.016146601177752015 0.16723755002021792 -0.40537983179092402 0.28368386626243597 0.7914244830608369 -0.067435648233345621 -0.74591251496506306 0.0042827754182592779 0.20273430645465854 1.0000000180025095e-35 -0.10326313031254751 -0.065669927746057496 0.14535007625818255
decision_type=8 2 2 2 2 2 2 2 2 2 2 2 2 2
left_child=5 2 4 -4 -2 12 7 8 -3 -9 -5 -8 13 -1
right_child=1 6 3 10 -6 -7 11 9 -10 -11 -12 -13 -14 -15
leaf_value=0.0095788196299546498 -0.017964519987666957 0.010304541572933748 0.0052389713421916884 -0.0056964452839737417 -0.0021873311632594206 -0.010894632391189084 0.0017361781677000269 -0.011634910529532508 0.00012447756251780424 0.0040500369472152176 0.0046130087814216774 0.0089476908612218589 -0.0081520856208657285 -0.0097698619534338071
leaf_weight=618.65169118344784 701.6838485263288 1243.1962277442217 2912.9880422838032 3334.7678873836994 973.65036573261023 1646.2172354310751 2668.031114205718 1159.3535103909671 2286.3864742852747 421.91485250741243 903.43835273385048 3069.2040365487337 641.78146090731025 199.18357419967651
leaf_count=4138 4832 6179 14389 18583 5927 17108 14202 8014 13042 2069 3945 13925 5324 1770
internal_value=-1.30432e-05 0.000969384 -0.0016367 6.61709e-05 -0.00886271 -0.00621959 0.00308938 0.000262341 0.0037291 -0.00745069 -0.00349314 0.00560292 -0.000908626 0.00480536
internal_weight=22780.4 19674.6 8826.53 7151.19 1675.33 3105.83 10848.1 5110.85 3529.58 1581.27 4238.21 5737.24 1459.62 817.835
internal_count=133447 105107 47676 36917 10759 28340 57431 29304 19221 10083 22528 28127 11232 5908
is_linear=0
shrinkage=0.035


Tree=94
num_leaves=15
num_cat=0
split_feature=11 22 24 26 18 1 26 15 14 23 25 25 10 3
split_gain=111.095 120.617 107.183 140.108 150.972 106.982 92.1765 84.2801 50.0654 48.4025 54.4723 44.7251 42.4471 36.8439
threshold=0.40424561500549322 0.37421594560146337 0.026834268122911457 -1.3799999999999999 0.064411997795104994 -0.030039126984775063 -0.83499999999999985 24.215823173522953 0.87335675954818737 0.2161265313625336 5.1000000000000005 4.7400000000000011 0.24075338244438174 -0.198892667889595
decision_type=2 2 2 2 2 2 2 2 2 2 2 2 2 2
left_child=1 2 -1 7 -5 6 12 -4 9 -2 -11 -7 -3 -13
right_child=8 5 3 4 -6 11 -8 -9 -10 10 -12 13 -14 -15
leaf_value=0.0047080284887531963 0.004113863002264565 -0.0054341016360875318 0.0015553279527260994 -0.011040100125270097 0.00013044910426579246 -0.0041553626641830143 -0.0092697182536400132 0.034124195031830437 0.0086215816781270906 0.0003783216051002159 -0.016980106718037881 0.012764369689589579 0.012920214083947177 0.0005819676743097186
leaf_weight=1514.2588300481439 3014.6720436364412 163.82567406073213 1653.4852645099163 4788.5880995839834 2144.1449987702072 2395.9395439475775 301.56083149090409 93.509234882891178 1962.8632634207606 793.35572253912687 296.98871624469757 370.96595779806376 1741.9702150598168 1512.8243095800281
leaf_count=7591 13811 1433 9027 38121 13005 14954 2512 532 8872 3807 1486 1773 8854 7669
internal_value=-1.32716e-05 -0.00148855 -0.00386126 -0.00535994 -0.00759008 0.00224018 0.00847999 0.0034829 0.00403817 0.00183093 -0.00446113 -0.000990395 0.0113223 0.00303572
internal_weight=22749 16681.1 10194 8679.73 6932.73 6487.09 2207.36 1746.99 6067.88 4105.02 1090.34 4279.73 1905.8 1883.79
internal_count=133447 105471 68276 60685 51126 37195 12799 9559 27976 19104 5293 24396 10287 9442
is_linear=0
shrinkage=0.035


Tree=95
num_leaves=15
num_cat=0
split_feature=17 3 3 6 19 33 25 22 19 26 3 10 24 15
split_gain=108.697 97.5606 129.696 85.796 73.4782 77.0909 118.399 72.7551 71.7287 43.2089 41.2547 32.1385 28.9568 39.2363
threshold=0.022059926763176921 -0.198892667889595 0.53318902850151073 0.11687975376844408 0.27923424541950231 -0.067435648233345621 4.2150000000000007 0.18286002427339557 -0.052885234355926507 -1.3799999999999999 0.39347890019416815 1.2690767645835879 0.030079266056418422 21.404287338256839
decision_type=8 2 2 2 2 2 2 2 2 2 2 2 2 2
left_child=10 4 3 8 5 6 -2 -7 -3 -5 12 -4 13 -1
right_child=1 2 11 9 -6 7 -8 -9 -10 -11 -12 -13 -14 -15
leaf_value=0.00055864127121014789 -0.0083823085159653657 -0.0013520089578579911 0.0042260293460216689 0.010273962172116265 0.014561111778048403 0.0001003850413287703 0.00454332972365776 0.0093407301478229208 -0.0081595878966198992 -0.00023517262951130202 0.032750318491373921 0.017598164590565332 -0.024311814593582292 -0.021682166675637559
leaf_weight=226.66252825409174 1612.2151907049119 3419.8961782604456 2458.8526148051023 572.90671782940626 652.41039069741964 1774.450390662998 1858.0930240154266 2525.8059250414371 4258.2051688432693 2693.1270327940583 13.449738051742314 233.72300186753273 258.44477920234203 159.44154543429613
leaf_count=2340 12111 21038 11575 2658 2959 9548 10127 12586 27514 13567 111 1044 4402 1867
internal_value=-1.26811e-05 0.000408335 -0.00142074 -0.00311398 0.00336777 0.00241048 -0.00146842 0.00553689 -0.00513313 0.00163401 -0.0139223 0.00544759 -0.0153816 -0.00894121
internal_weight=22717.7 22059.7 13636.7 10944.1 8422.97 7770.56 3470.31 4300.26 7678.1 3266.03 657.999 2692.58 644.549 386.104
internal_count=133447 124727 77396 64777 47331 44372 22238 22134 48552 16225 8720 12619 8609 4207
is_linear=0
shrinkage=0.035


Tree=96
num_leaves=15
num_cat=0
split_feature=8 6 28 22 25 22 24 24 22 3 23 15 10 11
split_gain=105.87 148.83 116.16 113.257 100.844 87.0016 83.4628 59.6784 56.4487 55.2329 50.5251 49.7774 49.4572 49.1787
threshold=-0.46291741728782648 0.079467620700597777 1.0000000180025095e-35 0.29119834303855902 4.2150000000000007 0.18733153492212298 0.030583227984607223 0.027066921815276149 0.35542443394660955 -0.093832056969404207 0.17193599790334704 22.800984382629398 1.1279261112213137 0.45844526588916784
decision_type=2 2 2 2 2 2 2 2 2 2 2 2 2 2
left_child=7 2 3 10 -5 13 -7 -1 11 -3 -2 -9 -11 -4
right_child=1 9 5 4 -6 6 -8 8 -10 12 -12 -13 -14 -15
leaf_value=0.014738965661197907 -0.008497647962566789 0.0085587057683268603 -0.0061482918362019768 -0.015824229770965464 -0.001524315921935436 0.0089023269407390807 -0.011100724013418625 -0.0019177806609968738 0.0082354538182203216 -2.047237794091806e-05 -0.019679034948650882 0.010177778579291129 0.012090240737623808 0.012194238648964489
leaf_weight=593.30358711630106 1144.4469524659216 1545.1110705807805 1782.3671473152936 700.32294563949108 4059.6971465013921 1727.4415902420878 290.81024769693613 2459.5220624543726 1622.6259807571769 4739.1468478664756 902.17913417518139 491.41577313840389 442.51087817549706 189.61698921024799
leaf_count=3031 10019 7693 10232 6460 26528 7966 2247 14268 7769 23968 7992 2429 1975 870
internal_value=-1.20792e-05 -0.00131056 -0.00385518 -0.00663152 -0.00365697 0.000885508 0.00597956 0.00438582 0.00301353 0.00277336 -0.0134983 0.000124048 0.00103507 -0.00433193
internal_weight=22690.5 17523.7 10796.9 6806.65 4760.02 3990.24 2018.25 5166.87 4573.56 6726.77 2046.63 2950.94 5181.66 1971.98
internal_count=133447 105950 72314 50999 32988 21315 10213 27497 24466 33636 18011 16697 25943 11102
is_linear=0
shrinkage=0.035


Tree=97
num_leaves=15
num_cat=0
split_feature=11 15 17 3 23 3 2 28 10 23 26 28 24 27
split_gain=103.924 89.7607 73.7779 64.3367 63.3497 88.2383 61.8245 59.748 55.9014 46.192 37.1673 41.2625 36.7497 47.9981
threshold=0.28518031537532812 22.098839759826664 0.018686083145439628 -0.198892667889595 0.13294924795627597 -0.12998951226472852 0.20253252238035205 -0.20349242140922372 1.1279261112213137 0.17193599790334704 -1.3799999999999999 1.0000000180025095e-35 0.027066921815276149 8.2366869893135259
decision_type=2 2 8 2 2 2 2 2 2 2 2 2 2 2
left_child=2 3 -1 12 5 -4 7 -6 10 -5 -3 -12 -2 -14
right_child=1 8 4 9 6 -7 -8 -9 -10 -11 11 -13 13 -15
leaf_value=-0.020446440793450663 0.0097936605135686451 0.010266636165481352 0.0056083765614295001 -0.00098964750812848999 -0.012030981160653834 -0.0042856069757129826 0.0042003529101105139 -0.0013060080408387558 0.013913668722939015 -0.008702704659373485 8.5018417076451017e-05 0.0065760119245907604 0.0032657577015739432 -0.0071034408398546632
leaf_weight=282.71312529221177 683.71302615106106 867.21060634404421 2015.1723079197109 2592.6786982119083 1818.4138413779438 2418.1444300487638 580.0806598700583 980.03442763909698 713.56139431893826 1495.0451262742281 3274.2468458302319 1883.702982828021 2350.1030290573835 701.8918948918581
leaf_count=4298 3310 3879 12561 13082 17478 16223 3504 6215 3184 8421 16142 8934 11654 4562
internal_value=-1.1849e-05 0.00175517 -0.00318896 -0.00079519 -0.00253907 0.000214222 -0.00614192 -0.00829305 0.00471284 -0.00382498 0.00360193 0.00246369 0.00252145 0.000865659
internal_weight=22656.7 14562.2 8094.56 7823.43 7811.85 4433.32 3378.53 2798.45 6738.72 4087.72 6025.16 5157.95 3735.71 3051.99
internal_count=133447 73168 60279 41029 55981 28784 27197 23693 32139 21503 28955 25076 19526 16216
is_linear=0
shrinkage=0.035


Tree=98
num_leaves=15
num_cat=0
split_feature=17 1 20 14 22 12 4 3 34 17 32 23 8 13
split_gain=99.0921 77.793 85.5125 75.3007 73.2335 72.5583 96.4904 56.5608 54.6953 50.2806 46.1056 44.768 41.0558 40.805
threshold=0.035863010212779052 -0.022948839701712128 -0.074349697679281221 0.28843709826469427 0.37421594560146337 1.0598865151405337 0.096711289137601866 0.95548039674758922 -0.038291429902634559 0.018686083145439628 0.023428329849149002 0.13294924795627597 -0.46291741728782648 0.44617030024528509
decision_type=8 2 2 2 2 2 2 2 2 10 2 2 2 2
left_child=1 2 -1 4 10 12 8 -3 -7 -4 -2 -11 -5 -14
right_child=3 7 9 5 -6 6 -8 -9 -10 11 -12 -13 13 -15
leaf_value=-0.02260118755592588 -0.015730774965579581 -0.0099076722499239715 -0.018335056370868533 0.0097608637248653325 0.0045153734036882751 0.0051144627450763723 0.0068962769409051999 0.033034220213367056 -0.0037322825407424764 0.00528068131045806 -0.0039533901305353848 -0.0032507554625292013 -0.0009577441428864652 0.0056990180420936239
leaf_weight=196.03598634526134 618.39193531125784 2153.1167050488293 152.25657235458493 1654.7719510421157 818.53182215243578 1028.9172834455967 1882.1721321493387 28.711113855242729 4874.4352423362434 1762.0455626770854 1185.0706914551556 1301.9375522397459 1721.3507772162557 3248.6439165137708
leaf_count=2230 3293 20044 2065 8403 3749 4808 8605 189 27034 10967 6036 10285 9155 16584
internal_value=-1.17147e-05 -0.00404908 -0.000741852 0.00131592 -0.00412939 0.00230889 1.69783e-05 -0.00919445 -0.00218431 0.000656441 -0.00805623 0.00165675 0.00499829 0.00339616
internal_weight=22626.4 5594.1 3412.28 17032.3 2621.99 14410.3 7785.52 2181.83 5903.35 3216.24 1803.46 3063.98 6624.77 4969.99
internal_count=133447 45780 25547 87667 13078 74589 40447 20233 31842 23317 9329 21252 34142 25739
is_linear=0
shrinkage=0.035


Tree=99
num_leaves=15
num_cat=0
split_feature=8 6 11 23 24 27 23 18 26 23 21 33 29 22
split_gain=95.3673 136.172 80.2257 68.9731 67.6657 66.7022 65.6132 60.1801 51.288 41.5873 40.2508 39.0723 62.173 46.5607
threshold=-0.43271899223327631 0.11687975376844408 0.17376002669334414 0.13294924795627597 0.030182745307683948 3.9181736320282772 0.21232284605503085 0.057877942919731147 -1.3799999999999999 0.39298018813133245 -0.059047469869256013 -0.21630575307045893 3.6500000000000008 0.37421594560146337
decision_type=2 2 2 2 2 2 2 2 2 2 2 2 2 2
left_child=6 2 -2 4 -4 -5 11 9 -3 10 -8 -1 -13 -14
right_child=1 8 3 5 -6 -7 7 -9 -10 -11 -12 12 13 -15
leaf_value=-0.0063092123058771672 -0.013862298837743125 0.010198323263593849 0.0045655925593035863 -0.014015468625711763 -0.0040385688253173511 -0.0036966128819551892 -0.011373634608354369 0.012253232888883915 0.0014430839692317465 0.010027566146441463 0.0010986384453938976 0.011776634935040355 -0.00038201333450112092 0.01002750233978004
leaf_weight=288.92516104876995 868.71007468178868 988.49544424563646 2303.6625600978732 919.04218711704016 2159.7004366964102 4494.4732457399368 860.38975960761309 299.27467004582286 4602.2703648582101 197.10379354655743 495.93798216804862 1772.6457166932523 1574.8769775852561 780.10464740544558
leaf_count=1613 10541 4605 11661 7041 14353 28878 5688 1471 22523 996 2439 9184 8828 3626
internal_value=-1.17592e-05 -0.00142011 -0.00372387 -0.00281904 0.000402551 -0.00547104 0.00365451 -0.00186679 0.00300653 -0.00464805 -0.00683851 0.00596964 0.0068423 0.00309403
internal_weight=22605.6 16336.4 10745.6 9876.88 4463.36 5413.52 6269.26 1852.71 5590.77 1553.43 1356.33 4416.55 4127.63 2354.98
internal_count=133447 99602 72474 61933 26014 35919 33845 10594 27128 9123 8127 23251 21638 12454
is_linear=0
shrinkage=0.035


Tree=100
num_leaves=15
num_cat=0
split_feature=11 19 15 28 26 24 15 30 14 33 19 10 15 19
split_gain=92.7011 80.2503 80.2094 74.4585 80.9859 70.2995 65.9297 63.8964 60.8852 47.2469 45.7985 44.607 42.3367 41.4483
threshold=0.32313565909862524 -0.18034981936216352 22.098839759826664 -0.10326313031254751 -1.3799999999999999 0.027066921815276149 24.215823173522953 1.0000000180025095e-35 0.45507507026195532 -0.067435648233345621 -0.24453695863485334 1.1279261112213137 24.01639556884766 0.31480497121810919
decision_type=2 2 2 2 2 2 2 2 2 2 2 2 2 2
left_child=1 -1 5 4 6 -2 -3 -6 10 13 -7 -4 -11 -5
right_child=2 3 11 9 7 8 -8 -9 -10 12 -12 -13 -14 -15
leaf_value=0.0080520627278427397 0.0087980091641727282 -0.00022800406839487003 0.0040050219294585441 -0.014548385761100109 -0.0055967110828598222 0.0042874373906625672 0.029839789968252702 -0.015741536163004263 0.0013809982045290216 0.0033253136448419063 -0.0085325201662346563 0.013375255448918414 -0.012633039975392089 0.020934836044603868
leaf_weight=841.59093590825796 821.30024553090334 1512.491764139384 4821.6934791095555 341.16855212301016 4153.7636883929372 407.32862214744091 84.931542586535215 928.63618084788322 2720.6954579874873 3049.0401744581759 1940.2023528888822 708.46759666502476 208.40202345699072 36.683478631079197
leaf_count=5403 3988 8792 22700 3663 31025 1992 519 9904 13970 16831 10126 3176 1147 211
internal_value=-1.15114e-05 -0.00227952 0.00220432 -0.00312944 -0.00532052 -0.000638356 0.00154633 -0.00747761 -0.00218182 0.000900219 -0.00629933 0.00522742 0.0022688 -0.0106526
internal_weight=22576.4 11156.7 11419.7 10315.1 6679.82 5889.53 1597.42 5082.4 5068.23 3635.29 2347.53 5530.16 3257.44 377.852
internal_count=133447 77495 55952 72092 50240 30076 9311 40929 26088 21852 12118 25876 17978 3874
is_linear=0
shrinkage=0.035


Tree=101
num_leaves=15
num_cat=0
split_feature=3 3 2 23 19 11 8 31 29 25 15 11 27 24
split_gain=92.6346 131.334 104.021 85.9996 65.6925 60.6761 56.0327 54.9926 48.995 48.7927 39.2242 31.6653 31.5431 35.1856
threshold=-0.198892667889595 0.53318902850151073 0.14623443782329562 0.090554408729076399 0.24971037358045581 0.21536664664745334 -0.51367652416229237 0.0088706853385821533 3.8500000000000001 5.1000000000000005 22.800984382629398 0.17376002669334414 8.2366869893135259 0.027896618470549587
decision_type=2 2 2 2 2 2 2 2 2 2 2 2 2 2
left_child=3 2 6 -1 5 8 10 -7 -5 -8 -2 -3 13 -13
right_child=1 11 -4 4 -6 7 9 -9 -10 -11 -12 12 -14 -15
leaf_value=0.012112017823637664 -0.00013177425638899237 0.033476131307581827 0.0011149183267639053 -0.011853548159388815 0.011884758658690601 0.0057534719662029107 -0.0045439056749167206 -0.0010311131979639553 0.015860052634324086 -0.010766419302698397 0.022146593387591729 -0.014518528085432367 0.016657589840976136 0.0043825140806557864
leaf_weight=1063.9450729042292 535.77993888035417 37.782294094562531 3980.9937214888632 678.61301166564226 671.67246529087424 2412.6185129247606 4162.9833098389208 3690.4496217817068 79.411523915827274 2470.8419429734349 108.13009006530046 117.64634838700294 233.50409918278456 2304.4790129363537
leaf_count=5397 2949 258 20546 6559 3082 12321 28033 21922 528 18900 509 592 1137 10714
internal_value=-1.08239e-05 -0.00177135 -0.00343229 0.00284518 0.00152198 0.00049169 -0.00591777 0.00165594 -0.00878154 -0.00687427 0.00389084 0.00515858 0.00463162 0.00340854
internal_weight=22548.9 13952.1 11258.7 8596.71 7532.77 6861.09 7277.74 6103.07 758.025 6633.83 643.91 2693.41 2655.63 2422.13
internal_count=133447 83638 70937 49809 44412 41330 50391 34243 7087 46933 3458 12701 12443 11306
is_linear=0
shrinkage=0.035


Tree=102
num_leaves=15
num_cat=0
split_feature=17 4 22 8 25 28 10 33 26 8 22 28 12 17
split_gain=89.4274 80.5841 82.2918 102.128 89.0629 62.3659 62.114 49.5606 79.6881 67.2901 49.7268 46.7822 42.7438 38.7937
threshold=0.024444070644676689 0.0079682045616209524 0.18286002427339557 -0.41424961388111109 2.4450000000000007 1.0000000180025095e-35 0.82014557719230663 -0.067435648233345621 -1.1449999999999998 -0.18846911191940305 0.40473736822605139 1.0000000180025095e-35 0.90056753158569347 0.045916017144918449
decision_type=8 2 2 2 2 2 2 2 2 2 2 2 2 8
left_child=12 2 4 -4 6 -5 -2 8 -3 11 -10 -9 -1 -11
right_child=1 7 3 5 -6 -7 -8 9 10 13 -12 -13 -14 -15
leaf_value=-0.0043542885712716415 -0.0062270574732848629 0.012070003656694845 0.0051318740024221075 -0.0043016992349685932 -0.020479668086006809 0.0043240340391823796 0.0097213650570191421 0.003983293631279524 -0.0050668219773472977 -0.0070552400975722159 0.0031270080645918043 0.012538458660184149 -0.018722044179497386 0.0037315178149177428
leaf_weight=689.03071409836411 1950.5089523158967 588.81853630393744 3305.7904893830419 4860.7435296811163 465.27067705988884 1292.4316016882658 343.8070115968585 1531.4641524739563 2185.6442263349891 626.44741002097726 1537.4915076121688 1621.6053220257163 399.45908999443054 1130.0112582594156
leaf_count=7558 12243 2899 16950 29736 3770 5860 1526 8654 14382 3873 8342 7086 5522 5046
internal_value=-9.44446e-06 0.000489362 -0.00137437 0.000179059 -0.00668046 -0.00248585 -0.00380534 0.00295764 0.000217916 0.00535856 -0.00168382 0.0084089 -0.00974947 -0.00013378
internal_weight=22528.5 21440 12218.6 9458.97 2759.59 6153.18 2294.32 9221.48 4311.95 4909.53 3723.14 3153.07 1088.49 1756.46
internal_count=133447 120367 70085 52546 17539 35596 13769 50282 25623 24659 22724 15740 13080 8919
is_linear=0
shrinkage=0.035


Tree=103
num_leaves=15
num_cat=0
split_feature=17 4 19 12 28 34 33 26 8 24 3 5 28 9
split_gain=85.5011 75.0852 89.1398 74.1511 51.5977 47.378 46.2748 66.717 63.1777 45.5575 37.3797 36.6622 33.6772 30.3375
threshold=0.022059926763176921 0.018234814517199997 -0.18034981936216352 0.97815510630607616 1.0000000180025095e-35 -0.038291429902634559 -0.067435648233345621 -1.1449999999999998 -0.1796857342123985 0.03199290111660958 0.39347890019416815 0.22457608580589297 1.0000000180025095e-35 1.3109452128410342
decision_type=8 2 2 2 2 2 2 2 2 2 2 2 2 2
left_child=10 2 9 4 -4 -5 7 -3 12 -2 -1 -10 -8 -9
right_child=1 6 3 5 -6 -7 8 13 11 -11 -12 -13 -14 -15
leaf_value=-0.014120243477999918 0.0023077205973790235 0.011810356578563308 -0.0022655947148031677 0.0015794071236670097 0.0046484729975246738 -0.0074096295693521575 0.004652621617425785 -0.0025870418496559758 -0.0043098672436053592 0.014122086363387413 0.031295007631315055 0.0066767083817143484 0.012384989585919253 0.010015262475069812
leaf_weight=613.76591877639294 2263.4443825818598 513.56153776869178 4090.3712962381542 868.75525736063719 1941.4824779294431 4051.8072312399745 1369.6209865957499 3066.6541424393654 975.36207284778357 477.19807199388742 13.841588769108055 587.81363251060247 1420.8295644745231 243.45870459079742
leaf_count=8609 12138 2542 25935 4547 9514 25693 7685 18987 5332 2416 111 2625 6246 1067
internal_value=-9.55372e-06 0.000358612 -0.00122602 -0.00263874 -3.61422e-05 -0.00582258 0.00301037 0.000198888 0.0054735 0.00440869 -0.0126435 -0.000162317 0.00861992 -0.00163277
internal_weight=22498 21870.4 13693.1 10952.4 6031.85 4920.56 8177.3 3823.67 4353.63 2740.64 627.608 1563.18 2790.45 3310.11
internal_count=133447 124727 80243 65689 35449 30240 44484 22596 21888 14554 8720 7957 13931 20054
is_linear=0
shrinkage=0.035


Tree=104
num_leaves=15
num_cat=0
split_feature=17 19 3 15 34 28 20 28 20 16 23 8 25 13
split_gain=82.3996 80.041 66.7759 64.1578 56.72 75.9421 72.7523 51.9938 49.5026 56.1744 45.9463 45.8679 44.9011 39.0762
threshold=0.038538319990038879 -0.072408501058816896 1.2708510756492617 22.169493675231937 -0.038291429902634559 1.0000000180025095e-35 -0.020915670320391651 1.0000000180025095e-35 -0.074349697679281221 0.86949637532234203 0.17193599790334704 -0.13144934177398679 1.4450000000000001 0.50016415119171154
decision_type=8 2 2 2 2 2 2 2 2 2 2 2 2 2
left_child=1 8 7 10 -5 6 -6 -3 -1 -10 -2 -9 13 -12
right_child=3 2 -4 4 5 -7 -8 11 9 -11 12 -13 -14 -15
leaf_value=-0.022426821655443321 0.0014368307597581757 -0.010307683830941054 0.042654765663783505 0.010996143004042629 -0.0088067230224086225 0.0080966265702877623 0.002281835493412513 0.00078494410640485204 0.0054357257392501929 -0.0046392918137332659 -0.00298161819605931 -0.014873808841557893 -0.0071685284501356366 0.0096878475031647367
leaf_weight=96.264775205403566 5019.330299526453 2275.9677234366536 23.7128836363554 1128.0638879984617 928.72076983004808 1973.2718804702163 3171.1069040969014 1286.7424724139273 1913.1281941831112 1037.8477181568742 923.39200270920992 268.58168882504106 1998.658351585269 428.38497390598059
leaf_count=1081 25482 22865 142 5129 4781 9291 15121 7497 12621 8422 4786 1872 12533 1824
internal_value=-8.2986e-06 -0.00318877 -0.00653317 0.00140268 0.00382238 0.00247399 -0.000245337 -0.00694785 0.00104969 0.00188868 -0.000681265 -0.00199684 -0.00384924 0.00107506
internal_weight=22473.2 6902.25 3855 15570.9 7201.16 6073.1 4099.83 3831.29 3047.24 2950.98 8369.77 1555.32 3350.44 1351.78
internal_count=133447 54500 32376 78947 34322 29193 19902 32234 22124 21043 44625 9369 19143 6610
is_linear=0
shrinkage=0.035


Tree=105
num_leaves=15
num_cat=0
split_feature=3 3 2 23 19 31 26 14 8 19 26 3 24 10
split_gain=81.8591 118.505 93.738 77.5181 60.3419 54.0983 128.773 53.673 57.0694 36.4553 33.0535 33.1564 31.6983 31.6187
threshold=-0.198892667889595 0.53318902850151073 0.14623443782329562 0.090554408729076399 0.24971037358045581 0.0066205494171276422 1.1600000000000004 0.28843709826469427 -0.18846911191940305 -0.106909342110157 -1.4349999999999998 -0.093832056969404207 0.030079266056418422 0.33893714845180517
decision_type=2 2 2 2 2 2 2 2 2 2 2 2 2 2
left_child=3 2 7 -1 5 9 -7 12 -9 -5 -4 -12 -2 -3
right_child=1 13 10 4 -6 6 -8 8 -10 -11 11 -13 -14 -15
leaf_value=0.011489225657465503 -0.005276092230989988 0.030545267339508825 0.009104597751210055 0.009136506524085047 0.011368118524188609 -0.0072708271733056395 0.0048127476771993357 -0.0023200816447636061 -0.010327981218698152 0.0006306753606621008 0.0073073157725661725 -0.001763444481913914 -0.016826262716055605 0.0043389003748655437
leaf_weight=1061.1900951005518 497.75177327543497 47.991035938262939 531.32820046320558 1135.8317371830344 669.58386687189341 2426.028617374599 1932.1549092382193 4560.8306820243597 1426.4902681671083 1341.5327569954097 586.55098563060164 2851.9006531536579 736.64415726065636 2640.2526331692934
leaf_count=5397 2743 339 2476 5940 3082 17943 9513 30620 12553 7934 3098 14972 4475 12362
internal_value=-8.11617e-06 -0.00166824 -0.00325331 0.00268054 0.0014214 0.000431877 -0.00191495 -0.00562562 -0.00424202 0.00455152 0.00106563 -0.000199399 -0.0122487 0.00491821
internal_weight=22446.1 13879.7 11191.5 8566.32 7505.13 6835.55 4358.18 7221.72 5987.32 2477.36 3969.78 3438.45 1234.4 2688.24
internal_count=133447 83638 70937 49809 44412 41330 27456 50391 43173 13874 20546 18070 7218 12701
is_linear=0
shrinkage=0.035


Tree=106
num_leaves=15
num_cat=0
split_feature=17 3 3 2 23 19 19 31 26 10 34 1 3 8
split_gain=79.6774 70.9136 97.5781 76.03 70.3358 54.3791 53.4729 50.7151 32.2957 25.5405 24.8625 24.6871 22.6913 20.9492
threshold=0.018686083145439628 -0.198892667889595 0.53318902850151073 0.1305985897779465 0.090554408729076399 0.24971037358045581 -0.052885234355926507 0.0066205494171276422 -1.3799999999999999 1.2690767645835879 -0.023314336221800954 0.25786359608173376 0.26514059305191046 -0.32667142152786249
decision_type=8 2 2 2 2 2 2 2 2 2 2 2 2 2
left_child=12 4 3 6 10 7 -3 -6 -5 11 -2 -4 -1 -7
right_child=1 2 9 8 5 13 -8 -9 -10 -11 -12 -13 -14 -15
leaf_value=-0.020634585146797519 0.0020268782314023731 -0.0016192725174110239 0.0060188543859323162 0.007655244845417449 0.0045982928324444687 0.018554080303074469 -0.0078656427830262367 -0.0016914679480352574 -0.00048243194902683852 0.015583630099327261 0.014394182760250514 -0.0014076452880107076 0.020504647464742315 0.0057838461444963589
leaf_weight=262.36008207127452 272.3239791803062 3041.0154542699456 1641.4089013189077 711.3145842589438 2455.0993240140378 261.91193842887878 3755.7519862800837 4317.3418093137443 3472.4961750581861 228.87881717085838 769.65004593878984 816.01745112985373 9.7049240320920926 407.39547661691904
leaf_count=4241 1445 19953 7955 3354 13505 1202 25882 27008 18413 1044 3772 3674 119 1880
internal_value=-7.38571e-06 0.000227896 -0.00133212 -0.002795 0.00273962 0.0015399 -0.00507737 0.000592071 0.000916058 0.00463577 0.0112119 0.00355709 -0.0184922 0.0109806
internal_weight=22422.7 22150.6 13666.9 10980.6 8483.72 7441.75 6796.77 6772.44 4183.81 2686.31 1041.97 2457.43 272.065 669.307
internal_count=133447 129087 80275 67602 48812 43595 45835 40513 21767 12673 5217 11629 4360 3082
is_linear=0
shrinkage=0.035


Tree=107
num_leaves=15
num_cat=0
split_feature=17 4 20 8 31 25 19 19 12 8 25 10 26 3
split_gain=76.4119 66.912 67.1849 62.6973 47.1398 85.9031 89.8862 56.6769 46.6938 43.0432 42.0968 45.0972 38.7355 36.4241
threshold=0.028147075325250629 -0.016146601177752015 -0.024338525719940659 -0.31213590502738947 0.040327793865976409 4.2150000000000007 0.15146018564701083 -0.13001906871795652 1.0048206448554995 -0.4523577988147735 2.4450000000000007 0.82014557719230663 -1.3799999999999999 0.95548039674758922
decision_type=8 2 2 2 2 2 2 2 2 2 2 2 2 2
left_child=8 2 10 13 5 6 -3 -7 -1 -6 11 -2 -12 -4
right_child=1 4 3 -5 9 7 -8 -9 -10 -11 12 -13 -14 -15
leaf_value=-0.0033856177352533782 -0.0034531879173309269 -0.010003697657560701 0.0028360633294014109 -0.0037089556544937894 0.015378164784246719 0.011059951314671251 0.0045967370963295616 0.0019745017450899642 -0.015572180506872148 0.0041434918032735094 -0.00044732122201580795 0.013099215406399262 -0.011776355586564903 0.016242980705365413
leaf_weight=1620.2707767412066 1547.2399896532297 1394.4588431306183 3011.6209886856377 2165.0884970463812 557.8669387511909 975.05664478242397 809.53642066568136 5807.6107202023268 498.88250364363194 1628.2210778482258 501.62320838868618 221.70818522572517 1404.5644333958626 261.48587407171726
leaf_count=15661 9283 10480 15609 11638 2720 4808 4285 30733 6139 7987 2456 1011 9474 1163
internal_value=-6.3253e-06 0.000655402 -0.00156934 0.000901572 0.00246985 0.00134483 -0.00464436 0.00329496 -0.00631419 0.00706743 -0.00521813 -0.00131665 -0.00881295 0.00395334
internal_weight=22405.2 20286.1 9113.33 5438.2 11172.8 8986.66 2204 6782.67 2119.15 2186.09 3675.14 1768.95 1906.19 3273.11
internal_count=133447 111647 50634 28410 61013 50306 14765 35541 21800 10707 22224 10294 11930 16772
is_linear=0
shrinkage=0.035


Tree=108
num_leaves=15
num_cat=0
split_feature=17 17 22 25 19 8 25 4 31 3 15 23 12 14
split_gain=74.015 68.6517 73.5824 134.143 98.7479 92.3225 77.5121 72.591 63.239 21.9083 11.4102 12.1455 11.2785 11.0547
threshold=0.018686083145439628 0.10901262983679773 0.35542443394660955 1.4450000000000001 0.15146018564701083 -0.30442863702774042 4.2150000000000007 -0.12512899190187451 0.0028411853832293059 0.26514059305191046 21.232539176940922 0.085083346813917174 0.56617084145545971 0.37324757874011999
decision_type=8 8 2 2 2 2 2 2 2 2 2 2 2 2
left_child=9 2 3 7 -5 6 -4 -2 -7 10 11 -1 -12 -3
right_child=1 13 5 4 -6 8 -8 -9 -10 -11 12 -13 -14 -15
leaf_value=0.0062156917489374196 -0.011146022793072655 -0.0028686414862653361 -0.0049308389742835825 -0.0067911881355046085 0.002241642753930849 0.0033784313571157717 0.0083370299279468835 0.0046283642570308899 -0.0042483191633825171 0.020159985465352387 0.0041419662858484035 -0.017069162474650235 -0.030881450858431286 0.013408232714653768
leaf_weight=30.280999910086393 384.72185454517603 52.899052008986473 634.64887441694736 6004.4978034682572 1962.0808266624808 2430.7928555011749 3377.7527301907539 3811.3159880973399 2921.723355140537 9.7990024015307409 9.9890762045979482 105.14299230650067 111.24334410578012 534.77943908423185
leaf_count=368 2402 232 4473 43941 10322 12071 16670 18478 18052 119 152 1745 1976 2446
internal_value=-6.02391e-06 0.000218862 -0.000105942 -0.00190083 -0.00456648 0.00222469 0.00623139 0.003159 -0.000784864 -0.0180038 -0.0201623 -0.0117932 -0.0278999 0.0119196
internal_weight=22381.7 22115.2 21527.5 12162.6 7966.58 9364.92 4012.4 4196.04 5352.52 266.455 256.656 135.424 121.232 587.678
internal_count=133447 129087 126409 75143 54263 51266 21143 20880 30123 4360 4241 2113 2128 2678
is_linear=0
shrinkage=0.035


Tree=109
num_leaves=15
num_cat=0
split_feature=11 23 3 6 25 3 15 25 20 26 16 4 14 1
split_gain=71.7739 72.374 80.5863 62.9226 77.2201 57.536 42.0427 40.0756 39.7554 41.098 35.021 52.8801 34.8146 33.4569
threshold=0.40424561500549322 0.14535007625818255 -0.12998951226472852 0.049478735774755485 5.1000000000000005 0.34556560218334204 20.961079597473148 5.1000000000000005 -0.020915670320391651 -1.2850000000000001 0.84964627027511608 0.085952844470739379 0.19536083191633227 -1.0000000180025095e-35
decision_type=2 2 2 2 2 2 2 2 2 2 2 2 2 2
left_child=1 2 10 4 5 -3 -2 -8 -4 -10 13 -12 -9 -1
right_child=6 3 8 -5 -6 -7 7 12 9 -11 11 -13 -14 -15
leaf_value=0.012799246143675887 -0.0029016549068050382 -0.0049439504210617227 -0.010233484406408712 0.0018533122074931606 -0.017655522974552272 0.016613326383114399 0.007069405868090177 -0.012192886768129239 0.0065237884652401251 -0.0024088631950384548 -0.00030122857777063132 0.011661143097337314 0.0023438746567449706 0.0010086581768107034
leaf_weight=925.83049717918038 1098.2659745141864 4638.3011923059821 630.67519036307931 1776.9369215220213 583.34984808787704 147.19550203159451 3088.9681429415941 221.06121498346329 748.30634435266256 3750.5594438947737 2161.493945222348 562.44451639801264 1585.4647668600082 433.06254786252975
leaf_count=5392 5364 32895 4344 10292 5906 863 14612 1031 4056 23187 13228 2714 6969 2594
internal_value=-6.31313e-06 -0.00120695 0.000843393 -0.00384774 -0.00573456 -0.00424762 0.00326701 0.00465399 -0.00207567 -0.000911902 0.00450692 0.00220241 0.000507709 0.00907655
internal_weight=22351.9 16358.2 9212.37 7145.78 5368.85 4785.5 5993.76 4895.49 5129.54 4498.87 4082.83 2723.94 1806.53 1358.89
internal_count=133447 105471 55515 49956 39664 33758 27976 22612 31587 27243 23928 15942 8000 7986
is_linear=0
shrinkage=0.035


Tree=110
num_leaves=15
num_cat=0
split_feature=8 6 22 25 25 14 22 8 24 3 14 34 30 25
split_gain=72.7578 95.9852 77.0835 106.754 91.6283 66.0555 60.3705 55.5515 47.1666 44.8802 39.8186 36.5571 35.8091 48.815
threshold=-0.46291741728782648 0.079467620700597777 0.37421594560146337 1.4450000000000001 4.2150000000000007 0.37324757874011999 0.19535173475742343 -0.18846911191940305 0.027066921815276149 -0.093832056969404207 0.266629308462143 -0.035821663449049405 -0.29999999999999999 4.4500000000000011
decision_type=2 2 2 2 2 2 2 2 2 2 2 2 2 2
left_child=8 2 3 6 -4 -5 -2 -6 -1 -3 -10 -11 -12 -14
right_child=1 9 4 5 7 -7 -8 -9 10 11 12 -13 13 -15
leaf_value=0.012975456675831569 -0.0027592356967023994 0.0074235040137482344 -0.013176639343161467 -0.015655612226819011 0.0055304931383201835 -0.0059511016473071813 0.0093012985803169693 -0.007898187021581661 -0.0052339958970424047 0.0046821234517893662 0.012784189718616364 -0.0015200554856046838 -0.0025448394662240083 0.0060104803155700513
leaf_weight=579.24788792431355 1816.7949004359543 1532.9715891331434 458.57652107253671 1137.2821943759918 2472.8388327471912 3531.9175881706178 694.54640797898173 435.94560673087835 692.60054351761937 1765.1249165013433 469.85326479375362 3373.3751514218748 1365.3037407547235 2007.8941056467593
leaf_count=3031 9306 7693 4329 7780 13781 30375 3418 3325 3509 8587 2197 17356 9007 9753
internal_value=-6.17679e-06 -0.00109519 -0.00317224 -0.00521895 0.00119469 -0.00834325 0.000599934 0.00349774 0.00365499 0.00218854 0.00243875 0.00061541 0.00383154 0.00255042
internal_weight=22334.3 17219.4 10547.9 7180.54 3367.36 4669.2 2511.34 2908.78 5114.9 6671.47 4535.65 5138.5 3843.05 3373.2
internal_count=133447 105950 72314 50879 21435 38155 12724 17106 27497 33636 24466 25943 20957 18760
is_linear=0
shrinkage=0.035


Tree=111
num_leaves=15
num_cat=0
split_feature=17 14 2 22 1 3 11 3 26 33 17 22 25 24
split_gain=70.514 57.0408 63.8762 53.5856 59.6096 58.2314 49.3589 44.6339 50.5247 41.3599 37.4923 34.7238 28.3622 33.2248
threshold=0.03454850800335408 0.266629308462143 0.1305985897779465 0.16723755002021792 -0.022948839701712128 0.95548039674758922 0.45844526588916784 -0.17611821740865705 -1.3799999999999999 0.059136581678989171 0.018686083145439628 0.48898293077945715 5.1000000000000005 0.030182745307683948
decision_type=8 2 2 2 2 2 2 2 2 2 10 2 2 2
left_child=3 2 12 -1 10 -6 7 9 -9 -3 -5 -12 -2 -14
right_child=1 6 -4 4 5 -7 -8 8 -10 -11 11 -13 13 -15
leaf_value=-0.01714273550868551 -0.0047380497154380164 0.0017982145926847938 0.004081868072984416 -0.016536221939747232 -0.0086230858196865642 0.038022372923687452 0.0059571661161783732 0.0051817432342786676 -0.0023749277881665409 0.0097649060721031449 0.00023106210471546054 0.014640109425714981 0.0036823982580896472 -0.018927867956047704
leaf_weight=330.7843580134213 1051.287440855056 4240.1988181136549 783.73574598878622 139.77809833735228 1716.9968121908605 23.706430695950985 2846.9492105990648 1324.4881869778037 5766.0238118246198 975.50398296862841 2381.6862094141543 214.19570470973849 94.158318042755127 419.03415155038238
leaf_count=3731 5505 24309 3597 2064 16883 147 12832 6190 32346 4425 17347 1248 401 2422
internal_value=-6.14659e-06 0.00102545 -0.00403935 -0.00375623 -0.00273102 -0.00777427 0.00181247 0.000849568 -0.000958053 0.00330408 0.00049464 0.00147162 -0.00810781 -0.0147883
internal_weight=22308.5 17501.4 2348.22 4807.15 4476.36 1740.7 15153.2 12306.2 7090.51 5215.7 2735.66 2595.88 1564.48 513.192
internal_count=133447 92027 11925 41420 37689 17030 80102 67270 38536 28734 20659 18595 8328 2823
is_linear=0
shrinkage=0.035


Tree=112
num_leaves=15
num_cat=0
split_feature=17 4 12 14 14 17 17 24 3 24 15 23 2 16
split_gain=67.2984 62.2245 90.2114 68.8151 45.5444 58.3889 45.2303 41.5671 32.7213 28.3898 38.3148 29.1403 24.7134 22.9074
threshold=0.022059926763176921 0.19180164486169818 1.0598865151405337 0.16859620809555056 0.39425264298915869 0.07202750071883203 0.049380812793970115 0.030182745307683948 0.39347890019416815 0.030079266056418422 21.404287338256839 0.10932076349854471 0.71570083498954784 1.9513427019119265
decision_type=8 2 2 2 2 8 8 2 2 2 2 2 2 2
left_child=8 2 3 7 13 -6 -5 -2 9 10 11 -1 -3 -4
right_child=1 12 4 6 5 -7 -8 -9 -10 -11 -12 -13 -14 -15
leaf_value=0.01521507142043587 0.00091343903813086104 0.012798656469467488 -0.0064020237107448854 0.0010546368254972548 -0.0036989423348313347 0.0035598541165286278 0.0057429236389441099 -0.012475298943699116 0.029047814335938681 -0.022354135718506557 -0.019736354809275936 -0.0095294894546494261 0.00034679621443234229 -0.018372797645334209
leaf_weight=107.07692475989461 520.031727720052 652.38209597021341 674.28322960063815 7455.8873645849526 5635.5747009702027 1778.4914974197745 3803.0181871056557 612.62274621799588 14.449223682284353 228.05049706250429 145.24843534454703 106.68476688861847 277.67340847849846 278.22943720966578
leaf_count=943 2634 2907 3747 48541 35288 7841 17730 3247 111 4402 1867 1397 1293 1499
internal_value=-5.93499e-06 0.000316778 -8.20414e-05 0.00181335 -0.00288808 -0.00195525 0.00264193 -0.00637398 -0.0114567 -0.0129234 -0.00648939 0.00299152 0.00912432 -0.0100532
internal_weight=22289.7 21688.2 20758.1 12391.6 8366.58 7414.07 11258.9 1132.65 601.51 587.061 359.01 213.762 930.056 952.513
internal_count=133447 124727 120527 72152 48375 43129 66271 5881 8720 8609 4207 2340 4200 5246
is_linear=0
shrinkage=0.035


Tree=113
num_leaves=15
num_cat=0
split_feature=8 6 28 11 14 23 18 26 23 26 3 9 28 23
split_gain=67.3152 92.5078 76.9541 58.4651 61.312 52.3507 50.6332 43.1388 57.2156 36.6731 40.4305 37.0308 35.8596 35.4659
threshold=-0.38838881254196161 0.11687975376844408 1.0000000180025095e-35 0.18743743002414706 0.28843709826469427 0.21232284605503085 0.057877942919731147 -1.3799999999999999 0.39298018813133245 -1.2850000000000001 0.030430372804403309 0.23143197596073153 -1.1401333311752746 0.3174744993448258
decision_type=2 2 2 2 2 2 2 2 2 2 2 2 2 2
left_child=5 2 3 -2 -5 -1 7 -7 -9 -3 12 -12 -11 -8
right_child=1 9 -4 4 -6 6 13 8 -10 10 11 -13 -14 -15
leaf_value=0.0043714505974114656 -0.015335802296283842 0.0078106684624982912 0.00080980132881064231 -0.012890891544313145 -0.0028691741460562144 0.00893986599469241 0.00049112857690044296 -0.0090238003062097678 0.0087666181234786426 -0.0011062917620200576 0.025294986287977626 -0.0024305641211323473 0.0096315082509351203 0.021612250183499833
leaf_weight=5675.199586071074 716.03331248834729 1103.6320277266204 3084.9694038927555 905.27397058904171 4143.5881445594132 255.48059678822756 229.50940706580877 1410.2142509743571 254.09644015878439 647.48640736564994 50.356424894183874 2730.0560005642474 909.17311092466116 159.79287484660745
leaf_count=30844 10347 5244 16941 5526 29583 1202 1174 9100 1294 3385 402 13190 4409 806
internal_value=-6.31343e-06 -0.00144423 -0.00365063 -0.00603481 -0.00468802 0.00256591 -0.00187138 -0.00421141 -0.00627153 0.0021448 0.000688391 -0.00183957 0.00518661 0.00948463
internal_weight=22274.9 14290.6 8849.86 5764.9 5048.86 7984.29 2309.09 1919.79 1664.31 5440.7 4337.07 2780.41 1556.66 389.302
internal_count=133447 89027 62397 45456 35109 44420 13576 11596 10394 26630 21386 13592 7794 1980
is_linear=0
shrinkage=0.035


Tree=114
num_leaves=15
num_cat=0
split_feature=17 17 12 18 14 19 20 2 3 3 11 14 19 15
split_gain=63.5134 58.8081 69.4031 80.9369 61.4957 57.5898 47.2648 41.8709 31.1388 20.2812 11.3794 12.9362 11.4179 11.3473
threshold=0.018686083145439628 0.10901262983679773 1.0598865151405337 0.18117610365152362 0.16859620809555056 -0.1386873200535774 -0.020915670320391651 0.11586333811283113 -0.17611821740865705 0.26514059305191046 0.74439814686775219 0.67438799142837536 -0.0069114284124225369 21.232539176940922
decision_type=8 8 2 2 2 2 2 2 2 2 2 2 2 2
left_child=9 2 4 5 7 -4 -6 -2 -5 13 11 -3 -12 -1
right_child=1 10 3 8 6 -7 -8 -9 -10 -11 12 -13 -14 -15
leaf_value=-0.010888064795260204 -0.011038968573782771 -0.0030289320821443697 0.0016734343409235079 0.0083766207716530674 -0.0016843212955613193 -0.0060449879044670368 0.0035720205965176347 0.0030271343815364842 -0.00040025418085645926 0.019416249239275953 0.0078777478592219619 0.011084169024004822 0.028218853238241901 -0.027158783480598015
leaf_weight=130.8895497135818 740.57285095006227 98.527874447405338 1522.8356846310198 923.64730279892683 2744.5641974546015 5257.2888896353543 8783.9065954349935 390.52934878319502 1052.5376420132816 9.9582227319478971 73.882518097758293 336.0228158608079 75.084396511316299 113.98091478273273
leaf_count=2113 4096 439 8508 4217 17589 33300 52018 1829 4852 119 312 1570 357 2128
internal_value=-5.65721e-06 0.000199357 -0.00010178 -0.00249593 0.00155486 -0.0043115 0.00232028 -0.00619848 0.00372348 -0.0170437 0.011067 0.00788808 0.0192605 -0.0192301
internal_weight=22254.2 21999.4 21415.9 8756.31 12659.6 6780.12 11528.5 1131.1 1976.18 254.829 583.518 434.551 148.967 244.87
internal_count=133447 129087 126409 50877 75532 41808 69607 5925 9069 4360 2678 2009 669 4241
is_linear=0
shrinkage=0.035


Tree=115
num_leaves=15
num_cat=0
split_feature=8 6 28 24 22 22 24 26 15 23 21 3 33 21
split_gain=62.3725 80.0988 81.3341 88.4004 69.4741 59.6603 55.4009 45.3697 44.456 47.7859 40.9161 39.0506 39.9739 33.0663
threshold=-0.43271899223327631 0.079467620700597777 1.0000000180025095e-35 0.03199290111660958 0.46374854445457464 0.18733153492212298 0.030583227984607223 -1.3799999999999999 22.714720726013187 0.21232284605503085 -0.15558469295501706 -0.093832056969404207 -0.17825609018630964 -0.073069930076599107
decision_type=2 2 2 2 2 2 2 2 2 2 2 2 2 2
left_child=8 2 3 4 -2 -4 -7 -3 9 -1 -11 12 -9 -12
right_child=1 7 5 -5 -6 6 -8 11 -10 10 13 -13 -14 -15
leaf_value=0.0037725642251898719 -0.0098009578054863034 0.0081048336227654994 -0.003730793135410655 0.0019322515861748839 0.0027948255738645452 0.0078316007665181833 -0.0095849565324757791 -0.0032335728845418925 0.009291249549958679 0.0057636547218178494 -0.015027127261671455 -0.0012501591852099425 0.009594343155973073 -0.0024601886025972892
leaf_weight=3590.0106968507171 3919.4626471586525 1144.6501233763993 1684.1645685881376 1410.2924617677927 616.75303821265697 1569.2494354695082 251.95044724270701 428.30121070146561 1108.8448480442166 405.35573025047779 400.11772909387946 4079.9609808586538 935.252162899822 697.92087722942233
leaf_count=19449 34511 5443 9732 8841 3749 7373 2086 2319 5458 2003 2925 20967 4581 4010
internal_value=-5.24195e-06 -0.00115781 -0.00322133 -0.00571081 -0.00808603 0.00100607 0.00538296 0.00180307 0.00297255 0.00158144 -0.00364118 0.000465515 0.0055708 -0.00713379
internal_weight=22242.3 16040 9451.87 5946.51 4536.22 3505.36 1821.2 6588.16 6202.25 5093.41 1503.39 5443.51 1363.55 1098.04
internal_count=133447 99602 66292 47101 38260 19191 9459 33310 33845 28387 8938 27867 6900 6935
is_linear=0
shrinkage=0.035


Tree=116
num_leaves=15
num_cat=0
split_feature=17 4 20 8 16 33 28 28 14 6 24 25 11 16
split_gain=62.0199 55.2433 51.9918 48.6374 45.7615 41.0846 51.3082 43.0555 40.7076 40.1217 37.5636 36.5134 41.1095 35.154
threshold=0.030404319986701015 -0.016146601177752015 -0.024338525719940659 -0.3194474577903747 0.86949637532234203 -0.084824925210351662 -0.74591251496506306 -1.5580680481672158 0.84818053245544445 0.069205775856971755 0.032575633376836784 2.4450000000000007 0.5794368088245393 1.5822800397872927
decision_type=8 2 2 2 2 2 2 2 2 2 2 2 2 2
left_child=4 2 11 10 -1 6 7 -3 -7 -8 -4 12 -2 -13
right_child=1 5 3 -5 -6 8 9 -9 -10 -11 -12 13 -14 -15
leaf_value=-0.0010074566050942027 -0.002452707482418198 -0.0078914673729398536 0.0019693123810677303 -0.0031572708197056777 -0.0098397062027379828 0.00084247836632898095 -0.013067322179691188 0.0036693070005085087 0.0062943768693232366 0.0022863181499936784 0.012395768093353491 -0.0055973577994212261 0.018367814707602934 -0.017815146670408618
leaf_weight=1709.5537455789745 1567.1183727011085 462.7753450833261 2504.4497709199786 2130.3684198670089 1232.9818023666739 2893.8165260851383 589.92186541855335 2386.0882641412318 3993.7571358978748 315.5075149834156 500.81784927099943 1456.9334513135254 115.43046835064888 355.87493427470326
leaf_count=14261 9327 2966 12841 11273 14079 15152 4624 12539 20530 1620 2396 9219 539 2081
internal_value=-5.25788e-06 0.000718052 -0.00136181 0.000879579 -0.00472914 0.0024046 -0.000540358 0.00177032 0.0040083 -0.00775063 0.00374219 -0.00464814 -0.000924243 -0.00808043
internal_weight=22215.4 19272.9 8630.99 5135.64 2942.54 10641.9 3754.29 2848.86 6887.57 905.429 3005.27 3495.36 1682.55 1812.81
internal_count=133447 105107 47676 26510 28340 57431 21749 15505 35682 6244 15237 21166 9866 11300
is_linear=0
shrinkage=0.035


Tree=117
num_leaves=15
num_cat=0
split_feature=8 6 28 22 31 22 32 28 33 19 14 22 33 11
split_gain=59.0244 77.5709 67.3799 57.8881 66.4222 49.6418 59.6061 60.0276 53.663 46.6617 43.8736 41.0297 48.3425 35.5392
threshold=-0.38838881254196161 0.11687975376844408 1.0000000180025095e-35 0.3397038877010346 0.0088706853385821533 0.37421594560146337 0.045014584021852884 -1.8296610773469666 -0.21630575307045893 0.18375461548566821 0.61449736356735241 0.18733153492212298 -0.067435648233345621 0.45844526588916784
decision_type=2 2 2 2 2 2 2 2 2 2 2 2 2 2
left_child=5 2 3 10 -5 6 7 -1 -7 -9 -2 13 -13 -4
right_child=1 -3 11 4 -6 8 -8 9 -10 -11 -12 12 -14 -15
leaf_value=0.0095167268887304951 -0.015884187706453279 0.001929088285709934 -0.0053830502420984024 5.9309280500380434e-05 -0.010673224121210008 -0.005303073072072762 0.0077968878947318587 -0.0035691638380929711 0.0094199968618695305 0.010704393622732355 -0.0057617326221348127 -0.010055220525825529 0.0067814914645585684 0.014446858901366585
leaf_weight=568.55520318821073 922.97597889602184 5434.5136112160981 1266.8540346622467 2589.7739956229925 961.27682219073176 358.13696543499827 1158.0396516546607 3807.7999261245131 1784.6441019587219 293.18167482689023 1241.4523903802037 234.29678546264768 1465.2501346766949 111.63645988702774
leaf_count=2625 7612 26630 7490 17189 8798 2048 5547 24194 8648 1358 11857 2025 6914 512
internal_value=-5.51368e-06 -0.00135607 -0.00338623 -0.00563142 -0.00286782 0.00240407 0.000724967 -0.00104178 0.00694603 -0.00252518 -0.0101314 0.000787501 0.00441517 -0.00368465
internal_weight=22198.4 14228 8793.52 5715.48 3551.05 7970.36 5827.58 4669.54 2142.78 4100.98 2164.43 3078.04 1699.55 1378.49
internal_count=133447 89027 62397 45456 25987 44420 33724 28177 10696 25552 19469 16941 8939 8002
is_linear=0
shrinkage=0.035


Tree=118
num_leaves=15
num_cat=0
split_feature=17 4 22 23 8 29 33 1 8 23 28 20 24 12
split_gain=58.8294 54.4865 66.1837 83.2709 71.3401 46.4835 89.2682 88.5082 63.6434 45.6741 42.5345 38.6917 34.9726 29.9987
threshold=0.018686083145439628 -0.016146601177752015 0.16723755002021792 0.28368386626243597 -0.38838881254196161 3.6500000000000008 -0.05292729236343368 0.23321338742971423 -0.29703433811664576 0.12935546785593036 1.0000000180025095e-35 -0.024338525719940659 0.034418866038322456 0.92662191390991222
decision_type=8 2 2 2 2 2 2 2 2 2 2 2 2 2
left_child=-1 2 3 -2 12 8 7 -7 9 -3 -6 -8 -4 -10
right_child=1 5 4 -5 10 6 11 -9 13 -11 -12 -13 -14 -15
leaf_value=-0.016575065808930371 -0.016982717897275953 0.015164043221899624 0.0022336790344399554 -0.0013167478910331733 -0.0051974154673249083 -0.011019326460070233 -0.0079773543062737259 0.0061274194590988833 0.0051171165330169766 0.0050175145145483404 0.0026762368516187979 0.0035424475275342223 0.014732632761220086 -0.0017594523135231984
leaf_weight=249.4185423925519 717.5225935280323 763.98361609503627 3247.8363444767892 973.85174641385674 3487.4909979701042 1425.44545596838 384.54549986124039 488.95958213508129 1208.3768448904157 1886.2573579996824 1099.3924238719046 3811.1226805560291 290.26386447250843 2136.6988978646696
leaf_count=4360 5605 3829 17129 6287 22440 11455 2513 2480 6957 10635 5060 21051 1400 12246
internal_value=-5.49035e-06 0.000190505 -0.00174623 -0.00802339 -0.000431258 0.00176116 -0.000387513 -0.00663078 0.00394797 0.00798846 -0.00330853 0.00247017 0.00329772 0.000732491
internal_weight=22171.2 21921.7 9816.36 1691.37 8124.98 12105.4 6110.07 1914.41 5995.32 2650.24 4586.88 4195.67 3538.1 3345.08
internal_count=133447 129087 57921 11892 46029 71166 37499 13935 33667 14464 27500 23564 18529 19203
is_linear=0
shrinkage=0.035


Tree=119
num_leaves=15
num_cat=0
split_feature=11 22 1 26 14 15 11 26 15 8 5 4 21 5
split_gain=56.9305 70.1121 80.2938 64.588 60.7917 52.5816 48.4282 42.4003 40.3169 37.9459 51.3324 37.8009 34.9069 32.7029
threshold=0.36250992119312292 0.37421594560146337 -0.030039126984775063 -0.83499999999999985 0.266629308462143 20.961079597473148 0.20489888638257983 -1.3799999999999999 24.459759712219242 -0.51367652416229237 0.0087010245770216006 -0.031769089400768273 0.039285084232687957 0.091389011591672911
decision_type=2 2 2 2 2 2 2 2 2 2 2 2 2 2
left_child=1 4 3 11 -1 -2 13 -8 12 -7 -11 -3 -4 -6
right_child=5 2 8 -5 6 9 7 -9 -10 10 -12 -13 -14 -15
leaf_value=-0.014353464569829074 -0.0032496349967286974 0.0030962069813433098 0.0026576849815263628 -0.0090642758236674521 -0.013616905698717086 0.008400193339021849 0.0044480667095230112 -0.0028964849229177686 -0.016083412457282405 -0.0011124098105852308 0.0058518717411982484 0.013771705818285412 -0.0042304897068995229 0.00090272263493119107
leaf_weight=579.40875095129013 1691.5752042159438 669.59501525014639 1924.1132433451712 251.38084188476205 724.39802649058402 1563.3356269821525 1171.9855161719024 5197.3138963095844 207.19012612104416 2732.072808586061 2452.8724920973182 1052.3396079055965 1677.8418997749686 254.7513084448874
leaf_count=3920 8685 3502 10442 2307 10535 7551 5998 35664 1162 13463 11189 5999 11069 1961
internal_value=-5.67865e-06 -0.00139755 0.00153162 0.00724301 -0.00353328 0.00225435 -0.00266178 -0.00154019 -0.00143836 0.00363679 0.00218715 0.00966226 -0.000553754 -0.00986831
internal_weight=22150.2 13710.3 5782.46 1973.32 7927.86 8439.86 7348.45 6369.3 3809.15 6748.28 5184.95 1721.93 3601.96 979.149
internal_count=133447 92559 34481 11808 58078 40888 54158 41662 22673 32203 24652 9501 21511 12496
is_linear=0
shrinkage=0.035


Tree=120
num_leaves=15
num_cat=0
split_feature=17 12 4 14 2 34 23 12 3 15 15 3 22 26
split_gain=56.4717 52.0425 84.8219 54.813 56.7901 46.3107 43.6664 39.9255 36.326 38.1727 33.1149 30.8022 25.1641 23.6578
threshold=0.028147075325250629 1.0598865151405337 0.12849085777997973 0.24366132169961932 0.11586333811283113 -0.038291429902634559 0.39298018813133245 1.0048206448554995 -0.14172124862670896 20.760293960571293 24.459759712219242 -0.25648942589759821 0.17287103831768039 1.8050000000000002
decision_type=8 2 2 2 2 2 2 2 2 2 2 2 2 2
left_child=7 3 5 4 11 10 -7 13 12 -10 -3 -2 -5 -1
right_child=1 2 -4 8 -6 6 -8 -9 9 -11 -12 -13 -14 -15
leaf_value=-0.0045838939813570645 0.00043769091797372022 0.0015995816328831535 0.0063877303800426036 -1.345276853187303e-05 0.0047208248837080288 -0.0049557657922870198 0.0075461185227462561 -0.014308611925052367 -0.0054967890738696146 0.0026710864613217469 0.024850749526720881 -0.01119286789421952 0.0072692474575137651 0.0072859682354029466
leaf_weight=1350.9207415282726 407.14658895134926 1232.8849614188075 1411.489088781178 715.78054382279515 718.87879288569093 5765.221038877964 355.08565094321966 474.7518000677228 816.05131306499243 4630.7778029218316 70.047980882227421 870.83861270546913 3080.6164387762547 233.0865161344409
leaf_count=14410 2107 6068 6512 4597 3374 34291 1849 6139 5128 25134 349 4954 17284 1251
internal_value=-6.10498e-06 0.000561027 -0.00144812 0.0021401 -0.00310715 -0.00294465 -0.00421931 -0.00551216 0.00327583 0.00143953 0.00302936 -0.00751292 0.00589972 -0.00280249
internal_weight=22133.6 20074.8 8834.73 11240.1 1996.86 7423.24 6120.31 2058.76 9243.23 5446.83 1302.93 1277.99 3796.4 1584.01
internal_count=133447 111647 49069 62578 10435 42557 36140 21800 52143 30262 6417 7061 21881 15661
is_linear=0
shrinkage=0.035


Tree=121
num_leaves=15
num_cat=0
split_feature=19 19 28 24 25 25 8 11 8 24 30 3 10 5
split_gain=54.8986 75.031 68.9544 80.3674 78.8541 78.0642 72.5644 64.9479 49.5851 36.922 36.7868 32.3892 24.8919 21.1618
threshold=-0.18034981936216352 0.18375461548566821 1.0000000180025095e-35 0.030583227984607223 4.2150000000000007 5.1000000000000005 -0.14175739884376523 0.32313565909862524 -0.20490381866693494 0.03199290111660958 1.0000000180025095e-35 0.20249864459037784 1.2690767645835879 0.19449616968631747
decision_type=2 2 2 2 2 2 2 2 2 2 2 2 2 2
left_child=9 2 4 6 7 -6 -4 -2 -3 -1 12 -5 -10 -12
right_child=1 8 3 11 5 -7 -8 -9 10 -11 13 -13 -14 -15
leaf_value=0.002455857019488558 -0.015047621820147477 0.0075317726189607298 0.004403462278025066 -0.012612022876178419 0.0013854339196587642 -0.0062047170686132299 -0.012125679900300121 -0.0030644101972286722 -0.0036121239595682977 0.012252725117175971 0.00031918380572378653 0.0050112898320727392 0.018539514629805381 0.0099143370858779077
leaf_weight=2699.0024278406054 1202.4165918659419 1845.3115922659636 4007.804904203862 621.6817205324769 3750.8099670745432 2963.5827868562192 344.43220596015453 1031.9941676035523 1762.0688860192895 563.14433562383056 555.66648139618337 154.28401383012533 54.576509803533554 562.250110283494
leaf_count=14763 13600 8706 19689 5399 21959 22901 1862 6366 8611 2867 2928 963 284 2549
internal_value=-5.70989e-06 -0.000731539 -0.00201788 0.00121658 -0.00387071 -0.00196893 0.00307056 -0.00955132 0.00305313 0.00417937 0.000220853 -0.00908883 -0.00284878 0.00519013
internal_weight=22119 18856.9 14077 5128.2 8948.8 6714.39 4352.24 2234.41 4779.87 3262.15 2934.56 775.966 1816.65 1117.92
internal_count=133447 115817 92739 27913 64826 44860 21551 19966 23078 17630 14372 6362 8895 5477
is_linear=0
shrinkage=0.035


Tree=122
num_leaves=15
num_cat=0
split_feature=17 4 22 23 8 19 27 17 28 8 32 29 33 20
split_gain=53.4998 50.8391 60.8984 78.3105 64.3684 42.957 44.8111 42.4312 38.9762 28.1986 28.0575 27.9664 42.9011 25.1602
threshold=0.018686083145439628 -0.016146601177752015 0.16723755002021792 0.28368386626243597 -0.38838881254196161 -0.14828812330961225 8.4992713392404244 0.039925772696733482 1.0000000180025095e-35 -0.15212189406156537 0.026530785189577858 3.6500000000000008 -0.05292729236343368 0.035948697477579124
decision_type=8 2 2 2 2 2 2 8 2 2 2 2 2 2
left_child=-1 2 3 13 10 11 7 -7 -6 -8 -4 -3 -13 -2
right_child=1 5 4 -5 8 6 9 -9 -10 -11 -12 12 -14 -15
leaf_value=-0.015997085628081883 -0.019183797602580505 0.013040091199074488 -9.4948619428784862e-05 -0.0012459426026269359 -0.0049885617573343921 -0.0033571878058528122 0.010621968277332026 0.0017061001286010381 0.0025566051088143108 -0.0030351990292958003 0.0061350483962387577 -0.0075055509909184781 0.0090544506595174688 -0.00045411862263504638
leaf_weight=243.34286261163652 605.16864495351911 605.12209660187364 1721.8370780535042 971.31115610152483 3471.3312818184495 2900.1887298636138 842.99679811671376 6674.466093365103 1097.9191841781139 231.69448092952371 1812.5721439197659 291.06868825480342 519.85987748205662 103.07267025858164
leaf_count=4360 5049 3189 8921 6287 22440 24645 4116 33490 5060 1187 9608 1910 2629 556
internal_value=-5.64797e-06 0.000179697 -0.00169428 -0.0077389 -0.00043349 0.00169935 0.000934507 0.000170514 -0.00317395 0.00767676 0.00310831 0.00740447 0.0030915 -0.0165023
internal_weight=22092 21848.6 9783.21 1679.55 8103.66 12065.4 10649.3 9574.65 4569.25 1074.69 3534.41 1416.05 810.929 708.241
internal_count=133447 129087 57921 11892 46029 71166 63438 58135 27500 5303 18529 7728 4539 5605
is_linear=0
shrinkage=0.035


Tree=123
num_leaves=15
num_cat=0
split_feature=17 12 4 14 34 8 28 13 24 27 24 3 24 2
split_gain=52.3874 57.2412 80.8451 50.1697 48.8913 42.9544 40.9027 38.7942 37.0882 43.422 24.2642 23.1041 19.8405 18.7807
threshold=0.10901262983679773 1.0598865151405337 0.096711289137601866 0.16859620809555056 -0.038291429902634559 -0.46291741728782648 1.0000000180025095e-35 0.3889021128416062 0.030182745307683948 3.9181736320282772 0.027066921815276149 0.014997116290032865 0.03506541624665261 0.11586333811283113
decision_type=8 2 2 2 2 2 2 2 2 2 2 2 2 2
left_child=1 3 4 8 12 10 -6 -7 13 -10 -5 -4 -3 -1
right_child=-2 2 11 5 6 7 -8 -9 9 -11 -12 -13 -14 -15
leaf_value=-0.0040599892330235431 0.010305569931576679 0.004654841724690926 0.0069704293193775116 0.013477707147346951 -0.0081132208293719955 -0.0028554943857500041 -0.0021261458386285094 0.0021990135904274982 -0.019560744197770409 -0.00064862031538740275 0.0043120682784551318 -0.0015940774518868931 -0.005335290648499063 0.0094256197814651596
leaf_weight=326.5216985270381 577.51345644146204 932.90091245621443 1190.731902975589 415.79702193289995 3244.2270278446376 2611.8446144983172 2466.7538353446871 6395.1861707102507 346.62884151935577 256.30883851647377 2230.6055644601583 563.82417718321085 319.11054052039981 192.8525382578373
leaf_count=1773 2678 5022 5700 2224 22762 17464 14042 41099 2005 1284 12310 2584 1600 900
internal_value=-5.8681e-06 -0.000287595 -0.00247265 0.00120415 -0.00416393 0.00188614 -0.00553545 0.000731774 -0.00583136 -0.0116629 0.00579747 0.0042248 0.00208647 0.00103091
internal_weight=22070.8 21493.3 8717.55 12775.7 6962.99 11653.4 5710.98 9007.03 1122.31 602.938 2646.4 1754.56 1252.01 519.374
internal_count=133447 130769 51710 79059 43426 73097 36804 58563 5962 3289 14534 8284 6622 2673
is_linear=0
shrinkage=0.035


Tree=124
num_leaves=15
num_cat=0
split_feature=17 12 15 19 4 10 3 28 22 3 16 28 34 14
split_gain=52.4108 49.8816 46.133 42.1608 44.3837 37.1103 33.7514 38.5563 53.415 48.0911 33.7477 32.4796 47.1843 30.8605
threshold=0.03454850800335408 1.0180931687355044 22.236876487731937 -0.22388470917940137 -0.016146601177752015 1.1279261112213137 1.2708510756492617 1.0000000180025095e-35 0.34321255981922155 -1.0000000180025095e-35 1.5822800397872927 1.0000000180025095e-35 -0.038291429902634559 0.35224384069442755
decision_type=8 2 2 2 2 2 2 2 2 2 2 2 2 2
left_child=1 6 3 -2 10 11 7 8 -1 -9 -5 12 -4 -6
right_child=2 -3 5 4 13 -7 -8 9 -10 -11 -12 -13 -14 -15
leaf_value=-0.012935468025609131 0.0052704019433535212 -0.0095625586994211188 0.0071034337382844997 -0.0029828209673373818 -0.0060824819343185009 0.010802441211455604 0.036044662184764431 0.0066296210213334468 -0.00085813280391896824 -0.0082735587762936252 -0.012208175423937283 0.006082144535424266 -0.0012046493903560994 0.001747207821460919
leaf_weight=631.26432050205767 1270.5960157364607 1154.7692514397204 1069.6767013520002 3168.1655687019229 709.91038762405515 666.89450351893902 19.554936833679676 1063.8666649721563 1498.3928651642054 342.9391141012311 566.56794744729996 1878.0267579033971 3722.9922383539379 4292.9990154281259
leaf_count=8415 6328 11840 4898 18463 3864 3082 112 5860 13171 2022 3354 9037 19120 23881
internal_value=-5.67962e-06 -0.00327553 0.000883722 -0.000661802 -0.00152948 0.0029898 -0.00121281 -0.00151988 -0.00448177 0.0029639 -0.00441119 0.00219374 0.000660563 0.000626261
internal_weight=22056.6 4710.79 17345.8 10008.2 8737.64 7337.59 3556.02 3536.46 2129.66 1406.81 3734.73 6670.7 4792.67 5002.91
internal_count=133447 41420 92027 55890 49562 36137 29580 29468 21586 7882 21817 33055 24018 27745
is_linear=0
shrinkage=0.035


Tree=125
num_leaves=15
num_cat=0
split_feature=17 12 4 14 34 17 20 23 15 6 27 11 3 3
split_gain=50.1809 47.0336 78.9667 51.4189 42.8269 40.3522 50.4283 40.1621 37.295 29.8105 27.9907 21.2759 19.8285 19.2708
threshold=0.018686083145439628 1.0598865151405337 0.096711289137601866 0.16859620809555056 -0.038291429902634559 0.059899806976318366 -0.074349697679281221 0.39298018813133245 24.459759712219242 0.058812357485294349 8.4992713392404244 0.45844526588916784 0.26514059305191046 0.17442391067743304
decision_type=8 2 2 2 2 8 2 2 2 2 2 2 2 2
left_child=12 3 4 9 8 6 -5 -6 -3 10 -2 -4 -1 -7
right_child=1 2 11 5 7 13 -8 -9 -10 -11 -12 -13 -14 -15
leaf_value=-0.017910535633811512 -0.0111157025865869 0.00085407567237169568 0.0031511385904231617 -0.0095047628593889471 -0.0054092011794597238 0.0099905558170071147 0.0018663740838295413 0.0066144388563038293 0.02600512485104766 0.00428843275857469 0.0081433130616100219 0.014299518961176025 0.020373203434886709 0.0032919282390017649
leaf_weight=229.86869444139302 746.96766941249371 1220.1717992089689 1674.1294157803059 494.80076177045703 5559.7946313433349 1036.5338089317083 8949.2582958117127 354.17667028307915 66.825251512229443 276.4201189763844 97.99891758710146 231.71342200040817 9.6611889190971834 1087.6214837804437
leaf_count=4241 4183 6358 7941 4481 35312 4666 56233 1898 353 1276 495 1105 119 4786
internal_value=-5.33039e-06 0.000173256 -0.00174485 0.0015501 -0.00342129 0.00224491 0.00126118 -0.00467918 0.00235044 -0.0055741 -0.00881293 0.00457413 -0.0156118 0.00659218
internal_weight=22035.9 21796.4 9106.81 12689.6 7200.97 11568.2 9444.06 5913.97 1287 1121.39 844.967 1905.84 239.53 2124.16
internal_count=133447 129087 52967 76120 43921 70166 60714 37210 6711 5954 4678 9046 4360 9452
is_linear=0
shrinkage=0.035


Tree=126
num_leaves=15
num_cat=0
split_feature=3 3 23 2 19 6 19 31 25 20 3 16 11 28
split_gain=48.8018 77.0188 55.0164 52.5573 44.1705 40.4922 38.5124 40.9332 94.9133 33.6887 31.5159 30.6292 30.6066 38.8618
threshold=-0.198892667889595 0.45423644781112676 0.087061900645494475 0.14623443782329562 -0.052885234355926507 -0.24885781854391095 0.24971037358045581 0.0066205494171276422 1.4450000000000001 -0.020915670320391651 0.17442391067743304 1.8653149008750918 0.17376002669334414 -0.65279997750805607
decision_type=2 2 2 2 2 2 2 2 2 2 2 2 2 2
left_child=2 3 -1 4 9 -6 7 11 -9 -2 -5 -4 13 -3
right_child=1 12 6 10 5 -7 -8 8 -10 -11 -12 -13 -14 -15
leaf_value=0.0099419641708746904 -0.0068569645713872562 0.053278107075603778 0.0056782240301003666 0.0030857691043981107 0.021085227555094128 -0.0074846562661937729 0.009014972987805011 0.0039931708623630871 -0.0064845524838908148 0.0011107489781367256 -0.0036121740695269342 -0.0039448346441939633 0.0030853006875974655 -0.0042914185305246502
leaf_weight=957.02245668321848 933.38063264265656 23.436234049499035 2041.5854079052806 2345.4553250353783 52.39063098654151 3762.3150204587728 669.25426355004311 1901.55618615821 2366.3528769221157 2083.7591363023967 1346.1924631260335 497.28647634014487 3018.8969020806253 22.761078279465437
leaf_count=4914 6830 148 11782 12580 325 28018 3119 9513 17943 14267 6800 2538 14511 159
internal_value=-4.41304e-06 -0.00130209 0.00208566 -0.00272393 -0.00454001 -0.00703818 0.00106802 0.000274585 -0.00181781 -0.00136865 0.000640144 0.00378528 0.00357254 0.0291976
internal_weight=22021.6 13588.6 8433.06 10523.5 6831.85 3814.71 7476.04 6806.78 4267.91 3017.14 3691.65 2538.87 3065.09 46.1973
internal_count=133447 83638 49809 68820 49440 28343 44895 41776 27456 21097 19380 14320 14818 307
is_linear=0
shrinkage=0.035


Tree=127
num_leaves=15
num_cat=0
split_feature=17 12 15 26 28 20 19 4 16 6 28 22 3 3
split_gain=48.2813 45.0039 44.2654 47.8346 51.3669 54.787 43.4114 37.0476 34.0115 32.4553 34.8148 47.5536 43.3058 25.1107
threshold=0.03251412324607373 1.0458291172981264 22.236876487731937 -1.3799999999999999 -0.10326313031254751 0.0026101621333509688 -0.18034981936216352 -0.046768637374043458 1.5219136476516726 0.27268424630165106 1.0000000180025095e-35 0.30864126980304724 -1.0000000180025095e-35 -0.081533595919609056
decision_type=8 2 2 2 2 2 2 2 2 2 2 2 2 2
left_child=1 9 6 -4 5 -5 13 -8 -9 10 11 -1 -12 -2
right_child=2 -3 3 4 -6 -7 7 8 -10 -11 12 -13 -14 -15
leaf_value=-0.015705979628948943 0.0068086965621881046 -0.011055270920983292 0.0093654115392536146 -0.0056647108829486611 0.0055511477552828373 0.0026727426307198302 -0.0057519113799317061 0.0011465439739268256 -0.0043950600763208812 0.027145913392210501 0.006173475655927318 -0.0020559155983839576 -0.0093508560050414146 -0.0014382983195217272
leaf_weight=397.6235282458365 1295.083041805774 776.77611771039665 1140.5867986753583 1671.0015671364963 2472.9496207870543 2258.8884303346276 2145.2448713853955 4664.7569114863873 1901.6150626242161 37.278029412031174 916.48111249692738 1358.9448862504214 279.15570175088942 687.51019211858511
leaf_count=6068 6671 8599 5323 9004 12057 11293 12761 26849 11012 215 5208 13076 1714 3597
internal_value=-3.2097e-06 -0.00360553 0.000742275 0.00279353 0.00161005 -0.000877749 -0.000705885 -0.00177016 -0.000462542 -0.00163942 -0.00209331 -0.00521721 0.00250138 0.00395599
internal_weight=22003.9 3766.26 18237.6 7543.43 6402.84 3929.89 10694.2 8711.62 6566.37 2989.48 2952.21 1756.57 1195.64 1982.59
internal_count=133447 34880 98567 37677 32354 20297 60890 50622 37861 26281 26066 19144 6922 10268
is_linear=0
shrinkage=0.035


Tree=128
num_leaves=15
num_cat=0
split_feature=17 14 12 4 2 34 8 4 3 3 28 15 25 3
split_gain=47.0564 45.4378 57.4262 60.5206 55.8101 42.8923 34.8068 37.7275 31.1715 28.0746 25.9081 30.9475 24.6779 23.8817
threshold=0.022059926763176921 0.266629308462143 1.0048206448554995 0.096711289137601866 0.1305985897779465 -0.038291429902634559 -0.46291741728782648 -0.053626036271452897 -0.25648942589759821 0.26514059305191046 1.0000000180025095e-35 21.34570407867432 5.1000000000000005 -0.056497884914278977
decision_type=8 2 2 2 2 2 2 2 2 2 2 2 2 2
left_child=9 4 6 5 8 -4 -3 -8 -2 10 -1 13 -10 -12
right_child=1 2 3 -5 -6 -7 7 -9 12 -11 11 -13 -14 -15
leaf_value=-0.018099232995810552 -0.00089851953811948655 0.0069427786968621185 0.0032166704601588785 0.0044244142739753752 0.0035189076975767025 -0.0035390245074062091 -0.0036495238839332638 0.0029930978452453508 -0.0066129635454666626 0.021717344537700981 0.015426123346165263 -0.017023047899687137 -0.016888575452613158 -0.016019669473482469
leaf_weight=309.63218087330461 634.24273405969143 2032.8454757630825 1391.8665085397661 2030.5386836156249 844.94806677848101 6467.8260193727911 1286.1457200162113 5466.21448231861 809.97976836934686 23.74742304161191 107.11941922083497 95.407710205763578 454.40758392214775 30.629274938255548
leaf_count=6221 3333 11113 7178 9677 3973 40751 7538 33660 4548 240 854 1064 2956 341
internal_value=-3.22254e-06 0.000262254 0.000880681 -0.000948226 -0.00393527 -0.0023401 0.00293837 0.00172433 -0.00725365 -0.00987054 -0.0116204 -0.002626 -0.0104095 0.00782295
internal_weight=21985.6 21419 18675.4 9890.23 2743.58 7859.69 8785.21 6752.36 1898.63 566.536 542.789 233.156 1264.39 137.749
internal_count=133447 124727 109917 57606 14810 47929 52311 41198 10837 8720 8480 2259 7504 1195
is_linear=0
shrinkage=0.035


Tree=129
num_leaves=15
num_cat=0
split_feature=8 6 28 24 34 22 33 4 22 24 21 24 26 3
split_gain=44.5944 53.1311 53.2517 57.7951 52.3329 41.2994 47.3613 43.181 41.0188 35.8865 35.7028 45.152 35.6068 33.2342
threshold=-0.38838881254196161 0.079467620700597777 1.0000000180025095e-35 0.03199290111660958 -0.038291429902634559 0.48898293077945715 -0.067435648233345621 -0.11237328127026557 0.19535173475742343 0.030583227984607223 -0.073069930076599107 0.031530251726508148 -1.2850000000000001 0.030430372804403309
decision_type=2 2 2 2 2 2 2 2 2 2 2 2 2 2
left_child=5 2 3 4 -2 6 10 -8 -4 -10 -1 -12 -3 -14
right_child=1 12 8 -5 -6 -7 7 -9 9 -11 11 -13 13 -15
leaf_value=-0.012276707490144236 0.00057846382833042561 0.0063750479011486314 -0.0035187649885449006 0.0012963375862958797 -0.0096954866006582277 0.013631422145146942 -0.003897763593794519 0.0052420625739222626 0.0072219405383957816 -0.0083091766506721027 -0.0035289375786944819 0.0064732552260639183 0.0033684671498950612 -0.0023977850524108772
leaf_weight=348.5486332513392 766.83088807016611 1276.4204960819334 1412.1618399824947 1199.0186134576797 2890.467429894954 353.04697889834642 749.39739919826388 3862.6387722752988 1197.8339623808861 206.00548929162323 1809.4321535713971 784.25238568335772 2003.4280386511236 3114.6420006006956
leaf_count=2568 4680 6213 8219 7758 28192 1632 4262 20016 5715 1846 11600 4342 10620 15784
internal_value=-3.71025e-06 -0.00118564 -0.00314761 -0.00536438 -0.00754563 0.00209774 0.0015414 0.00375174 0.000680758 0.00490019 -0.00192433 -0.000491328 0.00116964 -0.000138464
internal_weight=21974.1 14066.8 7672.32 4856.32 3657.3 7907.32 7554.27 4612.04 2816 1403.84 2942.23 2593.68 6394.49 5118.07
internal_count=133447 89027 56410 40630 32872 44420 42788 24278 15780 7561 18510 15942 32617 26404
is_linear=0
shrinkage=0.035


Tree=130
num_leaves=15
num_cat=0
split_feature=11 22 1 14 10 26 26 4 28 25 5 24 24 24
split_gain=42.7729 68.5081 70.4677 59.9288 59.1811 58.5004 53.0861 34.4836 31.885 28.8342 36.0324 27.5195 26.1033 24.4517
threshold=0.40424561500549322 0.37421594560146337 -0.030039126984775063 0.266629308462143 0.27668647468090063 -0.83499999999999985 -1.3799999999999999 -0.031769089400768273 -1.4026505815283639 1.4450000000000001 -0.13309496641159055 0.02743481379002333 0.02743481379002333 0.030583227984607223
decision_type=2 2 2 2 2 2 2 2 2 2 2 2 2 2
left_child=1 3 5 11 12 7 -6 -3 -4 10 -2 -1 -5 -10
right_child=9 2 8 4 6 -7 -8 -9 13 -11 -12 -13 -14 -15
leaf_value=0.00053853500957643885 -0.0001178545718571618 0.0033632238933152272 -0.0048546061256928511 0.0013336393775108344 0.0048048983677387008 -0.0075898719343402386 -0.0025133767928512273 0.013034095714648936 0.003980884036688624 0.0013614864126144566 0.012751731061732859 -0.014956070408063763 -0.017579360719225189 -0.0030048160348103911
leaf_weight=176.96359374374151 442.94376185536385 761.01390646770597 1499.0024333931506 113.01672495529056 1464.0090217255056 286.07957219332457 6888.5746678598225 1134.3459968157113 1722.1353675313294 4811.3951352536678 658.34408989548683 657.47512000240386 394.64711605012417 941.79449988529086
leaf_count=974 2152 3923 9352 1343 7484 2512 46888 6364 9192 22547 3277 4506 7081 5852
internal_value=-3.78256e-06 -0.000941893 0.00188394 -0.0027912 -0.0019397 0.0069641 -0.00122645 0.00918913 -0.00078845 0.00253828 0.00762103 -0.0117026 -0.0134245 0.00150919
internal_weight=21951.7 16039.1 6344.37 9694.69 8860.25 2181.44 8352.58 1895.36 4162.93 5912.68 1101.29 834.439 507.664 2663.93
internal_count=133447 105471 37195 68276 62796 12799 54372 10287 24396 27976 5429 5480 8424 15044
is_linear=0
shrinkage=0.035


Tree=131
num_leaves=15
num_cat=0
split_feature=17 3 3 22 26 26 23 19 1 10 33 21 8 4
split_gain=45.2144 47.5352 57.9458 47.1721 77.0636 58.841 42.0408 38.3162 33.2818 30.3456 63.9661 30.8723 19.7764 18.767
threshold=0.10901262983679773 -0.23310682177543637 0.53318902850151073 0.3397038877010346 -0.58499999999999985 -0.83499999999999985 0.087061900645494475 0.20273430645465854 0.015456869732588531 0.36246883869171148 -0.15552437556717932 -0.017531219869852063 -0.3194474577903747 -0.075318116694688783
decision_type=8 2 2 2 2 2 2 2 2 2 2 2 2 2
left_child=1 6 3 4 -3 -5 13 8 -8 10 -4 -11 -9 -1
right_child=-2 2 9 5 -6 -7 7 12 -10 11 -12 -13 -14 -15
leaf_value=-0.0087087036719885168 0.0096177275653645429 -0.010314086255330226 0.059900367706683368 0.0013594979876482476 -0.0016587983399476642 -0.0069521311207226951 0.0016164651478711412 0.015066158428861628 -0.0046325604389083879 0.0075619284271396751 -0.0024740211361687792 -0.00050367447979427578 0.0030429101283369273 0.010869302566143033
leaf_weight=57.676065318286419 572.41291531175375 2001.026029933244 25.252595897763968 4889.4831814840436 3387.8994518518448 1315.7423794846982 4415.9881061594933 320.80288942530751 1356.3609924148768 946.80882520973682 45.227079316973686 1478.5182791873813 352.64094223082066 768.4961717016995
leaf_count=257 2678 15445 144 27422 22842 10600 26592 1521 8569 4593 336 6844 1664 3940
internal_value=-3.99534e-06 -0.000266198 -0.00145203 -0.00249344 -0.00488585 -0.000411232 0.00203028 0.00107068 0.000142625 0.0033764 0.0245405 0.00266313 0.00890697 0.00941473
internal_weight=21934.3 21361.9 14090 11594.2 5388.93 6205.23 7271.97 6445.79 5772.35 2495.81 70.4797 2425.33 673.444 826.172
internal_count=133447 130769 88226 76309 38287 38022 42543 38346 35161 11917 480 11437 3185 4197
is_linear=0
shrinkage=0.035


Tree=132
num_leaves=15
num_cat=0
split_feature=17 22 8 28 25 3 22 15 26 28 20 14 16 18
split_gain=44.7091 48.8993 56.4335 53.8982 51.5434 58.4648 37.9925 37.8766 40.317 47.7422 54.7774 33.6031 35.7874 37.5846
threshold=0.037187391892075546 0.16723755002021792 -0.18846911191940305 1.0000000180025095e-35 5.1000000000000005 0.76103645563125621 0.31771536171436315 22.169493675231937 -1.3799999999999999 1.0000000180025095e-35 -0.0066579433623701325 0.37324757874011999 1.5822800397872927 0.14376585185527804
decision_type=8 2 2 2 2 2 2 2 2 2 2 2 2 2
left_child=1 -1 3 6 5 -4 -3 11 -9 10 -10 -2 -13 -14
right_child=7 2 4 -5 -6 -7 -8 8 9 -11 -12 12 13 -15
leaf_value=-0.013758414712329557 -0.0042123185502009556 -0.010083473140389796 -0.0045068688048556507 0.00523061176084221 -0.016581403554124952 0.038291100752170779 -0.00040131417598111965 0.0089672471208149546 -0.0066974856125216024 0.0061531700255070413 0.0021356314927484014 0.0023512526669122666 -0.0069837801455437136 0.0037051809437933752
leaf_weight=434.42396792024374 2301.0735324323177 654.77039258740842 731.48969186283648 1632.5278583839536 512.67097365111113 31.3084636926651 1964.4999558385462 1100.6383596882224 1199.4657776392996 1996.6081621646881 2966.9008459448814 4590.8076668344438 1207.5704763382673 594.64326513558626
leaf_count=4838 12390 8049 6857 8158 5806 178 16254 5108 6289 9611 14456 25468 7103 2882
internal_value=-2.83166e-06 -0.00258644 -0.0016851 0.00025713 -0.00811118 -0.0022775 -0.00285082 0.000963401 0.00282714 0.00171784 -0.000417304 -0.000595151 0.000711341 -0.00345596
internal_weight=21919.4 5961.69 5527.27 4251.8 1275.47 762.798 2619.27 15957.7 7263.61 6162.97 4166.37 8694.09 6393.02 1802.21
internal_count=133447 50140 45302 32461 12841 7035 24303 83307 35464 30356 20745 47843 35453 9985
is_linear=0
shrinkage=0.035


Tree=133
num_leaves=15
num_cat=0
split_feature=19 19 22 25 26 26 1 8 22 30 6 3 7 11
split_gain=43.5359 46.2639 57.3639 107.894 101.913 86.2757 51.9301 49.3165 41.3368 22.8593 27.6146 25.8248 22.7478 40.9316
threshold=-0.24453695863485334 0.15146018564701083 0.37421594560146337 1.4450000000000001 -0.83499999999999985 -1.3799999999999999 -1.0000000180025095e-35 -0.20490381866693494 0.18286002427339557 1.0000000180025095e-35 0.27268424630165106 0.17442391067743304 -0.22378561645746228 0.64207530021667492
decision_type=2 2 2 2 2 2 2 2 2 2 2 2 2 2
left_child=-1 2 3 8 6 -5 -4 12 -2 11 -11 -9 13 -3
right_child=1 7 4 5 -6 -7 -8 9 -10 10 -12 -13 -14 -15
leaf_value=0.0052757711354743959 -0.0011296189623165947 -0.0025099146079641606 0.007585022125802191 0.0013149295059252104 -0.0086375445241749192 -0.0081103163081917787 -0.00034297091707214463 0.00084326231194424702 0.0068310945260202788 -0.0027773999521102598 0.0077468661573573518 -0.0070874193796817255 0.0089659627325371014 0.01604953042836663
leaf_weight=1750.2589751016349 2005.0912441536784 646.41926284879446 2206.5554736331105 1584.382418461144 963.84578140079975 4735.4874550960958 1861.0749944970012 1101.437322171405 1315.8634144328535 525.92833394929767 705.25472047924995 912.82250287383795 1405.9198683127761 177.1727848649025
leaf_count=8816 10610 2931 12165 8835 7991 40731 10477 5698 6548 3059 3201 4455 7119 811
internal_value=-2.88684e-06 -0.000463851 -0.00148824 -0.00306814 0.00153909 -0.00574908 0.00396576 0.00227912 0.0020357 -0.000476341 0.00326503 -0.00276802 0.00627439 0.00162727
internal_weight=21897.5 20147.3 14672.3 9640.82 5031.48 6319.87 4067.63 5474.95 3320.95 3245.44 1231.18 2014.26 2229.51 823.592
internal_count=133447 124631 97357 66724 30633 49566 22642 27274 17158 16413 6260 10153 10861 3742
is_linear=0
shrinkage=0.035


Tree=134
num_leaves=15
num_cat=0
split_feature=17 12 4 14 2 14 21 8 15 12 3 17 3 16
split_gain=44.0586 42.5883 60.2616 41.5847 45.3599 33.4904 32.7114 32.4564 29.921 28.0555 27.0332 25.8491 21.4061 20.75
threshold=0.026439317502081398 1.0598865151405337 0.12849085777997973 0.24366132169961932 0.11586333811283113 0.39425264298915869 -0.15558469295501706 -0.16164448112249372 21.520134925842289 0.91316670179367077 -0.24486392736434934 0.044320611283183105 0.45423644781112676 2.3758219480514531
decision_type=8 2 2 2 2 2 2 2 2 2 2 8 2 2
left_child=9 3 5 4 10 13 -7 8 -5 12 -2 -9 -1 -3
right_child=1 2 -4 7 -6 6 -8 11 -10 -11 -12 -13 -14 -15
leaf_value=-0.0032702048103069922 0.00046358950520517488 -0.006362336216539856 0.0052288147843417123 0.0015269548900772255 0.0042468034916618358 0.0062717122204454141 -0.0025348596095823702 -0.0059546346270638022 0.0058822472261781779 -0.012455224898162599 -0.010226392390137824 0.0023997206252238832 0.024567268132077411 -0.020289577451459033
leaf_weight=961.28221510909498 434.13850039988756 768.8219827786088 1399.6361488811672 3769.3812050335109 721.51445468887687 556.28773645311594 5941.2237533330917 827.26761573180556 3975.2108124084771 501.3222693670541 856.50906196981668 981.68360364437103 25.134106211364269 153.39610763639212
leaf_count=10232 2292 4353 6522 23092 3415 2879 35484 5600 21876 7044 5037 4609 164 848
internal_value=-2.60586e-06 0.000422884 -0.00140821 0.00181918 -0.00274398 -0.00266555 -0.0017724 0.00278214 0.00376718 -0.00579659 -0.00665466 -0.00143262 -0.00232146 -0.00887171
internal_weight=21872.8 20385.1 8819.37 11565.7 2012.16 7419.73 6497.51 9553.54 7744.59 1487.74 1290.65 1808.95 986.416 922.218
internal_count=133447 116007 50086 65921 10744 43564 38363 55177 44968 17440 7329 10209 10396 5201
is_linear=0
shrinkage=0.035


Tree=135
num_leaves=15
num_cat=0
split_feature=19 28 26 23 6 33 15 8 3 5 10 10 19 3
split_gain=40.5859 43.7402 69.6409 90.7171 75.7414 59.8608 57.4242 41.7743 40.9373 37.022 31.5859 29.71 26.7197 32.3135
threshold=-0.27033786475658411 -0.10326313031254751 -1.3799999999999999 0.16368718445301059 0.049478735774755485 -0.067435648233345621 24.215823173522953 -0.30442863702774042 -0.18779719620943067 -0.12399976700544356 0.51868435740470897 0.24075338244438174 0.073978632688522353 0.20249864459037784
decision_type=2 2 2 2 2 2 2 2 2 2 2 2 2 2
left_child=-1 2 6 7 -5 12 11 -4 9 -7 -10 -2 13 -3
right_child=1 5 3 4 -6 8 -8 -9 10 -11 -12 -13 -14 -15
leaf_value=0.0058463478689638002 -0.019611178765818648 -0.013630847761214995 0.0016958798736383509 -0.013823401823975357 -0.00096028216472360717 -0.0020638080814769154 0.019985817553186281 -0.0035571432372349188 -0.0024189361771384216 0.0080499613046714109 0.0040074152058589664 0.002260238963228303 0.0011745205678888131 0.0051749964484703558
leaf_weight=1352.693625215441 68.356518348678946 557.69670582003891 3408.5464298501611 1483.5405472293496 900.40621954761446 544.1979816891253 216.65303827449679 4045.6893301811069 2017.972109420225 2301.3786457143724 1731.7216859273612 2680.4594597537071 418.88320387341082 133.74068403057754
leaf_count=6612 1023 4906 21362 13918 5166 2983 1206 27630 12176 11391 8046 13542 2668 818
internal_value=-2.82633e-06 -0.000391272 -0.00164473 -0.00306141 -0.00898936 0.00169092 0.00304969 -0.00115608 0.00295779 0.00611531 0.000551712 0.00164723 -0.00579352 -0.00997142
internal_weight=21861.9 20509.2 12803.7 9838.18 2383.95 7705.59 2965.47 7454.24 6595.27 2845.58 3749.69 2748.82 1110.32 691.437
internal_count=133447 126835 83847 68076 19084 42988 15771 48992 34596 14374 20222 14565 8392 5724
is_linear=0
shrinkage=0.035


Tree=136
num_leaves=15
num_cat=0
split_feature=17 4 20 23 8 17 29 33 1 8 23 20 21 24
split_gain=42.7197 39.1644 42.4574 81.0411 43.1317 33.435 33.1165 68.3853 67.155 51.8491 32.422 32.0377 31.1329 30.1732
threshold=0.018686083145439628 -0.016146601177752015 -0.074349697679281221 0.3174744993448258 -0.38838881254196161 0.051331456750631339 3.6500000000000008 -0.05292729236343368 0.23321338742971423 -0.29703433811664576 0.12680740654468539 -0.024338525719940659 0.039285084232687957 0.034418866038322456
decision_type=8 2 2 2 2 8 2 2 2 2 2 2 2 2
left_child=-1 2 3 5 13 -2 9 8 -8 10 -3 -9 -6 -4
right_child=1 6 4 -5 12 -7 7 11 -10 -11 -12 -13 -14 -15
leaf_value=-0.014711765201751601 -0.022821420902251803 0.013985219653965934 0.0013926128979469428 0.00093715482001641723 -0.0011170658599008552 -0.0076070371902002623 -0.0098112374089579235 -0.0074475186170395455 0.0052089588728582359 0.00043849065581532277 0.0048160478344114821 0.0031495146216576706 -0.0078748467218402625 0.012976181262880051
leaf_weight=229.24157114513218 352.7734854221344 617.29369356483221 3320.8496997579932 788.36297306418419 3442.2601792160422 374.99664667248726 1377.8182152155787 375.62487279251218 487.39729992300272 3314.1652368418872 2002.8041606098413 3767.5210083276033 1094.5015271119773 290.79598972201347
leaf_count=4360 3888 3117 17646 5362 19566 2321 11455 2513 2480 19203 11347 21051 7738 1400
internal_value=-3.07818e-06 0.000159707 -0.00149588 -0.0068536 -0.000491813 -0.0151913 0.00149961 -0.000332297 -0.00587948 0.00335184 0.00702126 0.00217315 -0.00276113 0.00235853
internal_weight=21836.4 21607.2 9664.54 1516.13 8148.41 727.77 11942.6 6008.36 1865.22 5934.26 2620.1 4143.15 4536.76 3611.65
internal_count=133447 129087 57921 11571 46350 6209 71166 37499 13935 33667 14464 23564 27304 19046
is_linear=0
shrinkage=0.035


Tree=137
num_leaves=15
num_cat=0
split_feature=17 12 4 16 17 24 17 20 8 8 18 12 3 2
split_gain=40.3938 44.5776 56.1456 37.4221 48.0912 41.3319 34.4229 45.8026 35.7457 22.5252 20.8794 17.8649 17.1111 15.8362
threshold=0.10901262983679773 1.0598865151405337 0.096711289137601866 2.2534316778182988 0.03454850800335408 0.030182745307683948 0.059899806976318366 -0.074349697679281221 -0.31213590502738947 -0.12092293053865431 -0.023139380849897858 1.5721727609634402 0.014997116290032865 -0.010828548576682804
decision_type=8 2 2 2 10 2 8 2 2 2 2 2 2 2
left_child=1 6 3 4 -3 -5 7 10 -9 -4 -1 -11 13 -8
right_child=-2 2 9 5 -6 -7 12 8 -10 11 -12 -13 -14 -15
leaf_value=-0.01572344973879107 0.0091195146031969234 -0.010104791186960227 0.0068783804401680538 -0.0024654827135743925 -0.001141452198693837 -0.016064495430446028 0.004536671288677469 0.0027667330846630365 -0.0014397648045116761 -0.0033512077004068941 -0.0019223144756542361 0.011357626859101563 0.0024367995594518541 0.013975486731159323
leaf_weight=294.73268106207252 568.75057252496481 852.74819990061224 981.55550647526979 533.51041436940432 4910.0394902490079 561.77731512486935 512.25104676187038 5214.6441170629114 4692.8339777309448 651.38504600152373 245.69478399306536 109.49600297212601 1300.3154926300049 388.9921742528677
leaf_count=2589 2678 9253 4720 2796 28279 3098 2352 31289 32882 3074 2448 490 5756 1743
internal_value=-3.69347e-06 -0.000252049 -0.00219478 -0.00361953 -0.00248301 -0.00952271 0.00106952 0.000229611 0.000774816 0.00340158 -0.00959795 -0.00111463 0.00503643 0.00871929
internal_weight=21818.7 21250 8600.51 6858.08 5762.79 1095.29 12649.5 10447.9 9907.48 1742.44 540.427 760.881 2201.56 901.243
internal_count=133447 130769 51710 43426 37532 5894 79059 69208 64171 8284 5037 3564 9851 4095
is_linear=0
shrinkage=0.035


Tree=138
num_leaves=15
num_cat=0
split_feature=17 12 14 14 24 25 17 20 11 14 11 34 3 15
split_gain=40.0675 36.8426 58.0871 40.7413 30.8329 38.0531 30.6607 47.6649 29.8498 32.4574 21.1963 19.2389 19.1145 18.3732
threshold=0.018686083145439628 1.0598865151405337 2.4651577472686772 0.16859620809555056 0.030182745307683948 5.0700000000000012 0.049380812793970115 -0.074349697679281221 0.2101758345961571 0.39425264298915869 0.45844526588916784 -0.040110003302159407 0.30205217003822332 21.833479881286625
decision_type=8 2 2 2 2 2 8 2 2 2 2 2 2 2
left_child=12 3 8 4 13 -6 7 -5 -3 -10 11 -4 -1 -2
right_child=1 2 10 6 5 -7 -8 -9 9 -11 -12 -13 -14 -15
leaf_value=-0.016642916131646899 -0.0031933504209512996 -0.0087699514559318268 0.013319762931272768 -0.012381790115875918 -0.0001382438732121044 -0.017982981105338976 0.004527498625760398 0.0012867676656439808 -0.0083687263766831829 -0.0010815144575538485 0.012561252483263514 0.00098095532291814615 0.022041512363058312 0.0107591523705639
leaf_weight=217.75899600237608 355.76068430393934 952.08650857210159 162.69329197704792 316.53263510018587 254.49441680684686 335.11308557912707 3868.4068735465407 7291.6037878394127 864.83118684962392 5225.7305714413524 277.28164818882942 1515.3279253523797 8.3314450122416002 159.21908754482865
leaf_count=4264 1910 8938 802 3396 1287 1994 18235 48535 4750 29158 1291 8028 96 763
internal_value=-3.70241e-06 0.000153121 -0.00155597 0.00137572 -0.00501538 -0.0104114 0.00199467 0.000702588 -0.00303733 -0.00212829 0.00376793 0.00224909 -0.0143442 0.00124319
internal_weight=21805.2 21579.1 8997.95 12581.1 1104.59 589.608 11476.5 7608.14 7042.65 6090.56 1955.3 1678.02 226.09 514.98
internal_count=133447 129087 52967 76120 5954 3281 70166 51931 42846 33908 10121 8830 4360 2673
is_linear=0
shrinkage=0.035


Tree=139
num_leaves=15
num_cat=0
split_feature=19 5 16 24 28 33 28 8 8 8 4 23 15 25
split_gain=37.2449 52.6564 55.3431 39.0855 37.9745 35.4997 70.0996 61.8689 34.9751 29.0945 29.0853 25.8826 25.4938 30.8197
threshold=-0.14828812330961225 0.056641761213541038 1.7117123007774355 0.032575633376836784 -0.10326313031254751 -0.067435648233345621 -1.1401333311752746 -0.13144934177398679 -0.18846911191940305 -0.25219172239303583 -0.031769089400768273 0.10932076349854471 23.296597480773929 2.0050000000000003
decision_type=2 2 2 2 2 2 2 2 2 2 2 2 2 2
left_child=3 2 5 9 -4 6 -2 -7 12 10 -1 -12 13 -3
right_child=1 8 4 -5 -6 7 -8 -9 -10 -11 11 -13 -14 -15
leaf_value=-0.00048468592149317267 5.2955280705619058e-05 0.011900785101406788 -0.013814066834841468 0.010868329329929195 -0.00177289554399306 0.001360076461058212 -0.0096837371403265624 -0.01301258900620968 -0.00060513010761060896 -0.011130670670845402 0.011667599295279385 0.0021659941839543098 0.0098813657694600161 0.00076493670470945531
leaf_weight=1985.1049567516893 2207.1315806563944 354.05080162361264 776.03755911998451 634.25324253365397 547.72467996552587 5541.4267887584865 1526.1402080208063 382.86087779141963 3515.9848870318383 200.5028468221426 582.08320346102118 877.6141525041312 792.03266019746661 1869.8566404879093
leaf_count=11237 14662 1739 5071 3344 2942 33072 14796 3302 18972 1496 3025 5137 3806 10846
internal_value=-3.78246e-06 -0.000719338 -0.00219874 0.00291934 -0.00888251 -0.00127436 -0.00394259 0.000410871 0.00176736 0.00151033 0.00227618 0.00600855 0.00452608 0.00258312
internal_weight=21792.8 17513.2 10981.3 4279.56 1323.76 9657.56 3733.27 5924.29 6531.92 3645.31 3444.8 1459.7 3015.94 2223.91
internal_count=133447 109208 73845 24239 8013 65832 29458 36374 35363 20895 19399 8162 16391 12585
is_linear=0
shrinkage=0.035


Tree=140
num_leaves=15
num_cat=0
split_feature=17 14 16 22 14 23 16 6 5 21 8 23 11 22
split_gain=37.7969 35.968 70.8808 51.5023 35.3582 33.6468 33.2761 34.4738 32.2547 29.826 29.1443 27.7291 25.8567 29.1859
threshold=0.030404319986701015 0.87335675954818737 1.9513427019119265 0.35542443394660955 0.24366132169961932 0.2161265313625336 0.88901999592781078 -0.048830002546310418 0.075860638171434416 -0.15558469295501706 -0.3194474577903747 0.14535007625818255 0.45844526588916784 0.11457107588648797
decision_type=8 2 2 2 2 2 2 2 2 2 2 2 2 2
left_child=5 2 3 4 -2 6 7 11 -4 -3 -5 -1 13 -11
right_child=1 9 8 10 -6 -7 -8 -9 -10 12 -12 -13 -14 -15
leaf_value=0.0079705278685313959 -0.007326802616036597 0.0122636814017919 -0.014084456904131647 0.0063542932685648531 -0.00058370943014373331 -0.016995528818921361 -0.0077132731607653894 -0.006242344282400481 -0.00061314157590281241 -0.011567790399731466 0.00043133424754143756 -0.0043625651858211099 0.0067965552709670658 0.0014668876411938314
leaf_weight=725.30433088168502 1186.9216144829988 344.87933155894279 655.90815236791968 1873.3615726046264 4676.9152077548206 207.99058974348009 983.40604509226978 595.82723150402308 324.89409583434463 207.69181384146214 2217.4779687337577 313.15573130734265 1108.7673739343882 6355.8855652585626
leaf_count=5383 6775 1750 3806 9083 28179 2904 11630 5465 1605 1659 11371 2958 5104 35775
internal_value=-3.84815e-06 0.000559743 -0.000745648 0.000142786 -0.00195875 -0.00377266 -0.00266135 0.000406981 -0.00967326 0.002339 0.00315258 0.00424525 0.0018775 0.00103746
internal_weight=21778.4 18952.7 10935.5 9954.68 5863.84 2825.68 2617.69 1634.29 980.802 8017.22 4090.84 1038.46 7672.34 6563.58
internal_count=133447 105107 60819 55408 34954 28340 25436 13806 5411 44288 20454 8341 42538 37434
is_linear=0
shrinkage=0.035


Tree=141
num_leaves=15
num_cat=0
split_feature=17 23 3 26 28 23 15 14 17 16 2 33 19 3
split_gain=36.8097 36.4197 60.624 44.9783 55.4341 53.5837 50.7687 35.0493 28.6304 22.8777 19.6384 19.4623 19.6124 18.5426
threshold=0.018686083145439628 0.090554408729076399 1.0000000180025095e-35 -1.3799999999999999 -0.10326313031254751 0.20977428555488589 24.215823173522953 1.9815649390220644 0.035863010212779052 0.81119295954704296 0.71570083498954784 -0.05292729236343368 0.073978632688522353 0.30205217003822332
decision_type=8 2 2 2 2 2 2 2 8 2 2 2 2 2
left_child=13 2 11 6 5 -5 9 -6 -4 -3 -8 12 -2 -1
right_child=1 3 8 4 7 -7 10 -9 -10 -11 -12 -13 -14 -15
leaf_value=-0.016188897783678678 -0.0016437940591356587 0.0057162138907301202 -0.0093609445808005391 -0.0018115906346792417 0.00028426361448678598 -0.0091198414069479736 0.026799584968719502 0.0081282548752178666 0.001311015288787966 -0.00053487545144018783 0.0045894152410028864 0.010506513638065844 0.012060192743563592 0.021847624713054251
leaf_weight=213.54331082850695 405.10684156417847 1221.957275737077 406.88436239399016 7578.8565124161541 5217.9916063230485 1458.8524393197149 138.35354349762201 795.69118095748127 1171.2625072002411 1712.7541198395193 79.829037934541702 1181.4421942420304 175.68010743707418 8.3707127757370454
leaf_count=4264 2600 6107 2796 50555 29346 10991 746 4121 5427 9014 431 6015 938 96
internal_value=-4.42279e-06 0.000144806 0.00349845 -0.000472149 -0.00126871 -0.00300005 0.00332251 0.0013339 -0.00148209 0.00207853 0.0192305 0.00794191 0.00263545 -0.0138739
internal_weight=21766.6 21544.7 3340.38 18204.3 15051.4 9037.71 3152.89 6013.68 1578.15 2934.71 218.183 1762.23 580.787 221.914
internal_count=133447 129087 17776 111311 95013 61546 16298 33467 8223 15121 1177 9553 3538 4360
is_linear=0
shrinkage=0.035


Tree=142
num_leaves=15
num_cat=0
split_feature=17 12 4 11 34 14 2 3 3 3 8 22 25 31
split_gain=36.0725 39.6538 47.7493 44.1787 36.8112 34.9599 37.9294 29.5895 34.7889 27.4529 27.2092 26.8742 20.8875 19.4517
threshold=0.10901262983679773 1.0048206448554995 0.069821909070014967 0.20489888638257983 -0.038291429902634559 0.21998423337936404 0.075954031199216857 -0.12998951226472852 0.76103645563125621 -0.28090995550155634 -0.18846911191940305 0.17287103831768039 2.0050000000000003 0.0024204354616306216
decision_type=8 2 2 2 2 2 2 2 2 2 2 2 2 2
left_child=1 5 3 -3 -5 6 9 11 -9 -1 12 -7 -4 -12
right_child=-2 2 10 4 -6 7 -8 8 -10 -11 13 -13 -14 -15
leaf_value=0.0012937140687122302 0.0086397520754290004 -0.010284287696666431 0.014903333550338536 0.0035334565278273746 -0.0034497553443845076 -0.002039835915357802 0.0027911141324469609 -0.0010714599850562905 0.0061610195997006201 -0.011386922809108935 0.0034739055596262653 0.0054185624052723392 0.0036280711368338074 -0.0051164525397987418
leaf_weight=291.03666534274817 565.85270896553993 951.52132144197822 246.76168264448643 1112.3599274978042 5273.9653001874685 704.92143006622791 703.5869165379554 4388.6978427190334 989.92980166524649 716.46182993985713 576.71888591907918 3534.8878989759833 984.30755662545562 709.19403722696006
leaf_count=1533 2678 10360 1193 5289 31953 4826 3420 29320 4670 4371 2811 22437 5012 3574
internal_value=-3.53774e-06 -0.000238375 -0.00186102 -0.00328683 -0.00222981 0.00117346 -0.00342284 0.00199383 0.000268632 -0.00774715 0.00229226 0.00417663 0.00599002 -0.00126669
internal_weight=21750.2 21184.4 9854.83 7337.85 6386.33 11329.5 1711.09 9618.44 5378.63 1007.5 2516.98 4239.81 1231.07 1285.91
internal_count=133447 130769 60192 47602 37242 70577 9324 61253 33990 5904 12590 27263 6205 6385
is_linear=0
shrinkage=0.035


Tree=143
num_leaves=15
num_cat=0
split_feature=17 19 3 16 20 15 12 14 14 16 27 23 5 28
split_gain=35.2396 45.7445 51.7845 34.006 41.0232 30.3804 31.9397 33.6211 26.3462 43.5247 24.9251 24.3684 23.0591 29.1319
threshold=0.039925772696733482 -0.033364074304699891 1.2708510756492617 0.81119295954704296 -0.074349697679281221 22.169493675231937 1.1810039281845095 1.9815649390220644 0.87335675954818737 1.2192629575729372 3.1990493766947408 0.20977428555488589 0.069229755550622954 1.0000000180025095e-35
decision_type=8 2 2 2 2 2 2 2 2 2 2 2 2 2
left_child=1 3 12 4 -1 8 -7 -8 9 11 -6 -2 13 -3
right_child=5 2 -4 -5 10 6 7 -9 -10 -11 -12 -13 -14 -15
leaf_value=-0.020347677736365664 0.0020424997545206883 -0.010831312379334454 0.037276524062186019 -0.0031635427727022105 0.011321389659180597 0.004764256882629111 -0.0029807150726292014 0.004693782536847468 0.0020338492116859152 -0.0082929803824557842 0.0022242108050359705 -0.0038572725898848824 -0.00041871343481504175 -0.0029068797692134284
leaf_weight=77.400902256369591 2151.9241382926702 1303.203165339306 24.975350350141525 1809.8095595892519 457.17678502388299 3892.3010077774525 1828.9958484619856 1118.318908341229 2992.9837832003832 1079.6630332171917 1791.6744583360851 1411.5869998931885 778.39760337397456 1018.9915402345359
leaf_count=983 10935 14201 141 15687 2727 18831 9067 5262 16164 6157 12253 8171 6289 6579
internal_value=-3.25601e-06 -0.00199134 -0.00517968 0.000424727 0.00321797 0.000994732 0.00268718 -6.27052e-05 -0.000522701 -0.00217148 0.00411554 -0.000298787 -0.0056404 -0.0073814
internal_weight=21737.4 7261.63 3125.57 4136.06 2326.25 14475.8 6839.62 2947.31 7636.16 4643.17 2248.85 3563.51 3100.59 2322.19
internal_count=133447 58860 27210 31650 15963 74587 33160 14329 41427 25263 14980 19106 27069 20780
is_linear=0
shrinkage=0.035


Tree=144
num_leaves=15
num_cat=0
split_feature=17 15 8 26 23 15 30 12 3 21 0 3 24 24
split_gain=34.4172 34.8342 45.6907 42.329 48.9671 38.5118 34.8646 29.6457 29.3049 28.9433 26.8421 25.5467 23.1666 16.5798
threshold=0.024444070644676689 20.961079597473148 -0.47466564178466791 -1.3799999999999999 0.090554408729076399 24.215823173522953 -0.14999999999999988 0.90056753158569347 -0.17611821740865705 -0.024931080639362332 -0.13749265670776364 0.76103645563125621 0.030431357212364677 0.030079266056418422
decision_type=8 2 2 2 2 2 2 2 2 2 2 2 2 2
left_child=7 8 6 5 -5 -4 10 13 -2 11 -3 -10 -8 -1
right_child=1 2 3 4 -6 -7 12 -9 9 -11 -12 -13 -14 -15
leaf_value=0.0022481851986168376 0.00025471693354706446 0.0009117241186525376 0.0031839489653589059 0.0042333401717944193 -0.0018605557099840514 0.01899251700781043 -0.00040521506991061956 -0.014697033429847198 -0.011319541582012316 -0.002073746659973189 0.017070237459455 0.014372356064828333 0.0065210490372865706 -0.0094454951482231975
leaf_weight=412.93940771557391 2960.8252829536796 177.82545377314091 1790.7567421831191 1991.9123068787158 8357.2842574603856 202.06315318122506 1170.6087205298245 334.05377441085875 839.77293191850185 1610.2118370570242 431.57278338074684 41.87972778826952 1183.642374034971 219.53818577900529
leaf_count=3939 18330 968 8766 10058 49741 1060 6300 5522 6097 10587 2169 226 6065 3619
internal_value=-3.12474e-06 0.000298816 0.00115454 0.000216006 -0.000684708 0.00487369 0.00504915 -0.0064246 -0.00210091 -0.00488968 0.0124459 -0.00995164 0.00308994 -0.00189463
internal_weight=21724.9 20758.4 15305.7 12342 10349.2 1992.82 2963.65 966.531 5452.69 2491.86 609.398 881.653 2354.25 632.478
internal_count=133447 120367 85127 69625 59799 9826 15502 13080 35240 16910 3137 6323 12365 7558
is_linear=0
shrinkage=0.035


Tree=145
num_leaves=15
num_cat=0
split_feature=17 28 20 24 23 34 22 3 18 1 14 22 0 20
split_gain=33.3213 33.8252 63.51 46.8396 49.528 45.9109 51.9849 51.5082 51.4474 43.9716 32.6488 24.9485 51.0244 39.0569
threshold=0.018686083145439628 -0.10326313031254751 -0.024338525719940659 0.03199290111660958 0.18469519913196566 -0.034402338185120167 0.18286002427339557 1.0000000180025095e-35 0.057877942919731147 -0.10385508462786673 0.35224384069442755 0.20599824935197833 -0.029378334060311314 -0.053139906376600259
decision_type=8 2 2 2 2 2 2 2 2 2 2 2 2 2
left_child=-1 2 11 4 -4 10 8 -8 -7 -5 -3 12 -2 -13
right_child=1 5 3 9 -6 6 7 -9 -10 -11 -12 13 -14 -15
leaf_value=-0.013335947291425733 -0.018534998591841819 -0.025516119567136699 0.00026670690083644094 0.011290648753352348 -0.0067606502795095847 -0.0034546852958204232 0.0083894344441442885 0.00051251823772563128 0.0065611360178414336 0.0014602201379526997 -0.0036118167159335593 0.0040980451961008446 0.00090806632324132131 -0.0065954388737179369
leaf_weight=217.20506116934121 435.0033530946821 91.951920580118895 6506.2977677229792 765.85641345381737 1504.3780104797333 2283.7274914719164 2524.7216250617057 1700.6312758438289 855.3165641464293 1992.9204562269151 483.83267857134342 568.1519681904465 261.66656565852463 1519.809936882928
leaf_count=4360 3972 527 40217 3920 11312 13475 12865 8684 4709 10946 3080 3927 2064 9389
internal_value=-2.65237e-06 0.000138223 -0.000924318 0.000295413 -0.00105979 0.00195089 0.00269784 0.00522781 -0.000713438 0.00422014 -0.00748577 -0.00562576 -0.0113227 -0.00367999
internal_weight=21711.5 21494.3 13554.1 10769.5 8010.68 7940.18 7364.4 4225.35 3139.04 2758.78 575.785 2784.63 696.67 2087.96
internal_count=133447 129087 85747 66395 51529 43340 39733 21549 18184 14866 3607 19352 6036 13316
is_linear=0
shrinkage=0.035


Tree=146
num_leaves=15
num_cat=0
split_feature=17 12 4 11 14 2 3 3 1 3 14 8 22 12
split_gain=33.156 36.4474 42.6795 37.2642 32.1479 34.9574 26.9002 30.7643 25.8703 25.4317 24.0128 21.3193 16.9256 16.5108
threshold=0.10901262983679773 1.0048206448554995 0.096711289137601866 0.20489888638257983 0.21998423337936404 0.075954031199216857 -0.12998951226472852 0.76103645563125621 0.28894124925136572 -0.28090995550155634 0.39425264298915869 -0.12092293053865431 0.37421594560146337 1.5721727609634402
decision_type=8 2 2 2 2 2 2 2 2 2 2 2 2 2
left_child=1 4 3 -3 5 9 8 -8 -6 -1 -5 -4 -7 -13
right_child=-2 2 11 10 6 12 7 -9 -10 -11 -12 13 -14 -15
leaf_value=0.0012444127650883153 0.0082977856482935996 -0.0089996274171781493 0.0062413981884059076 -0.0069261075163379602 0.0033474174446459976 -0.0027663766422992304 -0.00099792444818179449 0.005805743778238507 0.015727666001197075 -0.010978839457331599 -0.0011012035176263411 -0.0032916990202554713 0.0079626667362944822 0.010797606181392657
leaf_weight=290.58871937915683 563.8271578848362 1054.7448692321777 1050.2933591790497 1007.5464137792587 4026.2906613945961 348.93453472293913 4377.3177877571434 989.65745215862989 209.08327668905258 711.65211160853505 5900.450034847483 700.98737931251526 354.02391643822193 109.04452550411224
leaf_count=1533 2678 11286 5091 5673 26232 1763 29320 4670 1031 4371 34332 3320 1657 490
internal_value=-3.46176e-06 -0.000228784 -0.00178742 -0.00290221 0.00112561 -0.00329011 0.00191237 0.00026512 0.00399419 -0.00745756 -0.00195956 0.00297422 0.00267288 -0.00128649
internal_weight=21694.4 21130.6 9823.07 7962.74 11307.5 1705.2 9602.35 5366.98 4235.37 1002.24 6908 1860.33 702.958 810.032
internal_count=133447 130769 60192 51291 70577 9324 61253 33990 27263 5904 40005 8901 3420 3810
is_linear=0
shrinkage=0.035


Tree=147
num_leaves=15
num_cat=0
split_feature=17 6 28 8 15 16 14 17 8 0 23 15 29 3
split_gain=32.1977 34.171 45.8739 36.9112 33.4441 37.3932 38.8411 36.393 29.7297 41.3102 29.5592 28.6668 26.237 27.6049
threshold=0.028147075325250629 0.21102003008127215 -0.95208326663631604 -0.14175739884376523 21.177303314208988 1.5822800397872927 0.39425264298915869 0.064970862120389952 -0.16164448112249372 -0.049522288143634789 0.13294924795627597 23.410598754882816 3.8500000000000001 -0.17611821740865705
decision_type=8 2 2 2 2 2 2 8 2 2 2 2 2 2
left_child=1 3 -3 10 12 8 -7 -8 9 -6 -1 -10 13 -2
right_child=4 2 -4 -5 5 6 7 -9 11 -11 -12 -13 -14 -15
leaf_value=0.0005763964879614646 -0.00017549252436313182 0.050371799221647078 -0.011133921020737653 -0.016444698465842428 0.0010285057621309292 -0.011499039251735328 -0.0039261509014942991 0.0029235317631227369 0.00158274488611612 0.0062707330904142574 -0.00919682085615715 -0.0076088016982900014 0.0058580751062883782 -0.0050708395550474175
leaf_weight=1050.388699118048 3124.8654352054 22.093461744487286 22.136534169316292 284.10072171315551 3687.6301748044789 405.40177027136087 1749.2151893228292 2056.2533596009016 1365.7366908527911 3677.5973531864583 582.23413559608161 585.9675111323595 506.07224935665727 2564.082517940551
leaf_count=9319 18926 144 166 4671 20365 2190 9906 9414 7618 20521 7500 3136 2760 16811
internal_value=-3.03652e-06 -0.00426853 0.0232122 -0.00501985 0.000423011 0.00139808 -0.00133691 -0.00022702 0.00263429 0.003651 -0.00294375 -0.00120159 -0.00170503 -0.00238692
internal_weight=21683.8 1960.95 44.23 1916.72 19722.8 13527.8 4210.87 3805.47 9316.93 7365.23 1632.62 1951.7 6195.02 5688.95
internal_count=133447 21800 310 21490 111647 73150 21510 19320 51640 40886 16819 10754 38497 35737
is_linear=0
shrinkage=0.035


Tree=148
num_leaves=15
num_cat=0
split_feature=19 4 24 2 11 22 14 8 4 6 12 22 16 14
split_gain=31.7839 39.2933 34.3705 39.428 35.8646 32.4256 27.2199 33.7189 27.9137 24.8051 23.3322 23.1036 18.8822 18.2199
threshold=-0.27033786475658411 -0.016146601177752015 0.027267058379948143 0.71570083498954784 0.36250992119312292 0.19535173475742343 0.266629308462143 -0.12092293053865431 0.19180164486169818 0.10284747928380968 0.65851253271102916 0.40473736822605139 0.4496185183525086 0.43530112504959112
decision_type=2 2 2 2 2 2 2 2 2 2 2 2 2 2
left_child=10 2 4 5 -2 -4 11 8 -8 -9 13 -3 -12 -1
right_child=1 6 3 -5 -6 -7 7 9 -10 -11 12 -13 -14 -15
leaf_value=0.0026610565242960443 -0.001603056620693146 -0.0090939649439080363 -0.0073422086722382159 0.007932937649111408 0.012655356473929834 -0.0020639140843147223 0.0020592728507932249 -0.011055555783924581 0.011416312313882029 -0.00072888153275955567 0.017840080051948742 0.0056272876215991982 0.0054113325918321298 -0.014966819031926412
leaf_weight=210.13139630481601 508.13434080965817 541.15513890422881 1925.0327695459127 383.50727513432503 363.52802467346191 5468.8076612073928 7802.2110823914409 312.63811212964356 401.91114551573992 2454.5869222693145 176.12145064771175 163.64708088710904 865.88503120467067 97.3238889798522
leaf_count=1015 2810 3308 14327 1721 1895 33537 49782 3767 1864 13011 905 813 4214 478
internal_value=-3.03299e-06 -0.000349414 -0.00213616 -0.00287563 0.00441953 -0.00344621 0.000974797 0.0014048 0.002531 -0.00193119 0.00517823 -0.00564495 0.00766167 -0.00321467
internal_weight=21674.6 20325.2 8649.01 7777.35 871.662 7393.84 11676.1 10971.3 8204.12 2767.23 1349.46 704.802 1042.01 307.455
internal_count=133447 126835 54290 49585 4705 47864 72545 68424 51646 16778 6612 4121 5119 1493
is_linear=0
shrinkage=0.035


Tree=149
num_leaves=15
num_cat=0
split_feature=19 19 3 25 22 8 4 3 8 22 25 11 3 7
split_gain=30.5354 41.4499 54.0996 48.9683 89.802 39.162 36.0141 34.7867 28.0141 31.2654 20.9723 19.7269 19.5893 19.4298
threshold=-0.14828812330961225 0.15146018564701083 0.45423644781112676 1.4450000000000001 0.37421594560146337 -0.20490381866693494 -0.031769089400768273 -0.4417706280946731 -0.25219172239303583 0.48898293077945715 4.4500000000000011 0.5794368088245393 0.17442391067743304 -0.22378561645746228
decision_type=2 2 2 2 2 2 2 2 2 2 2 2 2 2
left_child=8 2 3 7 -5 13 -4 -2 9 -1 -11 12 -7 -3
right_child=1 5 6 4 -6 11 -8 -9 -10 10 -12 -13 -14 -15
leaf_value=0.0024637740908872098 0.011413846387661714 0.0011380232590869545 -0.00095670252091540242 -0.007247472812820138 0.00012432806567798656 0.0015513422189506406 0.01173503422826906 -6.292289927631359e-05 -0.0089930985691952167 -0.0063426699079193955 0.018402813322367866 0.014197741556115202 -0.0039797800073132911 0.0079421679035734417
leaf_weight=3755.1747867614031 365.10235847905278 815.82655223459005 526.71565802767873 4453.3406835719943 3703.7746751327068 1636.7695247381926 557.43686332553625 2352.1764292679727 229.86572166346014 45.317564602941275 237.42373697459698 96.967202931642532 1489.2344380561262 1397.821927472949
leaf_count=21153 1847 3742 2711 38351 23779 8642 2831 12415 1698 236 1152 492 7279 7119
internal_value=-2.69913e-06 -0.000653848 -0.00180541 -0.00254984 -0.00390422 0.00187781 0.0056166 0.00151533 0.00264666 0.00332985 0.0143554 -0.0005856 -0.00108798 0.00545094
internal_weight=21662.9 17395.2 11958.5 10874.4 8157.12 5436.62 1084.15 2717.28 4267.78 4037.92 282.741 3222.97 3126 2213.65
internal_count=133447 109208 81934 76392 62130 27274 5542 14262 24239 22541 1388 16413 15921 10861
is_linear=0
shrinkage=0.035


Tree=150
num_leaves=15
num_cat=0
split_feature=17 28 20 33 26 23 15 22 3 17 22 0 20 17
split_gain=30.1675 30.9038 57.3803 51.2263 46.6956 47.6021 34.9106 34.844 47.4349 36.6739 23.5335 47.5844 37.0314 19.5957
threshold=0.018686083145439628 -0.10326313031254751 -0.024338525719940659 -0.067435648233345621 -1.2850000000000001 0.18469519913196566 24.01639556884766 0.18286002427339557 1.0000000180025095e-35 0.064970862120389952 0.20599824935197833 -0.029378334060311314 -0.053139906376600259 0.067068245261907591
decision_type=8 2 2 2 2 2 2 2 2 8 2 2 2 8
left_child=-1 2 10 13 6 -6 -4 9 -9 -5 11 -2 -12 -3
right_child=1 3 4 7 5 -7 -8 8 -10 -11 12 -13 -14 -15
leaf_value=-0.01281494764624635 -0.018001586873218994 -0.0078667988147602137 0.0032739603027400017 -0.0024118634787470661 0.00028224292583556342 -0.0065832766476726428 0.018222247499830067 0.0080278068702716206 0.00046099792506908903 0.0078167732688729091 0.0040947175220720422 0.0008490557812257341 -0.0063300402693820456 0.0017855873232349535
leaf_weight=212.78842577151954 427.2072941083461 807.5663000009954 2144.9475347157568 1984.2030234672129 6907.5892383828759 1496.8440681714565 201.19051752984524 2517.2875694409013 1698.0037430971861 537.23163144290447 567.10035297088325 261.15724312327802 1513.22265942581 371.53798706829548
leaf_count=4360 3972 6840 11016 10698 42991 11312 1076 12865 8684 2508 3927 2064 9389 1745
internal_value=-2.06515e-06 0.000131046 -0.000885721 0.00186648 0.000272852 -0.000946889 0.00462773 0.003045 0.00498805 -0.000210221 -0.00536915 -0.0109401 -0.00348224 -0.00483588
internal_weight=21647.9 21435.1 13519.3 7915.83 10750.6 8404.43 2346.14 6736.73 4215.29 2521.43 2768.69 688.365 2080.32 1179.1
internal_count=133447 129087 85747 43340 66395 54303 12092 34755 21549 13206 19352 6036 13316 8585
is_linear=0
shrinkage=0.035


Tree=151
num_leaves=15
num_cat=0
split_feature=17 16 22 25 15 6 31 16 18 10 24 3 15 22
split_gain=30.2323 33.8424 30.601 48.4446 44.1876 36.4559 46.7206 28.3951 59.8896 34.4418 40.8695 31.6881 31.7941 28.1735
threshold=0.03454850800335408 0.86949637532234203 0.35542443394660955 1.4450000000000001 21.122202873229984 -0.035788904875516885 0.0066205494171276422 1.8653149008750918 0.16087110340595248 0.92955327033996593 0.028936692513525489 -0.17611821740865705 20.961079597473148 0.18286002427339557
decision_type=8 2 2 2 2 2 2 2 2 2 2 2 2 2
left_child=1 2 3 -1 -5 6 -4 11 9 10 -9 13 -13 -2
right_child=7 -3 5 4 -6 -7 -8 8 -10 -11 -12 12 -14 -15
leaf_value=0.0031460508994425314 -0.00021343914346274732 -0.0060985583385537107 0.013584175556348646 -0.019154289838188551 -0.0010077427919487486 -0.002987652031629939 -0.004951795673514457 -0.00060086938232434218 0.0025862964142583677 0.0080447732073780937 -0.012072045427774724 -0.0042554308284269409 0.0011527127189849802 0.0054398113914023941
leaf_weight=610.10646843537688 1587.1057966537774 1892.0009460449219 578.82256903126836 334.93247412890196 316.27142891474068 593.24562387540936 226.23511772975326 588.11650736257434 1714.9113550521433 172.71676325798035 1073.2821600288153 1637.3310928493738 6938.8383928053081 3364.1743679046631
leaf_count=3264 9616 20283 3291 4353 3881 4246 2102 3366 7986 765 6233 9884 36265 17912
internal_value=-2.292e-06 -0.00253369 1.56372e-05 -0.00392103 -0.0104896 0.00356925 0.0083784 0.000673522 -0.00210894 -0.00648924 -0.00803927 0.00140454 0.000116456 0.00363092
internal_weight=21628.1 4551.61 2659.61 1261.31 651.204 1398.3 805.058 17076.5 3549.03 1834.12 1661.4 13527.4 8576.17 4951.28
internal_count=133447 41420 21137 11498 8234 9639 5393 92027 18350 10364 9599 73677 46149 27528
is_linear=0
shrinkage=0.035


Tree=152
num_leaves=15
num_cat=0
split_feature=17 12 4 16 17 22 14 24 25 8 20 5 2 15
split_gain=29.0207 33.4126 39.0731 31.0107 35.4685 34.7465 28.6549 27.7019 36.4166 24.3205 30.9465 23.6342 19.7633 16.5036
threshold=0.10901262983679773 1.0598865151405337 0.12849085777997973 2.0423907041549687 0.03454850800335408 0.39354364573955541 0.16859620809555056 0.030374678783118728 5.1000000000000005 -0.23681700229644773 -0.020915670320391651 0.062820624560117735 0.71570083498954784 22.030926704406742
decision_type=8 2 2 2 10 2 2 2 2 2 2 2 2 2
left_child=1 6 3 4 -3 -5 7 13 -9 10 -8 -11 -4 -1
right_child=-2 2 12 5 -6 -7 9 8 -10 11 -12 -13 -14 -15
leaf_value=-0.0024174087480744707 0.0077862802398264925 -0.0082864705296228289 0.0057672788021050411 -0.010394121048195013 -0.00044657356778865466 0.0003490441299718168 -0.0012330399136582018 -0.00081103272576779639 -0.018684032989187006 -0.0033444795858137803 0.0038260494517631262 0.0023409237474974727 -0.0055724959967259902 0.011308074542088807
leaf_weight=400.26645220443606 560.52780393511057 821.75579546950758 1041.5719706788659 1163.1585504803807 4718.2270796597004 536.95578804239631 1976.9305948503315 275.61574736610055 275.0736138317734 2082.3742778543383 5848.0988948214799 1556.8544698357582 220.94743900746107 135.4655042104423
leaf_count=2186 2678 9234 4856 6606 27321 2675 13075 1390 1739 16362 35038 8622 1018 647
internal_value=-2.6932e-06 -0.000213667 -0.00190648 -0.00289746 -0.00162232 -0.00701885 0.000933754 -0.00447348 -0.00991274 0.00144963 0.00254797 -0.000912526 0.00375456 0.00119684
internal_weight=21613.8 21053.3 8502.62 7240.1 5539.98 1700.11 12550.7 1086.42 550.689 11464.3 7825.03 3639.23 1262.52 535.732
internal_count=133447 130769 51710 45836 36555 9281 79059 5962 3129 73097 48113 24984 5874 2833
is_linear=0
shrinkage=0.035


Tree=153
num_leaves=15
num_cat=0
split_feature=17 22 1 3 16 23 12 23 12 4 7 17 15 3
split_gain=28.4671 41.379 47.6707 47.9192 34.9336 27.1426 28.9897 29.9475 26.2619 24.8086 24.0819 22.8474 21.9767 24.2942
threshold=0.039925772696733482 0.16723755002021792 -0.022948839701712128 1.2708510756492617 0.81119295954704296 0.078851927071809783 0.97815510630607616 0.39298018813133245 0.65851253271102916 0.19180164486169818 -0.034600144252181046 0.028147075325250629 20.41589450836182 -0.056497884914278977
decision_type=8 2 2 2 2 2 2 2 2 2 2 10 2 2
left_child=1 -1 4 10 8 -2 12 9 -3 -8 -4 -6 -7 -14
right_child=5 2 3 -5 11 6 7 -9 -10 -11 -12 -13 13 -15
leaf_value=-0.010936451847950182 0.0084276456256657233 -0.00060656416214691328 -0.0072546345161934121 0.036777732458503375 -0.0086664076216782081 -0.0042821968151532316 -0.0018383066701885421 0.0088466746246200073 0.0072806902314040021 0.0047854625879489967 -0.00010611981626799655 0.00025789537768159342 0.0062038982953299794 0.0012630381082277186
leaf_weight=550.11817626096308 553.09376287460327 820.34203840605915 1876.7162456549704 24.064812503755093 482.52997421845794 518.33388750627637 7114.8574433475733 371.43692909926176 1382.5609580911696 757.66454064100981 832.23667395114899 1224.6612763404846 2014.9345029629767 3080.3036573752761
leaf_count=5988 2474 5205 15981 130 5496 2790 38440 1842 9408 3494 8448 8204 10453 15094
internal_value=-3.02617e-06 -0.00179983 -0.00102792 -0.00456577 0.00145025 0.000894496 0.000587966 -0.000732932 0.00435408 -0.00119556 -0.00506696 -0.0023003 0.00252566 0.00322525
internal_weight=21603.9 7193.23 6643.11 2733.02 3910.09 14410.6 13857.5 8243.96 2202.9 7872.52 2708.95 1707.19 5613.57 5095.24
internal_count=133447 58860 52872 24559 28313 74587 72113 43776 14613 41934 24429 13700 28337 25547
is_linear=0
shrinkage=0.035


Tree=154
num_leaves=15
num_cat=0
split_feature=17 14 2 12 4 26 27 26 3 3 17 3 15 3
split_gain=27.7039 28.6586 39.7537 34.8331 32.5729 33.826 26.8226 25.1741 22.2214 28.7271 24.3924 21.207 21.0459 16.6597
threshold=0.022059926763176921 0.266629308462143 0.1305985897779465 0.97815510630607616 0.19180164486169818 -0.9750000000000002 8.2366869893135259 -1.0799999999999998 -0.015386282466351984 1.2708510756492617 0.059899806976318366 -0.24486392736434934 23.084407806396488 0.064090404659509673
decision_type=8 2 2 2 2 2 2 2 2 2 8 2 2 2
left_child=7 2 6 8 5 -5 11 -1 10 -10 -3 -2 -9 -4
right_child=1 3 13 4 -6 -7 -8 12 9 -11 -12 -13 -14 -15
leaf_value=-0.022841926446065686 -0.0021683605805330863 0.0031181556950752214 0.0096050025304384029 0.00094205062286334764 0.0059725607215419165 -0.0032395016020831421 0.0024274932036086588 -0.00020833280306588688 -0.00082539142130425285 0.008273947953840231 0.011198991896496103 -0.011078599960190593 -0.019921069080584233 -0.00058500445227843494
leaf_weight=99.816819937899709 496.69778046384454 3913.1717347055674 298.73944359645247 4534.2420043926686 824.39134201407433 4946.3401098493487 363.3386943936348 354.16178338043392 3177.8719518370926 480.42548222094774 511.26500693708658 982.73007882386446 71.70040163770318 537.92226765677333
leaf_count=2376 2595 25301 1477 25380 3828 32165 2163 5070 18702 2224 2317 6079 1274 2496
internal_value=-2.40388e-06 0.000197367 -0.00317747 0.000690602 -0.000658432 -0.00124072 -0.00603988 -0.00786265 0.00240922 0.000388876 0.00407508 -0.00812175 -0.00390818 0.00312392
internal_weight=21592.8 21067.1 2679.43 18387.7 10305 9480.58 1842.77 525.679 8082.73 3658.3 4424.44 1479.43 425.862 836.662
internal_count=133447 124727 14810 109917 61373 57545 10837 8720 48544 20926 27618 8674 6344 3973
is_linear=0
shrinkage=0.035


Tree=155
num_leaves=15
num_cat=0
split_feature=28 20 33 24 23 19 8 17 4 26 3 20 14 24
split_gain=27.8326 51.3198 47.0531 44.373 43.9043 41.9987 32.6192 43.0421 42.0447 34.4965 29.7749 23.4298 21.1794 21.0551
threshold=-0.10326313031254751 -0.024338525719940659 -0.067435648233345621 0.032575633376836784 0.18469519913196566 -0.099736429750919328 -0.20490381866693494 0.05033745430409909 -0.12512899190187451 1.8050000000000002 0.53318902850151073 -0.084638353437185274 1.1255403757095339 0.031601933762431152
decision_type=2 2 2 2 2 2 2 10 2 2 2 2 2 2
left_child=1 -1 13 4 -3 -5 8 12 11 -9 -6 -4 -8 -2
right_child=2 3 6 5 10 -7 7 9 -10 -11 -12 -13 -14 -15
leaf_value=-0.0052073894544780678 -0.0097243962414579176 0.00012567431296834781 -0.011737786662399014 0.011554915513624272 -0.0081883834849703855 0.0012745042178014432 -0.010460812565760294 0.0094268900985203831 0.005028376444332374 -0.011887320843972812 0.0072703088790039734 0.003653805221591238 0.00074679371516856276 -0.00039662349711725911
leaf_weight=2770.5740344971418 550.19339418970048 7050.4956735316664 294.39658562839031 695.92046923935413 1333.2786789238453 1577.8857170753181 587.41727721132338 484.73173067718744 4827.9736379440874 105.54656460136175 164.40349924564362 194.93603606522083 313.76550666056573 631.50867514126003
leaf_count=19897 3742 44468 2076 3697 10758 8904 3758 2194 24656 516 807 890 1929 5155
internal_value=-2.74713e-06 -0.000966208 0.00163535 0.000123396 -0.0010334 0.00445774 0.00275498 -0.00180986 0.00403638 0.0054812 -0.00645449 -0.00565584 -0.00659328 -0.00478474
internal_weight=21583 13592.6 7990.47 10822 8548.18 2273.81 6808.77 1491.46 5317.31 590.278 1497.68 489.333 901.183 1181.7
internal_count=133447 88531 44916 68634 56033 12601 36019 8397 27622 2710 11565 2966 5687 8897
is_linear=0
shrinkage=0.035


Tree=156
num_leaves=15
num_cat=0
split_feature=8 15 10 4 30 16 22 13 24 19 25 34 24 24
split_gain=27.1925 41.6382 35.3338 34.6321 29.9823 26.1282 26.625 21.7134 20.0545 18.299 23.5016 21.9762 16.9182 24.4703
threshold=-0.47466564178466791 20.810770988464359 1.2690767645835879 -0.016146601177752015 -0.29999999999999999 1.7117123007774355 0.19535173475742343 0.4142963588237763 0.028936692513525489 -0.13001906871795652 4.4500000000000011 -0.043440706874365291 0.026834268122911457 0.030431357212364677
decision_type=2 2 2 2 2 2 2 2 2 2 2 2 2 2
left_child=1 -1 3 5 7 6 -2 -3 -7 10 -5 -11 -6 -14
right_child=2 4 -4 9 12 8 -8 -9 -10 11 -12 -13 13 -15
leaf_value=-0.0027020938089668896 -0.0061366483891199192 0.0019698534797810835 0.011293903962292667 -0.0024635571640619883 0.01119542103577782 0.00024578201982467277 -0.00060231820594750407 0.019601921089927681 -0.011527727666114979 0.0079147470584812647 0.0087992800725540839 -0.00043406886315618218 -0.0010607279595569743 0.0057442983768625847
leaf_weight=1380.860234349966 1397.43945630081 131.91514699161053 288.01592025905848 340.79337726719677 287.7315706834197 241.88055241294205 4385.9001692477614 246.91973830759525 648.8783158287406 394.36394711583853 648.36246397346258 8599.5611339062452 1282.8661120031029 1291.2159393765032
leaf_count=8161 10112 643 1421 2481 1577 1318 27979 1143 3696 2133 3636 55289 7126 6732
internal_value=-3.07356e-06 0.00237371 -0.000652318 -0.00086553 0.0045382 -0.00281536 -0.00194787 0.0136708 -0.00836346 0.000439525 0.00493308 -5.96078e-05 0.00328588 0.00236184
internal_weight=21566.7 4621.51 16945.2 16657.2 3240.65 6674.1 5783.34 378.835 890.759 9983.08 989.156 8993.93 2861.81 2574.08
internal_count=133447 25382 108065 106644 17221 43105 38091 1786 5014 63539 6117 57422 15435 13858
is_linear=0
shrinkage=0.035


Tree=157
num_leaves=15
num_cat=0
split_feature=17 28 20 33 24 23 19 4 8 11 22 4 20 19
split_gain=26.5649 27.6571 47.5678 43.6222 39.9678 41.5582 38.2261 30.9796 35.1241 23.0638 21.9481 45.3457 34.8492 18.9442
threshold=0.018686083145439628 -0.10326313031254751 -0.024338525719940659 -0.067435648233345621 0.032575633376836784 0.18469519913196566 -0.15823210030794141 -0.12512899190187451 -0.20490381866693494 0.42290617525577551 0.20599824935197833 -0.016146601177752015 -0.053139906376600259 0.073978632688522353
decision_type=8 2 2 2 2 2 2 2 2 2 2 2 2 2
left_child=-1 2 10 13 5 -4 -6 9 -9 -5 11 -2 -12 -3
right_child=1 3 4 7 6 -7 -8 8 -10 -11 12 -13 -14 -15
leaf_value=-0.01217194152428213 -0.017262403020497922 -0.0076846030615951482 0.00024017329600531818 -0.013234214631330527 0.013577885000893474 -0.0061920741345180387 0.0020908809934715371 0.0049700097644045475 -0.0012404179511487892 0.0017725735461285731 0.0042347917910232269 0.0013057002103212068 -0.0058984902961872476 0.0016032721446883013
leaf_weight=207.51520586945117 423.01946349442005 759.49604932405055 6981.9383927211165 234.45335236564279 431.91730105131865 1483.529608419165 1829.0398592799902 4771.7239908482879 1450.4981877505779 253.46379689872265 564.97632850147784 254.47084970399737 1503.6604980509728 409.01669717021286
leaf_count=4360 4011 6000 42833 1734 2129 11312 10121 24085 7696 1240 3927 2025 9389 2585
internal_value=-2.3138e-06 0.000121607 -0.000841554 0.0017676 0.000212058 -0.000893021 0.0043354 0.00285492 0.00352259 -0.00555944 -0.00494282 -0.0103705 -0.00312388 -0.00444753
internal_weight=21558.7 21351.2 13472.6 7878.65 10726.4 8465.47 2260.96 6710.14 6222.22 487.917 2746.13 677.49 2068.64 1168.51
internal_count=133447 129087 85747 43340 66395 54145 12250 34755 31781 2974 19352 6036 13316 8585
is_linear=0
shrinkage=0.035


Tree=158
num_leaves=15
num_cat=0
split_feature=17 22 1 3 16 10 23 16 18 17 34 7 0 17
split_gain=26.9621 37.3956 42.1036 44.7765 32.5555 26.3352 24.2028 27.5824 43.1334 36.3739 26.0017 22.7821 22.3636 26.7354
threshold=0.039925772696733482 0.16723755002021792 -0.022948839701712128 1.2708510756492617 0.81119295954704296 0.33893714845180517 0.078851927071809783 2.0423907041549687 0.18117610365152362 0.10901262983679773 -0.036793507707299659 -0.034600144252181046 -0.19097664952278134 0.07202750071883203
decision_type=8 2 2 2 2 2 2 2 2 8 2 2 2 8
left_child=1 -1 4 11 5 -3 -2 12 9 -9 -10 -4 -8 -14
right_child=6 2 3 -5 -6 -7 7 8 10 -11 -12 -13 13 -15
leaf_value=-0.010502156928207275 0.0079936682571118186 0.011037866348251119 -0.0069850922174310272 0.035399104560698544 -0.0023229391610881103 0.0019883089808759957 -0.0028854279456472054 -0.008808415733301064 0.012595507487965609 0.01299701277585431 -0.00043210353221513062 -2.0418415692715357e-05 0.001078289772675538 0.0059144742983340765
leaf_weight=542.75433586351573 551.69402035325766 505.61789009347558 1865.4144863914698 24.410724371671677 1702.0968639142811 1696.5729182753712 1349.7306456007063 1201.9516995809972 218.62536334991455 92.82281793653965 1044.4514954611659 830.04775548540056 8236.52155033499 1678.9378380179405
leaf_count=5988 2474 4366 15981 130 13700 10247 7338 6756 1068 425 4767 8448 44205 7554
internal_value=-2.95733e-06 -0.00175517 -0.00102373 -0.00435881 0.00130481 0.00410657 0.000871267 0.00058143 -0.0026929 -0.00715755 0.00190406 -0.00484838 0.00132662 0.00190231
internal_weight=21541.7 7166.91 6624.16 2719.87 3904.29 2202.19 14374.7 13823 2557.85 1294.77 1263.08 2695.46 11265.2 9915.46
internal_count=133447 58860 52872 24559 28313 14613 74587 72113 13016 7181 5835 24429 59097 51759
is_linear=0
shrinkage=0.035


Tree=159
num_leaves=15
num_cat=0
split_feature=17 6 28 8 15 16 10 14 23 8 4 15 28 14
split_gain=25.9899 32.0427 41.438 31.184 28.1813 32.4311 36.9413 31.662 25.5042 24.8076 28.8598 27.9691 23.6411 23.3323
threshold=0.028147075325250629 0.21102003008127215 -0.95208326663631604 -0.14175739884376523 21.177303314208988 1.5822800397872927 0.47431023418903356 0.39425264298915869 0.13294924795627597 -0.16164448112249372 -0.031769089400768273 23.410598754882816 -0.20349242140922372 1.0134862065315249
decision_type=8 2 2 2 2 2 2 2 2 2 2 2 2 2
left_child=1 3 -3 8 -2 9 13 -8 -1 10 -6 -11 -10 -7
right_child=4 2 -4 -5 5 6 7 -9 12 11 -12 -13 -14 -15
leaf_value=0.00055313392304542669 -0.0015818514240114178 0.047982236918618928 -0.010545908180871954 -0.01535238388942127 0.0010842932765748276 -0.014347286767332365 -0.0099489604064246714 0.0015974477559087233 -0.015075528052396507 0.0016706068588016158 0.0054795250570911311 -0.0074316225815505375 -0.0008534045295097056 -0.002901015017527619
leaf_weight=1043.5100188311189 6145.3770368993282 22.681279089301825 21.688428308814764 272.19106126390398 3542.1038384474814 355.40877023339272 312.61155628412962 2953.6461698561907 305.12807533331215 1360.6883399263024 3789.8429360464215 582.50202604010701 264.719482999295 557.99885728210211
leaf_count=9319 38497 144 166 4671 19543 2504 1549 13882 5448 7618 21343 3136 2052 3575
internal_value=-2.04211e-06 -0.00386656 0.0226953 -0.00460803 0.000380252 0.00127694 -0.00128072 0.000465354 -0.00271193 0.00242963 0.00336053 -0.00108201 -0.00859738 -0.00746192
internal_weight=21530.1 1929.92 44.3697 1885.55 19600.2 13454.8 4179.67 3266.26 1613.36 9275.14 7331.95 1943.19 569.848 913.408
internal_count=133447 21800 310 21490 111647 73150 21510 15431 16819 51640 40886 10754 7500 6079
is_linear=0
shrinkage=0.035


Tree=160
num_leaves=15
num_cat=0
split_feature=19 4 2 24 11 22 29 22 5 12 20 12 12 21
split_gain=25.5615 31.1663 28.616 31.2084 33.3028 25.4112 25.1835 50.0356 50.6334 35.5774 33.3461 22.2703 22.0449 20.086
threshold=-0.27033786475658411 -0.016146601177752015 0.71570083498954784 0.027267058379948143 0.36250992119312292 0.19535173475742343 3.6500000000000008 0.35542443394660955 0.045568358153104789 0.92662191390991222 -0.030873122625052925 0.59220439195632946 0.65851253271102916 -0.073069930076599107
decision_type=2 2 2 2 2 2 2 2 2 2 2 2 2 2
left_child=12 2 3 4 -2 -5 9 8 -8 13 -11 -9 -1 -3
right_child=1 6 -4 5 -6 -7 7 11 -10 10 -12 -13 -14 -15
leaf_value=-0.0035179154158897917 -0.0018012990842717505 3.10352904079551e-05 0.0071822914634920351 -0.0065855039031616335 0.012140624151704067 -0.0018770499015142953 -0.0090807324703877854 -0.0080986883169322302 0.00022034055609644124 0.0062177905837211625 -0.0016255671055559055 0.0033418084806885314 0.0070655587795182793 0.0077570642056138776
leaf_weight=306.21771888062358 504.93934589065611 541.37907005660236 394.30115023255348 1889.8577292840928 346.54260516911745 5435.2267744783312 1310.7519653271884 216.39928931184113 1567.3850584644824 870.86778069660068 2687.5000219065696 2692.4072899408638 1039.6856852788478 1718.712890304625
leaf_count=1493 2807 2802 1785 14327 1834 33537 11742 1224 9664 5233 15688 15454 5119 10738
internal_value=-2.45704e-06 -0.000314922 -0.00191444 -0.00236136 0.00394795 -0.00309914 0.000866994 -0.000767377 -0.0040323 0.00249104 0.000306046 0.00246587 0.00464944 0.00591467
internal_weight=21522.2 20176.3 8570.87 8176.57 851.482 7325.08 11605.4 5786.94 2878.14 5818.46 3558.37 2908.81 1345.9 2260.09
internal_count=133447 126835 54290 52505 4641 47864 72545 38084 21406 34461 20921 16678 6612 13540
is_linear=0
shrinkage=0.035


Tree=161
num_leaves=15
num_cat=0
split_feature=8 3 22 25 26 5 4 26 6 3 14 8 26 11
split_gain=25.7436 35.1014 34.6862 52.75 44.8697 43.8557 35.599 31.6573 27.6731 34.797 25.1306 26.9683 22.7269 21.9676
threshold=-0.3340440690517425 1.2708510756492617 0.37421594560146337 1.4450000000000001 -1.3799999999999999 -0.27661181986331934 -0.12512899190187451 -0.83499999999999985 0.079467620700597777 0.34556560218334204 0.266629308462143 -0.16164448112249372 -1.2850000000000001 0.64207530021667492
decision_type=2 2 2 2 2 2 2 2 2 2 2 2 2 2
left_child=1 2 3 6 -5 -4 -1 -7 9 10 -2 -12 -10 -14
right_child=8 -3 5 4 -6 7 -8 -9 12 -11 11 -13 13 -15
leaf_value=-0.0070238937709264336 -0.010372617988894542 0.011828488825198248 -0.019288329833460061 0.004626609834966976 -0.0043498545882447283 0.0071311141550371264 0.0052879763355549751 -0.0018251695905571908 0.0047826604395078054 0.0065415356133419911 -0.0017003775884936803 -0.0095138454887348217 -0.00097199458486842225 0.013681693322815991
leaf_weight=322.9806579016149 610.65774155408144 362.64877784997225 84.45275542140007 828.7598818782717 3669.1981590632349 2034.5310455448925 2153.6878506522626 628.54973746091127 1200.8430502768606 426.54754555784166 3758.8514958396554 623.63979334570467 4684.487611271441 118.77485352754593
leaf_count=2165 3969 1695 380 4052 26175 9931 10693 4161 5947 2639 29086 7276 24715 563
internal_value=-2.29464e-06 0.00128578 0.000880774 -0.000432472 -0.00268932 0.00420393 0.0036606 0.0050183 -0.00113952 -0.00295025 -0.00377256 -0.00283138 0.000497147 -0.000581967
internal_weight=21508.6 10084.8 9722.16 6974.63 4497.96 2747.53 2476.67 2663.08 11423.8 5419.7 4993.15 4382.49 6004.11 4803.26
internal_count=133447 59252 57557 43085 30227 14472 12858 14092 74195 42970 40331 36362 31225 25278
is_linear=0
shrinkage=0.035


Tree=162
num_leaves=15
num_cat=0
split_feature=8 15 23 3 26 15 17 28 17 30 8 10 2 13
split_gain=25.0148 37.8806 32.4307 53.9922 43.2981 42.4415 33.6482 38.3092 26.7008 26.4587 22.7883 22.6137 22.0726 19.5281
threshold=-0.47466564178466791 20.810770988464359 0.090554408729076399 1.0000000180025095e-35 -1.3799999999999999 24.215823173522953 0.088568866252899184 -0.32965580251068655 0.035863010212779052 -0.29999999999999999 -0.1796857342123985 0.24075338244438174 0.088577054440975203 0.4142963588237763
decision_type=2 2 2 2 2 2 8 2 8 2 2 2 2 2
left_child=1 -1 3 -2 5 11 7 -6 10 13 -5 -4 -7 -3
right_child=2 9 4 8 6 12 -8 -9 -10 -11 -12 -13 -14 -15
leaf_value=-0.0025725863385306241 0.0077819543062520357 0.0018516734435370841 -0.018003305721303434 -0.0017486645926370109 -0.0048423517402814203 0.036049401405451161 0.0045701377951495653 -0.00063045884300606586 0.0010004519916109681 0.003170739267895377 -0.018610538212388294 0.0019464080072295123 0.0098929571722009262 0.018594212423954683
leaf_weight=1373.7614040933549 1360.6223593018949 131.7368847578764 61.708856306970119 213.90005336888134 5396.8608845155686 49.563660567626357 813.06706856191158 5186.1695249676704 1057.3138148039579 2851.2246107198298 175.18798590637743 2417.7626879867166 156.03698948025703 245.54063638299704
leaf_count=8161 8149 643 1019 1403 41902 334 3655 31830 4946 15435 1569 12415 843 1143
internal_value=-2.31579e-06 0.00228226 -0.000625876 0.00280294 -0.0013109 0.00268054 -0.00225286 -0.00278087 -0.00190207 0.00434961 -0.00961686 0.00137958 0.017578 0.0129469
internal_weight=21490.5 4602.26 16888.2 2807.02 14081.2 2685.07 11396.1 10583 1446.4 3228.5 389.088 2479.47 205.601 377.278
internal_count=133447 25382 108065 16067 91998 14611 77387 73732 7918 17221 2972 13434 1177 1786
is_linear=0
shrinkage=0.035


Tree=163
num_leaves=15
num_cat=0
split_feature=17 12 4 19 17 20 23 23 0 6 3 20 15 33
split_gain=24.1125 24.5836 33.191 27.4619 26.7335 27.6856 35.4857 25.3742 21.1212 20.7145 17.0121 16.4994 14.7363 14.2481
threshold=0.018686083145439628 1.0598865151405337 0.12849085777997973 -0.14828812330961225 0.059899806976318366 -0.074349697679281221 0.3174744993448258 0.39298018813133245 -0.024687971919775006 -0.12553916126489637 0.30205217003822332 -0.043142493814229958 21.232539176940922 -0.21630575307045893
decision_type=8 2 2 2 8 2 2 2 2 2 2 2 2 2
left_child=10 4 3 8 5 6 -2 -5 -3 -7 12 -4 -1 -13
right_child=1 2 11 7 -6 9 -8 -9 -10 -11 -12 13 -14 -15
leaf_value=-0.0046710776882941726 -0.013958172780436377 -0.00061921782910102463 0.015569955042041403 -0.0037691869460311184 0.0045168774317070719 0.00318752465184328 0.005333369677442315 0.0066807551699485605 0.0086257217780753345 -0.00032099514283109675 0.022347088114916727 -0.0081157670765979427 -0.02399354587756523 0.0037078522385672846
leaf_weight=107.27822731621563 338.08350759372115 1022.0813814830035 119.83832573145628 5730.8139059077948 2299.8909598588943 2977.9014657698572 169.21325268596411 290.56532834470272 419.40969823859632 6642.9039401803166 8.1087601538747531 130.72334577143192 88.216738756746054 1130.6898876726627
leaf_count=2124 3626 5910 561 36750 10439 18198 1265 1596 2172 42592 96 633 2140 5345
internal_value=-1.71529e-06 0.000115724 -0.00129389 -0.00221673 0.00111908 0.000343818 -0.0075446 -0.00325468 0.00211154 0.000767169 -0.0117025 0.00367224 -0.0141336 0.00242835
internal_weight=21475.7 21272.1 8844.12 7462.87 12428 10128.1 507.297 6021.38 1441.49 9620.81 203.604 1381.25 195.495 1261.41
internal_count=133447 129087 52967 46428 76120 65681 4891 38346 8082 60790 4360 6539 4264 5978
is_linear=0
shrinkage=0.035


Tree=164
num_leaves=15
num_cat=0
split_feature=14 12 17 24 14 11 7 6 34 31 11 28 14 12
split_gain=24.2868 47.6326 24.7476 26.0585 25.5229 21.0965 21.0372 18.7889 17.9602 22.3081 17.9568 16.8396 16.7847 16.5909
threshold=1.4781919717788699 1.1334004402160647 0.055803904309868819 0.032575633376836784 0.21998423337936404 0.45844526588916784 -0.02966933790594339 -0.1330977454781532 -0.040110003302159407 0.047494519848749979 0.2101758345961571 -0.10326313031254751 0.39425264298915869 1.4833270311355593
decision_type=2 2 8 2 2 2 2 2 2 2 2 2 2 2
left_child=1 2 3 4 -1 6 8 -5 -2 -10 -3 -8 13 -12
right_child=5 10 -4 7 -6 -7 11 -9 9 -11 12 -13 -14 -15
leaf_value=-0.0060014575654187838 0.0079980415951559983 -0.0096801592066052648 0.0032642366851934989 0.012444939855979492 -0.00031222077531702081 0.0081909444239763093 0.0021671648329828338 0.0020042105569456621 -0.0031930724994898192 0.0053832364528015259 -0.0050013523842741877 0.010671905507255835 -0.0018340141786162864 -0.018806955453596685
leaf_weight=1101.872319702059 261.59284341335297 542.13022202812135 2972.4720565378666 269.2842073738575 7370.7162065990269 624.86707367002964 900.81801119446754 887.47627594508231 1878.3386442475021 453.01791902072728 517.68619335070252 412.22263261117041 3144.2445417828858 128.87201393395662
leaf_count=6618 1361 5638 13767 1549 52961 2951 5393 5723 11350 2538 2943 2231 17760 664
internal_value=-1.52689e-06 -0.000610685 0.000478332 -0.00038414 -0.00105832 0.00227162 0.00130617 0.00452056 -0.00052435 -0.00151069 -0.00377177 0.00489767 -0.00290355 -0.00799762
internal_weight=21465.6 16934.8 12601.8 9629.35 8472.59 4530.86 3905.99 1156.76 2592.95 2331.36 4332.93 1313.04 3790.8 646.558
internal_count=133447 107623 80618 66851 59579 25824 22873 7272 15249 13888 27005 7624 21367 3607
is_linear=0
shrinkage=0.035


Tree=165
num_leaves=15
num_cat=0
split_feature=22 14 17 16 25 27 24 17 1 33 4 14 18 20
split_gain=23.3071 41.8324 38.5752 38.2875 37.8112 32.6437 29.3278 28.5272 27.3519 44.243 23.6176 27.6786 22.1847 21.9482
threshold=0.39701244235038763 0.266629308462143 0.027312697842717174 1.9513427019119265 2.0050000000000003 8.2366869893135259 0.02743481379002333 0.069380834698677077 -1.0000000180025095e-35 -0.19915186108208052 -0.031769089400768273 0.57410910725593578 -0.06833466142415999 0.086438085883855834
decision_type=2 2 8 2 2 2 2 8 2 2 2 2 2 2
left_child=1 5 6 7 -5 -1 -3 -4 9 12 11 -11 -2 -12
right_child=8 2 3 4 -6 -7 -8 -9 -10 10 13 -13 -14 -15
leaf_value=-0.0079145640923054816 -0.008942196490972474 0.0012988933096082923 0.00057299381967773741 0.0046333031084320785 -0.0061818422597779083 0.0030780924040391768 -0.011698754255490936 0.0056243604941159384 -0.00015689732910928141 0.0086391394880942114 0.011908874808874051 -0.0054442020532979663 0.0029516746735303379 -0.010075614640444326
leaf_weight=1510.5864983350039 340.55255284905434 331.80646697245538 8754.2265224251896 506.66865989565849 1707.0305194929242 417.10324853286147 573.2213992793113 1614.2255699262023 3519.1173726189882 376.2574006728828 1041.0308212656528 297.62599366717041 417.06844357214868 51.406937381252646
leaf_count=8958 1922 2748 56862 2566 9433 2455 10184 7241 19057 1773 5607 1560 2670 411
internal_value=-1.41503e-06 -0.000723673 -3.27806e-05 0.000471448 -0.00369678 -0.00553242 -0.00697137 0.00136408 0.0018391 0.00461174 0.00763377 0.00243046 -0.00244149 0.0107923
internal_weight=21457.9 15414.9 13487.2 12582.2 2213.7 1927.69 905.028 10368.5 6043.06 2523.94 1766.32 673.883 757.621 1092.44
internal_count=133447 100447 89034 76102 11999 11413 12932 64103 33000 13943 9351 3333 4592 6018
is_linear=0
shrinkage=0.035


Tree=166
num_leaves=15
num_cat=0
split_feature=17 23 3 26 15 28 19 17 4 2 11 33 1 7
split_gain=23.3001 26.7669 51.9018 34.0546 40.0142 37.4597 43.5081 25.3298 24.0528 22.6228 20.7961 16.9433 20.6523 16.2861
threshold=0.10901262983679773 0.090554408729076399 1.0000000180025095e-35 -1.3799999999999999 24.215823173522953 -0.10326313031254751 -0.24453695863485334 0.030404319986701015 -0.1432666480541229 0.71570083498954784 0.64207530021667492 -0.05292729236343368 0.19144842773675921 -0.42501719295978541
decision_type=8 2 2 2 2 2 2 10 2 2 2 2 2 2
left_child=1 2 11 4 10 6 -5 -4 -7 -6 -3 12 -1 -9
right_child=-2 3 7 5 9 8 -8 13 -10 -11 -12 -13 -14 -15
leaf_value=-0.0016329262790946853 0.0070123457594635438 0.0020900611058745759 -0.012485518761731259 0.004959816449597176 0.025772714101060804 -0.0086447551388871991 -0.0036796152420317625 -0.018638920756900507 0.001256426943073182 -5.9388108167405867e-05 -0.014964665865365477 0.0091669497219626049 0.014079156713903166 0.00072115779462344435
leaf_weight=458.7569740768522 554.91035117208958 2801.3518437221646 228.38959019072354 776.32445330359042 126.44470605626702 307.82423951476812 7895.5622653588653 45.538629904389381 5540.4191468805075 59.635832473635674 80.490410462021828 1183.0535755716264 121.37216091156006 1269.4080803021789
leaf_count=3175 2678 14873 1985 4178 725 1966 58044 201 31816 316 374 6341 600 6175
internal_value=-1.66994e-06 -0.000191211 0.00269315 -0.000734687 0.00261025 -0.00144274 -0.00290137 -0.00198859 0.000721408 0.0179131 0.00156362 0.00677924 0.00183716 -8.4928e-05
internal_weight=21449.5 20894.6 3306.52 17588.1 3067.92 14520.1 8671.89 1543.34 5848.24 186.081 2881.84 1763.18 580.129 1314.95
internal_count=133447 130769 18477 112292 16288 96004 62222 8361 33782 1041 15247 10116 3775 6376
is_linear=0
shrinkage=0.035


Tree=167
num_leaves=15
num_cat=0
split_feature=17 3 8 32 22 28 23 21 23 18 22 11 18 8
split_gain=22.7375 33.5647 30.8667 43.0345 36.1924 41.0299 21.7528 28.675 41.1522 35.7472 35.1279 24.0189 16.6545 15.5651
threshold=0.037187391892075546 1.2708510756492617 -0.14175739884376523 0.023428329849149002 0.16723755002021792 1.0000000180025095e-35 0.39298018813133245 -0.10806140303611754 0.3174744993448258 0.057877942919731147 0.15807005763053897 0.45844526588916784 0.040552869439125068 -0.18846911191940305
decision_type=8 2 2 2 2 2 2 2 2 2 2 2 2 2
left_child=1 2 4 -4 12 -6 7 9 10 11 -9 -2 -1 -11
right_child=6 -3 3 -5 5 -7 -8 8 -10 13 -12 -13 -14 -15
leaf_value=-0.015699106339669824 -0.01049051891377703 0.028708108253677658 -0.018130434184930034 -0.0017694330409148071 -0.0027942429082979045 0.0040388077991996268 0.0079918593584420543 -0.0099470457325241245 0.020030354116942758 0.0067507058441459208 0.0010967147701057317 0.00041742149275856617 0.0016141217226414424 -0.007661767734954735
leaf_weight=273.20841557905078 814.25042603164911 33.657926857471466 321.59115356765687 491.03196116350591 2825.1145111080259 1725.437253145501 474.29317778348923 352.68698397278786 127.72555712983012 417.76615878939629 13031.616039160639 352.21388242393732 87.294461041688919 107.92570184916258
leaf_count=3128 5373 184 4030 5052 27608 8984 2357 2695 1064 2179 67340 1748 1154 551
internal_value=-1.59116e-06 -0.00188078 -0.00211041 -0.0083859 -0.00105709 -0.000200173 0.000689229 0.000456321 0.000994966 -0.00382539 0.000798494 -0.00722131 -0.0115764 0.003704
internal_weight=21435.8 5757.34 5723.68 812.623 4911.05 4550.55 15678.5 15204.2 13512 1692.16 13384.3 1166.46 360.503 525.692
internal_count=133447 50140 49956 9082 40874 36592 83307 80950 71099 9851 70035 7121 4282 2730
is_linear=0
shrinkage=0.035


Tree=168
num_leaves=15
num_cat=0
split_feature=4 22 25 6 11 3 29 33 1 12 19 20 14 11
split_gain=22.1992 26.9742 50.4207 40.068 41.7382 33.7666 26.7805 48.6113 55.2935 32.1219 30.0972 29.3964 28.0005 26.2304
threshold=-0.016146601177752015 0.18286002427339557 2.4450000000000007 -0.14106541126966474 0.32837934792041784 0.20249864459037784 3.6500000000000008 -0.05292729236343368 0.23321338742971423 0.92662191390991222 -0.24453695863485334 -0.030873122625052925 0.49489736557006841 0.5794368088245393
decision_type=2 2 2 2 2 2 2 2 2 2 2 2 2 2
left_child=1 2 5 -3 -5 13 9 8 12 -2 -11 -12 -8 -1
right_child=6 3 -4 4 -6 -7 7 -9 -10 10 11 -13 -14 -15
leaf_value=-0.0057646629569139476 0.0058724336855802504 0.0034368383590033572 -0.01670221235092148 -0.0054337452853505386 0.00098351672426050013 0.0081037480641528523 -0.018032037479428383 0.0014587329633413831 0.0046976820991511169 0.020913650852844655 0.0056603382475387239 -0.0017329527095275592 -0.0061151664413069363 0.011628917259269051
leaf_weight=1395.0358634982258 2322.3040870595723 2416.7342987023294 347.83999885059893 2342.7402550913393 2623.3981024511158 306.85680989921093 313.68093762919307 4130.5848793238401 484.6443699747324 77.167252380400896 865.01377579011023 2656.2238372191787 1036.0524334143847 105.66296507418156
leaf_count=9615 13866 13787 3624 17445 12675 1668 2657 24582 2482 382 5212 15584 9376 492
internal_value=-1.65265e-06 -0.0012586 -0.00469361 -0.000250769 -0.00204862 -0.00230353 0.00100726 -0.000647656 -0.00537294 0.00267282 0.000597333 9.4141e-05 -0.00899692 -0.00447112
internal_weight=21423.9 9538.27 2155.4 7382.87 4966.14 1807.56 11885.7 5964.96 1834.38 5920.71 3598.4 3521.24 1349.73 1500.7
internal_count=133447 59306 15399 43907 30120 11775 74141 39097 14515 35044 21178 20796 12033 10107
is_linear=0
shrinkage=0.035


Tree=169
num_leaves=15
num_cat=0
split_feature=17 12 14 14 24 25 26 23 16 17 22 3 19 3
split_gain=22.198 22.1584 34.7245 24.7667 24.8932 31.2517 22.4238 34.7129 27.5452 17.883 29.708 16.4332 15.6881 15.3686
threshold=0.018686083145439628 1.0598865151405337 2.4651577472686772 0.16859620809555056 0.030374678783118728 5.0700000000000012 -0.9750000000000002 0.39298018813133245 1.5822800397872927 0.049380812793970115 0.35542443394660955 0.30205217003822332 -0.22388470917940137 0.030430372804403309
decision_type=8 2 2 2 2 2 2 2 2 8 2 2 2 2
left_child=11 3 6 4 -2 -6 8 -8 -3 10 -5 -1 -4 -11
right_child=1 2 12 9 5 -7 7 -9 -10 13 -12 -13 -14 -15
leaf_value=-0.013751510731198104 0.0013932162657005174 0.0023704270196473146 0.015135382143112507 -0.0015168336097254116 0.00038446346187864192 -0.016404283549648412 -0.0054361404376003109 0.0061478258349723309 -0.0040820276496850334 0.0059509604484803622 0.0028935335374874502 0.022056828266100659 0.00208853104057321 0.0014863997779074099
leaf_weight=192.19126334041357 531.9360617864877 1937.5046573244035 110.90843614190817 3980.9864551238716 237.59722081571817 305.69494387321174 3230.8308179657906 342.93490719050169 1378.2080692667514 1708.9508627690375 3512.6014123801142 8.1476332135498506 1815.1656761318445 2116.8017678633332
leaf_count=4264 2833 11837 519 30128 1213 1908 21995 1865 7149 8369 21803 96 9602 9866
internal_value=-1.63837e-06 0.000110511 -0.00123009 0.00106423 -0.00398858 -0.00918784 -0.00239121 -0.0043105 -0.000315808 0.00154729 0.000551617 -0.0113158 0.0029141 0.00349102
internal_weight=21410.5 21210.1 8815.55 12394.6 1075.23 543.292 6889.48 3573.77 3315.71 11319.3 7493.59 200.339 1926.07 3825.75
internal_count=133447 129087 52967 76120 5954 3121 42846 23860 18986 70166 51931 4360 10121 18235
is_linear=0
shrinkage=0.035


Tree=170
num_leaves=15
num_cat=0
split_feature=8 3 22 25 5 26 4 10 26 13 15 3 26 11
split_gain=21.3994 31.6042 29.803 46.3547 41.9243 38.2396 30.3363 27.6744 26.3361 20.9235 19.3696 30.8628 30.1822 17.0345
threshold=-0.3340440690517425 1.2708510756492617 0.37421594560146337 1.4450000000000001 -0.27661181986331934 -1.3799999999999999 -0.12512899190187451 1.1279261112213137 -0.83499999999999985 0.3889021128416062 23.837493896484379 0.45423644781112676 -1.3799999999999999 0.51265627145767223
decision_type=2 2 2 2 2 2 2 2 2 2 2 2 2 2
left_child=1 2 3 6 -4 -5 -1 9 -6 -2 11 -11 -12 -3
right_child=7 13 4 5 8 -7 -8 -9 -10 10 12 -13 -14 -15
leaf_value=-0.0065128771421273015 -0.0042813898325325351 0.020395631976482642 -0.019082498992969509 0.0041962456083867554 0.0065972972981905116 -0.0040966038860294441 0.0049137390016260919 0.0081428172879082997 -0.001590211502177426 -0.00076352145680572722 0.0081949909835914089 0.0059512096187180185 -0.0069979074463985694 0.0048046542276089519
leaf_weight=319.10105697438121 2355.0320682525635 139.17841509729624 84.517815217375755 828.66147745214403 2031.451797420159 3643.7121257800609 2145.4049800932407 378.42380658537149 625.28357188776135 6474.7999289855361 180.9089650195092 953.05366547033191 1022.3214335422963 222.44608574360609
leaf_count=2165 16763 678 380 4052 9931 26175 10693 1866 4161 43951 1029 4714 5872 1017
internal_value=-1.38119e-06 0.00117542 0.000789968 -0.000431975 0.00387249 -0.00255413 0.00341389 -0.00104112 0.00467157 -0.00136459 -0.000564691 0.000104876 -0.0046649 0.0111925
internal_weight=21404.3 10039.8 9678.13 6936.88 2741.25 4472.37 2464.51 11364.5 2656.74 10986.1 8631.08 7427.85 1203.23 361.625
internal_count=133447 59252 57557 43085 14472 30227 12858 74195 14092 72329 55566 48665 6901 1695
is_linear=0
shrinkage=0.035


Tree=171
num_leaves=15
num_cat=0
split_feature=14 16 17 22 3 26 3 3 10 11 7 2 5 34
split_gain=21.4377 43.0577 30.4573 28.4456 39.509 32.6084 32.3756 30.1482 22.501 18.4235 20.1261 18.0289 17.0104 16.0892
threshold=1.4781919717788699 1.8653149008750918 0.063153956085443511 0.18733153492212298 -0.10618767514824866 0.26499999999999996 0.20249864459037784 0.45423644781112676 0.25387080013751989 0.45844526588916784 -0.02966933790594339 -0.45372451841831202 0.069229755550622954 -0.040110003302159407
decision_type=2 2 8 2 2 2 2 2 2 2 2 2 2 2
left_child=1 3 -3 5 8 11 -7 -6 -5 10 13 -1 -4 -2
right_child=9 2 12 4 7 6 -8 -9 -10 -11 -12 -13 -14 -15
leaf_value=0.012353632097603777 0.0075033953372949328 -0.010998433283776156 -0.0068685656076009358 -0.0067859373152399935 -0.0024585627872021057 -0.0031025847288881883 0.0066815218164393174 0.0025750399321083561 0.0037883867121958261 0.0076789522036363978 0.0047491900688882496 -0.014632200449508533 0.0024281775898610074 -0.0014958673639776567
leaf_weight=25.694311678409576 261.74537521600723 759.02738126926124 417.44214924424887 251.27789585478604 4650.6764211654663 2623.1277347486466 482.01365916989744 2111.5633333548903 4663.2424012105912 622.63571924716234 1310.8805596642196 341.88411067984998 544.64097195863724 2323.7684223335236
leaf_count=182 1361 5107 2038 3497 31977 17310 2607 10260 28519 2951 7624 3626 2500 13888
internal_value=-1.05396e-06 -0.000574722 -0.00580393 2.27971e-05 0.000850157 -0.00275359 -0.00156722 -0.000885299 0.00323504 0.00213712 0.00123416 -0.0124686 -0.00163479 -0.000559425
internal_weight=21389.6 16870.6 1721.11 15149.5 11676.8 3472.72 3105.14 6762.24 4914.52 4519.03 3896.39 367.578 962.083 2585.51
internal_count=133447 107623 9645 97978 74253 23725 19917 42237 32016 25824 22873 3808 4538 15249
is_linear=0
shrinkage=0.035


Tree=172
num_leaves=15
num_cat=0
split_feature=17 20 16 10 16 2 15 8 16 28 18 16 7 5
split_gain=21.0781 27.4544 27.2868 34.636 29.1593 24.2033 22.035 32.6464 25.2898 40.0131 34.4167 24.9838 39.6516 28.6969
threshold=0.033861212432384498 -0.074349697679281221 0.86949637532234203 0.36991615593433386 0.63949209451675426 0.39050006866455084 22.236876487731937 -0.19662554562091825 1.5822800397872927 -1.7299220911368594 0.14376585185527804 2.2534316778182988 -0.23061276972293851 0.17085034400224688
decision_type=8 2 2 2 2 2 2 2 2 2 2 2 2 2
left_child=1 -1 3 4 -3 -4 8 11 -2 -10 -11 12 -8 -13
right_child=6 2 5 -5 -6 -7 7 -9 9 10 -12 13 -14 -15
leaf_value=-0.016452535857653564 0.00039723845923510557 0.012476813964651648 -0.0058316428645450629 -0.0031204594188523954 0.00073737227953703916 0.018997567072161135 0.0011096312913196368 -0.0010447491023104266 -0.016476438165636178 -0.0051340410622742784 0.0051257613093973154 -0.0071934702147525365 0.0082377583890529925 0.0073932993023970413
leaf_weight=150.08858327008784 7823.5960738062859 416.80044042505324 1601.8823376968503 1289.5460084117949 663.45614459738135 40.020814023911953 1790.6076477319002 2693.9350790567696 260.49816527590156 1326.1523439921439 562.80214558914304 469.1341398768127 2049.7354043163359 242.68688370287418
leaf_count=2573 44972 3560 17659 8463 6732 253 8842 13366 1523 8284 2775 2379 10926 1140
internal_value=-1.10407e-06 -0.00223333 -0.00166177 0.000742296 0.00533975 -0.0051151 0.000539399 0.0020069 -0.00052778 -0.00388092 -0.0020663 0.00381117 0.00492569 -0.00218676
internal_weight=21380.9 4161.79 4011.71 2369.8 1080.26 1641.9 17219.1 7246.1 9973.05 2149.45 1888.95 4552.16 3840.34 711.821
internal_count=133447 39240 36667 18755 10292 17912 94207 36653 57554 12582 11059 23287 19768 3519
is_linear=0
shrinkage=0.035


Tree=173
num_leaves=15
num_cat=0
split_feature=17 3 14 2 8 16 32 0 30 27 22 21 28 15
split_gain=20.6936 22.6528 21.8473 34.3812 27.1381 26.5258 43.7512 31.7438 26.2069 23.2039 23.7707 21.166 20.0488 27.5381
threshold=0.022059926763176921 0.26514059305191046 0.266629308462143 0.1305985897779465 -0.18846911191940305 1.9513427019119265 0.045014584021852884 -0.089524094015359865 -0.35000000000000003 8.2366869893135259 0.36079606413841253 0.0083271639887243527 1.0000000180025095e-35 21.34570407867432
decision_type=8 2 2 2 2 2 2 2 2 2 2 2 2 2
left_child=1 12 3 9 5 7 -7 -4 -6 10 -2 -10 -1 -14
right_child=2 -3 4 -5 8 6 -8 -9 11 -11 -12 -13 13 -15
leaf_value=-0.014953000542141208 -0.011090681865373752 0.021354117908773427 -0.00071507991244717714 0.0030726556710704588 -0.017874837285602088 -0.0040061581326171474 0.013517794971772957 0.0032989076719474129 0.0013544820990303464 0.0024302515519264403 -0.0019533518582274772 -0.0033151019572633393 0.0091516921176328838 -0.015100107208570039
leaf_weight=266.01718932390213 868.1986797042191 23.382354052737355 3472.5558623876423 831.35673677921295 108.67618785053492 1789.6718518547714 183.48283587396145 7880.272118922323 2151.3287248816341 358.78225005790591 586.89557285234332 2636.8107426892966 131.40006898529828 86.523612918332219
leaf_count=6221 5617 240 21203 3973 532 9833 927 48767 12689 2163 3057 15966 1195 1064
internal_value=-1.20909e-06 -0.00691618 0.000170133 -0.00279611 0.000602013 0.00142057 -0.00231667 0.00207158 -0.00162392 -0.00548806 -0.00744373 -0.00121859 -0.00868677 -0.000717201
internal_weight=21375.4 507.323 20868 2645.23 18222.8 13326 1973.15 11352.8 4896.82 1813.88 1455.09 4788.14 483.941 217.924
internal_count=133447 8720 124727 14810 109917 80730 10760 69970 29187 10837 8674 28655 8480 2259
is_linear=0
shrinkage=0.035


Tree=174
num_leaves=15
num_cat=0
split_feature=17 23 3 19 26 28 15 17 24 22 7 20 33 19
split_gain=20.8716 23.8285 47.8059 30.4189 26.6767 44.1095 37.532 22.7501 17.8063 15.674 15.4174 14.7845 14.5808 18.0508
threshold=0.10901262983679773 0.090554408729076399 1.0000000180025095e-35 -0.18034981936216352 -1.3799999999999999 -0.32965580251068655 22.169493675231937 0.030404319986701015 0.03199290111660958 0.48898293077945715 -0.42501719295978541 -0.041649702936410897 -0.05292729236343368 0.073978632688522353
decision_type=8 2 2 2 2 2 2 10 2 2 2 2 2 2
left_child=1 2 12 8 6 -6 -5 -4 9 -3 -9 -10 13 -1
right_child=-2 3 7 4 5 -7 -8 10 11 -11 -12 -13 -14 -15
leaf_value=-0.0021397725378656586 0.0066526892878822474 0.00046519776210235647 -0.011974980709453331 -0.0017380462036251454 -0.0041198100903392966 5.8668612904048133e-05 0.0068058809237813928 -0.018200271789496399 -0.0054905859740216603 0.012841558050246735 0.00062860705780984967 0.010599028472399637 0.0086914826093465632 0.0111420843263965
leaf_weight=408.56265795044601 552.25085354596376 1920.2169412281364 225.39108934439719 1453.0413139183074 6018.212317077443 6359.2722879983485 1097.5224862713367 45.590628579258919 75.405380316078663 124.17827092856169 1267.5086739398539 473.97136980295181 1179.2957269847393 169.33190345391631
leaf_count=2847 2678 11259 1985 8131 45105 38650 5755 201 493 602 6175 2297 6341 928
internal_value=-1.5286e-06 -0.000181162 0.00254463 -0.000695016 -0.00130315 -0.00197469 0.00195068 -0.00195514 0.00279659 0.0012758 -0.000157746 0.00833195 0.00647313 0.00187534
internal_weight=21369.8 20817.5 3295.68 17521.8 14928 12377.5 2550.56 1538.49 2593.77 2044.4 1313.1 549.377 1757.19 577.895
internal_count=133447 130769 18477 112292 97641 83755 13886 8361 14651 11861 6376 2790 10116 3775
is_linear=0
shrinkage=0.035


Tree=175
num_leaves=15
num_cat=0
split_feature=14 12 22 25 9 31 16 3 12 18 19 13 11 7
split_gain=20.0673 40.4384 20.061 26.9002 45.9666 24.9071 37.1191 30.0713 21.6615 18.003 23.2055 19.2796 16.8048 17.7458
threshold=1.4781919717788699 1.1334004402160647 0.34321255981922155 2.4450000000000007 0.40795892477035528 0.0042827754182592779 0.63949209451675426 1.2708510756492617 0.92662191390991222 0.057877942919731147 -0.11434929817914961 0.53968513011932384 0.64207530021667492 -0.02966933790594339
decision_type=2 2 2 2 2 2 2 2 2 2 2 2 2 2
left_child=1 2 3 8 -5 6 -4 -7 -1 10 11 -3 13 -2
right_child=12 9 5 4 -6 7 -8 -9 -10 -11 -12 -13 -14 -15
leaf_value=0.0035287652131332126 9.337981073105392e-05 -0.0029755446335454102 0.0080527323553706825 -0.0082523265726103141 0.0001969694369094398 -0.0014382067863212247 0.00066549634235825135 0.015363552049310033 -0.0025680757009013942 -0.00067978613815435312 -0.0079033820057696786 0.011219057716187744 0.012068199493748395 0.0049173262142148564
leaf_weight=2038.6362507529557 2973.6107706576586 869.9321821667254 1467.6129034347832 1287.8812509272248 2009.5113595165312 2606.8761514704674 1915.2628991696984 127.35291002690792 1086.8986007794738 1705.4385194927454 1602.5290729366243 125.30833230540156 187.15368968248367 1352.336337197572
leaf_count=11372 17103 5230 7112 14638 11220 17972 11049 577 6678 9528 11494 753 883 7838
internal_value=-1.29563e-06 -0.000556844 0.0004483 -0.000917237 -0.00311809 0.00188126 0.00388463 -0.000602494 0.00140717 -0.0034802 -0.00530901 -0.00109451 0.0020687 0.00160926
internal_weight=21356.3 16843.2 12540 6422.93 3297.39 6117.1 3382.88 2734.23 3125.53 4303.21 2597.77 995.241 4513.1 4325.95
internal_count=133447 107623 80618 43908 25858 36710 18161 18549 18050 27005 17477 5983 25824 24941
is_linear=0
shrinkage=0.035


Tree=176
num_leaves=15
num_cat=0
split_feature=8 15 10 23 3 26 15 4 30 17 33 33 16 10
split_gain=19.8754 35.0353 26.1463 26.1936 45.802 33.3217 32.6334 26.6601 23.6643 20.1299 18.3141 22.3483 18.2033 17.2287
threshold=-0.47466564178466791 20.810770988464359 1.2690767645835879 0.090554408729076399 1.0000000180025095e-35 -1.3799999999999999 24.215823173522953 -0.016146601177752015 -0.29999999999999999 0.035863010212779052 -0.19915186108208052 -0.17825609018630964 0.7914244830608369 0.51868435740470897
decision_type=2 2 2 2 2 2 2 2 2 10 2 2 2 2
left_child=1 13 3 4 -2 6 -5 -7 12 -6 -10 -12 -3 -1
right_child=2 8 -4 5 9 7 -8 -9 10 -11 11 -13 -14 -15
leaf_value=0.0010408608067470051 0.0069647990189819382 0.0020279665281646929 0.0098280720232292208 0.0010501510294404766 -0.0087547067017905 -0.0043633166874055178 0.015804758450733317 -0.00084162404584353927 -0.0065368740191032023 0.00054697925775001183 0.01853587734732301 0.0030220127324634997 0.017986753262204825 -0.0067968940959017982
leaf_weight=726.99619660899043 1344.4109325986356 141.01136496663094 281.75425200909376 2454.2418014854193 384.77747936733067 4295.3975314516574 188.66446291469038 6796.2661783061922 222.00762335956097 1021.2085179388523 109.77065148949623 2505.157335601747 233.74993109703064 637.54691477119923
leaf_count=4886 8087 651 1421 13338 2989 30830 1072 45558 1210 4770 496 13729 1135 3275
internal_value=-8.14144e-07 0.00204102 -0.000558988 -0.00074237 0.00236962 -0.00136683 0.00215902 -0.00220815 0.00403353 -0.00204247 0.00291692 0.00374139 0.0121907 -0.00264393
internal_weight=21343 4576.24 16766.7 16485 2750.4 13734.6 2642.91 11091.7 3211.7 1405.99 2836.94 2614.93 374.761 1364.54
internal_count=133447 25382 108065 106644 15846 90798 14410 76388 17221 7759 15435 14225 1786 8161
is_linear=0
shrinkage=0.035


Tree=177
num_leaves=15
num_cat=0
split_feature=17 15 15 16 17 13 14 24 6 15 28 31 3 6
split_gain=19.6246 23.0856 22.673 27.2258 32.7151 31.222 22.7895 21.4097 34.8498 22.8122 33.9967 20.6473 23.9703 33.7431
threshold=0.026439317502081398 23.084407806396488 20.961079597473148 1.5822800397872927 0.053425045683979995 0.53191789984703075 0.39425264298915869 0.030079266056418422 0.21102003008127215 21.34570407867432 -0.20349242140922372 -0.0022989802205354288 -0.10618767514824866 0.10284747928380968
decision_type=8 2 2 2 8 2 2 2 2 2 2 2 2 2
left_child=1 7 11 -4 5 -5 -6 9 -9 10 -1 -2 -13 -14
right_child=2 -3 3 4 6 -7 -8 8 -10 -11 -12 12 13 -15
leaf_value=-0.0058565458647652511 0.0036677966093059842 -0.014580364639893355 0.0019460176825760794 -0.014014620730684945 -0.0083926559415944818 -0.0021066330406602448 0.0014807695112237572 -0.010257565111953084 0.038693000013993242 -0.0070149890474887231 0.012406474541091932 -0.00076566735255766626 -0.0091894642161788054 0.0029466201837069711
leaf_weight=192.24720816873014 735.65829861536622 204.41544329933822 10440.919625695795 406.90958557464182 307.82603463903069 776.59029571712017 2886.6864044293761 410.30976450070739 8.914584016427396 253.71392834186554 322.71666505932808 2889.748128041625 1129.6740737706423 366.93708658218384
leaf_count=2783 4300 3007 59730 2869 1578 4814 13778 7016 70 2467 2097 18684 8185 2069
internal_value=-1.13819e-08 -0.00400218 0.000281294 0.000975101 -0.00133955 -0.00628394 0.000506136 -0.00207536 -0.00833944 0.0014042 0.00560681 -0.001724 -0.00263458 -0.00621415
internal_weight=21333.3 1392.32 19940.9 14818.9 4378.01 1183.5 3194.51 1187.9 419.224 768.678 514.964 5122.02 4386.36 1496.61
internal_count=133447 17440 116007 82769 23039 7683 15356 14433 7086 7347 4880 33238 28938 10254
is_linear=0
shrinkage=0.035


Tree=178
num_leaves=15
num_cat=0
split_feature=17 12 4 19 34 5 17 20 8 2 21 3 20 24
split_gain=19.2104 18.6826 24.5773 21.4967 21.4072 20.9096 19.5544 22.1665 18.5678 17.9215 16.8786 15.0008 14.1532 13.5407
threshold=0.018686083145439628 1.0598865151405337 0.12849085777997973 -0.1687335595488548 -0.038291429902634559 -0.10787207260727881 0.059899806976318366 -0.10623686760663985 -0.60768854618072499 0.71570083498954784 -0.15558469295501706 0.30205217003822332 -0.043142493814229958 0.031247661449015144
decision_type=8 2 2 2 2 2 8 2 2 2 2 2 2 2
left_child=11 6 3 5 -5 -3 7 10 -9 12 -2 -1 -4 -11
right_child=1 2 9 4 -6 -7 -8 8 -10 13 -12 -13 -14 -15
leaf_value=-0.013076738470990347 0.0040009060715230403 -0.00065898872781969904 0.017384541164617674 0.0016825814357049047 -0.0037101049540744424 0.0093522058719309169 0.0038927186300904749 0.0065646909395225871 0.0001983325838036961 -0.010392437802496882 -0.015059068166953685 0.020971739223106196 0.0038651282852131242 0.0045338171909344895
leaf_weight=186.5605705473572 75.436562944203615 853.84686851128936 96.65572939068079 1088.5225916337222 5106.911042843014 354.03191154636443 2288.6013595089316 587.63668957725167 9216.4183967728168 174.3681830316782 184.40312844514847 8.3539505749940854 985.62077664211392 117.30769446492195
leaf_count=4264 490 4653 449 5890 33903 1982 10439 3287 60091 838 1813 96 4667 585
internal_value=-3.43323e-07 0.000103035 -0.00113086 -0.00192905 -0.00276144 0.00232801 0.000980004 0.000314426 0.00058622 0.00315294 -0.00958238 -0.0106652 0.00522062 -0.00443802
internal_weight=21324.7 21129.8 8777.26 7403.31 6195.43 1207.88 12352.5 10063.9 9804.06 1373.95 259.84 194.915 1082.28 291.676
internal_count=133447 129087 52967 46428 39793 6635 76120 65681 63378 6539 2303 4360 5116 1423
is_linear=0
shrinkage=0.035


Tree=179
num_leaves=15
num_cat=0
split_feature=23 21 23 22 18 31 10 16 18 8 8 14 14 2
split_gain=19.7377 29.8871 40.4486 38.7862 36.6092 26.995 35.7964 24.8735 20.8532 13.5022 12.4278 17.2795 10.1105 14.2417
threshold=0.39298018813133245 -0.10806140303611754 0.3174744993448258 0.15807005763053897 0.057877942919731147 0.059368070126566537 0.63855746388435375 0.86949637532234203 0.051696477457880981 -0.28945301473140711 -0.18846911191940305 0.39425264298915869 1.1692028641700747 -0.3772758394479751
decision_type=2 2 2 2 2 2 2 2 2 2 2 2 2 2
left_child=1 4 3 8 5 6 -1 -5 -3 -7 11 -6 13 -2
right_child=12 2 -4 7 10 9 -8 -9 -10 -11 -12 -13 -14 -15
leaf_value=-0.019079700401667815 0.01811437657711143 -0.016089080423588344 0.018406084942480961 0.0019125337814546227 -0.012832338276143921 -0.00050779158882273347 -0.0018617845929564411 -0.00071484627978299809 0.00062295223962569686 -0.011284068958805932 -0.0061332803610555575 0.0082092043706133138 0.015471458647689106 0.00089285412136247107
leaf_weight=385.02566893398762 61.330752201378345 263.92854417860508 139.38563343323767 7459.092080719769 44.974749956279993 639.15151745080948 240.21778457611799 10782.111881081015 136.22524278797209 173.65773482248187 127.71847754716873 407.23662755824625 114.1861632950604 342.3165761064738
leaf_count=4199 297 2741 1295 45557 252 2970 1315 67269 1051 849 842 2330 630 1850
internal_value=8.65066e-08 -0.000169457 0.000266282 0.00012085 -0.00420605 -0.00718542 -0.012598 0.000359987 -0.0105233 -0.00291932 0.00317845 0.00588416 0.00668396 0.00388418
internal_weight=21316.6 20798.7 18780.7 18641.4 2017.98 1438.05 625.243 18241.2 400.154 812.809 579.93 452.211 517.833 403.647
internal_count=133447 130670 117913 116618 12757 9333 5514 112826 3792 3819 3424 2582 2777 2147
is_linear=0
shrinkage=0.035


end of trees

feature_importances:
range20=200
breadth200=178
macro_term_spread=159
momentum252_20=156
macro_inflation_change3=153
dispersion20=149
drawdown252=136
market_vol20=134
vol60=130
macro_policy_rate=106
market_ret20=100
ma20=91
downside60=77
volume_shock=70
relative60=69
log_turnover=64
macro_housing_yoy=63
ma200=56
market_ret60=48
turnover_shock=47
vol_expansion=46
macro_money_yoy=42
ret120=40
ma60=33
ret60=30
relative20=27
macro_industrial_yoy=26
macro_unemployment_change3=18
macro_unemployment=15
drawdown60=13
macro_inflation_yoy=13
macro_payroll_yoy=10
rsi14=9
ret20=7
vol20=5

parameters:
[boosting: gbdt]
[objective: binary]
[metric: binary_logloss]
[tree_learner: serial]
[device_type: cpu]
[data_sample_strategy: bagging]
[data: ]
[valid: ]
[num_iterations: 180]
[learning_rate: 0.035]
[num_leaves: 15]
[num_threads: 1]
[seed: 804]
[deterministic: 1]
[force_col_wise: 1]
[force_row_wise: 0]
[histogram_pool_size: -1]
[max_depth: 5]
[min_data_in_leaf: 150]
[min_sum_hessian_in_leaf: 0.001]
[bagging_fraction: 1]
[pos_bagging_fraction: 1]
[neg_bagging_fraction: 1]
[bagging_freq: 0]
[bagging_seed: 31454]
[bagging_by_query: 0]
[feature_fraction: 0.85]
[feature_fraction_bynode: 1]
[feature_fraction_seed: 16221]
[extra_trees: 0]
[extra_seed: 23160]
[early_stopping_round: 0]
[early_stopping_min_delta: 0]
[first_metric_only: 0]
[max_delta_step: 0]
[lambda_l1: 0]
[lambda_l2: 10]
[linear_lambda: 0]
[min_gain_to_split: 0]
[drop_rate: 0.1]
[max_drop: 50]
[skip_drop: 0.5]
[xgboost_dart_mode: 0]
[uniform_drop: 0]
[drop_seed: 31648]
[top_rate: 0.2]
[other_rate: 0.1]
[min_data_per_group: 100]
[max_cat_threshold: 32]
[cat_l2: 10]
[cat_smooth: 10]
[max_cat_to_onehot: 4]
[top_k: 20]
[monotone_constraints: ]
[monotone_constraints_method: basic]
[monotone_penalty: 0]
[feature_contri: ]
[forcedsplits_filename: ]
[refit_decay_rate: 0.9]
[cegb_tradeoff: 1]
[cegb_penalty_split: 0]
[cegb_penalty_feature_lazy: ]
[cegb_penalty_feature_coupled: ]
[path_smooth: 0]
[interaction_constraints: ]
[verbosity: -1]
[saved_feature_importance_type: 0]
[use_quantized_grad: 0]
[num_grad_quant_bins: 4]
[quant_train_renew_leaf: 0]
[stochastic_rounding: 1]
[linear_tree: 0]
[max_bin: 63]
[max_bin_by_feature: ]
[min_data_in_bin: 3]
[bin_construct_sample_cnt: 200000]
[data_random_seed: 2664]
[is_enable_sparse: 1]
[enable_bundle: 1]
[use_missing: 1]
[zero_as_missing: 0]
[feature_pre_filter: 1]
[pre_partition: 0]
[two_round: 0]
[header: 0]
[label_column: ]
[weight_column: ]
[group_column: ]
[ignore_column: ]
[categorical_feature: ]
[forcedbins_filename: ]
[precise_float_parser: 0]
[parser_config_file: ]
[objective_seed: 11469]
[num_class: 1]
[is_unbalance: 0]
[scale_pos_weight: 1]
[sigmoid: 1]
[boost_from_average: 1]
[reg_sqrt: 0]
[alpha: 0.9]
[fair_c: 1]
[poisson_max_delta_step: 0.7]
[tweedie_variance_power: 1.5]
[lambdarank_truncation_level: 30]
[lambdarank_norm: 1]
[label_gain: ]
[lambdarank_position_bias_regularization: 0]
[eval_at: ]
[multi_error_top_k: 1]
[auc_mu_weights: ]
[num_machines: 1]
[local_listen_port: 12400]
[time_out: 120]
[machine_list_filename: ]
[machines: ]
[gpu_platform_id: -1]
[gpu_device_id: -1]
[gpu_device_id_list: ]
[gpu_use_dp: 0]
[num_gpu: 1]

end of parameters

pandas_categorical:[]
