tree
version=v4
num_class=1
num_tree_per_iteration=1
label_index=0
max_feature_idx=24
objective=binary sigmoid:1
feature_names=ret20 ret60 ret120 momentum252_20 ma20 ma60 ma200 drawdown60 drawdown252 vol20 vol60 downside60 vol_expansion rsi14 volume_shock log_turnover turnover_shock range20 relative20 relative60 market_ret20 market_ret60 breadth200 market_vol20 dispersion20
feature_infos=[-0.92641878128051758:6.5767917633056641] [-0.94255995750427246:21.247085571289062] [-0.95885497331619263:27.356060028076172] [-0.93863505125045776:26.121212005615234] [-0.86192613840103149:2.5155470371246338] [-0.90859663486480713:3.5744116306304932] [-0.90367245674133301:5.2354607582092285] [-0.94339066743850708:0] [-0.9669221043586731:0] [0.027096280828118324:14.120672225952148] [0.039521303027868271:38.344577789306641] [0:1.6623408794403076] [0.033108003437519073:1.762175440788269] [0:1] [0.00011126961908303201:12] [20.030130386352539:28.401023864746094] [0.00043789192568510771:3] [0.0039843423292040825:0.24489203095436096] [-0.95534378290176392:6.5356764793395996] [-1.0279383659362793:21.212968826293945] [-0.19025871157646179:0.12816762924194336] [-0.21291881799697876:0.13406597077846527] [0.088342443108558655:0.54096168279647827] [0.074556596577167511:0.40138965845108032] [0.024956967681646347:0.036262825131416321]
tree_sizes=1730 1798 1790 1782 1791 1791 1799 1797 1791 1797 1799 1802 1802 1793 1795 1800 1805 1796 1804 1808 1794 1796 1811 1813 1803 1811 1803 1803 1800 1818 1804 1798 1785 1805 1816 1795 1795 1803 1814 1821 1796 1810 1801 1800 1812 1812 1809 1801 1807 1802 1814 1806 1805 1796 1800 1803 1812 1812 1802 1794 1826 1805 1787 1800 1799 1803 1802 1802 1798 1799 1799 1806 1796 1807 1807 1808 1799 1797 1820 1800 1801 1810 1810 1800 1808 1791 1797 1808 1810 1808 1804 1812 1812 1807 1798 1806 1787 1794 1809 1799 1801 1803 1819 1809 1802 1801 1817 1801 1801 1819 1797 1810 1801 1802 1805 1804 1805 1795 1810 1793 1814 1798 1815 1808 1807 1805 1797 1798 1814 1806 1816 1804 1791 1798 1805 1795 1790 1812 1805 1802 1820 1813 1782 1792 1793 1797 1797 1820 1785 1794 1799 1798 1800 1806 1787 1796 1801 1781 1794 1813 1795 1787 1789 1787 1812 1801 1783 1819 1810 1775 1798 1794 1811 1811 1794 1789 1778 1813 1808 1799

Tree=0
num_leaves=15
num_cat=0
split_feature=3 22 22 8 21 24 10 24 8 3 10 21 6 22
split_gain=683.456 367.392 357.427 175.672 167.366 167.802 170.215 123.367 104.431 81.9674 84.3763 79.701 60.3251 47.7117
threshold=0.063979394733905806 0.35542443394660955 0.35781356692314154 -0.2670078426599502 -0.15558469295501706 0.026439630426466468 0.32223080098629003 0.027896618470549587 -0.29683119058609003 0.45276044309139257 0.78960132598876964 0.03740320727229119 0.13084281980991366 0.2409842982888222
decision_type=2 2 2 2 2 2 2 2 2 2 2 2 2 2
left_child=2 3 4 13 -1 -6 -7 -4 -3 -5 -11 -10 -9 -2
right_child=1 8 7 9 5 6 -8 12 11 10 -12 -13 -14 -15
leaf_value=-2.0471555484405646 -2.0091574045741045 -2.0409931159689751 -2.0204765841935184 -2.0032072594473713 -2.0425967040918525 -2.0353551219616328 -2.0194530104772221 -2.0449456471771517 -2.0292121767645712 -1.9731290068910092 -2.0090574774535792 -2.0119511622595967 -2.0315331245099815 -2.0237839486935969
leaf_weight=431.05336114764214 627.8012620434165 442.33126427978277 332.27742917090654 791.35656670480967 569.95235700160265 1028.6412617489696 4002.7613129168749 2560.1866338998079 729.31630250066519 290.56861324608326 126.84647291898727 581.07884653657675 500.29701380431652 484.95233894884586
leaf_count=4297 5888 4360 3406 7576 5709 9857 37936 25472 7195 2778 1207 5815 5001 4691
internal_value=-2.02633 -2.01437 -2.03151 -2.00527 -2.0264 -2.02476 -2.02272 -2.04058 -2.02648 -1.99607 -1.98339 -2.02151 -2.04278 -2.01545
internal_weight=13499.4 4074.25 9425.17 2321.53 6032.41 5601.35 5031.4 3392.76 1752.73 1208.77 417.415 1310.4 3060.48 1112.75
internal_count=131188 39510 91678 22140 57799 53502 47793 33879 17370 11561 3985 13010 30473 10579
is_linear=0
shrinkage=1


Tree=1
num_leaves=15
num_cat=0
split_feature=3 23 22 21 8 22 24 20 8 20 21 22 6 23
split_gain=633.845 382.018 334.152 174.555 156.352 140.18 136.091 98.1895 98.1487 95.0541 73.3778 62.3427 57.5096 59.0909
threshold=0.063979394733905806 0.13378148525953296 0.35542443394660955 -0.15558469295501706 -0.31923802196979517 0.37421594560146337 0.027066921815276149 -0.0042187713552266351 -0.29683119058609003 0.086438085883855834 0.03740320727229119 0.18733153492212298 -0.28388874232769007 0.10839130729436876
decision_type=2 2 2 2 2 2 2 2 2 2 2 2 2 2
left_child=1 9 4 -3 -2 6 -5 11 -4 12 -10 -6 -1 -14
right_child=2 3 8 5 7 -7 -8 -9 10 -11 -12 -13 13 -15
leaf_value=0.0020284621598524893 0.0080738405171167822 -0.020431697558495648 -0.014316498932128167 -0.010695488257445677 0.032869055377709525 -0.010351692991607125 0.007677206407869246 0.037567796729425729 -0.0027844259730984886 0.0081502967399529318 0.013736241586668071 0.012392842643944838 -0.020493830122035778 -0.011125345657614765
leaf_weight=229.64217963069677 867.57043436914682 424.20481445640326 437.37586577236652 560.50065007060766 265.88621955364943 835.24764813482761 3712.8611184209585 618.56550713628531 727.70761845260859 228.35029523074627 587.51287307590246 606.58234678208828 1745.5089170783758 1652.1120128780603
leaf_count=2269 8174 4297 4360 5523 2450 8572 34988 5697 7195 2275 5815 5819 17214 16540
internal_value=-1.82771e-06 -0.00502018 0.0114426 0.000876469 0.0200154 0.0026823 0.00524807 0.0268636 -0.000142612 -0.0134623 0.00464337 0.0189348 -0.0148415 -0.0159844
internal_weight=13499.6 9388.43 4111.2 5532.81 2358.6 5108.61 4273.36 1491.03 1752.6 3855.61 1315.22 872.469 3627.26 3397.62
internal_count=131188 91678 39510 53380 22140 49083 40511 13966 17370 38298 13010 8269 36023 33754
is_linear=0
shrinkage=0.035


Tree=2
num_leaves=15
num_cat=0
split_feature=3 23 22 10 21 6 22 8 10 20 21 21 24 6
split_gain=587.934 360.676 305.698 170.193 165.972 149.287 126.413 106.445 97.5255 90.0258 87.7425 64.9925 68.7702 54.807
threshold=0.063979394733905806 0.13378148525953296 0.3397038877010346 0.30578473210334783 -0.15558469295501706 0.1863512918353081 0.29119834303855902 -0.29683119058609003 0.76547798514366161 0.086438085883855834 0.060504643246531493 -0.13325501978397367 0.026834268122911457 -0.28388874232769007
decision_type=2 2 2 2 2 2 2 2 2 2 2 2 2 2
left_child=1 9 5 -3 -5 11 -6 -4 -7 13 -9 -2 -13 -1
right_child=2 3 7 4 6 8 -8 10 -10 -11 -12 12 -14 -15
leaf_value=0.001957448947330704 -0.0072916519098086222 -0.013361186270085972 -0.01251281475709873 -0.018729816085196169 0.0093682765914802815 0.050737336567197491 -0.0036554463718246008 0.00084970823844533641 0.019470293411114049 0.0078292175180102279 0.019849722818272568 -0.010435823930281699 0.019024118429147099 -0.015622016706918564
leaf_weight=230.0005049481988 143.64382746070623 861.62836197763681 506.34633637964725 369.2826327085495 3002.3400919511914 271.6898497492075 1303.5734037458897 1132.0699548348784 251.02915345877409 229.77909002453089 394.46406746655703 98.362433664500713 1349.0980992168188 3356.1417033970356
leaf_count=2269 1395 8429 5083 3797 27983 2473 13171 11107 2310 2275 3876 959 12307 33754
internal_value=-3.9257e-06 -0.00486716 0.0109503 0.000841717 0.00348221 0.0202366 0.00542614 0.00124235 0.0363691 -0.0131312 0.00585664 0.0147426 0.0169643 -0.0144922
internal_weight=13499.4 9352.75 4146.7 5536.82 4675.2 2113.82 4305.91 2032.88 522.719 3815.92 1526.53 1591.1 1447.46 3586.14
internal_count=131188 91678 39510 53380 44951 19444 41154 20066 4783 38298 14983 14661 13266 36023
is_linear=0
shrinkage=0.035


Tree=3
num_leaves=15
num_cat=0
split_feature=22 6 21 24 22 6 24 21 9 11 24 20 15 22
split_gain=523.76 266.47 196.02 214.717 211.911 182.601 137.474 131.546 112.954 63.745 61.7021 38.7771 34.9613 31.8677
threshold=0.36707998812198644 0.16605263948440555 -0.15558469295501706 0.027066921815276149 0.26176579296588903 0.16605263948440555 0.027896618470549587 0.099522776901721968 0.9440138339996339 0.47178424894809728 0.033893479034304626 -0.020915670320391651 23.834196090698246 0.19535173475742343
decision_type=2 2 2 2 2 2 2 2 2 2 2 2 2 2
left_child=1 2 -1 7 -5 6 -2 -4 10 -7 12 -8 -3 -10
right_child=5 8 3 4 -6 9 11 -9 13 -11 -12 -13 -14 -15
leaf_value=-0.018346911493385774 0.0069423760252293422 0.026758462566536096 -0.016610163644684008 0.012309164389100376 -0.00049910400584862518 0.0064602076042113146 -0.0044032125753552826 0.012183761862248172 0.021627645688851577 -0.016524213525723627 0.0017134828249862578 -0.017626798495343741 0.048112533835652754 -0.0025623587742832454
leaf_weight=505.06635104119778 342.82578724622726 546.575439222157 859.44998645782471 3448.8004288226366 2915.3864519223571 896.19275213778019 310.75505840778351 242.3975585103035 79.396381802856922 166.82374850660563 97.436945490539074 2695.3751421421766 135.850088365376 256.33920798450708
leaf_count=5211 3516 5010 8623 31357 28389 8974 3353 2335 723 1681 942 27385 1249 2440
internal_value=-5.46746e-06 0.00479777 0.00254331 0.00397916 0.00645021 -0.00988647 -0.0138882 -0.0102231 0.0207404 0.00273278 0.0279725 -0.016279 0.0316429 0.0036183
internal_weight=13498.7 9086.7 7971.1 7466.03 6364.19 4411.97 3348.96 1101.85 1115.6 1063.02 779.862 3006.13 682.426 335.736
internal_count=131188 86279 75915 70704 59746 44909 34254 10958 10364 10655 7201 30738 6259 3163
is_linear=0
shrinkage=0.035


Tree=4
num_leaves=15
num_cat=0
split_feature=22 6 21 24 8 22 21 9 24 10 21 14 24 9
split_gain=490.593 248.178 184.062 221.385 183.267 158.928 114.638 105.347 91.8904 69.6462 56.9709 44.5295 41.0381 35.9181
threshold=0.35781356692314154 0.13084281980991366 -0.15558469295501706 0.027066921815276149 -0.18845927715301511 0.26176579296588903 0.099522776901721968 0.9440138339996339 0.027896618470549587 0.32223080098629003 0.034437296912074096 1.9720126986503603 0.03199290111660958 1.0244091153144839
decision_type=2 2 2 2 2 2 2 2 2 2 2 2 2 2
left_child=1 2 -1 6 8 -5 -4 11 -2 -6 -11 12 -3 -12
right_child=4 7 3 5 9 -7 -8 -9 -10 10 13 -13 -14 -15
leaf_value=-0.017905090783663376 0.004573765333601279 0.032792790282537676 -0.016585076715309836 0.011612970557767527 -0.011527854322119358 -0.00015551824909650698 0.01073887209140113 0.0027629394094465048 -0.015637386547896884 -0.0043872621507105658 0.013589911272278219 0.0063927019069514503 0.010425532647098763 -0.007790691964852943
leaf_weight=490.1546935364604 299.96604648977518 624.73492524027824 829.79863848537207 3415.5867694020271 433.80413899570704 2383.5568996742368 234.82378771156073 336.47053076326847 2904.6210648417473 515.99404157698154 657.62501141428947 131.10472398996353 133.62445823103189 105.77152335643768
leaf_count=5133 3067 5564 8436 30780 4414 23145 2242 3151 29957 5179 6572 1216 1279 1053
internal_value=-6.36729e-06 0.00504387 0.00260115 0.00408946 -0.00880966 0.00678396 -0.0105144 0.0195572 -0.0137372 0.000433637 0.00454738 0.0258088 0.0290386 0.0105651
internal_weight=13497.6 8579.86 7353.92 6863.77 4917.78 5799.14 1064.62 1225.93 3204.59 1713.19 1279.39 889.464 758.359 763.397
internal_count=131188 80946 69736 64603 50242 53925 10678 11210 33024 17218 12804 8059 6843 7625
is_linear=0
shrinkage=0.035


Tree=5
num_leaves=15
num_cat=0
split_feature=3 23 22 10 8 8 23 24 20 20 23 24 6 23
split_gain=520.64 313.435 244.357 157.053 123.709 93.8688 79.9803 82.3638 77.7895 75.8426 55.305 55.1177 53.3799 56.2616
threshold=0.063979394733905806 0.13378148525953296 0.3397038877010346 0.30578473210334783 -0.2670078426599502 -0.29683119058609003 0.39298018813133245 0.027066921815276149 0.086438085883855834 -0.015619827434420584 0.13378148525953296 0.027896618470549587 -0.28388874232769007 0.10839130729436876
decision_type=2 2 2 2 2 2 2 2 2 2 2 2 2 2
left_child=1 8 4 -3 10 -4 7 -5 12 -6 -2 -7 -1 -14
right_child=2 3 5 6 9 11 -8 -9 -10 -11 -12 -13 13 -15
leaf_value=0.0025499703543384613 -0.0043991485705432449 -0.013078008631684783 -0.011692048520855721 -0.0094029129296376406 0.016687222477061416 0.033304491206483863 -0.019335035008778811 0.0057122664893238381 0.0068297708342212301 0.035465825166747802 0.0140976214762795 0.0040945097792727085 -0.019402637490049269 -0.010107953639127892
leaf_weight=227.02463428676128 256.00662036240101 853.86265466362238 493.64067956805229 486.53593169152737 548.19676684588194 74.073046937584877 176.36314753443003 4042.767623141408 234.31800622493029 564.52679273486137 807.73629184812307 1456.5010140612721 1670.9275251626968 1603.9378815516829
leaf_count=2269 2422 8429 5083 4868 4865 713 1928 38155 2275 4879 7278 14270 17214 16540
internal_value=-8.11137e-06 -0.00462879 0.0102038 0.000642902 0.0183167 0.00143349 0.00315507 0.00407146 -0.0124539 0.0264454 0.00964657 0.00571515 -0.01376 -0.014895
internal_weight=13496.4 9295.74 4200.68 5559.53 2176.47 2024.21 4705.67 4529.3 3736.21 1112.72 1063.74 1530.57 3501.89 3274.87
internal_count=131188 91678 39510 53380 19444 20066 44951 43023 38298 9744 9700 14983 36023 33754
is_linear=0
shrinkage=0.035


Tree=6
num_leaves=15
num_cat=0
split_feature=3 23 23 10 21 23 8 20 8 20 6 23 10 21
split_gain=483.398 295.705 167.287 147.854 132.877 112.958 106.767 73.6378 71.9027 66.0795 50.7814 54.3213 44.3079 41.4879
threshold=0.063979394733905806 0.13378148525953296 0.14419928938150409 0.31429205834865576 -0.15558469295501706 0.27203558385372167 -0.28927157819271082 0.086438085883855834 -0.34142901003360743 0.03655372932553292 -0.28388874232769007 0.10839130729436876 0.76547798514366161 0.078751675784587874
decision_type=2 2 2 2 2 2 2 2 2 2 2 2 2 2
left_child=1 7 6 -3 -5 -6 -2 10 -4 13 -1 -12 -11 -8
right_child=2 3 8 4 5 -7 9 -9 -10 12 11 -13 -14 -15
leaf_value=0.0024597627888765876 -0.0079893508199530405 -0.011952292483425109 0.0072380062109861608 -0.017314470797168496 0.0025504046172366286 0.018686133332063423 0.0024097639608589793 0.0065672117038690489 0.022072403535312739 0.026339611799934163 -0.019017621796866849 -0.009834219328409612 -0.0013190255322227239 0.026967071566744386
leaf_weight=227.47170216590166 690.65658404678106 941.27809189260006 595.38338987529278 347.53930559754372 3660.8870427682996 612.69705046713352 1157.7349939346313 235.53475564718246 1300.2100370898843 317.67877183109522 1645.742256000638 1591.3871960639954 89.379132509231567 81.170250058174133
leaf_count=2269 6925 9365 5409 3745 34936 5334 11138 2275 11539 2926 17214 16540 833 740
internal_value=-9.38263e-06 -0.00448664 0.00977694 0.000616878 0.00319738 0.00490198 0.00348357 -0.0121397 0.0174755 0.00831686 -0.0134267 -0.0145472 0.0203805 0.00422175
internal_weight=13494.8 9262.54 4232.21 5562.4 4621.12 4273.58 2336.62 3700.14 1895.59 1645.96 3464.6 3237.13 407.058 1238.91
internal_count=131188 91678 39510 53380 44015 40270 22562 38298 16948 15637 36023 33754 3759 11878
is_linear=0
shrinkage=0.035


Tree=7
num_leaves=15
num_cat=0
split_feature=3 23 22 21 22 24 8 11 8 20 20 21 23 6
split_gain=448.848 278.961 214.737 130.044 105.079 103.296 101.34 78.5641 72.5576 70.7035 69.6899 58.63 48.7953 44.2533
threshold=0.063979394733905806 0.13378148525953296 0.35542443394660955 -0.15558469295501706 0.37421594560146337 0.027066921815276149 -0.31923802196979517 0.11597722023725511 -0.29683119058609003 -0.0042187713552266351 0.086438085883855834 0.03740320727229119 0.10839130729436876 -0.30644971132278437
decision_type=2 2 2 2 2 2 2 2 2 2 2 2 2 2
left_child=1 10 6 -3 5 -5 -2 -8 -4 -9 12 -10 13 -1
right_child=2 3 8 4 -6 -7 7 9 11 -11 -12 -13 -14 -15
leaf_value=0.0065589664433473088 0.0063622914796746619 -0.01855486659118584 -0.012668380104217078 -0.0098612196302366294 -0.0093987515069329838 0.0062831322393173111 0.066770361601949393 0.013110328660184464 -0.0027675330793831762 0.028332427256916981 0.0063159803463018914 0.011872297474117244 -0.0088092588326086751 -0.018536423124891448
leaf_weight=86.063970230519772 896.08302840590477 393.16790948063135 414.59212257713079 547.03276583552361 812.67785701155663 3811.9563896358013 36.654427655041218 917.0864579230547 727.37950590252876 664.19826962053776 236.70846658945084 606.67103739082813 1702.4639819636941 1639.9269912242889
leaf_count=855 8174 4297 4360 5523 8572 34988 308 8103 7195 5555 2275 5815 17769 17399
internal_value=-1.00254e-05 -0.00434773 0.00937065 0.000593374 0.00208209 0.00423916 0.0159016 0.0211133 -5.59037e-05 0.019642 -0.011831 0.00392886 -0.0130987 -0.0172545
internal_weight=13492.7 9230 4262.66 5564.83 5171.67 4358.99 2514.02 1617.94 1748.64 1581.28 3665.16 1334.05 3428.45 1725.99
internal_count=131188 91678 39510 53380 49083 40511 22140 13966 17370 13658 38298 13010 36023 18254
is_linear=0
shrinkage=0.035


Tree=8
num_leaves=15
num_cat=0
split_feature=3 23 22 10 21 23 8 8 20 17 3 17 6 24
split_gain=417.967 257.734 230.967 136.532 107.441 106.259 90.8156 69.8499 68.6223 66.8739 61.0773 68.3859 55.3109 52.636
threshold=1.0000000180025095e-35 0.13378148525953296 0.36707998812198644 0.32223080098629003 -0.15558469295501706 0.27203558385372167 -0.31923802196979517 -0.28927157819271082 0.086438085883855834 0.026424471288919452 0.45276044309139257 0.030384469777345661 -0.28388874232769007 0.027896618470549587
decision_type=2 2 2 2 2 2 2 2 2 10 2 8 2 2
left_child=1 8 6 -3 -5 -6 -2 -4 12 -9 -8 -12 -1 -11
right_child=2 3 7 4 5 -7 10 9 -10 13 11 -13 -14 -15
leaf_value=0.002732462546721247 0.0050191503106748738 -0.012015640863707849 -0.014866334045653112 -0.016614332782434973 0.001909273093287991 0.018036254576875826 0.013333431637359897 -0.018911355804859382 0.0059514226365327341 0.033152503971554219 0.070569218202326339 0.02280102304640395 -0.015251917234750717 0.0024874522044863955
leaf_weight=223.37091692537069 1136.2284750938416 927.47682140022516 415.83404776453972 314.24267149716616 3301.355941683054 580.61929929256439 1592.2722993344069 162.49826995283365 223.6418978869915 63.374610379338264 32.272952273488045 632.29475670307875 2796.4740691930056 1087.8965166732669
leaf_count=2231 10487 9298 4422 3482 31410 4957 14247 1645 2139 604 266 5392 29835 10773
internal_value=-1.01313e-05 -0.0048289 0.00785473 6.29921e-05 0.00275491 0.0043615 0.0131484 -0.00254613 -0.012533 0.00143631 0.017201 0.0261325 -0.013917 0.00444644
internal_weight=13489.9 8367.18 5122.67 5123.69 4196.22 3881.98 3393.07 1729.6 3243.49 1313.77 2256.84 664.568 3019.84 1151.27
internal_count=131188 83352 47836 49147 39849 36367 30392 17444 34205 13022 19905 5658 32066 11377
is_linear=0
shrinkage=0.035


Tree=9
num_leaves=15
num_cat=0
split_feature=3 22 22 10 21 20 6 21 8 10 21 17 6 22
split_gain=390.088 237.979 185.261 112.939 101.829 103.789 91.1388 75.6701 73.0656 72.3512 65.7738 59.7962 53.1608 57.4454
threshold=0.063979394733905806 0.35781356692314154 0.3397038877010346 0.31429205834865576 -0.15558469295501706 -0.074349697679281221 0.21036731451749804 0.03740320727229119 -0.29683119058609003 0.76547798514366161 0.05185144022107125 0.053243666887283332 0.13084281980991366 0.40841747820377355
decision_type=2 2 2 2 2 2 2 2 2 2 2 10 2 2
left_child=1 3 6 -1 -5 -6 11 -3 -4 -8 -10 -2 13 -9
right_child=2 7 8 4 5 -7 9 12 10 -11 -12 -13 -14 -15
leaf_value=-0.010591788956530141 0.015995245491103049 -0.018259041128958889 -0.010808272189450281 -0.016240283553262812 0.015520313770925458 0.0012362077389749628 0.04055940524708887 -0.0027809522859052935 4.0064891030440642e-05 0.01407301263763786 0.015746076136207408 0.0021402824435270531 0.0051719754815068904 -0.016535927343742436
leaf_weight=1016.0920732915401 1176.4735455438495 1316.3854202106595 480.46029333025217 333.80217557400465 730.6378179192543 3941.5818979665637 271.5527426674962 710.97387091815472 1109.0985601842403 258.45373265445232 453.00866267830133 567.5808394625783 339.43635211139917 781.2351830303669
leaf_count=10174 10165 14208 5083 3745 6447 37433 2147 7467 10778 2171 4205 4961 3564 8640
internal_value=-9.31148e-06 -0.00409272 0.00865479 -1.18844e-05 0.0021524 0.00349832 0.0155038 -0.0118745 0.000991138 0.0281433 0.00466597 0.0115242 -0.00721177 -0.0100444
internal_weight=13486.8 9170.14 4316.63 6022.11 5006.02 4672.22 2274.06 3148.03 2042.57 530.006 1562.11 1744.05 1831.65 1492.21
internal_count=131188 91678 39510 57799 47625 43880 19444 33879 20066 4318 14983 15126 19671 16107
is_linear=0
shrinkage=0.035


Tree=10
num_leaves=15
num_cat=0
split_feature=3 22 22 24 24 21 22 24 8 8 17 3 17 24
split_gain=365.468 199.61 197.917 93.2659 91.6983 108.375 98.2766 88.936 78.8843 63.0971 62.4373 52.1281 107.766 46.6941
threshold=1.0000000180025095e-35 0.36707998812198644 0.35781356692314154 0.027896618470549587 0.026439630426466468 -0.11719527095556258 0.2409842982888222 0.031326424330472953 -0.31923802196979517 -0.28927157819271082 0.026424471288919452 0.30129462480545049 0.028128365054726604 0.027896618470549587
decision_type=2 2 2 2 2 2 2 2 2 2 10 2 8 2
left_child=2 8 4 -4 -1 7 -7 -6 -2 -3 -11 -10 -13 -12
right_child=1 9 3 -5 5 6 -8 -9 11 10 13 12 -14 -15
leaf_value=-0.01484809759550159 0.0045737455376489945 -0.014287488703491641 0.0058773546289852012 -0.014350164986559052 -0.014842263320284696 0.0085151675838031522 -0.0024914111494129315 0.009356758078954374 0.011154311293952494 -0.018517418154716851 0.030813116013917743 0.06916535039836065 0.018868591715250745 0.002329578875969246
leaf_weight=499.0988983809948 1146.1863079667091 407.63273115456104 308.81251589953899 2494.221099331975 797.47038151323795 2113.6249846965075 1861.1112156063318 234.22585881501436 1317.4024531617761 159.91010797023773 65.570538491010666 47.333201006054878 939.88045410066843 1091.4085405170918
leaf_count=5408 10487 4422 3171 27299 8039 19061 18438 1936 11678 1645 604 381 7846 10773
internal_value=-1.00542e-05 0.00728284 -0.00455602 -0.0121087 -0.000695737 0.00074192 0.00336818 -0.00931128 0.0121309 -0.00243228 0.00131743 0.0158534 0.0219495 0.00419406
internal_weight=13483.9 5175.32 8308.56 2803.03 5505.53 5006.43 3974.74 1031.7 3450.8 1724.52 1316.89 2304.62 987.214 1156.98
internal_count=131188 47836 83352 30470 52882 47474 37499 9975 30392 17444 13022 19905 8227 11377
is_linear=0
shrinkage=0.035


Tree=11
num_leaves=15
num_cat=0
split_feature=3 23 22 10 21 23 8 20 8 3 10 10 7 23
split_gain=340.169 228.324 183.868 123.197 94.9124 87.6077 71.9247 61.9506 59.5974 48.4853 56.7097 45.5865 46.4692 43.7971
threshold=1.0000000180025095e-35 0.13378148525953296 0.36707998812198644 0.30578473210334783 -0.15558469295501706 0.27203558385372167 -0.31923802196979517 0.086438085883855834 -0.28927157819271082 0.45276044309139257 0.42773909866809851 0.32223080098629003 -0.12795091420412061 0.10839130729436876
decision_type=2 2 2 2 2 2 2 2 2 2 2 2 2 2
left_child=1 7 6 -3 -5 -6 -2 13 -4 -8 -11 -10 -13 -1
right_child=2 3 8 4 5 -7 9 -9 11 10 -12 12 -14 -15
leaf_value=-0.017423517817183706 0.0043996989389104542 -0.012969472750578748 -0.013955433108957386 -0.015947288382447328 0.0016636580905565407 0.015966463868533169 0.011721548565304312 0.0057206297972367147 -0.012423180005965519 0.047468435152084827 0.018385430778240241 -0.0049272995736833409 0.0098952161471796106 -0.0087781793126469696
leaf_weight=1467.3156636059284 1150.1480930149555 737.36016677320004 403.04555902630091 310.39224299788475 3453.5205546841025 609.25475285202265 1635.7972133234143 224.67580249905586 233.85597249865532 93.117439277470112 601.88148315250874 408.70689026266336 675.47829931974411 1475.9871727153659
leaf_count=16201 10487 7582 4422 3572 32910 5083 14247 2139 2417 731 4927 4046 6559 15865
internal_value=-9.51398e-06 -0.00441511 0.00699656 0.000165445 0.00240466 0.00384245 0.0116129 -0.0117816 -0.00235334 0.0151384 0.0229001 0.00127285 0.00431359 -0.0131325
internal_weight=13480.5 8278.51 5202.03 5110.53 4373.17 4062.78 3480.94 3167.98 1721.09 2330.8 694.999 1318.04 1084.19 2943.3
internal_count=131188 83352 47836 49147 41565 37993 30392 34205 17444 19905 5658 13022 10605 32066
is_linear=0
shrinkage=0.035


Tree=12
num_leaves=15
num_cat=0
split_feature=22 3 6 11 24 21 23 24 11 6 17 3 20 17
split_gain=322.264 263.721 138.674 129.415 107.415 97.2291 122.749 93.8754 55.7013 44.6504 52.4735 37.9948 37.1478 35.5985
threshold=0.36707998812198644 0.10284244641661645 0.16605263948440555 0.14799184352159503 0.027896618470549587 -0.15558469295501706 0.13378148525953296 0.027066921815276149 0.47178424894809728 0.13084281980991366 0.074814073741436019 -0.043076051399111741 -0.020915670320391651 0.053243666887283332
decision_type=2 2 2 2 2 2 2 2 2 2 8 2 2 10
left_child=1 5 4 -3 -2 -1 11 -8 -4 13 -11 -7 -6 -5
right_child=2 3 8 9 12 6 7 -9 -10 10 -12 -13 -14 -15
leaf_value=-0.017015851120639192 0.0064922679890423328 0.056181871081494861 0.0062884513040283186 0.011366195023088837 -0.0021873152759189999 -0.010106009302223638 -0.009443839007064336 0.0057717161121547912 -0.015517849338953709 0.022445065167784429 0.0044801314954852666 0.0021817680084463805 -0.015421359193119932 0.00016471344776099344
leaf_weight=382.03322903066874 345.67740638554096 72.819208793342113 898.59613627195358 1080.689336836338 294.00248108059168 1266.9226172715425 557.18820521235466 4031.0910484492779 160.64939640462399 700.54132308065891 284.89727840572596 402.22270654886961 2489.38150485605 510.52759693562984
leaf_count=4409 3516 569 8974 9348 3353 13289 5673 36411 1681 5663 2419 3982 27385 4516
internal_value=-1.01961e-05 0.0036237 -0.00805899 0.0129368 -0.011755 -0.000106535 0.000951328 0.00390746 0.00286702 0.0115021 0.0173485 -0.0071496 -0.0140363 0.00779577
internal_weight=13477.2 9288.93 4188.31 2649.47 3129.06 6639.46 6257.42 4588.28 1059.25 2576.66 985.439 1669.15 2783.38 1591.22
internal_count=131188 86279 44909 22515 34254 63764 59355 42084 10655 21946 8082 17271 30738 13864
is_linear=0
shrinkage=0.035


Tree=13
num_leaves=15
num_cat=0
split_feature=22 3 11 6 10 24 21 23 11 8 24 21 15 23
split_gain=301.454 243.759 138.079 130.88 106.304 101.667 88.5385 109.191 52.2965 41.9335 45.9863 41.0894 45.2475 38.0638
threshold=0.36707998812198644 0.12464760616421701 0.14799184352159503 0.16605263948440555 0.31429205834865576 0.027896618470549587 -0.15558469295501706 0.13378148525953296 0.47178424894809728 -0.28927157819271082 0.03199290111660958 -0.096735831350088106 24.013175964355472 0.13378148525953296
decision_type=2 2 2 2 2 2 2 2 2 2 2 2 2 2
left_child=1 4 -3 5 11 -2 -6 -8 -5 13 -11 -1 -13 -4
right_child=3 2 9 8 6 -7 7 -9 -10 10 -12 12 -14 -15
leaf_value=-0.024512927949395802 0.0062407585604219917 0.06041738427500408 -0.0046783728733502325 0.0060414513056920999 -0.015188248612783496 -0.013701342862895241 -0.0055465968238271098 0.0060389692149517282 -0.015181253106891663 0.017988981918112216 0.0017379179808550739 -0.0084708300302302423 0.02202879253461763 0.010093189408495826
leaf_weight=179.95045231282711 347.39403849840164 62.872181423008442 297.33528975397348 902.92779198288918 333.8394543081522 2752.5667845159769 1320.5724788457155 3971.0203609913588 158.72016823291779 1191.7795134708285 262.10523692518473 930.85064270347357 54.141511797904968 707.62025146186352
leaf_count=1829 3516 467 2805 8974 3897 30738 13653 35784 1681 9504 2314 9358 534 6134
internal_value=-1.04597e-05 0.00348907 0.012758 -0.00783066 3.31928e-05 -0.0114537 0.0020298 0.00314266 0.00275653 0.0112996 0.0150911 -0.0095435 -0.00658983 0.00571971
internal_weight=13473.7 9312.09 2521.71 4161.61 6790.37 3099.96 5625.43 5291.59 1061.65 2458.84 1453.88 1164.94 984.992 1004.96
internal_count=131188 86279 21224 44909 65055 34254 53334 49437 10655 20757 11818 11721 9892 8939
is_linear=0
shrinkage=0.035


Tree=14
num_leaves=15
num_cat=0
split_feature=23 21 8 24 24 10 24 21 20 11 6 15 20 23
split_gain=242.227 153.742 152.135 115.09 119.463 127.143 97.2089 72.0046 45.0753 43.2757 43.2368 45.5832 39.7237 38.0035
threshold=0.13378148525953296 -0.11719527095556258 -0.18845927715301511 0.026834268122911457 0.032702438533306129 0.32223080098629003 0.031326424330472953 -0.012050007469952105 0.03655372932553292 0.31775064766407018 0.16605263948440555 23.533616065979007 0.086438085883855834 0.10839130729436876
decision_type=2 2 2 2 2 2 2 2 2 2 2 2 2 2
left_child=2 6 12 -3 5 -5 10 -6 -4 -8 -2 -12 13 -1
right_child=1 3 8 4 7 -7 9 -9 -10 -11 11 -13 -14 -15
leaf_value=-0.014168793951774509 -0.013549903727895635 -0.011664862374393696 -0.0012692690077835407 -0.0029762017589315811 0.0067673948995696526 0.01247011486501708 -0.0081286754480553985 -0.010022116858403065 0.01005421316672394 0.019396308237612517 0.035828506692922764 -0.014904412852099778 0.0049384565776163019 -0.0068424864960080281
leaf_weight=1746.7746092677116 987.44914956390858 402.53984590619802 1306.1757653057575 775.09413766115904 576.76570102572441 4015.0209869369864 96.847731232643127 661.2344656586647 631.09341062605381 205.29020952433348 37.676878340542316 32.007993511855602 211.13776936382055 1784.8600804880261
leaf_count=19131 9977 4123 13001 7445 5304 35131 794 7130 6087 1624 299 269 2002 18871
internal_value=-1.06902e-05 0.00399509 -0.0055018 0.00625516 0.00746915 0.00996973 -0.00666482 -0.00220859 0.00245221 0.0105957 -0.0116511 0.0135796 -0.00961439 -0.0104959
internal_weight=13470 7789.93 5680.04 6430.66 6028.12 4790.12 1359.27 1238 1937.27 302.138 1057.13 69.6849 3742.77 3531.63
internal_count=131188 72096 59092 59133 55010 42576 12963 12434 19088 2418 10545 568 40004 38002
is_linear=0
shrinkage=0.035


Tree=15
num_leaves=15
num_cat=0
split_feature=3 23 22 10 20 21 23 8 20 6 21 6 9 23
split_gain=284.481 185.732 139.131 104.487 84.355 73.9905 76.1977 55.5545 53.6979 55.4343 51.5561 46.4852 49.4944 44.167
threshold=1.0000000180025095e-35 0.13378148525953296 0.35542443394660955 0.30578473210334783 -0.0012952625402249394 -0.15558469295501706 0.27203558385372167 -0.28927157819271082 0.086438085883855834 -0.28388874232769007 0.03740320727229119 0.023572724312543872 0.66266426444053661 0.10839130729436876
decision_type=2 2 2 2 2 2 2 2 2 2 2 2 2 2
left_child=1 8 4 -3 -2 -5 -7 -4 9 -1 -9 -6 -13 -11
right_child=2 3 7 5 11 6 -8 10 -10 13 -12 12 -14 -15
leaf_value=0.004790478831513437 0.006392381784997527 -0.012257338315152176 -0.0110003359888901 -0.014600939104763318 0.0099056369722225583 0.0012231977416626324 0.014411886651168064 -0.0034830351994917185 0.0053488088015313353 -0.018106964155298069 0.009092035690943856 0.03006594798011851 0.0091926915114124482 -0.0089342635394199579
leaf_weight=213.70333184301853 1979.1353353261948 720.76637315750122 483.39338430762291 295.37390725314617 517.82483042031527 3484.9942543655634 624.82112330943346 841.06066633760929 226.35395753383636 1313.0628621280193 743.87271609157324 487.90401248633862 209.24198638647795 1326.1147843971848
leaf_count=2231 17011 7582 5403 3572 4420 32910 5083 8425 2139 15175 7125 3801 1651 14660
internal_value=-1.1749e-05 -0.00408389 0.00633324 1.56595e-06 0.0109014 0.00203056 0.00325841 -0.000739792 -0.0108629 -0.0121633 0.00243895 0.0181342 0.0240196 -0.0135491
internal_weight=13467.6 8205.19 5262.43 5125.96 3194.11 4405.19 4109.82 2068.33 3079.23 2852.88 1584.93 1214.97 697.146 2639.18
internal_count=131188 83352 47836 49147 26883 41565 37993 20953 34205 32066 15550 9872 5452 29835
is_linear=0
shrinkage=0.035


Tree=16
num_leaves=15
num_cat=0
split_feature=3 23 23 10 21 23 8 21 6 3 10 24 21 21
split_gain=264.774 175.127 103.704 98.1849 69.5807 70.0523 66.507 59.5288 46.3516 38.6307 51.2176 38.2755 75.4408 36.2884
threshold=1.0000000180025095e-35 0.13378148525953296 0.14419928938150409 0.30578473210334783 -0.15558469295501706 0.27203558385372167 -0.18845927715301511 -0.13325501978397367 -0.28388874232769007 0.62993767857551586 0.51739025115966808 0.028159140609204773 -0.015407797880470751 0.064371928572654738
decision_type=2 2 2 2 2 2 2 2 2 2 2 2 2 2
left_child=1 8 6 -3 -5 -6 -2 -4 -1 -8 -11 13 -13 -10
right_child=2 3 7 4 5 -7 9 -9 11 10 -12 12 -14 -15
leaf_value=0.0046125517564116246 -0.0039096391759334496 -0.011949486444842349 -0.0058439872832881197 -0.014272733911682187 0.0011793957327065267 0.013768684809270511 0.0039132242103060381 0.01299848290987525 -0.012538532853727228 0.042205464213885838 0.0085266336390178218 0.0033340710882256265 -0.016846812493938598 0.0023493183225810296
leaf_weight=222.91522774845362 1400.9108986333013 713.84066495299339 220.25741584599018 291.88283616304398 3488.2317933514714 631.46477179229259 1142.0163483247161 2251.2437764406204 392.51912780851126 70.379711605608463 201.07861969619989 256.29950647056103 1786.3269202187657 394.42678377777338
leaf_count=2310 13991 7582 2036 3572 32910 5083 10644 18771 4476 606 1788 2695 20657 4067
internal_value=-1.23228e-05 -0.00395673 0.0060861 -5.68014e-08 0.00195614 0.00313774 0.00148145 0.0113025 -0.0105787 0.00681456 0.0184477 -0.0117875 -0.0143107 -0.00514072
internal_weight=13463.8 8177.91 5285.89 5125.42 4411.58 4119.7 2814.39 2471.5 3052.49 1413.47 271.458 2829.57 2042.63 786.946
internal_count=131188 83352 47836 49147 41565 37993 27029 20807 34205 13038 2394 31895 23352 8543
is_linear=0
shrinkage=0.035


Tree=17
num_leaves=15
num_cat=0
split_feature=22 3 11 6 10 14 16 21 22 11 14 21 15 8
split_gain=250.722 197.099 124.315 114.372 87.2485 78.5949 75.7771 55.9266 61.1693 47.6294 46.6278 39.4984 41.7895 39.2455
threshold=0.36707998812198644 0.12464760616421701 0.11597722023725511 0.16605263948440555 0.31429205834865576 0.31034220755100256 1.5184229016304018 0.03740320727229119 0.45299300551414495 0.47178424894809728 0.553692787885666 -0.096735831350088106 24.013175964355472 -0.22893909364938733
decision_type=2 2 2 2 2 2 2 2 2 2 2 2 2 2
left_child=1 4 -3 7 11 -6 -7 -2 10 -5 -9 -1 -13 -4
right_child=3 2 13 9 5 6 -8 8 -10 -11 -12 12 -14 -15
leaf_value=-0.023750614828688957 -0.016016343087849143 0.069403300428054843 0.0061956582543346538 0.0057155892112334206 -0.0074886233061860468 0.0063876704684772247 -0.0034503317362438199 -0.012067210957588038 -0.015438529018621621 -0.014677631259360774 0.0033276336554938987 -0.007741893676329833 0.021460912829106678 0.014973081626031042
leaf_weight=172.87330202013254 1340.0977963879704 34.730051323771477 1367.8568086698651 908.40278749167919 923.88855942338705 3398.2352816835046 1327.2967179864645 340.68243702501059 584.84956935793161 155.81731084734201 761.57318709045649 912.0615493953228 54.668703056871891 1177.2055189833045
leaf_count=1829 15408 230 11749 8974 8775 31994 12565 3654 7071 1681 8121 9358 534 9245
internal_value=-1.26042e-05 0.00314392 0.0113589 -0.00723068 1.01515e-05 0.00179577 0.00362294 -0.0106912 -0.00639197 0.00262089 -0.00149628 -0.00878042 -0.00588766 0.0102983
internal_weight=13460.2 9368.82 2579.79 4091.42 6789.02 5649.42 4725.53 3027.2 1687.11 1064.22 1102.26 1139.6 966.73 2545.06
internal_count=131188 86279 21224 44909 65055 53334 44559 34254 18846 10655 11775 11721 9892 20994
is_linear=0
shrinkage=0.035


Tree=18
num_leaves=15
num_cat=0
split_feature=22 21 8 22 20 21 23 6 10 21 10 21 22 8
split_gain=235.038 128.768 119.731 117.767 122.339 128.077 86.6022 65.9539 58.0276 49.2889 47.35 44.5701 54.1509 43.5129
threshold=0.35781356692314154 -0.11719527095556258 -0.18845927715301511 0.16723755002021792 -0.015619827434420584 -0.059047469869256013 0.19261901080608371 0.23879923671483996 0.36975193023681646 0.034437296912074096 0.3914624303579331 0.03740320727229119 0.40841747820377355 -0.19660847634077069
decision_type=2 2 2 2 2 2 2 2 2 2 2 2 2 2
left_child=1 7 11 8 5 -5 -6 10 -3 -4 -1 -2 -13 -9
right_child=2 3 9 4 6 -7 -8 13 -10 -11 -12 12 -14 -15
leaf_value=-0.020189517630388336 -0.015541717500114292 0.00015693647686469735 -0.006322455245119935 0.010831845003400609 0.0048817624072499521 -0.0074584754856464163 0.019197223003862625 -0.011380325656473537 0.020041742024953468 0.0058190484442131778 -0.0045266939252320794 -0.00025373471077863938 -0.013032331825407495 0.043685393406262152
leaf_weight=304.84766232222319 1295.2799018770456 228.27796892076731 670.78260361403227 619.11233539879322 3374.3867280706763 1836.3230645656586 604.57517192512751 21.454623684287071 838.87272710353136 1018.5673511624336 986.56388664245605 797.47891118377447 818.88477763533592 41.514565020799637
leaf_count=3120 14957 2003 6996 4948 31587 17671 4932 175 6842 10222 9363 8475 9592 305
internal_value=-1.29073e-05 0.00332042 -0.00642213 0.00511398 0.00331507 -0.00282153 0.00709957 -0.00657829 0.0158291 0.00098924 -0.00835075 -0.0107109 -0.00676797 0.0259352
internal_weight=13456.9 8855.93 4600.99 7501.55 6434.4 2455.44 3978.96 1354.38 1067.15 1689.35 1291.41 2911.64 1616.36 62.9692
internal_count=131188 80946 50242 67983 59138 22619 36519 12963 8845 17218 12483 33024 18067 480
is_linear=0
shrinkage=0.035


Tree=19
num_leaves=15
num_cat=0
split_feature=3 23 22 10 20 14 21 8 20 6 21 23 6 10
split_gain=232.835 156.45 107.494 86.0408 73.1721 67.1867 57.7714 47.2041 46.5252 50.0776 43.8916 41.6772 40.1283 38.4283
threshold=1.0000000180025095e-35 0.13378148525953296 0.35542443394660955 0.30578473210334783 -0.0012952625402249394 0.31034220755100256 -0.12565742805600164 -0.28927157819271082 0.086438085883855834 -0.28388874232769007 0.03740320727229119 0.10839130729436876 -0.035699883475899689 0.65407690405845653
decision_type=2 2 2 2 2 2 2 2 2 2 2 2 2 2
left_child=1 8 4 -3 -2 -5 -7 -4 9 -1 -9 -11 -6 -14
right_child=2 3 7 5 12 6 -8 10 -10 11 -12 -13 13 -15
leaf_value=0.0047749151457531025 0.005438674941147437 -0.011328093761616191 -0.010195521265673486 -0.008157829725033594 0.0061669992699233851 -0.0064522745521067102 0.0055135409200023008 -0.0032058734098583054 0.0049465338339050018 -0.017187138849481073 0.0083771490074881268 -0.0081562780774413878 0.026000295666758069 0.010639245160860154
leaf_weight=213.74844837188721 2013.9380910545588 700.04010529816151 471.46239119023085 690.76220264285803 360.8428465500474 576.96784423291683 3157.4025793075562 835.22790013253689 228.19475858658552 1265.9035438299179 753.49976617842913 1296.8660511896014 543.33362689614296 345.97585506737232
leaf_count=2231 17011 7582 5403 6596 3040 5770 29199 8425 2139 15175 7125 14660 4147 2685
internal_value=-1.33147e-05 -0.00373782 0.00567015 -1.63137e-05 0.00961143 0.00179468 0.0036525 -0.000590527 -0.0100645 -0.0113116 0.00230574 -0.0126666 0.016237 0.020209
internal_weight=13454.2 8129.89 5324.28 5125.17 3264.09 4425.13 3734.37 2060.19 3004.71 2776.52 1588.73 2562.77 1250.15 889.309
internal_count=131188 83352 47836 49147 26883 41565 34969 20953 34205 32066 15550 29835 9872 6832
is_linear=0
shrinkage=0.035


Tree=20
num_leaves=15
num_cat=0
split_feature=3 23 22 10 21 22 24 6 10 21 17 20 24 6
split_gain=217.812 148.813 89.292 83.12 66.25 87.208 69.202 59.901 49.6886 48.2838 44.9465 41.7993 40.9452 40.7463
threshold=0.063979394733905806 0.13378148525953296 0.3397038877010346 0.32223080098629003 -0.11719527095556258 0.16723755002021792 0.031326424330472953 0.21036731451749804 0.76547798514366161 0.060504643246531493 0.053243666887283332 0.086438085883855834 0.026834268122911457 -0.28388874232769007
decision_type=2 2 2 2 2 2 2 2 2 2 10 2 2 2
left_child=1 11 7 -3 6 -6 -5 10 -9 -4 12 13 -2 -1
right_child=2 3 9 4 5 -7 -8 8 -10 -11 -12 -13 -14 -15
leaf_value=0.0043447002115909305 -0.010557515008877756 -0.0089489204525319242 -0.0024507652213597133 -0.011465239722419588 0.015482394057656385 0.0017831565213310286 0.010241028852789297 0.029956789922889165 0.0092712298920766996 0.0095391898413325904 -0.000319592856836774 0.0048139584093708715 0.013048130383327772 -0.011163328343421286
leaf_weight=218.35763000696898 90.053900502622128 966.33839310705662 1487.516853928566 699.94158770889044 693.84434270858765 2994.9826758950949 232.35900016129017 308.05643641203642 280.52642944455147 557.39362850785255 597.28987141698599 243.90820071846247 1179.134839117527 2900.660090431571
leaf_count=2269 814 10273 14897 7320 5692 28290 1805 2147 2171 5169 4961 2275 9351 33754
internal_value=-1.39665e-05 -0.00317145 0.00625935 0.000332424 0.00228841 0.00439479 -0.00600408 0.010745 0.0204174 0.000847927 0.00760231 -0.00897684 0.0113038 -0.0100672
internal_weight=13450.4 8950.39 4499.97 5587.47 4621.13 3688.83 932.301 2455.06 588.583 2044.91 1866.48 3362.93 1269.19 3119.02
internal_count=131188 91678 39510 53380 43107 33982 9125 19444 4318 20066 15126 38298 10165 36023
is_linear=0
shrinkage=0.035


Tree=21
num_leaves=15
num_cat=0
split_feature=22 21 24 22 6 10 24 24 20 8 10 20 20 6
split_gain=201.934 105.006 131.81 145.497 101.219 85.0098 82.08 79.5852 64.9832 61.1696 44.378 42.5225 34.8821 33.9554
threshold=0.36707998812198644 -0.11719527095556258 0.026834268122911457 0.2409842982888222 0.16605263948440555 0.34670929610729223 0.027896618470549587 0.031326424330472953 0.02331897430121899 -0.071711514145135866 1.1225485205650332 0.11776777356863023 -0.020915670320391651 0.16605263948440555
decision_type=2 2 2 2 2 2 2 2 2 2 2 2 2 2
left_child=1 7 9 5 6 -4 -2 13 -5 11 -6 -3 -8 -1
right_child=4 2 3 8 10 -7 12 -9 -10 -11 -12 -13 -14 -15
leaf_value=-0.012664913717210203 0.0058874018400462491 -0.014080120949437506 -0.00086512258181837133 -0.002253935630966885 0.004949275810609206 0.014000920361323962 -0.0003744383273811112 0.0090874582380046434 0.0069289701551245499 0.022164600443505496 -0.019181294559326063 0.0068833327509632792 -0.013435162961506581 0.011008055507118296
leaf_weight=958.8181292489171 349.6767466366291 716.9643739014864 570.73472341895103 2388.0784334242344 969.29944760352373 2662.0472666472197 281.27453178167343 310.20390791445971 1547.4831217676401 66.111228667199612 93.348703853785992 135.32065851986408 2323.531043805182 72.851591877639294
leaf_count=9977 3516 7729 5125 22876 9635 21528 3353 2418 14268 565 1020 1225 27385 568
internal_value=-1.33521e-05 0.00278629 0.00429146 0.00589208 -0.00657501 0.0113818 -0.00989814 -0.0062492 0.00136524 -0.00813067 0.00267046 -0.0107104 -0.0120317 -0.0109036
internal_weight=13445.7 9428.61 8086.74 7168.34 4017.13 3232.78 2954.48 1341.87 3935.56 918.396 1062.65 852.285 2604.81 1031.67
internal_count=131188 86279 73316 63797 44909 26653 34254 12963 37144 9519 10655 8954 30738 10545
is_linear=0
shrinkage=0.035


Tree=22
num_leaves=15
num_cat=0
split_feature=3 23 22 21 22 21 8 8 17 6 20 20 14 23
split_gain=201.744 137.867 91.6331 53.7971 59.2109 72.1138 53.4835 46.4428 55.5516 42.9445 46.1581 38.9443 38.3759 38.0924
threshold=-0.043076051399111741 0.13191533088684085 0.36707998812198644 -0.15558469295501706 0.30864126980304724 0.05185144022107125 -0.31923802196979517 -0.28927157819271082 0.025454134680330757 -0.28388874232769007 0.086438085883855834 -0.019841950386762616 0.3937548696994782 0.12288202345371248
decision_type=2 2 2 2 2 2 2 2 10 2 2 2 2 2
left_child=1 9 6 -3 5 -5 -2 -4 -9 -1 -11 -8 -6 -10
right_child=2 3 7 4 12 -7 11 8 13 10 -12 -13 -14 -15
leaf_value=0.0045044495376858071 0.0018989675649100663 -0.014639489663598364 -0.011768028926969539 0.00091723607073985894 -0.01837901181416917 0.015994777460011274 0.0056020663590820941 -0.016835849544048112 -0.00047694895976674491 -0.01335073708487057 0.003733373009816709 0.014032529234063059 -0.0029175139724493871 0.012087129374569509
leaf_weight=210.61306808888912 1333.3833666741848 295.67035047709942 417.99765530228615 2932.6883893236518 237.19207005947828 438.20937740057707 1196.2269839793444 171.49244102835655 861.39544001966715 2126.5917222872376 208.82137696444988 1583.3507583662868 988.99187836050987 439.47976817190647
leaf_count=2184 11818 3781 4990 26138 2552 3903 9959 1907 8766 25437 1934 12830 10713 4276
internal_value=-1.38739e-05 -0.00386356 0.0047548 -0.000421075 0.000523201 0.0029188 0.00768068 -0.00161809 0.00132338 -0.0104515 -0.0118138 0.0104375 -0.00603286 0.00382745
internal_weight=13442.1 7438.78 6003.33 4892.75 4597.08 3370.9 4112.96 1890.37 1472.37 2546.03 2335.41 2779.58 1226.18 1300.88
internal_count=131188 76642 54546 47087 43306 30041 34607 19939 14949 29555 27371 22789 13265 13042
is_linear=0
shrinkage=0.035


Tree=23
num_leaves=15
num_cat=0
split_feature=3 22 22 19 24 20 24 21 8 6 10 10 21 22
split_gain=188.766 112.417 82.4697 74.5059 62.7415 60.9892 52.5482 62.875 41.1728 37.2828 40.5624 35.3532 34.827 75.0659
threshold=1.0000000180025095e-35 0.35781356692314154 0.35542443394660955 -0.15715781599283216 0.027896618470549587 -0.0012952625402249394 0.026439630426466468 -0.11719527095556258 -0.31186003983020777 0.13084281980991366 0.74231791496276867 0.67458367347717296 -0.12565742805600164 0.18733153492212298
decision_type=2 2 2 2 2 2 2 2 2 2 2 2 2 2
left_child=1 3 5 -1 -3 12 -5 -8 -4 -6 -11 -7 -2 -14
right_child=2 4 8 6 9 11 7 -9 -10 10 -12 -13 13 -15
leaf_value=0.0084013930728923398 -0.010355951784489375 0.0051312224719697423 -0.010520157809307821 -0.014122564962829947 -0.013420062646631597 0.018525769162921552 -0.0097012429110711635 0.00098243236383877626 0.0019580860821513334 0.006462782520297583 -0.01772008366608363 0.0060892497764440104 0.016444556783683662 0.001336566194555663
leaf_weight=931.59372022747993 164.72469057887793 313.33326455950737 391.82225442677736 415.75318815559149 1893.6512848287821 850.75090476870537 838.29199274629354 3292.3952461928129 1661.1834349632263 257.06704834848642 114.66722237318754 434.91362986713648 574.27898685634136 1304.0773198306561
leaf_count=8748 1594 3171 4611 4828 23152 6500 8528 30778 16342 2849 1298 3372 4363 11054
internal_value=-1.50802e-05 -0.00340388 0.00505503 -0.000562521 -0.00941436 0.0084494 -0.00241369 -0.00120393 -0.000462874 -0.0114399 -0.00126559 0.0143982 0.00465404 0.00601823
internal_weight=13438.5 8056.75 5381.75 5478.03 2578.72 3328.75 4546.44 4130.69 2053.01 2265.39 371.734 1285.66 2043.08 1878.36
internal_count=131188 83352 47836 52882 30470 26883 44134 39306 20953 27299 4147 9872 17011 15417
is_linear=0
shrinkage=0.035


Tree=24
num_leaves=15
num_cat=0
split_feature=3 23 10 22 21 24 6 24 10 8 24 20 21 6
split_gain=176.965 122.777 81.8687 69.3938 55.6163 56.7758 52.4451 44.4297 43.2354 38.2185 38.0781 37.67 37.5287 36.958
threshold=0.063979394733905806 0.13191533088684085 0.30578473210334783 0.3397038877010346 -0.15558469295501706 0.026834268122911457 0.21036731451749804 0.027896618470549587 0.76547798514366161 -0.31186003983020777 0.026834268122911457 0.03655372932553292 -0.13325501978397367 -0.28388874232769007
decision_type=2 2 2 2 2 2 2 2 2 2 2 2 2 2
left_child=1 11 -3 6 -4 -6 10 -5 -8 -9 -2 13 -12 -1
right_child=3 2 4 7 5 -7 8 9 -10 -11 12 -13 -14 -15
leaf_value=0.0049183302071898584 -0.012719317017984972 -0.010073787511230682 -0.012629682085166575 0.021272347507811883 -0.012311527132140697 0.0037924908403564155 0.027094722856783857 -0.01030673186041452 0.0080965432094683605 0.0019500658609613016 -0.0083361852066234903 -0.0038443619407332692 0.0093541486715798591 -0.013107714675725151
leaf_weight=146.67819706350565 109.20300689339638 811.30545946210623 294.79925183951855 112.10961436480284 276.08165717124939 4355.2843034118414 319.22549649327993 379.18091683089733 286.34306902438402 1554.5778771489859 153.60965779423714 1304.2452246472239 1638.1796850860119 1694.1303714811802
leaf_count=1544 997 8880 3797 990 2965 39438 2147 4362 2171 14714 1421 14534 12708 20520
internal_value=-1.59748e-05 -0.00289109 0.000158335 0.00558788 0.00186049 0.00280805 0.00947996 0.000796454 0.0183889 -0.000493967 0.0065606 -0.00843697 0.00779971 -0.0116526
internal_weight=13435 8882.52 5737.47 4552.43 4926.17 4631.37 2506.56 2045.87 605.569 1933.76 1900.99 3145.05 1791.79 1840.81
internal_count=131188 91678 55080 39510 46200 42403 19444 20066 4318 19076 15126 36598 14129 22064
is_linear=0
shrinkage=0.035


Tree=25
num_leaves=15
num_cat=0
split_feature=3 23 22 17 14 8 21 17 24 8 6 20 3 17
split_gain=167.515 121.13 74.9959 48.3113 52.9196 46.9264 45.4073 42.5914 51.1865 46.7249 38.8877 41.7416 35.0564 43.0339
threshold=-0.043076051399111741 0.13191533088684085 0.36707998812198644 0.025454134680330757 0.31034220755100256 -0.31923802196979517 -0.11719527095556258 0.025454134680330757 0.027896618470549587 -0.29683119058609003 -0.28388874232769007 0.086438085883855834 0.45276044309139257 0.030384469777345661
decision_type=2 2 2 10 2 2 2 10 2 2 2 2 2 10
left_child=1 10 5 -3 -5 -2 -6 -4 -9 -10 -1 -12 -7 -14
right_child=2 3 7 4 6 12 -8 8 9 -11 11 -13 13 -15
leaf_value=0.0043879736031860548 0.0015103777063396563 -0.01124592478713086 -0.01654325880165285 -0.0084287177240150654 -0.0053475590980209568 0.0070198871313491536 0.0042367113897875249 0.022198200722064746 -0.012742873436513405 0.001806092534972897 -0.012632122307156615 0.0036113628889946322 0.045558663201198613 0.013286052638727779
leaf_weight=211.11243855953217 1343.6845261156559 441.92154727131128 195.40548107028008 644.72331480681896 745.86933922022581 2055.2561453729868 3049.8987341150641 111.79773256182671 335.05750343948603 1241.7543675601482 2075.6990828663111 209.3484201580286 47.123261176049709 722.00438112020493
leaf_count=2184 11818 4751 2231 6263 7518 17131 28555 1030 4140 12538 25437 1934 304 5354
internal_value=-1.66363e-05 -0.00355459 0.00429551 -0.000343164 0.000764719 0.00690998 0.0023443 -0.00149451 0.000334068 -0.00134625 -0.0098096 -0.0111347 0.00946441 0.0158227
internal_weight=13430.7 7378.57 6052.08 4882.41 4440.49 4168.07 3795.77 1884.02 1688.61 1576.81 2496.16 2285.05 2824.38 769.128
internal_count=131188 76642 54546 47087 42336 34607 36073 19939 17708 16678 29555 27371 22789 5658
is_linear=0
shrinkage=0.035


Tree=26
num_leaves=15
num_cat=0
split_feature=22 8 21 22 16 14 23 21 17 11 11 21 22 0
split_gain=155.116 87.8422 84.9791 93.5768 76.6951 65.5738 51.5112 90.5577 49.4442 44.5281 43.5702 42.0486 47.7165 32.5605
threshold=0.36707998812198644 -0.18845927715301511 -0.11719527095556258 0.16723755002021792 1.4653307795524599 0.31034220755100256 0.28368386626243597 -0.15558469295501706 0.025454134680330757 0.25747495889663702 0.31775064766407018 0.03740320727229119 0.40841747820377355 -0.28346790373325342
decision_type=2 2 2 2 2 2 2 2 10 2 2 2 2 2
left_child=2 11 6 9 5 -5 -1 -8 -3 -4 -9 -2 -13 -6
right_child=1 8 3 4 13 -7 7 10 -10 -11 -12 12 -14 -15
leaf_value=-0.015901372713126163 -0.015139045466494161 -0.014836503025108276 -0.00036882282488409537 -0.0041506786814729368 0.031339413420064896 0.0060501081750598132 -0.012093605285330596 -0.0061340357116499841 0.00340074383764849 0.016715044055300884 0.016741919873273517 0.0015318452365329961 -0.011508033701273776 -0.0048947010841874474
leaf_weight=411.92180949449539 1061.6389543190598 201.84050217270851 236.18765460699797 926.4845790117979 21.084883235394955 4441.9871941283345 452.00312314927578 141.61577066779137 1288.6795136779547 877.84941018372774 318.74670761823654 605.7481008246541 778.49160373955965 1662.1441730260849
leaf_count=3929 13200 2371 2029 8456 190 40243 5447 1162 13139 6816 2425 6607 9592 15582
internal_value=-1.60975e-05 -0.00584858 0.00240679 0.00374121 0.00224273 0.00428522 -0.0057878 -0.00109875 0.000848709 0.013122 0.00972406 -0.00991676 -0.00583168 -0.00425841
internal_weight=13426.4 3936.4 9490.03 8165.74 7051.7 5368.47 1324.29 912.366 1490.52 1114.04 460.362 2445.88 1384.24 1683.23
internal_count=131188 44909 86279 73316 64471 48699 12963 9034 15510 8845 3587 29399 16199 15772
is_linear=0
shrinkage=0.035


Tree=27
num_leaves=15
num_cat=0
split_feature=22 8 24 21 16 24 20 21 24 21 1 0 17 10
split_gain=145.505 90.7342 88.5004 106.864 109.901 71.6475 68.0965 59.8538 47.6097 42.5061 37.5176 35.2225 33.4212 27.0322
threshold=0.35781356692314154 -0.18845927715301511 0.026439630426466468 -0.11719527095556258 1.4653307795524599 0.030043962411582473 -0.015619827434420584 -0.15558469295501706 0.027896618470549587 0.034437296912074096 0.1909599304199219 -0.14811548590660092 0.025454134680330757 0.57466796040534984
decision_type=2 2 2 2 2 2 2 2 2 2 2 2 10 2
left_child=2 8 10 5 6 -4 -5 -7 -2 -3 -1 -6 -11 -14
right_child=1 9 3 4 11 7 -8 -9 -10 12 -12 -13 13 -15
leaf_value=-0.012915347168596174 0.0038959358660026855 -0.0056495867251458633 -0.014041663142939208 0.0034745465438177948 0.017029317290217356 -0.01232084673493947 0.01135932084881393 0.0093250551298813284 -0.010676011595587273 -0.0098558893961130725 0.014845029305632 -0.0040086302712776791 0.012697165985101285 -4.6609751881944157e-05
leaf_weight=561.47433082014322 303.83881379663944 658.42930448055267 630.65403643995523 2569.2848182618618 94.182736597955227 223.93713303655386 2827.4296859130263 463.59087391942739 2464.8720170706511 137.60242964327335 58.219047322869301 1547.8568577468395 566.93714688718319 315.24238651990891
leaf_count=6297 3067 6996 6630 22209 800 2746 24209 3587 29957 1562 537 13931 5645 3015
internal_value=-1.69293e-05 -0.00518741 0.00254739 0.00349716 0.00520977 -0.00561812 0.00761888 0.00219913 -0.00906862 0.0012316 -0.010113 -0.00270618 0.00568621 0.00819376
internal_weight=13423.6 4446.92 8976.63 8356.94 7038.75 1318.18 5396.71 687.528 2768.71 1678.21 619.693 1642.04 1019.78 882.18
internal_count=131188 50242 80946 74112 61149 12963 46418 6333 33024 17218 6834 14731 10222 8660
is_linear=0
shrinkage=0.035


Tree=28
num_leaves=15
num_cat=0
split_feature=3 23 10 10 14 22 10 8 10 20 3 24 2 2
split_gain=151.514 101.957 78.3162 75.4381 67.8597 57.4969 52.6617 45.5728 59.7842 38.3237 36.4501 35.9314 31.3613 31.0778
threshold=0.12464760616421701 0.13191533088684085 0.20627406984567645 0.30578473210334783 0.31034220755100256 0.2409842982888222 0.74231791496276867 -0.29683119058609003 1.0376653075218203 0.03655372932553292 -0.081588048487901674 0.027066921815276149 0.20211029052734378 -0.34878493845462794
decision_type=2 2 2 2 2 2 2 2 2 2 2 2 2 2
left_child=1 9 -2 -3 -5 11 -6 -7 -9 13 -11 -4 -13 -1
right_child=2 3 5 4 6 7 -8 8 -10 10 -12 12 -14 -15
leaf_value=0.005982970775234896 0.045943601112172647 -0.0092289099161878968 -0.0055183835175873453 -0.0072315853154258742 0.0050977759983221104 -0.0053039071575251059 -0.0060943791853768463 0.0067436419247896614 -0.016554658579918283 -0.0062818105953595686 0.0061609882761588432 0.0089905641530077605 0.021781300788583109 -0.011441826200901667
leaf_weight=128.262609988451 48.805278860032558 861.47131403535604 128.9203048273921 831.64688161760569 3848.8324149027467 701.49156053364277 585.69385406374931 1815.4644789546728 136.23018684238195 1000.5361296012998 394.52952286601067 678.18289182335138 373.28723355382681 1886.8970528319478
leaf_count=1401 346 9368 1087 7984 35604 7186 5307 15686 1228 11408 4041 5158 2578 22806
internal_value=-1.74213e-05 -0.00239012 0.00580276 0.000311505 0.00188672 0.00517352 0.00360918 0.00229642 0.0050413 -0.00723123 -0.00274414 0.0115668 0.0136939 -0.0103087
internal_weight=13420.3 9537.87 3882.38 6127.64 5266.17 3833.58 4434.53 2653.19 1951.69 3410.23 1395.07 1180.39 1051.47 2015.16
internal_count=131188 97919 33269 58263 48895 32923 40911 24100 16914 39656 15449 8823 7736 24207
is_linear=0
shrinkage=0.035


Tree=29
num_leaves=15
num_cat=0
split_feature=3 23 14 22 21 17 14 20 21 6 20 21 23 21
split_gain=144.366 102.853 68.1315 45.3681 46.6008 43.6419 45.3447 42.2279 38.3392 35.929 37.2781 35.791 30.4502 30.1859
threshold=-0.043076051399111741 0.13191533088684085 0.31034220755100256 0.35542443394660955 0.03740320727229119 0.025454134680330757 0.31034220755100256 -0.0012952625402249394 -0.15558469295501706 -0.28388874232769007 0.086438085883855834 -0.015407797880470751 0.10839130729436876 -0.12565742805600164
decision_type=2 2 2 2 2 10 2 2 2 2 2 2 2 2
left_child=1 9 11 7 -5 -3 -7 13 -8 -1 12 -2 -11 -4
right_child=2 5 3 4 -6 6 8 -9 -10 10 -12 -13 -14 -15
leaf_value=0.0044778802155584062 0.0020894403231527438 -0.010822070335220143 -0.0096650642803570858 -0.0038629361521288316 0.0068725470038202346 -0.0079200066962245054 -0.011724536374683486 0.013108958508200014 0.0029909539825007155 -0.016088353910613432 0.0034284932538943768 -0.011479181289658169 -0.007386407071971619 0.0061256541800681786
leaf_weight=210.66412079334259 473.37328188866377 435.94636755436659 152.80709759891033 1011.7247747257352 951.98484640568495 635.53284411877394 221.01607129722834 1251.9910662174225 3591.311976402998 1040.7406768202782 210.14083063602448 463.99412830173969 985.72724779695272 1779.5116353556514
leaf_count=2184 3867 4751 1549 10792 9448 6263 2971 9536 33102 13578 1934 4854 11859 14500
internal_value=-1.69397e-05 -0.00332275 0.00396449 0.00554403 0.00134996 -0.000383318 0.000661792 0.00811812 0.0021094 -0.00916328 -0.0104623 -0.00467726 -0.0119126 0.0048336
internal_weight=13416.5 7331.08 6085.39 5148.02 1963.71 4883.81 4447.86 3184.31 3812.33 2447.27 2236.61 937.367 2026.47 1932.32
internal_count=131188 76642 54546 45825 20240 47087 42336 25585 36073 29555 27371 8721 25437 16049
is_linear=0
shrinkage=0.035


Tree=30
num_leaves=15
num_cat=0
split_feature=3 6 14 17 6 22 22 21 21 24 24 15 21 20
split_gain=134.498 86.7084 63.2917 44.4926 51.0425 50.4984 42.5589 55.5003 44.0473 57.6867 39.5342 38.2407 37.4099 60.233
threshold=-0.043076051399111741 -0.1852670609951019 0.31034220755100256 0.074814073741436019 0.23879923671483996 0.29119834303855902 0.35781356692314154 0.03740320727229119 0.069419626146554961 0.027267058379948143 0.031552704051136977 22.236157417297367 -0.13325501978397367 -0.084638353437185274
decision_type=2 2 2 8 2 2 2 2 2 2 2 2 2 2
left_child=1 12 -2 4 10 -6 8 -8 9 -3 -4 -10 -1 -14
right_child=2 6 3 -5 5 -7 7 -9 11 -11 -12 -13 13 -15
leaf_value=-0.0094248737427557547 -0.0045341540164108686 -0.016496680838510146 0.0027389010313518991 -0.0028101446701934781 0.027571318063845936 0.0086902356637949436 -0.01736708092375849 -0.0051151705096478713 0.01313239408393801 -0.0026603942190331024 0.011409467045030966 -0.0082578983834125184 0.016279080586157131 0.0011165735446961775
leaf_weight=268.36919066309929 933.97639772295952 431.57430993020535 2772.9116708859801 704.81289654970169 241.01531712710857 615.881242364645 728.40946156531572 1205.0018561929464 324.4398268610239 2287.1815262213349 833.33792895823717 139.53509947657585 396.74036509543657 1529.725695207715
leaf_count=3082 8721 5045 25408 6220 1580 5385 9468 14384 3142 22036 7232 1317 3148 15020
internal_value=-1.82951e-05 -0.00321825 0.0038147 0.00532938 0.00661817 0.0142576 -0.00571145 -0.00979667 -0.0032069 -0.00490917 0.00476852 0.00666101 0.00259293 0.00430711
internal_weight=13412.9 7310.98 6101.94 5167.96 4463.15 856.897 5116.14 1933.41 3182.73 2718.76 3606.25 463.975 2194.84 1926.47
internal_count=131188 76642 54546 45825 39605 6965 55392 23852 31540 27081 32640 4459 21250 18168
is_linear=0
shrinkage=0.035


Tree=31
num_leaves=15
num_cat=0
split_feature=22 6 24 24 16 14 10 11 10 20 19 23 18 19
split_gain=122.399 74.5116 73.561 63.5078 62.984 69.2977 64.4683 43.5183 37.8193 34.2862 32.8333 26.5493 29.7638 28.5799
threshold=0.36707998812198644 0.16605263948440555 0.026439630426466468 0.027896618470549587 1.4653307795524599 0.31034220755100256 0.31429205834865576 0.34459368884563452 1.1225485205650332 -0.020915670320391651 0.27841229736804968 0.27203558385372167 -0.17504045367240903 0.24914890527725223
decision_type=2 2 2 2 2 2 2 2 2 2 2 2 2 2
left_child=2 3 10 -2 5 7 -7 -4 -3 -5 -1 12 -6 -13
right_child=1 8 4 9 11 6 -8 -9 -10 -11 -12 13 -14 -15
leaf_value=-0.012103515168749905 0.0055468244267450686 0.0046697950994981034 -0.013071468342315169 0.0015234015721299883 0.019769299330300284 -0.0018935411498572396 0.0077840142095419642 0.0013338805118084311 -0.018064342268556598 -0.011665625173965544 0.014857267713216292 0.00087852163087176504 -0.0049150831568777224 0.027382914545579444
leaf_weight=556.10147046297789 351.8132810741663 973.71048571169376 366.4376055598259 268.80519802123308 52.301381938159466 1020.9527520313859 4742.165428981185 804.00986576080322 88.784355573356152 2189.1324647590518 52.851615898311138 186.17553496360779 1697.8974418416619 58.410368964076042
leaf_count=6358 3516 9635 3424 3353 459 10140 40475 7179 1020 27385 476 1691 15590 487
internal_value=-1.82258e-05 -0.00525813 0.00211251 -0.00823569 0.00291852 0.00449394 0.0060693 -0.0032486 0.00261936 -0.0102229 -0.00956133 -0.00255249 -0.00406931 0.00803509
internal_weight=13409.5 3872.25 9537.3 2809.75 8928.35 6933.57 5763.12 1170.45 1062.49 2457.94 608.953 1994.78 1750.2 244.586
internal_count=131188 44909 86279 34254 79445 61218 50615 10603 10655 30738 6834 18227 16049 2178
is_linear=0
shrinkage=0.035


Tree=32
num_leaves=15
num_cat=0
split_feature=3 10 14 10 10 11 22 8 10 8 22 24 21 6
split_gain=124.199 91.9856 86.702 70.8507 70.1841 54.7395 48.9855 40.6229 53.8975 37.5541 35.8521 32.227 40.1803 24.7525
threshold=0.12464760616421701 0.32223080098629003 0.31034220755100256 0.20627406984567645 0.74231791496276867 0.50948160886764537 0.2409842982888222 -0.29683119058609003 1.0376653075218203 -0.31186003983020777 0.3397038877010346 0.027066921815276149 -0.13325501978397367 -0.4371959120035171
decision_type=2 2 2 2 2 2 2 2 2 2 2 2 2 2
left_child=1 9 10 -2 5 -4 11 -8 -9 -1 13 -5 -13 -3
right_child=3 2 4 6 -6 -7 7 8 -10 -11 -12 12 -14 -15
leaf_value=-0.015595466635350559 0.042793266082108733 0.0270675097309836 0.0023178616006339584 -0.0056916934059942957 -0.0077204843138517611 0.030866729044193755 -0.0052374299634331779 0.0061147700832657756 -0.016137985628480615 -0.0053764566984726078 -0.016615154691838843 -0.0039848797483068481 0.01517052738270685 -0.0053835178534315511
leaf_weight=665.44095832109451 50.656530514359474 20.130999594926834 5312.1298685222864 129.35906332731247 904.75241223722696 73.661695398390293 699.93279607594013 1835.6043808460236 134.19348832964897 1320.5564146786928 454.6727178171277 152.49699753522873 919.55136256664991 733.19655937701464
leaf_count=7856 346 185 52774 1087 8988 678 7186 15686 1228 14904 5486 1365 6371 7048
internal_value=-1.7931e-05 -0.00218416 -0.000406212 0.00521314 0.00124688 0.00276481 0.00461238 0.00195551 0.00452493 -0.00886148 -0.00895406 0.0104515 0.0124341 -0.0041731
internal_weight=13406.3 9484.54 7498.54 3921.79 6290.54 5385.79 3871.14 2669.73 1969.8 1986 1208 1201.41 1072.05 753.328
internal_count=131188 97919 75159 33269 62440 53452 32923 24100 16914 22760 12719 8823 7736 7233
is_linear=0
shrinkage=0.035


Tree=33
num_leaves=15
num_cat=0
split_feature=22 21 24 22 6 24 10 24 20 21 8 11 11 20
split_gain=111.66 72.7616 88.6142 100.623 68.2877 65.765 62.5775 59.9155 52.3542 52.1305 47.8681 38.7096 35.2971 32.5566
threshold=0.36707998812198644 -0.11719527095556258 0.026834268122911457 0.2409842982888222 0.16605263948440555 0.030043962411582473 0.34670929610729223 0.027896618470549587 0.02331897430121899 -0.15558469295501706 -0.071711514145135866 0.31775064766407018 0.47178424894809728 -0.020915670320391651
decision_type=2 2 2 2 2 2 2 2 2 2 2 2 2 2
left_child=1 5 10 6 7 -1 -4 -2 -5 -7 -3 -11 -6 -9
right_child=4 2 3 8 12 9 -8 13 -10 11 -12 -13 -14 -15
leaf_value=-0.013748772689475844 0.0054432712076439007 -0.0095451884775117797 -0.001521161298238401 -0.0025309442840169482 0.0050437091765761768 -0.011882975982270182 0.011107436483146714 0.0015729030617765676 0.0056494780291327226 -0.0065283328286391109 0.019042360549810951 0.01484391185765088 -0.012945750454352411 -0.011291803379290732
leaf_weight=623.94447452574968 352.51204857230186 821.81472436338663 577.64202026277781 2398.6285055577755 919.16885908693075 220.50220622122288 2788.6742123067379 268.47751685231924 1581.9201391637325 142.8874324336648 69.26324912160635 328.4479441344738 146.30503071844578 2162.6944260820746
leaf_count=6630 3516 8954 5125 22876 8974 2746 21528 3353 14268 1162 565 2425 1681 27385
internal_value=-1.71085e-05 0.00201071 0.00323222 0.00449779 -0.00504239 -0.00560365 0.00894235 -0.00791871 0.000726069 0.00183339 -0.00713642 0.0083638 0.00247609 -0.00987051
internal_weight=13402.9 9553.72 8237.94 7346.86 3849.16 1315.78 3366.32 2783.68 3980.55 691.838 891.078 471.335 1065.47 2431.17
internal_count=131188 86279 73316 63797 44909 12963 26653 34254 37144 6333 9519 3587 10655 30738
is_linear=0
shrinkage=0.035


Tree=34
num_leaves=15
num_cat=0
split_feature=3 23 14 8 17 3 21 24 22 24 6 14 21 5
split_gain=116.155 85.9526 54.4935 41.9497 39.0355 41.0571 38.687 55.0875 52.2229 63.9533 32.8679 32.6462 31.1373 30.4776
threshold=-0.043076051399111741 0.13191533088684085 0.31034220755100256 -0.38770240545272822 0.074814073741436019 0.75976115465164196 -0.11719527095556258 0.030043962411582473 0.29119834303855902 0.026834268122911457 -0.28388874232769007 0.57333469390869152 -0.015407797880470751 -0.13266260176897046
decision_type=2 2 2 2 8 2 2 2 2 2 2 2 2 2
left_child=1 10 12 13 5 -5 7 -3 9 -8 -1 -10 -2 -4
right_child=2 6 3 4 -6 -7 8 -9 11 -11 -12 -13 -14 -15
leaf_value=0.0046189186134236457 0.0020114593986208045 -0.015860376957051923 0.0051249385362411972 0.0060820846966229162 -0.0023571951989688174 0.017031168341928353 -0.012208891851689715 0.0012732839669973765 -0.011996757358522091 0.0059578918657135892 -0.0096962360140564977 -0.00058206489497795435 -0.010713987369019927 -0.0088600573245062857
leaf_weight=209.98269340395927 473.92797822505236 424.42730502784252 334.14348218590021 3410.9141697585583 564.00149551033974 474.20063471794128 255.01057221740484 485.29545971006155 443.79998106509447 2314.5904821977019 2183.1744526252151 951.76006508618593 453.13008043169975 420.51422293484211
leaf_count=2184 3867 4854 2992 30199 4911 3654 2882 4593 4876 19525 27371 10357 4854 4069
internal_value=-1.7766e-05 -0.00300888 0.00352729 0.00491949 0.00621194 0.00745878 -0.000337632 -0.00680589 0.00115976 0.00411466 -0.00842619 -0.00427156 -0.00425648 -0.00268181
internal_weight=13398.9 7268.04 6130.83 5203.77 4449.12 3885.11 4874.88 909.723 3965.16 2569.6 2393.16 1395.56 927.058 754.658
internal_count=131188 76642 54546 45825 38764 33853 47087 9447 37640 22407 29555 15233 8721 7061
is_linear=0
shrinkage=0.035


Tree=35
num_leaves=15
num_cat=0
split_feature=3 10 6 14 14 15 17 6 24 15 0 15 21 3
split_gain=108.239 73.5765 59.0115 50.6496 43.2704 40.3364 37.6933 41.5209 34.3867 32.7105 31.7479 30.8589 29.335 27.7432
threshold=-0.043076051399111741 0.32223080098629003 -0.1852670609951019 0.31034220755100256 0.19513657689094546 20.759636878967289 0.074814073741436019 0.27169470489025122 0.031552704051136977 21.519169807434086 -0.21052397042512891 23.082156181335453 -0.015407797880470751 1.9270285964012148
decision_type=2 2 2 2 2 2 8 2 2 2 2 2 2 2
left_child=1 -1 5 12 -4 -3 7 8 -5 -6 -7 -9 -2 -8
right_child=3 2 4 6 9 10 13 11 -10 -11 -12 -13 -14 -15
leaf_value=-0.010056410302792109 0.0019397173773896682 0.01057723093380751 -0.016898896374996541 0.0025510987179138606 0.001128954539656086 0.013718872769932923 -0.0055911879106054696 0.0066548662551997933 0.010418627571209862 -0.0056175532880149747 -0.0019952563143773886 0.021242776832680124 -0.010433428769757534 0.01373519240704411
leaf_weight=1411.0569959916174 474.61305290460587 675.40634072571993 272.90212072432041 2905.1009164974093 1563.2922443933785 172.04240125417709 606.68414798378944 397.19526941329241 883.1240261644125 1996.9123658128083 1158.0777284577489 332.70108234137297 449.3655063174665 97.017801150679588
leaf_count=17025 3867 6362 3096 26313 16555 1631 5380 3132 7508 20964 11009 2652 4854 840
internal_value=-1.87958e-05 -0.00291372 -0.00117326 0.00339529 -0.00371535 0.00367969 0.00473133 0.00590346 0.00440781 -0.00266028 0.000124468 0.0135016 -0.00412509 -0.00277159
internal_weight=13395.5 7249.69 5838.63 6145.8 3833.11 2005.53 5221.82 4518.12 3788.22 3560.2 1330.12 729.896 923.979 703.702
internal_count=131188 76642 59617 54546 40615 19002 45825 39605 33821 37519 12640 5784 8721 6220
is_linear=0
shrinkage=0.035


Tree=36
num_leaves=15
num_cat=0
split_feature=3 10 14 10 10 23 22 24 8 8 22 21 24 15
split_gain=102.125 80.0107 76.9975 65.2321 64.3823 50.734 41.5986 35.3834 34.7155 32.291 31.33 28.0536 51.7692 24.7667
threshold=0.12464760616421701 0.32223080098629003 0.31034220755100256 0.74231791496276867 0.20627406984567645 0.096428066492080702 0.2409842982888222 0.027896618470549587 -0.31186003983020777 -0.31186003983020777 0.3397038877010346 0.05185144022107125 0.02743481379002333 21.231522560119632
decision_type=2 2 2 2 2 2 2 2 2 2 2 2 2 2
left_child=1 8 10 5 -2 -4 11 -8 -1 -9 13 12 -6 -3
right_child=4 2 3 -5 6 -7 7 9 -10 -11 -12 -13 -14 -15
leaf_value=-0.014862388989278823 0.040010059288909827 0.0015939126379198555 -0.0062835854836419784 -0.0074797611614968841 -0.010020771985946133 0.003938685831151853 0.018810409257568494 -0.0062968790365212487 -0.0049348671158954459 0.0029142747920436257 -0.015782142651153661 0.029140190794379767 0.010936973838848913 -0.011086413988933504
leaf_weight=647.75746892020106 52.378303699195385 422.00487420707941 671.11258968710899 898.43280169740319 160.81893702596426 4723.4067430123687 129.88644666969776 601.6404874920845 1304.8361771069467 1952.0109646916389 440.44028311222792 74.10548247396946 985.71626079827547 328.16064596921206
leaf_count=7856 346 4057 8042 8988 1341 45410 1052 6258 14904 16790 5486 506 6976 3176
internal_value=-1.80763e-05 -0.00199711 -0.000347046 0.00120082 0.00469494 0.0026577 0.00412014 0.00166982 -0.00828719 0.000728029 -0.00847016 0.00944974 0.00793611 -0.00402598
internal_weight=13392.7 9436.15 7483.56 6292.95 3956.56 5394.52 3904.18 2683.54 1952.59 2553.65 1190.61 1220.64 1146.54 750.166
internal_count=131188 97919 75159 62440 33269 53452 32923 24100 22760 23048 12719 8823 8317 7233
is_linear=0
shrinkage=0.035


Tree=37
num_leaves=15
num_cat=0
split_feature=22 3 11 24 19 8 14 21 9 11 17 3 17 20
split_gain=96.6082 73.6052 86.0418 65.6334 57.7739 56.7911 47.0263 39.9743 36.486 29.342 27.7123 26.9633 37.1858 24.7199
threshold=0.36707998812198644 0.12464760616421701 0.14799184352159503 0.027896618470549587 -0.15715781599283216 -0.18845927715301511 0.31034220755100256 -0.11719527095556258 0.33106777071952825 0.47178424894809728 0.025454134680330757 1.9270285964012148 0.074814073741436019 -0.020915670320391651
decision_type=2 2 2 2 2 2 2 2 2 2 10 2 8 2
left_child=1 4 -3 10 -1 13 -6 -8 -7 -10 -2 12 -4 -5
right_child=3 2 11 5 6 8 7 -9 9 -11 -12 -13 -14 -15
leaf_value=0.0070928476280311724 -0.010372750623300508 0.040880962364012424 0.0062799752420774008 0.00068836372527302674 -0.0096222667876960395 -0.01002282374504331 -0.0075783308324194904 0.00107169473138434 0.0042014709818928835 -0.02022791362786238 0.012137021263559668 0.018416258621281188 -0.0057012619052133539 -0.011449836704889235
leaf_weight=1126.3195968568325 74.084825769066811 77.321151547133923 2172.0525651052594 230.79549352824688 755.45369163900614 372.77432519197464 767.10345938801765 4137.2403986006975 940.33763442188501 54.439206354320049 352.66528372466564 175.95963558554649 363.29666752368212 1789.2620216794312
leaf_count=10412 774 467 16523 2934 7546 4360 7944 39153 9446 577 3420 1328 2906 23398
internal_value=-1.74603e-05 0.00185912 0.00663518 -0.00472057 -0.000110391 -0.0063523 -0.00155384 -0.00029395 -0.000832734 0.00267656 0.00808125 0.00551193 0.0045475 -0.0100665
internal_weight=13389.1 9574.75 2788.63 3814.36 6786.12 3387.61 5659.8 4904.34 1367.55 994.777 426.75 2711.31 2535.35 2020.06
internal_count=131188 86279 21224 44909 65055 40715 54643 47097 14383 10023 4194 20757 19429 26332
is_linear=0
shrinkage=0.035


Tree=38
num_leaves=15
num_cat=0
split_feature=3 23 14 21 24 22 24 16 21 21 17 8 23 6
split_gain=92.5951 76.7036 44.734 35.5905 52.1758 45.4211 57.1137 35.4369 38.5442 47.2865 35.5219 31.9457 30.0079 29.8048
threshold=-0.043076051399111741 0.13191533088684085 0.3518767803907395 -0.11719527095556258 0.030043962411582473 0.30864126980304724 0.026834268122911457 1.4163023233413699 0.05185144022107125 -0.015407797880470751 0.024428043514490131 -0.22113384306430814 0.27203558385372167 -0.28388874232769007
decision_type=2 2 2 2 2 2 2 2 2 2 10 2 2 2
left_child=1 13 -2 4 -3 6 -5 8 9 -4 -10 -7 -9 -1
right_child=2 3 7 5 -6 11 -8 12 10 -11 -12 -13 -14 -15
leaf_value=0.0045171699511185369 -0.0031350857266244023 -0.015356845101659996 0.007958738955320524 -0.01189527788586852 0.001407715595079805 -0.0076914598898831926 0.0052743196915064766 -0.0020420903880089842 -0.0046964608197193388 -0.00094737297530112776 0.015866357128736196 0.0057114162963438023 0.020889933822145143 -0.0091100493407085276
leaf_weight=210.39377976208925 1133.5915331244469 416.58587431162596 1784.1895954683423 252.37957442551851 483.81158926337957 898.24034470319748 2527.2197608277202 1150.5364855229855 115.81667712330818 1228.3219782933593 697.01833392679691 278.52257310599089 64.391143627464771 2144.3220422454178
leaf_count=2184 10629 4854 13627 2882 4593 10234 21493 10324 1111 12278 6076 3031 501 27371
internal_value=-1.72439e-05 -0.00270901 0.00312622 -0.000191638 -0.00643221 0.00124124 0.00367832 0.00453784 0.00618803 0.00433624 0.012915 -0.0044978 -0.000666076 -0.0078785
internal_weight=13385.3 7211.48 6173.87 4856.76 900.397 3956.36 2779.6 5040.27 3825.35 3012.51 812.835 1176.76 1214.93 2354.72
internal_count=131188 76642 54546 47087 9447 37640 24375 43917 33092 25905 7187 13265 10825 29555
is_linear=0
shrinkage=0.035


Tree=39
num_leaves=15
num_cat=0
split_feature=3 23 10 14 8 14 18 17 11 6 20 5 23 21
split_gain=86.3288 72.0477 49.5394 41.6932 37.7699 33.4215 40.55 31.1645 34.9645 28.0766 32.7074 27.3499 27.0103 26.3121
threshold=-0.043076051399111741 0.13191533088684085 0.30578473210334783 0.31034220755100256 -0.38770240545272822 0.31034220755100256 -0.068118575960397706 0.074814073741436019 0.21027008444070819 -0.28388874232769007 0.086438085883855834 -0.13266260176897046 0.10839130729436876 -0.015407797880470751
decision_type=2 2 2 2 2 2 2 8 2 2 2 2 2 2
left_child=1 9 -3 13 11 -4 -7 8 -6 -1 12 -5 -11 -2
right_child=3 2 5 4 7 6 -8 -9 -10 10 -12 -13 -14 -15
leaf_value=0.0043513519216182763 0.0018697638201639756 -0.0094330312411171433 -0.0063105870510867029 0.0043451694240120211 0.00065409778614698743 0.0095448486314374196 0.00051854424678112495 -0.0022501592108611869 0.0083675773585055058 -0.014362006833687414 0.0041966026022046852 -0.0088569778025390771 -0.0059746747421041213 -0.0098937786844443838
leaf_weight=211.13452953845263 475.14098760485649 609.6430992744863 616.60855029895902 339.13920933008194 948.58482296019793 765.02425932139158 2864.0570237338543 562.41227983683348 2999.4461796209216 974.18364062160254 206.81128166615963 420.18943179398775 947.34553042054176 441.95839700847864
leaf_count=2184 3867 7192 6256 2992 8742 7034 26605 4911 25111 13578 1934 4069 11859 4854
internal_value=-1.72469e-05 -0.00262244 -0.000187359 0.00301171 0.00420996 0.00115928 0.00244232 0.00542442 0.00652061 -0.00765387 -0.00885959 -0.00298066 -0.0102793 -0.00384476
internal_weight=13381.7 7194.81 4855.33 6186.87 5269.77 4245.69 3629.08 4510.44 3948.03 2339.47 2128.34 759.329 1921.53 917.099
internal_count=131188 76642 47087 54546 45825 39895 33639 38764 33853 29555 27371 7061 25437 8721
is_linear=0
shrinkage=0.035


Tree=40
num_leaves=15
num_cat=0
split_feature=3 10 14 10 10 11 3 10 15 8 2 11 21 5
split_gain=80.9155 70.8169 65.0328 60.5687 55.7391 47.4124 32.7024 40.2795 46.5285 32.5947 27.5563 24.6038 23.9661 23.5236
threshold=0.12464760616421701 0.32223080098629003 0.31034220755100256 0.74231791496276867 0.20627406984567645 0.50948160886764537 1.9270285964012148 0.67458367347717296 23.677119255065922 -0.31186003983020777 -0.32623209059238428 0.11597722023725511 -0.017531219869852063 -0.16715751588344571
decision_type=2 2 2 2 2 2 2 2 2 2 2 2 2 2
left_child=1 9 10 5 12 -4 7 8 -6 -1 -3 -11 -2 -5
right_child=4 2 3 13 6 -7 -8 -9 -10 11 -12 -13 -14 -15
leaf_value=-0.014220372605709028 0.053506874193171856 0.0051654585309942307 0.0021403459327804953 0.007916849930928142 0.0034931879889613443 0.028278741900310898 0.01564259183514994 -0.0023708733196340535 0.017956602203587642 -0.017685609438291547 -0.0099725252433977077 -0.0027249042033774865 0.0066428717668856009 -0.0092892303153836887
leaf_weight=632.70353029295802 29.658822990953922 166.01591583713889 5325.4450553804636 103.11251684650779 2146.7019765377045 76.485453203320503 249.02357430756092 1239.6695862039924 303.6534246057272 143.56164363399148 1001.9133646637201 1146.501900807023 25.011357724666595 788.98317103087902
leaf_count=7856 163 1596 52774 956 17747 678 2075 10708 2393 1650 11123 13254 183 8032
internal_value=-1.79516e-05 -0.00179354 -0.000246679 0.00116417 0.00414852 0.00256201 0.00360971 0.00275758 0.00535122 -0.00776435 -0.00779514 -0.004513 0.0364093 -0.00723476
internal_weight=13378.4 9384.72 7461.96 6294.03 3993.72 5401.93 3939.05 3690.02 2450.36 1922.77 1167.93 1290.06 54.6702 892.096
internal_count=131188 97919 75159 62440 33269 53452 32923 30848 20140 22760 12719 14904 346 8988
is_linear=0
shrinkage=0.035


Tree=41
num_leaves=15
num_cat=0
split_feature=22 3 17 24 8 17 24 16 20 10 22 24 24 10
split_gain=83.6313 60.0636 66.2431 59.6931 59.0355 38.5542 38.19 38.0442 42.8271 35.5177 35.1187 30.7369 29.9964 29.0033
threshold=0.35781356692314154 0.30129462480545049 0.028128365054726604 0.026834268122911457 -0.2742782980203628 0.025454134680330757 0.027896618470549587 1.4653307795524599 -0.015619827434420584 0.44277469813823706 0.2409842982888222 0.027896618470549587 0.031032942235469822 1.0376653075218203
decision_type=2 2 8 2 2 10 2 2 2 2 2 2 2 2
left_child=1 3 -3 -1 11 -6 9 8 -5 -7 -4 -2 -12 -8
right_child=4 2 10 7 5 6 13 -9 -10 -11 12 -13 -14 -15
leaf_value=-0.0084984177084833062 0.0033267997888465576 0.040796144781276245 0.011708186667578651 -0.00035141192452280286 -0.011148071744389813 0.030840500916519169 0.00083093377234524815 -0.0031520313182088157 0.0061075870487357778 -0.00029814185657495255 0.0088433233424800532 -0.010467403331952667 -0.0042628614927568394 -0.018510462749424837
leaf_weight=790.80154831707478 220.80295170843601 61.881117783486843 769.12898448854685 2354.9640409275889 347.28496737033129 88.517962664365768 1873.0621141977608 1554.8078895397484 2686.0510044917464 82.058963023126125 366.51964404433966 1603.3970515616238 485.97650810331106 90.019979439675808
leaf_count=8833 2268 381 5375 21738 4362 805 19918 14399 23597 736 2726 21186 3897 967
internal_value=-1.58095e-05 0.00189067 0.00783585 0.000526919 -0.00402747 -0.000505374 0.00127081 0.00162023 0.00309547 0.0166738 0.00633576 -0.0087887 0.00140917 -0.000145314
internal_weight=13375.3 9070.13 1683.51 7386.62 4305.14 2480.94 2133.66 6595.82 5041.02 170.577 1621.63 1824.2 852.496 1963.08
internal_count=131188 80946 12379 68567 50242 26788 22426 59734 45335 1541 11998 23454 6623 20885
is_linear=0
shrinkage=0.035


Tree=42
num_leaves=15
num_cat=0
split_feature=22 21 22 20 21 24 24 6 11 24 20 10 11 20
split_gain=78.7163 61.7533 68.7071 77.4452 79.3461 66.2208 57.3326 52.6698 42.2367 33.6453 42.4095 31.6339 33.067 29.6731
threshold=0.36707998812198644 -0.12565742805600164 0.16723755002021792 -0.019841950386762616 -0.059047469869256013 0.026439630426466468 0.027896618470549587 0.16605263948440555 0.30326476693153387 0.030043962411582473 1.0000000180025095e-35 1.1225485205650332 0.1876151189208031 -0.020915670320391651
decision_type=2 2 2 2 2 2 2 2 2 2 2 2 2 2
left_child=1 9 8 4 -4 -5 -2 13 -3 -1 -11 12 -9 -8
right_child=6 2 3 5 -6 -7 7 11 -10 10 -12 -13 -14 -15
leaf_value=-0.013018779871576659 0.0076055130656900163 0.001569011918207529 0.0065814454080142266 -0.0085067267739227757 -0.00745348334425819 0.0052664917552988173 0.00227836253014991 -0.01644752156054621 0.014565787746002253 -0.011828247580458218 0.0078406069715524617 -0.018971803133195877 0.0050415573305620373 -0.010096968275841148
leaf_weight=484.6110710427165 430.30240625888109 480.04868122190237 665.70934680849314 465.7690626308322 1828.9200178012252 4295.15813485533 264.03056669980288 88.20648916810751 849.38863005489111 219.73989637941122 313.23684256523848 79.573505707085133 826.57340042665601 2080.2164941653609
leaf_count=5358 4194 3859 4948 5454 17671 37670 3353 869 6228 2746 2345 979 8129 27385
internal_value=-1.47863e-05 0.0016677 0.00263563 0.00128918 -0.00369684 0.00390403 -0.00429457 -0.00584647 0.00991951 -0.00644449 -0.000337118 0.000899094 0.00281405 -0.00869939
internal_weight=13371.5 9602.58 8584.99 7255.56 2494.63 4760.93 3768.9 3338.6 1329.44 1017.59 532.977 994.353 914.78 2344.25
internal_count=131188 86279 75830 65743 22619 43124 44909 40715 10087 10449 5091 9977 8998 30738
is_linear=0
shrinkage=0.035


Tree=43
num_leaves=15
num_cat=0
split_feature=22 21 21 24 16 14 24 22 21 22 8 11 23 20
split_gain=73.9647 65.6393 62.3241 68.1607 77.9161 55.8648 53.888 48.0739 45.0668 43.7009 40.7369 33.7285 31.4468 31.2106
threshold=0.35781356692314154 0.03740320727229119 -0.11719527095556258 0.026834268122911457 1.4653307795524599 0.3726943731307984 0.030043962411582473 0.45299300551414495 -0.15558469295501706 0.2409842982888222 -0.071711514145135866 0.31775064766407018 0.10686827078461648 0.11776777356863023
decision_type=2 2 2 2 2 2 2 2 2 2 2 2 2 2
left_child=2 12 6 10 9 -3 -1 -7 -8 -5 13 -10 -2 -4
right_child=1 5 3 4 -6 7 8 -9 11 -11 -12 -13 -14 -15
leaf_value=-0.012848134517122231 -0.014314329764441037 -0.012170864795268001 -0.011667249071094685 0.009236102014700695 -0.0027208707008508914 0.0059351567648471288 -0.011539193614095562 -0.005581468436762267 -0.0066165729700352277 0.002896721086252582 0.017651966740577212 0.01323845808206082 -0.0049766123933221457 0.0063237242869388739
leaf_weight=604.58306144922972 736.08792937919497 377.96244781091809 660.99415710568428 2716.194478943944 1571.5316715314984 1398.9710920602083 217.64882788807154 639.17439388111234 142.91458857804537 2630.8204282000661 70.587534189224243 336.94910408556461 1127.0020276010036 136.65345068275928
leaf_count=6630 9041 4674 7729 20764 14048 14673 2746 8024 1162 23652 565 2425 13830 1225
internal_value=-1.61055e-05 -0.00380511 0.00177005 0.002956 0.00411717 7.12228e-06 -0.00529064 0.00231386 0.00134898 0.00612825 -0.00623834 0.00731081 -0.00872257 -0.00854489
internal_weight=13368.1 4279.2 9088.88 7786.78 6918.55 2416.11 1302.1 2038.15 697.513 5347.01 868.235 479.864 1863.09 797.648
internal_count=131188 50242 80946 67983 58464 27371 12963 22697 6333 44416 9519 3587 22871 8954
is_linear=0
shrinkage=0.035


Tree=44
num_leaves=15
num_cat=0
split_feature=6 22 21 24 22 24 22 9 17 24 21 3 21 3
split_gain=73.2148 77.8718 61.5123 72.0654 59.2773 47.2507 44.8797 42.5316 40.5483 35.4141 30.1138 24.8228 32.0523 23.2408
threshold=0.21036731451749804 0.36707998812198644 -0.11719527095556258 0.026834268122911457 0.2409842982888222 0.027896618470549587 0.19535173475742343 0.9440138339996339 0.034502565860748298 0.031326424330472953 0.10464905947446825 0.75976115465164196 0.060504643246531493 -0.081588048487901674
decision_type=2 2 2 2 2 2 2 2 8 2 2 2 2 2
left_child=1 2 8 10 -5 -3 -2 11 -1 -10 -4 12 -8 -7
right_child=6 5 3 4 -6 13 7 -9 9 -11 -12 -13 -14 -15
leaf_value=-0.02141688692586308 0.019348496971038985 0.0054215592894033297 -0.011388528924154566 0.0064103511107552486 -0.00025493969382976548 -0.010988060934254367 -0.00057284796267904024 -0.0048272288852210399 -0.007757527500779229 0.0066728540474863662 0.006387002310931679 0.014922859678806046 0.013773662626631556 -0.0041947538974383154
leaf_weight=182.79166581854224 264.93077898025513 374.83798033744097 637.66392678767443 3190.2496280521154 3339.2833412662148 1314.8786162771285 583.39750904217362 469.62817047163844 759.11874475330114 277.07118590921164 135.58607944101095 370.96592635661364 272.91439053043723 1191.2076938860118
leaf_count=2044 1806 3681 7598 24881 31903 18424 5095 4561 8352 2023 1208 2949 2404 14259
internal_value=-1.71316e-05 -0.00109311 0.000590136 0.00180708 0.00300646 -0.00605695 0.00621054 0.00405802 -0.00665581 -0.00387203 -0.00822991 0.00746958 0.00410573 -0.00778853
internal_weight=13364.5 11402.7 8521.76 7302.78 6529.53 2880.92 1961.84 1696.91 1218.98 1036.19 773.25 1227.28 856.312 2506.09
internal_count=131188 114373 78009 65590 56784 36364 16815 15009 12419 10375 8806 10448 7499 32683
is_linear=0
shrinkage=0.035


Tree=45
num_leaves=15
num_cat=0
split_feature=3 23 14 17 21 20 23 3 17 23 19 6 20 21
split_gain=70.1824 58.2825 36.7326 33.1519 31.8594 32.7859 30.314 30.1865 42.5187 34.2115 33.0331 26.5906 26.7071 23.1586
threshold=-0.043076051399111741 0.13191533088684085 0.2662122249603272 0.022048955783247951 -0.11719527095556258 -0.084638353437185274 0.28368386626243597 1.9270285964012148 0.051180602982640273 0.12558465078473094 0.18318083137273791 -0.28388874232769007 0.03655372932553292 -0.015407797880470751
decision_type=2 2 2 10 2 2 2 2 8 2 2 2 2 2
left_child=1 11 13 -3 6 -6 -5 8 9 -4 -10 -1 -13 -2
right_child=2 3 7 4 5 -7 -8 -9 10 -11 -12 12 -14 -15
leaf_value=0.0047432055227757432 0.0013002871027574165 -0.013012601085588415 0.00089008745310167588 -0.015351662050102311 0.0098535489135896555 0.00051200817595863036 -0.0012204745985830018 0.015875553106277987 -0.0054174505624208944 0.0082455024578658425 0.0036470317298933743 -0.01179466161099455 -0.0037994526119130506 -0.011153638993204354
leaf_weight=209.2828638702631 377.05155970901251 225.60315364226699 1233.5613303855062 258.75866754353046 526.96085319668055 3230.4468359574676 610.03506518155336 228.25479352474213 995.41980996727943 2084.2333094552159 955.81184470653534 1127.142899133265 955.55937360599637 341.86610569432378
leaf_count=2184 3048 2628 12211 2793 4071 31172 6423 1843 8716 16907 7971 15713 11658 3850
internal_value=-1.70163e-05 -0.00238182 0.00270013 -0.000205342 0.000445942 0.0018448 -0.00555606 0.00367384 0.00311618 0.00552164 -0.000981254 -0.00696821 -0.00816208 -0.00469368
internal_weight=13360 7143.79 6216.2 4851.8 4626.2 3757.41 868.794 5497.28 5269.03 3317.79 1951.23 2291.99 2082.7 718.918
internal_count=131188 76642 54546 47087 44459 35243 9216 47648 45805 29118 16687 29555 27371 6898
is_linear=0
shrinkage=0.035


Tree=46
num_leaves=15
num_cat=0
split_feature=6 22 21 16 14 22 21 9 17 22 16 20 5 21
split_gain=66.0914 70.6472 55.6197 53.5935 44.8553 40.6042 39.4003 39.3831 38.7726 38.2396 38.7852 30.3001 28.6925 25.8145
threshold=0.21036731451749804 0.36707998812198644 -0.11719527095556258 1.4163023233413699 0.31034220755100256 0.19535173475742343 0.03740320727229119 0.9440138339996339 0.034502565860748298 0.45299300551414495 0.61526140570640575 0.03655372932553292 -0.18258374929428098 0.017405906692147258
decision_type=2 2 2 2 2 2 2 2 8 2 2 2 2 2
left_child=1 2 8 4 -4 -2 -3 11 -1 10 -8 13 -5 -7
right_child=5 6 3 12 -6 7 9 -9 -10 -11 -12 -13 -14 -15
leaf_value=-0.020964192328472832 0.018279071773311013 -0.010561448594909666 -0.0035873505177693686 0.01766012214078316 0.004699371624285526 -0.0021580657380090517 -0.011477674676160871 -0.0047405203535563203 -0.0036557855722985379 -0.0097422223301246516 0.0047576303685873912 0.015670797858596108 -0.0048605564035115794 0.0096948387541248935
leaf_weight=178.91701478138566 268.86855122447014 1211.1237062513828 954.70012913644314 62.823707483708858 4736.9649051353335 461.32069331407547 215.68413573503494 468.54918705299497 1030.4158648177981 545.18933672830462 887.53211398795247 349.76653420552611 1560.8540367558599 424.13294115290046
leaf_count=2044 1806 16315 8803 509 41407 3899 2556 4561 10375 7634 9859 2823 14871 3726
internal_value=-1.74714e-05 -0.00104368 0.000554661 0.00170612 0.00330553 0.00588026 -0.00579392 0.00382838 -0.00636744 -0.00224853 0.00150896 0.00709074 -0.00388641 0.00356435
internal_weight=13356.8 11384.2 8524.68 7315.34 5691.67 1972.64 2859.53 1703.77 1209.33 1648.41 1103.22 1235.22 1623.68 885.454
internal_count=131188 114373 78009 65590 50210 16815 36364 15009 12419 20049 12415 10448 15380 7625
is_linear=0
shrinkage=0.035


Tree=47
num_leaves=15
num_cat=0
split_feature=3 23 10 10 15 6 24 23 20 20 3 16 15 24
split_gain=63.4908 53.7358 41.4394 30.9393 38.1626 43.7701 36.7885 32.2634 35.2685 30.3688 29.7994 29.1774 41.2645 28.6196
threshold=-0.043076051399111741 0.13191533088684085 0.30578473210334783 0.76547798514366161 23.677119255065922 0.14721943438053134 0.02906045783311129 0.12288202345371248 0.03655372932553292 -0.019841950386762616 1.9270285964012148 0.47961382567882543 23.082156181335453 0.02906045783311129
decision_type=2 2 2 2 2 2 2 2 2 2 2 2 2 2
left_child=1 -1 -3 4 7 6 -6 8 -2 -9 -5 -4 -13 -12
right_child=3 2 11 10 5 -7 -8 9 -10 -11 13 12 -14 -15
leaf_value=-0.0066994872236041912 -0.0060676015341786689 -0.0087456468771211111 -0.0059514166393276778 -0.0041832071532007468 -0.016228463783975886 0.021529232310842895 0.0099334851800304391 0.0011408684503369966 0.0056059393623328372 0.0082542883507175525 0.034892040122463337 0.003799418516314866 -0.0065492702910306495 0.0029061879463593426
leaf_weight=2274.084977209568 854.31523370742798 596.72687736153603 616.29295068606734 1168.0549367032945 81.801587358117104 291.91562283039093 224.09307057410479 1460.7500580921769 491.29650227352977 1477.8114634603262 35.789586007595062 3088.2667365521193 547.47214968129992 144.84276741743088
leaf_count=29555 9233 7192 6041 10512 729 2268 1958 12036 4412 11904 308 28705 5149 1186
internal_value=-1.7606e-05 -0.00227331 -0.000187903 0.00256061 0.00385534 0.0120689 0.00264506 0.00268379 -0.00179556 0.00473409 -0.00211995 0.00103079 0.00222742 0.0107416
internal_weight=13353.5 7122.84 4848.76 6230.67 4881.98 597.81 305.895 4284.17 1345.61 2938.56 1348.69 4252.03 3635.74 180.632
internal_count=131188 76642 47087 54546 42540 4955 2687 37585 13645 23940 12006 39895 33854 1494
is_linear=0
shrinkage=0.035


Tree=48
num_leaves=15
num_cat=0
split_feature=6 22 21 24 16 21 14 22 24 22 21 9 15 21
split_gain=59.6749 64.4402 55.2534 69.2232 60.6292 42.3609 39.1981 42.7857 37.4146 37.0986 36.5565 35.3845 29.3184 28.971
threshold=0.21036731451749804 0.35781356692314154 -0.11719527095556258 0.026834268122911457 1.4163023233413699 0.03740320727229119 0.3726943731307984 0.42151103913784033 0.030043962411582473 0.19535173475742343 -0.15558469295501706 0.9440138339996339 23.082156181335453 0.10464905947446825
decision_type=2 2 2 2 2 2 2 2 2 2 2 2 2 2
left_child=1 2 8 13 -5 -3 -7 -8 -1 -2 -10 12 -11 -4
right_child=9 5 3 4 -6 6 7 -9 10 11 -12 -13 -14 -15
leaf_value=-0.012825575366894952 0.017340739990913876 -0.0097247260638088449 -0.01108706348353534 0.0049735331415688873 -0.0034123492114293205 -0.012680281559491391 0.0051959553833380934 -0.0066988217691547362 -0.012470581901975536 0.0021318270692727583 0.0050736169767253573 -0.0045480827407656695 0.013027648983105034 0.0063565617566392913
leaf_weight=552.19052942097187 272.36484798789024 1397.7620044536889 631.39721283316612 4786.319353967905 1346.6522135511041 317.12848859652877 958.50313979387283 589.97786310687661 203.03909923136234 733.18358205631375 448.93090558052063 466.2922019213438 510.88654409721494 135.64137329161167
leaf_count=6352 1806 18497 7598 40055 12260 4119 10344 7873 2661 6223 3406 4561 4225 1208
internal_value=-1.67221e-05 -0.000995283 0.000677968 0.0018871 0.00312964 -0.00513997 -0.00167142 0.000650091 -0.00620898 0.00557049 -0.000495917 0.00360625 0.00667448 -0.00796027
internal_weight=13350.3 11367.5 8104.17 6900.01 6132.97 3263.37 1865.61 1548.48 1204.16 1982.73 651.97 1710.36 1244.07 767.039
internal_count=131188 114373 73540 61121 52315 40833 22336 18217 12419 16815 6067 15009 10448 8806
is_linear=0
shrinkage=0.035


Tree=49
num_leaves=15
num_cat=0
split_feature=14 10 10 21 24 3 3 24 21 21 24 8 11 17
split_gain=58.3634 65.1529 61.0614 56.5676 93.2764 49.503 48.8717 46.2675 42.3314 37.4349 39.2343 32.1418 28.2286 35.2256
threshold=0.31034220755100256 0.31429205834865576 0.74231791496276867 0.05185144022107125 0.02743481379002333 0.30129462480545049 1.9270285964012148 0.027896618470549587 -0.031822754070162766 -0.015407797880470751 0.02743481379002333 -0.31186003983020777 0.34459368884563452 0.044225068762898452
decision_type=2 2 2 2 2 2 2 2 2 2 2 2 2 8
left_child=9 5 3 4 -3 11 -4 -5 -7 10 -1 -2 -12 -14
right_child=1 2 6 7 -6 8 -8 -9 -10 -11 12 -13 13 -15
leaf_value=-0.019426197877023887 -0.013452255035113702 -0.010650367378184351 -0.0057240132773203646 0.015338599811996943 0.0032897707236167061 0.04244831891828231 0.014135052653265506 0.0039693101512646833 -0.0012504646428527463 -0.011141591417196919 -0.0093156287551972878 -0.0032716652572615055 0.01864582771393437 0.00027406155656091522
leaf_weight=114.52341938391328 527.25933258980513 649.99238074570894 1574.7292578518391 760.97165460884571 5393.7199830114841 38.531709372997284 158.33763821423054 1039.5766046717763 60.399709202349186 850.76100877672434 207.97443965449929 1331.2375118173659 165.39215643703938 472.76127894222736
leaf_count=1354 6813 7116 14908 6327 49117 209 1266 10882 489 10291 1883 15017 1409 4107
internal_value=-1.7412e-05 0.000901244 0.00209109 0.00340447 0.00177541 -0.00490151 -0.00383895 0.00883253 0.0181037 -0.00584008 -0.0010786 -0.00621646 0.00160265 0.00524974
internal_weight=13346.2 11534.8 9577.33 7844.26 6043.71 1957.43 1733.07 1800.55 98.9314 1811.41 960.651 1858.5 846.128 638.153
internal_count=131188 112144 89616 73442 56233 22528 16174 17209 698 19044 8753 21830 7399 5516
is_linear=0
shrinkage=0.035


Tree=50
num_leaves=15
num_cat=0
split_feature=6 22 19 14 24 17 22 20 10 15 10 12 8 11
split_gain=55.1548 62.0502 45.5493 47.3807 42.8925 39.9429 37.1884 30.3007 30.0962 25.709 24.7568 24.2971 22.5898 20.4327
threshold=0.23879923671483996 0.36707998812198644 -0.15715781599283216 0.3518767803907395 0.027896618470549587 0.071654707193374648 0.19535173475742343 -0.020915670320391651 1.1225485205650332 21.764852523803714 0.49864971637725836 0.53684827685356151 -0.29683119058609003 0.19960751384496692
decision_type=2 2 2 2 2 8 2 2 2 2 2 2 2 2
left_child=1 2 9 11 -3 -5 -2 -6 13 -1 -11 -4 -9 -8
right_child=6 4 3 5 7 -7 8 12 -10 10 -12 -13 -14 -15
leaf_value=0.0093520601017319186 0.018245787746724317 0.0054449603707683123 0.0027081666607844902 0.0015936165089865302 0.0037094458477071011 -0.0088784160728720123 -0.0076068005048886764 -0.012274629982093034 -0.0095271480491856131 0.0092958339245636425 -0.0055206757778979935 -0.0092467260468296411 -0.0051594791997255753 0.0068758640176949165
leaf_weight=994.95201465860009 241.29620614647865 388.39920508116484 258.34161116182804 5378.1050926446915 285.14074887707829 476.52432292699814 124.09790512174368 980.8189643882215 177.4348747767508 211.16532867401838 358.02568705007434 986.97389031201601 1278.5759142301977 1203.3557784035802
leaf_count=8851 1567 3769 2468 49028 3639 4380 1066 14201 1790 1884 3033 9387 15835 10290
internal_value=-1.69648e-05 -0.000891592 0.0005992 -0.000594241 -0.00528256 0.000727584 0.00576374 -0.00693492 0.00365512 0.00598582 4.17231e-05 -0.00676486 -0.00828869 0.00547519
internal_weight=13343.2 11597 8664.09 7099.94 2932.93 5854.63 1746.18 2544.54 1504.89 1564.14 569.191 1245.32 2259.39 1327.45
internal_count=131188 116475 79031 65263 37444 53408 14713 33675 13146 13768 4917 11855 30036 11356
is_linear=0
shrinkage=0.035


Tree=51
num_leaves=15
num_cat=0
split_feature=3 2 23 21 24 10 8 21 24 10 3 15 17 22
split_gain=55.1857 48.633 40.5303 33.2515 53.7789 40.6177 31.7936 32.1046 37.7314 31.917 37.5045 30.4111 29.4831 29.1788
threshold=-0.043076051399111741 -0.30650004744529719 0.096428066492080702 0.064371928572654738 0.030107422731816772 0.3623319566249848 -0.31923802196979517 -0.015407797880470751 0.030696987174451355 1.0376653075218203 0.75976115465164196 21.402656555175785 0.059678239747881896 0.40473736822605139
decision_type=2 2 2 2 2 2 2 2 2 2 2 2 8 2
left_child=1 -1 13 5 -5 -4 7 8 -2 10 -8 -12 -10 -3
right_child=6 2 3 4 -6 -7 9 -9 12 -11 11 -13 -14 -15
leaf_value=0.0039843889291618613 -0.0058082662269098419 -0.015753143006119737 -0.0091358401268171532 0.011457117774764701 -0.0049247045746434875 -0.0014547722988446717 0.0032969050380500351 -0.0075360296504817272 0.013864962755399678 -0.0083951750819993756 -0.0079960051287635957 0.015869024734774952 -0.0020018716505170965 -0.0015228887851668736
leaf_weight=1294.3475456275046 411.98507376015186 507.43295184150338 1187.5658532381058 493.02198860794306 471.18881837651134 2868.2076998390257 3756.0887930691242 680.24652675539255 366.02945575863123 236.19480112567544 68.84115719422698 499.61837355419993 228.2916943654418 271.42126523330808
leaf_count=11945 3657 7197 14124 4483 5758 29382 32532 7633 2766 2072 509 3615 1762 3753
internal_value=-1.70011e-05 -0.00212822 -0.00349712 -0.0023329 0.0034833 -0.00372079 0.00237966 -0.00171885 0.00224893 0.00389572 0.00458483 0.0128907 0.00783789 -0.0108762
internal_weight=13340.5 7093.19 5798.84 5019.98 964.211 4055.77 6247.3 1686.55 1006.31 4560.74 4324.55 568.46 594.321 778.854
internal_count=131188 76642 64697 53747 10241 43506 54546 15818 8185 38728 36656 4124 4528 10950
is_linear=0
shrinkage=0.035


Tree=52
num_leaves=15
num_cat=0
split_feature=23 21 24 22 24 8 10 21 8 20 11 9 15 5
split_gain=52.8558 50.1741 46.6134 55.7654 45.3936 44.4473 42.9126 38.0512 34.3915 29.3116 29.3082 24.6186 24.4731 20.4355
threshold=0.13191533088684085 -0.11719527095556258 0.026834268122911457 0.29119834303855902 0.030043962411582473 -0.18845927715301511 0.35458551347255712 -0.15558469295501706 -0.22113384306430814 0.03655372932553292 0.31775064766407018 0.6235521435737611 22.799298286437992 -0.13266260176897046
decision_type=2 2 2 2 2 2 2 2 2 2 2 2 2 2
left_child=5 4 -3 6 -2 13 -4 -6 -5 12 -9 -11 -7 -1
right_child=1 2 3 8 7 9 -8 10 -10 11 -12 -13 -14 -15
leaf_value=0.0026158356412236002 -0.01177496167220376 -0.0090785852072868232 -0.0013582890795467357 -0.0039686917725820945 -0.01069104150868159 -0.0057830040784366959 0.0077226365085824077 -0.0063195513971718255 0.0043216403172379684 0.011088933530027024 0.012206929031620113 -0.0044887356056788688 0.004377116759407931 -0.0063517566422455667
leaf_weight=344.33589879795909 583.16422877088189 370.35623000562191 782.22728709876537 1490.3697306849062 211.39627655595541 731.55261428654194 3371.3131458833814 141.40821769088507 1026.5344582237303 498.88065924495459 342.47350141406059 158.27284752577543 468.23592903837562 2816.8206108063459
leaf_count=4011 6630 4123 6754 16296 2746 7657 25011 1162 9537 4603 2425 1484 4497 34252
internal_value=-1.74595e-05 0.00169317 0.00285195 0.00352695 -0.00466118 -0.00285115 0.00601329 0.00138786 -0.000583709 0.0014422 0.00677447 0.00732607 -0.00181446 -0.00536977
internal_weight=13337.3 8319.24 7040.8 6670.44 1278.44 5018.1 4153.54 695.278 2516.9 1856.94 483.882 657.154 1199.79 3161.16
internal_count=131188 74684 61721 57598 12963 56504 31765 6333 25833 18241 3587 6087 12154 38263
is_linear=0
shrinkage=0.035


Tree=53
num_leaves=15
num_cat=0
split_feature=14 10 10 21 24 3 3 21 24 21 24 21 8 24
split_gain=52.054 56.4106 56.3994 52.0263 84.2294 44.9548 44.7787 38.493 37.4131 33.8317 36.2502 30.7981 28.6961 26.9763
threshold=0.31034220755100256 0.31429205834865576 0.74231791496276867 0.05185144022107125 0.02743481379002333 0.30129462480545049 1.9270285964012148 -0.031822754070162766 0.027896618470549587 -0.015407797880470751 0.02743481379002333 -0.096735831350088106 -0.31186003983020777 0.02906045783311129
decision_type=2 2 2 2 2 2 2 2 2 2 2 2 2 2
left_child=9 5 3 4 -3 11 -4 -7 -5 10 -1 -2 -13 -8
right_child=1 2 6 8 -6 7 13 -9 -10 -11 -12 12 -14 -15
leaf_value=-0.018889709326139679 -0.020394943493410877 -0.01024949042148896 -0.005583224934827961 0.014163815440187341 0.003066825995448661 0.040105395903733569 0.038325041883727838 -0.0013104878777399926 0.00398347575736857 -0.0106404203230108 0.0015197321467888276 -0.011715431486664112 -0.0015631641434843083 0.0051085304444750575
leaf_weight=111.78097411990166 153.52026123180985 641.99531492590904 1568.2446014769375 775.09993867576122 5413.7847514785826 39.522070720791817 30.62141764909029 60.424846231937408 1038.6526153534651 837.18052237480879 847.18902938067913 465.44222800061107 1220.5872163549066 129.72701352834702
leaf_count=1354 1880 7116 14908 6327 49117 209 247 489 10882 10291 7399 6126 13824 1019
internal_value=-1.79456e-05 0.000846287 0.00194704 0.00320431 0.00164054 -0.00458313 -0.00376228 0.0172248 0.00838781 -0.00554332 -0.00102966 -0.00585473 -0.00441833 0.0133293
internal_weight=13333.8 11537.6 9598.13 7869.53 6055.78 1939.5 1728.59 99.9469 1813.75 1796.15 958.97 1839.55 1686.03 160.348
internal_count=131188 112144 89616 73442 56233 22528 16174 698 17209 19044 8753 21830 19950 1266
is_linear=0
shrinkage=0.035


Tree=54
num_leaves=15
num_cat=0
split_feature=3 23 11 14 21 21 22 24 2 22 15 24 11 21
split_gain=49.9077 44.8056 44.3577 35.7321 35.3562 30.7956 29.4132 28.2148 27.8775 22.9202 26.5278 24.4284 22.3281 22.0165
threshold=0.12464760616421701 0.10839130729436876 0.11597722023725511 0.13899476826190951 0.034437296912074096 -0.15558469295501706 0.3397038877010346 0.026834268122911457 -0.37440317869186396 0.2409842982888222 24.457757949829105 0.027896618470549587 0.45671196281909948 -0.081922970712184892
decision_type=2 2 2 2 2 2 2 2 2 2 2 2 2 2
left_child=1 4 -2 -3 6 -5 -1 -7 -8 10 12 -11 -4 -12
right_child=2 3 9 5 -6 7 8 -9 -10 11 13 -13 -14 -15
leaf_value=-0.0018808336918030781 0.032240237183689728 -0.014003320933957633 0.0081834278616428474 -0.010724444422990226 -0.0019499692532281739 -0.0076736247998996513 0.013282320402048318 0.0012144126200685397 -0.018560938276948161 0.014783884596195673 0.0036305864078595511 0.00013925269222215782 -0.0022325014037551708 0.036238060134516782
leaf_weight=245.13712729886174 53.596785895526409 215.06458219885826 815.21898900717497 295.52832932025194 952.51925524324179 458.66983522102237 29.136997677385807 6584.7177128233016 499.21377338841558 137.5019329637289 45.746502563357353 2586.1377393491566 357.79946894198656 54.743746027350426
leaf_count=2945 306 2327 5586 4246 11923 5690 344 63361 7083 1049 317 23092 2577 342
internal_value=-1.73331e-05 -0.00143212 0.00321939 -0.000266521 -0.00650251 0.000154538 -0.0120123 0.000625559 -0.0165908 0.00275077 0.00660735 0.000929958 0.0050143 0.0230661
internal_weight=13330.7 9279.99 4050.75 7553.98 1726.01 7338.92 773.488 7043.39 528.351 3997.15 1273.51 2723.64 1173.02 100.49
internal_count=131188 97919 33269 75624 22295 73297 10372 69051 7427 32963 8822 24141 8163 659
is_linear=0
shrinkage=0.035


Tree=55
num_leaves=15
num_cat=0
split_feature=14 10 16 21 24 24 8 19 19 24 6 11 14 11
split_gain=47.6829 52.4398 52.4504 44.3296 71.6211 41.5374 39.7702 33.6024 32.4406 28.0534 28.0159 23.3807 15.766 15.5883
threshold=0.31034220755100256 0.31429205834865576 1.9489623904228213 0.05185144022107125 0.02743481379002333 0.027896618470549587 -0.31186003983020777 0.35795600712299352 -0.15715781599283216 0.03506541624665261 0.16605263948440555 0.57373544573783886 0.19513657689094546 0.21027008444070819
decision_type=2 2 2 2 2 2 2 2 2 2 2 2 2 2
left_child=8 6 3 4 -3 -5 13 9 12 -8 11 -10 -1 -2
right_child=1 2 -4 5 -6 -7 7 -9 10 -11 -12 -13 -14 -15
leaf_value=-0.0047106649453091606 -0.01712443028674859 -0.0095079347311095332 -0.0043129326007308559 0.014029589195312567 0.0028037590891556176 0.0032647900310667781 -0.0031055190103261997 0.0353872303150305 -0.010749127054595718 0.022857974654020494 0.0048466098333497633 0.0087006635133416808 0.0099565623911333622 -0.0042111198277520988
leaf_weight=143.14593877270818 330.74682004749775 633.77881172671914 1423.6381074897945 747.92021651566029 5742.1225109696388 1063.5619758069515 1352.2781008183956 19.851111546158791 1172.4051656499505 43.034670673310757 184.7881861962378 73.621918201446533 211.38616423681378 184.82038781046867
leaf_count=1543 4494 6996 14332 5968 51354 10966 15093 117 12809 444 1745 724 2223 2380
internal_value=-1.58359e-05 0.000808896 0.00186692 0.00294543 0.00156698 0.00776196 -0.00444032 -0.00137666 -0.0053223 -0.00214779 -0.00766108 -0.00953981 0.00406775 -0.0126635
internal_weight=13327.1 11541.8 9611.02 8187.38 6375.9 1811.48 1930.73 1415.16 1785.35 1395.31 1430.82 1246.03 354.532 515.567
internal_count=131188 112144 89616 75284 58350 16934 22528 15654 19044 15537 15278 13533 3766 6874
is_linear=0
shrinkage=0.035


Tree=56
num_leaves=15
num_cat=0
split_feature=22 21 21 14 16 24 20 17 22 0 23 6 1 3
split_gain=47.1497 49.313 41.9296 41.6232 39.3623 48.4367 40.6515 36.4756 31.6527 29.0474 27.4208 26.4994 20.6838 20.5442
threshold=0.35781356692314154 0.03740320727229119 -0.15558469295501706 0.3726943731307984 1.4653307795524599 0.026439630426466468 -0.015619827434420584 0.025454134680330757 0.45299300551414495 -0.096007246524095521 0.10686827078461648 0.058718187734484679 0.1909599304199219 -0.081588048487901674
decision_type=2 2 2 2 2 2 2 10 2 2 2 2 2 2
left_child=2 10 -1 -3 5 12 -7 -5 -9 -6 -2 -11 -4 -12
right_child=1 3 4 7 9 6 -8 8 -10 11 13 -13 -14 -15
leaf_value=-0.0093756800020385733 -0.012843189685507007 -0.010623975924170135 -0.010394405472201272 -0.0091584547187422184 0.0097362192091462064 0.00088673821436370353 0.0064980260575854985 0.0071374828651717542 -0.0030519915279237989 -0.0073690205191607348 -0.009440517461609366 0.0015507768548166834 0.015490970090948634 0.00019465435843410306
leaf_weight=412.53180067241192 697.14384826645255 358.79568781703711 395.68431121483445 289.58557248488069 202.45039712265134 2917.4381542801857 3453.4083432629704 1222.1055393330753 529.14632136747241 1065.011909481138 465.17542819306254 652.75580102205276 32.86907621473074 630.24321639537811
leaf_count=5447 9041 4674 4968 3777 1720 24425 28139 12372 6548 10358 6610 5602 287 7220
internal_value=-1.46273e-05 -0.00308325 0.00139588 0.000202041 0.00191565 0.00316451 0.00393383 0.00214786 0.00405885 -0.00249999 -0.00745786 -0.00399012 -0.0081011 -0.00394536
internal_weight=13324.3 4192.2 9132.15 2399.63 8719.62 6799.4 6370.85 2040.84 1751.25 1920.22 1792.56 1717.77 428.553 1095.42
internal_count=131188 50242 80946 27371 75499 57819 52564 22697 18920 17680 22871 15960 5255 13830
is_linear=0
shrinkage=0.035


Tree=57
num_leaves=15
num_cat=0
split_feature=3 2 24 21 21 1 14 23 24 13 10 20 23 3
split_gain=45.6214 42.1066 34.1531 116.294 47.2356 44.0043 32.9463 28.7219 25.5971 24.9599 24.3235 27.173 30.6558 22.4933
threshold=-0.043076051399111741 -0.30650004744529719 0.027712903916835788 -0.018627555109560486 -0.015407797880470751 -0.096132870763540254 0.45460186898708349 0.1628791689872742 0.030043962411582473 0.43851089477539068 0.76547798514366161 0.03655372932553292 0.12558465078473094 1.9270285964012148
decision_type=2 2 2 2 2 2 2 2 2 2 2 2 2 2
left_child=1 8 3 -3 7 -5 -6 -4 -1 -10 11 12 -2 -12
right_child=10 2 4 5 6 -7 -8 -9 9 -11 13 -13 -14 -15
leaf_value=-0.0022495861724567078 -0.0031829766446907037 -0.012923642503949924 0.00424108691186585 0.026649616436863907 -0.016341859644388914 0.0049861205704387398 -0.006035852071705242 -0.0042700924430010443 0.012731352731852937 -1.6020623153537095e-05 -0.0038374620752242676 0.0079999802609938917 0.0038136414789411905 0.0089856505953013061
leaf_weight=521.89300699159503 1057.7141428254545 476.82684125378728 781.16438940912485 122.52019427716732 488.90507720038295 928.66327625513077 1707.1386078968644 1248.8988241627812 467.58131822571158 310.45794055983424 1157.0350048169494 1142.665307328105 2723.8888294175267 186.00040817633271
leaf_count=5121 11243 6233 7366 1043 6972 8382 22705 11996 4069 2755 10512 9094 22203 1494
internal_value=-1.55378e-05 -0.00194488 -0.00322987 0.00124858 -0.00484824 0.00773844 -0.00839395 -0.000990272 0.0037243 0.00770916 0.00215564 0.00329306 0.00185345 -0.00200827
internal_weight=13321.4 7054.05 5754.12 1528.01 4226.11 1051.18 2196.04 2030.06 1299.93 778.039 6267.3 4924.27 3781.6 1343.04
internal_count=131188 76642 64697 15658 49039 9425 29677 19362 11945 6824 54546 42540 33446 12006
is_linear=0
shrinkage=0.035


Tree=58
num_leaves=15
num_cat=0
split_feature=6 22 21 22 18 17 17 22 9 15 11 15 24 17
split_gain=45.1223 48.7335 39.6726 40.9932 37.1602 36.753 33.9544 32.3329 23.3682 30.1419 32.328 25.2752 22.4772 20.322
threshold=0.23879923671483996 0.39701244235038763 -0.11719527095556258 0.16723755002021792 0.02140349987894297 0.056895622983574874 0.035816974937915809 0.19535173475742343 0.9440138339996339 23.082156181335453 0.21027008444070819 20.415326118469242 0.030043962411582473 0.022048955783247951
decision_type=2 2 2 2 2 8 8 2 2 2 2 2 2 10
left_child=1 2 6 4 -4 -5 -1 -2 9 11 -11 -9 -8 -3
right_child=7 13 3 5 -6 -7 12 8 -10 10 -12 -13 -14 -15
leaf_value=-0.018466626544921715 0.016710289436701411 -0.016781867615164349 0.011738268878282467 0.0012722970670072768 -0.0014515600699084473 -0.0051197395947024833 -0.0090254145619125502 0.027938340910953596 -0.0035577164863962452 -0.013865132941230525 0.015530066480699248 -0.0010078566544498902 0.0015363762858548785 -0.0046522463584842176
leaf_weight=201.78966142982244 245.87012549489737 179.93664637953043 746.89765425026417 5935.9255545251071 396.82798061519861 1342.5878699272871 420.78814094141126 29.420533142983913 436.33028405532241 43.491792015731335 423.80605614930391 582.30090404674411 572.39009033888578 1759.3295028172433
leaf_count=2374 1567 2678 5411 56951 3036 12687 4875 250 4286 355 3414 4841 5234 23229
internal_value=-1.51143e-05 -0.000811738 0.000210851 0.00105953 0.007189 8.78212e-05 -0.00572987 0.00518711 0.00322014 0.00596845 0.0125611 0.00081128 -0.00298379 -0.00585802
internal_weight=13317.7 11556.5 9617.21 8422.24 1143.73 7278.51 1194.97 1761.22 1515.35 1079.02 467.298 611.721 993.178 1939.27
internal_count=131188 116475 90568 78085 8447 69638 12483 14713 13146 8860 3769 5091 10109 25907
is_linear=0
shrinkage=0.035


Tree=59
num_leaves=15
num_cat=0
split_feature=14 10 10 3 21 24 10 3 8 24 19 6 24 8
split_gain=42.9135 46.3909 51.6204 45.5695 42.1218 71.2113 41.6832 38.4594 32.2719 32.2049 30.1207 25.9795 24.4113 23.9306
threshold=0.31034220755100256 0.32223080098629003 0.74231791496276867 0.17405603080987933 0.05185144022107125 0.02743481379002333 0.20627406984567645 1.9270285964012148 -0.2742782980203628 0.03506541624665261 -0.15715781599283216 0.16605263948440555 0.02906045783311129 -0.34142901003360743
decision_type=2 2 2 2 2 2 2 2 2 2 2 2 2 2
left_child=10 3 4 9 5 -3 -5 -4 -6 13 -1 -12 -9 -2
right_child=1 2 7 6 8 -7 -8 12 -10 -11 11 -13 -14 -15
leaf_value=0.003961007978146986 -0.013606790970431073 -0.0095773033834960671 -0.0053618450764878027 0.038293931408747928 0.0029784286842122307 0.0029202809184304731 0.0027461794436737393 0.035329740322448108 0.012406918224556069 0.017650017729926554 -0.0091743579732955337 0.0046719736987837455 0.0042630239626355896 -0.0042799209274773297
leaf_weight=355.06653041020036 445.65619791671634 614.19079150259495 1558.6351132020354 41.344119653105736 892.98969589546323 5312.9991901516914 198.39428512379527 31.995746657252312 892.61609422788024 60.013076536357403 1232.093167707324 185.33380841463804 131.77257713675499 1361.6452183239162
leaf_count=3766 5918 6976 14908 238 8764 47828 1609 247 7875 636 13533 1745 1019 16126
internal_value=-1.50909e-05 0.000764847 0.00181384 -0.00391883 0.00303708 0.0016113 0.0101645 -0.00364967 0.00773453 -0.00577145 -0.00506974 -0.00734385 0.0120165 -0.00664202
internal_weight=13314.7 11542.3 9435.2 2107.05 7712.8 5927.19 239.738 1722.4 1785.61 1867.31 1772.49 1417.43 163.768 1807.3
internal_count=131188 112144 87617 24527 71443 54804 1847 16174 16639 22680 19044 15278 1266 22044
is_linear=0
shrinkage=0.035


Tree=60
num_leaves=15
num_cat=0
split_feature=22 21 14 20 21 22 20 24 17 11 17 24 20 22
split_gain=41.1212 44.8977 38.0606 44.7148 38.0197 38.7225 73.1056 62.4639 41.0756 34.2492 29.8863 24.5196 29.6227 24.1297
threshold=0.35781356692314154 0.03740320727229119 0.57333469390869152 0.0064580524340271958 -0.12565742805600164 0.16723755002021792 -0.015619827434420584 0.029240576550364498 0.055602252483367927 0.30326476693153387 0.025454134680330757 0.030043962411582473 1.0000000180025095e-35 0.42801842093467718
decision_type=2 2 2 2 2 2 2 2 8 2 10 2 2 2
left_child=4 13 -3 -4 11 9 7 -7 -8 -6 -5 -1 -13 -2
right_child=1 2 3 10 5 6 8 -9 -10 -11 -12 12 -14 -15
leaf_value=-0.011049152700137215 -0.0093614219946141861 -0.0066052118329103645 0.012632705878312226 -0.012809716652818231 -1.0244562283224749e-05 -0.014133584397954582 0.005657948273755836 -0.00081333915457615011 -0.0023899997192440826 0.011454509959844386 0.0019878872907809131 -0.010057907749344168 0.0065988150826119807 0.00021257883603686173
leaf_weight=453.60381350293756 1351.2787698507309 694.98456439375877 432.88051342964172 187.48582227155566 494.23227277398109 544.48000350221992 3274.3783691003919 1946.9250809401274 1011.2971602007747 891.18926496803761 1080.2563011869788 206.82777547463775 319.62207959592342 422.01411103457212
leaf_count=5358 17158 8598 4705 2475 3859 5422 29155 17197 8636 6228 11593 2746 2345 5713
internal_value=-1.29877e-05 -0.00288973 0.000239348 0.00305874 0.0013005 0.00208394 0.00098916 -0.00376926 0.00375772 0.00739383 -0.000283649 -0.00517967 -1.06601e-05 -0.00709455
internal_weight=13311.5 4168.9 2395.61 1700.62 9142.56 8162.5 6777.08 2491.41 4285.68 1385.42 1267.74 980.054 526.45 1773.29
internal_count=131188 50242 27371 18773 80946 70497 60410 22619 37791 10087 14068 10449 5091 22871
is_linear=0
shrinkage=0.035


Tree=61
num_leaves=15
num_cat=0
split_feature=6 22 19 23 16 21 10 11 24 21 17 10 17 22
split_gain=41.5152 42.3399 37.5527 32.6499 32.2208 34.0756 23.6577 22.8398 47.9766 20.7535 20.3182 18.6471 22.2029 19.6653
threshold=0.21036731451749804 0.39701244235038763 -0.14736869931221006 0.27203558385372167 2.5000044107437138 -0.11719527095556258 0.63568374514579784 0.21027008444070819 0.028159140609204773 0.017405906692147258 0.095969248563051238 0.69662031531333934 0.022048955783247951 0.40200047194957739
decision_type=2 2 2 2 2 2 2 2 2 2 10 2 10 2
left_child=1 2 -1 6 5 -4 7 8 -2 -9 -5 12 -3 -14
right_child=3 11 4 10 -6 -7 -8 9 -10 -11 -12 -13 13 -15
leaf_value=0.004478431250506773 0.025092202473760705 -0.015822457981097618 -0.0066722754148680792 0.034356025951108302 -0.011619028068113055 0.00042768280724064095 0.00026963344913066877 0.0047356951724541567 -0.011835779931119391 0.017724120459860319 -0.0018181827457281459 -0.014589531245859462 -0.01685176061659388 -0.001580054886001299
leaf_weight=1911.0222410671413 48.811689518392086 171.01063153147697 943.91054240986705 59.948792822659016 324.6894062384963 6270.0560910180211 1113.4595867581666 306.83059895038605 151.72501920163631 306.32413004338741 24.795631803572178 240.43515498936176 102.2776586972177 1333.6531304977834
leaf_count=17386 337 2616 10063 354 3315 58498 9834 2337 1306 2469 178 3413 1485 17597
internal_value=-1.39647e-05 -0.000839951 0.000109467 0.00460527 -0.00100252 -0.000509261 0.00359883 0.00809594 -0.00208243 0.0114048 0.0246969 -0.00567084 -0.00425442 -0.00277684
internal_weight=13309 11297.1 9449.68 2011.9 7538.66 7213.97 1927.15 813.691 200.537 613.155 84.7444 1847.38 1606.94 1435.93
internal_count=131188 114373 89262 16815 71876 68561 16283 6449 1643 4806 532 25111 21698 19082
is_linear=0
shrinkage=0.035


Tree=62
num_leaves=15
num_cat=0
split_feature=14 10 10 3 22 21 3 10 24 11 15 5 21 15
split_gain=39.9686 43.5629 48.4411 42.1899 43.9638 38.7933 38.576 41.792 37.2513 34.4018 28.2025 27.8969 26.6967 26.2851
threshold=0.21992009133100512 0.35458551347255712 0.53824713826179515 1.9270285964012148 0.2409842982888222 0.069419626146554961 0.17405603080987933 0.20627406984567645 0.03506541624665261 0.3559535294771195 21.965086936950687 0.17020014673471454 -0.015407797880470751 20.909947395324711
decision_type=2 2 2 2 2 2 2 2 2 2 2 2 2 2
left_child=12 6 5 4 -4 9 8 -8 11 -3 -9 -2 -1 -10
right_child=1 2 3 -5 -6 -7 7 10 13 -11 -12 -13 -14 -15
leaf_value=-0.0013317262332646445 -0.005912912948391422 0.001264204944988486 0.0023345869260319079 0.013177450768924983 -0.0048912784355601459 0.011133833242005514 0.036448392874502133 -0.0067511636994753293 -0.0046104075059310657 0.0097498801623246024 0.013383050624463893 0.022590920455744345 -0.01292966488771864 0.031539783375288927
leaf_weight=518.0839212872088 2489.9695629067719 3449.6617624275386 1803.8076077289879 234.46469623968005 2384.6080273799598 791.3761289678514 42.150658898055553 175.63577301055193 38.667202666401863 695.88931578025222 148.09979278594255 33.158150240778923 452.44389222562313 48.517721205949783
leaf_count=4796 29329 32592 14739 1798 24307 7386 238 1465 404 6407 1141 324 5784 478
internal_value=-1.37645e-05 0.000526422 0.00169925 -0.000960274 -0.0017812 0.00407899 -0.00315533 0.00735171 -0.00465054 0.00270868 0.00258468 -0.00545062 -0.00681521 0.0166822
internal_weight=13306.5 12336 9359.81 4422.88 4188.42 4936.93 2976.2 365.886 2610.31 4145.55 323.736 2523.13 970.528 87.1849
internal_count=131188 120608 87229 40844 39046 46385 33379 2844 30535 38999 2606 29653 10580 882
is_linear=0
shrinkage=0.035


Tree=63
num_leaves=15
num_cat=0
split_feature=3 6 3 23 14 5 8 5 21 11 17 10 8 16
split_gain=39.6979 40.9087 30.3046 29.2271 27.0722 26.9859 25.3724 31.1098 28.9914 28.3502 24.8438 23.2789 29.5738 25.4466
threshold=-0.093824993818998323 -0.1852670609951019 -0.52494290471076954 0.096428066492080702 0.21992009133100512 -0.27316644787788386 -0.38770240545272822 -0.13266260176897046 0.069419626146554961 0.21027008444070819 0.074814073741436019 0.44277469813823706 -0.46182307600975031 0.30412729084491735
decision_type=2 2 2 2 2 2 2 2 2 2 10 2 2 2
left_child=1 2 5 -3 -2 -1 7 -6 10 -10 -8 12 -4 -13
right_child=4 3 11 -5 6 -7 8 -9 9 -11 -12 13 -14 -15
leaf_value=0.019909081074227526 -0.0055249104067874736 -0.011281600749770809 0.0056519548334456222 -0.002850181268184631 0.0040353779396773712 -0.0080876348621595189 0.0031606783146972124 -0.0082981192089008268 -0.001125975037798897 0.01295831578798887 -0.0049026541825820634 -0.0090327901804612629 -0.0087060258409951286 0.0097218531381808877
leaf_weight=36.875054202973843 560.33345455676317 579.15717815980315 392.12835363298655 3572.051439024508 451.54618690907955 453.6951328329742 4089.2234986163676 540.24886041134596 237.77979427203536 638.2641782052815 519.4106955267489 91.092687360942364 302.2051845267415 839.24263961240649
leaf_count=328 5744 8519 3900 39217 3957 4294 35816 5340 2243 5382 4577 901 3194 7776
internal_value=-1.10877e-05 -0.00203543 0.00192018 -0.00405078 0.00179197 -0.0056275 0.00243256 -0.00269867 0.00336366 0.00916593 0.00224326 0.0042197 -0.000632165 0.00780898
internal_weight=13303.3 6266.45 2115.24 4151.21 7036.81 490.57 6476.47 991.795 5484.68 876.044 4608.63 1624.67 694.334 930.335
internal_count=131188 68129 20393 47736 63059 4622 57315 9297 48018 7625 40393 15771 7094 8677
is_linear=0
shrinkage=0.035


Tree=64
num_leaves=15
num_cat=0
split_feature=6 14 0 21 21 9 17 17 6 15 12 3 15 15
split_gain=37.9458 42.2555 36.8047 41.3662 34.1109 28.6123 26.0086 30.8209 23.4141 19.5691 19.5432 18.1493 21.4907 21.1581
threshold=0.16605263948440555 0.19513657689094546 -0.060207501053810113 -0.13325501978397367 -0.015407797880470751 0.6235521435737611 0.059678239747881896 0.025454134680330757 -0.334786906838417 20.36607646942139 0.53684827685356151 0.62993767857551586 21.402656555175785 21.460306167602543
decision_type=2 2 2 2 2 2 8 10 2 2 2 2 2 2
left_child=1 8 3 -3 -5 11 7 -4 -1 -8 -10 13 -13 -2
right_child=5 2 6 4 -6 -7 9 -9 10 -11 -12 12 -14 -15
leaf_value=0.014489654988226776 0.013065322124667239 -0.0087792670989352822 -0.0066009712097134009 0.0072157292192975286 -0.00012631650269228186 0.00023845931265079444 0.013242234514705419 0.00022399502156259296 -0.0026036635509600436 -0.0082744003952043028 -0.015312929053329634 -0.006677631183466896 0.017476701775943182 0.0011091520960819898
leaf_weight=39.4032944701612 253.53240498900414 342.984897762537 968.04916245490313 1690.5309577770531 1423.8920216076076 1285.6261102035642 46.044504567980766 4729.4749855287373 234.24227553978562 921.90600393712521 417.19287099316716 47.062049403786659 313.27011560276151 587.99989400431514
leaf_count=390 2160 4311 11443 13320 15740 11435 458 47743 2680 9438 4646 346 2204 4874
internal_value=-1.12995e-05 -0.0009086 -0.000332854 0.00259286 0.00386934 0.0038775 -0.00185204 -0.000945148 -0.0092199 -0.00712593 -0.0108514 0.00773607 0.0142268 0.00482238
internal_weight=13301.2 10813.7 10122.9 3457.41 3114.42 2487.49 6665.47 5697.52 690.838 967.951 651.435 1201.86 360.332 841.532
internal_count=131188 110169 102453 33371 29060 21019 69082 59186 7716 9896 7326 9584 2550 7034
is_linear=0
shrinkage=0.035


Tree=65
num_leaves=15
num_cat=0
split_feature=3 6 3 11 14 8 5 21 5 14 15 10 22 10
split_gain=35.9072 37.3103 27.9802 25.401 23.8303 23.5378 28.7339 26.848 25.9092 22.6072 25.9635 29.2523 23.2453 21.609
threshold=-0.093824993818998323 -0.1852670609951019 -0.52494290471076954 0.57373544573783886 0.21992009133100512 -0.38770240545272822 -0.13266260176897046 0.069419626146554961 -0.017769721336662766 0.3937548696994782 23.082156181335453 0.38431294262409216 0.30864126980304724 0.44277469813823706
decision_type=2 2 2 2 2 2 2 2 2 2 2 2 2 2
left_child=1 2 3 -1 -2 6 -6 -7 -9 12 11 -11 -3 -4
right_child=4 9 13 -5 5 7 -8 8 -10 10 -12 -13 -14 -15
leaf_value=-0.0087473302093364329 -0.0051952254264420123 -0.0032947391185907666 -0.00065022898241600346 0.012786258636909241 0.0037938412808906316 0.0021131801517207229 -0.0080626719545092065 0.018949562777469297 0.0051572815521577281 -0.0052471970515888958 -0.0092537431734238569 0.0019025233631203369 -0.015963233090740662 0.0074713688657337398
leaf_weight=417.82283466309309 555.67416074126959 371.33860648423433 694.43552189320326 70.471718221902847 453.58159057050943 4619.4630847238004 536.81117529049516 218.93014474958181 663.13759629428387 1246.1550133936107 595.41695564240217 1577.7432588487864 341.76499238237739 935.96707261353731
leaf_count=3953 5744 3907 7094 669 3957 40393 5340 1976 5649 15544 6650 16682 4953 8677
internal_value=-1.08688e-05 -0.0019403 0.00183034 -0.00544532 0.00170083 0.00229818 -0.00264896 0.00319196 0.00875459 -0.00387326 -0.00267486 -0.00125995 -0.00950309 0.00402927
internal_weight=13298.7 6251.12 2118.7 488.295 7047.6 6491.92 990.393 5501.53 882.068 4132.42 3419.32 2823.9 713.104 1630.4
internal_count=131188 68129 20393 4622 63059 57315 9297 48018 7625 47736 38876 32226 8860 15771
is_linear=0
shrinkage=0.035


Tree=66
num_leaves=15
num_cat=0
split_feature=23 21 24 8 24 22 19 21 8 10 20 15 9 2
split_gain=38.267 36.7449 36.7848 32.5798 32.1501 40.5152 33.107 29.8701 25.9164 24.1476 22.7565 22.079 20.7718 18.7889
threshold=0.13191533088684085 -0.11719527095556258 0.030043962411582473 -0.18845927715301511 0.026834268122911457 0.29119834303855902 -0.046235499903559678 -0.15558469295501706 -0.22113384306430814 0.35458551347255712 0.03655372932553292 22.799298286437992 0.6235521435737611 0.064424313604831709
decision_type=2 2 2 2 2 2 2 2 2 2 2 2 2 2
left_child=3 2 -2 -1 -3 6 -6 -4 -7 -9 11 -5 -12 -13
right_child=1 4 7 10 5 8 -8 9 -10 -11 12 13 -14 -15
leaf_value=-0.0046393387043667834 -0.010639763062566688 -0.0077080186187560833 -0.0096313151002423714 -0.0054853055448820512 0.0087323738909058628 -0.0035369577136883362 0.0024323830440315156 -0.013419744266459924 0.0036532066903536358 0.0089268465216457444 0.0097354167866022315 0.02065881142934502 -0.0045283778827489548 0.0012311142303530597
leaf_weight=3094.8315762206912 561.38749063760042 355.42311403527856 203.86671744659543 724.32589081302285 1743.4336843788624 1472.4915062710643 2476.1273476853967 59.388903215527534 1038.5214801505208 430.37729103118181 509.22533016651869 62.042051766067743 158.14278364554048 407.20300589129329
leaf_count=38263 6630 4123 2746 7657 13066 16296 18699 550 9537 3037 4603 666 1484 3831
internal_value=-1.10548e-05 0.00143574 -0.00406258 -0.00244413 0.00241391 0.00295907 0.0050499 0.00133618 -0.000560506 0.00600281 0.0012119 -0.00168339 0.00633845 0.00417725
internal_weight=13296.8 8341.02 1255.02 4955.77 7086 6730.57 4219.56 693.633 2511.01 489.766 1860.94 1193.57 667.368 469.245
internal_count=131188 74684 12963 56504 61721 57598 31765 6333 25833 3587 18241 12154 6087 4497
is_linear=0
shrinkage=0.035


Tree=67
num_leaves=15
num_cat=0
split_feature=23 6 17 24 21 5 20 23 24 23 15 0 15 6
split_gain=36.0118 37.3695 38.2186 39.3233 44.854 26.851 24.7069 24.5962 23.8489 28.2029 27.1993 23.0886 22.5893 21.2196
threshold=0.12288202345371248 0.21036731451749804 0.059678239747881896 0.026834268122911457 -0.11719527095556258 -0.14271087199449536 0.025745689868927005 0.084020718932151808 0.030779338441789154 0.30056360363960272 21.63571929931641 0.1478708013892174 21.965086936950687 -0.21951127052307126
decision_type=2 2 10 2 2 2 2 2 2 2 2 2 2 2
left_child=6 2 3 -2 -5 12 11 -8 10 -10 -3 13 -4 -1
right_child=1 8 5 4 -6 -7 7 -9 9 -11 -12 -13 -14 -15
leaf_value=0.0058963419527968035 -0.0084302280724385548 0.027918461758279712 0.0096319691562078476 -0.0055214555201576736 0.0031187226108464416 -0.0074152193860239808 0.006603990161738741 -0.0026675208969479942 0.00014639760663502418 0.027036123654678407 0.0080710767940177161 0.0036511414283879125 -0.0069834490142005766 -0.010132232693600911
leaf_weight=105.28998256847262 462.73065660148859 97.123266115784645 241.00915164127946 834.14197003096342 5769.9839974865317 1152.9314295575023 438.73784005641937 1592.2823165282607 639.90742371603847 41.646743193268776 484.82338546961546 216.7581074051559 157.78248467668891 1058.4257610067725
leaf_count=1349 5830 699 2118 8917 52003 10953 3976 18701 5216 233 3514 2439 1400 13840
internal_value=-1.12654e-05 0.00105929 0.000232097 0.00132545 0.00202072 -0.00472387 -0.00310639 -0.00064216 0.00665563 0.0021567 0.0117992 -0.00670119 0.00304804 -0.00864413
internal_weight=13293.6 9882.08 8618.58 7066.86 6604.13 1551.72 3411.49 2031.02 1263.5 681.554 581.947 1380.47 398.792 1163.72
internal_count=131188 90883 81221 66750 60920 14471 40305 22677 9662 5449 4213 17628 3518 15189
is_linear=0
shrinkage=0.035


Tree=68
num_leaves=15
num_cat=0
split_feature=6 22 21 24 21 22 24 12 22 14 10 3 15 10
split_gain=33.1634 38.0783 32.8335 99.8864 82.8431 34.5908 30.1867 28.9503 26.3477 23.6505 23.0938 20.2559 24.3166 18.9868
threshold=0.23879923671483996 0.39701244235038763 0.05185144022107125 0.02743481379002333 -0.015407797880470751 0.27970407903194433 0.027267058379948143 1.2330192327499392 0.19535173475742343 0.553692787885666 1.1225485205650332 0.75976115465164196 22.983864784240726 0.69662031531333934
decision_type=2 2 2 2 2 2 2 2 2 2 2 2 2 2
left_child=1 2 3 6 -5 7 -1 -4 -2 -7 11 -10 -13 -3
right_child=8 13 5 4 -6 9 -8 -9 10 -11 -12 12 -14 -15
leaf_value=-0.0089374527490154766 0.014681329575121776 -0.0037967064073488365 0.016233929602185612 0.0028135966878092885 -0.0059726015944861167 -0.0058062697645769714 -0.026653637429881322 -0.0057874911229019192 0.0013723948953298915 0.0043821520953384509 -0.0090133551328060568 -0.0011686946164834405 0.016711845083788229 -0.014018253705650576
leaf_weight=700.52241871505976 252.20475270599127 1652.6597760915756 397.1401097252965 5182.2734080702066 1750.3364358730614 380.1529627405107 137.95074796676636 83.770851261913776 951.84468156099319 973.21478888392448 174.42561769858003 139.17700201272964 264.45025976002216 250.47861527651548
leaf_count=8895 1567 22295 2994 43795 19592 3940 1331 679 8350 9342 1790 1032 1974 3612
internal_value=-1.00047e-05 -0.000699097 0.0001988 -0.000796613 0.000589861 0.00439741 -0.012132 0.0123582 0.0044191 0.00149869 0.00264301 0.00419801 0.0106672 -0.00520824
internal_weight=13290.6 11508.5 9605.36 7771.08 6932.61 1834.28 838.473 480.911 1782.1 1353.37 1529.9 1355.47 403.627 1903.14
internal_count=131188 116475 90568 73613 63387 16955 10226 3673 14713 13282 13146 11356 3006 25907
is_linear=0
shrinkage=0.035


Tree=69
num_leaves=15
num_cat=0
split_feature=17 3 22 14 16 3 21 24 22 15 23 2 6 24
split_gain=32.6373 47.8504 56.4571 37.6011 41.6149 40.9281 35.5912 33.5661 31.2887 30.7199 22.5619 22.3117 22.1084 19.6083
threshold=0.025454134680330757 0.23175679147243503 0.3397038877010346 0.3937548696994782 1.4163023233413699 -0.49180048704147333 0.05185144022107125 0.03506541624665261 0.30864126980304724 21.699171066284183 0.27203558385372167 0.25000613927841192 -0.035699883475899689 0.031032942235469822
decision_type=10 2 2 2 2 2 2 2 2 2 2 2 2 2
left_child=1 7 -3 8 5 -5 -7 -1 9 -2 13 -10 -11 -6
right_child=3 2 -4 4 10 6 -8 -9 11 12 -12 -13 -14 -15
leaf_value=-0.0081820740134971991 0.0039558357742880152 0.037823205025754411 -0.010565043076914358 -0.0072083743692994981 -0.00049269327123890047 0.0024258980584660056 0.008847044157486687 0.024754253356479343 -0.010956316198724735 -0.012519626593375322 0.0083739950400370591 0.00066624218752082682 0.0014307868699956693 -0.006656449133204019
leaf_weight=1187.6571780145168 917.2866180613637 55.820867337286472 47.279263243079185 429.45532647147775 1689.9835477732122 4761.4289396218956 1354.4652546159923 29.646505936980247 755.86227959394455 306.9891642332077 231.31588196754456 273.48092726990581 244.74608654901385 1001.8484871424735
leaf_count=14389 8320 322 472 4054 17013 43697 12401 298 9869 2801 2009 3101 1970 10472
internal_value=-1.0901e-05 -0.00521158 0.0166613 0.000566805 0.00157479 0.00312397 0.00386009 -0.00718477 -0.00324437 4.3336e-05 -0.00189288 -0.00789168 -0.00641601 -0.00280287
internal_weight=13287.3 1320.4 103.1 11966.9 9468.5 6545.35 6115.89 1217.3 2498.37 1469.02 2923.15 1029.34 551.735 2691.83
internal_count=131188 15481 794 115707 89646 60152 56098 14687 26061 13091 29494 12970 4771 27485
is_linear=0
shrinkage=0.035


Tree=70
num_leaves=15
num_cat=0
split_feature=3 15 10 16 1 6 15 17 2 22 14 1 24 3
split_gain=31.496 35.468 43.4429 33.5699 30.9852 31.8285 26.8008 21.5702 24.958 26.5675 24.9537 29.3319 21.0507 19.556
threshold=-0.093824993818998323 22.890003204345707 0.38431294262409216 0.44910728931427008 0.21040628105401996 -0.264771819114685 21.519169807434086 0.074814073741436019 0.20211029052734378 0.3397038877010346 0.3518767803907395 -0.22613586485385892 0.031552704051136977 0.45276044309139257
decision_type=2 2 2 2 2 2 2 8 2 2 2 2 2 2
left_child=1 2 4 -4 5 -1 -5 8 10 13 11 -2 -12 -10
right_child=7 -3 3 6 -6 -7 -8 -9 9 -11 12 -13 -14 -15
leaf_value=0.0088317574680667095 0.0095575435143715626 -0.0079866467770883035 -0.0060629750430208906 0.0060073908018062694 0.021248363442916328 -0.0074622168843028209 -0.00072273051920800438 -0.0036457195569360532 0.0049226705207260305 0.0019012852591775969 0.00052009143415843813 -0.0079280128212007531 0.0068919691512178711 0.01551392006626473
leaf_weight=153.64282236248255 134.31409621238708 956.45543445274234 581.27198224142194 1654.3161606192589 43.236368555575609 1559.0195666216314 1280.6182966381311 839.73461847752333 457.98898078501225 1103.3276409134269 2633.1639954484999 645.54519136622548 827.83900500461459 414.17010842263699
leaf_count=1518 1222 10504 6502 16405 446 19508 13246 7584 3337 10281 24617 6573 6943 2502
internal_value=-1.02132e-05 -0.00182255 -0.000691271 0.00155424 -0.00517126 -0.0059577 0.00307831 0.00158989 0.00230187 0.00554073 0.000783645 -0.00483362 0.00205965 0.0100711
internal_weight=13284.6 6228.56 5272.11 3516.21 1755.9 1712.66 2934.93 7056.08 6216.35 1975.49 4240.86 779.859 3461 872.159
internal_count=131188 68129 57625 36153 21472 21026 29651 63059 55475 16120 39355 7795 31560 5839
is_linear=0
shrinkage=0.035


Tree=71
num_leaves=15
num_cat=0
split_feature=10 10 14 21 24 3 22 8 8 19 3 21 24 22
split_gain=29.9108 35.9324 36.2201 35.1244 48.2764 34.4445 37.2779 35.9405 33.1231 28.3596 27.6215 27.5058 25.6187 24.7169
threshold=0.31429205834865576 0.53824713826179515 0.3518767803907395 0.05185144022107125 0.02743481379002333 1.9270285964012148 0.2409842982888222 -0.49808794260025019 -0.31186003983020777 -0.15715781599283216 0.30129462480545049 -0.034461598843336098 0.027896618470549587 0.18286002427339557
decision_type=2 2 2 2 2 2 2 2 2 2 2 2 2 2
left_child=8 2 9 4 -4 6 7 -3 -1 -2 13 -12 -5 -10
right_child=1 5 3 12 -6 -7 -8 -9 10 -11 11 -13 -14 -15
leaf_value=-0.011557456385647988 0.0076583132897437827 -0.0056254140115975576 -0.009214953652222739 0.013529277806818157 0.0030919543659667609 0.010794063447189311 -0.0048248891590981441 0.0042828632058329371 -0.014128878590606075 -0.0088571742586781663 0.034674560121609056 -0.00038988557978821968 0.0038369793501052936 -0.00064701868052384384
leaf_weight=512.38107840716839 157.89262956380844 629.30532712861896 426.23384639248252 613.5467766597867 3730.5643018372357 255.69304786249995 2759.0248970091343 1494.3013345524669 185.32892252504826 533.71651565283537 40.356156408786774 59.645750984549522 744.12438256666064 1139.5353676639497
leaf_count=7175 1716 5394 5031 4791 34070 1956 29128 12186 2028 5913 198 450 7727 13425
internal_value=-9.21888e-06 0.000678106 0.00246867 0.0034167 0.00181093 -0.00148514 -0.00214892 0.00133406 -0.00401696 -0.00503132 -0.00124376 0.0156263 0.00828393 -0.00262465
internal_weight=13281.7 11344.4 6206.08 5514.47 4156.8 5138.32 4882.63 2123.61 1937.25 691.609 1424.87 100.002 1357.67 1324.86
internal_count=131188 107912 59248 51619 39101 48664 46708 17580 23276 7629 16101 648 12518 15453
is_linear=0
shrinkage=0.035


Tree=72
num_leaves=15
num_cat=0
split_feature=23 20 21 3 15 11 22 21 22 21 0 15 2 5
split_gain=30.6533 33.7463 29.3926 24.1739 29.0521 30.2284 24.0126 23.7903 28.5829 28.2064 21.542 21.3969 16.7295 12.5341
threshold=0.10839130729436876 0.025745689868927005 -0.15558469295501706 -0.081588048487901674 22.545885086059574 0.35020197927951818 0.45299300551414495 0.05185144022107125 0.27970407903194433 -0.012050007469952105 0.1478708013892174 21.764852523803714 -0.34878493845462794 0.026013270020484928
decision_type=2 2 2 2 2 2 2 2 2 2 2 2 2 2
left_child=1 10 13 11 -5 -6 7 9 -9 -4 12 -3 -1 -2
right_child=2 3 6 4 5 -7 -8 8 -10 -11 -12 -13 -14 -15
leaf_value=0.0089082530804425394 -0.01053577887302878 -0.0004121392781945033 0.0019837434830824708 -0.0018468309129271681 0.018268291593499873 -0.00074916626443489087 -0.0068137225564256056 0.012054186268811565 0.0023282040702201825 -0.00274764885750783 0.0029853026473319641 -0.012246427686561333 -0.012413671516458974 0.007951915125342433
leaf_weight=41.134915802627802 355.23715543374419 469.36707467958331 5900.23070685938 602.72802232950926 229.22455120831728 177.66918701305985 427.77440464496613 518.48495657742023 1257.9261643365026 2079.5283984430134 154.74685025587678 302.07765656337142 718.69274289906025 43.834353197365999
leaf_count=517 4921 6398 48937 5894 2016 1675 5633 3859 12201 23148 1769 3982 9712 526
internal_value=-8.81174e-06 -0.0033337 0.00084043 -0.00051443 0.0030384 0.0101456 0.00120882 0.0015672 0.00521853 0.000748845 -0.00875907 -0.00514355 -0.0111586 -0.00836033
internal_weight=13278.7 2695.64 10583 1781.07 1009.62 406.894 10183.9 9756.17 1776.41 7979.76 914.575 771.445 759.828 399.072
internal_count=131188 31963 99225 19965 9585 3691 93778 88145 16060 72085 11998 10380 10229 5447
is_linear=0
shrinkage=0.035


Tree=73
num_leaves=15
num_cat=0
split_feature=6 22 19 14 10 12 10 23 15 15 15 17 10 22
split_gain=29.0983 32.4323 29.8332 37.7165 37.1807 25.1381 23.2051 30.0735 22.1739 25.3663 19.5004 18.2801 19.532 20.7099
threshold=0.23879923671483996 0.39701244235038763 -0.15715781599283216 0.3518767803907395 0.88175842165946972 0.5008227825164796 1.1225485205650332 0.27203558385372167 20.415326118469242 22.983864784240726 21.764852523803714 0.015994798392057422 0.69662031531333934 0.40200047194957739
decision_type=2 2 2 2 2 2 2 2 2 2 2 10 2 2
left_child=1 2 10 5 -5 -4 7 8 -2 -10 -1 -3 13 -13
right_child=6 11 3 4 -6 -7 -8 -9 9 -11 -12 12 -14 -15
leaf_value=0.0070377906175408764 0.028980945017352558 -0.024423523322952095 0.0043625264418587157 0.00088275067609962633 -0.012345859398004437 -0.0083332260916805078 -0.0061421486427670705 0.028714471617848174 -0.001130630665536751 0.0080480900782178271 -0.00059674212730732651 -0.016394578953434883 -0.013277078984046561 -0.0015882428606614374
leaf_weight=1120.2095858156681 34.585714492946863 47.095238126814365 224.68428983539343 6267.8526173755527 261.53449025377631 1088.6574070639908 226.57269040495157 56.699625216424465 678.83480716869235 792.01754504814744 640.70934768766165 115.88428139314055 242.15525647252798 1478.5052858069539
leaf_count=10108 274 753 2331 58786 2525 11128 2148 320 5513 6458 5690 1747 3573 19834
internal_value=-8.75294e-06 -0.000656372 0.000168904 -0.000756691 0.00033481 -0.0061447 0.00413085 0.00565044 0.00459803 0.00383285 0.00427229 -0.00484267 -0.00421101 -0.00275988
internal_weight=13276 11487.3 9603.65 7842.73 6529.39 1313.34 1788.71 1562.14 1505.44 1470.85 1760.92 1883.64 1836.54 1594.39
internal_count=131188 116475 90568 74770 61311 13459 14713 12565 12245 11971 15798 25907 25154 21581
is_linear=0
shrinkage=0.035


Tree=74
num_leaves=15
num_cat=0
split_feature=3 15 10 16 6 21 8 0 8 5 20 23 21 15
split_gain=28.5729 32.9511 39.6841 30.3281 26.0814 29.464 28.5003 25.0704 20.5129 27.7646 19.1187 22.9045 28.676 17.342
threshold=-0.093824993818998323 22.890003204345707 0.38431294262409216 0.44910728931427008 -0.264771819114685 0.064371928572654738 -0.60442450642585743 -0.21052397042512891 -0.38770240545272822 -0.065857302397489534 0.03655372932553292 0.14419928938150409 0.022596485912799839 21.285234451293949
decision_type=2 2 2 2 2 2 2 2 2 2 2 2 2 2
left_child=1 2 4 -4 6 -6 -1 -5 9 13 11 -10 -13 -2
right_child=8 -3 3 7 5 -7 -8 -9 10 -11 -12 12 -14 -15
leaf_value=-0.013485157143874472 0.0074114844278169549 -0.0077070184814817854 -0.0057844491835070799 0.015542885076288432 -0.0091482051701645088 0.0015799973873986211 0.017410199132533988 0.0020966198229576296 -0.0013452857218318398 -0.010763477230625261 0.0058209995885526418 0.0017816595324893815 0.011929450171779992 -0.0030047379248143739
leaf_weight=43.843034695833921 300.79792435467243 948.7143585011363 576.78586805611849 171.44733992964029 1165.7035568132997 424.06131102889776 111.08181035146117 2771.1120117455721 2183.1294783614576 352.59016430750489 1455.9532986991107 1838.958281904459 410.26434176415205 519.67093853279948
leaf_count=445 2698 10504 6502 1548 14857 5097 1073 28103 22209 3686 11812 14535 3362 4757
internal_value=-9.01923e-06 -0.00173873 -0.000650521 0.00148949 -0.00495118 -0.00629453 0.00837943 0.00293005 0.00151313 -0.00269706 0.00235503 0.00120597 0.00367725 0.000857289
internal_weight=13274.1 6212.75 5264.03 3519.35 1744.69 1589.76 154.925 2942.56 7061.36 1173.06 5888.31 4432.35 2249.22 820.469
internal_count=131188 68129 57625 36153 21472 19954 1518 29651 63059 11141 51918 40106 17897 7455
is_linear=0
shrinkage=0.035


Tree=75
num_leaves=15
num_cat=0
split_feature=23 20 21 24 22 23 21 3 2 18 10 8 2 3
split_gain=27.8193 31.0288 27.5875 24.8485 24.4281 23.316 29.4934 20.9058 20.0201 19.9979 19.6231 18.7505 17.3604 14.533
threshold=0.10839130729436876 0.025745689868927005 -0.15558469295501706 0.026834268122911457 0.45299300551414495 0.084020718932151808 0.034437296912074096 -0.46316319704055781 -0.15755042433738706 0.16027998924255374 0.65407690405845653 -0.023093936964869496 -0.34878493845462794 1.2680044174194338
decision_type=2 2 2 2 2 2 2 2 2 2 2 2 2 2
left_child=1 9 -2 11 7 8 -7 -5 -3 12 -10 -4 -1 -8
right_child=2 5 3 4 -6 6 13 -9 10 -11 -12 -13 -14 -15
leaf_value=0.0096099160145172464 -0.0081465112664788966 -0.0053526941441273852 -0.0075400854695142801 -0.0034397427783994256 -0.0065437077950889263 -0.012550394181607931 -0.0010109469127878908 0.0024662223748906321 0.015723769864774296 0.0036677923166675351 -0.0039719637863534357 0.018128296119059716 -0.011880333945339158 0.017081784975250633
leaf_weight=41.863854330033064 396.32987361773849 121.56059582531452 530.27585081756115 795.63028265535831 424.41270909458399 285.82491384074092 1005.8330784998834 8413.2138990573585 240.48234824836254 137.19597751274705 77.706393137574196 27.873123504221439 726.14775854349136 47.461736485362053
leaf_count=522 5447 1209 6620 7045 5633 3812 11759 74281 2062 1556 705 199 9920 418
internal_value=-8.82339e-06 -0.0031846 0.000798507 0.00115401 0.00157205 -0.000487552 -0.00278561 0.00195278 0.00641681 -0.00842147 0.0109393 -0.00596173 -0.0106005 -4.27015e-05
internal_weight=13271.8 2684.08 10587.7 10191.4 9633.26 1778.87 1339.12 9208.84 439.749 905.208 318.189 558.149 768.012 1053.29
internal_count=131188 31963 99225 93778 86959 19965 15989 81326 3976 11998 2767 6819 10442 12177
is_linear=0
shrinkage=0.035


Tree=76
num_leaves=15
num_cat=0
split_feature=17 3 21 24 14 16 3 21 15 19 8 11 2 19
split_gain=27.5237 42.3919 40.9204 31.039 30.8228 32.1257 35.7625 29.8844 29.1291 31.6695 26.2849 20.8816 20.7665 20.3175
threshold=0.025454134680330757 0.23175679147243503 -0.019647533074021336 0.03506541624665261 0.21992009133100512 1.4163023233413699 -0.49180048704147333 0.05185144022107125 21.764852523803714 0.10270559042692186 -0.28927157819271082 0.63393574953079235 -0.32623209059238428 0.01315937237814069
decision_type=10 2 2 2 2 2 2 2 2 2 2 2 2 2
left_child=1 3 -3 13 11 6 -6 -8 9 -7 -10 12 -2 -1
right_child=4 2 -4 -5 5 8 7 -9 10 -11 -12 -13 -14 -15
leaf_value=-0.0045721287182186382 0.0091755515179661219 0.040753959069124157 -0.0016307312022475367 0.023773907395333367 -0.0066570105905360017 -0.0012389650676381781 0.0016666440325455755 0.0070665664122229865 -0.0098135862923027367 0.011251746478392378 -0.0014224394721627509 0.010662690241838685 -0.0091053769918457653 -0.014639466518555579
leaf_weight=819.31580855324864 76.567325171083212 36.909498661756516 67.066840920597315 30.186828590929508 510.47961629554629 875.55930794030428 5801.3921488709748 1595.9289641529322 727.97071117535233 336.38452897965908 1213.2956316545606 78.56447833776474 749.05989208817482 350.66722145304084
leaf_count=10542 717 199 595 298 4908 9533 53767 14764 7817 3216 11595 795 8595 3847
internal_value=-8.7349e-06 -0.004817 0.0156706 -0.00670676 0.000518927 0.00102855 0.00221894 0.00283961 -0.00195433 0.00229164 -0.00460327 -0.00565843 -0.00732052 -0.007688
internal_weight=13269.3 1304.15 103.976 1200.17 11965.2 11061 7907.8 7397.32 3153.21 1211.94 1941.27 904.192 825.627 1169.98
internal_count=131188 15481 794 14687 115707 105600 73439 68531 32161 12749 19412 10107 9312 14389
is_linear=0
shrinkage=0.035


Tree=77
num_leaves=15
num_cat=0
split_feature=10 10 3 22 8 16 8 19 3 10 11 5 16 19
split_gain=26.5086 41.9248 30.8883 33.4493 32.6292 30.5446 30.3928 28.0316 24.1659 31.5876 24.5973 24.1808 23.4946 22.7252
threshold=0.35458551347255712 0.53824713826179515 1.9270285964012148 0.2409842982888222 -0.49808794260025019 0.38091585040092474 -0.31186003983020777 -0.13794638961553571 0.17405603080987933 0.20627406984567645 0.21027008444070819 0.15135115385055545 2.3746869564056401 -0.085328932851552949
decision_type=2 2 2 2 2 2 2 2 2 2 2 2 2 2
left_child=6 5 3 4 -3 -2 7 -1 11 -10 -11 -8 -7 -14
right_child=1 2 -4 -5 -6 12 8 -9 9 10 -12 -13 13 -15
leaf_value=0.00085860455366421995 -0.0074359818894054854 -0.0054090129355637093 0.0101604736510875 -0.0045912471574242825 0.0040450784459060201 0.0042032911087746981 -0.0030157068410098377 -0.01215135296328014 0.032634944619800869 -0.0041057530480227153 0.016090340249310359 0.019676956643936056 0.021811248956746573 -0.013295971403849612
leaf_weight=292.86694219335914 310.28493378683925 625.75357232615352 258.19363256916404 2741.1731997951865 1499.8350241407752 4693.8937865048647 1640.2837369590998 641.15871846675873 43.466172367334366 195.23054425418377 106.04853213578463 49.703368935734034 17.03787262365222 152.14957302063704
leaf_count=3723 3375 5394 1956 29128 12186 43513 18992 8109 236 1508 810 478 182 1598
internal_value=-7.43026e-06 0.000832944 -0.0014095 -0.0020429 0.00124959 0.00305284 -0.00291561 -0.00810615 -0.000504952 0.00780701 0.00329169 -0.00223648 0.00373596 -0.0087406
internal_weight=13267.1 10298.3 5124.96 4866.76 2125.59 5173.37 2968.76 934.026 2034.73 344.745 301.279 1689.99 4863.08 169.187
internal_count=131188 97332 48664 46708 17580 48668 33856 11832 22024 2554 2318 19470 45293 1780
is_linear=0
shrinkage=0.035


Tree=78
num_leaves=15
num_cat=0
split_feature=23 20 21 22 20 24 24 18 24 21 23 21 3 0
split_gain=25.5475 28.9531 26.2268 29.7308 36.5324 71.5287 34.5815 29.2516 22.4812 24.3222 21.8553 27.6336 19.7674 19.1164
threshold=0.10839130729436876 0.025745689868927005 -0.12565742805600164 0.16723755002021792 -0.019841950386762616 0.028936692513525489 0.032262634485960014 0.02140349987894297 0.029454862698912624 -0.15558469295501706 0.084020718932151808 0.034437296912074096 0.14830014109611514 0.1478708013892174
decision_type=2 2 2 2 2 2 2 2 2 2 2 2 2 2
left_child=1 13 8 7 5 -5 -6 -4 -2 -10 -3 -12 -9 -1
right_child=2 10 3 4 6 -7 -8 12 9 -11 11 -13 -14 -15
leaf_value=-0.010452294328192916 -0.011730148004745084 0.0062138242403975592 0.0097824713957143407 -0.012867469735305344 0.0035824328510303109 0.00028742386568871942 -0.003723052885924246 -0.0040168761073572021 -0.0077747637772730988 0.0058883757277774845 -0.012208027127997713 -4.4823286015166989e-05 0.012511040274132015 0.0028839381129049002
leaf_weight=742.52390478178859 344.97559109330177 441.14117289334536 895.96727576106787 640.09488235786557 4317.3189611844718 2287.8976396173239 963.46114712208509 419.25115060061216 296.59511138498783 322.99596621096134 282.36522688344121 1052.9327081032097 101.73568663746119 155.03809232637286
leaf_count=10229 4086 3976 6253 6648 39430 21501 11110 3256 4018 2345 3812 12177 578 1769
internal_value=-6.04441e-06 -0.00305632 0.000766294 0.00131902 0.000507798 -0.0026224 0.00224505 0.00598217 -0.00470652 -0.000671705 -0.000455395 -0.00268851 -0.000614552 -0.0081423
internal_weight=13264.3 2674 10590.3 9625.73 8208.77 2927.99 5280.78 1416.95 964.567 619.591 1776.44 1335.3 520.987 897.562
internal_count=131188 31963 99225 88776 78689 28149 50540 10087 10449 6363 19965 15989 3834 11998
is_linear=0
shrinkage=0.035


Tree=79
num_leaves=15
num_cat=0
split_feature=6 19 14 9 15 23 8 10 2 15 15 24 10 23
split_gain=25.7846 34.3195 38.0418 30.5185 26.783 25.9076 29.0031 22.6352 27.9053 21.0859 20.4686 30.7514 29.3783 19.5988
threshold=0.090733207762241377 -0.046235499903559678 0.47448155283927923 0.9440138339996339 23.834196090698246 0.14696751534938815 -0.28927157819271082 0.81603863835334789 0.50680273771286022 20.810315132141117 23.082156181335453 0.028936692513525489 0.38431294262409216 0.27203558385372167
decision_type=2 2 2 2 2 2 2 2 2 2 2 2 2 2
left_child=1 5 -3 4 13 -1 9 8 -6 -7 12 -12 -4 -2
right_child=3 2 10 -5 7 6 -8 -9 -10 -11 11 -13 -14 -15
leaf_value=-0.001901575667613428 0.0019170534318686079 -0.0082457862668872759 -0.0040139842644350866 -0.0039898656588066113 0.0080797521492621208 0.0061157516784988656 0.011921226598671581 -0.001608250450634131 0.028335005502508139 -0.00057321205721517002 -0.016971368805884561 -0.00087239509998075727 0.0031954366702994495 0.018200534069936103
leaf_weight=2080.0874322392046 2315.4810216166079 1268.2658742330968 1201.0798306427896 700.74954454600811 240.47091947123408 884.03983660042286 393.3716542199254 120.27432091906667 128.46196730434895 1625.3597939610481 222.82499724254012 389.93837850913405 1606.7544217668474 84.481824528425932
leaf_count=25851 20196 13632 13218 6873 1949 7957 3484 1002 940 14219 2219 3879 15200 569
internal_value=-6.90198e-06 -0.000947254 -0.00309343 0.00252212 0.00410988 0.00107444 0.00320623 0.0114933 0.0156942 0.00179817 -0.0011646 -0.00690513 0.000108232 0.0025634
internal_weight=13261.6 9671.72 4688.86 3589.92 2889.17 4982.86 2902.77 489.207 368.933 2509.4 3420.6 612.763 2807.83 2399.96
internal_count=131188 99659 48148 31529 24656 51511 25660 3891 2889 22176 34516 6098 28418 20765
is_linear=0
shrinkage=0.035


Tree=80
num_leaves=15
num_cat=0
split_feature=14 10 10 8 3 19 11 3 21 24 5 3 22 21
split_gain=24.6658 27.0611 33.5188 30.1208 29.1687 26.6596 25.8761 35.3827 24.6384 23.4238 22.3823 21.7449 25.3055 21.9678
threshold=0.19513657689094546 0.35458551347255712 0.74231791496276867 -0.31186003983020777 1.9270285964012148 -0.13794638961553571 0.50948160886764537 0.5313689410686494 0.05185144022107125 0.02906045783311129 -0.13266260176897046 0.30129462480545049 0.20137687027454379 -0.031822754070162766
decision_type=2 2 2 2 2 2 2 2 2 2 2 2 2 2
left_child=-1 3 6 5 10 -2 8 -8 -3 -6 -4 12 -5 -13
right_child=1 2 4 11 9 -7 7 -9 -10 -11 -12 13 -14 -15
leaf_value=-0.0061716163100201706 0.00096007175311444933 0.00093742620061730748 0.0046725215758912728 -0.0095215489951146568 0.031517063117342183 -0.011791267606485724 0.025001375496106121 -0.014691295560961928 0.0057389573203987278 0.0031061266830597497 -0.00583340016594405 0.025743971531555988 0.00073455254992361714 0.00091015665099250086
leaf_weight=739.95621441677213 291.04245457798243 5755.5725188665092 288.66266244649887 357.31612280756235 37.151610244065523 628.09048143401742 113.39673787727952 28.186470232903957 1686.7283020578325 155.53756156936288 1522.7731451913714 66.049064368009567 1484.8715389482677 104.17392182350159
leaf_count=8464 3696 53340 2717 3704 278 8022 973 229 15431 1174 15056 342 16967 795
internal_value=-6.0388e-06 0.000363007 0.00126285 -0.00257433 -0.00275331 -0.00778669 0.00232639 0.0166514 0.00203189 0.00986861 -0.00414276 -0.000166947 -0.00129542 0.0114398
internal_weight=13259.5 12519.6 9588.01 2931.54 2004.12 919.133 7583.88 141.583 7442.3 192.689 1811.44 2012.41 1842.19 170.223
internal_count=131188 122724 89198 33526 19225 11718 69973 1202 68771 1452 17773 21808 20671 1137
is_linear=0
shrinkage=0.035


Tree=81
num_leaves=15
num_cat=0
split_feature=6 22 21 17 20 20 18 10 23 15 15 17 10 20
split_gain=24.1775 28.0805 28.4856 28.667 25.9291 46.6602 20.849 20.5661 26.1783 20.3019 23.8961 17.4665 17.5056 18.519
threshold=0.23879923671483996 0.39701244235038763 -0.11719527095556258 0.034502565860748298 -0.074349697679281221 -0.030873122625052925 0.057755893096327789 1.1225485205650332 0.27203558385372167 20.415326118469242 22.983864784240726 0.015994798392057422 0.69662031531333934 0.0095225144177675265
decision_type=2 2 2 8 2 2 2 2 2 2 2 10 2 2
left_child=1 2 3 -1 6 -6 -4 8 9 -2 -11 -3 13 -13
right_child=7 11 4 -5 5 -7 -8 -9 -10 10 -12 12 -14 -15
leaf_value=-0.018293218310623294 0.027268572642234513 -0.023940470915505271 0.0081686758030522742 -0.002668943483871328 -0.0065644020543736258 0.0012757107556679772 -0.0029633773766893118 -0.0059485384833111287 0.026467666333794746 -0.0013549426194350148 0.007528234138218742 0.0018199463760869767 -0.012598370288649784 -0.0057875731466272718
leaf_weight=158.8659144602716 35.521775752305984 45.417912296950817 909.94710751622915 1008.0726842954755 1084.5300797559321 6172.5804770886898 259.91972514986992 225.14676615968347 58.066306062042713 680.87034351378679 798.16178008541465 679.27318470552564 236.1419117860496 904.7676337659359
leaf_count=2045 274 753 6352 10438 10775 58995 1963 2148 320 5513 6458 9655 3573 11926
internal_value=-4.87554e-06 -0.000597821 0.000167728 -0.00493338 0.000879121 9.66339e-05 0.00569121 0.00375714 0.00517548 0.0041909 0.00345724 -0.00451459 -0.0039017 -0.00253434
internal_weight=13257.3 11459.5 9593.92 1166.94 8426.98 7257.11 1169.87 1797.77 1572.62 1514.55 1479.03 1865.6 1820.18 1584.04
internal_count=131188 116475 90568 12483 78085 69770 8315 14713 12565 12245 11971 25907 25154 21581
is_linear=0
shrinkage=0.035


Tree=82
num_leaves=15
num_cat=0
split_feature=23 20 21 16 16 23 21 21 3 2 15 5 0 9
split_gain=23.5409 27.4532 23.7652 20.6442 26.6706 20.4739 25.7059 19.6563 19.4704 18.1786 17.843 29.5997 17.7413 17.7272
threshold=0.10839130729436876 0.025745689868927005 -0.15558469295501706 1.4163023233413699 0.44910728931427008 0.084020718932151808 0.034437296912074096 -0.012050007469952105 -0.52494290471076954 -0.15755042433738706 21.764852523803714 0.083204895257949843 0.1478708013892174 0.68656909465789806
decision_type=2 2 2 2 2 2 2 2 2 2 2 2 2 2
left_child=1 12 -2 4 7 9 -7 -4 -6 -3 11 -5 -1 -11
right_child=2 5 3 10 8 6 -8 -9 -10 13 -12 -13 -14 -15
leaf_value=-0.010162123144781337 -0.0076360573639781913 -0.005219644327699037 0.0004822415179131689 -0.0019258453660252522 -0.0057513411079441693 -0.011833472933387218 -4.1445804806607683e-05 -0.0086395251233692249 0.0032976528381044156 0.013844362035585445 -0.0040973237504805951 0.011237657491753242 0.0026786678301378166 -0.0073223623713948305
leaf_weight=735.49130111932755 389.92445163801312 121.10443633794785 836.60766484960914 709.80254012346268 296.87360665947199 278.58261933550239 1052.3344786129892 431.63842511549592 6138.7415766902268 269.35541271790862 1501.3162811659276 285.44585600495338 155.69385750219226 52.042912378907204
leaf_count=10229 5447 1209 6906 7155 2637 3812 12177 5057 54976 2273 14349 2698 1769 494
internal_value=-5.28649e-06 -0.00293951 0.00073506 0.00106222 0.00195806 -0.000409374 -0.00257955 -0.00266559 0.00287195 0.00603063 -0.00169892 0.00192379 -0.00791395 0.0102994
internal_weight=13255 2664.61 10590.4 10200.4 7703.86 1773.42 1330.92 1268.25 6435.62 442.503 2496.56 995.248 891.185 321.398
internal_count=131188 31963 99225 93778 69576 19965 15989 11963 57613 3976 24202 9853 11998 2767
is_linear=0
shrinkage=0.035


Tree=83
num_leaves=15
num_cat=0
split_feature=17 3 21 24 10 6 15 19 2 3 21 7 6 15
split_gain=23.4741 37.4202 35.9857 29.0703 26.277 32.4928 33.5231 31.2483 29.5728 26.8053 26.4941 23.7386 32.0602 42.3712
threshold=0.025454134680330757 0.23175679147243503 -0.019647533074021336 0.03506541624665261 0.74231791496276867 0.090733207762241377 23.834196090698246 -0.14736869931221006 0.50680273771286022 -0.46316319704055781 0.017405906692147258 -0.36360627412796015 0.31094019114971166 22.545885086059574
decision_type=10 2 2 2 2 2 2 2 2 2 2 2 2 2
left_child=1 3 -3 -1 5 7 10 9 -8 -2 -7 -6 13 -13
right_child=4 2 -4 -5 11 6 8 -9 -10 -11 -12 12 -14 -15
leaf_value=-0.0072441817906477848 -0.0052884211553837239 0.037849375077828658 -0.0016503553541549125 0.02305071298563233 0.0042351669327028068 -0.00098187789212550707 0.0069718085340624153 -0.0011345521797691701 0.028561923549169498 0.0061470454045288976 0.0071476912917174586 -0.0018581501662063892 0.0018408928350984119 -0.014785494517792605
leaf_weight=1154.7846699878573 294.78014886751771 37.914402045309544 66.931360948830843 30.594094760715961 457.46824710443616 975.96528011932969 228.51613421365619 5581.3144479654729 115.67134734243155 1460.2185354083776 974.11165596544743 678.78676088899374 628.28431016206741 567.80997135490179
leaf_count=14389 2794 199 595 298 4460 7919 1844 56414 837 14219 8772 7125 5521 5802
internal_value=-6.29488e-06 -0.00447278 0.0146855 -0.00627599 0.000478758 0.00128627 0.00491191 0.000147292 0.0148292 0.0042072 0.00309479 -0.00284682 -0.00458812 -0.00781721
internal_weight=13253.2 1290.22 104.846 1185.38 11962.9 9630.58 2294.26 7336.31 344.187 1755 1950.08 2332.35 1874.88 1246.6
internal_count=131188 15481 794 14687 115707 92799 19372 73427 2681 17013 16691 22908 18448 12927
is_linear=0
shrinkage=0.035


Tree=84
num_leaves=15
num_cat=0
split_feature=23 21 24 20 21 24 17 23 16 14 6 9 17 22
split_gain=22.3836 27.0372 31.8681 24.6284 24.2696 22.6637 33.6412 27.8746 19.7992 19.4418 19.3798 36.3302 17.6514 14.2883
threshold=0.13191533088684085 -0.11719527095556258 0.029454862698912624 0.03655372932553292 -0.15558469295501706 0.032702438533306129 0.022048955783247951 0.20072399079799655 1.5184229016304018 0.2662122249603272 0.069091804325580611 0.6235521435737611 0.045799246057868011 0.40390467643737799
decision_type=2 2 2 2 2 2 8 2 2 2 2 2 10 2
left_child=3 2 -2 9 -4 6 -3 -8 -7 -1 -5 13 -6 -12
right_child=1 5 4 10 12 8 7 -9 -10 -11 11 -13 -14 -15
leaf_value=-0.012384809476446179 -0.010969834776136158 -0.0089275981077464508 -0.007248255325288752 -0.001541987835823758 -0.0033540462138195158 6.1896231276803283e-05 0.0055416966296043197 0.00056914209305830793 -0.010376417870017519 -0.0029071781717815155 0.016708734630934086 -0.0050623710410492226 0.010172034826791399 0.0042875307316463445
leaf_weight=285.70436961948872 451.05947066470981 275.0006862655282 291.76630898565054 1157.2420364655554 179.34248894453049 947.69512729346752 3211.7789583839476 2421.3945975378156 280.88821554929018 2717.4497511722147 259.92220527306199 244.72818135470152 315.38482919335365 211.34536839649081
leaf_count=4160 5358 2890 4018 13483 1417 9409 26824 19573 3025 32292 1987 2435 2170 2147
internal_value=-4.33964e-06 0.00109302 -0.00366338 -0.00188723 0.000612036 0.00192177 0.00282073 0.00340906 -0.0023891 -0.00384694 0.0012583 0.00574322 0.00529942 0.0113431
internal_weight=13250.7 8374.31 1237.55 4876.39 786.494 7136.76 5908.17 5633.17 1228.58 3003.15 1873.24 715.996 494.727 471.268
internal_count=131188 74684 12963 56504 7605 61721 49287 46397 12434 36452 20052 6569 3587 4134
is_linear=0
shrinkage=0.035


Tree=85
num_leaves=15
num_cat=0
split_feature=3 15 11 5 15 6 8 7 19 15 6 23 15 8
split_gain=22.2494 28.8057 28.7561 23.3025 37.8766 24.7619 18.56 25.2926 18.3169 16.7156 18.6495 15.9883 17.1634 15.7266
threshold=-0.093824993818998323 22.890003204345707 0.50948160886764537 0.13556884974241259 21.965086936950687 -0.1852670609951019 -0.38770240545272822 -0.29031632840633387 -0.052701640874147408 25.327908515930179 0.14721943438053134 0.14419928938150409 22.627005577087406 -0.28927157819271082
decision_type=2 2 2 2 2 2 2 2 2 2 2 2 2 2
left_child=1 2 3 5 -5 -1 7 -2 11 -10 -11 12 -8 -13
right_child=6 -3 -4 4 -6 -7 8 -9 9 10 -12 13 -14 -15
leaf_value=0.0014748185817500077 0.0022551020882946083 -0.0071676149007162248 0.009684701939047087 0.016358542992351979 -0.0053177929270681332 -0.0038607381738797429 -0.0011279151967953293 -0.0079670528251186406 0.00062088852190072847 -0.010457140758016632 0.01716604949700154 0.0039031383960387448 0.010305769208791324 0.015135613493639363
leaf_weight=1686.9969602935016 608.93407342582941 933.88623379170895 307.66638162359595 216.47580057755113 168.30350457504392 2862.3996672928333 548.03819564729929 561.71071173623204 4352.7984473146498 30.61511292308569 133.08485916629434 304.84825701266527 216.67446897923946 315.89847460761666
leaf_count=16226 5539 10504 3087 2252 1761 34299 5985 5602 37598 259 1046 2421 2128 2481
internal_value=-5.25603e-06 -0.00153888 -0.000524327 -0.0011792 0.00698272 -0.00188332 0.00133417 -0.00267573 0.00213271 0.00104723 0.0116954 0.00563843 0.00220293 0.00976869
internal_weight=13248.3 6175.73 5241.84 4934.18 384.779 4549.4 7072.6 1170.64 5901.96 4516.5 163.7 1385.46 764.713 620.747
internal_count=131188 68129 57625 54538 4013 50525 63059 11141 51918 38903 1305 13015 8113 4902
is_linear=0
shrinkage=0.035


Tree=86
num_leaves=15
num_cat=0
split_feature=14 10 10 22 24 6 3 10 21 11 22 14 6 24
split_gain=21.9386 23.2254 31.5712 29.6097 27.5102 25.2542 24.4739 32.7251 24.1391 29.7269 19.1757 18.9279 18.8284 26.1991
threshold=0.19513657689094546 0.35458551347255712 0.53824713826179515 0.2409842982888222 0.03506541624665261 0.31094019114971166 0.17405603080987933 0.20627406984567645 0.069419626146554961 0.3559535294771195 0.20137687027454379 1.9720126986503603 0.16605263948440555 0.030304147861897949
decision_type=2 2 2 2 2 2 2 2 2 2 2 2 2 2
left_child=12 4 8 11 6 -5 10 -8 9 -3 -2 -4 -1 -14
right_child=1 2 3 5 -6 -7 7 -9 -10 -11 -12 -13 13 -15
leaf_value=-0.0077299396261319179 -0.009799232853175719 0.00064955003914282075 0.0038550078935494976 -0.0056690548079890582 0.014832933312278454 0.0018422958910927511 0.030586895253730317 0.0010417149788867323 0.0084947148497304028 0.0084035748885362953 -0.0025511760796576425 -0.0052198718076529437 -0.010961074299204733 0.026800262206352322
leaf_weight=660.21659646555781 582.88374412432313 3509.8900411054492 1622.5432524308562 1801.7385310530663 99.671467453241348 780.49249725788832 43.766184486448765 320.32314771041274 829.87427271902561 722.49687254428864 1868.6235326454043 331.15907654166222 33.788486495614052 39.088776748627424
leaf_count=7716 6365 33009 12864 19512 957 6982 235 2542 7483 6529 23427 2819 355 393
internal_value=-4.34932e-06 0.000342354 0.00117343 -0.00094631 -0.00238854 -0.00340036 -0.00304851 0.00531596 0.0030709 0.0019899 -0.00430732 0.00229804 -0.00584732 0.0100827
internal_weight=13246.6 12513.5 9598.19 4535.93 2915.27 2582.23 2815.6 364.089 5062.26 4232.39 2451.51 1953.7 733.094 72.8773
internal_count=131188 122724 89198 42177 33526 26494 32569 2777 47021 39538 29792 15683 8464 748
is_linear=0
shrinkage=0.035


Tree=87
num_leaves=15
num_cat=0
split_feature=14 17 3 21 16 21 21 10 19 12 17 6 11 15
split_gain=20.5105 22.4528 33.8274 34.5978 24.3847 25.1452 32.5885 22.6355 22.3907 18.4278 18.1755 17.7537 16.7219 12.65
threshold=0.19513657689094546 0.025454134680330757 0.23175679147243503 -0.019647533074021336 2.5000044107437138 0.05185144022107125 -0.015407797880470751 0.63568374514579784 0.01315937237814069 0.61660116910934459 0.061225941404700286 -0.09582937508821486 0.57373544573783886 21.067113876342777
decision_type=2 10 2 2 2 2 2 2 2 2 10 2 2 2
left_child=9 2 8 -4 5 6 -3 -7 11 12 -6 -2 -1 -10
right_child=1 4 3 -5 10 7 -8 -9 13 -11 -12 -13 -14 -15
leaf_value=-0.0037931830161423001 -0.0084498669393225801 0.001854861317226492 0.036725524934947795 -0.0019649594100792467 -0.01527225665839145 0.0060353333870821089 -0.0027811381840192203 -0.0020243776413486569 -0.021840188121616956 -0.011214812854127319 -0.0018377067803492038 0.0019429092299519518 0.014237708087444088 -0.0075911659793999374
leaf_weight=302.42262610793114 346.77804337441921 5408.1549896523356 38.113731950521469 66.488240640610456 174.74703126400709 1942.353888168931 2816.4340687468648 540.91213108226657 124.24522045254707 358.24422123655677 381.25230996310711 455.48188186064363 68.924761068075895 219.40592104196548
leaf_count=3621 4561 45697 195 588 1985 18246 32383 5249 1470 4139 4069 5893 704 2388
internal_value=-3.14067e-06 0.000331317 -0.00409915 0.0141071 0.000826387 0.00119959 0.000265857 0.00427867 -0.00586874 -0.00566686 -0.00625533 -0.00259811 -0.000160925 -0.0132147
internal_weight=13244 12514.4 1250.51 104.602 11263.9 10707.9 8224.59 2483.27 1145.91 729.592 555.999 802.26 371.347 343.651
internal_count=131188 122724 15095 783 107629 101575 78080 23495 14312 8464 6054 10454 4325 3858
is_linear=0
shrinkage=0.035


Tree=88
num_leaves=15
num_cat=0
split_feature=23 20 21 24 24 22 24 11 11 8 23 21 2 18
split_gain=20.8139 24.5034 21.174 29.909 23.7369 31.8285 31.0502 24.0436 23.3074 34.0293 19.3076 23.4893 16.4963 16.3086
threshold=0.10839130729436876 0.025745689868927005 -0.11719527095556258 0.029454862698912624 0.026834268122911457 0.2409842982888222 0.030992706306278709 0.24863559752702716 0.31775064766407018 -0.25205086171627039 0.084020718932151808 0.034437296912074096 -0.15755042433738706 0.16027998924255374
decision_type=2 2 2 2 2 2 2 2 2 2 2 2 2 2
left_child=1 13 3 -2 -4 7 -7 -6 -5 -10 12 -12 -3 -1
right_child=2 10 4 8 5 6 -8 -9 9 -11 11 -13 -14 -15
leaf_value=-0.0095437704019358822 -0.010718570384450295 -0.0049264073575488376 -0.0057095210805385458 -0.0088911390028753277 -0.0014697263332347301 0.0026628183000307211 -0.0027540340954387088 0.0056250556453743281 0.00072081949342513445 0.024665044486554731 -0.011425275514814825 -8.9344571395418289e-05 0.0098892854321276057 0.0033401729751344109
leaf_weight=742.19922895729542 447.30778659507632 120.12593172863126 553.17284150794148 220.27451990172267 727.20868436992168 2565.7761893197894 2599.6584059856832 2910.9595859497786 491.435935087502 75.469737257808447 274.4861132055521 1052.5159337706864 323.32944475114346 138.06155486032367
leaf_count=10442 5358 1209 6819 2370 6109 25345 27445 20544 4696 539 3812 12177 2767 1556
internal_value=-3.80065e-06 -0.0027715 0.000690845 -0.0035995 0.00126013 0.00170405 -6.34274e-05 0.00420679 0.000529563 0.0042807 -0.000387499 -0.00250206 0.00585578 -0.00750821
internal_weight=13242 2650.72 10591.3 1234.49 9356.78 8803.6 5165.43 3638.17 787.18 566.906 1770.46 1327 443.455 880.261
internal_count=131188 31963 99225 12963 86262 79443 52790 26653 7605 5235 19965 15989 3976 11998
is_linear=0
shrinkage=0.035


Tree=89
num_leaves=15
num_cat=0
split_feature=6 19 16 16 23 22 15 8 22 5 15 15 8 11
split_gain=20.2806 25.5931 27.4443 27.6216 24.9678 24.092 27.5318 25.4546 23.6015 20.1535 26.8427 19.3164 18.0629 16.4837
threshold=0.16605263948440555 -0.046235499903559678 0.68506118655204784 2.5000044107437138 0.27203558385372167 0.31771536171436315 20.860421180725101 -0.31186003983020777 0.41938711702823644 -0.013556214515119789 20.415326118469242 25.327908515930179 -0.29683119058609003 0.21027008444070819
decision_type=2 2 2 2 2 2 2 2 2 2 2 2 2 2
left_child=1 5 -3 8 9 6 -1 -8 -4 -2 -11 -12 13 -7
right_child=4 2 3 -5 -6 12 7 -9 -10 10 11 -13 -14 -15
leaf_value=0.0075767248253363166 0.011067206443311385 -0.0066762992736516856 0.00066566333841752809 -0.011133874612256796 0.018561440199422553 -0.014107805636491616 -0.0013372707513938694 0.0086145977063676049 -0.0090256422675624309 0.021418781299666664 -0.00072431219545288864 0.012783899369025655 0.0025142295493045001 -0.0026714265236268873
leaf_weight=1073.7767267785966 259.19179946929216 1329.5511674247682 3639.793424770236 291.95403459668159 107.73347720503807 169.72207143902779 1587.5036345049739 382.18512109667063 326.18753970786929 65.41910370066762 1962.9842540100217 128.80301935970783 756.90804704651237 1157.3905831165612
leaf_count=9489 2135 13759 35618 3302 655 2805 13763 3100 4644 538 16647 1044 8998 14691
internal_value=-4.29162e-06 -0.000669665 -0.00230638 -0.000929417 0.00281172 0.0011149 0.00309606 0.000627484 -0.000152107 0.00203593 0.000904747 0.00016433 -0.0017793 -0.00422858
internal_weight=13239.1 10715 5587.49 4257.93 2524.13 5127.49 3043.47 1969.69 3965.98 2416.4 2157.21 2091.79 2084.02 1327.11
internal_count=131188 110169 57323 43564 21019 52846 26352 16863 40262 20364 18229 17691 26494 17496
is_linear=0
shrinkage=0.035


Tree=90
num_leaves=15
num_cat=0
split_feature=3 6 3 11 17 16 4 23 15 15 24 15 1 1
split_gain=19.8374 31.5439 22.7228 24.2799 20.5068 21.5315 23.9881 22.8141 19.756 19.4087 15.7957 26.834 26.9955 14.8372
threshold=-0.19890207052230832 -0.1852670609951019 -0.52494290471076954 0.57373544573783886 0.074814073741436019 2.5000044107437138 0.047826813533902175 0.12558465078473094 22.545885086059574 23.834196090698246 0.030992706306278709 22.627005577087406 0.14354452490806582 -0.11946674808859824
decision_type=2 2 2 2 8 2 2 2 2 2 2 2 2 2
left_child=1 2 3 -1 5 6 7 -2 -4 -8 11 12 -3 -13
right_child=4 10 8 -5 -6 -7 9 -9 -10 -11 -12 13 -14 -15
leaf_value=-0.0081697576101389842 -0.0023748647954378553 -0.002548371309838079 0.0054590844011779185 0.012935179186159124 -0.0039115947122858735 -0.011781439311127255 0.0042610325315036645 0.0022455915169705435 -0.0069797772537036574 0.016232361629618799 -0.008351167154785389 0.0090579656735171859 0.0096234371380744654 -0.012501315877489158
leaf_weight=410.24375796690583 1840.4663663208485 1159.1527350060642 1208.4021588936448 70.133780337870121 931.71984860673547 135.67273149266839 1168.6538394168019 4468.9983001723886 170.72277262806892 186.47963223978877 818.57460651546717 36.486357547342777 265.88815977424383 365.32289980724454
leaf_count=3953 21366 13501 11539 669 8675 1485 10067 39158 1675 1466 10505 441 2642 4046
internal_value=-3.51874e-06 -0.00188746 0.00160107 -0.00488755 0.000969475 0.00155677 0.00180791 0.000896182 0.00388011 0.00601524 -0.00433639 -0.00250178 -0.000226086 -0.0103712
internal_weight=13236.9 4504.93 1859.5 480.378 8731.99 7800.27 7664.6 6309.46 1379.12 1355.13 2645.42 1826.85 1425.04 401.809
internal_count=131188 48971 17836 4622 82217 73542 72057 60524 13214 11533 31135 20630 16143 4487
is_linear=0
shrinkage=0.035


Tree=91
num_leaves=15
num_cat=0
split_feature=14 0 8 19 21 22 12 24 21 2 15 9 21 24
split_gain=19.4994 30.7393 33.0259 30.0228 24.9911 25.7947 23.3967 22.388 22.057 21.4287 20.9783 26.4941 18.263 20.2032
threshold=0.3937548696994782 -0.039339454844593995 -0.25949512422084803 -0.15715781599283216 -0.13325501978397367 0.17287103831768039 0.53684827685356151 0.030391268432140354 -0.018627555109560486 0.14585927873849872 23.082156181335453 0.36805880069732672 0.017405906692147258 0.031234188005328182
decision_type=2 2 2 2 2 2 2 2 2 2 2 2 2 2
left_child=3 4 10 -1 -2 8 7 -5 -6 -9 11 -3 -4 -14
right_child=1 2 12 6 5 -7 -8 9 -10 -11 -12 -13 13 -15
leaf_value=0.0044714372452687575 -0.0062032249812031667 -0.0068726743282458841 -0.00074778950664577579 -0.0048742622413784015 0.0066247498426301593 0.0024151303877568359 -0.0066005111805750678 0.0025258920887603472 0.021278605871567113 0.026721817577896548 -0.010010457967451647 0.00043575171852497325 0.0069537867013735608 -0.00047417612727669801
leaf_weight=547.17216294258833 299.16614815592766 922.3605845682323 2159.5457797236741 215.99112164974213 643.73464845865965 2421.3725695237517 1607.5900111235678 128.86246395483613 152.45664522051811 60.79636213183403 479.30656300112605 1741.4654979147017 1108.5210850387812 746.85885445773602
leaf_count=5645 3854 10821 19271 2502 4592 23810 17278 1445 1060 638 5093 17261 10447 7471
internal_value=-3.67588e-06 0.000654749 -0.000662115 -0.00274063 0.00332941 0.00423222 -0.00471318 0.00274514 0.00965984 0.011232 -0.00334359 -0.00211106 0.0014402 0.00397724
internal_weight=13235.2 10674.8 7158.06 2560.41 3516.73 3217.56 2013.24 405.65 796.191 189.659 3143.13 2663.83 4014.93 1855.38
internal_count=131188 103680 70364 27508 33316 29462 21863 4585 5652 2083 33175 28082 37189 17918
is_linear=0
shrinkage=0.035


Tree=92
num_leaves=15
num_cat=0
split_feature=11 8 8 11 22 24 23 21 22 14 22 15 14 11
split_gain=18.782 33.9212 29.8218 28.8791 26.7195 32.3052 40.0018 22.3067 18.3089 24.9186 25.2001 17.8846 24.1557 17.7852
threshold=0.21027008444070819 -0.33378942310810084 -0.12097887694835661 0.50948160886764537 0.30864126980304724 0.027066921815276149 0.20072399079799655 0.017405906692147258 0.41938711702823644 0.47448155283927923 0.20137687027454379 23.677119255065922 0.3518767803907395 0.37398529052734381
decision_type=2 2 2 2 2 2 2 2 2 2 2 2 2 2
left_child=1 -1 4 7 5 -2 -7 13 9 -3 -11 12 -6 -4
right_child=2 8 3 -5 11 6 -8 -9 -10 10 -12 -13 -14 -15
leaf_value=-0.013030061124090464 -0.0054986491332453674 -0.013351610185465684 -0.00068286312486756 -0.015957755080434816 -0.007123878809470117 0.0056810967810708825 -0.00048828613921213899 0.011044295340047661 -0.0086578144331791087 -0.0073741458340277847 0.0042408736386629533 -0.008942443861316313 8.7262968357234452e-05 0.012864974802774199
leaf_weight=335.34252592176199 731.23514207080007 134.25846282020211 577.13130756467581 65.220494877547026 723.9214729256928 2348.5753887034953 2831.7638378255069 650.35088803991675 312.53504024073482 276.75977448746562 1129.2207522392273 446.02192981913686 2532.0071553476155 139.14941671490669
leaf_count=4838 8902 1576 4599 549 9908 18138 23823 5391 4464 2790 11726 4900 28518 1066
internal_value=-2.99282e-06 -0.00295784 0.000584516 0.00527837 -0.000119352 0.00134017 0.00231424 0.00640039 -0.00107466 0.000509986 0.00191859 -0.00244736 -0.00153296 0.00208993
internal_weight=13233.5 2188.12 11045.4 1431.85 9613.52 5911.57 5180.34 1366.63 1852.77 1540.24 1405.98 3701.95 3255.93 716.281
internal_count=131188 25394 105794 11605 94189 50863 41961 11056 20556 16092 14516 43326 38426 5665
is_linear=0
shrinkage=0.035


Tree=93
num_leaves=15
num_cat=0
split_feature=14 8 17 3 22 24 12 21 24 24 23 21 8 19
split_gain=18.3623 22.1232 20.1771 31.2065 42.4947 26.6124 20.0986 18.6593 47.2964 25.4467 46.019 40.3729 20.6673 18.5448
threshold=0.13899476826190951 -0.67106613516807545 0.025454134680330757 0.23175679147243503 0.3397038877010346 0.03506541624665261 0.53684827685356151 0.064371928572654738 0.027896618470549587 0.02743481379002333 0.21475631743669513 -0.015407797880470751 -0.2742782980203628 0.01315937237814069
decision_type=2 2 10 2 2 2 2 2 2 2 2 2 2 2
left_child=1 -1 3 5 -5 13 -3 9 -9 10 -4 -11 -10 -2
right_child=2 6 7 4 -6 -7 -8 8 12 11 -12 -13 -14 -15
leaf_value=0.024729934582595835 -0.0036378126195910714 -0.00049759852766718862 -0.0023024164421418004 0.030970213223149606 -0.010638361817293964 0.022172836692362918 -0.017309294450486238 0.0099327793950115591 -0.0059212584398880075 0.0025433802655469013 -0.024648796279598595 -0.0023670873721547228 0.0030819190407551599 -0.013483025236153795
leaf_weight=14.884873144328592 786.33040030300617 158.69980515167117 808.43145297467709 59.374346412718296 46.131105825304985 31.071413710713387 184.77028328180313 856.23181993514299 525.84068228304386 5190.1060041598976 121.74916195124388 3377.4124555550516 739.15456515550613 331.27678019553423
leaf_count=166 10393 1876 9123 319 470 296 2190 6828 6467 41899 1157 39174 7037 3793
internal_value=-4.55911e-06 -0.00770963 0.000215748 -0.00398382 0.0134314 -0.00568551 -0.00977531 0.000672099 0.00363174 7.9638e-06 -0.00545834 0.000607116 -0.000677663 -0.00664978
internal_weight=13231.5 358.355 12873.1 1254.18 105.505 1148.68 343.47 11618.9 2121.23 9497.7 930.181 8567.52 1265 1117.61
internal_count=131188 4232 126956 15271 789 14482 4066 111685 20332 91353 10280 81073 13504 14186
is_linear=0
shrinkage=0.035


Tree=94
num_leaves=15
num_cat=0
split_feature=3 15 10 16 14 0 17 16 8 7 15 12 15 0
split_gain=17.9685 25.0411 27.2885 22.7771 21.5142 20.8373 16.8935 20.2531 16.182 20.1868 16.5061 16.1145 15.335 14.9013
threshold=-0.093824993818998323 22.890003204345707 0.38431294262409216 0.44910728931427008 0.5139540731906892 -0.21052397042512891 0.074814073741436019 2.5000044107437138 -0.38770240545272822 -0.23736196011304853 23.834196090698246 0.59270954132080089 24.212780952453617 0.1478708013892174
decision_type=2 2 2 2 2 2 8 2 2 2 2 2 2 2
left_child=1 2 4 11 -1 -5 7 8 9 -2 -10 -4 -8 -6
right_child=6 -3 3 5 13 -7 12 -9 10 -11 -12 -13 -14 -15
leaf_value=-0.012095092188242788 0.0017765789400320336 -0.006677058349347246 0.0018722940885284056 0.013900054696540825 -0.0031043071919264714 0.0017792024575420341 -0.0066546018023275477 -0.014321729983472389 0.0021001472114104284 -0.0085647792532323446 0.0081337701652422593 -0.0099726019816441646 0.0034232571447014842 0.01113456485862402
leaf_weight=320.84083648398519 618.31968363747001 920.79739428311586 236.142607498914 175.76441986113787 1293.6999290548265 2784.0398268923163 569.21255337446928 83.932598013430834 4564.2728314474225 356.86344464123249 625.05614779144526 328.42903720214963 264.25542258098722 86.971199527382851
leaf_count=4200 5565 10504 2875 1548 16342 28103 5216 864 40349 3711 4986 3627 2368 930
internal_value=-4.48822e-06 -0.00138788 -0.000444962 0.00131257 -0.00407178 0.00254337 0.00119648 0.00182169 0.00206433 -0.00205631 0.00284114 -0.00507189 -0.00345666 -0.00213376
internal_weight=13228.6 6146.69 5225.89 3524.38 1701.51 2959.8 7081.91 6248.44 6164.51 975.183 5189.33 564.572 833.468 1380.67
internal_count=131188 68129 57625 36153 21472 29651 63059 55475 54611 9276 45335 6502 7584 17272
is_linear=0
shrinkage=0.035


Tree=95
num_leaves=15
num_cat=0
split_feature=23 21 16 24 16 18 15 3 8 5 22 21 3 12
split_gain=17.9236 19.3957 21.141 23.2593 22.6706 22.3423 22.3255 19.3117 18.6758 20.4805 18.6775 21.2365 18.6245 17.4132
threshold=0.096428066492080702 -0.15558469295501706 1.4163023233413699 0.030901780351996425 0.44910728931427008 -0.082929521799087511 21.519169807434086 -0.49180048704147333 -0.22893909364938733 -0.20304091274738309 0.3397038877010346 0.031086880713701252 0.030320054851472381 1.0176854729652407
decision_type=2 2 2 2 2 2 2 2 2 2 2 2 2 2
left_child=8 -2 4 6 13 -5 -4 -6 9 -1 12 -12 -10 -3
right_child=1 2 3 5 7 -7 -8 -9 10 -11 11 -13 -14 -15
leaf_value=0.01476171885446112 -0.0071008247958425042 -0.0011960127322960044 0.0065571379654906442 0.0095709988661003241 -0.0047073591043616768 -0.0072517397759575717 -0.0021847137758098873 0.002978541353818958 -0.0047683808971773992 -0.0075876984003229722 -0.0093161087667921957 0.0022984217223432041 0.019515203759667865 -0.015067244609747952
leaf_weight=43.945151589810848 383.41374146565795 1227.6902344562113 541.45723160356283 98.095224548131227 418.17159038409591 1022.4694915860891 1010.3065628632903 6442.683029204607 54.708445101976395 942.3869972974062 286.48260949924588 543.60038490220904 99.487234614789486 112.14654180407524
leaf_count=552 5447 12127 5319 942 3816 10478 9637 58406 684 13183 3298 5731 635 933
internal_value=-5.1074e-06 0.000534689 0.000810217 -0.00188855 0.00169088 -0.00570743 0.000888037 0.00250391 -0.00307564 -0.00645377 0.000340402 -0.00177323 0.0111337 -0.00246008
internal_weight=13227 11256.4 10873 2672.33 8200.69 1120.56 1551.76 6860.85 1970.61 986.332 984.279 830.083 154.196 1339.84
internal_count=131188 107105 101658 26376 75282 11420 14956 62222 24083 13735 10348 9029 1319 13060
is_linear=0
shrinkage=0.035


Tree=96
num_leaves=15
num_cat=0
split_feature=6 10 15 11 3 14 23 10 23 24 11 15 15 8
split_gain=17.3296 21.7929 34.3513 29.3012 26.6082 26.2748 22.7618 17.6834 22.5303 22.3621 17.5455 17.3703 22.3018 14.4505
threshold=0.23879923671483996 0.69662031531333934 21.832904815673832 0.50948160886764537 0.063979394733905806 0.13899476826190951 0.10839130729436876 1.1225485205650332 0.27203558385372167 0.027712903916835788 0.57373544573783886 20.415326118469242 22.983864784240726 -0.48469921946525568
decision_type=2 2 2 2 2 2 2 2 2 2 2 2 2 2
left_child=1 3 -3 5 -5 13 -7 8 11 -9 -4 -2 -13 -1
right_child=7 2 10 4 -6 6 -8 9 -10 -11 -12 12 -14 -15
leaf_value=0.0079527732203902197 0.024527088950807203 0.0014908767692661886 -0.010508450206280532 0.031457696318892801 -0.0055611511425074948 -0.0033914266430298216 0.0010125084531537668 0.019543575666256457 0.023980023245888125 -0.010130866331209663 0.00023104016227769067 -0.0017624554696045432 0.0067803639131174048 -0.021172724141487523
leaf_weight=20.359455898404121 37.075672455132008 800.66544880717993 815.69251704216003 58.131330978125334 32.48929612711072 1763.3518503531814 7585.6454819254577 27.129776686429977 59.63757162541151 196.99010261893272 240.12155913561583 684.90903761982918 806.79562197998166 96.360786203294992
leaf_count=238 274 8270 8554 503 263 22380 72566 217 320 1931 2436 5513 6458 1265
internal_value=-5.35018e-06 -0.000511033 -0.00397023 0.000164423 0.018952 -3.52525e-05 0.000179128 0.00316406 0.00446564 -0.00585743 -0.00808674 0.0035535 0.00287235 -0.0158657
internal_weight=13225.4 11412.8 1856.48 9556.34 90.6206 9465.72 9349 1812.54 1588.42 224.12 1055.81 1528.78 1491.7 116.72
internal_count=131188 116475 19260 97215 766 96449 94946 14713 12565 2148 10990 12245 11971 1503
is_linear=0
shrinkage=0.035


Tree=97
num_leaves=15
num_cat=0
split_feature=11 10 6 3 6 3 22 16 24 15 3 12 6 22
split_gain=17.1665 23.4848 30.5667 28.0091 25.7664 24.0902 23.5084 20.657 19.6329 20.333 17.1836 17.0406 16.8915 16.9064
threshold=0.21027008444070819 0.53824713826179515 0.090733207762241377 0.95325967669487011 -0.264771819114685 1.9270285964012148 0.2409842982888222 0.38091585040092474 0.03506541624665261 21.067113876342777 -0.49180048704147333 0.45595462620258337 -0.11035167425870894 0.41938711702823644
decision_type=2 2 2 2 2 2 2 2 2 2 2 2 2 2
left_child=8 2 4 -4 10 6 -3 -6 12 -10 -2 -8 -1 -14
right_child=1 5 3 -5 7 -7 11 -9 9 -11 -12 -13 13 -15
leaf_value=-0.01122133052012164 -0.0022519247866302282 0.00096940948858748141 0.0060248316039166827 0.029509414001239163 -0.0094097115049113708 0.0089258367545843043 0.005613151948580323 0.00052512865497689469 -0.0075431967463066366 0.028699831046826742 0.0099309993187003537 -0.0047634777774118384 -0.00057758705729614977 -0.0092423918986965434
leaf_weight=284.91086940839887 184.66744329407811 2127.1242657415569 897.99944013357162 58.028178628534079 263.75669019296765 262.63655851781368 202.0872108079493 4029.113462895155 25.780559688806534 37.816553324460983 558.3299805149436 2460.32967877388 1502.4568541198969 328.31605740264058
leaf_count=4081 1688 17534 7464 391 3062 1951 2508 40082 264 336 4866 26248 15900 4813
internal_value=-3.78655e-06 0.000557006 0.00203749 0.007741 0.000941521 -0.00119941 -0.00177207 -0.000105724 -0.00283531 0.0149792 0.00691331 -0.0039578 -0.00343876 -0.00217323
internal_weight=13223.4 11044.1 5991.9 956.028 5035.87 5052.18 4789.54 4292.87 2179.28 63.5971 742.997 2662.42 2115.68 1830.77
internal_count=131188 105794 57553 7855 49698 48241 46290 43144 25394 600 6554 28756 24794 20713
is_linear=0
shrinkage=0.035


Tree=98
num_leaves=15
num_cat=0
split_feature=3 15 10 21 6 17 4 23 20 24 15 22 11 11
split_gain=16.8567 26.3527 27.0341 17.615 23.3288 17.2534 17.2306 19.0859 22.6988 18.3543 17.9085 16.3068 15.2645 15.1698
threshold=-0.19890207052230832 22.545885086059574 0.39876851439476019 0.069419626146554961 -0.264771819114685 0.074814073741436019 0.047826813533902175 0.12558465078473094 0.025745689868927005 0.02743481379002333 23.834196090698246 0.30864126980304724 0.45671196281909948 0.50948160886764537
decision_type=2 2 2 2 2 8 2 2 2 2 2 2 2 2
left_child=1 2 3 4 -1 6 7 8 -2 -9 -8 -5 -12 -4
right_child=5 -3 13 11 -6 -7 10 9 -10 -11 12 -13 -14 -15
leaf_value=0.0054741116509970855 -0.0064508616667994043 -0.0072395421244374784 0.00075295495469351133 0.013369129690338325 -0.0094054133945296603 -0.0036045021266077112 0.0032420234245799551 -0.0043356353577930591 0.0012763120581981071 0.0026660746092160518 0.01758967591615181 -0.0033667863296608876 -0.010353694086941244 0.0097728473593012653
leaf_weight=147.44546501711011 863.19213134795427 853.76793693006039 2169.2321234680712 102.29761002212763 779.61048072949052 924.35028053447604 1228.5706571787596 508.46188007295132 992.05677127838135 4018.573618914932 179.7657897695899 187.47537679970264 20.751109279692173 245.59786195680499
leaf_count=1412 11211 9569 22047 889 10125 8675 10627 4939 10517 34682 1403 2535 163 2394
internal_value=-2.79088e-06 -0.00174461 -0.000436475 -0.00466917 -0.00700571 0.000892534 0.00142861 0.000647454 -0.00233422 0.00187184 0.00488852 0.00279032 0.0143434 0.00170683
internal_weight=13221.1 4485.43 3631.66 1216.83 927.056 8735.72 7811.37 6382.28 1855.25 4527.04 1429.09 289.773 200.517 2414.83
internal_count=131188 48971 39402 14961 11537 82217 73542 61349 21728 39621 12193 3424 1566 24441
is_linear=0
shrinkage=0.035


Tree=99
num_leaves=15
num_cat=0
split_feature=14 8 12 17 24 22 15 16 21 24 24 17 24 2
split_gain=16.1887 20.6071 18.5406 17.8576 26.1054 38.8409 35.2851 18.084 21.8994 57.9451 49.0819 18.3112 12.9204 21.7252
threshold=0.13899476826190951 -0.67106613516807545 0.53684827685356151 0.025454134680330757 0.031350089237093932 0.37860268354415899 23.409000396728519 2.5000044107437138 0.05185144022107125 0.027896618470549587 0.02743481379002333 0.061225941404700286 0.030391268432140354 0.041997374966740615
decision_type=2 2 2 10 2 2 2 2 2 2 2 10 2 2
left_child=1 -1 12 4 -2 6 -6 8 10 -10 -5 -9 -3 -14
right_child=3 2 -4 7 5 -7 -8 11 9 -11 -12 -13 13 -15
leaf_value=0.023766683712163467 -0.0067957800454489271 -0.010685103935761419 -0.016687577496709724 -0.0084421382519873234 0.0044413052382422718 -0.013259740415659811 0.035964006559447939 -0.01466699352023629 0.009893541448396664 -0.00074072379329790316 0.00091169631176499786 -0.0010935485755152892 -0.0059363640826646169 0.026481540648663728
leaf_weight=15.232757166028021 913.99411505833268 71.604949794709682 180.21359010413289 743.75905147194862 186.75917313992977 96.488680839538574 48.2052290327847 171.09990513324738 1080.3314905837178 1476.2351542413235 7771.3804972544312 377.0554965287447 52.735487025231123 34.129998974502087
leaf_count=166 11325 902 2190 8818 1877 1638 431 2007 8438 15834 72476 4112 572 402
internal_value=-2.763e-06 -0.00728258 -0.00932062 0.000203001 -0.00376289 0.0045545 0.0121126 0.000630946 0.000940042 0.00377405 8.57368e-05 -0.0055172 -0.00044962 0.00821975
internal_weight=13219.2 353.917 338.684 12865.3 1245.45 331.453 234.964 11619.9 11071.7 2556.57 8515.14 548.155 158.47 86.8655
internal_count=131188 4232 4066 126956 15271 3946 2308 111685 105566 24272 81294 6119 1876 974
is_linear=0
shrinkage=0.035


Tree=100
num_leaves=15
num_cat=0
split_feature=21 16 14 3 17 7 0 24 5 8 2 24 16 6
split_gain=16.084 18.5579 21.3232 24.4509 22.6249 19.6579 17.7482 19.657 17.7127 15.9079 14.7006 14.5164 12.898 20.5528
threshold=-0.15558469295501706 1.4163023233413699 0.31034220755100256 -0.49180048704147333 0.025454134680330757 -0.3441632986068725 -0.14811548590660092 0.031032942235469822 0.45474052429199224 -0.51200741529464711 0.14585927873849872 0.030391268432140354 1.1850577592849734 -0.1852670609951019
decision_type=2 2 2 2 10 2 2 2 2 2 2 2 2 2
left_child=12 2 5 9 -5 11 -3 8 -8 -4 -7 -2 -1 -14
right_child=1 6 3 4 -6 10 7 -9 -10 -11 -12 -13 13 -15
leaf_value=-0.010430715928576808 -0.0053647811563729475 0.0086957636935794686 -0.008353066819910793 -0.0025241984839117714 0.0029173903187566645 -0.0073801165288399067 -0.001372108632719547 -0.0062911221319338325 0.012554642198917564 0.010325501476373445 0.0015109506734002031 0.010052826023755592 -0.016250585902456611 0.015556138136739624
leaf_weight=293.77567139267921 106.80520322918892 167.05634639412165 416.02165220305324 1081.9953548423946 6618.9281447604299 842.15564789623022 1771.6746747121215 1153.295917045325 109.38179747760296 55.61750852316618 306.82401996478438 205.44294893741608 29.411048796027899 58.810495406389236
leaf_count=4192 1226 1494 3904 13180 58878 9634 18305 12224 1015 569 3415 1897 458 797
internal_value=-2.47211e-06 0.000210657 0.000977891 0.0016745 0.00215055 -0.0029031 -0.00209399 -0.00271463 -0.000500173 -0.00598177 -0.00501329 0.00477637 -0.00698634 0.00437758
internal_weight=13217.2 12835.2 9633.79 8172.56 7700.92 1461.23 3201.41 3034.35 1881.06 471.639 1148.98 312.248 381.997 88.2215
internal_count=131188 125741 92703 76531 72058 16172 33038 31544 19320 4473 13049 3123 5447 1255
is_linear=0
shrinkage=0.035


Tree=101
num_leaves=15
num_cat=0
split_feature=6 16 22 21 17 24 17 20 22 11 15 11 5 15
split_gain=15.442 19.0724 18.2784 23.1108 25.5233 22.7394 16.7526 16.6734 16.2231 16.567 18.3377 18.3241 21.6222 13.7576
threshold=0.23879923671483996 2.5000044107437138 0.39701244235038763 -0.11719527095556258 0.035816974937915809 0.026834268122911457 0.015994798392057422 0.0095225144177675265 0.19535173475742343 0.19960751384496692 22.168936729431156 0.45671196281909948 -0.026185047812759873 23.834196090698246
decision_type=2 2 2 2 8 2 10 2 2 2 2 2 2 2
left_child=1 2 3 4 -1 -5 -4 -8 -2 10 -10 13 -13 -11
right_child=8 -3 6 5 -6 -7 7 -9 9 11 -12 12 -14 -15
leaf_value=-0.015953502124044512 0.010848681012619777 -0.007889295732680681 -0.02326181684986095 -0.0049642070397725264 -0.0018796067722730658 0.0016342215205082684 0.0011285245263174106 -0.0058193865660779026 0.0047731268124825352 0.0022958620617657831 -0.020385030690785268 0.011744762988940269 -0.0084003080256040766 0.010889335883725294
leaf_weight=180.84796754643321 263.5883624702692 400.39460868015885 41.064040128141642 690.2325594983995 934.52033712714911 7436.572765596211 732.86243933811784 982.13333598896861 56.205960191786289 737.74363927915692 73.591087348759174 74.367739893496037 286.09617134556174 325.46227084472775
leaf_count=2372 1567 4656 732 8587 9745 66225 10748 13410 461 6054 613 662 2699 2657
internal_value=-2.59138e-06 -0.000481005 -0.000204382 0.000418629 -0.00428306 0.00106839 -0.0034671 -0.00286103 0.00298477 0.00158958 -0.00992866 0.00270164 -0.00403931 0.0050034
internal_weight=13215.7 11398.6 10998.2 9242.17 1115.37 8126.81 1756.06 1715 1817.06 1553.47 129.797 1423.67 360.464 1063.21
internal_count=131188 116475 111819 86929 12117 74812 24890 24158 14713 13146 1074 12072 3361 8711
is_linear=0
shrinkage=0.035


Tree=102
num_leaves=15
num_cat=0
split_feature=6 19 5 17 23 7 16 15 24 11 22 15 10 8
split_gain=14.7894 23.8688 23.3428 24.8308 24.4437 23.6235 22.2109 19.7581 34.3716 32.8096 19.6164 18.2823 28.7594 23.9225
threshold=0.090733207762241377 -0.046235499903559678 -0.013556214515119789 0.044986806809902198 0.27203558385372167 -0.093243271112442003 0.68506118655204784 23.082156181335453 0.02906045783311129 0.30795718729496008 0.35781356692314154 20.860421180725101 0.45045939087867742 -0.31186003983020777
decision_type=2 2 2 10 2 2 2 2 2 2 2 2 2 2
left_child=1 10 3 -2 5 -4 -3 9 -9 -8 11 12 -1 -13
right_child=2 6 4 -5 -6 -7 7 8 -10 -11 -12 13 -14 -15
leaf_value=0.00074919782957601905 0.019863348151600929 -0.0067705662218135228 -0.0041678244341982664 0.0033844022598514116 0.01505329695649988 0.0023503342556567331 -0.0023715230125890166 -0.016925197316464552 -0.00031411434537366841 0.0057578614508653984 -0.0026275620653132539 -0.0014396111849134629 0.011181900554577795 0.0070691403840035952
leaf_weight=696.10537551343441 157.79176132380962 1132.0966718308628 1036.2341120168567 353.32486695796251 129.75436108931899 1941.8502327278256 1979.8533916063607 237.09067664667964 400.02386946976185 865.85919471457601 1352.7490389682353 1824.1284078285098 597.53685297816992 509.44227492064238
leaf_count=6628 1368 11944 9471 3022 852 16816 21155 2477 4132 8440 19223 16238 5119 4303
internal_value=-3.99378e-06 -0.000723184 0.00189952 0.00875532 0.000747551 7.59618e-05 -0.00253397 -0.00114141 -0.00666165 0.000113489 0.00095658 0.00229682 0.0056169 0.000440174
internal_weight=13213.8 9594.89 3618.96 511.117 3107.84 2978.08 4614.92 3482.83 637.115 2845.71 4979.96 3627.21 1293.64 2333.57
internal_count=131188 99659 31529 4390 27139 26287 48148 36204 6609 29595 51511 32288 11747 20541
is_linear=0
shrinkage=0.035


Tree=103
num_leaves=15
num_cat=0
split_feature=14 0 8 10 11 12 24 11 23 14 19 16 19 15
split_gain=14.7924 18.1034 27.0361 16.736 23.2292 15.6448 19.6623 14.69 14.6384 13.1156 24.1279 17.0096 11.8659 11.8501
threshold=0.19513657689094546 -0.054636245593428605 -0.49808794260025019 0.74231791496276867 0.50948160886764537 0.61660116910934459 0.030391268432140354 0.57373544573783886 0.39298018813133245 0.47448155283927923 -0.13794638961553571 0.44910728931427008 0.62379428744316112 22.09812164306641
decision_type=2 2 2 2 2 2 2 2 2 2 2 2 2 2
left_child=5 8 13 4 -4 6 -1 -8 9 10 -2 -11 -5 -3
right_child=1 2 3 12 -6 -7 7 -9 -10 11 -12 -13 -14 -15
leaf_value=-0.0079835861492159061 0.0063612094638453038 -0.0036747735244554349 0.00055792971684053136 -0.0060678346005567253 0.027237550982028437 -0.010104153290012428 0.002064151840793628 0.023875898427138002 -0.0091025798313205588 -0.0083087922745431284 -0.0036659395292811979 0.0046900639414716493 0.0020264345029676425 -0.012542053499291996
leaf_weight=177.02768908813596 434.82910703495145 630.76989808306098 6473.9326364509761 815.04995868355036 30.232434142380953 345.6116292104125 149.01254168897867 41.743013650178909 125.65505558624864 120.88744002953172 856.86197661608458 2453.1359985843301 297.79222137853503 259.52560472115874
leaf_count=2183 4125 6372 64662 8131 246 4139 1772 370 1860 1048 8332 22501 2703 2744
internal_value=-3.41602e-06 0.000278007 -0.000634499 4.33808e-05 0.000723563 -0.00486964 0.000186576 0.00778876 0.00221967 0.00261024 -0.000267508 0.00404979 -0.00390308 -0.00637023
internal_weight=13212.1 12498.7 8507.3 7617.01 6504.17 713.395 367.783 190.756 3991.37 3865.71 1291.69 2574.02 1112.84 890.296
internal_count=131188 122724 84858 75742 64908 8464 4325 2142 37866 36006 12457 23549 10834 9116
is_linear=0
shrinkage=0.035


Tree=104
num_leaves=15
num_cat=0
split_feature=23 21 8 19 3 11 1 11 0 24 3 10 15 24
split_gain=14.6505 16.7725 16.4247 19.5384 16.6642 21.5719 26.733 16.5499 16.0893 13.6694 13.663 15.247 28.6311 19.6036
threshold=0.096428066492080702 -0.15558469295501706 -0.22893909364938733 -0.17911668866872785 0.45276044309139257 0.29411299526691442 0.21040628105401996 0.43213717639446264 0.16243828833103183 0.030696987174451355 -0.46316319704055781 0.35458551347255712 21.460306167602543 0.03506541624665261
decision_type=2 2 2 2 2 2 2 2 2 2 2 2 2 2
left_child=2 -2 3 7 8 6 -6 -1 -4 -9 -3 13 -13 -12
right_child=1 10 4 -5 5 -7 -8 9 -10 -11 11 12 -14 -15
leaf_value=-0.0044976734005696163 -0.0066667935282066692 -0.0033459160401576051 -0.0048485083872046629 -0.0088044624944190377 0.040029107707917816 4.2186000640535828e-05 0.0009944303948557743 -0.0037665081072544133 0.0067512533159956555 0.022755631862035913 -0.0021186563941487024 0.0045722999768823607 0.00017918034350898314 0.012956839546261287
leaf_weight=150.53644506633282 378.19147420302033 909.73367262631655 584.27597001567483 732.30958673730493 37.778037801384926 134.45864243805408 40.015508987009525 32.96029107645154 184.91602403670549 57.262372232973576 2178.7174935601652 2931.4391491040587 4757.4826200380921 101.11842112988234
leaf_count=2119 5447 8709 6733 10531 293 1107 304 471 1911 614 24107 26224 41671 947
internal_value=-3.42864e-06 0.000482896 -0.00279254 -0.00599031 0.000406396 0.00885635 0.0223507 0.00257916 -0.00200904 0.0136575 0.00073735 0.00111296 0.00185784 -0.00139634
internal_weight=13211.2 11256.7 1954.51 973.069 981.444 212.252 77.7935 240.759 769.192 90.2227 10878.5 9968.76 7688.92 2279.84
internal_count=131188 107105 24083 13735 10348 1704 597 3204 8644 1085 101658 92949 67895 25054
is_linear=0
shrinkage=0.035


Tree=105
num_leaves=15
num_cat=0
split_feature=14 8 6 11 8 10 6 21 11 3 24 7 22 14
split_gain=14.4536 19.4018 15.2465 15.1598 30.1319 20.9096 23.1537 31.5548 27.7695 22.1605 18.7972 17.6526 15.2407 19.7565
threshold=0.13899476826190951 -0.67106613516807545 0.090733207762241377 0.21027008444070819 -0.33378942310810084 0.74231791496276867 0.069091804325580611 0.017405906692147258 0.50948160886764537 1.9270285964012148 0.02906045783311129 -0.36360627412796015 0.41938711702823644 0.47448155283927923
decision_type=2 2 2 2 2 2 2 2 2 2 2 2 2 2
left_child=1 -1 -3 4 -2 6 8 -8 -5 11 -11 -7 13 -6
right_child=3 2 -4 5 12 9 7 -9 -10 10 -12 -13 -14 -15
leaf_value=0.023012225097176871 -0.012139516300869487 -0.012221817168036409 0.0068151866024071823 0.00010703544303452371 -0.011968010008731841 0.0035580100444579568 0.00060177674606670716 0.0091419354500225473 0.015467519211232078 0.027077110719158411 0.0024170264323173382 -0.0051030518497005416 -0.0077409595760201061 0.0019516584526494654
leaf_weight=15.503476254642008 324.47351284697652 278.609245210886 55.939186032861471 6322.0192169249058 127.05685868114233 344.72469884902239 1115.4282731749117 1002.4095330946147 137.54495864734054 40.404079113155603 161.7926390171051 1577.361566927284 303.62816291302443 1402.4762476161122
leaf_count=166 4824 3419 647 62107 1519 3343 8860 8720 1139 297 1209 15970 4452 14516
internal_value=-2.15684e-06 -0.00691859 -0.00893326 0.000191349 -0.00247816 0.000731378 0.00150133 0.00466795 0.000457512 -0.00237 0.00838856 -0.00353932 -0.0007115 0.000725138
internal_weight=13209.4 350.052 334.548 12859.3 2157.63 10701.7 8577.4 2117.84 6459.56 2124.28 202.197 1922.09 1833.16 1529.53
internal_count=131188 4232 4066 126956 25311 101645 80826 17580 63246 20819 1506 19313 20487 16035
is_linear=0
shrinkage=0.035


Tree=106
num_leaves=15
num_cat=0
split_feature=23 20 23 21 22 20 24 22 11 21 24 21 10 1
split_gain=13.8156 20.8111 17.5188 15.8581 20.1427 26.5013 61.4127 27.3985 23.3631 21.4843 19.1661 17.866 15.5258 15.3625
threshold=0.096428066492080702 0.025745689868927005 0.084020718932151808 -0.12565742805600164 0.16723755002021792 -0.019841950386762616 0.028936692513525489 0.41938711702823644 0.30326476693153387 -0.067840632051229463 0.029454862698912624 -0.15558469295501706 0.3623319566249848 0.084376782178878798
decision_type=2 2 2 2 2 2 2 2 2 2 2 2 2 2
left_child=1 -1 -3 10 8 6 -6 -7 9 -5 -2 -12 -13 -10
right_child=3 2 -4 4 5 7 -8 -9 13 -11 11 12 -14 -15
leaf_value=-0.0067520366636531779 -0.010504072989579378 0.0057975235460978863 -0.0031497737282093208 -0.011561958676842137 -0.012129879782664147 0.0026696110868975323 0.00018062497186483898 -0.0035549371894736813 0.0055275153210809667 0.003566468238153285 -0.0064249976057668776 -0.013129028734526408 0.0082914639792782754 0.016606875225822028
leaf_weight=859.61340992152691 330.82833765074611 442.7073338329792 647.49449390172958 160.5045971609652 623.93416501954198 4920.0934033915401 2287.0101520493627 1041.8546625673771 750.70051298290491 343.96766698360443 284.21664845570922 39.049969203770161 285.51521591842175 189.99663465470076
leaf_count=11998 4086 3976 8109 1264 6648 44651 21501 13769 4984 2595 4018 376 1969 1244
internal_value=-1.32655e-06 -0.00271354 0.000503201 0.000470417 0.00086799 0.000241758 -0.00249051 0.00157774 0.00468478 -0.00137802 -0.00385859 -0.000135857 0.00539887 0.0079164
internal_weight=13207.5 1949.82 1090.2 11257.7 10318.1 8872.89 2910.94 5961.95 1445.17 504.472 939.61 608.782 324.565 940.697
internal_count=131188 24083 12085 107105 96656 86569 28149 58420 10087 3859 10449 6363 2345 6228
is_linear=0
shrinkage=0.035


Tree=107
num_leaves=15
num_cat=0
split_feature=6 16 15 15 11 9 24 2 14 19 11 0 21 3
split_gain=13.8477 18.8634 15.6414 16.7433 29.0382 19.2041 18.4432 17.4425 14.7896 24.3276 24.2412 19.0609 20.706 16.6445
threshold=0.27169470489025122 2.5000044107437138 20.415326118469242 22.713021278381351 0.19960751384496692 0.9440138339996339 0.027896618470549587 0.7134072780609132 0.3518767803907395 -0.15715781599283216 0.57373544573783886 -0.054636245593428605 -0.13325501978397367 -0.22149623930454251
decision_type=2 2 2 2 2 2 2 2 2 2 2 2 2 2
left_child=1 8 -2 6 -5 -6 -4 -8 9 -1 -11 12 -10 -13
right_child=2 -3 3 4 5 -7 7 -9 11 10 -12 13 -14 -15
leaf_value=0.004221995460524014 0.023817299853926367 -0.0076759564853604318 0.013683696562260421 -0.018741300315381473 0.010593706055147284 0.0005642692541829008 -1.6510529716113831e-05 -0.014137386904851076 -0.0062485955663449883 -0.0062560763238085496 0.011614975909770267 -0.0030860931178276238 0.0035866784683768918 0.00067489158327445006
leaf_weight=439.26789762452245 33.476479154080153 412.74707429856062 63.979688823223114 49.717270851135254 563.18661161884665 397.05696510151029 293.92479414120317 158.65893263742328 280.04120043292642 1383.4591413028538 90.55268919467926 2244.8239607103169 2805.6237464658916 3988.6261737309396
leaf_count=4592 236 4821 418 394 4116 3741 2381 1325 3708 15962 922 24601 25218 38753
internal_value=-2.29639e-06 -0.000417963 0.00308349 0.00247675 0.00508125 0.00649513 -0.00261526 -0.00516537 -0.00014467 -0.00293918 -0.00508734 0.000431598 0.00267677 -0.000682308
internal_weight=13205.1 11645.1 1560 1526.52 1009.96 960.244 516.563 452.584 11232.4 1913.28 1474.01 9319.12 3085.66 6233.45
internal_count=131188 118577 12611 12375 8251 7857 4124 3706 113756 21476 16884 92280 28926 63354
is_linear=0
shrinkage=0.035


Tree=108
num_leaves=15
num_cat=0
split_feature=14 12 24 17 24 22 15 10 21 11 24 7 6 6
split_gain=13.2069 18.1317 17.9188 14.5097 24.0974 34.9043 31.7386 17.4029 22.2424 29.9083 28.3607 17.9428 24.0926 14.3351
threshold=0.13899476826190951 0.5008227825164796 0.030391268432140354 0.025454134680330757 0.031350089237093932 0.37860268354415899 23.409000396728519 0.74231791496276867 0.064371928572654738 0.31274756789207464 0.027896618470549587 -0.36360627412796015 0.31094019114971166 -0.01475996198132634
decision_type=2 2 2 10 2 2 2 2 2 2 2 2 2 2
left_child=1 2 -1 4 -2 6 -6 8 9 -5 -10 -9 -13 -4
right_child=3 -3 13 7 5 -7 -8 11 10 -11 -12 12 -14 -15
leaf_value=-0.010218548505647344 -0.0063566448473002593 -0.013085721218748479 0.00051529628348887728 -0.0016212467239296901 0.0042954710719107659 -0.012607763427742476 0.033922709641076569 0.0044435998965554543 0.0097862971723866564 0.0027422522785999271 0.00090461749309994025 -0.006949699286121905 0.0016353698443491527 0.028775332122297798
leaf_weight=63.061608467251062 902.44637859612703 204.47989631444216 49.692627355456352 4176.2335073873401 187.22906092554331 93.98830521851778 49.606592927128077 384.50062973424792 760.26874338835478 3551.4180618114769 1033.7814752683043 1093.002470292151 623.58265640959144 29.977947074919939
leaf_count=818 11325 2533 542 42411 1877 1638 431 3624 5902 31795 10970 11527 5456 339
internal_value=-2.17339e-06 -0.00664051 0.00284521 0.000182134 -0.00341193 0.00457171 0.011624 0.000566098 0.00120248 0.000385051 0.00470181 -0.0023099 -0.0038396 0.013172
internal_weight=13203.3 347.212 142.732 12856.1 1233.27 330.824 236.836 11622.8 9521.7 7727.65 1794.05 2101.09 1716.59 79.6706
internal_count=131188 4232 1699 126956 15271 3946 2308 111685 91078 74206 16872 20607 16983 881
is_linear=0
shrinkage=0.035


Tree=109
num_leaves=15
num_cat=0
split_feature=14 18 4 21 21 22 21 7 10 11 16 11 21 21
split_gain=13.139 23.2648 17.4624 26.1221 31.8582 37.2069 22.7229 18.8411 17.081 16.7618 15.6438 12.4966 11.4177 10.7303
threshold=2.8184012174606328 -0.13144770264625547 0.047826813533902175 -0.015407797880470751 0.05185144022107125 0.27970407903194433 -0.12565742805600164 -0.23736196011304853 0.43507897853851324 0.31274756789207464 0.63908374309539806 0.48898662626743322 0.017405906692147258 -0.065105643123388277
decision_type=2 2 2 2 2 2 2 2 2 2 2 2 2 2
left_child=2 -2 3 6 10 -6 8 -4 -1 -8 -5 12 -9 -3
right_child=1 13 7 4 5 -7 9 11 -10 -11 -12 -13 -14 -15
leaf_value=-0.0113976619634398 0.01891649381762886 -0.011953106827238652 -0.0080292256504851094 -0.0091405145367394296 0.010243406663681349 -0.0012320769638083495 -0.00021460905312721432 0.0021862479887328192 -0.00027071558195882714 0.0041634728895900757 -0.0030592045835399501 -0.0055503009079943631 0.0077195484856896609 -0.0030136769008284703
leaf_weight=253.52178172022104 42.918127678334713 202.67364093288779 160.42173024639487 698.77279833331704 420.49290583282709 1757.8651725649834 1803.2536272220314 946.01916481927037 472.6004281193018 2625.5758674442768 2000.5715055540204 143.42436384037137 893.93995726108551 779.3394851051271
leaf_count=3349 394 1841 1486 9399 3002 19210 15648 8339 5075 20847 24553 1307 8397 8341
internal_value=-1.48383e-06 -0.00378759 0.000320052 -0.000293538 -0.00212732 0.00101975 0.00144238 0.00317958 -0.00425769 0.00238441 -0.00466139 0.00412191 0.00490179 -0.00496054
internal_weight=13201.4 1024.93 12176.5 10032.7 4877.7 2178.36 5154.95 2143.81 726.122 4428.83 2699.34 1983.38 1839.96 982.013
internal_count=131188 10576 120612 101083 56164 22212 44919 19529 8424 36495 33952 18043 16736 10182
is_linear=0
shrinkage=0.035


Tree=110
num_leaves=15
num_cat=0
split_feature=3 15 10 16 10 17 16 18 6 21 3 14 15 22
split_gain=12.938 23.6904 22.9146 21.1715 20.3451 16.0913 16.5089 18.4156 16.0368 21.2959 15.3943 13.8176 12.0466 14.1211
threshold=-0.19890207052230832 22.545885086059574 0.39876851439476019 0.44910728931427008 1.0376653075218203 0.074814073741436019 2.5000044107437138 0.20702455937862399 -0.264771819114685 0.069419626146554961 -0.46316319704055781 2.452517151832581 24.212780952453617 0.2409842982888222
decision_type=2 2 2 2 2 8 2 2 2 2 2 2 2 2
left_child=1 2 8 4 -4 6 7 -2 -1 -10 -5 -9 -7 -14
right_child=5 -3 3 10 -6 12 -8 11 9 -11 -12 -13 13 -15
leaf_value=0.0057886925320708056 0.0011263007946889878 -0.0067834127658460272 -0.0081691045389864145 -0.0014592312243447432 0.019008487900877228 -0.0061710736768049333 -0.010601882449244881 0.013661521532456606 -0.0087934081934658709 0.002461617276093322 0.0051179259989777995 -0.00090798911441254042 0.014140396807341962 -0.002568567321970752
leaf_weight=161.12018020823598 7329.5584393180907 842.41751166060567 355.91676266863942 624.55878696218133 27.704504568129778 643.65126839652658 130.43426162004471 245.48394238203764 764.70823991298676 275.43944887816906 1405.4640480354428 114.1931329369545 78.23942019417882 200.39831513166428
leaf_count=1544 69188 9569 4099 6077 313 6134 1485 1910 10125 3292 13952 959 549 1992
internal_value=-2.03273e-06 -0.00153462 -0.000296105 0.00166929 -0.00577333 0.00078026 0.00129702 0.00151237 -0.00422625 -0.00581793 0.00309716 0.00913644 -0.00356801 0.00245054
internal_weight=13199.3 4457.33 3614.91 2413.64 383.621 8741.96 7819.67 7689.24 1201.27 1040.15 2030.02 359.677 922.289 278.638
internal_count=131188 48971 39402 24441 4412 82217 73542 72057 14961 13417 20029 2869 8675 2541
is_linear=0
shrinkage=0.035


Tree=111
num_leaves=15
num_cat=0
split_feature=23 20 23 21 16 24 15 16 8 12 18 0 6 16
split_gain=12.6959 18.7594 16.0486 13.4848 16.4017 22.1534 24.7033 19.0926 18.6438 17.2358 14.2675 13.3334 14.17 12.0736
threshold=0.096428066492080702 0.025745689868927005 0.084020718932151808 -0.15558469295501706 1.2888126969337466 0.030901780351996425 21.519169807434086 0.44910728931427008 -0.58080530166625965 1.0176854729652407 -0.082929521799087511 0.1478708013892174 -0.21951127052307126 1.1850577592849734
decision_type=2 2 2 2 2 2 2 2 2 2 2 2 2 2
left_child=1 11 -3 13 7 6 -6 9 -9 -5 -7 12 -1 -2
right_child=3 2 -4 4 5 10 -8 8 -10 -11 -12 -13 -14 -15
leaf_value=0.0066855558355631761 -0.009436760223027205 0.0054852617095531957 -0.0030692545687065692 -0.00098682765070039896 0.0063021989967477435 0.0057438647729976082 -0.0020047154333972753 -0.0038935392404882371 0.0029250159291963188 -0.014841217242175037 -0.0060574295578351709 0.0026729958180445271 -0.010061745335823687 0.0049801225221419608
leaf_weight=61.579475574195385 284.3279725573957 445.08877946063876 645.89656579121947 1219.8907868079841 680.66694084554911 132.09339170157909 1192.4854558221996 527.86461228504777 5817.9873339831829 111.11898041144013 1201.214947309345 155.23776857927442 635.52916550636292 86.828549534082413
leaf_count=847 4192 3976 8109 12127 6584 1228 11250 4547 52702 933 12287 1769 9382 1255
internal_value=-1.82678e-06 -0.0026067 0.00043885 0.000449877 0.00067591 -0.00142349 0.00103129 0.0015535 0.0023526 -0.0022455 -0.0048542 -0.00646483 -0.00850874 -0.00602189
internal_weight=13197.8 1943.33 1090.99 11254.5 10883.3 3206.46 1873.15 7676.86 6345.85 1331.01 1333.31 852.346 697.109 371.157
internal_count=131188 24083 12085 107105 101658 31349 17834 70309 57249 13060 13515 11998 10229 5447
is_linear=0
shrinkage=0.035


Tree=112
num_leaves=15
num_cat=0
split_feature=6 23 19 10 19 11 11 5 15 15 8 21 21 24
split_gain=12.6 20.4063 19.0078 19.3589 19.8905 31.064 19.6911 16.7105 22.1477 16.3421 16.1707 24.3252 23.6023 36.08
threshold=0.16605263948440555 0.27203558385372167 -0.0068912648130208245 0.78960132598876964 0.20207791030406955 0.30326476693153387 0.48898662626743322 -0.013556214515119789 20.415326118469242 25.327908515930179 -0.30423325300216669 0.069419626146554961 -0.015407797880470751 0.02743481379002333
decision_type=2 2 2 2 2 2 2 2 2 2 2 2 2 2
left_child=2 7 10 4 6 -6 -4 -2 -9 -10 12 -12 13 -1
right_child=1 -3 3 -5 5 -7 -8 8 9 -11 11 -13 -14 -15
leaf_value=-0.009464020919310763 0.009635606133301897 0.016263850541743969 -0.0026108232204430201 -0.0083949694787297524 -0.0020161299607788018 0.016230901360914055 0.02448190205106333 0.018774748484851549 -0.0010300255478154175 0.011275938662397591 0.001214712190522254 0.010678702499138213 -0.003533417605837033 0.0031351515080642917
leaf_weight=305.97560661658645 264.70826461166143 110.61956519633532 3326.7612614296377 548.21082567796111 280.24544703960419 180.81273886561394 23.265982877463102 68.074263326823711 1969.1375816166401 131.65949292480946 1420.397315248847 425.76437462493777 1795.4738055802882 2345.469792816788
leaf_count=3969 2135 655 34244 6107 2557 1670 202 538 16647 1044 15177 4359 22379 19505
internal_value=-2.45676e-06 0.00220552 -0.00053138 -0.00230507 -0.00140939 0.00533244 -0.00235036 0.00150254 0.000470246 -0.000209029 0.000698989 0.00344308 -0.000445406 0.00165112
internal_weight=13196.6 2544.2 10652.4 4359.3 3811.09 461.058 3350.03 2433.58 2168.87 2100.8 6293.08 1846.16 4446.92 2651.45
internal_count=131188 21019 110169 44780 38673 4227 34446 20364 18229 17691 65389 19536 45853 23474
is_linear=0
shrinkage=0.035


Tree=113
num_leaves=15
num_cat=0
split_feature=6 10 15 10 21 14 15 11 11 17 8 11 10 21
split_gain=12.0216 19.6502 33.9198 28.5786 42.9142 29.2836 23.077 24.9259 22.1981 15.7534 15.6503 32.6939 24.2895 15.5537
threshold=0.27169470489025122 0.53824713826179515 21.764852523803714 0.43507897853851324 -0.096735831350088106 0.3726943731307984 21.231522560119632 0.35020197927951818 0.50948160886764537 0.059678239747881896 -0.51200741529464711 0.73006007075309765 0.88175842165946972 0.060504643246531493
decision_type=2 2 2 2 2 2 2 2 2 8 2 2 2 2
left_child=1 3 8 4 9 -6 7 -5 -3 -1 11 -4 -12 -10
right_child=-2 2 10 6 5 -7 -8 -9 13 -11 12 -13 -14 -15
leaf_value=-0.01112005136738646 0.0028697385000806029 -0.00083852787920264866 -0.015169473838441938 0.0032043692213623172 -0.0089222132279822685 0.0010820441138450225 0.00086782893241484549 0.014233979068835501 0.011238810184095234 0.017868861346591752 -0.0017386795290345418 0.010023599560115514 -0.012204825332818733 -0.010186697493222589
leaf_weight=535.8133892826736 1564.6092079654336 1327.6425833553076 372.35541825369 643.85380582883954 381.49910600855947 4232.6341753266752 1528.2503824941814 409.87400877848268 330.62091435864568 15.253012683242558 1416.5460625588894 68.327906303107738 327.48174845799804 39.384112823754549
leaf_count=5987 12611 13436 3762 6160 4771 45108 14021 3677 2983 161 13852 670 3563 426
internal_value=-4.53099e-07 -0.000388735 -0.00241775 0.000629875 -0.000873503 0.00023738 0.00362912 0.00758809 0.00129035 -0.0100135 -0.00529191 -0.0111276 -0.00376232 0.00875018
internal_weight=13194.1 11629.5 3882.36 7747.18 5165.2 4614.13 2581.98 1053.73 1697.65 551.066 2184.71 440.683 1744.03 370.005
internal_count=131188 118577 38692 79885 56027 49879 23858 9837 16845 6148 21847 4432 17415 3409
is_linear=0
shrinkage=0.035


Tree=114
num_leaves=15
num_cat=0
split_feature=11 8 8 11 15 22 24 23 17 5 11 11 3 15
split_gain=12.0441 27.4244 19.8072 22.1094 20.2505 18.4158 31.4524 42.7613 18.7003 21.2387 18.9004 15.4251 16.3811 15.4125
threshold=0.21027008444070819 -0.33378942310810084 -0.0975510999560356 0.24420057982206347 22.545885086059574 0.2409842982888222 0.027066921815276149 0.21094057708978656 0.03647244721651078 -0.065857302397489534 0.24420057982206347 0.50948160886764537 1.2680044174194338 22.236157417297367
decision_type=2 2 2 2 2 2 2 2 8 2 2 2 2 2
left_child=1 -1 5 4 -4 6 13 -8 10 -10 -7 12 -5 -2
right_child=2 -3 3 11 -6 8 7 -9 9 -11 -12 -13 -14 -15
leaf_value=-0.011690318804156843 -0.0022578263291482539 -0.00071486040072450783 0.0037545476350436006 0.0017305818725239213 0.023139688376053437 0.0075308004608451145 0.0069468715920845796 -0.00029690645286237113 0.0013287915254839571 -0.0044194311334804399 -0.00093455651058991238 -0.015556268029070983 0.019388465014031065 -0.014886771187660769
leaf_weight=319.29032706096768 380.70536797493696 1832.3069717697799 137.47106644883752 753.51623199880123 125.85064093396068 479.30190604552627 1651.6243507713079 2498.7234896533191 1106.1472357921302 2689.7928965762258 945.64873458817601 47.163040164858103 60.685469590127468 164.8726204931736
leaf_count=4838 4951 20556 1126 5954 980 5574 11914 20971 11736 29104 10642 396 405 2041
internal_value=-8.02789e-07 -0.00239013 0.000466534 0.00484697 0.013527 -3.46429e-05 0.00155396 0.00259551 -0.00146375 -0.00274529 0.00194552 0.00206867 0.00326596 -0.00627353
internal_weight=13193.1 2151.6 11041.5 1124.69 263.322 9916.82 4695.93 4150.35 5220.89 3795.94 1424.95 861.365 814.202 545.578
internal_count=131188 25394 105794 8861 2106 96933 39877 32885 57056 40840 16216 6755 6359 6992
is_linear=0
shrinkage=0.035


Tree=115
num_leaves=15
num_cat=0
split_feature=14 8 12 0 8 21 22 18 10 4 24 20 12 15
split_gain=11.8442 18.2112 16.4723 13.2549 23.6241 21.372 17.9653 17.4407 15.6225 15.9092 13.5141 12.0959 11.5607 11.0185
threshold=0.13899476826190951 -0.67106613516807545 0.53684827685356151 -0.054636245593428605 -0.49808794260025019 -0.13325501978397367 0.17287103831768039 0.02140349987894297 1.1225485205650332 0.047826813533902175 0.027494181878864769 0.0095225144177675265 1.5711644291877749 22.09812164306641
decision_type=2 2 2 2 2 2 2 2 2 2 2 2 2 2
left_child=1 -1 -3 5 13 11 7 -7 9 -6 -8 -2 -10 -5
right_child=3 2 -4 4 8 6 10 -9 12 -11 -12 -13 -14 -15
leaf_value=0.022518268812925572 -0.0092720511213327302 6.8786662478351761e-06 -0.015485727779578894 -0.0034007263950098479 -0.00085206534910392388 0.0081499183457483925 -0.0055066432286351779 -0.0072477840385194291 -0.012562360130730988 0.0025707619700845747 0.0019961615740105572 0.0067762946199921084 0.013519355104334108 -0.011944778456718005
leaf_weight=15.677567034959791 292.95485654845834 156.39149766415358 171.77441749349236 643.90536697208881 5079.8711714372039 880.47002477198839 322.21939967945218 92.53423110768199 168.2973269186914 2461.1907308548689 2569.9134490601718 63.328716747462749 15.30694245174527 257.19045135378838
leaf_count=166 4172 1876 2190 6562 52569 6084 3351 690 1674 22753 25531 590 190 2790
internal_value=-7.64269e-07 -0.00631791 -0.00832066 0.000173091 -0.000613385 0.00177777 0.00253788 0.00662674 1.52868e-05 0.000266974 0.00114416 -0.00631237 -0.00980196 -0.0059437
internal_weight=13191 343.843 328.166 12847.2 8625.76 4221.42 3865.14 973.004 7724.67 7541.06 2892.13 356.284 183.604 901.096
internal_count=131188 4232 4066 126956 86538 40418 35656 6774 77186 75322 28882 4762 1864 9352
is_linear=0
shrinkage=0.035


Tree=116
num_leaves=15
num_cat=0
split_feature=14 4 4 21 24 24 24 21 8 3 7 10 0 24
split_gain=11.8014 21.3649 14.9629 22.9343 68.8905 38.0595 34.5282 31.2333 25.2216 23.821 17.0624 11.3474 18.0252 11.0581
threshold=2.8184012174606328 -0.08059630915522574 0.047826813533902175 -0.015407797880470751 0.02743481379002333 0.027267058379948143 0.027712903916835788 -0.12565742805600164 -0.32641997933387751 0.20214457809925082 -0.23736196011304853 0.5275276005268098 0.22603399306535724 0.030304147861897949
decision_type=2 2 2 2 2 2 2 2 2 2 2 2 2 2
left_child=2 -2 3 4 5 -1 9 -6 -8 -5 -4 -12 -13 -3
right_child=1 13 10 6 7 -7 8 -9 -10 -11 11 12 -14 -15
leaf_value=-0.0050122844935132568 0.015684977774362414 -0.0009873873747418807 -0.0077652113101727991 0.0014848373382920343 -0.0038922862871471416 -0.02659079119474321 -0.0071946616086821817 0.0040102930061647604 -0.0013272311790761694 0.016499178673909435 0.0062838841031467836 -0.0033537876628566003 0.0063539615878588059 -0.0084770658145364736
leaf_weight=434.2392361573875 56.443276777863503 469.02256678044796 159.18401751667261 862.81626621633768 718.79427587985992 122.91517740488052 1416.0873853676021 3883.3051265999675 2437.0186769776046 142.84145146608353 1064.2046970501542 515.31751091778278 413.28214482963085 494.36419947817922
leaf_count=5865 516 4894 1486 7614 8424 1269 19583 29361 28026 941 9780 4436 3827 5166
internal_value=-1.27173e-06 -0.00359899 0.00030292 -0.000266711 0.00135719 -0.0101577 -0.00199028 0.00277024 -0.00349666 0.00375889 0.00294365 0.00383357 0.000988403 -0.00487834
internal_weight=13189.8 1019.83 12170 10018 5159.25 557.154 4858.76 4602.1 3853.11 1005.66 2151.99 1992.8 928.6 963.387
internal_count=131188 10576 120612 101083 44919 7134 56164 37785 47609 8555 19529 18043 8263 10060
is_linear=0
shrinkage=0.035


Tree=117
num_leaves=15
num_cat=0
split_feature=6 8 3 11 14 15 18 17 3 19 6 24 3 11
split_gain=11.568 38.6053 20.4797 21.3589 18.241 16.3608 17.1286 16.0337 28.3795 20.9559 15.7765 14.9025 12.4363 14.0013
threshold=-0.30644971132278437 -0.54372942447662342 -0.49180048704147333 0.57373544573783886 0.13899476826190951 21.231522560119632 -0.088145546615123735 0.025454134680330757 0.23175679147243503 -0.13794638961553571 0.090733207762241377 0.030391268432140354 -0.15347038209438321 0.41208727657794958
decision_type=2 2 2 2 2 2 2 10 2 2 2 2 2 2
left_child=2 -2 3 -1 10 6 -4 8 -6 -9 -3 -12 13 -7
right_child=1 4 5 -5 7 12 -8 9 -10 -11 11 -13 -14 -15
leaf_value=-0.0075567867251754911 -0.0081485294016321631 -0.012088357513503482 0.005625480989295867 0.012746966933165644 -0.0051231868550093299 0.015268676267892222 0.022056585962886698 0.0048358642089220156 0.013356798336585691 0.00023376428216206711 -0.010408615659229211 0.021757145484568832 -0.0072753342229867658 -0.0036007501234104141
leaf_weight=274.36054314300418 711.45350295305252 237.68882721289992 194.12505739182234 72.080214604735374 1077.6545603275299 97.931038595736027 131.40444450825453 1400.1262113973498 102.72156140580773 8638.5543073005974 23.969188921153545 29.02206964418292 114.66689248010516 81.321943756192923
leaf_count=2558 7510 3046 1558 656 13976 842 1094 13902 761 82867 301 321 1068 728
internal_value=-2.00726e-06 -0.000294596 0.00366513 -0.0030933 0.000197533 0.00743403 0.0127178 0.000425169 -0.00341628 0.000879807 -0.00831021 0.00786516 0.00135609 0.00697023
internal_weight=13187.1 12221.2 965.89 346.441 11509.7 619.449 325.53 11219.1 1180.38 10038.7 290.68 52.9913 293.92 179.253
internal_count=131188 122684 8504 3214 115174 5290 2652 111506 14737 96769 3668 622 2638 1570
is_linear=0
shrinkage=0.035


Tree=118
num_leaves=15
num_cat=0
split_feature=23 20 23 2 10 17 2 21 24 10 8 17 4 6
split_gain=11.1996 17.4937 14.5641 13.0806 14.2044 12.5001 22.1425 11.4431 25.0527 20.4717 20.8332 13.5403 22.6163 21.9707
threshold=0.096428066492080702 0.025745689868927005 0.084020718932151808 -0.15755042433738706 0.65407690405845653 0.059678239747881896 0.041997374966740615 -0.11719527095556258 0.029454862698912624 0.43507897853851324 -0.25205086171627039 0.056895622983574874 -0.093631077557802186 0.31094019114971166
decision_type=2 2 2 2 2 10 2 2 2 2 2 8 2 2
left_child=1 5 3 -3 -5 -1 -7 8 -2 -10 -11 -9 -13 -14
right_child=7 2 -4 4 -6 6 -8 11 9 10 -12 12 13 -15
leaf_value=-0.0084540666128707486 -0.0094656728855326364 -0.0044305841213153471 -0.0028757622935245311 0.012721904892637349 -0.0039459233231273231 0.0205567769252013 -0.0052642713693104044 0.0015567535975334998 -0.0079509570506438535 0.0013572756545705399 0.018872503433475966 0.0053463742443313174 -0.0054255272422518569 0.0023393853109666715
leaf_weight=656.59298077225685 429.3246172145009 118.38122703880072 642.46154307201505 251.0465102493763 77.158083733171225 45.431440889835358 143.46968685463071 7506.0013362653553 215.67975185066462 468.01583225280046 91.6703748293221 483.28469685837626 1413.6713856160641 643.42273583263159
leaf_count=9582 5358 1209 8109 2062 705 685 1731 71112 2486 4475 644 4206 13523 5301
internal_value=-1.12819e-06 -0.00245398 0.000484021 0.00527455 0.00880263 -0.00619973 0.00166709 0.000422428 -0.00278696 0.000984514 0.004507 0.000809664 -0.00139519 -0.00299723
internal_weight=13185.6 1934.54 1089.05 446.586 328.205 845.494 188.901 11251.1 1204.69 775.366 559.686 10046.4 2540.38 2057.09
internal_count=131188 24083 12085 3976 2767 11998 2416 107105 12963 7605 5119 94142 23030 18824
is_linear=0
shrinkage=0.035


Tree=119
num_leaves=15
num_cat=0
split_feature=11 10 6 6 3 7 3 22 3 12 17 24 15 2
split_gain=11.0296 17.9321 21.962 21.8286 21.6382 19.1017 18.1944 19.6322 18.1161 16.3099 16.0291 15.8539 18.141 13.8743
threshold=0.21027008444070819 0.53824713826179515 0.069091804325580611 -0.264771819114685 0.95325967669487011 -0.075703151524066911 1.9270285964012148 0.2409842982888222 0.5313689410686494 0.45595462620258337 0.04925345070660115 0.03506541624665261 21.067113876342777 -0.20326890796422956
decision_type=2 2 2 2 2 2 2 2 2 2 10 2 2 2
left_child=11 2 3 -2 5 -4 7 10 -5 -9 -3 13 -13 -1
right_child=1 6 4 8 -6 -7 -8 9 -10 -11 -12 12 -14 -15
leaf_value=-0.013832535641475021 0.00615255932836544 0.0056881842638313697 -0.00070896388000430278 0.00014652369322671637 0.024545296705159484 0.0087066223937427266 0.0076167420418108553 0.005766329503884479 -0.012397455826134236 -0.0044090731594758695 -0.0010157296011670299 -0.0076784312503145663 0.026189494373106584 -0.0020967684157953532
leaf_weight=122.32840209454298 751.44424694404006 601.60001035779715 450.43030983582139 3988.594526913017 63.494786862283945 622.74891452118754 267.73163229972124 200.99391129612923 136.1985390111804 2433.6841289810836 1521.82551317662 25.881592623889446 39.38068438321352 1957.6176104340702
leaf_count=1766 6554 4982 3785 40510 415 5166 1951 2508 1123 26248 12552 264 336 23028
internal_value=-9.71268e-07 0.000445799 0.00173419 0.000707749 0.00609295 0.00478469 -0.00109601 -0.00160121 -0.000296654 -0.00361395 0.000901355 -0.00229135 0.0135226 -0.00284987
internal_weight=13184 11038.7 6012.91 4876.24 1136.67 1073.18 5025.84 4758.1 4124.79 2634.68 2123.43 2145.21 65.2623 2079.95
internal_count=131188 105794 57553 48187 9366 8951 48241 46290 41633 28756 17534 25394 600 24794
is_linear=0
shrinkage=0.035


Tree=120
num_leaves=15
num_cat=0
split_feature=21 24 21 23 24 17 11 8 21 23 17 5 8 10
split_gain=10.9609 50.443 41.7612 34.9238 34.358 28.4881 24.4298 22.9598 21.6346 34.0286 20.6307 19.6429 19.0905 18.7964
threshold=0.05185144022107125 0.02743481379002333 -0.015407797880470751 0.21475631743669513 0.027896618470549587 0.074814073741436019 0.31274756789207464 -0.30423325300216669 0.017405906692147258 0.14419928938150409 0.023313445039093498 -0.27316644787788386 -0.071711514145135866 0.81603863835334789
decision_type=2 2 2 2 2 10 2 2 2 2 8 2 2 2
left_child=1 3 5 12 10 6 -3 -6 -4 -10 -2 -7 -1 -9
right_child=4 2 8 -5 7 11 -8 13 9 -11 -12 -13 -14 -15
leaf_value=-0.0071911178263615039 -0.0091044340813616429 0.0001033034485634101 -0.0055957490373280856 -0.024322247817700451 -0.006752576130657292 0.013738985620113857 0.0049610605185676105 0.0030938327110928139 -0.002267697197996734 0.011146699511210102 0.0072613184436375548 -0.0067050113867684578 0.011462160037298115 -0.010476217213253309
leaf_weight=667.28199970349669 93.674653671681881 2227.9422973059118 1740.9623925238848 135.07675229758024 618.56574653089046 54.234940521419048 2935.2781779319048 1054.860055282712 1350.4744587000459 269.19161514565349 1236.5427545569837 600.74514562264085 65.632320784032345 131.83411170169711
leaf_count=8954 962 19146 21654 1411 8336 406 22785 10746 17231 2770 9745 5168 497 1377
internal_value=-7.13986e-08 -0.000564071 0.000202347 -0.00857879 0.00180317 0.00199553 0.00286918 -0.00134186 -0.00289887 1.65193e-05 0.0060495 -0.00483102 -0.00538892 0.00151134
internal_weight=13182.3 10046.8 9178.83 867.991 3135.48 5818.2 5163.22 1805.26 3360.63 1619.67 1330.22 654.98 732.914 1186.69
internal_count=131188 100022 89160 10862 31166 47505 41931 20459 41655 20001 10707 5574 9451 12123
is_linear=0
shrinkage=0.035


Tree=121
num_leaves=15
num_cat=0
split_feature=3 15 6 1 15 3 18 20 17 16 18 2 24 2
split_gain=10.8972 20.996 16.8962 20.945 34.7735 20.3536 17.5734 16.0784 13.2926 14.8387 16.0075 12.5294 12.0572 11.7104
threshold=-0.19890207052230832 22.890003204345707 -0.1852670609951019 0.17345727235078814 21.519169807434086 -0.52494290471076954 -0.10022158175706862 -0.019841950386762616 0.074814073741436019 2.5000044107437138 0.20702455937862399 -0.51672425866127003 0.031914900988340385 0.58984988927841198
decision_type=2 2 2 2 2 2 2 2 8 2 2 2 2 2
left_child=1 2 5 7 -5 6 -1 -4 9 10 -2 -3 -12 -13
right_child=8 11 3 4 -6 -7 -8 -9 -10 -11 12 13 -14 -15
leaf_value=0.0078789011348478644 0.0010247208736088777 0.01812830761480675 -0.0099676670195366218 0.017263408654029717 -0.0044396602093480144 0.0043593448385869744 -0.0083083377979500037 -0.0021785815016971675 -0.0032546945188459235 -0.010173573292702789 0.010985515378002844 -0.0094269332999205434 -0.006438193270497247 0.012070037230919381
leaf_weight=100.08648784831166 7334.7242076843977 13.588110093027352 418.70174050703645 152.08341446146369 197.49188327416778 1271.6644765175879 325.38995314389467 1374.1385141052306 914.51216384768486 128.5849754922092 312.90520340949297 560.64409342035651 50.490414064377546 24.487907931208611
leaf_count=953 69188 129 5000 1584 2103 12005 3206 17126 8675 1485 2458 6571 411 294
internal_value=-1.05977e-06 -0.0014116 -0.000452949 -0.00251424 0.00521982 0.00214865 -0.00440706 -0.00404285 0.000715925 0.00118343 0.00138609 -0.00745095 0.00845707 -0.00833958
internal_weight=13179.5 4438.28 3839.56 2142.42 349.575 1697.14 425.476 1792.84 8741.22 7826.7 7698.12 598.72 363.396 585.132
internal_count=131188 48971 41977 25813 3687 16164 4159 22126 82217 73542 72057 6994 2869 6865
is_linear=0
shrinkage=0.035


Tree=122
num_leaves=15
num_cat=0
split_feature=14 10 0 8 16 10 19 4 21 22 19 12 2 19
split_gain=10.6923 21.5457 21.4698 23.6522 20.8111 16.9026 18.3588 14.9752 14.7312 15.5277 13.2453 13.0158 19.4819 11.7997
threshold=0.3937548696994782 0.43507897853851324 -0.039339454844593995 -0.49808794260025019 0.44910728931427008 0.92401519417762767 0.62379428744316112 0.047826813533902175 -0.13325501978397367 0.17287103831768039 -0.15715781599283216 0.53684827685356151 0.14585927873849872 -0.13794638961553571
decision_type=2 2 2 2 2 2 2 2 2 2 2 2 2 2
left_child=1 13 4 -4 -2 7 -7 -5 -6 -10 -3 12 -12 -1
right_child=2 10 3 5 8 6 -8 -9 9 -11 11 -13 -14 -15
leaf_value=0.00095249146012470426 -0.0074482858424286076 0.00476085368099422 -0.0067876178641566743 -0.00084034624485381556 -0.0043814756360916855 -0.013888439748174117 0.0010653382432203452 0.0027584493685892126 0.0083710296393670423 0.0026263047057123708 -0.0022259066646129239 -0.0037655265957388688 0.013968588482554209 -0.011597909628444996
leaf_weight=119.217275634408 222.22209961339831 453.53531800955534 679.18742281198502 3811.0150702819228 265.66111261025071 205.13046306744218 186.37202413007617 2241.2500256858766 768.20135676115751 2289.5188425593078 248.01001841947436 1188.5137571357191 131.73645202443004 368.68643093854189
leaf_count=1427 2031 4487 7083 38785 3582 2149 1750 20597 5298 22405 2862 12702 1436 4594
internal_value=-8.34736e-07 -0.00205165 0.000483075 -0.000624928 0.0027045 3.41443e-05 -0.00692056 0.000494697 0.00340369 0.00409215 -0.000443283 -0.00196893 0.00360632 -0.00857373
internal_weight=13178.3 2509.7 10668.6 7122.96 3545.6 6443.77 391.502 6052.27 3323.38 3057.72 2021.8 1568.26 379.746 487.904
internal_count=131188 27508 103680 70364 33316 63281 3899 59382 31285 27703 21487 17000 4298 6021
is_linear=0
shrinkage=0.035


Tree=123
num_leaves=15
num_cat=0
split_feature=14 18 14 15 10 2 16 0 4 22 15 24 24 21
split_gain=10.5999 19.4178 13.3279 21.2402 28.8134 26.8529 19.1476 17.6082 24.8864 15.4185 12.2292 11.3129 10.5042 12.4252
threshold=2.8184012174606328 -0.13144770264625547 0.3937548696994782 21.699171066284183 0.43507897853851324 0.25000613927841192 0.44910728931427008 -0.039339454844593995 0.047826813533902175 0.3397038877010346 20.22267055511475 0.030391268432140354 0.030391268432140354 0.022596485912799839
decision_type=2 2 2 2 2 2 2 2 2 2 2 2 2 2
left_child=2 -2 3 4 -1 -5 -4 10 -9 -6 -8 -7 13 -3
right_child=1 12 6 5 9 11 7 8 -10 -11 -12 -13 -14 -15
leaf_value=-0.0072159941247110886 0.0170175914063748 -0.0057433071176728415 -0.0063770178341130048 -0.0099627046786075254 0.0060604428196770607 -0.004363529694623375 -0.004750803869431712 -0.0014645431583156078 0.003320399315208133 -0.0028048876650743218 0.0038758468496249325 0.0088954845523102569 -0.0081508932971960119 0.005241086807763762
leaf_weight=416.70613856799901 44.392846439033747 274.35525014996529 416.3980933688581 657.42378592118621 799.27791123837233 142.40550095587969 207.44002189487219 4072.5143470689654 1965.9793451018631 334.85467595234513 2994.3476674519479 154.90332989394665 479.13671964406967 216.94596651569009
leaf_count=5197 394 2997 3950 7299 7263 1477 2122 41384 17711 4815 27937 1457 5063 2122
internal_value=-1.51616e-06 -0.00342004 0.000286304 -0.00198336 0.000549829 -0.00606124 0.000876645 0.00121006 9.62259e-05 0.0034413 0.00330388 0.00260933 -0.004519 -0.000885089
internal_weight=13177.1 1014.83 12162.3 2505.57 1550.84 954.733 9656.68 9240.28 6038.49 1134.13 3201.79 297.309 970.438 491.301
internal_count=131188 10576 120612 27508 17275 10233 93104 89154 59095 12078 30059 2934 10182 5119
is_linear=0
shrinkage=0.035


Tree=124
num_leaves=15
num_cat=0
split_feature=14 8 19 21 24 23 21 24 14 16 2 15 8 1
split_gain=10.3631 17.0426 12.6301 11.784 24.5298 43.8285 34.5944 23.2541 21.2674 20.4789 22.2518 22.0043 19.9885 19.2967
threshold=0.13899476826190951 -0.67106613516807545 0.20207791030406955 0.064371928572654738 0.02743481379002333 0.21475631743669513 -0.015407797880470751 0.027896618470549587 2.8184012174606328 1.0074709653854372 -0.010808946564793585 22.890003204345707 -0.32641997933387751 0.15780407935380938
decision_type=2 2 2 2 2 2 2 2 2 2 2 2 2 2
left_child=1 -1 -3 4 5 13 8 9 -6 10 -5 -11 -8 -2
right_child=3 2 -4 7 6 -7 12 -9 -10 11 -12 -13 -14 -15
leaf_value=0.021765359597354587 -0.0049713906268595946 -0.010697779634151076 0.0078507670734933969 0.0051725943463067324 0.0025364035573602096 -0.023774023850753709 -0.0060672066599438291 -0.00049944062345839469 -0.0057071834100819157 0.0057901474692727013 0.020733207688587798 -0.010386899664666868 -0.00061763252374555226 0.0082566989498826932
leaf_weight=15.952575273811815 735.61454795300961 278.19856608845294 45.787615239620209 284.07956283167005 5251.2014288902283 128.93390830606222 1213.1931138634682 1426.3642518185079 404.14180729910731 382.1149989515543 187.2868243008852 129.86783462017775 2537.7415473088622 155.55033263936639
leaf_count=166 9098 3534 532 2338 42296 1371 16937 15872 3580 3136 1311 1048 28624 1345
internal_value=-1.91975e-06 -0.00594459 -0.00791982 0.000159965 -0.000350394 -0.00547798 0.000210913 0.00236052 0.00193827 0.0064722 0.0116575 0.00156636 -0.00239168 -0.00259646
internal_weight=13176 339.939 323.986 12836.1 10426.4 1020.1 9406.28 2409.71 5655.34 983.349 471.366 511.983 3750.93 891.165
internal_count=131188 4232 4066 126956 103251 11814 91437 23705 45876 7833 3649 4184 45561 10443
is_linear=0
shrinkage=0.035


Tree=125
num_leaves=15
num_cat=0
split_feature=6 10 15 10 21 3 15 11 11 16 17 21 8 10
split_gain=10.1929 16.1505 29.1004 23.7867 39.5591 24.6871 20.6608 21.3863 19.6371 16.5369 15.0962 14.1419 13.971 29.9927
threshold=0.27169470489025122 0.53824713826179515 21.764852523803714 0.43507897853851324 -0.096735831350088106 0.082598924636840834 21.231522560119632 0.35020197927951818 0.50948160886764537 1.7084905505180361 0.059678239747881896 0.060504643246531493 -0.51200741529464711 1.1225485205650332
decision_type=2 2 2 2 2 2 2 2 2 2 8 2 2 2
left_child=1 3 8 4 10 -6 7 -5 9 -3 -1 -10 13 -4
right_child=-2 2 12 6 5 -7 -8 -9 11 -11 -12 -13 -14 -15
leaf_value=-0.010750538126319329 0.0026366080487879918 -0.0022635385686655715 -0.014345853276928285 0.0029428646527359745 -0.0011698763375969587 0.0048626708051380373 0.00067312928872727946 0.013099127075899549 0.010537571350122732 0.0094342692230759244 0.017553683786756834 -0.0099372941468969019 -0.0034493271598881586 0.010146027858602774
leaf_weight=528.99214356020093 1568.8875328525901 1165.0293408185244 365.79771688580513 646.38487242534757 3531.1097685433924 1075.8522631824017 1532.0437247231603 416.99569350108504 334.30395839363337 159.44057007879019 15.365204706788061 38.986968088895082 1728.6530883461237 65.742152564227581
leaf_count=5987 12611 11762 3765 6160 41070 8809 14021 3677 2983 1674 161 426 17415 667
internal_value=-1.94052e-06 -0.00036062 -0.0022078 0.000560957 -0.000816016 0.00024637 0.00328657 0.00701049 0.00121806 -0.000795204 -0.00964938 0.00819568 -0.0048935 -0.0104694
internal_weight=13173.6 11604.7 3857.95 7746.74 5151.32 4606.96 2595.42 1063.38 1697.76 1324.47 544.357 373.291 2160.19 431.54
internal_count=131188 118577 38692 79885 56027 49879 23858 9837 16845 13436 6148 3409 21847 4432
is_linear=0
shrinkage=0.035


Tree=126
num_leaves=15
num_cat=0
split_feature=11 10 6 3 15 6 7 3 6 15 3 11 15 3
split_gain=10.0505 15.1417 19.2226 20.007 26.5464 18.7451 17.8487 16.8524 16.6818 26.8044 17.7981 17.1929 15.2118 18.0409
threshold=0.21027008444070819 0.53824713826179515 0.069091804325580611 0.75976115465164196 21.699171066284183 -0.30644971132278437 -0.075703151524066911 0.5313689410686494 0.31094019114971166 21.764852523803714 0.30129462480545049 0.50948160886764537 22.713021278381351 0.23175679147243503
decision_type=2 2 2 2 2 2 2 2 2 2 2 2 2 2
left_child=-1 2 5 6 -5 -2 -4 -7 9 11 -11 -3 13 -10
right_child=1 8 3 4 -6 7 -8 -9 12 10 -12 -13 -14 -15
leaf_value=-0.0021917216054695623 0.0072675296320156325 -0.00059989809741421371 -0.001492992127398505 -0.0084355026787562952 0.027833062420405476 0.00034060377645645933 0.0078136251470612879 -0.011533767600544031 0.0085379794022392656 -0.0065833028289251812 9.976476345954858e-05 0.0077480629682390809 0.0055037370113963308 -0.010241997640511539
leaf_weight=2138.4000218324363 462.74848663434386 1345.0750998854637 422.04498644918203 28.021002911031246 86.263056684285402 4274.4283388592303 608.07671526074409 141.59250376746058 84.666196320205927 1560.9766006562859 707.79825576394796 379.35397549718618 753.08300648629665 179.49376757442951
leaf_count=25394 3872 13589 3593 190 546 43143 5037 1172 786 16730 6079 3445 6222 1390
internal_value=-1.41648e-06 0.000424682 0.00160604 0.00566781 0.0189772 0.000643633 0.00402297 -6.53274e-05 -0.000995828 -0.00201508 -0.00450707 0.00127064 0.00298593 -0.00413093
internal_weight=13172 11033.6 6023.18 1144.41 114.284 4878.77 1030.12 4416.02 5010.45 3993.2 2268.77 1724.43 1017.24 264.16
internal_count=131188 105794 57553 9366 736 48187 8630 44315 48241 39843 22809 17034 8398 2176
is_linear=0
shrinkage=0.035


Tree=127
num_leaves=15
num_cat=0
split_feature=14 6 24 6 2 0 3 10 0 10 3 20 22 20
split_gain=9.6596 14.1239 21.6451 15.4558 12.3586 11.6081 15.1224 13.7143 20.3815 13.5875 11.844 11.7519 17.6735 14.4912
threshold=0.19513657689094546 0.16605263948440555 0.030304147861897949 -0.334786906838417 0.50680273771286022 -0.054636245593428605 -0.22149623930454251 0.74231791496276867 0.023440901190042499 0.28730794787406927 1.9270285964012148 -0.030873122625052925 0.19535173475742343 -0.035681441426277154
decision_type=2 2 2 2 2 2 2 2 2 2 2 2 2 2
left_child=1 3 -3 -1 -4 11 9 8 -8 -7 -9 13 -13 -2
right_child=5 2 4 -5 -6 6 7 10 -10 -11 -12 12 -14 -15
leaf_value=0.01314109076977776 0.00057810540900805744 -0.010047767062870774 0.039873717283726996 -0.0072292987561245929 0.0033768073248601981 -0.010998433982187859 -0.0014081346487273417 -0.0048993010515198275 0.0031813873866423236 -0.0019158887323248983 0.0072257047512006315 0.010385187215786854 0.0020525962041692005 -0.011629885276151488
leaf_weight=40.351719107478857 1768.6341169327497 32.52379197627306 18.178623981773853 581.92085338942707 22.458782862871885 210.34275798872113 2042.9469719715416 795.42407179623842 2798.8147293888032 2509.6869456619024 103.50560576841235 371.30481252074242 1756.839185077697 117.66462278366089
leaf_count=390 15464 355 171 7326 222 3395 20417 7698 25348 27267 733 2858 18476 1068
internal_value=-9.97645e-07 -0.00398559 0.00969111 -0.00572142 0.0243534 0.00022414 -0.000511364 0.000507634 0.00124596 -0.00265597 -0.00343905 0.00177168 0.00354818 -0.000240725
internal_weight=13170.6 695.434 73.1612 622.273 40.6374 12475.2 8460.72 5740.69 4841.76 2720.03 898.93 4014.44 2128.14 1886.3
internal_count=131188 8464 748 7716 393 122724 84858 54196 45765 30662 8431 37866 21334 16532
is_linear=0
shrinkage=0.035


Tree=128
num_leaves=15
num_cat=0
split_feature=23 21 24 20 0 16 12 15 16 24 15 21 8 18
split_gain=9.67346 16.3703 24.4533 20.2273 16.4188 12.0538 18.5864 15.2324 11.4631 23.029 18.1715 17.3549 16.46 12.4274
threshold=0.10839130729436876 0.031086880713701252 0.030696987174451355 0.025745689868927005 0.17920818924903872 0.44910728931427008 0.56654202938079845 21.343805313110355 1.2517537474632265 0.030901780351996425 21.519169807434086 -0.15558469295501706 -0.60442450642585743 -0.034723134711384766
decision_type=2 2 2 2 2 2 2 2 2 2 2 2 2 2
left_child=1 2 -1 4 -4 6 -2 -8 11 10 -10 13 -13 -7
right_child=5 -3 3 -5 -6 8 7 -9 9 -11 -12 12 -14 -15
leaf_value=-0.011669561596900411 0.0033636604978430494 0.00032190355513623696 -0.010387166421544216 0.0058183771360709752 0.011029560759630493 0.0016837657372286857 -0.0019007067465867651 -0.01133045707697867 0.0060106364274441588 -0.0044263782595512155 -0.00097204623215576126 -0.004633792122273812 0.0026844948127006016 -0.014268699017641379
leaf_weight=423.84423474594951 418.21390177682042 1571.9386633429676 254.30067400634289 288.00707348808646 44.05367461964488 102.09249999374151 556.46755379065871 331.93362641707063 715.06797432154417 1268.7435290254653 1226.6559117585421 395.42272099480033 5444.0695267058909 128.23958577215672
leaf_count=6384 4217 19073 3429 2589 488 1432 5596 3075 6923 12725 11722 3332 48235 1968
internal_value=-3.42246e-07 -0.00191686 -0.00536951 -0.000696271 -0.00696973 0.000468463 -0.00266637 -0.00551085 0.000912226 -0.000777579 0.00161705 0.00180581 0.00218186 -0.00742207
internal_weight=13169.1 2582.14 1010.21 586.361 298.354 10586.9 1306.62 888.401 9280.29 3210.47 1941.72 6069.82 5839.49 230.332
internal_count=131188 31963 12890 6506 3917 99225 12888 8671 86337 31370 18645 54967 51567 3400
is_linear=0
shrinkage=0.035


Tree=129
num_leaves=15
num_cat=0
split_feature=17 3 21 8 15 24 19 10 16 21 24 10 8 5
split_gain=9.67799 24.9384 27.3931 22.2214 21.3423 36.4808 15.5421 12.6444 20.2582 20.1624 27.6201 23.583 17.3943 19.078
threshold=0.025454134680330757 0.23175679147243503 -0.019647533074021336 -0.071711514145135866 23.409000396728519 0.030391268432140354 0.020278157666325573 0.53824713826179515 2.5000044107437138 0.064371928572654738 0.027896618470549587 0.43507897853851324 -0.51200741529464711 -0.27316644787788386
decision_type=10 2 2 2 2 2 2 2 2 2 2 2 2 2
left_child=1 3 -3 4 6 -6 -1 8 9 11 -11 -2 13 -9
right_child=7 2 -4 -5 5 -7 -8 12 -10 10 -12 -13 -14 -15
leaf_value=-0.0022339171756171534 -0.0013497541806476233 0.03211752552576036 -0.0019000614948520324 -0.017228343895368654 -0.0080607116885348367 0.025177032149384389 -0.013796555631748383 0.0051887152429561222 -0.011096684695095759 0.010781849513433224 0.00081437666282958474 0.0033206117552301026 -1.1886733000188554e-05 -0.0074248063641730658
leaf_weight=671.62598172947764 3172.8953609652817 39.977515958249569 66.606897734105587 136.73162122070789 71.050207030028105 73.812876503914595 172.67101427912712 171.457215487957 148.7491476777941 614.27947297692299 753.26155360043049 2258.7918426468968 4006.3988754451275 809.68050327897072
leaf_count=9325 32819 199 595 1408 933 828 2193 1470 1797 4613 8062 20348 38351 8247
internal_value=-1.37245e-06 -0.00294125 0.0125197 -0.00450222 -0.00258826 0.00940726 -0.00473246 0.000304411 0.00126884 0.00155526 0.00533739 0.000594972 -0.00103895 -0.00519044
internal_weight=13168 1232.48 106.584 1125.89 989.16 144.863 844.297 11935.5 6947.98 6799.23 1367.54 5431.69 4987.54 981.138
internal_count=131188 15481 794 14687 13279 1761 11518 115707 67639 65842 12675 53167 48068 9717
is_linear=0
shrinkage=0.035


Tree=130
num_leaves=15
num_cat=0
split_feature=14 4 4 21 24 23 21 24 8 2 21 24 12 7
split_gain=9.06108 18.1542 11.2805 18.0792 56.0459 34.7563 26.3142 26.104 21.6036 18.8447 14.9507 14.4637 11.9493 11.5265
threshold=2.8184012174606328 -0.08059630915522574 0.047826813533902175 -0.015407797880470751 0.02743481379002333 0.21475631743669513 -0.12565742805600164 0.027712903916835788 -0.32641997933387751 0.020930367521941665 0.017405906692147258 0.031234188005328182 0.61660116910934459 -0.23736196011304853
decision_type=2 2 2 2 2 2 2 2 2 2 2 2 2 2
left_child=2 -2 3 4 5 -1 -6 9 -9 -5 13 12 -12 -4
right_child=1 -3 10 7 6 -7 -8 8 -10 -11 11 -13 -14 -15
leaf_value=-0.0044508984768802037 0.014413262472553581 -0.0043791892687691375 -0.009681884334582282 -0.00021525777166817554 -0.0036806164199585109 -0.025530628050926936 0.0035881838624165358 -0.0065602175366481792 -0.0010925693009831308 0.0097951238721209546 -0.0095681017723707011 0.00028960893942696212 0.010177439207796287 0.0011132182946821602
leaf_weight=427.18224827200174 57.71250131726265 950.65746325626969 126.78313779458404 675.2081096097827 714.18752060085535 115.88401782140136 3909.1593555100262 1389.9227333571762 2421.6734855547547 339.34407215565443 32.443277660757303 377.13281978294253 577.57240653783083 1051.2957947179675
leaf_count=5865 516 10060 1118 6021 8424 1269 29361 19583 28026 2534 306 3878 5065 9162
internal_value=-1.25612e-06 -0.00317266 0.000264172 -0.000232814 0.00120498 -0.00932936 0.00245982 -0.00177129 -0.00309833 0.00319591 0.0025483 0.00570226 0.0089899 -0.000120248
internal_weight=13166.2 1008.37 12157.8 9992.56 5166.41 543.066 4623.35 4826.15 3811.6 1014.55 2165.23 987.149 610.016 1178.08
internal_count=131188 10576 120612 101083 44919 7134 37785 56164 47609 8555 19529 9249 5371 10280
is_linear=0
shrinkage=0.035


Tree=131
num_leaves=15
num_cat=0
split_feature=14 8 12 6 24 17 3 22 8 15 24 23 15 24
split_gain=8.98697 15.793 14.8688 12.5382 14.8487 10.296 23.2805 34.8736 21.0106 20.1882 12.5835 71.8778 40.7742 22.9964
threshold=0.13899476826190951 -0.67106613516807545 0.53684827685356151 1.0000000180025095e-35 0.030391268432140354 0.025454134680330757 0.23175679147243503 0.3397038877010346 -0.071711514145135866 23.409000396728519 0.027712903916835788 0.20932535827159884 22.386670112609867 0.027960255742073063
decision_type=2 2 2 2 2 10 2 2 2 2 2 2 2 2
left_child=1 -1 3 -3 -5 6 8 -8 9 -2 11 12 -7 -12
right_child=5 2 -4 4 -6 10 7 -9 -10 -11 13 -13 -14 -15
leaf_value=0.020905690463380214 -0.0046860251002741509 -0.0072106012919256742 -0.014488719728276582 -0.0065103215023535202 0.024981521790997201 0.0081688662734501847 0.027491683604363677 -0.010144030127070615 -0.016881698561055845 0.0090530673046891573 -0.0078934501447516011 -0.016234487524334765 -0.0025368487006785811 0.00029049290511383945
leaf_weight=16.277286037802696 826.68109462969005 95.818042933940887 165.21368073113263 26.383723627775908 32.508387848734856 1398.6864983476698 61.319782637059689 45.15166749432683 134.98576207831502 145.81960748508573 431.32332387939095 209.30307325348258 625.33781676366925 8948.7261844426394
leaf_count=166 11314 1155 2190 364 357 12677 319 470 1407 1761 4611 2315 5411 86671
internal_value=-2.23458e-06 -0.00556681 -0.00750652 0.000376678 0.011976 0.000147834 -0.00290568 0.0120308 -0.00443645 -0.00255477 0.000469246 0.00282408 0.00486504 -9.38352e-05
internal_weight=13163.5 336.201 319.924 154.71 58.8921 12827.3 1213.96 106.471 1107.49 972.501 11613.4 2233.33 2024.02 9380.05
internal_count=131188 4232 4066 1876 721 126956 15271 789 14482 13075 111685 20403 18088 91282
is_linear=0
shrinkage=0.035


Tree=132
num_leaves=15
num_cat=0
split_feature=3 11 10 11 3 8 14 2 8 15 3 0 6 17
split_gain=8.815 16.6434 13.1881 23.0396 31.601 26.7155 17.0532 22.9753 22.3329 15.6002 22.1026 15.3245 17.0684 13.2186
threshold=1.9270285964012148 0.31775064766407018 0.74231791496276867 0.50948160886764537 0.5313689410686494 -0.49808794260025019 0.31034220755100256 -0.32623209059238428 -0.63282975554466236 21.402656555175785 0.62993767857551586 -0.23816407471895215 0.31094019114971166 0.10841478034853937
decision_type=2 2 2 2 2 2 2 2 2 2 2 2 2 8
left_child=2 -2 3 6 5 -5 7 -1 -8 10 13 -11 -13 -4
right_child=1 -3 9 4 -6 -7 8 -9 -10 11 -12 12 -14 -15
leaf_value=0.010276717403054402 -0.018780552370626351 0.0084905051629451701 0.0062523610640555878 0.0055750033721812331 -0.01768034719290695 0.037226226110872021 -0.0080146792712805191 -0.0062033577489501923 0.00092416554945329472 0.0063954369775312686 -0.019522118815243749 -0.0081299199046352775 -0.00010650837282620633 -0.019360781485663853
leaf_weight=108.57424258440733 20.986227765679359 267.4975643903017 446.49568175524473 76.950032100081444 25.246069245040417 52.813144348561764 345.48218730092049 855.74963409639895 9317.5770565122366 139.12981878593564 40.13195252045989 960.20197845436633 488.64939746633172 16.502770140767097
leaf_count=1015 136 1942 4641 624 199 434 3246 10645 91235 1393 331 10634 4547 166
internal_value=-2.38837e-06 0.00594389 -0.000140149 0.000353863 0.0133319 0.0201988 0.000152213 -0.00426142 0.000596621 -0.00267699 0.00265504 -0.00437241 -0.00544317 0.00494941
internal_weight=13162 288.484 12873.5 10782.4 155.009 129.763 10627.4 964.324 9663.06 2091.11 503.13 1587.98 1448.85 462.998
internal_count=131188 2078 129110 107398 1257 1058 106141 11660 94481 21712 5138 16574 15181 4807
is_linear=0
shrinkage=0.035


Tree=133
num_leaves=15
num_cat=0
split_feature=11 24 15 2 10 5 22 6 11 10 6 16 23 6
split_gain=8.97166 14.5208 16.5279 12.9174 12.1089 17.3387 15.7081 15.7401 28.1342 19.3822 15.3468 14.9988 14.0529 15.8375
threshold=0.21027008444070819 0.03506541624665261 21.067113876342777 -0.20326890796422956 0.53824713826179515 0.13556884974241259 0.2409842982888222 0.31094019114971166 0.44344225525856024 1.1225485205650332 -0.30644971132278437 0.38091585040092474 0.1628791689872742 -0.029028474353253838
decision_type=2 2 2 2 2 2 2 2 2 2 2 2 2 2
left_child=1 3 -3 -1 5 10 12 8 -8 -9 -2 -12 -6 -14
right_child=4 2 -4 -5 6 -7 7 9 -10 -11 11 -13 13 -15
leaf_value=-0.013320613878300349 0.0069958796827857246 -0.00741514577333634 0.024882200636305789 -0.0018939619323496053 0.0061097834765969031 0.0087810749930730195 -0.0072839824222407203 0.0040427800814274656 0.0013525038223036571 -0.010327150464362703 -0.007227389354940144 0.00088003244278874783 -0.0031097276134192942 0.0038434755561254728
leaf_weight=119.79601622931659 464.75022370368242 25.622086741030216 40.218259692192078 1944.6719386223704 552.72451204806566 361.3397910669446 1301.6588907130063 655.62116435542703 709.09945031628013 129.16596543416381 286.34347521141171 4924.9073103033006 981.03676216304302 664.3839412778616
leaf_count=1766 3872 264 336 23028 4501 2940 15220 5541 8030 1447 3382 47359 8593 4909
internal_value=-3.18774e-06 -0.0020771 0.0129931 -0.00261804 0.000398844 0.0014524 -0.000875253 -0.00261188 -0.00424668 0.00157749 0.000971225 0.000421564 0.00133517 -0.000295922
internal_weight=13161.3 2130.31 65.8403 2064.47 11031 6037.34 4993.69 2795.55 2010.76 784.787 5676 5211.25 2198.15 1645.42
internal_count=131188 25394 600 24794 105794 57553 48241 30238 23250 6988 54613 50741 18003 13502
is_linear=0
shrinkage=0.035


Tree=134
num_leaves=15
num_cat=0
split_feature=21 6 15 16 14 16 14 12 21 23 24 1 16 6
split_gain=8.7026 11.5254 12.6874 17.9755 15.0818 12.3305 15.9568 22.271 14.7614 14.2721 15.7637 15.382 11.341 12.3681
threshold=-0.15558469295501706 -0.30644971132278437 21.0124626159668 0.92587426304817211 0.47448155283927923 1.4163023233413699 0.21992009133100512 0.53684827685356151 0.069419626146554961 0.27203558385372167 0.031032942235469822 0.084376782178878798 1.0298653841018679 -0.082141891121864305
decision_type=2 2 2 2 2 2 2 2 2 2 2 2 2 2
left_child=12 2 3 4 -2 6 7 -3 -8 10 -7 -11 -1 -14
right_child=1 5 -4 -5 -6 9 8 -9 -10 11 -12 -13 13 -15
leaf_value=-0.0094740128264472253 0.011862460186320312 0.0032785823518506536 0.00013064984094148872 0.018337470921771102 -0.0040115261708339074 -0.00069473397029535546 0.00026997904439712763 -0.0091109172837376268 0.0041749430497111419 -0.00081135739358673576 -0.0061169556100995328 0.019853649581274176 -0.0062771959310609212 0.014787689910105432
leaf_weight=243.78483021631837 121.0097191631794 281.33708722516894 499.99524804577231 135.86946312710643 158.33556197956204 1793.9568267911673 6720.4279542602599 454.03591277822852 1430.3664039485157 109.37267486006021 1028.9329834282398 63.128938935697079 66.846835250034928 52.230095416307449
leaf_count=3681 994 3383 4351 1057 1225 18783 64101 5445 13594 846 11546 416 1097 669
internal_value=-3.16134e-06 0.000150301 0.00391297 0.00835741 0.00303725 -0.000142576 0.000512344 -0.00439058 0.000959529 -0.00208071 -0.00268573 0.00742471 -0.00527408 0.00339222
internal_weight=13159.6 12796.8 915.21 415.215 279.345 11881.6 8886.17 735.373 8150.79 2995.39 2822.89 172.502 362.862 119.077
internal_count=131188 125741 7627 3276 2219 118114 86523 8828 77695 31591 30329 1262 5447 1766
is_linear=0
shrinkage=0.035


Tree=135
num_leaves=15
num_cat=0
split_feature=3 15 11 16 10 5 17 16 18 2 15 2 15 22
split_gain=8.79845 17.9262 17.0779 13.5765 15.4364 13.0676 11.9592 12.7815 13.4211 11.8828 10.86 10.8151 10.5696 13.0782
threshold=-0.19890207052230832 22.890003204345707 0.50948160886764537 0.30412729084491735 0.38431294262409216 -0.026185047812759873 0.074814073741436019 2.5000044107437138 0.20702455937862399 -0.51672425866127003 23.294363975524906 0.58984988927841198 24.212780952453617 0.36707998812198644
decision_type=2 2 2 2 2 2 8 2 2 2 2 2 2 2
left_child=1 2 3 5 -5 -1 7 8 -2 -3 -9 -11 -8 -14
right_child=6 9 -4 4 -6 -7 12 10 -10 11 -12 -13 13 -15
leaf_value=-0.014899449329717911 0.00093708587365907861 0.017923540961906587 0.0079638171000125588 -0.0040017718016779266 0.0010555550013068948 0.0087373900198417682 -0.0056040899046146467 -0.014902957222565716 0.0077063008528439969 -0.0088559653334238427 0.0072522403850297278 0.011730484178809833 0.0080334940462557739 -0.0072030983403881081
leaf_weight=136.5710258949548 7336.4141897913069 13.646488200873135 268.09827887266874 1072.7140470501035 2322.3450491838157 28.56964810565114 633.04163370653987 96.477734576910734 367.60776660218835 550.88535608537495 29.546366166323423 24.688327465206385 177.82775032520294 99.740155711770058
leaf_count=1763 69188 129 2577 13867 23408 362 6134 1173 2869 6571 312 294 1444 1097
internal_value=-2.31436e-06 -0.00127372 -0.00039157 -0.00104131 -0.000549434 -0.0105448 0.000640972 0.00108343 0.00126966 -0.00690304 -0.00955738 -0.0077877 -0.00313403 0.00249835
internal_weight=13158.2 4417.52 3828.3 3560.2 3395.06 165.141 8740.66 7830.05 7704.02 589.22 126.024 575.574 910.61 277.568
internal_count=131188 48971 41977 39400 37275 2125 82217 73542 72057 6994 1485 6865 8675 2541
is_linear=0
shrinkage=0.035


Tree=136
num_leaves=15
num_cat=0
split_feature=10 8 2 12 2 8 6 8 10 14 16 18 14 15
split_gain=8.60878 27.8566 32.8419 24.2806 14.3541 11.7097 18.6372 21.2904 18.9131 15.7242 15.3109 19.6014 15.4397 15.015
threshold=0.92401519417762767 -0.63282975554466236 0.18130384385585788 0.56654202938079845 0.50680273771286022 -0.63282975554466236 -0.30644971132278437 -0.54372942447662342 0.69662031531333934 0.13899476826190951 0.96600994467735302 -0.093806032091379152 0.2662122249603272 22.545885086059574
decision_type=2 2 2 2 2 2 2 2 2 2 2 2 2 2
left_child=5 -2 -3 4 -4 10 8 -8 13 -9 12 -12 -1 -7
right_child=1 2 3 -5 -6 6 7 9 -10 -11 11 -13 -14 -15
leaf_value=0.0080971172068846613 0.011573887560216907 -0.014014406733307486 0.026370460882219133 -0.0036189993712805366 0.0014784901683744828 0.012455454348039744 -0.006960678747143954 -0.0089765796698739637 -0.0099472381362098045 0.00072232578999002035 0.017227155934275578 -0.004828870715962278 -0.012584023117987411 -0.0076459278734864319
leaf_weight=45.283028732985258 130.00992257520556 322.29252351075411 48.479419533163309 490.96355647593737 57.589880283921957 355.38938708975911 475.61019363999367 198.8854639083147 59.19503827765584 10451.48545816727 64.184035681188107 138.71968304365873 273.59123822301626 45.211456015706062
leaf_count=470 1288 3445 516 4771 556 2870 5062 2746 532 104054 570 1425 2487 396
internal_value=-2.02083e-06 -0.0030277 -0.00519496 -0.000281577 0.0141472 0.00026249 0.00049518 0.000206659 0.00732371 0.000532957 -0.0048164 0.00262951 -0.00949021 0.0100559
internal_weight=13156.9 1049.34 919.325 597.033 106.069 12107.6 11585.8 11126 459.796 10650.4 521.778 202.904 318.874 400.601
internal_count=131188 10576 9288 5843 1072 120612 115660 111862 3798 106800 4952 1995 2957 3266
is_linear=0
shrinkage=0.035


Tree=137
num_leaves=15
num_cat=0
split_feature=10 14 24 15 8 19 21 22 3 21 8 11 10 15
split_gain=8.60458 19.3144 19.0426 18.6129 18.2263 20.4558 28.3942 22.1952 18.1957 20.1158 18.4077 16.3479 16.0547 15.3055
threshold=0.35458551347255712 0.553692787885666 0.03506541624665261 21.460306167602543 -0.28927157819271082 -0.033194649964570992 0.060504643246531493 0.13634788990020755 0.26453016698360449 -0.018627555109560486 -0.057357158511877053 0.63393574953079235 0.92401519417762767 21.577282905578617
decision_type=2 2 2 2 2 2 2 2 2 2 2 2 2 2
left_child=1 -1 8 -2 11 6 -6 -7 10 -10 -3 12 -5 -4
right_child=3 2 13 4 5 7 -8 -9 9 -11 -12 -13 -14 -15
leaf_value=-0.0079392845259330606 0.0023147224983871323 -0.00082870887379819954 0.00079276876163997018 -0.0026679947688178444 0.0017783185744573444 0.010292660710362446 0.019624382614829312 -0.0010302453902850538 0.021279463368432682 -0.00088696197786075138 -0.011476415857656247 0.0057327839298412994 -0.012047771711266916 0.029360948335304754
leaf_weight=491.18522916175425 4050.9619318470359 1881.5189854577184 46.555152408778667 2428.9012019019574 343.43916596658528 220.69178756698966 151.73405946791172 2617.3510239813477 80.683398298919201 110.49749996140599 212.68773958459496 245.76392615959048 237.82226780988276 36.480558626353741
leaf_count=6333 38588 23413 447 24677 3039 1625 1230 22991 419 903 2041 2467 2715 300
internal_value=-1.99221e-06 -0.00169705 -0.000374538 0.000469951 -0.000728354 0.00103795 0.00752704 -0.000116706 -0.00100217 0.00906059 -0.00195949 -0.00274644 -0.00354638 0.0151506
internal_weight=13156.3 2859.61 2368.42 10296.7 6245.7 3333.22 495.173 2838.04 2285.39 191.181 2094.21 2912.49 2666.72 83.0357
internal_count=131188 33856 27523 97332 58744 28885 4269 24616 26776 1322 25454 29859 27392 747
is_linear=0
shrinkage=0.035


Tree=138
num_leaves=15
num_cat=0
split_feature=23 22 21 2 7 3 12 17 15 3 5 16 23 24
split_gain=8.51471 11.2026 24.3142 11.4896 10.3742 9.65792 12.8135 20.2557 11.4439 12.4581 12.1284 10.4181 19.8666 72.2416
threshold=0.096428066492080702 0.3397038877010346 0.031086880713701252 -0.049980174750089638 -0.36360627412796015 -0.46316319704055781 1.3113666772842409 0.071654707193374648 20.512664794921879 -0.52494290471076954 -0.27316644787788386 1.2888126969337466 0.20072399079799655 0.029240576550364498
decision_type=2 2 2 2 2 2 2 8 2 2 2 2 2 2
left_child=1 3 4 -1 -3 6 8 -8 9 -2 -10 12 -7 -14
right_child=5 2 -4 -5 -6 11 7 -9 10 -11 -12 -13 13 -15
leaf_value=-0.0033243450032308074 -0.0053739796921652315 0.0098176508498678157 -0.00022979803952821997 0.0086734107475012756 -0.010514961866880857 0.0028418622235996532 0.015091711848904055 -0.0071642884591327253 0.012311028592730469 0.012519355718159625 -0.0086817994593808324 -0.0010940824995072187 -0.013117320299078861 0.0015836237199266143
leaf_weight=173.26993715018034 98.722751501947641 25.045261837542057 1002.4137347564101 202.82738099992275 512.19257579743862 4462.6799192205071 99.349889915436506 84.121452912688255 27.337604701519012 75.534674786031246 538.54395157843828 2915.5136898569763 481.07530118152499 2455.6776140779257
leaf_count=2068 938 351 12410 1881 7373 43258 1022 946 226 710 5339 28854 5611 20201
internal_value=-7.43813e-07 -0.00215123 -0.00347138 0.00320304 -0.009405 0.00036742 -0.00304212 0.00504449 -0.00508722 0.00264068 -0.00747147 0.000675364 0.00137309 -0.000860909
internal_weight=13154.3 1915.75 1539.65 376.097 537.238 11238.6 923.61 183.471 740.139 174.257 565.882 10314.9 7399.43 2936.75
internal_count=131188 24083 20134 3949 7724 107105 9181 1968 7213 1648 5565 97924 69070 25812
is_linear=0
shrinkage=0.035


Tree=139
num_leaves=15
num_cat=0
split_feature=17 15 22 15 22 6 1 11 15 22 5 8 5 21
split_gain=8.25608 14.2002 23.5465 21.7427 21.4022 27.1718 19.3082 15.3007 10.4632 20.599 23.2001 19.4437 18.9475 15.7842
threshold=0.025454134680330757 21.0124626159668 0.37860268354415899 21.519169807434086 0.20599824935197833 -0.09582937508821486 0.17345727235078814 0.13535693287849429 20.860421180725101 0.30864126980304724 0.091235671192407622 -0.48469921946525568 -0.14271087199449536 0.017405906692147258
decision_type=10 2 2 2 2 2 2 2 2 2 2 2 2 2
left_child=1 7 4 -4 6 -6 -3 -1 9 -2 -11 12 -10 -13
right_child=8 2 3 -5 5 -7 -8 -9 11 10 -12 13 -14 -15
leaf_value=-0.017681026433155365 0.0044044666307060743 -0.0096138399671015316 0.010145719490173783 -0.01561693427187966 -0.0079537640892613434 0.014656577804783461 0.022476651381542256 -0.0035952746534468507 0.00095108925289887677 -0.0036286616009777741 0.0099222956712374921 -0.00087696987883499839 -0.0071889052658531249 0.0024122394692064515
leaf_weight=117.78494195081294 1808.9020506925881 156.15162993967533 45.575534410774708 152.69833978638053 78.344892170280218 263.73205022141337 17.015471614897251 392.2819393184036 572.70494141429663 991.67947207577527 173.23425102978945 4583.3573220595717 883.55597813613713 2915.8802224099636
leaf_count=1616 15654 1787 768 2436 977 2520 88 5289 5113 12560 1690 41845 9528 29317
internal_value=-6.58733e-07 -0.00272662 0.000472922 -0.00949229 0.0044154 0.00939937 -0.00540565 -0.0071254 0.000280991 0.00207608 -0.0015462 -0.000316747 -0.00400303 0.000403461
internal_weight=13152.9 1223.58 713.518 198.274 515.244 342.077 173.167 510.067 11929.3 2973.82 1164.91 8955.5 1456.26 7499.24
internal_count=131188 15481 8576 3204 5372 3497 1875 6905 115707 29904 14250 85803 14641 71162
is_linear=0
shrinkage=0.035


Tree=140
num_leaves=15
num_cat=0
split_feature=14 4 1 20 22 4 21 21 21 16 22 11 6 21
split_gain=8.18572 16.1452 10.1356 10.3319 15.723 9.52873 15.6875 20.9914 17.6806 19.9208 17.116 16.5045 14.9904 13.4211
threshold=2.8184012174606328 -0.08059630915522574 0.047620011493563659 -0.009323015343397854 0.34321255981922155 0.047826813533902175 -0.015407797880470751 0.03740320727229119 -0.019647533074021336 0.96600994467735302 0.18733153492212298 0.30795718729496008 -0.264771819114685 0.017405906692147258
decision_type=2 2 2 2 2 2 2 2 2 2 2 2 2 2
left_child=5 -2 -3 4 -4 6 8 12 11 -10 -9 -1 -8 -7
right_child=1 2 3 -5 -6 13 7 10 9 -11 -12 -13 -14 -15
leaf_value=-0.0022885258682830787 0.013430328566188594 -0.0084923934597303831 -0.0012037724297544613 -0.0043857990201863154 0.020253849209584427 -0.00018487098878823926 0.0060305531335881216 0.0079786039601145633 0.012505402666335376 -0.0016394993833583811 -0.00067225980049737284 0.0020260784374692012 -0.0052918846034367799 0.0053216846060652329
leaf_weight=1703.526168871671 58.720925822854042 382.60082029923797 130.87643706053495 381.02882500365376 50.789316851645708 1178.5240495689213 147.21197916567326 304.79236876219511 317.42796434834599 191.02124824747443 2538.1011135298759 2956.7229680642486 1817.0070647355169 993.20556139573455
leaf_count=15825 516 4234 1227 4060 539 10280 1658 2111 2554 1623 28536 24917 23859 9249
internal_value=-9.65256e-07 -0.00302216 -0.00417406 -0.00114082 0.00553899 0.000251022 -0.000207015 -0.00164447 0.00113048 0.00726213 0.000279933 0.000447378 -0.00441706 0.00234631
internal_weight=13151.6 1004.02 945.295 562.695 181.666 12147.5 9975.81 4807.11 5168.7 508.449 2842.89 4660.25 1964.22 2171.73
internal_count=131188 10576 10060 5826 1766 120612 101083 56164 44919 4177 30647 40742 25517 19529
is_linear=0
shrinkage=0.035


Tree=141
num_leaves=15
num_cat=0
split_feature=21 6 3 4 23 21 22 19 24 17 19 15 5 17
split_gain=8.20324 9.7617 17.1375 11.4974 10.8336 18.0373 27.1253 14.5229 12.2365 12.7505 10.7334 8.7531 12.111 8.48869
threshold=-0.15558469295501706 -0.30644971132278437 -0.44028411805629725 -0.028976999223232266 0.10839130729436876 0.034437296912074096 0.3397038877010346 -0.065384685993194566 0.026834268122911457 0.056895622983574874 0.27841229736804968 20.610119819641117 -0.27316644787788386 0.045799246057868011
decision_type=2 2 2 2 2 2 2 2 2 8 2 2 2 8
left_child=-1 2 11 -4 5 6 -3 -7 10 -10 -6 13 -13 -2
right_child=1 4 3 -5 8 7 -8 -9 9 -11 -12 12 -14 -15
leaf_value=-0.0051297312167415026 -0.0042108152996071773 0.0024261835636536751 0.0050386142715356753 0.018120873692010715 -0.0068264733930687637 0.0057879607455313927 -0.0091693894778367233 -0.0019277505157699374 0.0014932991266724963 -0.0015417370630037364 0.0081723973723145608 0.011848131667246433 -0.0075732943316085145 0.012877456524203811
leaf_weight=361.12535857595503 55.314149551093578 359.2671882212162 396.93609318509698 98.917163532227278 431.97874394059181 428.92444069869816 757.55636613816023 926.81225358694792 6638.0653414987028 2267.2228652015328 58.747884731739759 36.915156930685043 258.33332128450274 73.640871692448854
leaf_count=5447 475 3777 3090 815 5788 5594 11146 10362 60730 20211 506 302 2363 582
internal_value=-1.40995e-08 0.000148734 0.00360173 0.00795501 -0.000121751 -0.00217823 -0.00545082 0.000537832 0.000421151 0.000719738 -0.00490352 -0.00155285 -0.00483642 0.00577205
internal_weight=13149.8 12788.6 920.057 495.853 11868.6 2472.56 1116.82 1355.74 9396.01 8905.29 490.727 424.203 295.248 128.955
internal_count=131188 125741 7627 3905 118114 30879 14923 15956 87235 80941 6294 3722 2665 1057
is_linear=0
shrinkage=0.035


Tree=142
num_leaves=15
num_cat=0
split_feature=3 19 15 8 6 10 11 3 1 16 22 15 6 13
split_gain=8.05988 15.0317 12.1785 12.0201 15.3241 11.2877 20.2758 28.9601 25.3396 15.7448 13.707 13.5032 31.5131 16.9421
threshold=1.9270285964012148 0.18318083137273791 24.212780952453617 -0.28176589310169214 0.079355131834745421 0.74231791496276867 0.50948160886764537 0.5313689410686494 -0.4034957736730575 0.44910728931427008 0.48898293077945715 22.713021278381351 0.27169470489025122 0.33508276939392095
decision_type=2 2 2 2 2 2 2 2 2 2 2 2 2 2
left_child=5 2 3 4 -2 6 9 8 -8 10 -1 -7 13 -13
right_child=1 -3 -4 -5 -6 11 7 -9 -10 -11 -12 12 -14 -15
leaf_value=-0.0050990472349719887 0.01168303130371123 -0.0017702539835175463 0.027367959417718857 0.022004010747674201 -0.017898779370213048 0.00013523425240354557 -0.0022278286883230772 -0.017411013362228254 0.028990019513088869 0.00056062470756911259 0.012760537204783946 -0.0007207115329378067 0.0011345598529300836 -0.01525475849543223
leaf_weight=914.79297136329114 34.602715745568275 155.34704867377877 42.710463851690292 25.211221896111965 31.654871948063374 1118.5136636737734 45.442637261003256 24.951819568872452 86.892158165574074 9659.9708082955331 46.410769207403064 134.06083412654698 458.95409307256341 368.64272132143378
leaf_count=9850 277 1095 294 155 257 11704 368 199 690 95498 793 1513 4305 4190
internal_value=5.51699e-07 0.00567624 0.0138223 0.00542346 -0.00294366 -0.000131554 0.000324637 0.0124149 0.0188667 0.000134086 -0.00411421 -0.00248557 -0.00550387 -0.0114685
internal_weight=13148.2 289.526 134.179 91.4688 66.2576 12858.6 10778.5 157.287 132.335 10621.2 961.204 2080.17 961.658 502.704
internal_count=131188 2078 983 689 534 129110 107398 1257 1058 106141 10643 21712 10008 5703
is_linear=0
shrinkage=0.035


Tree=143
num_leaves=15
num_cat=0
split_feature=11 8 8 21 15 24 0 21 8 11 15 24 21 22
split_gain=7.86865 22.4587 14.157 24.0843 19.6507 30.3013 17.2325 13.5593 13.076 22.7434 19.9029 24.3026 17.6195 14.7092
threshold=0.21027008444070819 -0.33378942310810084 -0.071711514145135866 -0.017531219869852063 23.677119255065922 0.028936692513525489 0.018528054468333725 0.03740320727229119 -0.12097887694835661 0.50948160886764537 23.677119255065922 0.033574642613530166 1.0000000180025095e-35 0.2409842982888222
decision_type=2 2 2 2 2 2 2 2 2 2 2 2 2 2
left_child=1 -1 4 6 7 -6 -4 -3 13 10 12 -12 -10 -2
right_child=8 2 3 -5 5 -7 -8 -9 9 -11 11 -13 -14 -15
leaf_value=-0.010550357401603733 0.0013198626099297838 -0.0034200295668106498 -0.01391886606400165 -0.010513494689012741 -0.010986078051377824 0.02355665902493272 0.011651403108206216 0.0040381826185514526 -0.00351200954388567 -0.015577078583676735 0.014052831696225478 -0.013591404258260159 0.0056797956470633426 -0.0014253958021007099
leaf_weight=306.42080174013972 4622.7917123287916 643.63599652424455 33.396799214184284 342.16927174851298 37.23175248131156 95.12483448907733 123.58008114248514 539.76647913083434 431.31272124871612 63.749533105641603 342.71547938510776 35.809696406126022 598.84686468541622 4930.6816337462515
leaf_count=4838 39307 8297 250 3323 456 999 838 6393 3126 549 2581 308 5041 54882
internal_value=1.46413e-06 -0.00194546 -0.0004428 -0.00540153 0.0014649 0.0137507 0.00570355 -1.29018e-05 0.000377466 0.00343588 0.00440004 0.0111551 0.00183456 -9.70127e-05
internal_weight=13147.2 2121.33 1814.91 499.146 1315.76 132.357 156.977 1183.4 11025.9 1472.43 1408.68 378.525 1030.16 9553.47
internal_count=131188 25394 20556 4411 16145 1455 1088 14690 105794 11605 11056 2889 8167 94189
is_linear=0
shrinkage=0.035


Tree=144
num_leaves=15
num_cat=0
split_feature=21 16 8 15 1 19 0 8 14 7 16 5 6 21
split_gain=7.77132 10.7177 14.1575 13.1986 10.3242 9.63964 9.08 15.9619 15.2725 16.3918 15.328 12.4374 20.6699 10.7064
threshold=-0.15558469295501706 1.0298653841018679 -0.32641997933387751 23.533616065979007 0.039354551583528526 -0.065384685993194566 -0.060207501053810113 -0.49808794260025019 0.3937548696994782 -0.27956295013427729 0.44910728931427008 0.12206204608082773 -0.15689180791378018 -0.015407797880470751
decision_type=2 2 2 2 2 2 2 2 2 2 2 2 2 2
left_child=1 5 -3 4 -4 -1 8 11 9 13 -10 12 -8 -2
right_child=6 2 3 -5 -6 -7 7 -9 10 -11 -12 -13 -14 -15
leaf_value=-0.00087663360587784717 0.0059676819564667503 -0.0069805544202321676 0.0050168418790537666 -0.0087549511528156286 0.040255227942381816 -0.01489139775394034 -0.0033284760591679734 2.079542721008422e-05 -0.0065502056652034252 -0.0053312621222649428 0.0036615472189547734 0.0081813222428517712 -0.017217522732956909 -0.0040259349647216941
leaf_weight=103.95211176201701 383.01835590228438 66.322626482695341 22.498389009386301 14.569286219775675 15.447922334074972 137.0144106335938 671.34222647733986 7860.469051586464 184.41937822848558 677.9283121433109 2591.5147508922964 73.216834910213947 155.52946376241744 188.78790469281375
leaf_count=1537 3022 1087 341 177 161 2144 6612 78699 1623 7468 22863 894 1958 2602
internal_value=5.12469e-07 -0.00500148 0.00341183 0.0155537 0.0247663 -0.00912131 0.000145067 -0.000487238 0.00151887 -0.00168482 0.00296205 -0.00487537 -0.00611544 0.0026557
internal_weight=13146 359.805 118.838 52.5156 37.9463 240.967 12786.2 8760.56 4025.67 1249.73 2775.93 900.089 826.872 571.806
internal_count=131188 5447 1766 679 502 3681 125741 88163 37578 13092 24486 9464 8570 5624
is_linear=0
shrinkage=0.035


Tree=145
num_leaves=15
num_cat=0
split_feature=3 11 7 23 5 23 5 8 3 17 8 19 15 16
split_gain=7.58001 15.7857 12.7978 14.8204 9.81184 8.23404 15.7145 14.0777 21.8434 11.7031 19.6665 18.548 18.0327 15.9824
threshold=1.9270285964012148 0.31775064766407018 -0.14130051434040067 0.20072399079799655 -0.013556214515119789 0.10839130729436876 -0.20304091274738309 -0.22893909364938733 0.45276044309139257 0.056895622983574874 -0.63282975554466236 0.35795600712299352 23.082156181335453 2.5000044107437138
decision_type=2 2 2 2 2 2 2 2 2 8 2 2 2 2
left_child=5 -2 3 4 -3 6 -1 -8 -9 10 -7 12 -11 -12
right_child=1 2 -4 -5 -6 9 7 8 -10 11 13 -13 -14 -15
leaf_value=0.015590534064247746 -0.018614841755762713 0.017318627147776242 0.019804594326971368 -0.0092494975559656179 -0.0013552870379252809 -0.0076883149409245378 -0.0050973881970144989 -0.0020138724333907151 0.0095931571045198647 -0.0015266832424395513 0.0015357260778138208 0.0035595330275526526 -0.0094222501292553391 -0.012615490571023335
leaf_weight=51.349818393588066 20.857746548950672 74.12408047914505 70.207674413919449 68.99861029163003 56.093601386994123 297.25141131132841 1177.3031757902354 1027.9719200991094 235.61858189851046 1561.0678031146526 7346.9670243132859 617.58471908420324 450.50557672791183 89.176795486360788
leaf_count=628 136 607 459 435 441 2704 17297 11564 1891 14668 69361 5343 4599 1055
internal_value=1.68608e-07 0.0054972 0.00796324 0.00304298 0.00975154 -0.00012814 -0.00193017 -0.00236087 0.000208791 0.0003067 0.000992443 -0.00170646 -0.00333281 0.00134931
internal_weight=13145.1 290.282 269.424 199.216 130.218 12854.8 2492.24 2440.89 1263.59 10362.6 7733.4 2629.16 2011.57 7436.14
internal_count=131188 2078 1942 1483 1048 129110 31380 30752 13455 97730 73120 24610 19267 70416
is_linear=0
shrinkage=0.035


Tree=146
num_leaves=15
num_cat=0
split_feature=17 24 22 3 15 15 17 15 22 19 3 8 19 21
split_gain=7.58374 22.0571 30.7073 24.1814 22.0316 10.3874 10.4367 9.68146 17.9123 19.4812 23.1054 17.878 19.1819 23.9891
threshold=0.025454134680330757 0.031350089237093932 0.37860268354415899 -0.15347038209438321 21.896074295043949 20.22267055511475 0.024428043514490131 20.860421180725101 0.30864126980304724 0.092458397150039687 -0.13006265461444852 -0.48469921946525568 -0.13794638961553571 0.064371928572654738
decision_type=10 2 2 2 2 2 10 2 2 2 2 2 2 2
left_child=1 -1 3 -3 -5 -4 -7 8 -2 -10 -11 -9 13 -13
right_child=7 2 5 4 -6 6 -8 11 9 10 -12 12 -14 -15
leaf_value=-0.0054872754161180131 0.0041561571664351146 -0.0073705913831886502 0.013220505495774802 0.0040945306864874128 0.028294637961000828 -0.02075602160631921 0.0089339250637640415 -0.0038497320905852214 -0.0036402953699750332 0.022991426462869606 -0.00014871006810897474 0.0021211776418184735 -0.0002655768642494261 0.016023130205156614
leaf_weight=886.44645121134818 1816.5681295059621 58.20422961935401 10.171797554939983 89.374955158680677 94.671070512384176 68.340094763785601 11.834398265928028 1449.902652611956 932.90361890755594 69.356673620641232 157.92317727208138 695.31695117428899 6616.7983458507806 186.10033181682229
leaf_count=11483 15654 730 202 863 755 1240 208 14641 11936 844 1470 6785 62629 1748
internal_value=-6.21572e-08 -0.0026179 0.00496659 0.011361 0.0173594 -0.0116026 -0.0158688 0.000269521 0.00199501 -0.00139542 0.00758409 -0.000306082 0.000383356 0.00520322
internal_weight=13143.9 1219.04 332.597 242.25 184.046 90.3463 80.1745 11924.9 2976.75 1160.18 227.28 8948.12 7498.22 881.417
internal_count=131188 15481 3998 2348 1618 1650 1448 115707 29904 14250 2314 85803 71162 8533
is_linear=0
shrinkage=0.035


Tree=147
num_leaves=15
num_cat=0
split_feature=14 18 21 20 18 13 19 8 12 10 3 17 17 21
split_gain=7.39749 14.7117 10.1018 10.5363 9.94565 12.8105 11.6627 16.1896 18.2172 13.6365 12.473 19.439 13.6116 10.3193
threshold=2.8184012174606328 -0.13144770264625547 -0.065105643123388277 -0.009323015343397854 0.12843308597803119 0.61388903856277477 -0.020208139903843399 -0.30423325300216669 0.83338621258735668 0.43507897853851324 0.30129462480545049 0.020532046444714073 0.026424471288919452 -0.053123654797673218
decision_type=2 2 2 2 2 2 2 2 2 2 2 8 10 2
left_child=4 -2 -3 -4 6 -6 7 9 -9 -1 12 -12 -8 -7
right_child=1 2 3 -5 5 13 10 8 -10 -11 11 -13 -14 -15
leaf_value=-0.0028189737285897942 0.014568174234396587 -0.010768210585196192 0.0041799701124223031 -0.0046623320000695294 -0.0015265900611693126 0.011948228107413812 -0.0076324444727062539 -0.0010271805436026129 0.0065746746636944518 0.0013731470453575651 0.02902374704600821 0.00094362809340280574 -0.0015226848348366894 0.003274048023674243
leaf_weight=1543.5063542034477 46.382057245820761 195.19289792701602 228.85491928458214 529.65586170181632 511.01845728978515 212.16296884045005 509.73651447147131 599.05551622435451 1064.4802613575011 2439.2681255023926 20.976514913141727 1250.8331105746329 3245.3683697488159 745.91116987168789
leaf_count=17886 394 1841 2344 5997 5092 1674 6114 6400 10733 23053 112 9592 33151 6805
internal_value=1.20498e-06 -0.00287681 -0.00386759 -0.00197479 0.000240421 0.00293015 -0.000132197 0.000958692 0.00384739 -0.000254482 -0.00135697 0.00162958 -0.00237012 0.0052985
internal_weight=13142.4 1000.09 953.704 758.511 12142.3 1469.09 10673.2 5646.31 1663.54 3982.77 5026.91 1271.81 3755.1 958.074
internal_count=131188 10576 10182 8341 120612 13571 107041 58072 17133 40939 48969 9704 39265 8479
is_linear=0
shrinkage=0.035


Tree=148
num_leaves=15
num_cat=0
split_feature=21 16 8 15 1 6 8 3 5 14 12 16 4 16
split_gain=7.21012 10.3509 13.2884 12.4245 9.5535 9.24889 29.6728 15.3065 13.2496 12.525 15.6449 13.9915 10.9529 17.225
threshold=-0.15558469295501706 1.0298653841018679 -0.32641997933387751 23.533616065979007 0.039354551583528526 -0.30644971132278437 -0.54372942447662342 -0.44028411805629725 0.17020014673471454 0.13899476826190951 0.53684827685356151 1.2888126969337466 -0.028976999223232266 0.90729725360870372
decision_type=2 2 2 2 2 2 2 2 2 2 2 2 2 2
left_child=1 -1 -3 4 -4 7 8 -2 -7 10 -8 -11 13 -9
right_child=5 2 3 -5 -6 6 9 12 -10 11 -12 -13 -14 -15
leaf_value=-0.0088990221660266346 -0.0013941755047131345 -0.0067202671758988279 0.0049015519220415816 -0.0085735458250373597 0.038690730292998694 -0.0082664390076120069 0.0013458686915634383 -0.0014152068255891546 0.014160916216524171 0.0013373240140573438 -0.015154659937426571 -0.0013632803446119756 0.017454951966909639 0.013046566288475737
leaf_weight=239.27116003446281 422.5007223598659 65.738090952858329 22.573129586875439 14.447137739509342 15.86471666023135 643.56888637878001 136.53333359956741 233.53410271182656 25.079612042754889 7516.8379473481327 132.0861844047904 3407.610358864069 99.952398262917995 165.34564567729831
leaf_count=3681 3722 1087 341 177 161 6870 1690 1802 313 72253 1764 35224 815 1288
internal_value=2.08758e-06 -0.00482874 0.00343488 0.0151194 0.0239561 0.000141008 -0.000122587 0.00349954 -0.00722897 0.000308006 -0.00702052 0.000494461 0.00759036 0.00475203
internal_weight=13140.9 357.894 118.623 52.885 38.4378 12783 11861.7 921.333 668.648 11193.1 268.62 10924.4 498.832 398.88
internal_count=131188 5447 1766 679 502 125741 118114 7627 7183 110931 3454 107477 3905 3090
is_linear=0
shrinkage=0.035


Tree=149
num_leaves=15
num_cat=0
split_feature=10 8 6 12 11 8 3 16 11 11 11 22 22 14
split_gain=7.41436 25.6045 21.5595 25.7301 16.6086 39.0829 26.1989 11.6038 11.485 11.2457 10.1561 16.1435 13.8432 9.95705
threshold=0.92401519417762767 -0.63282975554466236 1.0000000180025095e-35 0.56654202938079845 0.50948160886764537 -0.51200741529464711 -0.081588048487901674 0.44910728931427008 0.57373544573783886 0.63393574953079235 0.38060866296291357 0.47667750716209417 0.17717885971069339 2.8184012174606328
decision_type=2 2 2 2 2 2 2 2 2 2 2 2 2 2
left_child=4 8 -3 -4 7 -6 -7 10 -2 -8 11 -1 -12 -9
right_child=1 2 3 -5 5 6 9 13 -10 -11 12 -13 -14 -15
leaf_value=-0.007283677035552976 -0.0073533204344786761 -0.014067759938708662 0.01218257623371038 -0.0049384724957562869 -0.005354912643417563 0.033191637790740421 0.011206474547337874 0.00069014440447177103 0.0160700701550507 -0.011714568097130378 -0.0072199705288613896 0.012574852871283055 0.0050737497352044266 -0.003216818155065576
leaf_weight=669.7036990839988 26.641059760004282 225.10987577959895 122.44289799593389 564.50578468851745 182.72371239587665 64.792041527107358 168.92515135556459 9611.5731471553445 104.33023742213845 22.361075911670923 164.12728389725089 45.147669186815619 305.77614104002714 861.55484648421407
leaf_count=7601 312 2391 1241 5656 1598 661 1379 94414 976 201 1562 776 3267 9153
internal_value=2.85413e-06 -0.00281406 -0.00491417 -0.00175578 0.000247865 0.00685486 0.0154409 -6.48376e-06 0.0111218 0.00807817 -0.00327456 -0.0058733 0.000718843 0.000365983
internal_weight=13139.7 1043.03 912.059 686.949 12096.7 438.802 256.078 11657.9 130.971 191.286 1184.75 714.851 469.903 10473.1
internal_count=131188 10576 9288 6897 120612 3839 2241 116773 1288 1580 13206 8377 4829 103567
is_linear=0
shrinkage=0.035


Tree=150
num_leaves=15
num_cat=0
split_feature=10 14 22 22 15 4 1 15 8 24 10 11 14 7
split_gain=7.42493 17.5531 18.8258 28.3387 32.1393 27.5118 23.7015 16.2916 15.1149 17.2402 18.3014 14.9663 15.814 12.7824
threshold=0.35458551347255712 0.553692787885666 0.20137687027454379 0.41938711702823644 22.030074119567875 -0.021178849972784516 0.28809612989425665 21.460306167602543 -0.28927157819271082 0.03506541624665261 0.74231791496276867 0.63393574953079235 0.49430066347122198 -0.181277260184288
decision_type=2 2 2 2 2 2 2 2 2 2 2 2 2 2
left_child=1 -1 6 4 -4 -5 -3 -2 11 10 -10 12 -9 -11
right_child=7 2 3 5 -6 -7 -8 8 9 13 -12 -13 -14 -15
leaf_value=-0.0075649516225334687 0.0021637860642506521 -0.0076313002856318634 -0.00028866453854666511 0.0091564055186815398 0.010452483453285375 -0.013415522394580173 0.02478206745689468 -0.0072418474719206666 0.0030484966204131956 0.004789994832125952 -0.0029013786975116461 0.0055705508082142495 -0.0014418435830365365 -0.017418951125894137
leaf_weight=485.46677564270794 4059.4202377870679 516.9277058057487 983.33327561803162 80.978823561221361 512.19292268157005 248.53579847514629 19.542232282459736 839.44991039298475 2345.3715603835881 40.400549586862326 857.29814546182752 246.33441377431154 1809.4693303480744 94.459248088300228
leaf_count=6333 38588 5659 11300 1358 5074 4035 97 9265 19721 327 8057 2467 18127 780
internal_value=3.27339e-06 -0.00157547 -0.00031748 0.00138205 0.00343499 -0.00776212 -0.00601868 0.000441083 -0.000682584 0.000921823 0.00145175 -0.00252889 -0.0033002 -0.0108943
internal_weight=13139.2 2846.98 2361.51 1825.04 1495.53 329.515 536.47 10292.2 6232.78 3337.53 3202.67 2895.25 2648.92 134.86
internal_count=131188 33856 27523 21767 16374 5393 5756 97332 58744 28885 27778 29859 27392 1107
is_linear=0
shrinkage=0.035


Tree=151
num_leaves=15
num_cat=0
split_feature=22 22 11 21 24 23 24 24 16 15 3 22 15 8
split_gain=7.21718 16.976 13.7499 12.7094 46.0547 28.5548 21.9673 29.1575 15.8417 21.4665 36.4959 18.6276 18.4186 15.2319
threshold=0.39701244235038763 0.40200047194957739 0.73006007075309765 0.05185144022107125 0.02743481379002333 0.21475631743669513 0.027712903916835788 0.02837362885475159 1.1850577592849734 23.185171127319339 0.20214457809925082 0.27970407903194433 22.627005577087406 -0.023093936964869496
decision_type=2 2 2 2 2 2 2 2 2 2 2 2 2 2
left_child=3 -2 -3 4 5 13 -6 -8 9 11 -11 -5 -10 -1
right_child=1 2 -4 8 6 -7 7 -9 12 10 -12 -13 -14 -15
leaf_value=-0.0063273747412395491 -0.012543400648672586 -0.00055198172936436795 -0.021311547215747666 0.010362944331635654 0.0090442394415635851 -0.02275209675258829 -0.0091729182348443909 0.00073320675477731988 0.0028169377569816014 0.00089279820554839838 0.031637916930493844 0.00041773807041971153 -0.0078860577545707914 0.014176395295758268
leaf_weight=686.26200072467327 156.02299051359296 2165.2165739797056 29.819775361567736 316.40284544229507 352.83003106713295 124.75673530623317 373.69837975874543 7074.802062805742 557.68112276494503 96.455936338752508 83.944166861474514 790.00245619937778 291.77311333268881 38.0946184694767
leaf_count=9197 2536 28551 442 2132 2540 1411 3943 63586 5166 822 548 7406 2654 254
internal_value=2.9106e-06 -0.00174997 -0.000929373 0.000386235 -0.000211674 -0.00790315 0.000634529 0.000224575 0.00279708 0.00523126 0.0161095 0.00332915 -0.000908341 -0.0050707
internal_weight=13137.8 2351.06 2195.04 10786.7 8650.44 849.113 7801.33 7448.5 2136.26 1286.81 180.4 1106.41 849.454 724.357
internal_count=131188 31529 28993 99659 80931 10862 70069 67529 18728 10908 1370 9538 7820 9451
is_linear=0
shrinkage=0.035


Tree=152
num_leaves=15
num_cat=0
split_feature=11 8 8 21 23 15 0 8 11 15 24 21 22 24
split_gain=7.0301 20.2717 13.8031 21.8293 17.7329 22.1748 15.8156 11.2413 21.4382 18.5328 22.279 16.3567 13.9078 21.8057
threshold=0.21027008444070819 -0.33378942310810084 -0.071711514145135866 -0.017531219869852063 0.3174744993448258 23.409000396728519 0.018528054468333725 -0.12097887694835661 0.50948160886764537 23.677119255065922 0.033574642613530166 1.0000000180025095e-35 0.2409842982888222 0.027066921815276149
decision_type=2 2 2 2 2 2 2 2 2 2 2 2 2 2
left_child=1 -1 4 6 5 -3 -4 12 9 11 -11 -9 13 -2
right_child=7 2 3 -5 -6 -7 -8 8 -10 10 -12 -13 -14 -15
leaf_value=-0.01008811308550466 -0.0053798311018774343 0.00044152996276289655 -0.013667886943683797 -0.010238377537438633 -0.020058956103979449 0.014167778145089951 0.010854649862310876 -0.0035156446434320087 -0.01534389203204649 0.013341008467825479 -0.013223221332958803 0.0053300588618269513 -0.0013771424739489116 0.0021540346120512014
leaf_weight=301.62386311218143 521.85700240731239 1123.9332817904651 33.08615305647254 339.21039701625705 35.403681749477983 155.51418818160892 124.66504012420774 431.11887764185667 63.192641738802195 346.17006494104862 35.352064840495586 602.3907932639122 4922.5472750980407 4099.6576980371028
leaf_count=4838 6887 13925 250 3323 531 1689 838 3126 549 2581 308 5041 54882 32420
internal_value=2.21189e-06 -0.00184197 -0.000421349 -0.00533078 0.00146045 0.00220686 0.00520321 0.000357169 0.00318646 0.00411586 0.0106047 0.00164183 -8.39199e-05 0.00129354
internal_weight=13135.7 2113.44 1811.81 496.962 1314.85 1279.45 157.751 11022.3 1478.22 1415.03 381.522 1033.51 9544.06 4621.51
internal_count=131188 25394 20556 4411 16145 15614 1088 105794 11605 11056 2889 8167 94189 39307
is_linear=0
shrinkage=0.035


Tree=153
num_leaves=15
num_cat=0
split_feature=17 24 3 19 21 6 8 19 19 14 16 10 15 10
split_gain=6.98985 23.0605 22.9656 21.0301 18.9817 13.9896 9.1042 7.94493 15.1228 13.0111 18.1114 17.7608 19.6276 14.6563
threshold=0.022048955783247951 0.03506541624665261 0.23175679147243503 0.041484806686639793 -0.019647533074021336 1.0000000180025095e-35 -0.071711514145135866 -0.14736869931221006 -0.24243742227554319 0.3937548696994782 0.38091585040092474 0.43507897853851324 21.63571929931641 0.97668138146400463
decision_type=10 2 2 2 2 2 2 2 2 2 2 2 2 2
left_child=1 2 3 5 -4 -1 -6 8 -2 11 -11 -9 -13 -12
right_child=7 -3 4 -5 6 -7 -8 9 -10 10 13 12 -14 -15
leaf_value=-0.0059551924782687941 -0.0015593579642606658 0.025697974920225672 0.032543564355284521 -0.018290516238289187 -0.016455768430817884 0.0088431819756696374 0.011782681441533939 -0.0099806684617829693 0.0042249599777121078 -0.011834796678220978 0.00092256214184545382 0.002624021994724873 -0.0053345501338998196 -0.0058744957126870339
leaf_weight=392.67164618894458 886.41331556066871 22.173926115036011 25.32934395223856 138.47708735056221 18.076417546719313 87.806164748966694 18.19292313978076 340.45457947067916 1446.6021088957787 136.51560397073627 7720.9336628317833 778.27607148885727 723.08370528556406 399.26464112475514
leaf_count=5702 8406 185 120 1627 193 1095 130 4332 14032 1341 73398 8550 8002 4075
internal_value=6.27881e-07 -0.00337026 -0.00467578 -0.00675532 0.0142448 -0.00312567 -0.00280598 0.000193732 0.00202997 -0.000232074 0.000362183 -0.00288365 -0.00121891 0.000581541
internal_weight=13134.3 702.728 680.554 618.955 61.5987 480.478 36.2693 12431.5 2333.02 10098.5 8256.71 1841.81 1501.36 8120.2
internal_count=131188 9052 8867 8424 443 6797 323 122136 22438 99698 78814 20884 16552 77473
is_linear=0
shrinkage=0.035


Tree=154
num_leaves=15
num_cat=0
split_feature=3 11 16 24 10 10 11 3 1 14 8 2 15 6
split_gain=6.92095 13.7712 11.6866 10.9657 16.6723 9.18617 17.8939 26.8271 22.3604 13.9659 13.0267 12.6576 12.0893 28.9
threshold=1.9270285964012148 0.3227506577968598 0.41575984656810766 0.02906045783311129 0.76547798514366161 0.74231791496276867 0.50948160886764537 0.5313689410686494 -0.4034957736730575 0.13899476826190951 -0.63282975554466236 -0.32623209059238428 22.713021278381351 0.27169470489025122
decision_type=2 2 2 2 2 2 2 2 2 2 2 2 2 2
left_child=5 -2 -3 -4 -5 6 9 8 -8 11 -11 -1 -7 -14
right_child=1 2 3 4 -6 12 7 -9 -10 10 -12 -13 13 -15
leaf_value=0.015918220258390962 -0.016915693142546869 -0.0093281925269481144 0.024541778068091956 0.020737397419872971 -0.00081750923161607182 0.00022382607017616948 -0.0022037277402293162 -0.017220966291136522 0.026999436223906641 -0.0060313172725301933 0.00049240326811403746 -0.014795367412214414 -0.010913573170934379 0.0012100490140088253
leaf_weight=10.634969692677258 21.811891801655293 35.278481833636761 43.886285427957773 54.488883797079325 135.84195278957486 1115.6462965961546 45.376720193773508 24.730296589434147 89.288984715938568 379.3946772236377 10112.175857312977 112.64832059852779 493.90824624150991 457.95671349391341
leaf_count=113 142 271 302 352 1011 11704 368 199 690 3656 100674 1698 5703 4305
internal_value=6.80202e-07 0.00524409 0.00757866 0.0104029 0.00608046 -0.000122251 0.000288393 0.0115742 0.0176871 0.000108187 0.000250975 -0.0111503 -0.00225329 -0.00512877
internal_weight=13133.1 291.307 269.496 234.217 190.331 12841.8 10774.2 159.396 134.666 10614.9 10491.6 123.283 2067.51 951.865
internal_count=131188 2078 1936 1665 1363 129110 107398 1257 1058 106141 104330 1811 21712 10008
is_linear=0
shrinkage=0.035


Tree=155
num_leaves=15
num_cat=0
split_feature=21 16 6 9 19 6 8 3 5 23 3 24 7 23
split_gain=6.73397 9.81595 18.0943 15.8842 9.4566 8.53286 27.2927 14.0971 12.7374 11.0334 14.3997 11.8043 10.302 17.1695
threshold=-0.15558469295501706 1.1850577592849734 -0.1852670609951019 1.0244091153144839 -0.065384685993194566 -0.30644971132278437 -0.54372942447662342 -0.44028411805629725 0.17020014673471454 0.10839130729436876 -0.081588048487901674 0.026834268122911457 -0.31394954025745386 0.27203558385372167
decision_type=2 2 2 2 2 2 2 2 2 2 2 2 2 2
left_child=1 4 -3 -4 -1 7 8 -2 -7 10 -8 -11 -9 -14
right_child=5 2 3 -5 -6 6 9 12 -10 11 -12 -13 13 -15
leaf_value=-7.7739954076843946e-05 -0.0013494915696897686 -0.014961937881946974 0.024799516016146304 -0.010870062488560402 -0.013182339446262931 -0.0079890911507828795 -0.0055827688378962837 0.0030967129768101841 0.013958760323325749 -0.0045857850015293949 0.00015356112712865179 0.0011602893999506673 0.0062406951838408784 0.029039623805318261
leaf_weight=113.34687831997871 421.89487688988447 27.400276161730289 43.526518056169152 14.780093703418968 157.04820712655783 638.43506067432463 808.95902832038701 307.04164031147957 25.194846995174885 452.33613108471036 1550.4345053564757 8377.4296298120171 143.10623222216964 51.246544353663921
leaf_count=1693 3722 458 591 206 2499 6870 12906 2345 313 5796 16407 75822 1242 318
internal_value=7.55855e-07 -0.00467953 0.00520851 0.01549 -0.00788771 0.000134765 -0.00011885 0.00335696 -0.00696099 0.000292811 -0.0018285 0.000861072 0.00726612 0.0133791
internal_weight=13132.2 356.102 85.7069 58.3066 270.395 12776.1 11852.8 923.289 663.63 11189.2 2359.39 8829.77 501.394 194.353
internal_count=131188 5447 1255 797 4192 125741 118114 7627 7183 110931 29313 81618 3905 1560
is_linear=0
shrinkage=0.035


Tree=156
num_leaves=15
num_cat=0
split_feature=10 22 1 23 17 19 23 8 6 14 16 10 22 8
split_gain=6.6186 16.4282 25.0907 18.8449 17.059 16.8013 21.0712 14.6068 16.6742 14.2419 14.058 12.1029 14.555 23.7566
threshold=0.35458551347255712 0.20137687027454379 0.28809612989425665 0.23214909434318545 0.03647244721651078 -0.059239853173494332 0.20932535827159884 -0.37979941070079798 -0.20702163130044934 0.45460186898708349 0.82991901040077221 0.53824713826179515 0.2409842982888222 -0.51200741529464711
decision_type=2 2 2 2 10 2 2 2 2 2 2 2 2 2
left_child=1 2 5 7 10 6 -1 8 -3 -9 -5 -2 13 -13
right_child=11 3 -4 4 -6 -7 -8 9 -10 -11 -12 12 -14 -15
leaf_value=0.015913052133359366 0.0015813995048717293 0.0041170048482818923 0.024700877271611073 -0.0011937536941619613 -0.0047386555353880885 -0.011546174890963847 -0.0078709593440014439 -0.0093853278774999275 -0.012583814733777591 0.0013334749515275643 0.024820634127504133 -0.0046771560134041884 -0.0024825340931702005 0.0034995938743588467
leaf_weight=63.687748402357101 5282.2630078755319 99.01614360883832 20.754378292709589 33.761928711086512 55.456482388079166 430.51730545051396 110.01928779855371 158.22045872732997 233.05588336288929 1551.0378662012517 83.362743686884642 585.18980858847499 2810.7275206763297 1613.5442086197436
leaf_count=595 48668 1282 103 312 536 4908 1220 2226 3645 18283 746 5107 30615 12942
internal_value=1.05294e-06 -0.00149207 -0.00645486 -6.83677e-05 0.0107071 -0.00790975 0.00124073 -0.00102711 -0.00762924 0.000292452 0.0178178 0.000413968 -0.000817738 0.00131204
internal_weight=13130.6 2838.89 624.979 2213.91 172.581 604.224 173.707 2041.33 332.072 1709.26 117.125 10291.7 5009.46 2198.73
internal_count=131188 33856 6826 27030 1594 6723 1815 25436 4927 20509 1058 97332 48664 18049
is_linear=0
shrinkage=0.035


Tree=157
num_leaves=15
num_cat=0
split_feature=3 19 7 19 17 2 10 17 14 5 19 12 2 15
split_gain=6.54871 13.2771 11.3901 9.9736 8.47392 8.43439 8.2877 13.8317 11.9471 11.891 16.192 13.212 11.2317 27.1246
threshold=1.9270285964012148 0.18318083137273791 -0.17574811726808545 -0.17911668866872785 0.071654707193374648 1.4303516745567324 0.74231791496276867 0.028875116258859638 0.10608946532011033 -0.13266260176897046 0.49270236492156988 0.61660116910934459 0.58984988927841198 23.533616065979007
decision_type=2 2 2 2 10 2 2 8 2 2 2 2 2 2
left_child=6 2 3 4 -2 -3 8 -8 -1 11 -11 -9 -10 -14
right_child=1 5 -4 -5 -6 -7 7 9 12 10 -12 -13 13 -15
leaf_value=-0.014806085821277369 0.0021474950162550339 -0.010222462004033268 0.029867734777839799 -0.0030230198606373249 0.029672198611958661 0.0052131098406145238 0.023691082943138504 0.010566954515331382 0.00013918138798306898 -0.0057658075285585116 0.0022539354870539669 -0.0020810901370736348 0.00032172520290513505 0.02059144663356622
leaf_weight=54.004193846136332 28.148870561271906 69.753293178975582 26.532189685851336 61.437698222696781 20.252185717225075 85.743482947349548 15.163595132529734 154.70051103457808 10335.663884643465 1232.3466505501419 404.16343156248331 255.5914188362658 282.06051886826754 103.56668033823371
leaf_count=814 231 481 172 427 153 614 191 1552 103823 13670 3871 2428 2049 712
internal_value=1.33308e-06 0.00509692 0.0126716 0.00637203 0.0167732 -0.00191033 -0.000118397 -0.0021457 0.000271178 -0.00245136 -0.00378354 0.00282581 0.00036085 0.00614838
internal_weight=13129.1 291.868 136.371 109.839 48.4011 155.497 12837.3 2061.97 10775.3 2046.8 1636.51 410.292 10721.3 385.627
internal_count=131188 2078 983 811 384 1095 129110 21712 107398 21521 17541 3980 106584 2761
is_linear=0
shrinkage=0.035


Tree=158
num_leaves=15
num_cat=0
split_feature=11 8 8 21 23 14 0 8 11 11 2 23 9 10
split_gain=6.47579 18.3182 13.4435 20.4527 16.552 18.511 14.5971 9.79956 20.034 14.8671 16.1837 15.0088 10.2953 11.3906
threshold=0.21027008444070819 -0.33378942310810084 -0.071711514145135866 -0.017531219869852063 0.3174744993448258 0.553692787885666 0.018528054468333725 -0.12097887694835661 0.50948160886764537 0.22994349896907809 0.58984988927841198 0.22463130950927737 0.4687707126140595 0.43507897853851324
decision_type=2 2 2 2 2 2 2 2 2 2 2 2 2 2
left_child=1 -1 4 6 5 -3 -4 12 9 11 -11 -9 13 -2
right_child=7 2 3 -5 -6 -7 -8 8 -10 10 -12 -13 -14 -15
leaf_value=-0.0096686076814824738 -0.00052412124174378266 -0.0074686633129848849 -0.013336037820010471 -0.010052613932827893 -0.019592939296925654 0.003946476585731014 0.010285809715355637 0.015802984531807795 -0.015025038847365559 -0.00038020677978385577 0.0082076077326145146 -0.011586309814667706 -0.0011872077429399149 0.0029440093749032049
leaf_weight=297.42836570180953 2456.0842868350446 197.46151288039982 32.680585943162441 337.42331827804446 34.442376499995589 1083.2405233681202 125.41375448182225 178.021478921175 62.468865502625704 836.20058230310678 385.5944484770298 20.848920974880457 4896.2235538158566 2184.2451262082905
leaf_count=4838 25393 2644 250 3323 531 12970 838 1408 549 6552 2946 150 47276 21520
internal_value=3.48535e-06 -0.00176906 -0.000425467 -0.00527946 0.00142945 0.00214224 0.00489993 0.000343874 0.00298043 0.00387164 0.00237471 0.0125143 -6.88579e-05 0.00111118
internal_weight=13127.8 2108.09 1810.66 495.518 1315.14 1280.7 158.094 11019.7 1483.13 1420.67 1221.8 198.87 9536.55 4640.33
internal_count=131188 25394 20556 4411 16145 15614 1088 105794 11605 11056 9498 1558 94189 46913
is_linear=0
shrinkage=0.035


Tree=159
num_leaves=15
num_cat=0
split_feature=22 17 22 20 20 21 21 24 23 11 17 15 15 16
split_gain=6.57531 17.1759 16.7398 19.8795 30.8251 14.014 12.0021 41.4808 28.0394 22.6294 24.0075 18.5866 14.8569 14.6334
threshold=0.39701244235038763 0.015994798392057422 0.40200047194957739 0.0064580524340271958 0.0040719439275562772 0.073774285614490523 0.05185144022107125 0.02743481379002333 0.21475631743669513 0.34459368884563452 0.053243666887283332 23.677119255065922 20.5606803894043 1.1850577592849734
decision_type=2 10 2 2 2 2 2 2 2 2 8 2 2 2
left_child=6 -2 -3 4 -4 -5 7 8 12 11 -11 -9 -1 -8
right_child=1 2 3 5 -6 -7 13 9 -10 10 -12 -13 -14 -15
leaf_value=0.0057479420071797262 -0.021334273451415357 -0.012119795959483513 0.0010780698279548137 -0.0071810489694665337 0.020303672591410752 5.1770089000560862e-05 0.0050428507072185587 -0.0018561983383220116 -0.022396412296369857 0.006167222297113647 0.00025019838949533825 0.0057350854051206315 -0.0070793144234064737 -0.00085816712327056852
leaf_weight=127.65966959670186 43.239423340186477 150.45039175637066 710.49335138499737 561.84204078838229 109.5801187492907 769.73553276620805 1289.9356181547046 3918.0896514486521 122.53172641247511 1421.667736010626 2034.6728551071137 429.53903526253998 589.78726788237691 848.0762564279139
leaf_count=1774 819 2462 9738 7722 1380 9408 10908 37129 1411 11334 17916 3690 7677 7820
internal_value=1.86997e-06 -0.00167358 -0.00121363 -0.000398492 0.00386069 -0.0030308 0.000367535 -0.000214075 -0.00755673 0.00058491 0.00269477 -0.00109475 -0.00474924 0.00270902
internal_weight=13127.3 2345.34 2302.1 2151.65 820.073 1331.58 10782 8643.95 839.979 7803.97 3456.34 4347.63 717.447 2138.01
internal_count=131188 31529 30710 28248 11118 17130 99659 80931 10862 70069 29250 40819 9451 18728
is_linear=0
shrinkage=0.035


Tree=160
num_leaves=15
num_cat=0
split_feature=17 24 3 22 19 17 0 15 6 24 21 6 21 24
split_gain=6.22573 21.3125 21.7435 26.8487 18.9395 16.3234 12.8296 7.91072 16.767 17.2756 17.2418 16.3095 14.1664 24.261
threshold=0.022048955783247951 0.03506541624665261 0.17405603080987933 0.37421594560146337 0.049379097297787673 0.018683446571230892 0.033440599218010909 20.860421180725101 -0.1852670609951019 0.027712903916835788 -0.015407797880470751 0.058718187734484679 0.017405906692147258 0.02743481379002333
decision_type=10 2 2 2 2 8 2 2 2 2 2 2 2 2
left_child=1 2 4 5 6 -4 -1 8 -2 11 -11 -10 13 -9
right_child=7 -3 3 -5 -6 -7 -8 12 9 10 -12 -13 -14 -15
leaf_value=-0.006011252413789408 0.0053647886533068744 0.024530812923544632 0.037655099296241182 -0.017647699121282081 -0.018862244911669636 0.0034578285432304138 0.0091852479447989896 -0.0086687100497786201 0.0027521147224749895 0.0020111650023026603 -0.0050089942998496079 0.019871943210917429 0.0014299598492197862 -0.00068827899929844538
leaf_weight=401.8249339889735 1018.3147374950349 22.658739201724529 28.61465198546648 20.87042760103941 117.55064890906215 34.712413039058447 72.297775562852621 502.16514402255416 379.64627014473081 806.02336381003261 895.19043709151447 74.350323639810085 3471.5884251147509 5280.1435997970402
leaf_count=5769 9198 185 146 265 1425 226 1036 6404 3886 6875 12020 569 35856 47328
internal_value=7.14609e-07 -0.00319048 -0.00446395 0.0112939 -0.00685679 0.021938 -0.00355211 0.000182509 0.00168754 -6.66818e-05 -0.00169058 0.00592366 -0.000334889 -0.00139511
internal_weight=13126 698.53 675.871 84.1975 591.673 63.3271 474.123 12427.4 3173.53 2155.21 1701.21 453.997 9253.9 5782.31
internal_count=131188 9052 8867 637 8230 372 6805 122136 32548 23350 18895 4455 89588 53732
is_linear=0
shrinkage=0.035


Tree=161
num_leaves=15
num_cat=0
split_feature=3 19 15 8 6 2 10 15 6 14 22 8 6 16
split_gain=6.23029 12.5049 10.9723 10.7956 14.5322 7.98689 7.75528 11.671 14.5499 11.4719 10.7942 10.6517 20.3233 16.1874
threshold=1.9270285964012148 0.18318083137273791 24.212780952453617 -0.28176589310169214 0.079355131834745421 1.4303516745567324 0.74231791496276867 23.533616065979007 0.27169470489025122 0.10608946532011033 0.27970407903194433 -0.63282975554466236 -0.30644971132278437 0.79102447628974926
decision_type=2 2 2 2 2 2 2 2 2 2 2 2 2 2
left_child=6 2 3 4 -2 -3 9 -8 10 -1 -9 13 -13 -11
right_child=1 5 -4 -5 -6 -7 7 8 -10 11 -12 12 -14 -15
leaf_value=-0.014576874976643931 0.010766384805214073 -0.0099745717586848925 0.024911584769970685 0.019974175362483384 -0.017959342164599126 0.0050601673916438805 -0.00045439286079283666 -0.0053718431122291689 -0.0016294382267228557 -0.011996876928749164 -0.021058006455766637 0.0079674256643183262 0.00024615350830298904 0.001575315915805375
leaf_weight=53.456474212929606 35.25793169438839 69.330112751573324 44.162587236613035 26.044137120246887 31.678893610835075 85.95083224773407 1498.8317721895874 122.43044233322144 336.11281254515052 200.09405741281807 101.00678762793541 426.06672087684274 9877.1139465812594 216.58180513419211
leaf_count=814 277 481 294 155 257 614 15912 1220 3143 1843 1437 3404 99208 2129
internal_value=1.76686e-06 0.00496722 0.0122871 0.00445413 -0.00339579 -0.00184992 -0.000115172 -0.00207822 -0.00634351 0.000261473 -0.0130612 0.000348983 0.000572867 -0.00507067
internal_weight=13124.1 292.424 137.144 92.981 66.9368 155.281 12831.7 2058.38 559.55 10773.3 223.437 10719.9 10303.2 416.676
internal_count=131188 2078 983 689 534 1095 129110 21712 5800 107398 2657 106584 102612 3972
is_linear=0
shrinkage=0.035


Tree=162
num_leaves=15
num_cat=0
split_feature=6 15 22 8 7 9 20 13 0 4 14 6 15 24
split_gain=6.26317 15.9982 13.7837 15.2241 13.5642 12.1827 17.1965 14.399 11.496 14.0117 11.3918 12.7775 11.2753 10.4986
threshold=0.090733207762241377 25.327908515930179 0.13634788990020755 -0.28176589310169214 -0.16534948348999021 0.6235521435737611 0.03655372932553292 0.52405130863189708 0.2607009112834931 -0.065628077834844575 0.19513657689094546 -0.334786906838417 20.415326118469242 0.032702438533306129
decision_type=2 2 2 2 2 2 2 2 2 2 2 2 2 2
left_child=1 10 3 -2 -5 6 -4 -8 9 -7 11 -1 -13 -10
right_child=2 -3 5 4 -6 8 7 -9 13 -11 -12 12 -14 -15
leaf_value=0.01174267132881153 -0.0098280886227561978 -0.01526199414966488 0.00020115460615490965 0.029387745446338948 0.0071673807989137833 0.0041465313960287022 0.014878638186658051 0.0035601822878311633 0.0042396589112523291 -0.0064472136558129927 -2.3584311919952432e-05 0.0036493358666216946 -0.0091482291586904886 -0.0094816119860820676
leaf_weight=41.465756490826607 32.164995264261961 78.765532542020082 1370.3336731214076 42.193499870598316 123.30940745398402 187.36126091517508 192.39267004281282 460.63821306452155 459.54669843614101 701.22618571668863 8845.6687362026423 99.140664478763938 419.03479549475014 70.308679293841124
leaf_count=390 264 786 11766 280 778 1819 1499 3513 4416 6419 91747 1322 5414 775
internal_value=1.20351e-06 -0.000472491 0.00123351 0.00999156 0.014184 0.000703036 0.00244154 0.00706888 -0.00177662 -0.0041922 -0.000332557 -0.00513002 -0.00667698 0.00227702
internal_weight=13123.6 9484.08 3639.48 197.668 165.503 3441.81 2023.36 653.031 1418.44 888.587 9405.31 559.641 518.175 529.855
internal_count=131188 99659 31529 1322 1058 30207 16778 5012 13429 8238 98873 7126 6736 5191
is_linear=0
shrinkage=0.035


Tree=163
num_leaves=15
num_cat=0
split_feature=21 16 8 15 10 15 3 1 22 24 23 21 11 19
split_gain=6.36249 9.3995 12.1714 11.4862 9.23771 8.85479 9.74535 8.3243 7.88538 21.4712 42.6467 20.5352 19.3281 27.267
threshold=-0.15558469295501706 1.0298653841018679 -0.32641997933387751 23.533616065979007 0.44277469813823706 20.960259437561039 0.30129462480545049 0.039354551583528526 0.2409842982888222 0.02743481379002333 0.21475631743669513 0.05185144022107125 0.30326476693153387 -0.085328932851552949
decision_type=2 2 2 2 2 2 2 2 2 2 2 2 2 2
left_child=1 4 -3 7 -1 -6 -7 -4 9 10 11 -2 13 -11
right_child=8 2 3 -5 5 6 -8 -9 -10 12 -12 -13 -14 -15
leaf_value=-0.017749374653205828 -0.004457219098726619 -0.0064916028808987324 0.0048188594366413984 -0.0084406310216758838 0.007245264296917151 -0.015865968999720828 0.0051496086658596261 0.036346673030362237 -0.00057524981460143178 0.010241785537840905 -0.021930651443776362 0.0057880197900709732 0.0041560622031607255 -0.0031724579690225307
leaf_weight=76.327080590650439 626.34435577318072 65.21117958240211 22.615148087963462 14.324912369251249 55.331113938242197 69.325200974941254 34.995294731110334 16.431461520493031 7685.8710089568049 211.74187578633428 119.84657089039683 374.53463301807642 2617.7236097939312 1131.8052515946329
leaf_count=1366 8091 1087 341 177 842 1105 368 161 84753 1630 1411 2585 18221 9050
internal_value=1.74508e-06 -0.00455745 0.00329986 0.0143999 -0.00847949 -0.0032627 -0.00898232 0.0227919 0.000131821 0.0012002 -0.00305844 -0.000604061 0.00240973 -0.000998337
internal_weight=13122.4 354.561 118.583 53.3715 235.979 159.652 104.32 39.0466 12767.9 5082 1120.73 1000.88 3961.27 1343.55
internal_count=131188 5447 1766 679 3681 2315 1473 502 125741 40988 12087 10676 28901 10680
is_linear=0
shrinkage=0.035


Tree=164
num_leaves=15
num_cat=0
split_feature=15 22 17 22 20 20 22 20 16 0 21 15 7 23
split_gain=6.21336 7.38976 16.3642 15.6895 18.9364 11.0258 25.8364 18.1652 15.8076 11.7967 16.5946 12.2213 5.80324 5.51121
threshold=20.078255653381351 0.39701244235038763 0.015994798392057422 0.40200047194957739 0.0095225144177675265 -0.019841950386762616 0.37860268354415899 -0.074349697679281221 0.84904044866561901 -0.060207501053810113 -0.096735831350088106 22.983864784240726 -0.29031632840633387 0.089377358555793776
decision_type=2 2 10 2 2 2 2 2 2 2 2 2 2 2
left_child=13 5 -3 12 -5 6 7 -2 -8 11 -11 -7 -4 -1
right_child=1 2 3 4 -6 9 8 -9 -10 10 -12 -13 -14 -15
leaf_value=0.0095907760811019156 0.0012156953346577483 -0.021276464405307359 0.0057654457683045078 0.003350696701106019 -0.0033006650023434305 0.0025870689946102901 -0.0059687201683881266 -0.0034413378116542486 0.02067050872229555 -0.0042136370835179774 0.0014660968050457628 0.010897669318995771 -0.014204379298530544 -0.0079831003196431018
leaf_weight=16.260188911110163 1835.2216144483536 41.159582177177072 14.90671190805733 906.9902119692415 1214.7820125091821 1033.1789010521024 31.726788118481636 2305.5420001298189 95.322099547833204 727.57833334803581 4322.6928382664919 268.00670540332794 131.7440906688571 175.57929557561874
leaf_count=254 15377 799 262 12318 15485 9592 386 22227 999 6988 40182 2294 2163 1862
internal_value=1.32258e-06 9.63771e-05 -0.00169355 -0.0012464 -0.000455039 0.000486894 -0.00088768 -0.00137934 0.014068 0.00141047 0.000641124 0.00436887 -0.011936 -0.00609218
internal_weight=13120.7 12928.9 2309.58 2268.42 2121.77 10619.3 4267.81 4140.76 127.049 6351.46 5050.27 1301.19 146.651 191.839
internal_count=131188 129072 31027 30228 27803 98045 38989 37604 1385 59056 47170 11886 2425 2116
is_linear=0
shrinkage=0.035


Tree=165
num_leaves=15
num_cat=0
split_feature=14 18 16 24 20 18 7 24 23 23 20 23 23 24
split_gain=6.087 13.106 9.88181 11.9974 14.013 9.34971 11.6897 12.714 11.8612 9.8599 14.4033 15.2799 11.9047 69.3334
threshold=2.8184012174606328 -0.13144770264625547 1.4653307795524599 0.030391268432140354 -0.0051960488781332961 0.12843308597803119 -0.24494678527116773 0.032262634485960014 0.14419928938150409 0.096428066492080702 0.025745689868927005 0.084020718932151808 0.20072399079799655 0.029240576550364498
decision_type=2 2 2 2 2 2 2 2 2 2 2 2 2 2
left_child=5 -2 -3 4 -4 9 -7 8 -8 10 -1 -12 -11 -14
right_child=1 2 3 -5 -6 6 7 -9 -10 12 11 -13 13 -15
leaf_value=-0.0068184229785060967 0.013737839440701902 -0.010483950427427065 0.011195754203936065 -0.006140246205287722 -0.0023739143764171734 -0.010102703944664861 0.0013144437500121201 -0.0047140748263938192 0.00824745562902412 0.0012670637694720476 0.0055146532665263648 -0.003818581514701146 -0.012442395731694195 0.0008601330939109114
leaf_weight=617.7475501075387 47.044765841215849 190.50425411388278 136.25453170388937 369.41264527477324 249.80171203054488 71.673580784350634 595.19964754581451 188.64462761953473 613.83800943382084 5702.7915578335524 364.03386209532619 495.00433833710849 564.37777356058359 2913.6533041931689
leaf_count=9554 394 1913 1410 4125 2734 792 5960 1858 4961 56544 3177 6517 6833 24416
internal_value=9.29442e-07 -0.0026195 -0.00356818 -0.00171007 0.00257712 0.000217485 0.0028249 0.00355489 0.00487317 -0.000144307 -0.00278855 0.0001545 0.000283605 -0.00132794
internal_weight=13120 993.018 945.973 755.469 386.056 12127 1469.36 1397.68 1209.04 10657.6 1476.79 859.038 9180.82 3478.03
internal_count=131188 10576 10182 8269 4144 120612 13571 12779 10921 107041 19248 9694 87793 31249
is_linear=0
shrinkage=0.035


Tree=166
num_leaves=15
num_cat=0
split_feature=21 16 11 10 15 3 16 0 14 7 16 9 2 3
split_gain=5.86432 8.90081 9.90276 8.89682 8.39227 9.2983 7.44535 7.27078 11.9198 14.8434 13.4288 11.4158 10.1949 9.45608
threshold=-0.15558469295501706 1.0298653841018679 0.36772757768630987 0.44277469813823706 20.960259437561039 0.30129462480545049 1.4163023233413699 -0.060207501053810113 0.3937548696994782 -0.27956295013427729 0.44910728931427008 0.47838644683361059 0.052892548963427551 -0.22149623930454251
decision_type=2 2 2 2 2 2 2 2 2 2 2 2 2 2
left_child=1 3 6 -1 -5 -6 -3 8 9 -2 11 -10 -11 -9
right_child=7 2 -4 4 5 -7 -8 13 10 12 -12 -13 -14 -15
leaf_value=-0.017411116943606784 0.0026316040363697363 0.00092952543311142872 -0.0074167846806230727 0.007062420365406297 -0.015541932533169111 0.0050112178795674884 0.023045873229856448 -0.0021320458163988404 0.00162314715991293 -0.008119083815929273 0.0032689180191107 -0.015277515583338985 0.00083877290755307273 0.00034095589907621359
leaf_weight=75.053374715149403 571.10851828195155 40.452470807358623 52.081410404294729 55.574846506118774 68.311802826821804 35.115152899175882 26.050576128065586 2762.3159151226282 101.41514795646071 433.85517456568778 2606.2840668503195 81.656556665897369 237.00529341585934 5972.217193711549
leaf_count=1366 5624 634 757 842 1105 368 375 31380 971 4854 22863 652 2614 56783
internal_value=2.40197e-07 -0.00438872 0.0032451 -0.00823089 -0.00312374 -0.00873721 0.0114729 0.000124819 0.00135245 -0.00149147 0.00261952 -0.006316 -0.00498856 -0.00044268
internal_weight=13118.5 352.64 118.584 234.055 159.002 103.427 66.503 12765.9 4031.32 1241.97 2789.36 183.072 670.86 8734.53
internal_count=131188 5447 1766 3681 2315 1473 1009 125741 37578 13092 24486 1623 7468 88163
is_linear=0
shrinkage=0.035


Tree=167
num_leaves=15
num_cat=0
split_feature=15 22 22 20 20 21 20 22 20 16 0 21 15 7
split_gain=5.78296 6.83944 13.8051 18.0909 29.4575 11.9999 10.2893 23.6262 16.8917 14.469 10.5533 15.2844 11.1785 5.42628
threshold=20.078255653381351 0.39701244235038763 0.40200047194957739 0.0064580524340271958 0.0040719439275562772 0.073774285614490523 -0.019841950386762616 0.37860268354415899 -0.074349697679281221 0.84904044866561901 -0.060207501053810113 -0.096735831350088106 22.983864784240726 -0.29031632840633387
decision_type=2 2 2 2 2 2 2 2 2 2 2 2 2 2
left_child=-1 6 13 4 -4 -5 7 8 -2 -9 12 -12 -8 -3
right_child=1 2 3 5 -6 -7 10 9 -10 -11 11 -13 -14 -15
leaf_value=-0.0058939746661700087 0.0011640418112820279 0.0054530537218956971 0.00044537195499601853 -0.0072617804157312652 0.019151784203392513 -0.00055987527722780597 0.0024442483183957859 -0.0058635306832761531 -0.0033287783587859828 0.019573408926633187 -0.0040416379188751355 0.0014187130313634674 0.010363374132521905 -0.01380952610877989
leaf_weight=190.84055529534817 1836.2796045038849 15.08724016137421 714.47984091565013 560.06171022728086 110.61807839199901 772.77066556550562 1035.8551268707961 31.608509607613087 2299.2975434698164 97.062138106673956 724.50630189478397 4326.1040409952402 270.34138545021415 132.84012576565146
leaf_count=2116 15377 265 9818 7815 1369 9528 9592 386 22227 999 6988 40182 2294 2232
internal_value=-4.88105e-07 9.10064e-05 -0.00163264 -0.000897262 0.00315258 -0.00340915 0.000466397 -0.000862466 -0.00133588 0.0133525 0.00135777 0.000628991 0.00414954 -0.011624
internal_weight=13117.8 12926.9 2305.86 2157.93 825.098 1332.83 10621.1 4264.25 4135.58 128.671 6356.81 5050.61 1306.2 147.927
internal_count=131188 129072 31027 28530 11187 17343 98045 38989 37604 1385 59056 47170 11886 2497
is_linear=0
shrinkage=0.035


Tree=168
num_leaves=15
num_cat=0
split_feature=6 15 23 9 20 13 2 23 19 0 10 22 20 6
split_gain=5.7405 15.323 14.2777 11.7868 15.6628 13.0261 11.971 15.5979 11.678 12.9497 14.2288 11.9645 18.8193 18.3673
threshold=0.090733207762241377 25.327908515930179 0.27203558385372167 0.6235521435737611 0.03655372932553292 0.52405130863189708 0.50680273771286022 0.14419928938150409 0.020278157666325573 0.04959892854094506 0.4656191766262055 0.36707998812198644 -0.0057319307234138242 -0.11035167425870894
decision_type=2 2 2 2 2 2 2 2 2 2 2 2 2 2
left_child=1 8 3 4 -2 -6 -5 -8 11 10 -10 13 -13 -1
right_child=2 -3 -4 6 5 -7 7 -9 9 -11 -12 12 -14 -15
leaf_value=-0.00027109825302835743 0.00027047865418139427 -0.014992776153519276 0.010954105390936974 -0.0049654372345145584 0.014188019393915481 0.003456427198524765 -0.003308408104446583 0.0068311121823985167 -0.0074170555001770539 0.00081564185571723533 -0.00097304339005204084 0.0056008139364869466 -0.0042216547768140775 0.0040806866108082859
leaf_weight=3370.238136485219 1389.3078272361308 77.984755264595151 164.35180301219225 703.54381875321269 194.2912870682776 461.27326150611043 392.39648085460067 336.01132758706808 818.03626859560609 1040.379368789494 858.35844080336392 288.71045280434191 1197.8516804967076 1823.9897394217551
leaf_count=30873 11891 786 1075 7209 1499 3513 3781 2561 8510 11141 8877 4285 18419 16768
internal_value=-1.85838e-07 -0.000454111 0.00117909 0.000686925 0.00238744 0.00680236 -0.00174119 0.00139808 -0.000317655 -0.00224801 -0.00414289 0.000469518 -0.00228932 0.00126197
internal_weight=13116.7 9475.55 3641.18 3476.82 2044.87 655.565 1431.95 728.408 9397.56 2716.77 1676.39 6680.79 1486.56 5194.23
internal_count=131188 99659 31529 30454 16903 5012 13551 6342 98873 28528 17387 70345 22704 47641
is_linear=0
shrinkage=0.035


Tree=169
num_leaves=15
num_cat=0
split_feature=10 8 2 9 11 8 2 15 10 4 0 8 11 24
split_gain=5.66075 23.3883 29.0919 21.5245 14.8099 36.0959 25.2203 19.5698 16.9763 14.6854 14.2982 10.3431 10.2785 10.0399
threshold=0.92401519417762767 -0.63282975554466236 0.18130384385585788 0.6235521435737611 0.50948160886764537 -0.51200741529464711 0.010940706357359888 21.764852523803714 0.88175842165946972 -0.08059630915522574 -0.12787991762161252 -0.2742782980203628 0.57373544573783886 0.027712903916835788
decision_type=2 2 2 2 2 2 2 2 2 2 2 2 2 2
left_child=4 12 -3 10 -1 7 8 9 -7 -6 -4 -8 -2 -5
right_child=1 2 3 13 5 6 11 -9 -10 -11 -12 -13 -14 -15
leaf_value=-2.7946599062749866e-05 -0.0068893835308232385 -0.012990301009917195 -0.0020909474088189077 0.010078839290802416 0.01476899809546342 0.030924991699728812 -0.0036662144146338178 -0.020044201231979541 -0.003293730198242569 -0.0078513321103153167 0.023613730640267845 0.014671915343835816 0.01540613907605796 -0.0047982952327876617
leaf_weight=11640.792523374781 26.142576165497303 310.93360072374344 40.127093162387609 53.993848890066147 56.311485413461924 101.37871446833014 85.290405249223113 60.495099164545536 18.97824265435338 65.545037001371384 60.29856369830668 53.492068007588387 105.38055628165603 436.01145196519792
leaf_count=116773 312 3445 417 453 442 857 779 584 186 572 587 419 976 4386
internal_value=-1.23913e-07 -0.00247425 -0.00450855 0.000100074 0.000213255 0.00643278 0.0146063 -0.0053381 0.0256905 0.00292913 0.0140837 0.00391306 0.0108008 -0.00299019
internal_weight=13115.2 1032.89 901.365 590.431 12082.3 441.491 259.139 182.352 120.357 121.857 100.426 138.782 131.523 490.005
internal_count=131188 10576 9288 5843 120612 3839 2241 1598 1043 1014 1004 1198 1288 4839
is_linear=0
shrinkage=0.035


Tree=170
num_leaves=15
num_cat=0
split_feature=16 12 24 11 22 7 14 0 8 22 10 16 1 11
split_gain=5.54387 15.3574 11.9507 12.1854 10.9254 14.338 10.6873 10.0109 12.542 14.3745 12.1869 9.49883 18.1254 9.15409
threshold=0.44910728931427008 0.56654202938079845 0.030391268432140354 0.57373544573783886 0.47667750716209417 -0.23736196011304853 0.13899476826190951 -0.054636245593428605 -0.2742782980203628 0.41938711702823644 1.1225485205650332 0.30412729084491735 -0.088777638971805559 0.32802467048168188
decision_type=2 2 2 2 2 2 2 2 2 2 2 2 2 2
left_child=1 2 11 -4 -3 -6 -2 -8 9 -9 -10 13 -13 -1
right_child=6 4 3 -5 5 -7 7 8 10 -11 -12 12 -14 -15
leaf_value=0.0089299137750943787 -0.01369507159199411 -0.005403829964313646 0.0032887197890708007 0.020095168223135205 -0.011545245185285526 0.023318935720388359 0.0018977487181139679 -0.0012804896115753098 0.0011317604766150017 -0.0096087471945432434 -0.0098592087539014859 0.020843538320330968 -0.0054926704093352149 -0.010549840319569025
leaf_weight=28.167231665924191 56.794040756300092 942.60790312476456 210.24891907721758 63.122985323891044 15.628796840086578 27.871513810008764 3521.2702211849391 3066.3830369506031 4531.5793063677847 267.37800468504429 117.10022122040391 43.453656882047653 72.159921709448099 150.6038558781147
leaf_count=417 796 9755 2452 526 268 461 33019 32222 42309 4745 1169 442 821 1786
internal_value=8.90198e-07 -0.00195501 0.00260166 0.00774161 -0.00457832 0.0109762 0.000265248 0.000346005 -0.000340029 -0.00197518 0.000834329 -0.00226893 0.00527718 -0.00717014
internal_weight=13114.4 1553.86 567.757 273.372 986.108 43.5003 11560.5 11503.7 7982.44 3333.76 4648.68 294.385 115.614 178.771
internal_count=131188 16928 6444 2978 10484 729 114260 113464 80445 36967 43478 3466 1263 2203
is_linear=0
shrinkage=0.035


Tree=171
num_leaves=15
num_cat=0
split_feature=17 24 22 15 3 8 10 19 21 24 23 15 3 24
split_gain=5.57561 18.9461 30.3395 21.6249 24.0704 12.8458 11.9578 10.7445 15.1967 10.014 54.3736 35.9332 26.5091 18.5953
threshold=0.025454134680330757 0.030779338441789154 0.36707998812198644 24.013175964355472 0.14830014109611514 -0.10961989313364028 0.39876851439476019 0.27841229736804968 -0.046499745920300477 0.027712903916835788 0.20932535827159884 22.386670112609867 0.30129462480545049 0.027960255742073063
decision_type=10 2 2 2 2 2 2 2 2 2 2 2 2 2
left_child=1 6 3 4 -3 -5 7 8 -1 10 11 -2 -13 -11
right_child=9 2 -4 5 -6 -7 -8 -9 -10 13 -12 12 -14 -15
leaf_value=-0.019202190385328787 0.0070239898482374651 -0.00052201233015958433 -0.011608616259162997 0.038489222938786691 0.022511420141659917 0.0032687844278336598 0.0067805132486861855 0.017335594086350221 -0.0054167145252338924 -0.007277097419416699 -0.014649379349836776 -0.0068137586736762368 0.0098852420576796083 7.3328872808244421e-05
leaf_weight=118.12112730182707 1451.3175198361278 284.83912540227175 126.38833408989012 29.913881834596395 58.922991685569286 21.542601838707924 71.555723756551743 11.465615037828682 481.17962273955345 431.86393252760172 200.78608369082212 487.39841786399484 142.57244748622179 9195.5697919186205
leaf_count=1807 13114 3133 2382 238 366 150 823 51 6531 4749 2394 4569 909 89972
internal_value=9.94561e-07 -0.00225874 0.00273459 0.00749473 0.0039508 0.0266751 -0.0060603 -0.00764968 -0.00840437 0.000231134 0.00231033 0.0040087 -0.0029391 -0.000263603
internal_weight=13113.4 1203.93 521.607 395.219 343.762 51.4565 682.322 610.766 599.301 11909.5 2282.07 2081.29 629.971 9627.43
internal_count=131188 15481 6269 3887 3499 388 9212 8389 8338 115707 20986 18592 5478 94721
is_linear=0
shrinkage=0.035


Tree=172
num_leaves=15
num_cat=0
split_feature=14 18 21 20 1 18 7 24 23 0 23 20 23 10
split_gain=5.53906 11.6789 9.73817 9.41097 9.50991 8.97415 10.838 11.0872 10.2027 9.56809 9.66568 13.2737 11.5495 7.92755
threshold=2.8184012174606328 -0.13144770264625547 -0.065105643123388277 -0.009323015343397854 0.023172851651906971 0.12843308597803119 -0.2527406364679336 0.032262634485960014 0.14419928938150409 0.17920818924903872 0.096428066492080702 0.025745689868927005 0.20072399079799655 0.36975193023681646
decision_type=2 2 2 2 2 2 2 2 2 2 2 2 2 2
left_child=5 -2 -3 4 -4 9 -7 8 -8 10 11 -1 -12 -9
right_child=1 2 3 -5 -6 6 7 13 -10 -11 12 -13 -14 -15
leaf_value=-0.0065604168602682892 0.012827256732199314 -0.010235665606781111 -0.0061358940778434732 -0.0041197225645749147 0.0087472623574840792 -0.010241385052278687 0.0013528382263128232 0.011973673968347165 0.0077664502202829224 -0.011363789117535826 0.001352416600674136 0.00016609238966746893 -0.0012114795471018149 -0.0070506527661522919
leaf_weight=612.95711963064969 47.830732945352793 191.96765830367804 67.703729450702667 521.86229066550732 160.51063394919038 65.198707066476345 597.0707749966532 22.341450624167919 619.60491509735584 82.346386265009642 5640.9239422027022 848.22379735484719 3466.8611064758152 165.92811017483473
leaf_count=9554 394 1841 735 5997 1609 727 5993 218 4986 728 55927 9583 31249 1647
internal_value=1.70957e-06 -0.00250218 -0.00340707 -0.00154775 0.00425969 0.000208079 0.00276173 0.00343328 0.00465572 -0.000146648 -4.85923e-05 -0.00268105 0.000376216 -0.00430304
internal_weight=13111.3 989.875 942.044 750.077 228.214 12121.5 1470.14 1404.95 1216.68 10651.3 10569 1461.18 9107.79 188.27
internal_count=131188 10576 10182 8341 2344 120612 13571 12844 10979 107041 106313 19137 87176 1865
is_linear=0
shrinkage=0.035


Tree=173
num_leaves=15
num_cat=0
split_feature=21 16 8 19 18 22 24 21 24 11 19 10 7 11
split_gain=5.46924 8.36077 11.092 8.5476 8.4112 7.32243 19.0347 32.3226 23.6028 17.6488 19.6464 17.9293 14.4926 12.5417
threshold=-0.15558469295501706 1.0298653841018679 -0.32641997933387751 -0.065384685993194566 -0.082929521799087511 0.2409842982888222 0.02743481379002333 0.05185144022107125 0.027267058379948143 0.31274756789207464 -0.092009112238883958 0.92401519417762767 -0.053423808887600892 0.24863559752702716
decision_type=2 2 2 2 2 2 2 2 2 2 2 2 2 2
left_child=1 3 -3 -1 -5 6 7 8 -2 10 -8 -11 -9 -7
right_child=5 2 -4 4 -6 13 9 12 -10 11 -12 -13 -14 -15
leaf_value=-0.00027569315489948097 -0.0042420453016273384 -0.0062809883339803767 0.013634852404152289 0.0032106111936800637 -0.017748748429559209 0.0012889734576997242 0.0083487148126389164 0.0090794533374247803 -0.021038779521958172 0.0052138798694940126 -0.0025024284459636997 -0.0036078236177421261 -0.0065829513957359415 -0.0016395491744950357
leaf_weight=102.22664416581392 622.54547285288572 64.73970677703619 54.033901706337929 26.06825259141624 103.90765008144081 2828.0821046959609 234.22407079860568 289.54596827924252 114.81898376718163 2170.8773140273988 1244.9892318621278 316.99009171500802 87.429721653461456 4850.1398423016071
leaf_count=1537 8091 1087 679 371 1773 33373 1752 1945 1411 14950 9908 2291 640 51380
internal_value=1.15312e-06 -0.00424738 0.0031346 -0.00799685 -0.013616 0.000121251 0.00115067 -0.00287367 -0.00710406 0.00228548 -0.000739695 0.00407992 0.00537072 -0.000560627
internal_weight=13110.6 350.976 118.774 232.203 129.976 12759.6 5081.42 1114.34 737.364 3967.08 1479.21 2487.87 376.976 7678.22
internal_count=131188 5447 1766 3681 2144 125741 40988 12087 9502 28901 11660 17241 2585 84753
is_linear=0
shrinkage=0.035


Tree=174
num_leaves=15
num_cat=0
split_feature=3 19 7 19 17 2 10 10 21 14 18 15 3 21
split_gain=5.46224 11.4757 10.3571 9.47207 7.90197 7.47288 7.24701 18.6042 25.1194 18.0457 16.6868 14.8379 20.7145 12.7129
threshold=1.9270285964012148 0.18318083137273791 -0.17574811726808545 -0.17911668866872785 0.071654707193374648 1.4303516745567324 0.53824713826179515 0.43507897853851324 -0.096735831350088106 0.47448155283927923 0.12843308597803119 21.231522560119632 0.95325967669487011 -0.012050007469952105
decision_type=2 2 2 2 10 2 2 2 2 2 2 2 2 2
left_child=6 2 3 4 -2 -3 7 8 10 -10 -1 13 -13 -9
right_child=1 5 -4 -5 -6 -7 -8 11 9 -11 -12 12 -14 -15
leaf_value=-0.0096277255247178024 0.0017523934712897009 -0.0097876937715050405 0.02778592453235481 -0.0034184477886993049 0.02801523065176947 0.0047678038140659329 -0.001197279327017663 0.0086982210557782942 -0.0050851446255594131 0.001019103089078037 0.010905081925383534 -3.5398578007410939e-05 0.019399983330665688 0.00090754772893089338
leaf_weight=499.00403471663594 28.377326287329197 68.943393543362617 27.300745066255331 61.82448298856616 20.851578962057829 86.241341825574636 4724.8781248871237 714.93814205378294 685.33280286565423 4031.5802759099752 45.306541630998254 1653.4738362114877 60.020956989377737 401.09062737599015
leaf_count=5768 231 481 172 427 153 614 46708 5910 8336 42525 451 14841 408 4163
internal_value=2.63414e-07 0.00464079 0.0116106 0.00566724 0.0157282 -0.00189978 -0.000109562 0.000526343 -0.000704677 0.000123319 -0.00775275 0.00280972 0.000754003 0.00593125
internal_weight=13109.2 293.539 138.354 111.053 49.2289 155.185 12815.6 8090.75 5261.22 4716.91 544.311 2829.52 1713.49 1116.03
internal_count=131188 2078 983 811 384 1095 129110 82402 57080 50861 6219 25322 15249 10073
is_linear=0
shrinkage=0.035


Tree=175
num_leaves=15
num_cat=0
split_feature=8 6 10 8 5 11 0 10 15 10 11 6 24 7
split_gain=5.62618 24.1167 16.4715 21.9442 14.014 11.3311 18.0108 11.1055 14.9978 10.9944 18.1 20.3948 22.1527 17.269
threshold=-0.49808794260025019 -0.264771819114685 0.49864971637725836 -0.72851803898811329 0.13556884974241259 0.39514738321304327 -0.21052397042512891 1.1225485205650332 21.764852523803714 1.1225485205650332 0.37398529052734381 -0.16597682982683179 0.027960255742073063 -0.23736196011304853
decision_type=2 2 2 2 2 2 2 2 2 2 2 2 2 2
left_child=1 2 3 -1 5 -3 -7 8 -4 10 -2 13 -13 -12
right_child=9 4 7 -5 -6 6 -8 -9 -10 -11 11 12 -14 -15
leaf_value=-0.015142848963069921 -0.00026629843233319593 -0.0039228846027080785 0.0005775335647088555 0.0089549730437050914 0.0094334829700932939 0.0039739468744801557 -0.016539140201499752 0.011393315982802058 -0.010429027286463825 -0.0062444691746172988 0.0057992503433035537 -0.0058320886125915686 0.0035274823357098928 0.023001220069717235
leaf_weight=42.563612932339311 8333.3679098188877 519.21127211675048 450.80087288841605 435.25911036506295 58.500637788325548 61.654323481023312 246.25712166726589 61.677081298083067 217.80439133942127 294.11082060821354 268.97913793474436 371.23003926686943 1653.2502308730036 93.087887393310666
leaf_count=416 85076 6006 3875 3725 734 619 2718 572 2136 3044 2416 3703 15289 859
internal_value=2.04698e-06 -0.00165661 0.00155841 0.00654197 -0.00601074 -0.00720272 -0.0124359 -0.00174665 -0.0031088 0.000318568 0.000504283 0.00318489 0.00179098 0.0107212
internal_weight=13107.8 2093.73 1208.11 477.823 885.623 827.123 307.911 730.282 668.605 11014 10719.9 2386.55 2024.48 362.067
internal_count=131188 20801 10724 4141 10077 9343 3337 6583 6011 110387 107343 22267 18992 3275
is_linear=0
shrinkage=0.035


Tree=176
num_leaves=15
num_cat=0
split_feature=6 15 15 5 23 11 15 11 14 15 8 18 5 24
split_gain=5.4249 14.298 15.3322 14.5226 16.2713 14.3079 13.0293 9.8199 9.33943 11.5137 12.8343 8.80442 13.6765 7.33179
threshold=0.16605263948440555 20.415326118469242 25.327908515930179 -0.013556214515119789 0.27203558385372167 0.73006007075309765 25.327908515930179 0.27568194270133978 0.19513657689094546 21.699171066284183 -0.67106613516807545 0.14323460310697558 0.075762107968330397 0.02906045783311129
decision_type=2 2 2 2 2 2 2 2 2 2 2 2 2 2
left_child=6 11 3 5 -5 -3 8 -8 9 10 -1 12 -2 -4
right_child=1 2 13 4 -6 -7 7 -9 -10 -11 -12 -13 -14 -15
leaf_value=0.018954342407539713 0.00040215231003967885 0.010295951819808592 0.022539235674451312 -0.0014781497066020809 0.012966274247899322 -0.015158407475945374 -0.0015873882579351907 -0.023213673231857374 3.4914673589752144e-05 -0.011788350742944244 -0.0029696709674821432 -0.0017352494257472774 0.03407632405425938 0.0056879832931039896
leaf_weight=25.575262326747179 23.344884514808655 244.05054565519094 41.096575144678354 1973.4925886522979 90.400696609169245 21.40506212413311 53.002661066129804 43.052599150687456 9850.7517444267869 172.63605591282248 400.94344139844179 25.225154686719179 31.41193188354373 110.79329267516732
leaf_count=249 191 1902 289 16647 506 205 564 398 101493 2283 5182 186 229 864
internal_value=1.94064e-06 0.00144358 0.000942629 0.000217824 -0.000785998 0.00776765 -0.000349216 -0.0125553 -0.000225122 -0.00443079 -0.00125095 0.0151525 0.0219989 0.011358
internal_weight=13107.2 2561.22 2481.24 2329.35 2063.89 265.456 10546 96.0553 10449.9 599.155 426.519 79.982 54.7568 151.89
internal_count=131188 21019 20413 19260 17153 2107 110169 962 109207 7714 5431 606 420 1153
is_linear=0
shrinkage=0.035


Tree=177
num_leaves=15
num_cat=0
split_feature=15 22 22 20 24 10 20 22 20 16 0 21 15 23
split_gain=5.44074 5.59022 12.8675 16.6674 27.9871 12.615 9.20925 21.4673 14.9674 13.2347 9.34171 13.7677 10.4447 5.36682
threshold=20.078255653381351 0.39701244235038763 0.40200047194957739 0.0095225144177675265 0.028159140609204773 0.32223080098629003 -0.019841950386762616 0.37860268354415899 -0.074349697679281221 0.84904044866561901 -0.060207501053810113 -0.096735831350088106 22.983864784240726 0.089377358555793776
decision_type=2 2 2 2 2 2 2 2 2 2 2 2 2 2
left_child=13 6 -3 4 -4 -5 7 8 -2 -9 12 -12 -8 -1
right_child=1 2 3 5 -6 -7 10 9 -10 -11 11 -13 -14 -15
leaf_value=0.0097178403310816779 0.001066586425767165 -0.011192758951559483 0.018398410895529481 -0.010646374453109092 0.00041536235866504424 -0.001675063143145739 0.0022464993096685971 -0.0057741236902271896 -0.003165727818687584 0.018500884399229662 -0.0038607084440050407 0.0013330818872121022 0.0098756978137066655 -0.0076176437100699441
leaf_weight=16.183069607242942 1837.7501293327659 145.57486040517688 112.03245420008898 229.43865456432104 811.53440345078707 997.22645786590874 1039.0887541230768 31.502419270575047 2289.4732164293528 98.807585284113884 720.58827694691718 4330.8828516565263 272.24436201527715 173.67411140538752
leaf_count=254 15377 2497 1369 3747 11234 12180 9592 386 22227 999 6988 40182 2294 1862
internal_value=2.97802e-06 9.15803e-05 -0.00147072 -0.000763753 0.00277049 -0.0034256 0.00043037 -0.000828423 -0.00128316 0.0126391 0.00127264 0.000586028 0.00389314 -0.0057277
internal_weight=13106 12916.1 2295.81 2150.23 923.567 1226.67 10620.3 4257.53 4127.22 130.31 6362.8 5051.47 1311.33 189.857
internal_count=131188 129072 31027 28530 12603 15927 98045 38989 37604 1385 59056 47170 11886 2116
is_linear=0
shrinkage=0.035


Tree=178
num_leaves=15
num_cat=0
split_feature=8 6 5 11 4 6 11 21 15 17 21 15 20 20
split_gain=5.25349 22.4404 13.1525 10.7229 17.2117 9.60373 8.76339 18.6465 16.0823 15.7724 20.7422 15.7163 14.6201 13.3224
threshold=-0.49808794260025019 -0.264771819114685 0.13556884974241259 0.39514738321304327 -0.050094304606318467 -0.15689180791378018 0.34459368884563452 0.03740320727229119 21.285234451293949 0.053243666887283332 -0.015407797880470751 23.677119255065922 0.020045550540089611 -0.030873122625052925
decision_type=2 2 2 2 2 2 2 2 2 10 2 2 2 2
left_child=1 -1 3 5 -5 -3 7 11 9 10 -8 -2 -13 -9
right_child=6 2 -4 4 -6 -7 8 13 -10 -11 -12 12 -14 -15
leaf_value=0.0014932293059472369 -0.0024622789885883575 -0.00074108508244574603 0.0090902292316842256 -0.0033296668991296937 -0.01997976618431652 -0.011151240786918343 0.013206631562838293 -0.0081199851362571233 0.00034272302968465086 -0.00011017217106638278 -0.0018559828659188852 8.6531104713257029e-05 0.012972701222768897 0.0024193015580039282
leaf_weight=1209.4454348646104 4105.6552171539515 373.58524653315544 58.943243227899075 150.86581830866635 153.87117897346616 143.95416312664747 415.98827981203794 145.71955750137568 2658.36869712919 354.51377915218472 148.87684173695743 347.24670276790857 146.53576475940645 2691.4617321044207
leaf_count=10724 43150 4092 734 1626 1711 1914 3539 1660 24877 3253 1870 3309 1288 27441
internal_value=3.13441e-06 -0.001601 -0.00581683 -0.0069818 -0.0121045 -0.00379317 0.000308795 -0.000376154 0.00172959 0.00569288 0.00927348 -0.00175125 0.00409225 0.00185138
internal_weight=13105 2090.67 881.22 822.276 304.737 517.539 11014.4 7436.62 3577.75 919.379 564.865 4599.44 493.782 2837.18
internal_count=131188 20801 10077 9343 3337 6006 110387 76848 33539 8662 5409 47747 4597 29101
is_linear=0
shrinkage=0.035


Tree=179
num_leaves=15
num_cat=0
split_feature=21 16 8 15 10 15 13 23 21 23 23 24 11 23
split_gain=5.1598 7.90626 10.2468 10.7046 8.14465 7.75572 7.5535 6.4342 15.6312 11.5755 33.2239 15.1544 10.5737 23.1909
threshold=-0.15558469295501706 1.0298653841018679 -0.32641997933387751 23.533616065979007 0.44277469813823706 20.960259437561039 0.45395268499851232 0.24611242860555652 -0.11719527095556258 0.21475631743669513 0.2161265313625336 0.027896618470549587 0.30326476693153387 0.26067323982715612
decision_type=2 2 2 2 2 2 2 2 2 2 2 2 2 2
left_child=1 4 -3 -4 -1 -6 -7 8 -2 11 -11 -10 13 -9
right_child=7 2 3 -5 5 6 -8 12 9 10 -12 -13 -14 -15
leaf_value=-0.016745559416249063 -0.0093225416431435247 -0.0060786510600690721 0.021068086397819062 -0.0087140338077929553 0.0067965097777715599 -0.0010948404891287383 -0.019961814928794959 0.0055734416174034315 0.0028285633077394152 -0.020600128939873674 -0.0012474693606909406 -0.00040973430244157111 0.0039310453012990701 -0.0076985968061439878
leaf_weight=72.610826879739761 215.5519834831357 64.292843045666814 40.125462241470814 14.475998926907776 55.917371172457933 69.344855902716517 32.822853088378906 288.37399964779615 2328.320119433105 112.4744557403028 978.81666719913483 7279.464552199468 1210.1045771576464 341.71416482329369
leaf_count=1366 2513 1087 502 177 842 1002 471 2393 21426 1411 7696 78714 8537 3051
internal_value=2.57596e-06 -0.00413216 0.00303475 0.0130456 -0.00779842 -0.00293711 -0.00839539 0.000119051 -0.000204298 -1.20613e-05 -0.003411 0.00037715 0.00202765 -0.00163217
internal_weight=13104.4 349.59 118.894 54.6015 230.696 158.085 102.168 12754.8 10914.6 10699.1 1091.29 9607.78 1840.19 630.088
internal_count=131188 5447 1766 679 3681 2315 1473 125741 111760 109247 9107 100140 13981 5444
is_linear=0
shrinkage=0.035


end of trees

feature_importances:
market_ret60=259
dispersion20=223
breadth200=190
vol60=178
log_turnover=171
momentum252_20=165
drawdown252=165
ma200=143
market_vol20=143
downside60=128
volume_shock=108
market_ret20=104
range20=101
turnover_shock=90
relative60=64
ret120=48
ma60=42
ret20=41
drawdown60=29
vol_expansion=29
relative20=28
ret60=23
vol20=23
ma20=19
rsi14=6

parameters:
[boosting: gbdt]
[objective: binary]
[metric: binary_logloss]
[tree_learner: serial]
[device_type: cpu]
[data_sample_strategy: bagging]
[data: ]
[valid: ]
[num_iterations: 180]
[learning_rate: 0.035]
[num_leaves: 15]
[num_threads: 1]
[seed: 804]
[deterministic: 1]
[force_col_wise: 1]
[force_row_wise: 0]
[histogram_pool_size: -1]
[max_depth: 5]
[min_data_in_leaf: 150]
[min_sum_hessian_in_leaf: 0.001]
[bagging_fraction: 1]
[pos_bagging_fraction: 1]
[neg_bagging_fraction: 1]
[bagging_freq: 0]
[bagging_seed: 31454]
[bagging_by_query: 0]
[feature_fraction: 0.85]
[feature_fraction_bynode: 1]
[feature_fraction_seed: 16221]
[extra_trees: 0]
[extra_seed: 23160]
[early_stopping_round: 0]
[early_stopping_min_delta: 0]
[first_metric_only: 0]
[max_delta_step: 0]
[lambda_l1: 0]
[lambda_l2: 10]
[linear_lambda: 0]
[min_gain_to_split: 0]
[drop_rate: 0.1]
[max_drop: 50]
[skip_drop: 0.5]
[xgboost_dart_mode: 0]
[uniform_drop: 0]
[drop_seed: 31648]
[top_rate: 0.2]
[other_rate: 0.1]
[min_data_per_group: 100]
[max_cat_threshold: 32]
[cat_l2: 10]
[cat_smooth: 10]
[max_cat_to_onehot: 4]
[top_k: 20]
[monotone_constraints: ]
[monotone_constraints_method: basic]
[monotone_penalty: 0]
[feature_contri: ]
[forcedsplits_filename: ]
[refit_decay_rate: 0.9]
[cegb_tradeoff: 1]
[cegb_penalty_split: 0]
[cegb_penalty_feature_lazy: ]
[cegb_penalty_feature_coupled: ]
[path_smooth: 0]
[interaction_constraints: ]
[verbosity: -1]
[saved_feature_importance_type: 0]
[use_quantized_grad: 0]
[num_grad_quant_bins: 4]
[quant_train_renew_leaf: 0]
[stochastic_rounding: 1]
[linear_tree: 0]
[max_bin: 63]
[max_bin_by_feature: ]
[min_data_in_bin: 3]
[bin_construct_sample_cnt: 200000]
[data_random_seed: 2664]
[is_enable_sparse: 1]
[enable_bundle: 1]
[use_missing: 1]
[zero_as_missing: 0]
[feature_pre_filter: 1]
[pre_partition: 0]
[two_round: 0]
[header: 0]
[label_column: ]
[weight_column: ]
[group_column: ]
[ignore_column: ]
[categorical_feature: ]
[forcedbins_filename: ]
[precise_float_parser: 0]
[parser_config_file: ]
[objective_seed: 11469]
[num_class: 1]
[is_unbalance: 0]
[scale_pos_weight: 1]
[sigmoid: 1]
[boost_from_average: 1]
[reg_sqrt: 0]
[alpha: 0.9]
[fair_c: 1]
[poisson_max_delta_step: 0.7]
[tweedie_variance_power: 1.5]
[lambdarank_truncation_level: 30]
[lambdarank_norm: 1]
[label_gain: ]
[lambdarank_position_bias_regularization: 0]
[eval_at: ]
[multi_error_top_k: 1]
[auc_mu_weights: ]
[num_machines: 1]
[local_listen_port: 12400]
[time_out: 120]
[machine_list_filename: ]
[machines: ]
[gpu_platform_id: -1]
[gpu_device_id: -1]
[gpu_device_id_list: ]
[gpu_use_dp: 0]
[num_gpu: 1]

end of parameters

pandas_categorical:[]
